t, ñ	wz	
0,0	0	
0,005	0	
0,01	0	
0,015	0	
0,02	0	
0,025	0	
0,03	0	
0,035	0	
0,04	0	
0,045	0	
0,05	0	
0,055	0	
0,06	0	
0,065	0	
0,07	0	
0,075	0	
0,08	0	
0,085	-0,01	
0,09	0	
0,095	0	
0,1	0	
0,105	-0,01	
0,11	-0,01	
0,115	-0,01	
0,12	0	
0,125	0	
0,13	0	
0,135	0	
0,14	0	
0,145	0	
0,15	0	
0,155	0	
0,16	0	
0,165	0	
0,17	0	
0,175	0	
0,18	0	
0,185	-0,01	
0,19	0	
0,195	-0,01	
0,2	0	
0,205	0	
0,21	0	
0,215	0	
0,22	0	
0,225	0	
0,23	0	
0,235	0	
0,24	0	
0,245	0	
0,25	0	
0,255	0	
0,26	0	
0,265	-0,01	
0,27	-0,01	
0,275	-0,01	
0,28	-0,01	
0,285	0	
0,29	-0,01	
0,295	0	
0,3	-0,01	
0,305	0	
0,31	0	
0,315	0	
0,32	0	
0,325	0	
0,33	0	
0,335	0	
0,34	0	
0,345	0	
0,35	0	
0,355	0	
0,36	0	
0,365	0	
0,37	0	
0,375	0	
0,38	0	
0,385	0	
0,39	0	
0,395	0	
0,4	0	
0,405	0	
0,41	0	
0,415	0	
0,42	0	
0,425	0	
0,43	0	
0,435	0	
0,44	0	
0,445	0	
0,45	0	
0,455	0	
0,46	0	
0,465	0	
0,47	0	
0,475	0	
0,48	0	
0,485	0	
0,49	0	
0,495	0	
0,5	0	
0,505	0	
0,51	0	
0,515	0,01	
0,52	0,01	
0,525	0,01	
0,53	0	
0,535	0	
0,54	0	
0,545	0	
0,55	0	
0,555	0	
0,56	0	
0,565	0	
0,57	0	
0,575	0	
0,58	0,01	
0,585	0	
0,59	0	
0,595	0	
0,6	0	
0,605	0	
0,61	0	
0,615	0	
0,62	0	
0,625	0	
0,63	0,01	
0,635	0	
0,64	0	
0,645	0	
0,65	0	
0,655	0	
0,66	0	
0,665	0	
0,67	0	
0,675	0	
0,68	0	
0,685	0	
0,69	0	
0,695	0	
0,7	0	
0,705	0	
0,71	0	
0,715	0	
0,72	0	
0,725	0	
0,73	0	
0,735	0	
0,74	0	
0,745	0	
0,75	0	
0,755	0	
0,76	0	
0,765	0	
0,77	0	
0,775	0	
0,78	0	
0,785	0	
0,79	0	
0,795	0	
0,8	0,01	
0,805	0,02	
0,81	0,02	
0,815	0,03	
0,82	0,06	
0,825	0,07	
0,83	0,05	
0,835	0,01	
0,84	-0,07	
0,845	-0,16	
0,85	-0,27	
0,855	-0,3	
0,86	-0,27	
0,865	-0,24	
0,87	-0,2	
0,875	-0,16	
0,88	-0,18	
0,885	-0,24	
0,89	-0,3	
0,895	-0,38	
0,9	-0,44	
0,905	-0,48	
0,91	-0,48	
0,915	-0,46	
0,92	-0,42	
0,925	-0,4	
0,93	-0,4	
0,935	-0,44	
0,94	-0,49	
0,945	-0,55	
0,95	-0,59	
0,955	-0,62	
0,96	-0,63	
0,965	-0,63	
0,97	-0,62	
0,975	-0,6	
0,98	-0,59	
0,985	-0,59	
0,99	-0,6	
0,995	-0,63	
1,0	-0,66	
1,005	-0,71	
1,01	-0,75	
1,015	-0,77	
1,02	-0,76	
1,025	-0,74	
1,03	-0,71	
1,035	-0,68	
1,04	-0,67	
1,045	-0,69	
1,05	-0,73	
1,055	-0,78	
1,06	-0,82	
1,065	-0,85	
1,07	-0,85	
1,075	-0,82	
1,08	-0,77	
1,085	-0,72	
1,09	-0,69	
1,095	-0,7	
1,1	-0,74	
1,105	-0,8	
1,11	-0,85	
1,115	-0,86	
1,12	-0,84	
1,125	-0,79	
1,13	-0,73	
1,135	-0,68	
1,14	-0,65	
1,145	-0,66	
1,15	-0,71	
1,155	-0,75	
1,16	-0,79	
1,165	-0,8	
1,17	-0,77	
1,175	-0,69	
1,18	-0,63	
1,185	-0,59	
1,19	-0,58	
1,195	-0,6	
1,2	-0,64	
1,205	-0,67	
1,21	-0,67	
1,215	-0,64	
1,22	-0,59	
1,225	-0,53	
1,23	-0,48	
1,235	-0,46	
1,24	-0,47	
1,245	-0,49	
1,25	-0,52	
1,255	-0,52	
1,26	-0,48	
1,265	-0,42	
1,27	-0,36	
1,275	-0,32	
1,28	-0,3	
1,285	-0,32	
1,29	-0,34	
1,295	-0,36	
1,3	-0,36	
1,305	-0,33	
1,31	-0,26	
1,315	-0,18	
1,32	-0,12	
1,325	-0,09	
1,33	-0,09	
1,335	-0,15	
1,34	-0,19	
1,345	-0,19	
1,35	-0,15	
1,355	-0,08	
1,36	0,01	
1,365	0,09	
1,37	0,14	
1,375	0,14	
1,38	0,1	
1,385	0,05	
1,39	0,01	
1,395	0,01	
1,4	0,05	
1,405	0,14	
1,41	0,24	
1,415	0,32	
1,42	0,37	
1,425	0,35	
1,43	0,3	
1,435	0,24	
1,44	0,21	
1,445	0,23	
1,45	0,3	
1,455	0,39	
1,46	0,49	
1,465	0,55	
1,47	0,58	
1,475	0,55	
1,48	0,49	
1,485	0,44	
1,49	0,42	
1,495	0,43	
1,5	0,53	
1,505	0,61	
1,51	0,69	
1,515	0,72	
1,52	0,72	
1,525	0,69	
1,53	0,64	
1,535	0,6	
1,54	0,6	
1,545	0,63	
1,55	0,69	
1,555	0,76	
1,56	0,81	
1,565	0,84	
1,57	0,83	
1,575	0,81	
1,58	0,75	
1,585	0,74	
1,59	0,75	
1,595	0,79	
1,6	0,83	
1,605	0,87	
1,61	0,89	
1,615	0,9	
1,62	0,87	
1,625	0,84	
1,63	0,82	
1,635	0,82	
1,64	0,83	
1,645	0,86	
1,65	0,89	
1,655	0,91	
1,66	0,91	
1,665	0,88	
1,67	0,85	
1,675	0,83	
1,68	0,83	
1,685	0,84	
1,69	0,87	
1,695	0,89	
1,7	0,9	
1,705	0,89	
1,71	0,86	
1,715	0,82	
1,72	0,79	
1,725	0,78	
1,73	0,77	
1,735	0,79	
1,74	0,82	
1,745	0,83	
1,75	0,82	
1,755	0,79	
1,76	0,75	
1,765	0,71	
1,77	0,68	
1,775	0,67	
1,78	0,67	
1,785	0,69	
1,79	0,7	
1,795	0,7	
1,8	0,69	
1,805	0,67	
1,81	0,62	
1,815	0,58	
1,82	0,53	
1,825	0,52	
1,83	0,51	
1,835	0,52	
1,84	0,52	
1,845	0,52	
1,85	0,5	
1,855	0,47	
1,86	0,44	
1,865	0,4	
1,87	0,37	
1,875	0,34	
1,88	0,32	
1,885	0,31	
1,89	0,31	
1,895	0,3	
1,9	0,29	
1,905	0,26	
1,91	0,23	
1,915	0,19	
1,92	0,15	
1,925	0,12	
1,93	0,09	
1,935	0,07	
1,94	0,07	
1,945	0,06	
1,95	0,06	
1,955	0,05	
1,96	0,02	
1,965	-0,02	
1,97	-0,06	
1,975	-0,1	
1,98	-0,14	
1,985	-0,16	
1,99	-0,16	
1,995	-0,16	
2,0	-0,16	
2,005	-0,18	
2,01	-0,21	
2,015	-0,25	
2,02	-0,29	
2,025	-0,33	
2,03	-0,36	
2,035	-0,37	
2,04	-0,38	
2,045	-0,38	
2,05	-0,38	
2,055	-0,38	
2,06	-0,4	
2,065	-0,46	
2,07	-0,5	
2,075	-0,53	
2,08	-0,54	
2,085	-0,55	
2,09	-0,55	
2,095	-0,54	
2,1	-0,54	
2,105	-0,56	
2,11	-0,59	
2,115	-0,62	
2,12	-0,65	
2,125	-0,68	
2,13	-0,69	
2,135	-0,68	
2,14	-0,67	
2,145	-0,67	
2,15	-0,68	
2,155	-0,7	
2,16	-0,73	
2,165	-0,75	
2,17	-0,77	
2,175	-0,77	
2,18	-0,76	
2,185	-0,75	
2,19	-0,73	
2,195	-0,73	
2,2	-0,74	
2,205	-0,77	
2,21	-0,8	
2,215	-0,82	
2,22	-0,83	
2,225	-0,81	
2,23	-0,78	
2,235	-0,76	
2,24	-0,75	
2,245	-0,76	
2,25	-0,77	
2,255	-0,8	
2,26	-0,82	
2,265	-0,83	
2,27	-0,81	
2,275	-0,78	
2,28	-0,75	
2,285	-0,72	
2,29	-0,71	
2,295	-0,71	
2,3	-0,74	
2,305	-0,78	
2,31	-0,78	
2,315	-0,77	
2,32	-0,73	
2,325	-0,68	
2,33	-0,64	
2,335	-0,61	
2,34	-0,61	
2,345	-0,63	
2,35	-0,65	
2,355	-0,67	
2,36	-0,67	
2,365	-0,64	
2,37	-0,6	
2,375	-0,54	
2,38	-0,5	
2,385	-0,47	
2,39	-0,47	
2,395	-0,49	
2,4	-0,51	
2,405	-0,51	
2,41	-0,49	
2,415	-0,45	
2,42	-0,4	
2,425	-0,35	
2,43	-0,31	
2,435	-0,3	
2,44	-0,3	
2,445	-0,32	
2,45	-0,33	
2,455	-0,32	
2,46	-0,3	
2,465	-0,25	
2,47	-0,17	
2,475	-0,13	
2,48	-0,11	
2,485	-0,1	
2,49	-0,1	
2,495	-0,11	
2,5	-0,11	
2,505	-0,09	
2,51	-0,05	
2,515	-0,01	
2,52	0,04	
2,525	0,07	
2,53	0,1	
2,535	0,1	
2,54	0,1	
2,545	0,11	
2,55	0,13	
2,555	0,16	
2,56	0,2	
2,565	0,24	
2,57	0,28	
2,575	0,3	
2,58	0,31	
2,585	0,32	
2,59	0,32	
2,595	0,33	
2,6	0,35	
2,605	0,38	
2,61	0,41	
2,615	0,44	
2,62	0,47	
2,625	0,49	
2,63	0,5	
2,635	0,51	
2,64	0,51	
2,645	0,53	
2,65	0,55	
2,655	0,58	
2,66	0,6	
2,665	0,63	
2,67	0,65	
2,675	0,66	
2,68	0,66	
2,685	0,66	
2,69	0,67	
2,695	0,68	
2,7	0,7	
2,705	0,72	
2,71	0,76	
2,715	0,77	
2,72	0,78	
2,725	0,78	
2,73	0,78	
2,735	0,78	
2,74	0,78	
2,745	0,79	
2,75	0,8	
2,755	0,82	
2,76	0,84	
2,765	0,85	
2,77	0,86	
2,775	0,86	
2,78	0,85	
2,785	0,85	
2,79	0,85	
2,795	0,84	
2,8	0,85	
2,805	0,86	
2,81	0,86	
2,815	0,87	
2,82	0,88	
2,825	0,87	
2,83	0,86	
2,835	0,85	
2,84	0,84	
2,845	0,83	
2,85	0,83	
2,855	0,83	
2,86	0,83	
2,865	0,83	
2,87	0,83	
2,875	0,82	
2,88	0,81	
2,885	0,79	
2,89	0,77	
2,895	0,75	
2,9	0,75	
2,905	0,74	
2,91	0,74	
2,915	0,73	
2,92	0,73	
2,925	0,72	
2,93	0,7	
2,935	0,67	
2,94	0,65	
2,945	0,62	
2,95	0,61	
2,955	0,6	
2,96	0,59	
2,965	0,59	
2,97	0,58	
2,975	0,55	
2,98	0,53	
2,985	0,5	
2,99	0,47	
2,995	0,45	
3,0	0,43	
3,005	0,43	
3,01	0,42	
3,015	0,41	
3,02	0,39	
3,025	0,36	
3,03	0,32	
3,035	0,27	
3,04	0,25	
3,045	0,23	
3,05	0,23	
3,055	0,22	
3,06	0,21	
3,065	0,18	
3,07	0,15	
3,075	0,11	
3,08	0,07	
3,085	0,04	
3,09	0,03	
3,095	0,03	
3,1	0,03	
3,105	0,02	
3,11	0,01	
3,115	-0,05	
3,12	-0,1	
3,125	-0,15	
3,13	-0,18	
3,135	-0,2	
3,14	-0,21	
3,145	-0,2	
3,15	-0,19	
3,155	-0,2	
3,16	-0,22	
3,165	-0,26	
3,17	-0,31	
3,175	-0,36	
3,18	-0,4	
3,185	-0,42	
3,19	-0,41	
3,195	-0,39	
3,2	-0,38	
3,205	-0,4	
3,21	-0,43	
3,215	-0,48	
3,22	-0,53	
3,225	-0,57	
3,23	-0,59	
3,235	-0,59	
3,24	-0,58	
3,245	-0,57	
3,25	-0,55	
3,255	-0,56	
3,26	-0,59	
3,265	-0,64	
3,27	-0,68	
3,275	-0,72	
3,28	-0,74	
3,285	-0,73	
3,29	-0,71	
3,295	-0,69	
3,3	-0,68	
3,305	-0,7	
3,31	-0,73	
3,315	-0,77	
3,32	-0,8	
3,325	-0,82	
3,33	-0,82	
3,335	-0,81	
3,34	-0,79	
3,345	-0,77	
3,35	-0,77	
3,355	-0,78	
3,36	-0,81	
3,365	-0,84	
3,37	-0,85	
3,375	-0,85	
3,38	-0,83	
3,385	-0,81	
3,39	-0,8	
3,395	-0,79	
3,4	-0,79	
3,405	-0,8	
3,41	-0,82	
3,415	-0,83	
3,42	-0,83	
3,425	-0,82	
3,43	-0,8	
3,435	-0,78	
3,44	-0,76	
3,445	-0,75	
3,45	-0,76	
3,455	-0,77	
3,46	-0,77	
3,465	-0,77	
3,47	-0,76	
3,475	-0,73	
3,48	-0,7	
3,485	-0,68	
3,49	-0,66	
3,495	-0,65	
3,5	-0,65	
3,505	-0,66	
3,51	-0,65	
3,515	-0,64	
3,52	-0,61	
3,525	-0,58	
3,53	-0,55	
3,535	-0,53	
3,54	-0,52	
3,545	-0,51	
3,55	-0,51	
3,555	-0,5	
3,56	-0,49	
3,565	-0,47	
3,57	-0,44	
3,575	-0,4	
3,58	-0,37	
3,585	-0,34	
3,59	-0,32	
3,595	-0,31	
3,6	-0,3	
3,605	-0,3	
3,61	-0,28	
3,615	-0,25	
3,62	-0,23	
3,625	-0,19	
3,63	-0,16	
3,635	-0,13	
3,64	-0,11	
3,645	-0,1	
3,65	-0,09	
3,655	-0,07	
3,66	-0,06	
3,665	-0,04	
3,67	-0,01	
3,675	0,03	
3,68	0,08	
3,685	0,11	
3,69	0,13	
3,695	0,14	
3,7	0,15	
3,705	0,16	
3,71	0,18	
3,715	0,2	
3,72	0,24	
3,725	0,27	
3,73	0,3	
3,735	0,33	
3,74	0,35	
3,745	0,36	
3,75	0,37	
3,755	0,38	
3,76	0,39	
3,765	0,42	
3,77	0,45	
3,775	0,48	
3,78	0,51	
3,785	0,54	
3,79	0,56	
3,795	0,56	
3,8	0,57	
3,805	0,57	
3,81	0,58	
3,815	0,6	
3,82	0,62	
3,825	0,65	
3,83	0,68	
3,835	0,7	
3,84	0,71	
3,845	0,72	
3,85	0,72	
3,855	0,72	
3,86	0,73	
3,865	0,74	
3,87	0,76	
3,875	0,79	
3,88	0,81	
3,885	0,82	
3,89	0,82	
3,895	0,82	
3,9	0,82	
3,905	0,81	
3,91	0,82	
3,915	0,83	
3,92	0,85	
3,925	0,87	
3,93	0,88	
3,935	0,89	
3,94	0,88	
3,945	0,87	
3,95	0,86	
3,955	0,85	
3,96	0,85	
3,965	0,86	
3,97	0,88	
3,975	0,89	
3,98	0,89	
3,985	0,89	
3,99	0,87	
3,995	0,84	
4,0	0,83	
4,005	0,82	
4,01	0,83	
4,015	0,84	
4,02	0,85	
4,025	0,85	
4,03	0,84	
4,035	0,82	
4,04	0,79	
4,045	0,76	
4,05	0,74	
4,055	0,74	
4,06	0,74	
4,065	0,75	
4,07	0,75	
4,075	0,74	
4,08	0,72	
4,085	0,68	
4,09	0,64	
4,095	0,61	
4,1	0,6	
4,105	0,6	
4,11	0,6	
4,115	0,61	
4,12	0,6	
4,125	0,58	
4,13	0,55	
4,135	0,5	
4,14	0,47	
4,145	0,44	
4,15	0,42	
4,155	0,42	
4,16	0,42	
4,165	0,42	
4,17	0,4	
4,175	0,37	
4,18	0,33	
4,185	0,29	
4,19	0,25	
4,195	0,23	
4,2	0,22	
4,205	0,22	
4,21	0,21	
4,215	0,2	
4,22	0,17	
4,225	0,14	
4,23	0,1	
4,235	0,06	
4,24	0,02	
4,245	0,01	
4,25	0,01	
4,255	0	
4,26	-0,01	
4,265	-0,03	
4,27	-0,07	
4,275	-0,12	
4,28	-0,16	
4,285	-0,2	
4,29	-0,22	
4,295	-0,23	
4,3	-0,23	
4,305	-0,22	
4,31	-0,23	
4,315	-0,25	
4,32	-0,29	
4,325	-0,34	
4,33	-0,39	
4,335	-0,42	
4,34	-0,43	
4,345	-0,43	
4,35	-0,43	
4,355	-0,43	
4,36	-0,45	
4,365	-0,48	
4,37	-0,51	
4,375	-0,55	
4,38	-0,58	
4,385	-0,6	
4,39	-0,6	
4,395	-0,6	
4,4	-0,6	
4,405	-0,61	
4,41	-0,63	
4,415	-0,66	
4,42	-0,69	
4,425	-0,72	
4,43	-0,74	
4,435	-0,74	
4,44	-0,74	
4,445	-0,73	
4,45	-0,73	
4,455	-0,74	
4,46	-0,75	
4,465	-0,78	
4,47	-0,8	
4,475	-0,82	
4,48	-0,83	
4,485	-0,83	
4,49	-0,82	
4,495	-0,82	
4,5	-0,81	
4,505	-0,82	
4,51	-0,83	
4,515	-0,84	
4,52	-0,86	
4,525	-0,86	
4,53	-0,86	
4,535	-0,86	
4,54	-0,84	
4,545	-0,84	
4,55	-0,84	
4,555	-0,83	
4,56	-0,84	
4,565	-0,84	
4,57	-0,84	
4,575	-0,84	
4,58	-0,83	
4,585	-0,82	
4,59	-0,81	
4,595	-0,8	
4,6	-0,79	
4,605	-0,78	
4,61	-0,78	
4,615	-0,78	
4,62	-0,77	
4,625	-0,76	
4,63	-0,74	
4,635	-0,73	
4,64	-0,71	
4,645	-0,7	
4,65	-0,68	
4,655	-0,68	
4,66	-0,67	
4,665	-0,66	
4,67	-0,65	
4,675	-0,63	
4,68	-0,61	
4,685	-0,58	
4,69	-0,56	
4,695	-0,54	
4,7	-0,52	
4,705	-0,51	
4,71	-0,5	
4,715	-0,49	
4,72	-0,47	
4,725	-0,45	
4,73	-0,43	
4,735	-0,39	
4,74	-0,36	
4,745	-0,33	
4,75	-0,31	
4,755	-0,3	
4,76	-0,28	
4,765	-0,28	
4,77	-0,26	
4,775	-0,24	
4,78	-0,22	
4,785	-0,18	
4,79	-0,15	
4,795	-0,12	
4,8	-0,1	
4,805	-0,08	
4,81	-0,07	
4,815	-0,05	
4,82	-0,03	
4,825	0	
4,83	0,03	
4,835	0,07	
4,84	0,1	
4,845	0,13	
4,85	0,15	
4,855	0,16	
4,86	0,17	
4,865	0,18	
4,87	0,2	
4,875	0,23	
4,88	0,26	
4,885	0,29	
4,89	0,33	
4,895	0,36	
4,9	0,37	
4,905	0,38	
4,91	0,38	
4,915	0,4	
4,92	0,42	
4,925	0,45	
4,93	0,48	
4,935	0,51	
4,94	0,53	
4,945	0,55	
4,95	0,56	
4,955	0,57	
4,96	0,58	
4,965	0,59	
4,97	0,6	
4,975	0,64	
4,98	0,66	
4,985	0,69	
4,99	0,7	
4,995	0,72	
5,0	0,72	
5,005	0,72	
5,01	0,73	
5,015	0,74	
5,02	0,76	
5,025	0,77	
5,03	0,79	
5,035	0,81	
5,04	0,82	
5,045	0,82	
5,05	0,82	
5,055	0,82	
5,06	0,82	
5,065	0,83	
5,07	0,85	
5,075	0,86	
5,08	0,87	
5,085	0,88	
5,09	0,88	
5,095	0,87	
5,1	0,87	
5,105	0,86	
5,11	0,87	
5,115	0,87	
5,12	0,88	
5,125	0,89	
5,13	0,9	
5,135	0,89	
5,14	0,87	
5,145	0,86	
5,15	0,85	
5,155	0,84	
5,16	0,84	
5,165	0,85	
5,17	0,85	
5,175	0,85	
5,18	0,84	
5,185	0,82	
5,19	0,8	
5,195	0,79	
5,2	0,77	
5,205	0,76	
5,21	0,76	
5,215	0,76	
5,22	0,75	
5,225	0,74	
5,23	0,72	
5,235	0,7	
5,24	0,67	
5,245	0,66	
5,25	0,65	
5,255	0,64	
5,26	0,63	
5,265	0,62	
5,27	0,6	
5,275	0,58	
5,28	0,56	
5,285	0,53	
5,29	0,5	
5,295	0,48	
5,3	0,47	
5,305	0,46	
5,31	0,44	
5,315	0,42	
5,32	0,4	
5,325	0,37	
5,33	0,34	
5,335	0,31	
5,34	0,29	
5,345	0,28	
5,35	0,26	
5,355	0,25	
5,36	0,23	
5,365	0,21	
5,37	0,18	
5,375	0,14	
5,38	0,1	
5,385	0,07	
5,39	0,06	
5,395	0,04	
5,4	0,03	
5,405	0,02	
5,41	0	
5,415	-0,03	
5,42	-0,06	
5,425	-0,09	
5,43	-0,12	
5,435	-0,15	
5,44	-0,17	
5,445	-0,19	
5,45	-0,21	
5,455	-0,22	
5,46	-0,25	
5,465	-0,27	
5,47	-0,3	
5,475	-0,33	
5,48	-0,36	
5,485	-0,38	
5,49	-0,4	
5,495	-0,41	
5,5	-0,43	
5,505	-0,44	
5,51	-0,46	
5,515	-0,47	
5,52	-0,5	
5,525	-0,52	
5,53	-0,54	
5,535	-0,56	
5,54	-0,59	
5,545	-0,61	
5,55	-0,62	
5,555	-0,63	
5,56	-0,65	
5,565	-0,66	
5,57	-0,67	
5,575	-0,69	
5,58	-0,7	
5,585	-0,72	
5,59	-0,74	
5,595	-0,75	
5,6	-0,75	
5,605	-0,76	
5,61	-0,77	
5,615	-0,77	
5,62	-0,78	
5,625	-0,8	
5,63	-0,81	
5,635	-0,83	
5,64	-0,83	
5,645	-0,84	
5,65	-0,84	
5,655	-0,84	
5,66	-0,83	
5,665	-0,83	
5,67	-0,83	
5,675	-0,84	
5,68	-0,85	
5,685	-0,86	
5,69	-0,87	
5,695	-0,88	
5,7	-0,87	
5,705	-0,85	
5,71	-0,84	
5,715	-0,84	
5,72	-0,84	
5,725	-0,84	
5,73	-0,85	
5,735	-0,86	
5,74	-0,85	
5,745	-0,84	
5,75	-0,82	
5,755	-0,8	
5,76	-0,78	
5,765	-0,77	
5,77	-0,77	
5,775	-0,78	
5,78	-0,78	
5,785	-0,77	
5,79	-0,75	
5,795	-0,73	
5,8	-0,7	
5,805	-0,67	
5,81	-0,66	
5,815	-0,65	
5,82	-0,66	
5,825	-0,66	
5,83	-0,65	
5,835	-0,64	
5,84	-0,62	
5,845	-0,58	
5,85	-0,55	
5,855	-0,52	
5,86	-0,5	
5,865	-0,49	
5,87	-0,49	
5,875	-0,48	
5,88	-0,47	
5,885	-0,45	
5,89	-0,41	
5,895	-0,38	
5,9	-0,34	
5,905	-0,32	
5,91	-0,3	
5,915	-0,3	
5,92	-0,29	
5,925	-0,29	
5,93	-0,26	
5,935	-0,23	
5,94	-0,2	
5,945	-0,14	
5,95	-0,11	
5,955	-0,09	
5,96	-0,09	
5,965	-0,08	
5,97	-0,07	
5,975	-0,05	
5,98	-0,02	
5,985	0,01	
5,99	0,05	
5,995	0,09	
6,0	0,11	
6,005	0,13	
6,01	0,14	
6,015	0,14	
6,02	0,15	
6,025	0,19	
6,03	0,22	
6,035	0,26	
6,04	0,3	
6,045	0,32	
6,05	0,34	
6,055	0,35	
6,06	0,36	
6,065	0,36	
6,07	0,38	
6,075	0,4	
6,08	0,44	
6,085	0,47	
6,09	0,5	
6,095	0,53	
6,1	0,54	
6,105	0,55	
6,11	0,55	
6,115	0,56	
6,12	0,58	
6,125	0,61	
6,13	0,63	
6,135	0,66	
6,14	0,68	
6,145	0,7	
6,15	0,7	
6,155	0,71	
6,16	0,7	
6,165	0,71	
6,17	0,72	
6,175	0,74	
6,18	0,76	
6,185	0,79	
6,19	0,81	
6,195	0,81	
6,2	0,81	
6,205	0,8	
6,21	0,8	
6,215	0,81	
6,22	0,82	
6,225	0,84	
6,23	0,86	
6,235	0,87	
6,24	0,87	
6,245	0,87	
6,25	0,86	
6,255	0,86	
6,26	0,85	
6,265	0,85	
6,27	0,87	
6,275	0,87	
6,28	0,88	
6,285	0,88	
6,29	0,87	
6,295	0,87	
6,3	0,85	
6,305	0,85	
6,31	0,84	
6,315	0,84	
6,32	0,84	
6,325	0,84	
6,33	0,84	
6,335	0,83	
6,34	0,82	
6,345	0,81	
6,35	0,78	
6,355	0,77	
6,36	0,76	
6,365	0,75	
6,37	0,75	
6,375	0,74	
6,38	0,73	
6,385	0,72	
6,39	0,7	
6,395	0,68	
6,4	0,67	
6,405	0,65	
6,41	0,64	
6,415	0,62	
6,42	0,61	
6,425	0,6	
6,43	0,57	
6,435	0,55	
6,44	0,53	
6,445	0,51	
6,45	0,49	
6,455	0,47	
6,46	0,45	
6,465	0,43	
6,47	0,41	
6,475	0,4	
6,48	0,38	
6,485	0,36	
6,49	0,34	
6,495	0,32	
6,5	0,29	
6,505	0,26	
6,51	0,23	
6,515	0,21	
6,52	0,18	
6,525	0,17	
6,53	0,14	
6,535	0,12	
6,54	0,1	
6,545	0,08	
6,55	0,05	
6,555	0,03	
6,56	0,01	
6,565	-0,01	
6,57	-0,03	
6,575	-0,06	
6,58	-0,07	
6,585	-0,1	
6,59	-0,14	
6,595	-0,17	
6,6	-0,19	
6,605	-0,21	
6,61	-0,23	
6,615	-0,24	
6,62	-0,26	
6,625	-0,27	
6,63	-0,3	
6,635	-0,33	
6,64	-0,36	
6,645	-0,39	
6,65	-0,42	
6,655	-0,43	
6,66	-0,44	
6,665	-0,45	
6,67	-0,45	
6,675	-0,48	
6,68	-0,5	
6,685	-0,53	
6,69	-0,56	
6,695	-0,59	
6,7	-0,61	
6,705	-0,62	
6,71	-0,63	
6,715	-0,63	
6,72	-0,63	
6,725	-0,63	
6,73	-0,65	
6,735	-0,68	
6,74	-0,7	
6,745	-0,73	
6,75	-0,74	
6,755	-0,75	
6,76	-0,76	
6,765	-0,75	
6,77	-0,76	
6,775	-0,77	
6,78	-0,78	
6,785	-0,8	
6,79	-0,82	
6,795	-0,83	
6,8	-0,84	
6,805	-0,84	
6,81	-0,83	
6,815	-0,81	
6,82	-0,81	
6,825	-0,81	
6,83	-0,83	
6,835	-0,85	
6,84	-0,87	
6,845	-0,87	
6,85	-0,86	
6,855	-0,85	
6,86	-0,83	
6,865	-0,83	
6,87	-0,82	
6,875	-0,82	
6,88	-0,83	
6,885	-0,84	
6,89	-0,84	
6,895	-0,84	
6,9	-0,83	
6,905	-0,81	
6,91	-0,79	
6,915	-0,77	
6,92	-0,77	
6,925	-0,77	
6,93	-0,77	
6,935	-0,78	
6,94	-0,77	
6,945	-0,75	
6,95	-0,73	
6,955	-0,7	
6,96	-0,68	
6,965	-0,66	
6,97	-0,66	
6,975	-0,66	
6,98	-0,65	
6,985	-0,65	
6,99	-0,63	
6,995	-0,6	
7,0	-0,57	
7,005	-0,55	
7,01	-0,53	
7,015	-0,51	
7,02	-0,5	
7,025	-0,5	
7,03	-0,48	
7,035	-0,47	
7,04	-0,44	
7,045	-0,42	
7,05	-0,38	
7,055	-0,36	
7,06	-0,33	
7,065	-0,32	
7,07	-0,31	
7,075	-0,29	
7,08	-0,27	
7,085	-0,24	
7,09	-0,22	
7,095	-0,19	
7,1	-0,16	
7,105	-0,13	
7,11	-0,11	
7,115	-0,1	
7,12	-0,09	
7,125	-0,07	
7,13	-0,05	
7,135	-0,02	
7,14	0,01	
7,145	0,03	
7,15	0,06	
7,155	0,08	
7,16	0,11	
7,165	0,13	
7,17	0,15	
7,175	0,17	
7,18	0,19	
7,185	0,22	
7,19	0,25	
7,195	0,27	
7,2	0,29	
7,205	0,31	
7,21	0,33	
7,215	0,34	
7,22	0,36	
7,225	0,37	
7,23	0,39	
7,235	0,42	
7,24	0,46	
7,245	0,48	
7,25	0,5	
7,255	0,52	
7,26	0,52	
7,265	0,53	
7,27	0,55	
7,275	0,56	
7,28	0,58	
7,285	0,6	
7,29	0,62	
7,295	0,64	
7,3	0,66	
7,305	0,67	
7,31	0,68	
7,315	0,69	
7,32	0,7	
7,325	0,72	
7,33	0,73	
7,335	0,74	
7,34	0,76	
7,345	0,77	
7,35	0,78	
7,355	0,79	
7,36	0,79	
7,365	0,8	
7,37	0,8	
7,375	0,81	
7,38	0,81	
7,385	0,82	
7,39	0,84	
7,395	0,84	
7,4	0,85	
7,405	0,85	
7,41	0,84	
7,415	0,84	
7,42	0,84	
7,425	0,84	
7,43	0,84	
7,435	0,84	
7,44	0,85	
7,445	0,85	
7,45	0,85	
7,455	0,84	
7,46	0,84	
7,465	0,83	
7,47	0,81	
7,475	0,81	
7,48	0,8	
7,485	0,8	
7,49	0,8	
7,495	0,79	
7,5	0,79	
7,505	0,77	
7,51	0,76	
7,515	0,74	
7,52	0,72	
7,525	0,71	
7,53	0,7	
7,535	0,7	
7,54	0,7	
7,545	0,69	
7,55	0,68	
7,555	0,66	
7,56	0,62	
7,565	0,6	
7,57	0,58	
7,575	0,57	
7,58	0,56	
7,585	0,55	
7,59	0,54	
7,595	0,53	
7,6	0,51	
7,605	0,48	
7,61	0,45	
7,615	0,42	
7,62	0,4	
7,625	0,39	
7,63	0,37	
7,635	0,36	
7,64	0,35	
7,645	0,32	
7,65	0,3	
7,655	0,27	
7,66	0,24	
7,665	0,22	
7,67	0,2	
7,675	0,18	
7,68	0,16	
7,685	0,14	
7,69	0,12	
7,695	0,1	
7,7	0,08	
7,705	0,05	
7,71	0,03	
7,715	0	
7,72	-0,02	
7,725	-0,04	
7,73	-0,06	
7,735	-0,08	
7,74	-0,11	
7,745	-0,14	
7,75	-0,16	
7,755	-0,19	
7,76	-0,21	
7,765	-0,23	
7,77	-0,24	
7,775	-0,25	
7,78	-0,27	
7,785	-0,29	
7,79	-0,32	
7,795	-0,35	
7,8	-0,38	
7,805	-0,41	
7,81	-0,42	
7,815	-0,43	
7,82	-0,45	
7,825	-0,46	
7,83	-0,48	
7,835	-0,5	
7,84	-0,52	
7,845	-0,55	
7,85	-0,57	
7,855	-0,58	
7,86	-0,59	
7,865	-0,6	
7,87	-0,61	
7,875	-0,61	
7,88	-0,63	
7,885	-0,65	
7,89	-0,68	
7,895	-0,7	
7,9	-0,71	
7,905	-0,72	
7,91	-0,73	
7,915	-0,73	
7,92	-0,73	
7,925	-0,73	
7,93	-0,75	
7,935	-0,76	
7,94	-0,77	
7,945	-0,79	
7,95	-0,8	
7,955	-0,8	
7,96	-0,8	
7,965	-0,8	
7,97	-0,8	
7,975	-0,8	
7,98	-0,8	
7,985	-0,81	
7,99	-0,82	
7,995	-0,83	
8,0	-0,84	
8,005	-0,83	
8,01	-0,82	
8,015	-0,82	
8,02	-0,81	
8,025	-0,8	
8,03	-0,8	
8,035	-0,81	
8,04	-0,81	
8,045	-0,81	
8,05	-0,81	
8,055	-0,79	
8,06	-0,78	
8,065	-0,76	
8,07	-0,75	
8,075	-0,74	
8,08	-0,74	
8,085	-0,74	
8,09	-0,74	
8,095	-0,73	
8,1	-0,72	
8,105	-0,7	
8,11	-0,69	
8,115	-0,67	
8,12	-0,65	
8,125	-0,64	
8,13	-0,63	
8,135	-0,62	
8,14	-0,6	
8,145	-0,59	
8,15	-0,57	
8,155	-0,55	
8,16	-0,53	
8,165	-0,51	
8,17	-0,5	
8,175	-0,48	
8,18	-0,46	
8,185	-0,45	
8,19	-0,44	
8,195	-0,41	
8,2	-0,39	
8,205	-0,37	
8,21	-0,33	
8,215	-0,31	
8,22	-0,3	
8,225	-0,28	
8,23	-0,27	
8,235	-0,25	
8,24	-0,23	
8,245	-0,2	
8,25	-0,18	
8,255	-0,15	
8,26	-0,13	
8,265	-0,11	
8,27	-0,09	
8,275	-0,07	
8,28	-0,05	
8,285	-0,03	
8,29	0	
8,295	0,02	
8,3	0,05	
8,305	0,07	
8,31	0,1	
8,315	0,12	
8,32	0,14	
8,325	0,16	
8,33	0,18	
8,335	0,19	
8,34	0,21	
8,345	0,24	
8,35	0,26	
8,355	0,29	
8,36	0,31	
8,365	0,33	
8,37	0,36	
8,375	0,37	
8,38	0,39	
8,385	0,4	
8,39	0,42	
8,395	0,44	
8,4	0,47	
8,405	0,49	
8,41	0,51	
8,415	0,53	
8,42	0,54	
8,425	0,55	
8,43	0,56	
8,435	0,57	
8,44	0,59	
8,445	0,6	
8,45	0,64	
8,455	0,65	
8,46	0,67	
8,465	0,68	
8,47	0,69	
8,475	0,69	
8,48	0,7	
8,485	0,71	
8,49	0,72	
8,495	0,73	
8,5	0,74	
8,505	0,76	
8,51	0,77	
8,515	0,77	
8,52	0,77	
8,525	0,78	
8,53	0,78	
8,535	0,78	
8,54	0,79	
8,545	0,8	
8,55	0,81	
8,555	0,82	
8,56	0,82	
8,565	0,82	
8,57	0,81	
8,575	0,81	
8,58	0,81	
8,585	0,81	
8,59	0,81	
8,595	0,81	
8,6	0,81	
8,605	0,81	
8,61	0,81	
8,615	0,79	
8,62	0,78	
8,625	0,78	
8,63	0,77	
8,635	0,77	
8,64	0,76	
8,645	0,76	
8,65	0,76	
8,655	0,75	
8,66	0,74	
8,665	0,73	
8,67	0,71	
8,675	0,7	
8,68	0,69	
8,685	0,68	
8,69	0,67	
8,695	0,66	
8,7	0,65	
8,705	0,63	
8,71	0,61	
8,715	0,59	
8,72	0,57	
8,725	0,55	
8,73	0,53	
8,735	0,53	
8,74	0,51	
8,745	0,5	
8,75	0,49	
8,755	0,47	
8,76	0,45	
8,765	0,42	
8,77	0,4	
8,775	0,37	
8,78	0,36	
8,785	0,34	
8,79	0,33	
8,795	0,32	
8,8	0,29	
8,805	0,27	
8,81	0,24	
8,815	0,21	
8,82	0,19	
8,825	0,17	
8,83	0,15	
8,835	0,13	
8,84	0,11	
8,845	0,1	
8,85	0,07	
8,855	0,04	
8,86	0,02	
8,865	0	
8,87	-0,02	
8,875	-0,04	
8,88	-0,06	
8,885	-0,08	
8,89	-0,1	
8,895	-0,13	
8,9	-0,15	
8,905	-0,18	
8,91	-0,2	
8,915	-0,22	
8,92	-0,24	
8,925	-0,26	
8,93	-0,27	
8,935	-0,31	
8,94	-0,33	
8,945	-0,35	
8,95	-0,37	
8,955	-0,39	
8,96	-0,41	
8,965	-0,43	
8,97	-0,44	
8,975	-0,45	
8,98	-0,47	
8,985	-0,49	
8,99	-0,5	
8,995	-0,52	
9,0	-0,54	
9,005	-0,56	
9,01	-0,57	
9,015	-0,58	
9,02	-0,6	
9,025	-0,61	
9,03	-0,63	
9,035	-0,64	
9,04	-0,66	
9,045	-0,67	
9,05	-0,68	
9,055	-0,7	
9,06	-0,71	
9,065	-0,72	
9,07	-0,72	
9,075	-0,73	
9,08	-0,73	
9,085	-0,74	
9,09	-0,75	
9,095	-0,76	
9,1	-0,78	
9,105	-0,79	
9,11	-0,79	
9,115	-0,79	
9,12	-0,79	
9,125	-0,79	
9,13	-0,79	
9,135	-0,79	
9,14	-0,8	
9,145	-0,8	
9,15	-0,8	
9,155	-0,81	
9,16	-0,8	
9,165	-0,8	
9,17	-0,79	
9,175	-0,79	
9,18	-0,78	
9,185	-0,78	
9,19	-0,78	
9,195	-0,78	
9,2	-0,78	
9,205	-0,77	
9,21	-0,76	
9,215	-0,75	
9,22	-0,74	
9,225	-0,73	
9,23	-0,72	
9,235	-0,72	
9,24	-0,71	
9,245	-0,7	
9,25	-0,69	
9,255	-0,68	
9,26	-0,66	
9,265	-0,64	
9,27	-0,63	
9,275	-0,62	
9,28	-0,61	
9,285	-0,6	
9,29	-0,59	
9,295	-0,57	
9,3	-0,56	
9,305	-0,54	
9,31	-0,52	
9,315	-0,5	
9,32	-0,48	
9,325	-0,46	
9,33	-0,45	
9,335	-0,43	
9,34	-0,41	
9,345	-0,39	
9,35	-0,37	
9,355	-0,35	
9,36	-0,33	
9,365	-0,31	
9,37	-0,28	
9,375	-0,27	
9,38	-0,25	
9,385	-0,23	
9,39	-0,21	
9,395	-0,19	
9,4	-0,17	
9,405	-0,15	
9,41	-0,12	
9,415	-0,1	
9,42	-0,11	
9,425	-0,05	
9,43	-0,03	
9,435	-0,01	
9,44	0,01	
9,445	0,03	
9,45	0,05	
9,455	0,08	
9,46	0,1	
9,465	0,12	
9,47	0,15	
9,475	0,17	
9,48	0,18	
9,485	0,2	
9,49	0,22	
9,495	0,24	
9,5	0,26	
9,505	0,3	
9,51	0,32	
9,515	0,33	
9,52	0,35	
9,525	0,37	
9,53	0,39	
9,535	0,4	
9,54	0,42	
9,545	0,44	
9,55	0,46	
9,555	0,48	
9,56	0,5	
9,565	0,51	
9,57	0,53	
9,575	0,54	
9,58	0,55	
9,585	0,58	
9,59	0,59	
9,595	0,61	
9,6	0,62	
9,605	0,64	
9,61	0,65	
9,615	0,66	
9,62	0,67	
9,625	0,68	
9,63	0,69	
9,635	0,7	
9,64	0,72	
9,645	0,73	
9,65	0,73	
9,655	0,74	
9,66	0,75	
9,665	0,76	
9,67	0,76	
9,675	0,77	
9,68	0,77	
9,685	0,78	
9,69	0,79	
9,695	0,79	
9,7	0,8	
9,705	0,8	
9,71	0,8	
9,715	0,79	
9,72	0,8	
9,725	0,8	
9,73	0,8	
9,735	0,8	
9,74	0,8	
9,745	0,79	
9,75	0,79	
9,755	0,78	
9,76	0,78	
9,765	0,77	
9,77	0,77	
9,775	0,76	
9,78	0,76	
9,785	0,75	
9,79	0,75	
9,795	0,74	
9,8	0,73	
9,805	0,72	
9,81	0,71	
9,815	0,7	
9,82	0,69	
9,825	0,68	
9,83	0,67	
9,835	0,66	
9,84	0,65	
9,845	0,63	
9,85	0,62	
9,855	0,6	
9,86	0,58	
9,865	0,57	
9,87	0,56	
9,875	0,54	
9,88	0,53	
9,885	0,51	
9,89	0,5	
9,895	0,48	
9,9	0,46	
9,905	0,43	
9,91	0,42	
9,915	0,4	
9,92	0,38	
9,925	0,36	
9,93	0,34	
9,935	0,32	
9,94	0,31	
9,945	0,28	
9,95	0,26	
9,955	0,24	
9,96	0,22	
9,965	0,2	
9,97	0,18	
9,975	0,17	
9,98	0,15	
9,985	0,13	
9,99	0,09	
9,995	0,07	
10,0	0,04	
10,005	0,02	
10,01	-0,01	
10,015	-0,02	
10,02	-0,04	
10,025	-0,05	
10,03	-0,07	
10,035	-0,09	
10,04	-0,12	
10,045	-0,15	
10,05	-0,17	
10,055	-0,2	
10,06	-0,21	
10,065	-0,23	
10,07	-0,25	
10,075	-0,27	
10,08	-0,29	
10,085	-0,31	
10,09	-0,33	
10,095	-0,36	
10,1	-0,38	
10,105	-0,4	
10,11	-0,41	
10,115	-0,43	
10,12	-0,44	
10,125	-0,45	
10,13	-0,47	
10,135	-0,49	
10,14	-0,51	
10,145	-0,53	
10,15	-0,56	
10,155	-0,57	
10,16	-0,59	
10,165	-0,6	
10,17	-0,61	
10,175	-0,62	
10,18	-0,63	
10,185	-0,65	
10,19	-0,66	
10,195	-0,68	
10,2	-0,69	
10,205	-0,7	
10,21	-0,71	
10,215	-0,71	
10,22	-0,72	
10,225	-0,73	
10,23	-0,74	
10,235	-0,75	
10,24	-0,76	
10,245	-0,77	
10,25	-0,78	
10,255	-0,78	
10,26	-0,78	
10,265	-0,78	
10,27	-0,78	
10,275	-0,78	
10,28	-0,78	
10,285	-0,79	
10,29	-0,8	
10,295	-0,8	
10,3	-0,81	
10,305	-0,8	
10,31	-0,8	
10,315	-0,79	
10,32	-0,78	
10,325	-0,78	
10,33	-0,78	
10,335	-0,78	
10,34	-0,78	
10,345	-0,77	
10,35	-0,77	
10,355	-0,76	
10,36	-0,75	
10,365	-0,74	
10,37	-0,73	
10,375	-0,72	
10,38	-0,72	
10,385	-0,71	
10,39	-0,7	
10,395	-0,69	
10,4	-0,67	
10,405	-0,66	
10,41	-0,64	
10,415	-0,63	
10,42	-0,61	
10,425	-0,6	
10,43	-0,59	
10,435	-0,59	
10,44	-0,57	
10,445	-0,56	
10,45	-0,55	
10,455	-0,52	
10,46	-0,5	
10,465	-0,48	
10,47	-0,46	
10,475	-0,44	
10,48	-0,43	
10,485	-0,42	
10,49	-0,4	
10,495	-0,38	
10,5	-0,36	
10,505	-0,33	
10,51	-0,31	
10,515	-0,29	
10,52	-0,27	
10,525	-0,25	
10,53	-0,24	
10,535	-0,23	
10,54	-0,21	
10,545	-0,19	
10,55	-0,16	
10,555	-0,12	
10,56	-0,1	
10,565	-0,08	
10,57	-0,06	
10,575	-0,04	
10,58	-0,02	
10,585	0	
10,59	0,02	
10,595	0,04	
10,6	0,07	
10,605	0,1	
10,61	0,12	
10,615	0,14	
10,62	0,16	
10,625	0,18	
10,63	0,19	
10,635	0,22	
10,64	0,24	
10,645	0,26	
10,65	0,29	
10,655	0,31	
10,66	0,33	
10,665	0,35	
10,67	0,36	
10,675	0,38	
10,68	0,4	
10,685	0,41	
10,69	0,43	
10,695	0,45	
10,7	0,47	
10,705	0,49	
10,71	0,51	
10,715	0,53	
10,72	0,54	
10,725	0,55	
10,73	0,57	
10,735	0,59	
10,74	0,6	
10,745	0,62	
10,75	0,64	
10,755	0,66	
10,76	0,67	
10,765	0,67	
10,77	0,68	
10,775	0,69	
10,78	0,69	
10,785	0,7	
10,79	0,72	
10,795	0,74	
10,8	0,75	
10,805	0,76	
10,81	0,76	
10,815	0,77	
10,82	0,77	
10,825	0,77	
10,83	0,78	
10,835	0,79	
10,84	0,79	
10,845	0,8	
10,85	0,81	
10,855	0,81	
10,86	0,8	
10,865	0,8	
10,87	0,8	
10,875	0,79	
10,88	0,79	
10,885	0,8	
10,89	0,8	
10,895	0,8	
10,9	0,8	
10,905	0,79	
10,91	0,79	
10,915	0,78	
10,92	0,77	
10,925	0,76	
10,93	0,76	
10,935	0,75	
10,94	0,75	
10,945	0,74	
10,95	0,74	
10,955	0,73	
10,96	0,71	
10,965	0,7	
10,97	0,68	
10,975	0,67	
10,98	0,66	
10,985	0,65	
10,99	0,64	
10,995	0,63	
11,0	0,62	
11,005	0,6	
11,01	0,58	
11,015	0,57	
11,02	0,55	
11,025	0,54	
11,03	0,52	
11,035	0,51	
11,04	0,48	
11,045	0,47	
11,05	0,45	
11,055	0,43	
11,06	0,4	
11,065	0,39	
11,07	0,37	
11,075	0,35	
11,08	0,34	
11,085	0,32	
11,09	0,3	
11,095	0,28	
11,1	0,26	
11,105	0,24	
11,11	0,22	
11,115	0,19	
11,12	0,16	
11,125	0,15	
11,13	0,13	
11,135	0,11	
11,14	0,08	
11,145	0,06	
11,15	0,03	
11,155	0,01	
11,16	-0,02	
11,165	-0,04	
11,17	-0,05	
11,175	-0,06	
11,18	-0,08	
11,185	-0,1	
11,19	-0,12	
11,195	-0,15	
11,2	-0,19	
11,205	-0,22	
11,21	-0,24	
11,215	-0,26	
11,22	-0,27	
11,225	-0,28	
11,23	-0,3	
11,235	-0,31	
11,24	-0,34	
11,245	-0,37	
11,25	-0,39	
11,255	-0,42	
11,26	-0,44	
11,265	-0,45	
11,27	-0,46	
11,275	-0,47	
11,28	-0,49	
11,285	-0,51	
11,29	-0,53	
11,295	-0,55	
11,3	-0,58	
11,305	-0,59	
11,31	-0,61	
11,315	-0,62	
11,32	-0,62	
11,325	-0,63	
11,33	-0,63	
11,335	-0,65	
11,34	-0,67	
11,345	-0,69	
11,35	-0,71	
11,355	-0,72	
11,36	-0,73	
11,365	-0,73	
11,37	-0,73	
11,375	-0,74	
11,38	-0,75	
11,385	-0,76	
11,39	-0,77	
11,395	-0,79	
11,4	-0,8	
11,405	-0,8	
11,41	-0,8	
11,415	-0,79	
11,42	-0,79	
11,425	-0,79	
11,43	-0,8	
11,435	-0,81	
11,44	-0,82	
11,445	-0,83	
11,45	-0,83	
11,455	-0,82	
11,46	-0,8	
11,465	-0,79	
11,47	-0,78	
11,475	-0,78	
11,48	-0,79	
11,485	-0,8	
11,49	-0,8	
11,495	-0,81	
11,5	-0,8	
11,505	-0,78	
11,51	-0,76	
11,515	-0,75	
11,52	-0,73	
11,525	-0,72	
11,53	-0,72	
11,535	-0,72	
11,54	-0,72	
11,545	-0,72	
11,55	-0,7	
11,555	-0,68	
11,56	-0,66	
11,565	-0,63	
11,57	-0,61	
11,575	-0,61	
11,58	-0,6	
11,585	-0,6	
11,59	-0,59	
11,595	-0,58	
11,6	-0,56	
11,605	-0,52	
11,61	-0,49	
11,615	-0,47	
11,62	-0,45	
11,625	-0,44	
11,63	-0,44	
11,635	-0,43	
11,64	-0,42	
11,645	-0,4	
11,65	-0,37	
11,655	-0,34	
11,66	-0,31	
11,665	-0,28	
11,67	-0,26	
11,675	-0,25	
11,68	-0,24	
11,685	-0,22	
11,69	-0,2	
11,695	-0,17	
11,7	-0,15	
11,705	-0,11	
11,71	-0,08	
11,715	-0,06	
11,72	-0,05	
11,725	-0,03	
11,73	-0,02	
11,735	-0,01	
11,74	0,01	
11,745	0,04	
11,75	0,07	
11,755	0,1	
11,76	0,12	
11,765	0,16	
11,77	0,17	
11,775	0,19	
11,78	0,2	
11,785	0,21	
11,79	0,24	
11,795	0,26	
11,8	0,29	
11,805	0,32	
11,81	0,34	
11,815	0,36	
11,82	0,37	
11,825	0,38	
11,83	0,4	
11,835	0,41	
11,84	0,43	
11,845	0,47	
11,85	0,5	
11,855	0,52	
11,86	0,54	
11,865	0,55	
11,87	0,56	
11,875	0,57	
11,88	0,58	
11,885	0,59	
11,89	0,61	
11,895	0,63	
11,9	0,65	
11,905	0,67	
11,91	0,68	
11,915	0,69	
11,92	0,69	
11,925	0,7	
11,93	0,71	
11,935	0,72	
11,94	0,73	
11,945	0,75	
11,95	0,77	
11,955	0,78	
11,96	0,79	
11,965	0,79	
11,97	0,79	
11,975	0,79	
11,98	0,79	
11,985	0,8	
11,99	0,81	
11,995	0,82	
12,0	0,83	
12,005	0,83	
12,01	0,83	
12,015	0,83	
12,02	0,82	
12,025	0,81	
12,03	0,81	
12,035	0,81	
12,04	0,81	
12,045	0,82	
12,05	0,83	
12,055	0,83	
12,06	0,82	
12,065	0,81	
12,07	0,79	
12,075	0,78	
12,08	0,77	
12,085	0,76	
12,09	0,77	
12,095	0,77	
12,1	0,76	
12,105	0,75	
12,11	0,74	
12,115	0,72	
12,12	0,69	
12,125	0,68	
12,13	0,67	
12,135	0,66	
12,14	0,66	
12,145	0,66	
12,15	0,65	
12,155	0,63	
12,16	0,61	
12,165	0,59	
12,17	0,55	
12,175	0,53	
12,18	0,52	
12,185	0,52	
12,19	0,51	
12,195	0,5	
12,2	0,48	
12,205	0,46	
12,21	0,43	
12,215	0,4	
12,22	0,37	
12,225	0,35	
12,23	0,34	
12,235	0,33	
12,24	0,32	
12,245	0,31	
12,25	0,27	
12,255	0,24	
12,26	0,21	
12,265	0,18	
12,27	0,16	
12,275	0,14	
12,28	0,13	
12,285	0,12	
12,29	0,11	
12,295	0,09	
12,3	0,06	
12,305	0,02	
12,31	-0,01	
12,315	-0,04	
12,32	-0,07	
12,325	-0,08	
12,33	-0,09	
12,335	-0,09	
12,34	-0,11	
12,345	-0,14	
12,35	-0,18	
12,355	-0,22	
12,36	-0,25	
12,365	-0,27	
12,37	-0,29	
12,375	-0,29	
12,38	-0,29	
12,385	-0,3	
12,39	-0,32	
12,395	-0,35	
12,4	-0,38	
12,405	-0,42	
12,41	-0,45	
12,415	-0,48	
12,42	-0,48	
12,425	-0,49	
12,43	-0,49	
12,435	-0,5	
12,44	-0,52	
12,445	-0,55	
12,45	-0,58	
12,455	-0,61	
12,46	-0,63	
12,465	-0,64	
12,47	-0,64	
12,475	-0,64	
12,48	-0,64	
12,485	-0,65	
12,49	-0,67	
12,495	-0,71	
12,5	-0,73	
12,505	-0,75	
12,51	-0,76	
12,515	-0,76	
12,52	-0,75	
12,525	-0,75	
12,53	-0,75	
12,535	-0,76	
12,54	-0,77	
12,545	-0,79	
12,55	-0,81	
12,555	-0,83	
12,56	-0,83	
12,565	-0,82	
12,57	-0,81	
12,575	-0,8	
12,58	-0,8	
12,585	-0,81	
12,59	-0,82	
12,595	-0,84	
12,6	-0,85	
12,605	-0,85	
12,61	-0,85	
12,615	-0,83	
12,62	-0,82	
12,625	-0,8	
12,63	-0,8	
12,635	-0,8	
12,64	-0,81	
12,645	-0,82	
12,65	-0,82	
12,655	-0,81	
12,66	-0,8	
12,665	-0,78	
12,67	-0,76	
12,675	-0,74	
12,68	-0,74	
12,685	-0,73	
12,69	-0,73	
12,695	-0,73	
12,7	-0,73	
12,705	-0,71	
12,71	-0,69	
12,715	-0,67	
12,72	-0,65	
12,725	-0,63	
12,73	-0,62	
12,735	-0,61	
12,74	-0,6	
12,745	-0,59	
12,75	-0,58	
12,755	-0,56	
12,76	-0,53	
12,765	-0,51	
12,77	-0,48	
12,775	-0,47	
12,78	-0,45	
12,785	-0,44	
12,79	-0,43	
12,795	-0,42	
12,8	-0,4	
12,805	-0,38	
12,81	-0,35	
12,815	-0,3	
12,82	-0,28	
12,825	-0,26	
12,83	-0,25	
12,835	-0,25	
12,84	-0,23	
12,845	-0,21	
12,85	-0,19	
12,855	-0,15	
12,86	-0,12	
12,865	-0,09	
12,87	-0,06	
12,875	-0,04	
12,88	-0,03	
12,885	-0,02	
12,89	-0,01	
12,895	0,01	
12,9	0,05	
12,905	0,08	
12,91	0,12	
12,915	0,14	
12,92	0,17	
12,925	0,18	
12,93	0,19	
12,935	0,2	
12,94	0,21	
12,945	0,23	
12,95	0,26	
12,955	0,29	
12,96	0,32	
12,965	0,35	
12,97	0,38	
12,975	0,39	
12,98	0,4	
12,985	0,41	
12,99	0,42	
12,995	0,44	
13,0	0,47	
13,005	0,5	
13,01	0,53	
13,015	0,56	
13,02	0,58	
13,025	0,58	
13,03	0,58	
13,035	0,59	
13,04	0,59	
13,045	0,61	
13,05	0,63	
13,055	0,65	
13,06	0,69	
13,065	0,71	
13,07	0,72	
13,075	0,72	
13,08	0,72	
13,085	0,72	
13,09	0,73	
13,095	0,74	
13,1	0,76	
13,105	0,78	
13,11	0,8	
13,115	0,81	
13,12	0,81	
13,125	0,81	
13,13	0,8	
13,135	0,8	
13,14	0,81	
13,145	0,82	
13,15	0,84	
13,155	0,85	
13,16	0,86	
13,165	0,86	
13,17	0,85	
13,175	0,83	
13,18	0,83	
13,185	0,82	
13,19	0,82	
13,195	0,82	
13,2	0,84	
13,205	0,84	
13,21	0,85	
13,215	0,84	
13,22	0,82	
13,225	0,8	
13,23	0,79	
13,235	0,78	
13,24	0,78	
13,245	0,78	
13,25	0,78	
13,255	0,78	
13,26	0,77	
13,265	0,76	
13,27	0,73	
13,275	0,71	
13,28	0,69	
13,285	0,68	
13,29	0,68	
13,295	0,68	
13,3	0,67	
13,305	0,66	
13,31	0,64	
13,315	0,61	
13,32	0,59	
13,325	0,56	
13,33	0,54	
13,335	0,53	
13,34	0,52	
13,345	0,52	
13,35	0,51	
13,355	0,5	
13,36	0,48	
13,365	0,44	
13,37	0,41	
13,375	0,39	
13,38	0,37	
13,385	0,35	
13,39	0,34	
13,395	0,33	
13,4	0,32	
13,405	0,29	
13,41	0,26	
13,415	0,22	
13,42	0,19	
13,425	0,17	
13,43	0,15	
13,435	0,13	
13,44	0,13	
13,445	0,11	
13,45	0,09	
13,455	0,07	
13,46	0,03	
13,465	-0,02	
13,47	-0,05	
13,475	-0,06	
13,48	-0,07	
13,485	-0,08	
13,49	-0,08	
13,495	-0,1	
13,5	-0,13	
13,505	-0,17	
13,51	-0,21	
13,515	-0,24	
13,52	-0,27	
13,525	-0,29	
13,53	-0,29	
13,535	-0,3	
13,54	-0,3	
13,545	-0,33	
13,55	-0,36	
13,555	-0,4	
13,56	-0,43	
13,565	-0,46	
13,57	-0,48	
13,575	-0,49	
13,58	-0,49	
13,585	-0,49	
13,59	-0,5	
13,595	-0,52	
13,6	-0,54	
13,605	-0,58	
13,61	-0,61	
13,615	-0,63	
13,62	-0,64	
13,625	-0,65	
13,63	-0,65	
13,635	-0,65	
13,64	-0,66	
13,645	-0,67	
13,65	-0,7	
13,655	-0,73	
13,66	-0,74	
13,665	-0,76	
13,67	-0,77	
13,675	-0,77	
13,68	-0,76	
13,685	-0,77	
13,69	-0,77	
13,695	-0,78	
13,7	-0,79	
13,705	-0,82	
13,71	-0,83	
13,715	-0,83	
13,72	-0,83	
13,725	-0,83	
13,73	-0,82	
13,735	-0,82	
13,74	-0,83	
13,745	-0,83	
13,75	-0,84	
13,755	-0,85	
13,76	-0,86	
13,765	-0,85	
13,77	-0,85	
13,775	-0,84	
13,78	-0,83	
13,785	-0,82	
13,79	-0,82	
13,795	-0,82	
13,8	-0,82	
13,805	-0,82	
13,81	-0,82	
13,815	-0,81	
13,82	-0,79	
13,825	-0,77	
13,83	-0,76	
13,835	-0,75	
13,84	-0,74	
13,845	-0,74	
13,85	-0,74	
13,855	-0,73	
13,86	-0,72	
13,865	-0,7	
13,87	-0,67	
13,875	-0,66	
13,88	-0,64	
13,885	-0,63	
13,89	-0,62	
13,895	-0,61	
13,9	-0,6	
13,905	-0,59	
13,91	-0,57	
13,915	-0,55	
13,92	-0,53	
13,925	-0,5	
13,93	-0,48	
13,935	-0,47	
13,94	-0,45	
13,945	-0,44	
13,95	-0,42	
13,955	-0,4	
13,96	-0,38	
13,965	-0,35	
13,97	-0,32	
13,975	-0,3	
13,98	-0,27	
13,985	-0,26	
13,99	-0,25	
13,995	-0,24	
14,0	-0,22	
14,005	-0,2	
14,01	-0,17	
14,015	-0,14	
14,02	-0,11	
14,025	-0,08	
14,03	-0,05	
14,035	-0,03	
14,04	-0,02	
14,045	-0,01	
14,05	0,01	
14,055	0,04	
14,06	0,07	
14,065	0,1	
14,07	0,13	
14,075	0,15	
14,08	0,18	
14,085	0,19	
14,09	0,2	
14,095	0,21	
14,1	0,23	
14,105	0,25	
14,11	0,29	
14,115	0,32	
14,12	0,36	
14,125	0,37	
14,13	0,39	
14,135	0,4	
14,14	0,41	
14,145	0,42	
14,15	0,44	
14,155	0,46	
14,16	0,49	
14,165	0,52	
14,17	0,55	
14,175	0,56	
14,18	0,58	
14,185	0,58	
14,19	0,58	
14,195	0,59	
14,2	0,61	
14,205	0,63	
14,21	0,66	
14,215	0,68	
14,22	0,7	
14,225	0,71	
14,23	0,72	
14,235	0,72	
14,24	0,72	
14,245	0,73	
14,25	0,74	
14,255	0,76	
14,26	0,78	
14,265	0,8	
14,27	0,81	
14,275	0,81	
14,28	0,81	
14,285	0,8	
14,29	0,8	
14,295	0,8	
14,3	0,81	
14,305	0,83	
14,31	0,84	
14,315	0,85	
14,32	0,86	
14,325	0,85	
14,33	0,84	
14,335	0,83	
14,34	0,82	
14,345	0,82	
14,35	0,83	
14,355	0,84	
14,36	0,85	
14,365	0,84	
14,37	0,83	
14,375	0,82	
14,38	0,8	
14,385	0,79	
14,39	0,78	
14,395	0,78	
14,4	0,79	
14,405	0,79	
14,41	0,78	
14,415	0,77	
14,42	0,76	
14,425	0,74	
14,43	0,71	
14,435	0,69	
14,44	0,69	
14,445	0,68	
14,45	0,68	
14,455	0,67	
14,46	0,66	
14,465	0,64	
14,47	0,62	
14,475	0,6	
14,48	0,58	
14,485	0,56	
14,49	0,55	
14,495	0,54	
14,5	0,53	
14,505	0,52	
14,51	0,51	
14,515	0,47	
14,52	0,44	
14,525	0,41	
14,53	0,39	
14,535	0,37	
14,54	0,36	
14,545	0,35	
14,55	0,34	
14,555	0,32	
14,56	0,29	
14,565	0,27	
14,57	0,24	
14,575	0,21	
14,58	0,18	
14,585	0,17	
14,59	0,15	
14,595	0,13	
14,6	0,11	
14,605	0,09	
14,61	0,06	
14,615	0,03	
14,62	-0,01	
14,625	-0,03	
14,63	-0,05	
14,635	-0,06	
14,64	-0,07	
14,645	-0,08	
14,65	-0,1	
14,655	-0,12	
14,66	-0,16	
14,665	-0,19	
14,67	-0,23	
14,675	-0,26	
14,68	-0,27	
14,685	-0,28	
14,69	-0,29	
14,695	-0,3	
14,7	-0,32	
14,705	-0,34	
14,71	-0,38	
14,715	-0,41	
14,72	-0,44	
14,725	-0,46	
14,73	-0,47	
14,735	-0,48	
14,74	-0,48	
14,745	-0,49	
14,75	-0,5	
14,755	-0,54	
14,76	-0,57	
14,765	-0,59	
14,77	-0,61	
14,775	-0,63	
14,78	-0,64	
14,785	-0,63	
14,79	-0,64	
14,795	-0,65	
14,8	-0,66	
14,805	-0,68	
14,81	-0,7	
14,815	-0,73	
14,82	-0,74	
14,825	-0,75	
14,83	-0,75	
14,835	-0,75	
14,84	-0,75	
14,845	-0,75	
14,85	-0,77	
14,855	-0,79	
14,86	-0,81	
14,865	-0,82	
14,87	-0,83	
14,875	-0,83	
14,88	-0,82	
14,885	-0,81	
14,89	-0,81	
14,895	-0,81	
14,9	-0,81	
14,905	-0,83	
14,91	-0,84	
14,915	-0,84	
14,92	-0,84	
14,925	-0,83	
14,93	-0,82	
14,935	-0,81	
14,94	-0,8	
14,945	-0,8	
14,95	-0,81	
14,955	-0,81	
14,96	-0,82	
14,965	-0,81	
14,97	-0,8	
14,975	-0,78	
14,98	-0,77	
14,985	-0,75	
14,99	-0,74	
14,995	-0,73	
15,0	-0,73	
15,005	-0,73	
15,01	-0,72	
15,015	-0,71	
15,02	-0,69	
15,025	-0,67	
15,03	-0,65	
15,035	-0,64	
15,04	-0,62	
15,045	-0,62	
15,05	-0,61	
15,055	-0,6	
15,06	-0,59	
15,065	-0,57	
15,07	-0,55	
15,075	-0,52	
15,08	-0,49	
15,085	-0,47	
15,09	-0,45	
15,095	-0,44	
15,1	-0,43	
15,105	-0,43	
15,11	-0,41	
15,115	-0,38	
15,12	-0,35	
15,125	-0,33	
15,13	-0,3	
15,135	-0,28	
15,14	-0,26	
15,145	-0,25	
15,15	-0,24	
15,155	-0,23	
15,16	-0,2	
15,165	-0,17	
15,17	-0,14	
15,175	-0,11	
15,18	-0,08	
15,185	-0,05	
15,19	-0,04	
15,195	-0,03	
15,2	-0,02	
15,205	0	
15,21	0,02	
15,215	0,05	
15,22	0,08	
15,225	0,12	
15,23	0,14	
15,235	0,16	
15,24	0,18	
15,245	0,19	
15,25	0,2	
15,255	0,22	
15,26	0,25	
15,265	0,27	
15,27	0,31	
15,275	0,34	
15,28	0,36	
15,285	0,38	
15,29	0,39	
15,295	0,4	
15,3	0,41	
15,305	0,42	
15,31	0,44	
15,315	0,47	
15,32	0,5	
15,325	0,54	
15,33	0,55	
15,335	0,56	
15,34	0,56	
15,345	0,57	
15,35	0,58	
15,355	0,59	
15,36	0,62	
15,365	0,64	
15,37	0,66	
15,375	0,68	
15,38	0,69	
15,385	0,7	
15,39	0,7	
15,395	0,7	
15,4	0,71	
15,405	0,73	
15,41	0,74	
15,415	0,76	
15,42	0,77	
15,425	0,79	
15,43	0,79	
15,435	0,78	
15,44	0,78	
15,445	0,78	
15,45	0,78	
15,455	0,79	
15,46	0,81	
15,465	0,82	
15,47	0,82	
15,475	0,83	
15,48	0,82	
15,485	0,81	
15,49	0,81	
15,495	0,81	
15,5	0,81	
15,505	0,82	
15,51	0,82	
15,515	0,83	
15,52	0,82	
15,525	0,81	
15,53	0,8	
15,535	0,78	
15,54	0,77	
15,545	0,77	
15,55	0,77	
15,555	0,77	
15,56	0,77	
15,565	0,76	
15,57	0,75	
15,575	0,73	
15,58	0,71	
15,585	0,69	
15,59	0,68	
15,595	0,67	
15,6	0,67	
15,605	0,67	
15,61	0,66	
15,615	0,65	
15,62	0,63	
15,625	0,62	
15,63	0,59	
15,635	0,57	
15,64	0,55	
15,645	0,53	
15,65	0,52	
15,655	0,51	
15,66	0,5	
15,665	0,48	
15,67	0,46	
15,675	0,43	
15,68	0,4	
15,685	0,38	
15,69	0,36	
15,695	0,35	
15,7	0,34	
15,705	0,33	
15,71	0,31	
15,715	0,29	
15,72	0,27	
15,725	0,24	
15,73	0,19	
15,735	0,17	
15,74	0,15	
15,745	0,14	
15,75	0,13	
15,755	0,12	
15,76	0,1	
15,765	0,07	
15,77	0,04	
15,775	0,01	
15,78	-0,02	
15,785	-0,04	
15,79	-0,06	
15,795	-0,07	
15,8	-0,08	
15,805	-0,09	
15,81	-0,12	
15,815	-0,16	
15,82	-0,19	
15,825	-0,22	
15,83	-0,24	
15,835	-0,26	
15,84	-0,27	
15,845	-0,28	
15,85	-0,28	
15,855	-0,3	
15,86	-0,33	
15,865	-0,36	
15,87	-0,39	
15,875	-0,42	
15,88	-0,44	
15,885	-0,46	
15,89	-0,47	
15,895	-0,47	
15,9	-0,48	
15,905	-0,5	
15,91	-0,52	
15,915	-0,55	
15,92	-0,58	
15,925	-0,6	
15,93	-0,61	
15,935	-0,62	
15,94	-0,62	
15,945	-0,62	
15,95	-0,62	
15,955	-0,64	
15,96	-0,66	
15,965	-0,68	
15,97	-0,71	
15,975	-0,73	
15,98	-0,73	
15,985	-0,73	
15,99	-0,73	
15,995	-0,73	
16,0	-0,74	
16,005	-0,75	
16,01	-0,76	
16,015	-0,78	
16,02	-0,8	
16,025	-0,8	
16,03	-0,8	
16,035	-0,8	
16,04	-0,79	
16,045	-0,78	
16,05	-0,78	
16,055	-0,8	
16,06	-0,81	
16,065	-0,82	
16,07	-0,82	
16,075	-0,82	
16,08	-0,82	
16,085	-0,8	
16,09	-0,79	
16,095	-0,78	
16,1	-0,78	
16,105	-0,78	
16,11	-0,79	
16,115	-0,79	
16,12	-0,79	
16,125	-0,78	
16,13	-0,75	
16,135	-0,73	
16,14	-0,72	
16,145	-0,71	
16,15	-0,7	
16,155	-0,71	
16,16	-0,71	
16,165	-0,71	
16,17	-0,7	
16,175	-0,69	
16,18	-0,66	
16,185	-0,64	
16,19	-0,61	
16,195	-0,59	
16,2	-0,59	
16,205	-0,59	
16,21	-0,59	
16,215	-0,57	
16,22	-0,55	
16,225	-0,53	
16,23	-0,49	
16,235	-0,47	
16,24	-0,45	
16,245	-0,43	
16,25	-0,43	
16,255	-0,42	
16,26	-0,41	
16,265	-0,4	
16,27	-0,37	
16,275	-0,34	
16,28	-0,31	
16,285	-0,28	
16,29	-0,26	
16,295	-0,24	
16,3	-0,23	
16,305	-0,23	
16,31	-0,21	
16,315	-0,19	
16,32	-0,16	
16,325	-0,13	
16,33	-0,1	
16,335	-0,07	
16,34	-0,05	
16,345	-0,03	
16,35	-0,02	
16,355	-0,01	
16,36	0	
16,365	0,02	
16,37	0,05	
16,375	0,1	
16,38	0,13	
16,385	0,16	
16,39	0,17	
16,395	0,18	
16,4	0,2	
16,405	0,21	
16,41	0,22	
16,415	0,25	
16,42	0,28	
16,425	0,3	
16,43	0,33	
16,435	0,35	
16,44	0,37	
16,445	0,38	
16,45	0,38	
16,455	0,4	
16,46	0,42	
16,465	0,44	
16,47	0,47	
16,475	0,5	
16,48	0,52	
16,485	0,53	
16,49	0,54	
16,495	0,55	
16,5	0,55	
16,505	0,57	
16,51	0,58	
16,515	0,6	
16,52	0,63	
16,525	0,65	
16,53	0,67	
16,535	0,68	
16,54	0,68	
16,545	0,68	
16,55	0,68	
16,555	0,69	
16,56	0,7	
16,565	0,72	
16,57	0,74	
16,575	0,76	
16,58	0,77	
16,585	0,77	
16,59	0,76	
16,595	0,76	
16,6	0,75	
16,605	0,76	
16,61	0,76	
16,615	0,79	
16,62	0,8	
16,625	0,81	
16,63	0,81	
16,635	0,8	
16,64	0,79	
16,645	0,78	
16,65	0,77	
16,655	0,77	
16,66	0,78	
16,665	0,79	
16,67	0,8	
16,675	0,8	
16,68	0,79	
16,685	0,78	
16,69	0,76	
16,695	0,75	
16,7	0,73	
16,705	0,73	
16,71	0,73	
16,715	0,74	
16,72	0,74	
16,725	0,73	
16,73	0,71	
16,735	0,69	
16,74	0,67	
16,745	0,65	
16,75	0,64	
16,755	0,63	
16,76	0,63	
16,765	0,62	
16,77	0,62	
16,775	0,61	
16,78	0,58	
16,785	0,56	
16,79	0,53	
16,795	0,51	
16,8	0,5	
16,805	0,49	
16,81	0,48	
16,815	0,47	
16,82	0,46	
16,825	0,44	
16,83	0,41	
16,835	0,39	
16,84	0,36	
16,845	0,34	
16,85	0,32	
16,855	0,31	
16,86	0,3	
16,865	0,28	
16,87	0,26	
16,875	0,24	
16,88	0,21	
16,885	0,18	
16,89	0,15	
16,895	0,13	
16,9	0,12	
16,905	0,11	
16,91	0,1	
16,915	0,08	
16,92	0,06	
16,925	0,03	
16,93	0	
16,935	-0,04	
16,94	-0,07	
16,945	-0,09	
16,95	-0,1	
16,955	-0,1	
16,96	-0,11	
16,965	-0,13	
16,97	-0,16	
16,975	-0,19	
16,98	-0,23	
16,985	-0,26	
16,99	-0,28	
16,995	-0,29	
17,0	-0,29	
17,005	-0,3	
17,01	-0,31	
17,015	-0,33	
17,02	-0,37	
17,025	-0,4	
17,03	-0,43	
17,035	-0,45	
17,04	-0,47	
17,045	-0,47	
17,05	-0,47	
17,055	-0,48	
17,06	-0,49	
17,065	-0,51	
17,07	-0,54	
17,075	-0,57	
17,08	-0,59	
17,085	-0,61	
17,09	-0,62	
17,095	-0,62	
17,1	-0,62	
17,105	-0,62	
17,11	-0,63	
17,115	-0,65	
17,12	-0,68	
17,125	-0,7	
17,13	-0,72	
17,135	-0,73	
17,14	-0,73	
17,145	-0,72	
17,15	-0,72	
17,155	-0,72	
17,16	-0,73	
17,165	-0,74	
17,17	-0,76	
17,175	-0,77	
17,18	-0,78	
17,185	-0,78	
17,19	-0,78	
17,195	-0,77	
17,2	-0,76	
17,205	-0,76	
17,21	-0,76	
17,215	-0,77	
17,22	-0,79	
17,225	-0,8	
17,23	-0,8	
17,235	-0,79	
17,24	-0,78	
17,245	-0,76	
17,25	-0,75	
17,255	-0,74	
17,26	-0,74	
17,265	-0,76	
17,27	-0,76	
17,275	-0,76	
17,28	-0,75	
17,285	-0,73	
17,29	-0,71	
17,295	-0,7	
17,3	-0,68	
17,305	-0,67	
17,31	-0,67	
17,315	-0,67	
17,32	-0,67	
17,325	-0,66	
17,33	-0,65	
17,335	-0,63	
17,34	-0,6	
17,345	-0,57	
17,35	-0,55	
17,355	-0,55	
17,36	-0,54	
17,365	-0,54	
17,37	-0,53	
17,375	-0,52	
17,38	-0,5	
17,385	-0,47	
17,39	-0,44	
17,395	-0,42	
17,4	-0,4	
17,405	-0,39	
17,41	-0,39	
17,415	-0,38	
17,42	-0,37	
17,425	-0,34	
17,43	-0,31	
17,435	-0,27	
17,44	-0,24	
17,445	-0,22	
17,45	-0,2	
17,455	-0,2	
17,46	-0,19	
17,465	-0,18	
17,47	-0,16	
17,475	-0,14	
17,48	-0,11	
17,485	-0,08	
17,49	-0,05	
17,495	-0,02	
17,5	-0,01	
17,505	0,01	
17,51	0,02	
17,515	0,04	
17,52	0,06	
17,525	0,09	
17,53	0,12	
17,535	0,15	
17,54	0,17	
17,545	0,19	
17,55	0,2	
17,555	0,21	
17,56	0,22	
17,565	0,24	
17,57	0,26	
17,575	0,29	
17,58	0,32	
17,585	0,35	
17,59	0,38	
17,595	0,39	
17,6	0,39	
17,605	0,4	
17,61	0,41	
17,615	0,43	
17,62	0,45	
17,625	0,48	
17,63	0,5	
17,635	0,53	
17,64	0,54	
17,645	0,55	
17,65	0,56	
17,655	0,56	
17,66	0,56	
17,665	0,58	
17,67	0,61	
17,675	0,63	
17,68	0,65	
17,685	0,67	
17,69	0,68	
17,695	0,68	
17,7	0,68	
17,705	0,68	
17,71	0,68	
17,715	0,69	
17,72	0,71	
17,725	0,73	
17,73	0,74	
17,735	0,76	
17,74	0,76	
17,745	0,76	
17,75	0,75	
17,755	0,75	
17,76	0,75	
17,765	0,76	
17,77	0,77	
17,775	0,78	
17,78	0,79	
17,785	0,79	
17,79	0,78	
17,795	0,78	
17,8	0,76	
17,805	0,76	
17,81	0,76	
17,815	0,76	
17,82	0,76	
17,825	0,77	
17,83	0,77	
17,835	0,76	
17,84	0,75	
17,845	0,73	
17,85	0,72	
17,855	0,71	
17,86	0,7	
17,865	0,7	
17,87	0,7	
17,875	0,7	
17,88	0,7	
17,885	0,69	
17,89	0,67	
17,895	0,65	
17,9	0,63	
17,905	0,61	
17,91	0,6	
17,915	0,6	
17,92	0,59	
17,925	0,59	
17,93	0,57	
17,935	0,55	
17,94	0,53	
17,945	0,5	
17,95	0,48	
17,955	0,46	
17,96	0,45	
17,965	0,44	
17,97	0,43	
17,975	0,42	
17,98	0,41	
17,985	0,38	
17,99	0,34	
17,995	0,32	
18,0	0,3	
18,005	0,28	
18,01	0,27	
18,015	0,26	
18,02	0,25	
18,025	0,23	
18,03	0,21	
18,035	0,18	
18,04	0,15	
18,045	0,12	
18,05	0,1	
18,055	0,08	
18,06	0,07	
18,065	0,06	
18,07	0,04	
18,075	0,02	
18,08	-0,01	
18,085	-0,04	
18,09	-0,07	
18,095	-0,09	
18,1	-0,11	
18,105	-0,12	
18,11	-0,13	
18,115	-0,14	
18,12	-0,16	
18,125	-0,18	
18,13	-0,22	
18,135	-0,25	
18,14	-0,28	
18,145	-0,3	
18,15	-0,31	
18,155	-0,32	
18,16	-0,33	
18,165	-0,34	
18,17	-0,36	
18,175	-0,39	
18,18	-0,42	
18,185	-0,45	
18,19	-0,47	
18,195	-0,49	
18,2	-0,49	
18,205	-0,49	
18,21	-0,5	
18,215	-0,51	
18,22	-0,53	
18,225	-0,55	
18,23	-0,57	
18,235	-0,61	
18,24	-0,62	
18,245	-0,63	
18,25	-0,63	
18,255	-0,63	
18,26	-0,63	
18,265	-0,64	
18,27	-0,66	
18,275	-0,68	
18,28	-0,7	
18,285	-0,72	
18,29	-0,73	
18,295	-0,73	
18,3	-0,73	
18,305	-0,72	
18,31	-0,72	
18,315	-0,73	
18,32	-0,74	
18,325	-0,76	
18,33	-0,77	
18,335	-0,78	
18,34	-0,78	
18,345	-0,78	
18,35	-0,77	
18,355	-0,76	
18,36	-0,75	
18,365	-0,76	
18,37	-0,76	
18,375	-0,78	
18,38	-0,78	
18,385	-0,79	
18,39	-0,78	
18,395	-0,77	
18,4	-0,75	
18,405	-0,74	
18,41	-0,73	
18,415	-0,73	
18,42	-0,73	
18,425	-0,74	
18,43	-0,74	
18,435	-0,73	
18,44	-0,71	
18,445	-0,7	
18,45	-0,67	
18,455	-0,66	
18,46	-0,65	
18,465	-0,64	
18,47	-0,65	
18,475	-0,64	
18,48	-0,64	
18,485	-0,62	
18,49	-0,6	
18,495	-0,57	
18,5	-0,55	
18,505	-0,53	
18,51	-0,52	
18,515	-0,52	
18,52	-0,51	
18,525	-0,51	
18,53	-0,49	
18,535	-0,47	
18,54	-0,44	
18,545	-0,41	
18,55	-0,39	
18,555	-0,36	
18,56	-0,35	
18,565	-0,34	
18,57	-0,34	
18,575	-0,33	
18,58	-0,31	
18,585	-0,28	
18,59	-0,25	
18,595	-0,22	
18,6	-0,2	
18,605	-0,17	
18,61	-0,16	
18,615	-0,15	
18,62	-0,14	
18,625	-0,13	
18,63	-0,11	
18,635	-0,08	
18,64	-0,03	
18,645	0	
18,65	0,02	
18,655	0,04	
18,66	0,05	
18,665	0,06	
18,67	0,07	
18,675	0,09	
18,68	0,11	
18,685	0,14	
18,69	0,17	
18,695	0,2	
18,7	0,22	
18,705	0,24	
18,71	0,25	
18,715	0,26	
18,72	0,28	
18,725	0,3	
18,73	0,33	
18,735	0,36	
18,74	0,38	
18,745	0,4	
18,75	0,42	
18,755	0,43	
18,76	0,43	
18,765	0,44	
18,77	0,45	
18,775	0,48	
18,78	0,5	
18,785	0,53	
18,79	0,55	
18,795	0,57	
18,8	0,58	
18,805	0,58	
18,81	0,58	
18,815	0,59	
18,82	0,61	
18,825	0,63	
18,83	0,65	
18,835	0,67	
18,84	0,68	
18,845	0,69	
18,85	0,7	
18,855	0,7	
18,86	0,7	
18,865	0,7	
18,87	0,71	
18,875	0,72	
18,88	0,75	
18,885	0,76	
18,89	0,77	
18,895	0,77	
18,9	0,76	
18,905	0,76	
18,91	0,75	
18,915	0,75	
18,92	0,76	
18,925	0,77	
18,93	0,78	
18,935	0,79	
18,94	0,8	
18,945	0,79	
18,95	0,79	
18,955	0,77	
18,96	0,76	
18,965	0,75	
18,97	0,75	
18,975	0,76	
18,98	0,76	
18,985	0,76	
18,99	0,76	
18,995	0,75	
19,0	0,73	
19,005	0,72	
19,01	0,7	
19,015	0,69	
19,02	0,69	
19,025	0,69	
19,03	0,69	
19,035	0,69	
19,04	0,67	
19,045	0,65	
19,05	0,62	
19,055	0,6	
19,06	0,58	
19,065	0,57	
19,07	0,57	
19,075	0,57	
19,08	0,56	
19,085	0,55	
19,09	0,53	
19,095	0,51	
19,1	0,48	
19,105	0,46	
19,11	0,44	
19,115	0,43	
19,12	0,41	
19,125	0,41	
19,13	0,4	
19,135	0,37	
19,14	0,35	
19,145	0,32	
19,15	0,29	
19,155	0,27	
19,16	0,25	
19,165	0,23	
19,17	0,23	
19,175	0,22	
19,18	0,2	
19,185	0,18	
19,19	0,15	
19,195	0,13	
19,2	0,09	
19,205	0,06	
19,21	0,04	
19,215	0,03	
19,22	0,02	
19,225	0,01	
19,23	-0,01	
19,235	-0,04	
19,24	-0,07	
19,245	-0,1	
19,25	-0,12	
19,255	-0,15	
19,26	-0,16	
19,265	-0,17	
19,27	-0,18	
19,275	-0,2	
19,28	-0,22	
19,285	-0,26	
19,29	-0,29	
19,295	-0,31	
19,3	-0,33	
19,305	-0,34	
19,31	-0,35	
19,315	-0,36	
19,32	-0,37	
19,325	-0,39	
19,33	-0,42	
19,335	-0,44	
19,34	-0,47	
19,345	-0,49	
19,35	-0,51	
19,355	-0,52	
19,36	-0,52	
19,365	-0,54	
19,37	-0,55	
19,375	-0,56	
19,38	-0,58	
19,385	-0,6	
19,39	-0,62	
19,395	-0,64	
19,4	-0,65	
19,405	-0,65	
19,41	-0,66	
19,415	-0,66	
19,42	-0,67	
19,425	-0,69	
19,43	-0,71	
19,435	-0,72	
19,44	-0,74	
19,445	-0,75	
19,45	-0,76	
19,455	-0,75	
19,46	-0,75	
19,465	-0,75	
19,47	-0,75	
19,475	-0,76	
19,48	-0,77	
19,485	-0,78	
19,49	-0,79	
19,495	-0,79	
19,5	-0,79	
19,505	-0,78	
19,51	-0,77	
19,515	-0,76	
19,52	-0,76	
19,525	-0,77	
19,53	-0,78	
19,535	-0,79	
19,54	-0,79	
19,545	-0,78	
19,55	-0,77	
19,555	-0,76	
19,56	-0,74	
19,565	-0,73	
19,57	-0,73	
19,575	-0,73	
19,58	-0,73	
19,585	-0,74	
19,59	-0,73	
19,595	-0,72	
19,6	-0,7	
19,605	-0,68	
19,61	-0,66	
19,615	-0,64	
19,62	-0,64	
19,625	-0,64	
19,63	-0,63	
19,635	-0,63	
19,64	-0,62	
19,645	-0,6	
19,65	-0,57	
19,655	-0,55	
19,66	-0,52	
19,665	-0,51	
19,67	-0,5	
19,675	-0,5	
19,68	-0,49	
19,685	-0,48	
19,69	-0,45	
19,695	-0,43	
19,7	-0,4	
19,705	-0,37	
19,71	-0,35	
19,715	-0,33	
19,72	-0,32	
19,725	-0,31	
19,73	-0,3	
19,735	-0,28	
19,74	-0,26	
19,745	-0,24	
19,75	-0,2	
19,755	-0,17	
19,76	-0,15	
19,765	-0,13	
19,77	-0,12	
19,775	-0,1	
19,78	-0,09	
19,785	-0,07	
19,79	-0,05	
19,795	-0,02	
19,8	0,01	
19,805	0,04	
19,81	0,06	
19,815	0,08	
19,82	0,09	
19,825	0,11	
19,83	0,12	
19,835	0,14	
19,84	0,16	
19,845	0,2	
19,85	0,24	
19,855	0,26	
19,86	0,28	
19,865	0,28	
19,87	0,29	
19,875	0,31	
19,88	0,33	
19,885	0,35	
19,89	0,38	
19,895	0,4	
19,9	0,43	
19,905	0,44	
19,91	0,45	
19,915	0,47	
19,92	0,48	
19,925	0,49	
19,93	0,52	
19,935	0,54	
19,94	0,56	
19,945	0,58	
19,95	0,6	
19,955	0,6	
19,96	0,61	
19,965	0,61	
19,97	0,62	
19,975	0,63	
19,98	0,65	
19,985	0,67	
19,99	0,69	
19,995	0,71	
20,0	0,72	
20,005	0,73	
20,01	0,73	
20,015	0,72	
20,02	0,73	
20,025	0,74	
20,03	0,75	
20,035	0,77	
20,04	0,78	
20,045	0,79	
20,05	0,79	
20,055	0,79	
20,06	0,78	
20,065	0,77	
20,07	0,77	
20,075	0,78	
20,08	0,78	
20,085	0,79	
20,09	0,8	
20,095	0,8	
20,1	0,8	
20,105	0,79	
20,11	0,78	
20,115	0,77	
20,12	0,77	
20,125	0,77	
20,13	0,77	
20,135	0,78	
20,14	0,78	
20,145	0,78	
20,15	0,76	
20,155	0,75	
20,16	0,73	
20,165	0,71	
20,17	0,7	
20,175	0,69	
20,18	0,69	
20,185	0,69	
20,19	0,68	
20,195	0,67	
20,2	0,66	
20,205	0,63	
20,21	0,61	
20,215	0,6	
20,22	0,59	
20,225	0,57	
20,23	0,57	
20,235	0,56	
20,24	0,55	
20,245	0,53	
20,25	0,51	
20,255	0,48	
20,26	0,45	
20,265	0,43	
20,27	0,42	
20,275	0,41	
20,28	0,39	
20,285	0,38	
20,29	0,37	
20,295	0,35	
20,3	0,32	
20,305	0,3	
20,31	0,27	
20,315	0,25	
20,32	0,24	
20,325	0,22	
20,33	0,21	
20,335	0,18	
20,34	0,16	
20,345	0,13	
20,35	0,1	
20,355	0,08	
20,36	0,05	
20,365	0,03	
20,37	0,02	
20,375	0	
20,38	-0,01	
20,385	-0,03	
20,39	-0,05	
20,395	-0,08	
20,4	-0,1	
20,405	-0,13	
20,41	-0,16	
20,415	-0,18	
20,42	-0,2	
20,425	-0,22	
20,43	-0,23	
20,435	-0,25	
20,44	-0,27	
20,445	-0,3	
20,45	-0,32	
20,455	-0,35	
20,46	-0,36	
20,465	-0,38	
20,47	-0,4	
20,475	-0,41	
20,48	-0,43	
20,485	-0,45	
20,49	-0,47	
20,495	-0,5	
20,5	-0,52	
20,505	-0,53	
20,51	-0,55	
20,515	-0,56	
20,52	-0,57	
20,525	-0,58	
20,53	-0,59	
20,535	-0,61	
20,54	-0,63	
20,545	-0,64	
20,55	-0,66	
20,555	-0,67	
20,56	-0,68	
20,565	-0,68	
20,57	-0,69	
20,575	-0,7	
20,58	-0,72	
20,585	-0,73	
20,59	-0,75	
20,595	-0,76	
20,6	-0,77	
20,605	-0,77	
20,61	-0,77	
20,615	-0,77	
20,62	-0,77	
20,625	-0,77	
20,63	-0,78	
20,635	-0,79	
20,64	-0,8	
20,645	-0,81	
20,65	-0,81	
20,655	-0,81	
20,66	-0,81	
20,665	-0,8	
20,67	-0,8	
20,675	-0,79	
20,68	-0,8	
20,685	-0,8	
20,69	-0,81	
20,695	-0,81	
20,7	-0,8	
20,705	-0,79	
20,71	-0,78	
20,715	-0,77	
20,72	-0,75	
20,725	-0,75	
20,73	-0,75	
20,735	-0,74	
20,74	-0,74	
20,745	-0,74	
20,75	-0,73	
20,755	-0,71	
20,76	-0,69	
20,765	-0,67	
20,77	-0,66	
20,775	-0,65	
20,78	-0,65	
20,785	-0,64	
20,79	-0,64	
20,795	-0,63	
20,8	-0,61	
20,805	-0,58	
20,81	-0,56	
20,815	-0,53	
20,82	-0,51	
20,825	-0,5	
20,83	-0,5	
20,835	-0,49	
20,84	-0,48	
20,845	-0,46	
20,85	-0,44	
20,855	-0,41	
20,86	-0,38	
20,865	-0,35	
20,87	-0,33	
20,875	-0,32	
20,88	-0,31	
20,885	-0,3	
20,89	-0,29	
20,895	-0,27	
20,9	-0,23	
20,905	-0,2	
20,91	-0,17	
20,915	-0,15	
20,92	-0,13	
20,925	-0,11	
20,93	-0,1	
20,935	-0,08	
20,94	-0,07	
20,945	-0,04	
20,95	-0,02	
20,955	0,01	
20,96	0,04	
20,965	0,06	
20,97	0,08	
20,975	0,1	
20,98	0,12	
20,985	0,14	
20,99	0,16	
20,995	0,18	
21,0	0,21	
21,005	0,24	
21,01	0,26	
21,015	0,28	
21,02	0,3	
21,025	0,31	
21,03	0,32	
21,035	0,34	
21,04	0,36	
21,045	0,39	
21,05	0,41	
21,055	0,43	
21,06	0,45	
21,065	0,47	
21,07	0,49	
21,075	0,5	
21,08	0,51	
21,085	0,53	
21,09	0,55	
21,095	0,57	
21,1	0,59	
21,105	0,6	
21,11	0,62	
21,115	0,63	
21,12	0,63	
21,125	0,64	
21,13	0,65	
21,135	0,67	
21,14	0,69	
21,145	0,71	
21,15	0,72	
21,155	0,73	
21,16	0,74	
21,165	0,74	
21,17	0,75	
21,175	0,75	
21,18	0,76	
21,185	0,77	
21,19	0,79	
21,195	0,79	
21,2	0,8	
21,205	0,8	
21,21	0,8	
21,215	0,8	
21,22	0,8	
21,225	0,8	
21,23	0,8	
21,235	0,81	
21,24	0,82	
21,245	0,82	
21,25	0,83	
21,255	0,82	
21,26	0,81	
21,265	0,8	
21,27	0,79	
21,275	0,79	
21,28	0,79	
21,285	0,79	
21,29	0,8	
21,295	0,79	
21,3	0,79	
21,305	0,77	
21,31	0,75	
21,315	0,74	
21,32	0,73	
21,325	0,72	
21,33	0,72	
21,335	0,71	
21,34	0,71	
21,345	0,7	
21,35	0,69	
21,355	0,67	
21,36	0,65	
21,365	0,63	
21,37	0,61	
21,375	0,6	
21,38	0,59	
21,385	0,58	
21,39	0,57	
21,395	0,56	
21,4	0,54	
21,405	0,52	
21,41	0,49	
21,415	0,47	
21,42	0,45	
21,425	0,43	
21,43	0,42	
21,435	0,4	
21,44	0,39	
21,445	0,38	
21,45	0,36	
21,455	0,33	
21,46	0,31	
21,465	0,27	
21,47	0,25	
21,475	0,23	
21,48	0,21	
21,485	0,2	
21,49	0,18	
21,495	0,16	
21,5	0,14	
21,505	0,12	
21,51	0,09	
21,515	0,06	
21,52	0,04	
21,525	0,02	
21,53	0	
21,535	-0,02	
21,54	-0,04	
21,545	-0,05	
21,55	-0,09	
21,555	-0,11	
21,56	-0,13	
21,565	-0,15	
21,57	-0,18	
21,575	-0,2	
21,58	-0,22	
21,585	-0,24	
21,59	-0,26	
21,595	-0,28	
21,6	-0,3	
21,605	-0,32	
21,61	-0,34	
21,615	-0,36	
21,62	-0,38	
21,625	-0,4	
21,63	-0,43	
21,635	-0,44	
21,64	-0,46	
21,645	-0,48	
21,65	-0,5	
21,655	-0,51	
21,66	-0,53	
21,665	-0,55	
21,67	-0,56	
21,675	-0,58	
21,68	-0,59	
21,685	-0,6	
21,69	-0,61	
21,695	-0,63	
21,7	-0,64	
21,705	-0,65	
21,71	-0,67	
21,715	-0,69	
21,72	-0,7	
21,725	-0,71	
21,73	-0,72	
21,735	-0,73	
21,74	-0,74	
21,745	-0,75	
21,75	-0,76	
21,755	-0,77	
21,76	-0,78	
21,765	-0,78	
21,77	-0,79	
21,775	-0,79	
21,78	-0,79	
21,785	-0,79	
21,79	-0,8	
21,795	-0,81	
21,8	-0,82	
21,805	-0,82	
21,81	-0,82	
21,815	-0,82	
21,82	-0,81	
21,825	-0,81	
21,83	-0,81	
21,835	-0,81	
21,84	-0,81	
21,845	-0,82	
21,85	-0,81	
21,855	-0,81	
21,86	-0,81	
21,865	-0,8	
21,87	-0,78	
21,875	-0,77	
21,88	-0,76	
21,885	-0,76	
21,89	-0,75	
21,895	-0,76	
21,9	-0,75	
21,905	-0,74	
21,91	-0,73	
21,915	-0,71	
21,92	-0,69	
21,925	-0,67	
21,93	-0,66	
21,935	-0,65	
21,94	-0,65	
21,945	-0,64	
21,95	-0,63	
21,955	-0,61	
21,96	-0,59	
21,965	-0,57	
21,97	-0,55	
21,975	-0,53	
21,98	-0,52	
21,985	-0,51	
21,99	-0,5	
21,995	-0,49	
22,0	-0,47	
22,005	-0,45	
22,01	-0,43	
22,015	-0,4	
22,02	-0,37	
22,025	-0,35	
22,03	-0,33	
22,035	-0,31	
22,04	-0,3	
22,045	-0,29	
22,05	-0,27	
22,055	-0,25	
22,06	-0,22	
22,065	-0,19	
22,07	-0,16	
22,075	-0,14	
22,08	-0,12	
22,085	-0,1	
22,09	-0,08	
22,095	-0,07	
22,1	-0,05	
22,105	-0,03	
22,11	0	
22,115	0,04	
22,12	0,06	
22,125	0,08	
22,13	0,1	
22,135	0,12	
22,14	0,13	
22,145	0,16	
22,15	0,18	
22,155	0,2	
22,16	0,22	
22,165	0,25	
22,17	0,27	
22,175	0,29	
22,18	0,3	
22,185	0,32	
22,19	0,34	
22,195	0,37	
22,2	0,4	
22,205	0,42	
22,21	0,44	
22,215	0,46	
22,22	0,47	
22,225	0,48	
22,23	0,49	
22,235	0,51	
22,24	0,53	
22,245	0,55	
22,25	0,57	
22,255	0,59	
22,26	0,6	
22,265	0,61	
22,27	0,62	
22,275	0,64	
22,28	0,65	
22,285	0,66	
22,29	0,68	
22,295	0,69	
22,3	0,71	
22,305	0,72	
22,31	0,73	
22,315	0,74	
22,32	0,74	
22,325	0,75	
22,33	0,76	
22,335	0,76	
22,34	0,77	
22,345	0,78	
22,35	0,79	
22,355	0,8	
22,36	0,81	
22,365	0,8	
22,37	0,8	
22,375	0,8	
22,38	0,8	
22,385	0,81	
22,39	0,81	
22,395	0,82	
22,4	0,82	
22,405	0,82	
22,41	0,82	
22,415	0,81	
22,42	0,81	
22,425	0,8	
22,43	0,8	
22,435	0,8	
22,44	0,79	
22,445	0,79	
22,45	0,79	
22,455	0,78	
22,46	0,77	
22,465	0,77	
22,47	0,76	
22,475	0,75	
22,48	0,73	
22,485	0,72	
22,49	0,71	
22,495	0,71	
22,5	0,7	
22,505	0,69	
22,51	0,68	
22,515	0,66	
22,52	0,64	
22,525	0,62	
22,53	0,61	
22,535	0,59	
22,54	0,58	
22,545	0,57	
22,55	0,56	
22,555	0,54	
22,56	0,52	
22,565	0,5	
22,57	0,48	
22,575	0,46	
22,58	0,44	
22,585	0,42	
22,59	0,41	
22,595	0,39	
22,6	0,37	
22,605	0,35	
22,61	0,33	
22,615	0,31	
22,62	0,29	
22,625	0,26	
22,63	0,24	
22,635	0,22	
22,64	0,21	
22,645	0,19	
22,65	0,17	
22,655	0,16	
22,66	0,13	
22,665	0,11	
22,67	0,08	
22,675	0,06	
22,68	0,02	
22,685	0	
22,69	-0,02	
22,695	-0,04	
22,7	-0,05	
22,705	-0,07	
22,71	-0,1	
22,715	-0,12	
22,72	-0,14	
22,725	-0,16	
22,73	-0,19	
22,735	-0,21	
22,74	-0,23	
22,745	-0,24	
22,75	-0,26	
22,755	-0,28	
22,76	-0,31	
22,765	-0,33	
22,77	-0,35	
22,775	-0,37	
22,78	-0,39	
22,785	-0,41	
22,79	-0,43	
22,795	-0,45	
22,8	-0,46	
22,805	-0,48	
22,81	-0,5	
22,815	-0,51	
22,82	-0,53	
22,825	-0,55	
22,83	-0,57	
22,835	-0,58	
22,84	-0,6	
22,845	-0,61	
22,85	-0,62	
22,855	-0,64	
22,86	-0,65	
22,865	-0,66	
22,87	-0,68	
22,875	-0,69	
22,88	-0,7	
22,885	-0,71	
22,89	-0,72	
22,895	-0,73	
22,9	-0,74	
22,905	-0,75	
22,91	-0,76	
22,915	-0,76	
22,92	-0,77	
22,925	-0,78	
22,93	-0,78	
22,935	-0,79	
22,94	-0,79	
22,945	-0,79	
22,95	-0,8	
22,955	-0,81	
22,96	-0,81	
22,965	-0,81	
22,97	-0,81	
22,975	-0,81	
22,98	-0,81	
22,985	-0,8	
22,99	-0,8	
22,995	-0,81	
23,0	-0,81	
23,005	-0,81	
23,01	-0,81	
23,015	-0,8	
23,02	-0,8	
23,025	-0,79	
23,03	-0,77	
23,035	-0,77	
23,04	-0,76	
23,045	-0,75	
23,05	-0,75	
23,055	-0,74	
23,06	-0,73	
23,065	-0,73	
23,07	-0,71	
23,075	-0,7	
23,08	-0,68	
23,085	-0,66	
23,09	-0,65	
23,095	-0,64	
23,1	-0,63	
23,105	-0,62	
23,11	-0,61	
23,115	-0,6	
23,12	-0,58	
23,125	-0,56	
23,13	-0,54	
23,135	-0,52	
23,14	-0,51	
23,145	-0,49	
23,15	-0,48	
23,155	-0,47	
23,16	-0,45	
23,165	-0,43	
23,17	-0,41	
23,175	-0,38	
23,18	-0,36	
23,185	-0,34	
23,19	-0,32	
23,195	-0,3	
23,2	-0,29	
23,205	-0,27	
23,21	-0,25	
23,215	-0,23	
23,22	-0,2	
23,225	-0,18	
23,23	-0,16	
23,235	-0,14	
23,24	-0,12	
23,245	-0,09	
23,25	-0,07	
23,255	-0,05	
23,26	-0,03	
23,265	-0,01	
23,27	0,02	
23,275	0,04	
23,28	0,06	
23,285	0,08	
23,29	0,1	
23,295	0,12	
23,3	0,14	
23,305	0,16	
23,31	0,18	
23,315	0,21	
23,32	0,23	
23,325	0,26	
23,33	0,28	
23,335	0,29	
23,34	0,31	
23,345	0,33	
23,35	0,35	
23,355	0,37	
23,36	0,39	
23,365	0,41	
23,37	0,43	
23,375	0,44	
23,38	0,46	
23,385	0,48	
23,39	0,49	
23,395	0,51	
23,4	0,53	
23,405	0,54	
23,41	0,57	
23,415	0,58	
23,42	0,6	
23,425	0,61	
23,43	0,63	
23,435	0,64	
23,44	0,65	
23,445	0,66	
23,45	0,68	
23,455	0,68	
23,46	0,7	
23,465	0,71	
23,47	0,72	
23,475	0,73	
23,48	0,74	
23,485	0,75	
23,49	0,76	
23,495	0,76	
23,5	0,77	
23,505	0,77	
23,51	0,78	
23,515	0,78	
23,52	0,79	
23,525	0,79	
23,53	0,79	
23,535	0,79	
23,54	0,79	
23,545	0,79	
23,55	0,8	
23,555	0,8	
23,56	0,8	
23,565	0,81	
23,57	0,8	
23,575	0,8	
23,58	0,8	
23,585	0,79	
23,59	0,79	
23,595	0,78	
23,6	0,77	
23,605	0,77	
23,61	0,76	
23,615	0,76	
23,62	0,75	
23,625	0,75	
23,63	0,74	
23,635	0,73	
23,64	0,72	
23,645	0,7	
23,65	0,69	
23,655	0,67	
23,66	0,67	
23,665	0,66	
23,67	0,65	
23,675	0,63	
23,68	0,62	
23,685	0,61	
23,69	0,59	
23,695	0,57	
23,7	0,56	
23,705	0,55	
23,71	0,54	
23,715	0,53	
23,72	0,51	
23,725	0,49	
23,73	0,46	
23,735	0,43	
23,74	0,41	
23,745	0,4	
23,75	0,38	
23,755	0,37	
23,76	0,35	
23,765	0,34	
23,77	0,32	
23,775	0,3	
23,78	0,28	
23,785	0,25	
23,79	0,23	
23,795	0,21	
23,8	0,19	
23,805	0,17	
23,81	0,15	
23,815	0,13	
23,82	0,11	
23,825	0,08	
23,83	0,06	
23,835	0,03	
23,84	0,01	
23,845	-0,01	
23,85	-0,03	
23,855	-0,05	
23,86	-0,06	
23,865	-0,08	
23,87	-0,1	
23,875	-0,12	
23,88	-0,14	
23,885	-0,17	
23,89	-0,19	
23,895	-0,22	
23,9	-0,25	
23,905	-0,26	
23,91	-0,28	
23,915	-0,3	
23,92	-0,32	
23,925	-0,34	
23,93	-0,35	
23,935	-0,37	
23,94	-0,39	
23,945	-0,41	
23,95	-0,43	
23,955	-0,45	
23,96	-0,46	
23,965	-0,48	
23,97	-0,49	
23,975	-0,51	
23,98	-0,54	
23,985	-0,55	
23,99	-0,57	
23,995	-0,58	
24,0	-0,59	
24,005	-0,61	
24,01	-0,62	
24,015	-0,63	
24,02	-0,64	
24,025	-0,65	
24,03	-0,67	
24,035	-0,68	
24,04	-0,69	
24,045	-0,7	
24,05	-0,71	
24,055	-0,72	
24,06	-0,73	
24,065	-0,73	
24,07	-0,74	
24,075	-0,75	
24,08	-0,75	
24,085	-0,76	
24,09	-0,77	
24,095	-0,77	
24,1	-0,77	
24,105	-0,78	
24,11	-0,78	
24,115	-0,78	
24,12	-0,78	
24,125	-0,79	
24,13	-0,79	
24,135	-0,79	
24,14	-0,79	
24,145	-0,78	
24,15	-0,78	
24,155	-0,78	
24,16	-0,78	
24,165	-0,78	
24,17	-0,77	
24,175	-0,77	
24,18	-0,77	
24,185	-0,76	
24,19	-0,75	
24,195	-0,74	
24,2	-0,73	
24,205	-0,72	
24,21	-0,72	
24,215	-0,71	
24,22	-0,7	
24,225	-0,7	
24,23	-0,68	
24,235	-0,67	
24,24	-0,66	
24,245	-0,64	
24,25	-0,62	
24,255	-0,62	
24,26	-0,6	
24,265	-0,59	
24,27	-0,58	
24,275	-0,57	
24,28	-0,56	
24,285	-0,54	
24,29	-0,52	
24,295	-0,48	
24,3	-0,47	
24,305	-0,46	
24,31	-0,44	
24,315	-0,43	
24,32	-0,42	
24,325	-0,4	
24,33	-0,38	
24,335	-0,36	
24,34	-0,34	
24,345	-0,31	
24,35	-0,29	
24,355	-0,27	
24,36	-0,26	
24,365	-0,24	
24,37	-0,22	
24,375	-0,2	
24,38	-0,17	
24,385	-0,15	
24,39	-0,12	
24,395	-0,1	
24,4	-0,08	
24,405	-0,06	
24,41	-0,05	
24,415	-0,03	
24,42	-0,01	
24,425	0,02	
24,43	0,04	
24,435	0,06	
24,44	0,08	
24,445	0,1	
24,45	0,12	
24,455	0,14	
24,46	0,17	
24,465	0,18	
24,47	0,2	
24,475	0,23	
24,48	0,25	
24,485	0,27	
24,49	0,29	
24,495	0,31	
24,5	0,33	
24,505	0,35	
24,51	0,37	
24,515	0,38	
24,52	0,4	
24,525	0,42	
24,53	0,43	
24,535	0,45	
24,54	0,48	
24,545	0,49	
24,55	0,51	
24,555	0,52	
24,56	0,53	
24,565	0,55	
24,57	0,56	
24,575	0,58	
24,58	0,59	
24,585	0,61	
24,59	0,62	
24,595	0,63	
24,6	0,64	
24,605	0,66	
24,61	0,67	
24,615	0,68	
24,62	0,69	
24,625	0,7	
24,63	0,71	
24,635	0,72	
24,64	0,73	
24,645	0,73	
24,65	0,74	
24,655	0,74	
24,66	0,75	
24,665	0,75	
24,67	0,76	
24,675	0,76	
24,68	0,76	
24,685	0,77	
24,69	0,77	
24,695	0,77	
24,7	0,77	
24,705	0,77	
24,71	0,77	
24,715	0,78	
24,72	0,78	
24,725	0,78	
24,73	0,78	
24,735	0,77	
24,74	0,77	
24,745	0,76	
24,75	0,76	
24,755	0,75	
24,76	0,75	
24,765	0,74	
24,77	0,74	
24,775	0,73	
24,78	0,72	
24,785	0,71	
24,79	0,69	
24,795	0,68	
24,8	0,68	
24,805	0,66	
24,81	0,65	
24,815	0,65	
24,82	0,64	
24,825	0,63	
24,83	0,61	
24,835	0,6	
24,84	0,59	
24,845	0,57	
24,85	0,55	
24,855	0,53	
24,86	0,52	
24,865	0,5	
24,87	0,49	
24,875	0,47	
24,88	0,46	
24,885	0,44	
24,89	0,42	
24,895	0,4	
24,9	0,38	
24,905	0,36	
24,91	0,35	
24,915	0,33	
24,92	0,31	
24,925	0,29	
24,93	0,27	
24,935	0,25	
24,94	0,24	
24,945	0,21	
24,95	0,19	
24,955	0,17	
24,96	0,15	
24,965	0,13	
24,97	0,11	
24,975	0,09	
24,98	0,07	
24,985	0,05	
24,99	0,03	
24,995	0	
25,0	-0,02	
25,005	-0,04	
25,01	-0,06	
25,015	-0,08	
25,02	-0,09	
25,025	-0,12	
25,03	-0,14	
25,035	-0,16	
25,04	-0,19	
25,045	-0,21	
25,05	-0,23	
25,055	-0,25	
25,06	-0,27	
25,065	-0,29	
25,07	-0,3	
25,075	-0,31	
25,08	-0,33	
25,085	-0,35	
25,09	-0,37	
25,095	-0,39	
25,1	-0,41	
25,105	-0,44	
25,11	-0,45	
25,115	-0,46	
25,12	-0,48	
25,125	-0,49	
25,13	-0,5	
25,135	-0,52	
25,14	-0,54	
25,145	-0,56	
25,15	-0,58	
25,155	-0,59	
25,16	-0,6	
25,165	-0,61	
25,17	-0,61	
25,175	-0,62	
25,18	-0,63	
25,185	-0,65	
25,19	-0,67	
25,195	-0,68	
25,2	-0,69	
25,205	-0,7	
25,21	-0,7	
25,215	-0,7	
25,22	-0,71	
25,225	-0,72	
25,23	-0,73	
25,235	-0,73	
25,24	-0,74	
25,245	-0,75	
25,25	-0,75	
25,255	-0,75	
25,26	-0,75	
25,265	-0,75	
25,27	-0,76	
25,275	-0,76	
25,28	-0,77	
25,285	-0,77	
25,29	-0,77	
25,295	-0,77	
25,3	-0,76	
25,305	-0,75	
25,31	-0,74	
25,315	-0,74	
25,32	-0,74	
25,325	-0,74	
25,33	-0,74	
25,335	-0,74	
25,34	-0,74	
25,345	-0,73	
25,35	-0,71	
25,355	-0,69	
25,36	-0,68	
25,365	-0,67	
25,37	-0,67	
25,375	-0,66	
25,38	-0,66	
25,385	-0,66	
25,39	-0,65	
25,395	-0,63	
25,4	-0,61	
25,405	-0,59	
25,41	-0,58	
25,415	-0,57	
25,42	-0,55	
25,425	-0,55	
25,43	-0,54	
25,435	-0,53	
25,44	-0,51	
25,445	-0,49	
25,45	-0,46	
25,455	-0,44	
25,46	-0,42	
25,465	-0,4	
25,47	-0,39	
25,475	-0,38	
25,48	-0,37	
25,485	-0,35	
25,49	-0,33	
25,495	-0,31	
25,5	-0,29	
25,505	-0,27	
25,51	-0,24	
25,515	-0,22	
25,52	-0,21	
25,525	-0,19	
25,53	-0,17	
25,535	-0,16	
25,54	-0,14	
25,545	-0,11	
25,55	-0,08	
25,555	-0,06	
25,56	-0,04	
25,565	-0,02	
25,57	0	
25,575	0,01	
25,58	0,03	
25,585	0,05	
25,59	0,08	
25,595	0,1	
25,6	0,13	
25,605	0,15	
25,61	0,17	
25,615	0,19	
25,62	0,2	
25,625	0,22	
25,63	0,24	
25,635	0,26	
25,64	0,28	
25,645	0,3	
25,65	0,32	
25,655	0,34	
25,66	0,35	
25,665	0,37	
25,67	0,4	
25,675	0,41	
25,68	0,43	
25,685	0,45	
25,69	0,46	
25,695	0,48	
25,7	0,49	
25,705	0,51	
25,71	0,52	
25,715	0,54	
25,72	0,55	
25,725	0,56	
25,73	0,57	
25,735	0,59	
25,74	0,6	
25,745	0,61	
25,75	0,62	
25,755	0,63	
25,76	0,64	
25,765	0,65	
25,77	0,66	
25,775	0,67	
25,78	0,68	
25,785	0,7	
25,79	0,71	
25,795	0,72	
25,8	0,72	
25,805	0,73	
25,81	0,73	
25,815	0,73	
25,82	0,73	
25,825	0,74	
25,83	0,74	
25,835	0,75	
25,84	0,75	
25,845	0,75	
25,85	0,75	
25,855	0,75	
25,86	0,75	
25,865	0,75	
25,87	0,75	
25,875	0,75	
25,88	0,75	
25,885	0,75	
25,89	0,75	
25,895	0,75	
25,9	0,75	
25,905	0,74	
25,91	0,73	
25,915	0,71	
25,92	0,7	
25,925	0,69	
25,93	0,69	
25,935	0,69	
25,94	0,68	
25,945	0,67	
25,95	0,66	
25,955	0,65	
25,96	0,63	
25,965	0,62	
25,97	0,61	
25,975	0,6	
25,98	0,59	
25,985	0,58	
25,99	0,57	
25,995	0,56	
26,0	0,54	
26,005	0,52	
26,01	0,5	
26,015	0,48	
26,02	0,46	
26,025	0,45	
26,03	0,44	
26,035	0,43	
26,04	0,41	
26,045	0,4	
26,05	0,38	
26,055	0,36	
26,06	0,33	
26,065	0,31	
26,07	0,29	
26,075	0,27	
26,08	0,25	
26,085	0,24	
26,09	0,22	
26,095	0,2	
26,1	0,18	
26,105	0,16	
26,11	0,14	
26,115	0,11	
26,12	0,09	
26,125	0,08	
26,13	0,06	
26,135	0,04	
26,14	0,02	
26,145	0	
26,15	-0,02	
26,155	-0,05	
26,16	-0,08	
26,165	-0,1	
26,17	-0,12	
26,175	-0,13	
26,18	-0,15	
26,185	-0,16	
26,19	-0,18	
26,195	-0,2	
26,2	-0,22	
26,205	-0,25	
26,21	-0,27	
26,215	-0,29	
26,22	-0,31	
26,225	-0,32	
26,23	-0,33	
26,235	-0,32	
26,24	-0,38	
26,245	-0,4	
26,25	-0,42	
26,255	-0,44	
26,26	-0,46	
26,265	-0,47	
26,27	-0,48	
26,275	-0,49	
26,28	-0,51	
26,285	-0,52	
26,29	-0,53	
26,295	-0,55	
26,3	-0,57	
26,305	-0,58	
26,31	-0,59	
26,315	-0,6	
26,32	-0,62	
26,325	-0,62	
26,33	-0,63	
26,335	-0,64	
26,34	-0,65	
26,345	-0,67	
26,35	-0,68	
26,355	-0,69	
26,36	-0,7	
26,365	-0,71	
26,37	-0,71	
26,375	-0,71	
26,38	-0,72	
26,385	-0,72	
26,39	-0,73	
26,395	-0,74	
26,4	-0,75	
26,405	-0,75	
26,41	-0,75	
26,415	-0,74	
26,42	-0,74	
26,425	-0,74	
26,43	-0,74	
26,435	-0,74	
26,44	-0,75	
26,445	-0,75	
26,45	-0,76	
26,455	-0,75	
26,46	-0,74	
26,465	-0,74	
26,47	-0,73	
26,475	-0,72	
26,48	-0,71	
26,485	-0,72	
26,49	-0,72	
26,495	-0,71	
26,5	-0,71	
26,505	-0,7	
26,51	-0,68	
26,515	-0,66	
26,52	-0,65	
26,525	-0,63	
26,53	-0,63	
26,535	-0,63	
26,54	-0,63	
26,545	-0,62	
26,55	-0,61	
26,555	-0,6	
26,56	-0,56	
26,565	-0,54	
26,57	-0,53	
26,575	-0,52	
26,58	-0,51	
26,585	-0,5	
26,59	-0,5	
26,595	-0,48	
26,6	-0,47	
26,605	-0,44	
26,61	-0,42	
26,615	-0,4	
26,62	-0,37	
26,625	-0,36	
26,63	-0,34	
26,635	-0,33	
26,64	-0,32	
26,645	-0,3	
26,65	-0,28	
26,655	-0,25	
26,66	-0,23	
26,665	-0,2	
26,67	-0,18	
26,675	-0,16	
26,68	-0,15	
26,685	-0,14	
26,69	-0,12	
26,695	-0,11	
26,7	-0,08	
26,705	-0,06	
26,71	-0,03	
26,715	-0,01	
26,72	0,02	
26,725	0,04	
26,73	0,06	
26,735	0,07	
26,74	0,09	
26,745	0,11	
26,75	0,13	
26,755	0,16	
26,76	0,18	
26,765	0,2	
26,77	0,22	
26,775	0,24	
26,78	0,25	
26,785	0,27	
26,79	0,28	
26,795	0,3	
26,8	0,31	
26,805	0,35	
26,81	0,37	
26,815	0,39	
26,82	0,41	
26,825	0,42	
26,83	0,44	
26,835	0,45	
26,84	0,47	
26,845	0,49	
26,85	0,5	
26,855	0,52	
26,86	0,53	
26,865	0,54	
26,87	0,55	
26,875	0,56	
26,88	0,57	
26,885	0,6	
26,89	0,61	
26,895	0,63	
26,9	0,64	
26,905	0,65	
26,91	0,65	
26,915	0,66	
26,92	0,66	
26,925	0,67	
26,93	0,68	
26,935	0,69	
26,94	0,7	
26,945	0,72	
26,95	0,73	
26,955	0,73	
26,96	0,73	
26,965	0,73	
26,97	0,73	
26,975	0,73	
26,98	0,73	
26,985	0,74	
26,99	0,75	
26,995	0,75	
27,0	0,76	
27,005	0,75	
27,01	0,75	
27,015	0,74	
27,02	0,74	
27,025	0,73	
27,03	0,73	
27,035	0,73	
27,04	0,73	
27,045	0,74	
27,05	0,74	
27,055	0,73	
27,06	0,72	
27,065	0,71	
27,07	0,69	
27,075	0,68	
27,08	0,67	
27,085	0,67	
27,09	0,67	
27,095	0,67	
27,1	0,66	
27,105	0,65	
27,11	0,63	
27,115	0,61	
27,12	0,6	
27,125	0,58	
27,13	0,56	
27,135	0,56	
27,14	0,55	
27,145	0,54	
27,15	0,53	
27,155	0,52	
27,16	0,5	
27,165	0,48	
27,17	0,46	
27,175	0,44	
27,18	0,42	
27,185	0,41	
27,19	0,4	
27,195	0,38	
27,2	0,37	
27,205	0,34	
27,21	0,32	
27,215	0,29	
27,22	0,27	
27,225	0,25	
27,23	0,23	
27,235	0,22	
27,24	0,2	
27,245	0,19	
27,25	0,17	
27,255	0,15	
27,26	0,13	
27,265	0,11	
27,27	0,08	
27,275	0,06	
27,28	0,04	
27,285	0,03	
27,29	0,01	
27,295	-0,01	
27,3	-0,03	
27,305	-0,05	
27,31	-0,08	
27,315	-0,11	
27,32	-0,13	
27,325	-0,15	
27,33	-0,17	
27,335	-0,19	
27,34	-0,2	
27,345	-0,21	
27,35	-0,23	
27,355	-0,25	
27,36	-0,27	
27,365	-0,29	
27,37	-0,32	
27,375	-0,34	
27,38	-0,36	
27,385	-0,38	
27,39	-0,39	
27,395	-0,4	
27,4	-0,42	
27,405	-0,44	
27,41	-0,46	
27,415	-0,47	
27,42	-0,49	
27,425	-0,51	
27,43	-0,52	
27,435	-0,54	
27,44	-0,55	
27,445	-0,56	
27,45	-0,58	
27,455	-0,59	
27,46	-0,61	
27,465	-0,62	
27,47	-0,63	
27,475	-0,64	
27,48	-0,64	
27,485	-0,65	
27,49	-0,66	
27,495	-0,67	
27,5	-0,68	
27,505	-0,69	
27,51	-0,71	
27,515	-0,71	
27,52	-0,72	
27,525	-0,73	
27,53	-0,73	
27,535	-0,73	
27,54	-0,74	
27,545	-0,74	
27,55	-0,75	
27,555	-0,76	
27,56	-0,76	
27,565	-0,76	
27,57	-0,76	
27,575	-0,75	
27,58	-0,74	
27,585	-0,74	
27,59	-0,75	
27,595	-0,75	
27,6	-0,76	
27,605	-0,76	
27,61	-0,76	
27,615	-0,75	
27,62	-0,74	
27,625	-0,72	
27,63	-0,71	
27,635	-0,71	
27,64	-0,71	
27,645	-0,71	
27,65	-0,71	
27,655	-0,71	
27,66	-0,7	
27,665	-0,68	
27,67	-0,66	
27,675	-0,64	
27,68	-0,63	
27,685	-0,62	
27,69	-0,61	
27,695	-0,61	
27,7	-0,6	
27,705	-0,59	
27,71	-0,58	
27,715	-0,56	
27,72	-0,54	
27,725	-0,51	
27,73	-0,5	
27,735	-0,48	
27,74	-0,47	
27,745	-0,47	
27,75	-0,46	
27,755	-0,45	
27,76	-0,43	
27,765	-0,41	
27,77	-0,38	
27,775	-0,34	
27,78	-0,32	
27,785	-0,31	
27,79	-0,3	
27,795	-0,29	
27,8	-0,28	
27,805	-0,26	
27,81	-0,24	
27,815	-0,21	
27,82	-0,18	
27,825	-0,16	
27,83	-0,13	
27,835	-0,11	
27,84	-0,1	
27,845	-0,09	
27,85	-0,08	
27,855	-0,05	
27,86	-0,02	
27,865	0	
27,87	0,03	
27,875	0,05	
27,88	0,07	
27,885	0,09	
27,89	0,1	
27,895	0,11	
27,9	0,13	
27,905	0,15	
27,91	0,18	
27,915	0,2	
27,92	0,23	
27,925	0,25	
27,93	0,27	
27,935	0,29	
27,94	0,31	
27,945	0,32	
27,95	0,34	
27,955	0,36	
27,96	0,38	
27,965	0,4	
27,97	0,42	
27,975	0,43	
27,98	0,45	
27,985	0,46	
27,99	0,47	
27,995	0,49	
28,0	0,51	
28,005	0,52	
28,01	0,55	
28,015	0,57	
28,02	0,58	
28,025	0,59	
28,03	0,6	
28,035	0,6	
28,04	0,62	
28,045	0,63	
28,05	0,64	
28,055	0,66	
28,06	0,67	
28,065	0,68	
28,07	0,69	
28,075	0,69	
28,08	0,7	
28,085	0,7	
28,09	0,71	
28,095	0,72	
28,1	0,74	
28,105	0,75	
28,11	0,75	
28,115	0,76	
28,12	0,76	
28,125	0,75	
28,13	0,75	
28,135	0,75	
28,14	0,75	
28,145	0,76	
28,15	0,76	
28,155	0,77	
28,16	0,77	
28,165	0,77	
28,17	0,77	
28,175	0,75	
28,18	0,74	
28,185	0,74	
28,19	0,74	
28,195	0,74	
28,2	0,74	
28,205	0,75	
28,21	0,74	
28,215	0,73	
28,22	0,72	
28,225	0,71	
28,23	0,69	
28,235	0,68	
28,24	0,67	
28,245	0,67	
28,25	0,66	
28,255	0,66	
28,26	0,65	
28,265	0,63	
28,27	0,61	
28,275	0,59	
28,28	0,57	
28,285	0,56	
28,29	0,55	
28,295	0,54	
28,3	0,53	
28,305	0,52	
28,31	0,51	
28,315	0,49	
28,32	0,48	
28,325	0,46	
28,33	0,43	
28,335	0,41	
28,34	0,39	
28,345	0,37	
28,35	0,36	
28,355	0,35	
28,36	0,33	
28,365	0,31	
28,37	0,29	
28,375	0,26	
28,38	0,24	
28,385	0,22	
28,39	0,2	
28,395	0,18	
28,4	0,17	
28,405	0,15	
28,41	0,14	
28,415	0,12	
28,42	0,08	
28,425	0,06	
28,43	0,03	
28,435	0,01	
28,44	-0,01	
28,445	-0,02	
28,45	-0,04	
28,455	-0,05	
28,46	-0,07	
28,465	-0,09	
28,47	-0,12	
28,475	-0,14	
28,48	-0,17	
28,485	-0,19	
28,49	-0,21	
28,495	-0,23	
28,5	-0,25	
28,505	-0,26	
28,51	-0,28	
28,515	-0,3	
28,52	-0,32	
28,525	-0,35	
28,53	-0,37	
28,535	-0,39	
28,54	-0,4	
28,545	-0,42	
28,55	-0,43	
28,555	-0,44	
28,56	-0,46	
28,565	-0,48	
28,57	-0,5	
28,575	-0,52	
28,58	-0,54	
28,585	-0,55	
28,59	-0,57	
28,595	-0,57	
28,6	-0,59	
28,605	-0,6	
28,61	-0,61	
28,615	-0,63	
28,62	-0,65	
28,625	-0,66	
28,63	-0,66	
28,635	-0,67	
28,64	-0,68	
28,645	-0,68	
28,65	-0,69	
28,655	-0,7	
28,66	-0,71	
28,665	-0,73	
28,67	-0,74	
28,675	-0,75	
28,68	-0,75	
28,685	-0,76	
28,69	-0,76	
28,695	-0,75	
28,7	-0,76	
28,705	-0,77	
28,71	-0,77	
28,715	-0,78	
28,72	-0,78	
28,725	-0,79	
28,73	-0,78	
28,735	-0,77	
28,74	-0,76	
28,745	-0,76	
28,75	-0,76	
28,755	-0,77	
28,76	-0,77	
28,765	-0,77	
28,77	-0,77	
28,775	-0,76	
28,78	-0,75	
28,785	-0,74	
28,79	-0,72	
28,795	-0,72	
28,8	-0,71	
28,805	-0,71	
28,81	-0,71	
28,815	-0,71	
28,82	-0,7	
28,825	-0,68	
28,83	-0,66	
28,835	-0,64	
28,84	-0,62	
28,845	-0,61	
28,85	-0,6	
28,855	-0,6	
28,86	-0,6	
28,865	-0,59	
28,87	-0,57	
28,875	-0,55	
28,88	-0,53	
28,885	-0,51	
28,89	-0,49	
28,895	-0,47	
28,9	-0,46	
28,905	-0,44	
28,91	-0,43	
28,915	-0,42	
28,92	-0,4	
28,925	-0,38	
28,93	-0,35	
28,935	-0,33	
28,94	-0,31	
28,945	-0,29	
28,95	-0,27	
28,955	-0,26	
28,96	-0,25	
28,965	-0,23	
28,97	-0,21	
28,975	-0,18	
28,98	-0,16	
28,985	-0,12	
28,99	-0,1	
28,995	-0,08	
29,0	-0,07	
29,005	-0,05	
29,01	-0,04	
29,015	-0,02	
29,02	0,01	
29,025	0,03	
29,03	0,06	
29,035	0,08	
29,04	0,1	
29,045	0,12	
29,05	0,14	
29,055	0,15	
29,06	0,17	
29,065	0,21	
29,07	0,24	
29,075	0,26	
29,08	0,28	
29,085	0,29	
29,09	0,31	
29,095	0,32	
29,1	0,33	
29,105	0,35	
29,11	0,37	
29,115	0,39	
29,12	0,42	
29,125	0,44	
29,13	0,46	
29,135	0,47	
29,14	0,48	
29,145	0,49	
29,15	0,51	
29,155	0,53	
29,16	0,55	
29,165	0,57	
29,17	0,59	
29,175	0,6	
29,18	0,62	
29,185	0,62	
29,19	0,63	
29,195	0,64	
29,2	0,65	
29,205	0,66	
29,21	0,68	
29,215	0,69	
29,22	0,71	
29,225	0,72	
29,23	0,73	
29,235	0,73	
29,24	0,73	
29,245	0,74	
29,25	0,74	
29,255	0,75	
29,26	0,76	
29,265	0,77	
29,27	0,78	
29,275	0,78	
29,28	0,79	
29,285	0,79	
29,29	0,78	
29,295	0,78	
29,3	0,78	
29,305	0,78	
29,31	0,78	
29,315	0,79	
29,32	0,79	
29,325	0,78	
29,33	0,78	
29,335	0,78	
29,34	0,77	
29,345	0,76	
29,35	0,75	
29,355	0,75	
29,36	0,75	
29,365	0,75	
29,37	0,75	
29,375	0,74	
29,38	0,73	
29,385	0,72	
29,39	0,7	
29,395	0,69	
29,4	0,67	
29,405	0,67	
29,41	0,66	
29,415	0,65	
29,42	0,65	
29,425	0,63	
29,43	0,62	
29,435	0,6	
29,44	0,58	
29,445	0,57	
29,45	0,55	
29,455	0,54	
29,46	0,52	
29,465	0,51	
29,47	0,49	
29,475	0,47	
29,48	0,46	
29,485	0,44	
29,49	0,42	
29,495	0,4	
29,5	0,38	
29,505	0,37	
29,51	0,35	
29,515	0,34	
29,52	0,32	
29,525	0,3	
29,53	0,28	
29,535	0,25	
29,54	0,23	
29,545	0,21	
29,55	0,18	
29,555	0,17	
29,56	0,15	
29,565	0,13	
29,57	0,11	
29,575	0,09	
29,58	0,06	
29,585	0,03	
29,59	0,01	
29,595	-0,01	
29,6	-0,02	
29,605	-0,04	
29,61	-0,06	
29,615	-0,07	
29,62	-0,1	
29,625	-0,12	
29,63	-0,15	
29,635	-0,19	
29,64	-0,2	
29,645	-0,22	
29,65	-0,24	
29,655	-0,25	
29,66	-0,27	
29,665	-0,29	
29,67	-0,31	
29,675	-0,34	
29,68	-0,36	
29,685	-0,38	
29,69	-0,39	
29,695	-0,41	
29,7	-0,42	
29,705	-0,43	
29,71	-0,45	
29,715	-0,48	
29,72	-0,5	
29,725	-0,52	
29,73	-0,54	
29,735	-0,55	
29,74	-0,57	
29,745	-0,58	
29,75	-0,59	
29,755	-0,6	
29,76	-0,61	
29,765	-0,62	
29,77	-0,64	
29,775	-0,65	
29,78	-0,67	
29,785	-0,68	
29,79	-0,69	
29,795	-0,7	
29,8	-0,7	
29,805	-0,71	
29,81	-0,72	
29,815	-0,73	
29,82	-0,74	
29,825	-0,76	
29,83	-0,77	
29,835	-0,77	
29,84	-0,77	
29,845	-0,77	
29,85	-0,77	
29,855	-0,77	
29,86	-0,77	
29,865	-0,78	
29,87	-0,79	
29,875	-0,8	
29,88	-0,8	
29,885	-0,8	
29,89	-0,79	
29,895	-0,78	
29,9	-0,78	
29,905	-0,77	
29,91	-0,77	
29,915	-0,78	
29,92	-0,78	
29,925	-0,78	
29,93	-0,77	
29,935	-0,77	
29,94	-0,76	
29,945	-0,75	
29,95	-0,74	
29,955	-0,72	
29,96	-0,72	
29,965	-0,72	
29,97	-0,71	
29,975	-0,7	
29,98	-0,69	
29,985	-0,68	
29,99	-0,66	
29,995	-0,65	
30,0	-0,63	
30,005	-0,62	
30,01	-0,61	
30,015	-0,6	
30,02	-0,59	
30,025	-0,58	
30,03	-0,57	
30,035	-0,54	
30,04	-0,52	
30,045	-0,5	
30,05	-0,48	
30,055	-0,47	
30,06	-0,45	
30,065	-0,44	
30,07	-0,42	
30,075	-0,41	
30,08	-0,39	
30,085	-0,37	
30,09	-0,35	
30,095	-0,33	
30,1	-0,31	
30,105	-0,29	
30,11	-0,27	
30,115	-0,26	
30,12	-0,23	
30,125	-0,21	
30,13	-0,18	
30,135	-0,16	
30,14	-0,14	
30,145	-0,12	
30,15	-0,1	
30,155	-0,08	
30,16	-0,06	
30,165	-0,04	
30,17	-0,02	
30,175	0	
30,18	0,02	
30,185	0,04	
30,19	0,07	
30,195	0,09	
30,2	0,12	
30,205	0,14	
30,21	0,16	
30,215	0,18	
30,22	0,2	
30,225	0,22	
30,23	0,24	
30,235	0,27	
30,24	0,29	
30,245	0,3	
30,25	0,32	
30,255	0,34	
30,26	0,35	
30,265	0,37	
30,27	0,39	
30,275	0,41	
30,28	0,44	
30,285	0,46	
30,29	0,48	
30,295	0,49	
30,3	0,5	
30,305	0,51	
30,31	0,53	
30,315	0,54	
30,32	0,56	
30,325	0,58	
30,33	0,6	
30,335	0,62	
30,34	0,63	
30,345	0,64	
30,35	0,65	
30,355	0,66	
30,36	0,67	
30,365	0,68	
30,37	0,69	
30,375	0,71	
30,38	0,72	
30,385	0,73	
30,39	0,74	
30,395	0,75	
30,4	0,75	
30,405	0,75	
30,41	0,75	
30,415	0,76	
30,42	0,77	
30,425	0,78	
30,43	0,78	
30,435	0,79	
30,44	0,8	
30,445	0,8	
30,45	0,8	
30,455	0,79	
30,46	0,79	
30,465	0,79	
30,47	0,79	
30,475	0,79	
30,48	0,79	
30,485	0,79	
30,49	0,79	
30,495	0,79	
30,5	0,78	
30,505	0,77	
30,51	0,76	
30,515	0,76	
30,52	0,76	
30,525	0,75	
30,53	0,75	
30,535	0,74	
30,54	0,74	
30,545	0,72	
30,55	0,71	
30,555	0,7	
30,56	0,68	
30,565	0,67	
30,57	0,66	
30,575	0,66	
30,58	0,65	
30,585	0,64	
30,59	0,62	
30,595	0,61	
30,6	0,59	
30,605	0,56	
30,61	0,54	
30,615	0,53	
30,62	0,52	
30,625	0,5	
30,63	0,49	
30,635	0,47	
30,64	0,45	
30,645	0,43	
30,65	0,41	
30,655	0,4	
30,66	0,38	
30,665	0,36	
30,67	0,35	
30,675	0,33	
30,68	0,31	
30,685	0,28	
30,69	0,26	
30,695	0,23	
30,7	0,21	
30,705	0,2	
30,71	0,18	
30,715	0,16	
30,72	0,14	
30,725	0,12	
30,73	0,1	
30,735	0,08	
30,74	0,05	
30,745	0,03	
30,75	0,01	
30,755	-0,01	
30,76	-0,03	
30,765	-0,05	
30,77	-0,07	
30,775	-0,1	
30,78	-0,12	
30,785	-0,14	
30,79	-0,17	
30,795	-0,19	
30,8	-0,21	
30,805	-0,22	
30,81	-0,24	
30,815	-0,26	
30,82	-0,28	
30,825	-0,3	
30,83	-0,32	
30,835	-0,34	
30,84	-0,36	
30,845	-0,39	
30,85	-0,41	
30,855	-0,42	
30,86	-0,44	
30,865	-0,45	
30,87	-0,47	
30,875	-0,49	
30,88	-0,51	
30,885	-0,52	
30,89	-0,54	
30,895	-0,56	
30,9	-0,57	
30,905	-0,58	
30,91	-0,59	
30,915	-0,61	
30,92	-0,62	
30,925	-0,64	
30,93	-0,66	
30,935	-0,67	
30,94	-0,68	
30,945	-0,69	
30,95	-0,69	
30,955	-0,7	
30,96	-0,71	
30,965	-0,72	
30,97	-0,72	
30,975	-0,73	
30,98	-0,75	
30,985	-0,76	
30,99	-0,76	
30,995	-0,77	
31,0	-0,77	
31,005	-0,77	
31,01	-0,77	
31,015	-0,78	
31,02	-0,78	
31,025	-0,79	
31,03	-0,79	
31,035	-0,8	
31,04	-0,8	
31,045	-0,79	
31,05	-0,79	
31,055	-0,79	
31,06	-0,79	
31,065	-0,79	
31,07	-0,78	
31,075	-0,78	
31,08	-0,78	
31,085	-0,77	
31,09	-0,76	
31,095	-0,75	
31,1	-0,75	
31,105	-0,74	
31,11	-0,73	
31,115	-0,72	
31,12	-0,72	
31,125	-0,71	
31,13	-0,7	
31,135	-0,69	
31,14	-0,69	
31,145	-0,68	
31,15	-0,66	
31,155	-0,64	
31,16	-0,63	
31,165	-0,62	
31,17	-0,6	
31,175	-0,59	
31,18	-0,58	
31,185	-0,57	
31,19	-0,55	
31,195	-0,54	
31,2	-0,52	
31,205	-0,5	
31,21	-0,48	
31,215	-0,46	
31,22	-0,44	
31,225	-0,43	
31,23	-0,42	
31,235	-0,4	
31,24	-0,38	
31,245	-0,36	
31,25	-0,33	
31,255	-0,31	
31,26	-0,29	
31,265	-0,27	
31,27	-0,25	
31,275	-0,23	
31,28	-0,21	
31,285	-0,19	
31,29	-0,17	
31,295	-0,15	
31,3	-0,13	
31,305	-0,11	
31,31	-0,09	
31,315	-0,07	
31,32	-0,05	
31,325	-0,03	
31,33	0	
31,335	0,02	
31,34	0,04	
31,345	0,06	
31,35	0,09	
31,355	0,11	
31,36	0,13	
31,365	0,15	
31,37	0,17	
31,375	0,18	
31,38	0,21	
31,385	0,22	
31,39	0,25	
31,395	0,27	
31,4	0,29	
31,405	0,31	
31,41	0,33	
31,415	0,35	
31,42	0,37	
31,425	0,39	
31,43	0,4	
31,435	0,42	
31,44	0,44	
31,445	0,46	
31,45	0,48	
31,455	0,49	
31,46	0,51	
31,465	0,52	
31,47	0,53	
31,475	0,55	
31,48	0,57	
31,485	0,58	
31,49	0,61	
31,495	0,62	
31,5	0,63	
31,505	0,64	
31,51	0,65	
31,515	0,66	
31,52	0,67	
31,525	0,68	
31,53	0,7	
31,535	0,71	
31,54	0,72	
31,545	0,73	
31,55	0,73	
31,555	0,74	
31,56	0,74	
31,565	0,74	
31,57	0,74	
31,575	0,75	
31,58	0,76	
31,585	0,77	
31,59	0,78	
31,595	0,78	
31,6	0,78	
31,605	0,78	
31,61	0,78	
31,615	0,78	
31,62	0,78	
31,625	0,78	
31,63	0,79	
31,635	0,79	
31,64	0,79	
31,645	0,78	
31,65	0,78	
31,655	0,76	
31,66	0,75	
31,665	0,75	
31,67	0,74	
31,675	0,74	
31,68	0,74	
31,685	0,74	
31,69	0,74	
31,695	0,72	
31,7	0,71	
31,705	0,7	
31,71	0,69	
31,715	0,68	
31,72	0,67	
31,725	0,66	
31,73	0,65	
31,735	0,64	
31,74	0,62	
31,745	0,61	
31,75	0,59	
31,755	0,57	
31,76	0,56	
31,765	0,54	
31,77	0,53	
31,775	0,52	
31,78	0,51	
31,785	0,49	
31,79	0,48	
31,795	0,46	
31,8	0,44	
31,805	0,42	
31,81	0,4	
31,815	0,38	
31,82	0,36	
31,825	0,34	
31,83	0,32	
31,835	0,3	
31,84	0,28	
31,845	0,26	
31,85	0,24	
31,855	0,22	
31,86	0,2	
31,865	0,18	
31,87	0,17	
31,875	0,15	
31,88	0,13	
31,885	0,11	
31,89	0,08	
31,895	0,05	
31,9	0,03	
31,905	0,01	
31,91	-0,02	
31,915	-0,03	
31,92	-0,05	
31,925	-0,07	
31,93	-0,09	
31,935	-0,11	
31,94	-0,13	
31,945	-0,15	
31,95	-0,17	
31,955	-0,19	
31,96	-0,21	
31,965	-0,23	
31,97	-0,25	
31,975	-0,24	
31,98	-0,3	
31,985	-0,32	
31,99	-0,33	
31,995	-0,35	
32,0	-0,37	
32,005	-0,39	
32,01	-0,41	
32,015	-0,43	
32,02	-0,44	
32,025	-0,45	
32,03	-0,47	
32,035	-0,49	
32,04	-0,5	
32,045	-0,52	
32,05	-0,53	
32,055	-0,55	
32,06	-0,57	
32,065	-0,58	
32,07	-0,6	
32,075	-0,61	
32,08	-0,63	
32,085	-0,64	
32,09	-0,65	
32,095	-0,66	
32,1	-0,66	
32,105	-0,67	
32,11	-0,68	
32,115	-0,69	
32,12	-0,7	
32,125	-0,71	
32,13	-0,72	
32,135	-0,72	
32,14	-0,73	
32,145	-0,74	
32,15	-0,74	
32,155	-0,75	
32,16	-0,75	
32,165	-0,76	
32,17	-0,76	
32,175	-0,76	
32,18	-0,77	
32,185	-0,77	
32,19	-0,77	
32,195	-0,78	
32,2	-0,78	
32,205	-0,78	
32,21	-0,77	
32,215	-0,77	
32,22	-0,76	
32,225	-0,76	
32,23	-0,75	
32,235	-0,75	
32,24	-0,75	
32,245	-0,75	
32,25	-0,74	
32,255	-0,74	
32,26	-0,72	
32,265	-0,71	
32,27	-0,7	
32,275	-0,7	
32,28	-0,69	
32,285	-0,68	
32,29	-0,68	
32,295	-0,67	
32,3	-0,65	
32,305	-0,64	
32,31	-0,62	
32,315	-0,61	
32,32	-0,59	
32,325	-0,58	
32,33	-0,57	
32,335	-0,56	
32,34	-0,55	
32,345	-0,54	
32,35	-0,52	
32,355	-0,51	
32,36	-0,49	
32,365	-0,47	
32,37	-0,45	
32,375	-0,44	
32,38	-0,42	
32,385	-0,4	
32,39	-0,38	
32,395	-0,37	
32,4	-0,35	
32,405	-0,32	
32,41	-0,31	
32,415	-0,29	
32,42	-0,27	
32,425	-0,25	
32,43	-0,23	
32,435	-0,21	
32,44	-0,2	
32,445	-0,18	
32,45	-0,16	
32,455	-0,13	
32,46	-0,14	
32,465	-0,08	
32,47	-0,06	
32,475	-0,04	
32,48	-0,02	
32,485	-0,01	
32,49	0,01	
32,495	0,03	
32,5	0,06	
32,505	0,08	
32,51	0,1	
32,515	0,12	
32,52	0,14	
32,525	0,16	
32,53	0,18	
32,535	0,19	
32,54	0,22	
32,545	0,25	
32,55	0,27	
32,555	0,29	
32,56	0,3	
32,565	0,32	
32,57	0,34	
32,575	0,36	
32,58	0,37	
32,585	0,39	
32,59	0,41	
32,595	0,43	
32,6	0,45	
32,605	0,47	
32,61	0,48	
32,615	0,5	
32,62	0,51	
32,625	0,52	
32,63	0,54	
32,635	0,55	
32,64	0,57	
32,645	0,59	
32,65	0,6	
32,655	0,62	
32,66	0,62	
32,665	0,63	
32,67	0,64	
32,675	0,65	
32,68	0,66	
32,685	0,67	
32,69	0,68	
32,695	0,69	
32,7	0,7	
32,705	0,71	
32,71	0,72	
32,715	0,72	
32,72	0,72	
32,725	0,73	
32,73	0,73	
32,735	0,74	
32,74	0,75	
32,745	0,76	
32,75	0,76	
32,755	0,76	
32,76	0,75	
32,765	0,75	
32,77	0,75	
32,775	0,75	
32,78	0,75	
32,785	0,76	
32,79	0,76	
32,795	0,76	
32,8	0,75	
32,805	0,75	
32,81	0,74	
32,815	0,74	
32,82	0,73	
32,825	0,72	
32,83	0,72	
32,835	0,72	
32,84	0,71	
32,845	0,71	
32,85	0,7	
32,855	0,68	
32,86	0,67	
32,865	0,66	
32,87	0,64	
32,875	0,64	
32,88	0,63	
32,885	0,62	
32,89	0,61	
32,895	0,6	
32,9	0,59	
32,905	0,57	
32,91	0,56	
32,915	0,54	
32,92	0,53	
32,925	0,52	
32,93	0,5	
32,935	0,49	
32,94	0,47	
32,945	0,44	
32,95	0,43	
32,955	0,41	
32,96	0,39	
32,965	0,38	
32,97	0,36	
32,975	0,34	
32,98	0,33	
32,985	0,31	
32,99	0,29	
32,995	0,27	
33,0	0,25	
33,005	0,23	
33,01	0,21	
33,015	0,2	
33,02	0,18	
33,025	0,16	
33,03	0,12	
33,035	0,1	
33,04	0,09	
33,045	0,06	
33,05	0,05	
33,055	0,03	
33,06	0,01	
33,065	-0,01	
33,07	-0,03	
33,075	-0,05	
33,08	-0,07	
33,085	-0,09	
33,09	-0,11	
33,095	-0,13	
33,1	-0,15	
33,105	-0,17	
33,11	-0,2	
33,115	-0,22	
33,12	-0,24	
33,125	-0,25	
33,13	-0,27	
33,135	-0,29	
33,14	-0,3	
33,145	-0,32	
33,15	-0,34	
33,155	-0,36	
33,16	-0,38	
33,165	-0,4	
33,17	-0,42	
33,175	-0,43	
33,18	-0,45	
33,185	-0,46	
33,19	-0,48	
33,195	-0,5	
33,2	-0,51	
33,205	-0,53	
33,21	-0,54	
33,215	-0,56	
33,22	-0,57	
33,225	-0,58	
33,23	-0,59	
33,235	-0,6	
33,24	-0,61	
33,245	-0,62	
33,25	-0,64	
33,255	-0,65	
33,26	-0,66	
33,265	-0,67	
33,27	-0,69	
33,275	-0,69	
33,28	-0,69	
33,285	-0,69	
33,29	-0,7	
33,295	-0,71	
33,3	-0,72	
33,305	-0,73	
33,31	-0,74	
33,315	-0,74	
33,32	-0,74	
33,325	-0,74	
33,33	-0,74	
33,335	-0,73	
33,34	-0,74	
33,345	-0,74	
33,35	-0,75	
33,355	-0,75	
33,36	-0,75	
33,365	-0,74	
33,37	-0,74	
33,375	-0,73	
33,38	-0,73	
33,385	-0,73	
33,39	-0,73	
33,395	-0,73	
33,4	-0,73	
33,405	-0,72	
33,41	-0,71	
33,415	-0,71	
33,42	-0,69	
33,425	-0,68	
33,43	-0,66	
33,435	-0,65	
33,44	-0,65	
33,445	-0,64	
33,45	-0,64	
33,455	-0,63	
33,46	-0,62	
33,465	-0,6	
33,47	-0,58	
33,475	-0,57	
33,48	-0,56	
33,485	-0,55	
33,49	-0,54	
33,495	-0,53	
33,5	-0,52	
33,505	-0,5	
33,51	-0,48	
33,515	-0,45	
33,52	-0,43	
33,525	-0,42	
33,53	-0,4	
33,535	-0,39	
33,54	-0,37	
33,545	-0,36	
33,55	-0,34	
33,555	-0,33	
33,56	-0,31	
33,565	-0,28	
33,57	-0,26	
33,575	-0,24	
33,58	-0,23	
33,585	-0,21	
33,59	-0,19	
33,595	-0,17	
33,6	-0,15	
33,605	-0,12	
33,61	-0,1	
33,615	-0,08	
33,62	-0,06	
33,625	-0,04	
33,63	-0,02	
33,635	-0,01	
33,64	0,01	
33,645	0,03	
33,65	0,05	
33,655	0,07	
33,66	0,09	
33,665	0,12	
33,67	0,13	
33,675	0,16	
33,68	0,18	
33,685	0,2	
33,69	0,22	
33,695	0,24	
33,7	0,26	
33,705	0,28	
33,71	0,3	
33,715	0,32	
33,72	0,33	
33,725	0,34	
33,73	0,36	
33,735	0,37	
33,74	0,39	
33,745	0,4	
33,75	0,43	
33,755	0,46	
33,76	0,47	
33,765	0,49	
33,77	0,5	
33,775	0,51	
33,78	0,52	
33,785	0,54	
33,79	0,55	
33,795	0,56	
33,8	0,58	
33,805	0,59	
33,81	0,6	
33,815	0,61	
33,82	0,62	
33,825	0,63	
33,83	0,64	
33,835	0,65	
33,84	0,66	
33,845	0,67	
33,85	0,68	
33,855	0,69	
33,86	0,7	
33,865	0,71	
33,87	0,71	
33,875	0,71	
33,88	0,72	
33,885	0,72	
33,89	0,72	
33,895	0,73	
33,9	0,73	
33,905	0,73	
33,91	0,74	
33,915	0,74	
33,92	0,74	
33,925	0,73	
33,93	0,73	
33,935	0,73	
33,94	0,73	
33,945	0,73	
33,95	0,73	
33,955	0,72	
33,96	0,72	
33,965	0,72	
33,97	0,71	
33,975	0,71	
33,98	0,7	
33,985	0,7	
33,99	0,69	
33,995	0,69	
34,0	0,67	
34,005	0,66	
34,01	0,65	
34,015	0,65	
34,02	0,64	
34,025	0,63	
34,03	0,61	
34,035	0,6	
34,04	0,59	
34,045	0,57	
34,05	0,56	
34,055	0,55	
34,06	0,54	
34,065	0,53	
34,07	0,52	
34,075	0,5	
34,08	0,48	
34,085	0,46	
34,09	0,45	
34,095	0,43	
34,1	0,41	
34,105	0,4	
34,11	0,38	
34,115	0,37	
34,12	0,35	
34,125	0,33	
34,13	0,31	
34,135	0,29	
34,14	0,27	
34,145	0,26	
34,15	0,24	
34,155	0,22	
34,16	0,2	
34,165	0,18	
34,17	0,16	
34,175	0,14	
34,18	0,12	
34,185	0,1	
34,19	0,08	
34,195	0,06	
34,2	0,04	
34,205	0,03	
34,21	0,01	
34,215	-0,02	
34,22	-0,04	
34,225	-0,06	
34,23	-0,08	
34,235	-0,1	
34,24	-0,12	
34,245	-0,14	
34,25	-0,16	
34,255	-0,18	
34,26	-0,2	
34,265	-0,22	
34,27	-0,24	
34,275	-0,26	
34,28	-0,28	
34,285	-0,29	
34,29	-0,3	
34,295	-0,32	
34,3	-0,34	
34,305	-0,35	
34,31	-0,37	
34,315	-0,39	
34,32	-0,42	
34,325	-0,44	
34,33	-0,45	
34,335	-0,47	
34,34	-0,48	
34,345	-0,49	
34,35	-0,5	
34,355	-0,52	
34,36	-0,53	
34,365	-0,55	
34,37	-0,56	
34,375	-0,57	
34,38	-0,58	
34,385	-0,6	
34,39	-0,61	
34,395	-0,62	
34,4	-0,63	
34,405	-0,64	
34,41	-0,65	
34,415	-0,66	
34,42	-0,67	
34,425	-0,68	
34,43	-0,68	
34,435	-0,69	
34,44	-0,69	
34,445	-0,7	
34,45	-0,71	
34,455	-0,71	
34,46	-0,72	
34,465	-0,73	
34,47	-0,73	
34,475	-0,73	
34,48	-0,73	
34,485	-0,73	
34,49	-0,73	
34,495	-0,73	
34,5	-0,73	
34,505	-0,73	
34,51	-0,73	
34,515	-0,73	
34,52	-0,73	
34,525	-0,72	
34,53	-0,72	
34,535	-0,71	
34,54	-0,71	
34,545	-0,7	
34,55	-0,7	
34,555	-0,69	
34,56	-0,69	
34,565	-0,68	
34,57	-0,67	
34,575	-0,66	
34,58	-0,66	
34,585	-0,64	
34,59	-0,64	
34,595	-0,62	
34,6	-0,61	
34,605	-0,6	
34,61	-0,59	
34,615	-0,58	
34,62	-0,57	
34,625	-0,56	
34,63	-0,54	
34,635	-0,53	
34,64	-0,52	
34,645	-0,5	
34,65	-0,48	
34,655	-0,47	
34,66	-0,45	
34,665	-0,44	
34,67	-0,42	
34,675	-0,4	
34,68	-0,39	
34,685	-0,37	
34,69	-0,36	
34,695	-0,34	
34,7	-0,33	
34,705	-0,31	
34,71	-0,29	
34,715	-0,27	
34,72	-0,25	
34,725	-0,22	
34,73	-0,21	
34,735	-0,19	
34,74	-0,17	
34,745	-0,15	
34,75	-0,13	
34,755	-0,11	
34,76	-0,09	
34,765	-0,07	
34,77	-0,05	
34,775	-0,03	
34,78	-0,01	
34,785	0,01	
34,79	0,02	
34,795	0,04	
34,8	0,05	
34,805	0,08	
34,81	0,11	
34,815	0,12	
34,82	0,15	
34,825	0,17	
34,83	0,19	
34,835	0,21	
34,84	0,23	
34,845	0,25	
34,85	0,26	
34,855	0,28	
34,86	0,29	
34,865	0,31	
34,87	0,33	
34,875	0,35	
34,88	0,37	
34,885	0,39	
34,89	0,41	
34,895	0,42	
34,9	0,43	
34,905	0,45	
34,91	0,46	
34,915	0,48	
34,92	0,5	
34,925	0,51	
34,93	0,52	
34,935	0,54	
34,94	0,55	
34,945	0,56	
34,95	0,57	
34,955	0,58	
34,96	0,59	
34,965	0,6	
34,97	0,62	
34,975	0,63	
34,98	0,64	
34,985	0,65	
34,99	0,66	
34,995	0,67	
35,0	0,68	
35,005	0,68	
35,01	0,69	
35,015	0,69	
35,02	0,7	
35,025	0,71	
35,03	0,71	
35,035	0,71	
35,04	0,71	
35,045	0,71	
35,05	0,72	
35,055	0,72	
35,06	0,73	
35,065	0,73	
35,07	0,73	
35,075	0,73	
35,08	0,73	
35,085	0,72	
35,09	0,72	
35,095	0,72	
35,1	0,71	
35,105	0,71	
35,11	0,71	
35,115	0,7	
35,12	0,7	
35,125	0,7	
35,13	0,68	
35,135	0,68	
35,14	0,67	
35,145	0,66	
35,15	0,65	
35,155	0,65	
35,16	0,64	
35,165	0,63	
35,17	0,62	
35,175	0,61	
35,18	0,6	
35,185	0,59	
35,19	0,58	
35,195	0,57	
35,2	0,55	
35,205	0,54	
35,21	0,52	
35,215	0,51	
35,22	0,49	
35,225	0,48	
35,23	0,46	
35,235	0,44	
35,24	0,43	
35,245	0,41	
35,25	0,4	
35,255	0,39	
35,26	0,37	
35,265	0,36	
35,27	0,34	
35,275	0,32	
35,28	0,29	
35,285	0,28	
35,29	0,25	
35,295	0,23	
35,3	0,22	
35,305	0,2	
35,31	0,18	
35,315	0,16	
35,32	0,14	
35,325	0,12	
35,33	0,1	
35,335	0,08	
35,34	0,06	
35,345	0,05	
35,35	0,03	
35,355	0,01	
35,36	-0,01	
35,365	-0,02	
35,37	-0,05	
35,375	-0,08	
35,38	-0,1	
35,385	-0,11	
35,39	-0,14	
35,395	-0,16	
35,4	-0,17	
35,405	-0,19	
35,41	-0,21	
35,415	-0,23	
35,42	-0,25	
35,425	-0,27	
35,43	-0,29	
35,435	-0,31	
35,44	-0,32	
35,445	-0,34	
35,45	-0,35	
35,455	-0,38	
35,46	-0,39	
35,465	-0,41	
35,47	-0,43	
35,475	-0,44	
35,48	-0,46	
35,485	-0,47	
35,49	-0,49	
35,495	-0,5	
35,5	-0,52	
35,505	-0,53	
35,51	-0,54	
35,515	-0,55	
35,52	-0,57	
35,525	-0,58	
35,53	-0,59	
35,535	-0,61	
35,54	-0,62	
35,545	-0,63	
35,55	-0,64	
35,555	-0,64	
35,56	-0,65	
35,565	-0,66	
35,57	-0,67	
35,575	-0,68	
35,58	-0,69	
35,585	-0,7	
35,59	-0,7	
35,595	-0,7	
35,6	-0,71	
35,605	-0,71	
35,61	-0,71	
35,615	-0,72	
35,62	-0,72	
35,625	-0,73	
35,63	-0,73	
35,635	-0,73	
35,64	-0,73	
35,645	-0,73	
35,65	-0,73	
35,655	-0,73	
35,66	-0,72	
35,665	-0,72	
35,67	-0,72	
35,675	-0,72	
35,68	-0,72	
35,685	-0,72	
35,69	-0,71	
35,695	-0,7	
35,7	-0,69	
35,705	-0,68	
35,71	-0,68	
35,715	-0,67	
35,72	-0,67	
35,725	-0,66	
35,73	-0,65	
35,735	-0,64	
35,74	-0,63	
35,745	-0,62	
35,75	-0,61	
35,755	-0,6	
35,76	-0,59	
35,765	-0,57	
35,77	-0,56	
35,775	-0,55	
35,78	-0,53	
35,785	-0,52	
35,79	-0,51	
35,795	-0,49	
35,8	-0,48	
35,805	-0,46	
35,81	-0,45	
35,815	-0,43	
35,82	-0,42	
35,825	-0,4	
35,83	-0,39	
35,835	-0,37	
35,84	-0,35	
35,845	-0,33	
35,85	-0,32	
35,855	-0,3	
35,86	-0,27	
35,865	-0,25	
35,87	-0,23	
35,875	-0,22	
35,88	-0,2	
35,885	-0,18	
35,89	-0,16	
35,895	-0,14	
35,9	-0,12	
35,905	-0,1	
35,91	-0,09	
35,915	-0,07	
35,92	-0,05	
35,925	-0,03	
35,93	-0,01	
35,935	0,02	
35,94	0,05	
35,945	0,07	
35,95	0,08	
35,955	0,1	
35,96	0,12	
35,965	0,14	
35,97	0,16	
35,975	0,18	
35,98	0,2	
35,985	0,22	
35,99	0,24	
35,995	0,26	
36,0	0,27	
36,005	0,29	
36,01	0,3	
36,015	0,32	
36,02	0,35	
36,025	0,37	
36,03	0,39	
36,035	0,41	
36,04	0,42	
36,045	0,43	
36,05	0,45	
36,055	0,46	
36,06	0,48	
36,065	0,49	
36,07	0,51	
36,075	0,52	
36,08	0,54	
36,085	0,55	
36,09	0,57	
36,095	0,58	
36,1	0,59	
36,105	0,6	
36,11	0,61	
36,115	0,63	
36,12	0,64	
36,125	0,65	
36,13	0,66	
36,135	0,67	
36,14	0,67	
36,145	0,68	
36,15	0,69	
36,155	0,69	
36,16	0,7	
36,165	0,71	
36,17	0,71	
36,175	0,72	
36,18	0,73	
36,185	0,73	
36,19	0,73	
36,195	0,73	
36,2	0,73	
36,205	0,73	
36,21	0,74	
36,215	0,74	
36,22	0,74	
36,225	0,74	
36,23	0,74	
36,235	0,74	
36,24	0,74	
36,245	0,73	
36,25	0,73	
36,255	0,72	
36,26	0,72	
36,265	0,71	
36,27	0,71	
36,275	0,7	
36,28	0,69	
36,285	0,68	
36,29	0,68	
36,295	0,67	
36,3	0,67	
36,305	0,66	
36,31	0,65	
36,315	0,64	
36,32	0,63	
36,325	0,62	
36,33	0,61	
36,335	0,6	
36,34	0,58	
36,345	0,56	
36,35	0,55	
36,355	0,54	
36,36	0,52	
36,365	0,51	
36,37	0,5	
36,375	0,48	
36,38	0,47	
36,385	0,45	
36,39	0,43	
36,395	0,42	
36,4	0,4	
36,405	0,39	
36,41	0,37	
36,415	0,35	
36,42	0,34	
36,425	0,31	
36,43	0,29	
36,435	0,27	
36,44	0,26	
36,445	0,24	
36,45	0,22	
36,455	0,2	
36,46	0,18	
36,465	0,16	
36,47	0,14	
36,475	0,12	
36,48	0,1	
36,485	0,08	
36,49	0,07	
36,495	0,04	
36,5	0,02	
36,505	0	
36,51	-0,02	
36,515	-0,04	
36,52	-0,06	
36,525	-0,08	
36,53	-0,1	
36,535	-0,12	
36,54	-0,14	
36,545	-0,16	
36,55	-0,18	
36,555	-0,2	
36,56	-0,21	
36,565	-0,23	
36,57	-0,25	
36,575	-0,27	
36,58	-0,29	
36,585	-0,32	
36,59	-0,34	
36,595	-0,36	
36,6	-0,37	
36,605	-0,39	
36,61	-0,41	
36,615	-0,42	
36,62	-0,43	
36,625	-0,45	
36,63	-0,47	
36,635	-0,48	
36,64	-0,5	
36,645	-0,51	
36,65	-0,53	
36,655	-0,54	
36,66	-0,55	
36,665	-0,57	
36,67	-0,58	
36,675	-0,6	
36,68	-0,61	
36,685	-0,62	
36,69	-0,64	
36,695	-0,64	
36,7	-0,65	
36,705	-0,66	
36,71	-0,67	
36,715	-0,67	
36,72	-0,68	
36,725	-0,69	
36,73	-0,7	
36,735	-0,71	
36,74	-0,72	
36,745	-0,72	
36,75	-0,72	
36,755	-0,72	
36,76	-0,73	
36,765	-0,73	
36,77	-0,74	
36,775	-0,74	
36,78	-0,75	
36,785	-0,76	
36,79	-0,75	
36,795	-0,75	
36,8	-0,75	
36,805	-0,74	
36,81	-0,74	
36,815	-0,74	
36,82	-0,74	
36,825	-0,74	
36,83	-0,74	
36,835	-0,74	
36,84	-0,73	
36,845	-0,72	
36,85	-0,71	
36,855	-0,71	
36,86	-0,7	
36,865	-0,69	
36,87	-0,68	
36,875	-0,68	
36,88	-0,67	
36,885	-0,66	
36,89	-0,65	
36,895	-0,64	
36,9	-0,63	
36,905	-0,62	
36,91	-0,6	
36,915	-0,59	
36,92	-0,58	
36,925	-0,57	
36,93	-0,55	
36,935	-0,54	
36,94	-0,52	
36,945	-0,51	
36,95	-0,5	
36,955	-0,48	
36,96	-0,46	
36,965	-0,45	
36,97	-0,43	
36,975	-0,41	
36,98	-0,39	
36,985	-0,37	
36,99	-0,35	
36,995	-0,33	
37,0	-0,32	
37,005	-0,3	
37,01	-0,28	
37,015	-0,27	
37,02	-0,25	
37,025	-0,23	
37,03	-0,2	
37,035	-0,18	
37,04	-0,17	
37,045	-0,15	
37,05	-0,13	
37,055	-0,11	
37,06	-0,09	
37,065	-0,07	
37,07	-0,04	
37,075	-0,02	
37,08	0	
37,085	0,03	
37,09	0,04	
37,095	0,06	
37,1	0,08	
37,105	0,1	
37,11	0,11	
37,115	0,13	
37,12	0,15	
37,125	0,18	
37,13	0,2	
37,135	0,22	
37,14	0,24	
37,145	0,26	
37,15	0,28	
37,155	0,3	
37,16	0,32	
37,165	0,34	
37,17	0,36	
37,175	0,38	
37,18	0,39	
37,185	0,41	
37,19	0,43	
37,195	0,44	
37,2	0,46	
37,205	0,47	
37,21	0,49	
37,215	0,5	
37,22	0,52	
37,225	0,53	
37,23	0,55	
37,235	0,56	
37,24	0,58	
37,245	0,59	
37,25	0,6	
37,255	0,61	
37,26	0,62	
37,265	0,64	
37,27	0,65	
37,275	0,66	
37,28	0,67	
37,285	0,67	
37,29	0,68	
37,295	0,69	
37,3	0,7	
37,305	0,71	
37,31	0,72	
37,315	0,73	
37,32	0,73	
37,325	0,74	
37,33	0,74	
37,335	0,74	
37,34	0,75	
37,345	0,75	
37,35	0,75	
37,355	0,76	
37,36	0,76	
37,365	0,76	
37,37	0,76	
37,375	0,76	
37,38	0,76	
37,385	0,76	
37,39	0,76	
37,395	0,75	
37,4	0,75	
37,405	0,75	
37,41	0,74	
37,415	0,73	
37,42	0,73	
37,425	0,72	
37,43	0,71	
37,435	0,71	
37,44	0,7	
37,445	0,69	
37,45	0,69	
37,455	0,68	
37,46	0,67	
37,465	0,66	
37,47	0,65	
37,475	0,63	
37,48	0,62	
37,485	0,61	
37,49	0,6	
37,495	0,59	
37,5	0,58	
37,505	0,56	
37,51	0,55	
37,515	0,53	
37,52	0,52	
37,525	0,5	
37,53	0,49	
37,535	0,47	
37,54	0,46	
37,545	0,44	
37,55	0,43	
37,555	0,4	
37,56	0,38	
37,565	0,36	
37,57	0,34	
37,575	0,33	
37,58	0,31	
37,585	0,29	
37,59	0,28	
37,595	0,26	
37,6	0,24	
37,605	0,21	
37,61	0,2	
37,615	0,18	
37,62	0,16	
37,625	0,14	
37,63	0,12	
37,635	0,09	
37,64	0,07	
37,645	0,05	
37,65	0,03	
37,655	0,01	
37,66	-0,01	
37,665	-0,03	
37,67	-0,05	
37,675	-0,07	
37,68	-0,09	
37,685	-0,11	
37,69	-0,13	
37,695	-0,15	
37,7	-0,18	
37,705	-0,2	
37,71	-0,21	
37,715	-0,24	
37,72	-0,25	
37,725	-0,27	
37,73	-0,29	
37,735	-0,31	
37,74	-0,33	
37,745	-0,35	
37,75	-0,37	
37,755	-0,38	
37,76	-0,4	
37,765	-0,42	
37,77	-0,43	
37,775	-0,45	
37,78	-0,47	
37,785	-0,48	
37,79	-0,5	
37,795	-0,52	
37,8	-0,54	
37,805	-0,55	
37,81	-0,56	
37,815	-0,57	
37,82	-0,59	
37,825	-0,6	
37,83	-0,61	
37,835	-0,63	
37,84	-0,64	
37,845	-0,65	
37,85	-0,66	
37,855	-0,67	
37,86	-0,68	
37,865	-0,69	
37,87	-0,69	
37,875	-0,7	
37,88	-0,72	
37,885	-0,72	
37,89	-0,73	
37,895	-0,74	
37,9	-0,74	
37,905	-0,74	
37,91	-0,75	
37,915	-0,75	
37,92	-0,75	
37,925	-0,75	
37,93	-0,76	
37,935	-0,76	
37,94	-0,77	
37,945	-0,77	
37,95	-0,76	
37,955	-0,76	
37,96	-0,76	
37,965	-0,76	
37,97	-0,76	
37,975	-0,76	
37,98	-0,75	
37,985	-0,75	
37,99	-0,75	
37,995	-0,74	
38,0	-0,73	
38,005	-0,73	
38,01	-0,72	
38,015	-0,71	
38,02	-0,71	
38,025	-0,7	
38,03	-0,7	
38,035	-0,69	
38,04	-0,67	
38,045	-0,66	
38,05	-0,65	
38,055	-0,64	
38,06	-0,63	
38,065	-0,62	
38,07	-0,6	
38,075	-0,59	
38,08	-0,58	
38,085	-0,56	
38,09	-0,55	
38,095	-0,53	
38,1	-0,52	
38,105	-0,5	
38,11	-0,49	
38,115	-0,47	
38,12	-0,45	
38,125	-0,43	
38,13	-0,42	
38,135	-0,4	
38,14	-0,38	
38,145	-0,36	
38,15	-0,35	
38,155	-0,33	
38,16	-0,31	
38,165	-0,29	
38,17	-0,28	
38,175	-0,26	
38,18	-0,24	
38,185	-0,22	
38,19	-0,2	
38,195	-0,18	
38,2	-0,19	
38,205	-0,13	
38,21	-0,11	
38,215	-0,09	
38,22	-0,07	
38,225	-0,04	
38,23	-0,02	
38,235	0	
38,24	0,02	
38,245	0,04	
38,25	0,06	
38,255	0,07	
38,26	0,09	
38,265	0,11	
38,27	0,13	
38,275	0,16	
38,28	0,18	
38,285	0,21	
38,29	0,23	
38,295	0,25	
38,3	0,26	
38,305	0,28	
38,31	0,3	
38,315	0,32	
38,32	0,33	
38,325	0,35	
38,33	0,37	
38,335	0,39	
38,34	0,41	
38,345	0,43	
38,35	0,44	
38,355	0,46	
38,36	0,47	
38,365	0,5	
38,37	0,51	
38,375	0,53	
38,38	0,55	
38,385	0,56	
38,39	0,57	
38,395	0,59	
38,4	0,6	
38,405	0,61	
38,41	0,63	
38,415	0,64	
38,42	0,65	
38,425	0,66	
38,43	0,66	
38,435	0,67	
38,44	0,68	
38,445	0,69	
38,45	0,7	
38,455	0,71	
38,46	0,72	
38,465	0,73	
38,47	0,73	
38,475	0,74	
38,48	0,74	
38,485	0,75	
38,49	0,75	
38,495	0,76	
38,5	0,76	
38,505	0,77	
38,51	0,77	
38,515	0,77	
38,52	0,77	
38,525	0,77	
38,53	0,77	
38,535	0,76	
38,54	0,76	
38,545	0,76	
38,55	0,76	
38,555	0,76	
38,56	0,76	
38,565	0,75	
38,57	0,75	
38,575	0,74	
38,58	0,74	
38,585	0,73	
38,59	0,73	
38,595	0,72	
38,6	0,72	
38,605	0,7	
38,61	0,69	
38,615	0,68	
38,62	0,67	
38,625	0,65	
38,63	0,64	
38,635	0,63	
38,64	0,62	
38,645	0,62	
38,65	0,6	
38,655	0,59	
38,66	0,58	
38,665	0,56	
38,67	0,55	
38,675	0,53	
38,68	0,52	
38,685	0,5	
38,69	0,48	
38,695	0,47	
38,7	0,45	
38,705	0,44	
38,71	0,42	
38,715	0,4	
38,72	0,38	
38,725	0,36	
38,73	0,34	
38,735	0,32	
38,74	0,3	
38,745	0,29	
38,75	0,27	
38,755	0,24	
38,76	0,23	
38,765	0,21	
38,77	0,18	
38,775	0,16	
38,78	0,15	
38,785	0,12	
38,79	0,1	
38,795	0,08	
38,8	0,06	
38,805	0,04	
38,81	0,02	
38,815	0	
38,82	-0,02	
38,825	-0,04	
38,83	-0,06	
38,835	-0,08	
38,84	-0,1	
38,845	-0,12	
38,85	-0,15	
38,855	-0,17	
38,86	-0,19	
38,865	-0,21	
38,87	-0,23	
38,875	-0,25	
38,88	-0,27	
38,885	-0,29	
38,89	-0,3	
38,895	-0,33	
38,9	-0,34	
38,905	-0,36	
38,91	-0,38	
38,915	-0,39	
38,92	-0,41	
38,925	-0,43	
38,93	-0,45	
38,935	-0,47	
38,94	-0,49	
38,945	-0,51	
38,95	-0,53	
38,955	-0,54	
38,96	-0,55	
38,965	-0,57	
38,97	-0,57	
38,975	-0,59	
38,98	-0,6	
38,985	-0,61	
38,99	-0,63	
38,995	-0,64	
39,0	-0,65	
39,005	-0,66	
39,01	-0,67	
39,015	-0,68	
39,02	-0,69	
39,025	-0,7	
39,03	-0,71	
39,035	-0,71	
39,04	-0,72	
39,045	-0,73	
39,05	-0,74	
39,055	-0,74	
39,06	-0,75	
39,065	-0,75	
39,07	-0,75	
39,075	-0,75	
39,08	-0,76	
39,085	-0,77	
39,09	-0,77	
39,095	-0,77	
39,1	-0,77	
39,105	-0,77	
39,11	-0,77	
39,115	-0,76	
39,12	-0,77	
39,125	-0,77	
39,13	-0,76	
39,135	-0,76	
39,14	-0,76	
39,145	-0,75	
39,15	-0,75	
39,155	-0,74	
39,16	-0,73	
39,165	-0,73	
39,17	-0,72	
39,175	-0,7	
39,18	-0,7	
39,185	-0,7	
39,19	-0,69	
39,195	-0,68	
39,2	-0,67	
39,205	-0,66	
39,21	-0,65	
39,215	-0,63	
39,22	-0,62	
39,225	-0,61	
39,23	-0,6	
39,235	-0,58	
39,24	-0,57	
39,245	-0,56	
39,25	-0,55	
39,255	-0,52	
39,26	-0,51	
39,265	-0,5	
39,27	-0,48	
39,275	-0,46	
39,28	-0,44	
39,285	-0,42	
39,29	-0,41	
39,295	-0,39	
39,3	-0,38	
39,305	-0,36	
39,31	-0,34	
39,315	-0,33	
39,32	-0,31	
39,325	-0,28	
39,33	-0,26	
39,335	-0,23	
39,34	-0,21	
39,345	-0,2	
39,35	-0,18	
39,355	-0,16	
39,36	-0,14	
39,365	-0,12	
39,37	-0,1	
39,375	-0,08	
39,38	-0,05	
39,385	-0,03	
39,39	-0,01	
39,395	0,01	
39,4	0,02	
39,405	0,04	
39,41	0,06	
39,415	0,09	
39,42	0,11	
39,425	0,13	
39,43	0,16	
39,435	0,18	
39,44	0,2	
39,445	0,21	
39,45	0,23	
39,455	0,25	
39,46	0,27	
39,465	0,29	
39,47	0,31	
39,475	0,33	
39,48	0,34	
39,485	0,36	
39,49	0,38	
39,495	0,41	
39,5	0,42	
39,505	0,44	
39,51	0,46	
39,515	0,47	
39,52	0,49	
39,525	0,5	
39,53	0,52	
39,535	0,53	
39,54	0,54	
39,545	0,56	
39,55	0,57	
39,555	0,59	
39,56	0,6	
39,565	0,62	
39,57	0,63	
39,575	0,64	
39,58	0,65	
39,585	0,66	
39,59	0,67	
39,595	0,68	
39,6	0,69	
39,605	0,7	
39,61	0,71	
39,615	0,71	
39,62	0,72	
39,625	0,73	
39,63	0,74	
39,635	0,74	
39,64	0,75	
39,645	0,75	
39,65	0,75	
39,655	0,76	
39,66	0,76	
39,665	0,76	
39,67	0,76	
39,675	0,77	
39,68	0,76	
39,685	0,76	
39,69	0,76	
39,695	0,76	
39,7	0,76	
39,705	0,76	
39,71	0,76	
39,715	0,76	
39,72	0,75	
39,725	0,74	
39,73	0,74	
39,735	0,73	
39,74	0,72	
39,745	0,71	
39,75	0,71	
39,755	0,71	
39,76	0,7	
39,765	0,69	
39,77	0,68	
39,775	0,67	
39,78	0,65	
39,785	0,64	
39,79	0,63	
39,795	0,63	
39,8	0,62	
39,805	0,6	
39,81	0,59	
39,815	0,57	
39,82	0,55	
39,825	0,54	
39,83	0,53	
39,835	0,51	
39,84	0,5	
39,845	0,48	
39,85	0,47	
39,855	0,45	
39,86	0,43	
39,865	0,41	
39,87	0,4	
39,875	0,38	
39,88	0,37	
39,885	0,35	
39,89	0,34	
39,895	0,31	
39,9	0,29	
39,905	0,26	
39,91	0,24	
39,915	0,22	
39,92	0,21	
39,925	0,19	
39,93	0,17	
39,935	0,15	
39,94	0,13	
39,945	0,11	
39,95	0,09	
39,955	0,07	
39,96	0,04	
39,965	0,02	
39,97	0,01	
39,975	-0,01	
39,98	-0,04	
39,985	-0,05	
39,99	-0,08	
39,995	-0,1	
40,0	-0,12	
40,005	-0,14	
40,01	-0,16	
40,015	-0,18	
40,02	-0,19	
40,025	-0,21	
40,03	-0,23	
40,035	-0,25	
40,04	-0,27	
40,045	-0,29	
40,05	-0,31	
40,055	-0,33	
40,06	-0,35	
40,065	-0,37	
40,07	-0,38	
40,075	-0,4	
40,08	-0,42	
40,085	-0,44	
40,09	-0,46	
40,095	-0,47	
40,1	-0,49	
40,105	-0,5	
40,11	-0,51	
40,115	-0,53	
40,12	-0,54	
40,125	-0,55	
40,13	-0,57	
40,135	-0,58	
40,14	-0,6	
40,145	-0,61	
40,15	-0,63	
40,155	-0,63	
40,16	-0,64	
40,165	-0,65	
40,17	-0,66	
40,175	-0,67	
40,18	-0,68	
40,185	-0,69	
40,19	-0,7	
40,195	-0,71	
40,2	-0,72	
40,205	-0,72	
40,21	-0,73	
40,215	-0,73	
40,22	-0,73	
40,225	-0,74	
40,23	-0,74	
40,235	-0,74	
40,24	-0,75	
40,245	-0,75	
40,25	-0,75	
40,255	-0,75	
40,26	-0,75	
40,265	-0,76	
40,27	-0,76	
40,275	-0,76	
40,28	-0,75	
40,285	-0,75	
40,29	-0,75	
40,295	-0,74	
40,3	-0,74	
40,305	-0,73	
40,31	-0,73	
40,315	-0,72	
40,32	-0,71	
40,325	-0,71	
40,33	-0,7	
40,335	-0,69	
40,34	-0,69	
40,345	-0,68	
40,35	-0,67	
40,355	-0,66	
40,36	-0,65	
40,365	-0,64	
40,37	-0,63	
40,375	-0,61	
40,38	-0,6	
40,385	-0,58	
40,39	-0,57	
40,395	-0,56	
40,4	-0,55	
40,405	-0,53	
40,41	-0,52	
40,415	-0,51	
40,42	-0,49	
40,425	-0,47	
40,43	-0,45	
40,435	-0,44	
40,44	-0,42	
40,445	-0,4	
40,45	-0,39	
40,455	-0,37	
40,46	-0,35	
40,465	-0,33	
40,47	-0,31	
40,475	-0,29	
40,48	-0,27	
40,485	-0,25	
40,49	-0,23	
40,495	-0,21	
40,5	-0,2	
40,505	-0,18	
40,51	-0,17	
40,515	-0,15	
40,52	-0,12	
40,525	-0,1	
40,53	-0,08	
40,535	-0,06	
40,54	-0,04	
40,545	-0,01	
40,55	0,01	
40,555	0,03	
40,56	0,05	
40,565	0,07	
40,57	0,09	
40,575	0,1	
40,58	0,12	
40,585	0,14	
40,59	0,16	
40,595	0,18	
40,6	0,2	
40,605	0,22	
40,61	0,24	
40,615	0,26	
40,62	0,28	
40,625	0,31	
40,63	0,33	
40,635	0,34	
40,64	0,35	
40,645	0,37	
40,65	0,39	
40,655	0,41	
40,66	0,42	
40,665	0,45	
40,67	0,46	
40,675	0,47	
40,68	0,48	
40,685	0,5	
40,69	0,51	
40,695	0,52	
40,7	0,54	
40,705	0,55	
40,71	0,58	
40,715	0,59	
40,72	0,6	
40,725	0,61	
40,73	0,62	
40,735	0,63	
40,74	0,64	
40,745	0,65	
40,75	0,67	
40,755	0,67	
40,76	0,68	
40,765	0,69	
40,77	0,69	
40,775	0,69	
40,78	0,7	
40,785	0,7	
40,79	0,71	
40,795	0,72	
40,8	0,73	
40,805	0,74	
40,81	0,74	
40,815	0,75	
40,82	0,74	
40,825	0,74	
40,83	0,74	
40,835	0,74	
40,84	0,74	
40,845	0,74	
40,85	0,75	
40,855	0,75	
40,86	0,74	
40,865	0,74	
40,87	0,73	
40,875	0,72	
40,88	0,71	
40,885	0,71	
40,89	0,71	
40,895	0,7	
40,9	0,7	
40,905	0,7	
40,91	0,69	
40,915	0,68	
40,92	0,67	
40,925	0,66	
40,93	0,65	
40,935	0,64	
40,94	0,63	
40,945	0,62	
40,95	0,61	
40,955	0,6	
40,96	0,58	
40,965	0,57	
40,97	0,55	
40,975	0,54	
40,98	0,52	
40,985	0,51	
40,99	0,5	
40,995	0,49	
41,0	0,47	
41,005	0,46	
41,01	0,44	
41,015	0,42	
41,02	0,41	
41,025	0,39	
41,03	0,37	
41,035	0,35	
41,04	0,33	
41,045	0,31	
41,05	0,29	
41,055	0,27	
41,06	0,25	
41,065	0,24	
41,07	0,22	
41,075	0,21	
41,08	0,19	
41,085	0,17	
41,09	0,15	
41,095	0,13	
41,1	0,1	
41,105	0,08	
41,11	0,05	
41,115	0,03	
41,12	0,02	
41,125	0	
41,13	-0,02	
41,135	-0,04	
41,14	-0,06	
41,145	-0,08	
41,15	-0,1	
41,155	-0,12	
41,16	-0,14	
41,165	-0,16	
41,17	-0,17	
41,175	-0,19	
41,18	-0,21	
41,185	-0,22	
41,19	-0,25	
41,195	-0,27	
41,2	-0,29	
41,205	-0,31	
41,21	-0,33	
41,215	-0,35	
41,22	-0,36	
41,225	-0,38	
41,23	-0,4	
41,235	-0,41	
41,24	-0,43	
41,245	-0,45	
41,25	-0,46	
41,255	-0,48	
41,26	-0,49	
41,265	-0,51	
41,27	-0,52	
41,275	-0,54	
41,28	-0,55	
41,285	-0,56	
41,29	-0,57	
41,295	-0,58	
41,3	-0,6	
41,305	-0,61	
41,31	-0,62	
41,315	-0,63	
41,32	-0,64	
41,325	-0,65	
41,33	-0,66	
41,335	-0,67	
41,34	-0,68	
41,345	-0,68	
41,35	-0,69	
41,355	-0,69	
41,36	-0,7	
41,365	-0,71	
41,37	-0,72	
41,375	-0,71	
41,38	-0,72	
41,385	-0,72	
41,39	-0,73	
41,395	-0,73	
41,4	-0,73	
41,405	-0,73	
41,41	-0,73	
41,415	-0,73	
41,42	-0,73	
41,425	-0,73	
41,43	-0,73	
41,435	-0,72	
41,44	-0,72	
41,445	-0,72	
41,45	-0,71	
41,455	-0,7	
41,46	-0,7	
41,465	-0,7	
41,47	-0,69	
41,475	-0,69	
41,48	-0,68	
41,485	-0,67	
41,49	-0,66	
41,495	-0,66	
41,5	-0,65	
41,505	-0,64	
41,51	-0,64	
41,515	-0,62	
41,52	-0,61	
41,525	-0,6	
41,53	-0,58	
41,535	-0,57	
41,54	-0,56	
41,545	-0,55	
41,55	-0,54	
41,555	-0,53	
41,56	-0,51	
41,565	-0,5	
41,57	-0,48	
41,575	-0,46	
41,58	-0,44	
41,585	-0,43	
41,59	-0,41	
41,595	-0,39	
41,6	-0,37	
41,605	-0,36	
41,61	-0,35	
41,615	-0,33	
41,62	-0,31	
41,625	-0,29	
41,63	-0,27	
41,635	-0,25	
41,64	-0,23	
41,645	-0,22	
41,65	-0,2	
41,655	-0,18	
41,66	-0,17	
41,665	-0,15	
41,67	-0,13	
41,675	-0,11	
41,68	-0,08	
41,685	-0,06	
41,69	-0,04	
41,695	-0,02	
41,7	0	
41,705	0,02	
41,71	0,04	
41,715	0,06	
41,72	0,08	
41,725	0,1	
41,73	0,11	
41,735	0,13	
41,74	0,15	
41,745	0,17	
41,75	0,19	
41,755	0,21	
41,76	0,23	
41,765	0,25	
41,77	0,27	
41,775	0,28	
41,78	0,3	
41,785	0,32	
41,79	0,34	
41,795	0,35	
41,8	0,37	
41,805	0,39	
41,81	0,41	
41,815	0,42	
41,82	0,44	
41,825	0,45	
41,83	0,46	
41,835	0,47	
41,84	0,49	
41,845	0,5	
41,85	0,52	
41,855	0,54	
41,86	0,55	
41,865	0,57	
41,87	0,58	
41,875	0,59	
41,88	0,6	
41,885	0,61	
41,89	0,62	
41,895	0,63	
41,9	0,64	
41,905	0,65	
41,91	0,66	
41,915	0,67	
41,92	0,68	
41,925	0,68	
41,93	0,68	
41,935	0,69	
41,94	0,69	
41,945	0,7	
41,95	0,71	
41,955	0,71	
41,96	0,71	
41,965	0,72	
41,97	0,71	
41,975	0,71	
41,98	0,71	
41,985	0,72	
41,99	0,72	
41,995	0,72	
42,0	0,72	
42,005	0,72	
42,01	0,71	
42,015	0,71	
42,02	0,7	
42,025	0,7	
42,03	0,7	
42,035	0,69	
42,04	0,69	
42,045	0,68	
42,05	0,68	
42,055	0,67	
42,06	0,66	
42,065	0,65	
42,07	0,65	
42,075	0,64	
42,08	0,63	
42,085	0,61	
42,09	0,6	
42,095	0,59	
42,1	0,59	
42,105	0,57	
42,11	0,56	
42,115	0,55	
42,12	0,53	
42,125	0,52	
42,13	0,51	
42,135	0,5	
42,14	0,49	
42,145	0,48	
42,15	0,46	
42,155	0,44	
42,16	0,43	
42,165	0,4	
42,17	0,38	
42,175	0,37	
42,18	0,35	
42,185	0,34	
42,19	0,32	
42,195	0,3	
42,2	0,29	
42,205	0,27	
42,21	0,25	
42,215	0,23	
42,22	0,21	
42,225	0,2	
42,23	0,18	
42,235	0,16	
42,24	0,15	
42,245	0,11	
42,25	0,09	
42,255	0,07	
42,26	0,05	
42,265	0,04	
42,27	0,02	
42,275	0	
42,28	-0,02	
42,285	-0,04	
42,29	-0,06	
42,295	-0,08	
42,3	-0,09	
42,305	-0,11	
42,31	-0,13	
42,315	-0,14	
42,32	-0,16	
42,325	-0,19	
42,33	-0,21	
42,335	-0,23	
42,34	-0,25	
42,345	-0,27	
42,35	-0,29	
42,355	-0,3	
42,36	-0,32	
42,365	-0,33	
42,37	-0,35	
42,375	-0,37	
42,38	-0,39	
42,385	-0,41	
42,39	-0,42	
42,395	-0,44	
42,4	-0,45	
42,405	-0,47	
42,41	-0,48	
42,415	-0,49	
42,42	-0,51	
42,425	-0,52	
42,43	-0,53	
42,435	-0,55	
42,44	-0,56	
42,445	-0,57	
42,45	-0,58	
42,455	-0,6	
42,46	-0,61	
42,465	-0,61	
42,47	-0,62	
42,475	-0,63	
42,48	-0,64	
42,485	-0,65	
42,49	-0,66	
42,495	-0,67	
42,5	-0,67	
42,505	-0,68	
42,51	-0,69	
42,515	-0,69	
42,52	-0,7	
42,525	-0,7	
42,53	-0,71	
42,535	-0,71	
42,54	-0,71	
42,545	-0,71	
42,55	-0,71	
42,555	-0,71	
42,56	-0,71	
42,565	-0,71	
42,57	-0,71	
42,575	-0,71	
42,58	-0,71	
42,585	-0,7	
42,59	-0,7	
42,595	-0,7	
42,6	-0,69	
42,605	-0,69	
42,61	-0,69	
42,615	-0,68	
42,62	-0,68	
42,625	-0,67	
42,63	-0,66	
42,635	-0,65	
42,64	-0,64	
42,645	-0,63	
42,65	-0,62	
42,655	-0,62	
42,66	-0,61	
42,665	-0,6	
42,67	-0,59	
42,675	-0,57	
42,68	-0,56	
42,685	-0,55	
42,69	-0,53	
42,695	-0,52	
42,7	-0,51	
42,705	-0,51	
42,71	-0,49	
42,715	-0,48	
42,72	-0,47	
42,725	-0,45	
42,73	-0,42	
42,735	-0,4	
42,74	-0,39	
42,745	-0,37	
42,75	-0,36	
42,755	-0,35	
42,76	-0,33	
42,765	-0,31	
42,77	-0,3	
42,775	-0,28	
42,78	-0,26	
42,785	-0,24	
42,79	-0,22	
42,795	-0,2	
42,8	-0,19	
42,805	-0,17	
42,81	-0,14	
42,815	-0,13	
42,82	-0,1	
42,825	-0,08	
42,83	-0,06	
42,835	-0,05	
42,84	-0,03	
42,845	-0,01	
42,85	0,01	
42,855	0,03	
42,86	0,04	
42,865	0,06	
42,87	0,08	
42,875	0,1	
42,88	0,12	
42,885	0,14	
42,89	0,16	
42,895	0,18	
42,9	0,2	
42,905	0,22	
42,91	0,24	
42,915	0,26	
42,92	0,27	
42,925	0,29	
42,93	0,31	
42,935	0,32	
42,94	0,34	
42,945	0,35	
42,95	0,37	
42,955	0,39	
42,96	0,4	
42,965	0,42	
42,97	0,44	
42,975	0,45	
42,98	0,47	
42,985	0,48	
42,99	0,49	
42,995	0,51	
43,0	0,52	
43,005	0,53	
43,01	0,54	
43,015	0,56	
43,02	0,57	
43,025	0,58	
43,03	0,59	
43,035	0,6	
43,04	0,61	
43,045	0,63	
43,05	0,63	
43,055	0,64	
43,06	0,65	
43,065	0,66	
43,07	0,66	
43,075	0,67	
43,08	0,68	
43,085	0,68	
43,09	0,68	
43,095	0,69	
43,1	0,69	
43,105	0,7	
43,11	0,7	
43,115	0,7	
43,12	0,7	
43,125	0,7	
43,13	0,7	
43,135	0,7	
43,14	0,7	
43,145	0,71	
43,15	0,7	
43,155	0,71	
43,16	0,7	
43,165	0,7	
43,17	0,7	
43,175	0,69	
43,18	0,68	
43,185	0,68	
43,19	0,67	
43,195	0,67	
43,2	0,66	
43,205	0,65	
43,21	0,65	
43,215	0,64	
43,22	0,63	
43,225	0,62	
43,23	0,61	
43,235	0,6	
43,24	0,59	
43,245	0,58	
43,25	0,57	
43,255	0,56	
43,26	0,54	
43,265	0,53	
43,27	0,52	
43,275	0,51	
43,28	0,5	
43,285	0,48	
43,29	0,47	
43,295	0,44	
43,3	0,43	
43,305	0,41	
43,31	0,4	
43,315	0,38	
43,32	0,37	
43,325	0,35	
43,33	0,34	
43,335	0,32	
43,34	0,3	
43,345	0,29	
43,35	0,27	
43,355	0,25	
43,36	0,23	
43,365	0,22	
43,37	0,2	
43,375	0,17	
43,38	0,15	
43,385	0,14	
43,39	0,12	
43,395	0,1	
43,4	0,08	
43,405	0,06	
43,41	0,04	
43,415	0,02	
43,42	0,01	
43,425	-0,01	
43,43	-0,03	
43,435	-0,05	
43,44	-0,07	
43,445	-0,09	
43,45	-0,11	
43,455	-0,13	
43,46	-0,15	
43,465	-0,17	
43,47	-0,19	
43,475	-0,21	
43,48	-0,23	
43,485	-0,25	
43,49	-0,26	
43,495	-0,28	
43,5	-0,3	
43,505	-0,31	
43,51	-0,33	
43,515	-0,35	
43,52	-0,37	
43,525	-0,38	
43,53	-0,4	
43,535	-0,41	
43,54	-0,43	
43,545	-0,44	
43,55	-0,46	
43,555	-0,47	
43,56	-0,49	
43,565	-0,5	
43,57	-0,52	
43,575	-0,53	
43,58	-0,55	
43,585	-0,56	
43,59	-0,58	
43,595	-0,58	
43,6	-0,58	
43,605	-0,59	
43,61	-0,59	
43,615	-0,6	
43,62	-0,62	
43,625	-0,64	
43,63	-0,65	
43,635	-0,67	
43,64	-0,67	
43,645	-0,67	
43,65	-0,67	
43,655	-0,67	
43,66	-0,67	
43,665	-0,67	
43,67	-0,69	
43,675	-0,7	
43,68	-0,71	
43,685	-0,72	
43,69	-0,72	
43,695	-0,72	
43,7	-0,71	
43,705	-0,7	
43,71	-0,7	
43,715	-0,7	
43,72	-0,7	
43,725	-0,71	
43,73	-0,71	
43,735	-0,71	
43,74	-0,71	
43,745	-0,7	
43,75	-0,69	
43,755	-0,67	
43,76	-0,67	
43,765	-0,67	
43,77	-0,66	
43,775	-0,66	
43,78	-0,65	
43,785	-0,65	
43,79	-0,64	
43,795	-0,63	
43,8	-0,62	
43,805	-0,6	
43,81	-0,6	
43,815	-0,59	
43,82	-0,58	
43,825	-0,58	
43,83	-0,57	
43,835	-0,55	
43,84	-0,53	
43,845	-0,51	
43,85	-0,5	
43,855	-0,49	
43,86	-0,47	
43,865	-0,46	
43,87	-0,45	
43,875	-0,44	
43,88	-0,42	
43,885	-0,4	
43,89	-0,38	
43,895	-0,36	
43,9	-0,34	
43,905	-0,33	
43,91	-0,32	
43,915	-0,31	
43,92	-0,29	
43,925	-0,28	
43,93	-0,26	
43,935	-0,24	
43,94	-0,2	
43,945	-0,18	
43,95	-0,16	
43,955	-0,14	
43,96	-0,13	
43,965	-0,12	
43,97	-0,1	
43,975	-0,09	
43,98	-0,07	
43,985	-0,04	
43,99	-0,02	
43,995	0,01	
44,0	0,03	
44,005	0,05	
44,01	0,06	
44,015	0,07	
44,02	0,09	
44,025	0,11	
44,03	0,13	
44,035	0,16	
44,04	0,19	
44,045	0,21	
44,05	0,23	
44,055	0,24	
44,06	0,25	
44,065	0,26	
44,07	0,27	
44,075	0,29	
44,08	0,32	
44,085	0,34	
44,09	0,36	
44,095	0,38	
44,1	0,39	
44,105	0,41	
44,11	0,41	
44,115	0,42	
44,12	0,44	
44,125	0,46	
44,13	0,48	
44,135	0,5	
44,14	0,52	
44,145	0,53	
44,15	0,55	
44,155	0,55	
44,16	0,56	
44,165	0,57	
44,17	0,58	
44,175	0,59	
44,18	0,6	
44,185	0,62	
44,19	0,64	
44,195	0,64	
44,2	0,65	
44,205	0,65	
44,21	0,66	
44,215	0,66	
44,22	0,67	
44,225	0,68	
44,23	0,69	
44,235	0,7	
44,24	0,7	
44,245	0,71	
44,25	0,71	
44,255	0,71	
44,26	0,71	
44,265	0,71	
44,27	0,71	
44,275	0,71	
44,28	0,72	
44,285	0,72	
44,29	0,72	
44,295	0,72	
44,3	0,71	
44,305	0,7	
44,31	0,7	
44,315	0,69	
44,32	0,69	
44,325	0,69	
44,33	0,69	
44,335	0,69	
44,34	0,68	
44,345	0,67	
44,35	0,66	
44,355	0,65	
44,36	0,64	
44,365	0,64	
44,37	0,63	
44,375	0,63	
44,38	0,62	
44,385	0,61	
44,39	0,6	
44,395	0,58	
44,4	0,57	
44,405	0,55	
44,41	0,54	
44,415	0,53	
44,42	0,52	
44,425	0,51	
44,43	0,5	
44,435	0,48	
44,44	0,47	
44,445	0,45	
44,45	0,43	
44,455	0,41	
44,46	0,39	
44,465	0,38	
44,47	0,37	
44,475	0,36	
44,48	0,34	
44,485	0,33	
44,49	0,31	
44,495	0,29	
44,5	0,26	
44,505	0,24	
44,51	0,21	
44,515	0,2	
44,52	0,19	
44,525	0,17	
44,53	0,15	
44,535	0,13	
44,54	0,11	
44,545	0,08	
44,55	0,06	
44,555	0,04	
44,56	0,03	
44,565	0,01	
44,57	-0,01	
44,575	-0,02	
44,58	-0,04	
44,585	-0,06	
44,59	-0,09	
44,595	-0,12	
44,6	-0,14	
44,605	-0,16	
44,61	-0,17	
44,615	-0,19	
44,62	-0,2	
44,625	-0,21	
44,63	-0,23	
44,635	-0,25	
44,64	-0,27	
44,645	-0,3	
44,65	-0,31	
44,655	-0,33	
44,66	-0,35	
44,665	-0,36	
44,67	-0,38	
