t, ñ	wz	
0,0	0	
0,005	-0,01	
0,01	-0,01	
0,015	-0,01	
0,02	-0,01	
0,025	-0,01	
0,03	0	
0,035	0	
0,04	0	
0,045	0	
0,05	0	
0,055	0	
0,06	0	
0,065	0	
0,07	0	
0,075	0	
0,08	0	
0,085	0	
0,09	0	
0,095	0	
0,1	0	
0,105	0	
0,11	0	
0,115	0	
0,12	0	
0,125	0	
0,13	0	
0,135	0	
0,14	0	
0,145	0	
0,15	0	
0,155	0	
0,16	0	
0,165	0	
0,17	0	
0,175	0	
0,18	0	
0,185	0	
0,19	0	
0,195	0	
0,2	0	
0,205	0	
0,21	0	
0,215	0	
0,22	0	
0,225	0	
0,23	0	
0,235	0	
0,24	0	
0,245	0	
0,25	0	
0,255	0	
0,26	0	
0,265	0	
0,27	0	
0,275	0	
0,28	0	
0,285	0	
0,29	0	
0,295	0	
0,3	0	
0,305	0	
0,31	0	
0,315	0	
0,32	0	
0,325	0	
0,33	0	
0,335	0	
0,34	0	
0,345	0	
0,35	0	
0,355	0	
0,36	0	
0,365	0	
0,37	0	
0,375	0	
0,38	0,01	
0,385	0,01	
0,39	0,01	
0,395	0	
0,4	0	
0,405	0	
0,41	0	
0,415	0	
0,42	0	
0,425	0	
0,43	0	
0,435	0,01	
0,44	0,01	
0,445	0,01	
0,45	0	
0,455	0	
0,46	0	
0,465	0	
0,47	0	
0,475	0	
0,48	0	
0,485	0	
0,49	0,01	
0,495	0,01	
0,5	0,01	
0,505	0,01	
0,51	0,01	
0,515	0,01	
0,52	0,01	
0,525	0,01	
0,53	0,01	
0,535	0,01	
0,54	0,01	
0,545	0,01	
0,55	0	
0,555	0	
0,56	0,01	
0,565	0,01	
0,57	0,01	
0,575	0,01	
0,58	0,01	
0,585	0	
0,59	0	
0,595	0	
0,6	0	
0,605	0	
0,61	0	
0,615	0	
0,62	0	
0,625	0	
0,63	0	
0,635	0	
0,64	0	
0,645	0	
0,65	0	
0,655	0	
0,66	0	
0,665	0,01	
0,67	0,01	
0,675	0,01	
0,68	0,01	
0,685	0	
0,69	0	
0,695	0	
0,7	0	
0,705	0	
0,71	0	
0,715	0	
0,72	0	
0,725	0	
0,73	0	
0,735	0	
0,74	0	
0,745	0	
0,75	0	
0,755	0	
0,76	0	
0,765	0	
0,77	0	
0,775	0	
0,78	0	
0,785	0	
0,79	0	
0,795	0	
0,8	0	
0,805	0	
0,81	0	
0,815	0	
0,82	0	
0,825	0	
0,83	0	
0,835	0	
0,84	0	
0,845	0	
0,85	0	
0,855	0	
0,86	0	
0,865	0	
0,87	0	
0,875	0	
0,88	0	
0,885	0	
0,89	0	
0,895	0	
0,9	0	
0,905	0	
0,91	0	
0,915	0	
0,92	0	
0,925	0	
0,93	0	
0,935	0	
0,94	0	
0,945	0	
0,95	0	
0,955	0	
0,96	0	
0,965	0	
0,97	0	
0,975	0	
0,98	0	
0,985	0	
0,99	-0,01	
0,995	-0,01	
1,0	0	
1,005	0	
1,01	0	
1,015	0	
1,02	0	
1,025	0	
1,03	-0,01	
1,035	0	
1,04	0	
1,045	0	
1,05	0	
1,055	0	
1,06	0	
1,065	0	
1,07	0	
1,075	-0,01	
1,08	0	
1,085	0	
1,09	0	
1,095	0	
1,1	0	
1,105	0	
1,11	-0,01	
1,115	-0,01	
1,12	-0,01	
1,125	0	
1,13	0	
1,135	0	
1,14	0	
1,145	0	
1,15	0	
1,155	0	
1,16	0	
1,165	0	
1,17	0	
1,175	-0,01	
1,18	-0,01	
1,185	-0,01	
1,19	0	
1,195	0	
1,2	0	
1,205	0	
1,21	0	
1,215	0	
1,22	-0,01	
1,225	-0,01	
1,23	-0,01	
1,235	-0,01	
1,24	0	
1,245	0	
1,25	0	
1,255	0	
1,26	-0,01	
1,265	-0,01	
1,27	-0,01	
1,275	-0,01	
1,28	-0,01	
1,285	-0,01	
1,29	0	
1,295	0	
1,3	0	
1,305	0	
1,31	0	
1,315	0	
1,32	0	
1,325	0	
1,33	0	
1,335	0	
1,34	0	
1,345	0	
1,35	0	
1,355	0	
1,36	0	
1,365	0	
1,37	0	
1,375	0	
1,38	-0,01	
1,385	-0,01	
1,39	-0,01	
1,395	-0,01	
1,4	0	
1,405	0	
1,41	0	
1,415	0	
1,42	0	
1,425	0	
1,43	0	
1,435	0	
1,44	0	
1,445	0	
1,45	0	
1,455	0	
1,46	0	
1,465	-0,01	
1,47	0	
1,475	0	
1,48	0	
1,485	0	
1,49	0	
1,495	0	
1,5	0	
1,505	-0,01	
1,51	0	
1,515	0	
1,52	0	
1,525	0	
1,53	0	
1,535	0	
1,54	0	
1,545	0	
1,55	0	
1,555	0	
1,56	0	
1,565	0	
1,57	0	
1,575	0	
1,58	0	
1,585	0	
1,59	0	
1,595	0	
1,6	0	
1,605	0	
1,61	0	
1,615	0	
1,62	0	
1,625	0,01	
1,63	0	
1,635	0	
1,64	0	
1,645	0	
1,65	0	
1,655	0	
1,66	0	
1,665	0,01	
1,67	0	
1,675	0	
1,68	0	
1,685	0	
1,69	0	
1,695	0	
1,7	0	
1,705	0,01	
1,71	0,01	
1,715	0,01	
1,72	0	
1,725	0	
1,73	0	
1,735	0	
1,74	0	
1,745	0	
1,75	0	
1,755	0	
1,76	0,01	
1,765	0	
1,77	0,01	
1,775	0,01	
1,78	0	
1,785	0	
1,79	0	
1,795	0	
1,8	0	
1,805	0	
1,81	0,01	
1,815	0,01	
1,82	0,01	
1,825	0	
1,83	0	
1,835	0	
1,84	0	
1,845	0	
1,85	0	
1,855	0	
1,86	0,01	
1,865	0,01	
1,87	0,01	
1,875	0	
1,88	0	
1,885	0	
1,89	0	
1,895	0	
1,9	0	
1,905	0	
1,91	0	
1,915	0	
1,92	0	
1,925	0	
1,93	0	
1,935	0	
1,94	0,01	
1,945	0,01	
1,95	0	
1,955	0	
1,96	-0,01	
1,965	-0,02	
1,97	-0,02	
1,975	0	
1,98	0,01	
1,985	0,03	
1,99	0,03	
1,995	0,03	
2,0	0,01	
2,005	-0,02	
2,01	-0,05	
2,015	-0,05	
2,02	-0,04	
2,025	-0,02	
2,03	0,01	
2,035	0,03	
2,04	0,04	
2,045	0,02	
2,05	-0,01	
2,055	-0,06	
2,06	-0,08	
2,065	-0,09	
2,07	-0,07	
2,075	-0,03	
2,08	0,02	
2,085	0,05	
2,09	0,05	
2,095	0,03	
2,1	-0,04	
2,105	-0,09	
2,11	-0,12	
2,115	-0,11	
2,12	-0,08	
2,125	-0,03	
2,13	0,02	
2,135	0,05	
2,14	0,04	
2,145	-0,02	
2,15	-0,08	
2,155	-0,13	
2,16	-0,15	
2,165	-0,13	
2,17	-0,09	
2,175	-0,04	
2,18	0,02	
2,185	0,03	
2,19	0	
2,195	-0,06	
2,2	-0,12	
2,205	-0,16	
2,21	-0,16	
2,215	-0,14	
2,22	-0,09	
2,225	-0,04	
2,23	-0,01	
2,235	-0,01	
2,24	-0,05	
2,245	-0,1	
2,25	-0,15	
2,255	-0,18	
2,26	-0,17	
2,265	-0,14	
2,27	-0,1	
2,275	-0,06	
2,28	-0,04	
2,285	-0,06	
2,29	-0,11	
2,295	-0,15	
2,3	-0,18	
2,305	-0,19	
2,31	-0,16	
2,315	-0,13	
2,32	-0,09	
2,325	-0,07	
2,33	-0,08	
2,335	-0,12	
2,34	-0,16	
2,345	-0,19	
2,35	-0,2	
2,355	-0,18	
2,36	-0,15	
2,365	-0,12	
2,37	-0,09	
2,375	-0,1	
2,38	-0,13	
2,385	-0,17	
2,39	-0,2	
2,395	-0,21	
2,4	-0,2	
2,405	-0,17	
2,41	-0,13	
2,415	-0,1	
2,42	-0,1	
2,425	-0,13	
2,43	-0,17	
2,435	-0,21	
2,44	-0,23	
2,445	-0,22	
2,45	-0,2	
2,455	-0,15	
2,46	-0,12	
2,465	-0,09	
2,47	-0,11	
2,475	-0,14	
2,48	-0,19	
2,485	-0,22	
2,49	-0,23	
2,495	-0,21	
2,5	-0,18	
2,505	-0,14	
2,51	-0,09	
2,515	-0,09	
2,52	-0,12	
2,525	-0,15	
2,53	-0,19	
2,535	-0,21	
2,54	-0,21	
2,545	-0,19	
2,55	-0,15	
2,555	-0,11	
2,56	-0,09	
2,565	-0,09	
2,57	-0,11	
2,575	-0,14	
2,58	-0,16	
2,585	-0,17	
2,59	-0,16	
2,595	-0,15	
2,6	-0,11	
2,605	-0,09	
2,61	-0,08	
2,615	-0,08	
2,62	-0,09	
2,625	-0,1	
2,63	-0,11	
2,635	-0,11	
2,64	-0,11	
2,645	-0,09	
2,65	-0,08	
2,655	-0,06	
2,66	-0,06	
2,665	-0,05	
2,67	-0,05	
2,675	-0,05	
2,68	-0,05	
2,685	-0,04	
2,69	-0,04	
2,695	-0,04	
2,7	-0,04	
2,705	-0,03	
2,71	-0,01	
2,715	-0,01	
2,72	0,01	
2,725	0,01	
2,73	0,02	
2,735	0,02	
2,74	0,01	
2,745	0,02	
2,75	0,02	
2,755	0,03	
2,76	0,04	
2,765	0,06	
2,77	0,07	
2,775	0,08	
2,78	0,08	
2,785	0,08	
2,79	0,07	
2,795	0,07	
2,8	0,08	
2,805	0,09	
2,81	0,11	
2,815	0,12	
2,82	0,14	
2,825	0,14	
2,83	0,14	
2,835	0,13	
2,84	0,14	
2,845	0,15	
2,85	0,16	
2,855	0,18	
2,86	0,2	
2,865	0,2	
2,87	0,2	
2,875	0,19	
2,88	0,18	
2,885	0,18	
2,89	0,19	
2,895	0,21	
2,9	0,24	
2,905	0,26	
2,91	0,27	
2,915	0,27	
2,92	0,24	
2,925	0,22	
2,93	0,21	
2,935	0,22	
2,94	0,25	
2,945	0,28	
2,95	0,31	
2,955	0,34	
2,96	0,34	
2,965	0,31	
2,97	0,28	
2,975	0,25	
2,98	0,24	
2,985	0,26	
2,99	0,29	
2,995	0,33	
3,0	0,37	
3,005	0,39	
3,01	0,37	
3,015	0,33	
3,02	0,29	
3,025	0,26	
3,03	0,26	
3,035	0,28	
3,04	0,32	
3,045	0,37	
3,05	0,4	
3,055	0,41	
3,06	0,38	
3,065	0,34	
3,07	0,3	
3,075	0,27	
3,08	0,27	
3,085	0,3	
3,09	0,34	
3,095	0,38	
3,1	0,41	
3,105	0,39	
3,11	0,36	
3,115	0,32	
3,12	0,29	
3,125	0,27	
3,13	0,28	
3,135	0,31	
3,14	0,34	
3,145	0,37	
3,15	0,37	
3,155	0,35	
3,16	0,32	
3,165	0,28	
3,17	0,26	
3,175	0,26	
3,18	0,27	
3,185	0,3	
3,19	0,32	
3,195	0,33	
3,2	0,31	
3,205	0,28	
3,21	0,26	
3,215	0,24	
3,22	0,23	
3,225	0,23	
3,23	0,24	
3,235	0,26	
3,24	0,26	
3,245	0,24	
3,25	0,22	
3,255	0,19	
3,26	0,17	
3,265	0,16	
3,27	0,17	
3,275	0,18	
3,28	0,2	
3,285	0,2	
3,29	0,18	
3,295	0,15	
3,3	0,12	
3,305	0,09	
3,31	0,08	
3,315	0,09	
3,32	0,1	
3,325	0,12	
3,33	0,12	
3,335	0,11	
3,34	0,08	
3,345	0,04	
3,35	0,01	
3,355	-0,02	
3,36	-0,02	
3,365	-0,01	
3,37	0,01	
3,375	0,03	
3,38	0,02	
3,385	0	
3,39	-0,03	
3,395	-0,07	
3,4	-0,1	
3,405	-0,11	
3,41	-0,11	
3,415	-0,1	
3,42	-0,07	
3,425	-0,07	
3,43	-0,07	
3,435	-0,1	
3,44	-0,14	
3,445	-0,18	
3,45	-0,22	
3,455	-0,24	
3,46	-0,24	
3,465	-0,21	
3,47	-0,18	
3,475	-0,15	
3,48	-0,15	
3,485	-0,17	
3,49	-0,22	
3,495	-0,27	
3,5	-0,32	
3,505	-0,35	
3,51	-0,35	
3,515	-0,32	
3,52	-0,28	
3,525	-0,25	
3,53	-0,24	
3,535	-0,26	
3,54	-0,29	
3,545	-0,34	
3,55	-0,39	
3,555	-0,43	
3,56	-0,43	
3,565	-0,41	
3,57	-0,38	
3,575	-0,35	
3,58	-0,34	
3,585	-0,34	
3,59	-0,37	
3,595	-0,4	
3,6	-0,46	
3,605	-0,48	
3,61	-0,48	
3,615	-0,47	
3,62	-0,44	
3,625	-0,42	
3,63	-0,4	
3,635	-0,41	
3,64	-0,42	
3,645	-0,46	
3,65	-0,49	
3,655	-0,51	
3,66	-0,52	
3,665	-0,5	
3,67	-0,48	
3,675	-0,45	
3,68	-0,44	
3,685	-0,44	
3,69	-0,47	
3,695	-0,49	
3,7	-0,51	
3,705	-0,52	
3,71	-0,51	
3,715	-0,48	
3,72	-0,46	
3,725	-0,44	
3,73	-0,43	
3,735	-0,45	
3,74	-0,47	
3,745	-0,49	
3,75	-0,51	
3,755	-0,5	
3,76	-0,48	
3,765	-0,45	
3,77	-0,42	
3,775	-0,4	
3,78	-0,4	
3,785	-0,43	
3,79	-0,45	
3,795	-0,47	
3,8	-0,47	
3,805	-0,45	
3,81	-0,41	
3,815	-0,37	
3,82	-0,34	
3,825	-0,33	
3,83	-0,35	
3,835	-0,38	
3,84	-0,4	
3,845	-0,41	
3,85	-0,4	
3,855	-0,36	
3,86	-0,31	
3,865	-0,27	
3,87	-0,23	
3,875	-0,24	
3,88	-0,27	
3,885	-0,3	
3,89	-0,33	
3,895	-0,33	
3,9	-0,3	
3,905	-0,25	
3,91	-0,19	
3,915	-0,14	
3,92	-0,11	
3,925	-0,13	
3,93	-0,16	
3,935	-0,2	
3,94	-0,22	
3,945	-0,21	
3,95	-0,17	
3,955	-0,11	
3,96	-0,05	
3,965	0,01	
3,97	0,02	
3,975	-0,01	
3,98	-0,05	
3,985	-0,09	
3,99	-0,1	
3,995	-0,08	
4,0	-0,03	
4,005	0,04	
4,01	0,12	
4,015	0,15	
4,02	0,14	
4,025	0,11	
4,03	0,07	
4,035	0,05	
4,04	0,05	
4,045	0,08	
4,05	0,13	
4,055	0,22	
4,06	0,26	
4,065	0,27	
4,07	0,25	
4,075	0,22	
4,08	0,2	
4,085	0,19	
4,09	0,2	
4,095	0,23	
4,1	0,31	
4,105	0,35	
4,11	0,37	
4,115	0,38	
4,12	0,36	
4,125	0,33	
4,13	0,32	
4,135	0,32	
4,14	0,34	
4,145	0,4	
4,15	0,45	
4,155	0,47	
4,16	0,48	
4,165	0,47	
4,17	0,45	
4,175	0,43	
4,18	0,42	
4,185	0,43	
4,19	0,48	
4,195	0,51	
4,2	0,54	
4,205	0,56	
4,21	0,55	
4,215	0,54	
4,22	0,52	
4,225	0,51	
4,23	0,5	
4,235	0,52	
4,24	0,57	
4,245	0,6	
4,25	0,62	
4,255	0,62	
4,26	0,61	
4,265	0,58	
4,27	0,56	
4,275	0,55	
4,28	0,55	
4,285	0,58	
4,29	0,61	
4,295	0,64	
4,3	0,65	
4,305	0,65	
4,31	0,63	
4,315	0,6	
4,32	0,58	
4,325	0,57	
4,33	0,57	
4,335	0,59	
4,34	0,62	
4,345	0,64	
4,35	0,65	
4,355	0,64	
4,36	0,62	
4,365	0,59	
4,37	0,57	
4,375	0,54	
4,38	0,54	
4,385	0,56	
4,39	0,58	
4,395	0,59	
4,4	0,6	
4,405	0,59	
4,41	0,57	
4,415	0,54	
4,42	0,49	
4,425	0,47	
4,43	0,47	
4,435	0,48	
4,44	0,49	
4,445	0,51	
4,45	0,52	
4,455	0,51	
4,46	0,49	
4,465	0,44	
4,47	0,4	
4,475	0,38	
4,48	0,37	
4,485	0,37	
4,49	0,38	
4,495	0,4	
4,5	0,4	
4,505	0,4	
4,51	0,36	
4,515	0,32	
4,52	0,28	
4,525	0,25	
4,53	0,24	
4,535	0,24	
4,54	0,26	
4,545	0,27	
4,55	0,27	
4,555	0,24	
4,56	0,21	
4,565	0,17	
4,57	0,13	
4,575	0,1	
4,58	0,09	
4,585	0,09	
4,59	0,1	
4,595	0,11	
4,6	0,1	
4,605	0,07	
4,61	0,03	
4,615	-0,01	
4,62	-0,04	
4,625	-0,05	
4,63	-0,05	
4,635	-0,04	
4,64	-0,04	
4,645	-0,04	
4,65	-0,08	
4,655	-0,11	
4,66	-0,15	
4,665	-0,18	
4,67	-0,2	
4,675	-0,2	
4,68	-0,2	
4,685	-0,19	
4,69	-0,19	
4,695	-0,21	
4,7	-0,25	
4,705	-0,29	
4,71	-0,33	
4,715	-0,35	
4,72	-0,36	
4,725	-0,36	
4,73	-0,34	
4,735	-0,33	
4,74	-0,34	
4,745	-0,36	
4,75	-0,4	
4,755	-0,45	
4,76	-0,49	
4,765	-0,5	
4,77	-0,5	
4,775	-0,48	
4,78	-0,46	
4,785	-0,45	
4,79	-0,47	
4,795	-0,5	
4,8	-0,54	
4,805	-0,59	
4,81	-0,61	
4,815	-0,62	
4,82	-0,6	
4,825	-0,58	
4,83	-0,54	
4,835	-0,54	
4,84	-0,56	
4,845	-0,6	
4,85	-0,64	
4,855	-0,68	
4,86	-0,7	
4,865	-0,7	
4,87	-0,67	
4,875	-0,63	
4,88	-0,61	
4,885	-0,61	
4,89	-0,63	
4,895	-0,67	
4,9	-0,7	
4,905	-0,73	
4,91	-0,74	
4,915	-0,73	
4,92	-0,69	
4,925	-0,66	
4,93	-0,64	
4,935	-0,64	
4,94	-0,66	
4,945	-0,69	
4,95	-0,71	
4,955	-0,73	
4,96	-0,74	
4,965	-0,7	
4,97	-0,67	
4,975	-0,65	
4,98	-0,63	
4,985	-0,63	
4,99	-0,64	
4,995	-0,66	
5,0	-0,68	
5,005	-0,68	
5,01	-0,67	
5,015	-0,65	
5,02	-0,62	
5,025	-0,6	
5,03	-0,58	
5,035	-0,58	
5,04	-0,58	
5,045	-0,59	
5,05	-0,59	
5,055	-0,58	
5,06	-0,57	
5,065	-0,54	
5,07	-0,52	
5,075	-0,5	
5,08	-0,5	
5,085	-0,49	
5,09	-0,49	
5,095	-0,49	
5,1	-0,47	
5,105	-0,45	
5,11	-0,43	
5,115	-0,41	
5,12	-0,39	
5,125	-0,38	
5,13	-0,37	
5,135	-0,36	
5,14	-0,36	
5,145	-0,34	
5,15	-0,32	
5,155	-0,29	
5,16	-0,27	
5,165	-0,25	
5,17	-0,24	
5,175	-0,22	
5,18	-0,22	
5,185	-0,21	
5,19	-0,2	
5,195	-0,17	
5,2	-0,15	
5,205	-0,12	
5,21	-0,1	
5,215	-0,08	
5,22	-0,06	
5,225	-0,05	
5,23	-0,04	
5,235	-0,03	
5,24	-0,02	
5,245	0	
5,25	0,03	
5,255	0,05	
5,26	0,08	
5,265	0,1	
5,27	0,12	
5,275	0,14	
5,28	0,15	
5,285	0,16	
5,29	0,17	
5,295	0,18	
5,3	0,2	
5,305	0,23	
5,31	0,26	
5,315	0,29	
5,32	0,31	
5,325	0,33	
5,33	0,33	
5,335	0,33	
5,34	0,33	
5,345	0,34	
5,35	0,35	
5,355	0,38	
5,36	0,42	
5,365	0,45	
5,37	0,48	
5,375	0,49	
5,38	0,49	
5,385	0,48	
5,39	0,47	
5,395	0,48	
5,4	0,49	
5,405	0,52	
5,41	0,56	
5,415	0,59	
5,42	0,62	
5,425	0,63	
5,43	0,62	
5,435	0,61	
5,44	0,59	
5,445	0,59	
5,45	0,61	
5,455	0,64	
5,46	0,67	
5,465	0,71	
5,47	0,72	
5,475	0,72	
5,48	0,7	
5,485	0,68	
5,49	0,67	
5,495	0,67	
5,5	0,68	
5,505	0,71	
5,51	0,75	
5,515	0,77	
5,52	0,77	
5,525	0,76	
5,53	0,74	
5,535	0,72	
5,54	0,71	
5,545	0,71	
5,55	0,72	
5,555	0,75	
5,56	0,77	
5,565	0,77	
5,57	0,77	
5,575	0,75	
5,58	0,73	
5,585	0,71	
5,59	0,71	
5,595	0,71	
5,6	0,72	
5,605	0,74	
5,61	0,74	
5,615	0,73	
5,62	0,71	
5,625	0,69	
5,63	0,67	
5,635	0,66	
5,64	0,66	
5,645	0,66	
5,65	0,67	
5,655	0,67	
5,66	0,66	
5,665	0,64	
5,67	0,61	
5,675	0,59	
5,68	0,57	
5,685	0,56	
5,69	0,56	
5,695	0,57	
5,7	0,57	
5,705	0,56	
5,71	0,54	
5,715	0,51	
5,72	0,48	
5,725	0,45	
5,73	0,44	
5,735	0,43	
5,74	0,44	
5,745	0,45	
5,75	0,44	
5,755	0,42	
5,76	0,39	
5,765	0,36	
5,77	0,32	
5,775	0,29	
5,78	0,28	
5,785	0,27	
5,79	0,27	
5,795	0,28	
5,8	0,27	
5,805	0,25	
5,81	0,21	
5,815	0,17	
5,82	0,14	
5,825	0,12	
5,83	0,1	
5,835	0,1	
5,84	0,1	
5,845	0,1	
5,85	0,08	
5,855	0,06	
5,86	0,02	
5,865	-0,01	
5,87	-0,04	
5,875	-0,07	
5,88	-0,08	
5,885	-0,09	
5,89	-0,09	
5,895	-0,1	
5,9	-0,12	
5,905	-0,14	
5,91	-0,17	
5,915	-0,2	
5,92	-0,23	
5,925	-0,25	
5,93	-0,26	
5,935	-0,27	
5,94	-0,28	
5,945	-0,29	
5,95	-0,31	
5,955	-0,33	
5,96	-0,35	
5,965	-0,38	
5,97	-0,4	
5,975	-0,42	
5,98	-0,43	
5,985	-0,44	
5,99	-0,45	
5,995	-0,46	
6,0	-0,47	
6,005	-0,49	
6,01	-0,51	
6,015	-0,53	
6,02	-0,54	
6,025	-0,55	
6,03	-0,56	
6,035	-0,58	
6,04	-0,58	
6,045	-0,6	
6,05	-0,61	
6,055	-0,62	
6,06	-0,64	
6,065	-0,64	
6,07	-0,65	
6,075	-0,66	
6,08	-0,67	
6,085	-0,68	
6,09	-0,68	
6,095	-0,69	
6,1	-0,7	
6,105	-0,71	
6,11	-0,72	
6,115	-0,72	
6,12	-0,72	
6,125	-0,72	
6,13	-0,72	
6,135	-0,73	
6,14	-0,73	
6,145	-0,74	
6,15	-0,75	
6,155	-0,75	
6,16	-0,75	
6,165	-0,75	
6,17	-0,75	
6,175	-0,74	
6,18	-0,74	
6,185	-0,74	
6,19	-0,73	
6,195	-0,74	
6,2	-0,75	
6,205	-0,75	
6,21	-0,76	
6,215	-0,75	
6,22	-0,75	
6,225	-0,73	
6,23	-0,72	
6,235	-0,7	
6,24	-0,69	
6,245	-0,69	
6,25	-0,69	
6,255	-0,7	
6,26	-0,7	
6,265	-0,69	
6,27	-0,68	
6,275	-0,65	
6,28	-0,63	
6,285	-0,6	
6,29	-0,6	
6,295	-0,59	
6,3	-0,6	
6,305	-0,6	
6,31	-0,6	
6,315	-0,59	
6,32	-0,57	
6,325	-0,55	
6,33	-0,51	
6,335	-0,48	
6,34	-0,47	
6,345	-0,46	
6,35	-0,47	
6,355	-0,47	
6,36	-0,47	
6,365	-0,45	
6,37	-0,43	
6,375	-0,38	
6,38	-0,35	
6,385	-0,33	
6,39	-0,31	
6,395	-0,31	
6,4	-0,3	
6,405	-0,31	
6,41	-0,3	
6,415	-0,29	
6,42	-0,25	
6,425	-0,22	
6,43	-0,18	
6,435	-0,16	
6,44	-0,15	
6,445	-0,14	
6,45	-0,13	
6,455	-0,12	
6,46	-0,11	
6,465	-0,08	
6,47	-0,05	
6,475	-0,02	
6,48	0	
6,485	0,02	
6,49	0,04	
6,495	0,05	
6,5	0,05	
6,505	0,06	
6,51	0,08	
6,515	0,11	
6,52	0,14	
6,525	0,16	
6,53	0,18	
6,535	0,19	
6,54	0,2	
6,545	0,22	
6,55	0,23	
6,555	0,25	
6,56	0,29	
6,565	0,31	
6,57	0,32	
6,575	0,34	
6,58	0,35	
6,585	0,35	
6,59	0,36	
6,595	0,37	
6,6	0,39	
6,605	0,42	
6,61	0,45	
6,615	0,46	
6,62	0,48	
6,625	0,49	
6,63	0,49	
6,635	0,5	
6,64	0,5	
6,645	0,52	
6,65	0,54	
6,655	0,57	
6,66	0,59	
6,665	0,6	
6,67	0,61	
6,675	0,61	
6,68	0,6	
6,685	0,6	
6,69	0,6	
6,695	0,62	
6,7	0,64	
6,705	0,66	
6,71	0,67	
6,715	0,69	
6,72	0,7	
6,725	0,69	
6,73	0,69	
6,735	0,68	
6,74	0,68	
6,745	0,69	
6,75	0,7	
6,755	0,71	
6,76	0,73	
6,765	0,74	
6,77	0,74	
6,775	0,73	
6,78	0,72	
6,785	0,71	
6,79	0,7	
6,795	0,71	
6,8	0,71	
6,805	0,72	
6,81	0,73	
6,815	0,73	
6,82	0,73	
6,825	0,72	
6,83	0,71	
6,835	0,69	
6,84	0,69	
6,845	0,68	
6,85	0,68	
6,855	0,68	
6,86	0,68	
6,865	0,68	
6,87	0,68	
6,875	0,67	
6,88	0,65	
6,885	0,64	
6,89	0,62	
6,895	0,61	
6,9	0,61	
6,905	0,6	
6,91	0,6	
6,915	0,6	
6,92	0,58	
6,925	0,57	
6,93	0,56	
6,935	0,54	
6,94	0,52	
6,945	0,51	
6,95	0,5	
6,955	0,49	
6,96	0,48	
6,965	0,47	
6,97	0,45	
6,975	0,44	
6,98	0,43	
6,985	0,41	
6,99	0,39	
6,995	0,37	
7,0	0,35	
7,005	0,34	
7,01	0,33	
7,015	0,31	
7,02	0,3	
7,025	0,28	
7,03	0,27	
7,035	0,25	
7,04	0,23	
7,045	0,21	
7,05	0,19	
7,055	0,18	
7,06	0,16	
7,065	0,14	
7,07	0,13	
7,075	0,11	
7,08	0,09	
7,085	0,08	
7,09	0,06	
7,095	0,04	
7,1	0,03	
7,105	0	
7,11	-0,01	
7,115	-0,03	
7,12	-0,05	
7,125	-0,07	
7,13	-0,09	
7,135	-0,1	
7,14	-0,12	
7,145	-0,13	
7,15	-0,15	
7,155	-0,16	
7,16	-0,18	
7,165	-0,2	
7,17	-0,22	
7,175	-0,24	
7,18	-0,26	
7,185	-0,27	
7,19	-0,28	
7,195	-0,29	
7,2	-0,3	
7,205	-0,31	
7,21	-0,33	
7,215	-0,35	
7,22	-0,37	
7,225	-0,39	
7,23	-0,41	
7,235	-0,42	
7,24	-0,42	
7,245	-0,43	
7,25	-0,43	
7,255	-0,44	
7,26	-0,46	
7,265	-0,48	
7,27	-0,5	
7,275	-0,51	
7,28	-0,53	
7,285	-0,54	
7,29	-0,54	
7,295	-0,54	
7,3	-0,54	
7,305	-0,55	
7,31	-0,56	
7,315	-0,57	
7,32	-0,59	
7,325	-0,61	
7,33	-0,62	
7,335	-0,62	
7,34	-0,61	
7,345	-0,61	
7,35	-0,61	
7,355	-0,61	
7,36	-0,62	
7,365	-0,63	
7,37	-0,64	
7,375	-0,65	
7,38	-0,65	
7,385	-0,65	
7,39	-0,64	
7,395	-0,64	
7,4	-0,64	
7,405	-0,64	
7,41	-0,65	
7,415	-0,65	
7,42	-0,65	
7,425	-0,65	
7,43	-0,65	
7,435	-0,65	
7,44	-0,64	
7,445	-0,64	
7,45	-0,63	
7,455	-0,63	
7,46	-0,63	
7,465	-0,63	
7,47	-0,62	
7,475	-0,61	
7,48	-0,61	
7,485	-0,59	
7,49	-0,59	
7,495	-0,58	
7,5	-0,58	
7,505	-0,58	
7,51	-0,57	
7,515	-0,56	
7,52	-0,55	
7,525	-0,54	
7,53	-0,53	
7,535	-0,52	
7,54	-0,51	
7,545	-0,5	
7,55	-0,5	
7,555	-0,49	
7,56	-0,48	
7,565	-0,46	
7,57	-0,44	
7,575	-0,43	
7,58	-0,41	
7,585	-0,4	
7,59	-0,39	
7,595	-0,39	
7,6	-0,38	
7,605	-0,37	
7,61	-0,36	
7,615	-0,34	
7,62	-0,32	
7,625	-0,3	
7,63	-0,29	
7,635	-0,27	
7,64	-0,26	
7,645	-0,25	
7,65	-0,24	
7,655	-0,23	
7,66	-0,22	
7,665	-0,2	
7,67	-0,18	
7,675	-0,16	
7,68	-0,14	
7,685	-0,12	
7,69	-0,11	
7,695	-0,09	
7,7	-0,09	
7,705	-0,08	
7,71	-0,07	
7,715	-0,05	
7,72	-0,04	
7,725	-0,02	
7,73	0,01	
7,735	0,02	
7,74	0,05	
7,745	0,06	
7,75	0,07	
7,755	0,07	
7,76	0,08	
7,765	0,09	
7,77	0,11	
7,775	0,13	
7,78	0,15	
7,785	0,18	
7,79	0,19	
7,795	0,2	
7,8	0,21	
7,805	0,22	
7,81	0,23	
7,815	0,24	
7,82	0,25	
7,825	0,26	
7,83	0,29	
7,835	0,31	
7,84	0,32	
7,845	0,33	
7,85	0,34	
7,855	0,35	
7,86	0,35	
7,865	0,36	
7,87	0,37	
7,875	0,38	
7,88	0,4	
7,885	0,41	
7,89	0,43	
7,895	0,44	
7,9	0,44	
7,905	0,45	
7,91	0,45	
7,915	0,45	
7,92	0,46	
7,925	0,47	
7,93	0,48	
7,935	0,49	
7,94	0,5	
7,945	0,51	
7,95	0,51	
7,955	0,51	
7,96	0,52	
7,965	0,52	
7,97	0,52	
7,975	0,53	
7,98	0,53	
7,985	0,53	
7,99	0,54	
7,995	0,54	
8,0	0,54	
8,005	0,54	
8,01	0,55	
8,015	0,55	
8,02	0,55	
8,025	0,55	
8,03	0,55	
8,035	0,54	
8,04	0,54	
8,045	0,54	
8,05	0,54	
8,055	0,54	
8,06	0,55	
8,065	0,55	
8,07	0,55	
8,075	0,54	
8,08	0,53	
8,085	0,52	
8,09	0,51	
8,095	0,51	
8,1	0,51	
8,105	0,51	
8,11	0,51	
8,115	0,51	
8,12	0,51	
8,125	0,5	
8,13	0,48	
8,135	0,47	
8,14	0,45	
8,145	0,44	
8,15	0,44	
8,155	0,44	
8,16	0,44	
8,165	0,44	
8,17	0,43	
8,175	0,42	
8,18	0,4	
8,185	0,38	
8,19	0,37	
8,195	0,35	
8,2	0,35	
8,205	0,35	
8,21	0,35	
8,215	0,35	
8,22	0,34	
8,225	0,32	
8,23	0,3	
8,235	0,28	
8,24	0,26	
8,245	0,25	
8,25	0,24	
8,255	0,23	
8,26	0,23	
8,265	0,23	
8,27	0,22	
8,275	0,21	
8,28	0,19	
8,285	0,16	
8,29	0,15	
8,295	0,13	
8,3	0,12	
8,305	0,12	
8,31	0,11	
8,315	0,1	
8,32	0,09	
8,325	0,08	
8,33	0,06	
8,335	0,04	
8,34	0,02	
8,345	0,01	
8,35	0	
8,355	-0,01	
8,36	-0,02	
8,365	-0,03	
8,37	-0,03	
8,375	-0,05	
8,38	-0,06	
8,385	-0,08	
8,39	-0,09	
8,395	-0,1	
8,4	-0,11	
8,405	-0,12	
8,41	-0,13	
8,415	-0,14	
8,42	-0,15	
8,425	-0,17	
8,43	-0,18	
8,435	-0,18	
8,44	-0,19	
8,445	-0,2	
8,45	-0,21	
8,455	-0,22	
8,46	-0,23	
8,465	-0,25	
8,47	-0,26	
8,475	-0,27	
8,48	-0,27	
8,485	-0,28	
8,49	-0,28	
8,495	-0,29	
8,5	-0,29	
8,505	-0,3	
8,51	-0,32	
8,515	-0,33	
8,52	-0,34	
8,525	-0,34	
8,53	-0,35	
8,535	-0,35	
8,54	-0,35	
8,545	-0,35	
8,55	-0,36	
8,555	-0,36	
8,56	-0,38	
8,565	-0,39	
8,57	-0,39	
8,575	-0,4	
8,58	-0,4	
8,585	-0,4	
8,59	-0,4	
8,595	-0,39	
8,6	-0,39	
8,605	-0,4	
8,61	-0,41	
8,615	-0,41	
8,62	-0,42	
8,625	-0,42	
8,63	-0,42	
8,635	-0,42	
8,64	-0,41	
8,645	-0,41	
8,65	-0,4	
8,655	-0,4	
8,66	-0,41	
8,665	-0,41	
8,67	-0,41	
8,675	-0,42	
8,68	-0,42	
8,685	-0,42	
8,69	-0,41	
8,695	-0,4	
8,7	-0,39	
8,705	-0,39	
8,71	-0,39	
8,715	-0,39	
8,72	-0,39	
8,725	-0,39	
8,73	-0,39	
8,735	-0,38	
8,74	-0,37	
8,745	-0,36	
8,75	-0,35	
8,755	-0,34	
8,76	-0,34	
8,765	-0,34	
8,77	-0,34	
8,775	-0,33	
8,78	-0,33	
8,785	-0,33	
8,79	-0,31	
8,795	-0,3	
8,8	-0,29	
8,805	-0,28	
8,81	-0,28	
8,815	-0,27	
8,82	-0,27	
8,825	-0,27	
8,83	-0,26	
8,835	-0,25	
8,84	-0,25	
8,845	-0,24	
8,85	-0,23	
8,855	-0,22	
8,86	-0,21	
8,865	-0,21	
8,87	-0,2	
8,875	-0,19	
8,88	-0,18	
8,885	-0,17	
8,89	-0,16	
8,895	-0,15	
8,9	-0,14	
8,905	-0,14	
8,91	-0,13	
8,915	-0,12	
8,92	-0,11	
8,925	-0,1	
8,93	-0,09	
8,935	-0,08	
8,94	-0,07	
8,945	-0,06	
8,95	-0,06	
8,955	-0,05	
8,96	-0,04	
8,965	-0,03	
8,97	-0,02	
8,975	-0,01	
8,98	0	
8,985	0,01	
8,99	0,02	
8,995	0,02	
9,0	0,02	
9,005	0,03	
9,01	0,03	
9,015	0,05	
9,02	0,05	
9,025	0,07	
9,03	0,08	
9,035	0,09	
9,04	0,1	
9,045	0,1	
9,05	0,1	
9,055	0,1	
9,06	0,11	
9,065	0,12	
9,07	0,13	
9,075	0,14	
9,08	0,15	
9,085	0,16	
9,09	0,17	
9,095	0,17	
9,1	0,17	
9,105	0,17	
9,11	0,17	
9,115	0,17	
9,12	0,19	
9,125	0,19	
9,13	0,2	
9,135	0,21	
9,14	0,22	
9,145	0,22	
9,15	0,22	
9,155	0,21	
9,16	0,22	
9,165	0,22	
9,17	0,23	
9,175	0,23	
9,18	0,24	
9,185	0,25	
9,19	0,25	
9,195	0,25	
9,2	0,25	
9,205	0,25	
9,21	0,25	
9,215	0,25	
9,22	0,25	
9,225	0,25	
9,23	0,26	
9,235	0,26	
9,24	0,26	
9,245	0,26	
9,25	0,26	
9,255	0,26	
9,26	0,26	
9,265	0,26	
9,27	0,26	
9,275	0,25	
9,28	0,26	
9,285	0,26	
9,29	0,26	
9,295	0,26	
9,3	0,26	
9,305	0,26	
9,31	0,26	
9,315	0,26	
9,32	0,25	
9,325	0,25	
9,33	0,25	
9,335	0,24	
9,34	0,24	
9,345	0,24	
9,35	0,24	
9,355	0,24	
9,36	0,24	
9,365	0,23	
9,37	0,23	
9,375	0,23	
9,38	0,22	
9,385	0,21	
9,39	0,21	
9,395	0,21	
9,4	0,2	
9,405	0,2	
9,41	0,2	
9,415	0,2	
9,42	0,2	
9,425	0,19	
9,43	0,18	
9,435	0,17	
9,44	0,17	
9,445	0,16	
9,45	0,16	
9,455	0,16	
9,46	0,16	
9,465	0,16	
9,47	0,15	
9,475	0,15	
9,48	0,14	
9,485	0,13	
9,49	0,12	
9,495	0,12	
9,5	0,12	
9,505	0,11	
9,51	0,11	
9,515	0,11	
9,52	0,11	
9,525	0,1	
9,53	0,1	
9,535	0,09	
9,54	0,08	
9,545	0,07	
9,55	0,07	
9,555	0,07	
9,56	0,07	
9,565	0,07	
9,57	0,06	
9,575	0,06	
9,58	0,05	
9,585	0,04	
9,59	0,03	
9,595	0,03	
9,6	0,02	
9,605	0,02	
9,61	0,02	
9,615	0,02	
9,62	0,02	
9,625	0,02	
9,63	0,01	
9,635	0	
9,64	-0,01	
9,645	-0,02	
9,65	-0,02	
9,655	-0,02	
9,66	-0,02	
9,665	-0,02	
9,67	-0,02	
9,675	-0,02	
9,68	-0,03	
9,685	-0,03	
9,69	-0,04	
9,695	-0,04	
9,7	-0,05	
9,705	-0,05	
9,71	-0,05	
9,715	-0,05	
9,72	-0,05	
9,725	-0,05	
9,73	-0,05	
9,735	-0,06	
9,74	-0,06	
9,745	-0,07	
9,75	-0,07	
9,755	-0,07	
9,76	-0,07	
9,765	-0,07	
9,77	-0,08	
9,775	-0,07	
9,78	-0,08	
9,785	-0,08	
9,79	-0,08	
9,795	-0,08	
9,8	-0,08	
9,805	-0,08	
9,81	-0,08	
9,815	-0,08	
9,82	-0,08	
9,825	-0,08	
9,83	-0,09	
9,835	-0,09	
9,84	-0,09	
9,845	-0,09	
9,85	-0,09	
9,855	-0,09	
9,86	-0,09	
9,865	-0,1	
9,87	-0,1	
9,875	-0,09	
9,88	-0,09	
9,885	-0,09	
9,89	-0,09	
9,895	-0,09	
9,9	-0,08	
9,905	-0,08	
9,91	-0,09	
9,915	-0,09	
9,92	-0,09	
9,925	-0,1	
9,93	-0,1	
9,935	-0,09	
9,94	-0,09	
9,945	-0,08	
9,95	-0,08	
9,955	-0,08	
9,96	-0,08	
9,965	-0,09	
9,97	-0,09	
9,975	-0,1	
9,98	-0,09	
9,985	-0,09	
9,99	-0,08	
9,995	-0,07	
10,0	-0,07	
10,005	-0,07	
10,01	-0,07	
10,015	-0,08	
10,02	-0,08	
10,025	-0,09	
10,03	-0,09	
10,035	-0,08	
10,04	-0,07	
10,045	-0,06	
10,05	-0,06	
10,055	-0,06	
10,06	-0,07	
10,065	-0,07	
10,07	-0,08	
10,075	-0,08	
10,08	-0,08	
10,085	-0,08	
10,09	-0,07	
10,095	-0,07	
10,1	-0,06	
10,105	-0,06	
10,11	-0,06	
10,115	-0,06	
10,12	-0,06	
10,125	-0,06	
10,13	-0,06	
10,135	-0,06	
10,14	-0,06	
10,145	-0,05	
10,15	-0,05	
10,155	-0,05	
10,16	-0,05	
10,165	-0,06	
10,17	-0,06	
10,175	-0,06	
10,18	-0,06	
10,185	-0,06	
10,19	-0,06	
10,195	-0,06	
10,2	-0,06	
10,205	-0,06	
10,21	-0,06	
10,215	-0,06	
10,22	-0,06	
10,225	-0,06	
10,23	-0,06	
10,235	-0,06	
10,24	-0,06	
10,245	-0,06	
10,25	-0,06	
10,255	-0,06	
10,26	-0,06	
10,265	-0,06	
10,27	-0,06	
10,275	-0,06	
10,28	-0,06	
10,285	-0,06	
10,29	-0,06	
10,295	-0,06	
10,3	-0,07	
10,305	-0,07	
10,31	-0,07	
10,315	-0,07	
10,32	-0,06	
10,325	-0,06	
10,33	-0,07	
10,335	-0,06	
10,34	-0,07	
10,345	-0,07	
10,35	-0,07	
10,355	-0,07	
10,36	-0,07	
10,365	-0,07	
10,37	-0,07	
10,375	-0,07	
10,38	-0,07	
10,385	-0,07	
10,39	-0,07	
10,395	-0,07	
10,4	-0,08	
10,405	-0,08	
10,41	-0,08	
10,415	-0,08	
10,42	-0,08	
10,425	-0,07	
10,43	-0,07	
10,435	-0,07	
10,44	-0,07	
10,445	-0,08	
10,45	-0,08	
10,455	-0,09	
10,46	-0,09	
10,465	-0,09	
10,47	-0,08	
10,475	-0,08	
10,48	-0,08	
10,485	-0,08	
10,49	-0,08	
10,495	-0,08	
10,5	-0,09	
10,505	-0,09	
10,51	-0,09	
10,515	-0,09	
10,52	-0,08	
10,525	-0,07	
10,53	-0,07	
10,535	-0,07	
10,54	-0,07	
10,545	-0,07	
10,55	-0,08	
10,555	-0,08	
10,56	-0,08	
10,565	-0,08	
10,57	-0,07	
10,575	-0,07	
10,58	-0,06	
10,585	-0,06	
10,59	-0,06	
10,595	-0,06	
10,6	-0,06	
10,605	-0,07	
10,61	-0,07	
10,615	-0,06	
10,62	-0,06	
10,625	-0,06	
10,63	-0,06	
10,635	-0,05	
10,64	-0,05	
10,645	-0,05	
10,65	-0,05	
10,655	-0,05	
10,66	-0,05	
10,665	-0,04	
10,67	-0,04	
10,675	-0,04	
10,68	-0,03	
10,685	-0,03	
10,69	-0,03	
10,695	-0,02	
10,7	-0,02	
10,705	-0,01	
10,71	-0,01	
10,715	-0,01	
10,72	-0,01	
10,725	0	
10,73	0	
10,735	0	
10,74	0	
10,745	0	
10,75	0,01	
10,755	0,02	
10,76	0,02	
10,765	0,03	
10,77	0,03	
10,775	0,04	
10,78	0,03	
10,785	0,03	
10,79	0,04	
10,795	0,04	
10,8	0,05	
10,805	0,06	
10,81	0,07	
10,815	0,07	
10,82	0,08	
10,825	0,08	
10,83	0,08	
10,835	0,08	
10,84	0,08	
10,845	0,09	
10,85	0,09	
10,855	0,1	
10,86	0,1	
10,865	0,11	
10,87	0,12	
10,875	0,12	
10,88	0,13	
10,885	0,13	
10,89	0,13	
10,895	0,13	
10,9	0,14	
10,905	0,14	
10,91	0,15	
10,915	0,16	
10,92	0,16	
10,925	0,17	
10,93	0,17	
10,935	0,17	
10,94	0,16	
10,945	0,17	
10,95	0,17	
10,955	0,18	
10,96	0,19	
10,965	0,2	
10,97	0,2	
10,975	0,2	
10,98	0,2	
10,985	0,2	
10,99	0,2	
10,995	0,2	
11,0	0,2	
11,005	0,21	
11,01	0,22	
11,015	0,22	
11,02	0,23	
11,025	0,23	
11,03	0,23	
11,035	0,23	
11,04	0,23	
11,045	0,23	
11,05	0,23	
11,055	0,24	
11,06	0,24	
11,065	0,24	
11,07	0,24	
11,075	0,25	
11,08	0,24	
11,085	0,24	
11,09	0,24	
11,095	0,24	
11,1	0,24	
11,105	0,24	
11,11	0,25	
11,115	0,25	
11,12	0,25	
11,125	0,25	
11,13	0,25	
11,135	0,25	
11,14	0,25	
11,145	0,24	
11,15	0,24	
11,155	0,24	
11,16	0,24	
11,165	0,23	
11,17	0,23	
11,175	0,23	
11,18	0,23	
11,185	0,23	
11,19	0,23	
11,195	0,23	
11,2	0,22	
11,205	0,22	
11,21	0,21	
11,215	0,21	
11,22	0,2	
11,225	0,2	
11,23	0,2	
11,235	0,2	
11,24	0,2	
11,245	0,19	
11,25	0,19	
11,255	0,18	
11,26	0,17	
11,265	0,16	
11,27	0,15	
11,275	0,15	
11,28	0,14	
11,285	0,14	
11,29	0,14	
11,295	0,14	
11,3	0,13	
11,305	0,13	
11,31	0,12	
11,315	0,1	
11,32	0,1	
11,325	0,09	
11,33	0,08	
11,335	0,08	
11,34	0,08	
11,345	0,07	
11,35	0,07	
11,355	0,06	
11,36	0,05	
11,365	0,04	
11,37	0,02	
11,375	0,02	
11,38	0,01	
11,385	0	
11,39	0	
11,395	0	
11,4	-0,01	
11,405	-0,02	
11,41	-0,03	
11,415	-0,04	
11,42	-0,05	
11,425	-0,07	
11,43	-0,07	
11,435	-0,08	
11,44	-0,08	
11,445	-0,09	
11,45	-0,09	
11,455	-0,1	
11,46	-0,11	
11,465	-0,12	
11,47	-0,13	
11,475	-0,15	
11,48	-0,16	
11,485	-0,16	
11,49	-0,17	
11,495	-0,17	
11,5	-0,18	
11,505	-0,18	
11,51	-0,19	
11,515	-0,2	
11,52	-0,22	
11,525	-0,23	
11,53	-0,23	
11,535	-0,24	
11,54	-0,25	
11,545	-0,25	
11,55	-0,26	
11,555	-0,26	
11,56	-0,26	
11,565	-0,27	
11,57	-0,28	
11,575	-0,29	
11,58	-0,3	
11,585	-0,3	
11,59	-0,31	
11,595	-0,32	
11,6	-0,32	
11,605	-0,32	
11,61	-0,33	
11,615	-0,34	
11,62	-0,34	
11,625	-0,35	
11,63	-0,35	
11,635	-0,36	
11,64	-0,36	
11,645	-0,37	
11,65	-0,37	
11,655	-0,37	
11,66	-0,38	
11,665	-0,38	
11,67	-0,38	
11,675	-0,38	
11,68	-0,38	
11,685	-0,38	
11,69	-0,39	
11,695	-0,4	
11,7	-0,4	
11,705	-0,4	
11,71	-0,4	
11,715	-0,39	
11,72	-0,39	
11,725	-0,39	
11,73	-0,39	
11,735	-0,39	
11,74	-0,4	
11,745	-0,4	
11,75	-0,4	
11,755	-0,4	
11,76	-0,4	
11,765	-0,39	
11,77	-0,38	
11,775	-0,38	
11,78	-0,38	
11,785	-0,38	
11,79	-0,38	
11,795	-0,38	
11,8	-0,38	
11,805	-0,38	
11,81	-0,37	
11,815	-0,36	
11,82	-0,35	
11,825	-0,35	
11,83	-0,34	
11,835	-0,33	
11,84	-0,33	
11,845	-0,33	
11,85	-0,33	
11,855	-0,32	
11,86	-0,32	
11,865	-0,31	
11,87	-0,3	
11,875	-0,29	
11,88	-0,28	
11,885	-0,27	
11,89	-0,26	
11,895	-0,25	
11,9	-0,25	
11,905	-0,24	
11,91	-0,23	
11,915	-0,23	
11,92	-0,22	
11,925	-0,21	
11,93	-0,19	
11,935	-0,18	
11,94	-0,17	
11,945	-0,16	
11,95	-0,15	
11,955	-0,14	
11,96	-0,14	
11,965	-0,13	
11,97	-0,12	
11,975	-0,11	
11,98	-0,09	
11,985	-0,07	
11,99	-0,06	
11,995	-0,05	
12,0	-0,04	
12,005	-0,03	
12,01	-0,03	
12,015	-0,02	
12,02	-0,01	
12,025	0,01	
12,03	0,02	
12,035	0,04	
12,04	0,05	
12,045	0,06	
12,05	0,08	
12,055	0,08	
12,06	0,09	
12,065	0,1	
12,07	0,12	
12,075	0,13	
12,08	0,14	
12,085	0,16	
12,09	0,17	
12,095	0,18	
12,1	0,19	
12,105	0,19	
12,11	0,21	
12,115	0,22	
12,12	0,23	
12,125	0,24	
12,13	0,25	
12,135	0,27	
12,14	0,28	
12,145	0,29	
12,15	0,3	
12,155	0,32	
12,16	0,32	
12,165	0,33	
12,17	0,34	
12,175	0,34	
12,18	0,35	
12,185	0,36	
12,19	0,37	
12,195	0,38	
12,2	0,39	
12,205	0,4	
12,21	0,41	
12,215	0,42	
12,22	0,42	
12,225	0,44	
12,23	0,44	
12,235	0,45	
12,24	0,46	
12,245	0,46	
12,25	0,47	
12,255	0,47	
12,26	0,48	
12,265	0,49	
12,27	0,49	
12,275	0,5	
12,28	0,5	
12,285	0,5	
12,29	0,51	
12,295	0,51	
12,3	0,51	
12,305	0,51	
12,31	0,52	
12,315	0,52	
12,32	0,52	
12,325	0,53	
12,33	0,53	
12,335	0,52	
12,34	0,52	
12,345	0,52	
12,35	0,52	
12,355	0,52	
12,36	0,52	
12,365	0,53	
12,37	0,53	
12,375	0,53	
12,38	0,52	
12,385	0,52	
12,39	0,52	
12,395	0,51	
12,4	0,51	
12,405	0,5	
12,41	0,5	
12,415	0,49	
12,42	0,49	
12,425	0,49	
12,43	0,49	
12,435	0,48	
12,44	0,47	
12,445	0,46	
12,45	0,45	
12,455	0,44	
12,46	0,44	
12,465	0,43	
12,47	0,43	
12,475	0,42	
12,48	0,41	
12,485	0,4	
12,49	0,39	
12,495	0,38	
12,5	0,37	
12,505	0,36	
12,51	0,35	
12,515	0,34	
12,52	0,33	
12,525	0,32	
12,53	0,31	
12,535	0,3	
12,54	0,29	
12,545	0,27	
12,55	0,26	
12,555	0,24	
12,56	0,23	
12,565	0,22	
12,57	0,21	
12,575	0,2	
12,58	0,19	
12,585	0,18	
12,59	0,16	
12,595	0,15	
12,6	0,13	
12,605	0,11	
12,61	0,09	
12,615	0,08	
12,62	0,07	
12,625	0,06	
12,63	0,05	
12,635	0,04	
12,64	0,02	
12,645	0	
12,65	-0,01	
12,655	-0,04	
12,66	-0,05	
12,665	-0,06	
12,67	-0,07	
12,675	-0,08	
12,68	-0,09	
12,685	-0,11	
12,69	-0,13	
12,695	-0,14	
12,7	-0,17	
12,705	-0,18	
12,71	-0,2	
12,715	-0,21	
12,72	-0,22	
12,725	-0,23	
12,73	-0,24	
12,735	-0,26	
12,74	-0,27	
12,745	-0,29	
12,75	-0,3	
12,755	-0,31	
12,76	-0,33	
12,765	-0,34	
12,77	-0,35	
12,775	-0,36	
12,78	-0,38	
12,785	-0,39	
12,79	-0,41	
12,795	-0,42	
12,8	-0,42	
12,805	-0,44	
12,81	-0,44	
12,815	-0,45	
12,82	-0,47	
12,825	-0,48	
12,83	-0,49	
12,835	-0,5	
12,84	-0,52	
12,845	-0,52	
12,85	-0,53	
12,855	-0,53	
12,86	-0,53	
12,865	-0,54	
12,87	-0,55	
12,875	-0,56	
12,88	-0,57	
12,885	-0,59	
12,89	-0,59	
12,895	-0,6	
12,9	-0,6	
12,905	-0,6	
12,91	-0,6	
12,915	-0,6	
12,92	-0,61	
12,925	-0,61	
12,93	-0,62	
12,935	-0,63	
12,94	-0,63	
12,945	-0,63	
12,95	-0,63	
12,955	-0,63	
12,96	-0,62	
12,965	-0,62	
12,97	-0,62	
12,975	-0,62	
12,98	-0,63	
12,985	-0,63	
12,99	-0,63	
12,995	-0,63	
13,0	-0,62	
13,005	-0,62	
13,01	-0,61	
13,015	-0,6	
13,02	-0,6	
13,025	-0,6	
13,03	-0,6	
13,035	-0,59	
13,04	-0,59	
13,045	-0,59	
13,05	-0,57	
13,055	-0,57	
13,06	-0,55	
13,065	-0,54	
13,07	-0,54	
13,075	-0,53	
13,08	-0,53	
13,085	-0,53	
13,09	-0,51	
13,095	-0,51	
13,1	-0,49	
13,105	-0,48	
13,11	-0,46	
13,115	-0,44	
13,12	-0,43	
13,125	-0,43	
13,13	-0,42	
13,135	-0,41	
13,14	-0,39	
13,145	-0,38	
13,15	-0,37	
13,155	-0,35	
13,16	-0,33	
13,165	-0,32	
13,17	-0,3	
13,175	-0,29	
13,18	-0,27	
13,185	-0,26	
13,19	-0,25	
13,195	-0,24	
13,2	-0,22	
13,205	-0,21	
13,21	-0,19	
13,215	-0,17	
13,22	-0,16	
13,225	-0,14	
13,23	-0,12	
13,235	-0,11	
13,24	-0,09	
13,245	-0,07	
13,25	-0,05	
13,255	-0,04	
13,26	-0,02	
13,265	-0,01	
13,27	0,01	
13,275	0,03	
13,28	0,04	
13,285	0,06	
13,29	0,08	
13,295	0,1	
13,3	0,12	
13,305	0,14	
13,31	0,15	
13,315	0,16	
13,32	0,18	
13,325	0,19	
13,33	0,21	
13,335	0,22	
13,34	0,24	
13,345	0,26	
13,35	0,28	
13,355	0,29	
13,36	0,3	
13,365	0,32	
13,37	0,33	
13,375	0,34	
13,38	0,36	
13,385	0,38	
13,39	0,4	
13,395	0,41	
13,4	0,43	
13,405	0,44	
13,41	0,45	
13,415	0,46	
13,42	0,47	
13,425	0,48	
13,43	0,5	
13,435	0,51	
13,44	0,53	
13,445	0,54	
13,45	0,55	
13,455	0,56	
13,46	0,57	
13,465	0,57	
13,47	0,58	
13,475	0,59	
13,48	0,61	
13,485	0,62	
13,49	0,63	
13,495	0,64	
13,5	0,64	
13,505	0,65	
13,51	0,65	
13,515	0,65	
13,52	0,66	
13,525	0,66	
13,53	0,67	
13,535	0,68	
13,54	0,68	
13,545	0,69	
13,55	0,69	
13,555	0,7	
13,56	0,7	
13,565	0,69	
13,57	0,69	
13,575	0,69	
13,58	0,69	
13,585	0,69	
13,59	0,7	
13,595	0,7	
13,6	0,7	
13,605	0,7	
13,61	0,69	
13,615	0,69	
13,62	0,68	
13,625	0,68	
13,63	0,67	
13,635	0,67	
13,64	0,66	
13,645	0,66	
13,65	0,66	
13,655	0,65	
13,66	0,64	
13,665	0,64	
13,67	0,63	
13,675	0,62	
13,68	0,61	
13,685	0,61	
13,69	0,6	
13,695	0,59	
13,7	0,57	
13,705	0,56	
13,71	0,55	
13,715	0,54	
13,72	0,54	
13,725	0,52	
13,73	0,51	
13,735	0,5	
13,74	0,49	
13,745	0,48	
13,75	0,46	
13,755	0,44	
13,76	0,43	
13,765	0,42	
13,77	0,4	
13,775	0,39	
13,78	0,38	
13,785	0,36	
13,79	0,35	
13,795	0,32	
13,8	0,3	
13,805	0,28	
13,81	0,27	
13,815	0,26	
13,82	0,24	
13,825	0,23	
13,83	0,22	
13,835	0,2	
13,84	0,17	
13,845	0,15	
13,85	0,14	
13,855	0,12	
13,86	0,1	
13,865	0,09	
13,87	0,07	
13,875	0,06	
13,88	0,04	
13,885	0,02	
13,89	0	
13,895	-0,03	
13,9	-0,04	
13,905	-0,06	
13,91	-0,08	
13,915	-0,1	
13,92	-0,11	
13,925	-0,13	
13,93	-0,15	
13,935	-0,16	
13,94	-0,18	
13,945	-0,2	
13,95	-0,22	
13,955	-0,24	
13,96	-0,25	
13,965	-0,27	
13,97	-0,28	
13,975	-0,3	
13,98	-0,31	
13,985	-0,33	
13,99	-0,35	
13,995	-0,36	
14,0	-0,38	
14,005	-0,4	
14,01	-0,41	
14,015	-0,43	
14,02	-0,45	
14,025	-0,46	
14,03	-0,47	
14,035	-0,48	
14,04	-0,49	
14,045	-0,5	
14,05	-0,52	
14,055	-0,53	
14,06	-0,55	
14,065	-0,57	
14,07	-0,58	
14,075	-0,59	
14,08	-0,59	
14,085	-0,6	
14,09	-0,61	
14,095	-0,61	
14,1	-0,63	
14,105	-0,64	
14,11	-0,65	
14,115	-0,66	
14,12	-0,67	
14,125	-0,67	
14,13	-0,68	
14,135	-0,68	
14,14	-0,68	
14,145	-0,69	
14,15	-0,69	
14,155	-0,7	
14,16	-0,71	
14,165	-0,72	
14,17	-0,72	
14,175	-0,72	
14,18	-0,72	
14,185	-0,72	
14,19	-0,72	
14,195	-0,72	
14,2	-0,72	
14,205	-0,73	
14,21	-0,73	
14,215	-0,72	
14,22	-0,73	
14,225	-0,72	
14,23	-0,72	
14,235	-0,72	
14,24	-0,71	
14,245	-0,71	
14,25	-0,7	
14,255	-0,7	
14,26	-0,69	
14,265	-0,68	
14,27	-0,68	
14,275	-0,68	
14,28	-0,67	
14,285	-0,66	
14,29	-0,66	
14,295	-0,65	
14,3	-0,63	
14,305	-0,62	
14,31	-0,61	
14,315	-0,6	
14,32	-0,59	
14,325	-0,58	
14,33	-0,57	
14,335	-0,56	
14,34	-0,55	
14,345	-0,54	
14,35	-0,53	
14,355	-0,52	
14,36	-0,5	
14,365	-0,48	
14,37	-0,47	
14,375	-0,46	
14,38	-0,45	
14,385	-0,43	
14,39	-0,42	
14,395	-0,4	
14,4	-0,39	
14,405	-0,37	
14,41	-0,36	
14,415	-0,34	
14,42	-0,32	
14,425	-0,3	
14,43	-0,28	
14,435	-0,27	
14,44	-0,25	
14,445	-0,24	
14,45	-0,22	
14,455	-0,21	
14,46	-0,19	
14,465	-0,17	
14,47	-0,15	
14,475	-0,12	
14,48	-0,1	
14,485	-0,09	
14,49	-0,08	
14,495	-0,06	
14,5	-0,05	
14,505	-0,03	
14,51	-0,01	
14,515	0,02	
14,52	0,04	
14,525	0,06	
14,53	0,08	
14,535	0,09	
14,54	0,11	
14,545	0,12	
14,55	0,14	
14,555	0,16	
14,56	0,17	
14,565	0,2	
14,57	0,22	
14,575	0,24	
14,58	0,25	
14,585	0,27	
14,59	0,28	
14,595	0,3	
14,6	0,31	
14,605	0,33	
14,61	0,35	
14,615	0,37	
14,62	0,39	
14,625	0,4	
14,63	0,42	
14,635	0,43	
14,64	0,44	
14,645	0,45	
14,65	0,46	
14,655	0,47	
14,66	0,5	
14,665	0,51	
14,67	0,52	
14,675	0,54	
14,68	0,55	
14,685	0,56	
14,69	0,57	
14,695	0,58	
14,7	0,58	
14,705	0,6	
14,71	0,61	
14,715	0,62	
14,72	0,63	
14,725	0,64	
14,73	0,65	
14,735	0,65	
14,74	0,66	
14,745	0,67	
14,75	0,67	
14,755	0,68	
14,76	0,68	
14,765	0,69	
14,77	0,69	
14,775	0,7	
14,78	0,7	
14,785	0,71	
14,79	0,71	
14,795	0,71	
14,8	0,71	
14,805	0,71	
14,81	0,71	
14,815	0,71	
14,82	0,71	
14,825	0,71	
14,83	0,71	
14,835	0,71	
14,84	0,71	
14,845	0,71	
14,85	0,71	
14,855	0,71	
14,86	0,7	
14,865	0,7	
14,87	0,69	
14,875	0,68	
14,88	0,68	
14,885	0,67	
14,89	0,67	
14,895	0,67	
14,9	0,66	
14,905	0,65	
14,91	0,65	
14,915	0,64	
14,92	0,63	
14,925	0,62	
14,93	0,6	
14,935	0,59	
14,94	0,58	
14,945	0,57	
14,95	0,57	
14,955	0,56	
14,96	0,54	
14,965	0,53	
14,97	0,52	
14,975	0,49	
14,98	0,48	
14,985	0,47	
14,99	0,46	
14,995	0,45	
15,0	0,44	
15,005	0,43	
15,01	0,41	
15,015	0,4	
15,02	0,37	
15,025	0,35	
15,03	0,34	
15,035	0,32	
15,04	0,31	
15,045	0,3	
15,05	0,28	
15,055	0,27	
15,06	0,26	
15,065	0,23	
15,07	0,21	
15,075	0,2	
15,08	0,18	
15,085	0,16	
15,09	0,15	
15,095	0,13	
15,1	0,11	
15,105	0,1	
15,11	0,08	
15,115	0,06	
15,12	0,04	
15,125	0,02	
15,13	0	
15,135	-0,02	
15,14	-0,03	
15,145	-0,05	
15,15	-0,06	
15,155	-0,08	
15,16	-0,1	
15,165	-0,11	
15,17	-0,13	
15,175	-0,15	
15,18	-0,17	
15,185	-0,19	
15,19	-0,2	
15,195	-0,22	
15,2	-0,23	
15,205	-0,25	
15,21	-0,27	
15,215	-0,28	
15,22	-0,29	
15,225	-0,31	
15,23	-0,33	
15,235	-0,34	
15,24	-0,36	
15,245	-0,37	
15,25	-0,39	
15,255	-0,4	
15,26	-0,41	
15,265	-0,43	
15,27	-0,44	
15,275	-0,45	
15,28	-0,46	
15,285	-0,47	
15,29	-0,49	
15,295	-0,5	
15,3	-0,51	
15,305	-0,53	
15,31	-0,54	
15,315	-0,55	
15,32	-0,56	
15,325	-0,56	
15,33	-0,57	
15,335	-0,58	
15,34	-0,59	
15,345	-0,6	
15,35	-0,61	
15,355	-0,61	
15,36	-0,62	
15,365	-0,63	
15,37	-0,63	
15,375	-0,64	
15,38	-0,64	
15,385	-0,65	
15,39	-0,65	
15,395	-0,65	
15,4	-0,66	
15,405	-0,66	
15,41	-0,67	
15,415	-0,67	
15,42	-0,67	
15,425	-0,67	
15,43	-0,67	
15,435	-0,67	
15,44	-0,66	
15,445	-0,66	
15,45	-0,67	
15,455	-0,67	
15,46	-0,67	
15,465	-0,66	
15,47	-0,67	
15,475	-0,66	
15,48	-0,65	
15,485	-0,64	
15,49	-0,64	
15,495	-0,63	
15,5	-0,63	
15,505	-0,63	
15,51	-0,62	
15,515	-0,62	
15,52	-0,61	
15,525	-0,6	
15,53	-0,59	
15,535	-0,58	
15,54	-0,57	
15,545	-0,57	
15,55	-0,56	
15,555	-0,55	
15,56	-0,54	
15,565	-0,54	
15,57	-0,53	
15,575	-0,51	
15,58	-0,5	
15,585	-0,49	
15,59	-0,48	
15,595	-0,46	
15,6	-0,45	
15,605	-0,44	
15,61	-0,43	
15,615	-0,41	
15,62	-0,4	
15,625	-0,39	
15,63	-0,38	
15,635	-0,36	
15,64	-0,35	
15,645	-0,34	
15,65	-0,32	
15,655	-0,31	
15,66	-0,29	
15,665	-0,27	
15,67	-0,26	
15,675	-0,25	
15,68	-0,23	
15,685	-0,22	
15,69	-0,2	
15,695	-0,19	
15,7	-0,17	
15,705	-0,15	
15,71	-0,14	
15,715	-0,13	
15,72	-0,11	
15,725	-0,09	
15,73	-0,08	
15,735	-0,06	
15,74	-0,04	
15,745	-0,03	
15,75	-0,01	
15,755	0,01	
15,76	0,02	
15,765	0,04	
15,77	0,05	
15,775	0,06	
15,78	0,08	
15,785	0,09	
15,79	0,11	
15,795	0,13	
15,8	0,14	
15,805	0,16	
15,81	0,17	
15,815	0,19	
15,82	0,2	
15,825	0,22	
15,83	0,23	
15,835	0,24	
15,84	0,26	
15,845	0,28	
15,85	0,29	
15,855	0,3	
15,86	0,32	
15,865	0,33	
15,87	0,34	
15,875	0,35	
15,88	0,36	
15,885	0,38	
15,89	0,38	
15,895	0,39	
15,9	0,4	
15,905	0,42	
15,91	0,43	
15,915	0,44	
15,92	0,45	
15,925	0,46	
15,93	0,48	
15,935	0,48	
15,94	0,48	
15,945	0,49	
15,95	0,5	
15,955	0,5	
15,96	0,51	
15,965	0,53	
15,97	0,53	
15,975	0,54	
15,98	0,54	
15,985	0,55	
15,99	0,55	
15,995	0,55	
16,0	0,56	
16,005	0,56	
16,01	0,57	
16,015	0,57	
16,02	0,58	
16,025	0,58	
16,03	0,58	
16,035	0,59	
16,04	0,59	
16,045	0,59	
16,05	0,58	
16,055	0,58	
16,06	0,58	
16,065	0,58	
16,07	0,58	
16,075	0,58	
16,08	0,58	
16,085	0,58	
16,09	0,58	
16,095	0,57	
16,1	0,57	
16,105	0,56	
16,11	0,56	
16,115	0,55	
16,12	0,55	
16,125	0,55	
16,13	0,54	
16,135	0,54	
16,14	0,53	
16,145	0,52	
16,15	0,52	
16,155	0,51	
16,16	0,5	
16,165	0,49	
16,17	0,49	
16,175	0,48	
16,18	0,47	
16,185	0,47	
16,19	0,46	
16,195	0,45	
16,2	0,44	
16,205	0,42	
16,21	0,41	
16,215	0,4	
16,22	0,39	
16,225	0,38	
16,23	0,37	
16,235	0,36	
16,24	0,35	
16,245	0,34	
16,25	0,32	
16,255	0,31	
16,26	0,3	
16,265	0,29	
16,27	0,28	
16,275	0,27	
16,28	0,26	
16,285	0,25	
16,29	0,24	
16,295	0,22	
16,3	0,2	
16,305	0,19	
16,31	0,18	
16,315	0,17	
16,32	0,15	
16,325	0,14	
16,33	0,12	
16,335	0,11	
16,34	0,09	
16,345	0,08	
16,35	0,07	
16,355	0,06	
16,36	0,05	
16,365	0,03	
16,37	0,02	
16,375	0,01	
16,38	-0,01	
16,385	-0,03	
16,39	-0,04	
16,395	-0,05	
16,4	-0,06	
16,405	-0,07	
16,41	-0,08	
16,415	-0,09	
16,42	-0,11	
16,425	-0,12	
16,43	-0,14	
16,435	-0,15	
16,44	-0,16	
16,445	-0,17	
16,45	-0,18	
16,455	-0,19	
16,46	-0,21	
16,465	-0,22	
16,47	-0,23	
16,475	-0,24	
16,48	-0,26	
16,485	-0,27	
16,49	-0,28	
16,495	-0,29	
16,5	-0,29	
16,505	-0,3	
16,51	-0,31	
16,515	-0,32	
16,52	-0,33	
16,525	-0,34	
16,53	-0,35	
16,535	-0,36	
16,54	-0,36	
16,545	-0,37	
16,55	-0,38	
16,555	-0,39	
16,56	-0,39	
16,565	-0,4	
16,57	-0,41	
16,575	-0,41	
16,58	-0,42	
16,585	-0,42	
16,59	-0,43	
16,595	-0,43	
16,6	-0,44	
16,605	-0,44	
16,61	-0,45	
16,615	-0,45	
16,62	-0,45	
16,625	-0,45	
16,63	-0,45	
16,635	-0,46	
16,64	-0,46	
16,645	-0,47	
16,65	-0,47	
16,655	-0,47	
16,66	-0,47	
16,665	-0,47	
16,67	-0,47	
16,675	-0,47	
16,68	-0,47	
16,685	-0,47	
16,69	-0,47	
16,695	-0,47	
16,7	-0,47	
16,705	-0,47	
16,71	-0,46	
16,715	-0,46	
16,72	-0,45	
16,725	-0,45	
16,73	-0,44	
16,735	-0,44	
16,74	-0,44	
16,745	-0,44	
16,75	-0,43	
16,755	-0,43	
16,76	-0,42	
16,765	-0,42	
16,77	-0,41	
16,775	-0,41	
16,78	-0,4	
16,785	-0,4	
16,79	-0,39	
16,795	-0,38	
16,8	-0,38	
16,805	-0,37	
16,81	-0,37	
16,815	-0,36	
16,82	-0,35	
16,825	-0,34	
16,83	-0,33	
16,835	-0,32	
16,84	-0,31	
16,845	-0,3	
16,85	-0,3	
16,855	-0,29	
16,86	-0,29	
16,865	-0,28	
16,87	-0,27	
16,875	-0,26	
16,88	-0,25	
16,885	-0,23	
16,89	-0,22	
16,895	-0,21	
16,9	-0,2	
16,905	-0,19	
16,91	-0,19	
16,915	-0,18	
16,92	-0,17	
16,925	-0,16	
16,93	-0,15	
16,935	-0,13	
16,94	-0,12	
16,945	-0,11	
16,95	-0,1	
16,955	-0,1	
16,96	-0,09	
16,965	-0,08	
16,97	-0,07	
16,975	-0,06	
16,98	-0,04	
16,985	-0,03	
16,99	-0,02	
16,995	-0,01	
17,0	0	
17,005	0	
17,01	0,01	
17,015	0,02	
17,02	0,03	
17,025	0,05	
17,03	0,06	
17,035	0,07	
17,04	0,08	
17,045	0,09	
17,05	0,09	
17,055	0,1	
17,06	0,11	
17,065	0,11	
17,07	0,13	
17,075	0,14	
17,08	0,15	
17,085	0,15	
17,09	0,16	
17,095	0,17	
17,1	0,18	
17,105	0,18	
17,11	0,19	
17,115	0,2	
17,12	0,21	
17,125	0,21	
17,13	0,22	
17,135	0,23	
17,14	0,23	
17,145	0,24	
17,15	0,25	
17,155	0,25	
17,16	0,26	
17,165	0,27	
17,17	0,27	
17,175	0,27	
17,18	0,28	
17,185	0,28	
17,19	0,28	
17,195	0,28	
17,2	0,29	
17,205	0,3	
17,21	0,3	
17,215	0,31	
17,22	0,31	
17,225	0,32	
17,23	0,32	
17,235	0,32	
17,24	0,32	
17,245	0,32	
17,25	0,32	
17,255	0,32	
17,26	0,33	
17,265	0,33	
17,27	0,33	
17,275	0,33	
17,28	0,33	
17,285	0,33	
17,29	0,33	
17,295	0,33	
17,3	0,33	
17,305	0,33	
17,31	0,33	
17,315	0,33	
17,32	0,33	
17,325	0,32	
17,33	0,32	
17,335	0,32	
17,34	0,32	
17,345	0,31	
17,35	0,31	
17,355	0,31	
17,36	0,31	
17,365	0,31	
17,37	0,31	
17,375	0,3	
17,38	0,3	
17,385	0,3	
17,39	0,29	
17,395	0,29	
17,4	0,28	
17,405	0,28	
17,41	0,27	
17,415	0,27	
17,42	0,27	
17,425	0,26	
17,43	0,26	
17,435	0,25	
17,44	0,24	
17,445	0,24	
17,45	0,24	
17,455	0,23	
17,46	0,23	
17,465	0,22	
17,47	0,22	
17,475	0,21	
17,48	0,2	
17,485	0,2	
17,49	0,19	
17,495	0,18	
17,5	0,18	
17,505	0,17	
17,51	0,16	
17,515	0,16	
17,52	0,15	
17,525	0,15	
17,53	0,14	
17,535	0,13	
17,54	0,13	
17,545	0,12	
17,55	0,11	
17,555	0,11	
17,56	0,1	
17,565	0,09	
17,57	0,08	
17,575	0,08	
17,58	0,08	
17,585	0,07	
17,59	0,06	
17,595	0,05	
17,6	0,05	
17,605	0,04	
17,61	0,03	
17,615	0,02	
17,62	0,02	
17,625	0,02	
17,63	0,01	
17,635	0,01	
17,64	0	
17,645	0	
17,65	-0,01	
17,655	-0,01	
17,66	-0,03	
17,665	-0,03	
17,67	-0,04	
17,675	-0,05	
17,68	-0,05	
17,685	-0,06	
17,69	-0,06	
17,695	-0,06	
17,7	-0,07	
17,705	-0,07	
17,71	-0,08	
17,715	-0,08	
17,72	-0,09	
17,725	-0,09	
17,73	-0,1	
17,735	-0,1	
17,74	-0,1	
17,745	-0,11	
17,75	-0,11	
17,755	-0,11	
17,76	-0,12	
17,765	-0,12	
17,77	-0,13	
17,775	-0,13	
17,78	-0,14	
17,785	-0,14	
17,79	-0,14	
17,795	-0,14	
17,8	-0,14	
17,805	-0,15	
17,81	-0,15	
17,815	-0,15	
17,82	-0,16	
17,825	-0,16	
17,83	-0,16	
17,835	-0,16	
17,84	-0,16	
17,845	-0,16	
17,85	-0,16	
17,855	-0,16	
17,86	-0,17	
17,865	-0,17	
17,87	-0,17	
17,875	-0,18	
17,88	-0,18	
17,885	-0,18	
17,89	-0,17	
17,895	-0,17	
17,9	-0,17	
17,905	-0,17	
17,91	-0,17	
17,915	-0,17	
17,92	-0,17	
17,925	-0,17	
17,93	-0,17	
17,935	-0,17	
17,94	-0,17	
17,945	-0,17	
17,95	-0,17	
17,955	-0,17	
17,96	-0,16	
17,965	-0,16	
17,97	-0,16	
17,975	-0,16	
17,98	-0,17	
17,985	-0,16	
17,99	-0,16	
17,995	-0,16	
18,0	-0,16	
18,005	-0,15	
18,01	-0,15	
18,015	-0,16	
18,02	-0,15	
18,025	-0,15	
18,03	-0,15	
18,035	-0,14	
18,04	-0,14	
18,045	-0,14	
18,05	-0,14	
18,055	-0,13	
18,06	-0,14	
18,065	-0,13	
18,07	-0,12	
18,075	-0,12	
18,08	-0,12	
18,085	-0,12	
18,09	-0,12	
18,095	-0,12	
18,1	-0,12	
18,105	-0,11	
18,11	-0,11	
18,115	-0,1	
18,12	-0,1	
18,125	-0,09	
18,13	-0,09	
18,135	-0,09	
18,14	-0,09	
18,145	-0,09	
18,15	-0,09	
18,155	-0,09	
18,16	-0,08	
18,165	-0,08	
18,17	-0,08	
18,175	-0,07	
18,18	-0,07	
18,185	-0,06	
18,19	-0,06	
18,195	-0,06	
18,2	-0,06	
18,205	-0,06	
18,21	-0,06	
18,215	-0,05	
18,22	-0,05	
18,225	-0,05	
18,23	-0,04	
18,235	-0,04	
18,24	-0,04	
18,245	-0,04	
18,25	-0,04	
18,255	-0,04	
18,26	-0,04	
18,265	-0,03	
18,27	-0,03	
18,275	-0,03	
18,28	-0,03	
18,285	-0,03	
18,29	-0,03	
18,295	-0,02	
18,3	-0,02	
18,305	-0,02	
18,31	-0,02	
18,315	-0,02	
18,32	-0,02	
18,325	-0,01	
18,33	-0,01	
18,335	-0,01	
18,34	-0,01	
18,345	-0,01	
18,35	-0,01	
18,355	-0,01	
18,36	-0,01	
18,365	0	
18,37	-0,01	
18,375	-0,01	
18,38	-0,01	
18,385	0	
18,39	0	
18,395	0	
18,4	0	
18,405	0	
18,41	0	
18,415	0	
18,42	0	
18,425	0	
18,43	0	
18,435	0,01	
18,44	0,01	
18,445	0,01	
18,45	0,01	
18,455	0,01	
18,46	0,01	
18,465	0,01	
18,47	0,01	
18,475	0,01	
18,48	0,01	
18,485	0,01	
18,49	0,01	
18,495	0,01	
18,5	0,01	
18,505	0,01	
18,51	0,01	
18,515	0,01	
18,52	0,01	
18,525	0,01	
18,53	0,01	
18,535	0,01	
18,54	0,01	
18,545	0,01	
18,55	0,01	
18,555	0,01	
18,56	0,01	
18,565	0,01	
18,57	0,01	
18,575	0,01	
18,58	0,01	
18,585	0,01	
18,59	0,01	
18,595	0,01	
18,6	0,01	
18,605	0,01	
18,61	0,01	
18,615	0,01	
18,62	0,01	
18,625	0,01	
18,63	0,01	
18,635	0	
18,64	0	
18,645	0,01	
18,65	0,01	
18,655	0,01	
18,66	0,01	
18,665	0,01	
18,67	0,01	
18,675	0,01	
18,68	0,02	
18,685	0,02	
18,69	0,01	
18,695	0,01	
18,7	0,02	
18,705	0,02	
18,71	0,02	
18,715	0,02	
18,72	0,02	
18,725	0,02	
18,73	0,02	
18,735	0,02	
18,74	0,02	
18,745	0,02	
18,75	0,02	
18,755	0,02	
18,76	0,03	
18,765	0,03	
18,77	0,03	
18,775	0,03	
18,78	0,03	
18,785	0,03	
18,79	0,03	
18,795	0,04	
18,8	0,04	
18,805	0,04	
18,81	0,05	
18,815	0,05	
18,82	0,05	
18,825	0,05	
18,83	0,05	
18,835	0,05	
18,84	0,05	
18,845	0,05	
18,85	0,06	
18,855	0,06	
18,86	0,07	
18,865	0,07	
18,87	0,07	
18,875	0,07	
18,88	0,07	
18,885	0,07	
18,89	0,08	
18,895	0,08	
18,9	0,08	
18,905	0,08	
18,91	0,08	
18,915	0,09	
18,92	0,09	
18,925	0,09	
18,93	0,09	
18,935	0,1	
18,94	0,1	
18,945	0,1	
18,95	0,1	
18,955	0,1	
18,96	0,11	
18,965	0,11	
18,97	0,11	
18,975	0,11	
18,98	0,12	
18,985	0,12	
18,99	0,12	
18,995	0,13	
19,0	0,13	
19,005	0,13	
19,01	0,13	
19,015	0,13	
19,02	0,13	
19,025	0,13	
19,03	0,13	
19,035	0,14	
19,04	0,14	
19,045	0,14	
19,05	0,15	
19,055	0,15	
19,06	0,15	
19,065	0,15	
19,07	0,14	
19,075	0,14	
19,08	0,14	
19,085	0,15	
19,09	0,15	
19,095	0,15	
19,1	0,16	
19,105	0,16	
19,11	0,16	
19,115	0,16	
19,12	0,15	
19,125	0,16	
19,13	0,16	
19,135	0,15	
19,14	0,16	
19,145	0,16	
19,15	0,16	
19,155	0,16	
19,16	0,16	
19,165	0,16	
19,17	0,15	
19,175	0,15	
19,18	0,15	
19,185	0,16	
19,19	0,16	
19,195	0,16	
19,2	0,15	
19,205	0,15	
19,21	0,15	
19,215	0,14	
19,22	0,14	
19,225	0,14	
19,23	0,14	
19,235	0,13	
19,24	0,13	
19,245	0,13	
19,25	0,13	
19,255	0,12	
19,26	0,12	
19,265	0,13	
19,27	0,12	
19,275	0,12	
19,28	0,12	
19,285	0,11	
19,29	0,1	
19,295	0,1	
19,3	0,1	
19,305	0,09	
19,31	0,09	
19,315	0,09	
19,32	0,09	
19,325	0,08	
19,33	0,08	
19,335	0,07	
19,34	0,07	
19,345	0,07	
19,35	0,06	
19,355	0,05	
19,36	0,05	
19,365	0,04	
19,37	0,04	
19,375	0,04	
19,38	0,03	
19,385	0,03	
19,39	0,02	
19,395	0,01	
19,4	0	
19,405	0	
19,41	-0,01	
19,415	-0,01	
19,42	-0,02	
19,425	-0,02	
19,43	-0,03	
19,435	-0,03	
19,44	-0,04	
19,445	-0,05	
19,45	-0,05	
19,455	-0,06	
19,46	-0,07	
19,465	-0,07	
19,47	-0,07	
19,475	-0,08	
19,48	-0,08	
19,485	-0,09	
19,49	-0,1	
19,495	-0,11	
19,5	-0,11	
19,505	-0,12	
19,51	-0,12	
19,515	-0,13	
19,52	-0,13	
19,525	-0,14	
19,53	-0,15	
19,535	-0,15	
19,54	-0,16	
19,545	-0,17	
19,55	-0,17	
19,555	-0,18	
19,56	-0,18	
19,565	-0,19	
19,57	-0,19	
19,575	-0,2	
19,58	-0,2	
19,585	-0,21	
19,59	-0,21	
19,595	-0,22	
19,6	-0,23	
19,605	-0,23	
19,61	-0,24	
19,615	-0,24	
19,62	-0,25	
19,625	-0,25	
19,63	-0,25	
19,635	-0,26	
19,64	-0,26	
19,645	-0,27	
19,65	-0,27	
19,655	-0,28	
19,66	-0,28	
19,665	-0,28	
19,67	-0,29	
19,675	-0,29	
19,68	-0,29	
19,685	-0,29	
19,69	-0,29	
19,695	-0,29	
19,7	-0,3	
19,705	-0,3	
19,71	-0,31	
19,715	-0,31	
19,72	-0,31	
19,725	-0,31	
19,73	-0,31	
19,735	-0,31	
19,74	-0,31	
19,745	-0,31	
19,75	-0,31	
19,755	-0,31	
19,76	-0,31	
19,765	-0,31	
19,77	-0,31	
19,775	-0,31	
19,78	-0,31	
19,785	-0,3	
19,79	-0,3	
19,795	-0,31	
19,8	-0,3	
19,805	-0,3	
19,81	-0,3	
19,815	-0,3	
19,82	-0,29	
19,825	-0,29	
19,83	-0,29	
19,835	-0,28	
19,84	-0,28	
19,845	-0,28	
19,85	-0,28	
19,855	-0,27	
19,86	-0,27	
19,865	-0,26	
19,87	-0,26	
19,875	-0,26	
19,88	-0,25	
19,885	-0,25	
19,89	-0,24	
19,895	-0,23	
19,9	-0,23	
19,905	-0,22	
19,91	-0,21	
19,915	-0,2	
19,92	-0,2	
19,925	-0,2	
19,93	-0,19	
19,935	-0,19	
19,94	-0,18	
19,945	-0,17	
19,95	-0,16	
19,955	-0,15	
19,96	-0,14	
19,965	-0,13	
19,97	-0,13	
19,975	-0,12	
19,98	-0,12	
19,985	-0,11	
19,99	-0,1	
19,995	-0,09	
20,0	-0,08	
20,005	-0,07	
20,01	-0,06	
20,015	-0,05	
20,02	-0,04	
20,025	-0,03	
20,03	-0,03	
20,035	-0,02	
20,04	-0,01	
20,045	0	
20,05	0,01	
20,055	0,02	
20,06	0,04	
20,065	0,05	
20,07	0,06	
20,075	0,06	
20,08	0,07	
20,085	0,08	
20,09	0,08	
20,095	0,09	
20,1	0,1	
20,105	0,11	
20,11	0,13	
20,115	0,14	
20,12	0,15	
20,125	0,16	
20,13	0,17	
20,135	0,18	
20,14	0,18	
20,145	0,19	
20,15	0,2	
20,155	0,21	
20,16	0,22	
20,165	0,24	
20,17	0,25	
20,175	0,25	
20,18	0,26	
20,185	0,27	
20,19	0,27	
20,195	0,28	
20,2	0,29	
20,205	0,3	
20,21	0,31	
20,215	0,32	
20,22	0,33	
20,225	0,33	
20,23	0,34	
20,235	0,34	
20,24	0,35	
20,245	0,36	
20,25	0,36	
20,255	0,37	
20,26	0,38	
20,265	0,38	
20,27	0,39	
20,275	0,39	
20,28	0,4	
20,285	0,4	
20,29	0,41	
20,295	0,41	
20,3	0,42	
20,305	0,42	
20,31	0,43	
20,315	0,43	
20,32	0,43	
20,325	0,43	
20,33	0,44	
20,335	0,44	
20,34	0,44	
20,345	0,45	
20,35	0,45	
20,355	0,45	
20,36	0,45	
20,365	0,45	
20,37	0,45	
20,375	0,45	
20,38	0,45	
20,385	0,45	
20,39	0,44	
20,395	0,45	
20,4	0,44	
20,405	0,44	
20,41	0,44	
20,415	0,44	
20,42	0,44	
20,425	0,43	
20,43	0,43	
20,435	0,42	
20,44	0,42	
20,445	0,42	
20,45	0,42	
20,455	0,41	
20,46	0,41	
20,465	0,4	
20,47	0,39	
20,475	0,39	
20,48	0,38	
20,485	0,38	
20,49	0,37	
20,495	0,37	
20,5	0,36	
20,505	0,35	
20,51	0,35	
20,515	0,34	
20,52	0,33	
20,525	0,31	
20,53	0,3	
20,535	0,3	
20,54	0,29	
20,545	0,28	
20,55	0,27	
20,555	0,27	
20,56	0,26	
20,565	0,25	
20,57	0,23	
20,575	0,22	
20,58	0,21	
20,585	0,2	
20,59	0,19	
20,595	0,18	
20,6	0,17	
20,605	0,16	
20,61	0,15	
20,615	0,13	
20,62	0,12	
20,625	0,11	
20,63	0,09	
20,635	0,08	
20,64	0,07	
20,645	0,06	
20,65	0,05	
20,655	0,04	
20,66	0,03	
20,665	0,01	
20,67	0	
20,675	-0,02	
20,68	-0,03	
20,685	-0,04	
20,69	-0,05	
20,695	-0,07	
20,7	-0,08	
20,705	-0,09	
20,71	-0,11	
20,715	-0,12	
20,72	-0,13	
20,725	-0,14	
20,73	-0,16	
20,735	-0,17	
20,74	-0,18	
20,745	-0,19	
20,75	-0,2	
20,755	-0,22	
20,76	-0,23	
20,765	-0,24	
20,77	-0,25	
20,775	-0,26	
20,78	-0,27	
20,785	-0,29	
20,79	-0,3	
20,795	-0,31	
20,8	-0,32	
20,805	-0,33	
20,81	-0,34	
20,815	-0,35	
20,82	-0,36	
20,825	-0,37	
20,83	-0,38	
20,835	-0,39	
20,84	-0,4	
20,845	-0,42	
20,85	-0,43	
20,855	-0,44	
20,86	-0,44	
20,865	-0,45	
20,87	-0,46	
20,875	-0,47	
20,88	-0,47	
20,885	-0,48	
20,89	-0,49	
20,895	-0,49	
20,9	-0,5	
20,905	-0,51	
20,91	-0,52	
20,915	-0,52	
20,92	-0,53	
20,925	-0,53	
20,93	-0,53	
20,935	-0,53	
20,94	-0,54	
20,945	-0,55	
20,95	-0,55	
20,955	-0,55	
20,96	-0,56	
20,965	-0,55	
20,97	-0,55	
20,975	-0,55	
20,98	-0,55	
20,985	-0,55	
20,99	-0,56	
20,995	-0,56	
21,0	-0,56	
21,005	-0,56	
21,01	-0,56	
21,015	-0,56	
21,02	-0,56	
21,025	-0,55	
21,03	-0,55	
21,035	-0,55	
21,04	-0,54	
21,045	-0,54	
21,05	-0,54	
21,055	-0,53	
21,06	-0,53	
21,065	-0,52	
21,07	-0,52	
21,075	-0,51	
21,08	-0,5	
21,085	-0,5	
21,09	-0,49	
21,095	-0,49	
21,1	-0,48	
21,105	-0,47	
21,11	-0,47	
21,115	-0,46	
21,12	-0,44	
21,125	-0,44	
21,13	-0,43	
21,135	-0,42	
21,14	-0,41	
21,145	-0,4	
21,15	-0,39	
21,155	-0,38	
21,16	-0,37	
21,165	-0,36	
21,17	-0,35	
21,175	-0,33	
21,18	-0,32	
21,185	-0,3	
21,19	-0,29	
21,195	-0,28	
21,2	-0,27	
21,205	-0,26	
21,21	-0,24	
21,215	-0,22	
21,22	-0,21	
21,225	-0,2	
21,23	-0,19	
21,235	-0,17	
21,24	-0,16	
21,245	-0,15	
21,25	-0,13	
21,255	-0,11	
21,26	-0,1	
21,265	-0,08	
21,27	-0,07	
21,275	-0,06	
21,28	-0,04	
21,285	-0,03	
21,29	-0,01	
21,295	0,01	
21,3	0,03	
21,305	0,04	
21,31	0,06	
21,315	0,07	
21,32	0,09	
21,325	0,1	
21,33	0,11	
21,335	0,12	
21,34	0,14	
21,345	0,16	
21,35	0,18	
21,355	0,19	
21,36	0,21	
21,365	0,22	
21,37	0,24	
21,375	0,25	
21,38	0,26	
21,385	0,27	
21,39	0,29	
21,395	0,3	
21,4	0,32	
21,405	0,33	
21,41	0,35	
21,415	0,36	
21,42	0,37	
21,425	0,38	
21,43	0,39	
21,435	0,41	
21,44	0,42	
21,445	0,43	
21,45	0,45	
21,455	0,46	
21,46	0,47	
21,465	0,48	
21,47	0,49	
21,475	0,5	
21,48	0,5	
21,485	0,52	
21,49	0,53	
21,495	0,54	
21,5	0,55	
21,505	0,56	
21,51	0,56	
21,515	0,57	
21,52	0,58	
21,525	0,59	
21,53	0,59	
21,535	0,6	
21,54	0,61	
21,545	0,61	
21,55	0,61	
21,555	0,62	
21,56	0,62	
21,565	0,62	
21,57	0,63	
21,575	0,64	
21,58	0,64	
21,585	0,64	
21,59	0,64	
21,595	0,64	
21,6	0,64	
21,605	0,64	
21,61	0,64	
21,615	0,64	
21,62	0,64	
21,625	0,64	
21,63	0,64	
21,635	0,64	
21,64	0,63	
21,645	0,63	
21,65	0,63	
21,655	0,62	
21,66	0,62	
21,665	0,61	
21,67	0,61	
21,675	0,61	
21,68	0,61	
21,685	0,6	
21,69	0,59	
21,695	0,58	
21,7	0,57	
21,705	0,57	
21,71	0,56	
21,715	0,55	
21,72	0,55	
21,725	0,54	
21,73	0,53	
21,735	0,52	
21,74	0,51	
21,745	0,5	
21,75	0,49	
21,755	0,47	
21,76	0,46	
21,765	0,45	
21,77	0,44	
21,775	0,43	
21,78	0,42	
21,785	0,41	
21,79	0,4	
21,795	0,38	
21,8	0,36	
21,805	0,34	
21,81	0,33	
21,815	0,32	
21,82	0,31	
21,825	0,29	
21,83	0,28	
21,835	0,27	
21,84	0,25	
21,845	0,23	
21,85	0,21	
21,855	0,2	
21,86	0,18	
21,865	0,16	
21,87	0,14	
21,875	0,13	
21,88	0,11	
21,885	0,1	
21,89	0,08	
21,895	0,06	
21,9	0,05	
21,905	0,03	
21,91	0,02	
21,915	0	
21,92	-0,02	
21,925	-0,04	
21,93	-0,05	
21,935	-0,07	
21,94	-0,09	
21,945	-0,1	
21,95	-0,12	
21,955	-0,14	
21,96	-0,16	
21,965	-0,17	
21,97	-0,19	
21,975	-0,2	
21,98	-0,21	
21,985	-0,24	
21,99	-0,25	
21,995	-0,27	
22,0	-0,28	
22,005	-0,3	
22,01	-0,31	
22,015	-0,33	
22,02	-0,35	
22,025	-0,36	
22,03	-0,38	
22,035	-0,39	
22,04	-0,4	
22,045	-0,41	
22,05	-0,43	
22,055	-0,44	
22,06	-0,45	
22,065	-0,46	
22,07	-0,48	
22,075	-0,49	
22,08	-0,51	
22,085	-0,52	
22,09	-0,53	
22,095	-0,54	
22,1	-0,55	
22,105	-0,56	
22,11	-0,57	
22,115	-0,58	
22,12	-0,59	
22,125	-0,6	
22,13	-0,61	
22,135	-0,62	
22,14	-0,62	
22,145	-0,63	
22,15	-0,64	
22,155	-0,64	
22,16	-0,65	
22,165	-0,66	
22,17	-0,66	
22,175	-0,66	
22,18	-0,66	
22,185	-0,67	
22,19	-0,67	
22,195	-0,67	
22,2	-0,68	
22,205	-0,68	
22,21	-0,69	
22,215	-0,69	
22,22	-0,69	
22,225	-0,69	
22,23	-0,68	
22,235	-0,68	
22,24	-0,68	
22,245	-0,68	
22,25	-0,68	
22,255	-0,68	
22,26	-0,68	
22,265	-0,68	
22,27	-0,67	
22,275	-0,67	
22,28	-0,66	
22,285	-0,66	
22,29	-0,66	
22,295	-0,65	
22,3	-0,65	
22,305	-0,64	
22,31	-0,63	
22,315	-0,62	
22,32	-0,61	
22,325	-0,6	
22,33	-0,59	
22,335	-0,59	
22,34	-0,58	
22,345	-0,57	
22,35	-0,56	
22,355	-0,55	
22,36	-0,54	
22,365	-0,53	
22,37	-0,52	
22,375	-0,51	
22,38	-0,5	
22,385	-0,48	
22,39	-0,47	
22,395	-0,45	
22,4	-0,44	
22,405	-0,43	
22,41	-0,41	
22,415	-0,4	
22,42	-0,38	
22,425	-0,37	
22,43	-0,36	
22,435	-0,34	
22,44	-0,32	
22,445	-0,31	
22,45	-0,29	
22,455	-0,28	
22,46	-0,27	
22,465	-0,25	
22,47	-0,23	
22,475	-0,22	
22,48	-0,2	
22,485	-0,18	
22,49	-0,16	
22,495	-0,15	
22,5	-0,13	
22,505	-0,12	
22,51	-0,1	
22,515	-0,08	
22,52	-0,06	
22,525	-0,04	
22,53	-0,02	
22,535	0	
22,54	0,02	
22,545	0,03	
22,55	0,05	
22,555	0,06	
22,56	0,08	
22,565	0,1	
22,57	0,12	
22,575	0,14	
22,58	0,16	
22,585	0,18	
22,59	0,19	
22,595	0,21	
22,6	0,23	
22,605	0,24	
22,61	0,25	
22,615	0,27	
22,62	0,29	
22,625	0,31	
22,63	0,33	
22,635	0,34	
22,64	0,36	
22,645	0,37	
22,65	0,38	
22,655	0,4	
22,66	0,41	
22,665	0,43	
22,67	0,45	
22,675	0,46	
22,68	0,47	
22,685	0,48	
22,69	0,49	
22,695	0,5	
22,7	0,51	
22,705	0,53	
22,71	0,55	
22,715	0,56	
22,72	0,57	
22,725	0,58	
22,73	0,58	
22,735	0,59	
22,74	0,6	
22,745	0,61	
22,75	0,62	
22,755	0,63	
22,76	0,64	
22,765	0,65	
22,77	0,65	
22,775	0,66	
22,78	0,66	
22,785	0,66	
22,79	0,67	
22,795	0,67	
22,8	0,68	
22,805	0,69	
22,81	0,7	
22,815	0,7	
22,82	0,7	
22,825	0,7	
22,83	0,7	
22,835	0,7	
22,84	0,69	
22,845	0,69	
22,85	0,7	
22,855	0,7	
22,86	0,7	
22,865	0,7	
22,87	0,7	
22,875	0,7	
22,88	0,69	
22,885	0,68	
22,89	0,68	
22,895	0,67	
22,9	0,67	
22,905	0,67	
22,91	0,67	
22,915	0,66	
22,92	0,66	
22,925	0,65	
22,93	0,64	
22,935	0,63	
22,94	0,62	
22,945	0,61	
22,95	0,6	
22,955	0,59	
22,96	0,59	
22,965	0,58	
22,97	0,57	
22,975	0,56	
22,98	0,55	
22,985	0,53	
22,99	0,52	
22,995	0,51	
23,0	0,49	
23,005	0,48	
23,01	0,47	
23,015	0,46	
23,02	0,45	
23,025	0,43	
23,03	0,41	
23,035	0,4	
23,04	0,39	
23,045	0,37	
23,05	0,36	
23,055	0,34	
23,06	0,33	
23,065	0,31	
23,07	0,3	
23,075	0,27	
23,08	0,26	
23,085	0,24	
23,09	0,23	
23,095	0,21	
23,1	0,2	
23,105	0,18	
23,11	0,16	
23,115	0,15	
23,12	0,12	
23,125	0,11	
23,13	0,09	
23,135	0,08	
23,14	0,06	
23,145	0,05	
23,15	0,03	
23,155	0,01	
23,16	-0,01	
23,165	-0,03	
23,17	-0,05	
23,175	-0,07	
23,18	-0,08	
23,185	-0,1	
23,19	-0,11	
23,195	-0,13	
23,2	-0,14	
23,205	-0,16	
23,21	-0,18	
23,215	-0,2	
23,22	-0,22	
23,225	-0,23	
23,23	-0,25	
23,235	-0,26	
23,24	-0,28	
23,245	-0,29	
23,25	-0,31	
23,255	-0,32	
23,26	-0,34	
23,265	-0,36	
23,27	-0,38	
23,275	-0,39	
23,28	-0,4	
23,285	-0,41	
23,29	-0,42	
23,295	-0,43	
23,3	-0,45	
23,305	-0,46	
23,31	-0,48	
23,315	-0,49	
23,32	-0,5	
23,325	-0,52	
23,33	-0,53	
23,335	-0,53	
23,34	-0,54	
23,345	-0,55	
23,35	-0,56	
23,355	-0,57	
23,36	-0,58	
23,365	-0,59	
23,37	-0,6	
23,375	-0,61	
23,38	-0,62	
23,385	-0,62	
23,39	-0,63	
23,395	-0,63	
23,4	-0,63	
23,405	-0,64	
23,41	-0,64	
23,415	-0,65	
23,42	-0,65	
23,425	-0,66	
23,43	-0,67	
23,435	-0,67	
23,44	-0,67	
23,445	-0,67	
23,45	-0,67	
23,455	-0,67	
23,46	-0,67	
23,465	-0,67	
23,47	-0,67	
23,475	-0,67	
23,48	-0,68	
23,485	-0,67	
23,49	-0,67	
23,495	-0,66	
23,5	-0,66	
23,505	-0,65	
23,51	-0,65	
23,515	-0,65	
23,52	-0,64	
23,525	-0,64	
23,53	-0,63	
23,535	-0,63	
23,54	-0,62	
23,545	-0,62	
23,55	-0,61	
23,555	-0,6	
23,56	-0,6	
23,565	-0,59	
23,57	-0,58	
23,575	-0,57	
23,58	-0,56	
23,585	-0,55	
23,59	-0,54	
23,595	-0,53	
23,6	-0,52	
23,605	-0,51	
23,61	-0,5	
23,615	-0,49	
23,62	-0,47	
23,625	-0,46	
23,63	-0,44	
23,635	-0,43	
23,64	-0,42	
23,645	-0,41	
23,65	-0,4	
23,655	-0,39	
23,66	-0,38	
23,665	-0,36	
23,67	-0,34	
23,675	-0,32	
23,68	-0,31	
23,685	-0,29	
23,69	-0,28	
23,695	-0,27	
23,7	-0,26	
23,705	-0,25	
23,71	-0,23	
23,715	-0,2	
23,72	-0,18	
23,725	-0,17	
23,73	-0,15	
23,735	-0,13	
23,74	-0,12	
23,745	-0,11	
23,75	-0,1	
23,755	-0,08	
23,76	-0,06	
23,765	-0,04	
23,77	-0,02	
23,775	-0,01	
23,78	0,01	
23,785	0,02	
23,79	0,04	
23,795	0,05	
23,8	0,07	
23,805	0,09	
23,81	0,1	
23,815	0,12	
23,82	0,14	
23,825	0,15	
23,83	0,17	
23,835	0,18	
23,84	0,2	
23,845	0,21	
23,85	0,23	
23,855	0,24	
23,86	0,26	
23,865	0,27	
23,87	0,28	
23,875	0,29	
23,88	0,31	
23,885	0,32	
23,89	0,34	
23,895	0,35	
23,9	0,37	
23,905	0,38	
23,91	0,39	
23,915	0,4	
23,92	0,41	
23,925	0,42	
23,93	0,43	
23,935	0,45	
23,94	0,46	
23,945	0,47	
23,95	0,48	
23,955	0,49	
23,96	0,5	
23,965	0,5	
23,97	0,51	
23,975	0,52	
23,98	0,53	
23,985	0,54	
23,99	0,54	
23,995	0,55	
24,0	0,56	
24,005	0,57	
24,01	0,57	
24,015	0,57	
24,02	0,58	
24,025	0,58	
24,03	0,59	
24,035	0,59	
24,04	0,6	
24,045	0,6	
24,05	0,6	
24,055	0,61	
24,06	0,61	
24,065	0,61	
24,07	0,61	
24,075	0,61	
24,08	0,61	
24,085	0,61	
24,09	0,61	
24,095	0,61	
24,1	0,61	
24,105	0,61	
24,11	0,6	
24,115	0,6	
24,12	0,6	
24,125	0,6	
24,13	0,59	
24,135	0,59	
24,14	0,59	
24,145	0,58	
24,15	0,58	
24,155	0,57	
24,16	0,57	
24,165	0,56	
24,17	0,55	
24,175	0,54	
24,18	0,53	
24,185	0,52	
24,19	0,51	
24,195	0,51	
24,2	0,5	
24,205	0,49	
24,21	0,48	
24,215	0,47	
24,22	0,46	
24,225	0,45	
24,23	0,44	
24,235	0,43	
24,24	0,42	
24,245	0,41	
24,25	0,4	
24,255	0,39	
24,26	0,38	
24,265	0,37	
24,27	0,36	
24,275	0,35	
24,28	0,34	
24,285	0,32	
24,29	0,31	
24,295	0,29	
24,3	0,28	
24,305	0,26	
24,31	0,25	
24,315	0,24	
24,32	0,23	
24,325	0,22	
24,33	0,2	
24,335	0,18	
24,34	0,17	
24,345	0,16	
24,35	0,14	
24,355	0,13	
24,36	0,11	
24,365	0,1	
24,37	0,09	
24,375	0,07	
24,38	0,06	
24,385	0,05	
24,39	0,03	
24,395	0,01	
24,4	-0,01	
24,405	-0,02	
24,41	-0,03	
24,415	-0,04	
24,42	-0,06	
24,425	-0,07	
24,43	-0,08	
24,435	-0,1	
24,44	-0,12	
24,445	-0,13	
24,45	-0,14	
24,455	-0,15	
24,46	-0,17	
24,465	-0,18	
24,47	-0,19	
24,475	-0,2	
24,48	-0,21	
24,485	-0,23	
24,49	-0,24	
24,495	-0,25	
24,5	-0,26	
24,505	-0,27	
24,51	-0,29	
24,515	-0,3	
24,52	-0,31	
24,525	-0,32	
24,53	-0,33	
24,535	-0,34	
24,54	-0,34	
24,545	-0,35	
24,55	-0,36	
24,555	-0,37	
24,56	-0,38	
24,565	-0,4	
24,57	-0,41	
24,575	-0,42	
24,58	-0,42	
24,585	-0,43	
24,59	-0,43	
24,595	-0,44	
24,6	-0,44	
24,605	-0,45	
24,61	-0,46	
24,615	-0,47	
24,62	-0,48	
24,625	-0,48	
24,63	-0,48	
24,635	-0,49	
24,64	-0,49	
24,645	-0,49	
24,65	-0,49	
24,655	-0,5	
24,66	-0,51	
24,665	-0,51	
24,67	-0,52	
24,675	-0,52	
24,68	-0,51	
24,685	-0,51	
24,69	-0,51	
24,695	-0,51	
24,7	-0,51	
24,705	-0,51	
24,71	-0,51	
24,715	-0,52	
24,72	-0,51	
24,725	-0,51	
24,73	-0,51	
24,735	-0,5	
24,74	-0,5	
24,745	-0,49	
24,75	-0,49	
24,755	-0,49	
24,76	-0,49	
24,765	-0,49	
24,77	-0,48	
24,775	-0,48	
24,78	-0,47	
24,785	-0,46	
24,79	-0,46	
24,795	-0,45	
24,8	-0,45	
24,805	-0,44	
24,81	-0,43	
24,815	-0,42	
24,82	-0,42	
24,825	-0,42	
24,83	-0,41	
24,835	-0,4	
24,84	-0,39	
24,845	-0,38	
24,85	-0,37	
24,855	-0,36	
24,86	-0,35	
24,865	-0,34	
24,87	-0,33	
24,875	-0,32	
24,88	-0,32	
24,885	-0,31	
24,89	-0,3	
24,895	-0,29	
24,9	-0,28	
24,905	-0,27	
24,91	-0,26	
24,915	-0,24	
24,92	-0,23	
24,925	-0,23	
24,93	-0,22	
24,935	-0,21	
24,94	-0,2	
24,945	-0,18	
24,95	-0,17	
24,955	-0,16	
24,96	-0,15	
24,965	-0,13	
24,97	-0,12	
24,975	-0,11	
24,98	-0,1	
24,985	-0,09	
24,99	-0,08	
24,995	-0,07	
25,0	-0,05	
25,005	-0,04	
25,01	-0,03	
25,015	-0,02	
25,02	-0,01	
25,025	0	
25,03	0,01	
25,035	0,02	
25,04	0,03	
25,045	0,05	
25,05	0,06	
25,055	0,07	
25,06	0,08	
25,065	0,09	
25,07	0,1	
25,075	0,11	
25,08	0,12	
25,085	0,13	
25,09	0,14	
25,095	0,15	
25,1	0,16	
25,105	0,17	
25,11	0,18	
25,115	0,19	
25,12	0,2	
25,125	0,21	
25,13	0,22	
25,135	0,23	
25,14	0,23	
25,145	0,24	
25,15	0,25	
25,155	0,26	
25,16	0,27	
25,165	0,27	
25,17	0,28	
25,175	0,29	
25,18	0,29	
25,185	0,3	
25,19	0,31	
25,195	0,31	
25,2	0,31	
25,205	0,32	
25,21	0,32	
25,215	0,34	
25,22	0,34	
25,225	0,35	
25,23	0,35	
25,235	0,36	
25,24	0,36	
25,245	0,36	
25,25	0,36	
25,255	0,37	
25,26	0,37	
25,265	0,38	
25,27	0,38	
25,275	0,38	
25,28	0,38	
25,285	0,38	
25,29	0,39	
25,295	0,39	
25,3	0,39	
25,305	0,39	
25,31	0,39	
25,315	0,39	
25,32	0,39	
25,325	0,39	
25,33	0,39	
25,335	0,39	
25,34	0,38	
25,345	0,38	
25,35	0,38	
25,355	0,38	
25,36	0,38	
25,365	0,38	
25,37	0,37	
25,375	0,37	
25,38	0,37	
25,385	0,37	
25,39	0,36	
25,395	0,36	
25,4	0,36	
25,405	0,35	
25,41	0,35	
25,415	0,34	
25,42	0,34	
25,425	0,33	
25,43	0,32	
25,435	0,32	
25,44	0,31	
25,445	0,31	
25,45	0,31	
25,455	0,3	
25,46	0,3	
25,465	0,29	
25,47	0,28	
25,475	0,28	
25,48	0,27	
25,485	0,26	
25,49	0,25	
25,495	0,25	
25,5	0,25	
25,505	0,24	
25,51	0,23	
25,515	0,22	
25,52	0,21	
25,525	0,2	
25,53	0,19	
25,535	0,18	
25,54	0,18	
25,545	0,17	
25,55	0,17	
25,555	0,16	
25,56	0,15	
25,565	0,14	
25,57	0,13	
25,575	0,12	
25,58	0,11	
25,585	0,11	
25,59	0,1	
25,595	0,1	
25,6	0,09	
25,605	0,08	
25,61	0,07	
25,615	0,06	
25,62	0,05	
25,625	0,04	
25,63	0,03	
25,635	0,03	
25,64	0,02	
25,645	0,01	
25,65	0	
25,655	0	
25,66	-0,01	
25,665	-0,02	
25,67	-0,03	
25,675	-0,04	
25,68	-0,05	
25,685	-0,05	
25,69	-0,06	
25,695	-0,06	
25,7	-0,07	
25,705	-0,08	
25,71	-0,08	
25,715	-0,09	
25,72	-0,1	
25,725	-0,1	
25,73	-0,11	
25,735	-0,12	
25,74	-0,12	
25,745	-0,13	
25,75	-0,14	
25,755	-0,14	
25,76	-0,15	
25,765	-0,16	
25,77	-0,16	
25,775	-0,17	
25,78	-0,17	
25,785	-0,17	
25,79	-0,18	
25,795	-0,18	
25,8	-0,19	
25,805	-0,2	
25,81	-0,2	
25,815	-0,2	
25,82	-0,2	
25,825	-0,21	
25,83	-0,21	
25,835	-0,21	
25,84	-0,22	
25,845	-0,22	
25,85	-0,23	
25,855	-0,23	
25,86	-0,23	
25,865	-0,23	
25,87	-0,23	
25,875	-0,23	
25,88	-0,23	
25,885	-0,23	
25,89	-0,24	
25,895	-0,24	
25,9	-0,24	
25,905	-0,24	
25,91	-0,24	
25,915	-0,24	
25,92	-0,24	
25,925	-0,25	
25,93	-0,25	
25,935	-0,25	
25,94	-0,25	
25,945	-0,25	
25,95	-0,25	
25,955	-0,25	
25,96	-0,24	
25,965	-0,24	
25,97	-0,24	
25,975	-0,24	
25,98	-0,24	
25,985	-0,24	
25,99	-0,24	
25,995	-0,24	
26,0	-0,24	
26,005	-0,23	
26,01	-0,23	
26,015	-0,23	
26,02	-0,22	
26,025	-0,22	
26,03	-0,22	
26,035	-0,22	
26,04	-0,21	
26,045	-0,21	
26,05	-0,21	
26,055	-0,2	
26,06	-0,2	
26,065	-0,2	
26,07	-0,19	
26,075	-0,19	
26,08	-0,19	
26,085	-0,18	
26,09	-0,18	
26,095	-0,17	
26,1	-0,17	
26,105	-0,16	
26,11	-0,16	
26,115	-0,16	
26,12	-0,16	
26,125	-0,16	
26,13	-0,15	
26,135	-0,14	
26,14	-0,14	
26,145	-0,13	
26,15	-0,12	
26,155	-0,12	
26,16	-0,12	
26,165	-0,11	
26,17	-0,11	
26,175	-0,11	
26,18	-0,11	
26,185	-0,1	
26,19	-0,1	
26,195	-0,09	
26,2	-0,08	
26,205	-0,08	
26,21	-0,08	
26,215	-0,07	
26,22	-0,07	
26,225	-0,07	
26,23	-0,06	
26,235	-0,06	
26,24	-0,05	
26,245	-0,05	
26,25	-0,04	
26,255	-0,04	
26,26	-0,03	
26,265	-0,03	
26,27	-0,02	
26,275	-0,02	
26,28	-0,02	
26,285	-0,01	
26,29	-0,01	
26,295	-0,01	
26,3	-0,01	
26,305	0	
26,31	0,01	
26,315	0,01	
26,32	0,01	
26,325	0,02	
26,33	0,02	
26,335	0,02	
26,34	0,03	
26,345	0,03	
26,35	0,03	
26,355	0,03	
26,36	0,04	
26,365	0,04	
26,37	0,05	
26,375	0,05	
26,38	0,05	
26,385	0,05	
26,39	0,05	
26,395	0,05	
26,4	0,06	
26,405	0,06	
26,41	0,06	
26,415	0,06	
26,42	0,06	
26,425	0,07	
26,43	0,07	
26,435	0,07	
26,44	0,08	
26,445	0,08	
26,45	0,08	
26,455	0,08	
26,46	0,08	
26,465	0,08	
26,47	0,08	
26,475	0,09	
26,48	0,09	
26,485	0,09	
26,49	0,09	
26,495	0,09	
26,5	0,09	
26,505	0,08	
26,51	0,08	
26,515	0,09	
26,52	0,09	
26,525	0,09	
26,53	0,09	
26,535	0,1	
26,54	0,1	
26,545	0,1	
26,55	0,09	
26,555	0,09	
26,56	0,09	
26,565	0,09	
26,57	0,09	
26,575	0,09	
26,58	0,09	
26,585	0,09	
26,59	0,09	
26,595	0,09	
26,6	0,09	
26,605	0,09	
26,61	0,08	
26,615	0,08	
26,62	0,08	
26,625	0,08	
26,63	0,08	
26,635	0,08	
26,64	0,08	
26,645	0,08	
26,65	0,08	
26,655	0,08	
26,66	0,07	
26,665	0,07	
26,67	0,07	
26,675	0,07	
26,68	0,07	
26,685	0,07	
26,69	0,07	
26,695	0,07	
26,7	0,07	
26,705	0,07	
26,71	0,07	
26,715	0,07	
26,72	0,07	
26,725	0,07	
26,73	0,07	
26,735	0,07	
26,74	0,07	
26,745	0,06	
26,75	0,06	
26,755	0,06	
26,76	0,06	
26,765	0,06	
26,77	0,06	
26,775	0,06	
26,78	0,06	
26,785	0,06	
26,79	0,06	
26,795	0,05	
26,8	0,05	
26,805	0,05	
26,81	0,05	
26,815	0,05	
26,82	0,05	
26,825	0,05	
26,83	0,05	
26,835	0,06	
26,84	0,05	
26,845	0,05	
26,85	0,05	
26,855	0,05	
26,86	0,05	
26,865	0,05	
26,87	0,05	
26,875	0,05	
26,88	0,05	
26,885	0,05	
26,89	0,05	
26,895	0,05	
26,9	0,05	
26,905	0,06	
26,91	0,05	
26,915	0,05	
26,92	0,05	
26,925	0,05	
26,93	0,05	
26,935	0,05	
26,94	0,05	
26,945	0,05	
26,95	0,05	
26,955	0,05	
26,96	0,05	
26,965	0,05	
26,97	0,06	
26,975	0,05	
26,98	0,05	
26,985	0,05	
26,99	0,05	
26,995	0,05	
27,0	0,05	
27,005	0,06	
27,01	0,06	
27,015	0,06	
27,02	0,06	
27,025	0,06	
27,03	0,06	
27,035	0,06	
27,04	0,06	
27,045	0,06	
27,05	0,06	
27,055	0,06	
27,06	0,07	
27,065	0,07	
27,07	0,07	
27,075	0,07	
27,08	0,07	
27,085	0,07	
27,09	0,07	
27,095	0,07	
27,1	0,07	
27,105	0,07	
27,11	0,07	
27,115	0,07	
27,12	0,07	
27,125	0,08	
27,13	0,08	
27,135	0,08	
27,14	0,08	
27,145	0,07	
27,15	0,07	
27,155	0,07	
27,16	0,07	
27,165	0,07	
27,17	0,07	
27,175	0,07	
27,18	0,07	
27,185	0,08	
27,19	0,07	
27,195	0,07	
27,2	0,07	
27,205	0,07	
27,21	0,07	
27,215	0,07	
27,22	0,07	
27,225	0,07	
27,23	0,07	
27,235	0,07	
27,24	0,07	
27,245	0,07	
27,25	0,06	
27,255	0,06	
27,26	0,06	
27,265	0,06	
27,27	0,06	
27,275	0,06	
27,28	0,06	
27,285	0,06	
27,29	0,06	
27,295	0,06	
27,3	0,06	
27,305	0,05	
27,31	0,05	
27,315	0,04	
27,32	0,04	
27,325	0,04	
27,33	0,04	
27,335	0,04	
27,34	0,04	
27,345	0,04	
27,35	0,04	
27,355	0,03	
27,36	0,02	
27,365	0,02	
27,37	0,02	
27,375	0,02	
27,38	0,02	
27,385	0,01	
27,39	0,01	
27,395	0	
27,4	0	
27,405	-0,01	
27,41	-0,01	
27,415	-0,01	
27,42	-0,01	
27,425	-0,01	
27,43	-0,01	
27,435	-0,02	
27,44	-0,02	
27,445	-0,02	
27,45	-0,03	
27,455	-0,03	
27,46	-0,04	
27,465	-0,04	
27,47	-0,05	
27,475	-0,05	
27,48	-0,05	
27,485	-0,05	
27,49	-0,06	
27,495	-0,06	
27,5	-0,07	
27,505	-0,07	
27,51	-0,08	
27,515	-0,08	
27,52	-0,09	
27,525	-0,09	
27,53	-0,09	
27,535	-0,09	
27,54	-0,1	
27,545	-0,1	
27,55	-0,11	
27,555	-0,11	
27,56	-0,11	
27,565	-0,12	
27,57	-0,12	
27,575	-0,12	
27,58	-0,13	
27,585	-0,13	
27,59	-0,14	
27,595	-0,14	
27,6	-0,15	
27,605	-0,15	
27,61	-0,15	
27,615	-0,15	
27,62	-0,16	
27,625	-0,16	
27,63	-0,16	
27,635	-0,17	
27,64	-0,17	
27,645	-0,18	
27,65	-0,18	
27,655	-0,18	
27,66	-0,18	
27,665	-0,19	
27,67	-0,19	
27,675	-0,2	
27,68	-0,2	
27,685	-0,2	
27,69	-0,21	
27,695	-0,21	
27,7	-0,21	
27,705	-0,21	
27,71	-0,21	
27,715	-0,21	
27,72	-0,21	
27,725	-0,21	
27,73	-0,22	
27,735	-0,22	
27,74	-0,23	
27,745	-0,23	
27,75	-0,23	
27,755	-0,23	
27,76	-0,22	
27,765	-0,22	
27,77	-0,22	
27,775	-0,22	
27,78	-0,22	
27,785	-0,23	
27,79	-0,23	
27,795	-0,23	
27,8	-0,24	
27,805	-0,24	
27,81	-0,23	
27,815	-0,23	
27,82	-0,22	
27,825	-0,22	
27,83	-0,22	
27,835	-0,22	
27,84	-0,22	
27,845	-0,22	
27,85	-0,22	
27,855	-0,21	
27,86	-0,21	
27,865	-0,21	
27,87	-0,2	
27,875	-0,2	
27,88	-0,2	
27,885	-0,2	
27,89	-0,19	
27,895	-0,19	
27,9	-0,19	
27,905	-0,18	
27,91	-0,18	
27,915	-0,18	
27,92	-0,17	
27,925	-0,17	
27,93	-0,16	
27,935	-0,16	
27,94	-0,15	
27,945	-0,14	
27,95	-0,14	
27,955	-0,13	
27,96	-0,13	
27,965	-0,13	
27,97	-0,12	
27,975	-0,12	
27,98	-0,12	
27,985	-0,11	
27,99	-0,1	
27,995	-0,09	
28,0	-0,09	
28,005	-0,08	
28,01	-0,08	
28,015	-0,07	
28,02	-0,06	
28,025	-0,06	
28,03	-0,05	
28,035	-0,04	
28,04	-0,03	
28,045	-0,03	
28,05	-0,02	
28,055	-0,02	
28,06	-0,01	
28,065	0	
28,07	0	
28,075	0,01	
28,08	0,02	
28,085	0,04	
28,09	0,04	
28,095	0,05	
28,1	0,06	
28,105	0,06	
28,11	0,07	
28,115	0,07	
28,12	0,08	
28,125	0,09	
28,13	0,1	
28,135	0,11	
28,14	0,12	
28,145	0,12	
28,15	0,13	
28,155	0,14	
28,16	0,14	
28,165	0,15	
28,17	0,16	
28,175	0,17	
28,18	0,18	
28,185	0,18	
28,19	0,19	
28,195	0,2	
28,2	0,21	
28,205	0,21	
28,21	0,22	
28,215	0,23	
28,22	0,23	
28,225	0,24	
28,23	0,24	
28,235	0,25	
28,24	0,26	
28,245	0,27	
28,25	0,27	
28,255	0,28	
28,26	0,28	
28,265	0,29	
28,27	0,29	
28,275	0,29	
28,28	0,3	
28,285	0,31	
28,29	0,31	
28,295	0,32	
28,3	0,32	
28,305	0,33	
28,31	0,33	
28,315	0,34	
28,32	0,34	
28,325	0,34	
28,33	0,34	
28,335	0,34	
28,34	0,34	
28,345	0,35	
28,35	0,35	
28,355	0,36	
28,36	0,36	
28,365	0,36	
28,37	0,36	
28,375	0,36	
28,38	0,36	
28,385	0,36	
28,39	0,37	
28,395	0,37	
28,4	0,37	
28,405	0,36	
28,41	0,36	
28,415	0,37	
28,42	0,36	
28,425	0,37	
28,43	0,37	
28,435	0,37	
28,44	0,36	
28,445	0,36	
28,45	0,35	
28,455	0,35	
28,46	0,35	
28,465	0,35	
28,47	0,34	
28,475	0,34	
28,48	0,34	
28,485	0,33	
28,49	0,33	
28,495	0,33	
28,5	0,32	
28,505	0,32	
28,51	0,31	
28,515	0,31	
28,52	0,3	
28,525	0,3	
28,53	0,29	
28,535	0,28	
28,54	0,28	
28,545	0,27	
28,55	0,26	
28,555	0,26	
28,56	0,25	
28,565	0,24	
28,57	0,24	
28,575	0,23	
28,58	0,22	
28,585	0,21	
28,59	0,21	
28,595	0,2	
28,6	0,19	
28,605	0,17	
28,61	0,16	
28,615	0,15	
28,62	0,15	
28,625	0,14	
28,63	0,13	
28,635	0,12	
28,64	0,12	
28,645	0,11	
28,65	0,1	
28,655	0,08	
28,66	0,07	
28,665	0,06	
28,67	0,04	
28,675	0,03	
28,68	0,03	
28,685	0,02	
28,69	0,01	
28,695	0	
28,7	-0,02	
28,705	-0,03	
28,71	-0,04	
28,715	-0,05	
28,72	-0,07	
28,725	-0,07	
28,73	-0,08	
28,735	-0,09	
28,74	-0,1	
28,745	-0,11	
28,75	-0,12	
28,755	-0,13	
28,76	-0,15	
28,765	-0,16	
28,77	-0,17	
28,775	-0,18	
28,78	-0,19	
28,785	-0,2	
28,79	-0,21	
28,795	-0,22	
28,8	-0,23	
28,805	-0,24	
28,81	-0,26	
28,815	-0,27	
28,82	-0,28	
28,825	-0,28	
28,83	-0,29	
28,835	-0,3	
28,84	-0,3	
28,845	-0,31	
28,85	-0,32	
28,855	-0,34	
28,86	-0,35	
28,865	-0,36	
28,87	-0,37	
28,875	-0,37	
28,88	-0,38	
28,885	-0,39	
28,89	-0,39	
28,895	-0,4	
28,9	-0,41	
28,905	-0,41	
28,91	-0,42	
28,915	-0,43	
28,92	-0,43	
28,925	-0,44	
28,93	-0,44	
28,935	-0,45	
28,94	-0,45	
28,945	-0,46	
28,95	-0,46	
28,955	-0,47	
28,96	-0,47	
28,965	-0,47	
28,97	-0,47	
28,975	-0,48	
28,98	-0,48	
28,985	-0,48	
28,99	-0,48	
28,995	-0,48	
29,0	-0,49	
29,005	-0,49	
29,01	-0,49	
29,015	-0,48	
29,02	-0,49	
29,025	-0,48	
29,03	-0,48	
29,035	-0,49	
29,04	-0,48	
29,045	-0,48	
29,05	-0,49	
29,055	-0,48	
29,06	-0,48	
29,065	-0,48	
29,07	-0,47	
29,075	-0,47	
29,08	-0,46	
29,085	-0,46	
29,09	-0,45	
29,095	-0,45	
29,1	-0,45	
29,105	-0,45	
29,11	-0,44	
29,115	-0,43	
29,12	-0,43	
29,125	-0,41	
29,13	-0,41	
29,135	-0,4	
29,14	-0,4	
29,145	-0,39	
29,15	-0,39	
29,155	-0,38	
29,16	-0,37	
29,165	-0,36	
29,17	-0,35	
29,175	-0,34	
29,18	-0,33	
29,185	-0,32	
29,19	-0,31	
29,195	-0,3	
29,2	-0,3	
29,205	-0,29	
29,21	-0,27	
29,215	-0,26	
29,22	-0,24	
29,225	-0,23	
29,23	-0,21	
29,235	-0,21	
29,24	-0,2	
29,245	-0,19	
29,25	-0,18	
29,255	-0,18	
29,26	-0,16	
29,265	-0,14	
29,27	-0,12	
29,275	-0,11	
29,28	-0,09	
29,285	-0,08	
29,29	-0,07	
29,295	-0,06	
29,3	-0,05	
29,305	-0,04	
29,31	-0,02	
29,315	-0,01	
29,32	0,01	
29,325	0,03	
29,33	0,04	
29,335	0,05	
29,34	0,06	
29,345	0,07	
29,35	0,08	
29,355	0,1	
29,36	0,12	
29,365	0,13	
29,37	0,15	
29,375	0,16	
29,38	0,18	
29,385	0,19	
29,39	0,19	
29,395	0,21	
29,4	0,22	
29,405	0,23	
29,41	0,25	
29,415	0,26	
29,42	0,28	
29,425	0,29	
29,43	0,3	
29,435	0,32	
29,44	0,33	
29,445	0,34	
29,45	0,36	
29,455	0,37	
29,46	0,38	
29,465	0,39	
29,47	0,4	
29,475	0,41	
29,48	0,41	
29,485	0,42	
29,49	0,43	
29,495	0,44	
29,5	0,45	
29,505	0,46	
29,51	0,47	
29,515	0,48	
29,52	0,48	
29,525	0,49	
29,53	0,5	
29,535	0,51	
29,54	0,52	
29,545	0,52	
29,55	0,53	
29,555	0,54	
29,56	0,55	
29,565	0,55	
29,57	0,56	
29,575	0,56	
29,58	0,56	
29,585	0,56	
29,59	0,56	
29,595	0,57	
29,6	0,57	
29,605	0,58	
29,61	0,58	
29,615	0,58	
29,62	0,58	
29,625	0,58	
29,63	0,58	
29,635	0,58	
29,64	0,58	
29,645	0,58	
29,65	0,59	
29,655	0,58	
29,66	0,58	
29,665	0,58	
29,67	0,58	
29,675	0,57	
29,68	0,57	
29,685	0,56	
29,69	0,56	
29,695	0,56	
29,7	0,56	
29,705	0,55	
29,71	0,55	
29,715	0,54	
29,72	0,53	
29,725	0,53	
29,73	0,52	
29,735	0,51	
29,74	0,5	
29,745	0,49	
29,75	0,49	
29,755	0,48	
29,76	0,47	
29,765	0,46	
29,77	0,45	
29,775	0,44	
29,78	0,43	
29,785	0,42	
29,79	0,41	
29,795	0,4	
29,8	0,39	
29,805	0,39	
29,81	0,37	
29,815	0,36	
29,82	0,35	
29,825	0,34	
29,83	0,32	
29,835	0,3	
29,84	0,29	
29,845	0,28	
29,85	0,27	
29,855	0,25	
29,86	0,24	
29,865	0,22	
29,87	0,21	
29,875	0,19	
29,88	0,18	
29,885	0,16	
29,89	0,15	
29,895	0,14	
29,9	0,12	
29,905	0,11	
29,91	0,09	
29,915	0,07	
29,92	0,06	
29,925	0,04	
29,93	0,03	
29,935	0,02	
29,94	0	
29,945	-0,02	
29,95	-0,03	
29,955	-0,05	
29,96	-0,07	
29,965	-0,08	
29,97	-0,1	
29,975	-0,12	
29,98	-0,13	
29,985	-0,14	
29,99	-0,16	
29,995	-0,18	
30,0	-0,19	
30,005	-0,2	
30,01	-0,22	
30,015	-0,23	
30,02	-0,25	
30,025	-0,26	
30,03	-0,28	
30,035	-0,29	
30,04	-0,3	
30,045	-0,32	
30,05	-0,33	
30,055	-0,35	
30,06	-0,36	
30,065	-0,38	
30,07	-0,39	
30,075	-0,4	
30,08	-0,41	
30,085	-0,43	
30,09	-0,44	
30,095	-0,45	
30,1	-0,46	
30,105	-0,47	
30,11	-0,48	
30,115	-0,49	
30,12	-0,51	
30,125	-0,52	
30,13	-0,53	
30,135	-0,54	
30,14	-0,54	
30,145	-0,55	
30,15	-0,55	
30,155	-0,56	
30,16	-0,57	
30,165	-0,58	
30,17	-0,59	
30,175	-0,6	
30,18	-0,61	
30,185	-0,61	
30,19	-0,61	
30,195	-0,61	
30,2	-0,62	
30,205	-0,62	
30,21	-0,63	
30,215	-0,64	
30,22	-0,64	
30,225	-0,64	
30,23	-0,64	
30,235	-0,64	
30,24	-0,64	
30,245	-0,64	
30,25	-0,64	
30,255	-0,65	
30,26	-0,65	
30,265	-0,65	
30,27	-0,65	
30,275	-0,65	
30,28	-0,64	
30,285	-0,64	
30,29	-0,64	
30,295	-0,63	
30,3	-0,63	
30,305	-0,63	
30,31	-0,62	
30,315	-0,62	
30,32	-0,61	
30,325	-0,61	
30,33	-0,6	
30,335	-0,6	
30,34	-0,59	
30,345	-0,58	
30,35	-0,57	
30,355	-0,56	
30,36	-0,55	
30,365	-0,55	
30,37	-0,54	
30,375	-0,53	
30,38	-0,52	
30,385	-0,51	
30,39	-0,5	
30,395	-0,49	
30,4	-0,48	
30,405	-0,47	
30,41	-0,46	
30,415	-0,44	
30,42	-0,43	
30,425	-0,41	
30,43	-0,4	
30,435	-0,39	
30,44	-0,38	
30,445	-0,36	
30,45	-0,35	
30,455	-0,34	
30,46	-0,33	
30,465	-0,31	
30,47	-0,29	
30,475	-0,28	
30,48	-0,26	
30,485	-0,25	
30,49	-0,23	
30,495	-0,21	
30,5	-0,2	
30,505	-0,18	
30,51	-0,16	
30,515	-0,15	
30,52	-0,13	
30,525	-0,12	
30,53	-0,11	
30,535	-0,09	
30,54	-0,07	
30,545	-0,05	
30,55	-0,03	
30,555	-0,02	
30,56	0	
30,565	0,02	
30,57	0,03	
30,575	0,05	
30,58	0,06	
30,585	0,08	
30,59	0,09	
30,595	0,11	
30,6	0,13	
30,605	0,15	
30,61	0,16	
30,615	0,18	
30,62	0,19	
30,625	0,21	
30,63	0,23	
30,635	0,25	
30,64	0,26	
30,645	0,28	
30,65	0,29	
30,655	0,31	
30,66	0,32	
30,665	0,34	
30,67	0,35	
30,675	0,37	
30,68	0,38	
30,685	0,4	
30,69	0,41	
30,695	0,42	
30,7	0,44	
30,705	0,45	
30,71	0,46	
30,715	0,47	
30,72	0,49	
30,725	0,5	
30,73	0,51	
30,735	0,52	
30,74	0,53	
30,745	0,54	
30,75	0,55	
30,755	0,56	
30,76	0,57	
30,765	0,58	
30,77	0,59	
30,775	0,6	
30,78	0,61	
30,785	0,62	
30,79	0,63	
30,795	0,63	
30,8	0,63	
30,805	0,64	
30,81	0,64	
30,815	0,64	
30,82	0,65	
30,825	0,66	
30,83	0,66	
30,835	0,67	
30,84	0,67	
30,845	0,67	
30,85	0,67	
30,855	0,67	
30,86	0,67	
30,865	0,67	
30,87	0,67	
30,875	0,67	
30,88	0,67	
30,885	0,67	
30,89	0,67	
30,895	0,67	
30,9	0,66	
30,905	0,66	
30,91	0,66	
30,915	0,66	
30,92	0,65	
30,925	0,65	
30,93	0,64	
30,935	0,64	
30,94	0,63	
30,945	0,63	
30,95	0,62	
30,955	0,62	
30,96	0,61	
30,965	0,6	
30,97	0,59	
30,975	0,59	
30,98	0,58	
30,985	0,57	
30,99	0,56	
30,995	0,55	
31,0	0,54	
31,005	0,53	
31,01	0,52	
31,015	0,51	
31,02	0,49	
31,025	0,48	
31,03	0,47	
31,035	0,46	
31,04	0,44	
31,045	0,43	
31,05	0,42	
31,055	0,41	
31,06	0,39	
31,065	0,38	
31,07	0,36	
31,075	0,35	
31,08	0,33	
31,085	0,31	
31,09	0,3	
31,095	0,28	
31,1	0,27	
31,105	0,25	
31,11	0,24	
31,115	0,22	
31,12	0,21	
31,125	0,19	
31,13	0,17	
31,135	0,15	
31,14	0,14	
31,145	0,12	
31,15	0,11	
31,155	0,1	
31,16	0,08	
31,165	0,07	
31,17	0,05	
31,175	0,02	
31,18	0	
31,185	-0,02	
31,19	-0,03	
31,195	-0,05	
31,2	-0,06	
31,205	-0,08	
31,21	-0,09	
31,215	-0,11	
31,22	-0,14	
31,225	-0,16	
31,23	-0,17	
31,235	-0,18	
31,24	-0,2	
31,245	-0,21	
31,25	-0,23	
31,255	-0,24	
31,26	-0,25	
31,265	-0,27	
31,27	-0,29	
31,275	-0,3	
31,28	-0,32	
31,285	-0,34	
31,29	-0,35	
31,295	-0,37	
31,3	-0,38	
31,305	-0,39	
31,31	-0,41	
31,315	-0,42	
31,32	-0,43	
31,325	-0,44	
31,33	-0,46	
31,335	-0,47	
31,34	-0,48	
31,345	-0,49	
31,35	-0,5	
31,355	-0,51	
31,36	-0,52	
31,365	-0,54	
31,37	-0,55	
31,375	-0,56	
31,38	-0,57	
31,385	-0,57	
31,39	-0,58	
31,395	-0,58	
31,4	-0,6	
31,405	-0,6	
31,41	-0,61	
31,415	-0,62	
31,42	-0,62	
31,425	-0,63	
31,43	-0,63	
31,435	-0,64	
31,44	-0,64	
31,445	-0,64	
31,45	-0,65	
31,455	-0,65	
31,46	-0,66	
31,465	-0,66	
31,47	-0,66	
31,475	-0,66	
31,48	-0,66	
31,485	-0,66	
31,49	-0,66	
31,495	-0,66	
31,5	-0,67	
31,505	-0,67	
31,51	-0,66	
31,515	-0,66	
31,52	-0,66	
31,525	-0,65	
31,53	-0,65	
31,535	-0,64	
31,54	-0,64	
31,545	-0,64	
31,55	-0,63	
31,555	-0,63	
31,56	-0,63	
31,565	-0,62	
31,57	-0,62	
31,575	-0,61	
31,58	-0,6	
31,585	-0,59	
31,59	-0,58	
31,595	-0,58	
31,6	-0,57	
31,605	-0,56	
31,61	-0,55	
31,615	-0,54	
31,62	-0,53	
31,625	-0,52	
31,63	-0,5	
31,635	-0,49	
31,64	-0,48	
31,645	-0,47	
31,65	-0,46	
31,655	-0,45	
31,66	-0,44	
31,665	-0,42	
31,67	-0,41	
31,675	-0,39	
31,68	-0,38	
31,685	-0,37	
31,69	-0,35	
31,695	-0,34	
31,7	-0,33	
31,705	-0,31	
31,71	-0,3	
31,715	-0,28	
31,72	-0,27	
31,725	-0,25	
31,73	-0,24	
31,735	-0,22	
31,74	-0,21	
31,745	-0,19	
31,75	-0,17	
31,755	-0,16	
31,76	-0,14	
31,765	-0,12	
31,77	-0,11	
31,775	-0,09	
31,78	-0,07	
31,785	-0,06	
31,79	-0,04	
31,795	-0,02	
31,8	-0,01	
31,805	0,01	
31,81	0,03	
31,815	0,04	
31,82	0,06	
31,825	0,08	
31,83	0,09	
31,835	0,11	
31,84	0,13	
31,845	0,14	
31,85	0,15	
31,855	0,17	
31,86	0,19	
31,865	0,2	
31,87	0,22	
31,875	0,24	
31,88	0,25	
31,885	0,26	
31,89	0,27	
31,895	0,28	
31,9	0,3	
31,905	0,32	
31,91	0,33	
31,915	0,34	
31,92	0,36	
31,925	0,37	
31,93	0,38	
31,935	0,39	
31,94	0,4	
31,945	0,41	
31,95	0,43	
31,955	0,44	
31,96	0,45	
31,965	0,46	
31,97	0,47	
31,975	0,49	
31,98	0,5	
31,985	0,5	
31,99	0,51	
31,995	0,52	
32,0	0,53	
32,005	0,54	
32,01	0,54	
32,015	0,55	
32,02	0,56	
32,025	0,57	
32,03	0,58	
32,035	0,58	
32,04	0,59	
32,045	0,59	
32,05	0,59	
32,055	0,6	
32,06	0,6	
32,065	0,6	
32,07	0,61	
32,075	0,61	
32,08	0,62	
32,085	0,62	
32,09	0,62	
32,095	0,62	
32,1	0,62	
32,105	0,62	
32,11	0,62	
32,115	0,62	
32,12	0,62	
32,125	0,62	
32,13	0,62	
32,135	0,62	
32,14	0,61	
32,145	0,61	
32,15	0,6	
32,155	0,6	
32,16	0,6	
32,165	0,59	
32,17	0,59	
32,175	0,59	
32,18	0,58	
32,185	0,58	
32,19	0,57	
32,195	0,56	
32,2	0,55	
32,205	0,55	
32,21	0,54	
32,215	0,53	
32,22	0,52	
32,225	0,51	
32,23	0,51	
32,235	0,5	
32,24	0,49	
32,245	0,48	
32,25	0,47	
32,255	0,46	
32,26	0,45	
32,265	0,44	
32,27	0,43	
32,275	0,41	
32,28	0,41	
32,285	0,39	
32,29	0,38	
32,295	0,37	
32,3	0,35	
32,305	0,34	
32,31	0,32	
32,315	0,31	
32,32	0,3	
32,325	0,29	
32,33	0,27	
32,335	0,26	
32,34	0,24	
32,345	0,23	
32,35	0,22	
32,355	0,21	
32,36	0,19	
32,365	0,18	
32,37	0,16	
32,375	0,15	
32,38	0,13	
32,385	0,11	
32,39	0,1	
32,395	0,08	
32,4	0,07	
32,405	0,05	
32,41	0,04	
32,415	0,02	
32,42	0,01	
32,425	0	
32,43	-0,02	
32,435	-0,03	
32,44	-0,04	
32,445	-0,06	
32,45	-0,08	
32,455	-0,09	
32,46	-0,1	
32,465	-0,12	
32,47	-0,13	
32,475	-0,15	
32,48	-0,16	
32,485	-0,18	
32,49	-0,19	
32,495	-0,21	
32,5	-0,22	
32,505	-0,23	
32,51	-0,24	
32,515	-0,25	
32,52	-0,26	
32,525	-0,27	
32,53	-0,29	
32,535	-0,3	
32,54	-0,32	
32,545	-0,33	
32,55	-0,34	
32,555	-0,35	
32,56	-0,35	
32,565	-0,36	
32,57	-0,37	
32,575	-0,38	
32,58	-0,4	
32,585	-0,41	
32,59	-0,42	
32,595	-0,43	
32,6	-0,44	
32,605	-0,44	
32,61	-0,45	
32,615	-0,46	
32,62	-0,46	
32,625	-0,47	
32,63	-0,48	
32,635	-0,49	
32,64	-0,5	
32,645	-0,5	
32,65	-0,51	
32,655	-0,51	
32,66	-0,51	
32,665	-0,52	
32,67	-0,52	
32,675	-0,53	
32,68	-0,53	
32,685	-0,54	
32,69	-0,54	
32,695	-0,54	
32,7	-0,54	
32,705	-0,54	
32,71	-0,54	
32,715	-0,54	
32,72	-0,54	
32,725	-0,54	
32,73	-0,54	
32,735	-0,54	
32,74	-0,54	
32,745	-0,54	
32,75	-0,54	
32,755	-0,54	
32,76	-0,54	
32,765	-0,53	
32,77	-0,53	
32,775	-0,53	
32,78	-0,53	
32,785	-0,52	
32,79	-0,52	
32,795	-0,51	
32,8	-0,51	
32,805	-0,5	
32,81	-0,49	
32,815	-0,48	
32,82	-0,48	
32,825	-0,47	
32,83	-0,47	
32,835	-0,46	
32,84	-0,46	
32,845	-0,45	
32,85	-0,44	
32,855	-0,43	
32,86	-0,42	
32,865	-0,41	
32,87	-0,41	
32,875	-0,4	
32,88	-0,38	
32,885	-0,38	
32,89	-0,37	
32,895	-0,36	
32,9	-0,35	
32,905	-0,34	
32,91	-0,33	
32,915	-0,32	
32,92	-0,31	
32,925	-0,3	
32,93	-0,29	
32,935	-0,27	
32,94	-0,26	
32,945	-0,25	
32,95	-0,23	
32,955	-0,22	
32,96	-0,21	
32,965	-0,2	
32,97	-0,19	
32,975	-0,18	
32,98	-0,17	
32,985	-0,15	
32,99	-0,14	
32,995	-0,12	
33,0	-0,11	
33,005	-0,1	
33,01	-0,09	
33,015	-0,08	
33,02	-0,07	
33,025	-0,06	
33,03	-0,04	
33,035	-0,03	
33,04	-0,02	
33,045	0	
33,05	0,01	
33,055	0,02	
33,06	0,03	
33,065	0,05	
33,07	0,06	
33,075	0,07	
33,08	0,08	
33,085	0,1	
33,09	0,11	
33,095	0,13	
33,1	0,14	
33,105	0,15	
33,11	0,16	
33,115	0,17	
33,12	0,18	
33,125	0,19	
33,13	0,2	
33,135	0,21	
33,14	0,22	
33,145	0,23	
33,15	0,24	
33,155	0,25	
33,16	0,26	
33,165	0,27	
33,17	0,27	
33,175	0,28	
33,18	0,29	
33,185	0,3	
33,19	0,31	
33,195	0,32	
33,2	0,33	
33,205	0,34	
33,21	0,34	
33,215	0,35	
33,22	0,36	
33,225	0,36	
33,23	0,37	
33,235	0,37	
33,24	0,38	
33,245	0,39	
33,25	0,39	
33,255	0,39	
33,26	0,4	
33,265	0,4	
33,27	0,4	
33,275	0,41	
33,28	0,41	
33,285	0,42	
33,29	0,42	
33,295	0,42	
33,3	0,43	
33,305	0,43	
33,31	0,43	
33,315	0,44	
33,32	0,44	
33,325	0,43	
33,33	0,43	
33,335	0,43	
33,34	0,43	
33,345	0,44	
33,35	0,44	
33,355	0,44	
33,36	0,44	
33,365	0,44	
33,37	0,43	
33,375	0,43	
33,38	0,43	
33,385	0,43	
33,39	0,42	
33,395	0,42	
33,4	0,42	
33,405	0,41	
33,41	0,41	
33,415	0,41	
33,42	0,4	
33,425	0,4	
33,43	0,4	
33,435	0,39	
33,44	0,39	
33,445	0,38	
33,45	0,37	
33,455	0,37	
33,46	0,36	
33,465	0,35	
33,47	0,35	
33,475	0,34	
33,48	0,34	
33,485	0,33	
33,49	0,33	
33,495	0,32	
33,5	0,31	
33,505	0,3	
33,51	0,3	
33,515	0,29	
33,52	0,28	
33,525	0,27	
33,53	0,26	
33,535	0,26	
33,54	0,25	
33,545	0,24	
33,55	0,23	
33,555	0,22	
33,56	0,21	
33,565	0,2	
33,57	0,19	
33,575	0,18	
33,58	0,18	
33,585	0,17	
33,59	0,16	
33,595	0,15	
33,6	0,13	
33,605	0,12	
33,61	0,11	
33,615	0,1	
33,62	0,09	
33,625	0,09	
33,63	0,08	
33,635	0,07	
33,64	0,06	
33,645	0,05	
33,65	0,04	
33,655	0,03	
33,66	0,02	
33,665	0,01	
33,67	0	
33,675	-0,01	
33,68	-0,02	
33,685	-0,02	
33,69	-0,03	
33,695	-0,04	
33,7	-0,05	
33,705	-0,06	
33,71	-0,07	
33,715	-0,08	
33,72	-0,09	
33,725	-0,09	
33,73	-0,1	
33,735	-0,11	
33,74	-0,12	
33,745	-0,13	
33,75	-0,14	
33,755	-0,15	
33,76	-0,15	
33,765	-0,16	
33,77	-0,17	
33,775	-0,18	
33,78	-0,18	
33,785	-0,19	
33,79	-0,19	
33,795	-0,2	
33,8	-0,21	
33,805	-0,21	
33,81	-0,22	
33,815	-0,23	
33,82	-0,23	
33,825	-0,24	
33,83	-0,24	
33,835	-0,25	
33,84	-0,25	
33,845	-0,26	
33,85	-0,26	
33,855	-0,27	
33,86	-0,27	
33,865	-0,28	
33,87	-0,28	
33,875	-0,28	
33,88	-0,28	
33,885	-0,28	
33,89	-0,29	
33,895	-0,29	
33,9	-0,29	
33,905	-0,3	
33,91	-0,3	
33,915	-0,3	
33,92	-0,3	
33,925	-0,3	
33,93	-0,3	
33,935	-0,31	
33,94	-0,31	
33,945	-0,31	
33,95	-0,31	
33,955	-0,31	
33,96	-0,3	
33,965	-0,3	
33,97	-0,31	
33,975	-0,31	
33,98	-0,31	
33,985	-0,3	
33,99	-0,3	
33,995	-0,3	
34,0	-0,3	
34,005	-0,3	
34,01	-0,3	
34,015	-0,3	
34,02	-0,29	
34,025	-0,29	
34,03	-0,29	
34,035	-0,29	
34,04	-0,29	
34,045	-0,29	
34,05	-0,28	
34,055	-0,28	
34,06	-0,27	
34,065	-0,26	
34,07	-0,26	
34,075	-0,26	
34,08	-0,25	
34,085	-0,25	
34,09	-0,25	
34,095	-0,24	
34,1	-0,24	
34,105	-0,24	
34,11	-0,23	
34,115	-0,22	
34,12	-0,22	
34,125	-0,21	
34,13	-0,21	
34,135	-0,21	
34,14	-0,2	
34,145	-0,2	
34,15	-0,19	
34,155	-0,18	
34,16	-0,17	
34,165	-0,17	
34,17	-0,16	
34,175	-0,15	
34,18	-0,15	
34,185	-0,14	
34,19	-0,14	
34,195	-0,13	
34,2	-0,13	
34,205	-0,12	
34,21	-0,11	
34,215	-0,11	
34,22	-0,1	
34,225	-0,09	
34,23	-0,09	
34,235	-0,08	
34,24	-0,08	
34,245	-0,07	
34,25	-0,07	
34,255	-0,06	
34,26	-0,05	
34,265	-0,05	
34,27	-0,04	
34,275	-0,03	
34,28	-0,03	
34,285	-0,03	
34,29	-0,02	
34,295	-0,02	
34,3	-0,01	
34,305	0	
34,31	0	
34,315	0,01	
34,32	0,02	
34,325	0,02	
34,33	0,02	
34,335	0,03	
34,34	0,04	
34,345	0,04	
34,35	0,05	
34,355	0,05	
34,36	0,06	
34,365	0,07	
34,37	0,07	
34,375	0,07	
34,38	0,08	
34,385	0,08	
34,39	0,08	
34,395	0,08	
34,4	0,09	
34,405	0,1	
34,41	0,1	
34,415	0,11	
34,42	0,11	
34,425	0,11	
34,43	0,11	
34,435	0,12	
34,44	0,12	
34,445	0,13	
34,45	0,13	
34,455	0,13	
34,46	0,14	
34,465	0,14	
34,47	0,14	
34,475	0,14	
34,48	0,14	
34,485	0,14	
34,49	0,15	
34,495	0,15	
34,5	0,15	
34,505	0,16	
34,51	0,16	
34,515	0,16	
34,52	0,15	
34,525	0,15	
34,53	0,15	
34,535	0,15	
34,54	0,15	
34,545	0,16	
34,55	0,16	
34,555	0,16	
34,56	0,16	
34,565	0,16	
34,57	0,16	
34,575	0,16	
34,58	0,16	
34,585	0,16	
34,59	0,16	
34,595	0,16	
34,6	0,16	
34,605	0,17	
34,61	0,16	
34,615	0,16	
34,62	0,16	
34,625	0,16	
34,63	0,15	
34,635	0,15	
34,64	0,15	
34,645	0,15	
34,65	0,15	
34,655	0,15	
34,66	0,15	
34,665	0,15	
34,67	0,14	
34,675	0,14	
34,68	0,14	
34,685	0,14	
34,69	0,14	
34,695	0,14	
34,7	0,14	
34,705	0,13	
34,71	0,13	
34,715	0,13	
34,72	0,12	
34,725	0,12	
34,73	0,12	
34,735	0,11	
34,74	0,12	
34,745	0,12	
34,75	0,12	
34,755	0,11	
34,76	0,11	
34,765	0,11	
34,77	0,1	
34,775	0,1	
34,78	0,1	
34,785	0,1	
34,79	0,1	
34,795	0,09	
34,8	0,09	
34,805	0,09	
34,81	0,08	
34,815	0,07	
34,82	0,07	
34,825	0,07	
34,83	0,07	
34,835	0,07	
34,84	0,07	
34,845	0,07	
34,85	0,06	
34,855	0,06	
34,86	0,06	
34,865	0,05	
34,87	0,05	
34,875	0,05	
34,88	0,05	
34,885	0,05	
34,89	0,04	
34,895	0,05	
34,9	0,04	
34,905	0,04	
34,91	0,04	
34,915	0,04	
34,92	0,03	
34,925	0,03	
34,93	0,03	
34,935	0,03	
34,94	0,03	
34,945	0,02	
34,95	0,02	
34,955	0,02	
34,96	0,01	
34,965	0,01	
34,97	0,01	
34,975	0,01	
34,98	0,01	
34,985	0,01	
34,99	0,01	
34,995	0	
35,0	0	
35,005	0	
35,01	0	
35,015	-0,01	
35,02	-0,01	
35,025	0	
35,03	0	
35,035	-0,01	
35,04	0	
35,045	0	
35,05	-0,01	
35,055	0	
35,06	-0,01	
35,065	-0,01	
35,07	-0,01	
35,075	-0,01	
35,08	0	
35,085	0	
35,09	-0,01	
35,095	-0,01	
35,1	-0,01	
35,105	-0,01	
35,11	-0,01	
35,115	-0,01	
35,12	-0,01	
35,125	-0,01	
35,13	-0,01	
35,135	-0,01	
35,14	-0,01	
35,145	-0,01	
35,15	-0,01	
35,155	-0,01	
35,16	-0,01	
35,165	-0,01	
35,17	-0,01	
35,175	-0,01	
35,18	-0,01	
35,185	-0,01	
35,19	-0,01	
35,195	-0,01	
35,2	-0,01	
35,205	-0,01	
35,21	-0,01	
35,215	-0,01	
35,22	-0,01	
35,225	-0,01	
35,23	-0,01	
35,235	-0,01	
35,24	-0,01	
35,245	-0,01	
35,25	-0,01	
35,255	-0,01	
35,26	-0,01	
35,265	-0,01	
35,27	-0,01	
35,275	-0,01	
35,28	-0,01	
35,285	-0,01	
35,29	-0,01	
35,295	-0,01	
35,3	-0,01	
35,305	-0,01	
35,31	-0,01	
35,315	-0,01	
35,32	-0,01	
35,325	-0,01	
35,33	-0,01	
35,335	-0,01	
35,34	-0,01	
35,345	-0,01	
35,35	-0,01	
35,355	-0,01	
35,36	-0,01	
35,365	-0,01	
35,37	-0,01	
35,375	-0,01	
35,38	-0,01	
35,385	-0,01	
35,39	-0,02	
35,395	-0,02	
35,4	-0,02	
35,405	-0,02	
35,41	-0,02	
35,415	-0,02	
35,42	-0,02	
35,425	-0,02	
35,43	-0,02	
35,435	-0,02	
35,44	-0,03	
35,445	-0,03	
35,45	-0,03	
35,455	-0,03	
35,46	-0,03	
35,465	-0,03	
35,47	-0,03	
35,475	-0,03	
35,48	-0,04	
35,485	-0,04	
35,49	-0,04	
35,495	-0,04	
35,5	-0,05	
35,505	-0,05	
35,51	-0,05	
35,515	-0,05	
35,52	-0,05	
35,525	-0,05	
35,53	-0,05	
35,535	-0,06	
35,54	-0,06	
35,545	-0,06	
35,55	-0,06	
35,555	-0,06	
35,56	-0,06	
35,565	-0,07	
35,57	-0,07	
35,575	-0,07	
35,58	-0,07	
35,585	-0,08	
35,59	-0,08	
35,595	-0,08	
35,6	-0,09	
35,605	-0,08	
35,61	-0,09	
35,615	-0,09	
35,62	-0,09	
35,625	-0,09	
35,63	-0,1	
35,635	-0,1	
35,64	-0,1	
35,645	-0,1	
35,65	-0,1	
35,655	-0,11	
35,66	-0,11	
35,665	-0,11	
35,67	-0,11	
35,675	-0,11	
35,68	-0,12	
35,685	-0,12	
35,69	-0,12	
35,695	-0,12	
35,7	-0,12	
35,705	-0,12	
35,71	-0,12	
35,715	-0,13	
35,72	-0,13	
35,725	-0,13	
35,73	-0,14	
35,735	-0,14	
35,74	-0,14	
35,745	-0,14	
35,75	-0,14	
35,755	-0,13	
35,76	-0,13	
35,765	-0,14	
35,77	-0,14	
35,775	-0,14	
35,78	-0,14	
35,785	-0,14	
35,79	-0,15	
35,795	-0,14	
35,8	-0,14	
35,805	-0,14	
35,81	-0,14	
35,815	-0,14	
35,82	-0,15	
35,825	-0,15	
35,83	-0,15	
35,835	-0,15	
35,84	-0,14	
35,845	-0,14	
35,85	-0,14	
35,855	-0,14	
35,86	-0,14	
35,865	-0,14	
35,87	-0,14	
35,875	-0,14	
35,88	-0,14	
35,885	-0,14	
35,89	-0,13	
35,895	-0,13	
35,9	-0,13	
35,905	-0,13	
35,91	-0,13	
35,915	-0,13	
35,92	-0,13	
35,925	-0,12	
35,93	-0,12	
35,935	-0,12	
35,94	-0,11	
35,945	-0,11	
35,95	-0,11	
35,955	-0,1	
35,96	-0,1	
35,965	-0,1	
35,97	-0,1	
35,975	-0,09	
35,98	-0,09	
35,985	-0,09	
35,99	-0,08	
35,995	-0,08	
36,0	-0,07	
36,005	-0,07	
36,01	-0,06	
36,015	-0,06	
36,02	-0,05	
36,025	-0,05	
36,03	-0,05	
36,035	-0,04	
36,04	-0,04	
36,045	-0,03	
36,05	-0,03	
36,055	-0,03	
36,06	-0,02	
36,065	-0,02	
36,07	-0,01	
36,075	-0,01	
36,08	0	
36,085	0	
36,09	0,01	
36,095	0,02	
36,1	0,02	
36,105	0,03	
36,11	0,03	
36,115	0,04	
36,12	0,04	
36,125	0,05	
36,13	0,05	
36,135	0,07	
36,14	0,07	
36,145	0,08	
36,15	0,08	
36,155	0,09	
36,16	0,09	
36,165	0,09	
36,17	0,1	
36,175	0,1	
36,18	0,11	
36,185	0,11	
36,19	0,12	
36,195	0,13	
36,2	0,13	
36,205	0,14	
36,21	0,14	
36,215	0,15	
36,22	0,15	
36,225	0,16	
36,23	0,17	
36,235	0,17	
36,24	0,18	
36,245	0,18	
36,25	0,19	
36,255	0,19	
36,26	0,19	
36,265	0,2	
36,27	0,2	
36,275	0,21	
36,28	0,22	
36,285	0,22	
36,29	0,23	
36,295	0,23	
36,3	0,23	
36,305	0,24	
36,31	0,23	
36,315	0,24	
36,32	0,24	
36,325	0,25	
36,33	0,25	
36,335	0,26	
36,34	0,26	
36,345	0,27	
36,35	0,27	
36,355	0,27	
36,36	0,27	
36,365	0,27	
36,37	0,27	
36,375	0,28	
36,38	0,28	
36,385	0,29	
36,39	0,29	
36,395	0,29	
36,4	0,29	
36,405	0,29	
36,41	0,28	
36,415	0,28	
36,42	0,28	
36,425	0,29	
36,43	0,29	
36,435	0,29	
36,44	0,29	
36,445	0,29	
36,45	0,29	
36,455	0,28	
36,46	0,28	
36,465	0,28	
36,47	0,28	
36,475	0,28	
36,48	0,28	
36,485	0,28	
36,49	0,28	
36,495	0,28	
36,5	0,27	
36,505	0,27	
36,51	0,27	
36,515	0,26	
36,52	0,26	
36,525	0,26	
36,53	0,25	
36,535	0,25	
36,54	0,25	
36,545	0,24	
36,55	0,23	
36,555	0,23	
36,56	0,22	
36,565	0,22	
36,57	0,22	
36,575	0,21	
36,58	0,21	
36,585	0,2	
36,59	0,19	
36,595	0,18	
36,6	0,17	
36,605	0,17	
36,61	0,17	
36,615	0,16	
36,62	0,16	
36,625	0,15	
36,63	0,14	
36,635	0,13	
36,64	0,12	
36,645	0,12	
36,65	0,11	
36,655	0,1	
36,66	0,1	
36,665	0,09	
36,67	0,08	
36,675	0,07	
36,68	0,06	
36,685	0,05	
36,69	0,04	
36,695	0,03	
36,7	0,02	
36,705	0,01	
36,71	0,01	
36,715	0	
36,72	-0,01	
36,725	-0,02	
36,73	-0,03	
36,735	-0,04	
36,74	-0,04	
36,745	-0,05	
36,75	-0,06	
36,755	-0,07	
36,76	-0,08	
36,765	-0,08	
36,77	-0,1	
36,775	-0,11	
36,78	-0,12	
36,785	-0,13	
36,79	-0,14	
36,795	-0,15	
36,8	-0,15	
36,805	-0,16	
36,81	-0,17	
36,815	-0,18	
36,82	-0,19	
36,825	-0,2	
36,83	-0,21	
36,835	-0,21	
36,84	-0,22	
36,845	-0,23	
36,85	-0,24	
36,855	-0,24	
36,86	-0,25	
36,865	-0,26	
36,87	-0,27	
36,875	-0,28	
36,88	-0,28	
36,885	-0,29	
36,89	-0,3	
36,895	-0,3	
36,9	-0,31	
36,905	-0,31	
36,91	-0,32	
36,915	-0,33	
36,92	-0,33	
36,925	-0,34	
36,93	-0,35	
36,935	-0,35	
36,94	-0,36	
36,945	-0,36	
36,95	-0,37	
36,955	-0,38	
36,96	-0,38	
36,965	-0,38	
36,97	-0,39	
36,975	-0,39	
36,98	-0,39	
36,985	-0,4	
36,99	-0,4	
36,995	-0,4	
37,0	-0,41	
37,005	-0,41	
37,01	-0,41	
37,015	-0,41	
37,02	-0,41	
37,025	-0,41	
37,03	-0,42	
37,035	-0,42	
37,04	-0,42	
37,045	-0,42	
37,05	-0,42	
37,055	-0,42	
37,06	-0,41	
37,065	-0,41	
37,07	-0,41	
37,075	-0,41	
37,08	-0,41	
37,085	-0,41	
37,09	-0,41	
37,095	-0,41	
37,1	-0,4	
37,105	-0,4	
37,11	-0,4	
37,115	-0,39	
37,12	-0,39	
37,125	-0,38	
37,13	-0,38	
37,135	-0,37	
37,14	-0,37	
37,145	-0,36	
37,15	-0,36	
37,155	-0,35	
37,16	-0,35	
37,165	-0,34	
37,17	-0,34	
37,175	-0,33	
37,18	-0,32	
37,185	-0,32	
37,19	-0,31	
37,195	-0,3	
37,2	-0,29	
37,205	-0,28	
37,21	-0,28	
37,215	-0,27	
37,22	-0,26	
37,225	-0,25	
37,23	-0,24	
37,235	-0,24	
37,24	-0,23	
37,245	-0,21	
37,25	-0,2	
37,255	-0,19	
37,26	-0,18	
37,265	-0,17	
37,27	-0,16	
37,275	-0,15	
37,28	-0,14	
37,285	-0,13	
37,29	-0,12	
37,295	-0,11	
37,3	-0,09	
37,305	-0,08	
37,31	-0,07	
37,315	-0,06	
37,32	-0,05	
37,325	-0,04	
37,33	-0,03	
37,335	-0,02	
37,34	0	
37,345	0,01	
37,35	0,02	
37,355	0,04	
37,36	0,05	
37,365	0,06	
37,37	0,07	
37,375	0,08	
37,38	0,09	
37,385	0,11	
37,39	0,12	
37,395	0,13	
37,4	0,14	
37,405	0,16	
37,41	0,17	
37,415	0,18	
37,42	0,19	
37,425	0,2	
37,43	0,21	
37,435	0,22	
37,44	0,23	
37,445	0,25	
37,45	0,26	
37,455	0,27	
37,46	0,28	
37,465	0,29	
37,47	0,3	
37,475	0,31	
37,48	0,32	
37,485	0,33	
37,49	0,34	
37,495	0,35	
37,5	0,36	
37,505	0,37	
37,51	0,37	
37,515	0,38	
37,52	0,39	
37,525	0,4	
37,53	0,41	
37,535	0,42	
37,54	0,43	
37,545	0,44	
37,55	0,44	
37,555	0,44	
37,56	0,45	
37,565	0,46	
37,57	0,47	
37,575	0,47	
37,58	0,48	
37,585	0,49	
37,59	0,49	
37,595	0,49	
37,6	0,49	
37,605	0,49	
37,61	0,5	
37,615	0,5	
37,62	0,51	
37,625	0,51	
37,63	0,52	
37,635	0,52	
37,64	0,52	
37,645	0,52	
37,65	0,52	
37,655	0,52	
37,66	0,52	
37,665	0,52	
37,67	0,52	
37,675	0,52	
37,68	0,53	
37,685	0,52	
37,69	0,52	
37,695	0,51	
37,7	0,51	
37,705	0,51	
37,71	0,5	
37,715	0,5	
37,72	0,5	
37,725	0,5	
37,73	0,49	
37,735	0,49	
37,74	0,49	
37,745	0,48	
37,75	0,47	
37,755	0,46	
37,76	0,46	
37,765	0,45	
37,77	0,45	
37,775	0,44	
37,78	0,44	
37,785	0,43	
37,79	0,42	
37,795	0,41	
37,8	0,4	
37,805	0,39	
37,81	0,38	
37,815	0,37	
37,82	0,36	
37,825	0,35	
37,83	0,34	
37,835	0,33	
37,84	0,32	
37,845	0,31	
37,85	0,3	
37,855	0,29	
37,86	0,28	
37,865	0,26	
37,87	0,25	
37,875	0,24	
37,88	0,23	
37,885	0,22	
37,89	0,2	
37,895	0,19	
37,9	0,18	
37,905	0,16	
37,91	0,15	
37,915	0,13	
37,92	0,12	
37,925	0,11	
37,93	0,1	
37,935	0,08	
37,94	0,07	
37,945	0,05	
37,95	0,04	
37,955	0,02	
37,96	0,01	
37,965	-0,01	
37,97	-0,02	
37,975	-0,03	
37,98	-0,04	
37,985	-0,06	
37,99	-0,07	
37,995	-0,09	
38,0	-0,11	
38,005	-0,12	
38,01	-0,14	
38,015	-0,15	
38,02	-0,16	
38,025	-0,17	
38,03	-0,19	
38,035	-0,2	
38,04	-0,21	
38,045	-0,23	
38,05	-0,25	
38,055	-0,26	
38,06	-0,27	
38,065	-0,28	
38,07	-0,29	
38,075	-0,31	
38,08	-0,32	
38,085	-0,34	
38,09	-0,35	
38,095	-0,36	
38,1	-0,37	
38,105	-0,38	
38,11	-0,39	
38,115	-0,4	
38,12	-0,41	
38,125	-0,43	
38,13	-0,44	
38,135	-0,45	
38,14	-0,46	
38,145	-0,47	
38,15	-0,48	
38,155	-0,49	
38,16	-0,5	
38,165	-0,5	
38,17	-0,51	
38,175	-0,52	
38,18	-0,53	
38,185	-0,53	
38,19	-0,54	
38,195	-0,55	
38,2	-0,55	
38,205	-0,56	
38,21	-0,56	
38,215	-0,56	
38,22	-0,56	
38,225	-0,57	
38,23	-0,58	
38,235	-0,59	
38,24	-0,59	
38,245	-0,59	
38,25	-0,59	
38,255	-0,6	
38,26	-0,6	
38,265	-0,59	
38,27	-0,6	
38,275	-0,6	
38,28	-0,6	
38,285	-0,6	
38,29	-0,6	
38,295	-0,6	
38,3	-0,6	
38,305	-0,59	
38,31	-0,59	
38,315	-0,59	
38,32	-0,58	
38,325	-0,58	
38,33	-0,58	
38,335	-0,58	
38,34	-0,57	
38,345	-0,57	
38,35	-0,56	
38,355	-0,56	
38,36	-0,55	
38,365	-0,54	
38,37	-0,54	
38,375	-0,53	
38,38	-0,53	
38,385	-0,52	
38,39	-0,51	
38,395	-0,5	
38,4	-0,49	
38,405	-0,48	
38,41	-0,47	
38,415	-0,46	
38,42	-0,45	
38,425	-0,44	
38,43	-0,43	
38,435	-0,42	
38,44	-0,41	
38,445	-0,41	
38,45	-0,39	
38,455	-0,37	
38,46	-0,36	
38,465	-0,35	
38,47	-0,34	
38,475	-0,33	
38,48	-0,32	
38,485	-0,3	
38,49	-0,29	
38,495	-0,27	
38,5	-0,25	
38,505	-0,24	
38,51	-0,23	
38,515	-0,21	
38,52	-0,2	
38,525	-0,19	
38,53	-0,17	
38,535	-0,16	
38,54	-0,14	
38,545	-0,12	
38,55	-0,1	
38,555	-0,09	
38,56	-0,08	
38,565	-0,06	
38,57	-0,05	
38,575	-0,03	
38,58	-0,02	
38,585	0	
38,59	0,03	
38,595	0,04	
38,6	0,06	
38,605	0,07	
38,61	0,09	
38,615	0,1	
38,62	0,11	
38,625	0,12	
38,63	0,14	
38,635	0,12	
38,64	0,17	
38,645	0,19	
38,65	0,2	
38,655	0,22	
38,66	0,24	
38,665	0,25	
38,67	0,26	
38,675	0,28	
38,68	0,29	
38,685	0,31	
38,69	0,33	
38,695	0,34	
38,7	0,35	
38,705	0,36	
38,71	0,38	
38,715	0,39	
38,72	0,4	
38,725	0,41	
38,73	0,43	
38,735	0,44	
38,74	0,45	
38,745	0,47	
38,75	0,48	
38,755	0,49	
38,76	0,5	
38,765	0,5	
38,77	0,51	
38,775	0,52	
38,78	0,53	
38,785	0,54	
38,79	0,55	
38,795	0,56	
38,8	0,56	
38,805	0,57	
38,81	0,58	
38,815	0,58	
38,82	0,59	
38,825	0,6	
38,83	0,6	
38,835	0,61	
38,84	0,61	
38,845	0,62	
38,85	0,63	
38,855	0,63	
38,86	0,63	
38,865	0,64	
38,87	0,64	
38,875	0,64	
38,88	0,64	
38,885	0,64	
38,89	0,64	
38,895	0,65	
38,9	0,65	
38,905	0,65	
38,91	0,65	
38,915	0,64	
38,92	0,64	
38,925	0,64	
38,93	0,63	
38,935	0,63	
38,94	0,63	
38,945	0,63	
38,95	0,63	
38,955	0,62	
38,96	0,61	
38,965	0,6	
38,97	0,6	
38,975	0,59	
38,98	0,58	
38,985	0,58	
38,99	0,57	
38,995	0,57	
39,0	0,56	
39,005	0,55	
39,01	0,54	
39,015	0,53	
39,02	0,52	
39,025	0,51	
39,03	0,5	
39,035	0,49	
39,04	0,48	
39,045	0,47	
39,05	0,46	
39,055	0,44	
39,06	0,43	
39,065	0,42	
39,07	0,41	
39,075	0,4	
39,08	0,39	
39,085	0,38	
39,09	0,36	
39,095	0,35	
39,1	0,33	
39,105	0,32	
39,11	0,3	
39,115	0,29	
39,12	0,28	
39,125	0,26	
39,13	0,25	
39,135	0,23	
39,14	0,21	
39,145	0,19	
39,15	0,18	
39,155	0,16	
39,16	0,14	
39,165	0,12	
39,17	0,11	
39,175	0,1	
39,18	0,08	
39,185	0,07	
39,19	0,05	
39,195	0,04	
39,2	0,02	
39,205	0	
39,21	-0,02	
39,215	-0,03	
39,22	-0,05	
39,225	-0,06	
39,23	-0,08	
39,235	-0,1	
39,24	-0,11	
39,245	-0,13	
39,25	-0,15	
39,255	-0,17	
39,26	-0,18	
39,265	-0,19	
39,27	-0,21	
39,275	-0,23	
39,28	-0,24	
39,285	-0,25	
39,29	-0,27	
39,295	-0,28	
39,3	-0,3	
39,305	-0,31	
39,31	-0,33	
39,315	-0,34	
39,32	-0,36	
39,325	-0,37	
39,33	-0,39	
39,335	-0,4	
39,34	-0,41	
39,345	-0,43	
39,35	-0,44	
39,355	-0,45	
39,36	-0,46	
39,365	-0,48	
39,37	-0,49	
39,375	-0,49	
39,38	-0,5	
39,385	-0,51	
39,39	-0,52	
39,395	-0,53	
39,4	-0,54	
39,405	-0,55	
39,41	-0,56	
39,415	-0,57	
39,42	-0,58	
39,425	-0,58	
39,43	-0,59	
39,435	-0,6	
39,44	-0,61	
39,445	-0,61	
39,45	-0,62	
39,455	-0,62	
39,46	-0,63	
39,465	-0,63	
39,47	-0,63	
39,475	-0,64	
39,48	-0,64	
39,485	-0,65	
39,49	-0,65	
39,495	-0,65	
39,5	-0,65	
39,505	-0,66	
39,51	-0,66	
39,515	-0,65	
39,52	-0,65	
39,525	-0,65	
39,53	-0,65	
39,535	-0,65	
39,54	-0,64	
39,545	-0,64	
39,55	-0,64	
39,555	-0,64	
39,56	-0,63	
39,565	-0,63	
39,57	-0,63	
39,575	-0,62	
39,58	-0,61	
39,585	-0,61	
39,59	-0,6	
39,595	-0,6	
39,6	-0,59	
39,605	-0,59	
39,61	-0,58	
39,615	-0,57	
39,62	-0,56	
39,625	-0,55	
39,63	-0,55	
39,635	-0,54	
39,64	-0,53	
39,645	-0,52	
39,65	-0,51	
39,655	-0,5	
39,66	-0,49	
39,665	-0,48	
39,67	-0,46	
39,675	-0,45	
39,68	-0,44	
39,685	-0,42	
39,69	-0,41	
39,695	-0,4	
39,7	-0,39	
39,705	-0,37	
39,71	-0,36	
39,715	-0,35	
39,72	-0,33	
39,725	-0,32	
39,73	-0,3	
39,735	-0,29	
39,74	-0,27	
39,745	-0,26	
39,75	-0,25	
39,755	-0,23	
39,76	-0,22	
39,765	-0,2	
39,77	-0,18	
39,775	-0,16	
39,78	-0,15	
39,785	-0,13	
39,79	-0,12	
39,795	-0,1	
39,8	-0,09	
39,805	-0,07	
39,81	-0,06	
39,815	-0,04	
39,82	-0,01	
39,825	0	
39,83	0,02	
39,835	0,03	
39,84	0,05	
39,845	0,06	
39,85	0,08	
39,855	0,09	
39,86	0,11	
39,865	0,13	
39,87	0,14	
39,875	0,16	
39,88	0,18	
39,885	0,19	
39,89	0,2	
39,895	0,22	
39,9	0,23	
39,905	0,24	
39,91	0,27	
39,915	0,28	
39,92	0,29	
39,925	0,31	
39,93	0,32	
39,935	0,34	
39,94	0,35	
39,945	0,36	
39,95	0,38	
39,955	0,39	
39,96	0,4	
39,965	0,42	
39,97	0,43	
39,975	0,44	
39,98	0,45	
39,985	0,46	
39,99	0,46	
39,995	0,48	
40,0	0,49	
40,005	0,5	
40,01	0,51	
40,015	0,52	
40,02	0,52	
40,025	0,53	
40,03	0,54	
40,035	0,55	
40,04	0,56	
40,045	0,57	
40,05	0,58	
40,055	0,58	
40,06	0,59	
40,065	0,59	
40,07	0,59	
40,075	0,6	
40,08	0,6	
40,085	0,61	
40,09	0,61	
40,095	0,62	
40,1	0,62	
40,105	0,63	
40,11	0,63	
40,115	0,63	
40,12	0,63	
40,125	0,62	
40,13	0,62	
40,135	0,63	
40,14	0,63	
40,145	0,63	
40,15	0,63	
40,155	0,62	
40,16	0,62	
40,165	0,62	
40,17	0,61	
40,175	0,61	
40,18	0,6	
40,185	0,6	
40,19	0,6	
40,195	0,59	
40,2	0,59	
40,205	0,59	
40,21	0,58	
40,215	0,57	
40,22	0,56	
40,225	0,56	
40,23	0,55	
40,235	0,54	
40,24	0,54	
40,245	0,53	
40,25	0,52	
40,255	0,51	
40,26	0,5	
40,265	0,49	
40,27	0,48	
40,275	0,46	
40,28	0,46	
40,285	0,45	
40,29	0,44	
40,295	0,43	
40,3	0,42	
40,305	0,4	
40,31	0,39	
40,315	0,38	
40,32	0,36	
40,325	0,35	
40,33	0,34	
40,335	0,33	
40,34	0,31	
40,345	0,3	
40,35	0,29	
40,355	0,27	
40,36	0,26	
40,365	0,24	
40,37	0,23	
40,375	0,21	
40,38	0,2	
40,385	0,19	
40,39	0,18	
40,395	0,16	
40,4	0,15	
40,405	0,13	
40,41	0,11	
40,415	0,09	
40,42	0,08	
40,425	0,07	
40,43	0,06	
40,435	0,04	
40,44	0,03	
40,445	0,01	
40,45	-0,01	
40,455	-0,03	
40,46	-0,05	
40,465	-0,06	
40,47	-0,08	
40,475	-0,09	
40,48	-0,1	
40,485	-0,11	
40,49	-0,13	
40,495	-0,14	
40,5	-0,16	
40,505	-0,18	
40,51	-0,19	
40,515	-0,2	
40,52	-0,21	
40,525	-0,22	
40,53	-0,24	
40,535	-0,25	
40,54	-0,26	
40,545	-0,28	
40,55	-0,3	
40,555	-0,31	
40,56	-0,32	
40,565	-0,33	
40,57	-0,34	
40,575	-0,35	
40,58	-0,36	
40,585	-0,37	
40,59	-0,39	
40,595	-0,4	
40,6	-0,41	
40,605	-0,42	
40,61	-0,43	
40,615	-0,44	
40,62	-0,45	
40,625	-0,46	
40,63	-0,47	
40,635	-0,47	
40,64	-0,48	
40,645	-0,49	
40,65	-0,5	
40,655	-0,5	
40,66	-0,51	
40,665	-0,51	
40,67	-0,52	
40,675	-0,52	
40,68	-0,53	
40,685	-0,54	
40,69	-0,54	
40,695	-0,55	
40,7	-0,55	
40,705	-0,55	
40,71	-0,55	
40,715	-0,56	
40,72	-0,56	
40,725	-0,56	
40,73	-0,57	
40,735	-0,57	
40,74	-0,57	
40,745	-0,57	
40,75	-0,57	
40,755	-0,57	
40,76	-0,57	
40,765	-0,57	
40,77	-0,56	
40,775	-0,56	
40,78	-0,56	
40,785	-0,56	
40,79	-0,56	
40,795	-0,55	
40,8	-0,55	
40,805	-0,55	
40,81	-0,54	
40,815	-0,54	
40,82	-0,53	
40,825	-0,53	
40,83	-0,52	
40,835	-0,52	
40,84	-0,51	
40,845	-0,5	
40,85	-0,49	
40,855	-0,49	
40,86	-0,48	
40,865	-0,47	
40,87	-0,47	
40,875	-0,46	
40,88	-0,45	
40,885	-0,44	
40,89	-0,43	
40,895	-0,42	
40,9	-0,42	
40,905	-0,41	
40,91	-0,39	
40,915	-0,38	
40,92	-0,37	
40,925	-0,36	
40,93	-0,35	
40,935	-0,34	
40,94	-0,33	
40,945	-0,32	
40,95	-0,31	
40,955	-0,3	
40,96	-0,28	
40,965	-0,27	
40,97	-0,26	
40,975	-0,24	
40,98	-0,23	
40,985	-0,22	
40,99	-0,21	
40,995	-0,2	
41,0	-0,19	
41,005	-0,17	
41,01	-0,15	
41,015	-0,14	
41,02	-0,13	
41,025	-0,11	
41,03	-0,1	
41,035	-0,09	
41,04	-0,08	
41,045	-0,07	
41,05	-0,05	
41,055	-0,04	
41,06	-0,02	
41,065	-0,01	
41,07	0,01	
41,075	0,02	
41,08	0,03	
41,085	0,04	
41,09	0,05	
41,095	0,07	
41,1	0,08	
41,105	0,1	
41,11	0,11	
41,115	0,12	
41,12	0,14	
41,125	0,15	
41,13	0,16	
41,135	0,17	
41,14	0,18	
41,145	0,19	
41,15	0,2	
41,155	0,21	
41,16	0,23	
41,165	0,24	
41,17	0,25	
41,175	0,26	
41,18	0,27	
41,185	0,28	
41,19	0,29	
41,195	0,3	
41,2	0,31	
41,205	0,32	
41,21	0,33	
41,215	0,34	
41,22	0,35	
41,225	0,35	
41,23	0,36	
41,235	0,37	
41,24	0,38	
41,245	0,39	
41,25	0,4	
41,255	0,4	
41,26	0,41	
41,265	0,41	
41,27	0,42	
41,275	0,43	
41,28	0,43	
41,285	0,44	
41,29	0,44	
41,295	0,45	
41,3	0,45	
41,305	0,45	
41,31	0,45	
41,315	0,46	
41,32	0,46	
41,325	0,47	
41,33	0,47	
41,335	0,47	
41,34	0,47	
41,345	0,47	
41,35	0,48	
41,355	0,47	
41,36	0,48	
41,365	0,48	
41,37	0,48	
41,375	0,48	
41,38	0,48	
41,385	0,48	
41,39	0,48	
41,395	0,48	
41,4	0,47	
41,405	0,47	
41,41	0,47	
41,415	0,47	
41,42	0,46	
41,425	0,46	
41,43	0,46	
41,435	0,45	
41,44	0,44	
41,445	0,44	
41,45	0,43	
41,455	0,43	
41,46	0,43	
41,465	0,42	
41,47	0,42	
41,475	0,41	
41,48	0,41	
41,485	0,4	
41,49	0,39	
41,495	0,38	
41,5	0,38	
41,505	0,37	
41,51	0,36	
41,515	0,36	
41,52	0,35	
41,525	0,34	
41,53	0,33	
41,535	0,32	
41,54	0,31	
41,545	0,3	
41,55	0,29	
41,555	0,28	
41,56	0,27	
41,565	0,26	
41,57	0,26	
41,575	0,25	
41,58	0,24	
41,585	0,23	
41,59	0,22	
41,595	0,21	
41,6	0,2	
41,605	0,19	
41,61	0,18	
41,615	0,17	
41,62	0,16	
41,625	0,14	
41,63	0,13	
41,635	0,12	
41,64	0,1	
41,645	0,1	
41,65	0,09	
41,655	0,08	
41,66	0,07	
41,665	0,06	
41,67	0,05	
41,675	0,04	
41,68	0,03	
41,685	0,01	
41,69	0	
41,695	-0,01	
41,7	-0,02	
41,705	-0,03	
41,71	-0,04	
41,715	-0,05	
41,72	-0,05	
41,725	-0,07	
41,73	-0,08	
41,735	-0,09	
41,74	-0,1	
41,745	-0,11	
41,75	-0,12	
41,755	-0,13	
41,76	-0,13	
41,765	-0,14	
41,77	-0,15	
41,775	-0,17	
41,78	-0,18	
41,785	-0,18	
41,79	-0,19	
41,795	-0,2	
41,8	-0,2	
41,805	-0,21	
41,81	-0,22	
41,815	-0,23	
41,82	-0,24	
41,825	-0,25	
41,83	-0,25	
41,835	-0,26	
41,84	-0,27	
41,845	-0,27	
41,85	-0,28	
41,855	-0,28	
41,86	-0,29	
41,865	-0,3	
41,87	-0,31	
41,875	-0,31	
41,88	-0,31	
41,885	-0,32	
41,89	-0,32	
41,895	-0,32	
41,9	-0,33	
41,905	-0,33	
41,91	-0,34	
41,915	-0,34	
41,92	-0,35	
41,925	-0,35	
41,93	-0,35	
41,935	-0,35	
41,94	-0,36	
41,945	-0,36	
41,95	-0,36	
41,955	-0,36	
41,96	-0,36	
41,965	-0,36	
41,97	-0,36	
41,975	-0,36	
41,98	-0,36	
41,985	-0,36	
41,99	-0,36	
41,995	-0,36	
42,0	-0,36	
42,005	-0,36	
42,01	-0,36	
42,015	-0,36	
42,02	-0,36	
42,025	-0,35	
42,03	-0,35	
42,035	-0,35	
42,04	-0,35	
42,045	-0,35	
42,05	-0,34	
42,055	-0,34	
42,06	-0,34	
42,065	-0,34	
42,07	-0,33	
42,075	-0,33	
42,08	-0,33	
42,085	-0,32	
42,09	-0,31	
42,095	-0,31	
42,1	-0,3	
42,105	-0,3	
42,11	-0,29	
42,115	-0,29	
42,12	-0,28	
42,125	-0,28	
42,13	-0,28	
42,135	-0,27	
42,14	-0,26	
42,145	-0,25	
42,15	-0,24	
42,155	-0,24	
42,16	-0,23	
42,165	-0,23	
42,17	-0,22	
42,175	-0,22	
42,18	-0,21	
42,185	-0,2	
42,19	-0,19	
42,195	-0,18	
42,2	-0,18	
42,205	-0,17	
42,21	-0,16	
42,215	-0,16	
42,22	-0,16	
42,225	-0,15	
42,23	-0,14	
42,235	-0,13	
42,24	-0,12	
42,245	-0,11	
42,25	-0,1	
42,255	-0,09	
42,26	-0,09	
42,265	-0,08	
42,27	-0,08	
42,275	-0,07	
42,28	-0,06	
42,285	-0,05	
42,29	-0,04	
42,295	-0,04	
42,3	-0,03	
42,305	-0,02	
42,31	-0,02	
42,315	-0,01	
42,32	0	
42,325	0,01	
42,33	0,02	
42,335	0,02	
42,34	0,03	
42,345	0,04	
42,35	0,04	
42,355	0,05	
42,36	0,05	
42,365	0,06	
42,37	0,07	
42,375	0,07	
42,38	0,08	
42,385	0,09	
42,39	0,1	
42,395	0,11	
42,4	0,11	
42,405	0,12	
42,41	0,12	
42,415	0,12	
42,42	0,13	
42,425	0,14	
42,43	0,14	
42,435	0,15	
42,44	0,15	
42,445	0,16	
42,45	0,16	
42,455	0,16	
42,46	0,17	
42,465	0,17	
42,47	0,18	
42,475	0,18	
42,48	0,19	
42,485	0,19	
42,49	0,19	
42,495	0,2	
42,5	0,2	
42,505	0,2	
42,51	0,2	
42,515	0,2	
42,52	0,21	
42,525	0,21	
42,53	0,22	
42,535	0,22	
42,54	0,22	
42,545	0,22	
42,55	0,22	
42,555	0,22	
42,56	0,22	
42,565	0,22	
42,57	0,23	
42,575	0,23	
42,58	0,23	
42,585	0,23	
42,59	0,23	
42,595	0,23	
42,6	0,23	
42,605	0,23	
42,61	0,23	
42,615	0,23	
42,62	0,23	
42,625	0,23	
42,63	0,23	
42,635	0,23	
42,64	0,22	
42,645	0,22	
42,65	0,22	
42,655	0,22	
42,66	0,22	
42,665	0,21	
42,67	0,21	
42,675	0,21	
42,68	0,21	
42,685	0,2	
42,69	0,2	
42,695	0,2	
42,7	0,2	
42,705	0,19	
42,71	0,19	
42,715	0,19	
42,72	0,19	
42,725	0,19	
42,73	0,19	
42,735	0,18	
42,74	0,18	
42,745	0,17	
42,75	0,17	
42,755	0,17	
42,76	0,16	
42,765	0,16	
42,77	0,16	
42,775	0,15	
42,78	0,15	
42,785	0,15	
42,79	0,14	
42,795	0,14	
42,8	0,14	
42,805	0,13	
42,81	0,12	
42,815	0,12	
42,82	0,12	
42,825	0,11	
42,83	0,11	
42,835	0,11	
42,84	0,1	
42,845	0,1	
42,85	0,09	
42,855	0,08	
42,86	0,08	
42,865	0,08	
42,87	0,07	
42,875	0,07	
42,88	0,06	
42,885	0,06	
42,89	0,06	
42,895	0,06	
42,9	0,05	
42,905	0,05	
42,91	0,04	
42,915	0,04	
42,92	0,03	
42,925	0,03	
42,93	0,03	
42,935	0,03	
42,94	0,02	
42,945	0,02	
42,95	0,01	
42,955	0	
42,96	0	
42,965	-0,01	
42,97	-0,01	
42,975	-0,01	
42,98	-0,01	
42,985	-0,01	
42,99	-0,02	
42,995	-0,02	
43,0	-0,02	
43,005	-0,03	
43,01	-0,03	
43,015	-0,03	
43,02	-0,03	
43,025	-0,03	
43,03	-0,03	
43,035	-0,04	
43,04	-0,04	
43,045	-0,05	
43,05	-0,05	
43,055	-0,06	
43,06	-0,06	
43,065	-0,06	
43,07	-0,06	
43,075	-0,06	
43,08	-0,06	
43,085	-0,06	
43,09	-0,07	
43,095	-0,07	
43,1	-0,07	
43,105	-0,07	
43,11	-0,07	
43,115	-0,07	
43,12	-0,07	
43,125	-0,07	
43,13	-0,08	
43,135	-0,08	
43,14	-0,08	
43,145	-0,08	
43,15	-0,08	
43,155	-0,08	
43,16	-0,08	
43,165	-0,08	
43,17	-0,08	
43,175	-0,08	
43,18	-0,08	
43,185	-0,08	
43,19	-0,08	
43,195	-0,08	
43,2	-0,08	
43,205	-0,08	
43,21	-0,08	
43,215	-0,08	
43,22	-0,08	
43,225	-0,08	
43,23	-0,08	
43,235	-0,09	
43,24	-0,09	
43,245	-0,08	
43,25	-0,08	
43,255	-0,08	
43,26	-0,07	
43,265	-0,08	
43,27	-0,08	
43,275	-0,08	
43,28	-0,08	
43,285	-0,08	
43,29	-0,08	
43,295	-0,08	
43,3	-0,08	
43,305	-0,07	
43,31	-0,07	
43,315	-0,07	
43,32	-0,07	
43,325	-0,07	
43,33	-0,07	
43,335	-0,07	
43,34	-0,07	
43,345	-0,07	
43,35	-0,07	
43,355	-0,07	
43,36	-0,06	
43,365	-0,06	
43,37	-0,06	
43,375	-0,06	
43,38	-0,07	
43,385	-0,07	
43,39	-0,06	
43,395	-0,06	
43,4	-0,06	
43,405	-0,06	
43,41	-0,06	
43,415	-0,06	
43,42	-0,05	
43,425	-0,05	
43,43	-0,05	
43,435	-0,05	
43,44	-0,05	
43,445	-0,05	
43,45	-0,05	
43,455	-0,05	
43,46	-0,05	
43,465	-0,05	
43,47	-0,05	
43,475	-0,05	
43,48	-0,05	
43,485	-0,05	
43,49	-0,05	
43,495	-0,05	
43,5	-0,05	
43,505	-0,05	
43,51	-0,05	
43,515	-0,05	
43,52	-0,05	
43,525	-0,04	
43,53	-0,04	
43,535	-0,04	
43,54	-0,04	
43,545	-0,04	
43,55	-0,04	
43,555	-0,04	
43,56	-0,04	
43,565	-0,04	
43,57	-0,04	
43,575	-0,04	
43,58	-0,04	
43,585	-0,04	
43,59	-0,05	
43,595	-0,04	
43,6	-0,04	
43,605	-0,04	
43,61	-0,04	
43,615	-0,04	
43,62	-0,04	
43,625	-0,05	
43,63	-0,05	
43,635	-0,05	
43,64	-0,05	
43,645	-0,05	
43,65	-0,04	
43,655	-0,04	
43,66	-0,04	
43,665	-0,04	
43,67	-0,04	
43,675	-0,05	
43,68	-0,05	
43,685	-0,05	
43,69	-0,06	
43,695	-0,05	
43,7	-0,05	
43,705	-0,05	
43,71	-0,05	
43,715	-0,05	
43,72	-0,05	
43,725	-0,06	
43,73	-0,06	
43,735	-0,06	
43,74	-0,06	
43,745	-0,06	
43,75	-0,06	
43,755	-0,06	
43,76	-0,06	
43,765	-0,06	
43,77	-0,06	
43,775	-0,06	
43,78	-0,07	
43,785	-0,07	
43,79	-0,06	
43,795	-0,07	
43,8	-0,06	
43,805	-0,06	
43,81	-0,06	
43,815	-0,07	
43,82	-0,07	
43,825	-0,07	
43,83	-0,07	
43,835	-0,06	
43,84	-0,06	
43,845	-0,06	
43,85	-0,06	
43,855	-0,06	
43,86	-0,06	
43,865	-0,07	
43,87	-0,07	
43,875	-0,07	
43,88	-0,07	
43,885	-0,07	
43,89	-0,07	
43,895	-0,06	
43,9	-0,07	
43,905	-0,06	
43,91	-0,06	
43,915	-0,06	
43,92	-0,06	
43,925	-0,06	
43,93	-0,06	
43,935	-0,06	
43,94	-0,06	
43,945	-0,06	
43,95	-0,05	
43,955	-0,05	
43,96	-0,05	
43,965	-0,05	
43,97	-0,05	
43,975	-0,04	
43,98	-0,04	
43,985	-0,04	
43,99	-0,04	
43,995	-0,04	
44,0	-0,04	
44,005	-0,04	
44,01	-0,04	
44,015	-0,03	
44,02	-0,03	
44,025	-0,02	
44,03	-0,02	
44,035	-0,02	
44,04	-0,02	
44,045	-0,02	
44,05	-0,02	
44,055	-0,02	
44,06	-0,01	
44,065	-0,01	
44,07	-0,01	
44,075	0	
44,08	0	
44,085	0	
44,09	0	
44,095	0	
44,1	0	
44,105	0,01	
44,11	0,01	
44,115	0,01	
44,12	0,02	
44,125	0,03	
44,13	0,03	
44,135	0,04	
44,14	0,04	
44,145	0,04	
44,15	0,05	
44,155	0,05	
44,16	0,05	
44,165	0,05	
44,17	0,06	
44,175	0,06	
44,18	0,07	
44,185	0,07	
44,19	0,08	
44,195	0,08	
44,2	0,08	
44,205	0,09	
44,21	0,09	
44,215	0,09	
44,22	0,1	
44,225	0,1	
44,23	0,1	
44,235	0,11	
44,24	0,11	
44,245	0,12	
44,25	0,12	
44,255	0,12	
44,26	0,13	
44,265	0,13	
44,27	0,13	
44,275	0,14	
44,28	0,14	
44,285	0,15	
44,29	0,15	
44,295	0,15	
44,3	0,16	
44,305	0,16	
44,31	0,16	
44,315	0,16	
44,32	0,16	
44,325	0,17	
44,33	0,17	
44,335	0,18	
44,34	0,18	
44,345	0,18	
44,35	0,18	
44,355	0,19	
44,36	0,19	
44,365	0,19	
44,37	0,19	
44,375	0,19	
44,38	0,2	
44,385	0,2	
44,39	0,2	
44,395	0,2	
44,4	0,2	
44,405	0,2	
44,41	0,2	
44,415	0,2	
44,42	0,2	
44,425	0,21	
44,43	0,21	
44,435	0,21	
44,44	0,21	
44,445	0,21	
44,45	0,21	
44,455	0,21	
44,46	0,21	
44,465	0,21	
44,47	0,21	
44,475	0,21	
44,48	0,21	
44,485	0,21	
44,49	0,2	
44,495	0,2	
44,5	0,2	
44,505	0,2	
44,51	0,2	
44,515	0,2	
44,52	0,2	
44,525	0,2	
44,53	0,2	
44,535	0,19	
44,54	0,19	
44,545	0,19	
44,55	0,18	
44,555	0,18	
44,56	0,18	
44,565	0,17	
44,57	0,17	
44,575	0,17	
44,58	0,17	
44,585	0,16	
44,59	0,16	
44,595	0,16	
44,6	0,15	
44,605	0,14	
44,61	0,14	
44,615	0,14	
44,62	0,13	
44,625	0,13	
44,63	0,12	
44,635	0,12	
44,64	0,11	
44,645	0,11	
44,65	0,1	
44,655	0,1	
44,66	0,09	
44,665	0,09	
44,67	0,08	
44,675	0,08	
44,68	0,07	
44,685	0,06	
44,69	0,06	
44,695	0,05	
44,7	0,04	
44,705	0,04	
44,71	0,04	
44,715	0,03	
44,72	0,02	
44,725	0,01	
44,73	0,01	
44,735	0	
44,74	-0,01	
44,745	-0,02	
44,75	-0,02	
44,755	-0,03	
44,76	-0,04	
44,765	-0,04	
44,77	-0,04	
44,775	-0,05	
44,78	-0,06	
44,785	-0,07	
44,79	-0,08	
44,795	-0,09	
44,8	-0,09	
44,805	-0,1	
44,81	-0,11	
44,815	-0,11	
44,82	-0,12	
44,825	-0,13	
44,83	-0,14	
44,835	-0,14	
44,84	-0,15	
44,845	-0,16	
44,85	-0,17	
44,855	-0,17	
44,86	-0,18	
44,865	-0,18	
44,87	-0,19	
44,875	-0,2	
44,88	-0,2	
44,885	-0,21	
44,89	-0,21	
44,895	-0,22	
44,9	-0,23	
44,905	-0,23	
44,91	-0,24	
44,915	-0,25	
44,92	-0,25	
44,925	-0,26	
44,93	-0,26	
44,935	-0,27	
44,94	-0,27	
44,945	-0,28	
44,95	-0,28	
44,955	-0,29	
44,96	-0,29	
44,965	-0,3	
44,97	-0,3	
44,975	-0,3	
44,98	-0,31	
44,985	-0,31	
44,99	-0,31	
44,995	-0,31	
45,0	-0,32	
45,005	-0,32	
45,01	-0,33	
45,015	-0,33	
45,02	-0,33	
45,025	-0,33	
45,03	-0,34	
45,035	-0,34	
45,04	-0,34	
45,045	-0,34	
45,05	-0,34	
45,055	-0,34	
45,06	-0,34	
45,065	-0,34	
45,07	-0,34	
45,075	-0,34	
45,08	-0,35	
45,085	-0,34	
45,09	-0,34	
45,095	-0,34	
45,1	-0,34	
45,105	-0,34	
45,11	-0,34	
45,115	-0,34	
45,12	-0,33	
45,125	-0,33	
45,13	-0,33	
45,135	-0,33	
45,14	-0,32	
45,145	-0,32	
45,15	-0,31	
45,155	-0,31	
45,16	-0,31	
45,165	-0,3	
45,17	-0,3	
45,175	-0,3	
45,18	-0,29	
45,185	-0,29	
45,19	-0,28	
45,195	-0,27	
45,2	-0,26	
45,205	-0,26	
45,21	-0,25	
45,215	-0,25	
45,22	-0,24	
45,225	-0,24	
45,23	-0,24	
45,235	-0,23	
45,24	-0,22	
45,245	-0,21	
45,25	-0,2	
45,255	-0,19	
45,26	-0,19	
45,265	-0,18	
45,27	-0,17	
45,275	-0,17	
45,28	-0,15	
45,285	-0,15	
45,29	-0,14	
45,295	-0,13	
45,3	-0,12	
45,305	-0,11	
45,31	-0,1	
45,315	-0,09	
45,32	-0,09	
45,325	-0,07	
45,33	-0,06	
45,335	-0,05	
45,34	-0,04	
45,345	-0,03	
45,35	-0,02	
45,355	-0,01	
45,36	0	
45,365	0	
45,37	0,02	
45,375	0,03	
45,38	0,03	
45,385	0,05	
45,39	0,06	
45,395	0,07	
45,4	0,08	
45,405	0,09	
45,41	0,1	
45,415	0,11	
45,42	0,12	
45,425	0,13	
45,43	0,14	
45,435	0,15	
45,44	0,16	
45,445	0,17	
45,45	0,18	
45,455	0,19	
45,46	0,19	
45,465	0,21	
45,47	0,22	
45,475	0,23	
45,48	0,23	
45,485	0,24	
45,49	0,25	
45,495	0,26	
45,5	0,27	
45,505	0,28	
45,51	0,29	
45,515	0,29	
45,52	0,3	
45,525	0,31	
45,53	0,32	
45,535	0,33	
45,54	0,34	
45,545	0,34	
45,55	0,35	
45,555	0,36	
45,56	0,37	
45,565	0,37	
45,57	0,38	
45,575	0,39	
45,58	0,39	
45,585	0,4	
45,59	0,4	
45,595	0,41	
45,6	0,41	
45,605	0,41	
45,61	0,42	
45,615	0,43	
45,62	0,43	
45,625	0,43	
45,63	0,44	
45,635	0,44	
45,64	0,44	
45,645	0,44	
45,65	0,45	
45,655	0,45	
45,66	0,45	
45,665	0,45	
45,67	0,45	
45,675	0,45	
45,68	0,45	
45,685	0,46	
45,69	0,46	
45,695	0,46	
45,7	0,46	
45,705	0,45	
45,71	0,45	
45,715	0,45	
45,72	0,45	
45,725	0,45	
45,73	0,45	
45,735	0,44	
45,74	0,44	
45,745	0,44	
45,75	0,43	
45,755	0,43	
45,76	0,42	
45,765	0,42	
45,77	0,41	
45,775	0,41	
45,78	0,41	
45,785	0,41	
45,79	0,4	
45,795	0,39	
45,8	0,38	
45,805	0,38	
45,81	0,37	
45,815	0,36	
45,82	0,36	
45,825	0,35	
45,83	0,34	
45,835	0,33	
45,84	0,32	
45,845	0,31	
45,85	0,3	
45,855	0,29	
45,86	0,29	
45,865	0,28	
45,87	0,27	
45,875	0,26	
45,88	0,25	
45,885	0,24	
45,89	0,23	
45,895	0,22	
45,9	0,21	
45,905	0,19	
45,91	0,18	
45,915	0,17	
45,92	0,16	
45,925	0,15	
45,93	0,14	
45,935	0,13	
45,94	0,11	
45,945	0,1	
45,95	0,09	
45,955	0,08	
45,96	0,07	
45,965	0,05	
45,97	0,04	
45,975	0,03	
45,98	0,02	
45,985	0	
45,99	-0,01	
45,995	-0,03	
46,0	-0,04	
46,005	-0,05	
46,01	-0,06	
46,015	-0,07	
46,02	-0,09	
46,025	-0,1	
46,03	-0,11	
46,035	-0,13	
46,04	-0,14	
46,045	-0,15	
46,05	-0,16	
46,055	-0,18	
46,06	-0,19	
46,065	-0,2	
46,07	-0,21	
46,075	-0,22	
46,08	-0,24	
46,085	-0,25	
46,09	-0,26	
46,095	-0,27	
46,1	-0,29	
46,105	-0,29	
46,11	-0,3	
46,115	-0,31	
46,12	-0,33	
46,125	-0,34	
46,13	-0,35	
46,135	-0,36	
46,14	-0,37	
46,145	-0,38	
46,15	-0,39	
46,155	-0,4	
46,16	-0,4	
46,165	-0,41	
46,17	-0,42	
46,175	-0,43	
46,18	-0,44	
46,185	-0,44	
46,19	-0,46	
46,195	-0,47	
46,2	-0,47	
46,205	-0,48	
46,21	-0,48	
46,215	-0,49	
46,22	-0,49	
46,225	-0,5	
46,23	-0,5	
46,235	-0,51	
46,24	-0,52	
46,245	-0,52	
46,25	-0,52	
46,255	-0,53	
46,26	-0,53	
46,265	-0,53	
46,27	-0,54	
46,275	-0,54	
46,28	-0,54	
46,285	-0,54	
46,29	-0,54	
46,295	-0,54	
46,3	-0,54	
46,305	-0,54	
46,31	-0,54	
46,315	-0,54	
46,32	-0,54	
46,325	-0,54	
46,33	-0,54	
46,335	-0,53	
46,34	-0,53	
46,345	-0,53	
46,35	-0,53	
46,355	-0,53	
46,36	-0,53	
46,365	-0,52	
46,37	-0,52	
46,375	-0,51	
46,38	-0,51	
46,385	-0,5	
46,39	-0,5	
46,395	-0,49	
46,4	-0,48	
46,405	-0,47	
46,41	-0,47	
46,415	-0,46	
46,42	-0,45	
46,425	-0,45	
46,43	-0,44	
46,435	-0,43	
46,44	-0,42	
46,445	-0,41	
46,45	-0,4	
46,455	-0,39	
46,46	-0,38	
46,465	-0,37	
46,47	-0,36	
46,475	-0,35	
46,48	-0,34	
46,485	-0,33	
46,49	-0,31	
46,495	-0,3	
46,5	-0,29	
46,505	-0,28	
46,51	-0,26	
46,515	-0,26	
46,52	-0,25	
46,525	-0,23	
46,53	-0,22	
46,535	-0,21	
46,54	-0,19	
46,545	-0,18	
46,55	-0,16	
46,555	-0,14	
46,56	-0,13	
46,565	-0,12	
46,57	-0,11	
46,575	-0,1	
46,58	-0,09	
46,585	-0,07	
46,59	-0,06	
46,595	-0,04	
46,6	-0,02	
46,605	0	
46,61	0,01	
46,615	0,03	
46,62	0,04	
46,625	0,05	
46,63	0,06	
46,635	0,08	
46,64	0,09	
46,645	0,12	
46,65	0,13	
46,655	0,15	
46,66	0,16	
46,665	0,18	
46,67	0,19	
46,675	0,2	
46,68	0,21	
46,685	0,22	
46,69	0,24	
46,695	0,25	
46,7	0,26	
46,705	0,28	
46,71	0,29	
46,715	0,3	
46,72	0,31	
46,725	0,33	
46,73	0,34	
46,735	0,36	
46,74	0,37	
46,745	0,38	
46,75	0,39	
46,755	0,4	
46,76	0,41	
46,765	0,42	
46,77	0,43	
46,775	0,44	
46,78	0,46	
46,785	0,47	
46,79	0,48	
46,795	0,49	
46,8	0,5	
46,805	0,5	
46,81	0,51	
46,815	0,51	
46,82	0,52	
46,825	0,52	
46,83	0,54	
46,835	0,55	
46,84	0,55	
46,845	0,56	
46,85	0,57	
46,855	0,57	
46,86	0,57	
46,865	0,57	
46,87	0,58	
46,875	0,59	
46,88	0,59	
46,885	0,59	
46,89	0,59	
46,895	0,6	
46,9	0,6	
46,905	0,6	
46,91	0,6	
46,915	0,6	
46,92	0,6	
46,925	0,6	
46,93	0,6	
46,935	0,6	
46,94	0,6	
46,945	0,6	
46,95	0,6	
46,955	0,6	
46,96	0,6	
46,965	0,59	
46,97	0,59	
46,975	0,58	
46,98	0,58	
46,985	0,58	
46,99	0,57	
46,995	0,57	
47,0	0,56	
47,005	0,55	
47,01	0,54	
47,015	0,53	
47,02	0,53	
47,025	0,52	
47,03	0,51	
47,035	0,51	
47,04	0,5	
47,045	0,49	
47,05	0,48	
47,055	0,47	
47,06	0,46	
47,065	0,45	
47,07	0,44	
47,075	0,43	
47,08	0,42	
47,085	0,41	
47,09	0,4	
47,095	0,38	
47,1	0,37	
47,105	0,36	
47,11	0,34	
47,115	0,33	
47,12	0,32	
47,125	0,31	
47,13	0,29	
47,135	0,28	
47,14	0,27	
47,145	0,25	
47,15	0,24	
47,155	0,22	
47,16	0,21	
47,165	0,19	
47,17	0,18	
47,175	0,17	
47,18	0,15	
47,185	0,14	
47,19	0,12	
47,195	0,1	
47,2	0,09	
47,205	0,07	
47,21	0,06	
47,215	0,04	
47,22	0,03	
47,225	0,01	
47,23	0	
47,235	-0,03	
47,24	-0,04	
47,245	-0,06	
47,25	-0,07	
47,255	-0,08	
47,26	-0,1	
47,265	-0,11	
47,27	-0,13	
47,275	-0,14	
47,28	-0,16	
47,285	-0,18	
47,29	-0,19	
47,295	-0,21	
47,3	-0,22	
47,305	-0,24	
47,31	-0,25	
47,315	-0,26	
47,32	-0,27	
47,325	-0,29	
47,33	-0,31	
47,335	-0,32	
47,34	-0,33	
47,345	-0,35	
47,35	-0,36	
47,355	-0,38	
47,36	-0,39	
47,365	-0,4	
47,37	-0,41	
47,375	-0,42	
47,38	-0,43	
47,385	-0,45	
47,39	-0,46	
47,395	-0,47	
47,4	-0,48	
47,405	-0,49	
47,41	-0,5	
47,415	-0,5	
47,42	-0,52	
47,425	-0,52	
47,43	-0,53	
47,435	-0,54	
47,44	-0,55	
47,445	-0,55	
47,45	-0,56	
47,455	-0,57	
47,46	-0,58	
47,465	-0,58	
47,47	-0,59	
47,475	-0,6	
47,48	-0,6	
47,485	-0,61	
47,49	-0,61	
47,495	-0,62	
47,5	-0,62	
47,505	-0,62	
47,51	-0,62	
47,515	-0,62	
47,52	-0,62	
47,525	-0,62	
47,53	-0,63	
47,535	-0,63	
47,54	-0,63	
47,545	-0,63	
47,55	-0,63	
47,555	-0,63	
47,56	-0,62	
47,565	-0,62	
47,57	-0,62	
47,575	-0,61	
47,58	-0,61	
47,585	-0,61	
47,59	-0,61	
47,595	-0,6	
47,6	-0,6	
47,605	-0,6	
47,61	-0,59	
47,615	-0,58	
47,62	-0,57	
47,625	-0,57	
47,63	-0,56	
47,635	-0,55	
47,64	-0,55	
47,645	-0,54	
47,65	-0,53	
47,655	-0,52	
47,66	-0,51	
47,665	-0,5	
47,67	-0,49	
47,675	-0,49	
47,68	-0,47	
47,685	-0,47	
47,69	-0,45	
47,695	-0,44	
47,7	-0,43	
47,705	-0,42	
47,71	-0,41	
47,715	-0,4	
47,72	-0,38	
47,725	-0,37	
47,73	-0,36	
47,735	-0,34	
47,74	-0,33	
47,745	-0,31	
47,75	-0,3	
47,755	-0,29	
47,76	-0,27	
47,765	-0,26	
47,77	-0,25	
47,775	-0,24	
47,78	-0,22	
47,785	-0,2	
47,79	-0,18	
47,795	-0,17	
47,8	-0,15	
47,805	-0,14	
47,81	-0,13	
47,815	-0,11	
47,82	-0,09	
47,825	-0,08	
47,83	-0,06	
47,835	-0,04	
47,84	-0,03	
47,845	-0,01	
47,85	0	
47,855	0,02	
47,86	0,03	
47,865	0,05	
47,87	0,07	
47,875	0,09	
47,88	0,1	
47,885	0,12	
47,89	0,13	
47,895	0,15	
47,9	0,16	
47,905	0,17	
47,91	0,19	
47,915	0,2	
47,92	0,23	
47,925	0,24	
47,93	0,25	
47,935	0,26	
47,94	0,28	
47,945	0,29	
47,95	0,3	
47,955	0,32	
47,96	0,33	
47,965	0,35	
47,97	0,36	
47,975	0,38	
47,98	0,39	
47,985	0,4	
47,99	0,41	
47,995	0,42	
48,0	0,43	
48,005	0,44	
48,01	0,46	
48,015	0,47	
48,02	0,48	
48,025	0,49	
48,03	0,5	
48,035	0,5	
48,04	0,51	
48,045	0,52	
48,05	0,53	
48,055	0,54	
48,06	0,55	
48,065	0,56	
48,07	0,56	
48,075	0,57	
48,08	0,57	
48,085	0,58	
48,09	0,59	
48,095	0,59	
48,1	0,6	
48,105	0,6	
48,11	0,6	
48,115	0,61	
48,12	0,62	
48,125	0,62	
48,13	0,62	
48,135	0,62	
48,14	0,62	
48,145	0,62	
48,15	0,62	
48,155	0,62	
48,16	0,62	
48,165	0,62	
48,17	0,62	
48,175	0,62	
48,18	0,62	
48,185	0,61	
48,19	0,61	
48,195	0,61	
48,2	0,61	
48,205	0,6	
48,21	0,6	
48,215	0,59	
48,22	0,59	
48,225	0,59	
48,23	0,58	
48,235	0,57	
48,24	0,57	
48,245	0,56	
48,25	0,55	
48,255	0,54	
48,26	0,53	
48,265	0,53	
48,27	0,52	
48,275	0,52	
48,28	0,51	
48,285	0,5	
48,29	0,49	
48,295	0,48	
48,3	0,46	
48,305	0,45	
48,31	0,44	
48,315	0,43	
48,32	0,42	
48,325	0,41	
48,33	0,4	
48,335	0,39	
48,34	0,38	
48,345	0,36	
48,35	0,35	
48,355	0,34	
48,36	0,32	
48,365	0,31	
48,37	0,3	
48,375	0,28	
48,38	0,26	
48,385	0,25	
48,39	0,24	
48,395	0,23	
48,4	0,21	
48,405	0,2	
48,41	0,19	
48,415	0,17	
48,42	0,15	
48,425	0,14	
48,43	0,12	
48,435	0,11	
48,44	0,09	
48,445	0,08	
48,45	0,06	
48,455	0,05	
48,46	0,03	
48,465	0,01	
48,47	0	
48,475	-0,02	
48,48	-0,03	
48,485	-0,05	
48,49	-0,06	
48,495	-0,08	
48,5	-0,09	
48,505	-0,11	
48,51	-0,13	
48,515	-0,14	
48,52	-0,16	
48,525	-0,17	
48,53	-0,18	
48,535	-0,2	
48,54	-0,21	
48,545	-0,22	
48,55	-0,23	
48,555	-0,25	
48,56	-0,27	
48,565	-0,28	
48,57	-0,3	
48,575	-0,31	
48,58	-0,32	
48,585	-0,33	
48,59	-0,34	
48,595	-0,36	
48,6	-0,37	
48,605	-0,38	
48,61	-0,39	
48,615	-0,4	
48,62	-0,41	
48,625	-0,42	
48,63	-0,43	
48,635	-0,44	
48,64	-0,45	
48,645	-0,46	
48,65	-0,47	
48,655	-0,48	
48,66	-0,48	
48,665	-0,49	
48,67	-0,5	
48,675	-0,51	
48,68	-0,52	
48,685	-0,52	
48,69	-0,53	
48,695	-0,54	
48,7	-0,54	
48,705	-0,55	
48,71	-0,55	
48,715	-0,55	
48,72	-0,55	
48,725	-0,56	
48,73	-0,56	
48,735	-0,57	
48,74	-0,57	
48,745	-0,57	
48,75	-0,57	
48,755	-0,57	
48,76	-0,57	
48,765	-0,57	
48,77	-0,58	
48,775	-0,58	
48,78	-0,58	
48,785	-0,58	
48,79	-0,58	
48,795	-0,58	
48,8	-0,57	
48,805	-0,57	
48,81	-0,57	
48,815	-0,57	
48,82	-0,56	
48,825	-0,56	
48,83	-0,56	
48,835	-0,56	
48,84	-0,55	
48,845	-0,55	
48,85	-0,54	
48,855	-0,53	
48,86	-0,53	
48,865	-0,52	
48,87	-0,51	
48,875	-0,5	
48,88	-0,49	
48,885	-0,49	
48,89	-0,48	
48,895	-0,48	
48,9	-0,47	
48,905	-0,46	
48,91	-0,45	
48,915	-0,44	
48,92	-0,43	
48,925	-0,42	
48,93	-0,41	
48,935	-0,4	
48,94	-0,39	
48,945	-0,39	
48,95	-0,37	
48,955	-0,36	
48,96	-0,35	
48,965	-0,33	
48,97	-0,32	
48,975	-0,31	
48,98	-0,29	
48,985	-0,29	
48,99	-0,27	
48,995	-0,26	
49,0	-0,25	
49,005	-0,24	
49,01	-0,22	
49,015	-0,21	
49,02	-0,19	
49,025	-0,18	
49,03	-0,17	
49,035	-0,16	
49,04	-0,14	
49,045	-0,13	
49,05	-0,12	
49,055	-0,1	
49,06	-0,09	
49,065	-0,07	
49,07	-0,06	
49,075	-0,04	
49,08	-0,03	
49,085	-0,02	
49,09	0	
49,095	0,01	
49,1	0,02	
49,105	0,04	
49,11	0,06	
49,115	0,07	
49,12	0,08	
49,125	0,09	
49,13	0,1	
49,135	0,12	
49,14	0,13	
49,145	0,14	
49,15	0,16	
49,155	0,17	
49,16	0,18	
49,165	0,19	
49,17	0,21	
49,175	0,22	
49,18	0,23	
49,185	0,25	
49,19	0,26	
49,195	0,28	
49,2	0,28	
49,205	0,29	
49,21	0,3	
49,215	0,31	
49,22	0,32	
49,225	0,33	
49,23	0,34	
49,235	0,35	
49,24	0,36	
49,245	0,37	
49,25	0,38	
49,255	0,39	
49,26	0,39	
49,265	0,4	
49,27	0,41	
49,275	0,41	
49,28	0,42	
49,285	0,44	
49,29	0,44	
49,295	0,45	
49,3	0,46	
49,305	0,46	
49,31	0,46	
49,315	0,47	
49,32	0,47	
49,325	0,48	
49,33	0,48	
49,335	0,49	
49,34	0,49	
49,345	0,49	
49,35	0,5	
49,355	0,5	
49,36	0,51	
49,365	0,5	
49,37	0,51	
49,375	0,51	
49,38	0,51	
49,385	0,51	
49,39	0,51	
49,395	0,51	
49,4	0,51	
49,405	0,51	
49,41	0,51	
49,415	0,51	
49,42	0,5	
49,425	0,5	
49,43	0,5	
49,435	0,49	
49,44	0,49	
49,445	0,49	
49,45	0,49	
49,455	0,48	
49,46	0,48	
49,465	0,47	
49,47	0,47	
49,475	0,46	
49,48	0,45	
49,485	0,45	
49,49	0,44	
49,495	0,44	
49,5	0,43	
49,505	0,43	
49,51	0,42	
49,515	0,41	
49,52	0,41	
49,525	0,4	
49,53	0,39	
49,535	0,38	
49,54	0,37	
49,545	0,36	
49,55	0,35	
49,555	0,34	
49,56	0,33	
49,565	0,33	
49,57	0,32	
49,575	0,31	
49,58	0,3	
49,585	0,29	
49,59	0,28	
49,595	0,27	
49,6	0,26	
49,605	0,24	
49,61	0,23	
49,615	0,22	
49,62	0,22	
49,625	0,2	
49,63	0,19	
49,635	0,18	
49,64	0,17	
49,645	0,16	
49,65	0,14	
49,655	0,13	
49,66	0,12	
49,665	0,11	
49,67	0,1	
49,675	0,09	
49,68	0,08	
49,685	0,07	
49,69	0,06	
49,695	0,04	
49,7	0,03	
49,705	0,01	
49,71	0	
49,715	-0,01	
49,72	-0,02	
49,725	-0,03	
49,73	-0,04	
49,735	-0,05	
49,74	-0,07	
49,745	-0,08	
49,75	-0,09	
49,755	-0,1	
49,76	-0,11	
49,765	-0,12	
49,77	-0,13	
49,775	-0,14	
49,78	-0,15	
49,785	-0,16	
49,79	-0,17	
49,795	-0,18	
49,8	-0,19	
49,805	-0,21	
49,81	-0,21	
49,815	-0,22	
49,82	-0,23	
49,825	-0,24	
49,83	-0,25	
49,835	-0,25	
49,84	-0,26	
49,845	-0,27	
49,85	-0,28	
49,855	-0,29	
49,86	-0,3	
49,865	-0,3	
49,87	-0,31	
49,875	-0,32	
49,88	-0,33	
49,885	-0,33	
49,89	-0,34	
49,895	-0,34	
49,9	-0,35	
49,905	-0,35	
49,91	-0,36	
49,915	-0,36	
49,92	-0,37	
49,925	-0,38	
49,93	-0,38	
49,935	-0,38	
49,94	-0,39	
49,945	-0,39	
49,95	-0,39	
49,955	-0,39	
49,96	-0,4	
49,965	-0,4	
49,97	-0,4	
49,975	-0,4	
49,98	-0,41	
49,985	-0,4	
49,99	-0,41	
49,995	-0,41	
50,0	-0,41	
50,005	-0,4	
50,01	-0,41	
50,015	-0,41	
50,02	-0,41	
50,025	-0,41	
50,03	-0,41	
50,035	-0,41	
50,04	-0,4	
50,045	-0,4	
50,05	-0,4	
50,055	-0,39	
50,06	-0,39	
50,065	-0,39	
50,07	-0,39	
50,075	-0,39	
50,08	-0,38	
50,085	-0,38	
50,09	-0,37	
50,095	-0,37	
50,1	-0,36	
50,105	-0,36	
50,11	-0,36	
50,115	-0,35	
50,12	-0,35	
50,125	-0,34	
50,13	-0,33	
50,135	-0,33	
50,14	-0,33	
50,145	-0,32	
50,15	-0,31	
50,155	-0,3	
50,16	-0,29	
50,165	-0,29	
50,17	-0,28	
50,175	-0,27	
50,18	-0,27	
50,185	-0,26	
50,19	-0,26	
50,195	-0,25	
50,2	-0,24	
50,205	-0,23	
50,21	-0,22	
50,215	-0,21	
50,22	-0,21	
50,225	-0,2	
50,23	-0,19	
50,235	-0,18	
50,24	-0,17	
50,245	-0,16	
50,25	-0,16	
50,255	-0,14	
50,26	-0,14	
50,265	-0,13	
50,27	-0,12	
50,275	-0,11	
50,28	-0,1	
50,285	-0,09	
50,29	-0,09	
50,295	-0,08	
50,3	-0,07	
50,305	-0,06	
50,31	-0,05	
50,315	-0,04	
50,32	-0,03	
50,325	-0,02	
50,33	-0,01	
50,335	0	
50,34	0,01	
50,345	0,02	
50,35	0,02	
50,355	0,03	
50,36	0,04	
50,365	0,05	
50,37	0,05	
50,375	0,07	
50,38	0,08	
50,385	0,08	
50,39	0,09	
50,395	0,09	
50,4	0,1	
50,405	0,11	
50,41	0,12	
50,415	0,12	
50,42	0,14	
50,425	0,14	
50,43	0,15	
50,435	0,15	
50,44	0,16	
50,445	0,17	
50,45	0,18	
50,455	0,18	
50,46	0,19	
50,465	0,19	
50,47	0,2	
50,475	0,2	
50,48	0,21	
50,485	0,22	
50,49	0,22	
50,495	0,23	
50,5	0,23	
50,505	0,24	
50,51	0,24	
50,515	0,24	
50,52	0,25	
50,525	0,25	
50,53	0,25	
50,535	0,26	
50,54	0,26	
50,545	0,27	
50,55	0,27	
50,555	0,27	
50,56	0,27	
50,565	0,28	
50,57	0,28	
50,575	0,28	
50,58	0,28	
50,585	0,28	
50,59	0,28	
50,595	0,28	
50,6	0,28	
50,605	0,29	
50,61	0,29	
50,615	0,29	
50,62	0,29	
50,625	0,29	
50,63	0,29	
50,635	0,29	
50,64	0,29	
50,645	0,29	
50,65	0,29	
50,655	0,29	
50,66	0,28	
50,665	0,28	
50,67	0,28	
50,675	0,28	
50,68	0,27	
50,685	0,27	
50,69	0,27	
50,695	0,27	
50,7	0,27	
50,705	0,26	
50,71	0,26	
50,715	0,25	
50,72	0,25	
50,725	0,25	
50,73	0,25	
50,735	0,24	
50,74	0,24	
50,745	0,24	
50,75	0,23	
50,755	0,23	
50,76	0,22	
50,765	0,22	
50,77	0,22	
50,775	0,21	
50,78	0,21	
50,785	0,2	
50,79	0,2	
50,795	0,19	
50,8	0,19	
50,805	0,18	
50,81	0,18	
50,815	0,17	
50,82	0,17	
50,825	0,16	
50,83	0,16	
50,835	0,15	
50,84	0,14	
50,845	0,14	
50,85	0,14	
50,855	0,13	
50,86	0,12	
50,865	0,12	
50,87	0,12	
50,875	0,11	
50,88	0,1	
50,885	0,09	
50,89	0,09	
50,895	0,08	
50,9	0,07	
50,905	0,07	
50,91	0,06	
50,915	0,06	
50,92	0,05	
50,925	0,05	
50,93	0,04	
50,935	0,04	
50,94	0,03	
50,945	0,03	
50,95	0,02	
50,955	0,01	
50,96	0,01	
50,965	0,01	
50,97	0	
50,975	0	
50,98	-0,01	
50,985	-0,01	
50,99	-0,02	
50,995	-0,02	
51,0	-0,03	
51,005	-0,03	
51,01	-0,04	
51,015	-0,05	
51,02	-0,05	
51,025	-0,06	
51,03	-0,06	
51,035	-0,06	
51,04	-0,06	
51,045	-0,07	
51,05	-0,07	
51,055	-0,08	
51,06	-0,08	
51,065	-0,09	
51,07	-0,09	
51,075	-0,1	
51,08	-0,1	
51,085	-0,1	
51,09	-0,11	
51,095	-0,11	
51,1	-0,11	
51,105	-0,11	
51,11	-0,12	
51,115	-0,12	
51,12	-0,13	
51,125	-0,13	
51,13	-0,13	
51,135	-0,14	
51,14	-0,14	
51,145	-0,13	
51,15	-0,14	
51,155	-0,14	
51,16	-0,14	
51,165	-0,14	
51,17	-0,15	
51,175	-0,15	
51,18	-0,15	
51,185	-0,14	
51,19	-0,14	
51,195	-0,15	
51,2	-0,15	
51,205	-0,15	
51,21	-0,15	
51,215	-0,16	
51,22	-0,16	
51,225	-0,15	
51,23	-0,15	
51,235	-0,15	
51,24	-0,14	
51,245	-0,14	
51,25	-0,14	
51,255	-0,15	
51,26	-0,15	
51,265	-0,15	
51,27	-0,15	
51,275	-0,15	
51,28	-0,15	
51,285	-0,15	
51,29	-0,15	
51,295	-0,14	
51,3	-0,14	
51,305	-0,14	
51,31	-0,14	
51,315	-0,14	
51,32	-0,14	
51,325	-0,14	
51,33	-0,14	
51,335	-0,13	
51,34	-0,13	
51,345	-0,13	
51,35	-0,13	
51,355	-0,12	
51,36	-0,12	
51,365	-0,12	
51,37	-0,12	
51,375	-0,12	
51,38	-0,12	
51,385	-0,11	
51,39	-0,11	
51,395	-0,11	
51,4	-0,11	
51,405	-0,11	
51,41	-0,11	
51,415	-0,11	
51,42	-0,1	
51,425	-0,1	
51,43	-0,1	
51,435	-0,09	
51,44	-0,09	
51,445	-0,09	
51,45	-0,09	
51,455	-0,08	
51,46	-0,08	
51,465	-0,08	
51,47	-0,08	
51,475	-0,07	
51,48	-0,07	
51,485	-0,07	
51,49	-0,07	
51,495	-0,07	
51,5	-0,07	
51,505	-0,06	
51,51	-0,06	
51,515	-0,05	
51,52	-0,05	
51,525	-0,05	
51,53	-0,05	
51,535	-0,05	
51,54	-0,05	
51,545	-0,04	
51,55	-0,04	
51,555	-0,04	
51,56	-0,04	
51,565	-0,03	
51,57	-0,03	
51,575	-0,03	
51,58	-0,03	
51,585	-0,03	
51,59	-0,03	
51,595	-0,03	
51,6	-0,03	
51,605	-0,02	
51,61	-0,02	
51,615	-0,02	
51,62	-0,01	
51,625	-0,01	
51,63	-0,01	
51,635	-0,01	
51,64	-0,01	
51,645	-0,01	
51,65	-0,01	
51,655	-0,01	
51,66	-0,01	
51,665	0	
51,67	0	
51,675	0	
51,68	0	
51,685	0	
51,69	0	
51,695	0	
51,7	0	
51,705	0	
51,71	0	
51,715	0	
51,72	0	
51,725	0	
51,73	0,01	
51,735	0,01	
51,74	0,01	
51,745	0,01	
51,75	0	
51,755	0,01	
51,76	0	
51,765	0,01	
51,77	0,01	
51,775	0,01	
51,78	0,01	
51,785	0,02	
51,79	0,01	
51,795	0,01	
51,8	0,01	
51,805	0,01	
51,81	0,01	
51,815	0,01	
51,82	0	
51,825	0,01	
51,83	0,01	
51,835	0,01	
51,84	0,01	
51,845	0,01	
51,85	0,01	
51,855	0	
51,86	0	
51,865	0,01	
51,87	0,01	
51,875	0,01	
51,88	0,01	
51,885	0,01	
51,89	0,01	
51,895	0,01	
51,9	0,01	
51,905	0,01	
51,91	0,01	
51,915	0,01	
51,92	0,01	
51,925	0,01	
51,93	0,01	
51,935	0,01	
51,94	0,01	
51,945	0,01	
51,95	0,01	
51,955	0	
51,96	0,01	
51,965	0,01	
51,97	0,01	
51,975	0,01	
51,98	0,01	
51,985	0,01	
51,99	0,01	
51,995	0,01	
52,0	0,01	
52,005	0,01	
52,01	0,01	
52,015	0,01	
52,02	0,01	
52,025	0,01	
52,03	0,01	
52,035	0,01	
52,04	0,01	
52,045	0,01	
52,05	0,01	
52,055	0,02	
52,06	0,02	
52,065	0,02	
52,07	0,02	
52,075	0,02	
52,08	0,02	
52,085	0,02	
52,09	0,02	
52,095	0,02	
52,1	0,02	
52,105	0,02	
52,11	0,02	
52,115	0,02	
52,12	0,02	
52,125	0,02	
52,13	0,02	
52,135	0,03	
52,14	0,03	
52,145	0,03	
52,15	0,04	
52,155	0,04	
52,16	0,04	
52,165	0,05	
52,17	0,05	
52,175	0,05	
52,18	0,05	
52,185	0,05	
52,19	0,05	
52,195	0,05	
52,2	0,05	
52,205	0,06	
52,21	0,06	
52,215	0,06	
52,22	0,06	
52,225	0,06	
52,23	0,06	
52,235	0,06	
52,24	0,07	
52,245	0,07	
52,25	0,07	
52,255	0,07	
52,26	0,07	
52,265	0,08	
52,27	0,08	
52,275	0,08	
52,28	0,08	
52,285	0,09	
52,29	0,09	
52,295	0,08	
52,3	0,09	
52,305	0,09	
52,31	0,09	
52,315	0,09	
52,32	0,09	
52,325	0,09	
52,33	0,1	
52,335	0,1	
52,34	0,1	
52,345	0,11	
52,35	0,11	
52,355	0,11	
52,36	0,11	
52,365	0,11	
52,37	0,11	
52,375	0,11	
52,38	0,12	
52,385	0,12	
52,39	0,12	
52,395	0,12	
52,4	0,12	
52,405	0,12	
52,41	0,12	
52,415	0,12	
52,42	0,12	
52,425	0,13	
52,43	0,13	
52,435	0,13	
52,44	0,14	
52,445	0,13	
52,45	0,13	
52,455	0,13	
52,46	0,13	
52,465	0,13	
52,47	0,13	
52,475	0,13	
52,48	0,14	
52,485	0,14	
52,49	0,14	
52,495	0,14	
52,5	0,14	
52,505	0,14	
52,51	0,14	
52,515	0,13	
52,52	0,13	
52,525	0,14	
52,53	0,13	
52,535	0,13	
52,54	0,13	
52,545	0,13	
52,55	0,13	
52,555	0,13	
52,56	0,12	
52,565	0,12	
52,57	0,12	
52,575	0,12	
52,58	0,12	
52,585	0,11	
52,59	0,12	
52,595	0,11	
52,6	0,11	
52,605	0,11	
52,61	0,11	
52,615	0,1	
52,62	0,1	
52,625	0,09	
52,63	0,09	
52,635	0,09	
52,64	0,09	
52,645	0,09	
52,65	0,08	
52,655	0,08	
52,66	0,07	
52,665	0,06	
52,67	0,06	
52,675	0,06	
52,68	0,06	
52,685	0,05	
52,69	0,05	
52,695	0,05	
52,7	0,05	
52,705	0,04	
52,71	0,03	
52,715	0,03	
52,72	0,02	
52,725	0,02	
52,73	0,02	
52,735	0,01	
52,74	0,01	
52,745	0,01	
52,75	0,01	
52,755	0	
52,76	-0,01	
52,765	-0,02	
52,77	-0,03	
52,775	-0,03	
52,78	-0,04	
52,785	-0,04	
52,79	-0,04	
52,795	-0,04	
52,8	-0,05	
52,805	-0,06	
52,81	-0,06	
52,815	-0,07	
52,82	-0,08	
52,825	-0,08	
52,83	-0,08	
52,835	-0,09	
52,84	-0,09	
52,845	-0,1	
52,85	-0,1	
52,855	-0,11	
52,86	-0,12	
52,865	-0,12	
52,87	-0,13	
52,875	-0,13	
52,88	-0,14	
52,885	-0,14	
52,89	-0,14	
52,895	-0,15	
52,9	-0,15	
52,905	-0,16	
52,91	-0,16	
52,915	-0,17	
52,92	-0,17	
52,925	-0,18	
52,93	-0,18	
52,935	-0,19	
52,94	-0,19	
52,945	-0,2	
52,95	-0,2	
52,955	-0,21	
52,96	-0,21	
52,965	-0,22	
52,97	-0,22	
52,975	-0,23	
52,98	-0,23	
52,985	-0,23	
52,99	-0,23	
52,995	-0,24	
53,0	-0,24	
53,005	-0,24	
53,01	-0,24	
53,015	-0,25	
53,02	-0,25	
53,025	-0,25	
53,03	-0,25	
53,035	-0,25	
53,04	-0,26	
53,045	-0,26	
53,05	-0,26	
53,055	-0,26	
53,06	-0,26	
53,065	-0,26	
53,07	-0,26	
53,075	-0,26	
53,08	-0,26	
53,085	-0,26	
53,09	-0,27	
53,095	-0,27	
53,1	-0,27	
53,105	-0,27	
53,11	-0,27	
53,115	-0,27	
53,12	-0,26	
53,125	-0,26	
53,13	-0,26	
53,135	-0,26	
53,14	-0,26	
53,145	-0,27	
53,15	-0,26	
53,155	-0,26	
53,16	-0,26	
53,165	-0,25	
53,17	-0,25	
53,175	-0,25	
53,18	-0,24	
53,185	-0,24	
53,19	-0,24	
53,195	-0,24	
53,2	-0,24	
53,205	-0,23	
53,21	-0,23	
53,215	-0,22	
53,22	-0,22	
53,225	-0,21	
53,23	-0,2	
53,235	-0,2	
53,24	-0,19	
53,245	-0,19	
53,25	-0,19	
53,255	-0,18	
53,26	-0,18	
53,265	-0,17	
53,27	-0,16	
53,275	-0,16	
53,28	-0,15	
53,285	-0,15	
53,29	-0,14	
53,295	-0,13	
53,3	-0,12	
53,305	-0,12	
53,31	-0,11	
53,315	-0,11	
53,32	-0,1	
53,325	-0,09	
53,33	-0,08	
53,335	-0,08	
53,34	-0,07	
53,345	-0,06	
53,35	-0,05	
53,355	-0,04	
53,36	-0,04	
53,365	-0,03	
53,37	-0,02	
53,375	-0,01	
53,38	0	
53,385	0,01	
53,39	0,02	
53,395	0,02	
53,4	0,03	
53,405	0,04	
53,41	0,04	
53,415	0,05	
53,42	0,06	
53,425	0,07	
53,43	0,08	
53,435	0,09	
53,44	0,1	
53,445	0,11	
53,45	0,11	
53,455	0,12	
53,46	0,13	
53,465	0,14	
53,47	0,15	
53,475	0,16	
53,48	0,16	
53,485	0,17	
53,49	0,18	
53,495	0,19	
53,5	0,19	
53,505	0,2	
53,51	0,21	
53,515	0,22	
53,52	0,23	
53,525	0,23	
53,53	0,24	
53,535	0,24	
53,54	0,25	
53,545	0,26	
53,55	0,26	
53,555	0,27	
53,56	0,28	
53,565	0,29	
53,57	0,3	
53,575	0,3	
53,58	0,31	
53,585	0,31	
53,59	0,32	
53,595	0,32	
53,6	0,32	
53,605	0,33	
53,61	0,34	
53,615	0,34	
53,62	0,35	
53,625	0,35	
53,63	0,35	
53,635	0,35	
53,64	0,36	
53,645	0,36	
53,65	0,36	
53,655	0,37	
53,66	0,38	
53,665	0,38	
53,67	0,38	
53,675	0,38	
53,68	0,38	
53,685	0,38	
53,69	0,38	
53,695	0,38	
53,7	0,38	
53,705	0,38	
53,71	0,39	
53,715	0,39	
53,72	0,39	
53,725	0,39	
53,73	0,39	
53,735	0,39	
53,74	0,38	
53,745	0,38	
53,75	0,38	
53,755	0,38	
53,76	0,38	
53,765	0,38	
53,77	0,38	
53,775	0,37	
53,78	0,36	
53,785	0,36	
53,79	0,35	
53,795	0,35	
53,8	0,35	
53,805	0,34	
53,81	0,34	
53,815	0,34	
53,82	0,33	
53,825	0,33	
53,83	0,32	
53,835	0,3	
53,84	0,3	
53,845	0,29	
53,85	0,29	
53,855	0,29	
53,86	0,28	
53,865	0,27	
53,87	0,27	
53,875	0,26	
53,88	0,25	
53,885	0,24	
53,89	0,23	
53,895	0,23	
53,9	0,22	
53,905	0,21	
53,91	0,2	
53,915	0,19	
53,92	0,18	
53,925	0,17	
53,93	0,16	
53,935	0,15	
53,94	0,15	
53,945	0,14	
53,95	0,13	
53,955	0,12	
53,96	0,11	
53,965	0,1	
53,97	0,08	
53,975	0,07	
53,98	0,06	
53,985	0,05	
53,99	0,04	
53,995	0,03	
54,0	0,02	
54,005	0,01	
54,01	0	
54,015	-0,02	
54,02	-0,03	
54,025	-0,05	
54,03	-0,05	
54,035	-0,06	
54,04	-0,07	
54,045	-0,08	
54,05	-0,09	
54,055	-0,1	
54,06	-0,12	
54,065	-0,13	
54,07	-0,14	
54,075	-0,16	
54,08	-0,16	
54,085	-0,17	
54,09	-0,18	
54,095	-0,19	
54,1	-0,19	
54,105	-0,21	
54,11	-0,23	
54,115	-0,24	
54,12	-0,25	
54,125	-0,26	
54,13	-0,26	
54,135	-0,27	
54,14	-0,28	
54,145	-0,29	
54,15	-0,3	
54,155	-0,31	
54,16	-0,33	
54,165	-0,33	
54,17	-0,34	
54,175	-0,35	
54,18	-0,36	
54,185	-0,36	
54,19	-0,37	
54,195	-0,37	
54,2	-0,38	
54,205	-0,39	
54,21	-0,4	
54,215	-0,41	
54,22	-0,42	
54,225	-0,42	
54,23	-0,43	
54,235	-0,43	
54,24	-0,43	
54,245	-0,44	
54,25	-0,44	
54,255	-0,45	
54,26	-0,46	
54,265	-0,46	
54,27	-0,47	
54,275	-0,47	
54,28	-0,47	
54,285	-0,47	
54,29	-0,48	
54,295	-0,48	
54,3	-0,48	
54,305	-0,48	
54,31	-0,48	
54,315	-0,48	
54,32	-0,48	
54,325	-0,48	
54,33	-0,49	
54,335	-0,49	
54,34	-0,48	
54,345	-0,48	
54,35	-0,48	
54,355	-0,48	
54,36	-0,47	
54,365	-0,48	
54,37	-0,47	
54,375	-0,47	
54,38	-0,47	
54,385	-0,46	
54,39	-0,46	
54,395	-0,46	
54,4	-0,45	
54,405	-0,45	
54,41	-0,45	
54,415	-0,44	
54,42	-0,43	
54,425	-0,42	
54,43	-0,42	
54,435	-0,41	
54,44	-0,41	
54,445	-0,4	
54,45	-0,4	
54,455	-0,39	
54,46	-0,38	
54,465	-0,38	
54,47	-0,36	
54,475	-0,36	
54,48	-0,35	
54,485	-0,34	
54,49	-0,33	
54,495	-0,32	
54,5	-0,31	
54,505	-0,3	
54,51	-0,29	
54,515	-0,28	
54,52	-0,26	
54,525	-0,25	
54,53	-0,24	
54,535	-0,23	
54,54	-0,22	
54,545	-0,21	
54,55	-0,2	
54,555	-0,2	
54,56	-0,18	
54,565	-0,17	
54,57	-0,16	
54,575	-0,14	
54,58	-0,13	
54,585	-0,12	
54,59	-0,1	
54,595	-0,09	
54,6	-0,08	
54,605	-0,07	
54,61	-0,06	
54,615	-0,04	
54,62	-0,03	
54,625	-0,01	
54,63	0	
54,635	0,02	
54,64	0,03	
54,645	0,04	
54,65	0,05	
54,655	0,07	
54,66	0,08	
54,665	0,09	
54,67	0,11	
54,675	0,12	
54,68	0,14	
54,685	0,15	
54,69	0,16	
54,695	0,18	
54,7	0,19	
54,705	0,2	
54,71	0,21	
54,715	0,22	
54,72	0,24	
54,725	0,25	
54,73	0,26	
54,735	0,27	
54,74	0,28	
54,745	0,3	
54,75	0,31	
54,755	0,32	
54,76	0,33	
54,765	0,34	
54,77	0,35	
54,775	0,36	
54,78	0,37	
54,785	0,38	
54,79	0,39	
54,795	0,4	
54,8	0,41	
54,805	0,42	
54,81	0,43	
54,815	0,44	
54,82	0,45	
54,825	0,46	
54,83	0,46	
54,835	0,48	
54,84	0,48	
54,845	0,49	
54,85	0,49	
54,855	0,5	
54,86	0,5	
54,865	0,51	
54,87	0,51	
54,875	0,52	
54,88	0,53	
54,885	0,53	
54,89	0,54	
54,895	0,54	
54,9	0,54	
54,905	0,55	
54,91	0,55	
54,915	0,55	
54,92	0,56	
54,925	0,55	
54,93	0,55	
54,935	0,56	
54,94	0,55	
54,945	0,56	
54,95	0,56	
54,955	0,56	
54,96	0,56	
54,965	0,56	
54,97	0,56	
54,975	0,55	
54,98	0,55	
54,985	0,55	
54,99	0,54	
54,995	0,54	
55,0	0,54	
55,005	0,53	
55,01	0,53	
55,015	0,52	
55,02	0,52	
55,025	0,51	
55,03	0,5	
55,035	0,5	
55,04	0,5	
55,045	0,49	
55,05	0,49	
55,055	0,48	
55,06	0,47	
55,065	0,46	
55,07	0,45	
55,075	0,44	
55,08	0,43	
55,085	0,43	
55,09	0,42	
55,095	0,41	
55,1	0,4	
55,105	0,39	
55,11	0,37	
55,115	0,36	
55,12	0,35	
55,125	0,34	
55,13	0,33	
55,135	0,31	
55,14	0,3	
55,145	0,29	
55,15	0,28	
55,155	0,26	
55,16	0,25	
55,165	0,24	
55,17	0,23	
55,175	0,21	
55,18	0,2	
55,185	0,19	
55,19	0,17	
55,195	0,15	
55,2	0,14	
55,205	0,13	
55,21	0,11	
55,215	0,11	
55,22	0,09	
55,225	0,08	
55,23	0,07	
55,235	0,05	
55,24	0,03	
55,245	0,01	
55,25	0	
55,255	-0,01	
55,26	-0,03	
55,265	-0,04	
55,27	-0,05	
55,275	-0,07	
55,28	-0,08	
55,285	-0,1	
55,29	-0,12	
55,295	-0,14	
55,3	-0,15	
55,305	-0,16	
55,31	-0,17	
55,315	-0,18	
55,32	-0,2	
55,325	-0,21	
55,33	-0,23	
55,335	-0,25	
55,34	-0,26	
55,345	-0,27	
55,35	-0,28	
55,355	-0,29	
55,36	-0,31	
55,365	-0,32	
55,37	-0,33	
55,375	-0,34	
55,38	-0,36	
55,385	-0,37	
55,39	-0,38	
55,395	-0,39	
55,4	-0,4	
55,405	-0,41	
55,41	-0,42	
55,415	-0,43	
55,42	-0,44	
55,425	-0,46	
55,43	-0,47	
55,435	-0,48	
55,44	-0,49	
55,445	-0,49	
55,45	-0,5	
55,455	-0,51	
55,46	-0,52	
55,465	-0,52	
55,47	-0,53	
55,475	-0,54	
55,48	-0,55	
55,485	-0,55	
55,49	-0,55	
55,495	-0,56	
55,5	-0,56	
55,505	-0,57	
55,51	-0,57	
55,515	-0,58	
55,52	-0,59	
55,525	-0,59	
55,53	-0,59	
55,535	-0,59	
55,54	-0,59	
55,545	-0,59	
55,55	-0,59	
55,555	-0,6	
55,56	-0,6	
55,565	-0,6	
55,57	-0,6	
55,575	-0,6	
55,58	-0,6	
55,585	-0,59	
55,59	-0,59	
55,595	-0,59	
55,6	-0,59	
55,605	-0,58	
55,61	-0,58	
55,615	-0,58	
55,62	-0,57	
55,625	-0,57	
55,63	-0,56	
55,635	-0,56	
55,64	-0,55	
55,645	-0,55	
55,65	-0,54	
55,655	-0,53	
55,66	-0,53	
55,665	-0,52	
55,67	-0,52	
55,675	-0,51	
55,68	-0,5	
55,685	-0,49	
55,69	-0,48	
55,695	-0,47	
55,7	-0,46	
55,705	-0,45	
55,71	-0,44	
55,715	-0,43	
55,72	-0,42	
55,725	-0,41	
55,73	-0,4	
55,735	-0,39	
55,74	-0,37	
55,745	-0,36	
55,75	-0,34	
55,755	-0,33	
55,76	-0,32	
55,765	-0,31	
55,77	-0,3	
55,775	-0,28	
55,78	-0,27	
55,785	-0,25	
55,79	-0,24	
55,795	-0,22	
55,8	-0,21	
55,805	-0,2	
55,81	-0,18	
55,815	-0,17	
55,82	-0,15	
55,825	-0,14	
55,83	-0,12	
55,835	-0,1	
55,84	-0,09	
55,845	-0,08	
55,85	-0,06	
55,855	-0,05	
55,86	-0,04	
55,865	-0,02	
55,87	-0,01	
55,875	0,01	
55,88	0,03	
55,885	0,05	
55,89	0,06	
55,895	0,07	
55,9	0,08	
55,905	0,1	
55,91	0,12	
55,915	0,13	
55,92	0,15	
55,925	0,16	
55,93	0,18	
55,935	0,19	
55,94	0,21	
55,945	0,22	
55,95	0,24	
55,955	0,25	
55,96	0,27	
55,965	0,28	
55,97	0,29	
55,975	0,31	
55,98	0,32	
55,985	0,33	
55,99	0,35	
55,995	0,36	
56,0	0,37	
56,005	0,38	
56,01	0,39	
56,015	0,4	
56,02	0,42	
56,025	0,43	
56,03	0,44	
56,035	0,45	
56,04	0,46	
56,045	0,47	
56,05	0,48	
56,055	0,49	
56,06	0,49	
56,065	0,5	
56,07	0,51	
56,075	0,52	
56,08	0,53	
56,085	0,54	
56,09	0,54	
56,095	0,55	
56,1	0,55	
56,105	0,56	
56,11	0,57	
56,115	0,58	
56,12	0,58	
56,125	0,59	
56,13	0,59	
56,135	0,59	
56,14	0,59	
56,145	0,6	
56,15	0,6	
56,155	0,6	
56,16	0,61	
56,165	0,61	
56,17	0,61	
56,175	0,61	
56,18	0,61	
56,185	0,61	
56,19	0,61	
56,195	0,6	
56,2	0,6	
56,205	0,6	
56,21	0,6	
56,215	0,6	
56,22	0,6	
56,225	0,6	
56,23	0,59	
56,235	0,59	
56,24	0,58	
56,245	0,57	
56,25	0,57	
56,255	0,57	
56,26	0,56	
56,265	0,56	
56,27	0,55	
56,275	0,54	
56,28	0,54	
56,285	0,53	
56,29	0,51	
56,295	0,51	
56,3	0,5	
56,305	0,49	
56,31	0,48	
56,315	0,48	
56,32	0,47	
56,325	0,46	
56,33	0,45	
56,335	0,43	
56,34	0,42	
56,345	0,4	
56,35	0,4	
56,355	0,38	
56,36	0,38	
56,365	0,36	
56,37	0,35	
56,375	0,34	
56,38	0,33	
56,385	0,3	
56,39	0,29	
56,395	0,28	
56,4	0,27	
56,405	0,26	
56,41	0,25	
56,415	0,23	
56,42	0,22	
56,425	0,2	
56,43	0,18	
56,435	0,16	
56,44	0,15	
56,445	0,14	
56,45	0,13	
56,455	0,11	
56,46	0,1	
56,465	0,09	
56,47	0,07	
56,475	0,05	
56,48	0,03	
56,485	0,02	
56,49	0	
56,495	-0,01	
56,5	-0,03	
56,505	-0,04	
56,51	-0,05	
56,515	-0,07	
56,52	-0,09	
56,525	-0,11	
56,53	-0,12	
56,535	-0,14	
56,54	-0,15	
56,545	-0,16	
56,55	-0,17	
56,555	-0,19	
56,56	-0,2	
56,565	-0,22	
56,57	-0,23	
56,575	-0,24	
56,58	-0,26	
56,585	-0,27	
56,59	-0,29	
56,595	-0,3	
56,6	-0,31	
56,605	-0,32	
56,61	-0,33	
56,615	-0,35	
56,62	-0,36	
56,625	-0,37	
56,63	-0,39	
56,635	-0,4	
56,64	-0,4	
56,645	-0,41	
56,65	-0,42	
56,655	-0,43	
56,66	-0,44	
56,665	-0,46	
56,67	-0,47	
56,675	-0,47	
56,68	-0,49	
56,685	-0,49	
56,69	-0,5	
56,695	-0,51	
56,7	-0,52	
56,705	-0,52	
56,71	-0,53	
56,715	-0,53	
56,72	-0,54	
56,725	-0,54	
56,73	-0,55	
56,735	-0,56	
56,74	-0,56	
56,745	-0,56	
56,75	-0,57	
56,755	-0,57	
56,76	-0,57	
56,765	-0,58	
56,77	-0,58	
56,775	-0,58	
56,78	-0,58	
56,785	-0,59	
56,79	-0,59	
56,795	-0,59	
56,8	-0,59	
56,805	-0,59	
56,81	-0,58	
56,815	-0,58	
56,82	-0,58	
56,825	-0,58	
56,83	-0,57	
56,835	-0,57	
56,84	-0,57	
56,845	-0,56	
56,85	-0,56	
56,855	-0,56	
56,86	-0,55	
56,865	-0,55	
56,87	-0,55	
56,875	-0,54	
56,88	-0,53	
56,885	-0,52	
56,89	-0,52	
56,895	-0,51	
56,9	-0,5	
56,905	-0,5	
56,91	-0,49	
56,915	-0,49	
56,92	-0,48	
56,925	-0,47	
56,93	-0,46	
56,935	-0,45	
56,94	-0,44	
56,945	-0,43	
56,95	-0,42	
56,955	-0,41	
56,96	-0,4	
56,965	-0,4	
56,97	-0,38	
56,975	-0,36	
56,98	-0,35	
56,985	-0,34	
56,99	-0,33	
56,995	-0,32	
57,0	-0,31	
57,005	-0,3	
57,01	-0,29	
57,015	-0,28	
57,02	-0,26	
57,025	-0,24	
57,03	-0,23	
57,035	-0,21	
57,04	-0,2	
57,045	-0,19	
57,05	-0,18	
57,055	-0,16	
57,06	-0,15	
57,065	-0,13	
57,07	-0,12	
57,075	-0,1	
57,08	-0,09	
57,085	-0,07	
57,09	-0,06	
57,095	-0,05	
57,1	-0,04	
57,105	-0,02	
57,11	-0,01	
57,115	0,01	
57,12	0,02	
57,125	0,04	
57,13	0,05	
57,135	0,07	
57,14	0,08	
57,145	0,09	
57,15	0,1	
57,155	0,12	
57,16	0,13	
57,165	0,15	
57,17	0,16	
57,175	0,18	
57,18	0,19	
57,185	0,2	
57,19	0,21	
57,195	0,22	
57,2	0,24	
57,205	0,25	
57,21	0,26	
57,215	0,27	
57,22	0,29	
57,225	0,3	
57,23	0,31	
57,235	0,32	
57,24	0,33	
57,245	0,34	
57,25	0,35	
57,255	0,36	
57,26	0,37	
57,265	0,38	
57,27	0,39	
57,275	0,4	
57,28	0,41	
57,285	0,42	
57,29	0,42	
57,295	0,43	
57,3	0,44	
57,305	0,44	
57,31	0,45	
57,315	0,46	
57,32	0,47	
57,325	0,47	
57,33	0,48	
57,335	0,49	
57,34	0,49	
57,345	0,49	
57,35	0,5	
57,355	0,5	
57,36	0,51	
57,365	0,51	
57,37	0,52	
57,375	0,52	
57,38	0,53	
57,385	0,53	
57,39	0,53	
57,395	0,53	
57,4	0,53	
57,405	0,53	
57,41	0,53	
57,415	0,53	
57,42	0,53	
57,425	0,53	
57,43	0,53	
57,435	0,53	
57,44	0,52	
57,445	0,52	
57,45	0,52	
57,455	0,51	
57,46	0,51	
57,465	0,51	
57,47	0,51	
57,475	0,51	
57,48	0,5	
57,485	0,5	
57,49	0,49	
57,495	0,48	
57,5	0,48	
57,505	0,47	
57,51	0,47	
57,515	0,46	
57,52	0,45	
57,525	0,45	
57,53	0,44	
57,535	0,43	
57,54	0,42	
57,545	0,41	
57,55	0,41	
57,555	0,4	
57,56	0,39	
57,565	0,38	
57,57	0,38	
57,575	0,37	
57,58	0,36	
57,585	0,35	
57,59	0,34	
57,595	0,33	
57,6	0,32	
57,605	0,31	
57,61	0,29	
57,615	0,28	
57,62	0,27	
57,625	0,26	
57,63	0,25	
57,635	0,24	
57,64	0,23	
57,645	0,21	
57,65	0,21	
57,655	0,19	
57,66	0,18	
57,665	0,17	
57,67	0,15	
57,675	0,14	
57,68	0,13	
57,685	0,12	
57,69	0,11	
57,695	0,1	
57,7	0,09	
57,705	0,07	
57,71	0,06	
57,715	0,04	
57,72	0,03	
57,725	0,02	
57,73	0	
57,735	-0,01	
57,74	-0,02	
57,745	-0,03	
57,75	-0,04	
57,755	-0,06	
57,76	-0,07	
57,765	-0,08	
57,77	-0,09	
57,775	-0,11	
57,78	-0,12	
57,785	-0,13	
57,79	-0,14	
57,795	-0,15	
57,8	-0,16	
57,805	-0,17	
57,81	-0,18	
57,815	-0,19	
57,82	-0,2	
57,825	-0,21	
57,83	-0,22	
57,835	-0,24	
57,84	-0,25	
57,845	-0,26	
57,85	-0,26	
57,855	-0,27	
57,86	-0,28	
57,865	-0,29	
57,87	-0,3	
57,875	-0,31	
57,88	-0,31	
57,885	-0,33	
57,89	-0,34	
57,895	-0,34	
57,9	-0,35	
57,905	-0,35	
57,91	-0,36	
57,915	-0,36	
57,92	-0,37	
57,925	-0,38	
57,93	-0,39	
57,935	-0,4	
57,94	-0,41	
57,945	-0,41	
57,95	-0,41	
57,955	-0,41	
57,96	-0,41	
57,965	-0,41	
57,97	-0,42	
57,975	-0,42	
57,98	-0,43	
57,985	-0,43	
57,99	-0,44	
57,995	-0,44	
58,0	-0,44	
58,005	-0,44	
58,01	-0,44	
58,015	-0,44	
58,02	-0,44	
58,025	-0,44	
58,03	-0,45	
58,035	-0,45	
58,04	-0,45	
58,045	-0,45	
58,05	-0,45	
58,055	-0,44	
58,06	-0,44	
58,065	-0,43	
58,07	-0,43	
58,075	-0,43	
58,08	-0,43	
58,085	-0,43	
58,09	-0,43	
58,095	-0,42	
58,1	-0,42	
58,105	-0,41	
58,11	-0,41	
58,115	-0,4	
58,12	-0,4	
58,125	-0,4	
58,13	-0,39	
58,135	-0,39	
58,14	-0,38	
58,145	-0,38	
58,15	-0,37	
58,155	-0,36	
58,16	-0,35	
58,165	-0,34	
58,17	-0,34	
58,175	-0,33	
58,18	-0,33	
58,185	-0,32	
58,19	-0,31	
58,195	-0,3	
58,2	-0,3	
58,205	-0,28	
58,21	-0,28	
58,215	-0,27	
58,22	-0,27	
58,225	-0,26	
58,23	-0,25	
58,235	-0,24	
58,24	-0,23	
58,245	-0,22	
58,25	-0,2	
58,255	-0,2	
58,26	-0,19	
58,265	-0,18	
58,27	-0,18	
58,275	-0,17	
58,28	-0,16	
58,285	-0,14	
58,29	-0,13	
58,295	-0,11	
58,3	-0,1	
58,305	-0,1	
58,31	-0,09	
58,315	-0,09	
58,32	-0,08	
58,325	-0,07	
58,33	-0,05	
58,335	-0,04	
58,34	-0,02	
58,345	-0,02	
58,35	-0,01	
58,355	0	
58,36	0	
58,365	0,01	
58,37	0,02	
58,375	0,03	
58,38	0,04	
58,385	0,06	
58,39	0,07	
58,395	0,08	
58,4	0,09	
58,405	0,09	
58,41	0,1	
58,415	0,11	
58,42	0,11	
58,425	0,12	
58,43	0,14	
58,435	0,15	
58,44	0,16	
58,445	0,16	
58,45	0,17	
58,455	0,18	
58,46	0,18	
58,465	0,19	
58,47	0,2	
58,475	0,21	
58,48	0,22	
58,485	0,23	
58,49	0,24	
58,495	0,24	
58,5	0,25	
58,505	0,25	
58,51	0,26	
58,515	0,26	
58,52	0,27	
58,525	0,27	
58,53	0,28	
58,535	0,29	
58,54	0,29	
58,545	0,29	
58,55	0,3	
58,555	0,3	
58,56	0,3	
58,565	0,31	
58,57	0,31	
58,575	0,31	
58,58	0,32	
58,585	0,32	
58,59	0,33	
58,595	0,33	
58,6	0,33	
58,605	0,33	
58,61	0,33	
58,615	0,33	
58,62	0,34	
58,625	0,34	
58,63	0,34	
58,635	0,34	
58,64	0,34	
58,645	0,33	
58,65	0,33	
58,655	0,33	
58,66	0,33	
58,665	0,34	
58,67	0,34	
58,675	0,34	
58,68	0,34	
58,685	0,34	
58,69	0,34	
58,695	0,33	
58,7	0,33	
58,705	0,32	
58,71	0,32	
58,715	0,32	
58,72	0,32	
58,725	0,31	
58,73	0,31	
58,735	0,31	
58,74	0,3	
58,745	0,29	
58,75	0,29	
58,755	0,28	
58,76	0,28	
58,765	0,28	
58,77	0,27	
58,775	0,27	
58,78	0,27	
58,785	0,27	
58,79	0,26	
58,795	0,25	
58,8	0,24	
58,805	0,23	
58,81	0,23	
58,815	0,22	
58,82	0,22	
58,825	0,22	
58,83	0,22	
58,835	0,21	
58,84	0,2	
58,845	0,19	
58,85	0,18	
58,855	0,17	
58,86	0,17	
58,865	0,16	
58,87	0,16	
58,875	0,15	
58,88	0,15	
58,885	0,14	
58,89	0,13	
58,895	0,12	
58,9	0,11	
58,905	0,1	
58,91	0,1	
58,915	0,09	
58,92	0,09	
58,925	0,08	
58,93	0,07	
58,935	0,07	
58,94	0,06	
58,945	0,05	
58,95	0,04	
58,955	0,03	
58,96	0,03	
58,965	0,02	
58,97	0,02	
58,975	0,01	
58,98	0,01	
58,985	0	
58,99	-0,01	
58,995	-0,02	
59,0	-0,03	
59,005	-0,04	
59,01	-0,04	
59,015	-0,05	
59,02	-0,06	
59,025	-0,06	
59,03	-0,07	
59,035	-0,07	
59,04	-0,08	
59,045	-0,08	
59,05	-0,09	
59,055	-0,09	
59,06	-0,1	
59,065	-0,1	
59,07	-0,11	
59,075	-0,11	
59,08	-0,12	
59,085	-0,12	
59,09	-0,13	
59,095	-0,13	
59,1	-0,14	
59,105	-0,14	
59,11	-0,15	
59,115	-0,15	
59,12	-0,16	
59,125	-0,16	
59,13	-0,17	
59,135	-0,17	
59,14	-0,18	
59,145	-0,18	
59,15	-0,18	
59,155	-0,18	
59,16	-0,18	
59,165	-0,18	
59,17	-0,18	
59,175	-0,19	
59,18	-0,19	
59,185	-0,2	
59,19	-0,2	
59,195	-0,21	
59,2	-0,2	
59,205	-0,2	
59,21	-0,2	
59,215	-0,2	
59,22	-0,2	
59,225	-0,21	
59,23	-0,21	
59,235	-0,21	
59,24	-0,22	
59,245	-0,22	
59,25	-0,21	
59,255	-0,21	
59,26	-0,21	
59,265	-0,21	
59,27	-0,21	
59,275	-0,21	
59,28	-0,22	
59,285	-0,22	
59,29	-0,22	
59,295	-0,21	
59,3	-0,21	
59,305	-0,2	
59,31	-0,2	
59,315	-0,2	
59,32	-0,2	
59,325	-0,2	
59,33	-0,2	
59,335	-0,2	
59,34	-0,2	
59,345	-0,19	
59,35	-0,19	
59,355	-0,19	
59,36	-0,18	
59,365	-0,18	
59,37	-0,18	
59,375	-0,18	
59,38	-0,18	
59,385	-0,17	
59,39	-0,17	
59,395	-0,17	
59,4	-0,16	
59,405	-0,16	
59,41	-0,16	
59,415	-0,15	
59,42	-0,15	
59,425	-0,15	
59,43	-0,15	
59,435	-0,15	
59,44	-0,14	
59,445	-0,14	
59,45	-0,14	
59,455	-0,13	
59,46	-0,13	
59,465	-0,13	
59,47	-0,12	
59,475	-0,12	
59,48	-0,11	
59,485	-0,11	
59,49	-0,1	
59,495	-0,1	
59,5	-0,09	
59,505	-0,09	
59,51	-0,09	
59,515	-0,09	
59,52	-0,08	
59,525	-0,08	
59,53	-0,07	
59,535	-0,07	
59,54	-0,06	
59,545	-0,06	
59,55	-0,05	
59,555	-0,05	
59,56	-0,04	
59,565	-0,04	
59,57	-0,04	
59,575	-0,03	
59,58	-0,03	
59,585	-0,03	
59,59	-0,02	
59,595	-0,02	
59,6	-0,02	
59,605	-0,02	
59,61	-0,01	
59,615	-0,01	
59,62	-0,01	
59,625	0	
59,63	0	
59,635	0,01	
59,64	0,01	
59,645	0,01	
59,65	0,01	
59,655	0,02	
59,66	0,02	
59,665	0,02	
59,67	0,02	
59,675	0,03	
59,68	0,03	
59,685	0,04	
59,69	0,04	
59,695	0,05	
59,7	0,05	
59,705	0,05	
59,71	0,05	
59,715	0,04	
59,72	0,05	
59,725	0,05	
59,73	0,05	
59,735	0,06	
59,74	0,06	
59,745	0,06	
59,75	0,07	
59,755	0,07	
59,76	0,06	
59,765	0,06	
59,77	0,06	
59,775	0,06	
59,78	0,07	
59,785	0,07	
59,79	0,07	
59,795	0,08	
59,8	0,08	
59,805	0,07	
59,81	0,07	
59,815	0,07	
59,82	0,07	
59,825	0,07	
59,83	0,08	
59,835	0,08	
59,84	0,08	
59,845	0,08	
59,85	0,08	
59,855	0,08	
59,86	0,08	
59,865	0,07	
59,87	0,07	
59,875	0,07	
59,88	0,08	
59,885	0,08	
59,89	0,08	
59,895	0,08	
59,9	0,08	
59,905	0,07	
59,91	0,07	
59,915	0,07	
59,92	0,07	
59,925	0,07	
59,93	0,07	
59,935	0,08	
59,94	0,07	
59,945	0,07	
59,95	0,07	
59,955	0,07	
59,96	0,07	
59,965	0,07	
59,97	0,07	
59,975	0,07	
59,98	0,06	
59,985	0,06	
59,99	0,07	
59,995	0,07	
60,0	0,06	
60,005	0,06	
60,01	0,06	
60,015	0,06	
60,02	0,05	
60,025	0,06	
60,03	0,06	
60,035	0,06	
60,04	0,06	
60,045	0,05	
60,05	0,05	
60,055	0,05	
60,06	0,05	
60,065	0,05	
60,07	0,05	
60,075	0,05	
60,08	0,05	
60,085	0,05	
60,09	0,05	
60,095	0,05	
60,1	0,04	
60,105	0,04	
60,11	0,04	
60,115	0,04	
60,12	0,04	
60,125	0,05	
60,13	0,05	
60,135	0,04	
60,14	0,04	
60,145	0,04	
60,15	0,03	
60,155	0,03	
60,16	0,04	
60,165	0,04	
60,17	0,04	
60,175	0,04	
60,18	0,04	
60,185	0,04	
60,19	0,04	
60,195	0,03	
60,2	0,03	
60,205	0,03	
60,21	0,04	
60,215	0,04	
60,22	0,04	
60,225	0,04	
60,23	0,04	
60,235	0,04	
60,24	0,04	
60,245	0,03	
60,25	0,03	
60,255	0,03	
60,26	0,03	
60,265	0,04	
60,27	0,04	
60,275	0,04	
60,28	0,04	
60,285	0,04	
60,29	0,04	
60,295	0,04	
60,3	0,03	
60,305	0,04	
60,31	0,04	
60,315	0,04	
60,32	0,05	
60,325	0,05	
60,33	0,05	
60,335	0,05	
60,34	0,04	
60,345	0,04	
60,35	0,04	
60,355	0,04	
60,36	0,05	
60,365	0,05	
60,37	0,05	
60,375	0,05	
60,38	0,05	
60,385	0,05	
60,39	0,05	
60,395	0,05	
60,4	0,05	
60,405	0,05	
60,41	0,05	
60,415	0,06	
60,42	0,06	
60,425	0,06	
60,43	0,06	
60,435	0,06	
60,44	0,05	
60,445	0,06	
60,45	0,06	
60,455	0,06	
60,46	0,06	
60,465	0,07	
60,47	0,07	
60,475	0,06	
60,48	0,06	
60,485	0,06	
60,49	0,06	
60,495	0,06	
60,5	0,06	
60,505	0,07	
60,51	0,06	
60,515	0,06	
60,52	0,06	
60,525	0,06	
60,53	0,06	
60,535	0,06	
60,54	0,06	
60,545	0,06	
60,55	0,06	
60,555	0,06	
60,56	0,07	
60,565	0,07	
60,57	0,06	
60,575	0,06	
60,58	0,05	
60,585	0,05	
60,59	0,05	
60,595	0,05	
60,6	0,05	
60,605	0,06	
60,61	0,06	
60,615	0,06	
60,62	0,06	
60,625	0,05	
60,63	0,05	
60,635	0,04	
60,64	0,04	
60,645	0,04	
60,65	0,04	
60,655	0,05	
60,66	0,05	
60,665	0,04	
60,67	0,04	
60,675	0,04	
60,68	0,03	
60,685	0,03	
60,69	0,03	
60,695	0,02	
60,7	0,02	
60,705	0,02	
60,71	0,02	
60,715	0,02	
60,72	0,02	
60,725	0,01	
60,73	0,01	
60,735	0,01	
60,74	0,01	
60,745	0	
60,75	0	
60,755	0	
60,76	0	
60,765	-0,01	
60,77	-0,01	
60,775	-0,02	
60,78	-0,02	
60,785	-0,03	
60,79	-0,03	
60,795	-0,03	
60,8	-0,03	
60,805	-0,04	
60,81	-0,04	
60,815	-0,04	
60,82	-0,04	
60,825	-0,05	
60,83	-0,05	
60,835	-0,05	
60,84	-0,06	
60,845	-0,06	
60,85	-0,06	
60,855	-0,06	
60,86	-0,07	
60,865	-0,07	
60,87	-0,08	
60,875	-0,08	
60,88	-0,08	
60,885	-0,09	
60,89	-0,09	
60,895	-0,1	
60,9	-0,1	
60,905	-0,1	
60,91	-0,11	
60,915	-0,11	
60,92	-0,11	
60,925	-0,12	
60,93	-0,12	
60,935	-0,12	
60,94	-0,13	
60,945	-0,13	
60,95	-0,14	
60,955	-0,14	
60,96	-0,14	
60,965	-0,15	
60,97	-0,15	
60,975	-0,15	
60,98	-0,15	
60,985	-0,15	
60,99	-0,15	
60,995	-0,15	
61,0	-0,16	
61,005	-0,16	
61,01	-0,17	
61,015	-0,17	
61,02	-0,17	
61,025	-0,17	
61,03	-0,17	
61,035	-0,17	
61,04	-0,18	
61,045	-0,18	
61,05	-0,18	
61,055	-0,19	
61,06	-0,19	
61,065	-0,19	
61,07	-0,2	
61,075	-0,19	
61,08	-0,19	
61,085	-0,19	
61,09	-0,19	
61,095	-0,19	
61,1	-0,19	
61,105	-0,19	
61,11	-0,2	
61,115	-0,2	
61,12	-0,2	
61,125	-0,2	
61,13	-0,2	
61,135	-0,19	
61,14	-0,19	
61,145	-0,19	
61,15	-0,19	
61,155	-0,19	
61,16	-0,19	
61,165	-0,19	
61,17	-0,19	
61,175	-0,19	
61,18	-0,19	
61,185	-0,19	
61,19	-0,18	
61,195	-0,18	
61,2	-0,18	
61,205	-0,18	
61,21	-0,18	
61,215	-0,18	
61,22	-0,18	
61,225	-0,17	
61,23	-0,17	
61,235	-0,16	
61,24	-0,16	
61,245	-0,15	
61,25	-0,15	
61,255	-0,15	
61,26	-0,15	
61,265	-0,15	
61,27	-0,14	
61,275	-0,14	
61,28	-0,13	
61,285	-0,12	
61,29	-0,12	
61,295	-0,11	
61,3	-0,11	
61,305	-0,11	
61,31	-0,11	
61,315	-0,1	
61,32	-0,1	
61,325	-0,09	
61,33	-0,08	
61,335	-0,08	
61,34	-0,07	
61,345	-0,06	
61,35	-0,06	
61,355	-0,05	
61,36	-0,05	
61,365	-0,04	
61,37	-0,04	
61,375	-0,03	
61,38	-0,02	
61,385	-0,02	
61,39	-0,01	
61,395	0	
61,4	0	
61,405	0	
61,41	0,01	
61,415	0,02	
61,42	0,03	
61,425	0,03	
61,43	0,04	
61,435	0,04	
61,44	0,05	
61,445	0,06	
61,45	0,06	
61,455	0,07	
61,46	0,08	
61,465	0,09	
61,47	0,09	
61,475	0,1	
61,48	0,11	
61,485	0,11	
61,49	0,12	
61,495	0,12	
61,5	0,13	
61,505	0,13	
61,51	0,14	
61,515	0,15	
61,52	0,16	
61,525	0,17	
61,53	0,17	
61,535	0,18	
61,54	0,18	
61,545	0,19	
61,55	0,19	
61,555	0,2	
61,56	0,2	
61,565	0,21	
61,57	0,22	
61,575	0,23	
61,58	0,23	
61,585	0,24	
61,59	0,24	
61,595	0,24	
61,6	0,24	
61,605	0,25	
61,61	0,25	
61,615	0,26	
61,62	0,27	
61,625	0,27	
61,63	0,28	
61,635	0,28	
61,64	0,28	
61,645	0,28	
61,65	0,28	
61,655	0,29	
61,66	0,3	
61,665	0,3	
61,67	0,31	
61,675	0,31	
61,68	0,31	
61,685	0,31	
61,69	0,31	
61,695	0,31	
61,7	0,31	
61,705	0,31	
61,71	0,31	
61,715	0,32	
61,72	0,32	
61,725	0,32	
61,73	0,32	
61,735	0,32	
61,74	0,31	
61,745	0,31	
61,75	0,31	
61,755	0,31	
61,76	0,31	
61,765	0,31	
61,77	0,32	
61,775	0,31	
61,78	0,31	
61,785	0,31	
61,79	0,31	
61,795	0,3	
61,8	0,3	
61,805	0,3	
61,81	0,3	
61,815	0,3	
61,82	0,3	
61,825	0,29	
61,83	0,29	
61,835	0,28	
61,84	0,27	
61,845	0,27	
61,85	0,26	
61,855	0,26	
61,86	0,26	
61,865	0,26	
61,87	0,25	
61,875	0,25	
61,88	0,24	
61,885	0,23	
61,89	0,22	
61,895	0,22	
61,9	0,21	
61,905	0,21	
61,91	0,2	
61,915	0,2	
61,92	0,19	
61,925	0,18	
61,93	0,17	
61,935	0,16	
61,94	0,15	
61,945	0,15	
61,95	0,14	
61,955	0,13	
61,96	0,13	
61,965	0,12	
61,97	0,11	
61,975	0,1	
61,98	0,08	
61,985	0,07	
61,99	0,06	
61,995	0,06	
62,0	0,06	
62,005	0,05	
62,01	0,04	
62,015	0,03	
62,02	0,02	
62,025	0	
62,03	-0,01	
62,035	-0,02	
62,04	-0,03	
62,045	-0,03	
62,05	-0,04	
62,055	-0,04	
62,06	-0,05	
62,065	-0,06	
62,07	-0,08	
62,075	-0,1	
62,08	-0,11	
62,085	-0,12	
62,09	-0,12	
62,095	-0,13	
62,1	-0,13	
62,105	-0,14	
62,11	-0,15	
62,115	-0,17	
62,12	-0,18	
62,125	-0,19	
62,13	-0,19	
62,135	-0,2	
62,14	-0,21	
62,145	-0,21	
62,15	-0,22	
62,155	-0,23	
62,16	-0,24	
62,165	-0,25	
62,17	-0,26	
62,175	-0,27	
62,18	-0,28	
62,185	-0,28	
62,19	-0,29	
62,195	-0,3	
62,2	-0,31	
62,205	-0,31	
62,21	-0,32	
62,215	-0,33	
62,22	-0,33	
62,225	-0,34	
62,23	-0,34	
62,235	-0,35	
62,24	-0,35	
62,245	-0,36	
62,25	-0,36	
62,255	-0,38	
62,26	-0,38	
62,265	-0,39	
62,27	-0,39	
62,275	-0,39	
62,28	-0,39	
62,285	-0,39	
62,29	-0,4	
62,295	-0,4	
62,3	-0,41	
62,305	-0,41	
62,31	-0,42	
62,315	-0,42	
62,32	-0,42	
62,325	-0,42	
62,33	-0,42	
62,335	-0,42	
62,34	-0,42	
62,345	-0,43	
62,35	-0,43	
62,355	-0,43	
62,36	-0,43	
62,365	-0,43	
62,37	-0,43	
62,375	-0,42	
62,38	-0,42	
62,385	-0,42	
62,39	-0,41	
62,395	-0,41	
62,4	-0,41	
62,405	-0,41	
62,41	-0,41	
62,415	-0,41	
62,42	-0,4	
62,425	-0,4	
62,43	-0,39	
62,435	-0,38	
62,44	-0,37	
62,445	-0,37	
62,45	-0,37	
62,455	-0,37	
62,46	-0,37	
62,465	-0,36	
62,47	-0,36	
62,475	-0,35	
62,48	-0,34	
62,485	-0,33	
62,49	-0,32	
62,495	-0,31	
62,5	-0,31	
62,505	-0,31	
62,51	-0,3	
62,515	-0,29	
62,52	-0,29	
62,525	-0,27	
62,53	-0,26	
62,535	-0,25	
62,54	-0,24	
62,545	-0,23	
62,55	-0,22	
62,555	-0,21	
62,56	-0,21	
62,565	-0,2	
62,57	-0,18	
62,575	-0,17	
62,58	-0,16	
62,585	-0,15	
62,59	-0,14	
62,595	-0,13	
62,6	-0,12	
62,605	-0,11	
62,61	-0,1	
62,615	-0,09	
62,62	-0,07	
62,625	-0,06	
62,63	-0,04	
62,635	-0,03	
62,64	-0,02	
62,645	-0,01	
62,65	0	
62,655	0,01	
62,66	0,02	
62,665	0,03	
62,67	0,04	
62,675	0,06	
62,68	0,07	
62,685	0,08	
62,69	0,09	
62,695	0,1	
62,7	0,11	
62,705	0,13	
62,71	0,14	
62,715	0,16	
62,72	0,17	
62,725	0,18	
62,73	0,19	
62,735	0,2	
62,74	0,21	
62,745	0,22	
62,75	0,23	
62,755	0,25	
62,76	0,26	
62,765	0,27	
62,77	0,28	
62,775	0,29	
62,78	0,3	
62,785	0,3	
62,79	0,31	
62,795	0,32	
62,8	0,34	
62,805	0,35	
62,81	0,36	
62,815	0,37	
62,82	0,38	
62,825	0,38	
62,83	0,39	
62,835	0,4	
62,84	0,4	
62,845	0,41	
62,85	0,42	
62,855	0,42	
62,86	0,43	
62,865	0,44	
62,87	0,45	
62,875	0,45	
62,88	0,46	
62,885	0,46	
62,89	0,46	
62,895	0,47	
62,9	0,47	
62,905	0,48	
62,91	0,48	
62,915	0,49	
62,92	0,5	
62,925	0,5	
62,93	0,5	
62,935	0,5	
62,94	0,5	
62,945	0,5	
62,95	0,5	
62,955	0,5	
62,96	0,51	
62,965	0,51	
62,97	0,51	
62,975	0,51	
62,98	0,51	
62,985	0,51	
62,99	0,5	
62,995	0,5	
63,0	0,5	
63,005	0,5	
63,01	0,5	
63,015	0,49	
63,02	0,49	
63,025	0,49	
63,03	0,48	
63,035	0,48	
63,04	0,47	
63,045	0,47	
63,05	0,47	
63,055	0,46	
63,06	0,46	
63,065	0,45	
63,07	0,44	
63,075	0,44	
63,08	0,43	
63,085	0,42	
63,09	0,41	
63,095	0,41	
63,1	0,4	
63,105	0,39	
63,11	0,39	
63,115	0,37	
63,12	0,37	
63,125	0,36	
63,13	0,35	
63,135	0,34	
63,14	0,33	
63,145	0,31	
63,15	0,31	
63,155	0,3	
63,16	0,29	
63,165	0,27	
63,17	0,26	
63,175	0,25	
63,18	0,24	
63,185	0,23	
63,19	0,21	
63,195	0,21	
63,2	0,2	
63,205	0,18	
63,21	0,17	
63,215	0,15	
63,22	0,14	
63,225	0,13	
63,23	0,11	
63,235	0,1	
63,24	0,09	
63,245	0,08	
63,25	0,07	
63,255	0,05	
63,26	0,03	
63,265	0,02	
63,27	0	
63,275	-0,01	
63,28	-0,03	
63,285	-0,04	
63,29	-0,05	
63,295	-0,06	
63,3	-0,07	
63,305	-0,08	
63,31	-0,1	
63,315	-0,12	
63,32	-0,14	
63,325	-0,15	
63,33	-0,16	
63,335	-0,17	
63,34	-0,18	
63,345	-0,19	
63,35	-0,2	
63,355	-0,22	
63,36	-0,23	
63,365	-0,25	
63,37	-0,26	
63,375	-0,28	
63,38	-0,29	
63,385	-0,29	
63,39	-0,31	
63,395	-0,32	
63,4	-0,32	
63,405	-0,34	
63,41	-0,35	
63,415	-0,36	
63,42	-0,38	
63,425	-0,39	
63,43	-0,4	
63,435	-0,41	
63,44	-0,42	
63,445	-0,42	
63,45	-0,43	
63,455	-0,44	
63,46	-0,45	
63,465	-0,46	
63,47	-0,47	
63,475	-0,48	
63,48	-0,49	
63,485	-0,49	
63,49	-0,5	
63,495	-0,5	
63,5	-0,51	
63,505	-0,51	
63,51	-0,52	
63,515	-0,52	
63,52	-0,53	
63,525	-0,53	
63,53	-0,54	
63,535	-0,54	
63,54	-0,54	
63,545	-0,55	
63,55	-0,55	
63,555	-0,56	
63,56	-0,56	
63,565	-0,56	
63,57	-0,56	
63,575	-0,56	
63,58	-0,56	
63,585	-0,56	
63,59	-0,56	
63,595	-0,56	
63,6	-0,56	
63,605	-0,56	
63,61	-0,56	
63,615	-0,56	
63,62	-0,55	
63,625	-0,55	
63,63	-0,54	
63,635	-0,54	
63,64	-0,54	
63,645	-0,54	
63,65	-0,53	
63,655	-0,53	
63,66	-0,53	
63,665	-0,52	
63,67	-0,51	
63,675	-0,51	
63,68	-0,5	
63,685	-0,49	
63,69	-0,48	
63,695	-0,48	
63,7	-0,47	
63,705	-0,47	
63,71	-0,46	
63,715	-0,45	
63,72	-0,44	
63,725	-0,43	
63,73	-0,41	
63,735	-0,41	
63,74	-0,4	
63,745	-0,39	
63,75	-0,38	
63,755	-0,37	
63,76	-0,36	
63,765	-0,35	
63,77	-0,33	
63,775	-0,32	
63,78	-0,31	
63,785	-0,29	
63,79	-0,28	
63,795	-0,27	
63,8	-0,26	
63,805	-0,25	
63,81	-0,24	
63,815	-0,23	
63,82	-0,21	
63,825	-0,19	
63,83	-0,18	
63,835	-0,16	
63,84	-0,15	
63,845	-0,13	
63,85	-0,13	
63,855	-0,12	
63,86	-0,1	
63,865	-0,09	
63,87	-0,07	
63,875	-0,05	
63,88	-0,04	
63,885	-0,02	
63,89	0	
63,895	0,01	
63,9	0,02	
63,905	0,04	
63,91	0,05	
63,915	0,07	
63,92	0,08	
63,925	0,1	
63,93	0,11	
63,935	0,13	
63,94	0,15	
63,945	0,16	
63,95	0,17	
63,955	0,18	
63,96	0,19	
63,965	0,21	
63,97	0,22	
63,975	0,24	
63,98	0,26	
63,985	0,27	
63,99	0,28	
63,995	0,29	
64,0	0,3	
64,005	0,31	
64,01	0,32	
64,015	0,34	
64,02	0,35	
64,025	0,37	
64,03	0,38	
64,035	0,39	
64,04	0,39	
64,045	0,4	
64,05	0,42	
64,055	0,42	
64,06	0,44	
64,065	0,45	
64,07	0,46	
64,075	0,47	
64,08	0,48	
64,085	0,48	
64,09	0,49	
64,095	0,49	
64,1	0,5	
64,105	0,51	
64,11	0,52	
64,115	0,53	
64,12	0,54	
64,125	0,54	
64,13	0,55	
64,135	0,54	
64,14	0,55	
64,145	0,55	
64,15	0,56	
64,155	0,56	
64,16	0,57	
64,165	0,58	
64,17	0,58	
64,175	0,58	
64,18	0,58	
64,185	0,58	
64,19	0,58	
64,195	0,58	
64,2	0,58	
64,205	0,59	
64,21	0,59	
64,215	0,59	
64,22	0,59	
64,225	0,59	
64,23	0,58	
64,235	0,57	
64,24	0,57	
64,245	0,57	
64,25	0,57	
64,255	0,57	
64,26	0,57	
64,265	0,56	
64,27	0,56	
64,275	0,55	
64,28	0,54	
64,285	0,53	
64,29	0,52	
64,295	0,52	
64,3	0,51	
64,305	0,5	
64,31	0,5	
64,315	0,49	
64,32	0,49	
64,325	0,48	
64,33	0,47	
64,335	0,46	
64,34	0,45	
64,345	0,44	
64,35	0,43	
64,355	0,42	
64,36	0,41	
64,365	0,4	
64,37	0,39	
64,375	0,38	
64,38	0,37	
64,385	0,36	
64,39	0,34	
64,395	0,32	
64,4	0,31	
64,405	0,3	
64,41	0,29	
64,415	0,28	
64,42	0,27	
64,425	0,26	
64,43	0,24	
64,435	0,22	
64,44	0,21	
64,445	0,2	
64,45	0,18	
64,455	0,17	
64,46	0,16	
64,465	0,14	
64,47	0,13	
64,475	0,12	
64,48	0,1	
64,485	0,08	
64,49	0,07	
64,495	0,05	
64,5	0,04	
64,505	0,03	
64,51	0,01	
64,515	0	
64,52	-0,02	
64,525	-0,03	
64,53	-0,05	
64,535	-0,07	
64,54	-0,08	
64,545	-0,09	
64,55	-0,11	
64,555	-0,12	
64,56	-0,14	
64,565	-0,15	
64,57	-0,16	
64,575	-0,19	
64,58	-0,2	
64,585	-0,21	
64,59	-0,22	
64,595	-0,23	
64,6	-0,25	
64,605	-0,26	
64,61	-0,28	
64,615	-0,29	
64,62	-0,31	
64,625	-0,32	
64,63	-0,33	
64,635	-0,34	
64,64	-0,35	
64,645	-0,36	
64,65	-0,37	
64,655	-0,38	
64,66	-0,39	
64,665	-0,41	
64,67	-0,43	
64,675	-0,44	
64,68	-0,44	
64,685	-0,45	
64,69	-0,45	
64,695	-0,46	
64,7	-0,47	
64,705	-0,47	
64,71	-0,49	
64,715	-0,5	
64,72	-0,51	
64,725	-0,51	
64,73	-0,52	
64,735	-0,52	
64,74	-0,53	
64,745	-0,53	
64,75	-0,53	
64,755	-0,54	
64,76	-0,55	
64,765	-0,55	
64,77	-0,56	
64,775	-0,57	
64,78	-0,57	
64,785	-0,57	
64,79	-0,57	
64,795	-0,56	
64,8	-0,57	
64,805	-0,57	
64,81	-0,58	
64,815	-0,58	
64,82	-0,58	
64,825	-0,58	
64,83	-0,58	
64,835	-0,58	
64,84	-0,57	
64,845	-0,57	
64,85	-0,57	
64,855	-0,57	
64,86	-0,56	
64,865	-0,56	
64,87	-0,56	
64,875	-0,56	
64,88	-0,56	
64,885	-0,55	
64,89	-0,54	
64,895	-0,54	
64,9	-0,53	
64,905	-0,53	
64,91	-0,52	
64,915	-0,52	
64,92	-0,51	
64,925	-0,5	
64,93	-0,49	
64,935	-0,48	
64,94	-0,47	
64,945	-0,46	
64,95	-0,46	
64,955	-0,45	
64,96	-0,44	
64,965	-0,43	
64,97	-0,42	
64,975	-0,41	
64,98	-0,4	
64,985	-0,38	
64,99	-0,37	
64,995	-0,37	
65,0	-0,36	
65,005	-0,35	
65,01	-0,34	
65,015	-0,33	
65,02	-0,32	
65,025	-0,3	
65,03	-0,28	
65,035	-0,27	
65,04	-0,26	
65,045	-0,25	
65,05	-0,24	
65,055	-0,23	
65,06	-0,21	
65,065	-0,19	
65,07	-0,18	
65,075	-0,16	
65,08	-0,15	
65,085	-0,13	
65,09	-0,12	
65,095	-0,11	
65,1	-0,1	
65,105	-0,09	
65,11	-0,07	
65,115	-0,06	
65,12	-0,04	
65,125	-0,02	
65,13	0	
65,135	0,01	
65,14	0,02	
65,145	0,03	
65,15	0,04	
65,155	0,05	
65,16	0,07	
65,165	0,09	
65,17	0,11	
65,175	0,12	
65,18	0,13	
65,185	0,15	
65,19	0,16	
65,195	0,17	
65,2	0,18	
65,205	0,19	
65,21	0,21	
65,215	0,22	
65,22	0,24	
65,225	0,25	
65,23	0,26	
65,235	0,27	
65,24	0,28	
65,245	0,29	
65,25	0,3	
65,255	0,32	
65,26	0,33	
65,265	0,35	
65,27	0,36	
65,275	0,37	
65,28	0,38	
65,285	0,38	
65,29	0,39	
65,295	0,4	
65,3	0,41	
65,305	0,42	
65,31	0,43	
65,315	0,44	
65,32	0,44	
65,325	0,45	
65,33	0,46	
65,335	0,47	
65,34	0,47	
65,345	0,48	
65,35	0,49	
65,355	0,49	
65,36	0,5	
65,365	0,5	
65,37	0,51	
65,375	0,51	
65,38	0,52	
65,385	0,52	
65,39	0,53	
65,395	0,53	
65,4	0,53	
65,405	0,53	
65,41	0,53	
65,415	0,54	
65,42	0,54	
65,425	0,54	
65,43	0,54	
65,435	0,54	
65,44	0,54	
65,445	0,54	
65,45	0,54	
65,455	0,53	
65,46	0,53	
65,465	0,54	
65,47	0,53	
65,475	0,53	
65,48	0,53	
65,485	0,52	
65,49	0,52	
65,495	0,51	
65,5	0,51	
65,505	0,51	
65,51	0,5	
65,515	0,5	
65,52	0,49	
65,525	0,49	
65,53	0,48	
65,535	0,47	
65,54	0,46	
65,545	0,46	
65,55	0,45	
65,555	0,45	
65,56	0,44	
65,565	0,43	
65,57	0,43	
65,575	0,42	
65,58	0,41	
65,585	0,4	
65,59	0,39	
65,595	0,38	
65,6	0,37	
65,605	0,36	
65,61	0,35	
65,615	0,34	
65,62	0,33	
65,625	0,31	
65,63	0,3	
65,635	0,29	
65,64	0,28	
65,645	0,27	
65,65	0,26	
65,655	0,25	
65,66	0,24	
65,665	0,23	
65,67	0,21	
65,675	0,2	
65,68	0,19	
65,685	0,18	
65,69	0,16	
65,695	0,15	
65,7	0,14	
65,705	0,13	
65,71	0,11	
65,715	0,1	
65,72	0,09	
65,725	0,08	
65,73	0,06	
65,735	0,05	
65,74	0,04	
65,745	0,02	
65,75	0,01	
65,755	-0,01	
65,76	-0,02	
65,765	-0,03	
65,77	-0,05	
65,775	-0,06	
65,78	-0,07	
65,785	-0,08	
65,79	-0,09	
65,795	-0,1	
65,8	-0,12	
65,805	-0,13	
65,81	-0,15	
65,815	-0,16	
65,82	-0,17	
65,825	-0,18	
65,83	-0,19	
65,835	-0,2	
65,84	-0,21	
65,845	-0,23	
65,85	-0,24	
65,855	-0,25	
65,86	-0,25	
65,865	-0,26	
65,87	-0,27	
65,875	-0,28	
65,88	-0,29	
65,885	-0,3	
65,89	-0,31	
65,895	-0,32	
65,9	-0,33	
65,905	-0,34	
65,91	-0,35	
65,915	-0,36	
65,92	-0,37	
65,925	-0,37	
65,93	-0,38	
65,935	-0,39	
65,94	-0,4	
65,945	-0,4	
65,95	-0,41	
65,955	-0,41	
65,96	-0,42	
65,965	-0,43	
65,97	-0,43	
65,975	-0,44	
65,98	-0,44	
65,985	-0,44	
65,99	-0,44	
65,995	-0,45	
66,0	-0,45	
66,005	-0,46	
66,01	-0,46	
66,015	-0,46	
66,02	-0,47	
66,025	-0,47	
66,03	-0,46	
66,035	-0,46	
66,04	-0,46	
66,045	-0,46	
66,05	-0,47	
66,055	-0,47	
66,06	-0,47	
66,065	-0,47	
66,07	-0,47	
66,075	-0,47	
66,08	-0,47	
66,085	-0,46	
66,09	-0,46	
66,095	-0,46	
66,1	-0,46	
66,105	-0,46	
66,11	-0,45	
66,115	-0,45	
66,12	-0,45	
66,125	-0,44	
66,13	-0,44	
66,135	-0,43	
66,14	-0,42	
66,145	-0,42	
66,15	-0,41	
66,155	-0,41	
66,16	-0,41	
66,165	-0,4	
66,17	-0,4	
66,175	-0,39	
66,18	-0,38	
66,185	-0,37	
66,19	-0,36	
66,195	-0,35	
66,2	-0,34	
66,205	-0,34	
66,21	-0,33	
66,215	-0,32	
66,22	-0,32	
66,225	-0,31	
66,23	-0,3	
66,235	-0,29	
66,24	-0,28	
66,245	-0,27	
66,25	-0,26	
66,255	-0,25	
66,26	-0,24	
66,265	-0,23	
66,27	-0,23	
66,275	-0,22	
66,28	-0,21	
66,285	-0,2	
66,29	-0,19	
66,295	-0,18	
66,3	-0,16	
66,305	-0,15	
66,31	-0,14	
66,315	-0,13	
66,32	-0,12	
66,325	-0,11	
66,33	-0,1	
66,335	-0,09	
66,34	-0,08	
66,345	-0,07	
66,35	-0,06	
66,355	-0,04	
66,36	-0,03	
66,365	-0,02	
66,37	-0,01	
66,375	0	
66,38	0,01	
66,385	0,02	
66,39	0,03	
66,395	0,04	
66,4	0,05	
66,405	0,06	
66,41	0,07	
66,415	0,08	
66,42	0,09	
66,425	0,11	
66,43	0,11	
66,435	0,12	
66,44	0,14	
66,445	0,15	
66,45	0,16	
66,455	0,16	
66,46	0,17	
66,465	0,18	
66,47	0,19	
66,475	0,2	
66,48	0,21	
66,485	0,22	
66,49	0,22	
66,495	0,23	
66,5	0,24	
66,505	0,25	
66,51	0,25	
66,515	0,26	
66,52	0,27	
66,525	0,28	
66,53	0,29	
66,535	0,29	
66,54	0,3	
66,545	0,3	
66,55	0,31	
66,555	0,31	
66,56	0,31	
66,565	0,32	
66,57	0,33	
66,575	0,34	
66,58	0,34	
66,585	0,35	
66,59	0,35	
66,595	0,35	
66,6	0,35	
66,605	0,35	
66,61	0,35	
66,615	0,36	
66,62	0,37	
66,625	0,37	
66,63	0,38	
66,635	0,38	
66,64	0,38	
66,645	0,38	
66,65	0,38	
66,655	0,38	
66,66	0,38	
66,665	0,38	
66,67	0,38	
66,675	0,39	
66,68	0,39	
66,685	0,39	
66,69	0,38	
66,695	0,38	
66,7	0,37	
66,705	0,37	
66,71	0,37	
66,715	0,37	
66,72	0,37	
66,725	0,36	
66,73	0,36	
66,735	0,36	
66,74	0,36	
66,745	0,35	
66,75	0,35	
66,755	0,34	
66,76	0,34	
66,765	0,34	
66,77	0,33	
66,775	0,33	
66,78	0,33	
66,785	0,32	
66,79	0,31	
66,795	0,31	
66,8	0,3	
66,805	0,3	
66,81	0,29	
66,815	0,29	
66,82	0,28	
66,825	0,27	
66,83	0,26	
66,835	0,26	
66,84	0,25	
66,845	0,24	
66,85	0,24	
66,855	0,24	
66,86	0,23	
66,865	0,22	
66,87	0,21	
66,875	0,2	
66,88	0,19	
66,885	0,18	
66,89	0,17	
66,895	0,16	
66,9	0,16	
66,905	0,16	
66,91	0,15	
66,915	0,14	
66,92	0,13	
66,925	0,12	
66,93	0,11	
66,935	0,1	
66,94	0,09	
66,945	0,09	
66,95	0,08	
66,955	0,07	
66,96	0,07	
66,965	0,06	
66,97	0,05	
66,975	0,04	
66,98	0,03	
66,985	0,02	
66,99	0,01	
66,995	0,01	
67,0	0	
67,005	-0,01	
67,01	-0,01	
67,015	-0,02	
67,02	-0,03	
67,025	-0,04	
67,03	-0,05	
67,035	-0,06	
67,04	-0,07	
67,045	-0,08	
67,05	-0,08	
67,055	-0,08	
67,06	-0,09	
67,065	-0,1	
67,07	-0,1	
67,075	-0,11	
67,08	-0,12	
67,085	-0,13	
67,09	-0,14	
67,095	-0,14	
67,1	-0,15	
67,105	-0,15	
67,11	-0,16	
67,115	-0,16	
67,12	-0,17	
67,125	-0,18	
67,13	-0,19	
67,135	-0,19	
67,14	-0,2	
67,145	-0,2	
67,15	-0,2	
67,155	-0,2	
67,16	-0,21	
67,165	-0,21	
67,17	-0,22	
67,175	-0,23	
67,18	-0,23	
67,185	-0,23	
67,19	-0,23	
67,195	-0,24	
67,2	-0,24	
67,205	-0,24	
67,21	-0,25	
67,215	-0,25	
67,22	-0,25	
67,225	-0,25	
67,23	-0,25	
67,235	-0,25	
67,24	-0,25	
67,245	-0,26	
67,25	-0,26	
67,255	-0,26	
67,26	-0,27	
67,265	-0,27	
67,27	-0,27	
67,275	-0,27	
67,28	-0,27	
67,285	-0,27	
67,29	-0,27	
67,295	-0,27	
67,3	-0,27	
67,305	-0,27	
67,31	-0,27	
67,315	-0,27	
67,32	-0,27	
67,325	-0,27	
67,33	-0,26	
67,335	-0,26	
67,34	-0,26	
67,345	-0,25	
67,35	-0,25	
67,355	-0,25	
67,36	-0,24	
67,365	-0,24	
67,37	-0,24	
67,375	-0,24	
67,38	-0,24	
67,385	-0,23	
67,39	-0,23	
67,395	-0,23	
67,4	-0,23	
67,405	-0,22	
67,41	-0,22	
67,415	-0,22	
67,42	-0,21	
67,425	-0,21	
67,43	-0,2	
67,435	-0,2	
67,44	-0,19	
67,445	-0,19	
67,45	-0,18	
67,455	-0,18	
67,46	-0,18	
67,465	-0,17	
67,47	-0,17	
67,475	-0,16	
67,48	-0,16	
67,485	-0,15	
67,49	-0,15	
67,495	-0,14	
67,5	-0,14	
67,505	-0,13	
67,51	-0,13	
67,515	-0,12	
67,52	-0,12	
67,525	-0,12	
67,53	-0,11	
67,535	-0,1	
67,54	-0,09	
67,545	-0,09	
67,55	-0,08	
67,555	-0,08	
67,56	-0,07	
67,565	-0,07	
67,57	-0,06	
67,575	-0,06	
67,58	-0,05	
67,585	-0,05	
67,59	-0,04	
67,595	-0,04	
67,6	-0,04	
67,605	-0,03	
67,61	-0,03	
67,615	-0,02	
67,62	-0,01	
67,625	0	
67,63	0	
67,635	0,01	
67,64	0,01	
67,645	0,02	
67,65	0,02	
67,655	0,02	
67,66	0,03	
67,665	0,03	
67,67	0,04	
67,675	0,04	
67,68	0,04	
67,685	0,05	
67,69	0,05	
67,695	0,06	
67,7	0,06	
67,705	0,06	
67,71	0,07	
67,715	0,07	
67,72	0,08	
67,725	0,08	
67,73	0,09	
67,735	0,09	
67,74	0,1	
67,745	0,1	
67,75	0,1	
67,755	0,1	
67,76	0,1	
67,765	0,11	
67,77	0,11	
67,775	0,11	
67,78	0,11	
67,785	0,12	
67,79	0,12	
67,795	0,12	
67,8	0,12	
67,805	0,12	
67,81	0,12	
67,815	0,13	
67,82	0,13	
67,825	0,13	
67,83	0,14	
67,835	0,14	
67,84	0,14	
67,845	0,13	
67,85	0,13	
67,855	0,14	
67,86	0,14	
67,865	0,14	
67,87	0,14	
67,875	0,14	
67,88	0,14	
67,885	0,14	
67,89	0,14	
67,895	0,14	
67,9	0,14	
67,905	0,14	
67,91	0,14	
67,915	0,14	
67,92	0,14	
67,925	0,14	
67,93	0,14	
67,935	0,14	
67,94	0,14	
67,945	0,14	
67,95	0,13	
67,955	0,13	
67,96	0,13	
67,965	0,13	
67,97	0,13	
67,975	0,13	
67,98	0,13	
67,985	0,13	
67,99	0,13	
67,995	0,12	
68,0	0,12	
68,005	0,12	
68,01	0,12	
68,015	0,12	
68,02	0,12	
68,025	0,12	
68,03	0,12	
68,035	0,11	
68,04	0,11	
68,045	0,11	
68,05	0,1	
68,055	0,1	
68,06	0,1	
68,065	0,1	
68,07	0,1	
68,075	0,1	
68,08	0,09	
68,085	0,09	
68,09	0,08	
68,095	0,08	
68,1	0,08	
68,105	0,08	
68,11	0,08	
68,115	0,07	
68,12	0,07	
68,125	0,07	
68,13	0,07	
68,135	0,07	
68,14	0,06	
68,145	0,06	
68,15	0,06	
68,155	0,06	
68,16	0,06	
68,165	0,06	
68,17	0,05	
68,175	0,05	
68,18	0,05	
68,185	0,04	
68,19	0,04	
68,195	0,04	
68,2	0,04	
68,205	0,04	
68,21	0,04	
68,215	0,04	
68,22	0,04	
68,225	0,04	
68,23	0,03	
68,235	0,03	
68,24	0,03	
68,245	0,02	
68,25	0,02	
68,255	0,02	
68,26	0,02	
68,265	0,02	
68,27	0,01	
68,275	0,01	
68,28	0,01	
68,285	0,01	
68,29	0,01	
68,295	0,01	
68,3	0,01	
68,305	0,01	
68,31	0,01	
68,315	0	
68,32	0	
68,325	0	
68,33	0	
68,335	0	
68,34	0	
68,345	0	
68,35	0	
68,355	0	
68,36	0	
68,365	0	
68,37	-0,01	
68,375	-0,01	
68,38	-0,01	
68,385	-0,01	
68,39	-0,01	
68,395	-0,01	
68,4	-0,01	
68,405	-0,01	
68,41	-0,01	
68,415	-0,01	
68,42	-0,01	
68,425	-0,01	
68,43	-0,01	
68,435	-0,01	
68,44	-0,01	
68,445	-0,01	
68,45	-0,01	
68,455	-0,01	
68,46	-0,01	
68,465	-0,01	
68,47	-0,01	
68,475	-0,01	
68,48	-0,01	
68,485	-0,01	
68,49	-0,01	
68,495	-0,01	
68,5	-0,01	
68,505	-0,01	
68,51	-0,01	
68,515	-0,01	
68,52	-0,01	
68,525	-0,01	
68,53	-0,01	
68,535	-0,01	
68,54	-0,01	
68,545	-0,01	
68,55	-0,01	
68,555	-0,01	
68,56	-0,01	
68,565	-0,01	
68,57	-0,01	
68,575	-0,01	
68,58	-0,01	
68,585	-0,01	
68,59	-0,01	
68,595	-0,01	
68,6	-0,01	
68,605	-0,01	
68,61	-0,01	
68,615	-0,01	
68,62	0	
68,625	-0,01	
68,63	0	
68,635	0	
68,64	0	
68,645	0	
68,65	0	
68,655	0	
68,66	0	
68,665	0	
68,67	0	
68,675	0	
68,68	0	
68,685	-0,01	
68,69	-0,01	
68,695	-0,01	
68,7	-0,01	
68,705	-0,01	
68,71	-0,01	
68,715	-0,01	
68,72	-0,01	
68,725	-0,01	
68,73	-0,01	
68,735	-0,01	
68,74	-0,01	
68,745	-0,01	
68,75	-0,01	
68,755	-0,01	
68,76	-0,02	
68,765	-0,02	
68,77	-0,02	
68,775	-0,02	
68,78	-0,02	
68,785	-0,02	
68,79	-0,02	
68,795	-0,02	
68,8	-0,02	
68,805	-0,03	
68,81	-0,03	
68,815	-0,03	
68,82	-0,03	
68,825	-0,03	
68,83	-0,03	
68,835	-0,03	
68,84	-0,03	
68,845	-0,03	
68,85	-0,04	
68,855	-0,04	
68,86	-0,05	
68,865	-0,05	
68,87	-0,05	
68,875	-0,05	
68,88	-0,05	
68,885	-0,05	
68,89	-0,05	
68,895	-0,05	
68,9	-0,05	
68,905	-0,05	
68,91	-0,06	
68,915	-0,06	
68,92	-0,07	
68,925	-0,07	
68,93	-0,07	
68,935	-0,07	
68,94	-0,07	
68,945	-0,08	
68,95	-0,08	
68,955	-0,08	
68,96	-0,08	
68,965	-0,09	
68,97	-0,09	
68,975	-0,09	
68,98	-0,09	
68,985	-0,09	
68,99	-0,09	
68,995	-0,09	
69,0	-0,09	
69,005	-0,09	
69,01	-0,1	
69,015	-0,1	
69,02	-0,1	
69,025	-0,1	
69,03	-0,1	
69,035	-0,11	
69,04	-0,11	
69,045	-0,11	
69,05	-0,11	
69,055	-0,11	
69,06	-0,11	
69,065	-0,11	
69,07	-0,12	
69,075	-0,12	
69,08	-0,12	
69,085	-0,12	
69,09	-0,12	
69,095	-0,12	
69,1	-0,12	
69,105	-0,12	
69,11	-0,12	
69,115	-0,13	
69,12	-0,12	
69,125	-0,12	
69,13	-0,13	
69,135	-0,12	
69,14	-0,12	
69,145	-0,12	
69,15	-0,13	
69,155	-0,12	
69,16	-0,12	
69,165	-0,12	
69,17	-0,12	
69,175	-0,12	
69,18	-0,12	
69,185	-0,12	
69,19	-0,13	
69,195	-0,12	
69,2	-0,12	
69,205	-0,12	
69,21	-0,12	
69,215	-0,12	
69,22	-0,12	
69,225	-0,12	
69,23	-0,12	
69,235	-0,12	
69,24	-0,12	
69,245	-0,12	
69,25	-0,11	
69,255	-0,11	
69,26	-0,11	
69,265	-0,1	
69,27	-0,1	
69,275	-0,1	
69,28	-0,09	
69,285	-0,09	
69,29	-0,09	
69,295	-0,09	
69,3	-0,08	
69,305	-0,08	
69,31	-0,08	
69,315	-0,08	
69,32	-0,07	
69,325	-0,07	
69,33	-0,07	
69,335	-0,06	
69,34	-0,06	
69,345	-0,06	
69,35	-0,06	
69,355	-0,05	
69,36	-0,05	
69,365	-0,05	
69,37	-0,04	
69,375	-0,04	
69,38	-0,03	
69,385	-0,03	
69,39	-0,02	
69,395	-0,02	
69,4	-0,02	
69,405	-0,01	
69,41	-0,01	
69,415	0	
69,42	0	
69,425	0,01	
69,43	0,02	
69,435	0,02	
69,44	0,03	
69,445	0,03	
69,45	0,03	
69,455	0,03	
69,46	0,04	
69,465	0,05	
69,47	0,06	
69,475	0,06	
69,48	0,07	
69,485	0,07	
69,49	0,08	
69,495	0,08	
69,5	0,08	
69,505	0,09	
69,51	0,09	
69,515	0,1	
69,52	0,1	
69,525	0,11	
69,53	0,11	
69,535	0,12	
69,54	0,12	
69,545	0,13	
69,55	0,13	
69,555	0,13	
69,56	0,14	
69,565	0,14	
69,57	0,15	
69,575	0,15	
69,58	0,16	
69,585	0,16	
69,59	0,17	
69,595	0,17	
69,6	0,18	
69,605	0,18	
69,61	0,18	
69,615	0,19	
69,62	0,19	
69,625	0,2	
69,63	0,2	
69,635	0,21	
69,64	0,21	
69,645	0,21	
69,65	0,21	
69,655	0,21	
69,66	0,22	
69,665	0,22	
69,67	0,22	
69,675	0,23	
69,68	0,23	
69,685	0,23	
69,69	0,24	
69,695	0,24	
69,7	0,24	
69,705	0,24	
69,71	0,24	
69,715	0,24	
69,72	0,24	
69,725	0,25	
69,73	0,25	
69,735	0,24	
69,74	0,24	
69,745	0,25	
69,75	0,25	
69,755	0,25	
69,76	0,25	
69,765	0,25	
69,77	0,25	
69,775	0,25	
69,78	0,25	
69,785	0,25	
69,79	0,25	
69,795	0,25	
69,8	0,25	
69,805	0,25	
69,81	0,25	
69,815	0,24	
69,82	0,24	
69,825	0,24	
69,83	0,23	
69,835	0,23	
69,84	0,23	
69,845	0,23	
69,85	0,22	
69,855	0,22	
69,86	0,22	
69,865	0,21	
69,87	0,21	
69,875	0,21	
69,88	0,2	
69,885	0,2	
69,89	0,2	
69,895	0,19	
69,9	0,19	
69,905	0,19	
69,91	0,18	
69,915	0,18	
69,92	0,17	
69,925	0,16	
69,93	0,16	
69,935	0,15	
69,94	0,15	
69,945	0,14	
69,95	0,13	
69,955	0,13	
69,96	0,12	
69,965	0,12	
69,97	0,11	
69,975	0,1	
69,98	0,1	
69,985	0,09	
69,99	0,08	
69,995	0,08	
70,0	0,07	
70,005	0,06	
70,01	0,06	
70,015	0,05	
70,02	0,04	
70,025	0,03	
70,03	0,03	
70,035	0,02	
70,04	0,01	
70,045	0	
70,05	0	
70,055	-0,01	
70,06	-0,02	
70,065	-0,03	
70,07	-0,04	
70,075	-0,04	
70,08	-0,05	
70,085	-0,06	
70,09	-0,07	
70,095	-0,08	
70,1	-0,08	
70,105	-0,09	
70,11	-0,1	
70,115	-0,11	
70,12	-0,11	
70,125	-0,12	
70,13	-0,13	
70,135	-0,14	
70,14	-0,15	
70,145	-0,15	
70,15	-0,16	
70,155	-0,17	
70,16	-0,18	
70,165	-0,18	
70,17	-0,19	
70,175	-0,2	
70,18	-0,2	
70,185	-0,21	
70,19	-0,22	
70,195	-0,22	
70,2	-0,23	
70,205	-0,24	
70,21	-0,25	
70,215	-0,26	
70,22	-0,26	
70,225	-0,27	
70,23	-0,27	
70,235	-0,27	
70,24	-0,28	
70,245	-0,28	
70,25	-0,29	
70,255	-0,29	
70,26	-0,3	
70,265	-0,3	
70,27	-0,31	
70,275	-0,31	
70,28	-0,32	
70,285	-0,32	
70,29	-0,33	
70,295	-0,33	
70,3	-0,33	
70,305	-0,34	
70,31	-0,34	
70,315	-0,34	
70,32	-0,34	
70,325	-0,35	
70,33	-0,35	
70,335	-0,35	
70,34	-0,35	
70,345	-0,36	
70,35	-0,36	
70,355	-0,36	
70,36	-0,36	
70,365	-0,36	
70,37	-0,36	
70,375	-0,37	
70,38	-0,37	
70,385	-0,36	
70,39	-0,36	
70,395	-0,36	
70,4	-0,35	
70,405	-0,35	
70,41	-0,35	
70,415	-0,35	
70,42	-0,35	
70,425	-0,35	
70,43	-0,35	
70,435	-0,35	
70,44	-0,34	
70,445	-0,34	
70,45	-0,33	
70,455	-0,33	
70,46	-0,32	
70,465	-0,32	
70,47	-0,32	
70,475	-0,31	
70,48	-0,31	
70,485	-0,31	
70,49	-0,3	
70,495	-0,3	
70,5	-0,29	
70,505	-0,29	
70,51	-0,28	
70,515	-0,28	
70,52	-0,27	
70,525	-0,26	
70,53	-0,26	
70,535	-0,25	
70,54	-0,24	
70,545	-0,23	
70,55	-0,22	
70,555	-0,22	
70,56	-0,21	
70,565	-0,2	
70,57	-0,19	
70,575	-0,19	
70,58	-0,17	
70,585	-0,16	
70,59	-0,15	
70,595	-0,15	
70,6	-0,14	
70,605	-0,13	
70,61	-0,13	
70,615	-0,12	
70,62	-0,1	
70,625	-0,09	
70,63	-0,08	
70,635	-0,07	
70,64	-0,06	
70,645	-0,05	
70,65	-0,04	
70,655	-0,03	
70,66	-0,02	
70,665	-0,02	
70,67	0	
70,675	0,01	
70,68	0,02	
70,685	0,03	
70,69	0,04	
70,695	0,04	
70,7	0,05	
70,705	0,06	
70,71	0,07	
70,715	0,09	
70,72	0,1	
70,725	0,12	
70,73	0,13	
70,735	0,14	
70,74	0,15	
70,745	0,15	
70,75	0,16	
70,755	0,17	
70,76	0,18	
70,765	0,19	
70,77	0,2	
70,775	0,22	
70,78	0,23	
70,785	0,23	
70,79	0,24	
70,795	0,25	
70,8	0,26	
70,805	0,27	
70,81	0,28	
70,815	0,28	
70,82	0,3	
70,825	0,31	
70,83	0,31	
70,835	0,32	
70,84	0,33	
70,845	0,33	
70,85	0,34	
70,855	0,34	
70,86	0,35	
70,865	0,36	
70,87	0,37	
70,875	0,38	
70,88	0,39	
70,885	0,39	
70,89	0,4	
70,895	0,4	
70,9	0,41	
70,905	0,41	
70,91	0,41	
70,915	0,41	
70,92	0,42	
70,925	0,42	
70,93	0,43	
70,935	0,43	
70,94	0,44	
70,945	0,44	
70,95	0,44	
70,955	0,44	
70,96	0,44	
70,965	0,45	
70,97	0,45	
70,975	0,45	
70,98	0,45	
70,985	0,45	
70,99	0,45	
70,995	0,45	
71,0	0,45	
71,005	0,45	
71,01	0,45	
71,015	0,45	
71,02	0,45	
71,025	0,44	
71,03	0,44	
71,035	0,44	
71,04	0,44	
71,045	0,44	
71,05	0,43	
71,055	0,43	
71,06	0,43	
71,065	0,43	
71,07	0,42	
71,075	0,42	
71,08	0,41	
71,085	0,4	
71,09	0,4	
71,095	0,39	
71,1	0,39	
71,105	0,38	
71,11	0,38	
71,115	0,37	
71,12	0,37	
71,125	0,36	
71,13	0,35	
71,135	0,34	
71,14	0,33	
71,145	0,32	
71,15	0,32	
71,155	0,31	
71,16	0,3	
71,165	0,29	
71,17	0,27	
71,175	0,26	
71,18	0,25	
71,185	0,25	
71,19	0,24	
71,195	0,23	
71,2	0,22	
71,205	0,21	
71,21	0,2	
71,215	0,18	
71,22	0,17	
71,225	0,16	
71,23	0,15	
71,235	0,14	
71,24	0,12	
71,245	0,11	
71,25	0,1	
71,255	0,09	
71,26	0,08	
71,265	0,07	
71,27	0,06	
71,275	0,04	
71,28	0,03	
71,285	0,02	
71,29	0,01	
71,295	-0,01	
71,3	-0,02	
71,305	-0,03	
71,31	-0,05	
71,315	-0,06	
71,32	-0,07	
71,325	-0,07	
71,33	-0,09	
71,335	-0,1	
71,34	-0,12	
71,345	-0,13	
71,35	-0,14	
71,355	-0,16	
71,36	-0,17	
71,365	-0,18	
71,37	-0,19	
71,375	-0,2	
71,38	-0,21	
71,385	-0,22	
71,39	-0,24	
71,395	-0,25	
71,4	-0,27	
71,405	-0,27	
71,41	-0,28	
71,415	-0,29	
71,42	-0,3	
71,425	-0,31	
71,43	-0,32	
71,435	-0,33	
71,44	-0,34	
71,445	-0,36	
71,45	-0,36	
71,455	-0,38	
71,46	-0,38	
71,465	-0,39	
71,47	-0,4	
71,475	-0,4	
71,48	-0,41	
71,485	-0,42	
71,49	-0,43	
71,495	-0,43	
71,5	-0,44	
71,505	-0,45	
71,51	-0,46	
71,515	-0,46	
71,52	-0,47	
71,525	-0,47	
71,53	-0,48	
71,535	-0,48	
71,54	-0,49	
71,545	-0,49	
71,55	-0,49	
71,555	-0,5	
71,56	-0,5	
71,565	-0,5	
71,57	-0,51	
71,575	-0,51	
71,58	-0,51	
71,585	-0,52	
71,59	-0,52	
71,595	-0,52	
71,6	-0,51	
71,605	-0,51	
71,61	-0,52	
71,615	-0,51	
71,62	-0,51	
71,625	-0,52	
71,63	-0,52	
71,635	-0,51	
71,64	-0,51	
71,645	-0,51	
71,65	-0,51	
71,655	-0,5	
71,66	-0,5	
71,665	-0,5	
71,67	-0,5	
71,675	-0,49	
71,68	-0,49	
71,685	-0,48	
71,69	-0,47	
71,695	-0,47	
71,7	-0,46	
71,705	-0,45	
71,71	-0,45	
71,715	-0,44	
71,72	-0,44	
71,725	-0,44	
71,73	-0,43	
71,735	-0,42	
71,74	-0,41	
71,745	-0,4	
71,75	-0,39	
71,755	-0,38	
71,76	-0,37	
71,765	-0,36	
71,77	-0,35	
71,775	-0,34	
71,78	-0,34	
71,785	-0,33	
71,79	-0,31	
71,795	-0,3	
71,8	-0,29	
71,805	-0,28	
71,81	-0,27	
71,815	-0,26	
71,82	-0,25	
71,825	-0,24	
71,83	-0,23	
71,835	-0,21	
71,84	-0,2	
71,845	-0,19	
71,85	-0,17	
71,855	-0,15	
71,86	-0,14	
71,865	-0,13	
71,87	-0,12	
71,875	-0,11	
71,88	-0,1	
71,885	-0,08	
71,89	-0,07	
71,895	-0,06	
71,9	-0,03	
71,905	-0,02	
71,91	-0,01	
71,915	0	
71,92	0,02	
71,925	0,03	
71,93	0,04	
71,935	0,05	
71,94	0,07	
71,945	0,09	
71,95	0,1	
71,955	0,12	
71,96	0,13	
71,965	0,14	
71,97	0,16	
71,975	0,17	
71,98	0,18	
71,985	0,19	
71,99	0,21	
71,995	0,22	
72,0	0,23	
72,005	0,25	
72,01	0,26	
72,015	0,27	
72,02	0,28	
72,025	0,29	
72,03	0,31	
72,035	0,32	
72,04	0,34	
72,045	0,35	
72,05	0,35	
72,055	0,36	
72,06	0,37	
72,065	0,38	
72,07	0,39	
72,075	0,4	
72,08	0,41	
72,085	0,42	
72,09	0,43	
72,095	0,44	
72,1	0,45	
72,105	0,45	
72,11	0,46	
72,115	0,47	
72,12	0,47	
72,125	0,48	
72,13	0,49	
72,135	0,5	
72,14	0,5	
72,145	0,51	
72,15	0,51	
72,155	0,52	
72,16	0,52	
72,165	0,53	
72,17	0,53	
72,175	0,54	
72,18	0,54	
72,185	0,54	
72,19	0,54	
72,195	0,55	
72,2	0,55	
72,205	0,55	
72,21	0,55	
72,215	0,56	
72,22	0,56	
72,225	0,56	
72,23	0,56	
72,235	0,56	
72,24	0,56	
72,245	0,55	
72,25	0,55	
72,255	0,55	
72,26	0,55	
72,265	0,54	
72,27	0,54	
72,275	0,54	
72,28	0,54	
72,285	0,54	
72,29	0,53	
72,295	0,52	
72,3	0,52	
72,305	0,51	
72,31	0,5	
72,315	0,5	
72,32	0,49	
72,325	0,49	
72,33	0,48	
72,335	0,47	
72,34	0,47	
72,345	0,46	
72,35	0,45	
72,355	0,44	
72,36	0,43	
72,365	0,42	
72,37	0,41	
72,375	0,4	
72,38	0,39	
72,385	0,38	
72,39	0,37	
72,395	0,36	
72,4	0,35	
72,405	0,34	
72,41	0,33	
72,415	0,31	
72,42	0,3	
72,425	0,29	
72,43	0,28	
72,435	0,27	
72,44	0,26	
72,445	0,24	
72,45	0,23	
72,455	0,22	
72,46	0,2	
72,465	0,19	
72,47	0,18	
72,475	0,17	
72,48	0,15	
72,485	0,14	
72,49	0,12	
72,495	0,11	
72,5	0,1	
72,505	0,08	
72,51	0,07	
72,515	0,06	
72,52	0,04	
72,525	0,03	
72,53	0,01	
72,535	-0,01	
72,54	-0,02	
72,545	-0,04	
72,55	-0,05	
72,555	-0,06	
72,56	-0,08	
72,565	-0,09	
72,57	-0,1	
72,575	-0,12	
72,58	-0,14	
72,585	-0,15	
72,59	-0,17	
72,595	-0,18	
72,6	-0,19	
72,605	-0,2	
72,61	-0,21	
72,615	-0,22	
72,62	-0,23	
72,625	-0,25	
72,63	-0,27	
72,635	-0,28	
72,64	-0,3	
72,645	-0,31	
72,65	-0,32	
72,655	-0,32	
72,66	-0,33	
72,665	-0,34	
72,67	-0,35	
72,675	-0,37	
72,68	-0,38	
72,685	-0,39	
72,69	-0,4	
72,695	-0,41	
72,7	-0,42	
72,705	-0,43	
72,71	-0,44	
72,715	-0,44	
72,72	-0,45	
72,725	-0,46	
72,73	-0,47	
72,735	-0,48	
72,74	-0,49	
72,745	-0,5	
72,75	-0,5	
72,755	-0,51	
72,76	-0,51	
72,765	-0,52	
72,77	-0,52	
72,775	-0,53	
72,78	-0,53	
72,785	-0,54	
72,79	-0,55	
72,795	-0,55	
72,8	-0,55	
72,805	-0,56	
72,81	-0,56	
72,815	-0,55	
72,82	-0,56	
72,825	-0,56	
72,83	-0,56	
72,835	-0,56	
72,84	-0,56	
72,845	-0,57	
72,85	-0,57	
72,855	-0,56	
72,86	-0,56	
72,865	-0,56	
72,87	-0,56	
72,875	-0,56	
72,88	-0,55	
72,885	-0,55	
72,89	-0,55	
72,895	-0,55	
72,9	-0,54	
72,905	-0,54	
72,91	-0,53	
72,915	-0,52	
72,92	-0,52	
72,925	-0,51	
72,93	-0,51	
72,935	-0,5	
72,94	-0,5	
72,945	-0,49	
72,95	-0,48	
72,955	-0,48	
72,96	-0,47	
72,965	-0,46	
72,97	-0,45	
72,975	-0,44	
72,98	-0,43	
72,985	-0,42	
72,99	-0,41	
72,995	-0,4	
73,0	-0,39	
73,005	-0,38	
73,01	-0,37	
73,015	-0,36	
73,02	-0,35	
73,025	-0,34	
73,03	-0,33	
73,035	-0,31	
73,04	-0,3	
73,045	-0,29	
73,05	-0,28	
73,055	-0,27	
73,06	-0,26	
73,065	-0,25	
73,07	-0,23	
73,075	-0,23	
73,08	-0,21	
73,085	-0,19	
73,09	-0,18	
73,095	-0,16	
73,1	-0,15	
73,105	-0,13	
73,11	-0,12	
73,115	-0,11	
73,12	-0,1	
73,125	-0,09	
73,13	-0,06	
73,135	-0,05	
73,14	-0,03	
73,145	-0,02	
73,15	0	
73,155	0,01	
73,16	0,02	
73,165	0,03	
73,17	0,04	
73,175	0,06	
73,18	0,07	
73,185	0,09	
73,19	0,1	
73,195	0,12	
73,2	0,13	
73,205	0,15	
73,21	0,16	
73,215	0,17	
73,22	0,19	
73,225	0,2	
73,23	0,21	
73,235	0,22	
73,24	0,23	
73,245	0,25	
73,25	0,26	
73,255	0,27	
73,26	0,28	
73,265	0,3	
73,27	0,31	
73,275	0,32	
73,28	0,33	
73,285	0,34	
73,29	0,35	
73,295	0,36	
73,3	0,37	
73,305	0,38	
73,31	0,39	
73,315	0,4	
73,32	0,41	
73,325	0,42	
73,33	0,43	
73,335	0,43	
73,34	0,45	
73,345	0,45	
73,35	0,46	
73,355	0,47	
73,36	0,47	
73,365	0,48	
73,37	0,48	
73,375	0,49	
73,38	0,49	
73,385	0,5	
73,39	0,5	
73,395	0,51	
73,4	0,51	
73,405	0,52	
73,41	0,53	
73,415	0,53	
73,42	0,53	
73,425	0,53	
73,43	0,53	
73,435	0,54	
73,44	0,54	
73,445	0,54	
73,45	0,54	
73,455	0,54	
73,46	0,54	
73,465	0,54	
73,47	0,54	
73,475	0,54	
73,48	0,54	
73,485	0,54	
73,49	0,54	
73,495	0,53	
73,5	0,53	
73,505	0,53	
73,51	0,52	
73,515	0,52	
73,52	0,52	
73,525	0,51	
73,53	0,51	
73,535	0,51	
73,54	0,5	
73,545	0,49	
73,55	0,49	
73,555	0,48	
73,56	0,47	
73,565	0,47	
73,57	0,46	
73,575	0,45	
73,58	0,45	
73,585	0,44	
73,59	0,43	
73,595	0,42	
73,6	0,41	
73,605	0,4	
73,61	0,39	
73,615	0,38	
73,62	0,38	
73,625	0,37	
73,63	0,35	
73,635	0,34	
73,64	0,34	
73,645	0,32	
73,65	0,31	
73,655	0,3	
73,66	0,29	
73,665	0,28	
73,67	0,27	
73,675	0,25	
73,68	0,24	
73,685	0,23	
73,69	0,22	
73,695	0,21	
73,7	0,19	
73,705	0,18	
73,71	0,17	
73,715	0,15	
73,72	0,14	
73,725	0,13	
73,73	0,12	
73,735	0,11	
73,74	0,09	
73,745	0,08	
73,75	0,07	
73,755	0,06	
73,76	0,04	
73,765	0,02	
73,77	0,01	
73,775	0	
73,78	-0,02	
73,785	-0,03	
73,79	-0,04	
73,795	-0,06	
73,8	-0,06	
73,805	-0,08	
73,81	-0,1	
73,815	-0,11	
73,82	-0,12	
73,825	-0,13	
73,83	-0,14	
73,835	-0,16	
73,84	-0,17	
73,845	-0,18	
73,85	-0,19	
73,855	-0,21	
73,86	-0,21	
73,865	-0,23	
73,87	-0,24	
73,875	-0,25	
73,88	-0,26	
73,885	-0,27	
73,89	-0,29	
73,895	-0,3	
73,9	-0,31	
73,905	-0,32	
73,91	-0,33	
73,915	-0,33	
73,92	-0,34	
73,925	-0,35	
73,93	-0,36	
73,935	-0,37	
73,94	-0,38	
73,945	-0,39	
73,95	-0,39	
73,955	-0,4	
73,96	-0,4	
73,965	-0,41	
73,97	-0,42	
73,975	-0,43	
73,98	-0,43	
73,985	-0,44	
73,99	-0,45	
73,995	-0,46	
74,0	-0,46	
74,005	-0,46	
74,01	-0,46	
74,015	-0,47	
74,02	-0,47	
74,025	-0,47	
74,03	-0,48	
74,035	-0,48	
74,04	-0,49	
74,045	-0,49	
74,05	-0,49	
74,055	-0,49	
74,06	-0,49	
74,065	-0,49	
74,07	-0,49	
74,075	-0,49	
74,08	-0,49	
74,085	-0,49	
74,09	-0,49	
74,095	-0,49	
74,1	-0,49	
74,105	-0,48	
74,11	-0,48	
74,115	-0,48	
74,12	-0,47	
74,125	-0,47	
74,13	-0,47	
74,135	-0,47	
74,14	-0,46	
74,145	-0,46	
74,15	-0,46	
74,155	-0,45	
74,16	-0,45	
74,165	-0,44	
74,17	-0,44	
74,175	-0,43	
74,18	-0,42	
74,185	-0,42	
74,19	-0,41	
74,195	-0,4	
74,2	-0,4	
74,205	-0,39	
74,21	-0,38	
74,215	-0,38	
74,22	-0,36	
74,225	-0,36	
74,23	-0,35	
74,235	-0,34	
74,24	-0,33	
74,245	-0,32	
74,25	-0,32	
74,255	-0,31	
74,26	-0,3	
74,265	-0,29	
74,27	-0,28	
74,275	-0,27	
74,28	-0,25	
74,285	-0,25	
74,29	-0,24	
74,295	-0,23	
74,3	-0,22	
74,305	-0,21	
74,31	-0,19	
74,315	-0,18	
74,32	-0,17	
74,325	-0,16	
74,33	-0,15	
74,335	-0,14	
74,34	-0,13	
74,345	-0,12	
74,35	-0,11	
74,355	-0,09	
74,36	-0,08	
74,365	-0,07	
74,37	-0,06	
74,375	-0,04	
74,38	-0,03	
74,385	-0,02	
74,39	-0,01	
74,395	0	
74,4	0,01	
74,405	0,03	
74,41	0,04	
74,415	0,05	
74,42	0,06	
74,425	0,07	
74,43	0,08	
74,435	0,09	
74,44	0,1	
74,445	0,11	
74,45	0,12	
74,455	0,13	
74,46	0,14	
74,465	0,15	
74,47	0,16	
74,475	0,17	
74,48	0,18	
74,485	0,19	
74,49	0,2	
74,495	0,21	
74,5	0,22	
74,505	0,23	
74,51	0,24	
74,515	0,25	
74,52	0,26	
74,525	0,27	
74,53	0,28	
74,535	0,29	
74,54	0,29	
74,545	0,3	
74,55	0,3	
74,555	0,31	
74,56	0,32	
74,565	0,33	
74,57	0,33	
74,575	0,34	
74,58	0,34	
74,585	0,35	
74,59	0,35	
74,595	0,36	
74,6	0,36	
74,605	0,37	
74,61	0,38	
74,615	0,38	
74,62	0,39	
74,625	0,39	
74,63	0,4	
74,635	0,4	
74,64	0,4	
74,645	0,4	
74,65	0,41	
74,655	0,41	
74,66	0,41	
74,665	0,41	
74,67	0,42	
74,675	0,41	
74,68	0,41	
74,685	0,41	
74,69	0,41	
74,695	0,41	
74,7	0,41	
74,705	0,41	
74,71	0,41	
74,715	0,41	
74,72	0,41	
74,725	0,41	
74,73	0,41	
74,735	0,4	
74,74	0,4	
74,745	0,4	
74,75	0,4	
74,755	0,39	
74,76	0,39	
74,765	0,39	
74,77	0,39	
74,775	0,38	
74,78	0,37	
74,785	0,36	
74,79	0,36	
74,795	0,35	
74,8	0,35	
74,805	0,35	
74,81	0,34	
74,815	0,34	
74,82	0,33	
74,825	0,33	
74,83	0,32	
74,835	0,31	
74,84	0,3	
74,845	0,3	
74,85	0,29	
74,855	0,29	
74,86	0,28	
74,865	0,27	
74,87	0,26	
74,875	0,25	
74,88	0,24	
74,885	0,23	
74,89	0,23	
74,895	0,22	
74,9	0,21	
74,905	0,2	
74,91	0,19	
74,915	0,19	
74,92	0,18	
74,925	0,17	
74,93	0,16	
74,935	0,15	
74,94	0,14	
74,945	0,13	
74,95	0,12	
74,955	0,12	
74,96	0,11	
74,965	0,1	
74,97	0,09	
74,975	0,08	
74,98	0,07	
74,985	0,06	
74,99	0,05	
74,995	0,04	
75,0	0,03	
75,005	0,02	
75,01	0,02	
75,015	0,01	
75,02	-0,01	
75,025	-0,02	
75,03	-0,03	
75,035	-0,04	
75,04	-0,05	
75,045	-0,05	
75,05	-0,06	
75,055	-0,07	
75,06	-0,08	
75,065	-0,09	
75,07	-0,09	
75,075	-0,1	
75,08	-0,11	
75,085	-0,12	
75,09	-0,13	
75,095	-0,13	
75,1	-0,14	
75,105	-0,15	
75,11	-0,16	
75,115	-0,17	
75,12	-0,18	
75,125	-0,18	
75,13	-0,19	
75,135	-0,2	
75,14	-0,2	
75,145	-0,2	
75,15	-0,21	
75,155	-0,21	
75,16	-0,22	
75,165	-0,23	
75,17	-0,24	
75,175	-0,25	
75,18	-0,25	
75,185	-0,26	
75,19	-0,26	
75,195	-0,26	
75,2	-0,26	
75,205	-0,27	
75,21	-0,27	
75,215	-0,28	
75,22	-0,29	
75,225	-0,29	
75,23	-0,3	
75,235	-0,3	
75,24	-0,3	
75,245	-0,3	
75,25	-0,3	
75,255	-0,3	
75,26	-0,3	
75,265	-0,31	
75,27	-0,31	
75,275	-0,31	
75,28	-0,31	
75,285	-0,31	
75,29	-0,31	
75,295	-0,31	
75,3	-0,31	
75,305	-0,31	
75,31	-0,32	
75,315	-0,32	
75,32	-0,31	
75,325	-0,31	
75,33	-0,31	
75,335	-0,31	
75,34	-0,3	
75,345	-0,3	
75,35	-0,3	
75,355	-0,3	
75,36	-0,3	
75,365	-0,3	
75,37	-0,3	
75,375	-0,3	
75,38	-0,29	
75,385	-0,29	
75,39	-0,28	
75,395	-0,28	
75,4	-0,28	
75,405	-0,28	
75,41	-0,28	
75,415	-0,27	
75,42	-0,27	
75,425	-0,27	
75,43	-0,26	
75,435	-0,25	
75,44	-0,25	
75,445	-0,24	
75,45	-0,23	
75,455	-0,23	
75,46	-0,23	
75,465	-0,23	
75,47	-0,22	
75,475	-0,21	
75,48	-0,2	
75,485	-0,2	
75,49	-0,19	
75,495	-0,19	
75,5	-0,19	
75,505	-0,18	
75,51	-0,18	
75,515	-0,17	
75,52	-0,16	
75,525	-0,15	
75,53	-0,14	
75,535	-0,14	
75,54	-0,13	
75,545	-0,13	
75,55	-0,13	
75,555	-0,12	
75,56	-0,11	
75,565	-0,1	
75,57	-0,09	
75,575	-0,09	
75,58	-0,08	
75,585	-0,07	
75,59	-0,07	
75,595	-0,07	
75,6	-0,06	
75,605	-0,06	
75,61	-0,05	
75,615	-0,04	
75,62	-0,03	
75,625	-0,02	
75,63	-0,01	
75,635	0	
75,64	0	
75,645	0,01	
75,65	0,01	
75,655	0,02	
75,66	0,02	
75,665	0,03	
75,67	0,03	
75,675	0,05	
75,68	0,05	
75,685	0,06	
75,69	0,06	
75,695	0,07	
75,7	0,07	
75,705	0,07	
75,71	0,08	
75,715	0,08	
75,72	0,09	
75,725	0,1	
75,73	0,1	
75,735	0,11	
75,74	0,11	
75,745	0,12	
75,75	0,12	
75,755	0,12	
75,76	0,12	
75,765	0,13	
75,77	0,14	
75,775	0,14	
75,78	0,15	
75,785	0,15	
75,79	0,15	
75,795	0,16	
75,8	0,16	
75,805	0,16	
75,81	0,17	
75,815	0,17	
75,82	0,17	
75,825	0,17	
75,83	0,18	
75,835	0,18	
75,84	0,18	
75,845	0,18	
75,85	0,18	
75,855	0,19	
75,86	0,19	
75,865	0,19	
75,87	0,2	
75,875	0,2	
75,88	0,2	
75,885	0,2	
75,89	0,2	
75,895	0,2	
75,9	0,2	
75,905	0,2	
75,91	0,2	
75,915	0,2	
75,92	0,2	
75,925	0,19	
75,93	0,19	
75,935	0,19	
75,94	0,19	
75,945	0,19	
75,95	0,19	
75,955	0,19	
75,96	0,19	
75,965	0,19	
75,97	0,19	
75,975	0,19	
75,98	0,19	
75,985	0,18	
75,99	0,18	
75,995	0,18	
76,0	0,18	
76,005	0,18	
76,01	0,18	
76,015	0,18	
76,02	0,18	
76,025	0,17	
76,03	0,17	
76,035	0,16	
76,04	0,16	
76,045	0,16	
76,05	0,16	
76,055	0,16	
76,06	0,16	
76,065	0,16	
76,07	0,15	
76,075	0,15	
76,08	0,15	
76,085	0,14	
76,09	0,13	
76,095	0,13	
76,1	0,13	
76,105	0,12	
76,11	0,12	
76,115	0,12	
76,12	0,12	
76,125	0,11	
76,13	0,1	
76,135	0,1	
76,14	0,1	
76,145	0,09	
76,15	0,09	
76,155	0,09	
76,16	0,09	
76,165	0,08	
76,17	0,08	
76,175	0,08	
76,18	0,07	
76,185	0,07	
76,19	0,06	
76,195	0,06	
76,2	0,06	
76,205	0,06	
76,21	0,05	
76,215	0,05	
76,22	0,05	
76,225	0,04	
76,23	0,04	
76,235	0,03	
76,24	0,03	
76,245	0,02	
76,25	0,02	
76,255	0,02	
76,26	0,01	
76,265	0,01	
76,27	0,01	
76,275	0	
76,28	0	
76,285	0	
76,29	-0,01	
76,295	-0,01	
76,3	-0,01	
76,305	-0,01	
76,31	-0,01	
76,315	-0,02	
76,32	-0,02	
76,325	-0,02	
76,33	-0,03	
76,335	-0,03	
76,34	-0,03	
76,345	-0,03	
76,35	-0,03	
76,355	-0,03	
76,36	-0,04	
76,365	-0,04	
76,37	-0,04	
76,375	-0,04	
76,38	-0,04	
76,385	-0,05	
76,39	-0,05	
76,395	-0,05	
76,4	-0,05	
76,405	-0,05	
76,41	-0,06	
76,415	-0,06	
76,42	-0,06	
76,425	-0,06	
76,43	-0,06	
76,435	-0,06	
76,44	-0,06	
76,445	-0,06	
76,45	-0,06	
76,455	-0,06	
76,46	-0,06	
76,465	-0,07	
76,47	-0,07	
76,475	-0,07	
76,48	-0,07	
76,485	-0,07	
76,49	-0,07	
76,495	-0,07	
76,5	-0,07	
76,505	-0,07	
76,51	-0,07	
76,515	-0,07	
76,52	-0,07	
76,525	-0,07	
76,53	-0,07	
76,535	-0,07	
76,54	-0,07	
76,545	-0,07	
76,55	-0,07	
76,555	-0,07	
76,56	-0,07	
76,565	-0,07	
76,57	-0,07	
76,575	-0,07	
76,58	-0,07	
76,585	-0,07	
76,59	-0,07	
76,595	-0,06	
76,6	-0,06	
76,605	-0,06	
76,61	-0,06	
76,615	-0,06	
76,62	-0,06	
76,625	-0,06	
76,63	-0,06	
76,635	-0,06	
76,64	-0,06	
76,645	-0,06	
76,65	-0,06	
76,655	-0,06	
76,66	-0,05	
76,665	-0,06	
76,67	-0,06	
76,675	-0,06	
76,68	-0,06	
76,685	-0,05	
76,69	-0,05	
76,695	-0,05	
76,7	-0,05	
76,705	-0,04	
76,71	-0,04	
76,715	-0,04	
76,72	-0,04	
76,725	-0,04	
76,73	-0,04	
76,735	-0,05	
76,74	-0,05	
76,745	-0,05	
76,75	-0,05	
76,755	-0,04	
76,76	-0,04	
76,765	-0,04	
76,77	-0,04	
76,775	-0,04	
76,78	-0,04	
76,785	-0,04	
76,79	-0,04	
76,795	-0,04	
76,8	-0,04	
76,805	-0,03	
76,81	-0,03	
76,815	-0,03	
76,82	-0,04	
76,825	-0,03	
76,83	-0,03	
76,835	-0,03	
76,84	-0,03	
76,845	-0,03	
76,85	-0,03	
76,855	-0,03	
76,86	-0,03	
76,865	-0,03	
76,87	-0,03	
76,875	-0,03	
76,88	-0,03	
76,885	-0,03	
76,89	-0,03	
76,895	-0,03	
76,9	-0,03	
76,905	-0,03	
76,91	-0,03	
76,915	-0,03	
76,92	-0,03	
76,925	-0,03	
76,93	-0,03	
76,935	-0,03	
76,94	-0,03	
76,945	-0,03	
76,95	-0,03	
76,955	-0,03	
76,96	-0,03	
76,965	-0,03	
76,97	-0,03	
76,975	-0,03	
76,98	-0,03	
76,985	-0,03	
76,99	-0,03	
76,995	-0,04	
77,0	-0,04	
77,005	-0,04	
77,01	-0,05	
77,015	-0,05	
77,02	-0,05	
77,025	-0,05	
77,03	-0,04	
77,035	-0,04	
77,04	-0,04	
77,045	-0,04	
77,05	-0,05	
77,055	-0,05	
77,06	-0,05	
77,065	-0,05	
77,07	-0,05	
77,075	-0,05	
77,08	-0,05	
77,085	-0,05	
77,09	-0,05	
77,095	-0,05	
77,1	-0,05	
77,105	-0,05	
77,11	-0,06	
77,115	-0,06	
77,12	-0,06	
77,125	-0,06	
77,13	-0,06	
77,135	-0,06	
77,14	-0,06	
77,145	-0,06	
77,15	-0,06	
77,155	-0,06	
77,16	-0,06	
77,165	-0,07	
77,17	-0,07	
77,175	-0,06	
77,18	-0,06	
77,185	-0,06	
77,19	-0,06	
77,195	-0,06	
77,2	-0,06	
77,205	-0,06	
77,21	-0,06	
77,215	-0,06	
77,22	-0,06	
77,225	-0,06	
77,23	-0,06	
77,235	-0,06	
77,24	-0,06	
77,245	-0,05	
77,25	-0,06	
77,255	-0,06	
77,26	-0,06	
77,265	-0,06	
77,27	-0,06	
77,275	-0,06	
77,28	-0,05	
77,285	-0,05	
77,29	-0,05	
77,295	-0,05	
77,3	-0,04	
77,305	-0,04	
77,31	-0,04	
77,315	-0,04	
77,32	-0,04	
77,325	-0,04	
77,33	-0,04	
77,335	-0,04	
77,34	-0,04	
77,345	-0,04	
77,35	-0,03	
77,355	-0,03	
77,36	-0,03	
77,365	-0,02	
77,37	-0,02	
77,375	-0,02	
77,38	-0,02	
77,385	-0,02	
77,39	-0,01	
77,395	-0,01	
77,4	-0,01	
77,405	0	
77,41	0	
77,415	0,01	
77,42	0,01	
77,425	0,01	
77,43	0,01	
77,435	0,01	
77,44	0,01	
77,445	0,01	
77,45	0,02	
77,455	0,02	
77,46	0,03	
77,465	0,03	
77,47	0,03	
77,475	0,03	
77,48	0,03	
77,485	0,04	
77,49	0,04	
77,495	0,05	
77,5	0,05	
77,505	0,05	
77,51	0,06	
77,515	0,06	
77,52	0,07	
77,525	0,07	
77,53	0,07	
77,535	0,07	
77,54	0,07	
77,545	0,08	
77,55	0,08	
77,555	0,09	
77,56	0,09	
77,565	0,09	
77,57	0,1	
77,575	0,1	
77,58	0,1	
77,585	0,1	
77,59	0,11	
77,595	0,11	
77,6	0,11	
77,605	0,11	
77,61	0,12	
77,615	0,12	
77,62	0,12	
77,625	0,13	
77,63	0,13	
77,635	0,13	
77,64	0,13	
77,645	0,14	
77,65	0,14	
77,655	0,14	
77,66	0,15	
77,665	0,15	
77,67	0,16	
77,675	0,16	
77,68	0,16	
77,685	0,16	
77,69	0,16	
77,695	0,16	
77,7	0,16	
77,705	0,17	
77,71	0,17	
77,715	0,17	
77,72	0,17	
77,725	0,18	
77,73	0,18	
77,735	0,18	
77,74	0,18	
77,745	0,18	
77,75	0,18	
77,755	0,18	
77,76	0,18	
77,765	0,18	
77,77	0,18	
77,775	0,18	
77,78	0,18	
77,785	0,19	
77,79	0,19	
77,795	0,18	
77,8	0,18	
77,805	0,18	
77,81	0,18	
77,815	0,18	
77,82	0,18	
77,825	0,18	
77,83	0,18	
77,835	0,18	
77,84	0,18	
77,845	0,18	
77,85	0,17	
77,855	0,17	
77,86	0,17	
77,865	0,17	
77,87	0,16	
77,875	0,17	
77,88	0,16	
77,885	0,16	
77,89	0,16	
77,895	0,16	
77,9	0,15	
77,905	0,15	
77,91	0,14	
77,915	0,14	
77,92	0,14	
77,925	0,13	
77,93	0,13	
77,935	0,13	
77,94	0,13	
77,945	0,12	
77,95	0,12	
77,955	0,11	
77,96	0,11	
77,965	0,11	
77,97	0,1	
77,975	0,1	
77,98	0,09	
77,985	0,09	
77,99	0,08	
77,995	0,08	
78,0	0,07	
78,005	0,07	
78,01	0,06	
78,015	0,06	
78,02	0,05	
78,025	0,05	
78,03	0,04	
78,035	0,03	
78,04	0,03	
78,045	0,02	
78,05	0,02	
78,055	0,01	
78,06	0,01	
78,065	0	
78,07	-0,01	
78,075	-0,01	
78,08	-0,02	
78,085	-0,03	
78,09	-0,04	
78,095	-0,04	
78,1	-0,04	
78,105	-0,05	
78,11	-0,05	
78,115	-0,06	
78,12	-0,07	
78,125	-0,08	
78,13	-0,08	
78,135	-0,09	
78,14	-0,1	
78,145	-0,1	
78,15	-0,1	
78,155	-0,11	
78,16	-0,12	
78,165	-0,12	
78,17	-0,13	
78,175	-0,14	
78,18	-0,15	
78,185	-0,15	
78,19	-0,16	
78,195	-0,16	
78,2	-0,17	
78,205	-0,17	
78,21	-0,18	
78,215	-0,18	
78,22	-0,19	
78,225	-0,19	
78,23	-0,2	
78,235	-0,2	
78,24	-0,21	
78,245	-0,21	
78,25	-0,22	
78,255	-0,22	
78,26	-0,23	
78,265	-0,23	
78,27	-0,23	
78,275	-0,24	
78,28	-0,24	
78,285	-0,24	
78,29	-0,25	
78,295	-0,25	
78,3	-0,26	
78,305	-0,26	
78,31	-0,27	
78,315	-0,27	
78,32	-0,27	
78,325	-0,28	
78,33	-0,28	
78,335	-0,28	
78,34	-0,28	
78,345	-0,28	
78,35	-0,28	
78,355	-0,29	
78,36	-0,29	
78,365	-0,29	
78,37	-0,29	
78,375	-0,29	
78,38	-0,29	
78,385	-0,29	
78,39	-0,29	
78,395	-0,3	
78,4	-0,3	
78,405	-0,3	
78,41	-0,3	
78,415	-0,3	
78,42	-0,3	
78,425	-0,29	
78,43	-0,29	
78,435	-0,3	
78,44	-0,29	
78,445	-0,29	
78,45	-0,29	
78,455	-0,29	
78,46	-0,29	
78,465	-0,29	
78,47	-0,29	
78,475	-0,28	
78,48	-0,28	
78,485	-0,27	
78,49	-0,27	
78,495	-0,26	
78,5	-0,26	
78,505	-0,26	
78,51	-0,25	
78,515	-0,25	
78,52	-0,24	
78,525	-0,24	
78,53	-0,24	
78,535	-0,23	
78,54	-0,23	
78,545	-0,22	
78,55	-0,21	
78,555	-0,2	
78,56	-0,2	
78,565	-0,19	
78,57	-0,19	
78,575	-0,18	
78,58	-0,18	
78,585	-0,17	
78,59	-0,16	
78,595	-0,15	
78,6	-0,15	
78,605	-0,14	
78,61	-0,14	
78,615	-0,13	
78,62	-0,12	
78,625	-0,11	
78,63	-0,1	
78,635	-0,09	
78,64	-0,08	
78,645	-0,07	
78,65	-0,07	
78,655	-0,06	
78,66	-0,05	
78,665	-0,04	
78,67	-0,04	
78,675	-0,03	
78,68	-0,02	
78,685	-0,01	
78,69	0	
78,695	0,01	
78,7	0,02	
78,705	0,03	
78,71	0,03	
78,715	0,04	
78,72	0,05	
78,725	0,06	
78,73	0,07	
78,735	0,08	
78,74	0,09	
78,745	0,1	
78,75	0,11	
78,755	0,12	
78,76	0,13	
78,765	0,13	
78,77	0,14	
78,775	0,15	
78,78	0,16	
78,785	0,16	
78,79	0,18	
78,795	0,18	
78,8	0,19	
78,805	0,2	
78,81	0,21	
78,815	0,22	
78,82	0,22	
78,825	0,23	
78,83	0,24	
78,835	0,25	
78,84	0,25	
78,845	0,26	
78,85	0,27	
78,855	0,27	
78,86	0,28	
78,865	0,29	
78,87	0,29	
78,875	0,3	
78,88	0,31	
78,885	0,31	
78,89	0,32	
78,895	0,32	
78,9	0,33	
78,905	0,33	
78,91	0,34	
78,915	0,35	
78,92	0,35	
78,925	0,36	
78,93	0,36	
78,935	0,36	
78,94	0,36	
78,945	0,36	
78,95	0,37	
78,955	0,37	
78,96	0,38	
78,965	0,38	
78,97	0,39	
78,975	0,39	
78,98	0,39	
78,985	0,39	
78,99	0,39	
78,995	0,39	
79,0	0,39	
79,005	0,39	
79,01	0,39	
79,015	0,39	
79,02	0,39	
79,025	0,39	
79,03	0,39	
79,035	0,39	
79,04	0,39	
79,045	0,39	
79,05	0,38	
79,055	0,38	
79,06	0,38	
79,065	0,38	
79,07	0,38	
79,075	0,38	
79,08	0,37	
79,085	0,37	
79,09	0,37	
79,095	0,37	
79,1	0,36	
79,105	0,36	
79,11	0,35	
79,115	0,35	
79,12	0,34	
79,125	0,34	
79,13	0,33	
79,135	0,33	
79,14	0,32	
79,145	0,31	
79,15	0,3	
79,155	0,3	
79,16	0,29	
79,165	0,28	
79,17	0,27	
79,175	0,27	
79,18	0,26	
79,185	0,25	
79,19	0,24	
79,195	0,24	
79,2	0,23	
79,205	0,22	
79,21	0,21	
79,215	0,2	
79,22	0,19	
79,225	0,18	
79,23	0,17	
79,235	0,16	
79,24	0,15	
79,245	0,15	
79,25	0,14	
79,255	0,13	
79,26	0,12	
79,265	0,11	
79,27	0,09	
79,275	0,08	
79,28	0,07	
79,285	0,06	
79,29	0,05	
79,295	0,04	
79,3	0,03	
79,305	0,02	
79,31	0,01	
79,315	-0,01	
79,32	-0,02	
79,325	-0,03	
79,33	-0,04	
79,335	-0,05	
79,34	-0,06	
79,345	-0,06	
79,35	-0,08	
79,355	-0,09	
79,36	-0,11	
79,365	-0,12	
79,37	-0,13	
79,375	-0,14	
79,38	-0,15	
79,385	-0,16	
79,39	-0,17	
79,395	-0,18	
79,4	-0,19	
79,405	-0,21	
79,41	-0,21	
79,415	-0,22	
79,42	-0,23	
79,425	-0,24	
79,43	-0,25	
79,435	-0,26	
79,44	-0,27	
79,445	-0,27	
79,45	-0,28	
79,455	-0,3	
79,46	-0,31	
79,465	-0,32	
79,47	-0,32	
79,475	-0,33	
79,48	-0,34	
79,485	-0,35	
79,49	-0,35	
79,495	-0,36	
79,5	-0,37	
79,505	-0,38	
79,51	-0,39	
79,515	-0,39	
79,52	-0,4	
79,525	-0,4	
79,53	-0,41	
79,535	-0,41	
79,54	-0,42	
79,545	-0,43	
79,55	-0,43	
79,555	-0,44	
79,56	-0,44	
79,565	-0,44	
79,57	-0,44	
79,575	-0,45	
79,58	-0,45	
79,585	-0,45	
79,59	-0,46	
79,595	-0,46	
79,6	-0,47	
79,605	-0,47	
79,61	-0,47	
79,615	-0,47	
79,62	-0,47	
79,625	-0,47	
79,63	-0,47	
79,635	-0,47	
79,64	-0,47	
79,645	-0,47	
79,65	-0,47	
79,655	-0,47	
79,66	-0,46	
79,665	-0,46	
79,67	-0,46	
79,675	-0,46	
79,68	-0,45	
79,685	-0,45	
79,69	-0,45	
79,695	-0,44	
79,7	-0,44	
79,705	-0,44	
79,71	-0,44	
79,715	-0,43	
79,72	-0,43	
79,725	-0,42	
79,73	-0,41	
79,735	-0,4	
79,74	-0,4	
79,745	-0,4	
79,75	-0,39	
79,755	-0,38	
79,76	-0,38	
79,765	-0,37	
79,77	-0,36	
79,775	-0,35	
79,78	-0,34	
79,785	-0,33	
79,79	-0,32	
79,795	-0,31	
79,8	-0,3	
79,805	-0,3	
79,81	-0,29	
79,815	-0,27	
79,82	-0,26	
79,825	-0,25	
79,83	-0,24	
79,835	-0,23	
79,84	-0,22	
79,845	-0,22	
79,85	-0,21	
79,855	-0,2	
79,86	-0,18	
79,865	-0,17	
79,87	-0,16	
79,875	-0,15	
79,88	-0,13	
79,885	-0,12	
79,89	-0,11	
79,895	-0,1	
79,9	-0,09	
79,905	-0,08	
79,91	-0,06	
79,915	-0,05	
79,92	-0,03	
79,925	-0,02	
79,93	-0,01	
79,935	0	
79,94	0,01	
79,945	0,02	
79,95	0,04	
79,955	0,05	
79,96	0,06	
79,965	0,07	
79,97	0,09	
79,975	0,1	
79,98	0,12	
79,985	0,13	
79,99	0,14	
79,995	0,15	
80,0	0,17	
80,005	0,18	
80,01	0,19	
80,015	0,2	
80,02	0,21	
80,025	0,22	
80,03	0,24	
80,035	0,25	
80,04	0,26	
80,045	0,27	
80,05	0,29	
80,055	0,29	
80,06	0,3	
80,065	0,31	
80,07	0,32	
80,075	0,33	
80,08	0,34	
80,085	0,35	
80,09	0,37	
80,095	0,37	
80,1	0,38	
80,105	0,39	
80,11	0,4	
80,115	0,41	
80,12	0,42	
80,125	0,43	
80,13	0,43	
80,135	0,44	
80,14	0,45	
80,145	0,45	
80,15	0,45	
80,155	0,46	
80,16	0,47	
80,165	0,47	
80,17	0,48	
80,175	0,49	
80,18	0,49	
80,185	0,5	
80,19	0,5	
80,195	0,5	
80,2	0,51	
80,205	0,51	
80,21	0,52	
80,215	0,52	
80,22	0,52	
80,225	0,52	
80,23	0,52	
80,235	0,52	
80,24	0,52	
80,245	0,52	
80,25	0,52	
80,255	0,52	
80,26	0,52	
80,265	0,52	
80,27	0,52	
80,275	0,52	
80,28	0,52	
80,285	0,51	
80,29	0,51	
80,295	0,51	
80,3	0,5	
80,305	0,5	
80,31	0,5	
80,315	0,49	
80,32	0,49	
80,325	0,49	
80,33	0,48	
80,335	0,47	
80,34	0,46	
80,345	0,46	
80,35	0,45	
80,355	0,45	
80,36	0,44	
80,365	0,43	
80,37	0,42	
80,375	0,42	
80,38	0,41	
80,385	0,4	
80,39	0,39	
80,395	0,38	
80,4	0,37	
80,405	0,36	
80,41	0,35	
80,415	0,34	
80,42	0,33	
80,425	0,32	
80,43	0,31	
80,435	0,3	
80,44	0,29	
80,445	0,28	
80,45	0,27	
80,455	0,25	
80,46	0,24	
80,465	0,23	
80,47	0,22	
80,475	0,21	
80,48	0,2	
80,485	0,19	
80,49	0,17	
80,495	0,16	
80,5	0,15	
80,505	0,13	
80,51	0,12	
80,515	0,11	
80,52	0,09	
80,525	0,08	
80,53	0,07	
80,535	0,05	
80,54	0,04	
80,545	0,02	
80,55	0,01	
80,555	-0,01	
80,56	-0,02	
80,565	-0,03	
80,57	-0,04	
80,575	-0,05	
80,58	-0,06	
80,585	-0,08	
80,59	-0,1	
80,595	-0,11	
80,6	-0,13	
80,605	-0,14	
80,61	-0,15	
80,615	-0,16	
80,62	-0,18	
80,625	-0,19	
80,63	-0,2	
80,635	-0,22	
80,64	-0,23	
80,645	-0,24	
80,65	-0,25	
80,655	-0,26	
80,66	-0,28	
80,665	-0,29	
80,67	-0,3	
80,675	-0,31	
80,68	-0,32	
80,685	-0,33	
80,69	-0,34	
80,695	-0,35	
80,7	-0,36	
80,705	-0,37	
80,71	-0,38	
80,715	-0,39	
80,72	-0,4	
80,725	-0,41	
80,73	-0,42	
80,735	-0,43	
80,74	-0,44	
80,745	-0,45	
80,75	-0,45	
80,755	-0,46	
80,76	-0,46	
80,765	-0,47	
80,77	-0,48	
80,775	-0,49	
80,78	-0,49	
80,785	-0,5	
80,79	-0,5	
80,795	-0,51	
80,8	-0,51	
80,805	-0,52	
80,81	-0,53	
80,815	-0,53	
80,82	-0,53	
80,825	-0,54	
80,83	-0,54	
80,835	-0,54	
80,84	-0,54	
80,845	-0,54	
80,85	-0,54	
80,855	-0,54	
80,86	-0,54	
80,865	-0,54	
80,87	-0,54	
80,875	-0,54	
80,88	-0,54	
80,885	-0,54	
80,89	-0,54	
80,895	-0,54	
80,9	-0,53	
80,905	-0,53	
80,91	-0,53	
80,915	-0,52	
80,92	-0,52	
80,925	-0,52	
80,93	-0,52	
80,935	-0,51	
80,94	-0,51	
80,945	-0,5	
80,95	-0,5	
80,955	-0,49	
80,96	-0,48	
80,965	-0,47	
80,97	-0,47	
80,975	-0,46	
80,98	-0,46	
80,985	-0,45	
80,99	-0,44	
80,995	-0,44	
81,0	-0,42	
81,005	-0,41	
81,01	-0,4	
81,015	-0,39	
81,02	-0,38	
81,025	-0,37	
81,03	-0,36	
81,035	-0,35	
81,04	-0,35	
81,045	-0,33	
81,05	-0,32	
81,055	-0,31	
81,06	-0,3	
81,065	-0,29	
81,07	-0,28	
81,075	-0,26	
81,08	-0,25	
81,085	-0,24	
81,09	-0,22	
81,095	-0,21	
81,1	-0,2	
81,105	-0,19	
81,11	-0,18	
81,115	-0,16	
81,12	-0,15	
81,125	-0,14	
81,13	-0,12	
81,135	-0,1	
81,14	-0,09	
81,145	-0,08	
81,15	-0,07	
81,155	-0,06	
81,16	-0,04	
81,165	-0,03	
81,17	-0,02	
81,175	0	
81,18	0,02	
81,185	0,03	
81,19	0,05	
81,195	0,06	
81,2	0,07	
81,205	0,08	
81,21	0,1	
81,215	0,11	
81,22	0,12	
81,225	0,13	
81,23	0,16	
81,235	0,17	
81,24	0,18	
81,245	0,19	
81,25	0,2	
81,255	0,21	
81,26	0,23	
81,265	0,24	
81,27	0,25	
81,275	0,27	
81,28	0,28	
81,285	0,29	
81,29	0,3	
81,295	0,31	
81,3	0,32	
81,305	0,33	
81,31	0,34	
81,315	0,35	
81,32	0,37	
81,325	0,37	
81,33	0,38	
81,335	0,39	
81,34	0,4	
81,345	0,41	
81,35	0,42	
81,355	0,42	
81,36	0,43	
81,365	0,44	
81,37	0,45	
81,375	0,46	
81,38	0,46	
81,385	0,47	
81,39	0,48	
81,395	0,48	
81,4	0,49	
81,405	0,5	
81,41	0,5	
81,415	0,5	
81,42	0,51	
81,425	0,51	
81,43	0,52	
81,435	0,52	
81,44	0,52	
81,445	0,52	
81,45	0,53	
81,455	0,53	
81,46	0,53	
81,465	0,53	
81,47	0,53	
81,475	0,53	
81,48	0,53	
81,485	0,54	
81,49	0,54	
81,495	0,53	
81,5	0,54	
81,505	0,54	
81,51	0,53	
81,515	0,53	
81,52	0,53	
81,525	0,52	
81,53	0,52	
81,535	0,52	
81,54	0,51	
81,545	0,51	
81,55	0,5	
81,555	0,5	
81,56	0,49	
81,565	0,48	
81,57	0,48	
81,575	0,48	
81,58	0,47	
81,585	0,47	
81,59	0,46	
81,595	0,45	
81,6	0,44	
81,605	0,43	
81,61	0,43	
81,615	0,42	
81,62	0,42	
81,625	0,41	
81,63	0,4	
81,635	0,38	
81,64	0,37	
81,645	0,36	
81,65	0,35	
81,655	0,34	
81,66	0,33	
81,665	0,32	
81,67	0,31	
81,675	0,3	
81,68	0,28	
81,685	0,27	
81,69	0,26	
81,695	0,25	
81,7	0,24	
81,705	0,23	
81,71	0,22	
81,715	0,21	
81,72	0,2	
81,725	0,18	
81,73	0,16	
81,735	0,15	
81,74	0,14	
81,745	0,13	
81,75	0,11	
81,755	0,1	
81,76	0,09	
81,765	0,08	
81,77	0,07	
81,775	0,05	
81,78	0,03	
81,785	0,02	
81,79	0,01	
81,795	0	
81,8	-0,02	
81,805	-0,03	
81,81	-0,04	
81,815	-0,05	
81,82	-0,07	
81,825	-0,08	
81,83	-0,1	
81,835	-0,11	
81,84	-0,12	
81,845	-0,13	
81,85	-0,15	
81,855	-0,16	
81,86	-0,17	
81,865	-0,19	
81,87	-0,2	
81,875	-0,21	
81,88	-0,22	
81,885	-0,23	
81,89	-0,25	
81,895	-0,26	
81,9	-0,26	
81,905	-0,27	
81,91	-0,29	
81,915	-0,3	
81,92	-0,31	
81,925	-0,32	
81,93	-0,33	
81,935	-0,34	
81,94	-0,34	
81,945	-0,35	
81,95	-0,36	
81,955	-0,37	
81,96	-0,38	
81,965	-0,39	
81,97	-0,4	
81,975	-0,4	
81,98	-0,41	
81,985	-0,42	
81,99	-0,42	
81,995	-0,43	
82,0	-0,44	
82,005	-0,44	
82,01	-0,45	
82,015	-0,46	
82,02	-0,46	
82,025	-0,47	
82,03	-0,47	
82,035	-0,47	
82,04	-0,48	
82,045	-0,48	
82,05	-0,49	
82,055	-0,49	
82,06	-0,49	
82,065	-0,49	
82,07	-0,49	
82,075	-0,5	
82,08	-0,5	
82,085	-0,5	
82,09	-0,5	
82,095	-0,5	
82,1	-0,5	
82,105	-0,5	
82,11	-0,5	
82,115	-0,5	
82,12	-0,5	
82,125	-0,5	
82,13	-0,49	
82,135	-0,49	
82,14	-0,48	
82,145	-0,48	
82,15	-0,48	
82,155	-0,48	
82,16	-0,48	
82,165	-0,47	
82,17	-0,47	
82,175	-0,46	
82,18	-0,46	
82,185	-0,45	
82,19	-0,44	
82,195	-0,44	
82,2	-0,43	
82,205	-0,43	
82,21	-0,42	
82,215	-0,42	
82,22	-0,41	
82,225	-0,4	
82,23	-0,39	
82,235	-0,38	
82,24	-0,37	
82,245	-0,36	
82,25	-0,35	
82,255	-0,35	
82,26	-0,34	
82,265	-0,33	
82,27	-0,32	
82,275	-0,31	
82,28	-0,3	
82,285	-0,29	
82,29	-0,28	
82,295	-0,27	
82,3	-0,26	
82,305	-0,25	
82,31	-0,25	
82,315	-0,24	
82,32	-0,22	
82,325	-0,21	
82,33	-0,19	
82,335	-0,18	
82,34	-0,17	
82,345	-0,16	
82,35	-0,15	
82,355	-0,14	
82,36	-0,13	
82,365	-0,11	
82,37	-0,1	
82,375	-0,09	
82,38	-0,08	
82,385	-0,07	
82,39	-0,06	
82,395	-0,05	
82,4	-0,03	
82,405	-0,02	
82,41	0	
82,415	0,01	
82,42	0,02	
82,425	0,03	
82,43	0,04	
82,435	0,05	
82,44	0,06	
82,445	0,07	
82,45	0,08	
82,455	0,1	
82,46	0,11	
82,465	0,12	
82,47	0,13	
82,475	0,14	
82,48	0,15	
82,485	0,16	
82,49	0,17	
82,495	0,18	
82,5	0,2	
82,505	0,21	
82,51	0,22	
82,515	0,22	
82,52	0,23	
82,525	0,24	
82,53	0,25	
82,535	0,26	
82,54	0,27	
82,545	0,28	
82,55	0,29	
82,555	0,3	
82,56	0,3	
82,565	0,31	
82,57	0,32	
82,575	0,32	
82,58	0,33	
82,585	0,35	
82,59	0,36	
82,595	0,36	
82,6	0,37	
82,605	0,37	
82,61	0,37	
82,615	0,38	
82,62	0,39	
82,625	0,39	
82,63	0,4	
82,635	0,4	
82,64	0,41	
82,645	0,42	
82,65	0,42	
82,655	0,42	
82,66	0,42	
82,665	0,42	
82,67	0,42	
82,675	0,43	
82,68	0,43	
82,685	0,43	
82,69	0,44	
82,695	0,44	
82,7	0,44	
82,705	0,44	
82,71	0,44	
82,715	0,44	
82,72	0,44	
82,725	0,44	
82,73	0,44	
82,735	0,44	
82,74	0,44	
82,745	0,43	
82,75	0,43	
82,755	0,43	
82,76	0,42	
82,765	0,42	
82,77	0,42	
82,775	0,41	
82,78	0,41	
82,785	0,41	
82,79	0,4	
82,795	0,4	
82,8	0,4	
82,805	0,39	
82,81	0,39	
82,815	0,38	
82,82	0,37	
82,825	0,37	
82,83	0,37	
82,835	0,36	
82,84	0,35	
82,845	0,34	
82,85	0,34	
82,855	0,33	
82,86	0,32	
82,865	0,31	
82,87	0,31	
82,875	0,3	
82,88	0,29	
82,885	0,29	
82,89	0,28	
82,895	0,27	
82,9	0,26	
82,905	0,25	
82,91	0,24	
82,915	0,23	
82,92	0,23	
82,925	0,22	
82,93	0,21	
82,935	0,2	
82,94	0,19	
82,945	0,18	
82,95	0,17	
82,955	0,16	
82,96	0,15	
82,965	0,14	
82,97	0,13	
82,975	0,12	
82,98	0,11	
82,985	0,1	
82,99	0,09	
82,995	0,08	
83,0	0,07	
83,005	0,06	
83,01	0,05	
83,015	0,04	
83,02	0,03	
83,025	0,02	
83,03	0,01	
83,035	0	
83,04	-0,01	
83,045	-0,02	
83,05	-0,03	
83,055	-0,04	
83,06	-0,05	
83,065	-0,06	
83,07	-0,07	
83,075	-0,08	
83,08	-0,09	
83,085	-0,09	
83,09	-0,1	
83,095	-0,12	
83,1	-0,13	
83,105	-0,13	
83,11	-0,14	
83,115	-0,15	
83,12	-0,16	
83,125	-0,16	
83,13	-0,17	
83,135	-0,18	
83,14	-0,19	
83,145	-0,2	
83,15	-0,21	
83,155	-0,22	
83,16	-0,22	
83,165	-0,23	
83,17	-0,24	
83,175	-0,24	
83,18	-0,25	
83,185	-0,26	
83,19	-0,27	
83,195	-0,27	
83,2	-0,28	
83,205	-0,28	
83,21	-0,29	
83,215	-0,29	
83,22	-0,3	
83,225	-0,3	
83,23	-0,3	
83,235	-0,31	
83,24	-0,32	
83,245	-0,32	
83,25	-0,32	
83,255	-0,33	
83,26	-0,33	
83,265	-0,33	
83,27	-0,34	
83,275	-0,34	
83,28	-0,34	
83,285	-0,34	
83,29	-0,35	
83,295	-0,35	
83,3	-0,35	
83,305	-0,35	
83,31	-0,35	
83,315	-0,35	
83,32	-0,35	
83,325	-0,35	
83,33	-0,34	
83,335	-0,34	
83,34	-0,35	
83,345	-0,35	
83,35	-0,35	
83,355	-0,35	
83,36	-0,35	
83,365	-0,34	
83,37	-0,34	
83,375	-0,34	
83,38	-0,34	
83,385	-0,33	
83,39	-0,33	
83,395	-0,33	
83,4	-0,33	
83,405	-0,33	
83,41	-0,32	
83,415	-0,32	
83,42	-0,31	
83,425	-0,31	
83,43	-0,3	
83,435	-0,3	
83,44	-0,3	
83,445	-0,29	
83,45	-0,29	
83,455	-0,28	
83,46	-0,28	
83,465	-0,28	
83,47	-0,27	
83,475	-0,26	
83,48	-0,26	
83,485	-0,25	
83,49	-0,25	
83,495	-0,24	
83,5	-0,23	
83,505	-0,23	
83,51	-0,22	
83,515	-0,22	
83,52	-0,21	
83,525	-0,2	
83,53	-0,2	
83,535	-0,19	
83,54	-0,18	
83,545	-0,17	
83,55	-0,16	
83,555	-0,15	
83,56	-0,15	
83,565	-0,14	
83,57	-0,13	
83,575	-0,13	
83,58	-0,12	
83,585	-0,11	
83,59	-0,1	
83,595	-0,09	
83,6	-0,08	
83,605	-0,08	
83,61	-0,07	
83,615	-0,06	
83,62	-0,06	
83,625	-0,05	
83,63	-0,05	
83,635	-0,04	
83,64	-0,03	
83,645	-0,02	
83,65	-0,01	
83,655	0	
83,66	0,01	
83,665	0,01	
83,67	0,02	
83,675	0,02	
83,68	0,03	
83,685	0,04	
83,69	0,05	
83,695	0,05	
83,7	0,07	
83,705	0,07	
83,71	0,08	
83,715	0,08	
83,72	0,09	
83,725	0,09	
83,73	0,1	
83,735	0,11	
83,74	0,11	
83,745	0,12	
83,75	0,13	
83,755	0,14	
83,76	0,14	
83,765	0,15	
83,77	0,15	
83,775	0,16	
83,78	0,16	
83,785	0,16	
83,79	0,17	
83,795	0,17	
83,8	0,18	
83,805	0,19	
83,81	0,19	
83,815	0,2	
83,82	0,2	
83,825	0,21	
83,83	0,21	
83,835	0,21	
83,84	0,21	
83,845	0,21	
83,85	0,21	
83,855	0,22	
83,86	0,22	
83,865	0,23	
83,87	0,23	
83,875	0,23	
83,88	0,23	
83,885	0,23	
83,89	0,24	
83,895	0,24	
83,9	0,24	
83,905	0,25	
83,91	0,25	
83,915	0,25	
83,92	0,25	
83,925	0,25	
83,93	0,25	
83,935	0,24	
83,94	0,24	
83,945	0,24	
83,95	0,24	
83,955	0,24	
83,96	0,24	
83,965	0,24	
83,97	0,24	
83,975	0,24	
83,98	0,24	
83,985	0,24	
83,99	0,24	
83,995	0,24	
84,0	0,24	
84,005	0,23	
84,01	0,23	
84,015	0,23	
84,02	0,23	
84,025	0,23	
84,03	0,23	
84,035	0,23	
84,04	0,23	
84,045	0,22	
84,05	0,22	
84,055	0,21	
84,06	0,21	
84,065	0,21	
84,07	0,2	
84,075	0,2	
84,08	0,19	
84,085	0,19	
84,09	0,19	
84,095	0,18	
84,1	0,18	
84,105	0,17	
84,11	0,17	
84,115	0,16	
84,12	0,16	
84,125	0,16	
84,13	0,15	
84,135	0,15	
84,14	0,14	
84,145	0,14	
84,15	0,13	
84,155	0,13	
84,16	0,12	
84,165	0,12	
84,17	0,11	
84,175	0,11	
84,18	0,1	
84,185	0,1	
84,19	0,09	
84,195	0,09	
84,2	0,09	
84,205	0,08	
84,21	0,08	
84,215	0,07	
84,22	0,07	
84,225	0,06	
84,23	0,06	
84,235	0,05	
84,24	0,05	
84,245	0,04	
84,25	0,04	
84,255	0,03	
84,26	0,02	
84,265	0,02	
84,27	0,01	
84,275	0,01	
84,28	0	
84,285	0	
84,29	0	
84,295	-0,01	
84,3	-0,01	
84,305	-0,02	
84,31	-0,02	
84,315	-0,02	
84,32	-0,03	
84,325	-0,03	
84,33	-0,04	
84,335	-0,04	
84,34	-0,05	
84,345	-0,05	
84,35	-0,05	
84,355	-0,06	
84,36	-0,06	
84,365	-0,06	
84,37	-0,07	
84,375	-0,07	
84,38	-0,07	
84,385	-0,08	
84,39	-0,08	
84,395	-0,08	
84,4	-0,09	
84,405	-0,09	
84,41	-0,1	
84,415	-0,1	
84,42	-0,1	
84,425	-0,1	
84,43	-0,1	
84,435	-0,1	
84,44	-0,11	
84,445	-0,11	
84,45	-0,11	
84,455	-0,11	
84,46	-0,12	
84,465	-0,11	
84,47	-0,11	
84,475	-0,12	
84,48	-0,12	
84,485	-0,12	
84,49	-0,13	
84,495	-0,13	
84,5	-0,13	
84,505	-0,13	
84,51	-0,13	
84,515	-0,12	
84,52	-0,12	
84,525	-0,13	
84,53	-0,13	
84,535	-0,13	
84,54	-0,13	
84,545	-0,13	
84,55	-0,13	
84,555	-0,13	
84,56	-0,12	
84,565	-0,12	
84,57	-0,13	
84,575	-0,13	
84,58	-0,13	
84,585	-0,13	
84,59	-0,13	
84,595	-0,13	
84,6	-0,13	
84,605	-0,13	
84,61	-0,12	
84,615	-0,12	
84,62	-0,12	
84,625	-0,12	
84,63	-0,12	
84,635	-0,12	
84,64	-0,12	
84,645	-0,12	
84,65	-0,11	
84,655	-0,11	
84,66	-0,11	
84,665	-0,11	
84,67	-0,11	
84,675	-0,11	
84,68	-0,11	
84,685	-0,1	
84,69	-0,1	
84,695	-0,1	
84,7	-0,1	
84,705	-0,1	
84,71	-0,1	
84,715	-0,09	
84,72	-0,09	
84,725	-0,09	
84,73	-0,09	
84,735	-0,09	
84,74	-0,09	
84,745	-0,09	
84,75	-0,08	
84,755	-0,08	
84,76	-0,07	
84,765	-0,07	
84,77	-0,07	
84,775	-0,07	
84,78	-0,07	
84,785	-0,07	
84,79	-0,07	
84,795	-0,06	
84,8	-0,06	
84,805	-0,06	
84,81	-0,05	
84,815	-0,05	
84,82	-0,05	
84,825	-0,05	
84,83	-0,05	
84,835	-0,05	
84,84	-0,05	
84,845	-0,04	
84,85	-0,04	
84,855	-0,03	
84,86	-0,03	
84,865	-0,03	
84,87	-0,03	
84,875	-0,03	
84,88	-0,03	
84,885	-0,03	
84,89	-0,03	
84,895	-0,02	
84,9	-0,02	
84,905	-0,02	
84,91	-0,02	
84,915	-0,02	
84,92	-0,02	
84,925	-0,02	
84,93	-0,02	
84,935	-0,02	
84,94	-0,01	
84,945	-0,01	
84,95	-0,01	
84,955	-0,01	
84,96	0	
84,965	0	
84,97	0	
84,975	0	
84,98	0	
84,985	0	
84,99	0	
84,995	0	
85,0	0	
85,005	0,01	
85,01	0	
85,015	0	
85,02	0	
85,025	0	
85,03	0	
85,035	0	
85,04	0	
85,045	0	
85,05	0,01	
85,055	0,01	
85,06	0,01	
85,065	0,01	
85,07	0,01	
85,075	0,01	
85,08	0	
85,085	0	
85,09	0	
85,095	0,01	
85,1	0,01	
85,105	0,01	
85,11	0,01	
85,115	0,01	
85,12	0,01	
85,125	0	
85,13	0	
85,135	0	
85,14	0	
85,145	0,01	
85,15	0,01	
85,155	0,01	
85,16	0,01	
85,165	0,01	
85,17	0	
85,175	0	
85,18	0	
85,185	0	
85,19	0	
85,195	0	
85,2	0,01	
85,205	0	
85,21	0	
85,215	0	
85,22	0	
85,225	0	
85,23	0,01	
85,235	0,01	
85,24	0	
85,245	0	
85,25	0	
85,255	0	
85,26	0	
85,265	0	
85,27	0	
85,275	0	
85,28	0	
85,285	0	
85,29	0	
85,295	0	
85,3	0	
85,305	0	
85,31	0	
85,315	0	
85,32	0	
85,325	0	
85,33	0	
85,335	0	
85,34	0	
85,345	0	
85,35	0	
85,355	0	
85,36	0	
85,365	0	
85,37	0	
85,375	0	
85,38	0	
85,385	0,01	
85,39	0,01	
85,395	0,01	
85,4	0,01	
85,405	0,01	
85,41	0,01	
85,415	0,01	
85,42	0,01	
85,425	0,01	
85,43	0,01	
85,435	0,02	
85,44	0,02	
85,445	0,02	
85,45	0,01	
85,455	0,01	
85,46	0,02	
85,465	0,02	
85,47	0,02	
85,475	0,02	
85,48	0,03	
85,485	0,03	
85,49	0,02	
85,495	0,03	
85,5	0,03	
85,505	0,03	
85,51	0,03	
85,515	0,03	
85,52	0,04	
85,525	0,04	
85,53	0,05	
85,535	0,04	
85,54	0,05	
85,545	0,05	
85,55	0,05	
85,555	0,05	
85,56	0,05	
85,565	0,05	
85,57	0,06	
85,575	0,06	
85,58	0,06	
85,585	0,07	
85,59	0,07	
85,595	0,07	
85,6	0,06	
85,605	0,07	
85,61	0,07	
85,615	0,07	
85,62	0,07	
85,625	0,07	
85,63	0,07	
85,635	0,08	
85,64	0,08	
85,645	0,08	
85,65	0,08	
85,655	0,08	
85,66	0,08	
85,665	0,09	
85,67	0,09	
85,675	0,09	
85,68	0,09	
85,685	0,1	
85,69	0,1	
85,695	0,1	
85,7	0,1	
85,705	0,1	
85,71	0,1	
85,715	0,1	
85,72	0,1	
85,725	0,1	
85,73	0,11	
85,735	0,11	
85,74	0,11	
85,745	0,12	
85,75	0,12	
85,755	0,12	
85,76	0,12	
85,765	0,12	
85,77	0,12	
85,775	0,12	
85,78	0,11	
85,785	0,12	
85,79	0,12	
85,795	0,12	
85,8	0,12	
85,805	0,12	
85,81	0,12	
85,815	0,12	
85,82	0,12	
85,825	0,12	
85,83	0,12	
85,835	0,12	
85,84	0,12	
85,845	0,12	
85,85	0,11	
85,855	0,11	
85,86	0,11	
85,865	0,11	
85,87	0,11	
85,875	0,11	
85,88	0,11	
85,885	0,11	
85,89	0,11	
85,895	0,11	
85,9	0,11	
85,905	0,1	
85,91	0,1	
85,915	0,1	
85,92	0,1	
85,925	0,1	
85,93	0,09	
85,935	0,09	
85,94	0,09	
85,945	0,09	
85,95	0,09	
85,955	0,09	
85,96	0,09	
85,965	0,08	
85,97	0,08	
85,975	0,08	
85,98	0,07	
85,985	0,07	
85,99	0,06	
85,995	0,06	
86,0	0,06	
86,005	0,06	
86,01	0,05	
86,015	0,05	
86,02	0,05	
86,025	0,04	
86,03	0,04	
86,035	0,03	
86,04	0,03	
86,045	0,03	
86,05	0,02	
86,055	0,02	
86,06	0,02	
86,065	0,01	
86,07	0,01	
86,075	0,01	
86,08	0	
86,085	0	
86,09	-0,01	
86,095	-0,02	
86,1	-0,02	
86,105	-0,02	
86,11	-0,03	
86,115	-0,03	
86,12	-0,03	
86,125	-0,04	
86,13	-0,04	
86,135	-0,05	
86,14	-0,06	
86,145	-0,06	
86,15	-0,06	
86,155	-0,07	
86,16	-0,07	
86,165	-0,07	
86,17	-0,08	
86,175	-0,08	
86,18	-0,09	
86,185	-0,1	
86,19	-0,1	
86,195	-0,11	
86,2	-0,11	
86,205	-0,12	
86,21	-0,12	
86,215	-0,12	
86,22	-0,13	
86,225	-0,13	
86,23	-0,14	
86,235	-0,14	
86,24	-0,15	
86,245	-0,15	
86,25	-0,15	
86,255	-0,16	
86,26	-0,16	
86,265	-0,17	
86,27	-0,17	
86,275	-0,17	
86,28	-0,18	
86,285	-0,18	
86,29	-0,18	
86,295	-0,19	
86,3	-0,19	
86,305	-0,19	
86,31	-0,2	
86,315	-0,2	
86,32	-0,2	
86,325	-0,21	
86,33	-0,21	
86,335	-0,21	
86,34	-0,21	
86,345	-0,21	
86,35	-0,21	
86,355	-0,22	
86,36	-0,22	
86,365	-0,22	
86,37	-0,23	
86,375	-0,23	
86,38	-0,23	
86,385	-0,23	
86,39	-0,23	
86,395	-0,23	
86,4	-0,23	
86,405	-0,23	
86,41	-0,23	
86,415	-0,23	
86,42	-0,24	
86,425	-0,24	
86,43	-0,24	
86,435	-0,24	
86,44	-0,23	
86,445	-0,23	
86,45	-0,23	
86,455	-0,23	
86,46	-0,23	
86,465	-0,23	
86,47	-0,23	
86,475	-0,23	
86,48	-0,23	
86,485	-0,23	
86,49	-0,22	
86,495	-0,22	
86,5	-0,21	
86,505	-0,21	
86,51	-0,21	
86,515	-0,21	
86,52	-0,21	
86,525	-0,21	
86,53	-0,2	
86,535	-0,2	
86,54	-0,2	
86,545	-0,19	
86,55	-0,18	
86,555	-0,18	
86,56	-0,18	
86,565	-0,17	
86,57	-0,17	
86,575	-0,17	
86,58	-0,16	
86,585	-0,15	
86,59	-0,15	
86,595	-0,14	
86,6	-0,14	
86,605	-0,13	
86,61	-0,13	
86,615	-0,12	
86,62	-0,12	
86,625	-0,11	
86,63	-0,1	
86,635	-0,1	
86,64	-0,09	
86,645	-0,09	
86,65	-0,08	
86,655	-0,08	
86,66	-0,07	
86,665	-0,06	
86,67	-0,06	
86,675	-0,05	
86,68	-0,05	
86,685	-0,08	
86,69	-0,03	
86,695	-0,02	
86,7	-0,01	
86,705	-0,01	
86,71	0	
86,715	0,01	
86,72	0,01	
86,725	0,02	
86,73	0,03	
86,735	0,04	
86,74	0,05	
86,745	0,05	
86,75	0,06	
86,755	0,07	
86,76	0,07	
86,765	0,08	
86,77	0,09	
86,775	0,1	
86,78	0,11	
86,785	0,11	
86,79	0,12	
86,795	0,12	
86,8	0,13	
86,805	0,14	
86,81	0,15	
86,815	0,15	
86,82	0,16	
86,825	0,16	
86,83	0,17	
86,835	0,18	
86,84	0,18	
86,845	0,19	
86,85	0,2	
86,855	0,2	
86,86	0,21	
86,865	0,21	
86,87	0,22	
86,875	0,23	
86,88	0,24	
86,885	0,24	
86,89	0,25	
86,895	0,26	
86,9	0,26	
86,905	0,26	
86,91	0,27	
86,915	0,27	
86,92	0,28	
86,925	0,28	
86,93	0,28	
86,935	0,29	
86,94	0,3	
86,945	0,3	
86,95	0,31	
86,955	0,31	
86,96	0,31	
86,965	0,31	
86,97	0,31	
86,975	0,31	
86,98	0,32	
86,985	0,32	
86,99	0,33	
86,995	0,33	
87,0	0,33	
87,005	0,33	
87,01	0,33	
87,015	0,33	
87,02	0,33	
87,025	0,33	
87,03	0,34	
87,035	0,34	
87,04	0,34	
87,045	0,34	
87,05	0,34	
87,055	0,33	
87,06	0,33	
87,065	0,33	
87,07	0,33	
87,075	0,33	
87,08	0,33	
87,085	0,33	
87,09	0,33	
87,095	0,33	
87,1	0,32	
87,105	0,32	
87,11	0,32	
87,115	0,31	
87,12	0,31	
87,125	0,3	
87,13	0,3	
87,135	0,3	
87,14	0,29	
87,145	0,29	
87,15	0,28	
87,155	0,28	
87,16	0,27	
87,165	0,27	
87,17	0,26	
87,175	0,26	
87,18	0,25	
87,185	0,25	
87,19	0,24	
87,195	0,23	
87,2	0,23	
87,205	0,22	
87,21	0,21	
87,215	0,21	
87,22	0,2	
87,225	0,19	
87,23	0,18	
87,235	0,17	
87,24	0,16	
87,245	0,15	
87,25	0,15	
87,255	0,14	
87,26	0,13	
87,265	0,13	
87,27	0,12	
87,275	0,12	
87,28	0,1	
87,285	0,09	
87,29	0,08	
87,295	0,07	
87,3	0,06	
87,305	0,05	
87,31	0,04	
87,315	0,04	
87,32	0,03	
87,325	0,02	
87,33	0,01	
87,335	-0,01	
87,34	-0,02	
87,345	-0,03	
87,35	-0,04	
87,355	-0,04	
87,36	-0,05	
87,365	-0,06	
87,37	-0,07	
87,375	-0,08	
87,38	-0,09	
87,385	-0,1	
87,39	-0,11	
87,395	-0,12	
87,4	-0,13	
87,405	-0,14	
87,41	-0,14	
87,415	-0,16	
87,42	-0,17	
87,425	-0,18	
87,43	-0,19	
87,435	-0,19	
87,44	-0,21	
87,445	-0,22	
87,45	-0,22	
87,455	-0,23	
87,46	-0,24	
87,465	-0,24	
87,47	-0,25	
87,475	-0,26	
87,48	-0,27	
87,485	-0,28	
87,49	-0,29	
87,495	-0,29	
87,5	-0,3	
87,505	-0,31	
87,51	-0,32	
87,515	-0,32	
87,52	-0,33	
87,525	-0,33	
87,53	-0,34	
87,535	-0,35	
87,54	-0,35	
87,545	-0,36	
87,55	-0,36	
87,555	-0,37	
87,56	-0,37	
87,565	-0,37	
87,57	-0,38	
87,575	-0,38	
87,58	-0,39	
87,585	-0,39	
87,59	-0,4	
87,595	-0,4	
87,6	-0,41	
87,605	-0,41	
87,61	-0,41	
87,615	-0,41	
87,62	-0,41	
87,625	-0,42	
87,63	-0,42	
87,635	-0,42	
87,64	-0,42	
87,645	-0,42	
87,65	-0,42	
87,655	-0,42	
87,66	-0,42	
87,665	-0,42	
87,67	-0,42	
87,675	-0,42	
87,68	-0,42	
87,685	-0,42	
87,69	-0,42	
87,695	-0,41	
87,7	-0,41	
87,705	-0,41	
87,71	-0,4	
87,715	-0,4	
87,72	-0,39	
87,725	-0,39	
87,73	-0,39	
87,735	-0,38	
87,74	-0,38	
87,745	-0,37	
87,75	-0,37	
87,755	-0,36	
87,76	-0,36	
87,765	-0,36	
87,77	-0,35	
87,775	-0,34	
87,78	-0,33	
87,785	-0,33	
87,79	-0,32	
87,795	-0,31	
87,8	-0,31	
87,805	-0,3	
87,81	-0,29	
87,815	-0,28	
87,82	-0,28	
87,825	-0,27	
87,83	-0,26	
87,835	-0,25	
87,84	-0,24	
87,845	-0,23	
87,85	-0,23	
87,855	-0,22	
87,86	-0,2	
87,865	-0,19	
87,87	-0,18	
87,875	-0,17	
87,88	-0,16	
87,885	-0,15	
87,89	-0,14	
87,895	-0,13	
87,9	-0,12	
87,905	-0,11	
87,91	-0,1	
87,915	-0,09	
87,92	-0,08	
87,925	-0,07	
87,93	-0,06	
87,935	-0,05	
87,94	-0,03	
87,945	-0,02	
87,95	-0,01	
87,955	0	
87,96	0,02	
87,965	0,03	
87,97	0,04	
87,975	0,04	
87,98	0,05	
87,985	0,07	
87,99	0,08	
87,995	0,09	
88,0	0,11	
88,005	0,12	
88,01	0,13	
88,015	0,14	
88,02	0,15	
88,025	0,16	
88,03	0,17	
88,035	0,18	
88,04	0,19	
88,045	0,2	
88,05	0,22	
88,055	0,23	
88,06	0,24	
88,065	0,25	
88,07	0,26	
88,075	0,27	
88,08	0,27	
88,085	0,28	
88,09	0,29	
88,095	0,3	
88,1	0,32	
88,105	0,33	
88,11	0,34	
88,115	0,34	
88,12	0,35	
88,125	0,35	
88,13	0,36	
88,135	0,37	
88,14	0,38	
88,145	0,39	
88,15	0,4	
88,155	0,4	
88,16	0,41	
88,165	0,41	
88,17	0,42	
88,175	0,42	
88,18	0,43	
88,185	0,43	
88,19	0,44	
88,195	0,45	
88,2	0,45	
88,205	0,45	
88,21	0,46	
88,215	0,46	
88,22	0,46	
88,225	0,47	
88,23	0,47	
88,235	0,48	
88,24	0,48	
88,245	0,48	
88,25	0,48	
88,255	0,48	
88,26	0,48	
88,265	0,48	
88,27	0,48	
88,275	0,48	
88,28	0,48	
88,285	0,48	
88,29	0,48	
88,295	0,48	
88,3	0,48	
88,305	0,47	
88,31	0,47	
88,315	0,46	
88,32	0,46	
88,325	0,46	
88,33	0,46	
88,335	0,46	
88,34	0,45	
88,345	0,45	
88,35	0,44	
88,355	0,44	
88,36	0,43	
88,365	0,42	
88,37	0,42	
88,375	0,41	
88,38	0,41	
88,385	0,4	
88,39	0,4	
88,395	0,39	
88,4	0,38	
88,405	0,37	
88,41	0,36	
88,415	0,35	
88,42	0,34	
88,425	0,34	
88,43	0,33	
88,435	0,32	
88,44	0,32	
88,445	0,31	
88,45	0,3	
88,455	0,28	
88,46	0,27	
88,465	0,25	
88,47	0,24	
88,475	0,23	
88,48	0,23	
88,485	0,21	
88,49	0,21	
88,495	0,2	
88,5	0,18	
88,505	0,16	
88,51	0,15	
88,515	0,14	
88,52	0,13	
88,525	0,12	
88,53	0,1	
88,535	0,1	
88,54	0,09	
88,545	0,08	
88,55	0,06	
88,555	0,05	
88,56	0,04	
88,565	0,02	
88,57	0,01	
88,575	0	
88,58	-0,01	
88,585	-0,03	
88,59	-0,04	
88,595	-0,05	
88,6	-0,07	
88,605	-0,08	
88,61	-0,09	
88,615	-0,1	
88,62	-0,12	
88,625	-0,13	
88,63	-0,14	
88,635	-0,15	
88,64	-0,16	
88,645	-0,18	
88,65	-0,19	
88,655	-0,2	
88,66	-0,21	
88,665	-0,22	
88,67	-0,23	
88,675	-0,24	
88,68	-0,26	
88,685	-0,27	
88,69	-0,28	
88,695	-0,29	
88,7	-0,3	
88,705	-0,31	
88,71	-0,32	
88,715	-0,33	
88,72	-0,34	
88,725	-0,35	
88,73	-0,36	
88,735	-0,38	
88,74	-0,38	
88,745	-0,39	
88,75	-0,4	
88,755	-0,41	
88,76	-0,41	
88,765	-0,42	
88,77	-0,42	
88,775	-0,43	
88,78	-0,44	
88,785	-0,45	
88,79	-0,45	
88,795	-0,46	
88,8	-0,47	
88,805	-0,47	
88,81	-0,48	
88,815	-0,48	
88,82	-0,48	
88,825	-0,49	
88,83	-0,5	
88,835	-0,5	
88,84	-0,5	
88,845	-0,51	
88,85	-0,51	
88,855	-0,51	
88,86	-0,51	
88,865	-0,51	
88,87	-0,51	
88,875	-0,51	
88,88	-0,51	
88,885	-0,51	
88,89	-0,52	
88,895	-0,52	
88,9	-0,51	
88,905	-0,51	
88,91	-0,51	
88,915	-0,51	
88,92	-0,51	
88,925	-0,5	
88,93	-0,5	
88,935	-0,5	
88,94	-0,5	
88,945	-0,5	
88,95	-0,49	
88,955	-0,49	
88,96	-0,48	
88,965	-0,47	
88,97	-0,47	
88,975	-0,46	
88,98	-0,46	
88,985	-0,45	
88,99	-0,45	
88,995	-0,44	
89,0	-0,43	
89,005	-0,43	
89,01	-0,41	
89,015	-0,41	
89,02	-0,4	
89,025	-0,39	
89,03	-0,38	
89,035	-0,38	
89,04	-0,37	
89,045	-0,36	
89,05	-0,35	
89,055	-0,34	
89,06	-0,33	
89,065	-0,32	
89,07	-0,3	
89,075	-0,29	
89,08	-0,29	
89,085	-0,28	
89,09	-0,26	
89,095	-0,25	
89,1	-0,24	
89,105	-0,23	
89,11	-0,21	
89,115	-0,21	
89,12	-0,2	
89,125	-0,18	
89,13	-0,17	
89,135	-0,16	
89,14	-0,14	
89,145	-0,13	
89,15	-0,11	
89,155	-0,1	
89,16	-0,09	
89,165	-0,08	
89,17	-0,06	
89,175	-0,05	
89,18	-0,04	
89,185	-0,02	
89,19	-0,01	
89,195	0,01	
89,2	0,02	
89,205	0,03	
89,21	0,05	
89,215	0,06	
89,22	0,06	
89,225	0,08	
89,23	0,09	
89,235	0,11	
89,24	0,12	
89,245	0,14	
89,25	0,15	
89,255	0,16	
89,26	0,17	
89,265	0,18	
89,27	0,2	
89,275	0,21	
89,28	0,22	
89,285	0,24	
89,29	0,24	
89,295	0,26	
89,3	0,27	
89,305	0,28	
89,31	0,29	
89,315	0,3	
89,32	0,31	
89,325	0,32	
89,33	0,33	
89,335	0,34	
89,34	0,35	
89,345	0,36	
89,35	0,37	
89,355	0,38	
89,36	0,39	
89,365	0,4	
89,37	0,41	
89,375	0,42	
89,38	0,42	
89,385	0,43	
89,39	0,44	
89,395	0,45	
89,4	0,46	
89,405	0,46	
89,41	0,47	
89,415	0,48	
89,42	0,48	
89,425	0,48	
89,43	0,49	
89,435	0,49	
89,44	0,49	
89,445	0,5	
89,45	0,5	
89,455	0,51	
89,46	0,51	
89,465	0,52	
89,47	0,52	
89,475	0,52	
89,48	0,52	
89,485	0,52	
89,49	0,52	
89,495	0,52	
89,5	0,52	
89,505	0,52	
89,51	0,52	
89,515	0,52	
89,52	0,52	
89,525	0,52	
89,53	0,52	
89,535	0,51	
89,54	0,51	
89,545	0,51	
89,55	0,51	
89,555	0,5	
89,56	0,5	
89,565	0,49	
89,57	0,49	
89,575	0,49	
89,58	0,49	
89,585	0,48	
89,59	0,47	
89,595	0,47	
89,6	0,46	
89,605	0,45	
89,61	0,45	
89,615	0,44	
89,62	0,43	
89,625	0,43	
89,63	0,42	
89,635	0,41	
89,64	0,41	
89,645	0,39	
89,65	0,39	
89,655	0,38	
89,66	0,36	
89,665	0,35	
89,67	0,34	
89,675	0,34	
89,68	0,33	
89,685	0,32	
89,69	0,31	
89,695	0,29	
89,7	0,28	
89,705	0,27	
89,71	0,26	
89,715	0,24	
89,72	0,23	
89,725	0,22	
89,73	0,21	
89,735	0,2	
89,74	0,19	
89,745	0,18	
89,75	0,16	
89,755	0,15	
89,76	0,14	
89,765	0,13	
89,77	0,11	
89,775	0,1	
89,78	0,09	
89,785	0,08	
89,79	0,07	
89,795	0,05	
89,8	0,04	
89,805	0,02	
89,81	0,01	
89,815	0	
89,82	-0,02	
89,825	-0,04	
89,83	-0,05	
89,835	-0,06	
89,84	-0,07	
89,845	-0,08	
89,85	-0,09	
89,855	-0,11	
89,86	-0,12	
89,865	-0,13	
89,87	-0,15	
89,875	-0,16	
89,88	-0,17	
89,885	-0,18	
89,89	-0,19	
89,895	-0,2	
89,9	-0,21	
89,905	-0,23	
89,91	-0,24	
89,915	-0,25	
89,92	-0,27	
89,925	-0,28	
89,93	-0,29	
89,935	-0,29	
89,94	-0,3	
89,945	-0,31	
89,95	-0,32	
89,955	-0,33	
89,96	-0,35	
89,965	-0,36	
89,97	-0,37	
89,975	-0,38	
89,98	-0,38	
89,985	-0,39	
89,99	-0,4	
89,995	-0,4	
90,0	-0,41	
90,005	-0,42	
90,01	-0,43	
90,015	-0,44	
90,02	-0,44	
90,025	-0,45	
90,03	-0,45	
90,035	-0,46	
90,04	-0,46	
90,045	-0,46	
90,05	-0,47	
90,055	-0,47	
90,06	-0,48	
90,065	-0,48	
90,07	-0,49	
90,075	-0,49	
90,08	-0,49	
90,085	-0,49	
90,09	-0,49	
90,095	-0,5	
90,1	-0,5	
90,105	-0,5	
90,11	-0,5	
90,115	-0,5	
90,12	-0,5	
90,125	-0,5	
90,13	-0,5	
90,135	-0,5	
90,14	-0,5	
90,145	-0,5	
90,15	-0,5	
90,155	-0,49	
90,16	-0,49	
90,165	-0,49	
90,17	-0,49	
90,175	-0,48	
90,18	-0,48	
90,185	-0,47	
90,19	-0,47	
90,195	-0,46	
90,2	-0,46	
90,205	-0,45	
90,21	-0,45	
90,215	-0,44	
90,22	-0,43	
90,225	-0,43	
90,23	-0,42	
90,235	-0,42	
90,24	-0,41	
90,245	-0,41	
90,25	-0,4	
90,255	-0,4	
90,26	-0,39	
90,265	-0,38	
90,27	-0,36	
90,275	-0,35	
90,28	-0,34	
90,285	-0,33	
90,29	-0,32	
90,295	-0,31	
90,3	-0,3	
90,305	-0,29	
90,31	-0,28	
90,315	-0,27	
90,32	-0,26	
90,325	-0,25	
90,33	-0,24	
90,335	-0,23	
90,34	-0,22	
90,345	-0,21	
90,35	-0,2	
90,355	-0,19	
90,36	-0,18	
90,365	-0,17	
90,37	-0,15	
90,375	-0,14	
90,38	-0,13	
90,385	-0,12	
90,39	-0,11	
90,395	-0,1	
90,4	-0,09	
90,405	-0,07	
90,41	-0,06	
90,415	-0,05	
90,42	-0,03	
90,425	-0,02	
90,43	-0,01	
90,435	0	
90,44	0,01	
90,445	0,02	
90,45	0,03	
90,455	0,05	
90,46	0,06	
90,465	0,08	
90,47	0,09	
90,475	0,1	
90,48	0,11	
90,485	0,13	
90,49	0,14	
90,495	0,15	
90,5	0,16	
90,505	0,17	
90,51	0,18	
90,515	0,19	
90,52	0,2	
90,525	0,21	
90,53	0,22	
90,535	0,23	
90,54	0,24	
90,545	0,25	
90,55	0,26	
90,555	0,27	
90,56	0,28	
90,565	0,29	
90,57	0,3	
90,575	0,31	
90,58	0,31	
90,585	0,32	
90,59	0,33	
90,595	0,34	
90,6	0,35	
90,605	0,36	
90,61	0,37	
90,615	0,37	
90,62	0,38	
90,625	0,38	
90,63	0,39	
90,635	0,39	
90,64	0,4	
90,645	0,41	
90,65	0,42	
90,655	0,42	
90,66	0,42	
90,665	0,42	
90,67	0,42	
90,675	0,43	
90,68	0,43	
90,685	0,43	
90,69	0,44	
90,695	0,44	
90,7	0,45	
90,705	0,45	
90,71	0,45	
90,715	0,45	
90,72	0,45	
90,725	0,45	
90,73	0,45	
90,735	0,44	
90,74	0,45	
90,745	0,45	
90,75	0,45	
90,755	0,45	
90,76	0,45	
90,765	0,45	
90,77	0,45	
90,775	0,45	
90,78	0,44	
90,785	0,44	
90,79	0,44	
90,795	0,43	
90,8	0,43	
90,805	0,43	
90,81	0,42	
90,815	0,42	
90,82	0,41	
90,825	0,4	
90,83	0,4	
90,835	0,4	
90,84	0,39	
90,845	0,39	
90,85	0,38	
90,855	0,38	
90,86	0,37	
90,865	0,36	
90,87	0,35	
90,875	0,34	
90,88	0,34	
90,885	0,33	
90,89	0,32	
90,895	0,31	
90,9	0,31	
90,905	0,3	
90,91	0,29	
90,915	0,28	
90,92	0,27	
90,925	0,26	
90,93	0,25	
90,935	0,24	
90,94	0,23	
90,945	0,23	
90,95	0,22	
90,955	0,21	
90,96	0,2	
90,965	0,18	
90,97	0,18	
90,975	0,17	
90,98	0,16	
90,985	0,15	
90,99	0,14	
90,995	0,12	
91,0	0,11	
91,005	0,1	
91,01	0,09	
91,015	0,08	
91,02	0,07	
91,025	0,06	
91,03	0,05	
91,035	0,05	
91,04	0,03	
91,045	0,02	
91,05	0,01	
91,055	-0,01	
91,06	-0,02	
91,065	-0,03	
91,07	-0,04	
91,075	-0,05	
91,08	-0,05	
91,085	-0,06	
91,09	-0,07	
91,095	-0,09	
91,1	-0,1	
91,105	-0,11	
91,11	-0,12	
91,115	-0,13	
91,12	-0,14	
91,125	-0,15	
91,13	-0,15	
91,135	-0,16	
91,14	-0,17	
91,145	-0,19	
91,15	-0,19	
91,155	-0,2	
91,16	-0,21	
91,165	-0,22	
91,17	-0,22	
91,175	-0,23	
91,18	-0,24	
91,185	-0,24	
91,19	-0,26	
91,195	-0,26	
91,2	-0,27	
91,205	-0,28	
91,21	-0,29	
91,215	-0,29	
91,22	-0,3	
91,225	-0,3	
91,23	-0,31	
91,235	-0,31	
91,24	-0,32	
91,245	-0,32	
91,25	-0,33	
91,255	-0,33	
91,26	-0,34	
91,265	-0,34	
91,27	-0,34	
91,275	-0,35	
91,28	-0,35	
91,285	-0,36	
91,29	-0,36	
91,295	-0,36	
91,3	-0,37	
91,305	-0,37	
91,31	-0,38	
91,315	-0,38	
91,32	-0,38	
91,325	-0,38	
91,33	-0,38	
91,335	-0,38	
91,34	-0,38	
91,345	-0,38	
91,35	-0,38	
91,355	-0,38	
91,36	-0,38	
91,365	-0,38	
91,37	-0,38	
91,375	-0,38	
91,38	-0,38	
91,385	-0,37	
91,39	-0,37	
91,395	-0,37	
91,4	-0,37	
91,405	-0,36	
91,41	-0,36	
91,415	-0,36	
91,42	-0,36	
91,425	-0,35	
91,43	-0,35	
91,435	-0,35	
91,44	-0,34	
91,445	-0,34	
91,45	-0,33	
91,455	-0,33	
91,46	-0,32	
91,465	-0,32	
91,47	-0,31	
91,475	-0,31	
91,48	-0,31	
91,485	-0,3	
91,49	-0,3	
91,495	-0,29	
91,5	-0,28	
91,505	-0,27	
91,51	-0,26	
91,515	-0,26	
91,52	-0,25	
91,525	-0,24	
91,53	-0,24	
91,535	-0,24	
91,54	-0,23	
91,545	-0,22	
91,55	-0,21	
91,555	-0,2	
91,56	-0,19	
91,565	-0,18	
91,57	-0,18	
91,575	-0,17	
91,58	-0,16	
91,585	-0,15	
91,59	-0,15	
91,595	-0,14	
91,6	-0,13	
91,605	-0,12	
91,61	-0,11	
91,615	-0,1	
91,62	-0,09	
91,625	-0,09	
91,63	-0,08	
91,635	-0,07	
91,64	-0,06	
91,645	-0,05	
91,65	-0,04	
91,655	-0,04	
91,66	-0,02	
91,665	-0,01	
91,67	-0,01	
91,675	0,01	
91,68	0,01	
91,685	0,02	
91,69	0,02	
91,695	0,03	
91,7	0,04	
91,705	0,05	
91,71	0,06	
91,715	0,07	
91,72	0,08	
91,725	0,08	
91,73	0,09	
91,735	0,1	
91,74	0,11	
91,745	0,11	
91,75	0,12	
91,755	0,13	
91,76	0,13	
91,765	0,14	
91,77	0,15	
91,775	0,16	
91,78	0,16	
91,785	0,17	
91,79	0,18	
91,795	0,18	
91,8	0,19	
91,805	0,19	
91,81	0,2	
91,815	0,2	
91,82	0,21	
91,825	0,21	
91,83	0,22	
91,835	0,23	
91,84	0,23	
91,845	0,24	
91,85	0,24	
91,855	0,24	
91,86	0,25	
91,865	0,25	
91,87	0,25	
91,875	0,26	
91,88	0,26	
91,885	0,27	
91,89	0,27	
91,895	0,27	
91,9	0,28	
91,905	0,27	
91,91	0,28	
91,915	0,28	
91,92	0,28	
91,925	0,28	
91,93	0,29	
91,935	0,29	
91,94	0,29	
91,945	0,29	
91,95	0,29	
91,955	0,29	
91,96	0,29	
91,965	0,28	
91,97	0,28	
91,975	0,28	
91,98	0,28	
91,985	0,29	
91,99	0,29	
91,995	0,29	
92,0	0,29	
92,005	0,28	
92,01	0,28	
92,015	0,28	
92,02	0,27	
92,025	0,27	
92,03	0,27	
92,035	0,27	
92,04	0,27	
92,045	0,27	
92,05	0,27	
92,055	0,26	
92,06	0,26	
92,065	0,25	
92,07	0,25	
92,075	0,25	
92,08	0,25	
92,085	0,24	
92,09	0,24	
92,095	0,24	
92,1	0,23	
92,105	0,23	
92,11	0,22	
92,115	0,21	
92,12	0,2	
92,125	0,2	
92,13	0,19	
92,135	0,19	
92,14	0,19	
92,145	0,19	
92,15	0,18	
92,155	0,17	
92,16	0,17	
92,165	0,16	
92,17	0,16	
92,175	0,15	
92,18	0,15	
92,185	0,14	
92,19	0,14	
92,195	0,13	
92,2	0,12	
92,205	0,12	
92,21	0,11	
92,215	0,1	
92,22	0,1	
92,225	0,09	
92,23	0,09	
92,235	0,08	
92,24	0,07	
92,245	0,07	
92,25	0,06	
92,255	0,05	
92,26	0,05	
92,265	0,04	
92,27	0,04	
92,275	0,03	
92,28	0,02	
92,285	0,02	
92,29	0,01	
92,295	0	
92,3	0	
92,305	-0,01	
92,31	-0,01	
92,315	-0,02	
92,32	-0,02	
92,325	-0,03	
92,33	-0,04	
92,335	-0,04	
92,34	-0,05	
92,345	-0,05	
92,35	-0,06	
92,355	-0,06	
92,36	-0,07	
92,365	-0,07	
92,37	-0,08	
92,375	-0,08	
92,38	-0,09	
92,385	-0,09	
92,39	-0,1	
92,395	-0,1	
92,4	-0,11	
92,405	-0,11	
92,41	-0,11	
92,415	-0,12	
92,42	-0,12	
92,425	-0,12	
92,43	-0,12	
92,435	-0,13	
92,44	-0,13	
92,445	-0,14	
92,45	-0,14	
92,455	-0,15	
92,46	-0,15	
92,465	-0,15	
92,47	-0,16	
92,475	-0,16	
92,48	-0,16	
92,485	-0,16	
92,49	-0,16	
92,495	-0,16	
92,5	-0,16	
92,505	-0,17	
92,51	-0,17	
92,515	-0,17	
92,52	-0,18	
92,525	-0,18	
92,53	-0,18	
92,535	-0,18	
92,54	-0,18	
92,545	-0,18	
92,55	-0,18	
92,555	-0,18	
92,56	-0,18	
92,565	-0,18	
92,57	-0,18	
92,575	-0,18	
92,58	-0,18	
92,585	-0,18	
92,59	-0,18	
92,595	-0,18	
92,6	-0,18	
92,605	-0,18	
92,61	-0,18	
92,615	-0,18	
92,62	-0,17	
92,625	-0,17	
92,63	-0,17	
92,635	-0,17	
92,64	-0,17	
92,645	-0,17	
92,65	-0,17	
92,655	-0,16	
92,66	-0,16	
92,665	-0,16	
92,67	-0,16	
92,675	-0,16	
92,68	-0,16	
92,685	-0,15	
92,69	-0,15	
92,695	-0,15	
92,7	-0,15	
92,705	-0,14	
92,71	-0,14	
92,715	-0,14	
92,72	-0,14	
92,725	-0,13	
92,73	-0,13	
92,735	-0,13	
92,74	-0,13	
92,745	-0,12	
92,75	-0,12	
92,755	-0,11	
92,76	-0,11	
92,765	-0,11	
92,77	-0,11	
92,775	-0,1	
92,78	-0,11	
92,785	-0,1	
92,79	-0,1	
92,795	-0,09	
92,8	-0,09	
92,805	-0,08	
92,81	-0,08	
92,815	-0,08	
92,82	-0,07	
92,825	-0,07	
92,83	-0,07	
92,835	-0,07	
92,84	-0,07	
92,845	-0,06	
92,85	-0,06	
92,855	-0,05	
92,86	-0,05	
92,865	-0,05	
92,87	-0,05	
92,875	-0,04	
92,88	-0,04	
92,885	-0,04	
92,89	-0,03	
92,895	-0,03	
92,9	-0,03	
92,905	-0,02	
92,91	-0,02	
92,915	-0,01	
92,92	-0,01	
92,925	-0,01	
92,93	-0,01	
92,935	0	
92,94	0	
92,945	0	
92,95	0,01	
92,955	0,01	
92,96	0,01	
92,965	0,02	
92,97	0,02	
92,975	0,02	
92,98	0,02	
92,985	0,02	
92,99	0,02	
92,995	0,02	
93,0	0,03	
93,005	0,03	
93,01	0,03	
93,015	0,03	
93,02	0,04	
93,025	0,04	
93,03	0,04	
93,035	0,04	
93,04	0,04	
93,045	0,05	
93,05	0,05	
93,055	0,05	
93,06	0,05	
93,065	0,05	
93,07	0,05	
93,075	0,05	
93,08	0,05	
93,085	0,06	
93,09	0,06	
93,095	0,06	
93,1	0,06	
93,105	0,06	
93,11	0,06	
93,115	0,05	
