t, ñ	wz	
0,0	0	
0,005	0	
0,01	0	
0,015	-0,01	
0,02	-0,01	
0,025	-0,01	
0,03	0	
0,035	0	
0,04	0	
0,045	0	
0,05	0	
0,055	0,01	
0,06	0,01	
0,065	0,01	
0,07	0,01	
0,075	0	
0,08	0	
0,085	0	
0,09	0	
0,095	0	
0,1	0	
0,105	0	
0,11	0	
0,115	0	
0,12	0	
0,125	0	
0,13	0	
0,135	0	
0,14	0	
0,145	0	
0,15	0	
0,155	0	
0,16	0	
0,165	0	
0,17	0	
0,175	0	
0,18	0	
0,185	0	
0,19	0,01	
0,195	0	
0,2	0	
0,205	0	
0,21	0,01	
0,215	0	
0,22	0	
0,225	0	
0,23	0	
0,235	0	
0,24	0	
0,245	0	
0,25	0	
0,255	0	
0,26	0	
0,265	0,01	
0,27	0,01	
0,275	0	
0,28	0	
0,285	0	
0,29	0	
0,295	0	
0,3	0	
0,305	0	
0,31	0	
0,315	0	
0,32	0	
0,325	0	
0,33	0,01	
0,335	0	
0,34	0,01	
0,345	0	
0,35	0	
0,355	0	
0,36	0	
0,365	0	
0,37	0	
0,375	0	
0,38	-0,01	
0,385	-0,01	
0,39	-0,01	
0,395	0	
0,4	0	
0,405	0	
0,41	0	
0,415	0	
0,42	0	
0,425	0	
0,43	0	
0,435	0	
0,44	0	
0,445	0	
0,45	0	
0,455	0	
0,46	0	
0,465	0	
0,47	0	
0,475	0	
0,48	0	
0,485	0	
0,49	0	
0,495	0	
0,5	0	
0,505	0	
0,51	0	
0,515	0	
0,52	0	
0,525	0	
0,53	0	
0,535	0	
0,54	0	
0,545	0	
0,55	0	
0,555	-0,01	
0,56	0	
0,565	0	
0,57	0	
0,575	0	
0,58	0	
0,585	0	
0,59	0	
0,595	0	
0,6	0	
0,605	0	
0,61	0	
0,615	0	
0,62	0	
0,625	0	
0,63	0	
0,635	0	
0,64	0	
0,645	0	
0,65	0	
0,655	0	
0,66	0	
0,665	0	
0,67	0	
0,675	-0,01	
0,68	0	
0,685	0	
0,69	0	
0,695	0	
0,7	0	
0,705	0	
0,71	0	
0,715	0	
0,72	0	
0,725	0	
0,73	0	
0,735	0	
0,74	0	
0,745	0	
0,75	0	
0,755	0	
0,76	0	
0,765	0	
0,77	0	
0,775	0	
0,78	0	
0,785	0	
0,79	0	
0,795	0	
0,8	0	
0,805	0	
0,81	0	
0,815	0	
0,82	0,01	
0,825	0	
0,83	0,01	
0,835	0	
0,84	0	
0,845	0,01	
0,85	0	
0,855	0	
0,86	0	
0,865	0	
0,87	0	
0,875	0	
0,88	0	
0,885	0	
0,89	0	
0,895	0	
0,9	0	
0,905	0	
0,91	0	
0,915	0	
0,92	0	
0,925	0	
0,93	0	
0,935	0	
0,94	0	
0,945	0	
0,95	0	
0,955	0	
0,96	0	
0,965	0	
0,97	0	
0,975	0	
0,98	0	
0,985	0	
0,99	0	
0,995	0	
1,0	0	
1,005	0	
1,01	0	
1,015	0	
1,02	0	
1,025	0	
1,03	0	
1,035	0,01	
1,04	0,01	
1,045	0	
1,05	0	
1,055	0	
1,06	0	
1,065	0	
1,07	0	
1,075	0	
1,08	0	
1,085	0	
1,09	0	
1,095	0	
1,1	0	
1,105	0	
1,11	0	
1,115	0	
1,12	0	
1,125	0	
1,13	0	
1,135	0	
1,14	0	
1,145	0	
1,15	0	
1,155	0	
1,16	0	
1,165	0	
1,17	0	
1,175	0	
1,18	0	
1,185	0	
1,19	0	
1,195	0	
1,2	0	
1,205	0	
1,21	0	
1,215	0	
1,22	0	
1,225	0	
1,23	0	
1,235	0	
1,24	0	
1,245	0	
1,25	0	
1,255	0	
1,26	0	
1,265	0	
1,27	0	
1,275	0	
1,28	0	
1,285	0	
1,29	0	
1,295	0	
1,3	0	
1,305	0	
1,31	0	
1,315	0	
1,32	0	
1,325	0	
1,33	0,01	
1,335	0,01	
1,34	0,01	
1,345	0	
1,35	0,01	
1,355	0	
1,36	0	
1,365	0	
1,37	0	
1,375	0	
1,38	0	
1,385	0	
1,39	0	
1,395	0	
1,4	0	
1,405	-0,01	
1,41	-0,01	
1,415	0	
1,42	0	
1,425	0	
1,43	0	
1,435	0	
1,44	0	
1,445	0	
1,45	0	
1,455	0	
1,46	0	
1,465	0	
1,47	0	
1,475	0	
1,48	-0,01	
1,485	0	
1,49	0	
1,495	-0,01	
1,5	0	
1,505	0	
1,51	-0,01	
1,515	-0,01	
1,52	-0,01	
1,525	0	
1,53	0	
1,535	0	
1,54	0	
1,545	0	
1,55	0	
1,555	0	
1,56	0	
1,565	0	
1,57	0,01	
1,575	0	
1,58	0	
1,585	0	
1,59	0	
1,595	0	
1,6	0	
1,605	0	
1,61	0	
1,615	0	
1,62	0	
1,625	0	
1,63	0	
1,635	0	
1,64	0	
1,645	0	
1,65	0	
1,655	0	
1,66	0	
1,665	0	
1,67	0	
1,675	0	
1,68	0	
1,685	0,01	
1,69	0	
1,695	0	
1,7	0	
1,705	0	
1,71	0	
1,715	0	
1,72	0	
1,725	-0,01	
1,73	-0,01	
1,735	-0,01	
1,74	-0,01	
1,745	0	
1,75	0	
1,755	0	
1,76	0,01	
1,765	0,01	
1,77	0,01	
1,775	0,01	
1,78	0,01	
1,785	0,01	
1,79	0	
1,795	0	
1,8	-0,01	
1,805	-0,01	
1,81	-0,01	
1,815	0	
1,82	-0,01	
1,825	-0,01	
1,83	-0,01	
1,835	0	
1,84	0	
1,845	0	
1,85	0,01	
1,855	0,01	
1,86	0	
1,865	0	
1,87	0	
1,875	-0,01	
1,88	-0,01	
1,885	-0,01	
1,89	-0,01	
1,895	-0,01	
1,9	-0,01	
1,905	-0,01	
1,91	0	
1,915	0	
1,92	0,01	
1,925	0,01	
1,93	0,01	
1,935	0	
1,94	0	
1,945	-0,01	
1,95	-0,01	
1,955	-0,01	
1,96	-0,01	
1,965	-0,01	
1,97	-0,01	
1,975	-0,01	
1,98	0	
1,985	0	
1,99	0,01	
1,995	0,01	
2,0	0,02	
2,005	0,02	
2,01	0,02	
2,015	0,01	
2,02	0,01	
2,025	0	
2,03	-0,01	
2,035	-0,01	
2,04	-0,01	
2,045	-0,01	
2,05	-0,01	
2,055	-0,01	
2,06	0	
2,065	0	
2,07	0,01	
2,075	0,01	
2,08	0,02	
2,085	0,02	
2,09	0,02	
2,095	0,01	
2,1	0	
2,105	0	
2,11	-0,01	
2,115	-0,02	
2,12	-0,02	
2,125	-0,01	
2,13	-0,01	
2,135	0	
2,14	0	
2,145	0,01	
2,15	0,01	
2,155	0,01	
2,16	0,01	
2,165	0,01	
2,17	0,01	
2,175	0	
2,18	0	
2,185	-0,01	
2,19	-0,01	
2,195	-0,01	
2,2	-0,01	
2,205	-0,01	
2,21	-0,01	
2,215	-0,01	
2,22	0	
2,225	0	
2,23	0	
2,235	0,01	
2,24	0,01	
2,245	0,01	
2,25	0,01	
2,255	0	
2,26	0	
2,265	0	
2,27	-0,01	
2,275	-0,01	
2,28	-0,01	
2,285	-0,01	
2,29	-0,01	
2,295	0	
2,3	0	
2,305	0,01	
2,31	0,01	
2,315	0,01	
2,32	0,01	
2,325	0,01	
2,33	0,01	
2,335	0	
2,34	0	
2,345	-0,01	
2,35	-0,01	
2,355	-0,01	
2,36	-0,01	
2,365	-0,01	
2,37	-0,01	
2,375	-0,01	
2,38	-0,01	
2,385	-0,01	
2,39	0	
2,395	0	
2,4	0,01	
2,405	0,01	
2,41	0,01	
2,415	0,01	
2,42	0	
2,425	0,01	
2,43	0	
2,435	0	
2,44	0	
2,445	-0,01	
2,45	-0,01	
2,455	-0,01	
2,46	0	
2,465	0	
2,47	0	
2,475	0	
2,48	0	
2,485	0	
2,49	0	
2,495	0	
2,5	0	
2,505	0	
2,51	-0,01	
2,515	-0,01	
2,52	0	
2,525	0	
2,53	0	
2,535	0,01	
2,54	0	
2,545	0	
2,55	0	
2,555	0	
2,56	0,01	
2,565	0,01	
2,57	0,01	
2,575	0,01	
2,58	0	
2,585	0	
2,59	0	
2,595	-0,01	
2,6	-0,01	
2,605	-0,01	
2,61	-0,01	
2,615	-0,01	
2,62	0	
2,625	0	
2,63	0	
2,635	0	
2,64	0	
2,645	0	
2,65	0	
2,655	0	
2,66	0	
2,665	0	
2,67	0	
2,675	0	
2,68	0	
2,685	-0,01	
2,69	0	
2,695	0	
2,7	0	
2,705	0	
2,71	0	
2,715	0,01	
2,72	0,01	
2,725	0,01	
2,73	0	
2,735	0,01	
2,74	0	
2,745	0	
2,75	0	
2,755	0	
2,76	-0,01	
2,765	-0,01	
2,77	-0,01	
2,775	0	
2,78	0	
2,785	0	
2,79	0	
2,795	0	
2,8	0	
2,805	0	
2,81	0	
2,815	0	
2,82	0	
2,825	0	
2,83	0	
2,835	0	
2,84	0	
2,845	0	
2,85	0	
2,855	0	
2,86	0	
2,865	0	
2,87	0	
2,875	0	
2,88	0	
2,885	0	
2,89	0	
2,895	0	
2,9	0	
2,905	0	
2,91	0	
2,915	0	
2,92	0	
2,925	0	
2,93	0	
2,935	0	
2,94	0	
2,945	0	
2,95	0	
2,955	0,01	
2,96	0	
2,965	0	
2,97	0	
2,975	0	
2,98	0	
2,985	0	
2,99	-0,01	
2,995	-0,01	
3,0	0	
3,005	0	
3,01	0	
3,015	0	
3,02	0	
3,025	0	
3,03	0	
3,035	0,01	
3,04	0,01	
3,045	0,01	
3,05	0,01	
3,055	0,01	
3,06	0	
3,065	0	
3,07	0	
3,075	0	
3,08	0	
3,085	-0,01	
3,09	-0,01	
3,095	-0,01	
3,1	0	
3,105	0	
3,11	0	
3,115	0	
3,12	0	
3,125	0	
3,13	0	
3,135	0	
3,14	-0,01	
3,145	-0,01	
3,15	-0,01	
3,155	-0,01	
3,16	0	
3,165	0	
3,17	0	
3,175	0	
3,18	0	
3,185	0	
3,19	0	
3,195	0	
3,2	0	
3,205	-0,01	
3,21	0	
3,215	0	
3,22	0	
3,225	0	
3,23	0	
3,235	0	
3,24	0	
3,245	0	
3,25	0,01	
3,255	0,01	
3,26	0	
3,265	0	
3,27	0	
3,275	0	
3,28	0	
3,285	0	
3,29	0	
3,295	0	
3,3	0	
3,305	0	
3,31	0	
3,315	0	
3,32	0	
3,325	0	
3,33	0	
3,335	0	
3,34	0	
3,345	0	
3,35	0	
3,355	0	
3,36	0	
3,365	0	
3,37	0	
3,375	0	
3,38	0	
3,385	0	
3,39	0	
3,395	0	
3,4	0	
3,405	0	
3,41	0	
3,415	0	
3,42	-0,01	
3,425	-0,01	
3,43	-0,01	
3,435	-0,01	
3,44	-0,01	
3,445	-0,01	
3,45	0	
3,455	0	
3,46	0,01	
3,465	0,01	
3,47	0,01	
3,475	0,01	
3,48	0,01	
3,485	0,01	
3,49	0	
3,495	-0,01	
3,5	-0,01	
3,505	-0,01	
3,51	-0,01	
3,515	-0,01	
3,52	-0,01	
3,525	0	
3,53	0	
3,535	0	
3,54	0,01	
3,545	0,01	
3,55	0,01	
3,555	0,01	
3,56	0,01	
3,565	0,01	
3,57	0	
3,575	-0,01	
3,58	-0,01	
3,585	-0,01	
3,59	-0,01	
3,595	-0,01	
3,6	-0,01	
3,605	-0,01	
3,61	0	
3,615	0,01	
3,62	0,01	
3,625	0,01	
3,63	0,02	
3,635	0,01	
3,64	0,01	
3,645	0	
3,65	0	
3,655	-0,01	
3,66	-0,01	
3,665	-0,01	
3,67	-0,01	
3,675	-0,01	
3,68	0	
3,685	0	
3,69	0	
3,695	0,01	
3,7	0,01	
3,705	0,01	
3,71	0,01	
3,715	0	
3,72	0	
3,725	0	
3,73	-0,01	
3,735	-0,01	
3,74	-0,01	
3,745	-0,01	
3,75	-0,01	
3,755	-0,01	
3,76	0	
3,765	0	
3,77	0,01	
3,775	0,01	
3,78	0,01	
3,785	0,01	
3,79	0,01	
3,795	0,01	
3,8	0,01	
3,805	0	
3,81	0	
3,815	-0,01	
3,82	-0,01	
3,825	-0,01	
3,83	0	
3,835	0	
3,84	0	
3,845	0	
3,85	0	
3,855	0	
3,86	0	
3,865	0,01	
3,87	0	
3,875	0	
3,88	0	
3,885	0	
3,89	0	
3,895	0	
3,9	0	
3,905	0	
3,91	0	
3,915	0	
3,92	0	
3,925	0	
3,93	0	
3,935	0	
3,94	0	
3,945	0	
3,95	0	
3,955	0	
3,96	0	
3,965	0	
3,97	0	
3,975	0	
3,98	0,01	
3,985	0,01	
3,99	0	
3,995	0	
4,0	0	
4,005	0	
4,01	0,01	
4,015	0	
4,02	0	
4,025	0	
4,03	0	
4,035	0	
4,04	0	
4,045	0	
4,05	0	
4,055	0	
4,06	0	
4,065	0	
4,07	0	
4,075	0	
4,08	0	
4,085	0	
4,09	0	
4,095	0	
4,1	0	
4,105	0	
4,11	0	
4,115	0	
4,12	0	
4,125	0	
4,13	0	
4,135	0,01	
4,14	0	
4,145	0,01	
4,15	0,01	
4,155	0,01	
4,16	0,01	
4,165	0	
4,17	0	
4,175	-0,01	
4,18	-0,01	
4,185	-0,01	
4,19	0	
4,195	0	
4,2	0	
4,205	0	
4,21	0	
4,215	0	
4,22	0	
4,225	0	
4,23	0	
4,235	0	
4,24	-0,01	
4,245	-0,01	
4,25	-0,01	
4,255	-0,01	
4,26	-0,01	
4,265	-0,01	
4,27	0	
4,275	0	
4,28	0	
4,285	0,01	
4,29	0,01	
4,295	0,01	
4,3	0,01	
4,305	0,01	
4,31	0,01	
4,315	0,01	
4,32	0	
4,325	0	
4,33	0	
4,335	0	
4,34	-0,01	
4,345	0	
4,35	0	
4,355	0	
4,36	0	
4,365	0	
4,37	0	
4,375	0	
4,38	0	
4,385	0	
4,39	0	
4,395	0	
4,4	0	
4,405	0	
4,41	0	
4,415	0	
4,42	0	
4,425	0	
4,43	0	
4,435	0	
4,44	0,01	
4,445	0	
4,45	0	
4,455	0	
4,46	0	
4,465	0	
4,47	0	
4,475	0	
4,48	0	
4,485	0	
4,49	0	
4,495	0	
4,5	0	
4,505	0	
4,51	0	
4,515	0	
4,52	0	
4,525	0	
4,53	0,01	
4,535	0,01	
4,54	0,01	
4,545	0	
4,55	0	
4,555	0	
4,56	0	
4,565	0	
4,57	0	
4,575	0	
4,58	0	
4,585	-0,01	
4,59	0	
4,595	0	
4,6	0	
4,605	0	
4,61	0	
4,615	0	
4,62	0	
4,625	0	
4,63	0	
4,635	0	
4,64	0	
4,645	0	
4,65	0,01	
4,655	0	
4,66	0	
4,665	0	
4,67	0	
4,675	0	
4,68	0	
4,685	0	
4,69	0	
4,695	0	
4,7	0	
4,705	0	
4,71	0	
4,715	0	
4,72	0	
4,725	0	
4,73	0	
4,735	0	
4,74	0	
4,745	0	
4,75	0	
4,755	0	
4,76	0	
4,765	0	
4,77	0	
4,775	0	
4,78	0	
4,785	0	
4,79	0	
4,795	0	
4,8	0	
4,805	0	
4,81	0	
4,815	0	
4,82	0	
4,825	0	
4,83	0	
4,835	0	
4,84	0	
4,845	0	
4,85	0	
4,855	0	
4,86	0	
4,865	0	
4,87	0	
4,875	0	
4,88	0	
4,885	0	
4,89	0	
4,895	0	
4,9	0	
4,905	0	
4,91	0	
4,915	0,01	
4,92	0	
4,925	0	
4,93	0	
4,935	0	
4,94	0	
4,945	0	
4,95	0	
4,955	0	
4,96	0	
4,965	0	
4,97	0	
4,975	0	
4,98	0	
4,985	0,01	
4,99	0	
4,995	0	
5,0	0	
5,005	0	
5,01	0	
5,015	-0,01	
5,02	-0,01	
5,025	-0,01	
5,03	0	
5,035	0	
5,04	0	
5,045	0,01	
5,05	0	
5,055	0	
5,06	0	
5,065	0,01	
5,07	0	
5,075	0,01	
5,08	0	
5,085	0	
5,09	0	
5,095	-0,01	
5,1	-0,01	
5,105	0	
5,11	0	
5,115	0	
5,12	0	
5,125	0	
5,13	0	
5,135	0	
5,14	0,01	
5,145	0	
5,15	0	
5,155	0	
5,16	0	
5,165	0	
5,17	0	
5,175	0	
5,18	0	
5,185	0	
5,19	0	
5,195	0	
5,2	0	
5,205	0	
5,21	0	
5,215	0,01	
5,22	0	
5,225	0	
5,23	0	
5,235	0	
5,24	0	
5,245	0	
5,25	0	
5,255	-0,01	
5,26	-0,02	
5,265	-0,05	
5,27	-0,08	
5,275	-0,07	
5,28	-0,03	
5,285	0,06	
5,29	0,15	
5,295	0,24	
5,3	0,29	
5,305	0,3	
5,31	0,26	
5,315	0,2	
5,32	0,16	
5,325	0,16	
5,33	0,19	
5,335	0,26	
5,34	0,35	
5,345	0,43	
5,35	0,49	
5,355	0,48	
5,36	0,44	
5,365	0,4	
5,37	0,38	
5,375	0,39	
5,38	0,43	
5,385	0,5	
5,39	0,57	
5,395	0,62	
5,4	0,64	
5,405	0,63	
5,41	0,61	
5,415	0,58	
5,42	0,57	
5,425	0,58	
5,43	0,62	
5,435	0,69	
5,44	0,73	
5,445	0,75	
5,45	0,75	
5,455	0,74	
5,46	0,72	
5,465	0,71	
5,47	0,71	
5,475	0,74	
5,48	0,78	
5,485	0,81	
5,49	0,83	
5,495	0,84	
5,5	0,83	
5,505	0,81	
5,51	0,8	
5,515	0,8	
5,52	0,82	
5,525	0,84	
5,53	0,86	
5,535	0,88	
5,54	0,88	
5,545	0,87	
5,55	0,85	
5,555	0,83	
5,56	0,82	
5,565	0,82	
5,57	0,84	
5,575	0,86	
5,58	0,88	
5,585	0,89	
5,59	0,88	
5,595	0,85	
5,6	0,83	
5,605	0,81	
5,61	0,79	
5,615	0,8	
5,62	0,81	
5,625	0,82	
5,63	0,83	
5,635	0,83	
5,64	0,82	
5,645	0,8	
5,65	0,77	
5,655	0,74	
5,66	0,72	
5,665	0,71	
5,67	0,71	
5,675	0,72	
5,68	0,72	
5,685	0,72	
5,69	0,71	
5,695	0,69	
5,7	0,66	
5,705	0,62	
5,71	0,59	
5,715	0,57	
5,72	0,55	
5,725	0,55	
5,73	0,56	
5,735	0,57	
5,74	0,57	
5,745	0,55	
5,75	0,53	
5,755	0,46	
5,76	0,42	
5,765	0,38	
5,77	0,36	
5,775	0,36	
5,78	0,37	
5,785	0,38	
5,79	0,39	
5,795	0,38	
5,8	0,34	
5,805	0,29	
5,81	0,23	
5,815	0,18	
5,82	0,15	
5,825	0,14	
5,83	0,15	
5,835	0,17	
5,84	0,18	
5,845	0,16	
5,85	0,12	
5,855	0,06	
5,86	0	
5,865	-0,05	
5,87	-0,07	
5,875	-0,08	
5,88	-0,06	
5,885	-0,05	
5,89	-0,04	
5,895	-0,07	
5,9	-0,11	
5,905	-0,16	
5,91	-0,22	
5,915	-0,27	
5,92	-0,29	
5,925	-0,29	
5,93	-0,27	
5,935	-0,27	
5,94	-0,28	
5,945	-0,31	
5,95	-0,36	
5,955	-0,41	
5,96	-0,45	
5,965	-0,47	
5,97	-0,48	
5,975	-0,47	
5,98	-0,46	
5,985	-0,47	
5,99	-0,49	
5,995	-0,52	
6,0	-0,59	
6,005	-0,63	
6,01	-0,65	
6,015	-0,65	
6,02	-0,64	
6,025	-0,63	
6,03	-0,62	
6,035	-0,64	
6,04	-0,68	
6,045	-0,72	
6,05	-0,77	
6,055	-0,8	
6,06	-0,8	
6,065	-0,79	
6,07	-0,76	
6,075	-0,74	
6,08	-0,75	
6,085	-0,78	
6,09	-0,83	
6,095	-0,88	
6,1	-0,92	
6,105	-0,93	
6,11	-0,91	
6,115	-0,88	
6,12	-0,85	
6,125	-0,82	
6,13	-0,83	
6,135	-0,86	
6,14	-0,91	
6,145	-0,96	
6,15	-0,99	
6,155	-1	
6,16	-0,96	
6,165	-0,92	
6,17	-0,88	
6,175	-0,86	
6,18	-0,87	
6,185	-0,91	
6,19	-0,96	
6,195	-0,99	
6,2	-1,02	
6,205	-1,01	
6,21	-0,98	
6,215	-0,94	
6,22	-0,9	
6,225	-0,87	
6,23	-0,87	
6,235	-0,89	
6,24	-0,94	
6,245	-0,96	
6,25	-0,96	
6,255	-0,94	
6,26	-0,91	
6,265	-0,87	
6,27	-0,84	
6,275	-0,82	
6,28	-0,82	
6,285	-0,83	
6,29	-0,85	
6,295	-0,86	
6,3	-0,86	
6,305	-0,85	
6,31	-0,82	
6,315	-0,79	
6,32	-0,74	
6,325	-0,72	
6,33	-0,72	
6,335	-0,71	
6,34	-0,72	
6,345	-0,71	
6,35	-0,7	
6,355	-0,68	
6,36	-0,67	
6,365	-0,64	
6,37	-0,62	
6,375	-0,6	
6,38	-0,58	
6,385	-0,56	
6,39	-0,55	
6,395	-0,53	
6,4	-0,52	
6,405	-0,5	
6,41	-0,48	
6,415	-0,46	
6,42	-0,44	
6,425	-0,42	
6,43	-0,4	
6,435	-0,37	
6,44	-0,35	
6,445	-0,33	
6,45	-0,3	
6,455	-0,29	
6,46	-0,27	
6,465	-0,25	
6,47	-0,24	
6,475	-0,22	
6,48	-0,19	
6,485	-0,16	
6,49	-0,14	
6,495	-0,11	
6,5	-0,09	
6,505	-0,07	
6,51	-0,05	
6,515	-0,03	
6,52	-0,01	
6,525	0,01	
6,53	0,03	
6,535	0,05	
6,54	0,06	
6,545	0,08	
6,55	0,1	
6,555	0,13	
6,56	0,16	
6,565	0,21	
6,57	0,23	
6,575	0,24	
6,58	0,24	
6,585	0,24	
6,59	0,25	
6,595	0,27	
6,6	0,3	
6,605	0,34	
6,61	0,38	
6,615	0,41	
6,62	0,43	
6,625	0,44	
6,63	0,44	
6,635	0,43	
6,64	0,42	
6,645	0,44	
6,65	0,47	
6,655	0,52	
6,66	0,56	
6,665	0,6	
6,67	0,62	
6,675	0,61	
6,68	0,59	
6,685	0,58	
6,69	0,56	
6,695	0,57	
6,7	0,59	
6,705	0,64	
6,71	0,68	
6,715	0,72	
6,72	0,74	
6,725	0,73	
6,73	0,7	
6,735	0,68	
6,74	0,66	
6,745	0,67	
6,75	0,7	
6,755	0,75	
6,76	0,79	
6,765	0,82	
6,77	0,83	
6,775	0,81	
6,78	0,78	
6,785	0,75	
6,79	0,73	
6,795	0,73	
6,8	0,75	
6,805	0,81	
6,81	0,84	
6,815	0,85	
6,82	0,84	
6,825	0,82	
6,83	0,78	
6,835	0,76	
6,84	0,75	
6,845	0,76	
6,85	0,78	
6,855	0,8	
6,86	0,82	
6,865	0,82	
6,87	0,8	
6,875	0,78	
6,88	0,75	
6,885	0,73	
6,89	0,72	
6,895	0,73	
6,9	0,74	
6,905	0,76	
6,91	0,75	
6,915	0,74	
6,92	0,71	
6,925	0,69	
6,93	0,67	
6,935	0,65	
6,94	0,66	
6,945	0,67	
6,95	0,67	
6,955	0,66	
6,96	0,65	
6,965	0,62	
6,97	0,57	
6,975	0,55	
6,98	0,53	
6,985	0,53	
6,99	0,53	
6,995	0,54	
7,0	0,53	
7,005	0,52	
7,01	0,48	
7,015	0,45	
7,02	0,41	
7,025	0,38	
7,03	0,37	
7,035	0,37	
7,04	0,38	
7,045	0,38	
7,05	0,37	
7,055	0,35	
7,06	0,31	
7,065	0,27	
7,07	0,23	
7,075	0,21	
7,08	0,19	
7,085	0,19	
7,09	0,19	
7,095	0,19	
7,1	0,18	
7,105	0,16	
7,11	0,12	
7,115	0,09	
7,12	0,05	
7,125	0,02	
7,13	-0,01	
7,135	-0,01	
7,14	-0,01	
7,145	-0,02	
7,15	-0,03	
7,155	-0,04	
7,16	-0,07	
7,165	-0,1	
7,17	-0,14	
7,175	-0,17	
7,18	-0,19	
7,185	-0,21	
7,19	-0,22	
7,195	-0,23	
7,2	-0,23	
7,205	-0,24	
7,21	-0,26	
7,215	-0,29	
7,22	-0,32	
7,225	-0,35	
7,23	-0,38	
7,235	-0,4	
7,24	-0,41	
7,245	-0,41	
7,25	-0,41	
7,255	-0,41	
7,26	-0,42	
7,265	-0,44	
7,27	-0,46	
7,275	-0,5	
7,28	-0,53	
7,285	-0,56	
7,29	-0,58	
7,295	-0,58	
7,3	-0,57	
7,305	-0,57	
7,31	-0,57	
7,315	-0,58	
7,32	-0,61	
7,325	-0,64	
7,33	-0,67	
7,335	-0,69	
7,34	-0,7	
7,345	-0,69	
7,35	-0,69	
7,355	-0,68	
7,36	-0,68	
7,365	-0,69	
7,37	-0,7	
7,375	-0,74	
7,38	-0,76	
7,385	-0,77	
7,39	-0,77	
7,395	-0,76	
7,4	-0,75	
7,405	-0,75	
7,41	-0,75	
7,415	-0,77	
7,42	-0,79	
7,425	-0,8	
7,43	-0,81	
7,435	-0,81	
7,44	-0,8	
7,445	-0,78	
7,45	-0,76	
7,455	-0,76	
7,46	-0,76	
7,465	-0,78	
7,47	-0,8	
7,475	-0,81	
7,48	-0,81	
7,485	-0,8	
7,49	-0,78	
7,495	-0,76	
7,5	-0,74	
7,505	-0,74	
7,51	-0,74	
7,515	-0,75	
7,52	-0,76	
7,525	-0,76	
7,53	-0,75	
7,535	-0,72	
7,54	-0,7	
7,545	-0,68	
7,55	-0,68	
7,555	-0,68	
7,56	-0,69	
7,565	-0,7	
7,57	-0,69	
7,575	-0,68	
7,58	-0,65	
7,585	-0,62	
7,59	-0,59	
7,595	-0,58	
7,6	-0,57	
7,605	-0,57	
7,61	-0,59	
7,615	-0,59	
7,62	-0,58	
7,625	-0,56	
7,63	-0,52	
7,635	-0,49	
7,64	-0,45	
7,645	-0,43	
7,65	-0,43	
7,655	-0,44	
7,66	-0,45	
7,665	-0,45	
7,67	-0,44	
7,675	-0,42	
7,68	-0,38	
7,685	-0,34	
7,69	-0,31	
7,695	-0,28	
7,7	-0,28	
7,705	-0,28	
7,71	-0,29	
7,715	-0,29	
7,72	-0,27	
7,725	-0,25	
7,73	-0,21	
7,735	-0,17	
7,74	-0,14	
7,745	-0,12	
7,75	-0,1	
7,755	-0,1	
7,76	-0,1	
7,765	-0,09	
7,77	-0,09	
7,775	-0,06	
7,78	-0,03	
7,785	0	
7,79	0,02	
7,795	0,05	
7,8	0,06	
7,805	0,08	
7,81	0,09	
7,815	0,1	
7,82	0,11	
7,825	0,12	
7,83	0,13	
7,835	0,15	
7,84	0,17	
7,845	0,19	
7,85	0,22	
7,855	0,24	
7,86	0,26	
7,865	0,27	
7,87	0,28	
7,875	0,29	
7,88	0,29	
7,885	0,31	
7,89	0,32	
7,895	0,34	
7,9	0,36	
7,905	0,38	
7,91	0,4	
7,915	0,41	
7,92	0,42	
7,925	0,42	
7,93	0,43	
7,935	0,43	
7,94	0,45	
7,945	0,47	
7,95	0,49	
7,955	0,5	
7,96	0,52	
7,965	0,52	
7,97	0,53	
7,975	0,53	
7,98	0,53	
7,985	0,53	
7,99	0,54	
7,995	0,55	
8,0	0,56	
8,005	0,57	
8,01	0,58	
8,015	0,59	
8,02	0,59	
8,025	0,6	
8,03	0,6	
8,035	0,61	
8,04	0,61	
8,045	0,62	
8,05	0,62	
8,055	0,62	
8,06	0,62	
8,065	0,61	
8,07	0,61	
8,075	0,62	
8,08	0,63	
8,085	0,64	
8,09	0,65	
8,095	0,64	
8,1	0,63	
8,105	0,61	
8,11	0,6	
8,115	0,6	
8,12	0,6	
8,125	0,61	
8,13	0,63	
8,135	0,63	
8,14	0,63	
8,145	0,62	
8,15	0,6	
8,155	0,58	
8,16	0,56	
8,165	0,55	
8,17	0,55	
8,175	0,56	
8,18	0,58	
8,185	0,58	
8,19	0,57	
8,195	0,55	
8,2	0,53	
8,205	0,5	
8,21	0,48	
8,215	0,47	
8,22	0,47	
8,225	0,48	
8,23	0,49	
8,235	0,5	
8,24	0,49	
8,245	0,46	
8,25	0,43	
8,255	0,4	
8,26	0,36	
8,265	0,36	
8,27	0,36	
8,275	0,37	
8,28	0,38	
8,285	0,38	
8,29	0,36	
8,295	0,34	
8,3	0,3	
8,305	0,27	
8,31	0,25	
8,315	0,24	
8,32	0,24	
8,325	0,25	
8,33	0,25	
8,335	0,23	
8,34	0,22	
8,345	0,18	
8,35	0,15	
8,355	0,13	
8,36	0,12	
8,365	0,11	
8,37	0,11	
8,375	0,1	
8,38	0,09	
8,385	0,08	
8,39	0,05	
8,395	0,03	
8,4	0,01	
8,405	-0,01	
8,41	-0,01	
8,415	-0,02	
8,42	-0,03	
8,425	-0,05	
8,43	-0,08	
8,435	-0,1	
8,44	-0,12	
8,445	-0,13	
8,45	-0,14	
8,455	-0,15	
8,46	-0,15	
8,465	-0,15	
8,47	-0,16	
8,475	-0,18	
8,48	-0,2	
8,485	-0,22	
8,49	-0,25	
8,495	-0,26	
8,5	-0,27	
8,505	-0,27	
8,51	-0,27	
8,515	-0,27	
8,52	-0,28	
8,525	-0,3	
8,53	-0,33	
8,535	-0,35	
8,54	-0,37	
8,545	-0,38	
8,55	-0,38	
8,555	-0,38	
8,56	-0,38	
8,565	-0,38	
8,57	-0,39	
8,575	-0,41	
8,58	-0,42	
8,585	-0,45	
8,59	-0,46	
8,595	-0,47	
8,6	-0,48	
8,605	-0,48	
8,61	-0,47	
8,615	-0,47	
8,62	-0,47	
8,625	-0,48	
8,63	-0,49	
8,635	-0,5	
8,64	-0,52	
8,645	-0,53	
8,65	-0,54	
8,655	-0,54	
8,66	-0,54	
8,665	-0,52	
8,67	-0,52	
8,675	-0,52	
8,68	-0,52	
8,685	-0,52	
8,69	-0,54	
8,695	-0,55	
8,7	-0,56	
8,705	-0,56	
8,71	-0,56	
8,715	-0,55	
8,72	-0,54	
8,725	-0,53	
8,73	-0,52	
8,735	-0,53	
8,74	-0,53	
8,745	-0,55	
8,75	-0,56	
8,755	-0,56	
8,76	-0,55	
8,765	-0,54	
8,77	-0,53	
8,775	-0,51	
8,78	-0,5	
8,785	-0,5	
8,79	-0,5	
8,795	-0,51	
8,8	-0,52	
8,805	-0,52	
8,81	-0,52	
8,815	-0,51	
8,82	-0,49	
8,825	-0,47	
8,83	-0,44	
8,835	-0,44	
8,84	-0,44	
8,845	-0,45	
8,85	-0,45	
8,855	-0,45	
8,86	-0,44	
8,865	-0,42	
8,87	-0,4	
8,875	-0,38	
8,88	-0,37	
8,885	-0,36	
8,89	-0,36	
8,895	-0,36	
8,9	-0,36	
8,905	-0,35	
8,91	-0,33	
8,915	-0,32	
8,92	-0,3	
8,925	-0,29	
8,93	-0,28	
8,935	-0,27	
8,94	-0,26	
8,945	-0,26	
8,95	-0,25	
8,955	-0,24	
8,96	-0,22	
8,965	-0,21	
8,97	-0,2	
8,975	-0,19	
8,98	-0,18	
8,985	-0,17	
8,99	-0,16	
8,995	-0,15	
9,0	-0,13	
9,005	-0,11	
9,01	-0,09	
9,015	-0,08	
9,02	-0,08	
9,025	-0,07	
9,03	-0,07	
9,035	-0,07	
9,04	-0,06	
9,045	-0,04	
9,05	-0,02	
9,055	0	
9,06	0,02	
9,065	0,04	
9,07	0,04	
9,075	0,04	
9,08	0,03	
9,085	0,04	
9,09	0,05	
9,095	0,07	
9,1	0,1	
9,105	0,12	
9,11	0,14	
9,115	0,15	
9,12	0,15	
9,125	0,14	
9,13	0,13	
9,135	0,13	
9,14	0,14	
9,145	0,16	
9,15	0,2	
9,155	0,22	
9,16	0,23	
9,165	0,24	
9,17	0,23	
9,175	0,23	
9,18	0,23	
9,185	0,23	
9,19	0,24	
9,195	0,25	
9,2	0,27	
9,205	0,28	
9,21	0,29	
9,215	0,3	
9,22	0,3	
9,225	0,3	
9,23	0,29	
9,235	0,29	
9,24	0,3	
9,245	0,31	
9,25	0,33	
9,255	0,34	
9,26	0,35	
9,265	0,35	
9,27	0,35	
9,275	0,35	
9,28	0,35	
9,285	0,35	
9,29	0,35	
9,295	0,35	
9,3	0,36	
9,305	0,37	
9,31	0,37	
9,315	0,38	
9,32	0,38	
9,325	0,38	
9,33	0,38	
9,335	0,38	
9,34	0,38	
9,345	0,37	
9,35	0,37	
9,355	0,37	
9,36	0,37	
9,365	0,37	
9,37	0,38	
9,375	0,38	
9,38	0,38	
9,385	0,38	
9,39	0,37	
9,395	0,36	
9,4	0,35	
9,405	0,35	
9,41	0,35	
9,415	0,35	
9,42	0,35	
9,425	0,35	
9,43	0,35	
9,435	0,35	
9,44	0,34	
9,445	0,33	
9,45	0,32	
9,455	0,32	
9,46	0,31	
9,465	0,31	
9,47	0,3	
9,475	0,3	
9,48	0,3	
9,485	0,3	
9,49	0,29	
9,495	0,29	
9,5	0,28	
9,505	0,27	
9,51	0,26	
9,515	0,25	
9,52	0,25	
9,525	0,24	
9,53	0,24	
9,535	0,23	
9,54	0,23	
9,545	0,22	
9,55	0,22	
9,555	0,2	
9,56	0,19	
9,565	0,18	
9,57	0,17	
9,575	0,16	
9,58	0,15	
9,585	0,15	
9,59	0,15	
9,595	0,15	
9,6	0,15	
9,605	0,14	
9,61	0,13	
9,615	0,11	
9,62	0,1	
9,625	0,08	
9,63	0,06	
9,635	0,06	
9,64	0,06	
9,645	0,07	
9,65	0,07	
9,655	0,07	
9,66	0,06	
9,665	0,04	
9,67	0,02	
9,675	0	
9,68	-0,01	
9,685	-0,02	
9,69	-0,02	
9,695	-0,01	
9,7	0	
9,705	-0,01	
9,71	-0,02	
9,715	-0,04	
9,72	-0,06	
9,725	-0,08	
9,73	-0,09	
9,735	-0,09	
9,74	-0,09	
9,745	-0,09	
9,75	-0,08	
9,755	-0,08	
9,76	-0,09	
9,765	-0,1	
9,77	-0,12	
9,775	-0,13	
9,78	-0,14	
9,785	-0,14	
9,79	-0,14	
9,795	-0,14	
9,8	-0,14	
9,805	-0,14	
9,81	-0,15	
9,815	-0,16	
9,82	-0,17	
9,825	-0,19	
9,83	-0,19	
9,835	-0,2	
9,84	-0,2	
9,845	-0,2	
9,85	-0,2	
9,855	-0,2	
9,86	-0,21	
9,865	-0,21	
9,87	-0,21	
9,875	-0,22	
9,88	-0,22	
9,885	-0,22	
9,89	-0,22	
9,895	-0,23	
9,9	-0,23	
9,905	-0,24	
9,91	-0,24	
9,915	-0,24	
9,92	-0,24	
9,925	-0,24	
9,93	-0,24	
9,935	-0,24	
9,94	-0,24	
9,945	-0,24	
9,95	-0,25	
9,955	-0,26	
9,96	-0,26	
9,965	-0,26	
9,97	-0,26	
9,975	-0,25	
9,98	-0,24	
9,985	-0,24	
9,99	-0,24	
9,995	-0,25	
10,0	-0,25	
10,005	-0,26	
10,01	-0,26	
10,015	-0,26	
10,02	-0,25	
10,025	-0,24	
10,03	-0,23	
10,035	-0,22	
10,04	-0,22	
10,045	-0,23	
10,05	-0,24	
10,055	-0,25	
10,06	-0,25	
10,065	-0,25	
10,07	-0,23	
10,075	-0,22	
10,08	-0,21	
10,085	-0,2	
10,09	-0,2	
10,095	-0,2	
10,1	-0,2	
10,105	-0,21	
10,11	-0,21	
10,115	-0,21	
10,12	-0,2	
10,125	-0,19	
10,13	-0,18	
10,135	-0,17	
10,14	-0,17	
10,145	-0,17	
10,15	-0,18	
10,155	-0,18	
10,16	-0,18	
10,165	-0,18	
10,17	-0,18	
10,175	-0,17	
10,18	-0,15	
10,185	-0,14	
10,19	-0,13	
10,195	-0,13	
10,2	-0,13	
10,205	-0,13	
10,21	-0,13	
10,215	-0,13	
10,22	-0,13	
10,225	-0,13	
10,23	-0,12	
10,235	-0,11	
10,24	-0,1	
10,245	-0,09	
10,25	-0,09	
10,255	-0,09	
10,26	-0,09	
10,265	-0,09	
10,27	-0,09	
10,275	-0,09	
10,28	-0,08	
10,285	-0,07	
10,29	-0,06	
10,295	-0,05	
10,3	-0,05	
10,305	-0,04	
10,31	-0,04	
10,315	-0,05	
10,32	-0,05	
10,325	-0,05	
10,33	-0,04	
10,335	-0,04	
10,34	-0,03	
10,345	-0,02	
10,35	-0,01	
10,355	-0,01	
10,36	-0,01	
10,365	-0,01	
10,37	-0,01	
10,375	-0,01	
10,38	-0,01	
10,385	0	
10,39	0,01	
10,395	0,01	
10,4	0,02	
10,405	0,02	
10,41	0,03	
10,415	0,02	
10,42	0,03	
10,425	0,03	
10,43	0,03	
10,435	0,03	
10,44	0,04	
10,445	0,03	
10,45	0,03	
10,455	0,03	
10,46	0,04	
10,465	0,05	
10,47	0,05	
10,475	0,06	
10,48	0,06	
10,485	0,06	
10,49	0,05	
10,495	0,04	
10,5	0,04	
10,505	0,05	
10,51	0,06	
10,515	0,06	
10,52	0,07	
10,525	0,08	
10,53	0,08	
10,535	0,07	
10,54	0,06	
10,545	0,05	
10,55	0,05	
10,555	0,05	
10,56	0,06	
10,565	0,07	
10,57	0,08	
10,575	0,09	
10,58	0,09	
10,585	0,08	
10,59	0,07	
10,595	0,06	
10,6	0,06	
10,605	0,06	
10,61	0,07	
10,615	0,08	
10,62	0,09	
10,625	0,09	
10,63	0,09	
10,635	0,09	
10,64	0,08	
10,645	0,07	
10,65	0,06	
10,655	0,05	
10,66	0,06	
10,665	0,07	
10,67	0,07	
10,675	0,08	
10,68	0,08	
10,685	0,08	
10,69	0,07	
10,695	0,06	
10,7	0,05	
10,705	0,05	
10,71	0,06	
10,715	0,06	
10,72	0,07	
10,725	0,08	
10,73	0,08	
10,735	0,07	
10,74	0,07	
10,745	0,06	
10,75	0,06	
10,755	0,05	
10,76	0,05	
10,765	0,06	
10,77	0,06	
10,775	0,06	
10,78	0,06	
10,785	0,06	
10,79	0,06	
10,795	0,06	
10,8	0,06	
10,805	0,06	
10,81	0,05	
10,815	0,05	
10,82	0,05	
10,825	0,06	
10,83	0,05	
10,835	0,06	
10,84	0,06	
10,845	0,06	
10,85	0,06	
10,855	0,06	
10,86	0,06	
10,865	0,05	
10,87	0,05	
10,875	0,05	
10,88	0,04	
10,885	0,04	
10,89	0,04	
10,895	0,05	
10,9	0,05	
10,905	0,05	
10,91	0,05	
10,915	0,05	
10,92	0,04	
10,925	0,04	
10,93	0,03	
10,935	0,04	
10,94	0,04	
10,945	0,05	
10,95	0,06	
10,955	0,06	
10,96	0,06	
10,965	0,06	
10,97	0,05	
10,975	0,04	
10,98	0,04	
10,985	0,04	
10,99	0,03	
10,995	0,04	
11,0	0,05	
11,005	0,05	
11,01	0,07	
11,015	0,07	
11,02	0,06	
11,025	0,06	
11,03	0,05	
11,035	0,04	
11,04	0,04	
11,045	0,05	
11,05	0,05	
11,055	0,06	
11,06	0,07	
11,065	0,07	
11,07	0,07	
11,075	0,07	
11,08	0,06	
11,085	0,05	
11,09	0,04	
11,095	0,05	
11,1	0,05	
11,105	0,06	
11,11	0,07	
11,115	0,08	
11,12	0,08	
11,125	0,08	
11,13	0,07	
11,135	0,06	
11,14	0,06	
11,145	0,05	
11,15	0,05	
11,155	0,06	
11,16	0,07	
11,165	0,08	
11,17	0,08	
11,175	0,08	
11,18	0,08	
11,185	0,07	
11,19	0,06	
11,195	0,06	
11,2	0,06	
11,205	0,07	
11,21	0,07	
11,215	0,08	
11,22	0,09	
11,225	0,09	
11,23	0,08	
11,235	0,08	
11,24	0,07	
11,245	0,06	
11,25	0,06	
11,255	0,06	
11,26	0,07	
11,265	0,07	
11,27	0,07	
11,275	0,08	
11,28	0,07	
11,285	0,07	
11,29	0,06	
11,295	0,06	
11,3	0,06	
11,305	0,06	
11,31	0,06	
11,315	0,06	
11,32	0,06	
11,325	0,06	
11,33	0,06	
11,335	0,05	
11,34	0,05	
11,345	0,06	
11,35	0,05	
11,355	0,05	
11,36	0,05	
11,365	0,04	
11,37	0,04	
11,375	0,04	
11,38	0,04	
11,385	0,04	
11,39	0,04	
11,395	0,04	
11,4	0,04	
11,405	0,04	
11,41	0,03	
11,415	0,02	
11,42	0,01	
11,425	0,01	
11,43	0,01	
11,435	0,01	
11,44	0,02	
11,445	0,02	
11,45	0,02	
11,455	0,02	
11,46	0,01	
11,465	0	
11,47	-0,01	
11,475	-0,02	
11,48	-0,02	
11,485	-0,02	
11,49	-0,02	
11,495	-0,01	
11,5	-0,01	
11,505	-0,01	
11,51	-0,02	
11,515	-0,03	
11,52	-0,05	
11,525	-0,06	
11,53	-0,06	
11,535	-0,06	
11,54	-0,06	
11,545	-0,05	
11,55	-0,05	
11,555	-0,05	
11,56	-0,06	
11,565	-0,07	
11,57	-0,08	
11,575	-0,1	
11,58	-0,11	
11,585	-0,11	
11,59	-0,1	
11,595	-0,1	
11,6	-0,09	
11,605	-0,1	
11,61	-0,1	
11,615	-0,11	
11,62	-0,12	
11,625	-0,14	
11,63	-0,14	
11,635	-0,15	
11,64	-0,14	
11,645	-0,14	
11,65	-0,13	
11,655	-0,13	
11,66	-0,14	
11,665	-0,15	
11,67	-0,16	
11,675	-0,18	
11,68	-0,18	
11,685	-0,19	
11,69	-0,18	
11,695	-0,18	
11,7	-0,17	
11,705	-0,17	
11,71	-0,17	
11,715	-0,18	
11,72	-0,19	
11,725	-0,2	
11,73	-0,2	
11,735	-0,21	
11,74	-0,21	
11,745	-0,21	
11,75	-0,21	
11,755	-0,21	
11,76	-0,21	
11,765	-0,21	
11,77	-0,22	
11,775	-0,22	
11,78	-0,23	
11,785	-0,23	
11,79	-0,23	
11,795	-0,23	
11,8	-0,23	
11,805	-0,23	
11,81	-0,23	
11,815	-0,23	
11,82	-0,23	
11,825	-0,23	
11,83	-0,24	
11,835	-0,24	
11,84	-0,24	
11,845	-0,24	
11,85	-0,24	
11,855	-0,24	
11,86	-0,24	
11,865	-0,24	
11,87	-0,24	
11,875	-0,24	
11,88	-0,23	
11,885	-0,23	
11,89	-0,23	
11,895	-0,23	
11,9	-0,23	
11,905	-0,23	
11,91	-0,23	
11,915	-0,23	
11,92	-0,22	
11,925	-0,22	
11,93	-0,22	
11,935	-0,21	
11,94	-0,21	
11,945	-0,21	
11,95	-0,21	
11,955	-0,2	
11,96	-0,21	
11,965	-0,21	
11,97	-0,2	
11,975	-0,2	
11,98	-0,19	
11,985	-0,18	
11,99	-0,18	
11,995	-0,17	
12,0	-0,17	
12,005	-0,17	
12,01	-0,17	
12,015	-0,17	
12,02	-0,16	
12,025	-0,16	
12,03	-0,15	
12,035	-0,14	
12,04	-0,13	
12,045	-0,12	
12,05	-0,12	
12,055	-0,12	
12,06	-0,12	
12,065	-0,12	
12,07	-0,11	
12,075	-0,11	
12,08	-0,1	
12,085	-0,08	
12,09	-0,07	
12,095	-0,06	
12,1	-0,05	
12,105	-0,05	
12,11	-0,05	
12,115	-0,05	
12,12	-0,05	
12,125	-0,04	
12,13	-0,03	
12,135	-0,02	
12,14	-0,01	
12,145	0,01	
12,15	0,02	
12,155	0,02	
12,16	0,02	
12,165	0,03	
12,17	0,03	
12,175	0,03	
12,18	0,04	
12,185	0,06	
12,19	0,07	
12,195	0,08	
12,2	0,09	
12,205	0,09	
12,21	0,1	
12,215	0,1	
12,22	0,11	
12,225	0,12	
12,23	0,13	
12,235	0,14	
12,24	0,15	
12,245	0,16	
12,25	0,17	
12,255	0,18	
12,26	0,18	
12,265	0,19	
12,27	0,19	
12,275	0,19	
12,28	0,19	
12,285	0,2	
12,29	0,21	
12,295	0,22	
12,3	0,23	
12,305	0,25	
12,31	0,25	
12,315	0,26	
12,32	0,27	
12,325	0,27	
12,33	0,28	
12,335	0,28	
12,34	0,28	
12,345	0,28	
12,35	0,29	
12,355	0,3	
12,36	0,3	
12,365	0,31	
12,37	0,32	
12,375	0,32	
12,38	0,33	
12,385	0,33	
12,39	0,33	
12,395	0,33	
12,4	0,33	
12,405	0,34	
12,41	0,35	
12,415	0,35	
12,42	0,36	
12,425	0,36	
12,43	0,37	
12,435	0,36	
12,44	0,36	
12,445	0,36	
12,45	0,36	
12,455	0,36	
12,46	0,36	
12,465	0,37	
12,47	0,38	
12,475	0,38	
12,48	0,38	
12,485	0,38	
12,49	0,37	
12,495	0,37	
12,5	0,37	
12,505	0,36	
12,51	0,36	
12,515	0,36	
12,52	0,37	
12,525	0,37	
12,53	0,38	
12,535	0,37	
12,54	0,37	
12,545	0,36	
12,55	0,35	
12,555	0,35	
12,56	0,34	
12,565	0,34	
12,57	0,34	
12,575	0,34	
12,58	0,34	
12,585	0,34	
12,59	0,33	
12,595	0,32	
12,6	0,31	
12,605	0,3	
12,61	0,29	
12,615	0,29	
12,62	0,29	
12,625	0,29	
12,63	0,29	
12,635	0,29	
12,64	0,28	
12,645	0,27	
12,65	0,25	
12,655	0,24	
12,66	0,23	
12,665	0,22	
12,67	0,22	
12,675	0,21	
12,68	0,21	
12,685	0,21	
12,69	0,2	
12,695	0,19	
12,7	0,17	
12,705	0,16	
12,71	0,14	
12,715	0,13	
12,72	0,12	
12,725	0,12	
12,73	0,11	
12,735	0,11	
12,74	0,1	
12,745	0,1	
12,75	0,08	
12,755	0,07	
12,76	0,05	
12,765	0,04	
12,77	0,03	
12,775	0,02	
12,78	0,01	
12,785	0	
12,79	-0,02	
12,795	-0,03	
12,8	-0,04	
12,805	-0,05	
12,81	-0,06	
12,815	-0,07	
12,82	-0,09	
12,825	-0,1	
12,83	-0,11	
12,835	-0,12	
12,84	-0,13	
12,845	-0,14	
12,85	-0,15	
12,855	-0,15	
12,86	-0,17	
12,865	-0,18	
12,87	-0,19	
12,875	-0,21	
12,88	-0,22	
12,885	-0,23	
12,89	-0,24	
12,895	-0,25	
12,9	-0,26	
12,905	-0,27	
12,91	-0,27	
12,915	-0,28	
12,92	-0,29	
12,925	-0,31	
12,93	-0,32	
12,935	-0,33	
12,94	-0,34	
12,945	-0,35	
12,95	-0,36	
12,955	-0,36	
12,96	-0,36	
12,965	-0,37	
12,97	-0,38	
12,975	-0,39	
12,98	-0,4	
12,985	-0,42	
12,99	-0,43	
12,995	-0,44	
13,0	-0,44	
13,005	-0,44	
13,01	-0,44	
13,015	-0,45	
13,02	-0,45	
13,025	-0,46	
13,03	-0,47	
13,035	-0,48	
13,04	-0,49	
13,045	-0,49	
13,05	-0,49	
13,055	-0,5	
13,06	-0,5	
13,065	-0,49	
13,07	-0,5	
13,075	-0,5	
13,08	-0,5	
13,085	-0,51	
13,09	-0,52	
13,095	-0,52	
13,1	-0,52	
13,105	-0,52	
13,11	-0,52	
13,115	-0,52	
13,12	-0,52	
13,125	-0,52	
13,13	-0,51	
13,135	-0,52	
13,14	-0,52	
13,145	-0,52	
13,15	-0,52	
13,155	-0,51	
13,16	-0,51	
13,165	-0,51	
13,17	-0,5	
13,175	-0,5	
13,18	-0,49	
13,185	-0,49	
13,19	-0,49	
13,195	-0,49	
13,2	-0,48	
13,205	-0,48	
13,21	-0,47	
13,215	-0,46	
13,22	-0,45	
13,225	-0,45	
13,23	-0,44	
13,235	-0,43	
13,24	-0,42	
13,245	-0,41	
13,25	-0,41	
13,255	-0,4	
13,26	-0,39	
13,265	-0,39	
13,27	-0,38	
13,275	-0,36	
13,28	-0,35	
13,285	-0,34	
13,29	-0,33	
13,295	-0,32	
13,3	-0,31	
13,305	-0,3	
13,31	-0,29	
13,315	-0,29	
13,32	-0,27	
13,325	-0,26	
13,33	-0,25	
13,335	-0,24	
13,34	-0,22	
13,345	-0,21	
13,35	-0,2	
13,355	-0,18	
13,36	-0,17	
13,365	-0,16	
13,37	-0,14	
13,375	-0,13	
13,38	-0,12	
13,385	-0,11	
13,39	-0,09	
13,395	-0,08	
13,4	-0,06	
13,405	-0,05	
13,41	-0,03	
13,415	-0,02	
13,42	-0,01	
13,425	0	
13,43	0,01	
13,435	0,04	
13,44	0,05	
13,445	0,06	
13,45	0,08	
13,455	0,1	
13,46	0,12	
13,465	0,13	
13,47	0,15	
13,475	0,15	
13,48	0,17	
13,485	0,18	
13,49	0,19	
13,495	0,2	
13,5	0,22	
13,505	0,24	
13,51	0,26	
13,515	0,28	
13,52	0,28	
13,525	0,29	
13,53	0,3	
13,535	0,31	
13,54	0,32	
13,545	0,33	
13,55	0,35	
13,555	0,36	
13,56	0,38	
13,565	0,4	
13,57	0,41	
13,575	0,42	
13,58	0,43	
13,585	0,43	
13,59	0,44	
13,595	0,45	
13,6	0,47	
13,605	0,48	
13,61	0,5	
13,615	0,51	
13,62	0,51	
13,625	0,52	
13,63	0,52	
13,635	0,53	
13,64	0,54	
13,645	0,54	
13,65	0,55	
13,655	0,56	
13,66	0,57	
13,665	0,58	
13,67	0,58	
13,675	0,59	
13,68	0,59	
13,685	0,59	
13,69	0,6	
13,695	0,6	
13,7	0,61	
13,705	0,61	
13,71	0,61	
13,715	0,62	
13,72	0,62	
13,725	0,62	
13,73	0,63	
13,735	0,63	
13,74	0,63	
13,745	0,63	
13,75	0,63	
13,755	0,62	
13,76	0,63	
13,765	0,63	
13,77	0,63	
13,775	0,63	
13,78	0,63	
13,785	0,62	
13,79	0,63	
13,795	0,62	
13,8	0,61	
13,805	0,61	
13,81	0,6	
13,815	0,6	
13,82	0,59	
13,825	0,59	
13,83	0,59	
13,835	0,58	
13,84	0,57	
13,845	0,56	
13,85	0,55	
13,855	0,54	
13,86	0,53	
13,865	0,52	
13,87	0,51	
13,875	0,5	
13,88	0,5	
13,885	0,49	
13,89	0,48	
13,895	0,47	
13,9	0,46	
13,905	0,45	
13,91	0,44	
13,915	0,42	
13,92	0,4	
13,925	0,39	
13,93	0,38	
13,935	0,37	
13,94	0,36	
13,945	0,35	
13,95	0,33	
13,955	0,32	
13,96	0,3	
13,965	0,29	
13,97	0,27	
13,975	0,26	
13,98	0,25	
13,985	0,24	
13,99	0,22	
13,995	0,21	
14,0	0,19	
14,005	0,17	
14,01	0,15	
14,015	0,13	
14,02	0,11	
14,025	0,09	
14,03	0,08	
14,035	0,07	
14,04	0,06	
14,045	0,04	
14,05	0,02	
14,055	0,01	
14,06	-0,01	
14,065	-0,03	
14,07	-0,05	
14,075	-0,07	
14,08	-0,09	
14,085	-0,11	
14,09	-0,12	
14,095	-0,14	
14,1	-0,15	
14,105	-0,17	
14,11	-0,18	
14,115	-0,2	
14,12	-0,22	
14,125	-0,24	
14,13	-0,26	
14,135	-0,27	
14,14	-0,29	
14,145	-0,3	
14,15	-0,31	
14,155	-0,33	
14,16	-0,34	
14,165	-0,37	
14,17	-0,39	
14,175	-0,4	
14,18	-0,42	
14,185	-0,43	
14,19	-0,44	
14,195	-0,45	
14,2	-0,47	
14,205	-0,48	
14,21	-0,49	
14,215	-0,51	
14,22	-0,52	
14,225	-0,54	
14,23	-0,55	
14,235	-0,56	
14,24	-0,56	
14,245	-0,57	
14,25	-0,59	
14,255	-0,6	
14,26	-0,61	
14,265	-0,62	
14,27	-0,63	
14,275	-0,63	
14,28	-0,64	
14,285	-0,65	
14,29	-0,66	
14,295	-0,67	
14,3	-0,68	
14,305	-0,68	
14,31	-0,68	
14,315	-0,69	
14,32	-0,69	
14,325	-0,7	
14,33	-0,71	
14,335	-0,71	
14,34	-0,72	
14,345	-0,72	
14,35	-0,73	
14,355	-0,73	
14,36	-0,73	
14,365	-0,73	
14,37	-0,73	
14,375	-0,73	
14,38	-0,73	
14,385	-0,73	
14,39	-0,73	
14,395	-0,73	
14,4	-0,72	
14,405	-0,73	
14,41	-0,72	
14,415	-0,72	
14,42	-0,72	
14,425	-0,71	
14,43	-0,71	
14,435	-0,7	
14,44	-0,7	
14,445	-0,69	
14,45	-0,69	
14,455	-0,68	
14,46	-0,68	
14,465	-0,67	
14,47	-0,66	
14,475	-0,65	
14,48	-0,64	
14,485	-0,63	
14,49	-0,62	
14,495	-0,61	
14,5	-0,6	
14,505	-0,59	
14,51	-0,59	
14,515	-0,58	
14,52	-0,57	
14,525	-0,55	
14,53	-0,53	
14,535	-0,52	
14,54	-0,5	
14,545	-0,49	
14,55	-0,48	
14,555	-0,47	
14,56	-0,45	
14,565	-0,44	
14,57	-0,42	
14,575	-0,4	
14,58	-0,39	
14,585	-0,37	
14,59	-0,36	
14,595	-0,34	
14,6	-0,33	
14,605	-0,31	
14,61	-0,29	
14,615	-0,28	
14,62	-0,26	
14,625	-0,24	
14,63	-0,23	
14,635	-0,21	
14,64	-0,19	
14,645	-0,17	
14,65	-0,14	
14,655	-0,12	
14,66	-0,11	
14,665	-0,09	
14,67	-0,07	
14,675	-0,06	
14,68	-0,04	
14,685	-0,02	
14,69	0	
14,695	0,02	
14,7	0,04	
14,705	0,06	
14,71	0,08	
14,715	0,1	
14,72	0,12	
14,725	0,14	
14,73	0,16	
14,735	0,18	
14,74	0,2	
14,745	0,21	
14,75	0,23	
14,755	0,25	
14,76	0,27	
14,765	0,28	
14,77	0,3	
14,775	0,32	
14,78	0,34	
14,785	0,35	
14,79	0,37	
14,795	0,38	
14,8	0,4	
14,805	0,42	
14,81	0,44	
14,815	0,46	
14,82	0,48	
14,825	0,5	
14,83	0,51	
14,835	0,53	
14,84	0,54	
14,845	0,55	
14,85	0,56	
14,855	0,57	
14,86	0,59	
14,865	0,6	
14,87	0,62	
14,875	0,63	
14,88	0,64	
14,885	0,66	
14,89	0,67	
14,895	0,68	
14,9	0,69	
14,905	0,7	
14,91	0,71	
14,915	0,72	
14,92	0,73	
14,925	0,74	
14,93	0,75	
14,935	0,75	
14,94	0,76	
14,945	0,76	
14,95	0,77	
14,955	0,77	
14,96	0,78	
14,965	0,78	
14,97	0,79	
14,975	0,8	
14,98	0,8	
14,985	0,8	
14,99	0,8	
14,995	0,8	
15,0	0,8	
15,005	0,8	
15,01	0,8	
15,015	0,8	
15,02	0,8	
15,025	0,8	
15,03	0,8	
15,035	0,8	
15,04	0,8	
15,045	0,79	
15,05	0,79	
15,055	0,78	
15,06	0,77	
15,065	0,77	
15,07	0,76	
15,075	0,76	
15,08	0,76	
15,085	0,75	
15,09	0,75	
15,095	0,74	
15,1	0,73	
15,105	0,72	
15,11	0,7	
15,115	0,69	
15,12	0,68	
15,125	0,67	
15,13	0,67	
15,135	0,65	
15,14	0,64	
15,145	0,63	
15,15	0,62	
15,155	0,6	
15,16	0,58	
15,165	0,57	
15,17	0,56	
15,175	0,55	
15,18	0,53	
15,185	0,52	
15,19	0,5	
15,195	0,49	
15,2	0,47	
15,205	0,45	
15,21	0,43	
15,215	0,41	
15,22	0,39	
15,225	0,37	
15,23	0,35	
15,235	0,34	
15,24	0,32	
15,245	0,31	
15,25	0,29	
15,255	0,27	
15,26	0,25	
15,265	0,23	
15,27	0,21	
15,275	0,18	
15,28	0,16	
15,285	0,15	
15,29	0,13	
15,295	0,11	
15,3	0,09	
15,305	0,07	
15,31	0,05	
15,315	0,03	
15,32	0,01	
15,325	-0,01	
15,33	-0,03	
15,335	-0,06	
15,34	-0,08	
15,345	-0,1	
15,35	-0,12	
15,355	-0,14	
15,36	-0,16	
15,365	-0,18	
15,37	-0,2	
15,375	-0,24	
15,38	-0,25	
15,385	-0,27	
15,39	-0,29	
15,395	-0,3	
15,4	-0,32	
15,405	-0,34	
15,41	-0,35	
15,415	-0,37	
15,42	-0,39	
15,425	-0,41	
15,43	-0,43	
15,435	-0,45	
15,44	-0,47	
15,445	-0,48	
15,45	-0,5	
15,455	-0,52	
15,46	-0,54	
15,465	-0,55	
15,47	-0,57	
15,475	-0,59	
15,48	-0,61	
15,485	-0,62	
15,49	-0,63	
15,495	-0,65	
15,5	-0,66	
15,505	-0,67	
15,51	-0,68	
15,515	-0,69	
15,52	-0,71	
15,525	-0,72	
15,53	-0,73	
15,535	-0,74	
15,54	-0,76	
15,545	-0,77	
15,55	-0,78	
15,555	-0,78	
15,56	-0,79	
15,565	-0,8	
15,57	-0,81	
15,575	-0,81	
15,58	-0,82	
15,585	-0,83	
15,59	-0,83	
15,595	-0,84	
15,6	-0,84	
15,605	-0,85	
15,61	-0,85	
15,615	-0,85	
15,62	-0,85	
15,625	-0,85	
15,63	-0,85	
15,635	-0,85	
15,64	-0,86	
15,645	-0,86	
15,65	-0,86	
15,655	-0,87	
15,66	-0,86	
15,665	-0,86	
15,67	-0,85	
15,675	-0,85	
15,68	-0,84	
15,685	-0,84	
15,69	-0,83	
15,695	-0,83	
15,7	-0,82	
15,705	-0,82	
15,71	-0,81	
15,715	-0,8	
15,72	-0,79	
15,725	-0,78	
15,73	-0,77	
15,735	-0,76	
15,74	-0,75	
15,745	-0,75	
15,75	-0,74	
15,755	-0,72	
15,76	-0,71	
15,765	-0,7	
15,77	-0,69	
15,775	-0,67	
15,78	-0,66	
15,785	-0,65	
15,79	-0,63	
15,795	-0,62	
15,8	-0,6	
15,805	-0,58	
15,81	-0,57	
15,815	-0,55	
15,82	-0,54	
15,825	-0,52	
15,83	-0,51	
15,835	-0,49	
15,84	-0,47	
15,845	-0,45	
15,85	-0,43	
15,855	-0,42	
15,86	-0,39	
15,865	-0,37	
15,87	-0,36	
15,875	-0,34	
15,88	-0,32	
15,885	-0,3	
15,89	-0,27	
15,895	-0,25	
15,9	-0,23	
15,905	-0,21	
15,91	-0,19	
15,915	-0,17	
15,92	-0,15	
15,925	-0,13	
15,93	-0,11	
15,935	-0,09	
15,94	-0,1	
15,945	-0,04	
15,95	-0,02	
15,955	0	
15,96	0,02	
15,965	0,05	
15,97	0,07	
15,975	0,09	
15,98	0,1	
15,985	0,13	
15,99	0,15	
15,995	0,17	
16,0	0,19	
16,005	0,21	
16,01	0,24	
16,015	0,26	
16,02	0,28	
16,025	0,31	
16,03	0,33	
16,035	0,35	
16,04	0,36	
16,045	0,38	
16,05	0,4	
16,055	0,42	
16,06	0,44	
16,065	0,46	
16,07	0,48	
16,075	0,5	
16,08	0,51	
16,085	0,53	
16,09	0,54	
16,095	0,56	
16,1	0,58	
16,105	0,6	
16,11	0,62	
16,115	0,63	
16,12	0,65	
16,125	0,66	
16,13	0,68	
16,135	0,69	
16,14	0,7	
16,145	0,71	
16,15	0,72	
16,155	0,73	
16,16	0,74	
16,165	0,76	
16,17	0,77	
16,175	0,78	
16,18	0,79	
16,185	0,8	
16,19	0,81	
16,195	0,82	
16,2	0,82	
16,205	0,83	
16,21	0,83	
16,215	0,84	
16,22	0,85	
16,225	0,86	
16,23	0,87	
16,235	0,87	
16,24	0,87	
16,245	0,87	
16,25	0,87	
16,255	0,87	
16,26	0,87	
16,265	0,88	
16,27	0,88	
16,275	0,89	
16,28	0,89	
16,285	0,89	
16,29	0,88	
16,295	0,88	
16,3	0,87	
16,305	0,87	
16,31	0,86	
16,315	0,86	
16,32	0,85	
16,325	0,85	
16,33	0,85	
16,335	0,84	
16,34	0,84	
16,345	0,82	
16,35	0,81	
16,355	0,81	
16,36	0,79	
16,365	0,78	
16,37	0,77	
16,375	0,77	
16,38	0,75	
16,385	0,74	
16,39	0,73	
16,395	0,72	
16,4	0,71	
16,405	0,7	
16,41	0,68	
16,415	0,66	
16,42	0,65	
16,425	0,63	
16,43	0,61	
16,435	0,6	
16,44	0,59	
16,445	0,57	
16,45	0,56	
16,455	0,54	
16,46	0,52	
16,465	0,5	
16,47	0,48	
16,475	0,47	
16,48	0,45	
16,485	0,43	
16,49	0,41	
16,495	0,39	
16,5	0,38	
16,505	0,36	
16,51	0,33	
16,515	0,3	
16,52	0,28	
16,525	0,26	
16,53	0,24	
16,535	0,22	
16,54	0,2	
16,545	0,18	
16,55	0,16	
16,555	0,14	
16,56	0,12	
16,565	0,1	
16,57	0,08	
16,575	0,05	
16,58	0,03	
16,585	0	
16,59	-0,03	
16,595	-0,05	
16,6	-0,07	
16,605	-0,08	
16,61	-0,1	
16,615	-0,13	
16,62	-0,15	
16,625	-0,17	
16,63	-0,19	
16,635	-0,22	
16,64	-0,23	
16,645	-0,25	
16,65	-0,27	
16,655	-0,29	
16,66	-0,31	
16,665	-0,33	
16,67	-0,36	
16,675	-0,38	
16,68	-0,4	
16,685	-0,42	
16,69	-0,44	
16,695	-0,46	
16,7	-0,47	
16,705	-0,49	
16,71	-0,51	
16,715	-0,52	
16,72	-0,54	
16,725	-0,56	
16,73	-0,58	
16,735	-0,59	
16,74	-0,61	
16,745	-0,63	
16,75	-0,64	
16,755	-0,66	
16,76	-0,67	
16,765	-0,68	
16,77	-0,7	
16,775	-0,71	
16,78	-0,72	
16,785	-0,74	
16,79	-0,75	
16,795	-0,76	
16,8	-0,77	
16,805	-0,78	
16,81	-0,79	
16,815	-0,8	
16,82	-0,8	
16,825	-0,81	
16,83	-0,83	
16,835	-0,83	
16,84	-0,84	
16,845	-0,85	
16,85	-0,85	
16,855	-0,86	
16,86	-0,87	
16,865	-0,87	
16,87	-0,87	
16,875	-0,87	
16,88	-0,87	
16,885	-0,87	
16,89	-0,87	
16,895	-0,88	
16,9	-0,88	
16,905	-0,88	
16,91	-0,88	
16,915	-0,88	
16,92	-0,87	
16,925	-0,87	
16,93	-0,87	
16,935	-0,87	
16,94	-0,87	
16,945	-0,86	
16,95	-0,86	
16,955	-0,85	
16,96	-0,85	
16,965	-0,84	
16,97	-0,83	
16,975	-0,82	
16,98	-0,82	
16,985	-0,8	
16,99	-0,8	
16,995	-0,78	
17,0	-0,77	
17,005	-0,77	
17,01	-0,75	
17,015	-0,74	
17,02	-0,73	
17,025	-0,72	
17,03	-0,71	
17,035	-0,7	
17,04	-0,68	
17,045	-0,67	
17,05	-0,65	
17,055	-0,63	
17,06	-0,62	
17,065	-0,61	
17,07	-0,59	
17,075	-0,58	
17,08	-0,56	
17,085	-0,54	
17,09	-0,52	
17,095	-0,5	
17,1	-0,48	
17,105	-0,46	
17,11	-0,45	
17,115	-0,43	
17,12	-0,42	
17,125	-0,4	
17,13	-0,39	
17,135	-0,36	
17,14	-0,34	
17,145	-0,32	
17,15	-0,29	
17,155	-0,26	
17,16	-0,24	
17,165	-0,23	
17,17	-0,21	
17,175	-0,19	
17,18	-0,17	
17,185	-0,15	
17,19	-0,13	
17,195	-0,11	
17,2	-0,08	
17,205	-0,06	
17,21	-0,04	
17,215	-0,02	
17,22	0	
17,225	0,02	
17,23	0,04	
17,235	0,07	
17,24	0,09	
17,245	0,11	
17,25	0,13	
17,255	0,16	
17,26	0,18	
17,265	0,2	
17,27	0,22	
17,275	0,24	
17,28	0,25	
17,285	0,27	
17,29	0,29	
17,295	0,31	
17,3	0,33	
17,305	0,35	
17,31	0,37	
17,315	0,4	
17,32	0,41	
17,325	0,43	
17,33	0,45	
17,335	0,47	
17,34	0,48	
17,345	0,5	
17,35	0,52	
17,355	0,54	
17,36	0,55	
17,365	0,57	
17,37	0,59	
17,375	0,6	
17,38	0,61	
17,385	0,63	
17,39	0,64	
17,395	0,66	
17,4	0,67	
17,405	0,68	
17,41	0,7	
17,415	0,71	
17,42	0,72	
17,425	0,73	
17,43	0,74	
17,435	0,75	
17,44	0,76	
17,445	0,77	
17,45	0,77	
17,455	0,78	
17,46	0,79	
17,465	0,8	
17,47	0,81	
17,475	0,81	
17,48	0,82	
17,485	0,83	
17,49	0,83	
17,495	0,83	
17,5	0,84	
17,505	0,84	
17,51	0,84	
17,515	0,85	
17,52	0,85	
17,525	0,85	
17,53	0,85	
17,535	0,85	
17,54	0,85	
17,545	0,85	
17,55	0,84	
17,555	0,84	
17,56	0,83	
17,565	0,83	
17,57	0,83	
17,575	0,83	
17,58	0,82	
17,585	0,82	
17,59	0,81	
17,595	0,81	
17,6	0,8	
17,605	0,79	
17,61	0,79	
17,615	0,78	
17,62	0,77	
17,625	0,76	
17,63	0,75	
17,635	0,75	
17,64	0,73	
17,645	0,72	
17,65	0,71	
17,655	0,69	
17,66	0,68	
17,665	0,67	
17,67	0,66	
17,675	0,65	
17,68	0,64	
17,685	0,62	
17,69	0,61	
17,695	0,59	
17,7	0,58	
17,705	0,56	
17,71	0,55	
17,715	0,52	
17,72	0,5	
17,725	0,49	
17,73	0,47	
17,735	0,45	
17,74	0,44	
17,745	0,43	
17,75	0,4	
17,755	0,38	
17,76	0,37	
17,765	0,35	
17,77	0,33	
17,775	0,31	
17,78	0,29	
17,785	0,28	
17,79	0,26	
17,795	0,24	
17,8	0,21	
17,805	0,18	
17,81	0,17	
17,815	0,14	
17,82	0,13	
17,825	0,11	
17,83	0,09	
17,835	0,07	
17,84	0,05	
17,845	0,03	
17,85	0,01	
17,855	-0,01	
17,86	-0,03	
17,865	-0,05	
17,87	-0,07	
17,875	-0,09	
17,88	-0,08	
17,885	-0,14	
17,89	-0,16	
17,895	-0,18	
17,9	-0,21	
17,905	-0,22	
17,91	-0,24	
17,915	-0,26	
17,92	-0,27	
17,925	-0,29	
17,93	-0,31	
17,935	-0,33	
17,94	-0,35	
17,945	-0,37	
17,95	-0,38	
17,955	-0,4	
17,96	-0,41	
17,965	-0,44	
17,97	-0,45	
17,975	-0,47	
17,98	-0,48	
17,985	-0,5	
17,99	-0,52	
17,995	-0,53	
18,0	-0,55	
18,005	-0,56	
18,01	-0,58	
18,015	-0,59	
18,02	-0,59	
18,025	-0,6	
18,03	-0,62	
18,035	-0,63	
18,04	-0,64	
18,045	-0,67	
18,05	-0,68	
18,055	-0,69	
18,06	-0,7	
18,065	-0,7	
18,07	-0,71	
18,075	-0,71	
18,08	-0,72	
18,085	-0,73	
18,09	-0,74	
18,095	-0,75	
18,1	-0,76	
18,105	-0,77	
18,11	-0,77	
18,115	-0,77	
18,12	-0,77	
18,125	-0,77	
18,13	-0,78	
18,135	-0,78	
18,14	-0,79	
18,145	-0,79	
18,15	-0,8	
18,155	-0,8	
18,16	-0,8	
18,165	-0,8	
18,17	-0,8	
18,175	-0,79	
18,18	-0,79	
18,185	-0,79	
18,19	-0,78	
18,195	-0,78	
18,2	-0,78	
18,205	-0,78	
18,21	-0,78	
18,215	-0,77	
18,22	-0,76	
18,225	-0,76	
18,23	-0,75	
18,235	-0,74	
18,24	-0,73	
18,245	-0,73	
18,25	-0,72	
18,255	-0,71	
18,26	-0,71	
18,265	-0,69	
18,27	-0,68	
18,275	-0,67	
18,28	-0,66	
18,285	-0,64	
18,29	-0,64	
18,295	-0,63	
18,3	-0,62	
18,305	-0,61	
18,31	-0,6	
18,315	-0,59	
18,32	-0,57	
18,325	-0,56	
18,33	-0,54	
18,335	-0,53	
18,34	-0,51	
18,345	-0,5	
18,35	-0,48	
18,355	-0,47	
18,36	-0,45	
18,365	-0,43	
18,37	-0,41	
18,375	-0,4	
18,38	-0,38	
18,385	-0,37	
18,39	-0,35	
18,395	-0,33	
18,4	-0,32	
18,405	-0,3	
18,41	-0,28	
18,415	-0,26	
18,42	-0,24	
18,425	-0,23	
18,43	-0,21	
18,435	-0,19	
18,44	-0,17	
18,445	-0,15	
18,45	-0,12	
18,455	-0,1	
18,46	-0,09	
18,465	-0,07	
18,47	-0,05	
18,475	-0,03	
18,48	-0,02	
18,485	0	
18,49	0,02	
18,495	0,03	
18,5	0,05	
18,505	0,07	
18,51	0,09	
18,515	0,11	
18,52	0,13	
18,525	0,15	
18,53	0,17	
18,535	0,19	
18,54	0,2	
18,545	0,22	
18,55	0,24	
18,555	0,26	
18,56	0,28	
18,565	0,29	
18,57	0,31	
18,575	0,33	
18,58	0,34	
18,585	0,35	
18,59	0,36	
18,595	0,38	
18,6	0,39	
18,605	0,41	
18,61	0,44	
18,615	0,45	
18,62	0,47	
18,625	0,47	
18,63	0,49	
18,635	0,5	
18,64	0,51	
18,645	0,52	
18,65	0,54	
18,655	0,55	
18,66	0,57	
18,665	0,58	
18,67	0,59	
18,675	0,6	
18,68	0,61	
18,685	0,61	
18,69	0,62	
18,695	0,63	
18,7	0,64	
18,705	0,65	
18,71	0,66	
18,715	0,67	
18,72	0,67	
18,725	0,68	
18,73	0,68	
18,735	0,69	
18,74	0,69	
18,745	0,69	
18,75	0,7	
18,755	0,7	
18,76	0,7	
18,765	0,71	
18,77	0,72	
18,775	0,72	
18,78	0,72	
18,785	0,72	
18,79	0,72	
18,795	0,72	
18,8	0,72	
18,805	0,71	
18,81	0,71	
18,815	0,71	
18,82	0,7	
18,825	0,7	
18,83	0,7	
18,835	0,7	
18,84	0,7	
18,845	0,7	
18,85	0,69	
18,855	0,69	
18,86	0,68	
18,865	0,67	
18,87	0,67	
18,875	0,66	
18,88	0,65	
18,885	0,65	
18,89	0,64	
18,895	0,63	
18,9	0,62	
18,905	0,61	
18,91	0,6	
18,915	0,59	
18,92	0,58	
18,925	0,57	
18,93	0,56	
18,935	0,55	
18,94	0,53	
18,945	0,52	
18,95	0,51	
18,955	0,5	
18,96	0,49	
18,965	0,48	
18,97	0,46	
18,975	0,45	
18,98	0,44	
18,985	0,42	
18,99	0,41	
18,995	0,39	
19,0	0,38	
19,005	0,36	
19,01	0,35	
19,015	0,33	
19,02	0,31	
19,025	0,3	
19,03	0,29	
19,035	0,27	
19,04	0,26	
19,045	0,24	
19,05	0,23	
19,055	0,21	
19,06	0,19	
19,065	0,18	
19,07	0,16	
19,075	0,14	
19,08	0,13	
19,085	0,11	
19,09	0,09	
19,095	0,07	
19,1	0,05	
19,105	0,04	
19,11	0,03	
19,115	0,01	
19,12	0	
19,125	-0,02	
19,13	-0,04	
19,135	-0,06	
19,14	-0,07	
19,145	-0,09	
19,15	-0,1	
19,155	-0,11	
19,16	-0,13	
19,165	-0,14	
19,17	-0,16	
19,175	-0,19	
19,18	-0,21	
19,185	-0,22	
19,19	-0,24	
19,195	-0,25	
19,2	-0,26	
19,205	-0,27	
19,21	-0,29	
19,215	-0,3	
19,22	-0,32	
19,225	-0,33	
19,23	-0,35	
19,235	-0,36	
19,24	-0,37	
19,245	-0,38	
19,25	-0,39	
19,255	-0,41	
19,26	-0,42	
19,265	-0,43	
19,27	-0,44	
19,275	-0,46	
19,28	-0,47	
19,285	-0,48	
19,29	-0,48	
19,295	-0,49	
19,3	-0,5	
19,305	-0,51	
19,31	-0,52	
19,315	-0,53	
19,32	-0,54	
19,325	-0,55	
19,33	-0,55	
19,335	-0,56	
19,34	-0,56	
19,345	-0,57	
19,35	-0,57	
19,355	-0,58	
19,36	-0,59	
19,365	-0,59	
19,37	-0,6	
19,375	-0,61	
19,38	-0,61	
19,385	-0,61	
19,39	-0,61	
19,395	-0,6	
19,4	-0,61	
19,405	-0,61	
19,41	-0,61	
19,415	-0,62	
19,42	-0,62	
19,425	-0,62	
19,43	-0,62	
19,435	-0,62	
19,44	-0,61	
19,445	-0,61	
19,45	-0,61	
19,455	-0,6	
19,46	-0,6	
19,465	-0,6	
19,47	-0,6	
19,475	-0,6	
19,48	-0,6	
19,485	-0,59	
19,49	-0,58	
19,495	-0,58	
19,5	-0,57	
19,505	-0,56	
19,51	-0,56	
19,515	-0,55	
19,52	-0,55	
19,525	-0,54	
19,53	-0,53	
19,535	-0,52	
19,54	-0,51	
19,545	-0,5	
19,55	-0,5	
19,555	-0,49	
19,56	-0,48	
19,565	-0,48	
19,57	-0,47	
19,575	-0,46	
19,58	-0,44	
19,585	-0,43	
19,59	-0,42	
19,595	-0,4	
19,6	-0,39	
19,605	-0,38	
19,61	-0,38	
19,615	-0,37	
19,62	-0,36	
19,625	-0,35	
19,63	-0,34	
19,635	-0,32	
19,64	-0,3	
19,645	-0,29	
19,65	-0,28	
19,655	-0,27	
19,66	-0,25	
19,665	-0,24	
19,67	-0,23	
19,675	-0,21	
19,68	-0,2	
19,685	-0,18	
19,69	-0,17	
19,695	-0,16	
19,7	-0,14	
19,705	-0,13	
19,71	-0,12	
19,715	-0,1	
19,72	-0,09	
19,725	-0,08	
19,73	-0,07	
19,735	-0,05	
19,74	-0,03	
19,745	-0,01	
19,75	0	
19,755	0,01	
19,76	0,03	
19,765	0,04	
19,77	0,05	
19,775	0,06	
19,78	0,07	
19,785	0,09	
19,79	0,1	
19,795	0,12	
19,8	0,13	
19,805	0,14	
19,81	0,16	
19,815	0,17	
19,82	0,18	
19,825	0,19	
19,83	0,2	
19,835	0,22	
19,84	0,22	
19,845	0,24	
19,85	0,25	
19,855	0,26	
19,86	0,27	
19,865	0,28	
19,87	0,3	
19,875	0,31	
19,88	0,31	
19,885	0,33	
19,89	0,33	
19,895	0,34	
19,9	0,35	
19,905	0,36	
19,91	0,37	
19,915	0,38	
19,92	0,39	
19,925	0,39	
19,93	0,4	
19,935	0,41	
19,94	0,42	
19,945	0,42	
19,95	0,43	
19,955	0,44	
19,96	0,44	
19,965	0,45	
19,97	0,45	
19,975	0,46	
19,98	0,46	
19,985	0,47	
19,99	0,47	
19,995	0,47	
20,0	0,48	
20,005	0,48	
20,01	0,48	
20,015	0,48	
20,02	0,49	
20,025	0,49	
20,03	0,49	
20,035	0,5	
20,04	0,5	
20,045	0,5	
20,05	0,5	
20,055	0,5	
20,06	0,5	
20,065	0,49	
20,07	0,49	
20,075	0,5	
20,08	0,5	
20,085	0,5	
20,09	0,49	
20,095	0,49	
20,1	0,48	
20,105	0,48	
20,11	0,48	
20,115	0,47	
20,12	0,47	
20,125	0,47	
20,13	0,47	
20,135	0,47	
20,14	0,46	
20,145	0,45	
20,15	0,45	
20,155	0,43	
20,16	0,43	
20,165	0,42	
20,17	0,41	
20,175	0,41	
20,18	0,41	
20,185	0,4	
20,19	0,4	
20,195	0,39	
20,2	0,38	
20,205	0,37	
20,21	0,36	
20,215	0,35	
20,22	0,34	
20,225	0,33	
20,23	0,33	
20,235	0,32	
20,24	0,31	
20,245	0,3	
20,25	0,29	
20,255	0,28	
20,26	0,27	
20,265	0,26	
20,27	0,25	
20,275	0,24	
20,28	0,24	
20,285	0,23	
20,29	0,22	
20,295	0,2	
20,3	0,19	
20,305	0,18	
20,31	0,16	
20,315	0,16	
20,32	0,15	
20,325	0,13	
20,33	0,12	
20,335	0,11	
20,34	0,1	
20,345	0,09	
20,35	0,08	
20,355	0,07	
20,36	0,06	
20,365	0,05	
20,37	0,04	
20,375	0,03	
20,38	0,02	
20,385	0,01	
20,39	-0,01	
20,395	-0,02	
20,4	-0,03	
20,405	-0,04	
20,41	-0,05	
20,415	-0,06	
20,42	-0,07	
20,425	-0,08	
20,43	-0,09	
20,435	-0,1	
20,44	-0,11	
20,445	-0,12	
20,45	-0,13	
20,455	-0,13	
20,46	-0,14	
20,465	-0,15	
20,47	-0,16	
20,475	-0,17	
20,48	-0,18	
20,485	-0,19	
20,49	-0,2	
20,495	-0,21	
20,5	-0,22	
20,505	-0,22	
20,51	-0,23	
20,515	-0,23	
20,52	-0,24	
20,525	-0,24	
20,53	-0,26	
20,535	-0,26	
20,54	-0,27	
20,545	-0,28	
20,55	-0,28	
20,555	-0,29	
20,56	-0,29	
20,565	-0,29	
20,57	-0,29	
20,575	-0,3	
20,58	-0,3	
20,585	-0,31	
20,59	-0,32	
20,595	-0,33	
20,6	-0,33	
20,605	-0,34	
20,61	-0,35	
20,615	-0,35	
20,62	-0,35	
20,625	-0,35	
20,63	-0,35	
20,635	-0,35	
20,64	-0,35	
20,645	-0,36	
20,65	-0,36	
20,655	-0,36	
20,66	-0,36	
20,665	-0,36	
20,67	-0,36	
20,675	-0,36	
20,68	-0,36	
20,685	-0,36	
20,69	-0,36	
20,695	-0,37	
20,7	-0,37	
20,705	-0,37	
20,71	-0,37	
20,715	-0,36	
20,72	-0,36	
20,725	-0,35	
20,73	-0,35	
20,735	-0,35	
20,74	-0,35	
20,745	-0,35	
20,75	-0,35	
20,755	-0,35	
20,76	-0,34	
20,765	-0,34	
20,77	-0,33	
20,775	-0,33	
20,78	-0,33	
20,785	-0,32	
20,79	-0,32	
20,795	-0,32	
20,8	-0,31	
20,805	-0,3	
20,81	-0,3	
20,815	-0,29	
20,82	-0,28	
20,825	-0,28	
20,83	-0,27	
20,835	-0,27	
20,84	-0,27	
20,845	-0,26	
20,85	-0,26	
20,855	-0,25	
20,86	-0,24	
20,865	-0,24	
20,87	-0,23	
20,875	-0,22	
20,88	-0,22	
20,885	-0,21	
20,89	-0,21	
20,895	-0,2	
20,9	-0,19	
20,905	-0,18	
20,91	-0,17	
20,915	-0,16	
20,92	-0,16	
20,925	-0,15	
20,93	-0,15	
20,935	-0,15	
20,94	-0,14	
20,945	-0,13	
20,95	-0,13	
20,955	-0,11	
20,96	-0,09	
20,965	-0,09	
20,97	-0,08	
20,975	-0,08	
20,98	-0,07	
20,985	-0,07	
20,99	-0,07	
20,995	-0,06	
21,0	-0,04	
21,005	-0,03	
21,01	-0,02	
21,015	-0,02	
21,02	-0,01	
21,025	-0,01	
21,03	-0,01	
21,035	0	
21,04	0,01	
21,045	0,02	
21,05	0,03	
21,055	0,04	
21,06	0,05	
21,065	0,05	
21,07	0,06	
21,075	0,06	
21,08	0,06	
21,085	0,06	
21,09	0,07	
21,095	0,08	
21,1	0,09	
21,105	0,1	
21,11	0,1	
21,115	0,11	
21,12	0,11	
21,125	0,11	
21,13	0,12	
21,135	0,12	
21,14	0,13	
21,145	0,13	
21,15	0,14	
21,155	0,14	
21,16	0,15	
21,165	0,16	
21,17	0,16	
21,175	0,16	
21,18	0,17	
21,185	0,17	
21,19	0,17	
21,195	0,18	
21,2	0,18	
21,205	0,18	
21,21	0,19	
21,215	0,19	
21,22	0,19	
21,225	0,19	
21,23	0,2	
21,235	0,2	
21,24	0,2	
21,245	0,2	
21,25	0,21	
21,255	0,21	
21,26	0,21	
21,265	0,21	
21,27	0,21	
21,275	0,21	
21,28	0,21	
21,285	0,22	
21,29	0,22	
21,295	0,22	
21,3	0,22	
21,305	0,22	
21,31	0,22	
21,315	0,22	
21,32	0,22	
21,325	0,22	
21,33	0,22	
21,335	0,22	
21,34	0,22	
21,345	0,22	
21,35	0,22	
21,355	0,21	
21,36	0,21	
21,365	0,21	
21,37	0,21	
21,375	0,2	
21,38	0,2	
21,385	0,2	
21,39	0,2	
21,395	0,2	
21,4	0,2	
21,405	0,2	
21,41	0,2	
21,415	0,2	
21,42	0,19	
21,425	0,19	
21,43	0,19	
21,435	0,18	
21,44	0,18	
21,445	0,19	
21,45	0,18	
21,455	0,18	
21,46	0,17	
21,465	0,17	
21,47	0,16	
21,475	0,15	
21,48	0,15	
21,485	0,15	
21,49	0,15	
21,495	0,15	
21,5	0,14	
21,505	0,14	
21,51	0,14	
21,515	0,13	
21,52	0,13	
21,525	0,12	
21,53	0,12	
21,535	0,12	
21,54	0,12	
21,545	0,12	
21,55	0,11	
21,555	0,11	
21,56	0,11	
21,565	0,1	
21,57	0,09	
21,575	0,09	
21,58	0,08	
21,585	0,08	
21,59	0,07	
21,595	0,08	
21,6	0,07	
21,605	0,07	
21,61	0,06	
21,615	0,06	
21,62	0,06	
21,625	0,05	
21,63	0,05	
21,635	0,04	
21,64	0,04	
21,645	0,04	
21,65	0,04	
21,655	0,04	
21,66	0,03	
21,665	0,03	
21,67	0,02	
21,675	0,02	
21,68	0,01	
21,685	0,01	
21,69	0,01	
21,695	0,01	
21,7	0,01	
21,705	0	
21,71	-0,01	
21,715	-0,01	
21,72	-0,01	
21,725	-0,01	
21,73	-0,01	
21,735	-0,01	
21,74	-0,02	
21,745	-0,02	
21,75	-0,03	
21,755	-0,03	
21,76	-0,03	
21,765	-0,03	
21,77	-0,03	
21,775	-0,03	
21,78	-0,03	
21,785	-0,04	
21,79	-0,04	
21,795	-0,05	
21,8	-0,05	
21,805	-0,05	
21,81	-0,06	
21,815	-0,06	
21,82	-0,06	
21,825	-0,05	
21,83	-0,05	
21,835	-0,05	
21,84	-0,05	
21,845	-0,06	
21,85	-0,06	
21,855	-0,07	
21,86	-0,07	
21,865	-0,07	
21,87	-0,06	
21,875	-0,06	
21,88	-0,06	
21,885	-0,06	
21,89	-0,06	
21,895	-0,06	
21,9	-0,07	
21,905	-0,08	
21,91	-0,08	
21,915	-0,08	
21,92	-0,07	
21,925	-0,07	
21,93	-0,07	
21,935	-0,06	
21,94	-0,07	
21,945	-0,07	
21,95	-0,07	
21,955	-0,07	
21,96	-0,07	
21,965	-0,07	
21,97	-0,07	
21,975	-0,07	
21,98	-0,07	
21,985	-0,06	
21,99	-0,06	
21,995	-0,06	
22,0	-0,07	
22,005	-0,07	
22,01	-0,07	
22,015	-0,07	
22,02	-0,07	
22,025	-0,07	
22,03	-0,06	
22,035	-0,07	
22,04	-0,06	
22,045	-0,06	
22,05	-0,06	
22,055	-0,06	
22,06	-0,06	
22,065	-0,06	
22,07	-0,06	
22,075	-0,06	
22,08	-0,06	
22,085	-0,06	
22,09	-0,06	
22,095	-0,06	
22,1	-0,06	
22,105	-0,06	
22,11	-0,06	
22,115	-0,05	
22,12	-0,06	
22,125	-0,06	
22,13	-0,06	
22,135	-0,05	
22,14	-0,05	
22,145	-0,05	
22,15	-0,05	
22,155	-0,05	
22,16	-0,06	
22,165	-0,05	
22,17	-0,05	
22,175	-0,05	
22,18	-0,05	
22,185	-0,05	
22,19	-0,05	
22,195	-0,05	
22,2	-0,06	
22,205	-0,06	
22,21	-0,05	
22,215	-0,05	
22,22	-0,06	
22,225	-0,05	
22,23	-0,05	
22,235	-0,05	
22,24	-0,05	
22,245	-0,05	
22,25	-0,05	
22,255	-0,05	
22,26	-0,05	
22,265	-0,05	
22,27	-0,05	
22,275	-0,05	
22,28	-0,05	
22,285	-0,05	
22,29	-0,05	
22,295	-0,06	
22,3	-0,06	
22,305	-0,06	
22,31	-0,06	
22,315	-0,06	
22,32	-0,06	
22,325	-0,06	
22,33	-0,06	
22,335	-0,06	
22,34	-0,07	
22,345	-0,07	
22,35	-0,07	
22,355	-0,07	
22,36	-0,06	
22,365	-0,06	
22,37	-0,06	
22,375	-0,06	
22,38	-0,06	
22,385	-0,06	
22,39	-0,06	
22,395	-0,07	
22,4	-0,07	
22,405	-0,07	
22,41	-0,07	
22,415	-0,07	
22,42	-0,06	
22,425	-0,06	
22,43	-0,06	
22,435	-0,07	
22,44	-0,07	
22,445	-0,08	
22,45	-0,08	
22,455	-0,08	
22,46	-0,08	
22,465	-0,08	
22,47	-0,08	
22,475	-0,08	
22,48	-0,08	
22,485	-0,07	
22,49	-0,08	
22,495	-0,08	
22,5	-0,08	
22,505	-0,08	
22,51	-0,08	
22,515	-0,08	
22,52	-0,08	
22,525	-0,08	
22,53	-0,08	
22,535	-0,08	
22,54	-0,08	
22,545	-0,08	
22,55	-0,08	
22,555	-0,09	
22,56	-0,09	
22,565	-0,09	
22,57	-0,09	
22,575	-0,09	
22,58	-0,09	
22,585	-0,09	
22,59	-0,09	
22,595	-0,09	
22,6	-0,09	
22,605	-0,09	
22,61	-0,08	
22,615	-0,08	
22,62	-0,08	
22,625	-0,08	
22,63	-0,08	
22,635	-0,08	
22,64	-0,08	
22,645	-0,08	
22,65	-0,08	
22,655	-0,08	
22,66	-0,07	
22,665	-0,07	
22,67	-0,07	
22,675	-0,06	
22,68	-0,06	
22,685	-0,06	
22,69	-0,06	
22,695	-0,06	
22,7	-0,06	
22,705	-0,06	
22,71	-0,06	
22,715	-0,06	
22,72	-0,06	
22,725	-0,05	
22,73	-0,05	
22,735	-0,05	
22,74	-0,05	
22,745	-0,04	
22,75	-0,04	
22,755	-0,04	
22,76	-0,04	
22,765	-0,03	
22,77	-0,03	
22,775	-0,03	
22,78	-0,03	
22,785	-0,02	
22,79	-0,02	
22,795	-0,02	
22,8	-0,01	
22,805	0	
22,81	0	
22,815	0,01	
22,82	0,01	
22,825	0,01	
22,83	0,01	
22,835	0,01	
22,84	0,01	
22,845	0,02	
22,85	0,02	
22,855	0,03	
22,86	0,03	
22,865	0,04	
22,87	0,04	
22,875	0,05	
22,88	0,05	
22,885	0,05	
22,89	0,05	
22,895	0,05	
22,9	0,06	
22,905	0,07	
22,91	0,07	
22,915	0,08	
22,92	0,09	
22,925	0,09	
22,93	0,09	
22,935	0,09	
22,94	0,09	
22,945	0,09	
22,95	0,1	
22,955	0,11	
22,96	0,11	
22,965	0,12	
22,97	0,12	
22,975	0,13	
22,98	0,13	
22,985	0,13	
22,99	0,13	
22,995	0,13	
23,0	0,14	
23,005	0,15	
23,01	0,15	
23,015	0,16	
23,02	0,16	
23,025	0,17	
23,03	0,17	
23,035	0,17	
23,04	0,17	
23,045	0,17	
23,05	0,17	
23,055	0,18	
23,06	0,19	
23,065	0,19	
23,07	0,2	
23,075	0,2	
23,08	0,2	
23,085	0,2	
23,09	0,2	
23,095	0,2	
23,1	0,2	
23,105	0,21	
23,11	0,21	
23,115	0,22	
23,12	0,22	
23,125	0,22	
23,13	0,22	
23,135	0,22	
23,14	0,22	
23,145	0,22	
23,15	0,23	
23,155	0,23	
23,16	0,23	
23,165	0,23	
23,17	0,23	
23,175	0,23	
23,18	0,23	
23,185	0,23	
23,19	0,23	
23,195	0,23	
23,2	0,23	
23,205	0,23	
23,21	0,23	
23,215	0,23	
23,22	0,23	
23,225	0,23	
23,23	0,23	
23,235	0,23	
23,24	0,23	
23,245	0,23	
23,25	0,23	
23,255	0,23	
23,26	0,22	
23,265	0,22	
23,27	0,21	
23,275	0,2	
23,28	0,2	
23,285	0,2	
23,29	0,2	
23,295	0,21	
23,3	0,21	
23,305	0,2	
23,31	0,19	
23,315	0,19	
23,32	0,18	
23,325	0,17	
23,33	0,17	
23,335	0,17	
23,34	0,17	
23,345	0,17	
23,35	0,17	
23,355	0,16	
23,36	0,16	
23,365	0,15	
23,37	0,14	
23,375	0,13	
23,38	0,12	
23,385	0,12	
23,39	0,12	
23,395	0,11	
23,4	0,11	
23,405	0,11	
23,41	0,1	
23,415	0,09	
23,42	0,09	
23,425	0,08	
23,43	0,07	
23,435	0,07	
23,44	0,06	
23,445	0,06	
23,45	0,05	
23,455	0,05	
23,46	0,03	
23,465	0,02	
23,47	0,02	
23,475	0,01	
23,48	0	
23,485	-0,01	
23,49	-0,01	
23,495	-0,02	
23,5	-0,03	
23,505	-0,03	
23,51	-0,04	
23,515	-0,05	
23,52	-0,05	
23,525	-0,06	
23,53	-0,07	
23,535	-0,07	
23,54	-0,09	
23,545	-0,1	
23,55	-0,1	
23,555	-0,11	
23,56	-0,12	
23,565	-0,12	
23,57	-0,13	
23,575	-0,14	
23,58	-0,15	
23,585	-0,16	
23,59	-0,17	
23,595	-0,17	
23,6	-0,18	
23,605	-0,18	
23,61	-0,19	
23,615	-0,2	
23,62	-0,21	
23,625	-0,21	
23,63	-0,22	
23,635	-0,23	
23,64	-0,23	
23,645	-0,24	
23,65	-0,25	
23,655	-0,25	
23,66	-0,26	
23,665	-0,27	
23,67	-0,27	
23,675	-0,28	
23,68	-0,28	
23,685	-0,29	
23,69	-0,29	
23,695	-0,3	
23,7	-0,3	
23,705	-0,31	
23,71	-0,31	
23,715	-0,32	
23,72	-0,32	
23,725	-0,32	
23,73	-0,33	
23,735	-0,33	
23,74	-0,33	
23,745	-0,34	
23,75	-0,34	
23,755	-0,35	
23,76	-0,35	
23,765	-0,35	
23,77	-0,36	
23,775	-0,36	
23,78	-0,36	
23,785	-0,36	
23,79	-0,37	
23,795	-0,37	
23,8	-0,37	
23,805	-0,37	
23,81	-0,38	
23,815	-0,38	
23,82	-0,38	
23,825	-0,37	
23,83	-0,37	
23,835	-0,37	
23,84	-0,37	
23,845	-0,37	
23,85	-0,37	
23,855	-0,37	
23,86	-0,37	
23,865	-0,37	
23,87	-0,37	
23,875	-0,36	
23,88	-0,36	
23,885	-0,35	
23,89	-0,35	
23,895	-0,35	
23,9	-0,34	
23,905	-0,34	
23,91	-0,34	
23,915	-0,34	
23,92	-0,34	
23,925	-0,33	
23,93	-0,33	
23,935	-0,32	
23,94	-0,31	
23,945	-0,3	
23,95	-0,3	
23,955	-0,29	
23,96	-0,29	
23,965	-0,29	
23,97	-0,28	
23,975	-0,27	
23,98	-0,26	
23,985	-0,26	
23,99	-0,25	
23,995	-0,24	
24,0	-0,24	
24,005	-0,23	
24,01	-0,22	
24,015	-0,21	
24,02	-0,2	
24,025	-0,19	
24,03	-0,18	
24,035	-0,18	
24,04	-0,17	
24,045	-0,16	
24,05	-0,15	
24,055	-0,14	
24,06	-0,13	
24,065	-0,12	
24,07	-0,11	
24,075	-0,1	
24,08	-0,09	
24,085	-0,08	
24,09	-0,07	
24,095	-0,06	
24,1	-0,06	
24,105	-0,04	
24,11	-0,03	
24,115	-0,02	
24,12	0	
24,125	0,01	
24,13	0,02	
24,135	0,03	
24,14	0,04	
24,145	0,04	
24,15	0,05	
24,155	0,06	
24,16	0,08	
24,165	0,09	
24,17	0,1	
24,175	0,11	
24,18	0,12	
24,185	0,13	
24,19	0,15	
24,195	0,16	
24,2	0,16	
24,205	0,17	
24,21	0,18	
24,215	0,19	
24,22	0,21	
24,225	0,22	
24,23	0,23	
24,235	0,24	
24,24	0,25	
24,245	0,26	
24,25	0,26	
24,255	0,27	
24,26	0,28	
24,265	0,29	
24,27	0,31	
24,275	0,32	
24,28	0,33	
24,285	0,34	
24,29	0,34	
24,295	0,35	
24,3	0,36	
24,305	0,37	
24,31	0,37	
24,315	0,38	
24,32	0,39	
24,325	0,4	
24,33	0,41	
24,335	0,41	
24,34	0,42	
24,345	0,42	
24,35	0,43	
24,355	0,44	
24,36	0,44	
24,365	0,45	
24,37	0,45	
24,375	0,46	
24,38	0,47	
24,385	0,47	
24,39	0,48	
24,395	0,48	
24,4	0,48	
24,405	0,48	
24,41	0,48	
24,415	0,48	
24,42	0,48	
24,425	0,49	
24,43	0,5	
24,435	0,5	
24,44	0,5	
24,445	0,5	
24,45	0,5	
24,455	0,5	
24,46	0,5	
24,465	0,5	
24,47	0,5	
24,475	0,49	
24,48	0,49	
24,485	0,49	
24,49	0,49	
24,495	0,49	
24,5	0,49	
24,505	0,49	
24,51	0,48	
24,515	0,48	
24,52	0,47	
24,525	0,47	
24,53	0,46	
24,535	0,46	
24,54	0,46	
24,545	0,45	
24,55	0,44	
24,555	0,44	
24,56	0,43	
24,565	0,43	
24,57	0,42	
24,575	0,41	
24,58	0,41	
24,585	0,4	
24,59	0,39	
24,595	0,38	
24,6	0,37	
24,605	0,36	
24,61	0,36	
24,615	0,35	
24,62	0,34	
24,625	0,33	
24,63	0,32	
24,635	0,31	
24,64	0,3	
24,645	0,29	
24,65	0,28	
24,655	0,27	
24,66	0,26	
24,665	0,25	
24,67	0,24	
24,675	0,22	
24,68	0,21	
24,685	0,2	
24,69	0,18	
24,695	0,17	
24,7	0,16	
24,705	0,15	
24,71	0,13	
24,715	0,12	
24,72	0,11	
24,725	0,1	
24,73	0,08	
24,735	0,07	
24,74	0,05	
24,745	0,04	
24,75	0,03	
24,755	0,01	
24,76	0	
24,765	-0,01	
24,77	-0,03	
24,775	-0,04	
24,78	-0,06	
24,785	-0,07	
24,79	-0,09	
24,795	-0,1	
24,8	-0,11	
24,805	-0,12	
24,81	-0,14	
24,815	-0,15	
24,82	-0,17	
24,825	-0,18	
24,83	-0,19	
24,835	-0,21	
24,84	-0,23	
24,845	-0,24	
24,85	-0,25	
24,855	-0,26	
24,86	-0,27	
24,865	-0,29	
24,87	-0,3	
24,875	-0,32	
24,88	-0,33	
24,885	-0,34	
24,89	-0,35	
24,895	-0,36	
24,9	-0,37	
24,905	-0,38	
24,91	-0,4	
24,915	-0,42	
24,92	-0,43	
24,925	-0,43	
24,93	-0,44	
24,935	-0,45	
24,94	-0,45	
24,945	-0,46	
24,95	-0,47	
24,955	-0,48	
24,96	-0,49	
24,965	-0,51	
24,97	-0,51	
24,975	-0,52	
24,98	-0,53	
24,985	-0,53	
24,99	-0,54	
24,995	-0,55	
25,0	-0,56	
25,005	-0,56	
25,01	-0,57	
25,015	-0,58	
25,02	-0,58	
25,025	-0,58	
25,03	-0,58	
25,035	-0,59	
25,04	-0,59	
25,045	-0,6	
25,05	-0,6	
25,055	-0,6	
25,06	-0,61	
25,065	-0,61	
25,07	-0,61	
25,075	-0,61	
25,08	-0,61	
25,085	-0,61	
25,09	-0,61	
25,095	-0,61	
25,1	-0,61	
25,105	-0,61	
25,11	-0,61	
25,115	-0,6	
25,12	-0,6	
25,125	-0,6	
25,13	-0,6	
25,135	-0,59	
25,14	-0,59	
25,145	-0,59	
25,15	-0,59	
25,155	-0,58	
25,16	-0,58	
25,165	-0,57	
25,17	-0,56	
25,175	-0,56	
25,18	-0,55	
25,185	-0,54	
25,19	-0,53	
25,195	-0,52	
25,2	-0,51	
25,205	-0,5	
25,21	-0,5	
25,215	-0,49	
25,22	-0,48	
25,225	-0,47	
25,23	-0,46	
25,235	-0,45	
25,24	-0,44	
25,245	-0,43	
25,25	-0,41	
25,255	-0,4	
25,26	-0,39	
25,265	-0,38	
25,27	-0,37	
25,275	-0,36	
25,28	-0,34	
25,285	-0,33	
25,29	-0,32	
25,295	-0,31	
25,3	-0,29	
25,305	-0,28	
25,31	-0,26	
25,315	-0,25	
25,32	-0,23	
25,325	-0,22	
25,33	-0,21	
25,335	-0,19	
25,34	-0,17	
25,345	-0,16	
25,35	-0,14	
25,355	-0,12	
25,36	-0,11	
25,365	-0,09	
25,37	-0,08	
25,375	-0,06	
25,38	-0,05	
25,385	-0,04	
25,39	-0,02	
25,395	0	
25,4	0,03	
25,405	0,04	
25,41	0,06	
25,415	0,07	
25,42	0,08	
25,425	0,1	
25,43	0,11	
25,435	0,13	
25,44	0,15	
25,445	0,17	
25,45	0,18	
25,455	0,2	
25,46	0,22	
25,465	0,24	
25,47	0,25	
25,475	0,26	
25,48	0,28	
25,485	0,3	
25,49	0,31	
25,495	0,33	
25,5	0,34	
25,505	0,36	
25,51	0,37	
25,515	0,38	
25,52	0,4	
25,525	0,41	
25,53	0,43	
25,535	0,44	
25,54	0,45	
25,545	0,46	
25,55	0,48	
25,555	0,49	
25,56	0,5	
25,565	0,51	
25,57	0,53	
25,575	0,54	
25,58	0,55	
25,585	0,56	
25,59	0,57	
25,595	0,58	
25,6	0,59	
25,605	0,6	
25,61	0,6	
25,615	0,61	
25,62	0,62	
25,625	0,63	
25,63	0,64	
25,635	0,65	
25,64	0,65	
25,645	0,66	
25,65	0,66	
25,655	0,67	
25,66	0,67	
25,665	0,68	
25,67	0,68	
25,675	0,69	
25,68	0,69	
25,685	0,7	
25,69	0,7	
25,695	0,71	
25,7	0,7	
25,705	0,7	
25,71	0,7	
25,715	0,7	
25,72	0,7	
25,725	0,7	
25,73	0,71	
25,735	0,71	
25,74	0,7	
25,745	0,7	
25,75	0,7	
25,755	0,69	
25,76	0,68	
25,765	0,68	
25,77	0,67	
25,775	0,67	
25,78	0,67	
25,785	0,66	
25,79	0,66	
25,795	0,65	
25,8	0,65	
25,805	0,63	
25,81	0,63	
25,815	0,62	
25,82	0,62	
25,825	0,61	
25,83	0,61	
25,835	0,6	
25,84	0,59	
25,845	0,57	
25,85	0,56	
25,855	0,55	
25,86	0,53	
25,865	0,52	
25,87	0,51	
25,875	0,5	
25,88	0,49	
25,885	0,47	
25,89	0,46	
25,895	0,45	
25,9	0,43	
25,905	0,41	
25,91	0,4	
25,915	0,38	
25,92	0,36	
25,925	0,35	
25,93	0,33	
25,935	0,32	
25,94	0,31	
25,945	0,29	
25,95	0,28	
25,955	0,26	
25,96	0,24	
25,965	0,22	
25,97	0,2	
25,975	0,19	
25,98	0,17	
25,985	0,15	
25,99	0,14	
25,995	0,12	
26,0	0,1	
26,005	0,08	
26,01	0,06	
26,015	0,05	
26,02	0,03	
26,025	0,01	
26,03	-0,01	
26,035	-0,02	
26,04	-0,04	
26,045	-0,07	
26,05	-0,09	
26,055	-0,11	
26,06	-0,12	
26,065	-0,14	
26,07	-0,16	
26,075	-0,18	
26,08	-0,19	
26,085	-0,21	
26,09	-0,23	
26,095	-0,24	
26,1	-0,26	
26,105	-0,28	
26,11	-0,3	
26,115	-0,31	
26,12	-0,33	
26,125	-0,35	
26,13	-0,37	
26,135	-0,39	
26,14	-0,4	
26,145	-0,41	
26,15	-0,43	
26,155	-0,45	
26,16	-0,47	
26,165	-0,48	
26,17	-0,5	
26,175	-0,51	
26,18	-0,52	
26,185	-0,53	
26,19	-0,54	
26,195	-0,56	
26,2	-0,57	
26,205	-0,58	
26,21	-0,6	
26,215	-0,62	
26,22	-0,63	
26,225	-0,64	
26,23	-0,64	
26,235	-0,65	
26,24	-0,66	
26,245	-0,67	
26,25	-0,69	
26,255	-0,7	
26,26	-0,71	
26,265	-0,72	
26,27	-0,72	
26,275	-0,72	
26,28	-0,73	
26,285	-0,73	
26,29	-0,74	
26,295	-0,75	
26,3	-0,76	
26,305	-0,76	
26,31	-0,76	
26,315	-0,77	
26,32	-0,77	
26,325	-0,77	
26,33	-0,77	
26,335	-0,77	
26,34	-0,77	
26,345	-0,77	
26,35	-0,78	
26,355	-0,78	
26,36	-0,78	
26,365	-0,78	
26,37	-0,77	
26,375	-0,76	
26,38	-0,76	
26,385	-0,75	
26,39	-0,75	
26,395	-0,75	
26,4	-0,76	
26,405	-0,75	
26,41	-0,75	
26,415	-0,74	
26,42	-0,73	
26,425	-0,72	
26,43	-0,71	
26,435	-0,7	
26,44	-0,7	
26,445	-0,69	
26,45	-0,68	
26,455	-0,67	
26,46	-0,66	
26,465	-0,65	
26,47	-0,63	
26,475	-0,62	
26,48	-0,61	
26,485	-0,6	
26,49	-0,59	
26,495	-0,58	
26,5	-0,56	
26,505	-0,55	
26,51	-0,53	
26,515	-0,52	
26,52	-0,5	
26,525	-0,49	
26,53	-0,47	
26,535	-0,46	
26,54	-0,45	
26,545	-0,43	
26,55	-0,41	
26,555	-0,4	
26,56	-0,38	
26,565	-0,36	
26,57	-0,34	
26,575	-0,32	
26,58	-0,31	
26,585	-0,29	
26,59	-0,27	
26,595	-0,26	
26,6	-0,24	
26,605	-0,22	
26,61	-0,2	
26,615	-0,17	
26,62	-0,15	
26,625	-0,13	
26,63	-0,11	
26,635	-0,1	
26,64	-0,08	
26,645	-0,07	
26,65	-0,05	
26,655	-0,03	
26,66	0	
26,665	0,02	
26,67	0,04	
26,675	0,06	
26,68	0,08	
26,685	0,1	
26,69	0,11	
26,695	0,14	
26,7	0,16	
26,705	0,18	
26,71	0,2	
26,715	0,22	
26,72	0,24	
26,725	0,26	
26,73	0,28	
26,735	0,29	
26,74	0,31	
26,745	0,33	
26,75	0,34	
26,755	0,36	
26,76	0,38	
26,765	0,4	
26,77	0,42	
26,775	0,44	
26,78	0,46	
26,785	0,47	
26,79	0,49	
26,795	0,5	
26,8	0,52	
26,805	0,54	
26,81	0,56	
26,815	0,57	
26,82	0,59	
26,825	0,61	
26,83	0,62	
26,835	0,63	
26,84	0,63	
26,845	0,64	
26,85	0,65	
26,855	0,67	
26,86	0,69	
26,865	0,7	
26,87	0,71	
26,875	0,72	
26,88	0,73	
26,885	0,74	
26,89	0,74	
26,895	0,75	
26,9	0,76	
26,905	0,77	
26,91	0,77	
26,915	0,78	
26,92	0,79	
26,925	0,79	
26,93	0,8	
26,935	0,8	
26,94	0,8	
26,945	0,81	
26,95	0,81	
26,955	0,81	
26,96	0,82	
26,965	0,82	
26,97	0,82	
26,975	0,82	
26,98	0,82	
26,985	0,82	
26,99	0,82	
26,995	0,82	
27,0	0,82	
27,005	0,82	
27,01	0,82	
27,015	0,81	
27,02	0,81	
27,025	0,8	
27,03	0,79	
27,035	0,79	
27,04	0,78	
27,045	0,77	
27,05	0,77	
27,055	0,77	
27,06	0,76	
27,065	0,75	
27,07	0,74	
27,075	0,72	
27,08	0,71	
27,085	0,7	
27,09	0,7	
27,095	0,69	
27,1	0,68	
27,105	0,67	
27,11	0,65	
27,115	0,64	
27,12	0,63	
27,125	0,61	
27,13	0,6	
27,135	0,58	
27,14	0,57	
27,145	0,55	
27,15	0,54	
27,155	0,53	
27,16	0,52	
27,165	0,5	
27,17	0,48	
27,175	0,46	
27,18	0,43	
27,185	0,41	
27,19	0,4	
27,195	0,38	
27,2	0,37	
27,205	0,35	
27,21	0,33	
27,215	0,31	
27,22	0,29	
27,225	0,27	
27,23	0,25	
27,235	0,23	
27,24	0,21	
27,245	0,19	
27,25	0,18	
27,255	0,17	
27,26	0,14	
27,265	0,11	
27,27	0,09	
27,275	0,07	
27,28	0,04	
27,285	0,02	
27,29	0	
27,295	-0,02	
27,3	-0,03	
27,305	-0,05	
27,31	-0,07	
27,315	-0,09	
27,32	-0,11	
27,325	-0,14	
27,33	-0,16	
27,335	-0,18	
27,34	-0,21	
27,345	-0,22	
27,35	-0,24	
27,355	-0,26	
27,36	-0,28	
27,365	-0,3	
27,37	-0,32	
27,375	-0,34	
27,38	-0,36	
27,385	-0,38	
27,39	-0,39	
27,395	-0,41	
27,4	-0,43	
27,405	-0,45	
27,41	-0,46	
27,415	-0,48	
27,42	-0,5	
27,425	-0,52	
27,43	-0,53	
27,435	-0,55	
27,44	-0,57	
27,445	-0,58	
27,45	-0,59	
27,455	-0,61	
27,46	-0,63	
27,465	-0,64	
27,47	-0,65	
27,475	-0,66	
27,48	-0,68	
27,485	-0,69	
27,49	-0,7	
27,495	-0,71	
27,5	-0,73	
27,505	-0,74	
27,51	-0,75	
27,515	-0,76	
27,52	-0,77	
27,525	-0,78	
27,53	-0,78	
27,535	-0,79	
27,54	-0,79	
27,545	-0,8	
27,55	-0,8	
27,555	-0,81	
27,56	-0,82	
27,565	-0,82	
27,57	-0,83	
27,575	-0,83	
27,58	-0,84	
27,585	-0,84	
27,59	-0,84	
27,595	-0,84	
27,6	-0,84	
27,605	-0,83	
27,61	-0,84	
27,615	-0,84	
27,62	-0,84	
27,625	-0,85	
27,63	-0,85	
27,635	-0,84	
27,64	-0,84	
27,645	-0,83	
27,65	-0,82	
27,655	-0,82	
27,66	-0,82	
27,665	-0,81	
27,67	-0,8	
27,675	-0,8	
27,68	-0,79	
27,685	-0,78	
27,69	-0,77	
27,695	-0,76	
27,7	-0,75	
27,705	-0,74	
27,71	-0,74	
27,715	-0,73	
27,72	-0,72	
27,725	-0,71	
27,73	-0,7	
27,735	-0,69	
27,74	-0,68	
27,745	-0,65	
27,75	-0,64	
27,755	-0,62	
27,76	-0,61	
27,765	-0,6	
27,77	-0,58	
27,775	-0,57	
27,78	-0,56	
27,785	-0,54	
27,79	-0,52	
27,795	-0,51	
27,8	-0,49	
27,805	-0,47	
27,81	-0,45	
27,815	-0,44	
27,82	-0,42	
27,825	-0,4	
27,83	-0,38	
27,835	-0,37	
27,84	-0,34	
27,845	-0,32	
27,85	-0,3	
27,855	-0,28	
27,86	-0,26	
27,865	-0,24	
27,87	-0,23	
27,875	-0,21	
27,88	-0,19	
27,885	-0,17	
27,89	-0,15	
27,895	-0,13	
27,9	-0,1	
27,905	-0,07	
27,91	-0,05	
27,915	-0,03	
27,92	-0,02	
27,925	0,01	
27,93	0,03	
27,935	0,05	
27,94	0,07	
27,945	0,09	
27,95	0,12	
27,955	0,13	
27,96	0,15	
27,965	0,17	
27,97	0,18	
27,975	0,2	
27,98	0,22	
27,985	0,26	
27,99	0,28	
27,995	0,3	
28,0	0,32	
28,005	0,33	
28,01	0,35	
28,015	0,37	
28,02	0,38	
28,025	0,4	
28,03	0,42	
28,035	0,44	
28,04	0,46	
28,045	0,48	
28,05	0,49	
28,055	0,51	
28,06	0,52	
28,065	0,54	
28,07	0,56	
28,075	0,58	
28,08	0,6	
28,085	0,61	
28,09	0,63	
28,095	0,64	
28,1	0,65	
28,105	0,66	
28,11	0,67	
28,115	0,68	
28,12	0,69	
28,125	0,71	
28,13	0,72	
28,135	0,73	
28,14	0,74	
28,145	0,75	
28,15	0,76	
28,155	0,76	
28,16	0,77	
28,165	0,78	
28,17	0,79	
28,175	0,8	
28,18	0,81	
28,185	0,81	
28,19	0,82	
28,195	0,82	
28,2	0,83	
28,205	0,83	
28,21	0,83	
28,215	0,83	
28,22	0,83	
28,225	0,83	
28,23	0,84	
28,235	0,84	
28,24	0,84	
28,245	0,84	
28,25	0,83	
28,255	0,83	
28,26	0,83	
28,265	0,83	
28,27	0,82	
28,275	0,82	
28,28	0,82	
28,285	0,81	
28,29	0,81	
28,295	0,81	
28,3	0,8	
28,305	0,8	
28,31	0,79	
28,315	0,78	
28,32	0,77	
28,325	0,77	
28,33	0,76	
28,335	0,75	
28,34	0,74	
28,345	0,73	
28,35	0,72	
28,355	0,71	
28,36	0,69	
28,365	0,68	
28,37	0,67	
28,375	0,66	
28,38	0,64	
28,385	0,63	
28,39	0,61	
28,395	0,6	
28,4	0,58	
28,405	0,57	
28,41	0,55	
28,415	0,53	
28,42	0,52	
28,425	0,5	
28,43	0,49	
28,435	0,47	
28,44	0,46	
28,445	0,44	
28,45	0,42	
28,455	0,4	
28,46	0,39	
28,465	0,37	
28,47	0,34	
28,475	0,33	
28,48	0,31	
28,485	0,29	
28,49	0,27	
28,495	0,25	
28,5	0,23	
28,505	0,21	
28,51	0,19	
28,515	0,17	
28,52	0,15	
28,525	0,13	
28,53	0,11	
28,535	0,09	
28,54	0,07	
28,545	0,05	
28,55	0,03	
28,555	0	
28,56	-0,02	
28,565	-0,04	
28,57	-0,06	
28,575	-0,08	
28,58	-0,1	
28,585	-0,12	
28,59	-0,14	
28,595	-0,16	
28,6	-0,18	
28,605	-0,2	
28,61	-0,22	
28,615	-0,23	
28,62	-0,25	
28,625	-0,27	
28,63	-0,28	
28,635	-0,32	
28,64	-0,34	
28,645	-0,36	
28,65	-0,38	
28,655	-0,4	
28,66	-0,41	
28,665	-0,43	
28,67	-0,44	
28,675	-0,45	
28,68	-0,47	
28,685	-0,48	
28,69	-0,5	
28,695	-0,52	
28,7	-0,54	
28,705	-0,56	
28,71	-0,57	
28,715	-0,59	
28,72	-0,6	
28,725	-0,6	
28,73	-0,62	
28,735	-0,63	
28,74	-0,65	
28,745	-0,66	
28,75	-0,68	
28,755	-0,69	
28,76	-0,7	
28,765	-0,71	
28,77	-0,71	
28,775	-0,72	
28,78	-0,73	
28,785	-0,73	
28,79	-0,74	
28,795	-0,76	
28,8	-0,77	
28,805	-0,77	
28,81	-0,78	
28,815	-0,78	
28,82	-0,78	
28,825	-0,79	
28,83	-0,79	
28,835	-0,8	
28,84	-0,8	
28,845	-0,8	
28,85	-0,81	
28,855	-0,81	
28,86	-0,81	
28,865	-0,81	
28,87	-0,81	
28,875	-0,81	
28,88	-0,81	
28,885	-0,81	
28,89	-0,81	
28,895	-0,81	
28,9	-0,8	
28,905	-0,8	
28,91	-0,79	
28,915	-0,79	
28,92	-0,79	
28,925	-0,78	
28,93	-0,77	
28,935	-0,77	
28,94	-0,76	
28,945	-0,75	
28,95	-0,75	
28,955	-0,73	
28,96	-0,73	
28,965	-0,72	
28,97	-0,71	
28,975	-0,7	
28,98	-0,69	
28,985	-0,68	
28,99	-0,67	
28,995	-0,66	
29,0	-0,64	
29,005	-0,63	
29,01	-0,62	
29,015	-0,61	
29,02	-0,6	
29,025	-0,58	
29,03	-0,57	
29,035	-0,56	
29,04	-0,54	
29,045	-0,52	
29,05	-0,51	
29,055	-0,49	
29,06	-0,48	
29,065	-0,46	
29,07	-0,44	
29,075	-0,43	
29,08	-0,41	
29,085	-0,39	
29,09	-0,38	
29,095	-0,36	
29,1	-0,34	
29,105	-0,33	
29,11	-0,31	
29,115	-0,29	
29,12	-0,26	
29,125	-0,24	
29,13	-0,22	
29,135	-0,2	
29,14	-0,19	
29,145	-0,17	
29,15	-0,15	
29,155	-0,13	
29,16	-0,11	
29,165	-0,09	
29,17	-0,07	
29,175	-0,05	
29,18	-0,04	
29,185	-0,02	
29,19	0	
29,195	0,02	
29,2	0,05	
29,205	0,07	
29,21	0,09	
29,215	0,11	
29,22	0,13	
29,225	0,14	
29,23	0,16	
29,235	0,18	
29,24	0,2	
29,245	0,21	
29,25	0,23	
29,255	0,25	
29,26	0,27	
29,265	0,28	
29,27	0,3	
29,275	0,32	
29,28	0,35	
29,285	0,36	
29,29	0,38	
29,295	0,4	
29,3	0,41	
29,305	0,43	
29,31	0,44	
29,315	0,46	
29,32	0,47	
29,325	0,49	
29,33	0,5	
29,335	0,51	
29,34	0,53	
29,345	0,54	
29,35	0,55	
29,355	0,57	
29,36	0,58	
29,365	0,59	
29,37	0,6	
29,375	0,61	
29,38	0,63	
29,385	0,64	
29,39	0,65	
29,395	0,66	
29,4	0,67	
29,405	0,67	
29,41	0,68	
29,415	0,69	
29,42	0,69	
29,425	0,7	
29,43	0,7	
29,435	0,71	
29,44	0,72	
29,445	0,73	
29,45	0,73	
29,455	0,74	
29,46	0,74	
29,465	0,74	
29,47	0,74	
29,475	0,75	
29,48	0,75	
29,485	0,75	
29,49	0,75	
29,495	0,75	
29,5	0,75	
29,505	0,75	
29,51	0,75	
29,515	0,75	
29,52	0,74	
29,525	0,74	
29,53	0,74	
29,535	0,74	
29,54	0,75	
29,545	0,74	
29,55	0,73	
29,555	0,73	
29,56	0,72	
29,565	0,71	
29,57	0,71	
29,575	0,7	
29,58	0,69	
29,585	0,69	
29,59	0,68	
29,595	0,67	
29,6	0,67	
29,605	0,65	
29,61	0,64	
29,615	0,63	
29,62	0,62	
29,625	0,61	
29,63	0,6	
29,635	0,59	
29,64	0,58	
29,645	0,57	
29,65	0,56	
29,655	0,55	
29,66	0,54	
29,665	0,52	
29,67	0,51	
29,675	0,49	
29,68	0,47	
29,685	0,46	
29,69	0,44	
29,695	0,43	
29,7	0,42	
29,705	0,41	
29,71	0,39	
29,715	0,37	
29,72	0,36	
29,725	0,34	
29,73	0,32	
29,735	0,3	
29,74	0,28	
29,745	0,27	
29,75	0,25	
29,755	0,24	
29,76	0,22	
29,765	0,2	
29,77	0,18	
29,775	0,16	
29,78	0,14	
29,785	0,13	
29,79	0,11	
29,795	0,09	
29,8	0,08	
29,805	0,06	
29,81	0,04	
29,815	0,02	
29,82	0,01	
29,825	-0,01	
29,83	-0,03	
29,835	-0,05	
29,84	-0,07	
29,845	-0,09	
29,85	-0,1	
29,855	-0,12	
29,86	-0,14	
29,865	-0,16	
29,87	-0,18	
29,875	-0,19	
29,88	-0,21	
29,885	-0,22	
29,89	-0,24	
29,895	-0,25	
29,9	-0,27	
29,905	-0,29	
29,91	-0,3	
29,915	-0,32	
29,92	-0,33	
29,925	-0,35	
29,93	-0,36	
29,935	-0,38	
29,94	-0,39	
29,945	-0,4	
29,95	-0,42	
29,955	-0,43	
29,96	-0,45	
29,965	-0,47	
29,97	-0,48	
29,975	-0,49	
29,98	-0,5	
29,985	-0,51	
29,99	-0,52	
29,995	-0,52	
30,0	-0,53	
30,005	-0,55	
30,01	-0,56	
30,015	-0,57	
30,02	-0,58	
30,025	-0,59	
30,03	-0,59	
30,035	-0,6	
30,04	-0,61	
30,045	-0,62	
30,05	-0,63	
30,055	-0,63	
30,06	-0,64	
30,065	-0,65	
30,07	-0,65	
30,075	-0,65	
30,08	-0,66	
30,085	-0,66	
30,09	-0,67	
30,095	-0,67	
30,1	-0,68	
30,105	-0,68	
30,11	-0,68	
30,115	-0,68	
30,12	-0,68	
30,125	-0,68	
30,13	-0,67	
30,135	-0,67	
30,14	-0,67	
30,145	-0,67	
30,15	-0,67	
30,155	-0,67	
30,16	-0,68	
30,165	-0,67	
30,17	-0,67	
30,175	-0,66	
30,18	-0,66	
30,185	-0,65	
30,19	-0,65	
30,195	-0,64	
30,2	-0,64	
30,205	-0,63	
30,21	-0,63	
30,215	-0,62	
30,22	-0,61	
30,225	-0,61	
30,23	-0,6	
30,235	-0,59	
30,24	-0,58	
30,245	-0,57	
30,25	-0,56	
30,255	-0,55	
30,26	-0,54	
30,265	-0,54	
30,27	-0,52	
30,275	-0,51	
30,28	-0,5	
30,285	-0,49	
30,29	-0,48	
30,295	-0,47	
30,3	-0,46	
30,305	-0,44	
30,31	-0,43	
30,315	-0,42	
30,32	-0,4	
30,325	-0,39	
30,33	-0,37	
30,335	-0,36	
30,34	-0,34	
30,345	-0,33	
30,35	-0,31	
30,355	-0,3	
30,36	-0,29	
30,365	-0,27	
30,37	-0,26	
30,375	-0,25	
30,38	-0,23	
30,385	-0,22	
30,39	-0,2	
30,395	-0,19	
30,4	-0,17	
30,405	-0,16	
30,41	-0,14	
30,415	-0,12	
30,42	-0,11	
30,425	-0,09	
30,43	-0,07	
30,435	-0,06	
30,44	-0,04	
30,445	-0,03	
30,45	-0,01	
30,455	0	
30,46	0,01	
30,465	0,03	
30,47	0,05	
30,475	0,06	
30,48	0,08	
30,485	0,09	
30,49	0,11	
30,495	0,13	
30,5	0,14	
30,505	0,16	
30,51	0,17	
30,515	0,19	
30,52	0,2	
30,525	0,22	
30,53	0,23	
30,535	0,24	
30,54	0,26	
30,545	0,27	
30,55	0,28	
30,555	0,3	
30,56	0,31	
30,565	0,32	
30,57	0,33	
30,575	0,35	
30,58	0,36	
30,585	0,37	
30,59	0,38	
30,595	0,39	
30,6	0,4	
30,605	0,41	
30,61	0,42	
30,615	0,43	
30,62	0,44	
30,625	0,45	
30,63	0,46	
30,635	0,47	
30,64	0,48	
30,645	0,48	
30,65	0,49	
30,655	0,5	
30,66	0,5	
30,665	0,51	
30,67	0,52	
30,675	0,53	
30,68	0,54	
30,685	0,54	
30,69	0,55	
30,695	0,55	
30,7	0,55	
30,705	0,55	
30,71	0,56	
30,715	0,56	
30,72	0,57	
30,725	0,57	
30,73	0,58	
30,735	0,58	
30,74	0,58	
30,745	0,58	
30,75	0,58	
30,755	0,58	
30,76	0,58	
30,765	0,58	
30,77	0,58	
30,775	0,58	
30,78	0,58	
30,785	0,58	
30,79	0,57	
30,795	0,57	
30,8	0,56	
30,805	0,56	
30,81	0,56	
30,815	0,56	
30,82	0,56	
30,825	0,56	
30,83	0,56	
30,835	0,55	
30,84	0,54	
30,845	0,53	
30,85	0,53	
30,855	0,52	
30,86	0,51	
30,865	0,5	
30,87	0,5	
30,875	0,49	
30,88	0,48	
30,885	0,48	
30,89	0,47	
30,895	0,45	
30,9	0,44	
30,905	0,43	
30,91	0,43	
30,915	0,42	
30,92	0,41	
30,925	0,4	
30,93	0,39	
30,935	0,38	
30,94	0,37	
30,945	0,36	
30,95	0,34	
30,955	0,33	
30,96	0,32	
30,965	0,31	
30,97	0,3	
30,975	0,29	
30,98	0,28	
30,985	0,26	
30,99	0,25	
30,995	0,23	
31,0	0,23	
31,005	0,21	
31,01	0,2	
31,015	0,19	
31,02	0,18	
31,025	0,17	
31,03	0,15	
31,035	0,14	
31,04	0,13	
31,045	0,11	
31,05	0,1	
31,055	0,09	
31,06	0,07	
31,065	0,06	
31,07	0,05	
31,075	0,03	
31,08	0,02	
31,085	0,01	
31,09	0	
31,095	-0,02	
31,1	-0,03	
31,105	-0,04	
31,11	-0,05	
31,115	-0,07	
31,12	-0,08	
31,125	-0,09	
31,13	-0,1	
31,135	-0,12	
31,14	-0,14	
31,145	-0,15	
31,15	-0,16	
31,155	-0,17	
31,16	-0,18	
31,165	-0,19	
31,17	-0,2	
31,175	-0,21	
31,18	-0,22	
31,185	-0,23	
31,19	-0,24	
31,195	-0,25	
31,2	-0,26	
31,205	-0,27	
31,21	-0,28	
31,215	-0,29	
31,22	-0,3	
31,225	-0,31	
31,23	-0,32	
31,235	-0,33	
31,24	-0,34	
31,245	-0,35	
31,25	-0,36	
31,255	-0,36	
31,26	-0,37	
31,265	-0,38	
31,27	-0,38	
31,275	-0,39	
31,28	-0,39	
31,285	-0,4	
31,29	-0,41	
31,295	-0,41	
31,3	-0,42	
31,305	-0,43	
31,31	-0,43	
31,315	-0,43	
31,32	-0,43	
31,325	-0,44	
31,33	-0,44	
31,335	-0,45	
31,34	-0,45	
31,345	-0,46	
31,35	-0,46	
31,355	-0,46	
31,36	-0,46	
31,365	-0,46	
31,37	-0,46	
31,375	-0,46	
31,38	-0,46	
31,385	-0,46	
31,39	-0,47	
31,395	-0,47	
31,4	-0,47	
31,405	-0,47	
31,41	-0,47	
31,415	-0,46	
31,42	-0,46	
31,425	-0,46	
31,43	-0,46	
31,435	-0,45	
31,44	-0,45	
31,445	-0,45	
31,45	-0,45	
31,455	-0,45	
31,46	-0,44	
31,465	-0,43	
31,47	-0,43	
31,475	-0,42	
31,48	-0,42	
31,485	-0,42	
31,49	-0,41	
31,495	-0,41	
31,5	-0,4	
31,505	-0,39	
31,51	-0,39	
31,515	-0,38	
31,52	-0,38	
31,525	-0,37	
31,53	-0,37	
31,535	-0,36	
31,54	-0,35	
31,545	-0,34	
31,55	-0,33	
31,555	-0,32	
31,56	-0,31	
31,565	-0,31	
31,57	-0,3	
31,575	-0,29	
31,58	-0,28	
31,585	-0,27	
31,59	-0,26	
31,595	-0,25	
31,6	-0,24	
31,605	-0,23	
31,61	-0,22	
31,615	-0,22	
31,62	-0,21	
31,625	-0,2	
31,63	-0,19	
31,635	-0,18	
31,64	-0,17	
31,645	-0,16	
31,65	-0,15	
31,655	-0,14	
31,66	-0,13	
31,665	-0,12	
31,67	-0,11	
31,675	-0,11	
31,68	-0,1	
31,685	-0,08	
31,69	-0,07	
31,695	-0,06	
31,7	-0,05	
31,705	-0,03	
31,71	-0,03	
31,715	-0,02	
31,72	-0,01	
31,725	0	
31,73	0,01	
31,735	0,02	
31,74	0,03	
31,745	0,04	
31,75	0,05	
31,755	0,06	
31,76	0,07	
31,765	0,08	
31,77	0,08	
31,775	0,09	
31,78	0,1	
31,785	0,11	
31,79	0,13	
31,795	0,13	
31,8	0,14	
31,805	0,15	
31,81	0,16	
31,815	0,16	
31,82	0,17	
31,825	0,18	
31,83	0,19	
31,835	0,19	
31,84	0,2	
31,845	0,21	
31,85	0,22	
31,855	0,22	
31,86	0,23	
31,865	0,24	
31,87	0,24	
31,875	0,24	
31,88	0,25	
31,885	0,26	
31,89	0,27	
31,895	0,28	
31,9	0,28	
31,905	0,29	
31,91	0,29	
31,915	0,29	
31,92	0,3	
31,925	0,3	
31,93	0,3	
31,935	0,3	
31,94	0,31	
31,945	0,31	
31,95	0,32	
31,955	0,33	
31,96	0,33	
31,965	0,33	
31,97	0,33	
31,975	0,33	
31,98	0,33	
31,985	0,33	
31,99	0,34	
31,995	0,34	
32,0	0,34	
32,005	0,34	
32,01	0,34	
32,015	0,34	
32,02	0,34	
32,025	0,34	
32,03	0,33	
32,035	0,34	
32,04	0,33	
32,045	0,33	
32,05	0,33	
32,055	0,34	
32,06	0,33	
32,065	0,33	
32,07	0,33	
32,075	0,33	
32,08	0,32	
32,085	0,32	
32,09	0,32	
32,095	0,32	
32,1	0,31	
32,105	0,31	
32,11	0,31	
32,115	0,3	
32,12	0,3	
32,125	0,29	
32,13	0,29	
32,135	0,29	
32,14	0,28	
32,145	0,28	
32,15	0,27	
32,155	0,27	
32,16	0,26	
32,165	0,26	
32,17	0,25	
32,175	0,25	
32,18	0,24	
32,185	0,24	
32,19	0,23	
32,195	0,23	
32,2	0,22	
32,205	0,21	
32,21	0,21	
32,215	0,2	
32,22	0,19	
32,225	0,19	
32,23	0,19	
32,235	0,18	
32,24	0,18	
32,245	0,17	
32,25	0,16	
32,255	0,16	
32,26	0,15	
32,265	0,14	
32,27	0,13	
32,275	0,12	
32,28	0,12	
32,285	0,11	
32,29	0,11	
32,295	0,1	
32,3	0,1	
32,305	0,09	
32,31	0,08	
32,315	0,07	
32,32	0,07	
32,325	0,06	
32,33	0,05	
32,335	0,05	
32,34	0,04	
32,345	0,03	
32,35	0,02	
32,355	0,02	
32,36	0,01	
32,365	0	
32,37	-0,01	
32,375	-0,01	
32,38	-0,02	
32,385	-0,02	
32,39	-0,02	
32,395	-0,03	
32,4	-0,04	
32,405	-0,04	
32,41	-0,05	
32,415	-0,06	
32,42	-0,07	
32,425	-0,07	
32,43	-0,08	
32,435	-0,09	
32,44	-0,09	
32,445	-0,09	
32,45	-0,1	
32,455	-0,1	
32,46	-0,1	
32,465	-0,11	
32,47	-0,11	
32,475	-0,12	
32,48	-0,12	
32,485	-0,13	
32,49	-0,13	
32,495	-0,13	
32,5	-0,14	
32,505	-0,14	
32,51	-0,14	
32,515	-0,15	
32,52	-0,16	
32,525	-0,16	
32,53	-0,16	
32,535	-0,17	
32,54	-0,17	
32,545	-0,17	
32,55	-0,17	
32,555	-0,18	
32,56	-0,18	
32,565	-0,18	
32,57	-0,18	
32,575	-0,19	
32,58	-0,19	
32,585	-0,19	
32,59	-0,2	
32,595	-0,2	
32,6	-0,19	
32,605	-0,19	
32,61	-0,19	
32,615	-0,2	
32,62	-0,2	
32,625	-0,2	
32,63	-0,2	
32,635	-0,2	
32,64	-0,2	
32,645	-0,2	
32,65	-0,2	
32,655	-0,2	
32,66	-0,2	
32,665	-0,2	
32,67	-0,2	
32,675	-0,2	
32,68	-0,2	
32,685	-0,19	
32,69	-0,19	
32,695	-0,19	
32,7	-0,19	
32,705	-0,19	
32,71	-0,19	
32,715	-0,19	
32,72	-0,19	
32,725	-0,18	
32,73	-0,19	
32,735	-0,18	
32,74	-0,19	
32,745	-0,18	
32,75	-0,18	
32,755	-0,18	
32,76	-0,17	
32,765	-0,17	
32,77	-0,17	
32,775	-0,16	
32,78	-0,16	
32,785	-0,16	
32,79	-0,16	
32,795	-0,16	
32,8	-0,16	
32,805	-0,15	
32,81	-0,15	
32,815	-0,14	
32,82	-0,14	
32,825	-0,14	
32,83	-0,13	
32,835	-0,13	
32,84	-0,13	
32,845	-0,13	
32,85	-0,13	
32,855	-0,12	
32,86	-0,12	
32,865	-0,11	
32,87	-0,11	
32,875	-0,11	
32,88	-0,1	
32,885	-0,1	
32,89	-0,1	
32,895	-0,09	
32,9	-0,09	
32,905	-0,08	
32,91	-0,08	
32,915	-0,08	
32,92	-0,07	
32,925	-0,07	
32,93	-0,07	
32,935	-0,07	
32,94	-0,06	
32,945	-0,06	
32,95	-0,06	
32,955	-0,06	
32,96	-0,06	
32,965	-0,05	
32,97	-0,05	
32,975	-0,04	
32,98	-0,04	
32,985	-0,04	
32,99	-0,03	
32,995	-0,03	
33,0	-0,03	
33,005	-0,02	
33,01	-0,02	
33,015	-0,01	
33,02	-0,01	
33,025	-0,01	
33,03	-0,01	
33,035	-0,01	
33,04	-0,01	
33,045	-0,01	
33,05	0	
33,055	0	
33,06	0,01	
33,065	0,01	
33,07	0,01	
33,075	0,01	
33,08	0,01	
33,085	0,01	
33,09	0,01	
33,095	0,02	
33,1	0,02	
33,105	0,02	
33,11	0,03	
33,115	0,03	
33,12	0,03	
33,125	0,03	
33,13	0,03	
33,135	0,03	
33,14	0,04	
33,145	0,04	
33,15	0,04	
33,155	0,04	
33,16	0,04	
33,165	0,04	
33,17	0,04	
33,175	0,04	
33,18	0,04	
33,185	0,05	
33,19	0,05	
33,195	0,05	
33,2	0,05	
33,205	0,05	
33,21	0,05	
33,215	0,05	
33,22	0,05	
33,225	0,05	
33,23	0,05	
33,235	0,05	
33,24	0,06	
33,245	0,06	
33,25	0,06	
33,255	0,06	
33,26	0,05	
33,265	0,05	
33,27	0,05	
33,275	0,05	
33,28	0,06	
33,285	0,06	
33,29	0,06	
33,295	0,06	
33,3	0,06	
33,305	0,06	
33,31	0,06	
33,315	0,05	
33,32	0,05	
33,325	0,05	
33,33	0,05	
33,335	0,05	
33,34	0,05	
33,345	0,06	
33,35	0,06	
33,355	0,06	
33,36	0,06	
33,365	0,06	
33,37	0,05	
33,375	0,05	
33,38	0,05	
33,385	0,05	
33,39	0,05	
33,395	0,05	
33,4	0,05	
33,405	0,05	
33,41	0,05	
33,415	0,05	
33,42	0,05	
33,425	0,05	
33,43	0,05	
33,435	0,05	
33,44	0,05	
33,445	0,05	
33,45	0,05	
33,455	0,05	
33,46	0,05	
33,465	0,05	
33,47	0,05	
33,475	0,05	
33,48	0,04	
33,485	0,05	
33,49	0,05	
33,495	0,05	
33,5	0,05	
33,505	0,04	
33,51	0,05	
33,515	0,04	
33,52	0,04	
33,525	0,04	
33,53	0,04	
33,535	0,05	
33,54	0,05	
33,545	0,05	
33,55	0,05	
33,555	0,05	
33,56	0,05	
33,565	0,05	
33,57	0,05	
33,575	0,05	
33,58	0,05	
33,585	0,05	
33,59	0,05	
33,595	0,05	
33,6	0,05	
33,605	0,05	
33,61	0,05	
33,615	0,05	
33,62	0,05	
33,625	0,05	
33,63	0,05	
33,635	0,05	
33,64	0,05	
33,645	0,06	
33,65	0,06	
33,655	0,06	
33,66	0,06	
33,665	0,06	
33,67	0,05	
33,675	0,05	
33,68	0,06	
33,685	0,06	
33,69	0,06	
33,695	0,06	
33,7	0,06	
33,705	0,06	
33,71	0,07	
33,715	0,07	
33,72	0,07	
33,725	0,07	
33,73	0,07	
33,735	0,07	
33,74	0,07	
33,745	0,07	
33,75	0,07	
33,755	0,07	
33,76	0,07	
33,765	0,07	
33,77	0,07	
33,775	0,07	
33,78	0,07	
33,785	0,08	
33,79	0,08	
33,795	0,08	
33,8	0,08	
33,805	0,08	
33,81	0,08	
33,815	0,08	
33,82	0,09	
33,825	0,09	
33,83	0,09	
33,835	0,09	
33,84	0,09	
33,845	0,09	
33,85	0,09	
33,855	0,09	
33,86	0,08	
33,865	0,09	
33,87	0,09	
33,875	0,09	
33,88	0,09	
33,885	0,09	
33,89	0,09	
33,895	0,09	
33,9	0,08	
33,905	0,09	
33,91	0,08	
33,915	0,09	
33,92	0,09	
33,925	0,09	
33,93	0,09	
33,935	0,09	
33,94	0,09	
33,945	0,09	
33,95	0,09	
33,955	0,08	
33,96	0,08	
33,965	0,08	
33,97	0,09	
33,975	0,09	
33,98	0,09	
33,985	0,09	
33,99	0,08	
33,995	0,08	
34,0	0,08	
34,005	0,08	
34,01	0,08	
34,015	0,07	
34,02	0,07	
34,025	0,08	
34,03	0,07	
34,035	0,07	
34,04	0,07	
34,045	0,07	
34,05	0,06	
34,055	0,06	
34,06	0,05	
34,065	0,05	
34,07	0,05	
34,075	0,05	
34,08	0,05	
34,085	0,04	
34,09	0,04	
34,095	0,04	
34,1	0,03	
34,105	0,03	
34,11	0,03	
34,115	0,03	
34,12	0,03	
34,125	0,03	
34,13	0,02	
34,135	0,02	
34,14	0,01	
34,145	0	
34,15	0	
34,155	-0,01	
34,16	-0,01	
34,165	-0,01	
34,17	-0,01	
34,175	-0,01	
34,18	-0,02	
34,185	-0,02	
34,19	-0,02	
34,195	-0,03	
34,2	-0,03	
34,205	-0,04	
34,21	-0,04	
34,215	-0,04	
34,22	-0,04	
34,225	-0,05	
34,23	-0,05	
34,235	-0,06	
34,24	-0,06	
34,245	-0,07	
34,25	-0,07	
34,255	-0,08	
34,26	-0,08	
34,265	-0,08	
34,27	-0,09	
34,275	-0,09	
34,28	-0,1	
34,285	-0,1	
34,29	-0,11	
34,295	-0,11	
34,3	-0,11	
34,305	-0,11	
34,31	-0,12	
34,315	-0,12	
34,32	-0,13	
34,325	-0,13	
34,33	-0,14	
34,335	-0,14	
34,34	-0,14	
34,345	-0,15	
34,35	-0,15	
34,355	-0,16	
34,36	-0,16	
34,365	-0,16	
34,37	-0,17	
34,375	-0,17	
34,38	-0,17	
34,385	-0,17	
34,39	-0,18	
34,395	-0,19	
34,4	-0,19	
34,405	-0,19	
34,41	-0,19	
34,415	-0,19	
34,42	-0,2	
34,425	-0,2	
34,43	-0,2	
34,435	-0,21	
34,44	-0,21	
34,445	-0,21	
34,45	-0,22	
34,455	-0,22	
34,46	-0,22	
34,465	-0,22	
34,47	-0,22	
34,475	-0,22	
34,48	-0,22	
34,485	-0,23	
34,49	-0,23	
34,495	-0,23	
34,5	-0,23	
34,505	-0,23	
34,51	-0,23	
34,515	-0,23	
34,52	-0,23	
34,525	-0,23	
34,53	-0,23	
34,535	-0,23	
34,54	-0,23	
34,545	-0,23	
34,55	-0,23	
34,555	-0,23	
34,56	-0,23	
34,565	-0,23	
34,57	-0,22	
34,575	-0,22	
34,58	-0,22	
34,585	-0,22	
34,59	-0,23	
34,595	-0,23	
34,6	-0,23	
34,605	-0,22	
34,61	-0,22	
34,615	-0,2	
34,62	-0,2	
34,625	-0,2	
34,63	-0,2	
34,635	-0,2	
34,64	-0,2	
34,645	-0,2	
34,65	-0,19	
34,655	-0,19	
34,66	-0,18	
34,665	-0,18	
34,67	-0,17	
34,675	-0,17	
34,68	-0,17	
34,685	-0,16	
34,69	-0,16	
34,695	-0,16	
34,7	-0,15	
34,705	-0,15	
34,71	-0,14	
34,715	-0,13	
34,72	-0,12	
34,725	-0,12	
34,73	-0,11	
34,735	-0,11	
34,74	-0,11	
34,745	-0,11	
34,75	-0,1	
34,755	-0,09	
34,76	-0,08	
34,765	-0,08	
34,77	-0,07	
34,775	-0,06	
34,78	-0,05	
34,785	-0,05	
34,79	-0,04	
34,795	-0,04	
34,8	-0,03	
34,805	-0,02	
34,81	-0,01	
34,815	0	
34,82	0	
34,825	0,01	
34,83	0,02	
34,835	0,02	
34,84	0,03	
34,845	0,03	
34,85	0,04	
34,855	0,05	
34,86	0,06	
34,865	0,07	
34,87	0,07	
34,875	0,08	
34,88	0,08	
34,885	0,09	
34,89	0,1	
34,895	0,11	
34,9	0,12	
34,905	0,13	
34,91	0,14	
34,915	0,14	
34,92	0,15	
34,925	0,15	
34,93	0,15	
34,935	0,16	
34,94	0,17	
34,945	0,19	
34,95	0,2	
34,955	0,2	
34,96	0,21	
34,965	0,21	
34,97	0,22	
34,975	0,22	
34,98	0,23	
34,985	0,23	
34,99	0,24	
34,995	0,25	
35,0	0,26	
35,005	0,26	
35,01	0,27	
35,015	0,28	
35,02	0,28	
35,025	0,28	
35,03	0,28	
35,035	0,29	
35,04	0,29	
35,045	0,3	
35,05	0,31	
35,055	0,32	
35,06	0,32	
35,065	0,32	
35,07	0,33	
35,075	0,33	
35,08	0,33	
35,085	0,33	
35,09	0,34	
35,095	0,34	
35,1	0,35	
35,105	0,35	
35,11	0,36	
35,115	0,35	
35,12	0,35	
35,125	0,35	
35,13	0,35	
35,135	0,35	
35,14	0,36	
35,145	0,36	
35,15	0,37	
35,155	0,37	
35,16	0,37	
35,165	0,37	
35,17	0,37	
35,175	0,37	
35,18	0,36	
35,185	0,36	
35,19	0,35	
35,195	0,36	
35,2	0,36	
35,205	0,36	
35,21	0,36	
35,215	0,35	
35,22	0,35	
35,225	0,34	
35,23	0,34	
35,235	0,34	
35,24	0,34	
35,245	0,33	
35,25	0,33	
35,255	0,33	
35,26	0,33	
35,265	0,32	
35,27	0,31	
35,275	0,31	
35,28	0,3	
35,285	0,29	
35,29	0,29	
35,295	0,29	
35,3	0,28	
35,305	0,28	
35,31	0,27	
35,315	0,26	
35,32	0,26	
35,325	0,25	
35,33	0,24	
35,335	0,23	
35,34	0,22	
35,345	0,21	
35,35	0,21	
35,355	0,2	
35,36	0,19	
35,365	0,18	
35,37	0,17	
35,375	0,16	
35,38	0,15	
35,385	0,14	
35,39	0,14	
35,395	0,13	
35,4	0,12	
35,405	0,12	
35,41	0,1	
35,415	0,09	
35,42	0,08	
35,425	0,07	
35,43	0,06	
35,435	0,05	
35,44	0,05	
35,445	0,04	
35,45	0,02	
35,455	0,01	
35,46	0	
35,465	-0,01	
35,47	-0,02	
35,475	-0,03	
35,48	-0,04	
35,485	-0,05	
35,49	-0,05	
35,495	-0,06	
35,5	-0,07	
35,505	-0,09	
35,51	-0,1	
35,515	-0,12	
35,52	-0,13	
35,525	-0,14	
35,53	-0,15	
35,535	-0,16	
35,54	-0,16	
35,545	-0,18	
35,55	-0,19	
35,555	-0,2	
35,56	-0,21	
35,565	-0,22	
35,57	-0,23	
35,575	-0,24	
35,58	-0,25	
35,585	-0,26	
35,59	-0,26	
35,595	-0,27	
35,6	-0,28	
35,605	-0,29	
35,61	-0,3	
35,615	-0,31	
35,62	-0,32	
35,625	-0,33	
35,63	-0,34	
35,635	-0,35	
35,64	-0,35	
35,645	-0,36	
35,65	-0,37	
35,655	-0,37	
35,66	-0,38	
35,665	-0,39	
35,67	-0,4	
35,675	-0,41	
35,68	-0,41	
35,685	-0,42	
35,69	-0,42	
35,695	-0,42	
35,7	-0,43	
35,705	-0,44	
35,71	-0,44	
35,715	-0,45	
35,72	-0,46	
35,725	-0,46	
35,73	-0,46	
35,735	-0,47	
35,74	-0,47	
35,745	-0,47	
35,75	-0,48	
35,755	-0,48	
35,76	-0,48	
35,765	-0,48	
35,77	-0,48	
35,775	-0,48	
35,78	-0,48	
35,785	-0,48	
35,79	-0,48	
35,795	-0,49	
35,8	-0,49	
35,805	-0,48	
35,81	-0,48	
35,815	-0,48	
35,82	-0,48	
35,825	-0,48	
35,83	-0,48	
35,835	-0,47	
35,84	-0,47	
35,845	-0,47	
35,85	-0,47	
35,855	-0,46	
35,86	-0,46	
35,865	-0,46	
35,87	-0,45	
35,875	-0,44	
35,88	-0,44	
35,885	-0,43	
35,89	-0,43	
35,895	-0,42	
35,9	-0,42	
35,905	-0,42	
35,91	-0,4	
35,915	-0,4	
35,92	-0,39	
35,925	-0,38	
35,93	-0,37	
35,935	-0,37	
35,94	-0,36	
35,945	-0,35	
35,95	-0,34	
35,955	-0,33	
35,96	-0,32	
35,965	-0,31	
35,97	-0,3	
35,975	-0,29	
35,98	-0,28	
35,985	-0,27	
35,99	-0,26	
35,995	-0,25	
36,0	-0,24	
36,005	-0,23	
36,01	-0,22	
36,015	-0,21	
36,02	-0,19	
36,025	-0,18	
36,03	-0,17	
36,035	-0,15	
36,04	-0,14	
36,045	-0,13	
36,05	-0,12	
36,055	-0,11	
36,06	-0,1	
36,065	-0,09	
36,07	-0,07	
36,075	-0,06	
36,08	-0,04	
36,085	-0,03	
36,09	-0,01	
36,095	0	
36,1	0,01	
36,105	0,02	
36,11	0,04	
36,115	0,05	
36,12	0,06	
36,125	0,07	
36,13	0,09	
36,135	0,1	
36,14	0,12	
36,145	0,13	
36,15	0,15	
36,155	0,16	
36,16	0,17	
36,165	0,18	
36,17	0,2	
36,175	0,21	
36,18	0,23	
36,185	0,24	
36,19	0,25	
36,195	0,26	
36,2	0,27	
36,205	0,28	
36,21	0,3	
36,215	0,31	
36,22	0,32	
36,225	0,33	
36,23	0,34	
36,235	0,35	
36,24	0,37	
36,245	0,38	
36,25	0,39	
36,255	0,4	
36,26	0,41	
36,265	0,42	
36,27	0,43	
36,275	0,44	
36,28	0,45	
36,285	0,46	
36,29	0,47	
36,295	0,48	
36,3	0,48	
36,305	0,49	
36,31	0,5	
36,315	0,51	
36,32	0,52	
36,325	0,52	
36,33	0,53	
36,335	0,54	
36,34	0,54	
36,345	0,55	
36,35	0,55	
36,355	0,55	
36,36	0,56	
36,365	0,57	
36,37	0,57	
36,375	0,58	
36,38	0,58	
36,385	0,58	
36,39	0,58	
36,395	0,58	
36,4	0,58	
36,405	0,58	
36,41	0,59	
36,415	0,59	
36,42	0,59	
36,425	0,59	
36,43	0,59	
36,435	0,59	
36,44	0,59	
36,445	0,59	
36,45	0,58	
36,455	0,58	
36,46	0,58	
36,465	0,58	
36,47	0,58	
36,475	0,58	
36,48	0,57	
36,485	0,56	
36,49	0,56	
36,495	0,55	
36,5	0,54	
36,505	0,54	
36,51	0,54	
36,515	0,53	
36,52	0,53	
36,525	0,52	
36,53	0,51	
36,535	0,51	
36,54	0,5	
36,545	0,49	
36,55	0,48	
36,555	0,47	
36,56	0,46	
36,565	0,45	
36,57	0,44	
36,575	0,43	
36,58	0,42	
36,585	0,41	
36,59	0,4	
36,595	0,38	
36,6	0,37	
36,605	0,36	
36,61	0,34	
36,615	0,33	
36,62	0,32	
36,625	0,31	
36,63	0,3	
36,635	0,29	
36,64	0,27	
36,645	0,26	
36,65	0,24	
36,655	0,22	
36,66	0,21	
36,665	0,19	
36,67	0,18	
36,675	0,17	
36,68	0,16	
36,685	0,15	
36,69	0,13	
36,695	0,11	
36,7	0,09	
36,705	0,08	
36,71	0,06	
36,715	0,04	
36,72	0,02	
36,725	0,01	
36,73	0	
36,735	-0,01	
36,74	-0,03	
36,745	-0,04	
36,75	-0,06	
36,755	-0,08	
36,76	-0,09	
36,765	-0,11	
36,77	-0,12	
36,775	-0,14	
36,78	-0,15	
36,785	-0,17	
36,79	-0,18	
36,795	-0,2	
36,8	-0,22	
36,805	-0,24	
36,81	-0,25	
36,815	-0,27	
36,82	-0,28	
36,825	-0,29	
36,83	-0,31	
36,835	-0,32	
36,84	-0,34	
36,845	-0,35	
36,85	-0,37	
36,855	-0,38	
36,86	-0,39	
36,865	-0,41	
36,87	-0,42	
36,875	-0,43	
36,88	-0,45	
36,885	-0,46	
36,89	-0,47	
36,895	-0,48	
36,9	-0,49	
36,905	-0,5	
36,91	-0,51	
36,915	-0,52	
36,92	-0,53	
36,925	-0,54	
36,93	-0,55	
36,935	-0,56	
36,94	-0,57	
36,945	-0,58	
36,95	-0,59	
36,955	-0,59	
36,96	-0,61	
36,965	-0,61	
36,97	-0,62	
36,975	-0,63	
36,98	-0,64	
36,985	-0,64	
36,99	-0,65	
36,995	-0,65	
37,0	-0,65	
37,005	-0,66	
37,01	-0,66	
37,015	-0,67	
37,02	-0,67	
37,025	-0,67	
37,03	-0,68	
37,035	-0,68	
37,04	-0,68	
37,045	-0,68	
37,05	-0,68	
37,055	-0,67	
37,06	-0,67	
37,065	-0,67	
37,07	-0,67	
37,075	-0,67	
37,08	-0,67	
37,085	-0,67	
37,09	-0,67	
37,095	-0,67	
37,1	-0,66	
37,105	-0,66	
37,11	-0,65	
37,115	-0,64	
37,12	-0,63	
37,125	-0,63	
37,13	-0,63	
37,135	-0,62	
37,14	-0,61	
37,145	-0,61	
37,15	-0,6	
37,155	-0,59	
37,16	-0,58	
37,165	-0,57	
37,17	-0,57	
37,175	-0,56	
37,18	-0,55	
37,185	-0,54	
37,19	-0,53	
37,195	-0,51	
37,2	-0,5	
37,205	-0,49	
37,21	-0,48	
37,215	-0,46	
37,22	-0,45	
37,225	-0,44	
37,23	-0,43	
37,235	-0,41	
37,24	-0,4	
37,245	-0,39	
37,25	-0,37	
37,255	-0,36	
37,26	-0,35	
37,265	-0,33	
37,27	-0,32	
37,275	-0,3	
37,28	-0,28	
37,285	-0,26	
37,29	-0,24	
37,295	-0,23	
37,3	-0,22	
37,305	-0,2	
37,31	-0,19	
37,315	-0,17	
37,32	-0,15	
37,325	-0,13	
37,33	-0,12	
37,335	-0,1	
37,34	-0,09	
37,345	-0,07	
37,35	-0,05	
37,355	-0,04	
37,36	-0,02	
37,365	0,01	
37,37	0,03	
37,375	0,05	
37,38	0,07	
37,385	0,08	
37,39	0,1	
37,395	0,12	
37,4	0,13	
37,405	0,15	
37,41	0,17	
37,415	0,18	
37,42	0,2	
37,425	0,22	
37,43	0,23	
37,435	0,25	
37,44	0,26	
37,445	0,29	
37,45	0,31	
37,455	0,32	
37,46	0,34	
37,465	0,35	
37,47	0,37	
37,475	0,38	
37,48	0,4	
37,485	0,41	
37,49	0,43	
37,495	0,44	
37,5	0,46	
37,505	0,47	
37,51	0,49	
37,515	0,5	
37,52	0,51	
37,525	0,53	
37,53	0,54	
37,535	0,55	
37,54	0,56	
37,545	0,57	
37,55	0,58	
37,555	0,6	
37,56	0,61	
37,565	0,62	
37,57	0,63	
37,575	0,64	
37,58	0,65	
37,585	0,65	
37,59	0,66	
37,595	0,67	
37,6	0,68	
37,605	0,69	
37,61	0,7	
37,615	0,7	
37,62	0,71	
37,625	0,71	
37,63	0,72	
37,635	0,72	
37,64	0,73	
37,645	0,73	
37,65	0,73	
37,655	0,73	
37,66	0,74	
37,665	0,74	
37,67	0,74	
37,675	0,74	
37,68	0,74	
37,685	0,74	
37,69	0,74	
37,695	0,74	
37,7	0,74	
37,705	0,74	
37,71	0,74	
37,715	0,73	
37,72	0,73	
37,725	0,73	
37,73	0,73	
37,735	0,72	
37,74	0,72	
37,745	0,71	
37,75	0,7	
37,755	0,69	
37,76	0,69	
37,765	0,68	
37,77	0,67	
37,775	0,67	
37,78	0,66	
37,785	0,65	
37,79	0,64	
37,795	0,63	
37,8	0,62	
37,805	0,61	
37,81	0,6	
37,815	0,59	
37,82	0,58	
37,825	0,57	
37,83	0,56	
37,835	0,55	
37,84	0,53	
37,845	0,52	
37,85	0,5	
37,855	0,48	
37,86	0,47	
37,865	0,45	
37,87	0,44	
37,875	0,43	
37,88	0,42	
37,885	0,4	
37,89	0,39	
37,895	0,37	
37,9	0,35	
37,905	0,33	
37,91	0,31	
37,915	0,3	
37,92	0,28	
37,925	0,26	
37,93	0,24	
37,935	0,22	
37,94	0,21	
37,945	0,19	
37,95	0,17	
37,955	0,15	
37,96	0,13	
37,965	0,11	
37,97	0,1	
37,975	0,08	
37,98	0,06	
37,985	0,05	
37,99	0,03	
37,995	0,01	
38,0	-0,01	
38,005	-0,03	
38,01	-0,06	
38,015	-0,08	
38,02	-0,1	
38,025	-0,11	
38,03	-0,13	
38,035	-0,15	
38,04	-0,17	
38,045	-0,19	
38,05	-0,21	
38,055	-0,23	
38,06	-0,24	
38,065	-0,26	
38,07	-0,28	
38,075	-0,3	
38,08	-0,32	
38,085	-0,33	
38,09	-0,36	
38,095	-0,37	
38,1	-0,38	
38,105	-0,4	
38,11	-0,42	
38,115	-0,43	
38,12	-0,45	
38,125	-0,47	
38,13	-0,48	
38,135	-0,5	
38,14	-0,51	
38,145	-0,52	
38,15	-0,54	
38,155	-0,55	
38,16	-0,56	
38,165	-0,58	
38,17	-0,6	
38,175	-0,62	
38,18	-0,63	
38,185	-0,64	
38,19	-0,65	
38,195	-0,65	
38,2	-0,66	
38,205	-0,67	
38,21	-0,68	
38,215	-0,69	
38,22	-0,7	
38,225	-0,71	
38,23	-0,72	
38,235	-0,73	
38,24	-0,73	
38,245	-0,74	
38,25	-0,74	
38,255	-0,75	
38,26	-0,76	
38,265	-0,76	
38,27	-0,77	
38,275	-0,78	
38,28	-0,78	
38,285	-0,78	
38,29	-0,78	
38,295	-0,78	
38,3	-0,78	
38,305	-0,78	
38,31	-0,78	
38,315	-0,79	
38,32	-0,79	
38,325	-0,78	
38,33	-0,78	
38,335	-0,78	
38,34	-0,78	
38,345	-0,77	
38,35	-0,77	
38,355	-0,77	
38,36	-0,76	
38,365	-0,76	
38,37	-0,76	
38,375	-0,75	
38,38	-0,75	
38,385	-0,74	
38,39	-0,73	
38,395	-0,72	
38,4	-0,72	
38,405	-0,71	
38,41	-0,7	
38,415	-0,69	
38,42	-0,68	
38,425	-0,67	
38,43	-0,66	
38,435	-0,65	
38,44	-0,63	
38,445	-0,62	
38,45	-0,61	
38,455	-0,6	
38,46	-0,59	
38,465	-0,57	
38,47	-0,56	
38,475	-0,55	
38,48	-0,53	
38,485	-0,52	
38,49	-0,5	
38,495	-0,48	
38,5	-0,47	
38,505	-0,46	
38,51	-0,44	
38,515	-0,42	
38,52	-0,4	
38,525	-0,38	
38,53	-0,37	
38,535	-0,35	
38,54	-0,33	
38,545	-0,32	
38,55	-0,3	
38,555	-0,28	
38,56	-0,27	
38,565	-0,25	
38,57	-0,23	
38,575	-0,2	
38,58	-0,18	
38,585	-0,16	
38,59	-0,15	
38,595	-0,13	
38,6	-0,11	
38,605	-0,1	
38,61	-0,07	
38,615	-0,05	
38,62	-0,03	
38,625	-0,01	
38,63	0,01	
38,635	0,03	
38,64	0,05	
38,645	0,07	
38,65	0,08	
38,655	0,1	
38,66	0,13	
38,665	0,15	
38,67	0,17	
38,675	0,19	
38,68	0,2	
38,685	0,22	
38,69	0,24	
38,695	0,26	
38,7	0,28	
38,705	0,29	
38,71	0,32	
38,715	0,33	
38,72	0,35	
38,725	0,37	
38,73	0,39	
38,735	0,4	
38,74	0,42	
38,745	0,44	
38,75	0,46	
38,755	0,47	
38,76	0,49	
38,765	0,51	
38,77	0,53	
38,775	0,54	
38,78	0,55	
38,785	0,57	
38,79	0,58	
38,795	0,59	
38,8	0,61	
38,805	0,62	
38,81	0,63	
38,815	0,65	
38,82	0,66	
38,825	0,67	
38,83	0,69	
38,835	0,69	
38,84	0,71	
38,845	0,72	
38,85	0,72	
38,855	0,73	
38,86	0,74	
38,865	0,74	
38,87	0,75	
38,875	0,76	
38,88	0,77	
38,885	0,78	
38,89	0,78	
38,895	0,79	
38,9	0,79	
38,905	0,8	
38,91	0,8	
38,915	0,8	
38,92	0,8	
38,925	0,8	
38,93	0,81	
38,935	0,81	
38,94	0,81	
38,945	0,81	
38,95	0,81	
38,955	0,81	
38,96	0,81	
38,965	0,8	
38,97	0,8	
38,975	0,8	
38,98	0,8	
38,985	0,79	
38,99	0,79	
38,995	0,78	
39,0	0,77	
39,005	0,77	
39,01	0,76	
39,015	0,75	
39,02	0,75	
39,025	0,74	
39,03	0,73	
39,035	0,72	
39,04	0,72	
39,045	0,71	
39,05	0,7	
39,055	0,69	
39,06	0,68	
39,065	0,67	
39,07	0,65	
39,075	0,64	
39,08	0,63	
39,085	0,62	
39,09	0,61	
39,095	0,59	
39,1	0,58	
39,105	0,56	
39,11	0,55	
39,115	0,54	
39,12	0,52	
39,125	0,51	
39,13	0,49	
39,135	0,47	
39,14	0,45	
39,145	0,42	
39,15	0,41	
39,155	0,39	
39,16	0,38	
39,165	0,36	
39,17	0,35	
39,175	0,33	
39,18	0,32	
39,185	0,3	
39,19	0,28	
39,195	0,25	
39,2	0,24	
39,205	0,22	
39,21	0,2	
39,215	0,19	
39,22	0,17	
39,225	0,14	
39,23	0,12	
39,235	0,09	
39,24	0,07	
39,245	0,05	
39,25	0,03	
39,255	0,02	
39,26	0	
39,265	-0,02	
39,27	-0,04	
39,275	-0,06	
39,28	-0,08	
39,285	-0,1	
39,29	-0,12	
39,295	-0,14	
39,3	-0,16	
39,305	-0,18	
39,31	-0,2	
39,315	-0,22	
39,32	-0,24	
39,325	-0,26	
39,33	-0,28	
39,335	-0,3	
39,34	-0,32	
39,345	-0,33	
39,35	-0,35	
39,355	-0,37	
39,36	-0,38	
39,365	-0,4	
39,37	-0,42	
39,375	-0,43	
39,38	-0,45	
39,385	-0,48	
39,39	-0,49	
39,395	-0,51	
39,4	-0,52	
39,405	-0,53	
39,41	-0,54	
39,415	-0,56	
39,42	-0,57	
39,425	-0,58	
39,43	-0,6	
39,435	-0,61	
39,44	-0,63	
39,445	-0,64	
39,45	-0,65	
39,455	-0,66	
39,46	-0,67	
39,465	-0,68	
39,47	-0,7	
39,475	-0,7	
39,48	-0,72	
39,485	-0,72	
39,49	-0,73	
39,495	-0,74	
39,5	-0,74	
39,505	-0,75	
39,51	-0,75	
39,515	-0,76	
39,52	-0,77	
39,525	-0,77	
39,53	-0,78	
39,535	-0,79	
39,54	-0,79	
39,545	-0,79	
39,55	-0,79	
39,555	-0,79	
39,56	-0,79	
39,565	-0,79	
39,57	-0,8	
39,575	-0,8	
39,58	-0,8	
39,585	-0,8	
39,59	-0,8	
39,595	-0,8	
39,6	-0,79	
39,605	-0,79	
39,61	-0,79	
39,615	-0,78	
39,62	-0,78	
39,625	-0,78	
39,63	-0,77	
39,635	-0,76	
39,64	-0,76	
39,645	-0,75	
39,65	-0,74	
39,655	-0,74	
39,66	-0,72	
39,665	-0,72	
39,67	-0,71	
39,675	-0,7	
39,68	-0,7	
39,685	-0,69	
39,69	-0,68	
39,695	-0,66	
39,7	-0,65	
39,705	-0,64	
39,71	-0,62	
39,715	-0,61	
39,72	-0,6	
39,725	-0,58	
39,73	-0,57	
39,735	-0,56	
39,74	-0,54	
39,745	-0,53	
39,75	-0,51	
39,755	-0,5	
39,76	-0,48	
39,765	-0,47	
39,77	-0,45	
39,775	-0,44	
39,78	-0,42	
39,785	-0,41	
39,79	-0,38	
39,795	-0,36	
39,8	-0,34	
39,805	-0,33	
39,81	-0,31	
39,815	-0,29	
39,82	-0,27	
39,825	-0,26	
39,83	-0,24	
39,835	-0,22	
39,84	-0,21	
39,845	-0,19	
39,85	-0,17	
39,855	-0,15	
39,86	-0,13	
39,865	-0,11	
39,87	-0,08	
39,875	-0,06	
39,88	-0,05	
39,885	-0,03	
39,89	-0,01	
39,895	0,01	
39,9	0,03	
39,905	0,06	
39,91	0,07	
39,915	0,09	
39,92	0,11	
39,925	0,13	
39,93	0,15	
39,935	0,17	
39,94	0,19	
39,945	0,2	
39,95	0,23	
39,955	0,25	
39,96	0,27	
39,965	0,28	
39,97	0,3	
39,975	0,31	
39,98	0,33	
39,985	0,35	
39,99	0,37	
39,995	0,39	
40,0	0,41	
40,005	0,42	
40,01	0,44	
40,015	0,45	
40,02	0,46	
40,025	0,48	
40,03	0,5	
40,035	0,51	
40,04	0,53	
40,045	0,55	
40,05	0,56	
40,055	0,57	
40,06	0,58	
40,065	0,59	
40,07	0,6	
40,075	0,61	
40,08	0,62	
40,085	0,64	
40,09	0,65	
40,095	0,66	
40,1	0,67	
40,105	0,68	
40,11	0,68	
40,115	0,69	
40,12	0,7	
40,125	0,7	
40,13	0,71	
40,135	0,72	
40,14	0,73	
40,145	0,74	
40,15	0,74	
40,155	0,75	
40,16	0,75	
40,165	0,76	
40,17	0,76	
40,175	0,76	
40,18	0,76	
40,185	0,77	
40,19	0,77	
40,195	0,77	
40,2	0,77	
40,205	0,77	
40,21	0,77	
40,215	0,77	
40,22	0,77	
40,225	0,76	
40,23	0,76	
40,235	0,76	
40,24	0,76	
40,245	0,76	
40,25	0,75	
40,255	0,75	
40,26	0,74	
40,265	0,73	
40,27	0,73	
40,275	0,72	
40,28	0,71	
40,285	0,71	
40,29	0,7	
40,295	0,69	
40,3	0,68	
40,305	0,67	
40,31	0,66	
40,315	0,65	
40,32	0,64	
40,325	0,64	
40,33	0,63	
40,335	0,62	
40,34	0,61	
40,345	0,59	
40,35	0,59	
40,355	0,56	
40,36	0,55	
40,365	0,54	
40,37	0,52	
40,375	0,51	
40,38	0,5	
40,385	0,49	
40,39	0,47	
40,395	0,45	
40,4	0,44	
40,405	0,42	
40,41	0,41	
40,415	0,39	
40,42	0,38	
40,425	0,36	
40,43	0,34	
40,435	0,32	
40,44	0,31	
40,445	0,29	
40,45	0,27	
40,455	0,25	
40,46	0,23	
40,465	0,22	
40,47	0,2	
40,475	0,18	
40,48	0,16	
40,485	0,15	
40,49	0,13	
40,495	0,11	
40,5	0,1	
40,505	0,08	
40,51	0,06	
40,515	0,03	
40,52	0,01	
40,525	-0,01	
40,53	-0,03	
40,535	-0,04	
40,54	-0,06	
40,545	-0,08	
40,55	-0,09	
40,555	-0,11	
40,56	-0,13	
40,565	-0,15	
40,57	-0,16	
40,575	-0,18	
40,58	-0,2	
40,585	-0,21	
40,59	-0,23	
40,595	-0,25	
40,6	-0,28	
40,605	-0,3	
40,61	-0,31	
40,615	-0,33	
40,62	-0,34	
40,625	-0,35	
40,63	-0,37	
40,635	-0,38	
40,64	-0,4	
40,645	-0,42	
40,65	-0,43	
40,655	-0,45	
40,66	-0,46	
40,665	-0,47	
40,67	-0,48	
40,675	-0,5	
40,68	-0,51	
40,685	-0,52	
40,69	-0,54	
40,695	-0,55	
40,7	-0,57	
40,705	-0,58	
40,71	-0,59	
40,715	-0,6	
40,72	-0,61	
40,725	-0,61	
40,73	-0,62	
40,735	-0,63	
40,74	-0,63	
40,745	-0,64	
40,75	-0,65	
40,755	-0,66	
40,76	-0,67	
40,765	-0,68	
40,77	-0,68	
40,775	-0,68	
40,78	-0,69	
40,785	-0,69	
40,79	-0,7	
40,795	-0,7	
40,8	-0,71	
40,805	-0,71	
40,81	-0,71	
40,815	-0,71	
40,82	-0,71	
40,825	-0,71	
40,83	-0,71	
40,835	-0,72	
40,84	-0,72	
40,845	-0,72	
40,85	-0,72	
40,855	-0,72	
40,86	-0,71	
40,865	-0,71	
40,87	-0,7	
40,875	-0,7	
40,88	-0,7	
40,885	-0,69	
40,89	-0,69	
40,895	-0,68	
40,9	-0,68	
40,905	-0,67	
40,91	-0,67	
40,915	-0,66	
40,92	-0,65	
40,925	-0,64	
40,93	-0,63	
40,935	-0,63	
40,94	-0,62	
40,945	-0,61	
40,95	-0,6	
40,955	-0,6	
40,96	-0,59	
40,965	-0,57	
40,97	-0,56	
40,975	-0,55	
40,98	-0,53	
40,985	-0,52	
40,99	-0,51	
40,995	-0,5	
41,0	-0,49	
41,005	-0,47	
41,01	-0,46	
41,015	-0,44	
41,02	-0,43	
41,025	-0,42	
41,03	-0,4	
41,035	-0,39	
41,04	-0,38	
41,045	-0,36	
41,05	-0,35	
41,055	-0,34	
41,06	-0,32	
41,065	-0,31	
41,07	-0,29	
41,075	-0,27	
41,08	-0,26	
41,085	-0,23	
41,09	-0,22	
41,095	-0,21	
41,1	-0,19	
41,105	-0,17	
41,11	-0,16	
41,115	-0,14	
41,12	-0,12	
41,125	-0,1	
41,13	-0,09	
41,135	-0,07	
41,14	-0,05	
41,145	-0,04	
41,15	-0,02	
41,155	-0,01	
41,16	0,01	
41,165	0,03	
41,17	0,05	
41,175	0,07	
41,18	0,08	
41,185	0,1	
41,19	0,12	
41,195	0,13	
41,2	0,15	
41,205	0,16	
41,21	0,18	
41,215	0,19	
41,22	0,21	
41,225	0,23	
41,23	0,24	
41,235	0,26	
41,24	0,27	
41,245	0,29	
41,25	0,3	
41,255	0,32	
41,26	0,33	
41,265	0,35	
41,27	0,36	
41,275	0,37	
41,28	0,39	
41,285	0,4	
41,29	0,41	
41,295	0,42	
41,3	0,43	
41,305	0,44	
41,31	0,46	
41,315	0,47	
41,32	0,48	
41,325	0,5	
41,33	0,51	
41,335	0,51	
41,34	0,52	
41,345	0,53	
41,35	0,53	
41,355	0,54	
41,36	0,55	
41,365	0,56	
41,37	0,57	
41,375	0,58	
41,38	0,59	
41,385	0,59	
41,39	0,59	
41,395	0,6	
41,4	0,6	
41,405	0,61	
41,41	0,62	
41,415	0,63	
41,42	0,63	
41,425	0,63	
41,43	0,64	
41,435	0,63	
41,44	0,63	
41,445	0,64	
41,45	0,64	
41,455	0,64	
41,46	0,64	
41,465	0,64	
41,47	0,64	
41,475	0,64	
41,48	0,64	
41,485	0,63	
41,49	0,63	
41,495	0,63	
41,5	0,63	
41,505	0,63	
41,51	0,63	
41,515	0,62	
41,52	0,62	
41,525	0,61	
41,53	0,6	
41,535	0,6	
41,54	0,6	
41,545	0,59	
41,55	0,58	
41,555	0,58	
41,56	0,57	
41,565	0,56	
41,57	0,55	
41,575	0,54	
41,58	0,53	
41,585	0,53	
41,59	0,52	
41,595	0,51	
41,6	0,5	
41,605	0,5	
41,61	0,48	
41,615	0,47	
41,62	0,46	
41,625	0,46	
41,63	0,44	
41,635	0,43	
41,64	0,42	
41,645	0,41	
41,65	0,39	
41,655	0,38	
41,66	0,37	
41,665	0,36	
41,67	0,34	
41,675	0,33	
41,68	0,31	
41,685	0,3	
41,69	0,29	
41,695	0,27	
41,7	0,26	
41,705	0,25	
41,71	0,23	
41,715	0,22	
41,72	0,21	
41,725	0,19	
41,73	0,17	
41,735	0,16	
41,74	0,14	
41,745	0,13	
41,75	0,11	
41,755	0,1	
41,76	0,08	
41,765	0,07	
41,77	0,06	
41,775	0,04	
41,78	0,02	
41,785	0,01	
41,79	-0,01	
41,795	-0,02	
41,8	-0,03	
41,805	-0,05	
41,81	-0,06	
41,815	-0,08	
41,82	-0,09	
41,825	-0,11	
41,83	-0,12	
41,835	-0,13	
41,84	-0,15	
41,845	-0,16	
41,85	-0,17	
41,855	-0,19	
41,86	-0,2	
41,865	-0,21	
41,87	-0,23	
41,875	-0,24	
41,88	-0,26	
41,885	-0,27	
41,89	-0,29	
41,895	-0,3	
41,9	-0,31	
41,905	-0,31	
41,91	-0,32	
41,915	-0,33	
41,92	-0,35	
41,925	-0,36	
41,93	-0,37	
41,935	-0,38	
41,94	-0,39	
41,945	-0,4	
41,95	-0,41	
41,955	-0,42	
41,96	-0,42	
41,965	-0,43	
41,97	-0,45	
41,975	-0,46	
41,98	-0,47	
41,985	-0,48	
41,99	-0,48	
41,995	-0,49	
42,0	-0,49	
42,005	-0,5	
42,01	-0,5	
42,015	-0,51	
42,02	-0,51	
42,025	-0,52	
42,03	-0,52	
42,035	-0,53	
42,04	-0,53	
42,045	-0,53	
42,05	-0,53	
42,055	-0,53	
42,06	-0,53	
42,065	-0,54	
42,07	-0,54	
42,075	-0,55	
42,08	-0,55	
42,085	-0,55	
42,09	-0,55	
42,095	-0,55	
42,1	-0,55	
42,105	-0,55	
42,11	-0,54	
42,115	-0,54	
42,12	-0,54	
42,125	-0,55	
42,13	-0,54	
42,135	-0,54	
42,14	-0,54	
42,145	-0,53	
42,15	-0,53	
42,155	-0,53	
42,16	-0,52	
42,165	-0,51	
42,17	-0,51	
42,175	-0,51	
42,18	-0,5	
42,185	-0,49	
42,19	-0,49	
42,195	-0,48	
42,2	-0,47	
42,205	-0,47	
42,21	-0,46	
42,215	-0,46	
42,22	-0,45	
42,225	-0,44	
42,23	-0,43	
42,235	-0,42	
42,24	-0,41	
42,245	-0,4	
42,25	-0,39	
42,255	-0,38	
42,26	-0,38	
42,265	-0,37	
42,27	-0,36	
42,275	-0,35	
42,28	-0,34	
42,285	-0,33	
42,29	-0,32	
42,295	-0,3	
42,3	-0,29	
42,305	-0,28	
42,31	-0,27	
42,315	-0,27	
42,32	-0,26	
42,325	-0,24	
42,33	-0,23	
42,335	-0,22	
42,34	-0,2	
42,345	-0,19	
42,35	-0,17	
42,355	-0,16	
42,36	-0,15	
42,365	-0,14	
42,37	-0,13	
42,375	-0,12	
42,38	-0,11	
42,385	-0,1	
42,39	-0,08	
42,395	-0,07	
42,4	-0,06	
42,405	-0,05	
42,41	-0,03	
42,415	-0,02	
42,42	-0,01	
42,425	0	
42,43	0,01	
42,435	0,03	
42,44	0,04	
42,445	0,05	
42,45	0,06	
42,455	0,08	
42,46	0,09	
42,465	0,11	
42,47	0,12	
42,475	0,13	
42,48	0,14	
42,485	0,15	
42,49	0,16	
42,495	0,17	
42,5	0,18	
42,505	0,19	
42,51	0,2	
42,515	0,21	
42,52	0,22	
42,525	0,23	
42,53	0,24	
42,535	0,25	
42,54	0,26	
42,545	0,27	
42,55	0,28	
42,555	0,29	
42,56	0,3	
42,565	0,3	
42,57	0,31	
42,575	0,32	
42,58	0,33	
42,585	0,33	
42,59	0,34	
42,595	0,35	
42,6	0,35	
42,605	0,36	
42,61	0,36	
42,615	0,37	
42,62	0,38	
42,625	0,38	
42,63	0,39	
42,635	0,39	
42,64	0,4	
42,645	0,4	
42,65	0,41	
42,655	0,41	
42,66	0,42	
42,665	0,42	
42,67	0,42	
42,675	0,42	
42,68	0,43	
42,685	0,43	
42,69	0,44	
42,695	0,44	
42,7	0,44	
42,705	0,43	
42,71	0,43	
42,715	0,43	
42,72	0,43	
42,725	0,43	
42,73	0,43	
42,735	0,43	
42,74	0,43	
42,745	0,43	
42,75	0,43	
42,755	0,43	
42,76	0,43	
42,765	0,43	
42,77	0,42	
42,775	0,42	
42,78	0,42	
42,785	0,42	
42,79	0,41	
42,795	0,41	
42,8	0,4	
42,805	0,4	
42,81	0,39	
42,815	0,39	
42,82	0,38	
42,825	0,38	
42,83	0,38	
42,835	0,37	
42,84	0,37	
42,845	0,37	
42,85	0,36	
42,855	0,35	
42,86	0,34	
42,865	0,33	
42,87	0,33	
42,875	0,32	
42,88	0,32	
42,885	0,31	
42,89	0,31	
42,895	0,29	
42,9	0,29	
42,905	0,27	
42,91	0,27	
42,915	0,26	
42,92	0,25	
42,925	0,25	
42,93	0,24	
42,935	0,23	
42,94	0,22	
42,945	0,21	
42,95	0,2	
42,955	0,19	
42,96	0,18	
42,965	0,18	
42,97	0,17	
42,975	0,16	
42,98	0,15	
42,985	0,14	
42,99	0,13	
42,995	0,12	
43,0	0,11	
43,005	0,1	
43,01	0,1	
43,015	0,09	
43,02	0,08	
43,025	0,07	
43,03	0,06	
43,035	0,04	
43,04	0,03	
43,045	0,02	
43,05	0,01	
43,055	0,01	
43,06	0	
43,065	-0,01	
43,07	-0,02	
43,075	-0,03	
43,08	-0,04	
43,085	-0,05	
43,09	-0,05	
43,095	-0,06	
43,1	-0,07	
43,105	-0,08	
43,11	-0,09	
43,115	-0,1	
43,12	-0,11	
43,125	-0,12	
43,13	-0,13	
43,135	-0,14	
43,14	-0,14	
43,145	-0,15	
43,15	-0,16	
43,155	-0,16	
43,16	-0,17	
43,165	-0,17	
43,17	-0,18	
43,175	-0,18	
43,18	-0,19	
43,185	-0,2	
43,19	-0,21	
43,195	-0,22	
43,2	-0,22	
43,205	-0,23	
43,21	-0,23	
43,215	-0,24	
43,22	-0,24	
43,225	-0,25	
43,23	-0,25	
43,235	-0,26	
43,24	-0,26	
43,245	-0,27	
43,25	-0,27	
43,255	-0,28	
43,26	-0,28	
43,265	-0,29	
43,27	-0,29	
43,275	-0,29	
43,28	-0,29	
43,285	-0,3	
43,29	-0,3	
43,295	-0,3	
43,3	-0,3	
43,305	-0,31	
43,31	-0,3	
43,315	-0,3	
43,32	-0,3	
43,325	-0,31	
43,33	-0,31	
43,335	-0,31	
43,34	-0,31	
43,345	-0,31	
43,35	-0,31	
43,355	-0,31	
43,36	-0,31	
43,365	-0,31	
43,37	-0,31	
43,375	-0,31	
43,38	-0,31	
43,385	-0,31	
43,39	-0,31	
43,395	-0,31	
43,4	-0,31	
43,405	-0,3	
43,41	-0,3	
43,415	-0,3	
43,42	-0,3	
43,425	-0,29	
43,43	-0,29	
43,435	-0,29	
43,44	-0,28	
43,445	-0,28	
43,45	-0,28	
43,455	-0,27	
43,46	-0,27	
43,465	-0,27	
43,47	-0,26	
43,475	-0,26	
43,48	-0,26	
43,485	-0,25	
43,49	-0,25	
43,495	-0,24	
43,5	-0,24	
43,505	-0,23	
43,51	-0,23	
43,515	-0,22	
43,52	-0,22	
43,525	-0,21	
43,53	-0,21	
43,535	-0,2	
43,54	-0,2	
43,545	-0,19	
43,55	-0,18	
43,555	-0,17	
43,56	-0,17	
43,565	-0,16	
43,57	-0,16	
43,575	-0,16	
43,58	-0,16	
43,585	-0,15	
43,59	-0,14	
43,595	-0,13	
43,6	-0,12	
43,605	-0,11	
43,61	-0,11	
43,615	-0,11	
43,62	-0,1	
43,625	-0,1	
43,63	-0,1	
43,635	-0,09	
43,64	-0,08	
43,645	-0,07	
43,65	-0,07	
43,655	-0,06	
43,66	-0,05	
43,665	-0,04	
43,67	-0,04	
43,675	-0,04	
43,68	-0,03	
43,685	-0,02	
43,69	-0,02	
43,695	-0,01	
43,7	0	
43,705	0,01	
43,71	0,01	
43,715	0,02	
43,72	0,02	
43,725	0,02	
43,73	0,03	
43,735	0,03	
43,74	0,04	
43,745	0,04	
43,75	0,05	
43,755	0,06	
43,76	0,06	
43,765	0,07	
43,77	0,07	
43,775	0,07	
43,78	0,08	
43,785	0,08	
43,79	0,09	
43,795	0,09	
43,8	0,1	
43,805	0,11	
43,81	0,11	
43,815	0,11	
43,82	0,12	
43,825	0,12	
43,83	0,12	
43,835	0,13	
43,84	0,13	
43,845	0,14	
43,85	0,14	
43,855	0,14	
43,86	0,15	
43,865	0,15	
43,87	0,15	
43,875	0,15	
43,88	0,15	
43,885	0,16	
43,89	0,16	
43,895	0,16	
43,9	0,16	
43,905	0,17	
43,91	0,17	
43,915	0,17	
43,92	0,17	
43,925	0,17	
43,93	0,17	
43,935	0,18	
43,94	0,18	
43,945	0,18	
43,95	0,18	
43,955	0,18	
43,96	0,18	
43,965	0,18	
43,97	0,18	
43,975	0,18	
43,98	0,18	
43,985	0,19	
43,99	0,18	
43,995	0,18	
44,0	0,18	
44,005	0,18	
44,01	0,18	
44,015	0,18	
44,02	0,18	
44,025	0,18	
44,03	0,18	
44,035	0,18	
44,04	0,18	
44,045	0,18	
44,05	0,18	
44,055	0,17	
44,06	0,17	
44,065	0,16	
44,07	0,16	
44,075	0,16	
44,08	0,16	
44,085	0,17	
44,09	0,17	
44,095	0,16	
44,1	0,16	
44,105	0,15	
44,11	0,15	
44,115	0,14	
44,12	0,14	
44,125	0,14	
44,13	0,14	
44,135	0,14	
44,14	0,14	
44,145	0,14	
44,15	0,13	
44,155	0,13	
44,16	0,12	
44,165	0,12	
44,17	0,12	
44,175	0,11	
44,18	0,11	
44,185	0,11	
44,19	0,1	
44,195	0,1	
44,2	0,1	
44,205	0,1	
44,21	0,1	
44,215	0,1	
44,22	0,09	
44,225	0,09	
44,23	0,08	
44,235	0,08	
44,24	0,08	
44,245	0,07	
44,25	0,07	
44,255	0,06	
44,26	0,06	
44,265	0,06	
44,27	0,06	
44,275	0,05	
44,28	0,05	
44,285	0,05	
44,29	0,05	
44,295	0,05	
44,3	0,05	
44,305	0,04	
44,31	0,04	
44,315	0,04	
44,32	0,03	
44,325	0,03	
44,33	0,03	
44,335	0,03	
44,34	0,02	
44,345	0,02	
44,35	0,01	
44,355	0,01	
44,36	0,01	
44,365	0	
44,37	0	
44,375	0	
44,38	0	
44,385	0	
44,39	0	
44,395	0	
44,4	-0,01	
44,405	-0,01	
44,41	-0,01	
44,415	-0,02	
44,42	-0,01	
44,425	-0,01	
44,43	-0,02	
44,435	-0,02	
44,44	-0,02	
44,445	-0,02	
44,45	-0,02	
44,455	-0,02	
44,46	-0,02	
44,465	-0,02	
44,47	-0,03	
44,475	-0,03	
44,48	-0,03	
44,485	-0,03	
44,49	-0,03	
44,495	-0,03	
44,5	-0,04	
44,505	-0,04	
44,51	-0,04	
44,515	-0,04	
44,52	-0,04	
44,525	-0,03	
44,53	-0,04	
44,535	-0,04	
44,54	-0,04	
44,545	-0,04	
44,55	-0,05	
44,555	-0,05	
44,56	-0,05	
44,565	-0,05	
44,57	-0,04	
44,575	-0,04	
44,58	-0,03	
44,585	-0,03	
44,59	-0,04	
44,595	-0,04	
44,6	-0,04	
44,605	-0,04	
44,61	-0,04	
44,615	-0,04	
44,62	-0,04	
44,625	-0,04	
44,63	-0,04	
44,635	-0,04	
44,64	-0,04	
44,645	-0,05	
44,65	-0,05	
44,655	-0,05	
44,66	-0,05	
44,665	-0,04	
44,67	-0,04	
44,675	-0,04	
44,68	-0,03	
44,685	-0,04	
44,69	-0,04	
44,695	-0,04	
44,7	-0,04	
44,705	-0,05	
44,71	-0,04	
44,715	-0,04	
44,72	-0,03	
44,725	-0,03	
44,73	-0,03	
44,735	-0,03	
44,74	-0,04	
44,745	-0,04	
44,75	-0,04	
44,755	-0,04	
44,76	-0,04	
44,765	-0,04	
44,77	-0,04	
44,775	-0,03	
44,78	-0,03	
44,785	-0,03	
44,79	-0,03	
44,795	-0,04	
44,8	-0,04	
44,805	-0,04	
44,81	-0,04	
44,815	-0,04	
44,82	-0,03	
44,825	-0,03	
44,83	-0,04	
44,835	-0,04	
44,84	-0,04	
44,845	-0,04	
44,85	-0,04	
44,855	-0,04	
44,86	-0,04	
44,865	-0,04	
44,87	-0,04	
44,875	-0,04	
44,88	-0,04	
44,885	-0,04	
44,89	-0,04	
44,895	-0,04	
44,9	-0,04	
44,905	-0,04	
44,91	-0,04	
44,915	-0,04	
44,92	-0,04	
44,925	-0,04	
44,93	-0,05	
44,935	-0,05	
44,94	-0,05	
44,945	-0,05	
44,95	-0,05	
44,955	-0,04	
44,96	-0,05	
44,965	-0,05	
44,97	-0,05	
44,975	-0,06	
44,98	-0,06	
44,985	-0,06	
44,99	-0,06	
44,995	-0,06	
45,0	-0,06	
45,005	-0,06	
45,01	-0,06	
45,015	-0,06	
45,02	-0,06	
45,025	-0,06	
45,03	-0,06	
45,035	-0,07	
45,04	-0,07	
45,045	-0,07	
45,05	-0,07	
45,055	-0,07	
45,06	-0,07	
45,065	-0,07	
45,07	-0,07	
45,075	-0,07	
45,08	-0,07	
45,085	-0,08	
45,09	-0,08	
45,095	-0,08	
45,1	-0,08	
45,105	-0,08	
45,11	-0,08	
45,115	-0,08	
45,12	-0,08	
45,125	-0,08	
45,13	-0,08	
45,135	-0,08	
45,14	-0,08	
45,145	-0,09	
45,15	-0,09	
45,155	-0,09	
45,16	-0,09	
45,165	-0,09	
45,17	-0,09	
45,175	-0,09	
45,18	-0,09	
45,185	-0,09	
45,19	-0,1	
45,195	-0,1	
45,2	-0,1	
45,205	-0,09	
45,21	-0,09	
45,215	-0,09	
45,22	-0,09	
45,225	-0,09	
45,23	-0,1	
45,235	-0,1	
45,24	-0,1	
45,245	-0,1	
45,25	-0,1	
45,255	-0,1	
45,26	-0,1	
45,265	-0,1	
45,27	-0,09	
45,275	-0,09	
45,28	-0,09	
45,285	-0,1	
45,29	-0,1	
45,295	-0,1	
45,3	-0,1	
45,305	-0,1	
45,31	-0,09	
45,315	-0,09	
45,32	-0,08	
45,325	-0,08	
45,33	-0,09	
45,335	-0,09	
45,34	-0,09	
45,345	-0,09	
45,35	-0,08	
45,355	-0,08	
45,36	-0,08	
45,365	-0,07	
45,37	-0,07	
45,375	-0,07	
45,38	-0,07	
45,385	-0,06	
45,39	-0,06	
45,395	-0,06	
45,4	-0,06	
45,405	-0,06	
45,41	-0,06	
45,415	-0,05	
45,42	-0,05	
45,425	-0,05	
45,43	-0,05	
45,435	-0,05	
45,44	-0,05	
45,445	-0,04	
45,45	-0,03	
45,455	-0,03	
45,46	-0,02	
45,465	-0,02	
45,47	-0,02	
45,475	-0,02	
45,48	-0,01	
45,485	-0,01	
45,49	-0,01	
45,495	0	
45,5	0	
45,505	0,01	
45,51	0,01	
45,515	0,01	
45,52	0,01	
45,525	0,01	
45,53	0,02	
45,535	0,02	
45,54	0,03	
45,545	0,04	
45,55	0,04	
45,555	0,04	
45,56	0,05	
45,565	0,05	
45,57	0,05	
45,575	0,05	
45,58	0,06	
45,585	0,06	
45,59	0,07	
45,595	0,07	
45,6	0,08	
45,605	0,09	
45,61	0,09	
45,615	0,1	
45,62	0,1	
45,625	0,1	
45,63	0,1	
45,635	0,1	
45,64	0,11	
45,645	0,11	
45,65	0,12	
45,655	0,13	
45,66	0,13	
45,665	0,13	
45,67	0,14	
45,675	0,14	
45,68	0,14	
45,685	0,14	
45,69	0,15	
45,695	0,16	
45,7	0,16	
45,705	0,16	
45,71	0,17	
45,715	0,17	
45,72	0,17	
45,725	0,18	
45,73	0,18	
45,735	0,18	
45,74	0,18	
45,745	0,19	
45,75	0,19	
45,755	0,2	
45,76	0,2	
45,765	0,2	
45,77	0,2	
45,775	0,2	
45,78	0,21	
45,785	0,21	
45,79	0,21	
45,795	0,21	
45,8	0,22	
45,805	0,22	
45,81	0,22	
45,815	0,22	
45,82	0,22	
45,825	0,22	
45,83	0,22	
45,835	0,22	
45,84	0,23	
45,845	0,23	
45,85	0,23	
45,855	0,23	
45,86	0,24	
45,865	0,23	
45,87	0,23	
45,875	0,23	
45,88	0,23	
45,885	0,23	
45,89	0,23	
45,895	0,23	
45,9	0,23	
45,905	0,23	
45,91	0,23	
45,915	0,22	
45,92	0,22	
45,925	0,22	
45,93	0,21	
45,935	0,22	
45,94	0,22	
45,945	0,21	
45,95	0,21	
45,955	0,21	
45,96	0,21	
45,965	0,2	
45,97	0,2	
45,975	0,19	
45,98	0,19	
45,985	0,19	
45,99	0,19	
45,995	0,18	
46,0	0,18	
46,005	0,18	
46,01	0,17	
46,015	0,16	
46,02	0,15	
46,025	0,15	
46,03	0,15	
46,035	0,15	
46,04	0,15	
46,045	0,15	
46,05	0,15	
46,055	0,14	
46,06	0,13	
46,065	0,12	
46,07	0,11	
46,075	0,1	
46,08	0,1	
46,085	0,1	
46,09	0,09	
46,095	0,09	
46,1	0,08	
46,105	0,07	
46,11	0,06	
46,115	0,05	
46,12	0,04	
46,125	0,04	
46,13	0,04	
46,135	0,03	
46,14	0,03	
46,145	0,03	
46,15	0,02	
46,155	0,01	
46,16	0	
46,165	-0,01	
46,17	-0,02	
46,175	-0,03	
46,18	-0,04	
46,185	-0,04	
46,19	-0,04	
46,195	-0,05	
46,2	-0,05	
46,205	-0,07	
46,21	-0,08	
46,215	-0,09	
46,22	-0,1	
46,225	-0,11	
46,23	-0,11	
46,235	-0,12	
46,24	-0,12	
46,245	-0,13	
46,25	-0,13	
46,255	-0,14	
46,26	-0,16	
46,265	-0,16	
46,27	-0,17	
46,275	-0,18	
46,28	-0,18	
46,285	-0,18	
46,29	-0,19	
46,295	-0,19	
46,3	-0,2	
46,305	-0,21	
46,31	-0,22	
46,315	-0,24	
46,32	-0,24	
46,325	-0,24	
46,33	-0,24	
46,335	-0,25	
46,34	-0,25	
46,345	-0,26	
46,35	-0,27	
46,355	-0,28	
46,36	-0,29	
46,365	-0,29	
46,37	-0,29	
46,375	-0,29	
46,38	-0,3	
46,385	-0,3	
46,39	-0,3	
46,395	-0,31	
46,4	-0,31	
46,405	-0,32	
46,41	-0,33	
46,415	-0,33	
46,42	-0,33	
46,425	-0,33	
46,43	-0,33	
46,435	-0,34	
46,44	-0,34	
46,445	-0,34	
46,45	-0,35	
46,455	-0,35	
46,46	-0,35	
46,465	-0,35	
46,47	-0,35	
46,475	-0,35	
46,48	-0,35	
46,485	-0,35	
46,49	-0,35	
46,495	-0,36	
46,5	-0,36	
46,505	-0,36	
46,51	-0,36	
46,515	-0,36	
46,52	-0,35	
46,525	-0,35	
46,53	-0,35	
46,535	-0,35	
46,54	-0,35	
46,545	-0,35	
46,55	-0,35	
46,555	-0,35	
46,56	-0,35	
46,565	-0,35	
46,57	-0,34	
46,575	-0,33	
46,58	-0,32	
46,585	-0,32	
46,59	-0,32	
46,595	-0,31	
46,6	-0,31	
46,605	-0,31	
46,61	-0,3	
46,615	-0,3	
46,62	-0,29	
46,625	-0,28	
46,63	-0,27	
46,635	-0,27	
46,64	-0,27	
46,645	-0,26	
46,65	-0,26	
46,655	-0,25	
46,66	-0,24	
46,665	-0,23	
46,67	-0,23	
46,675	-0,22	
46,68	-0,21	
46,685	-0,21	
46,69	-0,2	
46,695	-0,19	
46,7	-0,19	
46,705	-0,18	
46,71	-0,17	
46,715	-0,16	
46,72	-0,15	
46,725	-0,14	
46,73	-0,13	
46,735	-0,12	
46,74	-0,1	
46,745	-0,1	
46,75	-0,09	
46,755	-0,08	
46,76	-0,07	
46,765	-0,06	
46,77	-0,05	
46,775	-0,04	
46,78	-0,03	
46,785	-0,03	
46,79	-0,02	
46,795	-0,01	
46,8	0	
46,805	0,01	
46,81	0,03	
46,815	0,04	
46,82	0,05	
46,825	0,06	
46,83	0,07	
46,835	0,08	
46,84	0,09	
46,845	0,1	
46,85	0,11	
46,855	0,12	
46,86	0,13	
46,865	0,14	
46,87	0,15	
46,875	0,16	
46,88	0,17	
46,885	0,18	
46,89	0,19	
46,895	0,2	
46,9	0,21	
46,905	0,22	
46,91	0,23	
46,915	0,24	
46,92	0,25	
46,925	0,26	
46,93	0,27	
46,935	0,28	
46,94	0,29	
46,945	0,29	
46,95	0,3	
46,955	0,31	
46,96	0,32	
46,965	0,32	
46,97	0,34	
46,975	0,35	
46,98	0,35	
46,985	0,36	
46,99	0,37	
46,995	0,37	
47,0	0,37	
47,005	0,38	
47,01	0,39	
47,015	0,4	
47,02	0,41	
47,025	0,41	
47,03	0,42	
47,035	0,42	
47,04	0,42	
47,045	0,43	
47,05	0,43	
47,055	0,44	
47,06	0,44	
47,065	0,45	
47,07	0,46	
47,075	0,46	
47,08	0,46	
47,085	0,46	
47,09	0,46	
47,095	0,46	
47,1	0,46	
47,105	0,46	
47,11	0,46	
47,115	0,47	
47,12	0,47	
47,125	0,47	
47,13	0,48	
47,135	0,47	
47,14	0,47	
47,145	0,47	
47,15	0,46	
47,155	0,46	
47,16	0,46	
47,165	0,46	
47,17	0,46	
47,175	0,46	
47,18	0,46	
47,185	0,45	
47,19	0,45	
47,195	0,44	
47,2	0,43	
47,205	0,43	
47,21	0,43	
47,215	0,43	
47,22	0,43	
47,225	0,42	
47,23	0,42	
47,235	0,41	
47,24	0,4	
47,245	0,39	
47,25	0,38	
47,255	0,37	
47,26	0,37	
47,265	0,36	
47,27	0,36	
47,275	0,35	
47,28	0,34	
47,285	0,33	
47,29	0,32	
47,295	0,31	
47,3	0,31	
47,305	0,29	
47,31	0,28	
47,315	0,28	
47,32	0,26	
47,325	0,25	
47,33	0,24	
47,335	0,23	
47,34	0,22	
47,345	0,21	
47,35	0,2	
47,355	0,19	
47,36	0,18	
47,365	0,17	
47,37	0,16	
47,375	0,14	
47,38	0,13	
47,385	0,12	
47,39	0,1	
47,395	0,09	
47,4	0,08	
47,405	0,07	
47,41	0,05	
47,415	0,04	
47,42	0,03	
47,425	0,01	
47,43	0	
47,435	-0,01	
47,44	-0,02	
47,445	-0,03	
47,45	-0,04	
47,455	-0,06	
47,46	-0,07	
47,465	-0,09	
47,47	-0,11	
47,475	-0,12	
47,48	-0,14	
47,485	-0,15	
47,49	-0,16	
47,495	-0,17	
47,5	-0,18	
47,505	-0,19	
47,51	-0,2	
47,515	-0,21	
47,52	-0,23	
47,525	-0,24	
47,53	-0,25	
47,535	-0,27	
47,54	-0,28	
47,545	-0,29	
47,55	-0,3	
47,555	-0,31	
47,56	-0,32	
47,565	-0,33	
47,57	-0,34	
47,575	-0,36	
47,58	-0,37	
47,585	-0,38	
47,59	-0,39	
47,595	-0,4	
47,6	-0,41	
47,605	-0,41	
47,61	-0,42	
47,615	-0,43	
47,62	-0,44	
47,625	-0,45	
47,63	-0,47	
47,635	-0,47	
47,64	-0,48	
47,645	-0,49	
47,65	-0,49	
47,655	-0,49	
47,66	-0,5	
47,665	-0,5	
47,67	-0,51	
47,675	-0,52	
47,68	-0,53	
47,685	-0,54	
47,69	-0,54	
47,695	-0,55	
47,7	-0,55	
47,705	-0,55	
47,71	-0,55	
47,715	-0,56	
47,72	-0,56	
47,725	-0,56	
47,73	-0,57	
47,735	-0,57	
47,74	-0,57	
47,745	-0,57	
47,75	-0,57	
47,755	-0,57	
47,76	-0,57	
47,765	-0,57	
47,77	-0,57	
47,775	-0,57	
47,78	-0,57	
47,785	-0,57	
47,79	-0,56	
47,795	-0,56	
47,8	-0,56	
47,805	-0,55	
47,81	-0,55	
47,815	-0,55	
47,82	-0,55	
47,825	-0,54	
47,83	-0,54	
47,835	-0,53	
47,84	-0,52	
47,845	-0,52	
47,85	-0,51	
47,855	-0,5	
47,86	-0,5	
47,865	-0,49	
47,87	-0,49	
47,875	-0,47	
47,88	-0,46	
47,885	-0,45	
47,89	-0,45	
47,895	-0,44	
47,9	-0,43	
47,905	-0,42	
47,91	-0,41	
47,915	-0,41	
47,92	-0,4	
47,925	-0,39	
47,93	-0,38	
47,935	-0,37	
47,94	-0,35	
47,945	-0,33	
47,95	-0,32	
47,955	-0,3	
47,96	-0,29	
47,965	-0,29	
47,97	-0,28	
47,975	-0,27	
47,98	-0,25	
47,985	-0,24	
47,99	-0,22	
47,995	-0,2	
48,0	-0,19	
48,005	-0,18	
48,01	-0,16	
48,015	-0,15	
48,02	-0,15	
48,025	-0,14	
48,03	-0,12	
48,035	-0,09	
48,04	-0,07	
48,045	-0,05	
48,05	-0,04	
48,055	-0,02	
48,06	-0,01	
48,065	0	
48,07	0,01	
48,075	0,02	
48,08	0,04	
48,085	0,05	
48,09	0,07	
48,095	0,09	
48,1	0,11	
48,105	0,12	
48,11	0,14	
48,115	0,15	
48,12	0,16	
48,125	0,18	
48,13	0,19	
48,135	0,21	
48,14	0,23	
48,145	0,25	
48,15	0,26	
48,155	0,27	
48,16	0,28	
48,165	0,29	
48,17	0,31	
48,175	0,32	
48,18	0,34	
48,185	0,35	
48,19	0,37	
48,195	0,39	
48,2	0,4	
48,205	0,41	
48,21	0,42	
48,215	0,43	
48,22	0,44	
48,225	0,46	
48,23	0,46	
48,235	0,48	
48,24	0,49	
48,245	0,5	
48,25	0,51	
48,255	0,52	
48,26	0,52	
48,265	0,53	
48,27	0,55	
48,275	0,56	
48,28	0,58	
48,285	0,58	
48,29	0,59	
48,295	0,59	
48,3	0,59	
48,305	0,59	
48,31	0,6	
48,315	0,6	
48,32	0,61	
48,325	0,62	
48,33	0,63	
48,335	0,63	
48,34	0,64	
48,345	0,64	
48,35	0,64	
48,355	0,64	
48,36	0,64	
48,365	0,65	
48,37	0,65	
48,375	0,65	
48,38	0,66	
48,385	0,66	
48,39	0,65	
48,395	0,65	
48,4	0,65	
48,405	0,64	
48,41	0,64	
48,415	0,64	
48,42	0,64	
48,425	0,65	
48,43	0,65	
48,435	0,65	
48,44	0,64	
48,445	0,63	
48,45	0,62	
48,455	0,62	
48,46	0,61	
48,465	0,6	
48,47	0,6	
48,475	0,6	
48,48	0,59	
48,485	0,58	
48,49	0,58	
48,495	0,57	
48,5	0,55	
48,505	0,54	
48,51	0,53	
48,515	0,53	
48,52	0,52	
48,525	0,51	
48,53	0,5	
48,535	0,49	
48,54	0,48	
48,545	0,46	
48,55	0,44	
48,555	0,43	
48,56	0,41	
48,565	0,4	
48,57	0,4	
48,575	0,39	
48,58	0,37	
48,585	0,36	
48,59	0,35	
48,595	0,33	
48,6	0,31	
48,605	0,3	
48,61	0,28	
48,615	0,27	
48,62	0,26	
48,625	0,24	
48,63	0,23	
48,635	0,21	
48,64	0,2	
48,645	0,17	
48,65	0,16	
48,655	0,14	
48,66	0,12	
48,665	0,11	
48,67	0,09	
48,675	0,08	
48,68	0,06	
48,685	0,04	
48,69	0,02	
48,695	0,01	
48,7	-0,02	
48,705	-0,03	
48,71	-0,05	
48,715	-0,06	
48,72	-0,08	
48,725	-0,09	
48,73	-0,1	
48,735	-0,12	
48,74	-0,14	
48,745	-0,16	
48,75	-0,18	
48,755	-0,19	
48,76	-0,21	
48,765	-0,23	
48,77	-0,24	
48,775	-0,26	
48,78	-0,28	
48,785	-0,29	
48,79	-0,31	
48,795	-0,33	
48,8	-0,35	
48,805	-0,36	
48,81	-0,38	
48,815	-0,39	
48,82	-0,4	
48,825	-0,41	
48,83	-0,42	
48,835	-0,44	
48,84	-0,45	
48,845	-0,48	
48,85	-0,49	
48,855	-0,5	
48,86	-0,51	
48,865	-0,52	
48,87	-0,53	
48,875	-0,54	
48,88	-0,55	
48,885	-0,57	
48,89	-0,58	
48,895	-0,59	
48,9	-0,6	
48,905	-0,61	
48,91	-0,62	
48,915	-0,62	
48,92	-0,63	
48,925	-0,64	
48,93	-0,65	
48,935	-0,66	
48,94	-0,67	
48,945	-0,67	
48,95	-0,68	
48,955	-0,68	
48,96	-0,69	
48,965	-0,69	
48,97	-0,69	
48,975	-0,69	
48,98	-0,7	
48,985	-0,71	
48,99	-0,71	
48,995	-0,71	
49,0	-0,72	
49,005	-0,72	
49,01	-0,72	
49,015	-0,71	
49,02	-0,71	
49,025	-0,71	
49,03	-0,71	
49,035	-0,71	
49,04	-0,71	
49,045	-0,71	
49,05	-0,71	
49,055	-0,7	
49,06	-0,7	
49,065	-0,69	
49,07	-0,69	
49,075	-0,68	
49,08	-0,68	
49,085	-0,68	
49,09	-0,67	
49,095	-0,67	
49,1	-0,66	
49,105	-0,65	
49,11	-0,64	
49,115	-0,62	
49,12	-0,61	
49,125	-0,61	
49,13	-0,6	
49,135	-0,6	
49,14	-0,59	
49,145	-0,58	
49,15	-0,57	
49,155	-0,55	
49,16	-0,54	
49,165	-0,53	
49,17	-0,51	
49,175	-0,51	
49,18	-0,49	
49,185	-0,48	
49,19	-0,47	
49,195	-0,45	
49,2	-0,44	
49,205	-0,42	
49,21	-0,41	
49,215	-0,39	
49,22	-0,38	
49,225	-0,36	
49,23	-0,35	
49,235	-0,33	
49,24	-0,32	
49,245	-0,3	
49,25	-0,28	
49,255	-0,26	
49,26	-0,25	
49,265	-0,23	
49,27	-0,21	
49,275	-0,2	
49,28	-0,18	
49,285	-0,17	
49,29	-0,15	
49,295	-0,13	
49,3	-0,11	
49,305	-0,09	
49,31	-0,07	
49,315	-0,05	
49,32	-0,03	
49,325	-0,02	
49,33	0	
49,335	0,02	
49,34	0,04	
49,345	0,06	
49,35	0,08	
49,355	0,1	
49,36	0,11	
49,365	0,13	
49,37	0,15	
49,375	0,16	
49,38	0,18	
49,385	0,2	
49,39	0,21	
49,395	0,23	
49,4	0,25	
49,405	0,26	
49,41	0,29	
49,415	0,31	
49,42	0,33	
49,425	0,34	
49,43	0,35	
49,435	0,37	
49,44	0,38	
49,445	0,4	
49,45	0,42	
49,455	0,44	
49,46	0,45	
49,465	0,47	
49,47	0,48	
49,475	0,49	
49,48	0,5	
49,485	0,51	
49,49	0,53	
49,495	0,54	
49,5	0,56	
49,505	0,57	
49,51	0,59	
49,515	0,6	
49,52	0,61	
49,525	0,61	
49,53	0,62	
49,535	0,63	
49,54	0,64	
49,545	0,65	
49,55	0,67	
49,555	0,68	
49,56	0,69	
49,565	0,7	
49,57	0,7	
49,575	0,71	
49,58	0,71	
49,585	0,71	
49,59	0,72	
49,595	0,73	
49,6	0,74	
49,605	0,74	
49,61	0,75	
49,615	0,75	
49,62	0,75	
49,625	0,75	
49,63	0,75	
49,635	0,75	
49,64	0,75	
49,645	0,75	
49,65	0,76	
49,655	0,76	
49,66	0,76	
49,665	0,75	
49,67	0,75	
49,675	0,74	
49,68	0,74	
49,685	0,74	
49,69	0,74	
49,695	0,74	
49,7	0,73	
49,705	0,73	
49,71	0,72	
49,715	0,71	
49,72	0,7	
49,725	0,69	
49,73	0,69	
49,735	0,68	
49,74	0,67	
49,745	0,67	
49,75	0,66	
49,755	0,65	
49,76	0,64	
49,765	0,63	
49,77	0,62	
49,775	0,6	
49,78	0,59	
49,785	0,58	
49,79	0,57	
49,795	0,56	
49,8	0,55	
49,805	0,54	
49,81	0,53	
49,815	0,51	
49,82	0,5	
49,825	0,48	
49,83	0,46	
49,835	0,45	
49,84	0,44	
49,845	0,42	
49,85	0,41	
49,855	0,39	
49,86	0,37	
49,865	0,35	
49,87	0,33	
49,875	0,31	
49,88	0,3	
49,885	0,28	
49,89	0,27	
49,895	0,25	
49,9	0,23	
49,905	0,22	
49,91	0,2	
49,915	0,18	
49,92	0,16	
49,925	0,14	
49,93	0,12	
49,935	0,11	
49,94	0,09	
49,945	0,07	
49,95	0,05	
49,955	0,03	
49,96	0	
49,965	-0,01	
49,97	-0,03	
49,975	-0,06	
49,98	-0,07	
49,985	-0,09	
49,99	-0,11	
49,995	-0,13	
50,0	-0,15	
50,005	-0,17	
50,01	-0,19	
50,015	-0,21	
50,02	-0,23	
50,025	-0,24	
50,03	-0,26	
50,035	-0,27	
50,04	-0,29	
50,045	-0,31	
50,05	-0,32	
50,055	-0,35	
50,06	-0,37	
50,065	-0,38	
50,07	-0,4	
50,075	-0,41	
50,08	-0,43	
50,085	-0,44	
50,09	-0,46	
50,095	-0,47	
50,1	-0,49	
50,105	-0,5	
50,11	-0,52	
50,115	-0,53	
50,12	-0,54	
50,125	-0,56	
50,13	-0,57	
50,135	-0,59	
50,14	-0,6	
50,145	-0,61	
50,15	-0,62	
50,155	-0,63	
50,16	-0,64	
50,165	-0,66	
50,17	-0,67	
50,175	-0,68	
50,18	-0,68	
50,185	-0,69	
50,19	-0,69	
50,195	-0,7	
50,2	-0,71	
50,205	-0,71	
50,21	-0,72	
50,215	-0,73	
50,22	-0,74	
50,225	-0,75	
50,23	-0,75	
50,235	-0,76	
50,24	-0,76	
50,245	-0,76	
50,25	-0,75	
50,255	-0,76	
50,26	-0,76	
50,265	-0,77	
50,27	-0,77	
50,275	-0,77	
50,28	-0,77	
50,285	-0,77	
50,29	-0,77	
50,295	-0,76	
50,3	-0,76	
50,305	-0,76	
50,31	-0,76	
50,315	-0,76	
50,32	-0,76	
50,325	-0,75	
50,33	-0,75	
50,335	-0,74	
50,34	-0,73	
50,345	-0,72	
50,35	-0,72	
50,355	-0,71	
50,36	-0,71	
50,365	-0,7	
50,37	-0,7	
50,375	-0,69	
50,38	-0,67	
50,385	-0,66	
50,39	-0,65	
50,395	-0,64	
50,4	-0,62	
50,405	-0,62	
50,41	-0,61	
50,415	-0,6	
50,42	-0,59	
50,425	-0,58	
50,43	-0,56	
50,435	-0,55	
50,44	-0,53	
50,445	-0,52	
50,45	-0,5	
50,455	-0,49	
50,46	-0,47	
50,465	-0,46	
50,47	-0,45	
50,475	-0,43	
50,48	-0,41	
50,485	-0,39	
50,49	-0,37	
50,495	-0,36	
50,5	-0,34	
50,505	-0,33	
50,51	-0,31	
50,515	-0,3	
50,52	-0,28	
50,525	-0,26	
50,53	-0,24	
50,535	-0,22	
50,54	-0,19	
50,545	-0,17	
50,55	-0,16	
50,555	-0,14	
50,56	-0,13	
50,565	-0,11	
50,57	-0,09	
50,575	-0,07	
50,58	-0,06	
50,585	-0,03	
50,59	-0,02	
50,595	0	
50,6	0,02	
50,605	0,04	
50,61	0,06	
50,615	0,07	
50,62	0,1	
50,625	0,12	
50,63	0,14	
50,635	0,16	
50,64	0,18	
50,645	0,2	
50,65	0,21	
50,655	0,23	
50,66	0,25	
50,665	0,26	
50,67	0,28	
50,675	0,3	
50,68	0,32	
50,685	0,33	
50,69	0,35	
50,695	0,37	
50,7	0,38	
50,705	0,41	
50,71	0,42	
50,715	0,44	
50,72	0,45	
50,725	0,46	
50,73	0,48	
50,735	0,49	
50,74	0,51	
50,745	0,53	
50,75	0,54	
50,755	0,55	
50,76	0,56	
50,765	0,58	
50,77	0,59	
50,775	0,6	
50,78	0,61	
50,785	0,63	
50,79	0,64	
50,795	0,65	
50,8	0,66	
50,805	0,66	
50,81	0,67	
50,815	0,68	
50,82	0,68	
50,825	0,69	
50,83	0,71	
50,835	0,71	
50,84	0,72	
50,845	0,73	
50,85	0,73	
50,855	0,73	
50,86	0,73	
50,865	0,74	
50,87	0,74	
50,875	0,75	
50,88	0,75	
50,885	0,75	
50,89	0,76	
50,895	0,76	
50,9	0,76	
50,905	0,76	
50,91	0,76	
50,915	0,76	
50,92	0,76	
50,925	0,76	
50,93	0,76	
50,935	0,76	
50,94	0,76	
50,945	0,75	
50,95	0,74	
50,955	0,74	
50,96	0,73	
50,965	0,73	
50,97	0,72	
50,975	0,72	
50,98	0,71	
50,985	0,71	
50,99	0,7	
50,995	0,69	
51,0	0,68	
51,005	0,67	
51,01	0,67	
51,015	0,66	
51,02	0,65	
51,025	0,64	
51,03	0,63	
51,035	0,62	
51,04	0,6	
51,045	0,59	
51,05	0,58	
51,055	0,57	
51,06	0,55	
51,065	0,54	
51,07	0,53	
51,075	0,52	
51,08	0,51	
51,085	0,49	
51,09	0,47	
51,095	0,46	
51,1	0,44	
51,105	0,42	
51,11	0,4	
51,115	0,39	
51,12	0,38	
51,125	0,36	
51,13	0,35	
51,135	0,33	
51,14	0,31	
51,145	0,29	
51,15	0,27	
51,155	0,26	
51,16	0,24	
51,165	0,23	
51,17	0,21	
51,175	0,19	
51,18	0,17	
51,185	0,15	
51,19	0,12	
51,195	0,1	
51,2	0,08	
51,205	0,07	
51,21	0,06	
51,215	0,04	
51,22	0,02	
51,225	0,01	
51,23	-0,01	
51,235	-0,03	
51,24	-0,05	
51,245	-0,07	
51,25	-0,09	
51,255	-0,11	
51,26	-0,12	
51,265	-0,14	
51,27	-0,17	
51,275	-0,18	
51,28	-0,2	
51,285	-0,22	
51,29	-0,24	
51,295	-0,26	
51,3	-0,28	
51,305	-0,3	
51,31	-0,31	
51,315	-0,33	
51,32	-0,34	
51,325	-0,36	
51,33	-0,37	
51,335	-0,38	
51,34	-0,4	
51,345	-0,41	
51,35	-0,43	
51,355	-0,45	
51,36	-0,47	
51,365	-0,48	
51,37	-0,49	
51,375	-0,5	
51,38	-0,52	
51,385	-0,53	
51,39	-0,54	
51,395	-0,55	
51,4	-0,57	
51,405	-0,58	
51,41	-0,59	
51,415	-0,6	
51,42	-0,61	
51,425	-0,62	
51,43	-0,64	
51,435	-0,65	
51,44	-0,65	
51,445	-0,66	
51,45	-0,67	
51,455	-0,67	
51,46	-0,68	
51,465	-0,68	
51,47	-0,69	
51,475	-0,69	
51,48	-0,7	
51,485	-0,7	
51,49	-0,71	
51,495	-0,72	
51,5	-0,72	
51,505	-0,73	
51,51	-0,73	
51,515	-0,73	
51,52	-0,73	
51,525	-0,73	
51,53	-0,73	
51,535	-0,73	
51,54	-0,73	
51,545	-0,73	
51,55	-0,73	
51,555	-0,73	
51,56	-0,73	
51,565	-0,73	
51,57	-0,72	
51,575	-0,72	
51,58	-0,71	
51,585	-0,71	
51,59	-0,71	
51,595	-0,7	
51,6	-0,7	
51,605	-0,69	
51,61	-0,68	
51,615	-0,68	
51,62	-0,67	
51,625	-0,66	
51,63	-0,65	
51,635	-0,65	
51,64	-0,64	
51,645	-0,63	
51,65	-0,62	
51,655	-0,61	
51,66	-0,6	
51,665	-0,59	
51,67	-0,58	
51,675	-0,57	
51,68	-0,55	
51,685	-0,54	
51,69	-0,53	
51,695	-0,52	
51,7	-0,5	
51,705	-0,49	
51,71	-0,48	
51,715	-0,47	
51,72	-0,45	
51,725	-0,44	
51,73	-0,44	
51,735	-0,42	
51,74	-0,4	
51,745	-0,39	
51,75	-0,37	
51,755	-0,34	
51,76	-0,33	
51,765	-0,31	
51,77	-0,29	
51,775	-0,28	
51,78	-0,27	
51,785	-0,25	
51,79	-0,23	
51,795	-0,22	
51,8	-0,2	
51,805	-0,18	
51,81	-0,17	
51,815	-0,15	
51,82	-0,13	
51,825	-0,12	
51,83	-0,1	
51,835	-0,07	
51,84	-0,05	
51,845	-0,04	
51,85	-0,02	
51,855	0	
51,86	0,01	
51,865	0,03	
51,87	0,05	
51,875	0,06	
51,88	0,08	
51,885	0,1	
51,89	0,11	
51,895	0,13	
51,9	0,15	
51,905	0,16	
51,91	0,18	
51,915	0,21	
51,92	0,22	
51,925	0,24	
51,93	0,25	
51,935	0,27	
51,94	0,29	
51,945	0,3	
51,95	0,32	
51,955	0,33	
51,96	0,34	
51,965	0,36	
51,97	0,37	
51,975	0,38	
51,98	0,4	
51,985	0,41	
51,99	0,43	
51,995	0,45	
52,0	0,46	
52,005	0,47	
52,01	0,48	
52,015	0,49	
52,02	0,5	
52,025	0,51	
52,03	0,52	
52,035	0,53	
52,04	0,54	
52,045	0,56	
52,05	0,57	
52,055	0,58	
52,06	0,58	
52,065	0,59	
52,07	0,6	
52,075	0,61	
52,08	0,62	
52,085	0,63	
52,09	0,64	
52,095	0,64	
52,1	0,65	
52,105	0,65	
52,11	0,66	
52,115	0,66	
52,12	0,66	
52,125	0,66	
52,13	0,67	
52,135	0,67	
52,14	0,67	
52,145	0,67	
52,15	0,68	
52,155	0,68	
52,16	0,68	
52,165	0,68	
52,17	0,68	
52,175	0,68	
52,18	0,68	
52,185	0,67	
52,19	0,67	
52,195	0,67	
52,2	0,67	
52,205	0,67	
52,21	0,67	
52,215	0,66	
52,22	0,65	
52,225	0,65	
52,23	0,64	
52,235	0,63	
52,24	0,63	
52,245	0,63	
52,25	0,62	
52,255	0,62	
52,26	0,61	
52,265	0,61	
52,27	0,6	
52,275	0,59	
52,28	0,58	
52,285	0,57	
52,29	0,56	
52,295	0,55	
52,3	0,54	
52,305	0,53	
52,31	0,52	
52,315	0,51	
52,32	0,49	
52,325	0,48	
52,33	0,47	
52,335	0,46	
52,34	0,45	
52,345	0,43	
52,35	0,42	
52,355	0,41	
52,36	0,4	
52,365	0,39	
52,37	0,37	
52,375	0,36	
52,38	0,34	
52,385	0,33	
52,39	0,32	
52,395	0,3	
52,4	0,28	
52,405	0,26	
52,41	0,25	
52,415	0,23	
52,42	0,21	
52,425	0,2	
52,43	0,18	
52,435	0,17	
52,44	0,16	
52,445	0,14	
52,45	0,13	
52,455	0,11	
52,46	0,09	
52,465	0,08	
52,47	0,07	
52,475	0,05	
52,48	0,03	
52,485	0,02	
52,49	0	
52,495	-0,02	
52,5	-0,04	
52,505	-0,06	
52,51	-0,07	
52,515	-0,09	
52,52	-0,1	
52,525	-0,11	
52,53	-0,13	
52,535	-0,14	
52,54	-0,15	
52,545	-0,17	
52,55	-0,18	
52,555	-0,2	
52,56	-0,23	
52,565	-0,24	
52,57	-0,25	
52,575	-0,26	
52,58	-0,27	
52,585	-0,28	
52,59	-0,3	
52,595	-0,32	
52,6	-0,33	
52,605	-0,34	
52,61	-0,36	
52,615	-0,37	
52,62	-0,38	
52,625	-0,39	
52,63	-0,4	
52,635	-0,41	
52,64	-0,42	
52,645	-0,44	
52,65	-0,45	
52,655	-0,46	
52,66	-0,48	
52,665	-0,48	
52,67	-0,49	
52,675	-0,5	
52,68	-0,51	
52,685	-0,51	
52,69	-0,52	
52,695	-0,52	
52,7	-0,53	
52,705	-0,54	
52,71	-0,55	
52,715	-0,56	
52,72	-0,57	
52,725	-0,57	
52,73	-0,57	
52,735	-0,58	
52,74	-0,58	
52,745	-0,58	
52,75	-0,59	
52,755	-0,59	
52,76	-0,6	
52,765	-0,6	
52,77	-0,6	
52,775	-0,61	
52,78	-0,61	
52,785	-0,61	
52,79	-0,61	
52,795	-0,61	
52,8	-0,6	
52,805	-0,61	
52,81	-0,61	
52,815	-0,61	
52,82	-0,61	
52,825	-0,61	
52,83	-0,61	
52,835	-0,6	
52,84	-0,6	
52,845	-0,59	
52,85	-0,59	
52,855	-0,58	
52,86	-0,58	
52,865	-0,57	
52,87	-0,57	
52,875	-0,57	
52,88	-0,56	
52,885	-0,55	
52,89	-0,54	
52,895	-0,54	
52,9	-0,53	
52,905	-0,52	
52,91	-0,51	
52,915	-0,51	
52,92	-0,5	
52,925	-0,49	
52,93	-0,48	
52,935	-0,47	
52,94	-0,46	
52,945	-0,46	
52,95	-0,45	
52,955	-0,44	
52,96	-0,43	
52,965	-0,41	
52,97	-0,4	
52,975	-0,39	
52,98	-0,38	
52,985	-0,37	
52,99	-0,35	
52,995	-0,34	
53,0	-0,33	
53,005	-0,32	
53,01	-0,3	
53,015	-0,29	
53,02	-0,28	
53,025	-0,27	
53,03	-0,26	
53,035	-0,24	
53,04	-0,23	
53,045	-0,21	
53,05	-0,19	
53,055	-0,18	
53,06	-0,17	
53,065	-0,16	
53,07	-0,15	
53,075	-0,14	
53,08	-0,13	
53,085	-0,11	
53,09	-0,1	
53,095	-0,08	
53,1	-0,07	
53,105	-0,05	
53,11	-0,04	
53,115	-0,03	
53,12	-0,01	
53,125	0	
53,13	0,02	
53,135	0,04	
53,14	0,05	
53,145	0,07	
53,15	0,08	
53,155	0,09	
53,16	0,11	
53,165	0,12	
53,17	0,13	
53,175	0,14	
53,18	0,16	
53,185	0,17	
53,19	0,18	
53,195	0,19	
53,2	0,2	
53,205	0,22	
53,21	0,23	
53,215	0,25	
53,22	0,26	
53,225	0,27	
53,23	0,28	
53,235	0,29	
53,24	0,3	
53,245	0,31	
53,25	0,32	
53,255	0,33	
53,26	0,34	
53,265	0,35	
53,27	0,36	
53,275	0,37	
53,28	0,38	
53,285	0,39	
53,29	0,39	
53,295	0,4	
53,3	0,41	
53,305	0,42	
53,31	0,42	
53,315	0,43	
53,32	0,44	
53,325	0,45	
53,33	0,45	
53,335	0,46	
53,34	0,47	
53,345	0,48	
53,35	0,48	
53,355	0,48	
53,36	0,49	
53,365	0,5	
53,37	0,5	
53,375	0,5	
53,38	0,5	
53,385	0,5	
53,39	0,5	
53,395	0,51	
53,4	0,51	
53,405	0,51	
53,41	0,52	
53,415	0,52	
53,42	0,51	
53,425	0,52	
53,43	0,51	
53,435	0,51	
53,44	0,51	
53,445	0,51	
53,45	0,51	
53,455	0,52	
53,46	0,52	
53,465	0,51	
53,47	0,51	
53,475	0,51	
53,48	0,5	
53,485	0,49	
53,49	0,49	
53,495	0,48	
53,5	0,48	
53,505	0,47	
53,51	0,47	
53,515	0,47	
53,52	0,46	
53,525	0,46	
53,53	0,45	
53,535	0,44	
53,54	0,43	
53,545	0,43	
53,55	0,42	
53,555	0,42	
53,56	0,41	
53,565	0,41	
53,57	0,4	
53,575	0,39	
53,58	0,38	
53,585	0,37	
53,59	0,36	
53,595	0,35	
53,6	0,34	
53,605	0,34	
53,61	0,33	
53,615	0,32	
53,62	0,31	
53,625	0,3	
53,63	0,29	
53,635	0,27	
53,64	0,26	
53,645	0,26	
53,65	0,24	
53,655	0,23	
53,66	0,22	
53,665	0,21	
53,67	0,2	
53,675	0,19	
53,68	0,18	
53,685	0,17	
53,69	0,16	
53,695	0,14	
53,7	0,12	
53,705	0,11	
53,71	0,1	
53,715	0,1	
53,72	0,08	
53,725	0,07	
53,73	0,06	
53,735	0,05	
53,74	0,04	
53,745	0,02	
53,75	0,01	
53,755	0	
53,76	-0,01	
53,765	-0,02	
53,77	-0,03	
53,775	-0,04	
53,78	-0,05	
53,785	-0,06	
53,79	-0,08	
53,795	-0,09	
53,8	-0,1	
53,805	-0,11	
53,81	-0,12	
53,815	-0,13	
53,82	-0,14	
53,825	-0,15	
53,83	-0,16	
53,835	-0,17	
53,84	-0,18	
53,845	-0,2	
53,85	-0,2	
53,855	-0,22	
53,86	-0,23	
53,865	-0,24	
53,87	-0,24	
53,875	-0,25	
53,88	-0,25	
53,885	-0,26	
53,89	-0,27	
53,895	-0,28	
53,9	-0,29	
53,905	-0,3	
53,91	-0,3	
53,915	-0,31	
53,92	-0,31	
53,925	-0,32	
53,93	-0,32	
53,935	-0,33	
53,94	-0,34	
53,945	-0,35	
53,95	-0,35	
53,955	-0,36	
53,96	-0,37	
53,965	-0,37	
53,97	-0,37	
53,975	-0,37	
53,98	-0,38	
53,985	-0,38	
53,99	-0,38	
53,995	-0,38	
54,0	-0,39	
54,005	-0,39	
54,01	-0,39	
54,015	-0,4	
54,02	-0,4	
54,025	-0,41	
54,03	-0,41	
54,035	-0,41	
54,04	-0,41	
54,045	-0,41	
54,05	-0,4	
54,055	-0,4	
54,06	-0,41	
54,065	-0,4	
54,07	-0,41	
54,075	-0,41	
54,08	-0,41	
54,085	-0,4	
54,09	-0,4	
54,095	-0,4	
54,1	-0,39	
54,105	-0,39	
54,11	-0,39	
54,115	-0,4	
54,12	-0,39	
54,125	-0,39	
54,13	-0,39	
54,135	-0,38	
54,14	-0,37	
54,145	-0,37	
54,15	-0,36	
54,155	-0,36	
54,16	-0,36	
54,165	-0,35	
54,17	-0,35	
54,175	-0,34	
54,18	-0,34	
54,185	-0,33	
54,19	-0,32	
54,195	-0,31	
54,2	-0,31	
54,205	-0,3	
54,21	-0,29	
54,215	-0,29	
54,22	-0,29	
54,225	-0,28	
54,23	-0,27	
54,235	-0,26	
54,24	-0,26	
54,245	-0,25	
54,25	-0,24	
54,255	-0,23	
54,26	-0,22	
54,265	-0,22	
54,27	-0,21	
54,275	-0,21	
54,28	-0,2	
54,285	-0,19	
54,29	-0,18	
54,295	-0,16	
54,3	-0,16	
54,305	-0,15	
54,31	-0,14	
54,315	-0,14	
54,32	-0,13	
54,325	-0,12	
54,33	-0,11	
54,335	-0,11	
54,34	-0,09	
54,345	-0,08	
54,35	-0,08	
54,355	-0,07	
54,36	-0,06	
54,365	-0,05	
54,37	-0,04	
54,375	-0,03	
54,38	-0,02	
54,385	-0,01	
54,39	0	
54,395	0,01	
54,4	0,01	
54,405	0,02	
54,41	0,03	
54,415	0,03	
54,42	0,05	
54,425	0,06	
54,43	0,07	
54,435	0,07	
54,44	0,08	
54,445	0,08	
54,45	0,09	
54,455	0,1	
54,46	0,11	
54,465	0,11	
54,47	0,12	
54,475	0,13	
54,48	0,14	
54,485	0,15	
54,49	0,16	
54,495	0,16	
54,5	0,17	
54,505	0,18	
54,51	0,18	
54,515	0,19	
54,52	0,19	
54,525	0,2	
54,53	0,2	
54,535	0,21	
54,54	0,21	
54,545	0,22	
54,55	0,22	
54,555	0,23	
54,56	0,23	
54,565	0,23	
54,57	0,24	
54,575	0,24	
54,58	0,25	
54,585	0,26	
54,59	0,26	
54,595	0,26	
54,6	0,27	
54,605	0,27	
54,61	0,27	
54,615	0,27	
54,62	0,27	
54,625	0,27	
54,63	0,27	
54,635	0,28	
54,64	0,28	
54,645	0,28	
54,65	0,28	
54,655	0,28	
54,66	0,29	
54,665	0,29	
54,67	0,29	
54,675	0,29	
54,68	0,29	
54,685	0,29	
54,69	0,29	
54,695	0,29	
54,7	0,29	
54,705	0,3	
54,71	0,3	
54,715	0,3	
54,72	0,29	
54,725	0,29	
54,73	0,28	
54,735	0,28	
54,74	0,28	
54,745	0,28	
54,75	0,27	
54,755	0,28	
54,76	0,27	
54,765	0,27	
54,77	0,27	
54,775	0,26	
54,78	0,25	
54,785	0,25	
54,79	0,25	
54,795	0,24	
54,8	0,24	
54,805	0,24	
54,81	0,24	
54,815	0,24	
54,82	0,23	
54,825	0,23	
54,83	0,22	
54,835	0,22	
54,84	0,21	
54,845	0,21	
54,85	0,2	
54,855	0,2	
54,86	0,19	
54,865	0,19	
54,87	0,19	
54,875	0,18	
54,88	0,18	
54,885	0,17	
54,89	0,16	
54,895	0,16	
54,9	0,15	
54,905	0,15	
54,91	0,14	
54,915	0,14	
54,92	0,13	
54,925	0,13	
54,93	0,13	
54,935	0,12	
54,94	0,11	
54,945	0,1	
54,95	0,09	
54,955	0,09	
54,96	0,08	
54,965	0,08	
54,97	0,08	
54,975	0,07	
54,98	0,07	
54,985	0,06	
54,99	0,05	
54,995	0,04	
55,0	0,04	
55,005	0,03	
55,01	0,02	
55,015	0,02	
55,02	0,02	
55,025	0,02	
55,03	0,02	
55,035	0,01	
55,04	0	
55,045	-0,01	
55,05	-0,01	
55,055	-0,02	
55,06	-0,03	
55,065	-0,03	
55,07	-0,03	
55,075	-0,03	
55,08	-0,04	
55,085	-0,05	
55,09	-0,05	
55,095	-0,06	
55,1	-0,07	
55,105	-0,07	
55,11	-0,07	
55,115	-0,07	
55,12	-0,08	
55,125	-0,08	
55,13	-0,09	
55,135	-0,09	
55,14	-0,09	
55,145	-0,1	
55,15	-0,11	
55,155	-0,11	
55,16	-0,12	
55,165	-0,12	
55,17	-0,12	
55,175	-0,12	
55,18	-0,12	
55,185	-0,12	
55,19	-0,13	
55,195	-0,13	
55,2	-0,14	
55,205	-0,14	
55,21	-0,14	
55,215	-0,14	
55,22	-0,14	
55,225	-0,15	
55,23	-0,15	
55,235	-0,15	
55,24	-0,15	
55,245	-0,15	
55,25	-0,15	
55,255	-0,15	
55,26	-0,16	
55,265	-0,16	
55,27	-0,16	
55,275	-0,16	
55,28	-0,16	
55,285	-0,16	
55,29	-0,16	
55,295	-0,16	
55,3	-0,16	
55,305	-0,16	
55,31	-0,16	
55,315	-0,16	
55,32	-0,16	
55,325	-0,16	
55,33	-0,16	
55,335	-0,16	
55,34	-0,16	
55,345	-0,16	
55,35	-0,16	
55,355	-0,16	
55,36	-0,16	
55,365	-0,16	
55,37	-0,16	
55,375	-0,15	
55,38	-0,15	
55,385	-0,15	
55,39	-0,15	
55,395	-0,15	
55,4	-0,15	
55,405	-0,15	
55,41	-0,15	
55,415	-0,15	
55,42	-0,15	
55,425	-0,14	
55,43	-0,14	
55,435	-0,14	
55,44	-0,14	
55,445	-0,13	
55,45	-0,13	
55,455	-0,13	
55,46	-0,13	
55,465	-0,12	
55,47	-0,12	
55,475	-0,12	
55,48	-0,12	
55,485	-0,12	
55,49	-0,12	
55,495	-0,11	
55,5	-0,11	
55,505	-0,11	
55,51	-0,1	
55,515	-0,1	
55,52	-0,1	
55,525	-0,1	
55,53	-0,09	
55,535	-0,09	
55,54	-0,09	
55,545	-0,09	
55,55	-0,08	
55,555	-0,08	
55,56	-0,08	
55,565	-0,07	
55,57	-0,07	
55,575	-0,07	
55,58	-0,07	
55,585	-0,07	
55,59	-0,07	
55,595	-0,06	
55,6	-0,06	
55,605	-0,06	
55,61	-0,05	
55,615	-0,05	
55,62	-0,05	
55,625	-0,04	
55,63	-0,04	
55,635	-0,04	
55,64	-0,03	
55,645	-0,03	
55,65	-0,03	
55,655	-0,03	
55,66	-0,03	
55,665	-0,03	
55,67	-0,02	
55,675	-0,02	
55,68	-0,02	
55,685	-0,02	
55,69	-0,01	
55,695	-0,01	
55,7	-0,01	
55,705	-0,01	
55,71	-0,01	
55,715	-0,01	
55,72	0	
55,725	0	
55,73	0	
55,735	0	
55,74	0,01	
55,745	0,01	
55,75	0,01	
55,755	0,01	
55,76	0,01	
55,765	0,01	
55,77	0,01	
55,775	0,01	
55,78	0,02	
55,785	0,02	
55,79	0,02	
55,795	0,01	
55,8	0,02	
55,805	0,02	
55,81	0,02	
55,815	0,02	
55,82	0,02	
55,825	0,02	
55,83	0,02	
55,835	0,02	
55,84	0,03	
55,845	0,03	
55,85	0,03	
55,855	0,03	
55,86	0,03	
55,865	0,03	
55,87	0,03	
55,875	0,03	
55,88	0,03	
55,885	0,03	
55,89	0,02	
55,895	0,02	
55,9	0,03	
55,905	0,03	
55,91	0,03	
55,915	0,03	
55,92	0,03	
55,925	0,03	
55,93	0,03	
55,935	0,03	
55,94	0,03	
55,945	0,03	
55,95	0,03	
55,955	0,03	
55,96	0,03	
55,965	0,03	
55,97	0,03	
55,975	0,03	
55,98	0,02	
55,985	0,03	
55,99	0,03	
55,995	0,03	
56,0	0,03	
56,005	0,03	
56,01	0,03	
56,015	0,03	
56,02	0,03	
56,025	0,03	
56,03	0,03	
56,035	0,03	
56,04	0,03	
56,045	0,03	
56,05	0,03	
56,055	0,03	
56,06	0,03	
56,065	0,03	
56,07	0,03	
56,075	0,03	
56,08	0,03	
56,085	0,02	
56,09	0,03	
56,095	0,03	
56,1	0,03	
56,105	0,03	
56,11	0,03	
56,115	0,03	
56,12	0,03	
56,125	0,03	
56,13	0,03	
56,135	0,03	
56,14	0,03	
56,145	0,03	
56,15	0,03	
56,155	0,03	
56,16	0,03	
56,165	0,03	
56,17	0,03	
56,175	0,03	
56,18	0,03	
56,185	0,04	
56,19	0,03	
56,195	0,03	
56,2	0,03	
56,205	0,03	
56,21	0,03	
56,215	0,04	
56,22	0,04	
56,225	0,04	
56,23	0,04	
56,235	0,04	
56,24	0,04	
56,245	0,04	
56,25	0,04	
56,255	0,04	
56,26	0,04	
56,265	0,04	
56,27	0,04	
56,275	0,04	
56,28	0,04	
56,285	0,05	
56,29	0,05	
56,295	0,05	
56,3	0,05	
56,305	0,05	
56,31	0,05	
56,315	0,05	
56,32	0,05	
56,325	0,05	
56,33	0,06	
56,335	0,06	
56,34	0,06	
56,345	0,06	
56,35	0,06	
56,355	0,06	
56,36	0,06	
56,365	0,06	
56,37	0,06	
56,375	0,06	
56,38	0,07	
56,385	0,07	
56,39	0,07	
56,395	0,08	
56,4	0,08	
56,405	0,07	
56,41	0,07	
56,415	0,07	
56,42	0,08	
56,425	0,08	
56,43	0,08	
56,435	0,08	
56,44	0,09	
56,445	0,08	
56,45	0,09	
56,455	0,09	
56,46	0,09	
56,465	0,09	
56,47	0,09	
56,475	0,09	
56,48	0,1	
56,485	0,09	
56,49	0,09	
56,495	0,1	
56,5	0,1	
56,505	0,09	
56,51	0,1	
56,515	0,1	
56,52	0,1	
56,525	0,1	
56,53	0,11	
56,535	0,11	
56,54	0,11	
56,545	0,11	
56,55	0,1	
56,555	0,1	
56,56	0,1	
56,565	0,1	
56,57	0,1	
56,575	0,1	
56,58	0,1	
56,585	0,1	
56,59	0,1	
56,595	0,1	
56,6	0,1	
56,605	0,1	
56,61	0,1	
56,615	0,1	
56,62	0,1	
56,625	0,1	
56,63	0,1	
56,635	0,1	
56,64	0,1	
56,645	0,1	
56,65	0,1	
56,655	0,09	
56,66	0,09	
56,665	0,09	
56,67	0,09	
56,675	0,09	
56,68	0,09	
56,685	0,09	
56,69	0,08	
56,695	0,08	
56,7	0,08	
56,705	0,08	
56,71	0,08	
56,715	0,08	
56,72	0,07	
56,725	0,07	
56,73	0,06	
56,735	0,06	
56,74	0,06	
56,745	0,06	
56,75	0,06	
56,755	0,06	
56,76	0,06	
56,765	0,05	
56,77	0,05	
56,775	0,05	
56,78	0,04	
56,785	0,03	
56,79	0,03	
56,795	0,03	
56,8	0,03	
56,805	0,02	
56,81	0,02	
56,815	0,02	
56,82	0,02	
56,825	0,01	
56,83	0,01	
56,835	0	
56,84	0	
56,845	0	
56,85	-0,01	
56,855	-0,01	
56,86	-0,01	
56,865	-0,02	
56,87	-0,02	
56,875	-0,03	
56,88	-0,03	
56,885	-0,04	
56,89	-0,05	
56,895	-0,05	
56,9	-0,05	
56,905	-0,06	
56,91	-0,06	
56,915	-0,06	
56,92	-0,07	
56,925	-0,07	
56,93	-0,08	
56,935	-0,08	
56,94	-0,08	
56,945	-0,09	
56,95	-0,09	
56,955	-0,09	
56,96	-0,1	
56,965	-0,1	
56,97	-0,11	
56,975	-0,11	
56,98	-0,12	
56,985	-0,12	
56,99	-0,13	
56,995	-0,13	
57,0	-0,14	
57,005	-0,14	
57,01	-0,15	
57,015	-0,15	
57,02	-0,15	
57,025	-0,15	
57,03	-0,16	
57,035	-0,16	
57,04	-0,17	
57,045	-0,17	
57,05	-0,18	
57,055	-0,18	
57,06	-0,18	
57,065	-0,18	
57,07	-0,18	
57,075	-0,18	
57,08	-0,19	
57,085	-0,19	
57,09	-0,2	
57,095	-0,2	
57,1	-0,21	
57,105	-0,21	
57,11	-0,21	
57,115	-0,21	
57,12	-0,21	
57,125	-0,21	
57,13	-0,22	
57,135	-0,22	
57,14	-0,22	
57,145	-0,22	
57,15	-0,22	
57,155	-0,22	
57,16	-0,23	
57,165	-0,23	
57,17	-0,23	
57,175	-0,23	
57,18	-0,23	
57,185	-0,23	
57,19	-0,23	
57,195	-0,23	
57,2	-0,23	
57,205	-0,23	
57,21	-0,23	
57,215	-0,23	
57,22	-0,23	
57,225	-0,23	
57,23	-0,23	
57,235	-0,23	
57,24	-0,23	
57,245	-0,23	
57,25	-0,22	
57,255	-0,22	
57,26	-0,22	
57,265	-0,22	
57,27	-0,21	
57,275	-0,22	
57,28	-0,21	
57,285	-0,21	
57,29	-0,21	
57,295	-0,2	
57,3	-0,2	
57,305	-0,2	
57,31	-0,2	
57,315	-0,19	
57,32	-0,19	
57,325	-0,19	
57,33	-0,18	
57,335	-0,18	
57,34	-0,18	
57,345	-0,17	
57,35	-0,17	
57,355	-0,16	
57,36	-0,16	
57,365	-0,15	
57,37	-0,14	
57,375	-0,14	
57,38	-0,14	
57,385	-0,13	
57,39	-0,13	
57,395	-0,12	
57,4	-0,12	
57,405	-0,12	
57,41	-0,1	
57,415	-0,1	
57,42	-0,09	
57,425	-0,09	
57,43	-0,08	
57,435	-0,08	
57,44	-0,07	
57,445	-0,06	
57,45	-0,05	
57,455	-0,05	
57,46	-0,04	
57,465	-0,03	
57,47	-0,03	
57,475	-0,02	
57,48	-0,02	
57,485	-0,01	
57,49	-0,01	
57,495	0,01	
57,5	0,01	
57,505	0,02	
57,51	0,03	
57,515	0,03	
57,52	0,04	
57,525	0,05	
57,53	0,05	
57,535	0,06	
57,54	0,07	
57,545	0,08	
57,55	0,08	
57,555	0,09	
57,56	0,1	
57,565	0,11	
57,57	0,11	
57,575	0,12	
57,58	0,13	
57,585	0,13	
57,59	0,14	
57,595	0,15	
57,6	0,16	
57,605	0,17	
57,61	0,17	
57,615	0,18	
57,62	0,18	
57,625	0,19	
57,63	0,2	
57,635	0,2	
57,64	0,21	
57,645	0,22	
57,65	0,22	
57,655	0,23	
57,66	0,24	
57,665	0,25	
57,67	0,25	
57,675	0,26	
57,68	0,26	
57,685	0,27	
57,69	0,27	
57,695	0,27	
57,7	0,28	
57,705	0,28	
57,71	0,29	
57,715	0,29	
57,72	0,3	
57,725	0,3	
57,73	0,31	
57,735	0,31	
57,74	0,32	
57,745	0,32	
57,75	0,32	
57,755	0,32	
57,76	0,33	
57,765	0,33	
57,77	0,33	
57,775	0,34	
57,78	0,34	
57,785	0,34	
57,79	0,35	
57,795	0,35	
57,8	0,35	
57,805	0,35	
57,81	0,35	
57,815	0,35	
57,82	0,35	
57,825	0,36	
57,83	0,36	
57,835	0,36	
57,84	0,36	
57,845	0,36	
57,85	0,35	
57,855	0,35	
57,86	0,34	
57,865	0,34	
57,87	0,34	
57,875	0,34	
57,88	0,34	
57,885	0,34	
57,89	0,34	
57,895	0,34	
57,9	0,33	
57,905	0,33	
57,91	0,32	
57,915	0,32	
57,92	0,32	
57,925	0,31	
57,93	0,31	
57,935	0,31	
57,94	0,3	
57,945	0,3	
57,95	0,29	
57,955	0,28	
57,96	0,27	
57,965	0,27	
57,97	0,26	
57,975	0,25	
57,98	0,25	
57,985	0,25	
57,99	0,24	
57,995	0,24	
58,0	0,23	
58,005	0,22	
58,01	0,22	
58,015	0,21	
58,02	0,2	
58,025	0,19	
58,03	0,19	
58,035	0,18	
58,04	0,17	
58,045	0,16	
58,05	0,15	
58,055	0,14	
58,06	0,13	
58,065	0,12	
58,07	0,11	
58,075	0,1	
58,08	0,1	
58,085	0,09	
58,09	0,08	
58,095	0,07	
58,1	0,06	
58,105	0,06	
58,11	0,04	
58,115	0,04	
58,12	0,03	
58,125	0,02	
58,13	0,01	
58,135	-0,01	
58,14	-0,03	
58,145	-0,03	
58,15	-0,04	
58,155	-0,05	
58,16	-0,06	
58,165	-0,07	
58,17	-0,08	
58,175	-0,09	
58,18	-0,1	
58,185	-0,11	
58,19	-0,12	
58,195	-0,13	
58,2	-0,13	
58,205	-0,14	
58,21	-0,15	
58,215	-0,16	
58,22	-0,18	
58,225	-0,19	
58,23	-0,2	
58,235	-0,21	
58,24	-0,22	
58,245	-0,23	
58,25	-0,24	
58,255	-0,25	
58,26	-0,25	
58,265	-0,26	
58,27	-0,27	
58,275	-0,28	
58,28	-0,29	
58,285	-0,3	
58,29	-0,31	
58,295	-0,32	
58,3	-0,32	
58,305	-0,33	
58,31	-0,34	
58,315	-0,35	
58,32	-0,36	
58,325	-0,36	
58,33	-0,37	
58,335	-0,37	
58,34	-0,38	
58,345	-0,38	
58,35	-0,39	
58,355	-0,4	
58,36	-0,4	
58,365	-0,4	
58,37	-0,41	
58,375	-0,42	
58,38	-0,42	
58,385	-0,43	
58,39	-0,43	
58,395	-0,43	
58,4	-0,43	
58,405	-0,44	
58,41	-0,45	
58,415	-0,45	
58,42	-0,45	
58,425	-0,45	
58,43	-0,45	
58,435	-0,45	
58,44	-0,45	
58,445	-0,45	
58,45	-0,46	
58,455	-0,46	
58,46	-0,46	
58,465	-0,46	
58,47	-0,46	
58,475	-0,46	
58,48	-0,45	
58,485	-0,45	
58,49	-0,45	
58,495	-0,45	
58,5	-0,45	
58,505	-0,45	
58,51	-0,44	
58,515	-0,44	
58,52	-0,44	
58,525	-0,44	
58,53	-0,43	
58,535	-0,43	
58,54	-0,42	
58,545	-0,42	
58,55	-0,42	
58,555	-0,41	
58,56	-0,41	
58,565	-0,4	
58,57	-0,39	
58,575	-0,38	
58,58	-0,37	
58,585	-0,37	
58,59	-0,36	
58,595	-0,35	
58,6	-0,35	
58,605	-0,34	
58,61	-0,33	
58,615	-0,33	
58,62	-0,32	
58,625	-0,31	
58,63	-0,3	
58,635	-0,29	
58,64	-0,28	
58,645	-0,27	
58,65	-0,26	
58,655	-0,25	
58,66	-0,24	
58,665	-0,23	
58,67	-0,22	
58,675	-0,21	
58,68	-0,2	
58,685	-0,19	
58,69	-0,18	
58,695	-0,17	
58,7	-0,16	
58,705	-0,14	
58,71	-0,13	
58,715	-0,12	
58,72	-0,11	
58,725	-0,1	
58,73	-0,09	
58,735	-0,08	
58,74	-0,07	
58,745	-0,05	
58,75	-0,04	
58,755	-0,03	
58,76	-0,01	
58,765	0,01	
58,77	0,02	
58,775	0,03	
58,78	0,04	
58,785	0,05	
58,79	0,07	
58,795	0,08	
58,8	0,09	
58,805	0,1	
58,81	0,12	
58,815	0,13	
58,82	0,14	
58,825	0,16	
58,83	0,16	
58,835	0,17	
58,84	0,18	
58,845	0,19	
58,85	0,2	
58,855	0,22	
58,86	0,24	
58,865	0,25	
58,87	0,27	
58,875	0,28	
58,88	0,29	
58,885	0,3	
58,89	0,31	
58,895	0,32	
58,9	0,33	
58,905	0,34	
58,91	0,35	
58,915	0,36	
58,92	0,37	
58,925	0,38	
58,93	0,39	
58,935	0,4	
58,94	0,41	
58,945	0,42	
58,95	0,43	
58,955	0,43	
58,96	0,44	
58,965	0,45	
58,97	0,46	
58,975	0,47	
58,98	0,47	
58,985	0,48	
58,99	0,49	
58,995	0,49	
59,0	0,49	
59,005	0,5	
59,01	0,5	
59,015	0,51	
59,02	0,52	
59,025	0,53	
59,03	0,54	
59,035	0,54	
59,04	0,54	
59,045	0,53	
59,05	0,54	
59,055	0,54	
59,06	0,54	
59,065	0,55	
59,07	0,55	
59,075	0,56	
59,08	0,56	
59,085	0,56	
59,09	0,56	
59,095	0,56	
59,1	0,55	
59,105	0,56	
59,11	0,55	
59,115	0,55	
59,12	0,55	
59,125	0,55	
59,13	0,55	
59,135	0,54	
59,14	0,54	
59,145	0,53	
59,15	0,52	
59,155	0,52	
59,16	0,52	
59,165	0,52	
59,17	0,51	
59,175	0,51	
59,18	0,5	
59,185	0,5	
59,19	0,48	
59,195	0,48	
59,2	0,48	
59,205	0,47	
59,21	0,46	
59,215	0,45	
59,22	0,44	
59,225	0,43	
59,23	0,42	
59,235	0,41	
59,24	0,4	
59,245	0,39	
59,25	0,38	
59,255	0,38	
59,26	0,37	
59,265	0,36	
59,27	0,34	
59,275	0,33	
59,28	0,31	
59,285	0,3	
59,29	0,29	
59,295	0,29	
59,3	0,28	
59,305	0,27	
59,31	0,25	
59,315	0,24	
59,32	0,22	
59,325	0,2	
59,33	0,19	
59,335	0,17	
59,34	0,16	
59,345	0,15	
59,35	0,14	
59,355	0,12	
59,36	0,11	
59,365	0,1	
59,37	0,08	
59,375	0,06	
59,38	0,05	
59,385	0,03	
59,39	0,02	
59,395	0,01	
59,4	0	
59,405	-0,01	
59,41	-0,03	
59,415	-0,05	
59,42	-0,06	
59,425	-0,08	
59,43	-0,09	
59,435	-0,12	
59,44	-0,13	
59,445	-0,14	
59,45	-0,16	
59,455	-0,17	
59,46	-0,18	
59,465	-0,2	
59,47	-0,21	
59,475	-0,23	
59,48	-0,25	
59,485	-0,26	
59,49	-0,27	
59,495	-0,28	
59,5	-0,29	
59,505	-0,3	
59,51	-0,32	
59,515	-0,34	
59,52	-0,35	
59,525	-0,36	
59,53	-0,38	
59,535	-0,39	
59,54	-0,4	
59,545	-0,41	
59,55	-0,42	
59,555	-0,43	
59,56	-0,44	
59,565	-0,45	
59,57	-0,46	
59,575	-0,47	
59,58	-0,48	
59,585	-0,49	
59,59	-0,5	
59,595	-0,52	
59,6	-0,52	
59,605	-0,53	
59,61	-0,54	
59,615	-0,55	
59,62	-0,55	
59,625	-0,56	
59,63	-0,57	
59,635	-0,57	
59,64	-0,58	
59,645	-0,58	
59,65	-0,59	
59,655	-0,6	
59,66	-0,6	
59,665	-0,6	
59,67	-0,61	
59,675	-0,61	
59,68	-0,62	
59,685	-0,62	
59,69	-0,62	
59,695	-0,62	
59,7	-0,62	
59,705	-0,63	
59,71	-0,63	
59,715	-0,63	
59,72	-0,63	
59,725	-0,63	
59,73	-0,63	
59,735	-0,63	
59,74	-0,63	
59,745	-0,62	
59,75	-0,62	
59,755	-0,62	
59,76	-0,62	
59,765	-0,62	
59,77	-0,61	
59,775	-0,61	
59,78	-0,6	
59,785	-0,6	
59,79	-0,59	
59,795	-0,58	
59,8	-0,58	
59,805	-0,58	
59,81	-0,57	
59,815	-0,56	
59,82	-0,56	
59,825	-0,55	
59,83	-0,54	
59,835	-0,53	
59,84	-0,52	
59,845	-0,51	
59,85	-0,5	
59,855	-0,49	
59,86	-0,48	
59,865	-0,47	
59,87	-0,46	
59,875	-0,45	
59,88	-0,44	
59,885	-0,43	
59,89	-0,42	
59,895	-0,4	
59,9	-0,39	
59,905	-0,37	
59,91	-0,36	
59,915	-0,35	
59,92	-0,33	
59,925	-0,32	
59,93	-0,31	
59,935	-0,29	
59,94	-0,28	
59,945	-0,27	
59,95	-0,25	
59,955	-0,24	
59,96	-0,23	
59,965	-0,21	
59,97	-0,2	
59,975	-0,19	
59,98	-0,17	
59,985	-0,15	
59,99	-0,13	
59,995	-0,12	
60,0	-0,09	
60,005	-0,08	
60,01	-0,06	
60,015	-0,05	
60,02	-0,03	
60,025	-0,02	
60,03	0	
60,035	0,02	
60,04	0,03	
60,045	0,05	
60,05	0,07	
60,055	0,08	
60,06	0,1	
60,065	0,12	
60,07	0,13	
60,075	0,15	
60,08	0,17	
60,085	0,19	
60,09	0,2	
60,095	0,21	
60,1	0,23	
60,105	0,24	
60,11	0,26	
60,115	0,27	
60,12	0,29	
60,125	0,31	
60,13	0,32	
60,135	0,34	
60,14	0,35	
60,145	0,36	
60,15	0,37	
60,155	0,38	
60,16	0,4	
60,165	0,41	
60,17	0,43	
60,175	0,45	
60,18	0,46	
60,185	0,47	
60,19	0,48	
60,195	0,49	
60,2	0,5	
60,205	0,51	
60,21	0,52	
60,215	0,53	
60,22	0,54	
60,225	0,55	
60,23	0,57	
60,235	0,58	
60,24	0,59	
60,245	0,6	
60,25	0,6	
60,255	0,61	
60,26	0,61	
60,265	0,62	
60,27	0,63	
60,275	0,64	
60,28	0,65	
60,285	0,66	
60,29	0,66	
60,295	0,66	
60,3	0,66	
60,305	0,66	
60,31	0,67	
60,315	0,67	
60,32	0,68	
60,325	0,69	
60,33	0,69	
60,335	0,69	
60,34	0,69	
60,345	0,69	
60,35	0,68	
60,355	0,68	
60,36	0,69	
60,365	0,68	
60,37	0,68	
60,375	0,68	
60,38	0,68	
60,385	0,68	
60,39	0,67	
60,395	0,67	
60,4	0,66	
60,405	0,66	
60,41	0,65	
60,415	0,65	
60,42	0,65	
60,425	0,64	
60,43	0,63	
60,435	0,63	
60,44	0,62	
60,445	0,61	
60,45	0,6	
60,455	0,59	
60,46	0,58	
60,465	0,58	
60,47	0,57	
60,475	0,56	
60,48	0,55	
60,485	0,54	
60,49	0,53	
60,495	0,52	
60,5	0,5	
60,505	0,49	
60,51	0,48	
60,515	0,47	
60,52	0,46	
60,525	0,45	
60,53	0,43	
60,535	0,42	
60,54	0,4	
60,545	0,39	
60,55	0,37	
60,555	0,36	
60,56	0,34	
60,565	0,32	
60,57	0,31	
60,575	0,29	
60,58	0,28	
60,585	0,26	
60,59	0,24	
60,595	0,22	
60,6	0,21	
60,605	0,19	
60,61	0,18	
60,615	0,16	
60,62	0,15	
60,625	0,13	
60,63	0,11	
60,635	0,1	
60,64	0,08	
60,645	0,06	
60,65	0,04	
60,655	0,02	
60,66	0	
60,665	-0,02	
60,67	-0,03	
60,675	-0,05	
60,68	-0,06	
60,685	-0,08	
60,69	-0,1	
60,695	-0,12	
60,7	-0,14	
60,705	-0,15	
60,71	-0,17	
60,715	-0,18	
60,72	-0,2	
60,725	-0,22	
60,73	-0,24	
60,735	-0,25	
60,74	-0,27	
60,745	-0,29	
60,75	-0,31	
60,755	-0,32	
60,76	-0,33	
60,765	-0,35	
60,77	-0,36	
60,775	-0,38	
60,78	-0,39	
60,785	-0,41	
60,79	-0,42	
60,795	-0,44	
60,8	-0,45	
60,805	-0,46	
60,81	-0,48	
60,815	-0,49	
60,82	-0,5	
60,825	-0,52	
60,83	-0,53	
60,835	-0,54	
60,84	-0,56	
60,845	-0,57	
60,85	-0,58	
60,855	-0,58	
60,86	-0,59	
60,865	-0,6	
60,87	-0,61	
60,875	-0,62	
60,88	-0,64	
60,885	-0,65	
60,89	-0,66	
60,895	-0,67	
60,9	-0,67	
60,905	-0,67	
60,91	-0,68	
60,915	-0,68	
60,92	-0,68	
60,925	-0,69	
60,93	-0,7	
60,935	-0,71	
60,94	-0,71	
60,945	-0,72	
60,95	-0,71	
60,955	-0,71	
60,96	-0,71	
60,965	-0,71	
60,97	-0,72	
60,975	-0,72	
60,98	-0,73	
60,985	-0,73	
60,99	-0,73	
60,995	-0,72	
61,0	-0,72	
61,005	-0,71	
61,01	-0,7	
61,015	-0,71	
61,02	-0,71	
61,025	-0,7	
61,03	-0,7	
61,035	-0,7	
61,04	-0,7	
61,045	-0,69	
61,05	-0,68	
61,055	-0,67	
61,06	-0,66	
61,065	-0,65	
61,07	-0,65	
61,075	-0,64	
61,08	-0,64	
61,085	-0,63	
61,09	-0,62	
61,095	-0,61	
61,1	-0,6	
61,105	-0,58	
61,11	-0,57	
61,115	-0,56	
61,12	-0,55	
61,125	-0,55	
61,13	-0,53	
61,135	-0,52	
61,14	-0,51	
61,145	-0,49	
61,15	-0,47	
61,155	-0,46	
61,16	-0,44	
61,165	-0,43	
61,17	-0,42	
61,175	-0,41	
61,18	-0,4	
61,185	-0,39	
61,19	-0,37	
61,195	-0,35	
61,2	-0,33	
61,205	-0,31	
61,21	-0,29	
61,215	-0,27	
61,22	-0,26	
61,225	-0,24	
61,23	-0,23	
61,235	-0,21	
61,24	-0,19	
61,245	-0,17	
61,25	-0,15	
61,255	-0,13	
61,26	-0,12	
61,265	-0,11	
61,27	-0,09	
61,275	-0,07	
61,28	-0,06	
61,285	-0,04	
61,29	-0,02	
61,295	0,01	
61,3	0,03	
61,305	0,05	
61,31	0,06	
61,315	0,08	
61,32	0,09	
61,325	0,1	
61,33	0,12	
61,335	0,14	
61,34	0,16	
61,345	0,18	
61,35	0,2	
61,355	0,22	
61,36	0,24	
61,365	0,25	
61,37	0,27	
61,375	0,29	
61,38	0,31	
61,385	0,33	
61,39	0,35	
61,395	0,36	
61,4	0,38	
61,405	0,39	
61,41	0,41	
61,415	0,42	
61,42	0,43	
61,425	0,45	
61,43	0,46	
61,435	0,48	
61,44	0,49	
61,445	0,5	
61,45	0,51	
61,455	0,52	
61,46	0,53	
61,465	0,54	
61,47	0,56	
61,475	0,57	
61,48	0,59	
61,485	0,6	
61,49	0,61	
61,495	0,62	
61,5	0,63	
61,505	0,64	
61,51	0,65	
61,515	0,66	
61,52	0,66	
61,525	0,67	
61,53	0,68	
61,535	0,69	
61,54	0,69	
61,545	0,7	
61,55	0,71	
61,555	0,71	
61,56	0,71	
61,565	0,71	
61,57	0,72	
61,575	0,72	
61,58	0,73	
61,585	0,73	
61,59	0,73	
61,595	0,74	
61,6	0,74	
61,605	0,74	
61,61	0,73	
61,615	0,74	
61,62	0,73	
61,625	0,73	
61,63	0,74	
61,635	0,73	
61,64	0,73	
61,645	0,73	
61,65	0,73	
61,655	0,72	
61,66	0,71	
61,665	0,71	
61,67	0,7	
61,675	0,69	
61,68	0,69	
61,685	0,68	
61,69	0,68	
61,695	0,67	
61,7	0,66	
61,705	0,65	
61,71	0,64	
61,715	0,63	
61,72	0,62	
61,725	0,61	
61,73	0,6	
61,735	0,6	
61,74	0,59	
61,745	0,58	
61,75	0,57	
61,755	0,55	
61,76	0,54	
61,765	0,53	
61,77	0,52	
61,775	0,5	
61,78	0,48	
61,785	0,47	
61,79	0,45	
61,795	0,44	
61,8	0,43	
61,805	0,41	
61,81	0,4	
61,815	0,38	
61,82	0,37	
61,825	0,35	
61,83	0,34	
61,835	0,33	
61,84	0,31	
61,845	0,29	
61,85	0,28	
61,855	0,26	
61,86	0,23	
61,865	0,21	
61,87	0,19	
61,875	0,17	
61,88	0,16	
61,885	0,14	
61,89	0,13	
61,895	0,11	
61,9	0,09	
61,905	0,07	
61,91	0,05	
61,915	0,03	
61,92	0,02	
61,925	0	
61,93	-0,01	
61,935	-0,03	
61,94	-0,06	
61,945	-0,07	
61,95	-0,09	
61,955	-0,11	
61,96	-0,13	
61,965	-0,14	
61,97	-0,17	
61,975	-0,18	
61,98	-0,2	
61,985	-0,22	
61,99	-0,23	
61,995	-0,25	
62,0	-0,26	
62,005	-0,28	
62,01	-0,3	
62,015	-0,32	
62,02	-0,34	
62,025	-0,35	
62,03	-0,37	
62,035	-0,38	
62,04	-0,4	
62,045	-0,41	
62,05	-0,43	
62,055	-0,44	
62,06	-0,46	
62,065	-0,47	
62,07	-0,48	
62,075	-0,5	
62,08	-0,51	
62,085	-0,52	
62,09	-0,52	
62,095	-0,54	
62,1	-0,56	
62,105	-0,57	
62,11	-0,59	
62,115	-0,6	
62,12	-0,61	
62,125	-0,61	
62,13	-0,62	
62,135	-0,63	
62,14	-0,64	
62,145	-0,65	
62,15	-0,65	
62,155	-0,66	
62,16	-0,67	
62,165	-0,67	
62,17	-0,68	
62,175	-0,69	
62,18	-0,69	
62,185	-0,7	
62,19	-0,71	
62,195	-0,71	
62,2	-0,72	
62,205	-0,73	
62,21	-0,73	
62,215	-0,73	
62,22	-0,73	
62,225	-0,73	
62,23	-0,72	
62,235	-0,73	
62,24	-0,73	
62,245	-0,72	
62,25	-0,72	
62,255	-0,73	
62,26	-0,72	
62,265	-0,72	
62,27	-0,72	
62,275	-0,71	
62,28	-0,71	
62,285	-0,71	
62,29	-0,71	
62,295	-0,7	
62,3	-0,7	
62,305	-0,69	
62,31	-0,68	
62,315	-0,67	
62,32	-0,67	
62,325	-0,66	
62,33	-0,66	
62,335	-0,65	
62,34	-0,64	
62,345	-0,63	
62,35	-0,62	
62,355	-0,61	
62,36	-0,6	
62,365	-0,59	
62,37	-0,58	
62,375	-0,57	
62,38	-0,56	
62,385	-0,55	
62,39	-0,53	
62,395	-0,52	
62,4	-0,51	
62,405	-0,5	
62,41	-0,48	
62,415	-0,47	
62,42	-0,46	
62,425	-0,44	
62,43	-0,42	
62,435	-0,41	
62,44	-0,39	
62,445	-0,37	
62,45	-0,36	
62,455	-0,34	
62,46	-0,33	
62,465	-0,31	
62,47	-0,3	
62,475	-0,28	
62,48	-0,27	
62,485	-0,25	
62,49	-0,23	
62,495	-0,22	
62,5	-0,2	
62,505	-0,18	
62,51	-0,16	
62,515	-0,15	
62,52	-0,13	
62,525	-0,12	
62,53	-0,1	
62,535	-0,09	
62,54	-0,07	
62,545	-0,05	
62,55	-0,03	
62,555	-0,01	
62,56	0,01	
62,565	0,03	
62,57	0,04	
62,575	0,06	
62,58	0,07	
62,585	0,08	
62,59	0,12	
62,595	0,14	
62,6	0,16	
62,605	0,17	
62,61	0,19	
62,615	0,21	
62,62	0,23	
62,625	0,24	
62,63	0,25	
62,635	0,27	
62,64	0,28	
62,645	0,3	
62,65	0,31	
62,655	0,33	
62,66	0,35	
62,665	0,37	
62,67	0,38	
62,675	0,4	
62,68	0,41	
62,685	0,43	
62,69	0,44	
62,695	0,45	
62,7	0,46	
62,705	0,47	
62,71	0,48	
62,715	0,5	
62,72	0,51	
62,725	0,52	
62,73	0,53	
62,735	0,54	
62,74	0,55	
62,745	0,56	
62,75	0,57	
62,755	0,58	
62,76	0,59	
62,765	0,61	
62,77	0,62	
62,775	0,62	
62,78	0,63	
62,785	0,64	
62,79	0,64	
62,795	0,65	
62,8	0,65	
62,805	0,66	
62,81	0,66	
62,815	0,67	
62,82	0,67	
62,825	0,68	
62,83	0,69	
62,835	0,69	
62,84	0,69	
62,845	0,69	
62,85	0,69	
62,855	0,69	
62,86	0,69	
62,865	0,69	
62,87	0,7	
62,875	0,7	
62,88	0,7	
62,885	0,7	
62,89	0,69	
62,895	0,69	
62,9	0,68	
62,905	0,68	
62,91	0,67	
62,915	0,67	
62,92	0,67	
62,925	0,67	
62,93	0,66	
62,935	0,66	
62,94	0,66	
62,945	0,65	
62,95	0,64	
62,955	0,63	
62,96	0,63	
62,965	0,62	
62,97	0,61	
62,975	0,6	
62,98	0,6	
62,985	0,59	
62,99	0,58	
62,995	0,56	
63,0	0,55	
63,005	0,54	
63,01	0,53	
63,015	0,51	
63,02	0,51	
63,025	0,5	
63,03	0,49	
63,035	0,48	
63,04	0,47	
63,045	0,46	
63,05	0,44	
63,055	0,43	
63,06	0,41	
63,065	0,4	
63,07	0,37	
63,075	0,36	
63,08	0,34	
63,085	0,33	
63,09	0,32	
63,095	0,3	
63,1	0,28	
63,105	0,27	
63,11	0,25	
63,115	0,24	
63,12	0,23	
63,125	0,21	
63,13	0,19	
63,135	0,18	
63,14	0,17	
63,145	0,15	
63,15	0,13	
63,155	0,11	
63,16	0,09	
63,165	0,08	
63,17	0,06	
63,175	0,04	
63,18	0,03	
63,185	0,01	
63,19	-0,01	
63,195	-0,02	
63,2	-0,04	
63,205	-0,05	
63,21	-0,07	
63,215	-0,08	
63,22	-0,1	
63,225	-0,11	
63,23	-0,13	
63,235	-0,15	
63,24	-0,17	
63,245	-0,19	
63,25	-0,2	
63,255	-0,22	
63,26	-0,23	
63,265	-0,25	
63,27	-0,26	
63,275	-0,28	
63,28	-0,29	
63,285	-0,3	
63,29	-0,32	
63,295	-0,33	
63,3	-0,34	
63,305	-0,36	
63,31	-0,38	
63,315	-0,4	
63,32	-0,41	
63,325	-0,41	
63,33	-0,42	
63,335	-0,44	
63,34	-0,45	
63,345	-0,46	
63,35	-0,48	
63,355	-0,48	
63,36	-0,49	
63,365	-0,5	
63,37	-0,51	
63,375	-0,52	
63,38	-0,53	
63,385	-0,54	
63,39	-0,55	
63,395	-0,56	
63,4	-0,57	
63,405	-0,58	
63,41	-0,58	
63,415	-0,59	
63,42	-0,6	
63,425	-0,6	
63,43	-0,61	
63,435	-0,61	
63,44	-0,61	
63,445	-0,62	
63,45	-0,62	
63,455	-0,62	
63,46	-0,63	
63,465	-0,63	
63,47	-0,64	
63,475	-0,64	
63,48	-0,64	
63,485	-0,64	
63,49	-0,64	
63,495	-0,64	
63,5	-0,64	
63,505	-0,64	
63,51	-0,64	
63,515	-0,64	
63,52	-0,64	
63,525	-0,64	
63,53	-0,64	
63,535	-0,64	
63,54	-0,63	
63,545	-0,63	
63,55	-0,62	
63,555	-0,62	
63,56	-0,61	
63,565	-0,61	
63,57	-0,6	
63,575	-0,6	
63,58	-0,59	
63,585	-0,58	
63,59	-0,57	
63,595	-0,57	
63,6	-0,56	
63,605	-0,55	
63,61	-0,55	
63,615	-0,54	
63,62	-0,54	
63,625	-0,53	
63,63	-0,52	
63,635	-0,5	
63,64	-0,49	
63,645	-0,48	
63,65	-0,47	
63,655	-0,46	
63,66	-0,45	
63,665	-0,44	
63,67	-0,43	
63,675	-0,42	
63,68	-0,41	
63,685	-0,39	
63,69	-0,38	
63,695	-0,37	
63,7	-0,35	
63,705	-0,34	
63,71	-0,33	
63,715	-0,32	
63,72	-0,3	
63,725	-0,28	
63,73	-0,27	
63,735	-0,25	
63,74	-0,24	
63,745	-0,22	
63,75	-0,21	
63,755	-0,2	
63,76	-0,18	
63,765	-0,17	
63,77	-0,15	
63,775	-0,14	
63,78	-0,12	
63,785	-0,11	
63,79	-0,09	
63,795	-0,08	
63,8	-0,06	
63,805	-0,04	
63,81	-0,03	
63,815	-0,01	
63,82	0	
63,825	0,02	
63,83	0,03	
63,835	0,04	
63,84	0,06	
63,845	0,07	
63,85	0,09	
63,855	0,1	
63,86	0,12	
63,865	0,13	
63,87	0,15	
63,875	0,16	
63,88	0,18	
63,885	0,2	
63,89	0,21	
63,895	0,22	
63,9	0,23	
63,905	0,25	
63,91	0,26	
63,915	0,28	
63,92	0,29	
63,925	0,3	
63,93	0,31	
63,935	0,32	
63,94	0,33	
63,945	0,34	
63,95	0,35	
63,955	0,36	
63,96	0,38	
63,965	0,39	
63,97	0,41	
63,975	0,41	
63,98	0,43	
63,985	0,43	
63,99	0,44	
63,995	0,45	
64,0	0,46	
64,005	0,46	
64,01	0,48	
64,015	0,48	
64,02	0,49	
64,025	0,5	
64,03	0,51	
64,035	0,51	
64,04	0,52	
64,045	0,52	
64,05	0,53	
64,055	0,53	
64,06	0,53	
64,065	0,54	
64,07	0,55	
64,075	0,55	
64,08	0,56	
64,085	0,56	
64,09	0,56	
64,095	0,57	
64,1	0,57	
64,105	0,57	
64,11	0,57	
64,115	0,57	
64,12	0,56	
64,125	0,56	
64,13	0,57	
64,135	0,57	
64,14	0,58	
64,145	0,57	
64,15	0,57	
64,155	0,57	
64,16	0,57	
64,165	0,56	
64,17	0,56	
64,175	0,55	
64,18	0,55	
64,185	0,55	
64,19	0,54	
64,195	0,54	
64,2	0,53	
64,205	0,53	
64,21	0,52	
64,215	0,52	
64,22	0,52	
64,225	0,51	
64,23	0,51	
64,235	0,5	
64,24	0,49	
64,245	0,48	
64,25	0,47	
64,255	0,46	
64,26	0,46	
64,265	0,45	
64,27	0,44	
64,275	0,43	
64,28	0,42	
64,285	0,41	
64,29	0,39	
64,295	0,39	
64,3	0,38	
64,305	0,37	
64,31	0,35	
64,315	0,35	
64,32	0,34	
64,325	0,33	
64,33	0,32	
64,335	0,3	
64,34	0,29	
64,345	0,28	
64,35	0,27	
64,355	0,25	
64,36	0,24	
64,365	0,23	
64,37	0,22	
64,375	0,21	
64,38	0,2	
64,385	0,18	
64,39	0,17	
64,395	0,15	
64,4	0,14	
64,405	0,12	
64,41	0,11	
64,415	0,1	
64,42	0,09	
64,425	0,08	
64,43	0,07	
64,435	0,05	
64,44	0,04	
64,445	0,02	
64,45	0	
64,455	-0,01	
64,46	-0,02	
64,465	-0,03	
64,47	-0,05	
64,475	-0,06	
64,48	-0,07	
64,485	-0,08	
64,49	-0,09	
64,495	-0,1	
64,5	-0,12	
64,505	-0,13	
64,51	-0,15	
64,515	-0,15	
64,52	-0,17	
64,525	-0,18	
64,53	-0,19	
64,535	-0,2	
64,54	-0,21	
64,545	-0,22	
64,55	-0,24	
64,555	-0,25	
64,56	-0,26	
64,565	-0,27	
64,57	-0,28	
64,575	-0,29	
64,58	-0,3	
64,585	-0,31	
64,59	-0,31	
64,595	-0,32	
64,6	-0,33	
64,605	-0,35	
64,61	-0,36	
64,615	-0,37	
64,62	-0,37	
64,625	-0,38	
64,63	-0,39	
64,635	-0,39	
64,64	-0,4	
64,645	-0,41	
64,65	-0,41	
64,655	-0,42	
64,66	-0,42	
64,665	-0,43	
64,67	-0,44	
64,675	-0,44	
64,68	-0,45	
64,685	-0,45	
64,69	-0,45	
64,695	-0,46	
64,7	-0,46	
64,705	-0,46	
64,71	-0,47	
64,715	-0,48	
64,72	-0,48	
64,725	-0,48	
64,73	-0,48	
64,735	-0,48	
64,74	-0,48	
64,745	-0,48	
64,75	-0,48	
64,755	-0,48	
64,76	-0,48	
64,765	-0,48	
64,77	-0,48	
64,775	-0,48	
64,78	-0,48	
64,785	-0,48	
64,79	-0,47	
64,795	-0,47	
64,8	-0,47	
64,805	-0,47	
64,81	-0,47	
64,815	-0,47	
64,82	-0,46	
64,825	-0,46	
64,83	-0,45	
64,835	-0,45	
64,84	-0,45	
64,845	-0,44	
64,85	-0,44	
64,855	-0,43	
64,86	-0,42	
64,865	-0,42	
64,87	-0,41	
64,875	-0,41	
64,88	-0,4	
64,885	-0,4	
64,89	-0,39	
64,895	-0,38	
64,9	-0,37	
64,905	-0,37	
64,91	-0,36	
64,915	-0,35	
64,92	-0,34	
64,925	-0,33	
64,93	-0,32	
64,935	-0,32	
64,94	-0,3	
64,945	-0,3	
64,95	-0,29	
64,955	-0,28	
64,96	-0,26	
64,965	-0,26	
64,97	-0,24	
64,975	-0,23	
64,98	-0,22	
64,985	-0,21	
64,99	-0,21	
64,995	-0,2	
65,0	-0,19	
65,005	-0,18	
65,01	-0,16	
65,015	-0,15	
65,02	-0,14	
65,025	-0,13	
65,03	-0,12	
65,035	-0,11	
65,04	-0,11	
65,045	-0,09	
65,05	-0,08	
65,055	-0,07	
65,06	-0,06	
65,065	-0,05	
65,07	-0,04	
65,075	-0,02	
65,08	-0,02	
65,085	-0,01	
65,09	0,01	
65,095	0,02	
65,1	0,03	
65,105	0,04	
65,11	0,05	
65,115	0,06	
65,12	0,07	
65,125	0,08	
65,13	0,09	
65,135	0,1	
65,14	0,1	
65,145	0,12	
65,15	0,12	
65,155	0,14	
65,16	0,15	
65,165	0,16	
65,17	0,17	
65,175	0,18	
65,18	0,19	
65,185	0,19	
65,19	0,2	
65,195	0,21	
65,2	0,22	
65,205	0,23	
65,21	0,23	
65,215	0,24	
65,22	0,25	
65,225	0,25	
65,23	0,26	
65,235	0,27	
65,24	0,28	
65,245	0,28	
65,25	0,29	
65,255	0,3	
65,26	0,31	
65,265	0,31	
65,27	0,31	
65,275	0,32	
65,28	0,33	
65,285	0,33	
65,29	0,34	
65,295	0,34	
65,3	0,35	
65,305	0,35	
65,31	0,35	
65,315	0,36	
65,32	0,36	
65,325	0,36	
65,33	0,37	
65,335	0,37	
65,34	0,37	
65,345	0,37	
65,35	0,37	
65,355	0,38	
65,36	0,38	
65,365	0,38	
65,37	0,38	
65,375	0,38	
65,38	0,38	
65,385	0,38	
65,39	0,38	
65,395	0,38	
65,4	0,39	
65,405	0,38	
65,41	0,38	
65,415	0,38	
65,42	0,37	
65,425	0,37	
65,43	0,37	
65,435	0,37	
65,44	0,36	
65,445	0,36	
65,45	0,36	
65,455	0,36	
65,46	0,36	
65,465	0,35	
65,47	0,35	
65,475	0,35	
65,48	0,34	
65,485	0,34	
65,49	0,34	
65,495	0,33	
65,5	0,33	
65,505	0,32	
65,51	0,31	
65,515	0,31	
65,52	0,3	
65,525	0,29	
65,53	0,29	
65,535	0,29	
65,54	0,28	
65,545	0,28	
65,55	0,27	
65,555	0,26	
65,56	0,25	
65,565	0,25	
65,57	0,24	
65,575	0,23	
65,58	0,22	
65,585	0,22	
65,59	0,21	
65,595	0,2	
65,6	0,2	
65,605	0,19	
65,61	0,19	
65,615	0,18	
65,62	0,17	
65,625	0,16	
65,63	0,15	
65,635	0,14	
65,64	0,13	
65,645	0,13	
65,65	0,12	
65,655	0,11	
65,66	0,1	
65,665	0,09	
65,67	0,08	
65,675	0,08	
65,68	0,07	
65,685	0,06	
65,69	0,05	
65,695	0,04	
65,7	0,04	
65,705	0,03	
65,71	0,02	
65,715	0,02	
65,72	0,01	
65,725	0	
65,73	-0,01	
65,735	-0,02	
65,74	-0,02	
65,745	-0,04	
65,75	-0,04	
65,755	-0,05	
65,76	-0,05	
65,765	-0,06	
65,77	-0,07	
65,775	-0,08	
65,78	-0,09	
65,785	-0,1	
65,79	-0,1	
65,795	-0,11	
65,8	-0,11	
65,805	-0,12	
65,81	-0,12	
65,815	-0,13	
65,82	-0,14	
65,825	-0,15	
65,83	-0,15	
65,835	-0,16	
65,84	-0,16	
65,845	-0,17	
65,85	-0,17	
65,855	-0,18	
65,86	-0,19	
65,865	-0,19	
65,87	-0,19	
65,875	-0,2	
65,88	-0,2	
65,885	-0,21	
65,89	-0,21	
65,895	-0,22	
65,9	-0,22	
65,905	-0,23	
65,91	-0,23	
65,915	-0,24	
65,92	-0,24	
65,925	-0,24	
65,93	-0,24	
65,935	-0,25	
65,94	-0,25	
65,945	-0,25	
65,95	-0,25	
65,955	-0,25	
65,96	-0,26	
65,965	-0,26	
65,97	-0,26	
65,975	-0,26	
65,98	-0,26	
65,985	-0,26	
65,99	-0,26	
65,995	-0,26	
66,0	-0,27	
66,005	-0,27	
66,01	-0,27	
66,015	-0,27	
66,02	-0,26	
66,025	-0,26	
66,03	-0,26	
66,035	-0,26	
66,04	-0,26	
66,045	-0,26	
66,05	-0,26	
66,055	-0,26	
66,06	-0,26	
66,065	-0,26	
66,07	-0,26	
66,075	-0,26	
66,08	-0,25	
66,085	-0,25	
66,09	-0,25	
66,095	-0,25	
66,1	-0,24	
66,105	-0,24	
66,11	-0,24	
66,115	-0,24	
66,12	-0,24	
66,125	-0,23	
66,13	-0,23	
66,135	-0,22	
66,14	-0,22	
66,145	-0,21	
66,15	-0,21	
66,155	-0,21	
66,16	-0,21	
66,165	-0,2	
66,17	-0,19	
66,175	-0,19	
66,18	-0,19	
66,185	-0,18	
66,19	-0,18	
66,195	-0,18	
66,2	-0,17	
66,205	-0,16	
66,21	-0,16	
66,215	-0,15	
66,22	-0,15	
66,225	-0,15	
66,23	-0,14	
66,235	-0,13	
66,24	-0,13	
66,245	-0,12	
66,25	-0,12	
66,255	-0,12	
66,26	-0,11	
66,265	-0,11	
66,27	-0,1	
66,275	-0,09	
66,28	-0,09	
66,285	-0,08	
66,29	-0,07	
66,295	-0,07	
66,3	-0,07	
66,305	-0,06	
66,31	-0,05	
66,315	-0,05	
66,32	-0,05	
66,325	-0,04	
66,33	-0,04	
66,335	-0,03	
66,34	-0,02	
66,345	-0,02	
66,35	-0,02	
66,355	-0,01	
66,36	-0,01	
66,365	0	
66,37	0	
66,375	0,01	
66,38	0,01	
66,385	0,02	
66,39	0,02	
66,395	0,03	
66,4	0,03	
66,405	0,04	
66,41	0,04	
66,415	0,04	
66,42	0,05	
66,425	0,05	
66,43	0,06	
66,435	0,06	
66,44	0,06	
66,445	0,07	
66,45	0,07	
66,455	0,07	
66,46	0,07	
66,465	0,08	
66,47	0,08	
66,475	0,08	
66,48	0,09	
66,485	0,09	
66,49	0,1	
66,495	0,1	
66,5	0,1	
66,505	0,11	
66,51	0,11	
66,515	0,12	
66,52	0,12	
66,525	0,12	
66,53	0,12	
66,535	0,12	
66,54	0,12	
66,545	0,13	
66,55	0,13	
66,555	0,13	
66,56	0,13	
66,565	0,13	
66,57	0,13	
66,575	0,14	
66,58	0,14	
66,585	0,14	
66,59	0,14	
66,595	0,14	
66,6	0,14	
66,605	0,14	
66,61	0,14	
66,615	0,14	
66,62	0,14	
66,625	0,15	
66,63	0,15	
66,635	0,15	
66,64	0,15	
66,645	0,14	
66,65	0,14	
66,655	0,14	
66,66	0,14	
66,665	0,14	
66,67	0,14	
66,675	0,14	
66,68	0,14	
66,685	0,14	
66,69	0,14	
66,695	0,14	
66,7	0,14	
66,705	0,14	
66,71	0,14	
66,715	0,14	
66,72	0,13	
66,725	0,13	
66,73	0,13	
66,735	0,13	
66,74	0,12	
66,745	0,12	
66,75	0,12	
66,755	0,12	
66,76	0,12	
66,765	0,12	
66,77	0,11	
66,775	0,11	
66,78	0,11	
66,785	0,11	
66,79	0,11	
66,795	0,11	
66,8	0,11	
66,805	0,11	
66,81	0,11	
66,815	0,11	
66,82	0,1	
66,825	0,1	
66,83	0,09	
66,835	0,09	
66,84	0,09	
66,845	0,08	
66,85	0,08	
66,855	0,08	
66,86	0,08	
66,865	0,08	
66,87	0,07	
66,875	0,07	
66,88	0,07	
66,885	0,07	
66,89	0,06	
66,895	0,06	
66,9	0,06	
66,905	0,06	
66,91	0,06	
66,915	0,06	
66,92	0,05	
66,925	0,05	
66,93	0,05	
66,935	0,04	
66,94	0,04	
66,945	0,04	
66,95	0,04	
66,955	0,04	
66,96	0,04	
66,965	0,04	
66,97	0,03	
66,975	0,03	
66,98	0,03	
66,985	0,02	
66,99	0,02	
66,995	0,02	
67,0	0,02	
67,005	0,02	
67,01	0,02	
67,015	0,02	
67,02	0,01	
67,025	0,02	
67,03	0,01	
67,035	0,01	
67,04	0,01	
67,045	0,01	
67,05	0,01	
67,055	0	
67,06	0	
67,065	-0,01	
67,07	0	
67,075	-0,01	
67,08	0	
67,085	0	
67,09	0	
67,095	-0,01	
67,1	0	
67,105	-0,01	
67,11	-0,01	
67,115	-0,01	
67,12	0	
67,125	-0,01	
67,13	0	
67,135	-0,01	
67,14	-0,01	
67,145	-0,01	
67,15	-0,02	
67,155	-0,02	
67,16	-0,02	
67,165	-0,02	
67,17	-0,02	
67,175	-0,02	
67,18	-0,02	
67,185	-0,02	
67,19	-0,02	
67,195	-0,02	
67,2	-0,02	
67,205	-0,02	
67,21	-0,02	
67,215	-0,02	
67,22	-0,02	
67,225	-0,02	
67,23	-0,02	
67,235	-0,02	
67,24	-0,02	
67,245	-0,02	
67,25	-0,02	
67,255	-0,02	
67,26	-0,02	
67,265	-0,02	
67,27	-0,02	
67,275	-0,02	
67,28	-0,02	
67,285	-0,02	
67,29	-0,02	
67,295	-0,02	
67,3	-0,02	
67,305	-0,02	
67,31	-0,02	
67,315	-0,02	
67,32	-0,02	
67,325	-0,02	
67,33	-0,02	
67,335	-0,01	
67,34	-0,01	
67,345	-0,01	
67,35	-0,01	
67,355	-0,01	
67,36	-0,02	
67,365	-0,02	
67,37	-0,02	
67,375	-0,02	
67,38	-0,02	
67,385	-0,02	
67,39	-0,02	
67,395	-0,01	
67,4	-0,01	
67,405	-0,01	
67,41	-0,01	
67,415	-0,01	
67,42	-0,02	
67,425	-0,02	
67,43	-0,02	
67,435	-0,02	
67,44	-0,02	
67,445	-0,02	
67,45	-0,01	
67,455	-0,01	
67,46	-0,01	
67,465	-0,02	
67,47	-0,02	
67,475	-0,03	
67,48	-0,03	
67,485	-0,03	
67,49	-0,03	
67,495	-0,02	
67,5	-0,02	
67,505	-0,02	
67,51	-0,02	
67,515	-0,02	
67,52	-0,02	
67,525	-0,03	
67,53	-0,03	
67,535	-0,03	
67,54	-0,03	
67,545	-0,02	
67,55	-0,02	
67,555	-0,02	
67,56	-0,03	
67,565	-0,03	
67,57	-0,03	
67,575	-0,03	
67,58	-0,04	
67,585	-0,04	
67,59	-0,04	
67,595	-0,04	
67,6	-0,04	
67,605	-0,04	
67,61	-0,04	
67,615	-0,04	
67,62	-0,04	
67,625	-0,04	
67,63	-0,05	
67,635	-0,05	
67,64	-0,05	
67,645	-0,05	
67,65	-0,05	
67,655	-0,05	
67,66	-0,05	
67,665	-0,05	
67,67	-0,06	
67,675	-0,06	
67,68	-0,06	
67,685	-0,06	
67,69	-0,06	
67,695	-0,07	
67,7	-0,07	
67,705	-0,07	
67,71	-0,07	
67,715	-0,07	
67,72	-0,08	
67,725	-0,08	
67,73	-0,08	
67,735	-0,08	
67,74	-0,08	
67,745	-0,08	
67,75	-0,08	
67,755	-0,08	
67,76	-0,09	
67,765	-0,09	
67,77	-0,09	
67,775	-0,09	
67,78	-0,09	
67,785	-0,09	
67,79	-0,09	
67,795	-0,09	
67,8	-0,09	
67,805	-0,1	
67,81	-0,1	
67,815	-0,1	
67,82	-0,1	
67,825	-0,1	
67,83	-0,1	
67,835	-0,1	
67,84	-0,1	
67,845	-0,1	
67,85	-0,1	
67,855	-0,1	
67,86	-0,1	
67,865	-0,11	
67,87	-0,11	
67,875	-0,11	
67,88	-0,11	
67,885	-0,11	
67,89	-0,11	
67,895	-0,1	
67,9	-0,11	
67,905	-0,1	
67,91	-0,11	
67,915	-0,11	
67,92	-0,11	
67,925	-0,11	
67,93	-0,11	
67,935	-0,1	
67,94	-0,1	
67,945	-0,1	
67,95	-0,1	
67,955	-0,11	
67,96	-0,11	
67,965	-0,11	
67,97	-0,11	
67,975	-0,11	
67,98	-0,11	
67,985	-0,11	
67,99	-0,1	
67,995	-0,1	
68,0	-0,1	
68,005	-0,09	
68,01	-0,09	
68,015	-0,09	
68,02	-0,1	
68,025	-0,09	
68,03	-0,09	
68,035	-0,09	
68,04	-0,08	
68,045	-0,08	
68,05	-0,07	
68,055	-0,07	
68,06	-0,07	
68,065	-0,07	
68,07	-0,07	
68,075	-0,07	
68,08	-0,07	
68,085	-0,07	
68,09	-0,06	
68,095	-0,05	
68,1	-0,05	
68,105	-0,05	
68,11	-0,05	
68,115	-0,05	
68,12	-0,05	
68,125	-0,04	
68,13	-0,04	
68,135	-0,03	
68,14	-0,03	
68,145	-0,02	
68,15	-0,02	
68,155	-0,01	
68,16	-0,01	
68,165	-0,01	
68,17	0	
68,175	0	
68,18	0,01	
68,185	0,01	
68,19	0,01	
68,195	0,02	
68,2	0,02	
68,205	0,02	
68,21	0,03	
68,215	0,03	
68,22	0,03	
68,225	0,04	
68,23	0,04	
68,235	0,05	
68,24	0,05	
68,245	0,06	
68,25	0,06	
68,255	0,06	
68,26	0,07	
68,265	0,07	
68,27	0,08	
68,275	0,08	
68,28	0,09	
68,285	0,09	
68,29	0,1	
68,295	0,1	
68,3	0,1	
68,305	0,11	
68,31	0,11	
68,315	0,12	
68,32	0,12	
68,325	0,14	
68,33	0,14	
68,335	0,14	
68,34	0,14	
68,345	0,14	
68,35	0,14	
68,355	0,15	
68,36	0,15	
68,365	0,16	
68,37	0,17	
68,375	0,17	
68,38	0,18	
68,385	0,18	
68,39	0,18	
68,395	0,18	
68,4	0,17	
68,405	0,18	
68,41	0,18	
68,415	0,19	
68,42	0,2	
68,425	0,2	
68,43	0,21	
68,435	0,21	
68,44	0,21	
68,445	0,21	
68,45	0,21	
68,455	0,21	
68,46	0,21	
68,465	0,21	
68,47	0,22	
68,475	0,23	
68,48	0,23	
68,485	0,23	
68,49	0,23	
68,495	0,23	
68,5	0,23	
68,505	0,22	
68,51	0,23	
68,515	0,23	
68,52	0,23	
68,525	0,23	
68,53	0,23	
68,535	0,23	
68,54	0,23	
68,545	0,23	
68,55	0,23	
68,555	0,23	
68,56	0,23	
68,565	0,23	
68,57	0,23	
68,575	0,23	
68,58	0,23	
68,585	0,22	
68,59	0,22	
68,595	0,22	
68,6	0,21	
68,605	0,21	
68,61	0,21	
68,615	0,21	
68,62	0,2	
68,625	0,2	
68,63	0,21	
68,635	0,21	
68,64	0,2	
68,645	0,2	
68,65	0,19	
68,655	0,19	
68,66	0,19	
68,665	0,18	
68,67	0,17	
68,675	0,17	
68,68	0,17	
68,685	0,17	
68,69	0,16	
68,695	0,15	
68,7	0,15	
68,705	0,14	
68,71	0,14	
68,715	0,13	
68,72	0,13	
68,725	0,12	
68,73	0,12	
68,735	0,11	
68,74	0,1	
68,745	0,1	
68,75	0,09	
68,755	0,09	
68,76	0,09	
68,765	0,08	
68,77	0,07	
68,775	0,07	
68,78	0,06	
68,785	0,05	
68,79	0,04	
68,795	0,04	
68,8	0,03	
68,805	0,03	
68,81	0,02	
68,815	0,01	
68,82	0,01	
68,825	0	
68,83	-0,01	
68,835	-0,02	
68,84	-0,03	
68,845	-0,03	
68,85	-0,04	
68,855	-0,05	
68,86	-0,05	
68,865	-0,06	
68,87	-0,06	
68,875	-0,07	
68,88	-0,08	
68,885	-0,09	
68,89	-0,1	
68,895	-0,11	
68,9	-0,11	
68,905	-0,12	
68,91	-0,12	
68,915	-0,13	
68,92	-0,13	
68,925	-0,14	
68,93	-0,15	
68,935	-0,16	
68,94	-0,17	
68,945	-0,18	
68,95	-0,18	
68,955	-0,18	
68,96	-0,19	
68,965	-0,2	
68,97	-0,2	
68,975	-0,21	
68,98	-0,22	
68,985	-0,23	
68,99	-0,23	
68,995	-0,24	
69,0	-0,25	
69,005	-0,25	
69,01	-0,26	
69,015	-0,26	
69,02	-0,26	
69,025	-0,26	
69,03	-0,27	
69,035	-0,27	
69,04	-0,28	
69,045	-0,28	
69,05	-0,29	
69,055	-0,3	
69,06	-0,3	
69,065	-0,31	
69,07	-0,31	
69,075	-0,31	
69,08	-0,31	
69,085	-0,32	
69,09	-0,32	
69,095	-0,32	
69,1	-0,32	
69,105	-0,33	
69,11	-0,33	
69,115	-0,33	
69,12	-0,33	
69,125	-0,33	
69,13	-0,34	
69,135	-0,34	
69,14	-0,34	
69,145	-0,34	
69,15	-0,34	
69,155	-0,34	
69,16	-0,34	
69,165	-0,35	
69,17	-0,35	
69,175	-0,35	
69,18	-0,35	
69,185	-0,34	
69,19	-0,34	
69,195	-0,34	
69,2	-0,33	
69,205	-0,33	
69,21	-0,33	
69,215	-0,33	
69,22	-0,33	
69,225	-0,33	
69,23	-0,33	
69,235	-0,32	
69,24	-0,31	
69,245	-0,31	
69,25	-0,31	
69,255	-0,3	
69,26	-0,3	
69,265	-0,3	
69,27	-0,3	
69,275	-0,29	
69,28	-0,29	
69,285	-0,28	
69,29	-0,28	
69,295	-0,26	
69,3	-0,26	
69,305	-0,26	
69,31	-0,25	
69,315	-0,25	
69,32	-0,24	
69,325	-0,24	
69,33	-0,23	
69,335	-0,22	
69,34	-0,21	
69,345	-0,2	
69,35	-0,19	
69,355	-0,19	
69,36	-0,18	
69,365	-0,18	
69,37	-0,17	
69,375	-0,16	
69,38	-0,16	
69,385	-0,14	
69,39	-0,13	
69,395	-0,12	
69,4	-0,11	
69,405	-0,11	
69,41	-0,1	
69,415	-0,09	
69,42	-0,08	
69,425	-0,08	
69,43	-0,07	
69,435	-0,06	
69,44	-0,04	
69,445	-0,04	
69,45	-0,02	
69,455	-0,01	
69,46	0	
69,465	0,01	
69,47	0,02	
69,475	0,02	
69,48	0,03	
69,485	0,04	
69,49	0,05	
69,495	0,06	
69,5	0,07	
69,505	0,08	
69,51	0,1	
69,515	0,1	
69,52	0,11	
69,525	0,12	
69,53	0,13	
69,535	0,14	
69,54	0,15	
69,545	0,16	
69,55	0,17	
69,555	0,19	
69,56	0,2	
69,565	0,21	
69,57	0,22	
69,575	0,23	
69,58	0,23	
69,585	0,24	
69,59	0,25	
69,595	0,25	
69,6	0,26	
69,605	0,26	
69,61	0,27	
69,615	0,28	
69,62	0,3	
69,625	0,31	
69,63	0,31	
69,635	0,32	
69,64	0,33	
69,645	0,33	
69,65	0,34	
69,655	0,35	
69,66	0,36	
69,665	0,36	
69,67	0,37	
69,675	0,37	
69,68	0,38	
69,685	0,38	
69,69	0,39	
69,695	0,39	
69,7	0,39	
69,705	0,4	
69,71	0,4	
69,715	0,41	
69,72	0,41	
69,725	0,42	
69,73	0,43	
69,735	0,43	
69,74	0,43	
69,745	0,44	
69,75	0,43	
69,755	0,44	
69,76	0,43	
69,765	0,44	
69,77	0,44	
69,775	0,45	
69,78	0,45	
69,785	0,45	
69,79	0,45	
69,795	0,45	
69,8	0,44	
69,805	0,44	
69,81	0,44	
69,815	0,44	
69,82	0,44	
69,825	0,44	
69,83	0,44	
69,835	0,43	
69,84	0,43	
69,845	0,43	
69,85	0,42	
69,855	0,42	
69,86	0,41	
69,865	0,41	
69,87	0,41	
69,875	0,41	
69,88	0,4	
69,885	0,4	
69,89	0,4	
69,895	0,39	
69,9	0,39	
69,905	0,38	
69,91	0,37	
69,915	0,36	
69,92	0,35	
69,925	0,35	
69,93	0,34	
69,935	0,34	
69,94	0,33	
69,945	0,32	
69,95	0,31	
69,955	0,31	
69,96	0,3	
69,965	0,28	
69,97	0,27	
69,975	0,27	
69,98	0,26	
69,985	0,25	
69,99	0,24	
69,995	0,23	
70,0	0,22	
70,005	0,21	
70,01	0,2	
70,015	0,19	
70,02	0,18	
70,025	0,16	
70,03	0,15	
70,035	0,14	
70,04	0,14	
70,045	0,13	
70,05	0,11	
70,055	0,1	
70,06	0,09	
70,065	0,07	
70,07	0,06	
70,075	0,05	
70,08	0,04	
70,085	0,03	
70,09	0,01	
70,095	0	
70,1	-0,01	
70,105	-0,02	
70,11	-0,04	
70,115	-0,04	
70,12	-0,06	
70,125	-0,07	
70,13	-0,08	
70,135	-0,1	
70,14	-0,11	
70,145	-0,12	
70,15	-0,14	
70,155	-0,15	
70,16	-0,16	
70,165	-0,17	
70,17	-0,18	
70,175	-0,19	
70,18	-0,2	
70,185	-0,22	
70,19	-0,23	
70,195	-0,24	
70,2	-0,26	
70,205	-0,27	
70,21	-0,28	
70,215	-0,29	
70,22	-0,3	
70,225	-0,31	
70,23	-0,31	
70,235	-0,33	
70,24	-0,34	
70,245	-0,35	
70,25	-0,36	
70,255	-0,37	
70,26	-0,37	
70,265	-0,38	
70,27	-0,39	
70,275	-0,4	
70,28	-0,41	
70,285	-0,42	
70,29	-0,42	
70,295	-0,44	
70,3	-0,44	
70,305	-0,45	
70,31	-0,45	
70,315	-0,46	
70,32	-0,47	
70,325	-0,47	
70,33	-0,48	
70,335	-0,48	
70,34	-0,49	
70,345	-0,49	
70,35	-0,5	
70,355	-0,51	
70,36	-0,51	
70,365	-0,52	
70,37	-0,52	
70,375	-0,52	
70,38	-0,53	
70,385	-0,53	
70,39	-0,52	
70,395	-0,53	
70,4	-0,53	
70,405	-0,53	
70,41	-0,53	
70,415	-0,54	
70,42	-0,54	
70,425	-0,54	
70,43	-0,54	
70,435	-0,53	
70,44	-0,53	
70,445	-0,53	
70,45	-0,53	
70,455	-0,53	
70,46	-0,53	
70,465	-0,53	
70,47	-0,53	
70,475	-0,52	
70,48	-0,51	
70,485	-0,51	
70,49	-0,5	
70,495	-0,49	
70,5	-0,49	
70,505	-0,49	
70,51	-0,49	
70,515	-0,48	
70,52	-0,48	
70,525	-0,47	
70,53	-0,46	
70,535	-0,45	
70,54	-0,44	
70,545	-0,43	
70,55	-0,42	
70,555	-0,42	
70,56	-0,41	
70,565	-0,41	
70,57	-0,4	
70,575	-0,38	
70,58	-0,37	
70,585	-0,36	
70,59	-0,34	
70,595	-0,34	
70,6	-0,33	
70,605	-0,32	
70,61	-0,31	
70,615	-0,3	
70,62	-0,29	
70,625	-0,28	
70,63	-0,27	
70,635	-0,25	
70,64	-0,24	
70,645	-0,23	
70,65	-0,22	
70,655	-0,2	
70,66	-0,19	
70,665	-0,18	
70,67	-0,16	
70,675	-0,14	
70,68	-0,13	
70,685	-0,11	
70,69	-0,1	
70,695	-0,09	
70,7	-0,08	
70,705	-0,07	
70,71	-0,05	
70,715	-0,04	
70,72	-0,03	
70,725	-0,01	
70,73	0	
70,735	0,01	
70,74	0,03	
70,745	0,04	
70,75	0,06	
70,755	0,07	
70,76	0,09	
70,765	0,11	
70,77	0,13	
70,775	0,14	
70,78	0,15	
70,785	0,16	
70,79	0,18	
70,795	0,19	
70,8	0,2	
70,805	0,21	
70,81	0,23	
70,815	0,24	
70,82	0,26	
70,825	0,27	
70,83	0,29	
70,835	0,3	
70,84	0,31	
70,845	0,32	
70,85	0,33	
70,855	0,34	
70,86	0,35	
70,865	0,37	
70,87	0,38	
70,875	0,39	
70,88	0,4	
70,885	0,41	
70,89	0,42	
70,895	0,43	
70,9	0,44	
70,905	0,45	
70,91	0,46	
70,915	0,47	
70,92	0,48	
70,925	0,49	
70,93	0,5	
70,935	0,51	
70,94	0,51	
70,945	0,52	
70,95	0,53	
70,955	0,53	
70,96	0,54	
70,965	0,55	
70,97	0,56	
70,975	0,56	
70,98	0,57	
70,985	0,57	
70,99	0,58	
70,995	0,58	
71,0	0,58	
71,005	0,59	
71,01	0,59	
71,015	0,59	
71,02	0,59	
71,025	0,6	
71,03	0,6	
71,035	0,61	
71,04	0,61	
71,045	0,61	
71,05	0,6	
71,055	0,6	
71,06	0,6	
71,065	0,6	
71,07	0,6	
71,075	0,6	
71,08	0,6	
71,085	0,6	
71,09	0,59	
71,095	0,59	
71,1	0,58	
71,105	0,58	
71,11	0,57	
71,115	0,57	
71,12	0,57	
71,125	0,57	
71,13	0,56	
71,135	0,56	
71,14	0,55	
71,145	0,54	
71,15	0,53	
71,155	0,52	
71,16	0,51	
71,165	0,5	
71,17	0,5	
71,175	0,49	
71,18	0,48	
71,185	0,48	
71,19	0,47	
71,195	0,46	
71,2	0,44	
71,205	0,43	
71,21	0,42	
71,215	0,41	
71,22	0,4	
71,225	0,39	
71,23	0,38	
71,235	0,36	
71,24	0,35	
71,245	0,34	
71,25	0,32	
71,255	0,31	
71,26	0,3	
71,265	0,28	
71,27	0,27	
71,275	0,26	
71,28	0,25	
71,285	0,23	
71,29	0,22	
71,295	0,2	
71,3	0,18	
71,305	0,17	
71,31	0,16	
71,315	0,14	
71,32	0,13	
71,325	0,11	
71,33	0,09	
71,335	0,08	
71,34	0,06	
71,345	0,05	
71,35	0,03	
71,355	0,02	
71,36	0	
71,365	-0,01	
71,37	-0,02	
71,375	-0,04	
71,38	-0,06	
71,385	-0,07	
71,39	-0,09	
71,395	-0,11	
71,4	-0,13	
71,405	-0,14	
71,41	-0,15	
71,415	-0,17	
71,42	-0,19	
71,425	-0,2	
71,43	-0,22	
71,435	-0,24	
71,44	-0,25	
71,445	-0,27	
71,45	-0,27	
71,455	-0,29	
71,46	-0,3	
71,465	-0,31	
71,47	-0,32	
71,475	-0,34	
71,48	-0,36	
71,485	-0,38	
71,49	-0,4	
71,495	-0,41	
71,5	-0,42	
71,505	-0,43	
71,51	-0,44	
71,515	-0,45	
71,52	-0,46	
71,525	-0,47	
71,53	-0,48	
71,535	-0,5	
71,54	-0,5	
71,545	-0,51	
71,55	-0,52	
71,555	-0,53	
71,56	-0,55	
71,565	-0,55	
71,57	-0,56	
71,575	-0,57	
71,58	-0,58	
71,585	-0,59	
71,59	-0,59	
71,595	-0,6	
71,6	-0,6	
71,605	-0,61	
71,61	-0,61	
71,615	-0,62	
71,62	-0,63	
71,625	-0,63	
71,63	-0,63	
71,635	-0,64	
71,64	-0,65	
71,645	-0,65	
71,65	-0,65	
71,655	-0,65	
71,66	-0,65	
71,665	-0,66	
71,67	-0,66	
71,675	-0,66	
71,68	-0,66	
71,685	-0,66	
71,69	-0,66	
71,695	-0,66	
71,7	-0,66	
71,705	-0,66	
71,71	-0,66	
71,715	-0,65	
71,72	-0,64	
71,725	-0,64	
71,73	-0,63	
71,735	-0,63	
71,74	-0,62	
71,745	-0,62	
71,75	-0,62	
71,755	-0,61	
71,76	-0,61	
71,765	-0,61	
71,77	-0,6	
71,775	-0,59	
71,78	-0,58	
71,785	-0,57	
71,79	-0,56	
71,795	-0,56	
71,8	-0,54	
71,805	-0,53	
71,81	-0,53	
71,815	-0,52	
71,82	-0,51	
71,825	-0,5	
71,83	-0,49	
71,835	-0,47	
71,84	-0,46	
71,845	-0,45	
71,85	-0,44	
71,855	-0,42	
71,86	-0,41	
71,865	-0,4	
71,87	-0,39	
71,875	-0,37	
71,88	-0,36	
71,885	-0,34	
71,89	-0,33	
71,895	-0,31	
71,9	-0,3	
71,905	-0,28	
71,91	-0,27	
71,915	-0,25	
71,92	-0,23	
71,925	-0,22	
71,93	-0,21	
71,935	-0,2	
71,94	-0,18	
71,945	-0,17	
71,95	-0,15	
71,955	-0,13	
71,96	-0,11	
71,965	-0,09	
71,97	-0,07	
71,975	-0,06	
71,98	-0,04	
71,985	-0,02	
71,99	-0,01	
71,995	0,01	
72,0	0,03	
72,005	0,05	
72,01	0,06	
72,015	0,08	
72,02	0,09	
72,025	0,11	
72,03	0,12	
72,035	0,14	
72,04	0,15	
72,045	0,18	
72,05	0,19	
72,055	0,21	
72,06	0,23	
72,065	0,24	
72,07	0,25	
72,075	0,27	
72,08	0,28	
72,085	0,3	
72,09	0,32	
72,095	0,33	
72,1	0,35	
72,105	0,37	
72,11	0,38	
72,115	0,39	
72,12	0,41	
72,125	0,42	
72,13	0,43	
72,135	0,45	
72,14	0,46	
72,145	0,47	
72,15	0,48	
72,155	0,49	
72,16	0,51	
72,165	0,51	
72,17	0,52	
72,175	0,53	
72,18	0,55	
72,185	0,56	
72,19	0,57	
72,195	0,58	
72,2	0,59	
72,205	0,6	
72,21	0,61	
72,215	0,61	
72,22	0,62	
72,225	0,62	
72,23	0,64	
72,235	0,64	
72,24	0,65	
72,245	0,66	
72,25	0,66	
72,255	0,67	
72,26	0,66	
72,265	0,67	
72,27	0,67	
72,275	0,68	
72,28	0,68	
72,285	0,69	
72,29	0,69	
72,295	0,69	
72,3	0,69	
72,305	0,69	
72,31	0,69	
72,315	0,69	
72,32	0,69	
72,325	0,69	
72,33	0,69	
72,335	0,69	
72,34	0,69	
72,345	0,68	
72,35	0,68	
72,355	0,67	
72,36	0,67	
72,365	0,66	
72,37	0,66	
72,375	0,66	
72,38	0,66	
72,385	0,65	
72,39	0,64	
72,395	0,63	
72,4	0,62	
72,405	0,61	
72,41	0,61	
72,415	0,6	
72,42	0,59	
72,425	0,58	
72,43	0,57	
72,435	0,56	
72,44	0,55	
72,445	0,54	
72,45	0,53	
72,455	0,52	
72,46	0,51	
72,465	0,5	
72,47	0,48	
72,475	0,47	
72,48	0,46	
72,485	0,45	
72,49	0,43	
72,495	0,42	
72,5	0,41	
72,505	0,39	
72,51	0,38	
72,515	0,36	
72,52	0,35	
72,525	0,33	
72,53	0,31	
72,535	0,29	
72,54	0,28	
72,545	0,26	
72,55	0,25	
72,555	0,23	
72,56	0,22	
72,565	0,2	
72,57	0,18	
72,575	0,17	
72,58	0,15	
72,585	0,14	
72,59	0,12	
72,595	0,1	
72,6	0,09	
72,605	0,07	
72,61	0,05	
72,615	0,03	
72,62	0,01	
72,625	-0,01	
72,63	-0,02	
72,635	-0,04	
72,64	-0,06	
72,645	-0,07	
72,65	-0,09	
72,655	-0,1	
72,66	-0,12	
72,665	-0,14	
72,67	-0,16	
72,675	-0,17	
72,68	-0,19	
72,685	-0,21	
72,69	-0,23	
72,695	-0,24	
72,7	-0,26	
72,705	-0,28	
72,71	-0,29	
72,715	-0,31	
72,72	-0,32	
72,725	-0,34	
72,73	-0,35	
72,735	-0,36	
72,74	-0,38	
72,745	-0,39	
72,75	-0,41	
72,755	-0,43	
72,76	-0,44	
72,765	-0,45	
72,77	-0,47	
72,775	-0,49	
72,78	-0,5	
72,785	-0,51	
72,79	-0,52	
72,795	-0,53	
72,8	-0,54	
72,805	-0,55	
72,81	-0,56	
72,815	-0,57	
72,82	-0,58	
72,825	-0,58	
72,83	-0,59	
72,835	-0,6	
72,84	-0,62	
72,845	-0,63	
72,85	-0,64	
72,855	-0,65	
72,86	-0,65	
72,865	-0,66	
72,87	-0,66	
72,875	-0,66	
72,88	-0,67	
72,885	-0,67	
72,89	-0,68	
72,895	-0,69	
72,9	-0,69	
72,905	-0,7	
72,91	-0,7	
72,915	-0,7	
72,92	-0,7	
72,925	-0,7	
72,93	-0,7	
72,935	-0,7	
72,94	-0,7	
72,945	-0,7	
72,95	-0,7	
72,955	-0,7	
72,96	-0,7	
72,965	-0,7	
72,97	-0,69	
72,975	-0,69	
72,98	-0,68	
72,985	-0,68	
72,99	-0,68	
72,995	-0,68	
73,0	-0,67	
73,005	-0,67	
73,01	-0,66	
73,015	-0,65	
73,02	-0,64	
73,025	-0,63	
73,03	-0,63	
73,035	-0,62	
73,04	-0,62	
73,045	-0,61	
73,05	-0,6	
73,055	-0,59	
73,06	-0,58	
73,065	-0,57	
73,07	-0,56	
73,075	-0,55	
73,08	-0,54	
73,085	-0,53	
73,09	-0,52	
73,095	-0,51	
73,1	-0,49	
73,105	-0,48	
73,11	-0,47	
73,115	-0,45	
73,12	-0,44	
73,125	-0,42	
73,13	-0,41	
73,135	-0,4	
73,14	-0,39	
73,145	-0,37	
73,15	-0,36	
73,155	-0,34	
73,16	-0,33	
73,165	-0,31	
73,17	-0,29	
73,175	-0,27	
73,18	-0,25	
73,185	-0,24	
73,19	-0,22	
73,195	-0,21	
73,2	-0,19	
73,205	-0,17	
73,21	-0,16	
73,215	-0,14	
73,22	-0,12	
73,225	-0,11	
73,23	-0,1	
73,235	-0,08	
73,24	-0,06	
73,245	-0,04	
73,25	-0,03	
73,255	0,01	
73,26	0,02	
73,265	0,04	
73,27	0,06	
73,275	0,07	
73,28	0,09	
73,285	0,1	
73,29	0,12	
73,295	0,13	
73,3	0,15	
73,305	0,17	
73,31	0,19	
73,315	0,21	
73,32	0,22	
73,325	0,24	
73,33	0,25	
73,335	0,26	
73,34	0,28	
73,345	0,3	
73,35	0,32	
73,355	0,33	
73,36	0,35	
73,365	0,37	
73,37	0,38	
73,375	0,39	
73,38	0,4	
73,385	0,41	
73,39	0,43	
73,395	0,44	
73,4	0,46	
73,405	0,47	
73,41	0,48	
73,415	0,49	
73,42	0,51	
73,425	0,52	
73,43	0,53	
73,435	0,54	
73,44	0,55	
73,445	0,56	
73,45	0,57	
73,455	0,58	
73,46	0,59	
73,465	0,6	
73,47	0,61	
73,475	0,62	
73,48	0,62	
73,485	0,63	
73,49	0,63	
73,495	0,64	
73,5	0,65	
73,505	0,66	
73,51	0,66	
73,515	0,67	
73,52	0,67	
73,525	0,67	
73,53	0,68	
73,535	0,68	
73,54	0,68	
73,545	0,69	
73,55	0,69	
73,555	0,69	
73,56	0,68	
73,565	0,69	
73,57	0,69	
73,575	0,69	
73,58	0,69	
73,585	0,69	
73,59	0,69	
73,595	0,68	
73,6	0,68	
73,605	0,67	
73,61	0,68	
73,615	0,67	
73,62	0,67	
73,625	0,67	
73,63	0,66	
73,635	0,66	
73,64	0,65	
73,645	0,64	
73,65	0,64	
73,655	0,63	
73,66	0,62	
73,665	0,61	
73,67	0,61	
73,675	0,6	
73,68	0,59	
73,685	0,58	
73,69	0,57	
73,695	0,56	
73,7	0,55	
73,705	0,55	
73,71	0,53	
73,715	0,52	
73,72	0,51	
73,725	0,5	
73,73	0,48	
73,735	0,47	
73,74	0,46	
73,745	0,44	
73,75	0,43	
73,755	0,42	
73,76	0,41	
73,765	0,39	
73,77	0,38	
73,775	0,36	
73,78	0,35	
73,785	0,33	
73,79	0,32	
73,795	0,31	
73,8	0,29	
73,805	0,28	
73,81	0,26	
73,815	0,25	
73,82	0,23	
73,825	0,2	
73,83	0,19	
73,835	0,17	
73,84	0,15	
73,845	0,14	
73,85	0,13	
73,855	0,11	
73,86	0,09	
73,865	0,07	
73,87	0,05	
73,875	0,04	
73,88	0,02	
73,885	0,01	
73,89	0	
73,895	-0,02	
73,9	-0,04	
73,905	-0,06	
73,91	-0,08	
73,915	-0,1	
73,92	-0,11	
73,925	-0,13	
73,93	-0,15	
73,935	-0,16	
73,94	-0,18	
73,945	-0,19	
73,95	-0,21	
73,955	-0,22	
73,96	-0,24	
73,965	-0,25	
73,97	-0,27	
73,975	-0,28	
73,98	-0,3	
73,985	-0,32	
73,99	-0,33	
73,995	-0,35	
74,0	-0,36	
74,005	-0,37	
74,01	-0,38	
74,015	-0,4	
74,02	-0,41	
74,025	-0,42	
74,03	-0,44	
74,035	-0,45	
74,04	-0,46	
74,045	-0,47	
74,05	-0,48	
74,055	-0,49	
74,06	-0,5	
74,065	-0,52	
74,07	-0,53	
74,075	-0,54	
74,08	-0,55	
74,085	-0,56	
74,09	-0,57	
74,095	-0,58	
74,1	-0,58	
74,105	-0,59	
74,11	-0,59	
74,115	-0,6	
74,12	-0,61	
74,125	-0,61	
74,13	-0,62	
74,135	-0,63	
74,14	-0,63	
74,145	-0,64	
74,15	-0,64	
74,155	-0,64	
74,16	-0,65	
74,165	-0,65	
74,17	-0,66	
74,175	-0,66	
74,18	-0,66	
74,185	-0,66	
74,19	-0,66	
74,195	-0,66	
74,2	-0,66	
74,205	-0,66	
74,21	-0,66	
74,215	-0,66	
74,22	-0,66	
74,225	-0,65	
74,23	-0,65	
74,235	-0,65	
74,24	-0,64	
74,245	-0,64	
74,25	-0,63	
74,255	-0,63	
74,26	-0,63	
74,265	-0,63	
74,27	-0,62	
74,275	-0,62	
74,28	-0,61	
74,285	-0,6	
74,29	-0,59	
74,295	-0,59	
74,3	-0,58	
74,305	-0,58	
74,31	-0,57	
74,315	-0,56	
74,32	-0,55	
74,325	-0,54	
74,33	-0,53	
74,335	-0,51	
74,34	-0,5	
74,345	-0,49	
74,35	-0,48	
74,355	-0,47	
74,36	-0,46	
74,365	-0,45	
74,37	-0,44	
74,375	-0,43	
74,38	-0,42	
74,385	-0,41	
74,39	-0,38	
74,395	-0,37	
74,4	-0,35	
74,405	-0,34	
74,41	-0,33	
74,415	-0,31	
74,42	-0,3	
74,425	-0,29	
74,43	-0,28	
74,435	-0,26	
74,44	-0,25	
74,445	-0,23	
74,45	-0,22	
74,455	-0,2	
74,46	-0,19	
74,465	-0,17	
74,47	-0,15	
74,475	-0,13	
74,48	-0,11	
74,485	-0,1	
74,49	-0,08	
74,495	-0,07	
74,5	-0,05	
74,505	-0,04	
74,51	-0,03	
74,515	-0,02	
74,52	0	
74,525	0,02	
74,53	0,03	
74,535	0,05	
74,54	0,07	
74,545	0,08	
74,55	0,1	
74,555	0,12	
74,56	0,13	
74,565	0,14	
74,57	0,16	
74,575	0,18	
74,58	0,19	
74,585	0,21	
74,59	0,22	
74,595	0,23	
74,6	0,25	
74,605	0,26	
74,61	0,27	
74,615	0,29	
74,62	0,3	
74,625	0,31	
74,63	0,33	
74,635	0,35	
74,64	0,36	
74,645	0,37	
74,65	0,38	
74,655	0,39	
74,66	0,41	
74,665	0,42	
74,67	0,43	
74,675	0,44	
74,68	0,45	
74,685	0,46	
74,69	0,46	
74,695	0,47	
74,7	0,48	
74,705	0,49	
74,71	0,51	
74,715	0,52	
74,72	0,53	
74,725	0,53	
74,73	0,54	
74,735	0,55	
74,74	0,55	
74,745	0,55	
74,75	0,56	
74,755	0,56	
74,76	0,57	
74,765	0,58	
74,77	0,59	
74,775	0,59	
74,78	0,59	
74,785	0,6	
74,79	0,6	
74,795	0,6	
74,8	0,6	
74,805	0,6	
74,81	0,61	
74,815	0,61	
74,82	0,61	
74,825	0,61	
74,83	0,61	
74,835	0,61	
74,84	0,61	
74,845	0,61	
74,85	0,61	
74,855	0,61	
74,86	0,61	
74,865	0,6	
74,87	0,6	
74,875	0,6	
74,88	0,59	
74,885	0,59	
74,89	0,58	
74,895	0,58	
74,9	0,57	
74,905	0,56	
74,91	0,56	
74,915	0,55	
74,92	0,54	
74,925	0,54	
74,93	0,53	
74,935	0,53	
74,94	0,51	
74,945	0,51	
74,95	0,5	
74,955	0,49	
74,96	0,48	
74,965	0,47	
74,97	0,46	
74,975	0,45	
74,98	0,44	
74,985	0,43	
74,99	0,43	
74,995	0,41	
75,0	0,4	
75,005	0,39	
75,01	0,38	
75,015	0,37	
75,02	0,36	
75,025	0,35	
75,03	0,33	
75,035	0,31	
75,04	0,3	
75,045	0,29	
75,05	0,28	
75,055	0,26	
75,06	0,25	
75,065	0,24	
75,07	0,23	
75,075	0,22	
75,08	0,21	
75,085	0,19	
75,09	0,18	
75,095	0,16	
75,1	0,15	
75,105	0,13	
75,11	0,12	
75,115	0,1	
75,12	0,08	
75,125	0,07	
75,13	0,05	
75,135	0,04	
75,14	0,02	
75,145	0,01	
75,15	-0,01	
75,155	-0,02	
75,16	-0,03	
75,165	-0,04	
75,17	-0,05	
75,175	-0,06	
75,18	-0,08	
75,185	-0,1	
75,19	-0,11	
75,195	-0,13	
75,2	-0,15	
75,205	-0,16	
75,21	-0,17	
75,215	-0,18	
75,22	-0,19	
75,225	-0,2	
75,23	-0,22	
75,235	-0,23	
75,24	-0,25	
75,245	-0,26	
75,25	-0,28	
75,255	-0,28	
75,26	-0,29	
75,265	-0,3	
75,27	-0,31	
75,275	-0,31	
75,28	-0,34	
75,285	-0,35	
75,29	-0,36	
75,295	-0,37	
75,3	-0,38	
75,305	-0,39	
75,31	-0,4	
75,315	-0,4	
75,32	-0,41	
75,325	-0,42	
75,33	-0,43	
75,335	-0,44	
75,34	-0,44	
75,345	-0,46	
75,35	-0,46	
75,355	-0,47	
75,36	-0,48	
75,365	-0,48	
75,37	-0,49	
75,375	-0,49	
75,38	-0,5	
75,385	-0,51	
75,39	-0,51	
75,395	-0,51	
75,4	-0,51	
75,405	-0,51	
75,41	-0,52	
75,415	-0,52	
75,42	-0,53	
75,425	-0,54	
75,43	-0,54	
75,435	-0,54	
75,44	-0,53	
75,445	-0,53	
75,45	-0,53	
75,455	-0,53	
75,46	-0,53	
75,465	-0,54	
75,47	-0,54	
75,475	-0,54	
75,48	-0,54	
75,485	-0,54	
75,49	-0,53	
75,495	-0,53	
75,5	-0,52	
75,505	-0,53	
75,51	-0,52	
75,515	-0,52	
75,52	-0,52	
75,525	-0,51	
75,53	-0,51	
75,535	-0,5	
75,54	-0,49	
75,545	-0,49	
75,55	-0,48	
75,555	-0,47	
75,56	-0,47	
75,565	-0,47	
75,57	-0,46	
75,575	-0,45	
75,58	-0,44	
75,585	-0,43	
75,59	-0,42	
75,595	-0,41	
75,6	-0,4	
75,605	-0,4	
75,61	-0,39	
75,615	-0,38	
75,62	-0,38	
75,625	-0,37	
75,63	-0,36	
75,635	-0,35	
75,64	-0,34	
75,645	-0,32	
75,65	-0,31	
75,655	-0,31	
75,66	-0,3	
75,665	-0,29	
75,67	-0,28	
75,675	-0,27	
75,68	-0,25	
75,685	-0,24	
75,69	-0,22	
75,695	-0,21	
75,7	-0,2	
75,705	-0,19	
75,71	-0,18	
75,715	-0,17	
75,72	-0,16	
75,725	-0,15	
75,73	-0,14	
75,735	-0,12	
75,74	-0,11	
75,745	-0,09	
75,75	-0,08	
75,755	-0,07	
75,76	-0,06	
75,765	-0,04	
75,77	-0,03	
75,775	-0,02	
75,78	-0,01	
75,785	0,01	
75,79	0,02	
75,795	0,03	
75,8	0,04	
75,805	0,06	
75,81	0,07	
75,815	0,08	
75,82	0,09	
75,825	0,1	
75,83	0,11	
75,835	0,12	
75,84	0,13	
75,845	0,15	
75,85	0,16	
75,855	0,18	
75,86	0,19	
75,865	0,2	
75,87	0,21	
75,875	0,21	
75,88	0,22	
75,885	0,23	
75,89	0,24	
75,895	0,25	
75,9	0,27	
75,905	0,28	
75,91	0,29	
75,915	0,3	
75,92	0,31	
75,925	0,31	
75,93	0,32	
75,935	0,33	
75,94	0,33	
75,945	0,34	
75,95	0,35	
75,955	0,36	
75,96	0,37	
75,965	0,37	
75,97	0,37	
75,975	0,37	
75,98	0,38	
75,985	0,39	
75,99	0,39	
75,995	0,4	
76,0	0,41	
76,005	0,42	
76,01	0,42	
76,015	0,43	
76,02	0,43	
76,025	0,43	
76,03	0,43	
76,035	0,44	
76,04	0,44	
76,045	0,44	
76,05	0,45	
76,055	0,45	
76,06	0,44	
76,065	0,45	
76,07	0,44	
76,075	0,44	
76,08	0,45	
76,085	0,45	
76,09	0,46	
76,095	0,46	
76,1	0,46	
76,105	0,46	
76,11	0,45	
76,115	0,45	
76,12	0,44	
76,125	0,44	
76,13	0,44	
76,135	0,44	
76,14	0,44	
76,145	0,44	
76,15	0,44	
76,155	0,43	
76,16	0,43	
76,165	0,42	
76,17	0,41	
76,175	0,41	
76,18	0,4	
76,185	0,4	
76,19	0,4	
76,195	0,39	
76,2	0,39	
76,205	0,38	
76,21	0,37	
76,215	0,36	
76,22	0,36	
76,225	0,35	
76,23	0,35	
76,235	0,34	
76,24	0,34	
76,245	0,33	
76,25	0,32	
76,255	0,31	
76,26	0,3	
76,265	0,29	
76,27	0,28	
76,275	0,27	
76,28	0,26	
76,285	0,25	
76,29	0,25	
76,295	0,24	
76,3	0,23	
76,305	0,22	
76,31	0,21	
76,315	0,2	
76,32	0,19	
76,325	0,19	
76,33	0,17	
76,335	0,16	
76,34	0,15	
76,345	0,14	
76,35	0,13	
76,355	0,12	
76,36	0,11	
76,365	0,1	
76,37	0,1	
76,375	0,08	
76,38	0,08	
76,385	0,06	
76,39	0,05	
76,395	0,05	
76,4	0,04	
76,405	0,03	
76,41	0,02	
76,415	0	
76,42	-0,01	
76,425	-0,02	
76,43	-0,03	
76,435	-0,04	
76,44	-0,05	
76,445	-0,05	
76,45	-0,06	
76,455	-0,08	
76,46	-0,08	
76,465	-0,09	
76,47	-0,1	
76,475	-0,11	
76,48	-0,12	
76,485	-0,13	
76,49	-0,15	
76,495	-0,15	
76,5	-0,16	
76,505	-0,17	
76,51	-0,18	
76,515	-0,18	
76,52	-0,19	
76,525	-0,2	
76,53	-0,21	
76,535	-0,22	
76,54	-0,22	
76,545	-0,23	
76,55	-0,23	
76,555	-0,24	
76,56	-0,25	
76,565	-0,26	
76,57	-0,27	
76,575	-0,27	
76,58	-0,28	
76,585	-0,28	
76,59	-0,29	
76,595	-0,29	
76,6	-0,3	
76,605	-0,31	
76,61	-0,31	
76,615	-0,31	
76,62	-0,32	
76,625	-0,32	
76,63	-0,32	
76,635	-0,32	
76,64	-0,32	
76,645	-0,32	
76,65	-0,33	
76,655	-0,34	
76,66	-0,34	
76,665	-0,34	
76,67	-0,34	
76,675	-0,35	
76,68	-0,34	
76,685	-0,34	
76,69	-0,34	
76,695	-0,35	
76,7	-0,35	
76,705	-0,35	
76,71	-0,36	
76,715	-0,36	
76,72	-0,36	
76,725	-0,35	
76,73	-0,35	
76,735	-0,35	
76,74	-0,35	
76,745	-0,35	
76,75	-0,35	
76,755	-0,35	
76,76	-0,35	
76,765	-0,34	
76,77	-0,34	
76,775	-0,33	
76,78	-0,33	
76,785	-0,33	
76,79	-0,33	
76,795	-0,33	
76,8	-0,33	
76,805	-0,33	
76,81	-0,32	
76,815	-0,31	
76,82	-0,31	
76,825	-0,3	
76,83	-0,3	
76,835	-0,29	
76,84	-0,29	
76,845	-0,28	
76,85	-0,28	
76,855	-0,28	
76,86	-0,27	
76,865	-0,26	
76,87	-0,26	
76,875	-0,25	
76,88	-0,24	
76,885	-0,24	
76,89	-0,23	
76,895	-0,23	
76,9	-0,22	
76,905	-0,22	
76,91	-0,21	
76,915	-0,2	
76,92	-0,19	
76,925	-0,18	
76,93	-0,17	
76,935	-0,17	
76,94	-0,17	
76,945	-0,16	
76,95	-0,16	
76,955	-0,15	
76,96	-0,14	
76,965	-0,13	
76,97	-0,12	
76,975	-0,11	
76,98	-0,1	
76,985	-0,1	
76,99	-0,09	
76,995	-0,09	
77,0	-0,08	
77,005	-0,07	
77,01	-0,06	
77,015	-0,05	
77,02	-0,04	
77,025	-0,04	
77,03	-0,03	
77,035	-0,03	
77,04	-0,02	
77,045	-0,01	
77,05	-0,01	
77,055	0	
77,06	0,01	
77,065	0,02	
77,07	0,03	
77,075	0,03	
77,08	0,04	
77,085	0,04	
77,09	0,05	
77,095	0,05	
77,1	0,06	
77,105	0,07	
77,11	0,08	
77,115	0,09	
77,12	0,1	
77,125	0,1	
77,13	0,11	
77,135	0,11	
77,14	0,12	
77,145	0,12	
77,15	0,13	
77,155	0,13	
77,16	0,14	
77,165	0,15	
77,17	0,15	
77,175	0,15	
77,18	0,16	
77,185	0,16	
77,19	0,17	
77,195	0,17	
77,2	0,18	
77,205	0,18	
77,21	0,18	
77,215	0,19	
77,22	0,19	
77,225	0,2	
77,23	0,2	
77,235	0,21	
77,24	0,21	
77,245	0,21	
77,25	0,21	
77,255	0,21	
77,26	0,22	
77,265	0,22	
77,27	0,22	
77,275	0,23	
77,28	0,23	
77,285	0,23	
77,29	0,23	
77,295	0,23	
77,3	0,23	
77,305	0,23	
77,31	0,23	
77,315	0,24	
77,32	0,24	
77,325	0,24	
77,33	0,24	
77,335	0,24	
77,34	0,24	
77,345	0,24	
77,35	0,24	
77,355	0,24	
77,36	0,24	
77,365	0,24	
77,37	0,24	
77,375	0,24	
77,38	0,24	
77,385	0,24	
77,39	0,24	
77,395	0,23	
77,4	0,23	
77,405	0,23	
77,41	0,23	
77,415	0,23	
77,42	0,23	
77,425	0,23	
77,43	0,23	
77,435	0,22	
77,44	0,22	
77,445	0,21	
77,45	0,21	
77,455	0,21	
77,46	0,21	
77,465	0,2	
77,47	0,2	
77,475	0,19	
77,48	0,19	
77,485	0,19	
77,49	0,19	
77,495	0,18	
77,5	0,18	
77,505	0,17	
77,51	0,17	
77,515	0,17	
77,52	0,16	
77,525	0,16	
77,53	0,15	
77,535	0,14	
77,54	0,13	
77,545	0,13	
77,55	0,13	
77,555	0,13	
77,56	0,13	
77,565	0,12	
77,57	0,12	
77,575	0,11	
77,58	0,1	
77,585	0,1	
77,59	0,1	
77,595	0,1	
77,6	0,1	
77,605	0,09	
77,61	0,09	
77,615	0,08	
77,62	0,07	
77,625	0,06	
77,63	0,06	
77,635	0,05	
77,64	0,05	
77,645	0,05	
77,65	0,05	
77,655	0,04	
77,66	0,04	
77,665	0,03	
77,67	0,03	
77,675	0,02	
77,68	0,01	
77,685	0,01	
77,69	0,01	
77,695	0	
77,7	0	
77,705	-0,01	
77,71	-0,01	
77,715	-0,02	
77,72	-0,02	
77,725	-0,03	
77,73	-0,03	
77,735	-0,03	
77,74	-0,04	
77,745	-0,04	
77,75	-0,04	
77,755	-0,04	
77,76	-0,05	
77,765	-0,06	
77,77	-0,06	
77,775	-0,06	
77,78	-0,07	
77,785	-0,06	
77,79	-0,07	
77,795	-0,07	
77,8	-0,07	
77,805	-0,08	
77,81	-0,08	
77,815	-0,09	
77,82	-0,09	
77,825	-0,09	
77,83	-0,1	
77,835	-0,1	
77,84	-0,1	
77,845	-0,1	
77,85	-0,1	
77,855	-0,11	
77,86	-0,11	
77,865	-0,11	
77,87	-0,12	
77,875	-0,12	
77,88	-0,12	
77,885	-0,12	
77,89	-0,12	
77,895	-0,12	
77,9	-0,12	
77,905	-0,12	
77,91	-0,12	
77,915	-0,12	
77,92	-0,12	
77,925	-0,12	
77,93	-0,12	
77,935	-0,12	
77,94	-0,12	
77,945	-0,12	
77,95	-0,13	
77,955	-0,13	
77,96	-0,13	
77,965	-0,13	
77,97	-0,13	
77,975	-0,12	
77,98	-0,12	
77,985	-0,12	
77,99	-0,12	
77,995	-0,12	
78,0	-0,12	
78,005	-0,12	
78,01	-0,12	
78,015	-0,12	
78,02	-0,12	
78,025	-0,12	
78,03	-0,12	
78,035	-0,12	
78,04	-0,12	
78,045	-0,12	
78,05	-0,12	
78,055	-0,12	
78,06	-0,12	
78,065	-0,12	
78,07	-0,11	
78,075	-0,12	
78,08	-0,11	
78,085	-0,11	
78,09	-0,11	
78,095	-0,11	
78,1	-0,1	
78,105	-0,1	
78,11	-0,1	
78,115	-0,1	
78,12	-0,1	
78,125	-0,1	
78,13	-0,09	
78,135	-0,09	
78,14	-0,09	
78,145	-0,08	
78,15	-0,08	
78,155	-0,08	
78,16	-0,08	
78,165	-0,08	
78,17	-0,08	
78,175	-0,07	
78,18	-0,07	
78,185	-0,07	
78,19	-0,07	
78,195	-0,07	
78,2	-0,07	
78,205	-0,06	
78,21	-0,06	
78,215	-0,06	
78,22	-0,06	
78,225	-0,06	
78,23	-0,05	
78,235	-0,05	
78,24	-0,05	
78,245	-0,05	
78,25	-0,05	
78,255	-0,05	
78,26	-0,04	
78,265	-0,04	
78,27	-0,04	
78,275	-0,04	
78,28	-0,03	
78,285	-0,03	
78,29	-0,03	
78,295	-0,03	
78,3	-0,03	
78,305	-0,03	
78,31	-0,03	
78,315	-0,03	
78,32	-0,03	
78,325	-0,03	
78,33	-0,02	
78,335	-0,02	
78,34	-0,02	
78,345	-0,02	
78,35	-0,01	
78,355	-0,01	
78,36	-0,02	
78,365	-0,01	
78,37	-0,01	
78,375	-0,01	
78,38	-0,01	
78,385	-0,01	
78,39	-0,01	
78,395	-0,01	
78,4	-0,01	
78,405	-0,01	
78,41	-0,01	
78,415	-0,01	
78,42	-0,01	
78,425	0	
78,43	0	
78,435	0	
78,44	0	
78,445	0	
78,45	0	
78,455	0	
78,46	0	
78,465	0	
78,47	0,01	
78,475	0,01	
78,48	0,01	
78,485	0,01	
78,49	0,01	
78,495	0,01	
78,5	0,01	
78,505	0,01	
78,51	0,01	
78,515	0	
78,52	0,01	
78,525	0	
78,53	0,01	
78,535	0,01	
78,54	0,01	
78,545	0,01	
78,55	0,01	
78,555	0,01	
78,56	0,01	
78,565	0,01	
78,57	0,01	
78,575	0,01	
78,58	0,01	
78,585	0,01	
78,59	0,01	
78,595	0,01	
78,6	0,01	
78,605	0,01	
78,61	0	
78,615	0	
78,62	0	
78,625	0	
78,63	0	
78,635	0	
78,64	0,01	
78,645	0,01	
78,65	0,01	
78,655	0	
78,66	0,01	
78,665	0,01	
78,67	0	
78,675	0,01	
78,68	0,01	
78,685	0,01	
78,69	0,01	
78,695	0,01	
78,7	0,01	
78,705	0	
78,71	0	
78,715	0,01	
78,72	0,01	
78,725	0,01	
78,73	0,01	
78,735	0,01	
78,74	0,01	
78,745	0,01	
78,75	0,01	
78,755	0,01	
78,76	0,01	
78,765	0,01	
78,77	0,01	
78,775	0,01	
78,78	0,01	
78,785	0,01	
78,79	0,01	
78,795	0,01	
78,8	0,01	
78,805	0,01	
78,81	0,02	
78,815	0,01	
78,82	0,01	
78,825	0,01	
78,83	0,01	
78,835	0,01	
78,84	0,01	
78,845	0,02	
78,85	0,02	
78,855	0,02	
78,86	0,02	
78,865	0,02	
78,87	0,02	
78,875	0,03	
78,88	0,03	
78,885	0,03	
78,89	0,02	
78,895	0,02	
78,9	0,03	
78,905	0,03	
78,91	0,03	
78,915	0,03	
78,92	0,03	
78,925	0,03	
78,93	0,04	
78,935	0,04	
78,94	0,04	
78,945	0,04	
78,95	0,04	
78,955	0,04	
78,96	0,04	
78,965	0,05	
78,97	0,05	
78,975	0,05	
78,98	0,06	
78,985	0,06	
78,99	0,05	
78,995	0,06	
79,0	0,06	
79,005	0,06	
79,01	0,06	
79,015	0,06	
79,02	0,06	
79,025	0,07	
79,03	0,07	
79,035	0,07	
79,04	0,07	
79,045	0,07	
79,05	0,07	
79,055	0,08	
79,06	0,08	
79,065	0,08	
79,07	0,08	
79,075	0,09	
79,08	0,08	
79,085	0,08	
79,09	0,08	
79,095	0,08	
79,1	0,09	
79,105	0,09	
79,11	0,09	
79,115	0,1	
79,12	0,1	
79,125	0,1	
79,13	0,1	
79,135	0,1	
79,14	0,1	
79,145	0,1	
79,15	0,1	
79,155	0,1	
79,16	0,1	
79,165	0,1	
79,17	0,11	
79,175	0,11	
79,18	0,11	
79,185	0,11	
79,19	0,11	
79,195	0,11	
79,2	0,11	
79,205	0,11	
79,21	0,11	
79,215	0,11	
79,22	0,11	
79,225	0,11	
79,23	0,11	
79,235	0,11	
79,24	0,11	
79,245	0,11	
79,25	0,11	
79,255	0,11	
79,26	0,11	
79,265	0,11	
79,27	0,11	
79,275	0,11	
79,28	0,12	
79,285	0,12	
79,29	0,11	
79,295	0,11	
79,3	0,11	
79,305	0,11	
79,31	0,11	
79,315	0,11	
79,32	0,11	
79,325	0,11	
79,33	0,1	
79,335	0,1	
79,34	0,1	
79,345	0,09	
79,35	0,09	
79,355	0,09	
79,36	0,09	
79,365	0,09	
79,37	0,09	
79,375	0,09	
79,38	0,08	
79,385	0,08	
79,39	0,08	
79,395	0,08	
79,4	0,08	
79,405	0,07	
79,41	0,07	
79,415	0,07	
79,42	0,07	
79,425	0,06	
79,43	0,06	
79,435	0,06	
79,44	0,05	
79,445	0,05	
79,45	0,04	
79,455	0,04	
79,46	0,04	
79,465	0,04	
79,47	0,03	
79,475	0,03	
79,48	0,02	
79,485	0,02	
79,49	0,02	
79,495	0,01	
79,5	0,01	
79,505	0	
79,51	0	
79,515	-0,01	
79,52	-0,01	
79,525	-0,02	
79,53	-0,02	
79,535	-0,02	
79,54	-0,03	
79,545	-0,03	
79,55	-0,03	
79,555	-0,04	
79,56	-0,05	
79,565	-0,05	
79,57	-0,05	
79,575	-0,06	
79,58	-0,06	
79,585	-0,06	
79,59	-0,07	
79,595	-0,08	
79,6	-0,08	
79,605	-0,08	
79,61	-0,09	
79,615	-0,09	
79,62	-0,09	
79,625	-0,1	
79,63	-0,1	
79,635	-0,1	
79,64	-0,11	
79,645	-0,12	
79,65	-0,12	
79,655	-0,13	
79,66	-0,13	
79,665	-0,14	
79,67	-0,14	
79,675	-0,14	
79,68	-0,15	
79,685	-0,15	
79,69	-0,16	
79,695	-0,16	
79,7	-0,16	
79,705	-0,16	
79,71	-0,16	
79,715	-0,17	
79,72	-0,17	
79,725	-0,18	
79,73	-0,18	
79,735	-0,19	
79,74	-0,19	
79,745	-0,19	
79,75	-0,2	
79,755	-0,2	
79,76	-0,2	
79,765	-0,2	
79,77	-0,21	
79,775	-0,21	
79,78	-0,21	
79,785	-0,21	
79,79	-0,21	
79,795	-0,21	
79,8	-0,22	
79,805	-0,22	
79,81	-0,23	
79,815	-0,23	
79,82	-0,23	
79,825	-0,23	
79,83	-0,22	
79,835	-0,22	
79,84	-0,22	
79,845	-0,22	
79,85	-0,22	
79,855	-0,23	
79,86	-0,23	
79,865	-0,23	
79,87	-0,23	
79,875	-0,23	
79,88	-0,23	
79,885	-0,23	
79,89	-0,23	
79,895	-0,22	
79,9	-0,22	
79,905	-0,23	
79,91	-0,23	
79,915	-0,23	
79,92	-0,23	
79,925	-0,23	
79,93	-0,22	
79,935	-0,22	
79,94	-0,22	
79,945	-0,21	
79,95	-0,2	
79,955	-0,2	
79,96	-0,2	
79,965	-0,2	
79,97	-0,2	
79,975	-0,19	
79,98	-0,19	
79,985	-0,18	
79,99	-0,18	
79,995	-0,17	
80,0	-0,17	
80,005	-0,17	
80,01	-0,17	
80,015	-0,16	
80,02	-0,16	
80,025	-0,15	
80,03	-0,15	
80,035	-0,14	
80,04	-0,14	
80,045	-0,13	
80,05	-0,12	
80,055	-0,12	
80,06	-0,11	
80,065	-0,11	
80,07	-0,11	
80,075	-0,11	
80,08	-0,1	
80,085	-0,09	
80,09	-0,08	
80,095	-0,08	
80,1	-0,07	
80,105	-0,07	
80,11	-0,07	
80,115	-0,06	
80,12	-0,05	
80,125	-0,05	
80,13	-0,04	
80,135	-0,03	
80,14	-0,02	
80,145	-0,02	
80,15	-0,01	
80,155	0	
80,16	0,01	
80,165	0,01	
80,17	0,02	
80,175	0,02	
80,18	0,03	
80,185	0,03	
80,19	0,04	
80,195	0,05	
80,2	0,06	
80,205	0,07	
80,21	0,08	
80,215	0,09	
80,22	0,09	
80,225	0,1	
80,23	0,1	
80,235	0,11	
80,24	0,12	
80,245	0,13	
80,25	0,14	
80,255	0,14	
80,26	0,15	
80,265	0,16	
80,27	0,16	
80,275	0,17	
80,28	0,17	
80,285	0,18	
80,29	0,19	
80,295	0,19	
80,3	0,2	
80,305	0,21	
80,31	0,21	
80,315	0,22	
80,32	0,23	
80,325	0,23	
80,33	0,23	
80,335	0,24	
80,34	0,25	
80,345	0,25	
80,35	0,26	
80,355	0,27	
80,36	0,27	
80,365	0,28	
80,37	0,28	
80,375	0,29	
80,38	0,29	
80,385	0,29	
80,39	0,3	
80,395	0,3	
80,4	0,3	
80,405	0,31	
80,41	0,31	
80,415	0,31	
80,42	0,31	
80,425	0,32	
80,43	0,32	
80,435	0,32	
80,44	0,33	
80,445	0,33	
80,45	0,33	
80,455	0,33	
80,46	0,33	
80,465	0,33	
80,47	0,34	
80,475	0,34	
80,48	0,34	
80,485	0,34	
80,49	0,34	
80,495	0,34	
80,5	0,34	
80,505	0,34	
80,51	0,34	
80,515	0,33	
80,52	0,33	
80,525	0,33	
80,53	0,33	
80,535	0,33	
80,54	0,33	
80,545	0,32	
80,55	0,32	
80,555	0,32	
80,56	0,32	
80,565	0,31	
80,57	0,31	
80,575	0,3	
80,58	0,3	
80,585	0,3	
80,59	0,3	
80,595	0,3	
80,6	0,29	
80,605	0,29	
80,61	0,28	
80,615	0,27	
80,62	0,27	
80,625	0,27	
80,63	0,26	
80,635	0,25	
80,64	0,25	
80,645	0,24	
80,65	0,23	
80,655	0,23	
80,66	0,22	
80,665	0,21	
80,67	0,21	
80,675	0,2	
80,68	0,2	
80,685	0,19	
80,69	0,19	
80,695	0,17	
80,7	0,17	
80,705	0,16	
80,71	0,15	
80,715	0,14	
80,72	0,13	
80,725	0,12	
80,73	0,11	
80,735	0,11	
80,74	0,1	
80,745	0,09	
80,75	0,08	
80,755	0,07	
80,76	0,06	
80,765	0,06	
80,77	0,05	
80,775	0,04	
80,78	0,03	
80,785	0,02	
80,79	0,01	
80,795	0	
80,8	-0,01	
80,805	-0,02	
80,81	-0,03	
80,815	-0,05	
80,82	-0,06	
80,825	-0,07	
80,83	-0,08	
80,835	-0,08	
80,84	-0,09	
80,845	-0,1	
80,85	-0,11	
80,855	-0,12	
80,86	-0,13	
80,865	-0,14	
80,87	-0,15	
80,875	-0,16	
80,88	-0,17	
80,885	-0,18	
80,89	-0,19	
80,895	-0,19	
80,9	-0,21	
80,905	-0,21	
80,91	-0,22	
80,915	-0,23	
80,92	-0,24	
80,925	-0,25	
80,93	-0,26	
80,935	-0,27	
80,94	-0,28	
80,945	-0,28	
80,95	-0,29	
80,955	-0,3	
80,96	-0,31	
80,965	-0,31	
80,97	-0,32	
80,975	-0,32	
80,98	-0,33	
80,985	-0,34	
80,99	-0,34	
80,995	-0,35	
81,0	-0,36	
81,005	-0,37	
81,01	-0,37	
81,015	-0,38	
81,02	-0,38	
81,025	-0,38	
81,03	-0,39	
81,035	-0,39	
81,04	-0,4	
81,045	-0,4	
81,05	-0,41	
81,055	-0,41	
81,06	-0,41	
81,065	-0,41	
81,07	-0,41	
81,075	-0,41	
81,08	-0,41	
81,085	-0,42	
81,09	-0,42	
81,095	-0,43	
81,1	-0,43	
81,105	-0,44	
81,11	-0,44	
81,115	-0,43	
81,12	-0,44	
81,125	-0,43	
81,13	-0,43	
81,135	-0,43	
81,14	-0,43	
81,145	-0,43	
81,15	-0,43	
81,155	-0,42	
81,16	-0,42	
81,165	-0,43	
81,17	-0,42	
81,175	-0,41	
81,18	-0,41	
81,185	-0,41	
81,19	-0,41	
81,195	-0,41	
81,2	-0,4	
81,205	-0,4	
81,21	-0,39	
81,215	-0,39	
81,22	-0,38	
81,225	-0,38	
81,23	-0,37	
81,235	-0,37	
81,24	-0,36	
81,245	-0,35	
81,25	-0,35	
81,255	-0,34	
81,26	-0,33	
81,265	-0,32	
81,27	-0,32	
81,275	-0,31	
81,28	-0,3	
81,285	-0,29	
81,29	-0,28	
81,295	-0,28	
81,3	-0,27	
81,305	-0,26	
81,31	-0,25	
81,315	-0,25	
81,32	-0,24	
81,325	-0,23	
81,33	-0,22	
81,335	-0,21	
81,34	-0,19	
81,345	-0,18	
81,35	-0,17	
81,355	-0,16	
81,36	-0,15	
81,365	-0,14	
81,37	-0,13	
81,375	-0,12	
81,38	-0,1	
81,385	-0,09	
81,39	-0,08	
81,395	-0,07	
81,4	-0,06	
81,405	-0,05	
81,41	-0,04	
81,415	-0,02	
81,42	-0,01	
81,425	0	
81,43	0,01	
81,435	0,02	
81,44	0,03	
81,445	0,04	
81,45	0,06	
81,455	0,07	
81,46	0,09	
81,465	0,1	
81,47	0,11	
81,475	0,12	
81,48	0,13	
81,485	0,13	
81,49	0,14	
81,495	0,16	
81,5	0,18	
81,505	0,19	
81,51	0,2	
81,515	0,21	
81,52	0,22	
81,525	0,23	
81,53	0,24	
81,535	0,25	
81,54	0,26	
81,545	0,27	
81,55	0,28	
81,555	0,3	
81,56	0,31	
81,565	0,32	
81,57	0,33	
81,575	0,34	
81,58	0,34	
81,585	0,35	
81,59	0,36	
81,595	0,37	
81,6	0,38	
81,605	0,39	
81,61	0,4	
81,615	0,41	
81,62	0,41	
81,625	0,42	
81,63	0,42	
81,635	0,43	
81,64	0,44	
81,645	0,44	
81,65	0,45	
81,655	0,46	
81,66	0,47	
81,665	0,47	
81,67	0,48	
81,675	0,48	
81,68	0,48	
81,685	0,48	
81,69	0,49	
81,695	0,49	
81,7	0,5	
81,705	0,5	
81,71	0,51	
81,715	0,51	
81,72	0,51	
81,725	0,52	
81,73	0,52	
81,735	0,52	
81,74	0,52	
81,745	0,52	
81,75	0,52	
81,755	0,52	
81,76	0,52	
81,765	0,52	
81,77	0,51	
81,775	0,51	
81,78	0,51	
81,785	0,51	
81,79	0,51	
81,795	0,51	
81,8	0,5	
81,805	0,5	
81,81	0,49	
81,815	0,49	
81,82	0,48	
81,825	0,48	
81,83	0,47	
81,835	0,47	
81,84	0,47	
81,845	0,46	
81,85	0,45	
81,855	0,45	
81,86	0,44	
81,865	0,44	
81,87	0,43	
81,875	0,42	
81,88	0,41	
81,885	0,4	
81,89	0,4	
81,895	0,39	
81,9	0,38	
81,905	0,37	
81,91	0,36	
81,915	0,35	
81,92	0,34	
81,925	0,33	
81,93	0,32	
81,935	0,31	
81,94	0,3	
81,945	0,29	
81,95	0,28	
81,955	0,27	
81,96	0,26	
81,965	0,25	
81,97	0,23	
81,975	0,22	
81,98	0,21	
81,985	0,19	
81,99	0,18	
81,995	0,17	
82,0	0,15	
82,005	0,14	
82,01	0,13	
82,015	0,11	
82,02	0,1	
82,025	0,09	
82,03	0,08	
82,035	0,07	
82,04	0,05	
82,045	0,04	
82,05	0,03	
82,055	0,01	
82,06	0	
82,065	-0,02	
82,07	-0,04	
82,075	-0,05	
82,08	-0,07	
82,085	-0,08	
82,09	-0,09	
82,095	-0,11	
82,1	-0,12	
82,105	-0,13	
82,11	-0,15	
82,115	-0,16	
82,12	-0,17	
82,125	-0,18	
82,13	-0,19	
82,135	-0,2	
82,14	-0,22	
82,145	-0,23	
82,15	-0,26	
82,155	-0,27	
82,16	-0,28	
82,165	-0,29	
82,17	-0,3	
82,175	-0,31	
82,18	-0,31	
82,185	-0,33	
82,19	-0,34	
82,195	-0,36	
82,2	-0,37	
82,205	-0,38	
82,21	-0,39	
82,215	-0,4	
82,22	-0,41	
82,225	-0,42	
82,23	-0,43	
82,235	-0,44	
82,24	-0,45	
82,245	-0,46	
82,25	-0,47	
82,255	-0,48	
82,26	-0,48	
82,265	-0,49	
82,27	-0,5	
82,275	-0,5	
82,28	-0,51	
82,285	-0,52	
82,29	-0,52	
82,295	-0,53	
82,3	-0,54	
82,305	-0,54	
82,31	-0,55	
82,315	-0,55	
82,32	-0,56	
82,325	-0,56	
82,33	-0,57	
82,335	-0,57	
82,34	-0,57	
82,345	-0,57	
82,35	-0,57	
82,355	-0,57	
82,36	-0,57	
82,365	-0,58	
82,37	-0,58	
82,375	-0,58	
82,38	-0,59	
82,385	-0,58	
82,39	-0,58	
82,395	-0,58	
82,4	-0,58	
82,405	-0,58	
82,41	-0,57	
82,415	-0,57	
82,42	-0,57	
82,425	-0,57	
82,43	-0,57	
82,435	-0,56	
82,44	-0,55	
82,445	-0,55	
82,45	-0,55	
82,455	-0,54	
82,46	-0,54	
82,465	-0,54	
82,47	-0,53	
82,475	-0,52	
82,48	-0,51	
82,485	-0,5	
82,49	-0,49	
82,495	-0,48	
82,5	-0,48	
82,505	-0,47	
82,51	-0,46	
82,515	-0,46	
82,52	-0,45	
82,525	-0,44	
82,53	-0,43	
82,535	-0,42	
82,54	-0,41	
82,545	-0,4	
82,55	-0,38	
82,555	-0,37	
82,56	-0,36	
82,565	-0,35	
82,57	-0,34	
82,575	-0,33	
82,58	-0,31	
82,585	-0,3	
82,59	-0,28	
82,595	-0,27	
82,6	-0,26	
82,605	-0,25	
82,61	-0,24	
82,615	-0,23	
82,62	-0,21	
82,625	-0,2	
82,63	-0,18	
82,635	-0,16	
82,64	-0,15	
82,645	-0,13	
82,65	-0,12	
82,655	-0,11	
82,66	-0,09	
82,665	-0,08	
82,67	-0,06	
82,675	-0,04	
82,68	-0,03	
82,685	-0,01	
82,69	0	
82,695	0,02	
82,7	0,03	
82,705	0,04	
82,71	0,06	
82,715	0,08	
82,72	0,1	
82,725	0,11	
82,73	0,12	
82,735	0,14	
82,74	0,15	
82,745	0,17	
82,75	0,18	
82,755	0,19	
82,76	0,21	
82,765	0,22	
82,77	0,24	
82,775	0,26	
82,78	0,27	
82,785	0,28	
82,79	0,29	
82,795	0,31	
82,8	0,32	
82,805	0,33	
82,81	0,35	
82,815	0,36	
82,82	0,38	
82,825	0,39	
82,83	0,4	
82,835	0,41	
82,84	0,42	
82,845	0,43	
82,85	0,44	
82,855	0,45	
82,86	0,47	
82,865	0,48	
82,87	0,49	
82,875	0,5	
82,88	0,51	
82,885	0,51	
82,89	0,52	
82,895	0,53	
82,9	0,54	
82,905	0,55	
82,91	0,56	
82,915	0,56	
82,92	0,57	
82,925	0,58	
82,93	0,58	
82,935	0,59	
82,94	0,59	
82,945	0,59	
82,95	0,6	
82,955	0,61	
82,96	0,61	
82,965	0,62	
82,97	0,62	
82,975	0,62	
82,98	0,62	
82,985	0,63	
82,99	0,63	
82,995	0,63	
83,0	0,63	
83,005	0,63	
83,01	0,63	
83,015	0,63	
83,02	0,63	
83,025	0,63	
83,03	0,63	
83,035	0,63	
83,04	0,63	
83,045	0,62	
83,05	0,62	
83,055	0,62	
83,06	0,61	
83,065	0,61	
83,07	0,6	
83,075	0,6	
83,08	0,59	
83,085	0,59	
83,09	0,58	
83,095	0,58	
83,1	0,57	
83,105	0,56	
83,11	0,55	
83,115	0,54	
83,12	0,54	
83,125	0,53	
83,13	0,52	
83,135	0,51	
83,14	0,51	
83,145	0,49	
83,15	0,48	
83,155	0,47	
83,16	0,46	
83,165	0,45	
83,17	0,43	
83,175	0,42	
83,18	0,41	
83,185	0,41	
83,19	0,4	
83,195	0,39	
83,2	0,37	
83,205	0,35	
83,21	0,33	
83,215	0,32	
83,22	0,31	
83,225	0,3	
83,23	0,29	
83,235	0,27	
83,24	0,26	
83,245	0,25	
83,25	0,23	
83,255	0,21	
83,26	0,2	
83,265	0,18	
83,27	0,17	
83,275	0,15	
83,28	0,14	
83,285	0,12	
83,29	0,1	
83,295	0,08	
83,3	0,06	
83,305	0,05	
83,31	0,04	
83,315	0,02	
83,32	0,01	
83,325	-0,01	
83,33	-0,02	
83,335	-0,04	
83,34	-0,07	
83,345	-0,08	
83,35	-0,09	
83,355	-0,11	
83,36	-0,13	
83,365	-0,14	
83,37	-0,16	
83,375	-0,17	
83,38	-0,19	
83,385	-0,2	
83,39	-0,22	
83,395	-0,23	
83,4	-0,25	
83,405	-0,26	
83,41	-0,27	
83,415	-0,29	
83,42	-0,3	
83,425	-0,32	
83,43	-0,34	
83,435	-0,35	
83,44	-0,37	
83,445	-0,38	
83,45	-0,39	
83,455	-0,41	
83,46	-0,42	
83,465	-0,43	
83,47	-0,44	
83,475	-0,45	
83,48	-0,46	
83,485	-0,47	
83,49	-0,49	
83,495	-0,5	
83,5	-0,51	
83,505	-0,52	
83,51	-0,53	
83,515	-0,53	
83,52	-0,54	
83,525	-0,56	
83,53	-0,57	
83,535	-0,58	
83,54	-0,58	
83,545	-0,59	
83,55	-0,59	
83,555	-0,6	
83,56	-0,61	
83,565	-0,62	
83,57	-0,62	
83,575	-0,63	
83,58	-0,63	
83,585	-0,63	
83,59	-0,64	
83,595	-0,64	
83,6	-0,64	
83,605	-0,65	
83,61	-0,65	
83,615	-0,66	
83,62	-0,66	
83,625	-0,66	
83,63	-0,66	
83,635	-0,66	
83,64	-0,66	
83,645	-0,66	
83,65	-0,66	
83,655	-0,65	
83,66	-0,66	
83,665	-0,65	
83,67	-0,65	
83,675	-0,65	
83,68	-0,65	
83,685	-0,64	
83,69	-0,64	
83,695	-0,63	
83,7	-0,63	
83,705	-0,62	
83,71	-0,62	
83,715	-0,61	
83,72	-0,61	
83,725	-0,6	
83,73	-0,59	
83,735	-0,59	
83,74	-0,58	
83,745	-0,57	
83,75	-0,56	
83,755	-0,56	
83,76	-0,54	
83,765	-0,53	
83,77	-0,52	
83,775	-0,51	
83,78	-0,5	
83,785	-0,49	
83,79	-0,48	
83,795	-0,47	
83,8	-0,46	
83,805	-0,44	
83,81	-0,43	
83,815	-0,42	
83,82	-0,41	
83,825	-0,4	
83,83	-0,38	
83,835	-0,37	
83,84	-0,36	
83,845	-0,33	
83,85	-0,32	
83,855	-0,31	
83,86	-0,3	
83,865	-0,28	
83,87	-0,26	
83,875	-0,25	
83,88	-0,23	
83,885	-0,22	
83,89	-0,21	
83,895	-0,19	
83,9	-0,18	
83,905	-0,16	
83,91	-0,14	
83,915	-0,12	
83,92	-0,11	
83,925	-0,09	
83,93	-0,07	
83,935	-0,06	
83,94	-0,04	
83,945	-0,03	
83,95	-0,01	
83,955	0,01	
83,96	0,02	
83,965	0,04	
83,97	0,06	
83,975	0,07	
83,98	0,09	
83,985	0,11	
83,99	0,12	
83,995	0,14	
84,0	0,15	
84,005	0,17	
84,01	0,19	
84,015	0,21	
84,02	0,22	
84,025	0,24	
84,03	0,25	
84,035	0,27	
84,04	0,28	
84,045	0,3	
84,05	0,31	
84,055	0,33	
84,06	0,34	
84,065	0,36	
84,07	0,37	
84,075	0,38	
84,08	0,39	
84,085	0,4	
84,09	0,42	
84,095	0,44	
84,1	0,45	
84,105	0,46	
84,11	0,47	
84,115	0,48	
84,12	0,49	
84,125	0,5	
84,13	0,51	
84,135	0,52	
84,14	0,53	
84,145	0,54	
84,15	0,55	
84,155	0,56	
84,16	0,57	
84,165	0,58	
84,17	0,59	
84,175	0,59	
84,18	0,61	
84,185	0,62	
84,19	0,62	
84,195	0,63	
84,2	0,63	
84,205	0,64	
84,21	0,64	
84,215	0,64	
84,22	0,65	
84,225	0,65	
84,23	0,66	
84,235	0,66	
84,24	0,67	
84,245	0,67	
84,25	0,67	
84,255	0,67	
84,26	0,67	
84,265	0,67	
84,27	0,67	
84,275	0,67	
84,28	0,67	
84,285	0,67	
84,29	0,67	
84,295	0,66	
84,3	0,66	
84,305	0,66	
84,31	0,65	
84,315	0,65	
84,32	0,64	
84,325	0,64	
84,33	0,63	
84,335	0,63	
84,34	0,63	
84,345	0,62	
84,35	0,61	
84,355	0,6	
84,36	0,6	
84,365	0,59	
84,37	0,59	
84,375	0,58	
84,38	0,57	
84,385	0,56	
84,39	0,55	
84,395	0,54	
84,4	0,53	
84,405	0,52	
84,41	0,51	
84,415	0,5	
84,42	0,48	
84,425	0,47	
84,43	0,46	
84,435	0,45	
84,44	0,44	
84,445	0,43	
84,45	0,41	
84,455	0,4	
84,46	0,39	
84,465	0,38	
84,47	0,36	
84,475	0,35	
84,48	0,34	
84,485	0,32	
84,49	0,31	
84,495	0,28	
84,5	0,27	
84,505	0,25	
84,51	0,24	
84,515	0,22	
84,52	0,21	
84,525	0,19	
84,53	0,18	
84,535	0,16	
84,54	0,14	
84,545	0,13	
84,55	0,11	
84,555	0,1	
84,56	0,08	
84,565	0,07	
84,57	0,05	
84,575	0,02	
84,58	0,01	
84,585	-0,01	
84,59	-0,02	
84,595	-0,04	
84,6	-0,05	
84,605	-0,07	
84,61	-0,08	
84,615	-0,1	
84,62	-0,12	
84,625	-0,13	
84,63	-0,15	
84,635	-0,17	
84,64	-0,18	
84,645	-0,2	
84,65	-0,21	
84,655	-0,23	
84,66	-0,25	
84,665	-0,26	
84,67	-0,28	
84,675	-0,29	
84,68	-0,3	
84,685	-0,32	
84,69	-0,33	
84,695	-0,34	
84,7	-0,36	
84,705	-0,37	
84,71	-0,39	
84,715	-0,4	
84,72	-0,41	
84,725	-0,43	
84,73	-0,44	
84,735	-0,45	
84,74	-0,46	
84,745	-0,47	
84,75	-0,49	
84,755	-0,5	
84,76	-0,51	
84,765	-0,52	
84,77	-0,53	
84,775	-0,54	
84,78	-0,55	
84,785	-0,55	
84,79	-0,56	
84,795	-0,57	
84,8	-0,58	
84,805	-0,59	
84,81	-0,59	
84,815	-0,61	
84,82	-0,61	
84,825	-0,62	
84,83	-0,62	
84,835	-0,62	
84,84	-0,63	
84,845	-0,63	
84,85	-0,64	
84,855	-0,64	
84,86	-0,65	
84,865	-0,65	
84,87	-0,65	
84,875	-0,65	
84,88	-0,65	
84,885	-0,65	
84,89	-0,65	
84,895	-0,66	
84,9	-0,66	
84,905	-0,66	
84,91	-0,66	
84,915	-0,66	
84,92	-0,65	
84,925	-0,65	
84,93	-0,64	
84,935	-0,64	
84,94	-0,63	
84,945	-0,63	
84,95	-0,63	
84,955	-0,63	
84,96	-0,63	
84,965	-0,63	
84,97	-0,62	
84,975	-0,61	
84,98	-0,6	
84,985	-0,6	
84,99	-0,59	
84,995	-0,59	
85,0	-0,58	
85,005	-0,57	
85,01	-0,56	
85,015	-0,55	
85,02	-0,54	
85,025	-0,53	
85,03	-0,52	
85,035	-0,51	
85,04	-0,5	
85,045	-0,49	
85,05	-0,48	
85,055	-0,47	
85,06	-0,45	
85,065	-0,44	
85,07	-0,43	
85,075	-0,42	
85,08	-0,41	
85,085	-0,4	
85,09	-0,38	
85,095	-0,37	
85,1	-0,35	
85,105	-0,34	
85,11	-0,33	
85,115	-0,31	
85,12	-0,3	
85,125	-0,28	
85,13	-0,27	
85,135	-0,25	
85,14	-0,23	
85,145	-0,22	
85,15	-0,21	
85,155	-0,19	
85,16	-0,18	
85,165	-0,16	
85,17	-0,15	
85,175	-0,13	
85,18	-0,12	
85,185	-0,1	
85,19	-0,08	
85,195	-0,07	
85,2	-0,05	
85,205	-0,04	
85,21	-0,02	
85,215	0	
85,22	0,02	
85,225	0,03	
85,23	0,05	
85,235	0,06	
85,24	0,08	
85,245	0,09	
85,25	0,11	
85,255	0,13	
85,26	0,14	
85,265	0,16	
85,27	0,17	
85,275	0,19	
85,28	0,2	
85,285	0,22	
85,29	0,23	
85,295	0,24	
85,3	0,26	
85,305	0,27	
85,31	0,29	
85,315	0,3	
85,32	0,32	
85,325	0,33	
85,33	0,35	
85,335	0,36	
85,34	0,37	
85,345	0,38	
85,35	0,39	
85,355	0,4	
85,36	0,41	
85,365	0,42	
85,37	0,44	
85,375	0,45	
85,38	0,46	
85,385	0,48	
85,39	0,49	
85,395	0,5	
85,4	0,5	
85,405	0,52	
85,41	0,53	
85,415	0,53	
85,42	0,54	
85,425	0,55	
85,43	0,55	
85,435	0,56	
85,44	0,57	
85,445	0,57	
85,45	0,58	
85,455	0,58	
85,46	0,59	
85,465	0,6	
85,47	0,6	
85,475	0,61	
85,48	0,61	
85,485	0,61	
85,49	0,62	
85,495	0,61	
85,5	0,62	
85,505	0,62	
85,51	0,62	
85,515	0,62	
85,52	0,63	
85,525	0,63	
85,53	0,63	
85,535	0,63	
85,54	0,63	
85,545	0,62	
85,55	0,62	
85,555	0,62	
85,56	0,62	
85,565	0,62	
85,57	0,61	
85,575	0,61	
85,58	0,6	
85,585	0,6	
85,59	0,59	
85,595	0,59	
85,6	0,58	
85,605	0,58	
85,61	0,57	
85,615	0,57	
85,62	0,56	
85,625	0,55	
85,63	0,55	
85,635	0,54	
85,64	0,53	
85,645	0,52	
85,65	0,51	
85,655	0,5	
85,66	0,5	
85,665	0,49	
85,67	0,48	
85,675	0,47	
85,68	0,45	
85,685	0,44	
85,69	0,43	
85,695	0,42	
85,7	0,41	
85,705	0,39	
85,71	0,38	
85,715	0,37	
85,72	0,36	
85,725	0,34	
85,73	0,33	
85,735	0,32	
85,74	0,31	
85,745	0,3	
85,75	0,29	
85,755	0,27	
85,76	0,25	
85,765	0,24	
85,77	0,23	
85,775	0,21	
85,78	0,2	
85,785	0,18	
85,79	0,16	
85,795	0,15	
85,8	0,14	
85,805	0,13	
85,81	0,11	
85,815	0,1	
85,82	0,08	
85,825	0,07	
85,83	0,05	
85,835	0,04	
85,84	0,02	
85,845	0,01	
85,85	0	
85,855	-0,02	
85,86	-0,03	
85,865	-0,05	
85,87	-0,07	
85,875	-0,09	
85,88	-0,1	
85,885	-0,11	
85,89	-0,12	
85,895	-0,14	
85,9	-0,15	
85,905	-0,17	
85,91	-0,18	
85,915	-0,2	
85,92	-0,21	
85,925	-0,22	
85,93	-0,24	
85,935	-0,25	
85,94	-0,26	
85,945	-0,28	
85,95	-0,29	
85,955	-0,3	
85,96	-0,32	
85,965	-0,33	
85,97	-0,34	
85,975	-0,35	
85,98	-0,36	
85,985	-0,38	
85,99	-0,39	
85,995	-0,4	
86,0	-0,4	
86,005	-0,41	
86,01	-0,42	
86,015	-0,44	
86,02	-0,45	
86,025	-0,45	
86,03	-0,47	
86,035	-0,48	
86,04	-0,49	
86,045	-0,49	
86,05	-0,5	
86,055	-0,51	
86,06	-0,51	
86,065	-0,52	
86,07	-0,52	
86,075	-0,53	
86,08	-0,53	
86,085	-0,54	
86,09	-0,54	
86,095	-0,55	
86,1	-0,56	
86,105	-0,56	
86,11	-0,56	
86,115	-0,57	
86,12	-0,56	
86,125	-0,57	
86,13	-0,57	
86,135	-0,57	
86,14	-0,58	
86,145	-0,57	
86,15	-0,58	
86,155	-0,58	
86,16	-0,57	
86,165	-0,57	
86,17	-0,57	
86,175	-0,57	
86,18	-0,57	
86,185	-0,57	
86,19	-0,57	
86,195	-0,56	
86,2	-0,56	
86,205	-0,55	
86,21	-0,55	
86,215	-0,55	
86,22	-0,54	
86,225	-0,54	
86,23	-0,54	
86,235	-0,53	
86,24	-0,53	
86,245	-0,52	
86,25	-0,51	
86,255	-0,51	
86,26	-0,5	
86,265	-0,5	
86,27	-0,49	
86,275	-0,48	
86,28	-0,47	
86,285	-0,46	
86,29	-0,45	
86,295	-0,45	
86,3	-0,43	
86,305	-0,42	
86,31	-0,42	
86,315	-0,41	
86,32	-0,4	
86,325	-0,39	
86,33	-0,37	
86,335	-0,36	
86,34	-0,35	
86,345	-0,34	
86,35	-0,33	
86,355	-0,32	
86,36	-0,31	
86,365	-0,29	
86,37	-0,28	
86,375	-0,27	
86,38	-0,26	
86,385	-0,25	
86,39	-0,24	
86,395	-0,22	
86,4	-0,21	
86,405	-0,2	
86,41	-0,18	
86,415	-0,17	
86,42	-0,16	
86,425	-0,15	
86,43	-0,13	
86,435	-0,11	
86,44	-0,1	
86,445	-0,09	
86,45	-0,08	
86,455	-0,06	
86,46	-0,05	
86,465	-0,03	
86,47	-0,02	
86,475	-0,01	
86,48	0	
86,485	0,02	
86,49	0,02	
86,495	0,04	
86,5	0,05	
86,505	0,06	
86,51	0,08	
86,515	0,1	
86,52	0,11	
86,525	0,13	
86,53	0,14	
86,535	0,15	
86,54	0,16	
86,545	0,17	
86,55	0,18	
86,555	0,2	
86,56	0,21	
86,565	0,22	
86,57	0,23	
86,575	0,24	
86,58	0,25	
86,585	0,27	
86,59	0,28	
86,595	0,3	
86,6	0,3	
86,605	0,32	
86,61	0,32	
86,615	0,33	
86,62	0,34	
86,625	0,35	
86,63	0,36	
86,635	0,37	
86,64	0,38	
86,645	0,39	
86,65	0,39	
86,655	0,4	
86,66	0,4	
86,665	0,41	
86,67	0,42	
86,675	0,43	
86,68	0,43	
86,685	0,44	
86,69	0,45	
86,695	0,46	
86,7	0,46	
86,705	0,47	
86,71	0,47	
86,715	0,47	
86,72	0,48	
86,725	0,48	
86,73	0,48	
86,735	0,49	
86,74	0,5	
86,745	0,5	
86,75	0,5	
86,755	0,5	
86,76	0,5	
86,765	0,5	
86,77	0,5	
86,775	0,5	
86,78	0,51	
86,785	0,51	
86,79	0,51	
86,795	0,51	
86,8	0,51	
86,805	0,51	
86,81	0,5	
86,815	0,5	
86,82	0,5	
86,825	0,49	
86,83	0,49	
86,835	0,49	
86,84	0,49	
86,845	0,48	
86,85	0,48	
86,855	0,47	
86,86	0,47	
86,865	0,46	
86,87	0,46	
86,875	0,45	
86,88	0,45	
86,885	0,45	
86,89	0,44	
86,895	0,44	
86,9	0,43	
86,905	0,42	
86,91	0,42	
86,915	0,41	
86,92	0,4	
86,925	0,39	
86,93	0,39	
86,935	0,38	
86,94	0,37	
86,945	0,36	
86,95	0,35	
86,955	0,34	
86,96	0,33	
86,965	0,32	
86,97	0,31	
86,975	0,3	
86,98	0,29	
86,985	0,29	
86,99	0,27	
86,995	0,26	
87,0	0,25	
87,005	0,24	
87,01	0,23	
87,015	0,22	
87,02	0,21	
87,025	0,2	
87,03	0,19	
87,035	0,18	
87,04	0,17	
87,045	0,15	
87,05	0,14	
87,055	0,13	
87,06	0,12	
87,065	0,11	
87,07	0,1	
87,075	0,09	
87,08	0,07	
87,085	0,06	
87,09	0,05	
87,095	0,04	
87,1	0,02	
87,105	0,01	
87,11	0	
87,115	-0,01	
87,12	-0,02	
87,125	-0,03	
87,13	-0,04	
87,135	-0,05	
87,14	-0,06	
87,145	-0,07	
87,15	-0,09	
87,155	-0,1	
87,16	-0,11	
87,165	-0,12	
87,17	-0,13	
87,175	-0,14	
87,18	-0,16	
87,185	-0,17	
87,19	-0,18	
87,195	-0,18	
87,2	-0,19	
87,205	-0,2	
87,21	-0,21	
87,215	-0,22	
87,22	-0,23	
87,225	-0,24	
87,23	-0,25	
87,235	-0,26	
87,24	-0,27	
87,245	-0,28	
87,25	-0,28	
87,255	-0,29	
87,26	-0,3	
87,265	-0,31	
87,27	-0,31	
87,275	-0,32	
87,28	-0,33	
87,285	-0,34	
87,29	-0,34	
87,295	-0,35	
87,3	-0,35	
87,305	-0,36	
87,31	-0,36	
87,315	-0,37	
87,32	-0,37	
87,325	-0,38	
87,33	-0,38	
87,335	-0,39	
87,34	-0,39	
87,345	-0,4	
87,35	-0,4	
87,355	-0,41	
87,36	-0,41	
87,365	-0,41	
87,37	-0,41	
87,375	-0,42	
87,38	-0,42	
87,385	-0,42	
87,39	-0,42	
87,395	-0,42	
87,4	-0,42	
87,405	-0,42	
87,41	-0,42	
87,415	-0,42	
87,42	-0,43	
87,425	-0,43	
87,43	-0,42	
87,435	-0,42	
87,44	-0,42	
87,445	-0,42	
87,45	-0,42	
87,455	-0,42	
87,46	-0,41	
87,465	-0,41	
87,47	-0,4	
87,475	-0,4	
87,48	-0,4	
87,485	-0,39	
87,49	-0,39	
87,495	-0,39	
87,5	-0,38	
87,505	-0,38	
87,51	-0,38	
87,515	-0,37	
87,52	-0,36	
87,525	-0,36	
87,53	-0,36	
87,535	-0,35	
87,54	-0,35	
87,545	-0,34	
87,55	-0,33	
87,555	-0,33	
87,56	-0,32	
87,565	-0,31	
87,57	-0,3	
87,575	-0,29	
87,58	-0,29	
87,585	-0,28	
87,59	-0,27	
87,595	-0,27	
87,6	-0,26	
87,605	-0,25	
87,61	-0,25	
87,615	-0,24	
87,62	-0,23	
87,625	-0,22	
87,63	-0,21	
87,635	-0,2	
87,64	-0,2	
87,645	-0,18	
87,65	-0,17	
87,655	-0,17	
87,66	-0,16	
87,665	-0,14	
87,67	-0,13	
87,675	-0,13	
87,68	-0,12	
87,685	-0,11	
87,69	-0,1	
87,695	-0,09	
87,7	-0,08	
87,705	-0,08	
87,71	-0,07	
87,715	-0,06	
87,72	-0,05	
87,725	-0,07	
87,73	-0,02	
87,735	-0,02	
87,74	-0,01	
87,745	0	
87,75	0,01	
87,755	0,02	
87,76	0,02	
87,765	0,03	
87,77	0,04	
87,775	0,05	
87,78	0,06	
87,785	0,07	
87,79	0,08	
87,795	0,09	
87,8	0,09	
87,805	0,1	
87,81	0,12	
87,815	0,13	
87,82	0,14	
87,825	0,14	
87,83	0,15	
87,835	0,15	
87,84	0,16	
87,845	0,16	
87,85	0,17	
87,855	0,18	
87,86	0,19	
87,865	0,2	
87,87	0,21	
87,875	0,21	
87,88	0,22	
87,885	0,23	
87,89	0,23	
87,895	0,24	
87,9	0,24	
87,905	0,25	
87,91	0,25	
87,915	0,26	
87,92	0,27	
87,925	0,27	
87,93	0,27	
87,935	0,27	
87,94	0,28	
87,945	0,28	
87,95	0,29	
87,955	0,29	
87,96	0,3	
87,965	0,3	
87,97	0,31	
87,975	0,31	
87,98	0,31	
87,985	0,31	
87,99	0,31	
87,995	0,31	
88,0	0,32	
88,005	0,32	
88,01	0,32	
88,015	0,33	
88,02	0,33	
88,025	0,33	
88,03	0,33	
88,035	0,33	
88,04	0,32	
88,045	0,32	
88,05	0,32	
88,055	0,32	
88,06	0,32	
88,065	0,33	
88,07	0,33	
88,075	0,33	
88,08	0,32	
88,085	0,32	
88,09	0,32	
88,095	0,31	
88,1	0,31	
88,105	0,31	
88,11	0,31	
88,115	0,31	
88,12	0,31	
88,125	0,3	
88,13	0,3	
88,135	0,29	
88,14	0,29	
88,145	0,29	
88,15	0,28	
88,155	0,28	
88,16	0,28	
88,165	0,28	
88,17	0,27	
88,175	0,26	
88,18	0,26	
88,185	0,25	
88,19	0,24	
88,195	0,24	
88,2	0,23	
88,205	0,23	
88,21	0,22	
88,215	0,22	
88,22	0,21	
88,225	0,21	
88,23	0,2	
88,235	0,2	
88,24	0,19	
88,245	0,18	
88,25	0,18	
88,255	0,17	
88,26	0,16	
88,265	0,16	
88,27	0,15	
88,275	0,14	
88,28	0,14	
88,285	0,13	
88,29	0,13	
88,295	0,12	
88,3	0,11	
88,305	0,1	
88,31	0,1	
88,315	0,09	
88,32	0,08	
88,325	0,07	
88,33	0,06	
88,335	0,06	
88,34	0,06	
88,345	0,05	
88,35	0,05	
88,355	0,04	
88,36	0,03	
88,365	0,02	
88,37	0,02	
88,375	0	
88,38	0	
88,385	0	
88,39	-0,01	
88,395	-0,02	
88,4	-0,02	
88,405	-0,02	
88,41	-0,03	
88,415	-0,04	
88,42	-0,05	
88,425	-0,06	
88,43	-0,07	
88,435	-0,07	
88,44	-0,07	
88,445	-0,08	
88,45	-0,08	
88,455	-0,09	
88,46	-0,1	
88,465	-0,11	
88,47	-0,11	
88,475	-0,12	
88,48	-0,13	
88,485	-0,13	
88,49	-0,14	
88,495	-0,14	
88,5	-0,14	
88,505	-0,14	
88,51	-0,15	
88,515	-0,15	
88,52	-0,16	
88,525	-0,16	
88,53	-0,17	
88,535	-0,17	
88,54	-0,17	
88,545	-0,17	
88,55	-0,17	
88,555	-0,18	
88,56	-0,18	
88,565	-0,19	
88,57	-0,19	
88,575	-0,2	
88,58	-0,2	
88,585	-0,2	
88,59	-0,2	
88,595	-0,2	
88,6	-0,2	
88,605	-0,2	
88,61	-0,21	
88,615	-0,21	
88,62	-0,22	
88,625	-0,22	
88,63	-0,22	
88,635	-0,22	
88,64	-0,22	
88,645	-0,21	
88,65	-0,22	
88,655	-0,22	
88,66	-0,22	
88,665	-0,22	
88,67	-0,23	
88,675	-0,22	
88,68	-0,22	
88,685	-0,22	
88,69	-0,22	
88,695	-0,22	
88,7	-0,22	
88,705	-0,22	
88,71	-0,22	
88,715	-0,22	
88,72	-0,22	
88,725	-0,22	
88,73	-0,22	
88,735	-0,21	
88,74	-0,21	
88,745	-0,21	
88,75	-0,21	
88,755	-0,2	
88,76	-0,2	
88,765	-0,2	
88,77	-0,2	
88,775	-0,2	
88,78	-0,19	
88,785	-0,19	
88,79	-0,18	
88,795	-0,18	
88,8	-0,18	
88,805	-0,18	
88,81	-0,18	
88,815	-0,18	
88,82	-0,17	
88,825	-0,17	
88,83	-0,16	
88,835	-0,16	
88,84	-0,15	
88,845	-0,15	
88,85	-0,15	
88,855	-0,14	
88,86	-0,14	
88,865	-0,13	
88,87	-0,13	
88,875	-0,12	
88,88	-0,12	
88,885	-0,11	
88,89	-0,11	
88,895	-0,11	
88,9	-0,1	
88,905	-0,1	
88,91	-0,1	
88,915	-0,09	
88,92	-0,09	
88,925	-0,09	
88,93	-0,08	
88,935	-0,07	
88,94	-0,06	
88,945	-0,06	
88,95	-0,06	
88,955	-0,06	
88,96	-0,06	
88,965	-0,05	
88,97	-0,05	
88,975	-0,04	
88,98	-0,04	
88,985	-0,03	
88,99	-0,03	
88,995	-0,03	
89,0	-0,03	
89,005	-0,02	
89,01	-0,02	
89,015	-0,02	
89,02	-0,01	
89,025	0	
89,03	0	
89,035	0,01	
89,04	0,02	
89,045	0,02	
89,05	0,02	
89,055	0,03	
89,06	0,02	
89,065	0,03	
89,07	0,03	
89,075	0,03	
89,08	0,03	
89,085	0,04	
89,09	0,04	
89,095	0,05	
89,1	0,05	
89,105	0,05	
89,11	0,05	
89,115	0,06	
89,12	0,06	
89,125	0,07	
89,13	0,07	
89,135	0,07	
89,14	0,07	
89,145	0,07	
89,15	0,07	
89,155	0,07	
89,16	0,08	
89,165	0,08	
89,17	0,08	
89,175	0,09	
89,18	0,09	
89,185	0,09	
89,19	0,09	
89,195	0,09	
89,2	0,09	
89,205	0,09	
89,21	0,1	
89,215	0,1	
89,22	0,1	
89,225	0,11	
89,23	0,11	
89,235	0,11	
89,24	0,11	
89,245	0,1	
89,25	0,1	
89,255	0,1	
89,26	0,1	
89,265	0,11	
89,27	0,11	
89,275	0,11	
89,28	0,11	
89,285	0,11	
89,29	0,11	
89,295	0,11	
89,3	0,11	
89,305	0,11	
89,31	0,1	
89,315	0,1	
89,32	0,11	
89,325	0,11	
89,33	0,11	
89,335	0,11	
89,34	0,11	
89,345	0,11	
89,35	0,1	
89,355	0,1	
89,36	0,1	
89,365	0,1	
89,37	0,1	
89,375	0,1	
89,38	0,1	
89,385	0,1	
89,39	0,1	
89,395	0,1	
89,4	0,1	
89,405	0,09	
89,41	0,09	
89,415	0,09	
89,42	0,09	
89,425	0,09	
89,43	0,09	
89,435	0,09	
89,44	0,08	
89,445	0,08	
89,45	0,08	
89,455	0,08	
89,46	0,08	
89,465	0,08	
89,47	0,08	
89,475	0,08	
89,48	0,08	
89,485	0,07	
89,49	0,07	
89,495	0,07	
89,5	0,06	
89,505	0,06	
89,51	0,06	
89,515	0,06	
89,52	0,06	
89,525	0,06	
89,53	0,06	
89,535	0,05	
89,54	0,05	
89,545	0,05	
89,55	0,05	
89,555	0,05	
89,56	0,05	
89,565	0,05	
89,57	0,05	
89,575	0,05	
89,58	0,05	
89,585	0,04	
89,59	0,04	
89,595	0,04	
89,6	0,03	
89,605	0,03	
89,61	0,03	
89,615	0,03	
89,62	0,03	
89,625	0,03	
89,63	0,03	
89,635	0,03	
89,64	0,02	
89,645	0,03	
89,65	0,02	
89,655	0,02	
89,66	0,02	
89,665	0,02	
89,67	0,02	
89,675	0,02	
89,68	0,02	
89,685	0,02	
89,69	0,02	
89,695	0,02	
89,7	0,01	
89,705	0,01	
89,71	0,01	
89,715	0,01	
89,72	0,01	
89,725	0,01	
89,73	0,01	
89,735	0,01	
89,74	0	
89,745	0	
89,75	0,01	
89,755	0,01	
89,76	0,01	
89,765	0,01	
89,77	0,01	
89,775	0,01	
89,78	0,01	
89,785	0,01	
89,79	0,01	
89,795	0,01	
89,8	0,01	
89,805	0,01	
89,81	0,01	
89,815	0,01	
89,82	0,01	
89,825	0,01	
89,83	0	
89,835	0	
89,84	0	
89,845	0	
89,85	0	
89,855	0	
89,86	0	
89,865	0,01	
89,87	0,01	
89,875	0	
89,88	0,01	
89,885	0	
89,89	0	
89,895	0	
89,9	0	
89,905	0	
89,91	0	
89,915	0,01	
89,92	0	
89,925	0	
89,93	0	
89,935	0	
89,94	0	
89,945	0	
89,95	0,01	
89,955	0,01	
89,96	0,01	
89,965	0,01	
89,97	0,01	
89,975	0,01	
89,98	0	
89,985	0	
89,99	0,01	
89,995	0,01	
90,0	0,01	
90,005	0,01	
90,01	0,01	
90,015	0,01	
90,02	0,01	
90,025	0	
90,03	0	
90,035	0	
90,04	0	
90,045	0	
90,05	0,01	
90,055	0,01	
90,06	0,01	
90,065	0,01	
90,07	0	
90,075	0	
90,08	0	
90,085	0	
90,09	0	
90,095	0	
90,1	0	
90,105	0	
90,11	0	
90,115	0	
90,12	0	
90,125	0	
90,13	-0,01	
90,135	0	
90,14	-0,01	
90,145	-0,01	
90,15	-0,01	
90,155	-0,01	
90,16	-0,01	
90,165	-0,01	
90,17	-0,01	
90,175	-0,02	
90,18	-0,02	
90,185	-0,02	
90,19	-0,02	
90,195	-0,02	
90,2	-0,02	
90,205	-0,02	
90,21	-0,02	
90,215	-0,02	
90,22	-0,03	
90,225	-0,03	
90,23	-0,03	
90,235	-0,03	
90,24	-0,03	
90,245	-0,03	
90,25	-0,03	
90,255	-0,03	
90,26	-0,03	
90,265	-0,04	
90,27	-0,04	
90,275	-0,04	
90,28	-0,04	
90,285	-0,04	
90,29	-0,05	
90,295	-0,05	
90,3	-0,05	
90,305	-0,05	
90,31	-0,05	
90,315	-0,06	
90,32	-0,06	
90,325	-0,06	
90,33	-0,06	
90,335	-0,07	
90,34	-0,07	
90,345	-0,07	
90,35	-0,07	
90,355	-0,07	
90,36	-0,07	
90,365	-0,07	
90,37	-0,08	
90,375	-0,08	
90,38	-0,08	
90,385	-0,08	
90,39	-0,08	
90,395	-0,08	
90,4	-0,09	
90,405	-0,09	
90,41	-0,09	
90,415	-0,09	
90,42	-0,1	
90,425	-0,1	
90,43	-0,1	
90,435	-0,09	
90,44	-0,09	
90,445	-0,09	
90,45	-0,09	
90,455	-0,1	
90,46	-0,1	
90,465	-0,11	
90,47	-0,11	
90,475	-0,11	
90,48	-0,11	
90,485	-0,11	
90,49	-0,11	
90,495	-0,11	
90,5	-0,11	
90,505	-0,11	
90,51	-0,11	
90,515	-0,12	
90,52	-0,11	
90,525	-0,11	
90,53	-0,11	
90,535	-0,11	
90,54	-0,11	
90,545	-0,12	
90,55	-0,12	
90,555	-0,12	
90,56	-0,12	
90,565	-0,12	
90,57	-0,12	
90,575	-0,12	
90,58	-0,12	
90,585	-0,11	
90,59	-0,11	
90,595	-0,11	
90,6	-0,12	
90,605	-0,12	
90,61	-0,12	
90,615	-0,12	
90,62	-0,12	
90,625	-0,11	
90,63	-0,11	
90,635	-0,11	
90,64	-0,11	
90,645	-0,11	
90,65	-0,11	
90,655	-0,11	
90,66	-0,11	
90,665	-0,1	
90,67	-0,1	
90,675	-0,1	
90,68	-0,1	
90,685	-0,09	
90,69	-0,09	
90,695	-0,09	
90,7	-0,09	
90,705	-0,09	
90,71	-0,09	
90,715	-0,09	
90,72	-0,08	
90,725	-0,08	
90,73	-0,07	
90,735	-0,07	
90,74	-0,06	
90,745	-0,06	
90,75	-0,06	
90,755	-0,06	
90,76	-0,06	
90,765	-0,06	
90,77	-0,05	
90,775	-0,05	
90,78	-0,05	
90,785	-0,04	
90,79	-0,04	
90,795	-0,04	
90,8	-0,03	
90,805	-0,03	
90,81	-0,03	
90,815	-0,02	
90,82	-0,02	
90,825	-0,01	
90,83	-0,01	
90,835	0	
90,84	0	
90,845	0,01	
90,85	0,01	
90,855	0,01	
90,86	0,02	
90,865	0,02	
90,87	0,02	
90,875	0,03	
90,88	0,03	
90,885	0,04	
90,89	0,05	
90,895	0,05	
90,9	0,05	
90,905	0,06	
90,91	0,06	
90,915	0,07	
90,92	0,07	
90,925	0,07	
90,93	0,08	
90,935	0,08	
90,94	0,09	
90,945	0,09	
90,95	0,1	
90,955	0,1	
90,96	0,11	
90,965	0,11	
90,97	0,11	
90,975	0,12	
90,98	0,12	
90,985	0,13	
90,99	0,13	
90,995	0,14	
91,0	0,14	
91,005	0,14	
91,01	0,15	
91,015	0,15	
91,02	0,15	
91,025	0,15	
91,03	0,16	
91,035	0,16	
91,04	0,17	
91,045	0,18	
91,05	0,18	
91,055	0,18	
91,06	0,18	
91,065	0,18	
91,07	0,18	
91,075	0,19	
91,08	0,19	
91,085	0,2	
91,09	0,2	
91,095	0,2	
91,1	0,2	
91,105	0,21	
91,11	0,21	
91,115	0,21	
91,12	0,22	
91,125	0,22	
91,13	0,22	
91,135	0,22	
91,14	0,22	
91,145	0,22	
91,15	0,22	
91,155	0,22	
91,16	0,22	
91,165	0,23	
91,17	0,23	
91,175	0,23	
91,18	0,23	
91,185	0,23	
91,19	0,23	
91,195	0,23	
91,2	0,22	
91,205	0,23	
91,21	0,22	
91,215	0,22	
91,22	0,23	
91,225	0,23	
91,23	0,23	
91,235	0,23	
91,24	0,23	
91,245	0,22	
91,25	0,22	
91,255	0,21	
91,26	0,21	
91,265	0,21	
91,27	0,21	
91,275	0,21	
91,28	0,21	
91,285	0,21	
91,29	0,2	
91,295	0,2	
91,3	0,19	
91,305	0,19	
91,31	0,19	
91,315	0,19	
91,32	0,19	
91,325	0,18	
91,33	0,18	
91,335	0,17	
91,34	0,17	
91,345	0,16	
91,35	0,16	
91,355	0,15	
91,36	0,15	
91,365	0,14	
91,37	0,14	
91,375	0,13	
91,38	0,13	
91,385	0,13	
91,39	0,12	
91,395	0,11	
91,4	0,11	
91,405	0,1	
91,41	0,09	
91,415	0,09	
91,42	0,08	
91,425	0,08	
91,43	0,07	
91,435	0,07	
91,44	0,06	
91,445	0,05	
91,45	0,04	
91,455	0,04	
91,46	0,03	
91,465	0,02	
91,47	0,02	
91,475	0,01	
91,48	0,01	
91,485	0	
91,49	-0,01	
91,495	-0,02	
91,5	-0,03	
91,505	-0,03	
91,51	-0,03	
91,515	-0,04	
91,52	-0,04	
91,525	-0,05	
91,53	-0,06	
91,535	-0,07	
91,54	-0,08	
91,545	-0,09	
91,55	-0,09	
91,555	-0,1	
91,56	-0,1	
91,565	-0,11	
91,57	-0,11	
91,575	-0,12	
91,58	-0,13	
91,585	-0,14	
91,59	-0,15	
91,595	-0,16	
91,6	-0,16	
91,605	-0,17	
91,61	-0,18	
91,615	-0,18	
91,62	-0,19	
91,625	-0,2	
91,63	-0,2	
91,635	-0,2	
91,64	-0,21	
91,645	-0,22	
91,65	-0,22	
91,655	-0,23	
91,66	-0,24	
91,665	-0,24	
91,67	-0,25	
91,675	-0,25	
91,68	-0,26	
91,685	-0,26	
91,69	-0,26	
91,695	-0,27	
91,7	-0,27	
91,705	-0,28	
91,71	-0,28	
91,715	-0,29	
91,72	-0,29	
91,725	-0,29	
91,73	-0,3	
91,735	-0,3	
91,74	-0,3	
91,745	-0,3	
91,75	-0,31	
91,755	-0,31	
91,76	-0,31	
91,765	-0,32	
91,77	-0,32	
91,775	-0,32	
91,78	-0,32	
91,785	-0,32	
91,79	-0,32	
91,795	-0,33	
91,8	-0,33	
91,805	-0,33	
91,81	-0,33	
91,815	-0,33	
91,82	-0,33	
91,825	-0,33	
91,83	-0,33	
91,835	-0,33	
91,84	-0,33	
91,845	-0,33	
91,85	-0,33	
91,855	-0,33	
91,86	-0,33	
91,865	-0,32	
91,87	-0,32	
91,875	-0,32	
91,88	-0,31	
91,885	-0,31	
91,89	-0,31	
91,895	-0,31	
91,9	-0,31	
91,905	-0,3	
91,91	-0,3	
91,915	-0,29	
91,92	-0,29	
91,925	-0,29	
91,93	-0,28	
91,935	-0,28	
91,94	-0,28	
91,945	-0,27	
91,95	-0,27	
91,955	-0,26	
91,96	-0,25	
91,965	-0,25	
91,97	-0,24	
91,975	-0,23	
91,98	-0,23	
91,985	-0,23	
91,99	-0,22	
91,995	-0,21	
92,0	-0,21	
92,005	-0,2	
92,01	-0,18	
92,015	-0,17	
92,02	-0,17	
92,025	-0,16	
92,03	-0,16	
92,035	-0,15	
92,04	-0,14	
92,045	-0,14	
92,05	-0,13	
92,055	-0,12	
92,06	-0,11	
92,065	-0,1	
92,07	-0,09	
92,075	-0,09	
92,08	-0,08	
92,085	-0,07	
92,09	-0,05	
92,095	-0,04	
92,1	-0,03	
92,105	-0,02	
92,11	-0,01	
92,115	0	
92,12	0,01	
92,125	0,01	
92,13	0,02	
92,135	0,03	
92,14	0,03	
92,145	0,04	
92,15	0,05	
92,155	0,06	
92,16	0,07	
92,165	0,08	
92,17	0,09	
92,175	0,11	
92,18	0,11	
92,185	0,12	
92,19	0,13	
92,195	0,14	
92,2	0,14	
92,205	0,16	
92,21	0,17	
92,215	0,17	
92,22	0,19	
92,225	0,19	
92,23	0,2	
92,235	0,21	
92,24	0,22	
92,245	0,23	
92,25	0,23	
92,255	0,25	
92,26	0,25	
92,265	0,26	
92,27	0,27	
92,275	0,28	
92,28	0,29	
92,285	0,29	
92,29	0,3	
92,295	0,3	
92,3	0,31	
92,305	0,32	
92,31	0,32	
92,315	0,33	
92,32	0,33	
92,325	0,34	
92,33	0,35	
92,335	0,36	
92,34	0,36	
92,345	0,37	
92,35	0,37	
92,355	0,37	
92,36	0,38	
92,365	0,38	
92,37	0,39	
92,375	0,39	
92,38	0,4	
92,385	0,4	
92,39	0,4	
92,395	0,4	
92,4	0,41	
92,405	0,41	
92,41	0,41	
92,415	0,42	
92,42	0,42	
92,425	0,42	
92,43	0,42	
92,435	0,42	
92,44	0,42	
92,445	0,42	
92,45	0,42	
92,455	0,42	
92,46	0,42	
92,465	0,42	
92,47	0,42	
92,475	0,42	
92,48	0,41	
92,485	0,41	
92,49	0,41	
92,495	0,41	
92,5	0,41	
92,505	0,41	
92,51	0,4	
92,515	0,4	
92,52	0,39	
92,525	0,39	
92,53	0,38	
92,535	0,38	
92,54	0,37	
92,545	0,37	
92,55	0,37	
92,555	0,36	
92,56	0,36	
92,565	0,35	
92,57	0,34	
92,575	0,34	
92,58	0,33	
92,585	0,32	
92,59	0,32	
92,595	0,31	
92,6	0,3	
92,605	0,3	
92,61	0,29	
92,615	0,28	
92,62	0,27	
92,625	0,26	
92,63	0,25	
92,635	0,24	
92,64	0,24	
92,645	0,23	
92,65	0,23	
92,655	0,22	
92,66	0,2	
92,665	0,19	
92,67	0,18	
92,675	0,16	
92,68	0,15	
92,685	0,14	
92,69	0,14	
92,695	0,13	
92,7	0,12	
92,705	0,11	
92,71	0,1	
92,715	0,09	
92,72	0,08	
92,725	0,07	
92,73	0,05	
92,735	0,04	
92,74	0,03	
92,745	0,02	
92,75	0,01	
92,755	0	
92,76	-0,02	
92,765	-0,03	
92,77	-0,04	
92,775	-0,05	
92,78	-0,07	
92,785	-0,07	
92,79	-0,08	
92,795	-0,09	
92,8	-0,1	
92,805	-0,11	
92,81	-0,12	
92,815	-0,13	
92,82	-0,15	
92,825	-0,16	
92,83	-0,17	
92,835	-0,19	
92,84	-0,2	
92,845	-0,21	
92,85	-0,22	
92,855	-0,24	
92,86	-0,24	
92,865	-0,25	
92,87	-0,26	
92,875	-0,27	
92,88	-0,28	
92,885	-0,29	
92,89	-0,3	
92,895	-0,31	
92,9	-0,32	
92,905	-0,33	
92,91	-0,34	
92,915	-0,34	
92,92	-0,35	
92,925	-0,36	
92,93	-0,37	
92,935	-0,38	
92,94	-0,39	
92,945	-0,39	
92,95	-0,4	
92,955	-0,4	
92,96	-0,41	
92,965	-0,42	
92,97	-0,43	
92,975	-0,43	
92,98	-0,44	
92,985	-0,45	
92,99	-0,45	
92,995	-0,46	
93,0	-0,46	
93,005	-0,47	
93,01	-0,47	
93,015	-0,47	
93,02	-0,47	
93,025	-0,48	
93,03	-0,48	
93,035	-0,49	
93,04	-0,49	
93,045	-0,49	
93,05	-0,49	
93,055	-0,49	
93,06	-0,5	
93,065	-0,5	
93,07	-0,5	
93,075	-0,5	
93,08	-0,5	
93,085	-0,5	
93,09	-0,5	
93,095	-0,5	
93,1	-0,49	
93,105	-0,49	
93,11	-0,49	
93,115	-0,49	
93,12	-0,49	
93,125	-0,49	
93,13	-0,49	
93,135	-0,48	
93,14	-0,47	
93,145	-0,47	
93,15	-0,46	
93,155	-0,46	
93,16	-0,46	
93,165	-0,45	
93,17	-0,45	
93,175	-0,45	
93,18	-0,44	
93,185	-0,43	
93,19	-0,42	
93,195	-0,42	
93,2	-0,41	
93,205	-0,4	
93,21	-0,4	
93,215	-0,39	
93,22	-0,38	
93,225	-0,37	
93,23	-0,36	
93,235	-0,35	
93,24	-0,34	
93,245	-0,33	
93,25	-0,32	
93,255	-0,31	
93,26	-0,3	
93,265	-0,29	
93,27	-0,28	
93,275	-0,27	
93,28	-0,26	
93,285	-0,25	
93,29	-0,24	
93,295	-0,23	
93,3	-0,22	
93,305	-0,21	
93,31	-0,2	
93,315	-0,18	
93,32	-0,17	
93,325	-0,15	
93,33	-0,14	
93,335	-0,13	
93,34	-0,12	
93,345	-0,11	
93,35	-0,09	
93,355	-0,08	
93,36	-0,07	
93,365	-0,06	
93,37	-0,05	
93,375	-0,03	
93,38	-0,02	
93,385	0	
93,39	0,02	
93,395	0,03	
93,4	0,04	
93,405	0,05	
93,41	0,06	
93,415	0,07	
93,42	0,09	
93,425	0,1	
93,43	0,12	
93,435	0,12	
93,44	0,14	
93,445	0,15	
93,45	0,16	
93,455	0,17	
93,46	0,19	
93,465	0,21	
93,47	0,23	
93,475	0,24	
93,48	0,25	
93,485	0,26	
93,49	0,27	
93,495	0,28	
93,5	0,29	
93,505	0,3	
93,51	0,32	
93,515	0,33	
93,52	0,34	
93,525	0,35	
93,53	0,36	
93,535	0,36	
93,54	0,37	
93,545	0,38	
93,55	0,39	
93,555	0,4	
93,56	0,41	
93,565	0,43	
93,57	0,44	
93,575	0,45	
93,58	0,45	
93,585	0,46	
93,59	0,47	
93,595	0,47	
93,6	0,48	
93,605	0,49	
93,61	0,5	
93,615	0,5	
93,62	0,51	
93,625	0,51	
93,63	0,52	
93,635	0,52	
93,64	0,53	
93,645	0,53	
93,65	0,53	
93,655	0,54	
93,66	0,54	
93,665	0,55	
93,67	0,55	
93,675	0,55	
93,68	0,55	
93,685	0,56	
93,69	0,56	
93,695	0,56	
93,7	0,56	
93,705	0,56	
93,71	0,56	
93,715	0,56	
93,72	0,56	
93,725	0,56	
93,73	0,56	
93,735	0,55	
93,74	0,55	
93,745	0,55	
93,75	0,55	
93,755	0,55	
93,76	0,54	
93,765	0,54	
93,77	0,53	
93,775	0,53	
93,78	0,53	
93,785	0,52	
93,79	0,51	
93,795	0,51	
93,8	0,5	
93,805	0,49	
93,81	0,48	
93,815	0,48	
93,82	0,47	
93,825	0,47	
93,83	0,46	
93,835	0,45	
93,84	0,44	
93,845	0,43	
93,85	0,42	
93,855	0,41	
93,86	0,41	
93,865	0,4	
93,87	0,39	
93,875	0,38	
93,88	0,36	
93,885	0,35	
93,89	0,34	
93,895	0,33	
93,9	0,32	
93,905	0,31	
93,91	0,3	
93,915	0,28	
93,92	0,27	
93,925	0,26	
93,93	0,25	
93,935	0,23	
93,94	0,22	
93,945	0,21	
93,95	0,19	
93,955	0,18	
93,96	0,17	
93,965	0,15	
93,97	0,14	
93,975	0,12	
93,98	0,11	
93,985	0,1	
93,99	0,08	
93,995	0,07	
94,0	0,06	
94,005	0,04	
94,01	0,02	
94,015	0,01	
94,02	0	
94,025	-0,02	
94,03	-0,04	
94,035	-0,06	
94,04	-0,07	
94,045	-0,09	
94,05	-0,1	
94,055	-0,11	
94,06	-0,12	
94,065	-0,14	
94,07	-0,15	
94,075	-0,17	
94,08	-0,18	
94,085	-0,2	
94,09	-0,21	
94,095	-0,22	
94,1	-0,23	
94,105	-0,24	
94,11	-0,26	
94,115	-0,28	
94,12	-0,29	
94,125	-0,3	
94,13	-0,32	
94,135	-0,33	
94,14	-0,34	
94,145	-0,35	
94,15	-0,36	
94,155	-0,37	
94,16	-0,38	
94,165	-0,4	
94,17	-0,41	
94,175	-0,42	
94,18	-0,43	
94,185	-0,44	
94,19	-0,45	
94,195	-0,47	
94,2	-0,47	
94,205	-0,48	
94,21	-0,49	
94,215	-0,5	
94,22	-0,51	
94,225	-0,52	
94,23	-0,52	
94,235	-0,53	
94,24	-0,54	
94,245	-0,54	
94,25	-0,55	
94,255	-0,55	
94,26	-0,55	
94,265	-0,56	
94,27	-0,57	
94,275	-0,57	
94,28	-0,58	
94,285	-0,59	
94,29	-0,59	
94,295	-0,59	
94,3	-0,59	
94,305	-0,59	
94,31	-0,6	
94,315	-0,6	
94,32	-0,6	
94,325	-0,61	
94,33	-0,6	
94,335	-0,6	
94,34	-0,6	
94,345	-0,6	
94,35	-0,6	
94,355	-0,6	
94,36	-0,6	
94,365	-0,6	
94,37	-0,59	
94,375	-0,59	
94,38	-0,59	
94,385	-0,59	
94,39	-0,58	
94,395	-0,58	
94,4	-0,57	
94,405	-0,57	
94,41	-0,56	
94,415	-0,56	
94,42	-0,55	
94,425	-0,55	
94,43	-0,54	
94,435	-0,53	
94,44	-0,52	
94,445	-0,52	
94,45	-0,51	
94,455	-0,51	
94,46	-0,5	
94,465	-0,49	
94,47	-0,48	
94,475	-0,47	
94,48	-0,46	
94,485	-0,45	
94,49	-0,44	
94,495	-0,43	
94,5	-0,42	
94,505	-0,41	
94,51	-0,4	
94,515	-0,38	
94,52	-0,37	
94,525	-0,35	
94,53	-0,34	
94,535	-0,33	
94,54	-0,32	
94,545	-0,31	
94,55	-0,29	
94,555	-0,28	
94,56	-0,27	
94,565	-0,25	
94,57	-0,24	
94,575	-0,23	
94,58	-0,21	
94,585	-0,2	
94,59	-0,18	
94,595	-0,17	
94,6	-0,15	
94,605	-0,13	
94,61	-0,12	
94,615	-0,11	
94,62	-0,09	
94,625	-0,08	
94,63	-0,06	
94,635	-0,05	
94,64	-0,04	
94,645	-0,02	
94,65	0	
94,655	0,02	
94,66	0,03	
94,665	0,05	
94,67	0,07	
94,675	0,08	
94,68	0,1	
94,685	0,11	
94,69	0,12	
94,695	0,14	
94,7	0,16	
94,705	0,17	
94,71	0,19	
94,715	0,2	
94,72	0,22	
94,725	0,23	
94,73	0,24	
94,735	0,26	
94,74	0,27	
94,745	0,28	
94,75	0,3	
94,755	0,31	
94,76	0,33	
94,765	0,34	
94,77	0,35	
94,775	0,37	
94,78	0,38	
94,785	0,39	
94,79	0,41	
94,795	0,42	
94,8	0,43	
94,805	0,44	
94,81	0,45	
94,815	0,45	
94,82	0,47	
94,825	0,48	
94,83	0,49	
94,835	0,5	
94,84	0,52	
94,845	0,52	
94,85	0,53	
94,855	0,54	
94,86	0,55	
94,865	0,55	
94,87	0,56	
94,875	0,57	
94,88	0,57	
94,885	0,58	
94,89	0,59	
94,895	0,59	
94,9	0,59	
94,905	0,6	
94,91	0,6	
94,915	0,61	
94,92	0,61	
94,925	0,62	
94,93	0,62	
94,935	0,63	
94,94	0,63	
94,945	0,63	
94,95	0,63	
94,955	0,63	
94,96	0,63	
94,965	0,63	
94,97	0,63	
94,975	0,62	
94,98	0,62	
94,985	0,63	
94,99	0,63	
94,995	0,63	
95,0	0,63	
95,005	0,62	
95,01	0,61	
95,015	0,61	
95,02	0,6	
95,025	0,6	
95,03	0,6	
95,035	0,59	
95,04	0,59	
95,045	0,58	
95,05	0,57	
95,055	0,57	
95,06	0,56	
95,065	0,55	
95,07	0,55	
95,075	0,54	
95,08	0,54	
95,085	0,52	
95,09	0,51	
95,095	0,51	
95,1	0,5	
95,105	0,48	
95,11	0,48	
95,115	0,47	
95,12	0,46	
95,125	0,44	
95,13	0,43	
95,135	0,42	
95,14	0,41	
95,145	0,4	
95,15	0,39	
95,155	0,38	
95,16	0,37	
95,165	0,34	
95,17	0,33	
95,175	0,32	
95,18	0,3	
95,185	0,29	
95,19	0,28	
95,195	0,26	
95,2	0,25	
95,205	0,23	
95,21	0,22	
95,215	0,2	
95,22	0,19	
95,225	0,17	
95,23	0,16	
95,235	0,14	
95,24	0,13	
95,245	0,11	
95,25	0,09	
95,255	0,08	
95,26	0,06	
95,265	0,05	
95,27	0,03	
95,275	0,02	
95,28	0	
95,285	-0,01	
95,29	-0,03	
95,295	-0,04	
95,3	-0,06	
95,305	-0,07	
95,31	-0,09	
95,315	-0,11	
95,32	-0,12	
95,325	-0,15	
95,33	-0,16	
95,335	-0,18	
95,34	-0,19	
95,345	-0,21	
95,35	-0,22	
95,355	-0,23	
95,36	-0,25	
95,365	-0,26	
95,37	-0,28	
95,375	-0,29	
95,38	-0,3	
95,385	-0,31	
95,39	-0,33	
95,395	-0,34	
95,4	-0,35	
95,405	-0,37	
95,41	-0,38	
95,415	-0,39	
95,42	-0,4	
95,425	-0,42	
95,43	-0,43	
95,435	-0,45	
95,44	-0,46	
95,445	-0,47	
95,45	-0,48	
95,455	-0,48	
95,46	-0,49	
95,465	-0,5	
95,47	-0,51	
95,475	-0,52	
95,48	-0,53	
95,485	-0,54	
95,49	-0,55	
95,495	-0,56	
95,5	-0,56	
95,505	-0,57	
95,51	-0,58	
95,515	-0,58	
95,52	-0,59	
95,525	-0,6	
95,53	-0,6	
95,535	-0,6	
95,54	-0,61	
95,545	-0,61	
95,55	-0,62	
95,555	-0,62	
95,56	-0,63	
95,565	-0,63	
95,57	-0,63	
95,575	-0,63	
95,58	-0,63	
95,585	-0,63	
95,59	-0,63	
95,595	-0,64	
95,6	-0,64	
95,605	-0,64	
95,61	-0,64	
95,615	-0,64	
95,62	-0,63	
95,625	-0,63	
95,63	-0,63	
95,635	-0,63	
95,64	-0,62	
95,645	-0,62	
95,65	-0,61	
95,655	-0,61	
95,66	-0,6	
95,665	-0,6	
95,67	-0,59	
95,675	-0,58	
95,68	-0,58	
95,685	-0,57	
95,69	-0,57	
95,695	-0,57	
95,7	-0,56	
95,705	-0,55	
95,71	-0,54	
95,715	-0,53	
95,72	-0,52	
95,725	-0,5	
95,73	-0,5	
95,735	-0,49	
95,74	-0,48	
95,745	-0,47	
95,75	-0,46	
95,755	-0,45	
95,76	-0,43	
95,765	-0,42	
95,77	-0,41	
95,775	-0,4	
95,78	-0,39	
95,785	-0,38	
95,79	-0,36	
95,795	-0,35	
95,8	-0,34	
95,805	-0,32	
95,81	-0,3	
95,815	-0,29	
95,82	-0,28	
95,825	-0,26	
95,83	-0,25	
95,835	-0,23	
95,84	-0,22	
95,845	-0,2	
95,85	-0,19	
95,855	-0,17	
95,86	-0,16	
95,865	-0,14	
95,87	-0,13	
95,875	-0,11	
95,88	-0,1	
95,885	-0,09	
95,89	-0,06	
95,895	-0,05	
95,9	-0,03	
95,905	-0,01	
95,91	0	
95,915	0,02	
95,92	0,03	
95,925	0,04	
95,93	0,05	
95,935	0,07	
95,94	0,09	
95,945	0,11	
95,95	0,13	
95,955	0,15	
95,96	0,16	
95,965	0,17	
95,97	0,18	
95,975	0,2	
95,98	0,21	
95,985	0,23	
95,99	0,24	
95,995	0,26	
96,0	0,27	
96,005	0,28	
96,01	0,3	
96,015	0,31	
96,02	0,32	
96,025	0,34	
96,03	0,35	
96,035	0,36	
96,04	0,38	
96,045	0,39	
96,05	0,4	
96,055	0,41	
96,06	0,43	
96,065	0,44	
96,07	0,45	
96,075	0,46	
96,08	0,46	
96,085	0,47	
96,09	0,48	
96,095	0,49	
96,1	0,5	
96,105	0,51	
96,11	0,52	
96,115	0,53	
96,12	0,54	
96,125	0,55	
96,13	0,56	
96,135	0,57	
96,14	0,57	
96,145	0,58	
96,15	0,58	
96,155	0,59	
96,16	0,6	
96,165	0,6	
96,17	0,6	
96,175	0,61	
96,18	0,61	
96,185	0,61	
96,19	0,62	
96,195	0,62	
96,2	0,62	
96,205	0,62	
96,21	0,62	
96,215	0,62	
96,22	0,63	
96,225	0,63	
96,23	0,63	
96,235	0,63	
96,24	0,62	
96,245	0,62	
96,25	0,62	
96,255	0,62	
96,26	0,61	
96,265	0,61	
96,27	0,61	
96,275	0,6	
96,28	0,6	
96,285	0,6	
96,29	0,59	
96,295	0,59	
96,3	0,58	
96,305	0,57	
96,31	0,57	
96,315	0,56	
96,32	0,56	
96,325	0,55	
96,33	0,54	
96,335	0,53	
96,34	0,52	
96,345	0,51	
96,35	0,51	
96,355	0,5	
96,36	0,49	
96,365	0,48	
96,37	0,47	
96,375	0,45	
96,38	0,44	
96,385	0,43	
96,39	0,42	
96,395	0,41	
96,4	0,41	
96,405	0,4	
96,41	0,38	
96,415	0,37	
96,42	0,36	
96,425	0,34	
96,43	0,33	
96,435	0,31	
96,44	0,3	
96,445	0,29	
96,45	0,27	
96,455	0,26	
96,46	0,24	
96,465	0,22	
96,47	0,21	
96,475	0,2	
96,48	0,18	
96,485	0,17	
96,49	0,16	
96,495	0,14	
96,5	0,13	
96,505	0,12	
96,51	0,1	
96,515	0,09	
96,52	0,07	
96,525	0,06	
96,53	0,04	
96,535	0,02	
96,54	0	
96,545	-0,01	
96,55	-0,02	
96,555	-0,04	
96,56	-0,05	
96,565	-0,07	
96,57	-0,08	
96,575	-0,1	
96,58	-0,11	
96,585	-0,13	
96,59	-0,14	
96,595	-0,16	
96,6	-0,17	
96,605	-0,18	
96,61	-0,2	
96,615	-0,21	
96,62	-0,23	
96,625	-0,24	
96,63	-0,26	
96,635	-0,27	
96,64	-0,28	
96,645	-0,3	
96,65	-0,31	
96,655	-0,32	
96,66	-0,33	
96,665	-0,34	
96,67	-0,35	
96,675	-0,36	
96,68	-0,38	
96,685	-0,39	
96,69	-0,4	
96,695	-0,41	
96,7	-0,43	
96,705	-0,44	
96,71	-0,45	
96,715	-0,46	
96,72	-0,47	
96,725	-0,47	
96,73	-0,48	
96,735	-0,49	
96,74	-0,5	
96,745	-0,51	
96,75	-0,52	
96,755	-0,53	
96,76	-0,53	
96,765	-0,54	
96,77	-0,54	
96,775	-0,54	
96,78	-0,55	
96,785	-0,56	
96,79	-0,56	
96,795	-0,57	
96,8	-0,57	
96,805	-0,57	
96,81	-0,58	
96,815	-0,58	
96,82	-0,58	
96,825	-0,59	
96,83	-0,59	
96,835	-0,59	
96,84	-0,59	
96,845	-0,59	
96,85	-0,6	
96,855	-0,59	
96,86	-0,6	
96,865	-0,6	
96,87	-0,59	
96,875	-0,59	
96,88	-0,59	
96,885	-0,58	
96,89	-0,58	
96,895	-0,58	
96,9	-0,58	
96,905	-0,57	
96,91	-0,57	
96,915	-0,57	
96,92	-0,57	
96,925	-0,56	
96,93	-0,55	
96,935	-0,55	
96,94	-0,54	
96,945	-0,53	
96,95	-0,52	
96,955	-0,52	
96,96	-0,51	
96,965	-0,5	
96,97	-0,49	
96,975	-0,49	
96,98	-0,48	
96,985	-0,47	
96,99	-0,46	
96,995	-0,45	
97,0	-0,44	
97,005	-0,43	
97,01	-0,43	
97,015	-0,42	
97,02	-0,41	
97,025	-0,39	
97,03	-0,38	
97,035	-0,37	
97,04	-0,36	
97,045	-0,35	
97,05	-0,34	
97,055	-0,32	
97,06	-0,31	
97,065	-0,3	
97,07	-0,29	
97,075	-0,28	
97,08	-0,26	
97,085	-0,25	
97,09	-0,24	
97,095	-0,22	
97,1	-0,21	
97,105	-0,19	
97,11	-0,18	
97,115	-0,17	
97,12	-0,15	
97,125	-0,14	
97,13	-0,12	
97,135	-0,11	
97,14	-0,1	
97,145	-0,08	
97,15	-0,07	
97,155	-0,06	
97,16	-0,04	
97,165	-0,03	
97,17	-0,01	
97,175	0	
97,18	0,02	
97,185	0,03	
97,19	0,04	
97,195	0,06	
97,2	0,07	
97,205	0,09	
97,21	0,1	
97,215	0,12	
97,22	0,14	
97,225	0,15	
97,23	0,16	
97,235	0,17	
97,24	0,18	
97,245	0,19	
97,25	0,2	
97,255	0,21	
97,26	0,23	
97,265	0,25	
97,27	0,27	
97,275	0,28	
97,28	0,29	
97,285	0,29	
97,29	0,3	
97,295	0,31	
97,3	0,32	
97,305	0,33	
97,31	0,35	
97,315	0,36	
97,32	0,37	
97,325	0,38	
97,33	0,39	
97,335	0,39	
97,34	0,4	
97,345	0,41	
97,35	0,42	
97,355	0,43	
97,36	0,44	
97,365	0,45	
97,37	0,46	
97,375	0,47	
97,38	0,48	
97,385	0,48	
97,39	0,49	
97,395	0,49	
97,4	0,5	
97,405	0,5	
97,41	0,51	
97,415	0,51	
97,42	0,51	
97,425	0,52	
97,43	0,52	
97,435	0,53	
97,44	0,53	
97,445	0,53	
97,45	0,54	
97,455	0,54	
97,46	0,54	
97,465	0,54	
97,47	0,54	
97,475	0,54	
97,48	0,54	
97,485	0,54	
97,49	0,54	
97,495	0,54	
97,5	0,54	
97,505	0,54	
97,51	0,54	
97,515	0,53	
97,52	0,53	
97,525	0,53	
97,53	0,53	
97,535	0,53	
97,54	0,53	
97,545	0,52	
97,55	0,52	
97,555	0,51	
97,56	0,5	
97,565	0,5	
97,57	0,49	
97,575	0,49	
97,58	0,48	
97,585	0,48	
97,59	0,47	
97,595	0,46	
97,6	0,46	
97,605	0,45	
97,61	0,44	
97,615	0,43	
97,62	0,42	
97,625	0,41	
97,63	0,4	
97,635	0,4	
97,64	0,39	
97,645	0,38	
97,65	0,37	
97,655	0,36	
97,66	0,35	
97,665	0,34	
97,67	0,33	
97,675	0,32	
97,68	0,3	
97,685	0,29	
97,69	0,28	
97,695	0,27	
97,7	0,26	
97,705	0,25	
97,71	0,24	
97,715	0,23	
97,72	0,22	
97,725	0,21	
97,73	0,19	
97,735	0,18	
97,74	0,16	
97,745	0,15	
97,75	0,13	
97,755	0,12	
97,76	0,11	
97,765	0,1	
97,77	0,09	
97,775	0,08	
97,78	0,07	
97,785	0,05	
97,79	0,04	
97,795	0,02	
97,8	0,01	
97,805	0	
97,81	-0,01	
97,815	-0,01	
97,82	-0,03	
97,825	-0,04	
97,83	-0,06	
97,835	-0,08	
97,84	-0,09	
97,845	-0,11	
97,85	-0,12	
97,855	-0,13	
97,86	-0,14	
97,865	-0,14	
97,87	-0,15	
97,875	-0,16	
97,88	-0,17	
97,885	-0,19	
97,89	-0,2	
97,895	-0,21	
97,9	-0,22	
97,905	-0,23	
97,91	-0,24	
97,915	-0,26	
97,92	-0,27	
97,925	-0,28	
97,93	-0,29	
97,935	-0,3	
97,94	-0,31	
97,945	-0,31	
97,95	-0,32	
97,955	-0,33	
97,96	-0,34	
97,965	-0,35	
97,97	-0,36	
97,975	-0,36	
97,98	-0,37	
97,985	-0,38	
97,99	-0,39	
97,995	-0,4	
98,0	-0,41	
98,005	-0,42	
98,01	-0,42	
98,015	-0,43	
98,02	-0,43	
98,025	-0,44	
98,03	-0,44	
98,035	-0,44	
98,04	-0,44	
98,045	-0,45	
98,05	-0,45	
98,055	-0,46	
98,06	-0,46	
98,065	-0,46	
98,07	-0,47	
98,075	-0,47	
98,08	-0,47	
98,085	-0,47	
98,09	-0,47	
98,095	-0,47	
98,1	-0,47	
98,105	-0,47	
98,11	-0,48	
98,115	-0,48	
98,12	-0,48	
98,125	-0,48	
98,13	-0,47	
98,135	-0,47	
98,14	-0,47	
98,145	-0,47	
98,15	-0,47	
98,155	-0,46	
98,16	-0,46	
98,165	-0,46	
98,17	-0,46	
98,175	-0,45	
98,18	-0,45	
98,185	-0,44	
98,19	-0,44	
98,195	-0,43	
98,2	-0,43	
98,205	-0,43	
98,21	-0,42	
98,215	-0,41	
98,22	-0,41	
98,225	-0,4	
98,23	-0,4	
98,235	-0,39	
98,24	-0,38	
98,245	-0,38	
98,25	-0,37	
98,255	-0,36	
98,26	-0,35	
98,265	-0,35	
98,27	-0,34	
98,275	-0,33	
98,28	-0,32	
98,285	-0,31	
98,29	-0,3	
98,295	-0,3	
98,3	-0,29	
98,305	-0,28	
98,31	-0,27	
98,315	-0,26	
98,32	-0,25	
98,325	-0,24	
98,33	-0,23	
98,335	-0,22	
98,34	-0,21	
98,345	-0,2	
98,35	-0,19	
98,355	-0,18	
98,36	-0,17	
98,365	-0,16	
98,37	-0,15	
98,375	-0,14	
98,38	-0,13	
98,385	-0,12	
98,39	-0,11	
98,395	-0,1	
98,4	-0,09	
98,405	-0,07	
98,41	-0,06	
98,415	-0,05	
98,42	-0,03	
98,425	-0,02	
98,43	-0,02	
98,435	-0,01	
98,44	0	
98,445	0,01	
98,45	0,02	
98,455	0,03	
98,46	0,05	
98,465	0,06	
98,47	0,07	
98,475	0,08	
98,48	0,1	
98,485	0,1	
98,49	0,11	
98,495	0,12	
98,5	0,13	
98,505	0,14	
98,51	0,15	
98,515	0,16	
98,52	0,17	
98,525	0,18	
98,53	0,19	
98,535	0,2	
98,54	0,21	
98,545	0,21	
98,55	0,22	
98,555	0,23	
98,56	0,24	
98,565	0,25	
98,57	0,26	
98,575	0,27	
98,58	0,27	
98,585	0,28	
98,59	0,29	
98,595	0,29	
98,6	0,3	
98,605	0,3	
98,61	0,31	
98,615	0,31	
98,62	0,32	
98,625	0,33	
98,63	0,33	
98,635	0,34	
98,64	0,35	
98,645	0,35	
98,65	0,36	
98,655	0,36	
98,66	0,36	
98,665	0,36	
98,67	0,37	
98,675	0,37	
98,68	0,38	
98,685	0,38	
98,69	0,39	
98,695	0,39	
98,7	0,39	
98,705	0,39	
98,71	0,39	
98,715	0,39	
98,72	0,39	
98,725	0,39	
98,73	0,39	
98,735	0,39	
98,74	0,4	
98,745	0,4	
98,75	0,39	
98,755	0,39	
98,76	0,39	
98,765	0,39	
98,77	0,39	
98,775	0,39	
98,78	0,39	
98,785	0,39	
98,79	0,39	
98,795	0,38	
98,8	0,37	
98,805	0,37	
98,81	0,37	
98,815	0,37	
98,82	0,37	
98,825	0,36	
98,83	0,36	
98,835	0,35	
98,84	0,35	
98,845	0,34	
98,85	0,34	
98,855	0,33	
98,86	0,33	
98,865	0,33	
98,87	0,32	
98,875	0,32	
98,88	0,31	
98,885	0,3	
98,89	0,29	
98,895	0,28	
98,9	0,28	
98,905	0,27	
98,91	0,27	
98,915	0,26	
98,92	0,26	
98,925	0,25	
98,93	0,24	
98,935	0,23	
98,94	0,22	
98,945	0,21	
98,95	0,21	
98,955	0,2	
98,96	0,2	
98,965	0,19	
98,97	0,18	
98,975	0,17	
98,98	0,16	
98,985	0,15	
98,99	0,14	
98,995	0,13	
99,0	0,12	
99,005	0,12	
99,01	0,11	
99,015	0,1	
99,02	0,09	
99,025	0,08	
99,03	0,07	
99,035	0,07	
99,04	0,06	
99,045	0,05	
99,05	0,04	
99,055	0,03	
99,06	0,02	
99,065	0,01	
99,07	0	
99,075	-0,01	
99,08	-0,02	
99,085	-0,03	
99,09	-0,04	
99,095	-0,04	
99,1	-0,05	
99,105	-0,05	
99,11	-0,06	
99,115	-0,07	
99,12	-0,08	
99,125	-0,09	
99,13	-0,1	
99,135	-0,11	
99,14	-0,12	
99,145	-0,12	
99,15	-0,13	
99,155	-0,13	
99,16	-0,14	
99,165	-0,15	
99,17	-0,16	
99,175	-0,17	
99,18	-0,17	
99,185	-0,18	
99,19	-0,18	
99,195	-0,19	
99,2	-0,19	
99,205	-0,2	
99,21	-0,21	
99,215	-0,22	
99,22	-0,22	
99,225	-0,23	
99,23	-0,23	
99,235	-0,24	
99,24	-0,24	
99,245	-0,24	
99,25	-0,25	
99,255	-0,26	
99,26	-0,26	
99,265	-0,27	
99,27	-0,27	
99,275	-0,27	
99,28	-0,27	
99,285	-0,28	
99,29	-0,28	
99,295	-0,29	
99,3	-0,29	
99,305	-0,29	
99,31	-0,29	
99,315	-0,29	
99,32	-0,29	
99,325	-0,29	
99,33	-0,3	
99,335	-0,3	
99,34	-0,3	
99,345	-0,3	
99,35	-0,3	
99,355	-0,3	
99,36	-0,31	
99,365	-0,31	
99,37	-0,31	
99,375	-0,3	
99,38	-0,3	
99,385	-0,3	
99,39	-0,3	
99,395	-0,3	
99,4	-0,3	
99,405	-0,3	
99,41	-0,3	
99,415	-0,3	
99,42	-0,29	
99,425	-0,29	
99,43	-0,29	
99,435	-0,29	
99,44	-0,29	
99,445	-0,29	
99,45	-0,28	
99,455	-0,28	
99,46	-0,27	
99,465	-0,27	
99,47	-0,26	
99,475	-0,26	
99,48	-0,26	
99,485	-0,26	
99,49	-0,25	
99,495	-0,25	
99,5	-0,25	
99,505	-0,24	
99,51	-0,23	
99,515	-0,22	
99,52	-0,22	
99,525	-0,21	
99,53	-0,21	
99,535	-0,2	
99,54	-0,2	
99,545	-0,2	
99,55	-0,19	
99,555	-0,18	
99,56	-0,18	
99,565	-0,17	
99,57	-0,17	
99,575	-0,17	
99,58	-0,16	
99,585	-0,16	
99,59	-0,15	
99,595	-0,14	
99,6	-0,13	
99,605	-0,13	
99,61	-0,12	
99,615	-0,12	
99,62	-0,11	
99,625	-0,11	
99,63	-0,1	
99,635	-0,09	
99,64	-0,08	
99,645	-0,08	
99,65	-0,07	
99,655	-0,06	
99,66	-0,06	
99,665	-0,05	
99,67	-0,05	
99,675	-0,04	
99,68	-0,04	
99,685	-0,03	
99,69	-0,02	
99,695	-0,01	
99,7	-0,01	
99,705	0	
99,71	0	
99,715	0,01	
99,72	0,01	
99,725	0,02	
99,73	0,03	
99,735	0,04	
99,74	0,04	
99,745	0,05	
99,75	0,05	
99,755	0,06	
99,76	0,06	
99,765	0,06	
99,77	0,07	
99,775	0,08	
99,78	0,08	
99,785	0,08	
99,79	0,09	
99,795	0,1	
99,8	0,1	
99,805	0,1	
99,81	0,11	
99,815	0,11	
99,82	0,12	
99,825	0,13	
99,83	0,13	
99,835	0,14	
99,84	0,14	
99,845	0,15	
99,85	0,15	
99,855	0,14	
99,86	0,15	
99,865	0,15	
99,87	0,16	
99,875	0,16	
99,88	0,17	
99,885	0,17	
99,89	0,17	
99,895	0,17	
99,9	0,17	
99,905	0,18	
99,91	0,18	
99,915	0,18	
99,92	0,19	
99,925	0,19	
99,93	0,2	
99,935	0,2	
99,94	0,2	
99,945	0,2	
99,95	0,19	
99,955	0,19	
99,96	0,19	
99,965	0,2	
99,97	0,2	
99,975	0,2	
99,98	0,2	
99,985	0,2	
99,99	0,2	
99,995	0,19	
100,0	0,2	
100,005	0,2	
100,01	0,2	
100,015	0,2	
100,02	0,2	
100,025	0,2	
100,03	0,2	
100,035	0,2	
100,04	0,19	
100,045	0,19	
100,05	0,19	
100,055	0,19	
100,06	0,19	
100,065	0,19	
100,07	0,19	
100,075	0,19	
100,08	0,18	
100,085	0,18	
100,09	0,17	
100,095	0,17	
100,1	0,17	
100,105	0,17	
100,11	0,17	
100,115	0,17	
100,12	0,17	
100,125	0,17	
100,13	0,16	
100,135	0,16	
100,14	0,15	
100,145	0,15	
100,15	0,15	
100,155	0,15	
100,16	0,15	
100,165	0,15	
100,17	0,14	
100,175	0,13	
100,18	0,12	
100,185	0,12	
100,19	0,12	
100,195	0,12	
100,2	0,11	
100,205	0,11	
100,21	0,11	
100,215	0,11	
100,22	0,1	
100,225	0,1	
100,23	0,09	
100,235	0,09	
100,24	0,09	
100,245	0,08	
100,25	0,08	
100,255	0,07	
100,26	0,07	
100,265	0,07	
100,27	0,06	
100,275	0,06	
100,28	0,06	
100,285	0,05	
100,29	0,05	
100,295	0,04	
100,3	0,04	
100,305	0,04	
100,31	0,04	
100,315	0,03	
100,32	0,03	
100,325	0,03	
100,33	0,02	
100,335	0,01	
100,34	0,01	
100,345	0	
100,35	0	
100,355	0	
100,36	0	
100,365	-0,01	
100,37	-0,01	
100,375	-0,01	
100,38	-0,01	
100,385	-0,02	
100,39	-0,02	
100,395	-0,02	
100,4	-0,03	
100,405	-0,03	
100,41	-0,04	
100,415	-0,04	
100,42	-0,04	
100,425	-0,04	
100,43	-0,04	
100,435	-0,05	
100,44	-0,05	
100,445	-0,05	
100,45	-0,06	
100,455	-0,06	
100,46	-0,06	
100,465	-0,07	
100,47	-0,07	
100,475	-0,07	
100,48	-0,07	
100,485	-0,07	
100,49	-0,07	
100,495	-0,07	
100,5	-0,08	
100,505	-0,08	
100,51	-0,08	
100,515	-0,08	
100,52	-0,09	
100,525	-0,08	
100,53	-0,08	
100,535	-0,08	
100,54	-0,08	
100,545	-0,09	
100,55	-0,09	
100,555	-0,09	
100,56	-0,09	
100,565	-0,09	
100,57	-0,09	
100,575	-0,09	
100,58	-0,09	
100,585	-0,1	
100,59	-0,1	
100,595	-0,1	
100,6	-0,09	
100,605	-0,1	
100,61	-0,1	
100,615	-0,09	
100,62	-0,1	
100,625	-0,1	
100,63	-0,09	
100,635	-0,09	
100,64	-0,09	
100,645	-0,09	
100,65	-0,1	
100,655	-0,09	
100,66	-0,1	
100,665	-0,1	
100,67	-0,09	
100,675	-0,09	
100,68	-0,09	
100,685	-0,09	
100,69	-0,09	
100,695	-0,09	
100,7	-0,08	
100,705	-0,08	
100,71	-0,08	
100,715	-0,08	
100,72	-0,08	
100,725	-0,09	
100,73	-0,08	
100,735	-0,09	
100,74	-0,09	
100,745	-0,08	
100,75	-0,08	
100,755	-0,07	
100,76	-0,08	
100,765	-0,07	
100,77	-0,07	
100,775	-0,08	
100,78	-0,07	
100,785	-0,07	
100,79	-0,07	
100,795	-0,06	
100,8	-0,06	
100,805	-0,06	
100,81	-0,06	
100,815	-0,06	
100,82	-0,06	
100,825	-0,06	
100,83	-0,06	
100,835	-0,06	
100,84	-0,06	
100,845	-0,05	
100,85	-0,05	
100,855	-0,05	
100,86	-0,05	
100,865	-0,05	
100,87	-0,05	
100,875	-0,05	
100,88	-0,05	
100,885	-0,05	
100,89	-0,04	
100,895	-0,04	
100,9	-0,04	
100,905	-0,04	
100,91	-0,04	
100,915	-0,04	
100,92	-0,03	
100,925	-0,03	
100,93	-0,03	
100,935	-0,03	
100,94	-0,02	
100,945	-0,02	
100,95	-0,03	
100,955	-0,03	
100,96	-0,03	
100,965	-0,03	
100,97	-0,02	
100,975	-0,02	
100,98	-0,02	
100,985	-0,02	
100,99	-0,02	
100,995	-0,02	
101,0	-0,02	
101,005	-0,02	
101,01	-0,02	
101,015	-0,02	
101,02	-0,01	
101,025	-0,01	
101,03	-0,01	
101,035	-0,01	
101,04	-0,01	
101,045	-0,02	
101,05	-0,02	
101,055	-0,02	
101,06	-0,02	
101,065	-0,02	
101,07	-0,01	
101,075	-0,01	
101,08	-0,01	
101,085	-0,01	
101,09	-0,01	
101,095	-0,01	
101,1	-0,01	
101,105	-0,01	
101,11	-0,01	
101,115	-0,01	
101,12	-0,01	
101,125	-0,01	
101,13	-0,01	
101,135	-0,01	
101,14	-0,02	
101,145	-0,02	
101,15	-0,02	
101,155	-0,02	
101,16	-0,02	
101,165	-0,01	
101,17	-0,01	
101,175	-0,01	
101,18	-0,01	
101,185	-0,01	
101,19	-0,01	
101,195	-0,01	
101,2	-0,01	
101,205	-0,01	
101,21	-0,01	
101,215	-0,01	
101,22	-0,01	
101,225	-0,01	
101,23	-0,01	
101,235	-0,01	
101,24	-0,01	
101,245	-0,01	
101,25	-0,01	
101,255	-0,01	
101,26	-0,02	
101,265	-0,02	
101,27	-0,02	
101,275	-0,02	
101,28	-0,02	
101,285	-0,02	
101,29	-0,02	
101,295	-0,01	
101,3	-0,01	
101,305	-0,01	
101,31	-0,02	
101,315	-0,02	
101,32	-0,02	
101,325	-0,02	
101,33	-0,02	
101,335	-0,02	
101,34	-0,02	
101,345	-0,02	
101,35	-0,02	
101,355	-0,02	
101,36	-0,02	
101,365	-0,02	
101,37	-0,02	
101,375	-0,02	
101,38	-0,02	
101,385	-0,02	
101,39	-0,01	
101,395	-0,01	
101,4	-0,01	
101,405	-0,01	
101,41	-0,01	
101,415	-0,01	
101,42	-0,01	
101,425	-0,01	
101,43	-0,01	
101,435	-0,01	
101,44	-0,01	
101,445	0	
101,45	0	
101,455	0	
101,46	0	
101,465	0	
101,47	0	
101,475	0	
101,48	0	
101,485	0,01	
101,49	0,01	
101,495	0,01	
101,5	0,01	
101,505	0,01	
101,51	0,01	
101,515	0,01	
101,52	0,01	
101,525	0,01	
101,53	0,01	
101,535	0,02	
101,54	0,02	
101,545	0,02	
101,55	0,03	
101,555	0,03	
101,56	0,03	
101,565	0,03	
101,57	0,03	
101,575	0,03	
101,58	0,03	
101,585	0,03	
101,59	0,03	
101,595	0,03	
101,6	0,03	
101,605	0,04	
101,61	0,04	
101,615	0,04	
101,62	0,05	
101,625	0,05	
101,63	0,05	
101,635	0,05	
101,64	0,05	
101,645	0,06	
101,65	0,06	
101,655	0,06	
101,66	0,06	
101,665	0,06	
101,67	0,06	
101,675	0,07	
101,68	0,07	
101,685	0,07	
101,69	0,07	
101,695	0,07	
101,7	0,08	
101,705	0,08	
101,71	0,08	
101,715	0,08	
101,72	0,09	
101,725	0,09	
101,73	0,09	
101,735	0,09	
101,74	0,09	
101,745	0,09	
101,75	0,1	
101,755	0,1	
101,76	0,1	
101,765	0,1	
101,77	0,11	
101,775	0,1	
101,78	0,1	
101,785	0,11	
101,79	0,11	
101,795	0,11	
101,8	0,11	
101,805	0,11	
101,81	0,12	
101,815	0,12	
101,82	0,12	
101,825	0,12	
101,83	0,12	
101,835	0,12	
101,84	0,12	
101,845	0,12	
101,85	0,12	
101,855	0,12	
101,86	0,12	
101,865	0,12	
101,87	0,12	
101,875	0,12	
101,88	0,12	
101,885	0,13	
101,89	0,13	
101,895	0,12	
101,9	0,12	
101,905	0,12	
101,91	0,12	
101,915	0,12	
101,92	0,12	
101,925	0,12	
101,93	0,12	
101,935	0,12	
101,94	0,12	
101,945	0,12	
101,95	0,12	
101,955	0,12	
101,96	0,12	
101,965	0,12	
101,97	0,12	
101,975	0,11	
101,98	0,11	
101,985	0,11	
101,99	0,11	
101,995	0,11	
102,0	0,11	
102,005	0,11	
102,01	0,11	
102,015	0,1	
102,02	0,1	
102,025	0,1	
102,03	0,1	
102,035	0,09	
102,04	0,09	
102,045	0,08	
102,05	0,08	
102,055	0,08	
102,06	0,08	
102,065	0,07	
102,07	0,07	
102,075	0,07	
102,08	0,07	
102,085	0,06	
102,09	0,06	
102,095	0,06	
102,1	0,05	
102,105	0,05	
102,11	0,04	
102,115	0,04	
102,12	0,04	
102,125	0,03	
102,13	0,03	
102,135	0,03	
102,14	0,02	
102,145	0,02	
102,15	0,02	
102,155	0,02	
102,16	0,01	
102,165	0,01	
102,17	0	
102,175	0	
102,18	-0,01	
