t, ñ	wz	
0,0	0	
0,005	0	
0,01	0	
0,015	0	
0,02	0	
0,025	0	
0,03	0	
0,035	-0,01	
0,04	-0,01	
0,045	0	
0,05	-0,01	
0,055	0	
0,06	0	
0,065	0	
0,07	0	
0,075	0	
0,08	0	
0,085	0	
0,09	0	
0,095	0	
0,1	-0,01	
0,105	-0,01	
0,11	0	
0,115	0	
0,12	0,01	
0,125	0,01	
0,13	0,01	
0,135	0,01	
0,14	0	
0,145	0	
0,15	0	
0,155	-0,01	
0,16	-0,01	
0,165	0	
0,17	0	
0,175	0	
0,18	0	
0,185	0	
0,19	0	
0,195	0	
0,2	0	
0,205	0	
0,21	0	
0,215	0	
0,22	0	
0,225	0	
0,23	0	
0,235	0	
0,24	0	
0,245	0	
0,25	-0,01	
0,255	0	
0,26	0	
0,265	0	
0,27	0,01	
0,275	0,01	
0,28	0,01	
0,285	0	
0,29	0	
0,295	0	
0,3	-0,01	
0,305	-0,01	
0,31	-0,01	
0,315	-0,01	
0,32	-0,01	
0,325	0	
0,33	0	
0,335	0,01	
0,34	0,01	
0,345	0,01	
0,35	0	
0,355	0	
0,36	0	
0,365	0	
0,37	-0,01	
0,375	-0,01	
0,38	-0,01	
0,385	0	
0,39	0	
0,395	0	
0,4	0	
0,405	0	
0,41	0	
0,415	0	
0,42	0	
0,425	0,01	
0,43	0,01	
0,435	0	
0,44	0	
0,445	0	
0,45	0	
0,455	0	
0,46	-0,01	
0,465	0	
0,47	0	
0,475	0	
0,48	0	
0,485	0,01	
0,49	0,01	
0,495	0,01	
0,5	0	
0,505	0,01	
0,51	0	
0,515	0	
0,52	0	
0,525	0	
0,53	0	
0,535	0	
0,54	0	
0,545	0	
0,55	0	
0,555	-0,01	
0,56	0	
0,565	0	
0,57	0	
0,575	0	
0,58	0	
0,585	0	
0,59	0	
0,595	0	
0,6	0	
0,605	0	
0,61	-0,01	
0,615	-0,01	
0,62	0	
0,625	0	
0,63	0	
0,635	0	
0,64	0	
0,645	0	
0,65	0	
0,655	0	
0,66	0	
0,665	-0,01	
0,67	-0,01	
0,675	0	
0,68	0	
0,685	0	
0,69	0,01	
0,695	0,01	
0,7	0,01	
0,705	0	
0,71	0	
0,715	0	
0,72	0	
0,725	0	
0,73	-0,01	
0,735	0	
0,74	-0,01	
0,745	0	
0,75	0	
0,755	0	
0,76	0	
0,765	-0,01	
0,77	-0,01	
0,775	0	
0,78	0	
0,785	0	
0,79	0,01	
0,795	0,01	
0,8	0	
0,805	0	
0,81	0	
0,815	-0,01	
0,82	-0,01	
0,825	-0,01	
0,83	-0,01	
0,835	-0,01	
0,84	0	
0,845	0,01	
0,85	0,01	
0,855	0,01	
0,86	0,01	
0,865	0	
0,87	0	
0,875	0	
0,88	0	
0,885	-0,01	
0,89	-0,01	
0,895	-0,01	
0,9	0	
0,905	0	
0,91	0	
0,915	0	
0,92	0	
0,925	0	
0,93	0	
0,935	0	
0,94	0	
0,945	0	
0,95	0	
0,955	0	
0,96	0	
0,965	0	
0,97	0	
0,975	0	
0,98	0	
0,985	0	
0,99	0	
0,995	0	
1,0	0	
1,005	0,01	
1,01	0	
1,015	0	
1,02	0	
1,025	0	
1,03	0	
1,035	-0,01	
1,04	-0,01	
1,045	-0,02	
1,05	-0,02	
1,055	-0,02	
1,06	0	
1,065	0,01	
1,07	0	
1,075	-0,01	
1,08	-0,02	
1,085	0	
1,09	0,03	
1,095	0,09	
1,1	0,16	
1,105	0,22	
1,11	0,25	
1,115	0,23	
1,12	0,22	
1,125	0,19	
1,13	0,18	
1,135	0,18	
1,14	0,23	
1,145	0,28	
1,15	0,34	
1,155	0,39	
1,16	0,4	
1,165	0,4	
1,17	0,38	
1,175	0,37	
1,18	0,36	
1,185	0,38	
1,19	0,4	
1,195	0,44	
1,2	0,49	
1,205	0,51	
1,21	0,52	
1,215	0,53	
1,22	0,53	
1,225	0,53	
1,23	0,54	
1,235	0,54	
1,24	0,56	
1,245	0,57	
1,25	0,59	
1,255	0,6	
1,26	0,62	
1,265	0,64	
1,27	0,66	
1,275	0,67	
1,28	0,68	
1,285	0,67	
1,29	0,65	
1,295	0,65	
1,3	0,65	
1,305	0,66	
1,31	0,69	
1,315	0,73	
1,32	0,76	
1,325	0,78	
1,33	0,77	
1,335	0,74	
1,34	0,71	
1,345	0,68	
1,35	0,67	
1,355	0,69	
1,36	0,73	
1,365	0,77	
1,37	0,81	
1,375	0,82	
1,38	0,81	
1,385	0,75	
1,39	0,7	
1,395	0,68	
1,4	0,67	
1,405	0,7	
1,41	0,73	
1,415	0,78	
1,42	0,8	
1,425	0,8	
1,43	0,76	
1,435	0,71	
1,44	0,67	
1,445	0,64	
1,45	0,65	
1,455	0,68	
1,46	0,71	
1,465	0,74	
1,47	0,75	
1,475	0,71	
1,48	0,66	
1,485	0,61	
1,49	0,59	
1,495	0,58	
1,5	0,59	
1,505	0,62	
1,51	0,64	
1,515	0,65	
1,52	0,62	
1,525	0,58	
1,53	0,53	
1,535	0,5	
1,54	0,49	
1,545	0,49	
1,55	0,51	
1,555	0,53	
1,56	0,54	
1,565	0,5	
1,57	0,46	
1,575	0,41	
1,58	0,37	
1,585	0,35	
1,59	0,36	
1,595	0,38	
1,6	0,41	
1,605	0,41	
1,61	0,38	
1,615	0,33	
1,62	0,27	
1,625	0,21	
1,63	0,19	
1,635	0,19	
1,64	0,21	
1,645	0,24	
1,65	0,26	
1,655	0,24	
1,66	0,19	
1,665	0,12	
1,67	0,06	
1,675	0,02	
1,68	0	
1,685	0,02	
1,69	0,05	
1,695	0,08	
1,7	0,09	
1,705	0,05	
1,71	-0,01	
1,715	-0,08	
1,72	-0,14	
1,725	-0,17	
1,73	-0,18	
1,735	-0,16	
1,74	-0,12	
1,745	-0,1	
1,75	-0,12	
1,755	-0,16	
1,76	-0,22	
1,765	-0,27	
1,77	-0,32	
1,775	-0,34	
1,78	-0,33	
1,785	-0,32	
1,79	-0,29	
1,795	-0,29	
1,8	-0,32	
1,805	-0,36	
1,81	-0,41	
1,815	-0,46	
1,82	-0,48	
1,825	-0,49	
1,83	-0,48	
1,835	-0,47	
1,84	-0,47	
1,845	-0,48	
1,85	-0,51	
1,855	-0,55	
1,86	-0,58	
1,865	-0,6	
1,87	-0,62	
1,875	-0,62	
1,88	-0,62	
1,885	-0,62	
1,89	-0,63	
1,895	-0,65	
1,9	-0,67	
1,905	-0,69	
1,91	-0,71	
1,915	-0,72	
1,92	-0,72	
1,925	-0,72	
1,93	-0,72	
1,935	-0,74	
1,94	-0,75	
1,945	-0,77	
1,95	-0,79	
1,955	-0,8	
1,96	-0,8	
1,965	-0,8	
1,97	-0,8	
1,975	-0,8	
1,98	-0,81	
1,985	-0,83	
1,99	-0,84	
1,995	-0,85	
2,0	-0,86	
2,005	-0,85	
2,01	-0,85	
2,015	-0,84	
2,02	-0,84	
2,025	-0,85	
2,03	-0,86	
2,035	-0,87	
2,04	-0,87	
2,045	-0,87	
2,05	-0,86	
2,055	-0,85	
2,06	-0,84	
2,065	-0,85	
2,07	-0,86	
2,075	-0,87	
2,08	-0,87	
2,085	-0,87	
2,09	-0,86	
2,095	-0,84	
2,1	-0,82	
2,105	-0,8	
2,11	-0,81	
2,115	-0,82	
2,12	-0,84	
2,125	-0,85	
2,13	-0,84	
2,135	-0,82	
2,14	-0,79	
2,145	-0,75	
2,15	-0,72	
2,155	-0,72	
2,16	-0,74	
2,165	-0,76	
2,17	-0,78	
2,175	-0,79	
2,18	-0,77	
2,185	-0,73	
2,19	-0,68	
2,195	-0,63	
2,2	-0,6	
2,205	-0,61	
2,21	-0,64	
2,215	-0,66	
2,22	-0,68	
2,225	-0,68	
2,23	-0,64	
2,235	-0,59	
2,24	-0,53	
2,245	-0,47	
2,25	-0,45	
2,255	-0,47	
2,26	-0,5	
2,265	-0,52	
2,27	-0,53	
2,275	-0,51	
2,28	-0,47	
2,285	-0,42	
2,29	-0,36	
2,295	-0,3	
2,3	-0,3	
2,305	-0,32	
2,31	-0,34	
2,315	-0,35	
2,32	-0,35	
2,325	-0,32	
2,33	-0,27	
2,335	-0,22	
2,34	-0,16	
2,345	-0,14	
2,35	-0,14	
2,355	-0,15	
2,36	-0,17	
2,365	-0,16	
2,37	-0,14	
2,375	-0,1	
2,38	-0,06	
2,385	0	
2,39	0,03	
2,395	0,03	
2,4	0,03	
2,405	0,02	
2,41	0,02	
2,415	0,04	
2,42	0,08	
2,425	0,12	
2,43	0,17	
2,435	0,19	
2,44	0,2	
2,445	0,19	
2,45	0,19	
2,455	0,2	
2,46	0,22	
2,465	0,25	
2,47	0,29	
2,475	0,35	
2,48	0,36	
2,485	0,37	
2,49	0,36	
2,495	0,35	
2,5	0,35	
2,505	0,37	
2,51	0,4	
2,515	0,44	
2,52	0,5	
2,525	0,52	
2,53	0,53	
2,535	0,52	
2,54	0,5	
2,545	0,49	
2,55	0,49	
2,555	0,52	
2,56	0,55	
2,565	0,62	
2,57	0,65	
2,575	0,66	
2,58	0,65	
2,585	0,64	
2,59	0,62	
2,595	0,61	
2,6	0,62	
2,605	0,64	
2,61	0,7	
2,615	0,73	
2,62	0,75	
2,625	0,75	
2,63	0,74	
2,635	0,73	
2,64	0,71	
2,645	0,71	
2,65	0,71	
2,655	0,74	
2,66	0,77	
2,665	0,79	
2,67	0,8	
2,675	0,8	
2,68	0,79	
2,685	0,78	
2,69	0,77	
2,695	0,76	
2,7	0,77	
2,705	0,78	
2,71	0,79	
2,715	0,8	
2,72	0,8	
2,725	0,81	
2,73	0,8	
2,735	0,8	
2,74	0,8	
2,745	0,79	
2,75	0,78	
2,755	0,77	
2,76	0,77	
2,765	0,76	
2,77	0,76	
2,775	0,76	
2,78	0,77	
2,785	0,77	
2,79	0,77	
2,795	0,75	
2,8	0,73	
2,805	0,71	
2,81	0,69	
2,815	0,68	
2,82	0,68	
2,825	0,69	
2,83	0,7	
2,835	0,71	
2,84	0,7	
2,845	0,67	
2,85	0,64	
2,855	0,61	
2,86	0,58	
2,865	0,57	
2,87	0,57	
2,875	0,58	
2,88	0,59	
2,885	0,6	
2,89	0,58	
2,895	0,54	
2,9	0,5	
2,905	0,46	
2,91	0,44	
2,915	0,43	
2,92	0,44	
2,925	0,45	
2,93	0,46	
2,935	0,45	
2,94	0,42	
2,945	0,38	
2,95	0,33	
2,955	0,3	
2,96	0,28	
2,965	0,27	
2,97	0,28	
2,975	0,29	
2,98	0,28	
2,985	0,26	
2,99	0,22	
2,995	0,18	
3,0	0,14	
3,005	0,11	
3,01	0,1	
3,015	0,1	
3,02	0,11	
3,025	0,1	
3,03	0,09	
3,035	0,06	
3,04	0,01	
3,045	-0,03	
3,05	-0,07	
3,055	-0,08	
3,06	-0,09	
3,065	-0,07	
3,07	-0,07	
3,075	-0,08	
3,08	-0,12	
3,085	-0,16	
3,09	-0,2	
3,095	-0,24	
3,1	-0,26	
3,105	-0,26	
3,11	-0,25	
3,115	-0,25	
3,12	-0,26	
3,125	-0,28	
3,13	-0,32	
3,135	-0,36	
3,14	-0,4	
3,145	-0,43	
3,15	-0,44	
3,155	-0,43	
3,16	-0,42	
3,165	-0,42	
3,17	-0,43	
3,175	-0,46	
3,18	-0,51	
3,185	-0,55	
3,19	-0,58	
3,195	-0,59	
3,2	-0,59	
3,205	-0,57	
3,21	-0,56	
3,215	-0,57	
3,22	-0,59	
3,225	-0,63	
3,23	-0,66	
3,235	-0,69	
3,24	-0,71	
3,245	-0,72	
3,25	-0,7	
3,255	-0,69	
3,26	-0,69	
3,265	-0,7	
3,27	-0,73	
3,275	-0,75	
3,28	-0,78	
3,285	-0,8	
3,29	-0,81	
3,295	-0,8	
3,3	-0,79	
3,305	-0,78	
3,31	-0,79	
3,315	-0,8	
3,32	-0,82	
3,325	-0,84	
3,33	-0,86	
3,335	-0,86	
3,34	-0,85	
3,345	-0,84	
3,35	-0,84	
3,355	-0,84	
3,36	-0,85	
3,365	-0,86	
3,37	-0,87	
3,375	-0,88	
3,38	-0,88	
3,385	-0,87	
3,39	-0,86	
3,395	-0,85	
3,4	-0,85	
3,405	-0,85	
3,41	-0,86	
3,415	-0,87	
3,42	-0,88	
3,425	-0,87	
3,43	-0,85	
3,435	-0,84	
3,44	-0,82	
3,445	-0,81	
3,45	-0,81	
3,455	-0,81	
3,46	-0,82	
3,465	-0,82	
3,47	-0,82	
3,475	-0,8	
3,48	-0,78	
3,485	-0,77	
3,49	-0,75	
3,495	-0,74	
3,5	-0,74	
3,505	-0,73	
3,51	-0,73	
3,515	-0,73	
3,52	-0,71	
3,525	-0,69	
3,53	-0,67	
3,535	-0,66	
3,54	-0,64	
3,545	-0,63	
3,55	-0,62	
3,555	-0,61	
3,56	-0,6	
3,565	-0,58	
3,57	-0,56	
3,575	-0,55	
3,58	-0,53	
3,585	-0,52	
3,59	-0,51	
3,595	-0,5	
3,6	-0,48	
3,605	-0,45	
3,61	-0,42	
3,615	-0,39	
3,62	-0,38	
3,625	-0,37	
3,63	-0,37	
3,635	-0,37	
3,64	-0,36	
3,645	-0,34	
3,65	-0,3	
3,655	-0,27	
3,66	-0,22	
3,665	-0,2	
3,67	-0,19	
3,675	-0,19	
3,68	-0,19	
3,685	-0,19	
3,69	-0,18	
3,695	-0,14	
3,7	-0,1	
3,705	-0,04	
3,71	0	
3,715	0,02	
3,72	0,02	
3,725	0,01	
3,73	0	
3,735	0	
3,74	0,02	
3,745	0,06	
3,75	0,13	
3,755	0,17	
3,76	0,2	
3,765	0,21	
3,77	0,2	
3,775	0,19	
3,78	0,19	
3,785	0,19	
3,79	0,21	
3,795	0,28	
3,8	0,32	
3,805	0,36	
3,81	0,38	
3,815	0,38	
3,82	0,37	
3,825	0,36	
3,83	0,36	
3,835	0,37	
3,84	0,42	
3,845	0,46	
3,85	0,5	
3,855	0,53	
3,86	0,54	
3,865	0,54	
3,87	0,53	
3,875	0,52	
3,88	0,53	
3,885	0,56	
3,89	0,59	
3,895	0,62	
3,9	0,65	
3,905	0,66	
3,91	0,66	
3,915	0,66	
3,92	0,65	
3,925	0,66	
3,93	0,68	
3,935	0,7	
3,94	0,72	
3,945	0,74	
3,95	0,75	
3,955	0,75	
3,96	0,75	
3,965	0,74	
3,97	0,75	
3,975	0,76	
3,98	0,78	
3,985	0,8	
3,99	0,82	
3,995	0,82	
4,0	0,82	
4,005	0,8	
4,01	0,79	
4,015	0,79	
4,02	0,8	
4,025	0,82	
4,03	0,84	
4,035	0,85	
4,04	0,86	
4,045	0,85	
4,05	0,83	
4,055	0,82	
4,06	0,8	
4,065	0,8	
4,07	0,81	
4,075	0,83	
4,08	0,84	
4,085	0,85	
4,09	0,84	
4,095	0,83	
4,1	0,81	
4,105	0,79	
4,11	0,77	
4,115	0,77	
4,12	0,77	
4,125	0,79	
4,13	0,79	
4,135	0,79	
4,14	0,78	
4,145	0,76	
4,15	0,74	
4,155	0,72	
4,16	0,7	
4,165	0,69	
4,17	0,7	
4,175	0,7	
4,18	0,69	
4,185	0,68	
4,19	0,67	
4,195	0,65	
4,2	0,63	
4,205	0,6	
4,21	0,59	
4,215	0,57	
4,22	0,56	
4,225	0,55	
4,23	0,54	
4,235	0,53	
4,24	0,51	
4,245	0,49	
4,25	0,48	
4,255	0,46	
4,26	0,45	
4,265	0,43	
4,27	0,41	
4,275	0,39	
4,28	0,37	
4,285	0,36	
4,29	0,34	
4,295	0,32	
4,3	0,31	
4,305	0,29	
4,31	0,27	
4,315	0,25	
4,32	0,22	
4,325	0,2	
4,33	0,18	
4,335	0,16	
4,34	0,15	
4,345	0,14	
4,35	0,13	
4,355	0,11	
4,36	0,08	
4,365	0,05	
4,37	0,02	
4,375	0	
4,38	-0,02	
4,385	-0,03	
4,39	-0,04	
4,395	-0,05	
4,4	-0,07	
4,405	-0,1	
4,41	-0,13	
4,415	-0,16	
4,42	-0,18	
4,425	-0,2	
4,43	-0,22	
4,435	-0,22	
4,44	-0,23	
4,445	-0,24	
4,45	-0,27	
4,455	-0,3	
4,46	-0,33	
4,465	-0,36	
4,47	-0,38	
4,475	-0,39	
4,48	-0,4	
4,485	-0,4	
4,49	-0,41	
4,495	-0,43	
4,5	-0,45	
4,505	-0,48	
4,51	-0,52	
4,515	-0,54	
4,52	-0,56	
4,525	-0,56	
4,53	-0,55	
4,535	-0,55	
4,54	-0,56	
4,545	-0,58	
4,55	-0,61	
4,555	-0,64	
4,56	-0,67	
4,565	-0,69	
4,57	-0,69	
4,575	-0,69	
4,58	-0,68	
4,585	-0,68	
4,59	-0,69	
4,595	-0,72	
4,6	-0,75	
4,605	-0,78	
4,61	-0,8	
4,615	-0,81	
4,62	-0,8	
4,625	-0,79	
4,63	-0,77	
4,635	-0,77	
4,64	-0,78	
4,645	-0,8	
4,65	-0,83	
4,655	-0,86	
4,66	-0,87	
4,665	-0,87	
4,67	-0,85	
4,675	-0,84	
4,68	-0,82	
4,685	-0,83	
4,69	-0,84	
4,695	-0,86	
4,7	-0,88	
4,705	-0,89	
4,71	-0,89	
4,715	-0,88	
4,72	-0,87	
4,725	-0,85	
4,73	-0,85	
4,735	-0,84	
4,74	-0,85	
4,745	-0,86	
4,75	-0,87	
4,755	-0,87	
4,76	-0,86	
4,765	-0,84	
4,77	-0,83	
4,775	-0,82	
4,78	-0,81	
4,785	-0,81	
4,79	-0,82	
4,795	-0,81	
4,8	-0,81	
4,805	-0,8	
4,81	-0,78	
4,815	-0,77	
4,82	-0,76	
4,825	-0,75	
4,83	-0,75	
4,835	-0,74	
4,84	-0,74	
4,845	-0,72	
4,85	-0,7	
4,855	-0,68	
4,86	-0,67	
4,865	-0,65	
4,87	-0,64	
4,875	-0,64	
4,88	-0,63	
4,885	-0,62	
4,89	-0,6	
4,895	-0,58	
4,9	-0,56	
4,905	-0,54	
4,91	-0,52	
4,915	-0,5	
4,92	-0,5	
4,925	-0,49	
4,93	-0,48	
4,935	-0,46	
4,94	-0,44	
4,945	-0,41	
4,95	-0,39	
4,955	-0,36	
4,96	-0,34	
4,965	-0,33	
4,97	-0,32	
4,975	-0,31	
4,98	-0,29	
4,985	-0,27	
4,99	-0,25	
4,995	-0,22	
5,0	-0,2	
5,005	-0,18	
5,01	-0,16	
5,015	-0,15	
5,02	-0,12	
5,025	-0,11	
5,03	-0,09	
5,035	-0,07	
5,04	-0,05	
5,045	-0,02	
5,05	0	
5,055	0,02	
5,06	0,04	
5,065	0,06	
5,07	0,09	
5,075	0,11	
5,08	0,13	
5,085	0,15	
5,09	0,16	
5,095	0,17	
5,1	0,19	
5,105	0,21	
5,11	0,23	
5,115	0,26	
5,12	0,29	
5,125	0,31	
5,13	0,33	
5,135	0,34	
5,14	0,35	
5,145	0,36	
5,15	0,37	
5,155	0,38	
5,16	0,42	
5,165	0,45	
5,17	0,48	
5,175	0,5	
5,18	0,51	
5,185	0,52	
5,19	0,52	
5,195	0,52	
5,2	0,52	
5,205	0,55	
5,21	0,58	
5,215	0,61	
5,22	0,63	
5,225	0,65	
5,23	0,66	
5,235	0,66	
5,24	0,66	
5,245	0,65	
5,25	0,66	
5,255	0,68	
5,26	0,71	
5,265	0,74	
5,27	0,76	
5,275	0,78	
5,28	0,78	
5,285	0,77	
5,29	0,76	
5,295	0,75	
5,3	0,76	
5,305	0,78	
5,31	0,8	
5,315	0,82	
5,32	0,84	
5,325	0,84	
5,33	0,84	
5,335	0,82	
5,34	0,81	
5,345	0,81	
5,35	0,82	
5,355	0,83	
5,36	0,85	
5,365	0,86	
5,37	0,86	
5,375	0,86	
5,38	0,84	
5,385	0,83	
5,39	0,83	
5,395	0,83	
5,4	0,84	
5,405	0,84	
5,41	0,85	
5,415	0,85	
5,42	0,84	
5,425	0,83	
5,43	0,81	
5,435	0,8	
5,44	0,79	
5,445	0,8	
5,45	0,8	
5,455	0,8	
5,46	0,8	
5,465	0,79	
5,47	0,77	
5,475	0,75	
5,48	0,73	
5,485	0,72	
5,49	0,72	
5,495	0,72	
5,5	0,72	
5,505	0,72	
5,51	0,7	
5,515	0,69	
5,52	0,66	
5,525	0,63	
5,53	0,62	
5,535	0,61	
5,54	0,6	
5,545	0,6	
5,55	0,59	
5,555	0,58	
5,56	0,57	
5,565	0,54	
5,57	0,51	
5,575	0,49	
5,58	0,47	
5,585	0,46	
5,59	0,45	
5,595	0,44	
5,6	0,43	
5,605	0,42	
5,61	0,39	
5,615	0,36	
5,62	0,34	
5,625	0,32	
5,63	0,3	
5,635	0,29	
5,64	0,27	
5,645	0,26	
5,65	0,24	
5,655	0,22	
5,66	0,19	
5,665	0,17	
5,67	0,15	
5,675	0,13	
5,68	0,12	
5,685	0,1	
5,69	0,08	
5,695	0,06	
5,7	0,04	
5,705	0,01	
5,71	-0,01	
5,715	-0,03	
5,72	-0,04	
5,725	-0,06	
5,73	-0,08	
5,735	-0,1	
5,74	-0,12	
5,745	-0,14	
5,75	-0,18	
5,755	-0,19	
5,76	-0,21	
5,765	-0,22	
5,77	-0,23	
5,775	-0,25	
5,78	-0,27	
5,785	-0,29	
5,79	-0,32	
5,795	-0,35	
5,8	-0,37	
5,805	-0,38	
5,81	-0,4	
5,815	-0,41	
5,82	-0,42	
5,825	-0,43	
5,83	-0,45	
5,835	-0,48	
5,84	-0,51	
5,845	-0,53	
5,85	-0,54	
5,855	-0,55	
5,86	-0,56	
5,865	-0,57	
5,87	-0,58	
5,875	-0,59	
5,88	-0,61	
5,885	-0,64	
5,89	-0,65	
5,895	-0,66	
5,9	-0,67	
5,905	-0,68	
5,91	-0,69	
5,915	-0,7	
5,92	-0,71	
5,925	-0,73	
5,93	-0,75	
5,935	-0,76	
5,94	-0,77	
5,945	-0,77	
5,95	-0,78	
5,955	-0,78	
5,96	-0,79	
5,965	-0,8	
5,97	-0,82	
5,975	-0,83	
5,98	-0,84	
5,985	-0,84	
5,99	-0,83	
5,995	-0,83	
6,0	-0,83	
6,005	-0,83	
6,01	-0,84	
6,015	-0,85	
6,02	-0,87	
6,025	-0,88	
6,03	-0,88	
6,035	-0,87	
6,04	-0,86	
6,045	-0,85	
6,05	-0,84	
6,055	-0,84	
6,06	-0,85	
6,065	-0,86	
6,07	-0,87	
6,075	-0,88	
6,08	-0,87	
6,085	-0,85	
6,09	-0,83	
6,095	-0,82	
6,1	-0,81	
6,105	-0,81	
6,11	-0,81	
6,115	-0,83	
6,12	-0,83	
6,125	-0,83	
6,13	-0,81	
6,135	-0,79	
6,14	-0,77	
6,145	-0,75	
6,15	-0,74	
6,155	-0,73	
6,16	-0,74	
6,165	-0,74	
6,17	-0,73	
6,175	-0,72	
6,18	-0,7	
6,185	-0,68	
6,19	-0,66	
6,195	-0,64	
6,2	-0,62	
6,205	-0,62	
6,21	-0,61	
6,215	-0,61	
6,22	-0,6	
6,225	-0,58	
6,23	-0,56	
6,235	-0,54	
6,24	-0,52	
6,245	-0,5	
6,25	-0,48	
6,255	-0,47	
6,26	-0,45	
6,265	-0,44	
6,27	-0,42	
6,275	-0,4	
6,28	-0,38	
6,285	-0,37	
6,29	-0,35	
6,295	-0,32	
6,3	-0,31	
6,305	-0,29	
6,31	-0,27	
6,315	-0,25	
6,32	-0,23	
6,325	-0,21	
6,33	-0,19	
6,335	-0,18	
6,34	-0,15	
6,345	-0,14	
6,35	-0,12	
6,355	-0,1	
6,36	-0,07	
6,365	-0,04	
6,37	-0,02	
6,375	0	
6,38	0,01	
6,385	0,03	
6,39	0,04	
6,395	0,05	
6,4	0,08	
6,405	0,1	
6,41	0,13	
6,415	0,15	
6,42	0,18	
6,425	0,19	
6,43	0,2	
6,435	0,22	
6,44	0,24	
6,445	0,25	
6,45	0,27	
6,455	0,3	
6,46	0,32	
6,465	0,34	
6,47	0,36	
6,475	0,38	
6,48	0,4	
6,485	0,41	
6,49	0,42	
6,495	0,44	
6,5	0,46	
6,505	0,48	
6,51	0,49	
6,515	0,51	
6,52	0,53	
6,525	0,55	
6,53	0,56	
6,535	0,57	
6,54	0,58	
6,545	0,6	
6,55	0,61	
6,555	0,63	
6,56	0,64	
6,565	0,65	
6,57	0,66	
6,575	0,67	
6,58	0,68	
6,585	0,7	
6,59	0,71	
6,595	0,73	
6,6	0,74	
6,605	0,75	
6,61	0,75	
6,615	0,75	
6,62	0,76	
6,625	0,76	
6,63	0,78	
6,635	0,79	
6,64	0,81	
6,645	0,81	
6,65	0,82	
6,655	0,81	
6,66	0,81	
6,665	0,81	
6,67	0,81	
6,675	0,82	
6,68	0,83	
6,685	0,84	
6,69	0,85	
6,695	0,85	
6,7	0,85	
6,705	0,84	
6,71	0,83	
6,715	0,82	
6,72	0,82	
6,725	0,83	
6,73	0,84	
6,735	0,84	
6,74	0,85	
6,745	0,84	
6,75	0,82	
6,755	0,81	
6,76	0,8	
6,765	0,79	
6,77	0,79	
6,775	0,79	
6,78	0,79	
6,785	0,79	
6,79	0,79	
6,795	0,77	
6,8	0,75	
6,805	0,74	
6,81	0,73	
6,815	0,72	
6,82	0,72	
6,825	0,72	
6,83	0,72	
6,835	0,71	
6,84	0,69	
6,845	0,67	
6,85	0,65	
6,855	0,63	
6,86	0,62	
6,865	0,61	
6,87	0,6	
6,875	0,6	
6,88	0,59	
6,885	0,57	
6,89	0,54	
6,895	0,52	
6,9	0,5	
6,905	0,49	
6,91	0,48	
6,915	0,47	
6,92	0,46	
6,925	0,45	
6,93	0,43	
6,935	0,4	
6,94	0,37	
6,945	0,35	
6,95	0,33	
6,955	0,31	
6,96	0,3	
6,965	0,3	
6,97	0,28	
6,975	0,27	
6,98	0,23	
6,985	0,2	
6,99	0,18	
6,995	0,16	
7,0	0,14	
7,005	0,13	
7,01	0,12	
7,015	0,11	
7,02	0,09	
7,025	0,07	
7,03	0,04	
7,035	0,01	
7,04	-0,01	
7,045	-0,03	
7,05	-0,05	
7,055	-0,06	
7,06	-0,08	
7,065	-0,09	
7,07	-0,12	
7,075	-0,14	
7,08	-0,16	
7,085	-0,18	
7,09	-0,2	
7,095	-0,22	
7,1	-0,24	
7,105	-0,26	
7,11	-0,27	
7,115	-0,29	
7,12	-0,31	
7,125	-0,33	
7,13	-0,35	
7,135	-0,37	
7,14	-0,38	
7,145	-0,4	
7,15	-0,42	
7,155	-0,43	
7,16	-0,46	
7,165	-0,47	
7,17	-0,49	
7,175	-0,5	
7,18	-0,51	
7,185	-0,53	
7,19	-0,54	
7,195	-0,55	
7,2	-0,56	
7,205	-0,59	
7,21	-0,61	
7,215	-0,63	
7,22	-0,64	
7,225	-0,65	
7,23	-0,65	
7,235	-0,66	
7,24	-0,67	
7,245	-0,68	
7,25	-0,7	
7,255	-0,72	
7,26	-0,73	
7,265	-0,75	
7,27	-0,75	
7,275	-0,75	
7,28	-0,76	
7,285	-0,76	
7,29	-0,76	
7,295	-0,78	
7,3	-0,79	
7,305	-0,8	
7,31	-0,81	
7,315	-0,82	
7,32	-0,82	
7,325	-0,82	
7,33	-0,81	
7,335	-0,81	
7,34	-0,81	
7,345	-0,82	
7,35	-0,83	
7,355	-0,84	
7,36	-0,84	
7,365	-0,84	
7,37	-0,84	
7,375	-0,84	
7,38	-0,83	
7,385	-0,83	
7,39	-0,83	
7,395	-0,83	
7,4	-0,83	
7,405	-0,83	
7,41	-0,83	
7,415	-0,82	
7,42	-0,81	
7,425	-0,81	
7,43	-0,8	
7,435	-0,8	
7,44	-0,8	
7,445	-0,79	
7,45	-0,79	
7,455	-0,78	
7,46	-0,77	
7,465	-0,75	
7,47	-0,75	
7,475	-0,74	
7,48	-0,73	
7,485	-0,73	
7,49	-0,72	
7,495	-0,71	
7,5	-0,7	
7,505	-0,68	
7,51	-0,66	
7,515	-0,65	
7,52	-0,63	
7,525	-0,62	
7,53	-0,62	
7,535	-0,61	
7,54	-0,6	
7,545	-0,59	
7,55	-0,57	
7,555	-0,55	
7,56	-0,53	
7,565	-0,51	
7,57	-0,49	
7,575	-0,49	
7,58	-0,48	
7,585	-0,47	
7,59	-0,46	
7,595	-0,43	
7,6	-0,41	
7,605	-0,38	
7,61	-0,35	
7,615	-0,33	
7,62	-0,32	
7,625	-0,31	
7,63	-0,31	
7,635	-0,29	
7,64	-0,27	
7,645	-0,25	
7,65	-0,23	
7,655	-0,2	
7,66	-0,16	
7,665	-0,15	
7,67	-0,14	
7,675	-0,13	
7,68	-0,12	
7,685	-0,11	
7,69	-0,08	
7,695	-0,06	
7,7	-0,04	
7,705	0,01	
7,71	0,03	
7,715	0,04	
7,72	0,06	
7,725	0,07	
7,73	0,08	
7,735	0,1	
7,74	0,12	
7,745	0,14	
7,75	0,17	
7,755	0,19	
7,76	0,21	
7,765	0,22	
7,77	0,24	
7,775	0,25	
7,78	0,27	
7,785	0,29	
7,79	0,31	
7,795	0,33	
7,8	0,36	
7,805	0,37	
7,81	0,39	
7,815	0,4	
7,82	0,41	
7,825	0,43	
7,83	0,45	
7,835	0,47	
7,84	0,49	
7,845	0,51	
7,85	0,52	
7,855	0,53	
7,86	0,53	
7,865	0,55	
7,87	0,56	
7,875	0,58	
7,88	0,6	
7,885	0,61	
7,89	0,63	
7,895	0,64	
7,9	0,64	
7,905	0,65	
7,91	0,66	
7,915	0,67	
7,92	0,69	
7,925	0,7	
7,93	0,72	
7,935	0,73	
7,94	0,73	
7,945	0,73	
7,95	0,74	
7,955	0,74	
7,96	0,75	
7,965	0,76	
7,97	0,77	
7,975	0,78	
7,98	0,79	
7,985	0,8	
7,99	0,8	
7,995	0,8	
8,0	0,8	
8,005	0,8	
8,01	0,8	
8,015	0,81	
8,02	0,82	
8,025	0,82	
8,03	0,82	
8,035	0,82	
8,04	0,81	
8,045	0,81	
8,05	0,81	
8,055	0,81	
8,06	0,82	
8,065	0,82	
8,07	0,81	
8,075	0,81	
8,08	0,79	
8,085	0,79	
8,09	0,78	
8,095	0,77	
8,1	0,77	
8,105	0,77	
8,11	0,77	
8,115	0,77	
8,12	0,76	
8,125	0,75	
8,13	0,74	
8,135	0,72	
8,14	0,71	
8,145	0,7	
8,15	0,7	
8,155	0,7	
8,16	0,69	
8,165	0,68	
8,17	0,67	
8,175	0,65	
8,18	0,63	
8,185	0,61	
8,19	0,6	
8,195	0,59	
8,2	0,59	
8,205	0,58	
8,21	0,57	
8,215	0,56	
8,22	0,53	
8,225	0,51	
8,23	0,5	
8,235	0,48	
8,24	0,47	
8,245	0,46	
8,25	0,45	
8,255	0,43	
8,26	0,42	
8,265	0,4	
8,27	0,37	
8,275	0,35	
8,28	0,33	
8,285	0,32	
8,29	0,31	
8,295	0,29	
8,3	0,27	
8,305	0,26	
8,31	0,24	
8,315	0,21	
8,32	0,19	
8,325	0,17	
8,33	0,15	
8,335	0,14	
8,34	0,13	
8,345	0,1	
8,35	0,09	
8,355	0,06	
8,36	0,04	
8,365	0,02	
8,37	0	
8,375	-0,01	
8,38	-0,03	
8,385	-0,04	
8,39	-0,06	
8,395	-0,08	
8,4	-0,11	
8,405	-0,13	
8,41	-0,15	
8,415	-0,17	
8,42	-0,19	
8,425	-0,2	
8,43	-0,21	
8,435	-0,23	
8,44	-0,25	
8,445	-0,27	
8,45	-0,29	
8,455	-0,31	
8,46	-0,34	
8,465	-0,35	
8,47	-0,36	
8,475	-0,37	
8,48	-0,39	
8,485	-0,4	
8,49	-0,42	
8,495	-0,44	
8,5	-0,46	
8,505	-0,48	
8,51	-0,5	
8,515	-0,51	
8,52	-0,52	
8,525	-0,53	
8,53	-0,54	
8,535	-0,55	
8,54	-0,56	
8,545	-0,58	
8,55	-0,6	
8,555	-0,62	
8,56	-0,63	
8,565	-0,64	
8,57	-0,66	
8,575	-0,66	
8,58	-0,67	
8,585	-0,67	
8,59	-0,68	
8,595	-0,7	
8,6	-0,71	
8,605	-0,72	
8,61	-0,73	
8,615	-0,74	
8,62	-0,75	
8,625	-0,75	
8,63	-0,76	
8,635	-0,76	
8,64	-0,77	
8,645	-0,77	
8,65	-0,78	
8,655	-0,78	
8,66	-0,79	
8,665	-0,79	
8,67	-0,79	
8,675	-0,8	
8,68	-0,8	
8,685	-0,8	
8,69	-0,81	
8,695	-0,81	
8,7	-0,8	
8,705	-0,8	
8,71	-0,8	
8,715	-0,81	
8,72	-0,81	
8,725	-0,81	
8,73	-0,81	
8,735	-0,81	
8,74	-0,8	
8,745	-0,79	
8,75	-0,78	
8,755	-0,77	
8,76	-0,77	
8,765	-0,77	
8,77	-0,77	
8,775	-0,78	
8,78	-0,77	
8,785	-0,76	
8,79	-0,75	
8,795	-0,74	
8,8	-0,72	
8,805	-0,71	
8,81	-0,71	
8,815	-0,7	
8,82	-0,7	
8,825	-0,69	
8,83	-0,68	
8,835	-0,67	
8,84	-0,65	
8,845	-0,63	
8,85	-0,61	
8,855	-0,6	
8,86	-0,6	
8,865	-0,59	
8,87	-0,59	
8,875	-0,58	
8,88	-0,56	
8,885	-0,55	
8,89	-0,52	
8,895	-0,5	
8,9	-0,49	
8,905	-0,48	
8,91	-0,47	
8,915	-0,45	
8,92	-0,44	
8,925	-0,43	
8,93	-0,41	
8,935	-0,38	
8,94	-0,36	
8,945	-0,35	
8,95	-0,33	
8,955	-0,32	
8,96	-0,3	
8,965	-0,29	
8,97	-0,27	
8,975	-0,25	
8,98	-0,22	
8,985	-0,2	
8,99	-0,19	
8,995	-0,17	
9,0	-0,16	
9,005	-0,15	
9,01	-0,13	
9,015	-0,11	
9,02	-0,09	
9,025	-0,05	
9,03	-0,03	
9,035	-0,01	
9,04	0	
9,045	0,02	
9,05	0,03	
9,055	0,04	
9,06	0,06	
9,065	0,08	
9,07	0,11	
9,075	0,14	
9,08	0,16	
9,085	0,18	
9,09	0,19	
9,095	0,2	
9,1	0,21	
9,105	0,22	
9,11	0,24	
9,115	0,27	
9,12	0,29	
9,125	0,31	
9,13	0,33	
9,135	0,34	
9,14	0,35	
9,145	0,36	
9,15	0,37	
9,155	0,39	
9,16	0,41	
9,165	0,44	
9,17	0,46	
9,175	0,47	
9,18	0,49	
9,185	0,5	
9,19	0,51	
9,195	0,52	
9,2	0,53	
9,205	0,54	
9,21	0,56	
9,215	0,58	
9,22	0,59	
9,225	0,6	
9,23	0,61	
9,235	0,62	
9,24	0,63	
9,245	0,64	
9,25	0,65	
9,255	0,67	
9,26	0,68	
9,265	0,69	
9,27	0,7	
9,275	0,7	
9,28	0,7	
9,285	0,71	
9,29	0,72	
9,295	0,73	
9,3	0,74	
9,305	0,75	
9,31	0,76	
9,315	0,76	
9,32	0,76	
9,325	0,76	
9,33	0,76	
9,335	0,76	
9,34	0,77	
9,345	0,78	
9,35	0,79	
9,355	0,79	
9,36	0,8	
9,365	0,79	
9,37	0,79	
9,375	0,78	
9,38	0,78	
9,385	0,78	
9,39	0,78	
9,395	0,79	
9,4	0,79	
9,405	0,79	
9,41	0,78	
9,415	0,77	
9,42	0,76	
9,425	0,76	
9,43	0,75	
9,435	0,75	
9,44	0,75	
9,445	0,74	
9,45	0,74	
9,455	0,73	
9,46	0,73	
9,465	0,72	
9,47	0,71	
9,475	0,7	
9,48	0,69	
9,485	0,68	
9,49	0,67	
9,495	0,66	
9,5	0,65	
9,505	0,64	
9,51	0,63	
9,515	0,62	
9,52	0,61	
9,525	0,59	
9,53	0,58	
9,535	0,57	
9,54	0,56	
9,545	0,55	
9,55	0,53	
9,555	0,52	
9,56	0,5	
9,565	0,49	
9,57	0,47	
9,575	0,46	
9,58	0,45	
9,585	0,44	
9,59	0,42	
9,595	0,4	
9,6	0,38	
9,605	0,36	
9,61	0,35	
9,615	0,33	
9,62	0,32	
9,625	0,3	
9,63	0,29	
9,635	0,28	
9,64	0,26	
9,645	0,23	
9,65	0,21	
9,655	0,19	
9,66	0,17	
9,665	0,16	
9,67	0,14	
9,675	0,13	
9,68	0,12	
9,685	0,1	
9,69	0,08	
9,695	0,06	
9,7	0,03	
9,705	0,01	
9,71	-0,02	
9,715	-0,03	
9,72	-0,04	
9,725	-0,05	
9,73	-0,07	
9,735	-0,09	
9,74	-0,11	
9,745	-0,13	
9,75	-0,15	
9,755	-0,18	
9,76	-0,19	
9,765	-0,21	
9,77	-0,22	
9,775	-0,23	
9,78	-0,25	
9,785	-0,26	
9,79	-0,28	
9,795	-0,3	
9,8	-0,33	
9,805	-0,34	
9,81	-0,36	
9,815	-0,37	
9,82	-0,39	
9,825	-0,4	
9,83	-0,42	
9,835	-0,43	
9,84	-0,45	
9,845	-0,47	
9,85	-0,48	
9,855	-0,49	
9,86	-0,51	
9,865	-0,52	
9,87	-0,53	
9,875	-0,54	
9,88	-0,56	
9,885	-0,57	
9,89	-0,58	
9,895	-0,59	
9,9	-0,6	
9,905	-0,61	
9,91	-0,62	
9,915	-0,64	
9,92	-0,65	
9,925	-0,66	
9,93	-0,67	
9,935	-0,68	
9,94	-0,68	
9,945	-0,69	
9,95	-0,7	
9,955	-0,71	
9,96	-0,72	
9,965	-0,73	
9,97	-0,73	
9,975	-0,74	
9,98	-0,75	
9,985	-0,75	
9,99	-0,76	
9,995	-0,76	
10,0	-0,76	
10,005	-0,76	
10,01	-0,77	
10,015	-0,77	
10,02	-0,78	
10,025	-0,78	
10,03	-0,78	
10,035	-0,78	
10,04	-0,78	
10,045	-0,78	
10,05	-0,78	
10,055	-0,78	
10,06	-0,78	
10,065	-0,78	
10,07	-0,77	
10,075	-0,77	
10,08	-0,77	
10,085	-0,76	
10,09	-0,76	
10,095	-0,75	
10,1	-0,75	
10,105	-0,74	
10,11	-0,74	
10,115	-0,73	
10,12	-0,72	
10,125	-0,72	
10,13	-0,71	
10,135	-0,7	
10,14	-0,7	
10,145	-0,69	
10,15	-0,69	
10,155	-0,68	
10,16	-0,67	
10,165	-0,66	
10,17	-0,64	
10,175	-0,63	
10,18	-0,62	
10,185	-0,61	
10,19	-0,6	
10,195	-0,59	
10,2	-0,59	
10,205	-0,58	
10,21	-0,56	
10,215	-0,54	
10,22	-0,52	
10,225	-0,51	
10,23	-0,49	
10,235	-0,48	
10,24	-0,47	
10,245	-0,47	
10,25	-0,46	
10,255	-0,43	
10,26	-0,41	
10,265	-0,4	
10,27	-0,37	
10,275	-0,36	
10,28	-0,34	
10,285	-0,33	
10,29	-0,32	
10,295	-0,32	
10,3	-0,29	
10,305	-0,27	
10,31	-0,25	
10,315	-0,23	
10,32	-0,21	
10,325	-0,19	
10,33	-0,18	
10,335	-0,17	
10,34	-0,15	
10,345	-0,13	
10,35	-0,12	
10,355	-0,1	
10,36	-0,08	
10,365	-0,05	
10,37	-0,04	
10,375	-0,02	
10,38	0	
10,385	0,01	
10,39	0,03	
10,395	0,05	
10,4	0,06	
10,405	0,08	
10,41	0,1	
10,415	0,12	
10,42	0,14	
10,425	0,15	
10,43	0,17	
10,435	0,19	
10,44	0,21	
10,445	0,23	
10,45	0,25	
10,455	0,27	
10,46	0,29	
10,465	0,3	
10,47	0,32	
10,475	0,33	
10,48	0,35	
10,485	0,36	
10,49	0,38	
10,495	0,39	
10,5	0,41	
10,505	0,43	
10,51	0,44	
10,515	0,45	
10,52	0,47	
10,525	0,48	
10,53	0,49	
10,535	0,51	
10,54	0,52	
10,545	0,53	
10,55	0,55	
10,555	0,56	
10,56	0,57	
10,565	0,58	
10,57	0,59	
10,575	0,6	
10,58	0,61	
10,585	0,63	
10,59	0,64	
10,595	0,65	
10,6	0,66	
10,605	0,67	
10,61	0,68	
10,615	0,68	
10,62	0,69	
10,625	0,7	
10,63	0,7	
10,635	0,71	
10,64	0,72	
10,645	0,73	
10,65	0,73	
10,655	0,74	
10,66	0,74	
10,665	0,75	
10,67	0,75	
10,675	0,76	
10,68	0,76	
10,685	0,76	
10,69	0,76	
10,695	0,76	
10,7	0,76	
10,705	0,76	
10,71	0,77	
10,715	0,77	
10,72	0,77	
10,725	0,77	
10,73	0,77	
10,735	0,77	
10,74	0,77	
10,745	0,76	
10,75	0,76	
10,755	0,75	
10,76	0,75	
10,765	0,75	
10,77	0,75	
10,775	0,74	
10,78	0,74	
10,785	0,73	
10,79	0,72	
10,795	0,71	
10,8	0,71	
10,805	0,7	
10,81	0,69	
10,815	0,69	
10,82	0,68	
10,825	0,67	
10,83	0,66	
10,835	0,65	
10,84	0,64	
10,845	0,62	
10,85	0,61	
10,855	0,6	
10,86	0,59	
10,865	0,59	
10,87	0,58	
10,875	0,57	
10,88	0,56	
10,885	0,54	
10,89	0,51	
10,895	0,5	
10,9	0,48	
10,905	0,47	
10,91	0,46	
10,915	0,45	
10,92	0,44	
10,925	0,43	
10,93	0,42	
10,935	0,39	
10,94	0,37	
10,945	0,36	
10,95	0,34	
10,955	0,33	
10,96	0,32	
10,965	0,31	
10,97	0,29	
10,975	0,28	
10,98	0,25	
10,985	0,23	
10,99	0,21	
10,995	0,19	
11,0	0,18	
11,005	0,16	
11,01	0,15	
11,015	0,13	
11,02	0,11	
11,025	0,09	
11,03	0,07	
11,035	0,05	
11,04	0,03	
11,045	0,02	
11,05	0,01	
11,055	-0,01	
11,06	-0,03	
11,065	-0,04	
11,07	-0,06	
11,075	-0,09	
11,08	-0,11	
11,085	-0,13	
11,09	-0,14	
11,095	-0,15	
11,1	-0,17	
11,105	-0,18	
11,11	-0,2	
11,115	-0,22	
11,12	-0,25	
11,125	-0,27	
11,13	-0,28	
11,135	-0,3	
11,14	-0,31	
11,145	-0,32	
11,15	-0,34	
11,155	-0,35	
11,16	-0,37	
11,165	-0,39	
11,17	-0,41	
11,175	-0,43	
11,18	-0,44	
11,185	-0,45	
11,19	-0,46	
11,195	-0,47	
11,2	-0,48	
11,205	-0,5	
11,21	-0,52	
11,215	-0,54	
11,22	-0,55	
11,225	-0,56	
11,23	-0,57	
11,235	-0,58	
11,24	-0,59	
11,245	-0,6	
11,25	-0,61	
11,255	-0,62	
11,26	-0,64	
11,265	-0,65	
11,27	-0,66	
11,275	-0,66	
11,28	-0,67	
11,285	-0,68	
11,29	-0,68	
11,295	-0,69	
11,3	-0,7	
11,305	-0,71	
11,31	-0,72	
11,315	-0,73	
11,32	-0,73	
11,325	-0,74	
11,33	-0,74	
11,335	-0,74	
11,34	-0,74	
11,345	-0,75	
11,35	-0,75	
11,355	-0,76	
11,36	-0,76	
11,365	-0,76	
11,37	-0,76	
11,375	-0,76	
11,38	-0,76	
11,385	-0,76	
11,39	-0,76	
11,395	-0,76	
11,4	-0,76	
11,405	-0,76	
11,41	-0,76	
11,415	-0,76	
11,42	-0,75	
11,425	-0,75	
11,43	-0,75	
11,435	-0,75	
11,44	-0,74	
11,445	-0,74	
11,45	-0,73	
11,455	-0,73	
11,46	-0,72	
11,465	-0,71	
11,47	-0,7	
11,475	-0,7	
11,48	-0,69	
11,485	-0,68	
11,49	-0,68	
11,495	-0,67	
11,5	-0,66	
11,505	-0,65	
11,51	-0,64	
11,515	-0,63	
11,52	-0,62	
11,525	-0,61	
11,53	-0,6	
11,535	-0,59	
11,54	-0,58	
11,545	-0,57	
11,55	-0,55	
11,555	-0,54	
11,56	-0,52	
11,565	-0,51	
11,57	-0,5	
11,575	-0,49	
11,58	-0,47	
11,585	-0,46	
11,59	-0,45	
11,595	-0,43	
11,6	-0,41	
11,605	-0,4	
11,61	-0,38	
11,615	-0,36	
11,62	-0,35	
11,625	-0,34	
11,63	-0,32	
11,635	-0,31	
11,64	-0,29	
11,645	-0,27	
11,65	-0,25	
11,655	-0,24	
11,66	-0,22	
11,665	-0,2	
11,67	-0,19	
11,675	-0,17	
11,68	-0,16	
11,685	-0,14	
11,69	-0,12	
11,695	-0,1	
11,7	-0,08	
11,705	-0,06	
11,71	-0,04	
11,715	-0,02	
11,72	-0,01	
11,725	0,01	
11,73	0,03	
11,735	0,04	
11,74	0,06	
11,745	0,08	
11,75	0,1	
11,755	0,12	
11,76	0,13	
11,765	0,15	
11,77	0,17	
11,775	0,18	
11,78	0,2	
11,785	0,22	
11,79	0,24	
11,795	0,25	
11,8	0,28	
11,805	0,29	
11,81	0,3	
11,815	0,32	
11,82	0,33	
11,825	0,35	
11,83	0,37	
11,835	0,38	
11,84	0,4	
11,845	0,42	
11,85	0,43	
11,855	0,45	
11,86	0,46	
11,865	0,47	
11,87	0,48	
11,875	0,49	
11,88	0,51	
11,885	0,52	
11,89	0,54	
11,895	0,56	
11,9	0,57	
11,905	0,57	
11,91	0,59	
11,915	0,6	
11,92	0,61	
11,925	0,62	
11,93	0,63	
11,935	0,64	
11,94	0,65	
11,945	0,66	
11,95	0,67	
11,955	0,68	
11,96	0,69	
11,965	0,7	
11,97	0,7	
11,975	0,71	
11,98	0,71	
11,985	0,72	
11,99	0,72	
11,995	0,72	
12,0	0,73	
12,005	0,74	
12,01	0,74	
12,015	0,75	
12,02	0,76	
12,025	0,76	
12,03	0,76	
12,035	0,76	
12,04	0,76	
12,045	0,76	
12,05	0,76	
12,055	0,77	
12,06	0,77	
12,065	0,77	
12,07	0,77	
12,075	0,77	
12,08	0,76	
12,085	0,76	
12,09	0,75	
12,095	0,75	
12,1	0,75	
12,105	0,75	
12,11	0,75	
12,115	0,75	
12,12	0,74	
12,125	0,73	
12,13	0,72	
12,135	0,71	
12,14	0,71	
12,145	0,7	
12,15	0,69	
12,155	0,69	
12,16	0,68	
12,165	0,67	
12,17	0,66	
12,175	0,65	
12,18	0,64	
12,185	0,64	
12,19	0,62	
12,195	0,62	
12,2	0,6	
12,205	0,6	
12,21	0,58	
12,215	0,57	
12,22	0,56	
12,225	0,54	
12,23	0,53	
12,235	0,51	
12,24	0,5	
12,245	0,49	
12,25	0,47	
12,255	0,46	
12,26	0,45	
12,265	0,43	
12,27	0,42	
12,275	0,4	
12,28	0,39	
12,285	0,37	
12,29	0,36	
12,295	0,34	
12,3	0,32	
12,305	0,3	
12,31	0,29	
12,315	0,27	
12,32	0,25	
12,325	0,24	
12,33	0,22	
12,335	0,21	
12,34	0,19	
12,345	0,17	
12,35	0,15	
12,355	0,13	
12,36	0,11	
12,365	0,1	
12,37	0,08	
12,375	0,06	
12,38	0,05	
12,385	0,03	
12,39	0,02	
12,395	-0,01	
12,4	-0,02	
12,405	-0,04	
12,41	-0,06	
12,415	-0,08	
12,42	-0,1	
12,425	-0,12	
12,43	-0,13	
12,435	-0,15	
12,44	-0,17	
12,445	-0,19	
12,45	-0,2	
12,455	-0,22	
12,46	-0,24	
12,465	-0,26	
12,47	-0,27	
12,475	-0,29	
12,48	-0,3	
12,485	-0,33	
12,49	-0,34	
12,495	-0,35	
12,5	-0,37	
12,505	-0,39	
12,51	-0,4	
12,515	-0,42	
12,52	-0,43	
12,525	-0,45	
12,53	-0,47	
12,535	-0,48	
12,54	-0,5	
12,545	-0,51	
12,55	-0,52	
12,555	-0,53	
12,56	-0,54	
12,565	-0,55	
12,57	-0,56	
12,575	-0,58	
12,58	-0,59	
12,585	-0,6	
12,59	-0,61	
12,595	-0,62	
12,6	-0,63	
12,605	-0,64	
12,61	-0,65	
12,615	-0,66	
12,62	-0,67	
12,625	-0,68	
12,63	-0,69	
12,635	-0,7	
12,64	-0,71	
12,645	-0,71	
12,65	-0,71	
12,655	-0,72	
12,66	-0,72	
12,665	-0,73	
12,67	-0,74	
12,675	-0,75	
12,68	-0,75	
12,685	-0,76	
12,69	-0,76	
12,695	-0,76	
12,7	-0,76	
12,705	-0,76	
12,71	-0,76	
12,715	-0,77	
12,72	-0,77	
12,725	-0,77	
12,73	-0,78	
12,735	-0,77	
12,74	-0,77	
12,745	-0,77	
12,75	-0,77	
12,755	-0,76	
12,76	-0,76	
12,765	-0,76	
12,77	-0,76	
12,775	-0,75	
12,78	-0,75	
12,785	-0,74	
12,79	-0,74	
12,795	-0,73	
12,8	-0,72	
12,805	-0,72	
12,81	-0,72	
12,815	-0,71	
12,82	-0,71	
12,825	-0,7	
12,83	-0,69	
12,835	-0,68	
12,84	-0,67	
12,845	-0,66	
12,85	-0,65	
12,855	-0,64	
12,86	-0,63	
12,865	-0,63	
12,87	-0,62	
12,875	-0,6	
12,88	-0,59	
12,885	-0,57	
12,89	-0,56	
12,895	-0,54	
12,9	-0,53	
12,905	-0,53	
12,91	-0,52	
12,915	-0,51	
12,92	-0,49	
12,925	-0,48	
12,93	-0,46	
12,935	-0,44	
12,94	-0,42	
12,945	-0,4	
12,95	-0,39	
12,955	-0,38	
12,96	-0,36	
12,965	-0,35	
12,97	-0,33	
12,975	-0,31	
12,98	-0,3	
12,985	-0,27	
12,99	-0,25	
12,995	-0,24	
13,0	-0,22	
13,005	-0,21	
13,01	-0,2	
13,015	-0,18	
13,02	-0,16	
13,025	-0,15	
13,03	-0,11	
13,035	-0,1	
13,04	-0,08	
13,045	-0,06	
13,05	-0,04	
13,055	-0,03	
13,06	-0,01	
13,065	0	
13,07	0,02	
13,075	0,05	
13,08	0,07	
13,085	0,08	
13,09	0,1	
13,095	0,12	
13,1	0,14	
13,105	0,15	
13,11	0,17	
13,115	0,18	
13,12	0,21	
13,125	0,22	
13,13	0,24	
13,135	0,26	
13,14	0,27	
13,145	0,29	
13,15	0,31	
13,155	0,32	
13,16	0,34	
13,165	0,37	
13,17	0,38	
13,175	0,39	
13,18	0,41	
13,185	0,42	
13,19	0,43	
13,195	0,45	
13,2	0,46	
13,205	0,48	
13,21	0,5	
13,215	0,51	
13,22	0,52	
13,225	0,53	
13,23	0,55	
13,235	0,56	
13,24	0,58	
13,245	0,59	
13,25	0,6	
13,255	0,61	
13,26	0,62	
13,265	0,63	
13,27	0,64	
13,275	0,65	
13,28	0,66	
13,285	0,67	
13,29	0,68	
13,295	0,69	
13,3	0,7	
13,305	0,71	
13,31	0,72	
13,315	0,72	
13,32	0,73	
13,325	0,73	
13,33	0,74	
13,335	0,75	
13,34	0,75	
13,345	0,76	
13,35	0,76	
13,355	0,76	
13,36	0,76	
13,365	0,76	
13,37	0,77	
13,375	0,77	
13,38	0,77	
13,385	0,77	
13,39	0,78	
13,395	0,78	
13,4	0,78	
13,405	0,78	
13,41	0,78	
13,415	0,78	
13,42	0,77	
13,425	0,77	
13,43	0,77	
13,435	0,77	
13,44	0,77	
13,445	0,76	
13,45	0,76	
13,455	0,75	
13,46	0,74	
13,465	0,74	
13,47	0,73	
13,475	0,73	
13,48	0,73	
13,485	0,72	
13,49	0,71	
13,495	0,7	
13,5	0,69	
13,505	0,68	
13,51	0,67	
13,515	0,66	
13,52	0,65	
13,525	0,65	
13,53	0,63	
13,535	0,62	
13,54	0,61	
13,545	0,6	
13,55	0,59	
13,555	0,57	
13,56	0,56	
13,565	0,55	
13,57	0,54	
13,575	0,52	
13,58	0,51	
13,585	0,5	
13,59	0,48	
13,595	0,47	
13,6	0,45	
13,605	0,44	
13,61	0,42	
13,615	0,41	
13,62	0,39	
13,625	0,37	
13,63	0,36	
13,635	0,34	
13,64	0,33	
13,645	0,31	
13,65	0,29	
13,655	0,27	
13,66	0,26	
13,665	0,24	
13,67	0,22	
13,675	0,21	
13,68	0,19	
13,685	0,17	
13,69	0,15	
13,695	0,13	
13,7	0,12	
13,705	0,1	
13,71	0,08	
13,715	0,06	
13,72	0,04	
13,725	0,03	
13,73	0,01	
13,735	-0,01	
13,74	-0,03	
13,745	-0,05	
13,75	-0,07	
13,755	-0,09	
13,76	-0,11	
13,765	-0,13	
13,77	-0,14	
13,775	-0,16	
13,78	-0,18	
13,785	-0,2	
13,79	-0,22	
13,795	-0,23	
13,8	-0,24	
13,805	-0,27	
13,81	-0,28	
13,815	-0,3	
13,82	-0,32	
13,825	-0,33	
13,83	-0,35	
13,835	-0,36	
13,84	-0,38	
13,845	-0,4	
13,85	-0,42	
13,855	-0,43	
13,86	-0,45	
13,865	-0,46	
13,87	-0,47	
13,875	-0,49	
13,88	-0,5	
13,885	-0,52	
13,89	-0,53	
13,895	-0,55	
13,9	-0,56	
13,905	-0,58	
13,91	-0,59	
13,915	-0,6	
13,92	-0,61	
13,925	-0,62	
13,93	-0,63	
13,935	-0,64	
13,94	-0,66	
13,945	-0,67	
13,95	-0,68	
13,955	-0,69	
13,96	-0,7	
13,965	-0,7	
13,97	-0,71	
13,975	-0,71	
13,98	-0,72	
13,985	-0,73	
13,99	-0,73	
13,995	-0,74	
14,0	-0,75	
14,005	-0,76	
14,01	-0,77	
14,015	-0,77	
14,02	-0,78	
14,025	-0,78	
14,03	-0,78	
14,035	-0,78	
14,04	-0,79	
14,045	-0,79	
14,05	-0,79	
14,055	-0,79	
14,06	-0,8	
14,065	-0,8	
14,07	-0,79	
14,075	-0,79	
14,08	-0,79	
14,085	-0,79	
14,09	-0,79	
14,095	-0,79	
14,1	-0,79	
14,105	-0,79	
14,11	-0,78	
14,115	-0,77	
14,12	-0,77	
14,125	-0,76	
14,13	-0,75	
14,135	-0,75	
14,14	-0,74	
14,145	-0,74	
14,15	-0,73	
14,155	-0,73	
14,16	-0,72	
14,165	-0,7	
14,17	-0,69	
14,175	-0,68	
14,18	-0,67	
14,185	-0,67	
14,19	-0,66	
14,195	-0,65	
14,2	-0,64	
14,205	-0,63	
14,21	-0,62	
14,215	-0,6	
14,22	-0,59	
14,225	-0,58	
14,23	-0,57	
14,235	-0,55	
14,24	-0,54	
14,245	-0,53	
14,25	-0,52	
14,255	-0,51	
14,26	-0,48	
14,265	-0,46	
14,27	-0,45	
14,275	-0,43	
14,28	-0,42	
14,285	-0,41	
14,29	-0,4	
14,295	-0,38	
14,3	-0,37	
14,305	-0,34	
14,31	-0,32	
14,315	-0,3	
14,32	-0,29	
14,325	-0,27	
14,33	-0,26	
14,335	-0,24	
14,34	-0,23	
14,345	-0,21	
14,35	-0,18	
14,355	-0,16	
14,36	-0,14	
14,365	-0,13	
14,37	-0,11	
14,375	-0,09	
14,38	-0,07	
14,385	-0,06	
14,39	-0,04	
14,395	-0,01	
14,4	0,01	
14,405	0,03	
14,41	0,04	
14,415	0,06	
14,42	0,08	
14,425	0,09	
14,43	0,11	
14,435	0,13	
14,44	0,16	
14,445	0,17	
14,45	0,19	
14,455	0,21	
14,46	0,23	
14,465	0,24	
14,47	0,26	
14,475	0,28	
14,48	0,29	
14,485	0,32	
14,49	0,34	
14,495	0,36	
14,5	0,37	
14,505	0,39	
14,51	0,4	
14,515	0,41	
14,52	0,43	
14,525	0,44	
14,53	0,46	
14,535	0,48	
14,54	0,49	
14,545	0,5	
14,55	0,52	
14,555	0,53	
14,56	0,55	
14,565	0,56	
14,57	0,58	
14,575	0,59	
14,58	0,6	
14,585	0,61	
14,59	0,62	
14,595	0,63	
14,6	0,65	
14,605	0,66	
14,61	0,67	
14,615	0,68	
14,62	0,69	
14,625	0,7	
14,63	0,71	
14,635	0,72	
14,64	0,72	
14,645	0,73	
14,65	0,74	
14,655	0,75	
14,66	0,75	
14,665	0,76	
14,67	0,77	
14,675	0,77	
14,68	0,78	
14,685	0,78	
14,69	0,79	
14,695	0,79	
14,7	0,79	
14,705	0,79	
14,71	0,79	
14,715	0,8	
14,72	0,8	
14,725	0,81	
14,73	0,81	
14,735	0,81	
14,74	0,8	
14,745	0,8	
14,75	0,8	
14,755	0,8	
14,76	0,79	
14,765	0,79	
14,77	0,79	
14,775	0,78	
14,78	0,78	
14,785	0,77	
14,79	0,76	
14,795	0,76	
14,8	0,76	
14,805	0,75	
14,81	0,75	
14,815	0,74	
14,82	0,74	
14,825	0,73	
14,83	0,72	
14,835	0,71	
14,84	0,7	
14,845	0,69	
14,85	0,68	
14,855	0,67	
14,86	0,66	
14,865	0,65	
14,87	0,64	
14,875	0,62	
14,88	0,61	
14,885	0,6	
14,89	0,59	
14,895	0,57	
14,9	0,56	
14,905	0,55	
14,91	0,54	
14,915	0,52	
14,92	0,51	
14,925	0,49	
14,93	0,48	
14,935	0,46	
14,94	0,44	
14,945	0,43	
14,95	0,42	
14,955	0,4	
14,96	0,38	
14,965	0,37	
14,97	0,35	
14,975	0,33	
14,98	0,31	
14,985	0,29	
14,99	0,28	
14,995	0,26	
15,0	0,25	
15,005	0,23	
15,01	0,21	
15,015	0,2	
15,02	0,18	
15,025	0,16	
15,03	0,13	
15,035	0,11	
15,04	0,1	
15,045	0,08	
15,05	0,06	
15,055	0,04	
15,06	0,02	
15,065	0	
15,07	-0,02	
15,075	-0,04	
15,08	-0,06	
15,085	-0,08	
15,09	-0,1	
15,095	-0,11	
15,1	-0,13	
15,105	-0,15	
15,11	-0,17	
15,115	-0,19	
15,12	-0,21	
15,125	-0,23	
15,13	-0,24	
15,135	-0,26	
15,14	-0,28	
15,145	-0,3	
15,15	-0,31	
15,155	-0,33	
15,16	-0,35	
15,165	-0,36	
15,17	-0,38	
15,175	-0,4	
15,18	-0,42	
15,185	-0,43	
15,19	-0,45	
15,195	-0,46	
15,2	-0,48	
15,205	-0,49	
15,21	-0,51	
15,215	-0,53	
15,22	-0,54	
15,225	-0,55	
15,23	-0,57	
15,235	-0,58	
15,24	-0,59	
15,245	-0,6	
15,25	-0,62	
15,255	-0,63	
15,26	-0,64	
15,265	-0,65	
15,27	-0,66	
15,275	-0,67	
15,28	-0,68	
15,285	-0,69	
15,29	-0,7	
15,295	-0,72	
15,3	-0,73	
15,305	-0,74	
15,31	-0,74	
15,315	-0,75	
15,32	-0,76	
15,325	-0,76	
15,33	-0,77	
15,335	-0,77	
15,34	-0,78	
15,345	-0,79	
15,35	-0,8	
15,355	-0,8	
15,36	-0,8	
15,365	-0,8	
15,37	-0,81	
15,375	-0,8	
15,38	-0,8	
15,385	-0,81	
15,39	-0,81	
15,395	-0,81	
15,4	-0,81	
15,405	-0,81	
15,41	-0,81	
15,415	-0,81	
15,42	-0,81	
15,425	-0,81	
15,43	-0,8	
15,435	-0,8	
15,44	-0,79	
15,445	-0,79	
15,45	-0,79	
15,455	-0,78	
15,46	-0,78	
15,465	-0,77	
15,47	-0,77	
15,475	-0,76	
15,48	-0,75	
15,485	-0,74	
15,49	-0,73	
15,495	-0,73	
15,5	-0,72	
15,505	-0,71	
15,51	-0,7	
15,515	-0,69	
15,52	-0,68	
15,525	-0,68	
15,53	-0,66	
15,535	-0,65	
15,54	-0,64	
15,545	-0,62	
15,55	-0,61	
15,555	-0,6	
15,56	-0,59	
15,565	-0,57	
15,57	-0,56	
15,575	-0,55	
15,58	-0,53	
15,585	-0,52	
15,59	-0,5	
15,595	-0,49	
15,6	-0,47	
15,605	-0,45	
15,61	-0,44	
15,615	-0,43	
15,62	-0,41	
15,625	-0,39	
15,63	-0,37	
15,635	-0,35	
15,64	-0,33	
15,645	-0,32	
15,65	-0,3	
15,655	-0,28	
15,66	-0,27	
15,665	-0,25	
15,67	-0,23	
15,675	-0,21	
15,68	-0,19	
15,685	-0,18	
15,69	-0,16	
15,695	-0,14	
15,7	-0,12	
15,705	-0,1	
15,71	-0,08	
15,715	-0,05	
15,72	-0,04	
15,725	-0,02	
15,73	0	
15,735	0,02	
15,74	0,03	
15,745	0,05	
15,75	0,07	
15,755	0,09	
15,76	0,12	
15,765	0,14	
15,77	0,16	
15,775	0,18	
15,78	0,19	
15,785	0,21	
15,79	0,22	
15,795	0,24	
15,8	0,26	
15,805	0,28	
15,81	0,3	
15,815	0,32	
15,82	0,34	
15,825	0,36	
15,83	0,37	
15,835	0,39	
15,84	0,4	
15,845	0,41	
15,85	0,43	
15,855	0,45	
15,86	0,47	
15,865	0,49	
15,87	0,5	
15,875	0,52	
15,88	0,53	
15,885	0,54	
15,89	0,55	
15,895	0,57	
15,9	0,58	
15,905	0,6	
15,91	0,61	
15,915	0,63	
15,92	0,64	
15,925	0,65	
15,93	0,66	
15,935	0,67	
15,94	0,68	
15,945	0,69	
15,95	0,7	
15,955	0,71	
15,96	0,72	
15,965	0,73	
15,97	0,74	
15,975	0,75	
15,98	0,75	
15,985	0,76	
15,99	0,77	
15,995	0,77	
16,0	0,78	
16,005	0,78	
16,01	0,79	
16,015	0,79	
16,02	0,8	
16,025	0,8	
16,03	0,81	
16,035	0,81	
16,04	0,81	
16,045	0,81	
16,05	0,81	
16,055	0,82	
16,06	0,82	
16,065	0,82	
16,07	0,81	
16,075	0,82	
16,08	0,82	
16,085	0,81	
16,09	0,81	
16,095	0,81	
16,1	0,81	
16,105	0,8	
16,11	0,8	
16,115	0,79	
16,12	0,78	
16,125	0,78	
16,13	0,77	
16,135	0,77	
16,14	0,77	
16,145	0,76	
16,15	0,76	
16,155	0,74	
16,16	0,73	
16,165	0,73	
16,17	0,71	
16,175	0,7	
16,18	0,69	
16,185	0,69	
16,19	0,68	
16,195	0,67	
16,2	0,66	
16,205	0,64	
16,21	0,63	
16,215	0,61	
16,22	0,59	
16,225	0,58	
16,23	0,57	
16,235	0,55	
16,24	0,54	
16,245	0,53	
16,25	0,52	
16,255	0,51	
16,26	0,49	
16,265	0,47	
16,27	0,45	
16,275	0,44	
16,28	0,42	
16,285	0,41	
16,29	0,39	
16,295	0,37	
16,3	0,36	
16,305	0,33	
16,31	0,32	
16,315	0,3	
16,32	0,28	
16,325	0,27	
16,33	0,25	
16,335	0,23	
16,34	0,21	
16,345	0,2	
16,35	0,17	
16,355	0,15	
16,36	0,14	
16,365	0,12	
16,37	0,1	
16,375	0,08	
16,38	0,06	
16,385	0,04	
16,39	0,02	
16,395	0	
16,4	-0,02	
16,405	-0,04	
16,41	-0,06	
16,415	-0,07	
16,42	-0,09	
16,425	-0,11	
16,43	-0,13	
16,435	-0,15	
16,44	-0,18	
16,445	-0,2	
16,45	-0,21	
16,455	-0,23	
16,46	-0,25	
16,465	-0,27	
16,47	-0,28	
16,475	-0,3	
16,48	-0,32	
16,485	-0,34	
16,49	-0,36	
16,495	-0,38	
16,5	-0,39	
16,505	-0,41	
16,51	-0,42	
16,515	-0,43	
16,52	-0,45	
16,525	-0,47	
16,53	-0,48	
16,535	-0,5	
16,54	-0,52	
16,545	-0,54	
16,55	-0,55	
16,555	-0,56	
16,56	-0,57	
16,565	-0,59	
16,57	-0,6	
16,575	-0,61	
16,58	-0,63	
16,585	-0,64	
16,59	-0,66	
16,595	-0,67	
16,6	-0,68	
16,605	-0,69	
16,61	-0,7	
16,615	-0,71	
16,62	-0,71	
16,625	-0,73	
16,63	-0,73	
16,635	-0,74	
16,64	-0,75	
16,645	-0,75	
16,65	-0,76	
16,655	-0,77	
16,66	-0,78	
16,665	-0,78	
16,67	-0,8	
16,675	-0,8	
16,68	-0,8	
16,685	-0,8	
16,69	-0,8	
16,695	-0,8	
16,7	-0,81	
16,705	-0,81	
16,71	-0,81	
16,715	-0,82	
16,72	-0,82	
16,725	-0,82	
16,73	-0,82	
16,735	-0,82	
16,74	-0,82	
16,745	-0,82	
16,75	-0,81	
16,755	-0,81	
16,76	-0,81	
16,765	-0,81	
16,77	-0,8	
16,775	-0,8	
16,78	-0,79	
16,785	-0,78	
16,79	-0,78	
16,795	-0,78	
16,8	-0,77	
16,805	-0,76	
16,81	-0,76	
16,815	-0,75	
16,82	-0,74	
16,825	-0,73	
16,83	-0,73	
16,835	-0,71	
16,84	-0,71	
16,845	-0,7	
16,85	-0,68	
16,855	-0,67	
16,86	-0,66	
16,865	-0,65	
16,87	-0,64	
16,875	-0,63	
16,88	-0,62	
16,885	-0,61	
16,89	-0,59	
16,895	-0,57	
16,9	-0,56	
16,905	-0,54	
16,91	-0,53	
16,915	-0,51	
16,92	-0,5	
16,925	-0,49	
16,93	-0,48	
16,935	-0,46	
16,94	-0,44	
16,945	-0,42	
16,95	-0,4	
16,955	-0,38	
16,96	-0,37	
16,965	-0,35	
16,97	-0,34	
16,975	-0,32	
16,98	-0,31	
16,985	-0,29	
16,99	-0,27	
16,995	-0,25	
17,0	-0,23	
17,005	-0,21	
17,01	-0,19	
17,015	-0,17	
17,02	-0,16	
17,025	-0,14	
17,03	-0,12	
17,035	-0,09	
17,04	-0,07	
17,045	-0,05	
17,05	-0,03	
17,055	-0,01	
17,06	0	
17,065	0,02	
17,07	0,04	
17,075	0,06	
17,08	0,08	
17,085	0,1	
17,09	0,12	
17,095	0,14	
17,1	0,16	
17,105	0,18	
17,11	0,2	
17,115	0,21	
17,12	0,23	
17,125	0,25	
17,13	0,27	
17,135	0,28	
17,14	0,3	
17,145	0,32	
17,15	0,34	
17,155	0,36	
17,16	0,38	
17,165	0,39	
17,17	0,42	
17,175	0,43	
17,18	0,44	
17,185	0,46	
17,19	0,47	
17,195	0,49	
17,2	0,5	
17,205	0,52	
17,21	0,54	
17,215	0,56	
17,22	0,57	
17,225	0,58	
17,23	0,59	
17,235	0,6	
17,24	0,61	
17,245	0,62	
17,25	0,64	
17,255	0,65	
17,26	0,66	
17,265	0,68	
17,27	0,69	
17,275	0,7	
17,28	0,71	
17,285	0,72	
17,29	0,73	
17,295	0,73	
17,3	0,74	
17,305	0,75	
17,31	0,76	
17,315	0,76	
17,32	0,77	
17,325	0,78	
17,33	0,79	
17,335	0,79	
17,34	0,79	
17,345	0,79	
17,35	0,8	
17,355	0,8	
17,36	0,81	
17,365	0,81	
17,37	0,82	
17,375	0,82	
17,38	0,82	
17,385	0,82	
17,39	0,82	
17,395	0,82	
17,4	0,82	
17,405	0,81	
17,41	0,81	
17,415	0,81	
17,42	0,8	
17,425	0,8	
17,43	0,8	
17,435	0,79	
17,44	0,79	
17,445	0,79	
17,45	0,78	
17,455	0,78	
17,46	0,77	
17,465	0,77	
17,47	0,75	
17,475	0,75	
17,48	0,74	
17,485	0,73	
17,49	0,72	
17,495	0,72	
17,5	0,71	
17,505	0,7	
17,51	0,69	
17,515	0,68	
17,52	0,67	
17,525	0,66	
17,53	0,64	
17,535	0,63	
17,54	0,62	
17,545	0,61	
17,55	0,6	
17,555	0,58	
17,56	0,57	
17,565	0,55	
17,57	0,54	
17,575	0,52	
17,58	0,5	
17,585	0,49	
17,59	0,48	
17,595	0,47	
17,6	0,45	
17,605	0,44	
17,61	0,42	
17,615	0,4	
17,62	0,38	
17,625	0,36	
17,63	0,34	
17,635	0,32	
17,64	0,31	
17,645	0,29	
17,65	0,28	
17,655	0,26	
17,66	0,25	
17,665	0,23	
17,67	0,2	
17,675	0,18	
17,68	0,16	
17,685	0,14	
17,69	0,13	
17,695	0,11	
17,7	0,09	
17,705	0,07	
17,71	0,06	
17,715	0,03	
17,72	0,01	
17,725	-0,01	
17,73	-0,03	
17,735	-0,05	
17,74	-0,07	
17,745	-0,08	
17,75	-0,1	
17,755	-0,12	
17,76	-0,15	
17,765	-0,17	
17,77	-0,18	
17,775	-0,2	
17,78	-0,22	
17,785	-0,23	
17,79	-0,25	
17,795	-0,27	
17,8	-0,29	
17,805	-0,31	
17,81	-0,33	
17,815	-0,35	
17,82	-0,36	
17,825	-0,38	
17,83	-0,39	
17,835	-0,41	
17,84	-0,43	
17,845	-0,44	
17,85	-0,46	
17,855	-0,48	
17,86	-0,49	
17,865	-0,5	
17,87	-0,52	
17,875	-0,53	
17,88	-0,54	
17,885	-0,56	
17,89	-0,57	
17,895	-0,59	
17,9	-0,61	
17,905	-0,62	
17,91	-0,63	
17,915	-0,64	
17,92	-0,65	
17,925	-0,66	
17,93	-0,67	
17,935	-0,68	
17,94	-0,69	
17,945	-0,71	
17,95	-0,71	
17,955	-0,72	
17,96	-0,73	
17,965	-0,74	
17,97	-0,74	
17,975	-0,75	
17,98	-0,75	
17,985	-0,76	
17,99	-0,77	
17,995	-0,78	
18,0	-0,78	
18,005	-0,79	
18,01	-0,79	
18,015	-0,8	
18,02	-0,8	
18,025	-0,8	
18,03	-0,8	
18,035	-0,8	
18,04	-0,81	
18,045	-0,81	
18,05	-0,81	
18,055	-0,81	
18,06	-0,81	
18,065	-0,81	
18,07	-0,81	
18,075	-0,81	
18,08	-0,8	
18,085	-0,8	
18,09	-0,8	
18,095	-0,79	
18,1	-0,79	
18,105	-0,78	
18,11	-0,78	
18,115	-0,77	
18,12	-0,77	
18,125	-0,76	
18,13	-0,76	
18,135	-0,75	
18,14	-0,74	
18,145	-0,74	
18,15	-0,73	
18,155	-0,72	
18,16	-0,71	
18,165	-0,7	
18,17	-0,69	
18,175	-0,68	
18,18	-0,67	
18,185	-0,67	
18,19	-0,65	
18,195	-0,64	
18,2	-0,62	
18,205	-0,61	
18,21	-0,6	
18,215	-0,59	
18,22	-0,58	
18,225	-0,57	
18,23	-0,55	
18,235	-0,54	
18,24	-0,52	
18,245	-0,51	
18,25	-0,49	
18,255	-0,48	
18,26	-0,45	
18,265	-0,44	
18,27	-0,43	
18,275	-0,41	
18,28	-0,4	
18,285	-0,38	
18,29	-0,36	
18,295	-0,34	
18,3	-0,33	
18,305	-0,31	
18,31	-0,29	
18,315	-0,27	
18,32	-0,26	
18,325	-0,24	
18,33	-0,22	
18,335	-0,2	
18,34	-0,18	
18,345	-0,17	
18,35	-0,15	
18,355	-0,12	
18,36	-0,11	
18,365	-0,09	
18,37	-0,07	
18,375	-0,05	
18,38	-0,03	
18,385	-0,01	
18,39	0,01	
18,395	0,02	
18,4	0,05	
18,405	0,06	
18,41	0,08	
18,415	0,1	
18,42	0,12	
18,425	0,14	
18,43	0,16	
18,435	0,18	
18,44	0,19	
18,445	0,22	
18,45	0,23	
18,455	0,25	
18,46	0,27	
18,465	0,28	
18,47	0,3	
18,475	0,32	
18,48	0,34	
18,485	0,35	
18,49	0,38	
18,495	0,39	
18,5	0,41	
18,505	0,42	
18,51	0,44	
18,515	0,45	
18,52	0,47	
18,525	0,48	
18,53	0,5	
18,535	0,52	
18,54	0,53	
18,545	0,54	
18,55	0,56	
18,555	0,57	
18,56	0,58	
18,565	0,6	
18,57	0,61	
18,575	0,62	
18,58	0,64	
18,585	0,64	
18,59	0,65	
18,595	0,66	
18,6	0,67	
18,605	0,68	
18,61	0,69	
18,615	0,71	
18,62	0,71	
18,625	0,72	
18,63	0,73	
18,635	0,73	
18,64	0,74	
18,645	0,75	
18,65	0,75	
18,655	0,76	
18,66	0,77	
18,665	0,78	
18,67	0,78	
18,675	0,78	
18,68	0,78	
18,685	0,79	
18,69	0,79	
18,695	0,79	
18,7	0,8	
18,705	0,8	
18,71	0,8	
18,715	0,8	
18,72	0,79	
18,725	0,79	
18,73	0,79	
18,735	0,79	
18,74	0,79	
18,745	0,79	
18,75	0,79	
18,755	0,79	
18,76	0,79	
18,765	0,78	
18,77	0,77	
18,775	0,76	
18,78	0,76	
18,785	0,76	
18,79	0,75	
18,795	0,75	
18,8	0,74	
18,805	0,74	
18,81	0,72	
18,815	0,71	
18,82	0,7	
18,825	0,7	
18,83	0,69	
18,835	0,68	
18,84	0,67	
18,845	0,66	
18,85	0,65	
18,855	0,64	
18,86	0,63	
18,865	0,61	
18,87	0,6	
18,875	0,59	
18,88	0,58	
18,885	0,57	
18,89	0,55	
18,895	0,54	
18,9	0,53	
18,905	0,51	
18,91	0,5	
18,915	0,48	
18,92	0,47	
18,925	0,45	
18,93	0,44	
18,935	0,42	
18,94	0,41	
18,945	0,39	
18,95	0,37	
18,955	0,35	
18,96	0,33	
18,965	0,32	
18,97	0,3	
18,975	0,29	
18,98	0,27	
18,985	0,26	
18,99	0,23	
18,995	0,21	
19,0	0,19	
19,005	0,17	
19,01	0,16	
19,015	0,14	
19,02	0,13	
19,025	0,11	
19,03	0,09	
19,035	0,07	
19,04	0,05	
19,045	0,03	
19,05	0,01	
19,055	-0,01	
19,06	-0,03	
19,065	-0,04	
19,07	-0,06	
19,075	-0,07	
19,08	-0,1	
19,085	-0,12	
19,09	-0,14	
19,095	-0,16	
19,1	-0,18	
19,105	-0,2	
19,11	-0,21	
19,115	-0,23	
19,12	-0,24	
19,125	-0,26	
19,13	-0,28	
19,135	-0,3	
19,14	-0,31	
19,145	-0,33	
19,15	-0,35	
19,155	-0,36	
19,16	-0,38	
19,165	-0,39	
19,17	-0,42	
19,175	-0,43	
19,18	-0,44	
19,185	-0,46	
19,19	-0,47	
19,195	-0,49	
19,2	-0,5	
19,205	-0,51	
19,21	-0,53	
19,215	-0,55	
19,22	-0,56	
19,225	-0,58	
19,23	-0,59	
19,235	-0,6	
19,24	-0,61	
19,245	-0,61	
19,25	-0,62	
19,255	-0,63	
19,26	-0,65	
19,265	-0,67	
19,27	-0,68	
19,275	-0,68	
19,28	-0,69	
19,285	-0,7	
19,29	-0,7	
19,295	-0,71	
19,3	-0,71	
19,305	-0,72	
19,31	-0,73	
19,315	-0,74	
19,32	-0,75	
19,325	-0,76	
19,33	-0,76	
19,335	-0,76	
19,34	-0,76	
19,345	-0,76	
19,35	-0,77	
19,355	-0,77	
19,36	-0,78	
19,365	-0,78	
19,37	-0,79	
19,375	-0,79	
19,38	-0,79	
19,385	-0,79	
19,39	-0,78	
19,395	-0,78	
19,4	-0,78	
19,405	-0,78	
19,41	-0,78	
19,415	-0,78	
19,42	-0,78	
19,425	-0,78	
19,43	-0,77	
19,435	-0,77	
19,44	-0,76	
19,445	-0,75	
19,45	-0,74	
19,455	-0,74	
19,46	-0,74	
19,465	-0,73	
19,47	-0,73	
19,475	-0,72	
19,48	-0,71	
19,485	-0,7	
19,49	-0,69	
19,495	-0,68	
19,5	-0,67	
19,505	-0,67	
19,51	-0,66	
19,515	-0,65	
19,52	-0,63	
19,525	-0,62	
19,53	-0,61	
19,535	-0,59	
19,54	-0,58	
19,545	-0,57	
19,55	-0,56	
19,555	-0,55	
19,56	-0,53	
19,565	-0,52	
19,57	-0,51	
19,575	-0,49	
19,58	-0,47	
19,585	-0,46	
19,59	-0,45	
19,595	-0,43	
19,6	-0,42	
19,605	-0,41	
19,61	-0,39	
19,615	-0,37	
19,62	-0,36	
19,625	-0,33	
19,63	-0,31	
19,635	-0,3	
19,64	-0,29	
19,645	-0,27	
19,65	-0,26	
19,655	-0,24	
19,66	-0,22	
19,665	-0,2	
19,67	-0,17	
19,675	-0,16	
19,68	-0,14	
19,685	-0,13	
19,69	-0,11	
19,695	-0,1	
19,7	-0,08	
19,705	-0,06	
19,71	-0,04	
19,715	-0,02	
19,72	0,01	
19,725	0,03	
19,73	0,04	
19,735	0,06	
19,74	0,07	
19,745	0,09	
19,75	0,11	
19,755	0,12	
19,76	0,14	
19,765	0,17	
19,77	0,19	
19,775	0,21	
19,78	0,22	
19,785	0,23	
19,79	0,25	
19,795	0,26	
19,8	0,28	
19,805	0,29	
19,81	0,32	
19,815	0,34	
19,82	0,35	
19,825	0,37	
19,83	0,39	
19,835	0,4	
19,84	0,42	
19,845	0,43	
19,85	0,45	
19,855	0,46	
19,86	0,48	
19,865	0,49	
19,87	0,5	
19,875	0,52	
19,88	0,53	
19,885	0,54	
19,89	0,56	
19,895	0,57	
19,9	0,59	
19,905	0,6	
19,91	0,61	
19,915	0,61	
19,92	0,62	
19,925	0,63	
19,93	0,64	
19,935	0,66	
19,94	0,67	
19,945	0,69	
19,95	0,69	
19,955	0,7	
19,96	0,7	
19,965	0,7	
19,97	0,71	
19,975	0,71	
19,98	0,72	
19,985	0,73	
19,99	0,74	
19,995	0,75	
20,0	0,75	
20,005	0,75	
20,01	0,75	
20,015	0,75	
20,02	0,75	
20,025	0,76	
20,03	0,76	
20,035	0,77	
20,04	0,77	
20,045	0,77	
20,05	0,77	
20,055	0,77	
20,06	0,77	
20,065	0,76	
20,07	0,76	
20,075	0,76	
20,08	0,76	
20,085	0,76	
20,09	0,76	
20,095	0,75	
20,1	0,75	
20,105	0,74	
20,11	0,74	
20,115	0,73	
20,12	0,73	
20,125	0,72	
20,13	0,72	
20,135	0,71	
20,14	0,71	
20,145	0,7	
20,15	0,69	
20,155	0,69	
20,16	0,67	
20,165	0,67	
20,17	0,66	
20,175	0,64	
20,18	0,63	
20,185	0,62	
20,19	0,61	
20,195	0,6	
20,2	0,59	
20,205	0,58	
20,21	0,57	
20,215	0,56	
20,22	0,54	
20,225	0,53	
20,23	0,51	
20,235	0,5	
20,24	0,49	
20,245	0,48	
20,25	0,47	
20,255	0,45	
20,26	0,44	
20,265	0,41	
20,27	0,39	
20,275	0,38	
20,28	0,36	
20,285	0,35	
20,29	0,34	
20,295	0,33	
20,3	0,31	
20,305	0,3	
20,31	0,27	
20,315	0,25	
20,32	0,23	
20,325	0,21	
20,33	0,19	
20,335	0,18	
20,34	0,17	
20,345	0,16	
20,35	0,14	
20,355	0,12	
20,36	0,1	
20,365	0,07	
20,37	0,05	
20,375	0,03	
20,38	0,02	
20,385	0	
20,39	-0,01	
20,395	-0,02	
20,4	-0,03	
20,405	-0,05	
20,41	-0,07	
20,415	-0,1	
20,42	-0,13	
20,425	-0,16	
20,43	-0,17	
20,435	-0,18	
20,44	-0,19	
20,445	-0,19	
20,45	-0,2	
20,455	-0,22	
20,46	-0,25	
20,465	-0,28	
20,47	-0,31	
20,475	-0,33	
20,48	-0,35	
20,485	-0,35	
20,49	-0,35	
20,495	-0,35	
20,5	-0,35	
20,505	-0,37	
20,51	-0,4	
20,515	-0,44	
20,52	-0,47	
20,525	-0,49	
20,53	-0,5	
20,535	-0,49	
20,54	-0,48	
20,545	-0,48	
20,55	-0,49	
20,555	-0,51	
20,56	-0,54	
20,565	-0,58	
20,57	-0,61	
20,575	-0,63	
20,58	-0,63	
20,585	-0,62	
20,59	-0,61	
20,595	-0,6	
20,6	-0,6	
20,605	-0,61	
20,61	-0,64	
20,615	-0,66	
20,62	-0,68	
20,625	-0,7	
20,63	-0,71	
20,635	-0,7	
20,64	-0,69	
20,645	-0,69	
20,65	-0,69	
20,655	-0,7	
20,66	-0,71	
20,665	-0,73	
20,67	-0,75	
20,675	-0,76	
20,68	-0,76	
20,685	-0,75	
20,69	-0,74	
20,695	-0,73	
20,7	-0,73	
20,705	-0,74	
20,71	-0,75	
20,715	-0,76	
20,72	-0,77	
20,725	-0,78	
20,73	-0,77	
20,735	-0,76	
20,74	-0,75	
20,745	-0,74	
20,75	-0,73	
20,755	-0,73	
20,76	-0,74	
20,765	-0,74	
20,77	-0,75	
20,775	-0,74	
20,78	-0,74	
20,785	-0,73	
20,79	-0,71	
20,795	-0,7	
20,8	-0,69	
20,805	-0,69	
20,81	-0,68	
20,815	-0,68	
20,82	-0,68	
20,825	-0,67	
20,83	-0,67	
20,835	-0,66	
20,84	-0,64	
20,845	-0,63	
20,85	-0,62	
20,855	-0,6	
20,86	-0,59	
20,865	-0,59	
20,87	-0,58	
20,875	-0,58	
20,88	-0,57	
20,885	-0,55	
20,89	-0,54	
20,895	-0,52	
20,9	-0,49	
20,905	-0,48	
20,91	-0,47	
20,915	-0,46	
20,92	-0,45	
20,925	-0,44	
20,93	-0,43	
20,935	-0,41	
20,94	-0,39	
20,945	-0,36	
20,95	-0,35	
20,955	-0,34	
20,96	-0,33	
20,965	-0,32	
20,97	-0,31	
20,975	-0,29	
20,98	-0,27	
20,985	-0,25	
20,99	-0,22	
20,995	-0,2	
21,0	-0,19	
21,005	-0,18	
21,01	-0,17	
21,015	-0,15	
21,02	-0,14	
21,025	-0,12	
21,03	-0,09	
21,035	-0,06	
21,04	-0,04	
21,045	-0,03	
21,05	-0,02	
21,055	0	
21,06	0,01	
21,065	0,02	
21,07	0,03	
21,075	0,05	
21,08	0,07	
21,085	0,11	
21,09	0,13	
21,095	0,15	
21,1	0,16	
21,105	0,17	
21,11	0,18	
21,115	0,19	
21,12	0,21	
21,125	0,23	
21,13	0,26	
21,135	0,28	
21,14	0,3	
21,145	0,32	
21,15	0,32	
21,155	0,33	
21,16	0,34	
21,165	0,35	
21,17	0,36	
21,175	0,39	
21,18	0,42	
21,185	0,44	
21,19	0,45	
21,195	0,46	
21,2	0,47	
21,205	0,47	
21,21	0,48	
21,215	0,49	
21,22	0,51	
21,225	0,53	
21,23	0,55	
21,235	0,57	
21,24	0,58	
21,245	0,59	
21,25	0,59	
21,255	0,59	
21,26	0,6	
21,265	0,61	
21,27	0,62	
21,275	0,64	
21,28	0,66	
21,285	0,67	
21,29	0,67	
21,295	0,67	
21,3	0,67	
21,305	0,67	
21,31	0,68	
21,315	0,69	
21,32	0,7	
21,325	0,72	
21,33	0,73	
21,335	0,73	
21,34	0,73	
21,345	0,73	
21,35	0,72	
21,355	0,72	
21,36	0,73	
21,365	0,73	
21,37	0,74	
21,375	0,75	
21,38	0,75	
21,385	0,75	
21,39	0,74	
21,395	0,74	
21,4	0,74	
21,405	0,73	
21,41	0,74	
21,415	0,74	
21,42	0,75	
21,425	0,74	
21,43	0,74	
21,435	0,74	
21,44	0,73	
21,445	0,71	
21,45	0,7	
21,455	0,7	
21,46	0,7	
21,465	0,7	
21,47	0,7	
21,475	0,7	
21,48	0,69	
21,485	0,68	
21,49	0,65	
21,495	0,64	
21,5	0,64	
21,505	0,63	
21,51	0,63	
21,515	0,63	
21,52	0,62	
21,525	0,61	
21,53	0,6	
21,535	0,59	
21,54	0,56	
21,545	0,55	
21,55	0,54	
21,555	0,52	
21,56	0,51	
21,565	0,51	
21,57	0,5	
21,575	0,49	
21,58	0,48	
21,585	0,46	
21,59	0,44	
21,595	0,42	
21,6	0,4	
21,605	0,39	
21,61	0,38	
21,615	0,37	
21,62	0,36	
21,625	0,35	
21,63	0,33	
21,635	0,31	
21,64	0,29	
21,645	0,27	
21,65	0,25	
21,655	0,24	
21,66	0,22	
21,665	0,21	
21,67	0,2	
21,675	0,18	
21,68	0,16	
21,685	0,15	
21,69	0,13	
21,695	0,1	
21,7	0,08	
21,705	0,07	
21,71	0,05	
21,715	0,04	
21,72	0,03	
21,725	0,01	
21,73	0	
21,735	-0,02	
21,74	-0,04	
21,745	-0,06	
21,75	-0,08	
21,755	-0,1	
21,76	-0,12	
21,765	-0,13	
21,77	-0,15	
21,775	-0,16	
21,78	-0,18	
21,785	-0,2	
21,79	-0,22	
21,795	-0,24	
21,8	-0,25	
21,805	-0,27	
21,81	-0,29	
21,815	-0,3	
21,82	-0,31	
21,825	-0,33	
21,83	-0,34	
21,835	-0,36	
21,84	-0,38	
21,845	-0,39	
21,85	-0,4	
21,855	-0,42	
21,86	-0,43	
21,865	-0,44	
21,87	-0,45	
21,875	-0,47	
21,88	-0,48	
21,885	-0,5	
21,89	-0,51	
21,895	-0,53	
21,9	-0,54	
21,905	-0,55	
21,91	-0,56	
21,915	-0,56	
21,92	-0,57	
21,925	-0,58	
21,93	-0,6	
21,935	-0,62	
21,94	-0,63	
21,945	-0,64	
21,95	-0,64	
21,955	-0,64	
21,96	-0,64	
21,965	-0,65	
21,97	-0,66	
21,975	-0,67	
21,98	-0,69	
21,985	-0,7	
21,99	-0,71	
21,995	-0,71	
22,0	-0,71	
22,005	-0,7	
22,01	-0,7	
22,015	-0,7	
22,02	-0,71	
22,025	-0,72	
22,03	-0,73	
22,035	-0,74	
22,04	-0,75	
22,045	-0,75	
22,05	-0,74	
22,055	-0,73	
22,06	-0,72	
22,065	-0,72	
22,07	-0,73	
22,075	-0,73	
22,08	-0,74	
22,085	-0,75	
22,09	-0,74	
22,095	-0,73	
22,1	-0,72	
22,105	-0,72	
22,11	-0,7	
22,115	-0,7	
22,12	-0,7	
22,125	-0,7	
22,13	-0,7	
22,135	-0,7	
22,14	-0,7	
22,145	-0,69	
22,15	-0,67	
22,155	-0,66	
22,16	-0,65	
22,165	-0,64	
22,17	-0,64	
22,175	-0,63	
22,18	-0,63	
22,185	-0,62	
22,19	-0,61	
22,195	-0,6	
22,2	-0,58	
22,205	-0,57	
22,21	-0,56	
22,215	-0,55	
22,22	-0,54	
22,225	-0,53	
22,23	-0,52	
22,235	-0,51	
22,24	-0,5	
22,245	-0,48	
22,25	-0,47	
22,255	-0,45	
22,26	-0,44	
22,265	-0,42	
22,27	-0,41	
22,275	-0,4	
22,28	-0,38	
22,285	-0,37	
22,29	-0,35	
22,295	-0,34	
22,3	-0,32	
22,305	-0,3	
22,31	-0,29	
22,315	-0,27	
22,32	-0,26	
22,325	-0,24	
22,33	-0,23	
22,335	-0,21	
22,34	-0,19	
22,345	-0,17	
22,35	-0,16	
22,355	-0,14	
22,36	-0,12	
22,365	-0,11	
22,37	-0,09	
22,375	-0,08	
22,38	-0,06	
22,385	-0,04	
22,39	-0,03	
22,395	-0,01	
22,4	0,02	
22,405	0,03	
22,41	0,05	
22,415	0,06	
22,42	0,08	
22,425	0,09	
22,43	0,11	
22,435	0,13	
22,44	0,14	
22,445	0,17	
22,45	0,19	
22,455	0,2	
22,46	0,22	
22,465	0,23	
22,47	0,24	
22,475	0,26	
22,48	0,27	
22,485	0,29	
22,49	0,3	
22,495	0,33	
22,5	0,35	
22,505	0,36	
22,51	0,37	
22,515	0,38	
22,52	0,4	
22,525	0,4	
22,53	0,42	
22,535	0,43	
22,54	0,45	
22,545	0,47	
22,55	0,49	
22,555	0,5	
22,56	0,51	
22,565	0,52	
22,57	0,53	
22,575	0,54	
22,58	0,54	
22,585	0,56	
22,59	0,57	
22,595	0,58	
22,6	0,6	
22,605	0,61	
22,61	0,62	
22,615	0,63	
22,62	0,63	
22,625	0,63	
22,63	0,64	
22,635	0,65	
22,64	0,66	
22,645	0,67	
22,65	0,68	
22,655	0,69	
22,66	0,7	
22,665	0,7	
22,67	0,7	
22,675	0,7	
22,68	0,7	
22,685	0,71	
22,69	0,71	
22,695	0,72	
22,7	0,73	
22,705	0,74	
22,71	0,73	
22,715	0,73	
22,72	0,72	
22,725	0,72	
22,73	0,72	
22,735	0,72	
22,74	0,73	
22,745	0,73	
22,75	0,74	
22,755	0,74	
22,76	0,73	
22,765	0,72	
22,77	0,71	
22,775	0,7	
22,78	0,7	
22,785	0,7	
22,79	0,71	
22,795	0,71	
22,8	0,7	
22,805	0,69	
22,81	0,68	
22,815	0,67	
22,82	0,66	
22,825	0,65	
22,83	0,65	
22,835	0,65	
22,84	0,65	
22,845	0,64	
22,85	0,63	
22,855	0,61	
22,86	0,6	
22,865	0,59	
22,87	0,58	
22,875	0,57	
22,88	0,56	
22,885	0,56	
22,89	0,55	
22,895	0,54	
22,9	0,52	
22,905	0,5	
22,91	0,48	
22,915	0,47	
22,92	0,46	
22,925	0,45	
22,93	0,44	
22,935	0,44	
22,94	0,43	
22,945	0,41	
22,95	0,38	
22,955	0,36	
22,96	0,34	
22,965	0,33	
22,97	0,31	
22,975	0,3	
22,98	0,29	
22,985	0,28	
22,99	0,27	
22,995	0,25	
23,0	0,22	
23,005	0,2	
23,01	0,18	
23,015	0,17	
23,02	0,15	
23,025	0,14	
23,03	0,13	
23,035	0,12	
23,04	0,09	
23,045	0,07	
23,05	0,06	
23,055	0,04	
23,06	0,02	
23,065	0,01	
23,07	-0,01	
23,075	-0,02	
23,08	-0,03	
23,085	-0,05	
23,09	-0,07	
23,095	-0,09	
23,1	-0,11	
23,105	-0,13	
23,11	-0,15	
23,115	-0,16	
23,12	-0,18	
23,125	-0,19	
23,13	-0,21	
23,135	-0,23	
23,14	-0,24	
23,145	-0,25	
23,15	-0,27	
23,155	-0,29	
23,16	-0,31	
23,165	-0,32	
23,17	-0,34	
23,175	-0,36	
23,18	-0,37	
23,185	-0,38	
23,19	-0,39	
23,195	-0,4	
23,2	-0,42	
23,205	-0,43	
23,21	-0,45	
23,215	-0,46	
23,22	-0,49	
23,225	-0,49	
23,23	-0,51	
23,235	-0,51	
23,24	-0,52	
23,245	-0,53	
23,25	-0,55	
23,255	-0,56	
23,26	-0,58	
23,265	-0,59	
23,27	-0,6	
23,275	-0,61	
23,28	-0,61	
23,285	-0,62	
23,29	-0,62	
23,295	-0,63	
23,3	-0,64	
23,305	-0,65	
23,31	-0,67	
23,315	-0,68	
23,32	-0,68	
23,325	-0,68	
23,33	-0,68	
23,335	-0,69	
23,34	-0,69	
23,345	-0,69	
23,35	-0,7	
23,355	-0,72	
23,36	-0,72	
23,365	-0,73	
23,37	-0,73	
23,375	-0,72	
23,38	-0,72	
23,385	-0,72	
23,39	-0,72	
23,395	-0,72	
23,4	-0,73	
23,405	-0,74	
23,41	-0,74	
23,415	-0,74	
23,42	-0,73	
23,425	-0,72	
23,43	-0,72	
23,435	-0,72	
23,44	-0,71	
23,445	-0,72	
23,45	-0,72	
23,455	-0,72	
23,46	-0,71	
23,465	-0,7	
23,47	-0,69	
23,475	-0,68	
23,48	-0,68	
23,485	-0,67	
23,49	-0,67	
23,495	-0,67	
23,5	-0,66	
23,505	-0,66	
23,51	-0,65	
23,515	-0,63	
23,52	-0,62	
23,525	-0,61	
23,53	-0,6	
23,535	-0,59	
23,54	-0,59	
23,545	-0,58	
23,55	-0,58	
23,555	-0,57	
23,56	-0,55	
23,565	-0,53	
23,57	-0,51	
23,575	-0,5	
23,58	-0,49	
23,585	-0,47	
23,59	-0,47	
23,595	-0,46	
23,6	-0,45	
23,605	-0,44	
23,61	-0,42	
23,615	-0,4	
23,62	-0,38	
23,625	-0,36	
23,63	-0,35	
23,635	-0,34	
23,64	-0,33	
23,645	-0,32	
23,65	-0,31	
23,655	-0,29	
23,66	-0,27	
23,665	-0,24	
23,67	-0,23	
23,675	-0,2	
23,68	-0,19	
23,685	-0,18	
23,69	-0,17	
23,695	-0,16	
23,7	-0,14	
23,705	-0,12	
23,71	-0,1	
23,715	-0,08	
23,72	-0,05	
23,725	-0,04	
23,73	-0,03	
23,735	-0,02	
23,74	0	
23,745	0,02	
23,75	0,03	
23,755	0,05	
23,76	0,07	
23,765	0,1	
23,77	0,11	
23,775	0,13	
23,78	0,14	
23,785	0,15	
23,79	0,17	
23,795	0,18	
23,8	0,2	
23,805	0,22	
23,81	0,25	
23,815	0,26	
23,82	0,27	
23,825	0,29	
23,83	0,3	
23,835	0,31	
23,84	0,33	
23,845	0,34	
23,85	0,36	
23,855	0,38	
23,86	0,4	
23,865	0,41	
23,87	0,43	
23,875	0,44	
23,88	0,45	
23,885	0,46	
23,89	0,47	
23,895	0,49	
23,9	0,5	
23,905	0,52	
23,91	0,53	
23,915	0,54	
23,92	0,55	
23,925	0,56	
23,93	0,57	
23,935	0,58	
23,94	0,59	
23,945	0,6	
23,95	0,62	
23,955	0,62	
23,96	0,63	
23,965	0,64	
23,97	0,65	
23,975	0,66	
23,98	0,67	
23,985	0,67	
23,99	0,68	
23,995	0,68	
24,0	0,69	
24,005	0,7	
24,01	0,7	
24,015	0,71	
24,02	0,72	
24,025	0,73	
24,03	0,72	
24,035	0,72	
24,04	0,72	
24,045	0,72	
24,05	0,73	
24,055	0,73	
24,06	0,74	
24,065	0,74	
24,07	0,74	
24,075	0,74	
24,08	0,74	
24,085	0,74	
24,09	0,73	
24,095	0,73	
24,1	0,72	
24,105	0,72	
24,11	0,72	
24,115	0,73	
24,12	0,72	
24,125	0,72	
24,13	0,71	
24,135	0,7	
24,14	0,69	
24,145	0,69	
24,15	0,68	
24,155	0,68	
24,16	0,68	
24,165	0,68	
24,17	0,67	
24,175	0,66	
24,18	0,65	
24,185	0,63	
24,19	0,62	
24,195	0,61	
24,2	0,6	
24,205	0,6	
24,21	0,59	
24,215	0,59	
24,22	0,57	
24,225	0,56	
24,23	0,55	
24,235	0,53	
24,24	0,52	
24,245	0,5	
24,25	0,49	
24,255	0,49	
24,26	0,48	
24,265	0,46	
24,27	0,45	
24,275	0,43	
24,28	0,42	
24,285	0,4	
24,29	0,39	
24,295	0,38	
24,3	0,37	
24,305	0,35	
24,31	0,34	
24,315	0,32	
24,32	0,3	
24,325	0,28	
24,33	0,26	
24,335	0,24	
24,34	0,23	
24,345	0,22	
24,35	0,2	
24,355	0,19	
24,36	0,17	
24,365	0,15	
24,37	0,13	
24,375	0,11	
24,38	0,1	
24,385	0,08	
24,39	0,07	
24,395	0,06	
24,4	0,04	
24,405	0,01	
24,41	0	
24,415	-0,03	
24,42	-0,05	
24,425	-0,07	
24,43	-0,08	
24,435	-0,09	
24,44	-0,1	
24,445	-0,12	
24,45	-0,14	
24,455	-0,16	
24,46	-0,18	
24,465	-0,19	
24,47	-0,21	
24,475	-0,23	
24,48	-0,25	
24,485	-0,26	
24,49	-0,27	
24,495	-0,3	
24,5	-0,31	
24,505	-0,33	
24,51	-0,34	
24,515	-0,36	
24,52	-0,37	
24,525	-0,39	
24,53	-0,4	
24,535	-0,41	
24,54	-0,43	
24,545	-0,44	
24,55	-0,45	
24,555	-0,47	
24,56	-0,48	
24,565	-0,49	
24,57	-0,51	
24,575	-0,52	
24,58	-0,53	
24,585	-0,55	
24,59	-0,56	
24,595	-0,57	
24,6	-0,58	
24,605	-0,59	
24,61	-0,6	
24,615	-0,61	
24,62	-0,62	
24,625	-0,63	
24,63	-0,64	
24,635	-0,65	
24,64	-0,66	
24,645	-0,67	
24,65	-0,67	
24,655	-0,68	
24,66	-0,68	
24,665	-0,69	
24,67	-0,7	
24,675	-0,7	
24,68	-0,71	
24,685	-0,72	
24,69	-0,72	
24,695	-0,73	
24,7	-0,73	
24,705	-0,73	
24,71	-0,73	
24,715	-0,73	
24,72	-0,74	
24,725	-0,74	
24,73	-0,74	
24,735	-0,75	
24,74	-0,75	
24,745	-0,75	
24,75	-0,74	
24,755	-0,74	
24,76	-0,74	
24,765	-0,74	
24,77	-0,74	
24,775	-0,74	
24,78	-0,74	
24,785	-0,73	
24,79	-0,73	
24,795	-0,72	
24,8	-0,72	
24,805	-0,71	
24,81	-0,71	
24,815	-0,7	
24,82	-0,7	
24,825	-0,7	
24,83	-0,69	
24,835	-0,68	
24,84	-0,68	
24,845	-0,66	
24,85	-0,65	
24,855	-0,64	
24,86	-0,63	
24,865	-0,62	
24,87	-0,62	
24,875	-0,61	
24,88	-0,6	
24,885	-0,59	
24,89	-0,58	
24,895	-0,56	
24,9	-0,55	
24,905	-0,53	
24,91	-0,52	
24,915	-0,52	
24,92	-0,51	
24,925	-0,5	
24,93	-0,49	
24,935	-0,47	
24,94	-0,45	
24,945	-0,43	
24,95	-0,41	
24,955	-0,4	
24,96	-0,39	
24,965	-0,38	
24,97	-0,37	
24,975	-0,36	
24,98	-0,34	
24,985	-0,32	
24,99	-0,3	
24,995	-0,27	
25,0	-0,26	
25,005	-0,25	
25,01	-0,23	
25,015	-0,22	
25,02	-0,21	
25,025	-0,19	
25,03	-0,17	
25,035	-0,15	
25,04	-0,12	
25,045	-0,1	
25,05	-0,09	
25,055	-0,08	
25,06	-0,07	
25,065	-0,05	
25,07	-0,04	
25,075	-0,02	
25,08	0	
25,085	0,03	
25,09	0,05	
25,095	0,07	
25,1	0,08	
25,105	0,1	
25,11	0,11	
25,115	0,12	
25,12	0,14	
25,125	0,16	
25,13	0,19	
25,135	0,21	
25,14	0,22	
25,145	0,24	
25,15	0,25	
25,155	0,27	
25,16	0,28	
25,165	0,29	
25,17	0,31	
25,175	0,34	
25,18	0,35	
25,185	0,37	
25,19	0,38	
25,195	0,39	
25,2	0,41	
25,205	0,42	
25,21	0,43	
25,215	0,45	
25,22	0,46	
25,225	0,48	
25,23	0,49	
25,235	0,51	
25,24	0,52	
25,245	0,53	
25,25	0,54	
25,255	0,55	
25,26	0,57	
25,265	0,58	
25,27	0,6	
25,275	0,61	
25,28	0,62	
25,285	0,63	
25,29	0,63	
25,295	0,64	
25,3	0,65	
25,305	0,66	
25,31	0,67	
25,315	0,68	
25,32	0,69	
25,325	0,69	
25,33	0,7	
25,335	0,7	
25,34	0,71	
25,345	0,71	
25,35	0,72	
25,355	0,73	
25,36	0,73	
25,365	0,74	
25,37	0,74	
25,375	0,74	
25,38	0,75	
25,385	0,75	
25,39	0,75	
25,395	0,75	
25,4	0,75	
25,405	0,76	
25,41	0,75	
25,415	0,75	
25,42	0,75	
25,425	0,75	
25,43	0,75	
25,435	0,75	
25,44	0,75	
25,445	0,75	
25,45	0,74	
25,455	0,74	
25,46	0,73	
25,465	0,73	
25,47	0,72	
25,475	0,72	
25,48	0,71	
25,485	0,71	
25,49	0,7	
25,495	0,69	
25,5	0,69	
25,505	0,68	
25,51	0,67	
25,515	0,66	
25,52	0,66	
25,525	0,65	
25,53	0,65	
25,535	0,64	
25,54	0,62	
25,545	0,61	
25,55	0,6	
25,555	0,59	
25,56	0,58	
25,565	0,57	
25,57	0,56	
25,575	0,55	
25,58	0,54	
25,585	0,52	
25,59	0,51	
25,595	0,49	
25,6	0,48	
25,605	0,46	
25,61	0,44	
25,615	0,43	
25,62	0,42	
25,625	0,41	
25,63	0,39	
25,635	0,38	
25,64	0,36	
25,645	0,34	
25,65	0,32	
25,655	0,3	
25,66	0,28	
25,665	0,27	
25,67	0,26	
25,675	0,25	
25,68	0,23	
25,685	0,21	
25,69	0,2	
25,695	0,18	
25,7	0,16	
25,705	0,14	
25,71	0,12	
25,715	0,11	
25,72	0,09	
25,725	0,08	
25,73	0,06	
25,735	0,04	
25,74	0,02	
25,745	0	
25,75	-0,02	
25,755	-0,04	
25,76	-0,06	
25,765	-0,07	
25,77	-0,09	
25,775	-0,1	
25,78	-0,12	
25,785	-0,14	
25,79	-0,16	
25,795	-0,18	
25,8	-0,2	
25,805	-0,22	
25,81	-0,23	
25,815	-0,25	
25,82	-0,26	
25,825	-0,28	
25,83	-0,29	
25,835	-0,31	
25,84	-0,33	
25,845	-0,35	
25,85	-0,36	
25,855	-0,38	
25,86	-0,39	
25,865	-0,4	
25,87	-0,42	
25,875	-0,43	
25,88	-0,45	
25,885	-0,47	
25,89	-0,49	
25,895	-0,5	
25,9	-0,51	
25,905	-0,52	
25,91	-0,53	
25,915	-0,54	
25,92	-0,56	
25,925	-0,57	
25,93	-0,58	
25,935	-0,6	
25,94	-0,61	
25,945	-0,62	
25,95	-0,63	
25,955	-0,64	
25,96	-0,64	
25,965	-0,65	
25,97	-0,66	
25,975	-0,67	
25,98	-0,69	
25,985	-0,7	
25,99	-0,7	
25,995	-0,71	
26,0	-0,71	
26,005	-0,71	
26,01	-0,72	
26,015	-0,73	
26,02	-0,73	
26,025	-0,74	
26,03	-0,75	
26,035	-0,75	
26,04	-0,76	
26,045	-0,76	
26,05	-0,76	
26,055	-0,76	
26,06	-0,76	
26,065	-0,76	
26,07	-0,76	
26,075	-0,77	
26,08	-0,77	
26,085	-0,77	
26,09	-0,77	
26,095	-0,76	
26,1	-0,76	
26,105	-0,76	
26,11	-0,75	
26,115	-0,75	
26,12	-0,75	
26,125	-0,75	
26,13	-0,75	
26,135	-0,74	
26,14	-0,73	
26,145	-0,73	
26,15	-0,72	
26,155	-0,72	
26,16	-0,71	
26,165	-0,7	
26,17	-0,7	
26,175	-0,69	
26,18	-0,67	
26,185	-0,66	
26,19	-0,66	
26,195	-0,65	
26,2	-0,64	
26,205	-0,64	
26,21	-0,62	
26,215	-0,61	
26,22	-0,6	
26,225	-0,59	
26,23	-0,57	
26,235	-0,57	
26,24	-0,55	
26,245	-0,54	
26,25	-0,53	
26,255	-0,52	
26,26	-0,51	
26,265	-0,49	
26,27	-0,47	
26,275	-0,46	
26,28	-0,44	
26,285	-0,43	
26,29	-0,42	
26,295	-0,4	
26,3	-0,39	
26,305	-0,37	
26,31	-0,36	
26,315	-0,33	
26,32	-0,31	
26,325	-0,3	
26,33	-0,29	
26,335	-0,27	
26,34	-0,25	
26,345	-0,24	
26,35	-0,22	
26,355	-0,2	
26,36	-0,18	
26,365	-0,16	
26,37	-0,14	
26,375	-0,12	
26,38	-0,11	
26,385	-0,09	
26,39	-0,08	
26,395	-0,06	
26,4	-0,04	
26,405	-0,02	
26,41	0	
26,415	0,02	
26,42	0,04	
26,425	0,05	
26,43	0,07	
26,435	0,08	
26,44	0,1	
26,445	0,12	
26,45	0,15	
26,455	0,17	
26,46	0,19	
26,465	0,2	
26,47	0,22	
26,475	0,23	
26,48	0,24	
26,485	0,26	
26,49	0,27	
26,495	0,3	
26,5	0,32	
26,505	0,34	
26,51	0,35	
26,515	0,37	
26,52	0,38	
26,525	0,39	
26,53	0,4	
26,535	0,42	
26,54	0,44	
26,545	0,46	
26,55	0,48	
26,555	0,49	
26,56	0,51	
26,565	0,52	
26,57	0,53	
26,575	0,53	
26,58	0,54	
26,585	0,56	
26,59	0,58	
26,595	0,6	
26,6	0,61	
26,605	0,62	
26,61	0,63	
26,615	0,64	
26,62	0,64	
26,625	0,65	
26,63	0,66	
26,635	0,67	
26,64	0,68	
26,645	0,7	
26,65	0,7	
26,655	0,71	
26,66	0,72	
26,665	0,72	
26,67	0,72	
26,675	0,73	
26,68	0,73	
26,685	0,74	
26,69	0,75	
26,695	0,76	
26,7	0,76	
26,705	0,76	
26,71	0,76	
26,715	0,77	
26,72	0,77	
26,725	0,77	
26,73	0,77	
26,735	0,77	
26,74	0,78	
26,745	0,78	
26,75	0,78	
26,755	0,77	
26,76	0,77	
26,765	0,77	
26,77	0,77	
26,775	0,76	
26,78	0,76	
26,785	0,76	
26,79	0,76	
26,795	0,76	
26,8	0,75	
26,805	0,75	
26,81	0,74	
26,815	0,73	
26,82	0,72	
26,825	0,72	
26,83	0,71	
26,835	0,71	
26,84	0,7	
26,845	0,69	
26,85	0,68	
26,855	0,67	
26,86	0,65	
26,865	0,64	
26,87	0,64	
26,875	0,63	
26,88	0,62	
26,885	0,61	
26,89	0,6	
26,895	0,58	
26,9	0,57	
26,905	0,56	
26,91	0,55	
26,915	0,53	
26,92	0,52	
26,925	0,51	
26,93	0,5	
26,935	0,48	
26,94	0,47	
26,945	0,45	
26,95	0,43	
26,955	0,41	
26,96	0,4	
26,965	0,39	
26,97	0,38	
26,975	0,36	
26,98	0,34	
26,985	0,32	
26,99	0,31	
26,995	0,28	
27,0	0,27	
27,005	0,25	
27,01	0,24	
27,015	0,22	
27,02	0,21	
27,025	0,19	
27,03	0,17	
27,035	0,15	
27,04	0,14	
27,045	0,11	
27,05	0,09	
27,055	0,08	
27,06	0,06	
27,065	0,04	
27,07	0,02	
27,075	0,01	
27,08	-0,01	
27,085	-0,03	
27,09	-0,06	
27,095	-0,08	
27,1	-0,09	
27,105	-0,11	
27,11	-0,13	
27,115	-0,14	
27,12	-0,16	
27,125	-0,18	
27,13	-0,19	
27,135	-0,22	
27,14	-0,24	
27,145	-0,25	
27,15	-0,27	
27,155	-0,28	
27,16	-0,3	
27,165	-0,31	
27,17	-0,33	
27,175	-0,35	
27,18	-0,38	
27,185	-0,39	
27,19	-0,4	
27,195	-0,42	
27,2	-0,43	
27,205	-0,44	
27,21	-0,46	
27,215	-0,47	
27,22	-0,49	
27,225	-0,51	
27,23	-0,52	
27,235	-0,53	
27,24	-0,54	
27,245	-0,56	
27,25	-0,57	
27,255	-0,58	
27,26	-0,6	
27,265	-0,61	
27,27	-0,62	
27,275	-0,63	
27,28	-0,64	
27,285	-0,65	
27,29	-0,66	
27,295	-0,67	
27,3	-0,67	
27,305	-0,68	
27,31	-0,7	
27,315	-0,71	
27,32	-0,71	
27,325	-0,72	
27,33	-0,72	
27,335	-0,73	
27,34	-0,73	
27,345	-0,74	
27,35	-0,75	
27,355	-0,76	
27,36	-0,76	
27,365	-0,77	
27,37	-0,77	
27,375	-0,77	
27,38	-0,77	
27,385	-0,77	
27,39	-0,77	
27,395	-0,77	
27,4	-0,78	
27,405	-0,78	
27,41	-0,78	
27,415	-0,78	
27,42	-0,78	
27,425	-0,77	
27,43	-0,77	
27,435	-0,77	
27,44	-0,77	
27,445	-0,77	
27,45	-0,77	
27,455	-0,76	
27,46	-0,76	
27,465	-0,75	
27,47	-0,74	
27,475	-0,74	
27,48	-0,73	
27,485	-0,73	
27,49	-0,72	
27,495	-0,72	
27,5	-0,71	
27,505	-0,7	
27,51	-0,69	
27,515	-0,68	
27,52	-0,67	
27,525	-0,66	
27,53	-0,65	
27,535	-0,65	
27,54	-0,64	
27,545	-0,63	
27,55	-0,61	
27,555	-0,6	
27,56	-0,59	
27,565	-0,58	
27,57	-0,56	
27,575	-0,55	
27,58	-0,54	
27,585	-0,53	
27,59	-0,51	
27,595	-0,5	
27,6	-0,48	
27,605	-0,47	
27,61	-0,45	
27,615	-0,44	
27,62	-0,42	
27,625	-0,41	
27,63	-0,4	
27,635	-0,38	
27,64	-0,36	
27,645	-0,34	
27,65	-0,33	
27,655	-0,31	
27,66	-0,29	
27,665	-0,27	
27,67	-0,26	
27,675	-0,24	
27,68	-0,22	
27,685	-0,2	
27,69	-0,19	
27,695	-0,17	
27,7	-0,15	
27,705	-0,13	
27,71	-0,12	
27,715	-0,1	
27,72	-0,08	
27,725	-0,05	
27,73	-0,04	
27,735	-0,02	
27,74	0	
27,745	0,02	
27,75	0,04	
27,755	0,05	
27,76	0,07	
27,765	0,08	
27,77	0,11	
27,775	0,13	
27,78	0,15	
27,785	0,17	
27,79	0,18	
27,795	0,2	
27,8	0,22	
27,805	0,23	
27,81	0,25	
27,815	0,27	
27,82	0,29	
27,825	0,31	
27,83	0,32	
27,835	0,34	
27,84	0,36	
27,845	0,38	
27,85	0,39	
27,855	0,4	
27,86	0,42	
27,865	0,43	
27,87	0,44	
27,875	0,46	
27,88	0,48	
27,885	0,49	
27,89	0,51	
27,895	0,52	
27,9	0,53	
27,905	0,55	
27,91	0,56	
27,915	0,57	
27,92	0,59	
27,925	0,6	
27,93	0,61	
27,935	0,62	
27,94	0,63	
27,945	0,64	
27,95	0,66	
27,955	0,67	
27,96	0,68	
27,965	0,69	
27,97	0,7	
27,975	0,7	
27,98	0,71	
27,985	0,71	
27,99	0,72	
27,995	0,73	
28,0	0,73	
28,005	0,74	
28,01	0,74	
28,015	0,75	
28,02	0,76	
28,025	0,76	
28,03	0,76	
28,035	0,76	
28,04	0,76	
28,045	0,77	
28,05	0,77	
28,055	0,78	
28,06	0,78	
28,065	0,78	
28,07	0,78	
28,075	0,78	
28,08	0,78	
28,085	0,77	
28,09	0,77	
28,095	0,76	
28,1	0,77	
28,105	0,77	
28,11	0,77	
28,115	0,77	
28,12	0,76	
28,125	0,76	
28,13	0,75	
28,135	0,74	
28,14	0,73	
28,145	0,73	
28,15	0,73	
28,155	0,72	
28,16	0,72	
28,165	0,71	
28,17	0,71	
28,175	0,7	
28,18	0,68	
28,185	0,67	
28,19	0,66	
28,195	0,65	
28,2	0,64	
28,205	0,63	
28,21	0,62	
28,215	0,61	
28,22	0,6	
28,225	0,58	
28,23	0,56	
28,235	0,55	
28,24	0,54	
28,245	0,53	
28,25	0,52	
28,255	0,51	
28,26	0,49	
28,265	0,48	
28,27	0,46	
28,275	0,45	
28,28	0,43	
28,285	0,42	
28,29	0,4	
28,295	0,39	
28,3	0,37	
28,305	0,36	
28,31	0,34	
28,315	0,32	
28,32	0,31	
28,325	0,29	
28,33	0,27	
28,335	0,26	
28,34	0,24	
28,345	0,22	
28,35	0,2	
28,355	0,18	
28,36	0,16	
28,365	0,14	
28,37	0,12	
28,375	0,11	
28,38	0,09	
28,385	0,08	
28,39	0,06	
28,395	0,04	
28,4	0,02	
28,405	-0,01	
28,41	-0,03	
28,415	-0,05	
28,42	-0,06	
28,425	-0,07	
28,43	-0,09	
28,435	-0,1	
28,44	-0,12	
28,445	-0,14	
28,45	-0,16	
28,455	-0,19	
28,46	-0,21	
28,465	-0,23	
28,47	-0,24	
28,475	-0,25	
28,48	-0,27	
28,485	-0,28	
28,49	-0,3	
28,495	-0,31	
28,5	-0,34	
28,505	-0,36	
28,51	-0,37	
28,515	-0,39	
28,52	-0,4	
28,525	-0,42	
28,53	-0,43	
28,535	-0,45	
28,54	-0,46	
28,545	-0,48	
28,55	-0,5	
28,555	-0,51	
28,56	-0,52	
28,565	-0,54	
28,57	-0,55	
28,575	-0,56	
28,58	-0,57	
28,585	-0,58	
28,59	-0,6	
28,595	-0,61	
28,6	-0,62	
28,605	-0,63	
28,61	-0,65	
28,615	-0,65	
28,62	-0,67	
28,625	-0,67	
28,63	-0,68	
28,635	-0,69	
28,64	-0,7	
28,645	-0,71	
28,65	-0,71	
28,655	-0,72	
28,66	-0,73	
28,665	-0,74	
28,67	-0,74	
28,675	-0,75	
28,68	-0,76	
28,685	-0,76	
28,69	-0,76	
28,695	-0,76	
28,7	-0,77	
28,705	-0,77	
28,71	-0,77	
28,715	-0,78	
28,72	-0,78	
28,725	-0,78	
28,73	-0,78	
28,735	-0,78	
28,74	-0,78	
28,745	-0,78	
28,75	-0,78	
28,755	-0,77	
28,76	-0,77	
28,765	-0,77	
28,77	-0,77	
28,775	-0,77	
28,78	-0,76	
28,785	-0,76	
28,79	-0,75	
28,795	-0,75	
28,8	-0,74	
28,805	-0,74	
28,81	-0,73	
28,815	-0,73	
28,82	-0,72	
28,825	-0,71	
28,83	-0,7	
28,835	-0,69	
28,84	-0,69	
28,845	-0,68	
28,85	-0,67	
28,855	-0,66	
28,86	-0,65	
28,865	-0,64	
28,87	-0,63	
28,875	-0,62	
28,88	-0,61	
28,885	-0,6	
28,89	-0,59	
28,895	-0,57	
28,9	-0,56	
28,905	-0,55	
28,91	-0,53	
28,915	-0,52	
28,92	-0,5	
28,925	-0,49	
28,93	-0,48	
28,935	-0,46	
28,94	-0,45	
28,945	-0,43	
28,95	-0,41	
28,955	-0,4	
28,96	-0,38	
28,965	-0,37	
28,97	-0,35	
28,975	-0,34	
28,98	-0,32	
28,985	-0,31	
28,99	-0,29	
28,995	-0,27	
29,0	-0,25	
29,005	-0,23	
29,01	-0,21	
29,015	-0,19	
29,02	-0,18	
29,025	-0,16	
29,03	-0,14	
29,035	-0,13	
29,04	-0,11	
29,045	-0,09	
29,05	-0,07	
29,055	-0,05	
29,06	-0,03	
29,065	-0,01	
29,07	0,01	
29,075	0,02	
29,08	0,04	
29,085	0,05	
29,09	0,08	
29,095	0,1	
29,1	0,11	
29,105	0,13	
29,11	0,15	
29,115	0,17	
29,12	0,19	
29,125	0,21	
29,13	0,22	
29,135	0,24	
29,14	0,26	
29,145	0,27	
29,15	0,29	
29,155	0,31	
29,16	0,33	
29,165	0,34	
29,17	0,36	
29,175	0,37	
29,18	0,4	
29,185	0,41	
29,19	0,43	
29,195	0,44	
29,2	0,45	
29,205	0,46	
29,21	0,48	
29,215	0,49	
29,22	0,51	
29,225	0,53	
29,23	0,55	
29,235	0,56	
29,24	0,56	
29,245	0,58	
29,25	0,59	
29,255	0,6	
29,26	0,61	
29,265	0,62	
29,27	0,63	
29,275	0,64	
29,28	0,65	
29,285	0,66	
29,29	0,67	
29,295	0,68	
29,3	0,69	
29,305	0,7	
29,31	0,71	
29,315	0,71	
29,32	0,72	
29,325	0,73	
29,33	0,73	
29,335	0,74	
29,34	0,74	
29,345	0,75	
29,35	0,75	
29,355	0,76	
29,36	0,76	
29,365	0,76	
29,37	0,76	
29,375	0,77	
29,38	0,77	
29,385	0,77	
29,39	0,77	
29,395	0,77	
29,4	0,78	
29,405	0,78	
29,41	0,78	
29,415	0,77	
29,42	0,77	
29,425	0,77	
29,43	0,76	
29,435	0,76	
29,44	0,76	
29,445	0,76	
29,45	0,75	
29,455	0,75	
29,46	0,75	
29,465	0,74	
29,47	0,73	
29,475	0,72	
29,48	0,72	
29,485	0,71	
29,49	0,7	
29,495	0,7	
29,5	0,69	
29,505	0,68	
29,51	0,67	
29,515	0,66	
29,52	0,65	
29,525	0,64	
29,53	0,63	
29,535	0,62	
29,54	0,61	
29,545	0,6	
29,55	0,59	
29,555	0,58	
29,56	0,57	
29,565	0,55	
29,57	0,54	
29,575	0,53	
29,58	0,51	
29,585	0,5	
29,59	0,48	
29,595	0,47	
29,6	0,45	
29,605	0,44	
29,61	0,42	
29,615	0,41	
29,62	0,4	
29,625	0,38	
29,63	0,36	
29,635	0,34	
29,64	0,32	
29,645	0,3	
29,65	0,29	
29,655	0,27	
29,66	0,26	
29,665	0,25	
29,67	0,23	
29,675	0,22	
29,68	0,19	
29,685	0,17	
29,69	0,15	
29,695	0,13	
29,7	0,12	
29,705	0,1	
29,71	0,09	
29,715	0,08	
29,72	0,06	
29,725	0,03	
29,73	0,01	
29,735	-0,01	
29,74	-0,03	
29,745	-0,05	
29,75	-0,07	
29,755	-0,08	
29,76	-0,1	
29,765	-0,11	
29,77	-0,13	
29,775	-0,15	
29,78	-0,17	
29,785	-0,19	
29,79	-0,21	
29,795	-0,23	
29,8	-0,25	
29,805	-0,26	
29,81	-0,27	
29,815	-0,28	
29,82	-0,3	
29,825	-0,32	
29,83	-0,34	
29,835	-0,36	
29,84	-0,37	
29,845	-0,39	
29,85	-0,4	
29,855	-0,42	
29,86	-0,43	
29,865	-0,45	
29,87	-0,46	
29,875	-0,48	
29,88	-0,49	
29,885	-0,5	
29,89	-0,51	
29,895	-0,53	
29,9	-0,54	
29,905	-0,55	
29,91	-0,57	
29,915	-0,58	
29,92	-0,59	
29,925	-0,6	
29,93	-0,61	
29,935	-0,62	
29,94	-0,63	
29,945	-0,64	
29,95	-0,65	
29,955	-0,67	
29,96	-0,67	
29,965	-0,68	
29,97	-0,69	
29,975	-0,69	
29,98	-0,7	
29,985	-0,71	
29,99	-0,71	
29,995	-0,72	
30,0	-0,73	
30,005	-0,74	
30,01	-0,74	
30,015	-0,75	
30,02	-0,75	
30,025	-0,75	
30,03	-0,75	
30,035	-0,75	
30,04	-0,75	
30,045	-0,76	
30,05	-0,76	
30,055	-0,76	
30,06	-0,77	
30,065	-0,77	
30,07	-0,77	
30,075	-0,76	
30,08	-0,76	
30,085	-0,76	
30,09	-0,76	
30,095	-0,75	
30,1	-0,75	
30,105	-0,75	
30,11	-0,75	
30,115	-0,74	
30,12	-0,74	
30,125	-0,74	
30,13	-0,73	
30,135	-0,72	
30,14	-0,72	
30,145	-0,71	
30,15	-0,7	
30,155	-0,7	
30,16	-0,69	
30,165	-0,68	
30,17	-0,67	
30,175	-0,66	
30,18	-0,65	
30,185	-0,65	
30,19	-0,64	
30,195	-0,63	
30,2	-0,62	
30,205	-0,6	
30,21	-0,59	
30,215	-0,58	
30,22	-0,57	
30,225	-0,55	
30,23	-0,54	
30,235	-0,53	
30,24	-0,52	
30,245	-0,51	
30,25	-0,49	
30,255	-0,48	
30,26	-0,47	
30,265	-0,45	
30,27	-0,44	
30,275	-0,42	
30,28	-0,4	
30,285	-0,39	
30,29	-0,37	
30,295	-0,35	
30,3	-0,34	
30,305	-0,32	
30,31	-0,31	
30,315	-0,29	
30,32	-0,27	
30,325	-0,25	
30,33	-0,24	
30,335	-0,22	
30,34	-0,21	
30,345	-0,19	
30,35	-0,18	
30,355	-0,16	
30,36	-0,14	
30,365	-0,12	
30,37	-0,1	
30,375	-0,08	
30,38	-0,07	
30,385	-0,05	
30,39	-0,03	
30,395	-0,01	
30,4	0	
30,405	0,02	
30,41	0,05	
30,415	0,06	
30,42	0,08	
30,425	0,09	
30,43	0,11	
30,435	0,13	
30,44	0,15	
30,445	0,16	
30,45	0,18	
30,455	0,2	
30,46	0,22	
30,465	0,23	
30,47	0,25	
30,475	0,27	
30,48	0,29	
30,485	0,3	
30,49	0,32	
30,495	0,33	
30,5	0,36	
30,505	0,37	
30,51	0,38	
30,515	0,4	
30,52	0,41	
30,525	0,43	
30,53	0,44	
30,535	0,45	
30,54	0,47	
30,545	0,49	
30,55	0,5	
30,555	0,51	
30,56	0,52	
30,565	0,53	
30,57	0,55	
30,575	0,56	
30,58	0,57	
30,585	0,58	
30,59	0,6	
30,595	0,61	
30,6	0,62	
30,605	0,62	
30,61	0,63	
30,615	0,64	
30,62	0,65	
30,625	0,66	
30,63	0,67	
30,635	0,68	
30,64	0,68	
30,645	0,69	
30,65	0,7	
30,655	0,7	
30,66	0,71	
30,665	0,72	
30,67	0,72	
30,675	0,73	
30,68	0,73	
30,685	0,74	
30,69	0,74	
30,695	0,74	
30,7	0,74	
30,705	0,74	
30,71	0,75	
30,715	0,75	
30,72	0,75	
30,725	0,75	
30,73	0,75	
30,735	0,75	
30,74	0,75	
30,745	0,75	
30,75	0,75	
30,755	0,75	
30,76	0,75	
30,765	0,74	
30,77	0,74	
30,775	0,73	
30,78	0,73	
30,785	0,72	
30,79	0,72	
30,795	0,72	
30,8	0,71	
30,805	0,71	
30,81	0,7	
30,815	0,69	
30,82	0,68	
30,825	0,67	
30,83	0,66	
30,835	0,66	
30,84	0,65	
30,845	0,64	
30,85	0,63	
30,855	0,63	
30,86	0,62	
30,865	0,61	
30,87	0,59	
30,875	0,58	
30,88	0,57	
30,885	0,56	
30,89	0,55	
30,895	0,54	
30,9	0,53	
30,905	0,52	
30,91	0,5	
30,915	0,48	
30,92	0,46	
30,925	0,45	
30,93	0,43	
30,935	0,42	
30,94	0,41	
30,945	0,4	
30,95	0,39	
30,955	0,37	
30,96	0,35	
30,965	0,33	
30,97	0,32	
30,975	0,3	
30,98	0,28	
30,985	0,27	
30,99	0,26	
30,995	0,24	
31,0	0,22	
31,005	0,21	
31,01	0,19	
31,015	0,17	
31,02	0,16	
31,025	0,14	
31,03	0,12	
31,035	0,1	
31,04	0,09	
31,045	0,06	
31,05	0,05	
31,055	0,03	
31,06	0,02	
31,065	0	
31,07	-0,02	
31,075	-0,04	
31,08	-0,05	
31,085	-0,07	
31,09	-0,1	
31,095	-0,11	
31,1	-0,13	
31,105	-0,14	
31,11	-0,16	
31,115	-0,17	
31,12	-0,19	
31,125	-0,21	
31,13	-0,22	
31,135	-0,24	
31,14	-0,26	
31,145	-0,28	
31,15	-0,29	
31,155	-0,3	
31,16	-0,32	
31,165	-0,34	
31,17	-0,35	
31,175	-0,37	
31,18	-0,38	
31,185	-0,41	
31,19	-0,42	
31,195	-0,43	
31,2	-0,44	
31,205	-0,46	
31,21	-0,47	
31,215	-0,48	
31,22	-0,49	
31,225	-0,5	
31,23	-0,52	
31,235	-0,54	
31,24	-0,55	
31,245	-0,56	
31,25	-0,57	
31,255	-0,58	
31,26	-0,58	
31,265	-0,6	
31,27	-0,61	
31,275	-0,62	
31,28	-0,63	
31,285	-0,64	
31,29	-0,65	
31,295	-0,66	
31,3	-0,66	
31,305	-0,67	
31,31	-0,68	
31,315	-0,68	
31,32	-0,69	
31,325	-0,69	
31,33	-0,7	
31,335	-0,71	
31,34	-0,71	
31,345	-0,72	
31,35	-0,72	
31,355	-0,72	
31,36	-0,73	
31,365	-0,73	
31,37	-0,73	
31,375	-0,73	
31,38	-0,73	
31,385	-0,73	
31,39	-0,73	
31,395	-0,73	
31,4	-0,73	
31,405	-0,73	
31,41	-0,73	
31,415	-0,73	
31,42	-0,73	
31,425	-0,73	
31,43	-0,73	
31,435	-0,73	
31,44	-0,72	
31,445	-0,72	
31,45	-0,71	
31,455	-0,71	
31,46	-0,7	
31,465	-0,69	
31,47	-0,69	
31,475	-0,69	
31,48	-0,68	
31,485	-0,68	
31,49	-0,67	
31,495	-0,66	
31,5	-0,65	
31,505	-0,64	
31,51	-0,63	
31,515	-0,63	
31,52	-0,62	
31,525	-0,61	
31,53	-0,6	
31,535	-0,59	
31,54	-0,58	
31,545	-0,56	
31,55	-0,55	
31,555	-0,54	
31,56	-0,53	
31,565	-0,52	
31,57	-0,51	
31,575	-0,5	
31,58	-0,49	
31,585	-0,47	
31,59	-0,45	
31,595	-0,44	
31,6	-0,42	
31,605	-0,41	
31,61	-0,4	
31,615	-0,39	
31,62	-0,37	
31,625	-0,36	
31,63	-0,34	
31,635	-0,32	
31,64	-0,3	
31,645	-0,29	
31,65	-0,27	
31,655	-0,26	
31,66	-0,25	
31,665	-0,23	
31,67	-0,21	
31,675	-0,2	
31,68	-0,18	
31,685	-0,15	
31,69	-0,14	
31,695	-0,12	
31,7	-0,11	
31,705	-0,09	
31,71	-0,08	
31,715	-0,06	
31,72	-0,05	
31,725	-0,03	
31,73	0	
31,735	0,01	
31,74	0,03	
31,745	0,04	
31,75	0,06	
31,755	0,07	
31,76	0,09	
31,765	0,11	
31,77	0,13	
31,775	0,15	
31,78	0,17	
31,785	0,19	
31,79	0,2	
31,795	0,22	
31,8	0,23	
31,805	0,24	
31,81	0,26	
31,815	0,27	
31,82	0,3	
31,825	0,31	
31,83	0,33	
31,835	0,34	
31,84	0,36	
31,845	0,37	
31,85	0,38	
31,855	0,4	
31,86	0,41	
31,865	0,43	
31,87	0,44	
31,875	0,45	
31,88	0,46	
31,885	0,48	
31,89	0,49	
31,895	0,5	
31,9	0,52	
31,905	0,53	
31,91	0,54	
31,915	0,55	
31,92	0,56	
31,925	0,57	
31,93	0,58	
31,935	0,59	
31,94	0,6	
31,945	0,61	
31,95	0,62	
31,955	0,64	
31,96	0,64	
31,965	0,65	
31,97	0,65	
31,975	0,65	
31,98	0,66	
31,985	0,67	
31,99	0,68	
31,995	0,69	
32,0	0,7	
32,005	0,7	
32,01	0,7	
32,015	0,7	
32,02	0,7	
32,025	0,7	
32,03	0,71	
32,035	0,71	
32,04	0,72	
32,045	0,72	
32,05	0,72	
32,055	0,73	
32,06	0,72	
32,065	0,72	
32,07	0,72	
32,075	0,72	
32,08	0,72	
32,085	0,72	
32,09	0,72	
32,095	0,72	
32,1	0,71	
32,105	0,71	
32,11	0,71	
32,115	0,7	
32,12	0,7	
32,125	0,69	
32,13	0,69	
32,135	0,68	
32,14	0,68	
32,145	0,67	
32,15	0,67	
32,155	0,66	
32,16	0,65	
32,165	0,64	
32,17	0,64	
32,175	0,63	
32,18	0,62	
32,185	0,61	
32,19	0,6	
32,195	0,59	
32,2	0,58	
32,205	0,57	
32,21	0,56	
32,215	0,55	
32,22	0,54	
32,225	0,53	
32,23	0,52	
32,235	0,5	
32,24	0,49	
32,245	0,48	
32,25	0,47	
32,255	0,45	
32,26	0,44	
32,265	0,43	
32,27	0,42	
32,275	0,4	
32,28	0,39	
32,285	0,37	
32,29	0,36	
32,295	0,35	
32,3	0,33	
32,305	0,31	
32,31	0,3	
32,315	0,28	
32,32	0,26	
32,325	0,25	
32,33	0,23	
32,335	0,22	
32,34	0,2	
32,345	0,18	
32,35	0,16	
32,355	0,15	
32,36	0,13	
32,365	0,11	
32,37	0,1	
32,375	0,09	
32,38	0,07	
32,385	0,05	
32,39	0,04	
32,395	0,02	
32,4	0	
32,405	-0,02	
32,41	-0,04	
32,415	-0,06	
32,42	-0,07	
32,425	-0,09	
32,43	-0,1	
32,435	-0,12	
32,44	-0,13	
32,445	-0,15	
32,45	-0,17	
32,455	-0,19	
32,46	-0,21	
32,465	-0,22	
32,47	-0,23	
32,475	-0,24	
32,48	-0,26	
32,485	-0,27	
32,49	-0,28	
32,495	-0,3	
32,5	-0,33	
32,505	-0,34	
32,51	-0,35	
32,515	-0,37	
32,52	-0,38	
32,525	-0,39	
32,53	-0,41	
32,535	-0,42	
32,54	-0,43	
32,545	-0,45	
32,55	-0,47	
32,555	-0,47	
32,56	-0,49	
32,565	-0,5	
32,57	-0,51	
32,575	-0,52	
32,58	-0,53	
32,585	-0,54	
32,59	-0,55	
32,595	-0,56	
32,6	-0,57	
32,605	-0,58	
32,61	-0,59	
32,615	-0,6	
32,62	-0,61	
32,625	-0,62	
32,63	-0,63	
32,635	-0,63	
32,64	-0,65	
32,645	-0,65	
32,65	-0,66	
32,655	-0,66	
32,66	-0,67	
32,665	-0,67	
32,67	-0,68	
32,675	-0,68	
32,68	-0,69	
32,685	-0,69	
32,69	-0,69	
32,695	-0,7	
32,7	-0,7	
32,705	-0,7	
32,71	-0,71	
32,715	-0,71	
32,72	-0,71	
32,725	-0,71	
32,73	-0,71	
32,735	-0,71	
32,74	-0,71	
32,745	-0,71	
32,75	-0,71	
32,755	-0,7	
32,76	-0,7	
32,765	-0,7	
32,77	-0,7	
32,775	-0,7	
32,78	-0,69	
32,785	-0,69	
32,79	-0,68	
32,795	-0,68	
32,8	-0,67	
32,805	-0,67	
32,81	-0,67	
32,815	-0,67	
32,82	-0,66	
32,825	-0,65	
32,83	-0,64	
32,835	-0,63	
32,84	-0,62	
32,845	-0,61	
32,85	-0,61	
32,855	-0,6	
32,86	-0,59	
32,865	-0,58	
32,87	-0,57	
32,875	-0,56	
32,88	-0,55	
32,885	-0,54	
32,89	-0,53	
32,895	-0,52	
32,9	-0,51	
32,905	-0,5	
32,91	-0,49	
32,915	-0,47	
32,92	-0,46	
32,925	-0,45	
32,93	-0,43	
32,935	-0,42	
32,94	-0,41	
32,945	-0,4	
32,95	-0,39	
32,955	-0,36	
32,96	-0,35	
32,965	-0,33	
32,97	-0,32	
32,975	-0,3	
32,98	-0,29	
32,985	-0,28	
32,99	-0,26	
32,995	-0,25	
33,0	-0,24	
33,005	-0,21	
33,01	-0,19	
33,015	-0,18	
33,02	-0,16	
33,025	-0,15	
33,03	-0,13	
33,035	-0,12	
33,04	-0,1	
33,045	-0,09	
33,05	-0,06	
33,055	-0,05	
33,06	-0,03	
33,065	-0,02	
33,07	0	
33,075	0,01	
33,08	0,03	
33,085	0,04	
33,09	0,06	
33,095	0,08	
33,1	0,1	
33,105	0,11	
33,11	0,13	
33,115	0,14	
33,12	0,16	
33,125	0,17	
33,13	0,19	
33,135	0,21	
33,14	0,23	
33,145	0,25	
33,15	0,26	
33,155	0,28	
33,16	0,29	
33,165	0,31	
33,17	0,31	
33,175	0,33	
33,18	0,34	
33,185	0,37	
33,19	0,38	
33,195	0,4	
33,2	0,41	
33,205	0,42	
33,21	0,43	
33,215	0,44	
33,22	0,45	
33,225	0,46	
33,23	0,48	
33,235	0,49	
33,24	0,51	
33,245	0,52	
33,25	0,53	
33,255	0,54	
33,26	0,54	
33,265	0,55	
33,27	0,56	
33,275	0,58	
33,28	0,59	
33,285	0,6	
33,29	0,61	
33,295	0,62	
33,3	0,62	
33,305	0,63	
33,31	0,63	
33,315	0,64	
33,32	0,65	
33,325	0,65	
33,33	0,66	
33,335	0,67	
33,34	0,67	
33,345	0,68	
33,35	0,68	
33,355	0,68	
33,36	0,68	
33,365	0,69	
33,37	0,69	
33,375	0,7	
33,38	0,7	
33,385	0,7	
33,39	0,7	
33,395	0,7	
33,4	0,7	
33,405	0,7	
33,41	0,7	
33,415	0,7	
33,42	0,7	
33,425	0,7	
33,43	0,7	
33,435	0,69	
33,44	0,69	
33,445	0,68	
33,45	0,68	
33,455	0,68	
33,46	0,68	
33,465	0,67	
33,47	0,67	
33,475	0,67	
33,48	0,66	
33,485	0,65	
33,49	0,64	
33,495	0,64	
33,5	0,63	
33,505	0,62	
33,51	0,62	
33,515	0,61	
33,52	0,61	
33,525	0,59	
33,53	0,59	
33,535	0,58	
33,54	0,56	
33,545	0,55	
33,55	0,54	
33,555	0,53	
33,56	0,53	
33,565	0,52	
33,57	0,51	
33,575	0,49	
33,58	0,48	
33,585	0,47	
33,59	0,45	
33,595	0,43	
33,6	0,42	
33,605	0,41	
33,61	0,4	
33,615	0,39	
33,62	0,38	
33,625	0,37	
33,63	0,35	
33,635	0,34	
33,64	0,31	
33,645	0,3	
33,65	0,29	
33,655	0,27	
33,66	0,26	
33,665	0,24	
33,67	0,23	
33,675	0,21	
33,68	0,2	
33,685	0,17	
33,69	0,16	
33,695	0,14	
33,7	0,13	
33,705	0,12	
33,71	0,1	
33,715	0,09	
33,72	0,08	
33,725	0,06	
33,73	0,03	
33,735	0,02	
33,74	0	
33,745	-0,02	
33,75	-0,03	
33,755	-0,05	
33,76	-0,06	
33,765	-0,08	
33,77	-0,09	
33,775	-0,12	
33,78	-0,13	
33,785	-0,15	
33,79	-0,16	
33,795	-0,18	
33,8	-0,19	
33,805	-0,21	
33,81	-0,22	
33,815	-0,23	
33,82	-0,25	
33,825	-0,27	
33,83	-0,28	
33,835	-0,3	
33,84	-0,31	
33,845	-0,33	
33,85	-0,34	
33,855	-0,36	
33,86	-0,37	
33,865	-0,39	
33,87	-0,4	
33,875	-0,41	
33,88	-0,42	
33,885	-0,43	
33,89	-0,45	
33,895	-0,46	
33,9	-0,47	
33,905	-0,49	
33,91	-0,51	
33,915	-0,52	
33,92	-0,52	
33,925	-0,53	
33,93	-0,54	
33,935	-0,55	
33,94	-0,56	
33,945	-0,57	
33,95	-0,58	
33,955	-0,59	
33,96	-0,6	
33,965	-0,61	
33,97	-0,61	
33,975	-0,62	
33,98	-0,62	
33,985	-0,63	
33,99	-0,64	
33,995	-0,65	
34,0	-0,65	
34,005	-0,66	
34,01	-0,67	
34,015	-0,67	
34,02	-0,67	
34,025	-0,67	
34,03	-0,67	
34,035	-0,68	
34,04	-0,68	
34,045	-0,69	
34,05	-0,7	
34,055	-0,7	
34,06	-0,7	
34,065	-0,7	
34,07	-0,7	
34,075	-0,7	
34,08	-0,7	
34,085	-0,7	
34,09	-0,7	
34,095	-0,7	
34,1	-0,7	
34,105	-0,69	
34,11	-0,69	
34,115	-0,68	
34,12	-0,68	
34,125	-0,67	
34,13	-0,67	
34,135	-0,67	
34,14	-0,66	
34,145	-0,66	
34,15	-0,65	
34,155	-0,65	
34,16	-0,64	
34,165	-0,64	
34,17	-0,63	
34,175	-0,62	
34,18	-0,62	
34,185	-0,61	
34,19	-0,6	
34,195	-0,59	
34,2	-0,59	
34,205	-0,58	
34,21	-0,57	
34,215	-0,55	
34,22	-0,55	
34,225	-0,54	
34,23	-0,52	
34,235	-0,52	
34,24	-0,51	
34,245	-0,49	
34,25	-0,48	
34,255	-0,47	
34,26	-0,45	
34,265	-0,44	
34,27	-0,43	
34,275	-0,41	
34,28	-0,4	
34,285	-0,39	
34,29	-0,37	
34,295	-0,36	
34,3	-0,35	
34,305	-0,33	
34,31	-0,32	
34,315	-0,31	
34,32	-0,29	
34,325	-0,28	
34,33	-0,26	
34,335	-0,25	
34,34	-0,23	
34,345	-0,22	
34,35	-0,2	
34,355	-0,19	
34,36	-0,17	
34,365	-0,15	
34,37	-0,13	
34,375	-0,12	
34,38	-0,1	
34,385	-0,09	
34,39	-0,07	
34,395	-0,06	
34,4	-0,04	
34,405	-0,03	
34,41	-0,01	
34,415	0,01	
34,42	0,03	
34,425	0,05	
34,43	0,06	
34,435	0,08	
34,44	0,09	
34,445	0,11	
34,45	0,12	
34,455	0,14	
34,46	0,16	
34,465	0,17	
34,47	0,19	
34,475	0,2	
34,48	0,22	
34,485	0,23	
34,49	0,25	
34,495	0,27	
34,5	0,28	
34,505	0,3	
34,51	0,31	
34,515	0,33	
34,52	0,34	
34,525	0,36	
34,53	0,37	
34,535	0,38	
34,54	0,39	
34,545	0,4	
34,55	0,42	
34,555	0,44	
34,56	0,45	
34,565	0,46	
34,57	0,47	
34,575	0,48	
34,58	0,49	
34,585	0,5	
34,59	0,51	
34,595	0,52	
34,6	0,54	
34,605	0,55	
34,61	0,56	
34,615	0,57	
34,62	0,58	
34,625	0,59	
34,63	0,59	
34,635	0,6	
34,64	0,61	
34,645	0,62	
34,65	0,63	
34,655	0,64	
34,66	0,65	
34,665	0,65	
34,67	0,65	
34,675	0,65	
34,68	0,66	
34,685	0,66	
34,69	0,67	
34,695	0,67	
34,7	0,68	
34,705	0,69	
34,71	0,69	
34,715	0,69	
34,72	0,69	
34,725	0,7	
34,73	0,69	
34,735	0,69	
34,74	0,69	
34,745	0,7	
34,75	0,7	
34,755	0,7	
34,76	0,7	
34,765	0,7	
34,77	0,69	
34,775	0,69	
34,78	0,68	
34,785	0,68	
34,79	0,68	
34,795	0,68	
34,8	0,67	
34,805	0,67	
34,81	0,67	
34,815	0,67	
34,82	0,65	
34,825	0,65	
34,83	0,64	
34,835	0,63	
34,84	0,63	
34,845	0,62	
34,85	0,62	
34,855	0,61	
34,86	0,61	
34,865	0,6	
34,87	0,58	
34,875	0,57	
34,88	0,56	
34,885	0,56	
34,89	0,55	
34,895	0,54	
34,9	0,54	
34,905	0,52	
34,91	0,51	
34,915	0,49	
34,92	0,48	
34,925	0,46	
34,93	0,45	
34,935	0,44	
34,94	0,43	
34,945	0,42	
34,95	0,41	
34,955	0,4	
34,96	0,38	
34,965	0,36	
34,97	0,35	
34,975	0,33	
34,98	0,32	
34,985	0,31	
34,99	0,3	
34,995	0,28	
35,0	0,27	
35,005	0,25	
35,01	0,23	
35,015	0,21	
35,02	0,2	
35,025	0,18	
35,03	0,17	
35,035	0,16	
35,04	0,14	
35,045	0,13	
35,05	0,11	
35,055	0,09	
35,06	0,07	
35,065	0,05	
35,07	0,04	
35,075	0,02	
35,08	0,01	
35,085	-0,01	
35,09	-0,02	
35,095	-0,04	
35,1	-0,06	
35,105	-0,07	
35,11	-0,09	
35,115	-0,1	
35,12	-0,12	
35,125	-0,14	
35,13	-0,15	
35,135	-0,17	
35,14	-0,19	
35,145	-0,21	
35,15	-0,22	
35,155	-0,23	
35,16	-0,25	
35,165	-0,26	
35,17	-0,28	
35,175	-0,29	
35,18	-0,31	
35,185	-0,33	
35,19	-0,34	
35,195	-0,35	
35,2	-0,37	
35,205	-0,38	
35,21	-0,39	
35,215	-0,41	
35,22	-0,42	
35,225	-0,43	
35,23	-0,45	
35,235	-0,46	
35,24	-0,47	
35,245	-0,48	
35,25	-0,49	
35,255	-0,5	
35,26	-0,51	
35,265	-0,52	
35,27	-0,54	
35,275	-0,55	
35,28	-0,57	
35,285	-0,58	
35,29	-0,58	
35,295	-0,59	
35,3	-0,6	
35,305	-0,6	
35,31	-0,61	
35,315	-0,62	
35,32	-0,63	
35,325	-0,64	
35,33	-0,64	
35,335	-0,65	
35,34	-0,65	
35,345	-0,66	
35,35	-0,66	
35,355	-0,67	
35,36	-0,67	
35,365	-0,68	
35,37	-0,69	
35,375	-0,7	
35,38	-0,7	
35,385	-0,7	
35,39	-0,7	
35,395	-0,7	
35,4	-0,69	
35,405	-0,69	
35,41	-0,7	
35,415	-0,7	
35,42	-0,71	
35,425	-0,71	
35,43	-0,71	
35,435	-0,7	
35,44	-0,69	
35,445	-0,69	
35,45	-0,69	
35,455	-0,68	
35,46	-0,69	
35,465	-0,69	
35,47	-0,68	
35,475	-0,68	
35,48	-0,68	
35,485	-0,67	
35,49	-0,66	
35,495	-0,66	
35,5	-0,65	
35,505	-0,64	
35,51	-0,64	
35,515	-0,63	
35,52	-0,62	
35,525	-0,62	
35,53	-0,61	
35,535	-0,6	
35,54	-0,59	
35,545	-0,58	
35,55	-0,57	
35,555	-0,56	
35,56	-0,55	
35,565	-0,54	
35,57	-0,53	
35,575	-0,52	
35,58	-0,5	
35,585	-0,49	
35,59	-0,48	
35,595	-0,46	
35,6	-0,45	
35,605	-0,45	
35,61	-0,44	
35,615	-0,43	
35,62	-0,41	
35,625	-0,4	
35,63	-0,38	
35,635	-0,37	
35,64	-0,35	
35,645	-0,33	
35,65	-0,32	
35,655	-0,31	
35,66	-0,3	
35,665	-0,28	
35,67	-0,27	
35,675	-0,25	
35,68	-0,23	
35,685	-0,21	
35,69	-0,2	
35,695	-0,19	
35,7	-0,17	
35,705	-0,16	
35,71	-0,14	
35,715	-0,12	
35,72	-0,11	
35,725	-0,09	
35,73	-0,07	
35,735	-0,05	
35,74	-0,04	
35,745	-0,02	
35,75	-0,01	
35,755	0,01	
35,76	0,03	
35,765	0,04	
35,77	0,06	
35,775	0,07	
35,78	0,1	
35,785	0,11	
35,79	0,13	
35,795	0,14	
35,8	0,16	
35,805	0,17	
35,81	0,19	
35,815	0,2	
35,82	0,22	
35,825	0,24	
35,83	0,25	
35,835	0,27	
35,84	0,28	
35,845	0,3	
35,85	0,31	
35,855	0,33	
35,86	0,34	
35,865	0,35	
35,87	0,37	
35,875	0,39	
35,88	0,4	
35,885	0,41	
35,89	0,43	
35,895	0,44	
35,9	0,45	
35,905	0,46	
35,91	0,47	
35,915	0,49	
35,92	0,5	
35,925	0,51	
35,93	0,52	
35,935	0,53	
35,94	0,55	
35,945	0,56	
35,95	0,57	
35,955	0,58	
35,96	0,59	
35,965	0,59	
35,97	0,6	
35,975	0,61	
35,98	0,62	
35,985	0,63	
35,99	0,64	
35,995	0,65	
36,0	0,65	
36,005	0,65	
36,01	0,66	
36,015	0,66	
36,02	0,67	
36,025	0,67	
36,03	0,68	
36,035	0,69	
36,04	0,7	
36,045	0,7	
36,05	0,71	
36,055	0,7	
36,06	0,7	
36,065	0,7	
36,07	0,7	
36,075	0,71	
36,08	0,71	
36,085	0,72	
36,09	0,72	
36,095	0,71	
36,1	0,71	
36,105	0,7	
36,11	0,7	
36,115	0,7	
36,12	0,7	
36,125	0,7	
36,13	0,7	
36,135	0,7	
36,14	0,7	
36,145	0,69	
36,15	0,68	
36,155	0,67	
36,16	0,66	
36,165	0,66	
36,17	0,66	
36,175	0,66	
36,18	0,65	
36,185	0,64	
36,19	0,63	
36,195	0,62	
36,2	0,61	
36,205	0,6	
36,21	0,59	
36,215	0,58	
36,22	0,58	
36,225	0,57	
36,23	0,56	
36,235	0,55	
36,24	0,54	
36,245	0,52	
36,25	0,51	
36,255	0,5	
36,26	0,49	
36,265	0,48	
36,27	0,47	
36,275	0,46	
36,28	0,44	
36,285	0,43	
36,29	0,41	
36,295	0,39	
36,3	0,38	
36,305	0,37	
36,31	0,36	
36,315	0,34	
36,32	0,33	
36,325	0,31	
36,33	0,3	
36,335	0,28	
36,34	0,26	
36,345	0,24	
36,35	0,23	
36,355	0,21	
36,36	0,2	
36,365	0,19	
36,37	0,17	
36,375	0,15	
36,38	0,14	
36,385	0,12	
36,39	0,1	
36,395	0,08	
36,4	0,07	
36,405	0,05	
36,41	0,04	
36,415	0,02	
36,42	0	
36,425	-0,02	
36,43	-0,04	
36,435	-0,05	
36,44	-0,07	
36,445	-0,08	
36,45	-0,1	
36,455	-0,11	
36,46	-0,13	
36,465	-0,15	
36,47	-0,16	
36,475	-0,18	
36,48	-0,2	
36,485	-0,21	
36,49	-0,23	
36,495	-0,24	
36,5	-0,26	
36,505	-0,28	
36,51	-0,29	
36,515	-0,31	
36,52	-0,33	
36,525	-0,34	
36,53	-0,35	
36,535	-0,37	
36,54	-0,38	
36,545	-0,39	
36,55	-0,41	
36,555	-0,42	
36,56	-0,43	
36,565	-0,45	
36,57	-0,46	
36,575	-0,47	
36,58	-0,49	
36,585	-0,5	
36,59	-0,51	
36,595	-0,53	
36,6	-0,54	
36,605	-0,55	
36,61	-0,56	
36,615	-0,57	
36,62	-0,58	
36,625	-0,59	
36,63	-0,59	
36,635	-0,6	
36,64	-0,62	
36,645	-0,63	
36,65	-0,64	
36,655	-0,64	
36,66	-0,65	
36,665	-0,65	
36,67	-0,66	
36,675	-0,66	
36,68	-0,67	
36,685	-0,67	
36,69	-0,69	
36,695	-0,69	
36,7	-0,7	
36,705	-0,7	
36,71	-0,71	
36,715	-0,71	
36,72	-0,71	
36,725	-0,71	
36,73	-0,71	
36,735	-0,72	
36,74	-0,72	
36,745	-0,73	
36,75	-0,73	
36,755	-0,73	
36,76	-0,72	
36,765	-0,72	
36,77	-0,71	
36,775	-0,71	
36,78	-0,71	
36,785	-0,71	
36,79	-0,71	
36,795	-0,71	
36,8	-0,71	
36,805	-0,7	
36,81	-0,7	
36,815	-0,69	
36,82	-0,68	
36,825	-0,67	
36,83	-0,67	
36,835	-0,67	
36,84	-0,67	
36,845	-0,67	
36,85	-0,66	
36,855	-0,65	
36,86	-0,64	
36,865	-0,63	
36,87	-0,61	
36,875	-0,61	
36,88	-0,6	
36,885	-0,59	
36,89	-0,59	
36,895	-0,58	
36,9	-0,57	
36,905	-0,55	
36,91	-0,54	
36,915	-0,52	
36,92	-0,51	
36,925	-0,51	
36,93	-0,5	
36,935	-0,49	
36,94	-0,47	
36,945	-0,46	
36,95	-0,44	
36,955	-0,43	
36,96	-0,41	
36,965	-0,39	
36,97	-0,38	
36,975	-0,37	
36,98	-0,35	
36,985	-0,34	
36,99	-0,33	
36,995	-0,31	
37,0	-0,3	
37,005	-0,27	
37,01	-0,25	
37,015	-0,24	
37,02	-0,23	
37,025	-0,22	
37,03	-0,2	
37,035	-0,19	
37,04	-0,17	
37,045	-0,15	
37,05	-0,12	
37,055	-0,11	
37,06	-0,09	
37,065	-0,08	
37,07	-0,06	
37,075	-0,05	
37,08	-0,03	
37,085	-0,02	
37,09	0	
37,095	0,03	
37,1	0,05	
37,105	0,06	
37,11	0,08	
37,115	0,09	
37,12	0,1	
37,125	0,12	
37,13	0,13	
37,135	0,15	
37,14	0,17	
37,145	0,2	
37,15	0,22	
37,155	0,23	
37,16	0,24	
37,165	0,26	
37,17	0,27	
37,175	0,29	
37,18	0,3	
37,185	0,32	
37,19	0,34	
37,195	0,36	
37,2	0,37	
37,205	0,39	
37,21	0,4	
37,215	0,41	
37,22	0,42	
37,225	0,43	
37,23	0,45	
37,235	0,47	
37,24	0,48	
37,245	0,49	
37,25	0,51	
37,255	0,52	
37,26	0,52	
37,265	0,53	
37,27	0,54	
37,275	0,56	
37,28	0,58	
37,285	0,59	
37,29	0,6	
37,295	0,61	
37,3	0,61	
37,305	0,62	
37,31	0,63	
37,315	0,64	
37,32	0,64	
37,325	0,65	
37,33	0,66	
37,335	0,67	
37,34	0,68	
37,345	0,69	
37,35	0,69	
37,355	0,69	
37,36	0,7	
37,365	0,7	
37,37	0,71	
37,375	0,71	
37,38	0,72	
37,385	0,72	
37,39	0,72	
37,395	0,73	
37,4	0,73	
37,405	0,73	
37,41	0,73	
37,415	0,73	
37,42	0,73	
37,425	0,73	
37,43	0,73	
37,435	0,72	
37,44	0,73	
37,445	0,73	
37,45	0,73	
37,455	0,72	
37,46	0,72	
37,465	0,71	
37,47	0,71	
37,475	0,7	
37,48	0,7	
37,485	0,7	
37,49	0,69	
37,495	0,69	
37,5	0,69	
37,505	0,67	
37,51	0,67	
37,515	0,66	
37,52	0,65	
37,525	0,64	
37,53	0,63	
37,535	0,62	
37,54	0,62	
37,545	0,61	
37,55	0,6	
37,555	0,59	
37,56	0,58	
37,565	0,57	
37,57	0,55	
37,575	0,54	
37,58	0,54	
37,585	0,53	
37,59	0,52	
37,595	0,51	
37,6	0,49	
37,605	0,48	
37,61	0,46	
37,615	0,44	
37,62	0,43	
37,625	0,41	
37,63	0,4	
37,635	0,39	
37,64	0,38	
37,645	0,36	
37,65	0,35	
37,655	0,33	
37,66	0,31	
37,665	0,3	
37,67	0,28	
37,675	0,26	
37,68	0,25	
37,685	0,24	
37,69	0,22	
37,695	0,21	
37,7	0,19	
37,705	0,17	
37,71	0,15	
37,715	0,13	
37,72	0,11	
37,725	0,1	
37,73	0,08	
37,735	0,07	
37,74	0,05	
37,745	0,04	
37,75	0,02	
37,755	0	
37,76	-0,02	
37,765	-0,03	
37,77	-0,05	
37,775	-0,07	
37,78	-0,09	
37,785	-0,1	
37,79	-0,12	
37,795	-0,14	
37,8	-0,16	
37,805	-0,18	
37,81	-0,2	
37,815	-0,21	
37,82	-0,23	
37,825	-0,25	
37,83	-0,26	
37,835	-0,27	
37,84	-0,29	
37,845	-0,3	
37,85	-0,32	
37,855	-0,34	
37,86	-0,35	
37,865	-0,37	
37,87	-0,38	
37,875	-0,39	
37,88	-0,41	
37,885	-0,42	
37,89	-0,44	
37,895	-0,45	
37,9	-0,46	
37,905	-0,48	
37,91	-0,49	
37,915	-0,51	
37,92	-0,52	
37,925	-0,53	
37,93	-0,54	
37,935	-0,55	
37,94	-0,57	
37,945	-0,58	
37,95	-0,59	
37,955	-0,61	
37,96	-0,62	
37,965	-0,62	
37,97	-0,63	
37,975	-0,63	
37,98	-0,64	
37,985	-0,65	
37,99	-0,66	
37,995	-0,67	
38,0	-0,68	
38,005	-0,69	
38,01	-0,69	
38,015	-0,69	
38,02	-0,7	
38,025	-0,7	
38,03	-0,71	
38,035	-0,71	
38,04	-0,72	
38,045	-0,72	
38,05	-0,73	
38,055	-0,73	
38,06	-0,73	
38,065	-0,73	
38,07	-0,73	
38,075	-0,73	
38,08	-0,74	
38,085	-0,74	
38,09	-0,74	
38,095	-0,74	
38,1	-0,74	
38,105	-0,74	
38,11	-0,74	
38,115	-0,73	
38,12	-0,73	
38,125	-0,73	
38,13	-0,73	
38,135	-0,72	
38,14	-0,72	
38,145	-0,71	
38,15	-0,71	
38,155	-0,7	
38,16	-0,7	
38,165	-0,69	
38,17	-0,69	
38,175	-0,68	
38,18	-0,67	
38,185	-0,66	
38,19	-0,65	
38,195	-0,64	
38,2	-0,64	
38,205	-0,63	
38,21	-0,62	
38,215	-0,61	
38,22	-0,6	
38,225	-0,59	
38,23	-0,58	
38,235	-0,56	
38,24	-0,55	
38,245	-0,54	
38,25	-0,54	
38,255	-0,53	
38,26	-0,52	
38,265	-0,5	
38,27	-0,49	
38,275	-0,47	
38,28	-0,45	
38,285	-0,44	
38,29	-0,42	
38,295	-0,41	
38,3	-0,4	
38,305	-0,39	
38,31	-0,37	
38,315	-0,36	
38,32	-0,34	
38,325	-0,31	
38,33	-0,29	
38,335	-0,28	
38,34	-0,26	
38,345	-0,25	
38,35	-0,24	
38,355	-0,23	
38,36	-0,22	
38,365	-0,2	
38,37	-0,18	
38,375	-0,16	
38,38	-0,14	
38,385	-0,11	
38,39	-0,1	
38,395	-0,09	
38,4	-0,07	
38,405	-0,06	
38,41	-0,04	
38,415	-0,02	
38,42	0	
38,425	0,02	
38,43	0,04	
38,435	0,05	
38,44	0,07	
38,445	0,08	
38,45	0,1	
38,455	0,11	
38,46	0,14	
38,465	0,16	
38,47	0,18	
38,475	0,2	
38,48	0,22	
38,485	0,23	
38,49	0,24	
38,495	0,25	
38,5	0,27	
38,505	0,28	
38,51	0,31	
38,515	0,33	
38,52	0,35	
38,525	0,36	
38,53	0,38	
38,535	0,39	
38,54	0,4	
38,545	0,41	
38,55	0,42	
38,555	0,44	
38,56	0,46	
38,565	0,47	
38,57	0,49	
38,575	0,5	
38,58	0,51	
38,585	0,52	
38,59	0,53	
38,595	0,54	
38,6	0,56	
38,605	0,57	
38,61	0,58	
38,615	0,6	
38,62	0,61	
38,625	0,62	
38,63	0,63	
38,635	0,63	
38,64	0,64	
38,645	0,65	
38,65	0,65	
38,655	0,67	
38,66	0,68	
38,665	0,68	
38,67	0,69	
38,675	0,7	
38,68	0,7	
38,685	0,71	
38,69	0,71	
38,695	0,71	
38,7	0,72	
38,705	0,72	
38,71	0,73	
38,715	0,73	
38,72	0,74	
38,725	0,74	
38,73	0,74	
38,735	0,75	
38,74	0,74	
38,745	0,75	
38,75	0,75	
38,755	0,75	
38,76	0,75	
38,765	0,75	
38,77	0,75	
38,775	0,74	
38,78	0,74	
38,785	0,74	
38,79	0,73	
38,795	0,73	
38,8	0,72	
38,805	0,72	
38,81	0,72	
38,815	0,71	
38,82	0,71	
38,825	0,7	
38,83	0,69	
38,835	0,69	
38,84	0,68	
38,845	0,67	
38,85	0,67	
38,855	0,66	
38,86	0,65	
38,865	0,64	
38,87	0,63	
38,875	0,62	
38,88	0,61	
38,885	0,6	
38,89	0,59	
38,895	0,58	
38,9	0,57	
38,905	0,56	
38,91	0,55	
38,915	0,53	
38,92	0,52	
38,925	0,51	
38,93	0,49	
38,935	0,48	
38,94	0,46	
38,945	0,45	
38,95	0,44	
38,955	0,42	
38,96	0,41	
38,965	0,39	
38,97	0,38	
38,975	0,37	
38,98	0,35	
38,985	0,34	
38,99	0,32	
38,995	0,31	
39,0	0,29	
39,005	0,28	
39,01	0,26	
39,015	0,24	
39,02	0,22	
39,025	0,21	
39,03	0,18	
39,035	0,17	
39,04	0,15	
39,045	0,13	
39,05	0,12	
39,055	0,1	
39,06	0,08	
39,065	0,07	
39,07	0,05	
39,075	0,03	
39,08	0,01	
39,085	-0,01	
39,09	-0,03	
39,095	-0,04	
39,1	-0,06	
39,105	-0,07	
39,11	-0,09	
39,115	-0,1	
39,12	-0,12	
39,125	-0,14	
39,13	-0,16	
39,135	-0,18	
39,14	-0,2	
39,145	-0,22	
39,15	-0,23	
39,155	-0,25	
39,16	-0,26	
39,165	-0,27	
39,17	-0,29	
39,175	-0,31	
39,18	-0,33	
39,185	-0,34	
39,19	-0,37	
39,195	-0,38	
39,2	-0,39	
39,205	-0,4	
39,21	-0,41	
39,215	-0,43	
39,22	-0,44	
39,225	-0,46	
39,23	-0,48	
39,235	-0,5	
39,24	-0,51	
39,245	-0,52	
39,25	-0,53	
39,255	-0,54	
39,26	-0,55	
39,265	-0,56	
39,27	-0,58	
39,275	-0,59	
39,28	-0,61	
39,285	-0,62	
39,29	-0,63	
39,295	-0,63	
39,3	-0,63	
39,305	-0,64	
39,31	-0,65	
39,315	-0,66	
39,32	-0,67	
39,325	-0,68	
39,33	-0,69	
39,335	-0,7	
39,34	-0,7	
39,345	-0,7	
39,35	-0,7	
39,355	-0,71	
39,36	-0,71	
39,365	-0,72	
39,37	-0,73	
39,375	-0,74	
39,38	-0,74	
39,385	-0,74	
39,39	-0,74	
39,395	-0,74	
39,4	-0,74	
39,405	-0,74	
39,41	-0,74	
39,415	-0,75	
39,42	-0,75	
39,425	-0,75	
39,43	-0,75	
39,435	-0,75	
39,44	-0,74	
39,445	-0,74	
39,45	-0,73	
39,455	-0,73	
39,46	-0,73	
39,465	-0,73	
39,47	-0,73	
39,475	-0,72	
39,48	-0,72	
39,485	-0,71	
39,49	-0,7	
39,495	-0,69	
39,5	-0,69	
39,505	-0,68	
39,51	-0,67	
39,515	-0,67	
39,52	-0,66	
39,525	-0,65	
39,53	-0,64	
39,535	-0,63	
39,54	-0,63	
39,545	-0,61	
39,55	-0,6	
39,555	-0,59	
39,56	-0,58	
39,565	-0,57	
39,57	-0,56	
39,575	-0,55	
39,58	-0,54	
39,585	-0,52	
39,59	-0,51	
39,595	-0,5	
39,6	-0,48	
39,605	-0,47	
39,61	-0,45	
39,615	-0,44	
39,62	-0,43	
39,625	-0,41	
39,63	-0,4	
39,635	-0,38	
39,64	-0,37	
39,645	-0,35	
39,65	-0,33	
39,655	-0,32	
39,66	-0,31	
39,665	-0,29	
39,67	-0,27	
39,675	-0,26	
39,68	-0,24	
39,685	-0,22	
39,69	-0,2	
39,695	-0,18	
39,7	-0,17	
39,705	-0,15	
39,71	-0,14	
39,715	-0,12	
39,72	-0,1	
39,725	-0,08	
39,73	-0,07	
39,735	-0,04	
39,74	-0,02	
39,745	-0,01	
39,75	0,01	
39,755	0,03	
39,76	0,04	
39,765	0,06	
39,77	0,07	
39,775	0,09	
39,78	0,11	
39,785	0,13	
39,79	0,15	
39,795	0,17	
39,8	0,19	
39,805	0,2	
39,81	0,22	
39,815	0,23	
39,82	0,25	
39,825	0,27	
39,83	0,28	
39,835	0,3	
39,84	0,32	
39,845	0,34	
39,85	0,35	
39,855	0,37	
39,86	0,38	
39,865	0,39	
39,87	0,41	
39,875	0,42	
39,88	0,44	
39,885	0,45	
39,89	0,47	
39,895	0,48	
39,9	0,5	
39,905	0,51	
39,91	0,52	
39,915	0,53	
39,92	0,54	
39,925	0,55	
39,93	0,56	
39,935	0,58	
39,94	0,59	
39,945	0,6	
39,95	0,61	
39,955	0,62	
39,96	0,63	
39,965	0,64	
39,97	0,64	
39,975	0,65	
39,98	0,66	
39,985	0,67	
39,99	0,68	
39,995	0,69	
40,0	0,7	
40,005	0,7	
40,01	0,71	
40,015	0,71	
40,02	0,71	
40,025	0,72	
40,03	0,72	
40,035	0,73	
40,04	0,74	
40,045	0,74	
40,05	0,74	
40,055	0,74	
40,06	0,74	
40,065	0,74	
40,07	0,74	
40,075	0,75	
40,08	0,75	
40,085	0,75	
40,09	0,75	
40,095	0,75	
40,1	0,75	
40,105	0,74	
40,11	0,73	
40,115	0,73	
40,12	0,73	
40,125	0,73	
40,13	0,73	
40,135	0,73	
40,14	0,72	
40,145	0,71	
40,15	0,71	
40,155	0,7	
40,16	0,69	
40,165	0,68	
40,17	0,67	
40,175	0,67	
40,18	0,66	
40,185	0,65	
40,19	0,65	
40,195	0,64	
40,2	0,62	
40,205	0,61	
40,21	0,61	
40,215	0,6	
40,22	0,59	
40,225	0,58	
40,23	0,57	
40,235	0,55	
40,24	0,54	
40,245	0,53	
40,25	0,51	
40,255	0,5	
40,26	0,49	
40,265	0,48	
40,27	0,46	
40,275	0,45	
40,28	0,43	
40,285	0,42	
40,29	0,41	
40,295	0,39	
40,3	0,37	
40,305	0,36	
40,31	0,34	
40,315	0,33	
40,32	0,31	
40,325	0,29	
40,33	0,28	
40,335	0,26	
40,34	0,25	
40,345	0,23	
40,35	0,21	
40,355	0,2	
40,36	0,18	
40,365	0,17	
40,37	0,15	
40,375	0,13	
40,38	0,11	
40,385	0,1	
40,39	0,08	
40,395	0,06	
40,4	0,04	
40,405	0,02	
40,41	0	
40,415	-0,02	
40,42	-0,04	
40,425	-0,05	
40,43	-0,06	
40,435	-0,07	
40,44	-0,09	
40,445	-0,1	
40,45	-0,13	
40,455	-0,15	
40,46	-0,17	
40,465	-0,2	
40,47	-0,21	
40,475	-0,22	
40,48	-0,23	
40,485	-0,24	
40,49	-0,26	
40,495	-0,27	
40,5	-0,3	
40,505	-0,32	
40,51	-0,34	
40,515	-0,36	
40,52	-0,37	
40,525	-0,37	
40,53	-0,38	
40,535	-0,39	
40,54	-0,41	
40,545	-0,42	
40,55	-0,44	
40,555	-0,47	
40,56	-0,49	
40,565	-0,51	
40,57	-0,52	
40,575	-0,52	
40,58	-0,53	
40,585	-0,53	
40,59	-0,54	
40,595	-0,55	
40,6	-0,57	
40,605	-0,59	
40,61	-0,6	
40,615	-0,62	
40,62	-0,63	
40,625	-0,64	
40,63	-0,64	
40,635	-0,64	
40,64	-0,65	
40,645	-0,65	
40,65	-0,66	
40,655	-0,67	
40,66	-0,68	
40,665	-0,69	
40,67	-0,7	
40,675	-0,71	
40,68	-0,71	
40,685	-0,71	
40,69	-0,71	
40,695	-0,72	
40,7	-0,72	
40,705	-0,72	
40,71	-0,73	
40,715	-0,74	
40,72	-0,74	
40,725	-0,74	
40,73	-0,74	
40,735	-0,74	
40,74	-0,74	
40,745	-0,74	
40,75	-0,74	
40,755	-0,75	
40,76	-0,75	
40,765	-0,74	
40,77	-0,74	
40,775	-0,73	
40,78	-0,73	
40,785	-0,72	
40,79	-0,72	
40,795	-0,72	
40,8	-0,71	
40,805	-0,71	
40,81	-0,71	
40,815	-0,7	
40,82	-0,69	
40,825	-0,68	
40,83	-0,67	
40,835	-0,66	
40,84	-0,65	
40,845	-0,65	
40,85	-0,65	
40,855	-0,64	
40,86	-0,64	
40,865	-0,63	
40,87	-0,62	
40,875	-0,6	
40,88	-0,59	
40,885	-0,58	
40,89	-0,56	
40,895	-0,56	
40,9	-0,55	
40,905	-0,54	
40,91	-0,53	
40,915	-0,52	
40,92	-0,5	
40,925	-0,48	
40,93	-0,47	
40,935	-0,45	
40,94	-0,44	
40,945	-0,43	
40,95	-0,42	
40,955	-0,41	
40,96	-0,39	
40,965	-0,37	
40,97	-0,35	
40,975	-0,34	
40,98	-0,32	
40,985	-0,31	
40,99	-0,29	
40,995	-0,28	
41,0	-0,27	
41,005	-0,25	
41,01	-0,23	
41,015	-0,21	
41,02	-0,2	
41,025	-0,18	
41,03	-0,16	
41,035	-0,14	
41,04	-0,13	
41,045	-0,11	
41,05	-0,1	
41,055	-0,07	
41,06	-0,05	
41,065	-0,04	
41,07	-0,02	
41,075	0	
41,08	0,01	
41,085	0,03	
41,09	0,05	
41,095	0,06	
41,1	0,08	
41,105	0,1	
41,11	0,11	
41,115	0,13	
41,12	0,15	
41,125	0,17	
41,13	0,19	
41,135	0,21	
41,14	0,22	
41,145	0,24	
41,15	0,25	
41,155	0,26	
41,16	0,28	
41,165	0,3	
41,17	0,31	
41,175	0,33	
41,18	0,35	
41,185	0,37	
41,19	0,39	
41,195	0,4	
41,2	0,41	
41,205	0,42	
41,21	0,43	
41,215	0,44	
41,22	0,46	
41,225	0,47	
41,23	0,49	
41,235	0,51	
41,24	0,52	
41,245	0,53	
41,25	0,53	
41,255	0,54	
41,26	0,56	
41,265	0,57	
41,27	0,58	
41,275	0,59	
41,28	0,6	
41,285	0,62	
41,29	0,62	
41,295	0,63	
41,3	0,64	
41,305	0,64	
41,31	0,65	
41,315	0,66	
41,32	0,67	
41,325	0,67	
41,33	0,69	
41,335	0,69	
41,34	0,7	
41,345	0,7	
41,35	0,71	
41,355	0,71	
41,36	0,71	
41,365	0,72	
41,37	0,72	
41,375	0,73	
41,38	0,73	
41,385	0,73	
41,39	0,73	
41,395	0,73	
41,4	0,73	
41,405	0,73	
41,41	0,73	
41,415	0,73	
41,42	0,73	
41,425	0,73	
41,43	0,73	
41,435	0,73	
41,44	0,72	
41,445	0,72	
41,45	0,71	
41,455	0,71	
41,46	0,71	
41,465	0,7	
41,47	0,7	
41,475	0,7	
41,48	0,69	
41,485	0,69	
41,49	0,68	
41,495	0,67	
41,5	0,66	
41,505	0,66	
41,51	0,65	
41,515	0,64	
41,52	0,63	
41,525	0,63	
41,53	0,61	
41,535	0,6	
41,54	0,59	
41,545	0,58	
41,55	0,57	
41,555	0,56	
41,56	0,55	
41,565	0,54	
41,57	0,53	
41,575	0,51	
41,58	0,5	
41,585	0,49	
41,59	0,47	
41,595	0,46	
41,6	0,45	
41,605	0,43	
41,61	0,42	
41,615	0,41	
41,62	0,4	
41,625	0,38	
41,63	0,37	
41,635	0,35	
41,64	0,33	
41,645	0,31	
41,65	0,3	
41,655	0,29	
41,66	0,27	
41,665	0,26	
41,67	0,25	
41,675	0,23	
41,68	0,21	
41,685	0,19	
41,69	0,16	
41,695	0,15	
41,7	0,13	
41,705	0,12	
41,71	0,11	
41,715	0,09	
41,72	0,08	
41,725	0,06	
41,73	0,04	
41,735	0,02	
41,74	0	
41,745	-0,02	
41,75	-0,04	
41,755	-0,05	
41,76	-0,07	
41,765	-0,08	
41,77	-0,1	
41,775	-0,11	
41,78	-0,13	
41,785	-0,16	
41,79	-0,17	
41,795	-0,19	
41,8	-0,2	
41,805	-0,22	
41,81	-0,23	
41,815	-0,24	
41,82	-0,26	
41,825	-0,27	
41,83	-0,3	
41,835	-0,31	
41,84	-0,33	
41,845	-0,35	
41,85	-0,36	
41,855	-0,37	
41,86	-0,38	
41,865	-0,39	
41,87	-0,41	
41,875	-0,43	
41,88	-0,44	
41,885	-0,45	
41,89	-0,47	
41,895	-0,48	
41,9	-0,49	
41,905	-0,5	
41,91	-0,51	
41,915	-0,53	
41,92	-0,54	
41,925	-0,55	
41,93	-0,56	
41,935	-0,57	
41,94	-0,58	
41,945	-0,59	
41,95	-0,59	
41,955	-0,61	
41,96	-0,62	
41,965	-0,63	
41,97	-0,64	
41,975	-0,65	
41,98	-0,65	
41,985	-0,66	
41,99	-0,66	
41,995	-0,67	
42,0	-0,67	
42,005	-0,68	
42,01	-0,69	
42,015	-0,69	
42,02	-0,7	
42,025	-0,7	
42,03	-0,7	
42,035	-0,71	
42,04	-0,71	
42,045	-0,71	
42,05	-0,71	
42,055	-0,71	
42,06	-0,72	
42,065	-0,72	
42,07	-0,72	
42,075	-0,72	
42,08	-0,72	
42,085	-0,72	
42,09	-0,72	
42,095	-0,72	
42,1	-0,71	
42,105	-0,71	
42,11	-0,7	
42,115	-0,7	
42,12	-0,7	
42,125	-0,7	
42,13	-0,69	
42,135	-0,69	
42,14	-0,68	
42,145	-0,68	
42,15	-0,67	
42,155	-0,66	
42,16	-0,66	
42,165	-0,65	
42,17	-0,65	
42,175	-0,64	
42,18	-0,63	
42,185	-0,62	
42,19	-0,62	
42,195	-0,6	
42,2	-0,59	
42,205	-0,59	
42,21	-0,58	
42,215	-0,57	
42,22	-0,56	
42,225	-0,55	
42,23	-0,53	
42,235	-0,52	
42,24	-0,5	
42,245	-0,49	
42,25	-0,48	
42,255	-0,47	
42,26	-0,46	
42,265	-0,45	
42,27	-0,44	
42,275	-0,43	
42,28	-0,41	
42,285	-0,38	
42,29	-0,37	
42,295	-0,36	
42,3	-0,34	
42,305	-0,33	
42,31	-0,32	
42,315	-0,31	
42,32	-0,29	
42,325	-0,28	
42,33	-0,25	
42,335	-0,24	
42,34	-0,22	
42,345	-0,2	
42,35	-0,18	
42,355	-0,17	
42,36	-0,15	
42,365	-0,14	
42,37	-0,13	
42,375	-0,11	
42,38	-0,09	
42,385	-0,07	
42,39	-0,06	
42,395	-0,04	
42,4	-0,02	
42,405	-0,01	
42,41	0,01	
42,415	0,02	
42,42	0,04	
42,425	0,06	
42,43	0,07	
42,435	0,09	
42,44	0,11	
42,445	0,13	
42,45	0,15	
42,455	0,16	
42,46	0,17	
42,465	0,19	
42,47	0,21	
42,475	0,22	
42,48	0,24	
42,485	0,26	
42,49	0,27	
42,495	0,29	
42,5	0,3	
42,505	0,31	
42,51	0,33	
42,515	0,35	
42,52	0,36	
42,525	0,38	
42,53	0,39	
42,535	0,41	
42,54	0,42	
42,545	0,43	
42,55	0,44	
42,555	0,46	
42,56	0,47	
42,565	0,48	
42,57	0,49	
42,575	0,51	
42,58	0,52	
42,585	0,53	
42,59	0,54	
42,595	0,55	
42,6	0,56	
42,605	0,57	
42,61	0,57	
42,615	0,58	
42,62	0,59	
42,625	0,61	
42,63	0,62	
42,635	0,63	
42,64	0,63	
42,645	0,64	
42,65	0,64	
42,655	0,65	
42,66	0,65	
42,665	0,66	
42,67	0,67	
42,675	0,68	
42,68	0,69	
42,685	0,69	
42,69	0,69	
42,695	0,7	
42,7	0,7	
42,705	0,69	
42,71	0,7	
42,715	0,69	
42,72	0,7	
42,725	0,7	
42,73	0,7	
42,735	0,71	
42,74	0,71	
42,745	0,71	
42,75	0,71	
42,755	0,7	
42,76	0,7	
42,765	0,7	
42,77	0,69	
42,775	0,69	
42,78	0,69	
42,785	0,69	
42,79	0,68	
42,795	0,68	
42,8	0,68	
42,805	0,67	
42,81	0,67	
42,815	0,66	
42,82	0,66	
42,825	0,65	
42,83	0,64	
42,835	0,63	
42,84	0,63	
42,845	0,62	
42,85	0,61	
42,855	0,6	
42,86	0,59	
42,865	0,58	
42,87	0,58	
42,875	0,56	
42,88	0,56	
42,885	0,55	
42,89	0,54	
42,895	0,53	
42,9	0,51	
42,905	0,5	
42,91	0,49	
42,915	0,48	
42,92	0,46	
42,925	0,45	
42,93	0,44	
42,935	0,43	
42,94	0,42	
42,945	0,4	
42,95	0,39	
42,955	0,37	
42,96	0,36	
42,965	0,34	
42,97	0,33	
42,975	0,32	
42,98	0,3	
42,985	0,29	
42,99	0,27	
42,995	0,25	
43,0	0,24	
43,005	0,22	
43,01	0,2	
43,015	0,19	
43,02	0,17	
43,025	0,16	
43,03	0,15	
43,035	0,13	
43,04	0,11	
43,045	0,09	
43,05	0,08	
43,055	0,05	
43,06	0,04	
43,065	0,03	
43,07	0,02	
43,075	0	
43,08	-0,01	
43,085	-0,03	
43,09	-0,05	
43,095	-0,07	
43,1	-0,08	
43,105	-0,11	
43,11	-0,13	
43,115	-0,13	
43,12	-0,15	
43,125	-0,16	
43,13	-0,18	
43,135	-0,19	
43,14	-0,21	
43,145	-0,23	
43,15	-0,25	
43,155	-0,26	
43,16	-0,28	
43,165	-0,29	
43,17	-0,3	
43,175	-0,31	
43,18	-0,32	
43,185	-0,34	
43,19	-0,35	
43,195	-0,38	
43,2	-0,4	
43,205	-0,41	
43,21	-0,42	
43,215	-0,43	
43,22	-0,44	
43,225	-0,45	
43,23	-0,46	
43,235	-0,47	
43,24	-0,49	
43,245	-0,5	
43,25	-0,52	
43,255	-0,53	
43,26	-0,53	
43,265	-0,54	
43,27	-0,55	
43,275	-0,55	
43,28	-0,56	
43,285	-0,58	
43,29	-0,59	
43,295	-0,6	
43,3	-0,61	
43,305	-0,62	
43,31	-0,63	
43,315	-0,63	
43,32	-0,64	
43,325	-0,64	
43,33	-0,64	
43,335	-0,65	
43,34	-0,66	
43,345	-0,66	
43,35	-0,67	
43,355	-0,67	
43,36	-0,67	
43,365	-0,67	
43,37	-0,67	
43,375	-0,68	
43,38	-0,68	
43,385	-0,69	
43,39	-0,69	
43,395	-0,69	
43,4	-0,69	
43,405	-0,7	
43,41	-0,69	
43,415	-0,69	
43,42	-0,69	
43,425	-0,68	
43,43	-0,69	
43,435	-0,68	
43,44	-0,68	
43,445	-0,69	
43,45	-0,68	
43,455	-0,68	
43,46	-0,67	
43,465	-0,66	
43,47	-0,65	
43,475	-0,65	
43,48	-0,65	
43,485	-0,65	
43,49	-0,65	
43,495	-0,64	
43,5	-0,63	
43,505	-0,62	
43,51	-0,61	
43,515	-0,6	
43,52	-0,59	
43,525	-0,59	
43,53	-0,58	
43,535	-0,58	
43,54	-0,57	
43,545	-0,56	
43,55	-0,55	
43,555	-0,54	
43,56	-0,52	
43,565	-0,5	
43,57	-0,49	
43,575	-0,48	
43,58	-0,47	
43,585	-0,47	
43,59	-0,46	
43,595	-0,45	
43,6	-0,44	
43,605	-0,42	
43,61	-0,4	
43,615	-0,39	
43,62	-0,37	
43,625	-0,36	
43,63	-0,35	
43,635	-0,34	
43,64	-0,33	
43,645	-0,31	
43,65	-0,29	
43,655	-0,28	
43,66	-0,26	
43,665	-0,25	
43,67	-0,23	
43,675	-0,21	
43,68	-0,2	
43,685	-0,18	
43,69	-0,17	
43,695	-0,15	
43,7	-0,14	
43,705	-0,12	
43,71	-0,1	
43,715	-0,09	
43,72	-0,07	
43,725	-0,06	
43,73	-0,04	
43,735	-0,03	
43,74	-0,01	
43,745	0,01	
43,75	0,03	
43,755	0,04	
43,76	0,06	
43,765	0,07	
43,77	0,09	
43,775	0,1	
43,78	0,11	
43,785	0,14	
43,79	0,15	
43,795	0,17	
43,8	0,18	
43,805	0,2	
43,81	0,21	
43,815	0,23	
43,82	0,24	
43,825	0,26	
43,83	0,28	
43,835	0,29	
43,84	0,3	
43,845	0,32	
43,85	0,33	
43,855	0,35	
43,86	0,36	
43,865	0,37	
43,87	0,39	
43,875	0,4	
43,88	0,41	
43,885	0,42	
43,89	0,43	
43,895	0,45	
43,9	0,47	
43,905	0,48	
43,91	0,49	
43,915	0,5	
43,92	0,51	
43,925	0,51	
43,93	0,52	
43,935	0,53	
43,94	0,54	
43,945	0,55	
43,95	0,57	
43,955	0,58	
43,96	0,59	
43,965	0,6	
43,97	0,6	
43,975	0,6	
43,98	0,61	
43,985	0,61	
43,99	0,62	
43,995	0,63	
44,0	0,64	
44,005	0,65	
44,01	0,66	
44,015	0,66	
44,02	0,66	
44,025	0,66	
44,03	0,65	
44,035	0,66	
44,04	0,66	
44,045	0,67	
44,05	0,68	
44,055	0,69	
44,06	0,69	
44,065	0,68	
44,07	0,68	
44,075	0,68	
44,08	0,67	
44,085	0,67	
44,09	0,67	
44,095	0,67	
44,1	0,68	
44,105	0,68	
44,11	0,68	
44,115	0,68	
44,12	0,67	
44,125	0,66	
44,13	0,65	
44,135	0,65	
44,14	0,65	
44,145	0,65	
44,15	0,65	
44,155	0,64	
44,16	0,64	
44,165	0,63	
44,17	0,62	
44,175	0,61	
44,18	0,6	
44,185	0,59	
44,19	0,59	
44,195	0,58	
44,2	0,57	
44,205	0,57	
44,21	0,56	
44,215	0,54	
44,22	0,53	
44,225	0,51	
44,23	0,51	
44,235	0,5	
44,24	0,49	
44,245	0,48	
44,25	0,47	
44,255	0,46	
44,26	0,45	
44,265	0,43	
44,27	0,42	
44,275	0,4	
44,28	0,39	
44,285	0,38	
44,29	0,37	
44,295	0,36	
44,3	0,35	
44,305	0,33	
44,31	0,31	
44,315	0,3	
44,32	0,28	
44,325	0,26	
44,33	0,24	
44,335	0,23	
44,34	0,22	
44,345	0,21	
44,35	0,2	
44,355	0,18	
44,36	0,17	
44,365	0,15	
44,37	0,13	
44,375	0,11	
44,38	0,1	
44,385	0,09	
44,39	0,08	
44,395	0,06	
44,4	0,05	
44,405	0,03	
44,41	0,01	
44,415	-0,01	
44,42	-0,04	
44,425	-0,05	
44,43	-0,06	
44,435	-0,07	
44,44	-0,09	
44,445	-0,1	
44,45	-0,12	
44,455	-0,13	
44,46	-0,15	
44,465	-0,17	
44,47	-0,19	
44,475	-0,2	
44,48	-0,21	
44,485	-0,22	
44,49	-0,23	
44,495	-0,24	
44,5	-0,26	
44,505	-0,28	
44,51	-0,3	
44,515	-0,32	
44,52	-0,33	
44,525	-0,34	
44,53	-0,35	
44,535	-0,36	
44,54	-0,37	
44,545	-0,39	
44,55	-0,4	
44,555	-0,41	
44,56	-0,43	
44,565	-0,45	
44,57	-0,46	
44,575	-0,47	
44,58	-0,48	
44,585	-0,48	
44,59	-0,49	
44,595	-0,5	
44,6	-0,51	
44,605	-0,53	
44,61	-0,54	
44,615	-0,55	
44,62	-0,56	
44,625	-0,57	
44,63	-0,57	
44,635	-0,58	
44,64	-0,58	
44,645	-0,59	
44,65	-0,6	
44,655	-0,62	
44,66	-0,62	
44,665	-0,63	
44,67	-0,64	
44,675	-0,64	
44,68	-0,64	
44,685	-0,64	
44,69	-0,64	
44,695	-0,65	
44,7	-0,65	
44,705	-0,66	
44,71	-0,67	
44,715	-0,67	
44,72	-0,67	
44,725	-0,67	
44,73	-0,67	
44,735	-0,67	
44,74	-0,67	
44,745	-0,67	
44,75	-0,67	
44,755	-0,67	
44,76	-0,67	
44,765	-0,67	
44,77	-0,67	
44,775	-0,67	
44,78	-0,66	
44,785	-0,65	
44,79	-0,65	
44,795	-0,65	
44,8	-0,65	
44,805	-0,65	
44,81	-0,65	
44,815	-0,64	
44,82	-0,64	
44,825	-0,63	
44,83	-0,62	
44,835	-0,61	
44,84	-0,6	
44,845	-0,6	
44,85	-0,59	
44,855	-0,59	
44,86	-0,58	
44,865	-0,58	
44,87	-0,57	
44,875	-0,55	
44,88	-0,54	
44,885	-0,53	
44,89	-0,52	
44,895	-0,51	
44,9	-0,5	
44,905	-0,5	
44,91	-0,49	
44,915	-0,48	
44,92	-0,47	
44,925	-0,46	
44,93	-0,44	
44,935	-0,43	
44,94	-0,41	
44,945	-0,4	
44,95	-0,39	
44,955	-0,38	
44,96	-0,37	
44,965	-0,36	
44,97	-0,34	
44,975	-0,32	
44,98	-0,31	
44,985	-0,29	
44,99	-0,28	
44,995	-0,26	
45,0	-0,25	
45,005	-0,24	
45,01	-0,23	
45,015	-0,21	
45,02	-0,19	
45,025	-0,18	
45,03	-0,16	
45,035	-0,15	
45,04	-0,13	
45,045	-0,12	
45,05	-0,11	
45,055	-0,09	
45,06	-0,07	
45,065	-0,06	
45,07	-0,04	
45,075	-0,02	
45,08	0	
45,085	0,02	
45,09	0,02	
45,095	0,04	
45,1	0,05	
45,105	0,07	
45,11	0,08	
45,115	0,1	
45,12	0,12	
45,125	0,13	
45,13	0,15	
45,135	0,16	
45,14	0,18	
45,145	0,19	
45,15	0,21	
45,155	0,22	
45,16	0,23	
45,165	0,25	
45,17	0,26	
45,175	0,28	
45,18	0,3	
45,185	0,31	
45,19	0,33	
45,195	0,34	
45,2	0,35	
45,205	0,36	
45,21	0,37	
45,215	0,38	
45,22	0,39	
45,225	0,41	
45,23	0,42	
45,235	0,44	
45,24	0,46	
45,245	0,47	
45,25	0,48	
45,255	0,49	
45,26	0,49	
45,265	0,5	
45,27	0,51	
45,275	0,52	
45,28	0,54	
45,285	0,55	
45,29	0,56	
45,295	0,56	
45,3	0,57	
45,305	0,57	
45,31	0,58	
45,315	0,59	
45,32	0,6	
45,325	0,6	
45,33	0,61	
45,335	0,62	
45,34	0,62	
45,345	0,63	
45,35	0,63	
45,355	0,63	
45,36	0,64	
45,365	0,64	
45,37	0,65	
45,375	0,65	
45,38	0,66	
45,385	0,66	
45,39	0,66	
45,395	0,67	
45,4	0,67	
45,405	0,67	
45,41	0,67	
45,415	0,67	
45,42	0,67	
45,425	0,66	
45,43	0,66	
45,435	0,66	
45,44	0,66	
45,445	0,66	
45,45	0,65	
45,455	0,65	
45,46	0,65	
45,465	0,65	
45,47	0,65	
45,475	0,64	
45,48	0,64	
45,485	0,63	
45,49	0,63	
45,495	0,62	
45,5	0,61	
45,505	0,61	
45,51	0,61	
45,515	0,6	
45,52	0,6	
45,525	0,59	
45,53	0,58	
45,535	0,57	
45,54	0,56	
45,545	0,55	
45,55	0,53	
45,555	0,53	
45,56	0,52	
45,565	0,52	
45,57	0,51	
45,575	0,5	
45,58	0,49	
45,585	0,48	
45,59	0,46	
45,595	0,45	
45,6	0,43	
45,605	0,42	
45,61	0,41	
45,615	0,4	
45,62	0,39	
45,625	0,38	
45,63	0,36	
45,635	0,35	
45,64	0,33	
45,645	0,32	
45,65	0,3	
45,655	0,29	
45,66	0,28	
45,665	0,27	
45,67	0,25	
45,675	0,24	
45,68	0,23	
45,685	0,21	
45,69	0,2	
45,695	0,18	
45,7	0,16	
45,705	0,15	
45,71	0,14	
45,715	0,12	
45,72	0,11	
45,725	0,09	
45,73	0,08	
45,735	0,06	
45,74	0,04	
45,745	0,02	
45,75	0,01	
45,755	-0,01	
45,76	-0,02	
45,765	-0,04	
45,77	-0,06	
45,775	-0,07	
45,78	-0,08	
45,785	-0,1	
45,79	-0,12	
45,795	-0,13	
45,8	-0,14	
45,805	-0,16	
45,81	-0,17	
45,815	-0,18	
45,82	-0,2	
45,825	-0,22	
45,83	-0,24	
45,835	-0,26	
45,84	-0,27	
45,845	-0,28	
45,85	-0,29	
45,855	-0,3	
45,86	-0,31	
45,865	-0,33	
45,87	-0,34	
45,875	-0,36	
45,88	-0,38	
45,885	-0,39	
45,89	-0,4	
45,895	-0,41	
45,9	-0,42	
45,905	-0,43	
45,91	-0,45	
45,915	-0,46	
45,92	-0,47	
45,925	-0,48	
45,93	-0,49	
45,935	-0,5	
45,94	-0,51	
45,945	-0,52	
45,95	-0,53	
45,955	-0,54	
45,96	-0,55	
45,965	-0,56	
45,97	-0,57	
45,975	-0,58	
45,98	-0,58	
45,985	-0,59	
45,99	-0,6	
45,995	-0,6	
46,0	-0,61	
46,005	-0,61	
46,01	-0,61	
46,015	-0,62	
46,02	-0,63	
46,025	-0,63	
46,03	-0,64	
46,035	-0,65	
46,04	-0,65	
46,045	-0,65	
46,05	-0,66	
46,055	-0,66	
46,06	-0,66	
46,065	-0,66	
46,07	-0,66	
46,075	-0,67	
46,08	-0,67	
46,085	-0,67	
46,09	-0,67	
46,095	-0,67	
46,1	-0,67	
46,105	-0,66	
46,11	-0,66	
46,115	-0,66	
46,12	-0,66	
46,125	-0,66	
46,13	-0,65	
46,135	-0,65	
46,14	-0,65	
46,145	-0,65	
46,15	-0,64	
46,155	-0,64	
46,16	-0,63	
46,165	-0,62	
46,17	-0,62	
46,175	-0,61	
46,18	-0,61	
46,185	-0,6	
46,19	-0,6	
46,195	-0,59	
46,2	-0,58	
46,205	-0,57	
46,21	-0,56	
46,215	-0,55	
46,22	-0,55	
46,225	-0,54	
46,23	-0,53	
46,235	-0,52	
46,24	-0,51	
46,245	-0,5	
46,25	-0,49	
46,255	-0,48	
46,26	-0,47	
46,265	-0,46	
46,27	-0,45	
46,275	-0,43	
46,28	-0,42	
46,285	-0,41	
46,29	-0,39	
46,295	-0,38	
46,3	-0,37	
46,305	-0,36	
46,31	-0,34	
46,315	-0,33	
46,32	-0,31	
46,325	-0,3	
46,33	-0,29	
46,335	-0,27	
46,34	-0,25	
46,345	-0,24	
46,35	-0,23	
46,355	-0,21	
46,36	-0,2	
46,365	-0,19	
46,37	-0,17	
46,375	-0,16	
46,38	-0,13	
46,385	-0,12	
46,39	-0,1	
46,395	-0,09	
46,4	-0,07	
46,405	-0,05	
46,41	-0,04	
46,415	-0,03	
46,42	-0,02	
46,425	0	
46,43	0,02	
46,435	0,04	
46,44	0,05	
46,445	0,07	
46,45	0,08	
46,455	0,1	
46,46	0,11	
46,465	0,12	
46,47	0,14	
46,475	0,15	
46,48	0,17	
46,485	0,19	
46,49	0,21	
46,495	0,22	
46,5	0,24	
46,505	0,25	
46,51	0,26	
46,515	0,28	
46,52	0,29	
46,525	0,31	
46,53	0,32	
46,535	0,33	
46,54	0,35	
46,545	0,36	
46,55	0,37	
46,555	0,38	
46,56	0,4	
46,565	0,41	
46,57	0,42	
46,575	0,43	
46,58	0,45	
46,585	0,46	
46,59	0,47	
46,595	0,48	
46,6	0,49	
46,605	0,5	
46,61	0,51	
46,615	0,52	
46,62	0,53	
46,625	0,54	
46,63	0,55	
46,635	0,56	
46,64	0,57	
46,645	0,58	
46,65	0,59	
46,655	0,6	
46,66	0,6	
46,665	0,61	
46,67	0,61	
46,675	0,62	
46,68	0,62	
46,685	0,63	
46,69	0,63	
46,695	0,64	
46,7	0,65	
46,705	0,65	
46,71	0,65	
46,715	0,66	
46,72	0,66	
46,725	0,66	
46,73	0,66	
46,735	0,66	
46,74	0,67	
46,745	0,67	
46,75	0,67	
46,755	0,67	
46,76	0,67	
46,765	0,67	
46,77	0,67	
46,775	0,67	
46,78	0,67	
46,785	0,66	
46,79	0,66	
46,795	0,66	
46,8	0,66	
46,805	0,65	
46,81	0,65	
46,815	0,65	
46,82	0,64	
46,825	0,64	
46,83	0,64	
46,835	0,63	
46,84	0,63	
46,845	0,62	
46,85	0,61	
46,855	0,61	
46,86	0,6	
46,865	0,59	
46,87	0,58	
46,875	0,57	
46,88	0,56	
46,885	0,55	
46,89	0,55	
46,895	0,54	
46,9	0,53	
46,905	0,52	
46,91	0,51	
46,915	0,5	
46,92	0,49	
46,925	0,47	
46,93	0,47	
46,935	0,46	
46,94	0,45	
46,945	0,44	
46,95	0,42	
46,955	0,41	
46,96	0,4	
46,965	0,38	
46,97	0,36	
46,975	0,35	
46,98	0,34	
46,985	0,33	
