t, ñ	wz	
0,0	-0,01	
0,005	-0,01	
0,01	0	
0,015	0	
0,02	0,01	
0,025	0,01	
0,03	0,01	
0,035	0,01	
0,04	0	
0,045	0	
0,05	0	
0,055	0,01	
0,06	0,01	
0,065	0,01	
0,07	0,01	
0,075	0,02	
0,08	0,01	
0,085	0,01	
0,09	0,01	
0,095	0,01	
0,1	0,01	
0,105	0,01	
0,11	0,02	
0,115	0,02	
0,12	0,02	
0,125	0,02	
0,13	0,02	
0,135	0,02	
0,14	0,01	
0,145	0,01	
0,15	0,01	
0,155	0	
0,16	0,01	
0,165	0,01	
0,17	0,01	
0,175	0,01	
0,18	0,01	
0,185	0	
0,19	0	
0,195	0	
0,2	0	
0,205	0	
0,21	0,01	
0,215	0,01	
0,22	0,01	
0,225	0,01	
0,23	0	
0,235	0	
0,24	0	
0,245	0	
0,25	0	
0,255	0	
0,26	0	
0,265	0	
0,27	0	
0,275	0	
0,28	0	
0,285	-0,01	
0,29	-0,01	
0,295	-0,01	
0,3	-0,02	
0,305	-0,02	
0,31	-0,02	
0,315	-0,01	
0,32	-0,01	
0,325	-0,01	
0,33	-0,01	
0,335	-0,01	
0,34	-0,02	
0,345	-0,02	
0,35	-0,02	
0,355	-0,02	
0,36	-0,02	
0,365	-0,01	
0,37	-0,01	
0,375	0	
0,38	0	
0,385	0	
0,39	-0,01	
0,395	-0,01	
0,4	-0,02	
0,405	-0,01	
0,41	-0,01	
0,415	0	
0,42	0,01	
0,425	0,01	
0,43	0	
0,435	0	
0,44	0	
0,445	-0,01	
0,45	-0,01	
0,455	-0,01	
0,46	0	
0,465	0	
0,47	0,01	
0,475	0,01	
0,48	0,01	
0,485	0,01	
0,49	0,01	
0,495	0	
0,5	0	
0,505	0	
0,51	0	
0,515	0,01	
0,52	0,01	
0,525	0,02	
0,53	0,02	
0,535	0,02	
0,54	0,02	
0,545	0,02	
0,55	0,02	
0,555	0,01	
0,56	0,01	
0,565	0,01	
0,57	0,01	
0,575	0,02	
0,58	0,01	
0,585	0,01	
0,59	0,01	
0,595	0	
0,6	-0,01	
0,605	-0,01	
0,61	-0,01	
0,615	-0,01	
0,62	-0,01	
0,625	-0,01	
0,63	-0,01	
0,635	-0,01	
0,64	-0,02	
0,645	-0,02	
0,65	-0,02	
0,655	-0,02	
0,66	-0,02	
0,665	-0,02	
0,67	-0,01	
0,675	-0,01	
0,68	0	
0,685	0	
0,69	-0,01	
0,695	-0,01	
0,7	-0,01	
0,705	-0,02	
0,71	-0,02	
0,715	-0,01	
0,72	-0,01	
0,725	0	
0,73	0	
0,735	0	
0,74	-0,01	
0,745	-0,01	
0,75	-0,01	
0,755	-0,01	
0,76	-0,01	
0,765	-0,01	
0,77	-0,01	
0,775	0	
0,78	0	
0,785	0	
0,79	0	
0,795	0	
0,8	0	
0,805	-0,01	
0,81	-0,01	
0,815	0	
0,82	0	
0,825	0,01	
0,83	0,01	
0,835	0,01	
0,84	0,02	
0,845	0,01	
0,85	0,01	
0,855	0	
0,86	0	
0,865	0	
0,87	0	
0,875	0,01	
0,88	0,01	
0,885	0,02	
0,89	0,02	
0,895	0,01	
0,9	0,01	
0,905	0,01	
0,91	0	
0,915	0,01	
0,92	0,01	
0,925	0,02	
0,93	0,02	
0,935	0,02	
0,94	0,02	
0,945	0,02	
0,95	0,02	
0,955	0,01	
0,96	0,01	
0,965	0	
0,97	0	
0,975	0	
0,98	0	
0,985	0	
0,99	0,01	
0,995	0	
1,0	0	
1,005	0	
1,01	0	
1,015	0	
1,02	0	
1,025	0,01	
1,03	0,01	
1,035	0,01	
1,04	0,01	
1,045	0,01	
1,05	0	
1,055	0	
1,06	0	
1,065	0	
1,07	0	
1,075	0	
1,08	0	
1,085	0	
1,09	0,01	
1,095	0,01	
1,1	0,01	
1,105	0,01	
1,11	0,01	
1,115	0	
1,12	0,01	
1,125	0	
1,13	0,01	
1,135	0	
1,14	0	
1,145	0,01	
1,15	0,01	
1,155	0,01	
1,16	0	
1,165	0	
1,17	0	
1,175	0	
1,18	0	
1,185	0	
1,19	0	
1,195	0	
1,2	0	
1,205	0	
1,21	0	
1,215	0	
1,22	0,01	
1,225	0,01	
1,23	0,01	
1,235	0,01	
1,24	0	
1,245	0	
1,25	0	
1,255	0	
1,26	0,01	
1,265	0,01	
1,27	0,01	
1,275	0,01	
1,28	0,01	
1,285	0,01	
1,29	0,02	
1,295	0,01	
1,3	0,01	
1,305	0,01	
1,31	0,01	
1,315	0,01	
1,32	0,01	
1,325	0,02	
1,33	0,02	
1,335	0,02	
1,34	0,03	
1,345	0,03	
1,35	0,02	
1,355	0,02	
1,36	0,02	
1,365	0,02	
1,37	0,01	
1,375	0,02	
1,38	0,02	
1,385	0,02	
1,39	0,03	
1,395	0,02	
1,4	0,02	
1,405	0,02	
1,41	0,01	
1,415	0,01	
1,42	0,01	
1,425	0,01	
1,43	0,02	
1,435	0,02	
1,44	0,02	
1,445	0,02	
1,45	0,01	
1,455	0,01	
1,46	0,01	
1,465	0,01	
1,47	0,01	
1,475	0,01	
1,48	0,01	
1,485	0,01	
1,49	0,01	
1,495	0,01	
1,5	0,01	
1,505	0,01	
1,51	0,01	
1,515	0,01	
1,52	0,01	
1,525	0,01	
1,53	0,01	
1,535	0,02	
1,54	0,02	
1,545	0,01	
1,55	0,01	
1,555	0,01	
1,56	0,01	
1,565	0,01	
1,57	0	
1,575	0	
1,58	0	
1,585	0	
1,59	0	
1,595	0	
1,6	0	
1,605	0	
1,61	0	
1,615	0	
1,62	0	
1,625	0	
1,63	0	
1,635	0	
1,64	0,01	
1,645	0,01	
1,65	0,01	
1,655	0,01	
1,66	0,01	
1,665	0	
1,67	0	
1,675	0	
1,68	0	
1,685	0	
1,69	0,01	
1,695	0,01	
1,7	0,01	
1,705	0,01	
1,71	0	
1,715	0	
1,72	0	
1,725	0	
1,73	0	
1,735	0,01	
1,74	0,01	
1,745	0,01	
1,75	0,01	
1,755	0,01	
1,76	0,01	
1,765	0	
1,77	0	
1,775	0	
1,78	0	
1,785	0	
1,79	0,01	
1,795	0,01	
1,8	0,01	
1,805	0,01	
1,81	0,01	
1,815	0	
1,82	0	
1,825	0	
1,83	0	
1,835	0,01	
1,84	0,01	
1,845	0,02	
1,85	0,02	
1,855	0,02	
1,86	0,02	
1,865	0,01	
1,87	0,01	
1,875	0	
1,88	0,01	
1,885	0,01	
1,89	0,01	
1,895	0,01	
1,9	0,02	
1,905	0,01	
1,91	0,01	
1,915	0,01	
1,92	0	
1,925	0	
1,93	0	
1,935	0,01	
1,94	0,01	
1,945	0,01	
1,95	0,02	
1,955	0,01	
1,96	0,01	
1,965	0,01	
1,97	0	
1,975	0	
1,98	0	
1,985	0,01	
1,99	0,01	
1,995	0,01	
2,0	0,02	
2,005	0,01	
2,01	0,01	
2,015	0,01	
2,02	0	
2,025	0	
2,03	0	
2,035	0,01	
2,04	0,01	
2,045	0,01	
2,05	0,01	
2,055	0,01	
2,06	0,01	
2,065	0,01	
2,07	0,01	
2,075	0	
2,08	0	
2,085	0	
2,09	0	
2,095	0	
2,1	0,01	
2,105	0,01	
2,11	0,01	
2,115	0,01	
2,12	0	
2,125	0	
2,13	0	
2,135	0	
2,14	0	
2,145	0	
2,15	0	
2,155	0,01	
2,16	0,01	
2,165	0,01	
2,17	0	
2,175	0	
2,18	-0,01	
2,185	-0,01	
2,19	0	
2,195	0,01	
2,2	0,01	
2,205	0,01	
2,21	0,01	
2,215	0	
2,22	0	
2,225	0	
2,23	-0,01	
2,235	-0,01	
2,24	0	
2,245	0	
2,25	0	
2,255	0	
2,26	0	
2,265	0	
2,27	0	
2,275	-0,01	
2,28	-0,01	
2,285	-0,01	
2,29	-0,01	
2,295	0	
2,3	0	
2,305	0	
2,31	0	
2,315	0	
2,32	0	
2,325	0	
2,33	0	
2,335	-0,01	
2,34	-0,01	
2,345	-0,01	
2,35	-0,01	
2,355	-0,01	
2,36	0	
2,365	0	
2,37	0	
2,375	0	
2,38	-0,01	
2,385	-0,01	
2,39	-0,01	
2,395	-0,01	
2,4	-0,01	
2,405	-0,01	
2,41	0	
2,415	-0,01	
2,42	-0,01	
2,425	-0,01	
2,43	-0,01	
2,435	-0,01	
2,44	-0,01	
2,445	-0,01	
2,45	-0,01	
2,455	-0,01	
2,46	-0,01	
2,465	-0,01	
2,47	-0,01	
2,475	-0,01	
2,48	-0,02	
2,485	-0,02	
2,49	-0,01	
2,495	-0,01	
2,5	-0,01	
2,505	-0,01	
2,51	-0,01	
2,515	-0,01	
2,52	-0,01	
2,525	-0,01	
2,53	-0,01	
2,535	0	
2,54	0	
2,545	0	
2,55	-0,01	
2,555	-0,01	
2,56	-0,02	
2,565	-0,02	
2,57	-0,01	
2,575	-0,01	
2,58	0,01	
2,585	0,01	
2,59	0,01	
2,595	0,04	
2,6	-0,01	
2,605	-0,02	
2,61	-0,02	
2,615	0	
2,62	0,02	
2,625	0,03	
2,63	0,03	
2,635	0,03	
2,64	0,01	
2,645	-0,01	
2,65	-0,03	
2,655	-0,02	
2,66	-0,01	
2,665	0,02	
2,67	0,04	
2,675	0,06	
2,68	0,04	
2,685	0,02	
2,69	0	
2,695	-0,01	
2,7	-0,01	
2,705	0,02	
2,71	0,04	
2,715	0,06	
2,72	0,07	
2,725	0,07	
2,73	0,05	
2,735	0,04	
2,74	0,02	
2,745	0,03	
2,75	0,04	
2,755	0,06	
2,76	0,08	
2,765	0,08	
2,77	0,07	
2,775	0,06	
2,78	0,05	
2,785	0,05	
2,79	0,05	
2,795	0,07	
2,8	0,09	
2,805	0,1	
2,81	0,1	
2,815	0,1	
2,82	0,09	
2,825	0,08	
2,83	0,08	
2,835	0,09	
2,84	0,11	
2,845	0,12	
2,85	0,13	
2,855	0,12	
2,86	0,11	
2,865	0,1	
2,87	0,1	
2,875	0,11	
2,88	0,12	
2,885	0,13	
2,89	0,14	
2,895	0,14	
2,9	0,14	
2,905	0,13	
2,91	0,13	
2,915	0,13	
2,92	0,14	
2,925	0,15	
2,93	0,16	
2,935	0,16	
2,94	0,17	
2,945	0,16	
2,95	0,16	
2,955	0,15	
2,96	0,15	
2,965	0,16	
2,97	0,16	
2,975	0,17	
2,98	0,17	
2,985	0,18	
2,99	0,18	
2,995	0,17	
3,0	0,17	
3,005	0,17	
3,01	0,16	
3,015	0,17	
3,02	0,17	
3,025	0,18	
3,03	0,19	
3,035	0,19	
3,04	0,19	
3,045	0,19	
3,05	0,18	
3,055	0,17	
3,06	0,17	
3,065	0,17	
3,07	0,18	
3,075	0,19	
3,08	0,2	
3,085	0,19	
3,09	0,18	
3,095	0,16	
3,1	0,15	
3,105	0,15	
3,11	0,16	
3,115	0,17	
3,12	0,19	
3,125	0,19	
3,13	0,19	
3,135	0,17	
3,14	0,15	
3,145	0,14	
3,15	0,13	
3,155	0,13	
3,16	0,14	
3,165	0,16	
3,17	0,16	
3,175	0,15	
3,18	0,13	
3,185	0,11	
3,19	0,09	
3,195	0,09	
3,2	0,1	
3,205	0,11	
3,21	0,12	
3,215	0,12	
3,22	0,11	
3,225	0,09	
3,23	0,07	
3,235	0,06	
3,24	0,06	
3,245	0,07	
3,25	0,08	
3,255	0,08	
3,26	0,06	
3,265	0,04	
3,27	0,02	
3,275	0,01	
3,28	0	
3,285	0,01	
3,29	0,01	
3,295	0,02	
3,3	0,02	
3,305	0,01	
3,31	-0,01	
3,315	-0,03	
3,32	-0,04	
3,325	-0,04	
3,33	-0,04	
3,335	-0,03	
3,34	-0,04	
3,345	-0,05	
3,35	-0,07	
3,355	-0,09	
3,36	-0,1	
3,365	-0,11	
3,37	-0,11	
3,375	-0,11	
3,38	-0,1	
3,385	-0,1	
3,39	-0,11	
3,395	-0,13	
3,4	-0,15	
3,405	-0,17	
3,41	-0,18	
3,415	-0,18	
3,42	-0,17	
3,425	-0,17	
3,43	-0,18	
3,435	-0,18	
3,44	-0,19	
3,445	-0,21	
3,45	-0,23	
3,455	-0,23	
3,46	-0,24	
3,465	-0,25	
3,47	-0,25	
3,475	-0,25	
3,48	-0,25	
3,485	-0,26	
3,49	-0,27	
3,495	-0,28	
3,5	-0,29	
3,505	-0,3	
3,51	-0,3	
3,515	-0,3	
3,52	-0,3	
3,525	-0,3	
3,53	-0,3	
3,535	-0,3	
3,54	-0,31	
3,545	-0,32	
3,55	-0,33	
3,555	-0,34	
3,56	-0,34	
3,565	-0,34	
3,57	-0,34	
3,575	-0,34	
3,58	-0,34	
3,585	-0,34	
3,59	-0,36	
3,595	-0,36	
3,6	-0,37	
3,605	-0,37	
3,61	-0,37	
3,615	-0,36	
3,62	-0,36	
3,625	-0,36	
3,63	-0,36	
3,635	-0,37	
3,64	-0,37	
3,645	-0,37	
3,65	-0,37	
3,655	-0,36	
3,66	-0,35	
3,665	-0,35	
3,67	-0,35	
3,675	-0,36	
3,68	-0,36	
3,685	-0,37	
3,69	-0,36	
3,695	-0,36	
3,7	-0,34	
3,705	-0,34	
3,71	-0,33	
3,715	-0,34	
3,72	-0,34	
3,725	-0,35	
3,73	-0,34	
3,735	-0,33	
3,74	-0,31	
3,745	-0,29	
3,75	-0,28	
3,755	-0,28	
3,76	-0,29	
3,765	-0,3	
3,77	-0,31	
3,775	-0,3	
3,78	-0,29	
3,785	-0,27	
3,79	-0,25	
3,795	-0,23	
3,8	-0,23	
3,805	-0,23	
3,81	-0,24	
3,815	-0,24	
3,82	-0,23	
3,825	-0,21	
3,83	-0,19	
3,835	-0,16	
3,84	-0,15	
3,845	-0,14	
3,85	-0,15	
3,855	-0,15	
3,86	-0,15	
3,865	-0,15	
3,87	-0,13	
3,875	-0,11	
3,88	-0,09	
3,885	-0,07	
3,89	-0,07	
3,895	-0,06	
3,9	-0,06	
3,905	-0,05	
3,91	-0,04	
3,915	-0,02	
3,92	0	
3,925	0,01	
3,93	0,02	
3,935	0,03	
3,94	0,04	
3,945	0,05	
3,95	0,06	
3,955	0,07	
3,96	0,09	
3,965	0,1	
3,97	0,12	
3,975	0,12	
3,98	0,13	
3,985	0,14	
3,99	0,15	
3,995	0,15	
4,0	0,17	
4,005	0,18	
4,01	0,2	
4,015	0,21	
4,02	0,23	
4,025	0,23	
4,03	0,24	
4,035	0,25	
4,04	0,26	
4,045	0,27	
4,05	0,28	
4,055	0,3	
4,06	0,31	
4,065	0,32	
4,07	0,33	
4,075	0,34	
4,08	0,34	
4,085	0,34	
4,09	0,35	
4,095	0,36	
4,1	0,37	
4,105	0,39	
4,11	0,4	
4,115	0,41	
4,12	0,42	
4,125	0,41	
4,13	0,41	
4,135	0,42	
4,14	0,43	
4,145	0,44	
4,15	0,46	
4,155	0,47	
4,16	0,48	
4,165	0,47	
4,17	0,47	
4,175	0,46	
4,18	0,46	
4,185	0,47	
4,19	0,48	
4,195	0,5	
4,2	0,51	
4,205	0,51	
4,21	0,51	
4,215	0,49	
4,22	0,48	
4,225	0,48	
4,23	0,49	
4,235	0,51	
4,24	0,52	
4,245	0,53	
4,25	0,52	
4,255	0,51	
4,26	0,49	
4,265	0,48	
4,27	0,48	
4,275	0,48	
4,28	0,49	
4,285	0,5	
4,29	0,5	
4,295	0,49	
4,3	0,48	
4,305	0,46	
4,31	0,45	
4,315	0,45	
4,32	0,45	
4,325	0,46	
4,33	0,46	
4,335	0,46	
4,34	0,44	
4,345	0,43	
4,35	0,41	
4,355	0,4	
4,36	0,4	
4,365	0,4	
4,37	0,4	
4,375	0,39	
4,38	0,38	
4,385	0,36	
4,39	0,34	
4,395	0,33	
4,4	0,32	
4,405	0,31	
4,41	0,31	
4,415	0,3	
4,42	0,29	
4,425	0,28	
4,43	0,26	
4,435	0,25	
4,44	0,23	
4,445	0,22	
4,45	0,21	
4,455	0,19	
4,46	0,18	
4,465	0,17	
4,47	0,16	
4,475	0,15	
4,48	0,13	
4,485	0,12	
4,49	0,1	
4,495	0,09	
4,5	0,08	
4,505	0,06	
4,51	0,05	
4,515	0,03	
4,52	0,02	
4,525	0	
4,53	-0,02	
4,535	-0,04	
4,54	-0,05	
4,545	-0,06	
4,55	-0,06	
4,555	-0,08	
4,56	-0,09	
4,565	-0,11	
4,57	-0,13	
4,575	-0,15	
4,58	-0,17	
4,585	-0,19	
4,59	-0,2	
4,595	-0,21	
4,6	-0,21	
4,605	-0,22	
4,61	-0,23	
4,615	-0,25	
4,62	-0,28	
4,625	-0,31	
4,63	-0,32	
4,635	-0,33	
4,64	-0,33	
4,645	-0,33	
4,65	-0,34	
4,655	-0,35	
4,66	-0,37	
4,665	-0,39	
4,67	-0,42	
4,675	-0,43	
4,68	-0,44	
4,685	-0,45	
4,69	-0,45	
4,695	-0,45	
4,7	-0,46	
4,705	-0,47	
4,71	-0,5	
4,715	-0,51	
4,72	-0,53	
4,725	-0,53	
4,73	-0,53	
4,735	-0,53	
4,74	-0,53	
4,745	-0,53	
4,75	-0,55	
4,755	-0,57	
4,76	-0,58	
4,765	-0,59	
4,77	-0,59	
4,775	-0,59	
4,78	-0,59	
4,785	-0,59	
4,79	-0,6	
4,795	-0,61	
4,8	-0,62	
4,805	-0,62	
4,81	-0,62	
4,815	-0,62	
4,82	-0,61	
4,825	-0,61	
4,83	-0,61	
4,835	-0,62	
4,84	-0,63	
4,845	-0,63	
4,85	-0,63	
4,855	-0,63	
4,86	-0,61	
4,865	-0,6	
4,87	-0,59	
4,875	-0,59	
4,88	-0,6	
4,885	-0,61	
4,89	-0,61	
4,895	-0,61	
4,9	-0,6	
4,905	-0,58	
4,91	-0,56	
4,915	-0,55	
4,92	-0,55	
4,925	-0,55	
4,93	-0,55	
4,935	-0,55	
4,94	-0,54	
4,945	-0,53	
4,95	-0,51	
4,955	-0,49	
4,96	-0,48	
4,965	-0,47	
4,97	-0,47	
4,975	-0,47	
4,98	-0,47	
4,985	-0,46	
4,99	-0,45	
4,995	-0,43	
5,0	-0,41	
5,005	-0,39	
5,01	-0,38	
5,015	-0,36	
5,02	-0,35	
5,025	-0,34	
5,03	-0,33	
5,035	-0,32	
5,04	-0,3	
5,045	-0,28	
5,05	-0,27	
5,055	-0,25	
5,06	-0,23	
5,065	-0,22	
5,07	-0,21	
5,075	-0,19	
5,08	-0,18	
5,085	-0,17	
5,09	-0,15	
5,095	-0,13	
5,1	-0,11	
5,105	-0,09	
5,11	-0,07	
5,115	-0,06	
5,12	-0,04	
5,125	-0,03	
5,13	-0,01	
5,135	0,01	
5,14	0,03	
5,145	0,05	
5,15	0,07	
5,155	0,08	
5,16	0,09	
5,165	0,1	
5,17	0,12	
5,175	0,14	
5,18	0,16	
5,185	0,19	
5,19	0,21	
5,195	0,22	
5,2	0,23	
5,205	0,23	
5,21	0,25	
5,215	0,27	
5,22	0,29	
5,225	0,32	
5,23	0,34	
5,235	0,35	
5,24	0,36	
5,245	0,37	
5,25	0,37	
5,255	0,38	
5,26	0,4	
5,265	0,43	
5,27	0,45	
5,275	0,47	
5,28	0,48	
5,285	0,49	
5,29	0,49	
5,295	0,49	
5,3	0,5	
5,305	0,51	
5,31	0,53	
5,315	0,55	
5,32	0,57	
5,325	0,58	
5,33	0,59	
5,335	0,59	
5,34	0,59	
5,345	0,59	
5,35	0,6	
5,355	0,62	
5,36	0,64	
5,365	0,65	
5,37	0,65	
5,375	0,65	
5,38	0,65	
5,385	0,64	
5,39	0,64	
5,395	0,65	
5,4	0,66	
5,405	0,67	
5,41	0,68	
5,415	0,68	
5,42	0,68	
5,425	0,67	
5,43	0,67	
5,435	0,67	
5,44	0,68	
5,445	0,68	
5,45	0,68	
5,455	0,68	
5,46	0,68	
5,465	0,67	
5,47	0,67	
5,475	0,66	
5,48	0,66	
5,485	0,65	
5,49	0,65	
5,495	0,65	
5,5	0,65	
5,505	0,64	
5,51	0,63	
5,515	0,62	
5,52	0,61	
5,525	0,6	
5,53	0,6	
5,535	0,6	
5,54	0,59	
5,545	0,58	
5,55	0,57	
5,555	0,55	
5,56	0,54	
5,565	0,52	
5,57	0,52	
5,575	0,51	
5,58	0,5	
5,585	0,49	
5,59	0,47	
5,595	0,46	
5,6	0,44	
5,605	0,42	
5,61	0,4	
5,615	0,39	
5,62	0,37	
5,625	0,36	
5,63	0,35	
5,635	0,35	
5,64	0,33	
5,645	0,31	
5,65	0,29	
5,655	0,27	
5,66	0,25	
5,665	0,24	
5,67	0,22	
5,675	0,21	
5,68	0,2	
5,685	0,19	
5,69	0,16	
5,695	0,14	
5,7	0,11	
5,705	0,09	
5,71	0,08	
5,715	0,06	
5,72	0,05	
5,725	0,04	
5,73	0,03	
5,735	0,01	
5,74	-0,02	
5,745	-0,04	
5,75	-0,08	
5,755	-0,09	
5,76	-0,1	
5,765	-0,11	
5,77	-0,12	
5,775	-0,14	
5,78	-0,16	
5,785	-0,19	
5,79	-0,22	
5,795	-0,23	
5,8	-0,25	
5,805	-0,26	
5,81	-0,26	
5,815	-0,27	
5,82	-0,29	
5,825	-0,31	
5,83	-0,35	
5,835	-0,37	
5,84	-0,39	
5,845	-0,39	
5,85	-0,4	
5,855	-0,41	
5,86	-0,42	
5,865	-0,43	
5,87	-0,46	
5,875	-0,48	
5,88	-0,49	
5,885	-0,51	
5,89	-0,51	
5,895	-0,52	
5,9	-0,52	
5,905	-0,53	
5,91	-0,56	
5,915	-0,58	
5,92	-0,59	
5,925	-0,6	
5,93	-0,61	
5,935	-0,61	
5,94	-0,61	
5,945	-0,62	
5,95	-0,63	
5,955	-0,64	
5,96	-0,65	
5,965	-0,66	
5,97	-0,67	
5,975	-0,67	
5,98	-0,67	
5,985	-0,66	
5,99	-0,67	
5,995	-0,67	
6,0	-0,68	
6,005	-0,69	
6,01	-0,7	
6,015	-0,7	
6,02	-0,7	
6,025	-0,7	
6,03	-0,69	
6,035	-0,69	
6,04	-0,69	
6,045	-0,69	
6,05	-0,7	
6,055	-0,71	
6,06	-0,71	
6,065	-0,7	
6,07	-0,69	
6,075	-0,68	
6,08	-0,67	
6,085	-0,66	
6,09	-0,66	
6,095	-0,67	
6,1	-0,66	
6,105	-0,66	
6,11	-0,65	
6,115	-0,64	
6,12	-0,63	
6,125	-0,61	
6,13	-0,6	
6,135	-0,6	
6,14	-0,59	
6,145	-0,59	
6,15	-0,59	
6,155	-0,57	
6,16	-0,56	
6,165	-0,55	
6,17	-0,53	
6,175	-0,51	
6,18	-0,5	
6,185	-0,49	
6,19	-0,49	
6,195	-0,48	
6,2	-0,47	
6,205	-0,45	
6,21	-0,43	
6,215	-0,41	
6,22	-0,4	
6,225	-0,38	
6,23	-0,37	
6,235	-0,35	
6,24	-0,34	
6,245	-0,32	
6,25	-0,3	
6,255	-0,28	
6,26	-0,26	
6,265	-0,24	
6,27	-0,23	
6,275	-0,22	
6,28	-0,21	
6,285	-0,2	
6,29	-0,18	
6,295	-0,16	
6,3	-0,13	
6,305	-0,11	
6,31	-0,09	
6,315	-0,07	
6,32	-0,06	
6,325	-0,05	
6,33	-0,03	
6,335	-0,02	
6,34	0,01	
6,345	0,04	
6,35	0,06	
6,355	0,08	
6,36	0,09	
6,365	0,09	
6,37	0,1	
6,375	0,12	
6,38	0,14	
6,385	0,16	
6,39	0,19	
6,395	0,22	
6,4	0,24	
6,405	0,24	
6,41	0,25	
6,415	0,26	
6,42	0,27	
6,425	0,29	
6,43	0,31	
6,435	0,34	
6,44	0,36	
6,445	0,38	
6,45	0,39	
6,455	0,39	
6,46	0,4	
6,465	0,41	
6,47	0,42	
6,475	0,44	
6,48	0,46	
6,485	0,48	
6,49	0,49	
6,495	0,5	
6,5	0,51	
6,505	0,52	
6,51	0,53	
6,515	0,54	
6,52	0,55	
6,525	0,56	
6,53	0,57	
6,535	0,58	
6,54	0,59	
6,545	0,6	
6,55	0,6	
6,555	0,6	
6,56	0,62	
6,565	0,62	
6,57	0,63	
6,575	0,64	
6,58	0,64	
6,585	0,64	
6,59	0,64	
6,595	0,64	
6,6	0,64	
6,605	0,65	
6,61	0,66	
6,615	0,66	
6,62	0,67	
6,625	0,66	
6,63	0,66	
6,635	0,66	
6,64	0,66	
6,645	0,66	
6,65	0,66	
6,655	0,66	
6,66	0,66	
6,665	0,66	
6,67	0,65	
6,675	0,65	
6,68	0,64	
6,685	0,63	
6,69	0,62	
6,695	0,62	
6,7	0,62	
6,705	0,62	
6,71	0,62	
6,715	0,61	
6,72	0,6	
6,725	0,58	
6,73	0,57	
6,735	0,55	
6,74	0,55	
6,745	0,54	
6,75	0,54	
6,755	0,54	
6,76	0,53	
6,765	0,52	
6,77	0,51	
6,775	0,48	
6,78	0,47	
6,785	0,45	
6,79	0,45	
6,795	0,44	
6,8	0,43	
6,805	0,41	
6,81	0,4	
6,815	0,38	
6,82	0,36	
6,825	0,35	
6,83	0,34	
6,835	0,33	
6,84	0,32	
6,845	0,31	
6,85	0,29	
6,855	0,27	
6,86	0,25	
6,865	0,23	
6,87	0,22	
6,875	0,2	
6,88	0,19	
6,885	0,18	
6,89	0,17	
6,895	0,15	
6,9	0,12	
6,905	0,1	
6,91	0,08	
6,915	0,07	
6,92	0,06	
6,925	0,05	
6,93	0,04	
6,935	0,02	
6,94	0	
6,945	-0,02	
6,95	-0,04	
6,955	-0,06	
6,96	-0,07	
6,965	-0,09	
6,97	-0,09	
6,975	-0,11	
6,98	-0,12	
6,985	-0,14	
6,99	-0,17	
6,995	-0,19	
7,0	-0,2	
7,005	-0,22	
7,01	-0,22	
7,015	-0,23	
7,02	-0,25	
7,025	-0,26	
7,03	-0,28	
7,035	-0,3	
7,04	-0,31	
7,045	-0,33	
7,05	-0,34	
7,055	-0,35	
7,06	-0,36	
7,065	-0,37	
7,07	-0,38	
7,075	-0,4	
7,08	-0,41	
7,085	-0,42	
7,09	-0,43	
7,095	-0,44	
7,1	-0,45	
7,105	-0,45	
7,11	-0,46	
7,115	-0,47	
7,12	-0,48	
7,125	-0,5	
7,13	-0,51	
7,135	-0,52	
7,14	-0,53	
7,145	-0,53	
7,15	-0,53	
7,155	-0,53	
7,16	-0,54	
7,165	-0,54	
7,17	-0,55	
7,175	-0,56	
7,18	-0,56	
7,185	-0,57	
7,19	-0,57	
7,195	-0,57	
7,2	-0,57	
7,205	-0,57	
7,21	-0,58	
7,215	-0,58	
7,22	-0,58	
7,225	-0,59	
7,23	-0,59	
7,235	-0,59	
7,24	-0,58	
7,245	-0,58	
7,25	-0,58	
7,255	-0,57	
7,26	-0,58	
7,265	-0,58	
7,27	-0,58	
7,275	-0,57	
7,28	-0,57	
7,285	-0,56	
7,29	-0,55	
7,295	-0,54	
7,3	-0,53	
7,305	-0,54	
7,31	-0,54	
7,315	-0,53	
7,32	-0,53	
7,325	-0,52	
7,33	-0,51	
7,335	-0,49	
7,34	-0,48	
7,345	-0,48	
7,35	-0,47	
7,355	-0,46	
7,36	-0,46	
7,365	-0,45	
7,37	-0,44	
7,375	-0,43	
7,38	-0,41	
7,385	-0,4	
7,39	-0,4	
7,395	-0,39	
7,4	-0,38	
7,405	-0,37	
7,41	-0,36	
7,415	-0,34	
7,42	-0,33	
7,425	-0,31	
7,43	-0,3	
7,435	-0,29	
7,44	-0,28	
7,445	-0,27	
7,45	-0,26	
7,455	-0,25	
7,46	-0,23	
7,465	-0,22	
7,47	-0,2	
7,475	-0,19	
7,48	-0,18	
7,485	-0,17	
7,49	-0,16	
7,495	-0,15	
7,5	-0,13	
7,505	-0,11	
7,51	-0,09	
7,515	-0,07	
7,52	-0,06	
7,525	-0,05	
7,53	-0,04	
7,535	-0,03	
7,54	-0,01	
7,545	0	
7,55	0,02	
7,555	0,04	
7,56	0,05	
7,565	0,06	
7,57	0,07	
7,575	0,08	
7,58	0,09	
7,585	0,1	
7,59	0,11	
7,595	0,13	
7,6	0,14	
7,605	0,16	
7,61	0,17	
7,615	0,18	
7,62	0,2	
7,625	0,2	
7,63	0,21	
7,635	0,22	
7,64	0,24	
7,645	0,25	
7,65	0,26	
7,655	0,28	
7,66	0,29	
7,665	0,3	
7,67	0,3	
7,675	0,31	
7,68	0,31	
7,685	0,33	
7,69	0,34	
7,695	0,35	
7,7	0,36	
7,705	0,37	
7,71	0,37	
7,715	0,37	
7,72	0,38	
7,725	0,38	
7,73	0,39	
7,735	0,4	
7,74	0,41	
7,745	0,41	
7,75	0,42	
7,755	0,42	
7,76	0,43	
7,765	0,43	
7,77	0,43	
7,775	0,44	
7,78	0,44	
7,785	0,44	
7,79	0,45	
7,795	0,45	
7,8	0,45	
7,805	0,44	
7,81	0,44	
7,815	0,45	
7,82	0,45	
7,825	0,46	
7,83	0,46	
7,835	0,46	
7,84	0,46	
7,845	0,45	
7,85	0,45	
7,855	0,44	
7,86	0,44	
7,865	0,45	
7,87	0,45	
7,875	0,45	
7,88	0,45	
7,885	0,44	
7,89	0,43	
7,895	0,43	
7,9	0,42	
7,905	0,42	
7,91	0,41	
7,915	0,41	
7,92	0,41	
7,925	0,41	
7,93	0,4	
7,935	0,38	
7,94	0,38	
7,945	0,37	
7,95	0,37	
7,955	0,36	
7,96	0,36	
7,965	0,36	
7,97	0,35	
7,975	0,34	
7,98	0,33	
7,985	0,32	
7,99	0,31	
7,995	0,31	
8,0	0,3	
8,005	0,29	
8,01	0,28	
8,015	0,26	
8,02	0,25	
8,025	0,25	
8,03	0,24	
8,035	0,23	
8,04	0,22	
8,045	0,21	
8,05	0,2	
8,055	0,19	
8,06	0,18	
8,065	0,17	
8,07	0,16	
8,075	0,15	
8,08	0,15	
8,085	0,14	
8,09	0,13	
8,095	0,12	
8,1	0,11	
8,105	0,1	
8,11	0,08	
8,115	0,07	
8,12	0,06	
8,125	0,05	
8,13	0,05	
8,135	0,04	
8,14	0,03	
8,145	0,02	
8,15	0	
8,155	-0,01	
8,16	-0,03	
8,165	-0,04	
8,17	-0,04	
8,175	-0,05	
8,18	-0,05	
8,185	-0,06	
8,19	-0,06	
8,195	-0,08	
8,2	-0,09	
8,205	-0,11	
8,21	-0,11	
8,215	-0,12	
8,22	-0,13	
8,225	-0,14	
8,23	-0,14	
8,235	-0,14	
8,24	-0,15	
8,245	-0,16	
8,25	-0,17	
8,255	-0,18	
8,26	-0,19	
8,265	-0,2	
8,27	-0,2	
8,275	-0,2	
8,28	-0,21	
8,285	-0,21	
8,29	-0,22	
8,295	-0,23	
8,3	-0,24	
8,305	-0,25	
8,31	-0,25	
8,315	-0,26	
8,32	-0,26	
8,325	-0,26	
8,33	-0,26	
8,335	-0,26	
8,34	-0,27	
8,345	-0,28	
8,35	-0,28	
8,355	-0,29	
8,36	-0,29	
8,365	-0,29	
8,37	-0,29	
8,375	-0,29	
8,38	-0,29	
8,385	-0,3	
8,39	-0,3	
8,395	-0,3	
8,4	-0,3	
8,405	-0,3	
8,41	-0,3	
8,415	-0,3	
8,42	-0,3	
8,425	-0,31	
8,43	-0,31	
8,435	-0,31	
8,44	-0,31	
8,445	-0,3	
8,45	-0,3	
8,455	-0,29	
8,46	-0,29	
8,465	-0,29	
8,47	-0,29	
8,475	-0,29	
8,48	-0,29	
8,485	-0,29	
8,49	-0,29	
8,495	-0,28	
8,5	-0,27	
8,505	-0,27	
8,51	-0,27	
8,515	-0,27	
8,52	-0,27	
8,525	-0,27	
8,53	-0,27	
8,535	-0,26	
8,54	-0,26	
8,545	-0,25	
8,55	-0,24	
8,555	-0,24	
8,56	-0,23	
8,565	-0,23	
8,57	-0,23	
8,575	-0,23	
8,58	-0,22	
8,585	-0,21	
8,59	-0,21	
8,595	-0,2	
8,6	-0,2	
8,605	-0,19	
8,61	-0,19	
8,615	-0,18	
8,62	-0,18	
8,625	-0,17	
8,63	-0,17	
8,635	-0,16	
8,64	-0,15	
8,645	-0,15	
8,65	-0,14	
8,655	-0,14	
8,66	-0,13	
8,665	-0,13	
8,67	-0,12	
8,675	-0,11	
8,68	-0,11	
8,685	-0,1	
8,69	-0,1	
8,695	-0,1	
8,7	-0,09	
8,705	-0,09	
8,71	-0,08	
8,715	-0,07	
8,72	-0,07	
8,725	-0,06	
8,73	-0,05	
8,735	-0,05	
8,74	-0,04	
8,745	-0,03	
8,75	-0,03	
8,755	-0,02	
8,76	-0,02	
8,765	-0,01	
8,77	0	
8,775	0	
8,78	0,01	
8,785	0,01	
8,79	0,01	
8,795	0,01	
8,8	0,01	
8,805	0,02	
8,81	0,02	
8,815	0,03	
8,82	0,04	
8,825	0,04	
8,83	0,05	
8,835	0,05	
8,84	0,06	
8,845	0,06	
8,85	0,06	
8,855	0,07	
8,86	0,07	
8,865	0,07	
8,87	0,08	
8,875	0,08	
8,88	0,08	
8,885	0,08	
8,89	0,09	
8,895	0,09	
8,9	0,09	
8,905	0,1	
8,91	0,1	
8,915	0,11	
8,92	0,11	
8,925	0,11	
8,93	0,11	
8,935	0,11	
8,94	0,11	
8,945	0,11	
8,95	0,12	
8,955	0,12	
8,96	0,12	
8,965	0,12	
8,97	0,12	
8,975	0,12	
8,98	0,12	
8,985	0,13	
8,99	0,13	
8,995	0,13	
9,0	0,13	
9,005	0,13	
9,01	0,12	
9,015	0,12	
9,02	0,12	
9,025	0,12	
9,03	0,12	
9,035	0,13	
9,04	0,13	
9,045	0,13	
9,05	0,13	
9,055	0,13	
9,06	0,13	
9,065	0,12	
9,07	0,12	
9,075	0,12	
9,08	0,12	
9,085	0,12	
9,09	0,12	
9,095	0,12	
9,1	0,12	
9,105	0,12	
9,11	0,12	
9,115	0,11	
9,12	0,11	
9,125	0,11	
9,13	0,11	
9,135	0,1	
9,14	0,1	
9,145	0,1	
9,15	0,1	
9,155	0,09	
9,16	0,09	
9,165	0,09	
9,17	0,09	
9,175	0,09	
9,18	0,09	
9,185	0,09	
9,19	0,09	
9,195	0,09	
9,2	0,09	
9,205	0,09	
9,21	0,09	
9,215	0,09	
9,22	0,08	
9,225	0,08	
9,23	0,08	
9,235	0,08	
9,24	0,08	
9,245	0,08	
9,25	0,08	
9,255	0,08	
9,26	0,07	
9,265	0,07	
9,27	0,07	
9,275	0,07	
9,28	0,06	
9,285	0,06	
9,29	0,06	
9,295	0,06	
9,3	0,06	
9,305	0,06	
9,31	0,06	
9,315	0,06	
9,32	0,06	
9,325	0,05	
9,33	0,05	
9,335	0,05	
9,34	0,05	
9,345	0,05	
9,35	0,05	
9,355	0,05	
9,36	0,06	
9,365	0,06	
9,37	0,05	
9,375	0,05	
9,38	0,04	
9,385	0,05	
9,39	0,05	
9,395	0,05	
9,4	0,05	
9,405	0,05	
9,41	0,05	
9,415	0,05	
9,42	0,05	
9,425	0,04	
9,43	0,04	
9,435	0,04	
9,44	0,05	
9,445	0,05	
9,45	0,05	
9,455	0,05	
9,46	0,05	
9,465	0,05	
9,47	0,05	
9,475	0,05	
9,48	0,05	
9,485	0,05	
9,49	0,05	
9,495	0,05	
9,5	0,05	
9,505	0,05	
9,51	0,05	
9,515	0,05	
9,52	0,05	
9,525	0,05	
9,53	0,05	
9,535	0,05	
9,54	0,06	
9,545	0,06	
9,55	0,06	
9,555	0,06	
9,56	0,06	
9,565	0,06	
9,57	0,06	
9,575	0,06	
9,58	0,06	
9,585	0,06	
9,59	0,06	
9,595	0,05	
9,6	0,05	
9,605	0,05	
9,61	0,05	
9,615	0,06	
9,62	0,06	
9,625	0,06	
9,63	0,06	
9,635	0,06	
9,64	0,06	
9,645	0,06	
9,65	0,06	
9,655	0,06	
9,66	0,06	
9,665	0,06	
9,67	0,06	
9,675	0,06	
9,68	0,06	
9,685	0,05	
9,69	0,05	
9,695	0,05	
9,7	0,05	
9,705	0,05	
9,71	0,05	
9,715	0,05	
9,72	0,05	
9,725	0,05	
9,73	0,04	
9,735	0,04	
9,74	0,04	
9,745	0,04	
9,75	0,04	
9,755	0,04	
9,76	0,04	
9,765	0,04	
9,77	0,04	
9,775	0,04	
9,78	0,03	
9,785	0,03	
9,79	0,03	
9,795	0,02	
9,8	0,02	
9,805	0,02	
9,81	0,02	
9,815	0,02	
9,82	0,01	
9,825	0,01	
9,83	0,01	
9,835	0	
9,84	0	
9,845	0	
9,85	0	
9,855	-0,01	
9,86	-0,01	
9,865	-0,01	
9,87	-0,02	
9,875	-0,02	
9,88	-0,02	
9,885	-0,03	
9,89	-0,03	
9,895	-0,03	
9,9	-0,04	
9,905	-0,04	
9,91	-0,05	
9,915	-0,06	
9,92	-0,06	
9,925	-0,06	
9,93	-0,06	
9,935	-0,06	
9,94	-0,07	
9,945	-0,07	
9,95	-0,08	
9,955	-0,09	
9,96	-0,09	
9,965	-0,1	
9,97	-0,1	
9,975	-0,1	
9,98	-0,1	
9,985	-0,11	
9,99	-0,11	
9,995	-0,11	
10,0	-0,12	
10,005	-0,12	
10,01	-0,13	
10,015	-0,13	
10,02	-0,14	
10,025	-0,14	
10,03	-0,14	
10,035	-0,15	
10,04	-0,15	
10,045	-0,16	
10,05	-0,16	
10,055	-0,16	
10,06	-0,16	
10,065	-0,17	
10,07	-0,17	
10,075	-0,18	
10,08	-0,18	
10,085	-0,19	
10,09	-0,19	
10,095	-0,19	
10,1	-0,19	
10,105	-0,2	
10,11	-0,2	
10,115	-0,21	
10,12	-0,21	
10,125	-0,21	
10,13	-0,22	
10,135	-0,22	
10,14	-0,22	
10,145	-0,22	
10,15	-0,22	
10,155	-0,22	
10,16	-0,22	
10,165	-0,23	
10,17	-0,23	
10,175	-0,23	
10,18	-0,24	
10,185	-0,24	
10,19	-0,24	
10,195	-0,23	
10,2	-0,23	
10,205	-0,23	
10,21	-0,23	
10,215	-0,24	
10,22	-0,24	
10,225	-0,24	
10,23	-0,24	
10,235	-0,24	
10,24	-0,24	
10,245	-0,24	
10,25	-0,23	
10,255	-0,23	
10,26	-0,23	
10,265	-0,23	
10,27	-0,23	
10,275	-0,23	
10,28	-0,23	
10,285	-0,22	
10,29	-0,22	
10,295	-0,22	
10,3	-0,22	
10,305	-0,21	
10,31	-0,21	
10,315	-0,21	
10,32	-0,21	
10,325	-0,2	
10,33	-0,2	
10,335	-0,19	
10,34	-0,19	
10,345	-0,18	
10,35	-0,18	
10,355	-0,18	
10,36	-0,17	
10,365	-0,17	
10,37	-0,16	
10,375	-0,16	
10,38	-0,15	
10,385	-0,15	
10,39	-0,14	
10,395	-0,14	
10,4	-0,13	
10,405	-0,13	
10,41	-0,12	
10,415	-0,11	
10,42	-0,1	
10,425	-0,1	
10,43	-0,09	
10,435	-0,09	
10,44	-0,08	
10,445	-0,07	
10,45	-0,06	
10,455	-0,05	
10,46	-0,04	
10,465	-0,03	
10,47	-0,02	
10,475	-0,02	
10,48	-0,01	
10,485	-0,01	
10,49	0	
10,495	0	
10,5	0,01	
10,505	0,02	
10,51	0,03	
10,515	0,04	
10,52	0,05	
10,525	0,06	
10,53	0,07	
10,535	0,07	
10,54	0,08	
10,545	0,08	
10,55	0,09	
10,555	0,1	
10,56	0,11	
10,565	0,13	
10,57	0,14	
10,575	0,14	
10,58	0,15	
10,585	0,16	
10,59	0,16	
10,595	0,17	
10,6	0,18	
10,605	0,19	
10,61	0,2	
10,615	0,21	
10,62	0,22	
10,625	0,22	
10,63	0,23	
10,635	0,24	
10,64	0,24	
10,645	0,25	
10,65	0,26	
10,655	0,27	
10,66	0,27	
10,665	0,28	
10,67	0,29	
10,675	0,29	
10,68	0,3	
10,685	0,31	
10,69	0,32	
10,695	0,32	
10,7	0,33	
10,705	0,33	
10,71	0,34	
10,715	0,34	
10,72	0,35	
10,725	0,35	
10,73	0,36	
10,735	0,36	
10,74	0,37	
10,745	0,37	
10,75	0,37	
10,755	0,38	
10,76	0,38	
10,765	0,38	
10,77	0,39	
10,775	0,39	
10,78	0,39	
10,785	0,4	
10,79	0,4	
10,795	0,4	
10,8	0,4	
10,805	0,39	
10,81	0,39	
10,815	0,39	
10,82	0,4	
10,825	0,4	
10,83	0,4	
10,835	0,4	
10,84	0,4	
10,845	0,39	
10,85	0,39	
10,855	0,39	
10,86	0,39	
10,865	0,39	
10,87	0,39	
10,875	0,38	
10,88	0,38	
10,885	0,37	
10,89	0,37	
10,895	0,37	
10,9	0,36	
10,905	0,35	
10,91	0,35	
10,915	0,34	
10,92	0,34	
10,925	0,33	
10,93	0,33	
10,935	0,32	
10,94	0,32	
10,945	0,31	
10,95	0,3	
10,955	0,29	
10,96	0,29	
10,965	0,28	
10,97	0,27	
10,975	0,27	
10,98	0,26	
10,985	0,25	
10,99	0,25	
10,995	0,24	
11,0	0,23	
11,005	0,21	
11,01	0,2	
11,015	0,19	
11,02	0,18	
11,025	0,17	
11,03	0,16	
11,035	0,15	
11,04	0,14	
11,045	0,13	
11,05	0,12	
11,055	0,11	
11,06	0,1	
11,065	0,09	
11,07	0,08	
11,075	0,06	
11,08	0,05	
11,085	0,04	
11,09	0,02	
11,095	0,02	
11,1	0	
11,105	-0,01	
11,11	-0,02	
11,115	-0,03	
11,12	-0,05	
11,125	-0,06	
11,13	-0,07	
11,135	-0,09	
11,14	-0,1	
11,145	-0,11	
11,15	-0,12	
11,155	-0,13	
11,16	-0,14	
11,165	-0,16	
11,17	-0,17	
11,175	-0,19	
11,18	-0,19	
11,185	-0,21	
11,19	-0,22	
11,195	-0,23	
11,2	-0,24	
11,205	-0,25	
11,21	-0,26	
11,215	-0,27	
11,22	-0,28	
11,225	-0,3	
11,23	-0,3	
11,235	-0,31	
11,24	-0,33	
11,245	-0,34	
11,25	-0,35	
11,255	-0,36	
11,26	-0,37	
11,265	-0,38	
11,27	-0,39	
11,275	-0,4	
11,28	-0,41	
11,285	-0,42	
11,29	-0,42	
11,295	-0,43	
11,3	-0,43	
11,305	-0,44	
11,31	-0,45	
11,315	-0,45	
11,32	-0,46	
11,325	-0,47	
11,33	-0,48	
11,335	-0,48	
11,34	-0,49	
11,345	-0,49	
11,35	-0,5	
11,355	-0,5	
11,36	-0,51	
11,365	-0,51	
11,37	-0,52	
11,375	-0,52	
11,38	-0,52	
11,385	-0,53	
11,39	-0,53	
11,395	-0,53	
11,4	-0,53	
11,405	-0,53	
11,41	-0,53	
11,415	-0,53	
11,42	-0,53	
11,425	-0,53	
11,43	-0,53	
11,435	-0,53	
11,44	-0,53	
11,445	-0,53	
11,45	-0,52	
11,455	-0,52	
11,46	-0,52	
11,465	-0,51	
11,47	-0,51	
11,475	-0,51	
11,48	-0,5	
11,485	-0,5	
11,49	-0,49	
11,495	-0,48	
11,5	-0,48	
11,505	-0,47	
11,51	-0,46	
11,515	-0,46	
11,52	-0,45	
11,525	-0,44	
11,53	-0,44	
11,535	-0,43	
11,54	-0,42	
11,545	-0,42	
11,55	-0,41	
11,555	-0,4	
11,56	-0,39	
11,565	-0,38	
11,57	-0,36	
11,575	-0,35	
11,58	-0,34	
11,585	-0,33	
11,59	-0,32	
11,595	-0,3	
11,6	-0,29	
11,605	-0,29	
11,61	-0,28	
11,615	-0,27	
11,62	-0,25	
11,625	-0,24	
11,63	-0,22	
11,635	-0,21	
11,64	-0,2	
11,645	-0,18	
11,65	-0,17	
11,655	-0,16	
11,66	-0,14	
11,665	-0,13	
11,67	-0,11	
11,675	-0,1	
11,68	-0,08	
11,685	-0,07	
11,69	-0,05	
11,695	-0,04	
11,7	-0,03	
11,705	-0,01	
11,71	0	
11,715	0,02	
11,72	0,04	
11,725	0,05	
11,73	0,06	
11,735	0,09	
11,74	0,1	
11,745	0,12	
11,75	0,13	
11,755	0,15	
11,76	0,17	
11,765	0,18	
11,77	0,2	
11,775	0,21	
11,78	0,22	
11,785	0,23	
11,79	0,25	
11,795	0,26	
11,8	0,27	
11,805	0,29	
11,81	0,3	
11,815	0,31	
11,82	0,33	
11,825	0,34	
11,83	0,35	
11,835	0,37	
11,84	0,38	
11,845	0,4	
11,85	0,41	
11,855	0,42	
11,86	0,43	
11,865	0,44	
11,87	0,45	
11,875	0,46	
11,88	0,47	
11,885	0,48	
11,89	0,49	
11,895	0,51	
11,9	0,52	
11,905	0,53	
11,91	0,53	
11,915	0,54	
11,92	0,55	
11,925	0,55	
11,93	0,56	
11,935	0,57	
11,94	0,57	
11,945	0,58	
11,95	0,59	
11,955	0,59	
11,96	0,6	
11,965	0,6	
11,97	0,6	
11,975	0,61	
11,98	0,61	
11,985	0,61	
11,99	0,62	
11,995	0,62	
12,0	0,62	
12,005	0,62	
12,01	0,63	
12,015	0,63	
12,02	0,62	
12,025	0,62	
12,03	0,62	
12,035	0,62	
12,04	0,62	
12,045	0,62	
12,05	0,61	
12,055	0,61	
12,06	0,61	
12,065	0,6	
12,07	0,6	
12,075	0,59	
12,08	0,58	
12,085	0,58	
12,09	0,57	
12,095	0,57	
12,1	0,56	
12,105	0,56	
12,11	0,55	
12,115	0,54	
12,12	0,53	
12,125	0,52	
12,13	0,51	
12,135	0,5	
12,14	0,49	
12,145	0,48	
12,15	0,47	
12,155	0,46	
12,16	0,45	
12,165	0,44	
12,17	0,43	
12,175	0,42	
12,18	0,4	
12,185	0,39	
12,19	0,38	
12,195	0,36	
12,2	0,35	
12,205	0,34	
12,21	0,33	
12,215	0,32	
12,22	0,29	
12,225	0,28	
12,23	0,26	
12,235	0,24	
12,24	0,23	
12,245	0,21	
12,25	0,2	
12,255	0,18	
12,26	0,17	
12,265	0,16	
12,27	0,14	
12,275	0,12	
12,28	0,11	
12,285	0,09	
12,29	0,07	
12,295	0,05	
12,3	0,03	
12,305	0,02	
12,31	0	
12,315	-0,01	
12,32	-0,03	
12,325	-0,05	
12,33	-0,07	
12,335	-0,09	
12,34	-0,1	
12,345	-0,12	
12,35	-0,14	
12,355	-0,15	
12,36	-0,16	
12,365	-0,18	
12,37	-0,2	
12,375	-0,21	
12,38	-0,23	
12,385	-0,25	
12,39	-0,27	
12,395	-0,28	
12,4	-0,3	
12,405	-0,31	
12,41	-0,33	
12,415	-0,34	
12,42	-0,35	
12,425	-0,37	
12,43	-0,38	
12,435	-0,4	
12,44	-0,41	
12,445	-0,43	
12,45	-0,44	
12,455	-0,46	
12,46	-0,47	
12,465	-0,48	
12,47	-0,49	
12,475	-0,5	
12,48	-0,51	
12,485	-0,52	
12,49	-0,54	
12,495	-0,55	
12,5	-0,56	
12,505	-0,56	
12,51	-0,57	
12,515	-0,58	
12,52	-0,58	
12,525	-0,59	
12,53	-0,6	
12,535	-0,61	
12,54	-0,63	
12,545	-0,63	
12,55	-0,64	
12,555	-0,64	
12,56	-0,64	
12,565	-0,64	
12,57	-0,65	
12,575	-0,65	
12,58	-0,66	
12,585	-0,67	
12,59	-0,67	
12,595	-0,67	
12,6	-0,67	
12,605	-0,66	
12,61	-0,66	
12,615	-0,67	
12,62	-0,67	
12,625	-0,67	
12,63	-0,67	
12,635	-0,67	
12,64	-0,66	
12,645	-0,66	
12,65	-0,66	
12,655	-0,65	
12,66	-0,65	
12,665	-0,64	
12,67	-0,64	
12,675	-0,64	
12,68	-0,63	
12,685	-0,62	
12,69	-0,62	
12,695	-0,61	
12,7	-0,6	
12,705	-0,59	
12,71	-0,59	
12,715	-0,58	
12,72	-0,57	
12,725	-0,56	
12,73	-0,55	
12,735	-0,53	
12,74	-0,52	
12,745	-0,51	
12,75	-0,5	
12,755	-0,49	
12,76	-0,48	
12,765	-0,47	
12,77	-0,46	
12,775	-0,45	
12,78	-0,44	
12,785	-0,42	
12,79	-0,4	
12,795	-0,39	
12,8	-0,37	
12,805	-0,36	
12,81	-0,35	
12,815	-0,34	
12,82	-0,32	
12,825	-0,3	
12,83	-0,28	
12,835	-0,27	
12,84	-0,25	
12,845	-0,24	
12,85	-0,22	
12,855	-0,21	
12,86	-0,19	
12,865	-0,17	
12,87	-0,15	
12,875	-0,13	
12,88	-0,12	
12,885	-0,1	
12,89	-0,08	
12,895	-0,06	
12,9	-0,05	
12,905	-0,03	
12,91	-0,01	
12,915	0,01	
12,92	0,03	
12,925	0,04	
12,93	0,06	
12,935	0,07	
12,94	0,09	
12,945	0,11	
12,95	0,13	
12,955	0,15	
12,96	0,17	
12,965	0,18	
12,97	0,2	
12,975	0,22	
12,98	0,23	
12,985	0,25	
12,99	0,26	
12,995	0,27	
13,0	0,29	
13,005	0,31	
13,01	0,33	
13,015	0,34	
13,02	0,35	
13,025	0,38	
13,03	0,39	
13,035	0,4	
13,04	0,41	
13,045	0,43	
13,05	0,44	
13,055	0,45	
13,06	0,47	
13,065	0,48	
13,07	0,49	
13,075	0,5	
13,08	0,51	
13,085	0,51	
13,09	0,53	
13,095	0,54	
13,1	0,55	
13,105	0,56	
13,11	0,58	
13,115	0,59	
13,12	0,59	
13,125	0,6	
13,13	0,61	
13,135	0,61	
13,14	0,62	
13,145	0,63	
13,15	0,63	
13,155	0,64	
13,16	0,64	
13,165	0,65	
13,17	0,65	
13,175	0,66	
13,18	0,66	
13,185	0,66	
13,19	0,67	
13,195	0,67	
13,2	0,66	
13,205	0,66	
13,21	0,66	
13,215	0,66	
13,22	0,66	
13,225	0,66	
13,23	0,66	
13,235	0,66	
13,24	0,66	
13,245	0,66	
13,25	0,65	
13,255	0,65	
13,26	0,64	
13,265	0,64	
13,27	0,64	
13,275	0,63	
13,28	0,63	
13,285	0,62	
13,29	0,61	
13,295	0,6	
13,3	0,59	
13,305	0,59	
13,31	0,58	
13,315	0,57	
13,32	0,57	
13,325	0,56	
13,33	0,55	
13,335	0,53	
13,34	0,52	
13,345	0,51	
13,35	0,5	
13,355	0,48	
13,36	0,48	
13,365	0,47	
13,37	0,46	
13,375	0,44	
13,38	0,43	
13,385	0,41	
13,39	0,4	
13,395	0,39	
13,4	0,37	
13,405	0,36	
13,41	0,35	
13,415	0,34	
13,42	0,32	
13,425	0,31	
13,43	0,28	
13,435	0,26	
13,44	0,25	
13,445	0,23	
13,45	0,22	
13,455	0,2	
13,46	0,19	
13,465	0,17	
13,47	0,15	
13,475	0,14	
13,48	0,12	
13,485	0,11	
13,49	0,09	
13,495	0,07	
13,5	0,06	
13,505	0,04	
13,51	0,01	
13,515	0	
13,52	-0,02	
13,525	-0,04	
13,53	-0,05	
13,535	-0,07	
13,54	-0,08	
13,545	-0,09	
13,55	-0,11	
13,555	-0,13	
13,56	-0,14	
13,565	-0,16	
13,57	-0,18	
13,575	-0,19	
13,58	-0,21	
13,585	-0,22	
13,59	-0,24	
13,595	-0,26	
13,6	-0,27	
13,605	-0,29	
13,61	-0,31	
13,615	-0,32	
13,62	-0,34	
13,625	-0,35	
13,63	-0,36	
13,635	-0,37	
13,64	-0,38	
13,645	-0,39	
13,65	-0,41	
13,655	-0,42	
13,66	-0,43	
13,665	-0,45	
13,67	-0,46	
13,675	-0,47	
13,68	-0,48	
13,685	-0,49	
13,69	-0,5	
13,695	-0,51	
13,7	-0,52	
13,705	-0,53	
13,71	-0,54	
13,715	-0,55	
13,72	-0,55	
13,725	-0,56	
13,73	-0,56	
13,735	-0,57	
13,74	-0,58	
13,745	-0,59	
13,75	-0,59	
13,755	-0,6	
13,76	-0,6	
13,765	-0,6	
13,77	-0,61	
13,775	-0,61	
13,78	-0,62	
13,785	-0,62	
13,79	-0,62	
13,795	-0,62	
13,8	-0,62	
13,805	-0,62	
13,81	-0,62	
13,815	-0,62	
13,82	-0,62	
13,825	-0,62	
13,83	-0,62	
13,835	-0,62	
13,84	-0,62	
13,845	-0,61	
13,85	-0,61	
13,855	-0,6	
13,86	-0,6	
13,865	-0,59	
13,87	-0,59	
13,875	-0,58	
13,88	-0,58	
13,885	-0,57	
13,89	-0,56	
13,895	-0,55	
13,9	-0,55	
13,905	-0,54	
13,91	-0,54	
13,915	-0,53	
13,92	-0,52	
13,925	-0,52	
13,93	-0,51	
13,935	-0,5	
13,94	-0,48	
13,945	-0,47	
13,95	-0,46	
13,955	-0,45	
13,96	-0,44	
13,965	-0,43	
13,97	-0,42	
13,975	-0,41	
13,98	-0,4	
13,985	-0,38	
13,99	-0,37	
13,995	-0,35	
14,0	-0,34	
14,005	-0,33	
14,01	-0,32	
14,015	-0,31	
14,02	-0,3	
14,025	-0,28	
14,03	-0,27	
14,035	-0,25	
14,04	-0,24	
14,045	-0,22	
14,05	-0,21	
14,055	-0,2	
14,06	-0,19	
14,065	-0,17	
14,07	-0,16	
14,075	-0,14	
14,08	-0,11	
14,085	-0,1	
14,09	-0,08	
14,095	-0,07	
14,1	-0,05	
14,105	-0,04	
14,11	-0,03	
14,115	-0,02	
14,12	0	
14,125	0,02	
14,13	0,03	
14,135	0,04	
14,14	0,06	
14,145	0,07	
14,15	0,08	
14,155	0,1	
14,16	0,12	
14,165	0,13	
14,17	0,15	
14,175	0,16	
14,18	0,18	
14,185	0,19	
14,19	0,2	
14,195	0,22	
14,2	0,23	
14,205	0,24	
14,21	0,26	
14,215	0,27	
14,22	0,28	
14,225	0,29	
14,23	0,3	
14,235	0,31	
14,24	0,32	
14,245	0,33	
14,25	0,35	
14,255	0,36	
14,26	0,37	
14,265	0,38	
14,27	0,39	
14,275	0,4	
14,28	0,41	
14,285	0,42	
14,29	0,42	
14,295	0,43	
14,3	0,44	
14,305	0,45	
14,31	0,46	
14,315	0,46	
14,32	0,47	
14,325	0,48	
14,33	0,48	
14,335	0,49	
14,34	0,49	
14,345	0,49	
14,35	0,5	
14,355	0,5	
14,36	0,51	
14,365	0,51	
14,37	0,51	
14,375	0,51	
14,38	0,52	
14,385	0,52	
14,39	0,52	
14,395	0,53	
14,4	0,53	
14,405	0,53	
14,41	0,53	
14,415	0,53	
14,42	0,52	
14,425	0,52	
14,43	0,52	
14,435	0,52	
14,44	0,52	
14,445	0,52	
14,45	0,52	
14,455	0,51	
14,46	0,51	
14,465	0,5	
14,47	0,5	
14,475	0,49	
14,48	0,49	
14,485	0,49	
14,49	0,49	
14,495	0,48	
14,5	0,47	
14,505	0,46	
14,51	0,45	
14,515	0,44	
14,52	0,44	
14,525	0,43	
14,53	0,43	
14,535	0,42	
14,54	0,42	
14,545	0,4	
14,55	0,4	
14,555	0,39	
14,56	0,38	
14,565	0,36	
14,57	0,36	
14,575	0,35	
14,58	0,34	
14,585	0,33	
14,59	0,32	
14,595	0,31	
14,6	0,3	
14,605	0,28	
14,61	0,27	
14,615	0,26	
14,62	0,25	
14,625	0,24	
14,63	0,23	
14,635	0,22	
14,64	0,2	
14,645	0,19	
14,65	0,18	
14,655	0,16	
14,66	0,16	
14,665	0,15	
14,67	0,13	
14,675	0,12	
14,68	0,11	
14,685	0,09	
14,69	0,08	
14,695	0,07	
14,7	0,06	
14,705	0,05	
14,71	0,04	
14,715	0,03	
14,72	0,02	
14,725	0	
14,73	-0,02	
14,735	-0,03	
14,74	-0,04	
14,745	-0,05	
14,75	-0,06	
14,755	-0,07	
14,76	-0,08	
14,765	-0,09	
14,77	-0,1	
14,775	-0,12	
14,78	-0,13	
14,785	-0,14	
14,79	-0,15	
14,795	-0,16	
14,8	-0,16	
14,805	-0,18	
14,81	-0,19	
14,815	-0,2	
14,82	-0,21	
14,825	-0,23	
14,83	-0,23	
14,835	-0,24	
14,84	-0,25	
14,845	-0,25	
14,85	-0,26	
14,855	-0,26	
14,86	-0,27	
14,865	-0,28	
14,87	-0,29	
14,875	-0,3	
14,88	-0,31	
14,885	-0,31	
14,89	-0,32	
14,895	-0,33	
14,9	-0,33	
14,905	-0,34	
14,91	-0,35	
14,915	-0,36	
14,92	-0,36	
14,925	-0,36	
14,93	-0,37	
14,935	-0,37	
14,94	-0,37	
14,945	-0,37	
14,95	-0,37	
14,955	-0,38	
14,96	-0,38	
14,965	-0,39	
14,97	-0,39	
14,975	-0,39	
14,98	-0,39	
14,985	-0,39	
14,99	-0,39	
14,995	-0,39	
15,0	-0,39	
15,005	-0,4	
15,01	-0,4	
15,015	-0,4	
15,02	-0,4	
15,025	-0,39	
15,03	-0,39	
15,035	-0,39	
15,04	-0,39	
15,045	-0,39	
15,05	-0,39	
15,055	-0,39	
15,06	-0,38	
15,065	-0,37	
15,07	-0,37	
15,075	-0,36	
15,08	-0,37	
15,085	-0,37	
15,09	-0,36	
15,095	-0,36	
15,1	-0,36	
15,105	-0,35	
15,11	-0,34	
15,115	-0,33	
15,12	-0,33	
15,125	-0,32	
15,13	-0,32	
15,135	-0,32	
15,14	-0,31	
15,145	-0,31	
15,15	-0,3	
15,155	-0,29	
15,16	-0,28	
15,165	-0,27	
15,17	-0,26	
15,175	-0,26	
15,18	-0,26	
15,185	-0,25	
15,19	-0,25	
15,195	-0,24	
15,2	-0,23	
15,205	-0,22	
15,21	-0,2	
15,215	-0,2	
15,22	-0,19	
15,225	-0,18	
15,23	-0,18	
15,235	-0,17	
15,24	-0,16	
15,245	-0,15	
15,25	-0,14	
15,255	-0,13	
15,26	-0,12	
15,265	-0,12	
15,27	-0,11	
15,275	-0,11	
15,28	-0,1	
15,285	-0,09	
15,29	-0,07	
15,295	-0,06	
15,3	-0,06	
15,305	-0,05	
15,31	-0,04	
15,315	-0,04	
15,32	-0,03	
15,325	-0,02	
15,33	-0,01	
15,335	0	
15,34	0,01	
15,345	0,02	
15,35	0,02	
15,355	0,03	
15,36	0,03	
15,365	0,04	
15,37	0,05	
15,375	0,06	
15,38	0,07	
15,385	0,08	
15,39	0,09	
15,395	0,09	
15,4	0,1	
15,405	0,1	
15,41	0,1	
15,415	0,11	
15,42	0,12	
15,425	0,13	
15,43	0,14	
15,435	0,14	
15,44	0,15	
15,445	0,15	
15,45	0,15	
15,455	0,16	
15,46	0,16	
15,465	0,17	
15,47	0,18	
15,475	0,18	
15,48	0,18	
15,485	0,19	
15,49	0,19	
15,495	0,19	
15,5	0,2	
15,505	0,2	
15,51	0,21	
15,515	0,21	
15,52	0,22	
15,525	0,22	
15,53	0,22	
15,535	0,23	
15,54	0,23	
15,545	0,23	
15,55	0,23	
15,555	0,23	
15,56	0,24	
15,565	0,24	
15,57	0,24	
15,575	0,24	
15,58	0,23	
15,585	0,23	
15,59	0,23	
15,595	0,23	
15,6	0,23	
15,605	0,24	
15,61	0,24	
15,615	0,24	
15,62	0,24	
15,625	0,24	
15,63	0,23	
15,635	0,23	
15,64	0,23	
15,645	0,23	
15,65	0,23	
15,655	0,24	
15,66	0,23	
15,665	0,23	
15,67	0,23	
15,675	0,22	
15,68	0,22	
15,685	0,21	
15,69	0,22	
15,695	0,22	
15,7	0,22	
15,705	0,22	
15,71	0,21	
15,715	0,2	
15,72	0,2	
15,725	0,19	
15,73	0,19	
15,735	0,19	
15,74	0,19	
15,745	0,19	
15,75	0,19	
15,755	0,18	
15,76	0,18	
15,765	0,17	
15,77	0,16	
15,775	0,15	
15,78	0,15	
15,785	0,15	
15,79	0,15	
15,795	0,15	
15,8	0,15	
15,805	0,14	
15,81	0,13	
15,815	0,12	
15,82	0,12	
15,825	0,12	
15,83	0,12	
15,835	0,12	
15,84	0,11	
15,845	0,11	
15,85	0,1	
15,855	0,09	
15,86	0,08	
15,865	0,08	
15,87	0,09	
15,875	0,09	
15,88	0,08	
15,885	0,08	
15,89	0,08	
15,895	0,07	
15,9	0,06	
15,905	0,05	
15,91	0,05	
15,915	0,04	
15,92	0,04	
15,925	0,04	
15,93	0,04	
15,935	0,03	
15,94	0,02	
15,945	0,02	
15,95	0,01	
15,955	0,01	
15,96	0,01	
15,965	0,01	
15,97	0,01	
15,975	0,01	
15,98	0,01	
15,985	0	
15,99	0	
15,995	-0,01	
16,0	-0,02	
16,005	-0,02	
16,01	-0,02	
16,015	-0,02	
16,02	-0,02	
16,025	-0,02	
16,03	-0,03	
16,035	-0,03	
16,04	-0,03	
16,045	-0,03	
16,05	-0,03	
16,055	-0,03	
16,06	-0,04	
16,065	-0,04	
16,07	-0,04	
16,075	-0,04	
16,08	-0,05	
16,085	-0,05	
16,09	-0,05	
16,095	-0,05	
16,1	-0,05	
16,105	-0,05	
16,11	-0,05	
16,115	-0,05	
16,12	-0,06	
16,125	-0,06	
16,13	-0,06	
16,135	-0,07	
16,14	-0,06	
16,145	-0,06	
16,15	-0,06	
16,155	-0,06	
16,16	-0,06	
16,165	-0,06	
16,17	-0,07	
16,175	-0,07	
16,18	-0,07	
16,185	-0,06	
16,19	-0,06	
16,195	-0,06	
16,2	-0,06	
16,205	-0,06	
16,21	-0,06	
16,215	-0,06	
16,22	-0,07	
16,225	-0,06	
16,23	-0,06	
16,235	-0,06	
16,24	-0,06	
16,245	-0,06	
16,25	-0,06	
16,255	-0,06	
16,26	-0,06	
16,265	-0,06	
16,27	-0,06	
16,275	-0,06	
16,28	-0,05	
16,285	-0,05	
16,29	-0,05	
16,295	-0,05	
16,3	-0,06	
16,305	-0,06	
16,31	-0,06	
16,315	-0,06	
16,32	-0,06	
16,325	-0,05	
16,33	-0,05	
16,335	-0,05	
16,34	-0,05	
16,345	-0,05	
16,35	-0,06	
16,355	-0,06	
16,36	-0,06	
16,365	-0,06	
16,37	-0,06	
16,375	-0,06	
16,38	-0,05	
16,385	-0,05	
16,39	-0,05	
16,395	-0,06	
16,4	-0,06	
16,405	-0,06	
16,41	-0,06	
16,415	-0,06	
16,42	-0,05	
16,425	-0,05	
16,43	-0,05	
16,435	-0,05	
16,44	-0,05	
16,445	-0,05	
16,45	-0,05	
16,455	-0,05	
16,46	-0,05	
16,465	-0,05	
16,47	-0,05	
16,475	-0,05	
16,48	-0,06	
16,485	-0,06	
16,49	-0,06	
16,495	-0,06	
16,5	-0,06	
16,505	-0,05	
16,51	-0,06	
16,515	-0,06	
16,52	-0,06	
16,525	-0,06	
16,53	-0,07	
16,535	-0,07	
16,54	-0,07	
16,545	-0,06	
16,55	-0,06	
16,555	-0,06	
16,56	-0,06	
16,565	-0,06	
16,57	-0,07	
16,575	-0,07	
16,58	-0,08	
16,585	-0,08	
16,59	-0,07	
16,595	-0,07	
16,6	-0,07	
16,605	-0,07	
16,61	-0,08	
16,615	-0,08	
16,62	-0,09	
16,625	-0,09	
16,63	-0,09	
16,635	-0,09	
16,64	-0,09	
16,645	-0,09	
16,65	-0,08	
16,655	-0,09	
16,66	-0,09	
16,665	-0,09	
16,67	-0,1	
16,675	-0,1	
16,68	-0,1	
16,685	-0,09	
16,69	-0,1	
16,695	-0,1	
16,7	-0,1	
16,705	-0,1	
16,71	-0,1	
16,715	-0,11	
16,72	-0,11	
16,725	-0,1	
16,73	-0,1	
16,735	-0,11	
16,74	-0,11	
16,745	-0,11	
16,75	-0,11	
16,755	-0,12	
16,76	-0,12	
16,765	-0,12	
16,77	-0,11	
16,775	-0,11	
16,78	-0,11	
16,785	-0,11	
16,79	-0,11	
16,795	-0,11	
16,8	-0,12	
16,805	-0,12	
16,81	-0,12	
16,815	-0,12	
16,82	-0,12	
16,825	-0,11	
16,83	-0,11	
16,835	-0,11	
16,84	-0,11	
16,845	-0,11	
16,85	-0,12	
16,855	-0,12	
16,86	-0,12	
16,865	-0,11	
16,87	-0,1	
16,875	-0,1	
16,88	-0,1	
16,885	-0,1	
16,89	-0,1	
16,895	-0,11	
16,9	-0,1	
16,905	-0,1	
16,91	-0,09	
16,915	-0,09	
16,92	-0,08	
16,925	-0,08	
16,93	-0,08	
16,935	-0,08	
16,94	-0,08	
16,945	-0,08	
16,95	-0,08	
16,955	-0,07	
16,96	-0,07	
16,965	-0,06	
16,97	-0,06	
16,975	-0,05	
16,98	-0,05	
16,985	-0,05	
16,99	-0,05	
16,995	-0,04	
17,0	-0,04	
17,005	-0,03	
17,01	-0,03	
17,015	-0,02	
17,02	-0,02	
17,025	-0,02	
17,03	-0,02	
17,035	-0,01	
17,04	-0,01	
17,045	0	
17,05	0,01	
17,055	0,01	
17,06	0,02	
17,065	0,02	
17,07	0,02	
17,075	0,02	
17,08	0,03	
17,085	0,04	
17,09	0,05	
17,095	0,05	
17,1	0,06	
17,105	0,06	
17,11	0,06	
17,115	0,07	
17,12	0,07	
17,125	0,08	
17,13	0,08	
17,135	0,09	
17,14	0,1	
17,145	0,1	
17,15	0,12	
17,155	0,12	
17,16	0,12	
17,165	0,12	
17,17	0,13	
17,175	0,13	
17,18	0,14	
17,185	0,15	
17,19	0,16	
17,195	0,16	
17,2	0,16	
17,205	0,17	
17,21	0,17	
17,215	0,17	
17,22	0,18	
17,225	0,19	
17,23	0,2	
17,235	0,21	
17,24	0,21	
17,245	0,21	
17,25	0,21	
17,255	0,21	
17,26	0,21	
17,265	0,22	
17,27	0,23	
17,275	0,23	
17,28	0,23	
17,285	0,24	
17,29	0,24	
17,295	0,24	
17,3	0,25	
17,305	0,25	
17,31	0,26	
17,315	0,26	
17,32	0,27	
17,325	0,27	
17,33	0,27	
17,335	0,27	
17,34	0,27	
17,345	0,27	
17,35	0,27	
17,355	0,28	
17,36	0,28	
17,365	0,28	
17,37	0,29	
17,375	0,29	
17,38	0,29	
17,385	0,28	
17,39	0,28	
17,395	0,28	
17,4	0,28	
17,405	0,28	
17,41	0,29	
17,415	0,29	
17,42	0,28	
17,425	0,28	
17,43	0,28	
17,435	0,27	
17,44	0,27	
17,445	0,27	
17,45	0,28	
17,455	0,28	
17,46	0,28	
17,465	0,27	
17,47	0,27	
17,475	0,26	
17,48	0,25	
17,485	0,25	
17,49	0,24	
17,495	0,24	
17,5	0,24	
17,505	0,24	
17,51	0,23	
17,515	0,23	
17,52	0,22	
17,525	0,22	
17,53	0,21	
17,535	0,21	
17,54	0,21	
17,545	0,2	
17,55	0,2	
17,555	0,19	
17,56	0,18	
17,565	0,17	
17,57	0,16	
17,575	0,15	
17,58	0,15	
17,585	0,15	
17,59	0,14	
17,595	0,13	
17,6	0,12	
17,605	0,11	
17,61	0,1	
17,615	0,09	
17,62	0,09	
17,625	0,09	
17,63	0,08	
17,635	0,07	
17,64	0,06	
17,645	0,05	
17,65	0,04	
17,655	0,03	
17,66	0,02	
17,665	0,01	
17,67	0	
17,675	0	
17,68	-0,01	
17,685	-0,02	
17,69	-0,03	
17,695	-0,04	
17,7	-0,05	
17,705	-0,06	
17,71	-0,07	
17,715	-0,08	
17,72	-0,09	
17,725	-0,1	
17,73	-0,1	
17,735	-0,12	
17,74	-0,13	
17,745	-0,14	
17,75	-0,15	
17,755	-0,16	
17,76	-0,16	
17,765	-0,17	
17,77	-0,18	
17,775	-0,18	
17,78	-0,19	
17,785	-0,21	
17,79	-0,22	
17,795	-0,24	
17,8	-0,25	
17,805	-0,25	
17,81	-0,26	
17,815	-0,26	
17,82	-0,27	
17,825	-0,27	
17,83	-0,29	
17,835	-0,3	
17,84	-0,3	
17,845	-0,31	
17,85	-0,32	
17,855	-0,33	
17,86	-0,33	
17,865	-0,33	
17,87	-0,34	
17,875	-0,35	
17,88	-0,36	
17,885	-0,37	
17,89	-0,37	
17,895	-0,37	
17,9	-0,38	
17,905	-0,38	
17,91	-0,38	
17,915	-0,39	
17,92	-0,4	
17,925	-0,4	
17,93	-0,41	
17,935	-0,41	
17,94	-0,41	
17,945	-0,41	
17,95	-0,41	
17,955	-0,42	
17,96	-0,42	
17,965	-0,42	
17,97	-0,42	
17,975	-0,43	
17,98	-0,43	
17,985	-0,43	
17,99	-0,43	
17,995	-0,42	
18,0	-0,42	
18,005	-0,42	
18,01	-0,43	
18,015	-0,43	
18,02	-0,43	
18,025	-0,43	
18,03	-0,43	
18,035	-0,43	
18,04	-0,42	
18,045	-0,41	
18,05	-0,41	
18,055	-0,41	
18,06	-0,41	
18,065	-0,41	
18,07	-0,41	
18,075	-0,4	
18,08	-0,39	
18,085	-0,38	
18,09	-0,38	
18,095	-0,37	
18,1	-0,37	
18,105	-0,36	
18,11	-0,36	
18,115	-0,36	
18,12	-0,34	
18,125	-0,33	
18,13	-0,32	
18,135	-0,31	
18,14	-0,31	
18,145	-0,3	
18,15	-0,29	
18,155	-0,29	
18,16	-0,28	
18,165	-0,27	
18,17	-0,26	
18,175	-0,25	
18,18	-0,23	
18,185	-0,23	
18,19	-0,22	
18,195	-0,21	
18,2	-0,2	
18,205	-0,19	
18,21	-0,17	
18,215	-0,16	
18,22	-0,15	
18,225	-0,14	
18,23	-0,12	
18,235	-0,11	
18,24	-0,1	
18,245	-0,09	
18,25	-0,08	
18,255	-0,07	
18,26	-0,06	
18,265	-0,04	
18,27	-0,03	
18,275	-0,02	
18,28	0	
18,285	0,01	
18,29	0,02	
18,295	0,03	
18,3	0,05	
18,305	0,06	
18,31	0,08	
18,315	0,09	
18,32	0,11	
18,325	0,11	
18,33	0,12	
18,335	0,13	
18,34	0,14	
18,345	0,16	
18,35	0,17	
18,355	0,19	
18,36	0,2	
18,365	0,21	
18,37	0,22	
18,375	0,24	
18,38	0,25	
18,385	0,26	
18,39	0,27	
18,395	0,28	
18,4	0,29	
18,405	0,31	
18,41	0,32	
18,415	0,33	
18,42	0,34	
18,425	0,35	
18,43	0,36	
18,435	0,37	
18,44	0,38	
18,445	0,39	
18,45	0,4	
18,455	0,41	
18,46	0,42	
18,465	0,43	
18,47	0,44	
18,475	0,44	
18,48	0,45	
18,485	0,46	
18,49	0,47	
18,495	0,48	
18,5	0,48	
18,505	0,49	
18,51	0,5	
18,515	0,5	
18,52	0,5	
18,525	0,51	
18,53	0,52	
18,535	0,52	
18,54	0,52	
18,545	0,52	
18,55	0,53	
18,555	0,53	
18,56	0,53	
18,565	0,54	
18,57	0,54	
18,575	0,54	
18,58	0,55	
18,585	0,55	
18,59	0,55	
18,595	0,55	
18,6	0,55	
18,605	0,55	
18,61	0,54	
18,615	0,54	
18,62	0,54	
18,625	0,54	
18,63	0,53	
18,635	0,53	
18,64	0,53	
18,645	0,53	
18,65	0,53	
18,655	0,52	
18,66	0,52	
18,665	0,51	
18,67	0,51	
18,675	0,5	
18,68	0,49	
18,685	0,48	
18,69	0,47	
18,695	0,47	
18,7	0,46	
18,705	0,45	
18,71	0,44	
18,715	0,44	
18,72	0,43	
18,725	0,42	
18,73	0,41	
18,735	0,4	
18,74	0,39	
18,745	0,38	
18,75	0,37	
18,755	0,36	
18,76	0,35	
18,765	0,34	
18,77	0,32	
18,775	0,31	
18,78	0,3	
18,785	0,28	
18,79	0,27	
18,795	0,26	
18,8	0,25	
18,805	0,24	
18,81	0,23	
18,815	0,22	
18,82	0,2	
18,825	0,19	
18,83	0,17	
18,835	0,16	
18,84	0,14	
18,845	0,13	
18,85	0,11	
18,855	0,09	
18,86	0,08	
18,865	0,06	
18,87	0,05	
18,875	0,03	
18,88	0,02	
18,885	0	
18,89	-0,02	
18,895	-0,03	
18,9	-0,04	
18,905	-0,06	
18,91	-0,07	
18,915	-0,09	
18,92	-0,1	
18,925	-0,12	
18,93	-0,14	
18,935	-0,16	
18,94	-0,17	
18,945	-0,19	
18,95	-0,2	
18,955	-0,21	
18,96	-0,23	
18,965	-0,24	
18,97	-0,25	
18,975	-0,27	
18,98	-0,29	
18,985	-0,3	
18,99	-0,31	
18,995	-0,32	
19,0	-0,34	
19,005	-0,34	
19,01	-0,37	
19,015	-0,38	
19,02	-0,39	
19,025	-0,4	
19,03	-0,42	
19,035	-0,42	
19,04	-0,44	
19,045	-0,45	
19,05	-0,46	
19,055	-0,47	
19,06	-0,48	
19,065	-0,49	
19,07	-0,5	
19,075	-0,51	
19,08	-0,52	
19,085	-0,53	
19,09	-0,54	
19,095	-0,54	
19,1	-0,55	
19,105	-0,56	
19,11	-0,56	
19,115	-0,57	
19,12	-0,58	
19,125	-0,59	
19,13	-0,59	
19,135	-0,59	
19,14	-0,6	
19,145	-0,6	
19,15	-0,6	
19,155	-0,61	
19,16	-0,61	
19,165	-0,61	
19,17	-0,61	
19,175	-0,62	
19,18	-0,62	
19,185	-0,62	
19,19	-0,62	
19,195	-0,62	
19,2	-0,62	
19,205	-0,62	
19,21	-0,62	
19,215	-0,62	
19,22	-0,62	
19,225	-0,61	
19,23	-0,61	
19,235	-0,61	
19,24	-0,61	
19,245	-0,6	
19,25	-0,6	
19,255	-0,59	
19,26	-0,58	
19,265	-0,58	
19,27	-0,57	
19,275	-0,56	
19,28	-0,55	
19,285	-0,55	
19,29	-0,54	
19,295	-0,54	
19,3	-0,53	
19,305	-0,52	
19,31	-0,51	
19,315	-0,5	
19,32	-0,49	
19,325	-0,48	
19,33	-0,47	
19,335	-0,45	
19,34	-0,44	
19,345	-0,43	
19,35	-0,42	
19,355	-0,4	
19,36	-0,39	
19,365	-0,38	
19,37	-0,36	
19,375	-0,35	
19,38	-0,34	
19,385	-0,33	
19,39	-0,31	
19,395	-0,3	
19,4	-0,29	
19,405	-0,27	
19,41	-0,26	
19,415	-0,24	
19,42	-0,22	
19,425	-0,21	
19,43	-0,19	
19,435	-0,18	
19,44	-0,16	
19,445	-0,15	
19,45	-0,13	
19,455	-0,12	
19,46	-0,1	
19,465	-0,09	
19,47	-0,07	
19,475	-0,05	
19,48	-0,04	
19,485	-0,02	
19,49	0	
19,495	0,03	
19,5	0,05	
19,505	0,06	
19,51	0,07	
19,515	0,09	
19,52	0,11	
19,525	0,13	
19,53	0,14	
19,535	0,16	
19,54	0,17	
19,545	0,19	
19,55	0,2	
19,555	0,22	
19,56	0,23	
19,565	0,25	
19,57	0,26	
19,575	0,29	
19,58	0,31	
19,585	0,32	
19,59	0,33	
19,595	0,35	
19,6	0,36	
19,605	0,37	
19,61	0,38	
19,615	0,39	
19,62	0,41	
19,625	0,42	
19,63	0,43	
19,635	0,45	
19,64	0,46	
19,645	0,47	
19,65	0,48	
19,655	0,49	
19,66	0,51	
19,665	0,52	
19,67	0,53	
19,675	0,54	
19,68	0,55	
19,685	0,56	
19,69	0,56	
19,695	0,57	
19,7	0,58	
19,705	0,58	
19,71	0,59	
19,715	0,6	
19,72	0,61	
19,725	0,61	
19,73	0,62	
19,735	0,63	
19,74	0,63	
19,745	0,63	
19,75	0,64	
19,755	0,64	
19,76	0,64	
19,765	0,65	
19,77	0,65	
19,775	0,65	
19,78	0,65	
19,785	0,65	
19,79	0,65	
19,795	0,65	
19,8	0,65	
19,805	0,65	
19,81	0,65	
19,815	0,65	
19,82	0,65	
19,825	0,64	
19,83	0,64	
19,835	0,63	
19,84	0,63	
19,845	0,63	
19,85	0,62	
19,855	0,62	
19,86	0,61	
19,865	0,6	
19,87	0,6	
19,875	0,59	
19,88	0,58	
19,885	0,57	
19,89	0,57	
19,895	0,56	
19,9	0,55	
19,905	0,54	
19,91	0,53	
19,915	0,52	
19,92	0,51	
19,925	0,5	
19,93	0,49	
19,935	0,48	
19,94	0,46	
19,945	0,45	
19,95	0,44	
19,955	0,43	
19,96	0,41	
19,965	0,4	
19,97	0,39	
19,975	0,37	
19,98	0,35	
19,985	0,34	
19,99	0,33	
19,995	0,32	
20,0	0,3	
20,005	0,28	
20,01	0,27	
20,015	0,25	
20,02	0,24	
20,025	0,22	
20,03	0,2	
20,035	0,19	
20,04	0,17	
20,045	0,16	
20,05	0,14	
20,055	0,12	
20,06	0,1	
20,065	0,08	
20,07	0,07	
20,075	0,05	
20,08	0,04	
20,085	0,02	
20,09	0,01	
20,095	-0,01	
20,1	-0,03	
20,105	-0,04	
20,11	-0,06	
20,115	-0,08	
20,12	-0,09	
20,125	-0,1	
20,13	-0,12	
20,135	-0,14	
20,14	-0,16	
20,145	-0,18	
20,15	-0,2	
20,155	-0,21	
20,16	-0,23	
20,165	-0,25	
20,17	-0,26	
20,175	-0,27	
20,18	-0,29	
20,185	-0,3	
20,19	-0,31	
20,195	-0,33	
20,2	-0,34	
20,205	-0,36	
20,21	-0,37	
20,215	-0,39	
20,22	-0,41	
20,225	-0,42	
20,23	-0,43	
20,235	-0,44	
20,24	-0,45	
20,245	-0,46	
20,25	-0,47	
20,255	-0,48	
20,26	-0,5	
20,265	-0,51	
20,27	-0,52	
20,275	-0,52	
20,28	-0,53	
20,285	-0,54	
20,29	-0,55	
20,295	-0,56	
20,3	-0,57	
20,305	-0,58	
20,31	-0,59	
20,315	-0,59	
20,32	-0,6	
20,325	-0,6	
20,33	-0,61	
20,335	-0,61	
20,34	-0,62	
20,345	-0,62	
20,35	-0,62	
20,355	-0,63	
20,36	-0,63	
20,365	-0,63	
20,37	-0,63	
20,375	-0,63	
20,38	-0,63	
20,385	-0,64	
20,39	-0,63	
20,395	-0,64	
20,4	-0,64	
20,405	-0,63	
20,41	-0,63	
20,415	-0,63	
20,42	-0,62	
20,425	-0,62	
20,43	-0,62	
20,435	-0,61	
20,44	-0,61	
20,445	-0,61	
20,45	-0,6	
20,455	-0,6	
20,46	-0,59	
20,465	-0,59	
20,47	-0,58	
20,475	-0,57	
20,48	-0,57	
20,485	-0,56	
20,49	-0,55	
20,495	-0,54	
20,5	-0,53	
20,505	-0,52	
20,51	-0,52	
20,515	-0,51	
20,52	-0,5	
20,525	-0,5	
20,53	-0,48	
20,535	-0,47	
20,54	-0,46	
20,545	-0,44	
20,55	-0,43	
20,555	-0,41	
20,56	-0,4	
20,565	-0,39	
20,57	-0,38	
20,575	-0,36	
20,58	-0,35	
20,585	-0,34	
20,59	-0,32	
20,595	-0,31	
20,6	-0,29	
20,605	-0,28	
20,61	-0,27	
20,615	-0,25	
20,62	-0,24	
20,625	-0,22	
20,63	-0,2	
20,635	-0,18	
20,64	-0,17	
20,645	-0,15	
20,65	-0,14	
20,655	-0,13	
20,66	-0,11	
20,665	-0,1	
20,67	-0,08	
20,675	-0,06	
20,68	-0,05	
20,685	-0,03	
20,69	-0,02	
20,695	0	
20,7	0,02	
20,705	0,04	
20,71	0,05	
20,715	0,07	
20,72	0,08	
20,725	0,1	
20,73	0,11	
20,735	0,13	
20,74	0,14	
20,745	0,16	
20,75	0,17	
20,755	0,19	
20,76	0,2	
20,765	0,21	
20,77	0,22	
20,775	0,24	
20,78	0,25	
20,785	0,27	
20,79	0,29	
20,795	0,3	
20,8	0,31	
20,805	0,33	
20,81	0,34	
20,815	0,35	
20,82	0,36	
20,825	0,37	
20,83	0,39	
20,835	0,4	
20,84	0,41	
20,845	0,42	
20,85	0,43	
20,855	0,44	
20,86	0,45	
20,865	0,45	
20,87	0,47	
20,875	0,48	
20,88	0,48	
20,885	0,49	
20,89	0,5	
20,895	0,51	
20,9	0,51	
20,905	0,52	
20,91	0,53	
20,915	0,53	
20,92	0,54	
20,925	0,54	
20,93	0,55	
20,935	0,55	
20,94	0,55	
20,945	0,55	
20,95	0,56	
20,955	0,56	
20,96	0,57	
20,965	0,57	
20,97	0,57	
20,975	0,57	
20,98	0,57	
20,985	0,57	
20,99	0,57	
20,995	0,57	
21,0	0,57	
21,005	0,57	
21,01	0,57	
21,015	0,56	
21,02	0,56	
21,025	0,56	
21,03	0,56	
21,035	0,56	
21,04	0,55	
21,045	0,54	
21,05	0,54	
21,055	0,54	
21,06	0,53	
21,065	0,53	
21,07	0,52	
21,075	0,52	
21,08	0,51	
21,085	0,5	
21,09	0,5	
21,095	0,49	
21,1	0,48	
21,105	0,47	
21,11	0,46	
21,115	0,45	
21,12	0,44	
21,125	0,43	
21,13	0,42	
21,135	0,41	
21,14	0,4	
21,145	0,39	
21,15	0,38	
21,155	0,38	
21,16	0,36	
21,165	0,36	
21,17	0,35	
21,175	0,33	
21,18	0,32	
21,185	0,31	
21,19	0,3	
21,195	0,28	
21,2	0,27	
21,205	0,25	
21,21	0,24	
21,215	0,22	
21,22	0,21	
21,225	0,2	
21,23	0,19	
21,235	0,17	
21,24	0,16	
21,245	0,15	
21,25	0,14	
21,255	0,12	
21,26	0,11	
21,265	0,09	
21,27	0,08	
21,275	0,06	
21,28	0,05	
21,285	0,04	
21,29	0,02	
21,295	0,01	
21,3	0	
21,305	-0,01	
21,31	-0,03	
21,315	-0,04	
21,32	-0,05	
21,325	-0,07	
21,33	-0,08	
21,335	-0,09	
21,34	-0,1	
21,345	-0,11	
21,35	-0,13	
21,355	-0,15	
21,36	-0,16	
21,365	-0,17	
21,37	-0,18	
21,375	-0,2	
21,38	-0,21	
21,385	-0,22	
21,39	-0,24	
21,395	-0,25	
21,4	-0,26	
21,405	-0,27	
21,41	-0,28	
21,415	-0,28	
21,42	-0,29	
21,425	-0,3	
21,43	-0,31	
21,435	-0,33	
21,44	-0,34	
21,445	-0,35	
21,45	-0,36	
21,455	-0,37	
21,46	-0,37	
21,465	-0,37	
21,47	-0,38	
21,475	-0,39	
21,48	-0,4	
21,485	-0,41	
21,49	-0,41	
21,495	-0,42	
21,5	-0,42	
21,505	-0,42	
21,51	-0,43	
21,515	-0,44	
21,52	-0,44	
21,525	-0,45	
21,53	-0,45	
21,535	-0,46	
21,54	-0,46	
21,545	-0,46	
21,55	-0,46	
21,555	-0,46	
21,56	-0,46	
21,565	-0,47	
21,57	-0,47	
21,575	-0,47	
21,58	-0,47	
21,585	-0,48	
21,59	-0,47	
21,595	-0,47	
21,6	-0,47	
21,605	-0,47	
21,61	-0,47	
21,615	-0,47	
21,62	-0,47	
21,625	-0,47	
21,63	-0,46	
21,635	-0,46	
21,64	-0,45	
21,645	-0,45	
21,65	-0,44	
21,655	-0,44	
21,66	-0,44	
21,665	-0,43	
21,67	-0,43	
21,675	-0,43	
21,68	-0,41	
21,685	-0,41	
21,69	-0,4	
21,695	-0,39	
21,7	-0,39	
21,705	-0,39	
21,71	-0,38	
21,715	-0,38	
21,72	-0,37	
21,725	-0,36	
21,73	-0,35	
21,735	-0,34	
21,74	-0,33	
21,745	-0,33	
21,75	-0,32	
21,755	-0,31	
21,76	-0,3	
21,765	-0,29	
21,77	-0,27	
21,775	-0,27	
21,78	-0,26	
21,785	-0,25	
21,79	-0,24	
21,795	-0,24	
21,8	-0,23	
21,805	-0,22	
21,81	-0,21	
21,815	-0,19	
21,82	-0,18	
21,825	-0,17	
21,83	-0,16	
21,835	-0,15	
21,84	-0,14	
21,845	-0,13	
21,85	-0,12	
21,855	-0,11	
21,86	-0,09	
21,865	-0,08	
21,87	-0,07	
21,875	-0,06	
21,88	-0,06	
21,885	-0,05	
21,89	-0,04	
21,895	-0,03	
21,9	-0,02	
21,905	-0,01	
21,91	0,01	
21,915	0,02	
21,92	0,04	
21,925	0,05	
21,93	0,05	
21,935	0,05	
21,94	0,06	
21,945	0,08	
21,95	0,09	
21,955	0,11	
21,96	0,12	
21,965	0,12	
21,97	0,13	
21,975	0,14	
21,98	0,14	
21,985	0,15	
21,99	0,16	
21,995	0,17	
22,0	0,19	
22,005	0,2	
22,01	0,2	
22,015	0,21	
22,02	0,21	
22,025	0,22	
22,03	0,22	
22,035	0,23	
22,04	0,24	
22,045	0,25	
22,05	0,25	
22,055	0,26	
22,06	0,27	
22,065	0,27	
22,07	0,27	
22,075	0,28	
22,08	0,29	
22,085	0,29	
22,09	0,3	
22,095	0,3	
22,1	0,3	
22,105	0,31	
22,11	0,31	
22,115	0,31	
22,12	0,32	
22,125	0,32	
22,13	0,33	
22,135	0,33	
22,14	0,33	
22,145	0,33	
22,15	0,33	
22,155	0,33	
22,16	0,33	
22,165	0,33	
22,17	0,34	
22,175	0,34	
22,18	0,34	
22,185	0,34	
22,19	0,34	
22,195	0,33	
22,2	0,33	
22,205	0,33	
22,21	0,33	
22,215	0,33	
22,22	0,33	
22,225	0,33	
22,23	0,33	
22,235	0,32	
22,24	0,32	
22,245	0,31	
22,25	0,31	
22,255	0,31	
22,26	0,31	
22,265	0,31	
22,27	0,31	
22,275	0,3	
22,28	0,3	
22,285	0,29	
22,29	0,28	
22,295	0,28	
22,3	0,27	
22,305	0,27	
22,31	0,27	
22,315	0,27	
22,32	0,26	
22,325	0,26	
22,33	0,25	
22,335	0,24	
22,34	0,23	
22,345	0,23	
22,35	0,23	
22,355	0,22	
22,36	0,22	
22,365	0,21	
22,37	0,21	
22,375	0,2	
22,38	0,19	
22,385	0,18	
22,39	0,17	
22,395	0,17	
22,4	0,16	
22,405	0,16	
22,41	0,15	
22,415	0,14	
22,42	0,14	
22,425	0,13	
22,43	0,12	
22,435	0,12	
22,44	0,11	
22,445	0,1	
22,45	0,1	
22,455	0,09	
22,46	0,08	
22,465	0,07	
22,47	0,07	
22,475	0,06	
22,48	0,05	
22,485	0,04	
22,49	0,04	
22,495	0,04	
22,5	0,03	
22,505	0,02	
22,51	0,01	
22,515	0	
22,52	0	
22,525	-0,01	
22,53	-0,01	
22,535	-0,01	
22,54	-0,02	
22,545	-0,02	
22,55	-0,03	
22,555	-0,04	
22,56	-0,05	
22,565	-0,06	
22,57	-0,06	
22,575	-0,06	
22,58	-0,07	
22,585	-0,07	
22,59	-0,07	
22,595	-0,08	
22,6	-0,09	
22,605	-0,09	
22,61	-0,1	
22,615	-0,1	
22,62	-0,11	
22,625	-0,11	
22,63	-0,11	
22,635	-0,11	
22,64	-0,12	
22,645	-0,12	
22,65	-0,13	
22,655	-0,14	
22,66	-0,14	
22,665	-0,14	
22,67	-0,14	
22,675	-0,14	
22,68	-0,14	
22,685	-0,15	
22,69	-0,16	
22,695	-0,16	
22,7	-0,16	
22,705	-0,16	
22,71	-0,16	
22,715	-0,16	
22,72	-0,16	
22,725	-0,16	
22,73	-0,16	
22,735	-0,17	
22,74	-0,17	
22,745	-0,17	
22,75	-0,17	
22,755	-0,17	
22,76	-0,17	
22,765	-0,17	
22,77	-0,17	
22,775	-0,17	
22,78	-0,17	
22,785	-0,17	
22,79	-0,18	
22,795	-0,18	
22,8	-0,17	
22,805	-0,17	
22,81	-0,17	
22,815	-0,17	
22,82	-0,17	
22,825	-0,17	
22,83	-0,17	
22,835	-0,17	
22,84	-0,17	
22,845	-0,17	
22,85	-0,16	
22,855	-0,16	
22,86	-0,16	
22,865	-0,16	
22,87	-0,16	
22,875	-0,16	
22,88	-0,16	
22,885	-0,16	
22,89	-0,15	
22,895	-0,15	
22,9	-0,15	
22,905	-0,15	
22,91	-0,15	
22,915	-0,15	
22,92	-0,14	
22,925	-0,14	
22,93	-0,14	
22,935	-0,13	
22,94	-0,13	
22,945	-0,13	
22,95	-0,12	
22,955	-0,12	
22,96	-0,12	
22,965	-0,12	
22,97	-0,11	
22,975	-0,11	
22,98	-0,11	
22,985	-0,1	
22,99	-0,1	
22,995	-0,1	
23,0	-0,1	
23,005	-0,1	
23,01	-0,1	
23,015	-0,09	
23,02	-0,09	
23,025	-0,08	
23,03	-0,08	
23,035	-0,07	
23,04	-0,07	
23,045	-0,07	
23,05	-0,07	
23,055	-0,07	
23,06	-0,07	
23,065	-0,06	
23,07	-0,06	
23,075	-0,06	
23,08	-0,05	
23,085	-0,05	
23,09	-0,05	
23,095	-0,05	
23,1	-0,05	
23,105	-0,05	
23,11	-0,05	
23,115	-0,04	
23,12	-0,04	
23,125	-0,04	
23,13	-0,03	
23,135	-0,03	
23,14	-0,03	
23,145	-0,03	
23,15	-0,03	
23,155	-0,03	
23,16	-0,03	
23,165	-0,02	
23,17	-0,02	
23,175	-0,02	
23,18	-0,02	
23,185	-0,02	
23,19	-0,02	
23,195	-0,02	
23,2	-0,02	
23,205	-0,01	
23,21	-0,01	
23,215	-0,01	
23,22	-0,01	
23,225	-0,01	
23,23	-0,01	
23,235	-0,01	
23,24	0	
23,245	0	
23,25	0	
23,255	0	
23,26	0	
23,265	0	
23,27	0	
23,275	0	
23,28	0	
23,285	0	
23,29	0	
23,295	0,01	
23,3	0	
23,305	0,01	
23,31	0,01	
23,315	0,01	
23,32	0	
23,325	0	
23,33	0	
23,335	0	
23,34	0	
23,345	0,01	
23,35	0,01	
23,355	0,01	
23,36	0,01	
23,365	0,01	
23,37	0	
23,375	0	
23,38	0	
23,385	0	
23,39	0	
23,395	0	
23,4	0	
23,405	0	
23,41	0	
23,415	0	
23,42	0	
23,425	0	
23,43	0,01	
23,435	0,01	
23,44	0,01	
23,445	0,01	
23,45	0,01	
23,455	0	
23,46	0	
23,465	0	
23,47	0,01	
23,475	0,01	
23,48	0,01	
23,485	0,01	
23,49	0,01	
23,495	0,01	
23,5	0,01	
23,505	0,01	
23,51	0,01	
23,515	0,01	
23,52	0,01	
23,525	0,01	
23,53	0,01	
23,535	0,01	
23,54	0,01	
23,545	0,01	
23,55	0,01	
23,555	0,01	
23,56	0,02	
23,565	0,02	
23,57	0,02	
23,575	0,02	
23,58	0,02	
23,585	0,03	
23,59	0,03	
23,595	0,03	
23,6	0,03	
23,605	0,03	
23,61	0,03	
23,615	0,03	
23,62	0,03	
23,625	0,03	
23,63	0,03	
23,635	0,04	
23,64	0,04	
23,645	0,04	
23,65	0,04	
23,655	0,04	
23,66	0,05	
23,665	0,05	
23,67	0,05	
23,675	0,05	
23,68	0,05	
23,685	0,05	
23,69	0,06	
23,695	0,06	
23,7	0,06	
23,705	0,07	
23,71	0,07	
23,715	0,07	
23,72	0,07	
23,725	0,07	
23,73	0,08	
23,735	0,08	
23,74	0,08	
23,745	0,09	
23,75	0,09	
23,755	0,09	
23,76	0,09	
23,765	0,09	
23,77	0,1	
23,775	0,1	
23,78	0,1	
23,785	0,11	
23,79	0,11	
23,795	0,12	
23,8	0,12	
23,805	0,12	
23,81	0,12	
23,815	0,12	
23,82	0,12	
23,825	0,12	
23,83	0,13	
23,835	0,13	
23,84	0,13	
23,845	0,13	
23,85	0,13	
23,855	0,13	
23,86	0,14	
23,865	0,14	
23,87	0,14	
23,875	0,14	
23,88	0,15	
23,885	0,15	
23,89	0,15	
23,895	0,15	
23,9	0,16	
23,905	0,16	
23,91	0,16	
23,915	0,16	
23,92	0,16	
23,925	0,16	
23,93	0,16	
23,935	0,16	
23,94	0,16	
23,945	0,16	
23,95	0,16	
23,955	0,16	
23,96	0,16	
23,965	0,16	
23,97	0,16	
23,975	0,17	
23,98	0,17	
23,985	0,17	
23,99	0,17	
23,995	0,16	
24,0	0,16	
24,005	0,16	
24,01	0,16	
24,015	0,16	
24,02	0,16	
24,025	0,16	
24,03	0,16	
24,035	0,16	
24,04	0,16	
24,045	0,16	
24,05	0,15	
24,055	0,16	
24,06	0,16	
24,065	0,15	
24,07	0,15	
24,075	0,14	
24,08	0,14	
24,085	0,14	
24,09	0,13	
24,095	0,13	
24,1	0,13	
24,105	0,13	
24,11	0,13	
24,115	0,12	
24,12	0,12	
24,125	0,11	
24,13	0,11	
24,135	0,1	
24,14	0,1	
24,145	0,09	
24,15	0,09	
24,155	0,09	
24,16	0,08	
24,165	0,07	
24,17	0,07	
24,175	0,06	
24,18	0,06	
24,185	0,05	
24,19	0,05	
24,195	0,05	
24,2	0,04	
24,205	0,04	
24,21	0,03	
24,215	0,03	
24,22	0,02	
24,225	0,01	
24,23	0,01	
24,235	0	
24,24	-0,01	
24,245	-0,01	
24,25	-0,02	
24,255	-0,02	
24,26	-0,03	
24,265	-0,04	
24,27	-0,04	
24,275	-0,05	
24,28	-0,05	
24,285	-0,06	
24,29	-0,07	
24,295	-0,07	
24,3	-0,08	
24,305	-0,09	
24,31	-0,09	
24,315	-0,1	
24,32	-0,1	
24,325	-0,11	
24,33	-0,12	
24,335	-0,13	
24,34	-0,13	
24,345	-0,14	
24,35	-0,15	
24,355	-0,16	
24,36	-0,16	
24,365	-0,16	
24,37	-0,17	
24,375	-0,17	
24,38	-0,18	
24,385	-0,19	
24,39	-0,2	
24,395	-0,21	
24,4	-0,21	
24,405	-0,22	
24,41	-0,22	
24,415	-0,22	
24,42	-0,23	
24,425	-0,24	
24,43	-0,25	
24,435	-0,25	
24,44	-0,26	
24,445	-0,26	
24,45	-0,27	
24,455	-0,27	
24,46	-0,27	
24,465	-0,28	
24,47	-0,28	
24,475	-0,28	
24,48	-0,29	
24,485	-0,29	
24,49	-0,29	
24,495	-0,3	
24,5	-0,3	
24,505	-0,3	
24,51	-0,3	
24,515	-0,31	
24,52	-0,31	
24,525	-0,31	
24,53	-0,31	
24,535	-0,32	
24,54	-0,32	
24,545	-0,32	
24,55	-0,32	
24,555	-0,33	
24,56	-0,33	
24,565	-0,33	
24,57	-0,33	
24,575	-0,33	
24,58	-0,32	
24,585	-0,32	
24,59	-0,32	
24,595	-0,32	
24,6	-0,32	
24,605	-0,32	
24,61	-0,32	
24,615	-0,32	
24,62	-0,32	
24,625	-0,32	
24,63	-0,31	
24,635	-0,31	
24,64	-0,3	
24,645	-0,3	
24,65	-0,3	
24,655	-0,3	
24,66	-0,29	
24,665	-0,29	
24,67	-0,28	
24,675	-0,27	
24,68	-0,27	
24,685	-0,27	
24,69	-0,26	
24,695	-0,26	
24,7	-0,25	
24,705	-0,25	
24,71	-0,24	
24,715	-0,23	
24,72	-0,23	
24,725	-0,22	
24,73	-0,22	
24,735	-0,21	
24,74	-0,2	
24,745	-0,2	
24,75	-0,19	
24,755	-0,18	
24,76	-0,17	
24,765	-0,16	
24,77	-0,15	
24,775	-0,14	
24,78	-0,14	
24,785	-0,13	
24,79	-0,12	
24,795	-0,12	
24,8	-0,11	
24,805	-0,1	
24,81	-0,09	
24,815	-0,08	
24,82	-0,07	
24,825	-0,06	
24,83	-0,04	
24,835	-0,04	
24,84	-0,02	
24,845	-0,01	
24,85	0	
24,855	0,01	
24,86	0,02	
24,865	0,03	
24,87	0,04	
24,875	0,05	
24,88	0,06	
24,885	0,07	
24,89	0,07	
24,895	0,08	
24,9	0,09	
24,905	0,1	
24,91	0,12	
24,915	0,13	
24,92	0,14	
24,925	0,15	
24,93	0,16	
24,935	0,17	
24,94	0,18	
24,945	0,19	
24,95	0,2	
24,955	0,21	
24,96	0,22	
24,965	0,23	
24,97	0,24	
24,975	0,24	
24,98	0,25	
24,985	0,26	
24,99	0,27	
24,995	0,28	
25,0	0,29	
25,005	0,3	
25,01	0,3	
25,015	0,31	
25,02	0,32	
25,025	0,33	
25,03	0,34	
25,035	0,35	
25,04	0,36	
25,045	0,36	
25,05	0,37	
25,055	0,38	
25,06	0,38	
25,065	0,38	
25,07	0,39	
25,075	0,4	
25,08	0,4	
25,085	0,41	
25,09	0,41	
25,095	0,42	
25,1	0,42	
25,105	0,43	
25,11	0,43	
25,115	0,44	
25,12	0,44	
25,125	0,44	
25,13	0,45	
25,135	0,45	
25,14	0,45	
25,145	0,45	
25,15	0,46	
25,155	0,46	
25,16	0,46	
25,165	0,46	
25,17	0,46	
25,175	0,46	
25,18	0,45	
25,185	0,45	
25,19	0,45	
25,195	0,45	
25,2	0,45	
25,205	0,45	
25,21	0,45	
25,215	0,45	
25,22	0,45	
25,225	0,44	
25,23	0,44	
25,235	0,43	
25,24	0,42	
25,245	0,42	
25,25	0,42	
25,255	0,41	
25,26	0,41	
25,265	0,4	
25,27	0,4	
25,275	0,39	
25,28	0,38	
25,285	0,37	
25,29	0,36	
25,295	0,36	
25,3	0,35	
25,305	0,34	
25,31	0,34	
25,315	0,33	
25,32	0,33	
25,325	0,32	
25,33	0,31	
25,335	0,3	
25,34	0,29	
25,345	0,28	
25,35	0,26	
25,355	0,25	
25,36	0,24	
25,365	0,24	
25,37	0,23	
25,375	0,22	
25,38	0,21	
25,385	0,2	
25,39	0,18	
25,395	0,16	
25,4	0,15	
25,405	0,14	
25,41	0,12	
25,415	0,11	
25,42	0,1	
25,425	0,09	
25,43	0,08	
25,435	0,07	
25,44	0,06	
25,445	0,04	
25,45	0,03	
25,455	0,01	
25,46	0	
25,465	-0,01	
25,47	-0,02	
25,475	-0,04	
25,48	-0,06	
25,485	-0,07	
25,49	-0,09	
25,495	-0,1	
25,5	-0,11	
25,505	-0,13	
25,51	-0,14	
25,515	-0,15	
25,52	-0,16	
25,525	-0,17	
25,53	-0,18	
25,535	-0,19	
25,54	-0,2	
25,545	-0,22	
25,55	-0,23	
25,555	-0,25	
25,56	-0,26	
25,565	-0,27	
25,57	-0,28	
25,575	-0,3	
25,58	-0,31	
25,585	-0,32	
25,59	-0,33	
25,595	-0,35	
25,6	-0,36	
25,605	-0,37	
25,61	-0,38	
25,615	-0,39	
25,62	-0,4	
25,625	-0,41	
25,63	-0,41	
25,635	-0,42	
25,64	-0,44	
25,645	-0,45	
25,65	-0,45	
25,655	-0,46	
25,66	-0,47	
25,665	-0,48	
25,67	-0,48	
25,675	-0,49	
25,68	-0,5	
25,685	-0,5	
25,69	-0,51	
25,695	-0,52	
25,7	-0,52	
25,705	-0,52	
25,71	-0,53	
25,715	-0,53	
25,72	-0,54	
25,725	-0,54	
25,73	-0,55	
25,735	-0,55	
25,74	-0,55	
25,745	-0,55	
25,75	-0,55	
25,755	-0,55	
25,76	-0,55	
25,765	-0,56	
25,77	-0,55	
25,775	-0,56	
25,78	-0,56	
25,785	-0,56	
25,79	-0,56	
25,795	-0,56	
25,8	-0,55	
25,805	-0,55	
25,81	-0,55	
25,815	-0,54	
25,82	-0,54	
25,825	-0,54	
25,83	-0,54	
25,835	-0,53	
25,84	-0,53	
25,845	-0,52	
25,85	-0,51	
25,855	-0,5	
25,86	-0,5	
25,865	-0,49	
25,87	-0,48	
25,875	-0,48	
25,88	-0,47	
25,885	-0,46	
25,89	-0,45	
25,895	-0,44	
25,9	-0,43	
25,905	-0,42	
25,91	-0,41	
25,915	-0,41	
25,92	-0,4	
25,925	-0,39	
25,93	-0,38	
25,935	-0,36	
25,94	-0,35	
25,945	-0,34	
25,95	-0,32	
25,955	-0,31	
25,96	-0,3	
25,965	-0,28	
25,97	-0,27	
25,975	-0,26	
25,98	-0,25	
25,985	-0,23	
25,99	-0,22	
25,995	-0,2	
26,0	-0,19	
26,005	-0,18	
26,01	-0,17	
26,015	-0,16	
26,02	-0,14	
26,025	-0,13	
26,03	-0,11	
26,035	-0,09	
26,04	-0,08	
26,045	-0,06	
26,05	-0,04	
26,055	-0,03	
26,06	-0,01	
26,065	0	
26,07	0,02	
26,075	0,03	
26,08	0,05	
26,085	0,06	
26,09	0,08	
26,095	0,09	
26,1	0,1	
26,105	0,12	
26,11	0,14	
26,115	0,15	
26,12	0,17	
26,125	0,19	
26,13	0,2	
26,135	0,22	
26,14	0,23	
26,145	0,24	
26,15	0,26	
26,155	0,27	
26,16	0,29	
26,165	0,31	
26,17	0,32	
26,175	0,33	
26,18	0,34	
26,185	0,35	
26,19	0,36	
26,195	0,38	
26,2	0,39	
26,205	0,41	
26,21	0,42	
26,215	0,43	
26,22	0,44	
26,225	0,45	
26,23	0,46	
26,235	0,47	
26,24	0,48	
26,245	0,49	
26,25	0,5	
26,255	0,51	
26,26	0,52	
26,265	0,53	
26,27	0,54	
26,275	0,54	
26,28	0,55	
26,285	0,56	
26,29	0,57	
26,295	0,57	
26,3	0,58	
26,305	0,58	
26,31	0,59	
26,315	0,59	
26,32	0,59	
26,325	0,6	
26,33	0,6	
26,335	0,61	
26,34	0,61	
26,345	0,61	
26,35	0,61	
26,355	0,61	
26,36	0,61	
26,365	0,61	
26,37	0,61	
26,375	0,62	
26,38	0,62	
26,385	0,62	
26,39	0,62	
26,395	0,62	
26,4	0,61	
26,405	0,6	
26,41	0,6	
26,415	0,6	
26,42	0,6	
26,425	0,59	
26,43	0,59	
26,435	0,58	
26,44	0,57	
26,445	0,57	
26,45	0,56	
26,455	0,56	
26,46	0,55	
26,465	0,54	
26,47	0,54	
26,475	0,53	
26,48	0,52	
26,485	0,51	
26,49	0,5	
26,495	0,49	
26,5	0,48	
26,505	0,46	
26,51	0,46	
26,515	0,44	
26,52	0,43	
26,525	0,42	
26,53	0,41	
26,535	0,39	
26,54	0,38	
26,545	0,37	
26,55	0,36	
26,555	0,35	
26,56	0,33	
26,565	0,32	
26,57	0,31	
26,575	0,29	
26,58	0,28	
26,585	0,26	
26,59	0,25	
26,595	0,23	
26,6	0,22	
26,605	0,2	
26,61	0,18	
26,615	0,17	
26,62	0,15	
26,625	0,13	
26,63	0,11	
26,635	0,1	
26,64	0,08	
26,645	0,07	
26,65	0,05	
26,655	0,04	
26,66	0,03	
26,665	0,01	
26,67	0	
26,675	-0,02	
26,68	-0,04	
26,685	-0,05	
26,69	-0,07	
26,695	-0,09	
26,7	-0,11	
26,705	-0,12	
26,71	-0,14	
26,715	-0,16	
26,72	-0,18	
26,725	-0,19	
26,73	-0,21	
26,735	-0,22	
26,74	-0,23	
26,745	-0,24	
26,75	-0,26	
26,755	-0,27	
26,76	-0,29	
26,765	-0,31	
26,77	-0,33	
26,775	-0,34	
26,78	-0,35	
26,785	-0,36	
26,79	-0,38	
26,795	-0,39	
26,8	-0,4	
26,805	-0,42	
26,81	-0,43	
26,815	-0,44	
26,82	-0,45	
26,825	-0,46	
26,83	-0,47	
26,835	-0,48	
26,84	-0,49	
26,845	-0,5	
26,85	-0,52	
26,855	-0,53	
26,86	-0,53	
26,865	-0,54	
26,87	-0,55	
26,875	-0,55	
26,88	-0,56	
26,885	-0,57	
26,89	-0,58	
26,895	-0,58	
26,9	-0,59	
26,905	-0,6	
26,91	-0,6	
26,915	-0,6	
26,92	-0,61	
26,925	-0,61	
26,93	-0,62	
26,935	-0,62	
26,94	-0,63	
26,945	-0,63	
26,95	-0,63	
26,955	-0,63	
26,96	-0,63	
26,965	-0,63	
26,97	-0,62	
26,975	-0,62	
26,98	-0,62	
26,985	-0,62	
26,99	-0,63	
26,995	-0,63	
27,0	-0,63	
27,005	-0,62	
27,01	-0,61	
27,015	-0,61	
27,02	-0,6	
27,025	-0,6	
27,03	-0,6	
27,035	-0,59	
27,04	-0,59	
27,045	-0,58	
27,05	-0,57	
27,055	-0,57	
27,06	-0,56	
27,065	-0,55	
27,07	-0,54	
27,075	-0,54	
27,08	-0,53	
27,085	-0,52	
27,09	-0,51	
27,095	-0,5	
27,1	-0,48	
27,105	-0,47	
27,11	-0,46	
27,115	-0,45	
27,12	-0,44	
27,125	-0,43	
27,13	-0,42	
27,135	-0,41	
27,14	-0,39	
27,145	-0,38	
27,15	-0,37	
27,155	-0,35	
27,16	-0,34	
27,165	-0,33	
27,17	-0,31	
27,175	-0,29	
27,18	-0,28	
27,185	-0,26	
27,19	-0,24	
27,195	-0,23	
27,2	-0,22	
27,205	-0,2	
27,21	-0,19	
27,215	-0,18	
27,22	-0,16	
27,225	-0,14	
27,23	-0,13	
27,235	-0,11	
27,24	-0,09	
27,245	-0,08	
27,25	-0,07	
27,255	-0,05	
27,26	-0,03	
27,265	-0,02	
27,27	0	
27,275	0,02	
27,28	0,04	
27,285	0,05	
27,29	0,07	
27,295	0,08	
27,3	0,09	
27,305	0,11	
27,31	0,13	
27,315	0,15	
27,32	0,16	
27,325	0,18	
27,33	0,19	
27,335	0,21	
27,34	0,22	
27,345	0,24	
27,35	0,25	
27,355	0,27	
27,36	0,28	
27,365	0,3	
27,37	0,31	
27,375	0,33	
27,38	0,34	
27,385	0,35	
27,39	0,36	
27,395	0,37	
27,4	0,38	
27,405	0,4	
27,41	0,41	
27,415	0,42	
27,42	0,44	
27,425	0,45	
27,43	0,46	
27,435	0,46	
27,44	0,47	
27,445	0,48	
27,45	0,49	
27,455	0,5	
27,46	0,51	
27,465	0,52	
27,47	0,53	
27,475	0,54	
27,48	0,54	
27,485	0,54	
27,49	0,55	
27,495	0,56	
27,5	0,56	
27,505	0,57	
27,51	0,58	
27,515	0,58	
27,52	0,59	
27,525	0,59	
27,53	0,59	
27,535	0,59	
27,54	0,59	
27,545	0,6	
27,55	0,6	
27,555	0,6	
27,56	0,6	
27,565	0,6	
27,57	0,6	
27,575	0,6	
27,58	0,6	
27,585	0,6	
27,59	0,59	
27,595	0,59	
27,6	0,59	
27,605	0,58	
27,61	0,58	
27,615	0,57	
27,62	0,57	
27,625	0,57	
27,63	0,56	
27,635	0,56	
27,64	0,55	
27,645	0,55	
27,65	0,54	
27,655	0,54	
27,66	0,53	
27,665	0,52	
27,67	0,51	
27,675	0,5	
27,68	0,5	
27,685	0,49	
27,69	0,48	
27,695	0,47	
27,7	0,46	
27,705	0,45	
27,71	0,44	
27,715	0,43	
27,72	0,42	
27,725	0,41	
27,73	0,4	
27,735	0,39	
27,74	0,37	
27,745	0,35	
27,75	0,34	
27,755	0,33	
27,76	0,31	
27,765	0,3	
27,77	0,29	
27,775	0,28	
27,78	0,27	
27,785	0,26	
27,79	0,24	
27,795	0,23	
27,8	0,21	
27,805	0,2	
27,81	0,18	
27,815	0,17	
27,82	0,15	
27,825	0,14	
27,83	0,12	
27,835	0,11	
27,84	0,09	
27,845	0,08	
27,85	0,07	
27,855	0,05	
27,86	0,04	
27,865	0,02	
27,87	0,01	
27,875	-0,01	
27,88	-0,02	
27,885	-0,04	
27,89	-0,05	
27,895	-0,06	
27,9	-0,07	
27,905	-0,09	
27,91	-0,1	
27,915	-0,12	
27,92	-0,14	
27,925	-0,15	
27,93	-0,17	
27,935	-0,18	
27,94	-0,19	
27,945	-0,2	
27,95	-0,21	
27,955	-0,23	
27,96	-0,24	
27,965	-0,25	
27,97	-0,27	
27,975	-0,28	
27,98	-0,29	
27,985	-0,31	
27,99	-0,31	
27,995	-0,33	
28,0	-0,33	
28,005	-0,34	
28,01	-0,36	
28,015	-0,37	
28,02	-0,38	
28,025	-0,39	
28,03	-0,4	
28,035	-0,4	
28,04	-0,41	
28,045	-0,42	
28,05	-0,43	
28,055	-0,44	
28,06	-0,45	
28,065	-0,46	
28,07	-0,47	
28,075	-0,48	
28,08	-0,48	
28,085	-0,48	
28,09	-0,49	
28,095	-0,49	
28,1	-0,5	
28,105	-0,5	
28,11	-0,5	
28,115	-0,51	
28,12	-0,52	
28,125	-0,51	
28,13	-0,52	
28,135	-0,52	
28,14	-0,52	
28,145	-0,52	
28,15	-0,52	
28,155	-0,52	
28,16	-0,53	
28,165	-0,53	
28,17	-0,53	
28,175	-0,53	
28,18	-0,53	
28,185	-0,52	
28,19	-0,52	
28,195	-0,52	
28,2	-0,52	
28,205	-0,52	
28,21	-0,52	
28,215	-0,51	
28,22	-0,51	
28,225	-0,5	
28,23	-0,49	
28,235	-0,49	
28,24	-0,48	
28,245	-0,48	
28,25	-0,47	
28,255	-0,47	
28,26	-0,46	
28,265	-0,45	
28,27	-0,44	
28,275	-0,44	
28,28	-0,43	
28,285	-0,42	
28,29	-0,42	
28,295	-0,41	
28,3	-0,4	
28,305	-0,39	
28,31	-0,38	
28,315	-0,37	
28,32	-0,36	
28,325	-0,35	
28,33	-0,35	
28,335	-0,34	
28,34	-0,32	
28,345	-0,32	
28,35	-0,31	
28,355	-0,29	
28,36	-0,28	
28,365	-0,27	
28,37	-0,26	
28,375	-0,25	
28,38	-0,24	
28,385	-0,23	
28,39	-0,21	
28,395	-0,2	
28,4	-0,19	
28,405	-0,18	
28,41	-0,16	
28,415	-0,15	
28,42	-0,14	
28,425	-0,13	
28,43	-0,12	
28,435	-0,11	
28,44	-0,09	
28,445	-0,08	
28,45	-0,06	
28,455	-0,05	
28,46	-0,04	
28,465	-0,03	
28,47	-0,01	
28,475	0	
28,48	0	
28,485	0,02	
28,49	0,03	
28,495	0,04	
28,5	0,05	
28,505	0,07	
28,51	0,08	
28,515	0,09	
28,52	0,1	
28,525	0,11	
28,53	0,13	
28,535	0,14	
28,54	0,15	
28,545	0,16	
28,55	0,17	
28,555	0,18	
28,56	0,19	
28,565	0,2	
28,57	0,21	
28,575	0,22	
28,58	0,23	
28,585	0,24	
28,59	0,25	
28,595	0,26	
28,6	0,26	
28,605	0,27	
28,61	0,28	
28,615	0,29	
28,62	0,29	
28,625	0,3	
28,63	0,32	
28,635	0,32	
28,64	0,33	
28,645	0,33	
28,65	0,34	
28,655	0,34	
28,66	0,35	
28,665	0,36	
28,67	0,36	
28,675	0,37	
28,68	0,37	
28,685	0,38	
28,69	0,39	
28,695	0,39	
28,7	0,39	
28,705	0,4	
28,71	0,41	
28,715	0,41	
28,72	0,41	
28,725	0,41	
28,73	0,41	
28,735	0,41	
28,74	0,41	
28,745	0,41	
28,75	0,42	
28,755	0,41	
28,76	0,41	
28,765	0,41	
28,77	0,41	
28,775	0,41	
28,78	0,41	
28,785	0,41	
28,79	0,41	
28,795	0,41	
28,8	0,41	
28,805	0,4	
28,81	0,4	
28,815	0,4	
28,82	0,4	
28,825	0,39	
28,83	0,39	
28,835	0,38	
28,84	0,38	
28,845	0,37	
28,85	0,37	
28,855	0,37	
28,86	0,36	
28,865	0,36	
28,87	0,35	
28,875	0,34	
28,88	0,34	
28,885	0,33	
28,89	0,33	
28,895	0,32	
28,9	0,32	
28,905	0,31	
28,91	0,3	
28,915	0,29	
28,92	0,29	
28,925	0,28	
28,93	0,27	
28,935	0,27	
28,94	0,26	
28,945	0,25	
28,95	0,25	
28,955	0,24	
28,96	0,23	
28,965	0,22	
28,97	0,22	
28,975	0,21	
28,98	0,2	
28,985	0,19	
28,99	0,18	
28,995	0,17	
29,0	0,16	
29,005	0,15	
29,01	0,14	
29,015	0,13	
29,02	0,12	
29,025	0,11	
29,03	0,11	
29,035	0,09	
29,04	0,08	
29,045	0,07	
29,05	0,06	
29,055	0,05	
29,06	0,05	
29,065	0,04	
29,07	0,03	
29,075	0,03	
29,08	0,02	
29,085	0,01	
29,09	0	
29,095	-0,01	
29,1	-0,02	
29,105	-0,04	
29,11	-0,04	
29,115	-0,05	
29,12	-0,05	
29,125	-0,06	
29,13	-0,07	
29,135	-0,08	
29,14	-0,09	
29,145	-0,1	
29,15	-0,11	
29,155	-0,11	
29,16	-0,12	
29,165	-0,13	
29,17	-0,13	
29,175	-0,14	
29,18	-0,15	
29,185	-0,16	
29,19	-0,16	
29,195	-0,17	
29,2	-0,17	
29,205	-0,18	
29,21	-0,18	
29,215	-0,19	
29,22	-0,19	
29,225	-0,2	
29,23	-0,21	
29,235	-0,22	
29,24	-0,22	
29,245	-0,23	
29,25	-0,23	
29,255	-0,23	
29,26	-0,24	
29,265	-0,24	
29,27	-0,25	
29,275	-0,25	
29,28	-0,25	
29,285	-0,25	
29,29	-0,26	
29,295	-0,26	
29,3	-0,26	
29,305	-0,26	
29,31	-0,26	
29,315	-0,27	
29,32	-0,27	
29,325	-0,27	
29,33	-0,27	
29,335	-0,27	
29,34	-0,27	
29,345	-0,27	
29,35	-0,27	
29,355	-0,28	
29,36	-0,28	
29,365	-0,28	
29,37	-0,28	
29,375	-0,28	
29,38	-0,27	
29,385	-0,27	
29,39	-0,27	
29,395	-0,27	
29,4	-0,27	
29,405	-0,27	
29,41	-0,26	
29,415	-0,26	
29,42	-0,26	
29,425	-0,26	
29,43	-0,26	
29,435	-0,25	
29,44	-0,25	
29,445	-0,25	
29,45	-0,25	
29,455	-0,25	
29,46	-0,25	
29,465	-0,24	
29,47	-0,24	
29,475	-0,23	
29,48	-0,22	
29,485	-0,22	
29,49	-0,22	
29,495	-0,22	
29,5	-0,21	
29,505	-0,21	
29,51	-0,2	
29,515	-0,2	
29,52	-0,19	
29,525	-0,19	
29,53	-0,18	
29,535	-0,18	
29,54	-0,17	
29,545	-0,17	
29,55	-0,17	
29,555	-0,16	
29,56	-0,16	
29,565	-0,15	
29,57	-0,15	
29,575	-0,14	
29,58	-0,14	
29,585	-0,13	
29,59	-0,13	
29,595	-0,12	
29,6	-0,11	
29,605	-0,11	
29,61	-0,1	
29,615	-0,1	
29,62	-0,09	
29,625	-0,09	
29,63	-0,09	
29,635	-0,08	
29,64	-0,07	
29,645	-0,07	
29,65	-0,06	
29,655	-0,06	
29,66	-0,05	
29,665	-0,04	
29,67	-0,04	
29,675	-0,03	
29,68	-0,03	
29,685	-0,03	
29,69	-0,02	
29,695	-0,02	
29,7	-0,01	
29,705	0	
29,71	0	
29,715	0	
29,72	0	
29,725	0,01	
29,73	0,01	
29,735	0,01	
29,74	0,02	
29,745	0,03	
29,75	0,03	
29,755	0,04	
29,76	0,04	
29,765	0,04	
29,77	0,04	
29,775	0,05	
29,78	0,05	
29,785	0,05	
29,79	0,06	
29,795	0,07	
29,8	0,07	
29,805	0,08	
29,81	0,08	
29,815	0,08	
29,82	0,08	
29,825	0,08	
29,83	0,08	
29,835	0,08	
29,84	0,09	
29,845	0,1	
29,85	0,1	
29,855	0,1	
29,86	0,1	
29,865	0,1	
29,87	0,1	
29,875	0,1	
29,88	0,11	
29,885	0,11	
29,89	0,11	
29,895	0,11	
29,9	0,11	
29,905	0,11	
29,91	0,11	
29,915	0,11	
29,92	0,11	
29,925	0,11	
29,93	0,11	
29,935	0,12	
29,94	0,12	
29,945	0,12	
29,95	0,11	
29,955	0,11	
29,96	0,12	
29,965	0,12	
29,97	0,11	
29,975	0,12	
29,98	0,12	
29,985	0,11	
29,99	0,11	
29,995	0,11	
30,0	0,11	
30,005	0,11	
30,01	0,11	
30,015	0,11	
30,02	0,11	
30,025	0,11	
30,03	0,11	
30,035	0,11	
30,04	0,11	
30,045	0,1	
30,05	0,1	
30,055	0,1	
30,06	0,1	
30,065	0,1	
30,07	0,1	
30,075	0,1	
30,08	0,1	
30,085	0,1	
30,09	0,1	
30,095	0,09	
30,1	0,1	
30,105	0,1	
30,11	0,09	
30,115	0,09	
30,12	0,09	
30,125	0,09	
30,13	0,08	
30,135	0,08	
30,14	0,08	
30,145	0,08	
30,15	0,08	
30,155	0,08	
30,16	0,08	
30,165	0,07	
30,17	0,07	
30,175	0,07	
30,18	0,07	
30,185	0,07	
30,19	0,07	
30,195	0,08	
30,2	0,07	
30,205	0,07	
30,21	0,07	
30,215	0,06	
30,22	0,06	
30,225	0,06	
30,23	0,06	
30,235	0,06	
30,24	0,06	
30,245	0,06	
30,25	0,06	
30,255	0,05	
30,26	0,05	
30,265	0,05	
30,27	0,05	
30,275	0,05	
30,28	0,05	
30,285	0,05	
30,29	0,05	
30,295	0,05	
30,3	0,05	
30,305	0,05	
30,31	0,05	
30,315	0,05	
30,32	0,05	
30,325	0,05	
30,33	0,05	
30,335	0,05	
30,34	0,05	
30,345	0,04	
30,35	0,04	
30,355	0,04	
30,36	0,04	
30,365	0,05	
30,37	0,05	
30,375	0,05	
30,38	0,05	
30,385	0,05	
30,39	0,05	
30,395	0,04	
30,4	0,04	
30,405	0,04	
30,41	0,04	
30,415	0,05	
30,42	0,05	
30,425	0,05	
30,43	0,05	
30,435	0,05	
30,44	0,05	
30,445	0,05	
30,45	0,05	
30,455	0,05	
30,46	0,05	
30,465	0,05	
30,47	0,05	
30,475	0,05	
30,48	0,05	
30,485	0,05	
30,49	0,05	
30,495	0,05	
30,5	0,05	
30,505	0,05	
30,51	0,05	
30,515	0,05	
30,52	0,05	
30,525	0,05	
30,53	0,05	
30,535	0,05	
30,54	0,05	
30,545	0,05	
30,55	0,05	
30,555	0,05	
30,56	0,06	
30,565	0,06	
30,57	0,05	
30,575	0,05	
30,58	0,05	
30,585	0,05	
30,59	0,05	
30,595	0,05	
30,6	0,05	
30,605	0,05	
30,61	0,04	
30,615	0,04	
30,62	0,05	
30,625	0,04	
30,63	0,04	
30,635	0,04	
30,64	0,05	
30,645	0,04	
30,65	0,04	
30,655	0,04	
30,66	0,04	
30,665	0,04	
30,67	0,04	
30,675	0,04	
30,68	0,03	
30,685	0,04	
30,69	0,04	
30,695	0,03	
30,7	0,03	
30,705	0,03	
30,71	0,02	
30,715	0,02	
30,72	0,02	
30,725	0,02	
30,73	0,02	
30,735	0,02	
30,74	0,02	
30,745	0,02	
30,75	0,01	
30,755	0,01	
30,76	0	
30,765	0	
30,77	0	
30,775	-0,01	
30,78	-0,01	
30,785	-0,01	
30,79	-0,01	
30,795	-0,02	
30,8	-0,02	
30,805	-0,02	
30,81	-0,02	
30,815	-0,02	
30,82	-0,03	
30,825	-0,03	
30,83	-0,04	
30,835	-0,04	
30,84	-0,04	
30,845	-0,05	
30,85	-0,05	
30,855	-0,05	
30,86	-0,05	
30,865	-0,06	
30,87	-0,06	
30,875	-0,07	
30,88	-0,07	
30,885	-0,08	
30,89	-0,08	
30,895	-0,08	
30,9	-0,08	
30,905	-0,08	
30,91	-0,09	
30,915	-0,09	
30,92	-0,1	
30,925	-0,1	
30,93	-0,11	
30,935	-0,11	
30,94	-0,12	
30,945	-0,12	
30,95	-0,12	
30,955	-0,13	
30,96	-0,13	
30,965	-0,13	
30,97	-0,14	
30,975	-0,14	
30,98	-0,15	
30,985	-0,15	
30,99	-0,15	
30,995	-0,16	
31,0	-0,16	
31,005	-0,16	
31,01	-0,16	
31,015	-0,16	
31,02	-0,17	
31,025	-0,17	
31,03	-0,18	
31,035	-0,18	
31,04	-0,18	
31,045	-0,18	
31,05	-0,19	
31,055	-0,19	
31,06	-0,19	
31,065	-0,2	
31,07	-0,2	
31,075	-0,2	
31,08	-0,2	
31,085	-0,2	
31,09	-0,2	
31,095	-0,2	
31,1	-0,2	
31,105	-0,2	
31,11	-0,21	
31,115	-0,21	
31,12	-0,21	
31,125	-0,21	
31,13	-0,21	
31,135	-0,21	
31,14	-0,21	
31,145	-0,21	
31,15	-0,21	
31,155	-0,22	
31,16	-0,21	
31,165	-0,21	
31,17	-0,21	
31,175	-0,21	
31,18	-0,21	
31,185	-0,21	
31,19	-0,21	
31,195	-0,21	
31,2	-0,21	
31,205	-0,2	
31,21	-0,2	
31,215	-0,2	
31,22	-0,2	
31,225	-0,2	
31,23	-0,19	
31,235	-0,19	
31,24	-0,19	
31,245	-0,19	
31,25	-0,18	
31,255	-0,18	
31,26	-0,18	
31,265	-0,17	
31,27	-0,17	
31,275	-0,16	
31,28	-0,16	
31,285	-0,16	
31,29	-0,15	
31,295	-0,15	
31,3	-0,14	
31,305	-0,14	
31,31	-0,14	
31,315	-0,13	
31,32	-0,13	
31,325	-0,12	
31,33	-0,12	
31,335	-0,11	
31,34	-0,11	
31,345	-0,1	
31,35	-0,09	
31,355	-0,09	
31,36	-0,08	
31,365	-0,07	
31,37	-0,06	
31,375	-0,06	
31,38	-0,05	
31,385	-0,04	
31,39	-0,04	
31,395	-0,03	
31,4	-0,03	
31,405	-0,02	
31,41	-0,01	
31,415	-0,01	
31,42	0	
31,425	0,01	
31,43	0,01	
31,435	0,02	
31,44	0,02	
31,445	0,04	
31,45	0,04	
31,455	0,05	
31,46	0,07	
31,465	0,07	
31,47	0,08	
31,475	0,09	
31,48	0,09	
31,485	0,1	
31,49	0,11	
31,495	0,12	
31,5	0,12	
31,505	0,13	
31,51	0,14	
31,515	0,15	
31,52	0,15	
31,525	0,16	
31,53	0,16	
31,535	0,17	
31,54	0,18	
31,545	0,19	
31,55	0,19	
31,555	0,2	
31,56	0,21	
31,565	0,21	
31,57	0,22	
31,575	0,23	
31,58	0,23	
31,585	0,24	
31,59	0,25	
31,595	0,25	
31,6	0,26	
31,605	0,27	
31,61	0,27	
31,615	0,27	
31,62	0,28	
31,625	0,29	
31,63	0,3	
31,635	0,3	
31,64	0,31	
31,645	0,31	
31,65	0,31	
31,655	0,32	
31,66	0,32	
31,665	0,32	
31,67	0,33	
31,675	0,33	
31,68	0,33	
31,685	0,34	
31,69	0,34	
31,695	0,34	
31,7	0,34	
31,705	0,35	
31,71	0,35	
31,715	0,35	
31,72	0,36	
31,725	0,36	
31,73	0,36	
31,735	0,36	
31,74	0,36	
31,745	0,36	
31,75	0,36	
31,755	0,36	
31,76	0,36	
31,765	0,36	
31,77	0,36	
31,775	0,36	
31,78	0,36	
31,785	0,35	
31,79	0,35	
31,795	0,34	
31,8	0,34	
31,805	0,34	
31,81	0,34	
31,815	0,34	
31,82	0,34	
31,825	0,33	
31,83	0,33	
31,835	0,32	
31,84	0,32	
31,845	0,31	
31,85	0,31	
31,855	0,3	
31,86	0,3	
31,865	0,29	
31,87	0,29	
31,875	0,28	
31,88	0,28	
31,885	0,27	
31,89	0,26	
31,895	0,25	
31,9	0,25	
31,905	0,24	
31,91	0,23	
31,915	0,23	
31,92	0,22	
31,925	0,21	
31,93	0,21	
31,935	0,19	
31,94	0,19	
31,945	0,17	
31,95	0,16	
31,955	0,15	
31,96	0,14	
31,965	0,13	
31,97	0,12	
31,975	0,11	
31,98	0,11	
31,985	0,1	
31,99	0,09	
31,995	0,08	
32,0	0,07	
32,005	0,06	
32,01	0,05	
32,015	0,04	
32,02	0,03	
32,025	0,01	
32,03	0	
32,035	-0,01	
32,04	-0,02	
32,045	-0,03	
32,05	-0,04	
32,055	-0,05	
32,06	-0,06	
32,065	-0,07	
32,07	-0,08	
32,075	-0,1	
32,08	-0,11	
32,085	-0,12	
32,09	-0,13	
32,095	-0,14	
32,1	-0,15	
32,105	-0,13	
32,11	-0,18	
32,115	-0,19	
32,12	-0,2	
32,125	-0,21	
32,13	-0,22	
32,135	-0,23	
32,14	-0,24	
32,145	-0,25	
32,15	-0,26	
32,155	-0,27	
32,16	-0,27	
32,165	-0,28	
32,17	-0,29	
32,175	-0,3	
32,18	-0,31	
32,185	-0,32	
32,19	-0,33	
32,195	-0,34	
32,2	-0,35	
32,205	-0,36	
32,21	-0,36	
32,215	-0,37	
32,22	-0,38	
32,225	-0,38	
32,23	-0,39	
32,235	-0,39	
32,24	-0,4	
32,245	-0,41	
32,25	-0,42	
32,255	-0,43	
32,26	-0,43	
32,265	-0,43	
32,27	-0,44	
32,275	-0,44	
32,28	-0,45	
32,285	-0,45	
32,29	-0,46	
32,295	-0,46	
32,3	-0,47	
32,305	-0,47	
32,31	-0,47	
32,315	-0,47	
32,32	-0,47	
32,325	-0,47	
32,33	-0,47	
32,335	-0,47	
32,34	-0,47	
32,345	-0,48	
32,35	-0,48	
32,355	-0,48	
32,36	-0,48	
32,365	-0,48	
32,37	-0,47	
32,375	-0,47	
32,38	-0,47	
32,385	-0,47	
32,39	-0,47	
32,395	-0,46	
32,4	-0,46	
32,405	-0,46	
32,41	-0,46	
32,415	-0,45	
32,42	-0,45	
32,425	-0,44	
32,43	-0,43	
32,435	-0,43	
32,44	-0,43	
32,445	-0,42	
32,45	-0,41	
32,455	-0,41	
32,46	-0,4	
32,465	-0,39	
32,47	-0,39	
32,475	-0,38	
32,48	-0,37	
32,485	-0,36	
32,49	-0,35	
32,495	-0,34	
32,5	-0,33	
32,505	-0,33	
32,51	-0,31	
32,515	-0,3	
32,52	-0,29	
32,525	-0,28	
32,53	-0,27	
32,535	-0,26	
32,54	-0,25	
32,545	-0,24	
32,55	-0,23	
32,555	-0,22	
32,56	-0,21	
32,565	-0,19	
32,57	-0,18	
32,575	-0,16	
32,58	-0,15	
32,585	-0,14	
32,59	-0,12	
32,595	-0,11	
32,6	-0,1	
32,605	-0,09	
32,61	-0,07	
32,615	-0,06	
32,62	-0,05	
32,625	-0,03	
32,63	-0,02	
32,635	-0,01	
32,64	0	
32,645	0,02	
32,65	0,03	
32,655	0,04	
32,66	0,06	
32,665	0,07	
32,67	0,08	
32,675	0,1	
32,68	0,12	
32,685	0,13	
32,69	0,14	
32,695	0,15	
32,7	0,17	
32,705	0,18	
32,71	0,19	
32,715	0,21	
32,72	0,22	
32,725	0,23	
32,73	0,24	
32,735	0,26	
32,74	0,27	
32,745	0,28	
32,75	0,29	
32,755	0,31	
32,76	0,32	
32,765	0,33	
32,77	0,34	
32,775	0,35	
32,78	0,37	
32,785	0,37	
32,79	0,38	
32,795	0,4	
32,8	0,41	
32,805	0,42	
32,81	0,42	
32,815	0,43	
32,82	0,44	
32,825	0,45	
32,83	0,46	
32,835	0,47	
32,84	0,48	
32,845	0,49	
32,85	0,5	
32,855	0,5	
32,86	0,51	
32,865	0,51	
32,87	0,52	
32,875	0,52	
32,88	0,53	
32,885	0,54	
32,89	0,54	
32,895	0,54	
32,9	0,54	
32,905	0,55	
32,91	0,55	
32,915	0,55	
32,92	0,56	
32,925	0,56	
32,93	0,56	
32,935	0,56	
32,94	0,56	
32,945	0,56	
32,95	0,56	
32,955	0,56	
32,96	0,56	
32,965	0,56	
32,97	0,56	
32,975	0,56	
32,98	0,55	
32,985	0,55	
32,99	0,55	
32,995	0,54	
33,0	0,54	
33,005	0,53	
33,01	0,53	
33,015	0,52	
33,02	0,52	
33,025	0,51	
33,03	0,51	
33,035	0,5	
33,04	0,49	
33,045	0,49	
33,05	0,48	
33,055	0,47	
33,06	0,47	
33,065	0,46	
33,07	0,45	
33,075	0,43	
33,08	0,43	
33,085	0,41	
33,09	0,4	
33,095	0,39	
33,1	0,38	
33,105	0,37	
33,11	0,36	
33,115	0,35	
33,12	0,34	
33,125	0,33	
33,13	0,32	
33,135	0,31	
33,14	0,3	
33,145	0,29	
33,15	0,27	
33,155	0,26	
33,16	0,23	
33,165	0,22	
33,17	0,2	
33,175	0,19	
33,18	0,18	
33,185	0,16	
33,19	0,15	
33,195	0,14	
33,2	0,12	
33,205	0,11	
33,21	0,1	
33,215	0,08	
33,22	0,07	
33,225	0,06	
33,23	0,04	
33,235	0,02	
33,24	0,01	
33,245	-0,01	
33,25	-0,03	
33,255	-0,04	
33,26	-0,06	
33,265	-0,08	
33,27	-0,09	
33,275	-0,1	
33,28	-0,12	
33,285	-0,13	
33,29	-0,15	
33,295	-0,16	
33,3	-0,18	
33,305	-0,19	
33,31	-0,21	
33,315	-0,22	
33,32	-0,24	
33,325	-0,25	
33,33	-0,26	
33,335	-0,28	
33,34	-0,29	
33,345	-0,31	
33,35	-0,32	
33,355	-0,34	
33,36	-0,35	
33,365	-0,36	
33,37	-0,37	
33,375	-0,38	
33,38	-0,39	
33,385	-0,4	
33,39	-0,41	
33,395	-0,43	
33,4	-0,45	
33,405	-0,46	
33,41	-0,47	
33,415	-0,48	
33,42	-0,49	
33,425	-0,49	
33,43	-0,5	
33,435	-0,51	
33,44	-0,51	
33,445	-0,52	
33,45	-0,53	
33,455	-0,53	
33,46	-0,54	
33,465	-0,55	
33,47	-0,56	
33,475	-0,57	
33,48	-0,57	
33,485	-0,58	
33,49	-0,58	
33,495	-0,58	
33,5	-0,59	
33,505	-0,59	
33,51	-0,6	
33,515	-0,6	
33,52	-0,6	
33,525	-0,61	
33,53	-0,6	
33,535	-0,6	
33,54	-0,6	
33,545	-0,6	
33,55	-0,6	
33,555	-0,6	
33,56	-0,61	
33,565	-0,6	
33,57	-0,6	
33,575	-0,6	
33,58	-0,6	
33,585	-0,59	
33,59	-0,58	
33,595	-0,58	
33,6	-0,58	
33,605	-0,57	
33,61	-0,57	
33,615	-0,56	
33,62	-0,56	
33,625	-0,55	
33,63	-0,55	
33,635	-0,54	
33,64	-0,54	
33,645	-0,52	
33,65	-0,52	
33,655	-0,51	
33,66	-0,5	
33,665	-0,49	
33,67	-0,48	
33,675	-0,47	
33,68	-0,46	
33,685	-0,45	
33,69	-0,44	
33,695	-0,42	
33,7	-0,41	
33,705	-0,4	
33,71	-0,39	
33,715	-0,38	
33,72	-0,37	
33,725	-0,35	
33,73	-0,34	
33,735	-0,33	
33,74	-0,31	
33,745	-0,3	
33,75	-0,29	
33,755	-0,27	
33,76	-0,26	
33,765	-0,24	
33,77	-0,23	
33,775	-0,21	
33,78	-0,2	
33,785	-0,19	
33,79	-0,17	
33,795	-0,16	
33,8	-0,14	
33,805	-0,12	
33,81	-0,1	
33,815	-0,09	
33,82	-0,08	
33,825	-0,06	
33,83	-0,05	
33,835	-0,03	
33,84	-0,02	
33,845	0	
33,85	0,02	
33,855	0,03	
33,86	0,05	
33,865	0,06	
33,87	0,07	
33,875	0,09	
33,88	0,11	
33,885	0,13	
33,89	0,15	
33,895	0,17	
33,9	0,18	
33,905	0,2	
33,91	0,21	
33,915	0,22	
33,92	0,23	
33,925	0,24	
33,93	0,26	
33,935	0,27	
33,94	0,29	
33,945	0,3	
33,95	0,32	
33,955	0,33	
33,96	0,34	
33,965	0,36	
33,97	0,37	
33,975	0,38	
33,98	0,39	
33,985	0,41	
33,99	0,42	
33,995	0,43	
34,0	0,44	
34,005	0,45	
34,01	0,46	
34,015	0,47	
34,02	0,48	
34,025	0,49	
34,03	0,5	
34,035	0,51	
34,04	0,52	
34,045	0,53	
34,05	0,54	
34,055	0,55	
34,06	0,55	
34,065	0,56	
34,07	0,56	
34,075	0,57	
34,08	0,57	
34,085	0,57	
34,09	0,58	
34,095	0,58	
34,1	0,59	
34,105	0,59	
34,11	0,6	
34,115	0,6	
34,12	0,6	
34,125	0,6	
34,13	0,6	
34,135	0,6	
34,14	0,6	
34,145	0,6	
34,15	0,6	
34,155	0,6	
34,16	0,6	
34,165	0,6	
34,17	0,6	
34,175	0,6	
34,18	0,6	
34,185	0,59	
34,19	0,59	
34,195	0,58	
34,2	0,58	
34,205	0,57	
34,21	0,57	
34,215	0,56	
34,22	0,55	
34,225	0,55	
34,23	0,54	
34,235	0,53	
34,24	0,53	
34,245	0,52	
34,25	0,51	
34,255	0,5	
34,26	0,49	
34,265	0,48	
34,27	0,48	
34,275	0,46	
34,28	0,46	
34,285	0,45	
34,29	0,43	
34,295	0,42	
34,3	0,41	
34,305	0,4	
34,31	0,39	
34,315	0,38	
34,32	0,36	
34,325	0,35	
34,33	0,34	
34,335	0,33	
34,34	0,32	
34,345	0,31	
34,35	0,29	
34,355	0,28	
34,36	0,27	
34,365	0,25	
34,37	0,23	
34,375	0,22	
34,38	0,2	
34,385	0,19	
34,39	0,17	
34,395	0,16	
34,4	0,14	
34,405	0,12	
34,41	0,11	
34,415	0,1	
34,42	0,08	
34,425	0,07	
34,43	0,06	
34,435	0,04	
34,44	0,02	
34,445	0,01	
34,45	-0,01	
34,455	-0,03	
34,46	-0,04	
34,465	-0,06	
34,47	-0,07	
34,475	-0,08	
34,48	-0,1	
34,485	-0,11	
34,49	-0,13	
34,495	-0,14	
34,5	-0,16	
34,505	-0,18	
34,51	-0,19	
34,515	-0,2	
34,52	-0,22	
34,525	-0,23	
34,53	-0,25	
34,535	-0,26	
34,54	-0,28	
34,545	-0,29	
34,55	-0,3	
34,555	-0,32	
34,56	-0,33	
34,565	-0,33	
34,57	-0,35	
34,575	-0,36	
34,58	-0,37	
34,585	-0,38	
34,59	-0,4	
34,595	-0,41	
34,6	-0,41	
34,605	-0,42	
34,61	-0,43	
34,615	-0,44	
34,62	-0,45	
34,625	-0,46	
34,63	-0,46	
34,635	-0,48	
34,64	-0,48	
34,645	-0,49	
34,65	-0,5	
34,655	-0,5	
34,66	-0,51	
34,665	-0,52	
34,67	-0,52	
34,675	-0,53	
34,68	-0,53	
34,685	-0,54	
34,69	-0,55	
34,695	-0,55	
34,7	-0,55	
34,705	-0,55	
34,71	-0,55	
34,715	-0,55	
34,72	-0,56	
34,725	-0,56	
34,73	-0,56	
34,735	-0,56	
34,74	-0,57	
34,745	-0,57	
34,75	-0,56	
34,755	-0,56	
34,76	-0,56	
34,765	-0,56	
34,77	-0,56	
34,775	-0,55	
34,78	-0,55	
34,785	-0,55	
34,79	-0,54	
34,795	-0,54	
34,8	-0,53	
34,805	-0,53	
34,81	-0,53	
34,815	-0,52	
34,82	-0,52	
34,825	-0,51	
34,83	-0,5	
34,835	-0,5	
34,84	-0,49	
34,845	-0,49	
34,85	-0,48	
34,855	-0,47	
34,86	-0,46	
34,865	-0,45	
34,87	-0,44	
34,875	-0,43	
34,88	-0,42	
34,885	-0,41	
34,89	-0,4	
34,895	-0,39	
34,9	-0,38	
34,905	-0,37	
34,91	-0,37	
34,915	-0,35	
34,92	-0,34	
34,925	-0,32	
34,93	-0,31	
34,935	-0,3	
34,94	-0,29	
34,945	-0,28	
34,95	-0,27	
34,955	-0,26	
34,96	-0,25	
34,965	-0,23	
34,97	-0,22	
34,975	-0,2	
34,98	-0,18	
34,985	-0,17	
34,99	-0,16	
34,995	-0,15	
35,0	-0,14	
35,005	-0,13	
35,01	-0,12	
35,015	-0,1	
35,02	-0,08	
35,025	-0,06	
35,03	-0,05	
35,035	-0,04	
35,04	-0,03	
35,045	-0,02	
35,05	-0,01	
35,055	0,01	
35,06	0,02	
35,065	0,04	
35,07	0,05	
35,075	0,07	
35,08	0,08	
35,085	0,09	
35,09	0,1	
35,095	0,12	
35,1	0,13	
35,105	0,14	
35,11	0,16	
35,115	0,17	
35,12	0,18	
35,125	0,19	
35,13	0,2	
35,135	0,22	
35,14	0,23	
35,145	0,24	
35,15	0,25	
35,155	0,26	
35,16	0,27	
35,165	0,28	
35,17	0,29	
35,175	0,3	
35,18	0,31	
35,185	0,33	
35,19	0,33	
35,195	0,34	
35,2	0,36	
35,205	0,36	
35,21	0,37	
35,215	0,38	
35,22	0,38	
35,225	0,39	
35,23	0,4	
35,235	0,41	
35,24	0,41	
35,245	0,42	
35,25	0,42	
35,255	0,43	
35,26	0,44	
35,265	0,44	
35,27	0,44	
35,275	0,45	
35,28	0,45	
35,285	0,45	
35,29	0,46	
35,295	0,46	
35,3	0,47	
35,305	0,47	
35,31	0,47	
35,315	0,47	
35,32	0,47	
35,325	0,47	
35,33	0,47	
35,335	0,48	
35,34	0,48	
35,345	0,48	
35,35	0,48	
35,355	0,47	
35,36	0,47	
35,365	0,47	
35,37	0,47	
35,375	0,47	
35,38	0,47	
35,385	0,47	
35,39	0,46	
35,395	0,46	
35,4	0,45	
35,405	0,45	
35,41	0,44	
35,415	0,44	
35,42	0,44	
35,425	0,43	
35,43	0,43	
35,435	0,42	
35,44	0,41	
35,445	0,41	
35,45	0,4	
35,455	0,39	
35,46	0,38	
35,465	0,38	
35,47	0,38	
35,475	0,37	
35,48	0,36	
35,485	0,35	
35,49	0,34	
35,495	0,33	
35,5	0,32	
35,505	0,31	
35,51	0,31	
35,515	0,3	
35,52	0,29	
35,525	0,28	
35,53	0,27	
35,535	0,26	
35,54	0,25	
35,545	0,24	
35,55	0,23	
35,555	0,22	
35,56	0,21	
35,565	0,2	
35,57	0,19	
35,575	0,18	
35,58	0,17	
35,585	0,15	
35,59	0,14	
35,595	0,13	
35,6	0,12	
35,605	0,11	
35,61	0,1	
35,615	0,09	
35,62	0,08	
35,625	0,07	
35,63	0,06	
35,635	0,05	
35,64	0,04	
35,645	0,03	
35,65	0,02	
35,655	0,01	
35,66	0	
35,665	-0,03	
35,67	-0,03	
35,675	-0,05	
35,68	-0,05	
35,685	-0,06	
35,69	-0,07	
35,695	-0,08	
35,7	-0,09	
35,705	-0,1	
35,71	-0,12	
35,715	-0,13	
35,72	-0,13	
35,725	-0,14	
35,73	-0,15	
35,735	-0,16	
35,74	-0,16	
35,745	-0,18	
35,75	-0,19	
35,755	-0,2	
35,76	-0,21	
35,765	-0,22	
35,77	-0,22	
35,775	-0,23	
35,78	-0,24	
35,785	-0,24	
35,79	-0,25	
35,795	-0,26	
35,8	-0,27	
35,805	-0,27	
35,81	-0,28	
35,815	-0,28	
35,82	-0,28	
35,825	-0,29	
35,83	-0,3	
35,835	-0,3	
35,84	-0,31	
35,845	-0,32	
35,85	-0,33	
35,855	-0,33	
35,86	-0,33	
35,865	-0,33	
35,87	-0,33	
35,875	-0,34	
35,88	-0,34	
35,885	-0,34	
35,89	-0,34	
35,895	-0,35	
35,9	-0,35	
35,905	-0,35	
35,91	-0,36	
35,915	-0,36	
35,92	-0,36	
35,925	-0,36	
35,93	-0,36	
35,935	-0,36	
35,94	-0,36	
35,945	-0,36	
35,95	-0,36	
35,955	-0,36	
35,96	-0,36	
35,965	-0,36	
35,97	-0,36	
35,975	-0,36	
35,98	-0,36	
35,985	-0,35	
35,99	-0,34	
35,995	-0,34	
36,0	-0,33	
36,005	-0,33	
36,01	-0,33	
36,015	-0,33	
36,02	-0,33	
36,025	-0,33	
36,03	-0,33	
36,035	-0,32	
36,04	-0,31	
36,045	-0,31	
36,05	-0,3	
36,055	-0,3	
36,06	-0,29	
36,065	-0,29	
36,07	-0,29	
36,075	-0,28	
36,08	-0,28	
36,085	-0,27	
36,09	-0,26	
36,095	-0,25	
36,1	-0,24	
36,105	-0,24	
36,11	-0,23	
36,115	-0,23	
36,12	-0,22	
36,125	-0,21	
36,13	-0,21	
36,135	-0,2	
36,14	-0,19	
36,145	-0,18	
36,15	-0,17	
36,155	-0,17	
36,16	-0,16	
36,165	-0,16	
36,17	-0,15	
36,175	-0,14	
36,18	-0,13	
36,185	-0,12	
36,19	-0,12	
36,195	-0,11	
36,2	-0,11	
36,205	-0,1	
36,21	-0,1	
36,215	-0,09	
36,22	-0,08	
36,225	-0,07	
36,23	-0,06	
36,235	-0,05	
36,24	-0,04	
36,245	-0,03	
36,25	-0,03	
36,255	-0,02	
36,26	-0,01	
36,265	0	
36,27	0	
36,275	0,01	
36,28	0,02	
36,285	0,02	
36,29	0,03	
36,295	0,03	
36,3	0,04	
36,305	0,05	
36,31	0,06	
36,315	0,07	
36,32	0,07	
36,325	0,08	
36,33	0,08	
36,335	0,09	
36,34	0,09	
36,345	0,1	
36,35	0,11	
36,355	0,11	
36,36	0,12	
36,365	0,12	
36,37	0,13	
36,375	0,13	
36,38	0,14	
36,385	0,14	
36,39	0,15	
36,395	0,15	
36,4	0,16	
36,405	0,16	
36,41	0,17	
36,415	0,17	
36,42	0,17	
36,425	0,18	
36,43	0,18	
36,435	0,18	
36,44	0,19	
36,445	0,19	
36,45	0,2	
36,455	0,2	
36,46	0,2	
36,465	0,21	
36,47	0,2	
36,475	0,2	
36,48	0,21	
36,485	0,21	
36,49	0,21	
36,495	0,21	
36,5	0,22	
36,505	0,22	
36,51	0,22	
36,515	0,21	
36,52	0,21	
36,525	0,21	
36,53	0,21	
36,535	0,21	
36,54	0,21	
36,545	0,21	
36,55	0,21	
36,555	0,21	
36,56	0,21	
36,565	0,21	
36,57	0,21	
36,575	0,21	
36,58	0,21	
36,585	0,21	
36,59	0,21	
36,595	0,21	
36,6	0,2	
36,605	0,2	
36,61	0,2	
36,615	0,2	
36,62	0,2	
36,625	0,2	
36,63	0,19	
36,635	0,19	
36,64	0,19	
36,645	0,18	
36,65	0,18	
36,655	0,18	
36,66	0,18	
36,665	0,18	
36,67	0,18	
36,675	0,17	
36,68	0,17	
36,685	0,16	
36,69	0,16	
36,695	0,16	
36,7	0,15	
36,705	0,15	
36,71	0,14	
36,715	0,14	
36,72	0,14	
36,725	0,13	
36,73	0,13	
36,735	0,13	
36,74	0,12	
36,745	0,12	
36,75	0,12	
36,755	0,11	
36,76	0,11	
36,765	0,1	
36,77	0,1	
36,775	0,1	
36,78	0,09	
36,785	0,09	
36,79	0,09	
36,795	0,08	
36,8	0,08	
36,805	0,08	
36,81	0,07	
36,815	0,07	
36,82	0,07	
36,825	0,06	
36,83	0,06	
36,835	0,05	
36,84	0,05	
36,845	0,05	
36,85	0,04	
36,855	0,04	
36,86	0,04	
36,865	0,04	
36,87	0,04	
36,875	0,03	
36,88	0,02	
36,885	0,01	
36,89	0	
36,895	0	
36,9	0	
36,905	0	
36,91	0	
36,915	0	
36,92	0	
36,925	0	
36,93	-0,01	
36,935	-0,01	
36,94	-0,01	
36,945	-0,02	
36,95	-0,01	
36,955	-0,02	
36,96	-0,02	
36,965	-0,02	
36,97	-0,03	
36,975	-0,03	
36,98	-0,03	
36,985	-0,04	
36,99	-0,03	
36,995	-0,04	
37,0	-0,04	
37,005	-0,04	
37,01	-0,04	
37,015	-0,04	
37,02	-0,04	
37,025	-0,05	
37,03	-0,05	
37,035	-0,05	
37,04	-0,04	
37,045	-0,04	
37,05	-0,05	
37,055	-0,05	
37,06	-0,05	
37,065	-0,05	
37,07	-0,05	
37,075	-0,06	
37,08	-0,06	
37,085	-0,05	
37,09	-0,05	
37,095	-0,05	
37,1	-0,05	
37,105	-0,06	
37,11	-0,06	
37,115	-0,06	
37,12	-0,06	
37,125	-0,06	
37,13	-0,06	
37,135	-0,06	
37,14	-0,06	
37,145	-0,06	
37,15	-0,06	
37,155	-0,06	
37,16	-0,06	
37,165	-0,06	
37,17	-0,06	
37,175	-0,06	
37,18	-0,06	
37,185	-0,06	
37,19	-0,06	
37,195	-0,06	
37,2	-0,06	
37,205	-0,06	
37,21	-0,06	
37,215	-0,06	
37,22	-0,06	
37,225	-0,06	
37,23	-0,06	
37,235	-0,06	
37,24	-0,06	
37,245	-0,06	
37,25	-0,06	
37,255	-0,05	
37,26	-0,05	
37,265	-0,05	
37,27	-0,05	
37,275	-0,05	
37,28	-0,05	
37,285	-0,05	
37,29	-0,05	
37,295	-0,05	
37,3	-0,05	
37,305	-0,05	
37,31	-0,05	
37,315	-0,05	
37,32	-0,04	
37,325	-0,05	
37,33	-0,05	
37,335	-0,05	
37,34	-0,05	
37,345	-0,05	
37,35	-0,04	
37,355	-0,04	
37,36	-0,04	
37,365	-0,04	
37,37	-0,05	
37,375	-0,05	
37,38	-0,05	
37,385	-0,05	
37,39	-0,05	
37,395	-0,05	
37,4	-0,05	
37,405	-0,05	
37,41	-0,05	
37,415	-0,05	
37,42	-0,06	
37,425	-0,06	
37,43	-0,06	
37,435	-0,06	
37,44	-0,06	
37,445	-0,06	
37,45	-0,06	
37,455	-0,06	
37,46	-0,06	
37,465	-0,06	
37,47	-0,06	
37,475	-0,07	
37,48	-0,07	
37,485	-0,06	
37,49	-0,06	
37,495	-0,06	
37,5	-0,06	
37,505	-0,06	
37,51	-0,06	
37,515	-0,07	
37,52	-0,07	
37,525	-0,07	
37,53	-0,07	
37,535	-0,07	
37,54	-0,07	
37,545	-0,07	
37,55	-0,08	
37,555	-0,08	
37,56	-0,08	
37,565	-0,08	
37,57	-0,08	
37,575	-0,08	
37,58	-0,08	
37,585	-0,09	
37,59	-0,08	
37,595	-0,09	
37,6	-0,09	
37,605	-0,09	
37,61	-0,09	
37,615	-0,09	
37,62	-0,09	
37,625	-0,09	
37,63	-0,09	
37,635	-0,09	
37,64	-0,1	
37,645	-0,1	
37,65	-0,1	
37,655	-0,1	
37,66	-0,1	
37,665	-0,1	
37,67	-0,1	
37,675	-0,1	
37,68	-0,1	
37,685	-0,1	
37,69	-0,1	
37,695	-0,11	
37,7	-0,11	
37,705	-0,11	
37,71	-0,11	
37,715	-0,11	
37,72	-0,11	
37,725	-0,11	
37,73	-0,11	
37,735	-0,11	
37,74	-0,11	
37,745	-0,11	
37,75	-0,11	
37,755	-0,1	
37,76	-0,1	
37,765	-0,09	
37,77	-0,09	
37,775	-0,09	
37,78	-0,1	
37,785	-0,1	
37,79	-0,1	
37,795	-0,1	
37,8	-0,09	
37,805	-0,09	
37,81	-0,09	
37,815	-0,09	
37,82	-0,09	
37,825	-0,09	
37,83	-0,09	
37,835	-0,09	
37,84	-0,09	
37,845	-0,08	
37,85	-0,08	
37,855	-0,08	
37,86	-0,08	
37,865	-0,07	
37,87	-0,07	
37,875	-0,07	
37,88	-0,07	
37,885	-0,06	
37,89	-0,06	
37,895	-0,05	
37,9	-0,05	
37,905	-0,05	
37,91	-0,05	
37,915	-0,05	
37,92	-0,05	
37,925	-0,04	
37,93	-0,04	
37,935	-0,03	
37,94	-0,02	
37,945	-0,02	
37,95	-0,02	
37,955	-0,02	
37,96	-0,01	
37,965	-0,01	
37,97	-0,01	
37,975	0	
37,98	0,01	
37,985	0,01	
37,99	0,02	
37,995	0,02	
38,0	0,03	
38,005	0,03	
38,01	0,03	
38,015	0,04	
38,02	0,04	
38,025	0,05	
38,03	0,06	
38,035	0,06	
38,04	0,07	
38,045	0,07	
38,05	0,07	
38,055	0,07	
38,06	0,07	
38,065	0,08	
38,07	0,09	
38,075	0,1	
38,08	0,1	
38,085	0,11	
38,09	0,11	
38,095	0,11	
38,1	0,12	
38,105	0,12	
38,11	0,12	
38,115	0,13	
38,12	0,14	
38,125	0,15	
38,13	0,15	
38,135	0,16	
38,14	0,16	
38,145	0,16	
38,15	0,16	
38,155	0,17	
38,16	0,18	
38,165	0,18	
38,17	0,19	
38,175	0,19	
38,18	0,19	
38,185	0,2	
38,19	0,2	
38,195	0,2	
38,2	0,21	
38,205	0,21	
38,21	0,22	
38,215	0,22	
38,22	0,22	
38,225	0,22	
38,23	0,23	
38,235	0,23	
38,24	0,23	
38,245	0,23	
38,25	0,24	
38,255	0,24	
38,26	0,24	
38,265	0,25	
38,27	0,25	
38,275	0,24	
38,28	0,25	
38,285	0,25	
38,29	0,25	
38,295	0,26	
38,3	0,26	
38,305	0,26	
38,31	0,26	
38,315	0,26	
38,32	0,26	
38,325	0,25	
38,33	0,25	
38,335	0,26	
38,34	0,26	
38,345	0,26	
38,35	0,26	
38,355	0,26	
38,36	0,26	
38,365	0,25	
38,37	0,25	
38,375	0,25	
38,38	0,24	
38,385	0,24	
38,39	0,24	
38,395	0,24	
38,4	0,24	
38,405	0,23	
38,41	0,23	
38,415	0,22	
38,42	0,22	
38,425	0,22	
38,43	0,22	
38,435	0,22	
38,44	0,22	
38,445	0,21	
38,45	0,21	
38,455	0,2	
38,46	0,19	
38,465	0,19	
38,47	0,18	
38,475	0,18	
38,48	0,17	
38,485	0,17	
38,49	0,16	
38,495	0,15	
38,5	0,14	
38,505	0,14	
38,51	0,13	
38,515	0,13	
38,52	0,12	
38,525	0,12	
38,53	0,11	
38,535	0,1	
38,54	0,1	
38,545	0,09	
38,55	0,08	
38,555	0,07	
38,56	0,07	
38,565	0,06	
38,57	0,05	
38,575	0,04	
38,58	0,03	
38,585	0,02	
38,59	0,01	
38,595	0	
38,6	-0,01	
38,605	-0,01	
38,61	-0,02	
38,615	-0,03	
38,62	-0,03	
38,625	-0,04	
38,63	-0,05	
38,635	-0,06	
38,64	-0,07	
38,645	-0,08	
38,65	-0,08	
38,655	-0,1	
38,66	-0,1	
38,665	-0,11	
38,67	-0,12	
38,675	-0,13	
38,68	-0,13	
38,685	-0,15	
38,69	-0,15	
38,695	-0,16	
38,7	-0,17	
38,705	-0,18	
38,71	-0,18	
38,715	-0,19	
38,72	-0,2	
38,725	-0,21	
38,73	-0,22	
38,735	-0,23	
38,74	-0,24	
38,745	-0,25	
38,75	-0,25	
38,755	-0,25	
38,76	-0,26	
38,765	-0,27	
38,77	-0,27	
38,775	-0,28	
38,78	-0,29	
38,785	-0,29	
38,79	-0,3	
38,795	-0,3	
38,8	-0,31	
38,805	-0,31	
38,81	-0,32	
38,815	-0,33	
38,82	-0,33	
38,825	-0,34	
38,83	-0,34	
38,835	-0,35	
38,84	-0,35	
38,845	-0,36	
38,85	-0,36	
38,855	-0,36	
38,86	-0,36	
38,865	-0,37	
38,87	-0,37	
38,875	-0,37	
38,88	-0,38	
38,885	-0,38	
38,89	-0,38	
38,895	-0,38	
38,9	-0,38	
38,905	-0,39	
38,91	-0,39	
38,915	-0,39	
38,92	-0,39	
38,925	-0,39	
38,93	-0,39	
38,935	-0,39	
38,94	-0,39	
38,945	-0,39	
38,95	-0,38	
38,955	-0,39	
38,96	-0,38	
38,965	-0,38	
38,97	-0,38	
38,975	-0,38	
38,98	-0,37	
38,985	-0,37	
38,99	-0,37	
38,995	-0,36	
39,0	-0,36	
39,005	-0,36	
39,01	-0,35	
39,015	-0,34	
39,02	-0,34	
39,025	-0,33	
39,03	-0,33	
39,035	-0,32	
39,04	-0,32	
39,045	-0,32	
39,05	-0,31	
39,055	-0,31	
39,06	-0,29	
39,065	-0,29	
39,07	-0,28	
39,075	-0,27	
39,08	-0,26	
39,085	-0,26	
39,09	-0,25	
39,095	-0,24	
39,1	-0,23	
39,105	-0,22	
39,11	-0,21	
39,115	-0,2	
39,12	-0,19	
39,125	-0,18	
39,13	-0,17	
39,135	-0,16	
39,14	-0,15	
39,145	-0,14	
39,15	-0,13	
39,155	-0,12	
39,16	-0,11	
39,165	-0,1	
39,17	-0,09	
39,175	-0,08	
39,18	-0,07	
39,185	-0,06	
39,19	-0,05	
39,195	-0,04	
39,2	-0,02	
39,205	-0,01	
39,21	0	
39,215	0,02	
39,22	0,03	
39,225	0,04	
39,23	0,05	
39,235	0,06	
39,24	0,07	
39,245	0,09	
39,25	0,1	
39,255	0,11	
39,26	0,12	
39,265	0,13	
39,27	0,14	
39,275	0,16	
39,28	0,16	
39,285	0,18	
39,29	0,19	
39,295	0,2	
39,3	0,21	
39,305	0,22	
39,31	0,23	
39,315	0,23	
39,32	0,24	
39,325	0,26	
39,33	0,27	
39,335	0,28	
39,34	0,29	
39,345	0,3	
39,35	0,31	
39,355	0,32	
39,36	0,33	
39,365	0,34	
39,37	0,35	
39,375	0,36	
39,38	0,37	
39,385	0,38	
39,39	0,39	
39,395	0,39	
39,4	0,4	
39,405	0,4	
39,41	0,41	
39,415	0,42	
39,42	0,43	
39,425	0,43	
39,43	0,44	
39,435	0,44	
39,44	0,45	
39,445	0,45	
39,45	0,46	
39,455	0,46	
39,46	0,47	
39,465	0,48	
39,47	0,48	
39,475	0,48	
39,48	0,49	
39,485	0,49	
39,49	0,49	
39,495	0,49	
39,5	0,49	
39,505	0,49	
39,51	0,49	
39,515	0,49	
39,52	0,49	
39,525	0,5	
39,53	0,5	
39,535	0,5	
39,54	0,5	
39,545	0,49	
39,55	0,48	
39,555	0,48	
39,56	0,48	
39,565	0,48	
39,57	0,48	
39,575	0,48	
39,58	0,47	
39,585	0,47	
39,59	0,46	
39,595	0,45	
39,6	0,45	
39,605	0,45	
39,61	0,44	
39,615	0,44	
39,62	0,43	
39,625	0,42	
39,63	0,41	
39,635	0,41	
39,64	0,4	
39,645	0,39	
39,65	0,38	
39,655	0,38	
39,66	0,37	
39,665	0,36	
39,67	0,35	
39,675	0,34	
39,68	0,33	
39,685	0,32	
39,69	0,31	
39,695	0,3	
39,7	0,29	
39,705	0,28	
39,71	0,27	
39,715	0,26	
39,72	0,24	
39,725	0,23	
39,73	0,22	
39,735	0,2	
39,74	0,19	
39,745	0,18	
39,75	0,17	
39,755	0,16	
39,76	0,14	
39,765	0,13	
39,77	0,12	
39,775	0,11	
39,78	0,09	
39,785	0,09	
39,79	0,07	
39,795	0,06	
39,8	0,04	
39,805	0,03	
39,81	0,01	
39,815	-0,01	
39,82	-0,02	
39,825	-0,03	
39,83	-0,05	
39,835	-0,06	
39,84	-0,07	
39,845	-0,08	
39,85	-0,1	
39,855	-0,11	
39,86	-0,13	
39,865	-0,14	
39,87	-0,16	
39,875	-0,17	
39,88	-0,19	
39,885	-0,2	
39,89	-0,21	
39,895	-0,22	
39,9	-0,24	
39,905	-0,25	
39,91	-0,26	
39,915	-0,27	
39,92	-0,28	
39,925	-0,29	
39,93	-0,31	
39,935	-0,32	
39,94	-0,33	
39,945	-0,34	
39,95	-0,36	
39,955	-0,37	
39,96	-0,38	
39,965	-0,38	
39,97	-0,4	
39,975	-0,41	
39,98	-0,41	
39,985	-0,42	
39,99	-0,43	
39,995	-0,44	
40,0	-0,45	
40,005	-0,46	
40,01	-0,47	
40,015	-0,47	
40,02	-0,48	
40,025	-0,49	
40,03	-0,5	
40,035	-0,51	
40,04	-0,51	
40,045	-0,52	
40,05	-0,52	
40,055	-0,53	
40,06	-0,53	
40,065	-0,53	
40,07	-0,54	
40,075	-0,54	
40,08	-0,55	
40,085	-0,55	
40,09	-0,55	
40,095	-0,56	
40,1	-0,56	
40,105	-0,56	
40,11	-0,56	
40,115	-0,56	
40,12	-0,56	
40,125	-0,56	
40,13	-0,56	
40,135	-0,56	
40,14	-0,56	
40,145	-0,56	
40,15	-0,55	
40,155	-0,55	
40,16	-0,55	
40,165	-0,55	
40,17	-0,54	
40,175	-0,54	
40,18	-0,54	
40,185	-0,53	
40,19	-0,52	
40,195	-0,52	
40,2	-0,51	
40,205	-0,5	
40,21	-0,49	
40,215	-0,49	
40,22	-0,49	
40,225	-0,48	
40,23	-0,47	
40,235	-0,47	
40,24	-0,46	
40,245	-0,45	
40,25	-0,44	
40,255	-0,43	
40,26	-0,42	
40,265	-0,42	
40,27	-0,41	
40,275	-0,39	
40,28	-0,38	
40,285	-0,37	
40,29	-0,35	
40,295	-0,34	
40,3	-0,33	
40,305	-0,32	
40,31	-0,31	
40,315	-0,3	
40,32	-0,29	
40,325	-0,27	
40,33	-0,26	
40,335	-0,24	
40,34	-0,23	
40,345	-0,21	
40,35	-0,2	
40,355	-0,18	
40,36	-0,17	
40,365	-0,15	
40,37	-0,14	
40,375	-0,12	
40,38	-0,11	
40,385	-0,1	
40,39	-0,09	
40,395	-0,07	
40,4	-0,06	
40,405	-0,04	
40,41	-0,03	
40,415	-0,01	
40,42	0	
40,425	0,02	
40,43	0,03	
40,435	0,05	
40,44	0,06	
40,445	0,08	
40,45	0,09	
40,455	0,11	
40,46	0,13	
40,465	0,15	
40,47	0,16	
40,475	0,18	
40,48	0,19	
40,485	0,2	
40,49	0,21	
40,495	0,23	
40,5	0,24	
40,505	0,26	
40,51	0,27	
40,515	0,29	
40,52	0,31	
40,525	0,31	
40,53	0,32	
40,535	0,34	
40,54	0,35	
40,545	0,36	
40,55	0,37	
40,555	0,39	
40,56	0,4	
40,565	0,41	
40,57	0,42	
40,575	0,43	
40,58	0,44	
40,585	0,45	
40,59	0,46	
40,595	0,47	
40,6	0,48	
40,605	0,49	
40,61	0,5	
40,615	0,5	
40,62	0,51	
40,625	0,52	
40,63	0,52	
40,635	0,53	
40,64	0,54	
40,645	0,55	
40,65	0,55	
40,655	0,56	
40,66	0,56	
40,665	0,57	
40,67	0,57	
40,675	0,57	
40,68	0,57	
40,685	0,58	
40,69	0,58	
40,695	0,59	
40,7	0,59	
40,705	0,59	
40,71	0,59	
40,715	0,59	
40,72	0,59	
40,725	0,59	
40,73	0,59	
40,735	0,59	
40,74	0,59	
40,745	0,58	
40,75	0,58	
40,755	0,58	
40,76	0,57	
40,765	0,57	
40,77	0,57	
40,775	0,56	
40,78	0,56	
40,785	0,55	
40,79	0,55	
40,795	0,54	
40,8	0,54	
40,805	0,53	
40,81	0,52	
40,815	0,51	
40,82	0,51	
40,825	0,5	
40,83	0,49	
40,835	0,49	
40,84	0,47	
40,845	0,46	
40,85	0,45	
40,855	0,44	
40,86	0,43	
40,865	0,43	
40,87	0,42	
40,875	0,41	
40,88	0,39	
40,885	0,38	
40,89	0,36	
40,895	0,35	
40,9	0,34	
40,905	0,33	
40,91	0,32	
40,915	0,31	
40,92	0,3	
40,925	0,28	
40,93	0,27	
40,935	0,25	
40,94	0,24	
40,945	0,22	
40,95	0,21	
40,955	0,2	
40,96	0,18	
40,965	0,17	
40,97	0,15	
40,975	0,14	
40,98	0,12	
40,985	0,11	
40,99	0,09	
40,995	0,08	
41,0	0,06	
41,005	0,04	
41,01	0,03	
41,015	0,02	
41,02	0	
41,025	-0,02	
41,03	-0,03	
41,035	-0,04	
41,04	-0,06	
41,045	-0,07	
41,05	-0,08	
41,055	-0,1	
41,06	-0,11	
41,065	-0,13	
41,07	-0,15	
41,075	-0,17	
41,08	-0,19	
41,085	-0,2	
41,09	-0,21	
41,095	-0,22	
41,1	-0,23	
41,105	-0,24	
41,11	-0,26	
41,115	-0,28	
41,12	-0,3	
41,125	-0,31	
41,13	-0,32	
41,135	-0,33	
41,14	-0,34	
41,145	-0,35	
41,15	-0,36	
41,155	-0,38	
41,16	-0,39	
41,165	-0,4	
41,17	-0,41	
41,175	-0,42	
41,18	-0,43	
41,185	-0,43	
41,19	-0,44	
41,195	-0,45	
41,2	-0,46	
41,205	-0,47	
41,21	-0,48	
41,215	-0,49	
41,22	-0,5	
41,225	-0,5	
41,23	-0,51	
41,235	-0,52	
41,24	-0,52	
41,245	-0,54	
41,25	-0,54	
41,255	-0,55	
41,26	-0,55	
41,265	-0,55	
41,27	-0,55	
41,275	-0,55	
41,28	-0,56	
41,285	-0,56	
41,29	-0,57	
41,295	-0,57	
41,3	-0,58	
41,305	-0,58	
41,31	-0,58	
41,315	-0,58	
41,32	-0,57	
41,325	-0,57	
41,33	-0,57	
41,335	-0,57	
41,34	-0,57	
41,345	-0,57	
41,35	-0,57	
41,355	-0,57	
41,36	-0,56	
41,365	-0,56	
41,37	-0,55	
41,375	-0,55	
41,38	-0,55	
41,385	-0,54	
41,39	-0,54	
41,395	-0,53	
41,4	-0,52	
41,405	-0,51	
41,41	-0,5	
41,415	-0,49	
41,42	-0,49	
41,425	-0,48	
41,43	-0,48	
41,435	-0,48	
41,44	-0,47	
41,445	-0,46	
41,45	-0,45	
41,455	-0,44	
41,46	-0,43	
41,465	-0,42	
41,47	-0,41	
41,475	-0,4	
41,48	-0,39	
41,485	-0,37	
41,49	-0,36	
41,495	-0,35	
41,5	-0,33	
41,505	-0,32	
41,51	-0,31	
41,515	-0,3	
41,52	-0,29	
41,525	-0,28	
41,53	-0,26	
41,535	-0,25	
41,54	-0,24	
41,545	-0,22	
41,55	-0,21	
41,555	-0,2	
41,56	-0,19	
41,565	-0,17	
41,57	-0,16	
41,575	-0,14	
41,58	-0,12	
41,585	-0,1	
41,59	-0,09	
41,595	-0,07	
41,6	-0,06	
41,605	-0,05	
41,61	-0,04	
41,615	-0,03	
41,62	-0,02	
41,625	0	
41,63	0,01	
41,635	0,03	
41,64	0,05	
41,645	0,07	
41,65	0,08	
41,655	0,09	
41,66	0,1	
41,665	0,12	
41,67	0,14	
41,675	0,15	
41,68	0,16	
41,685	0,18	
41,69	0,19	
41,695	0,2	
41,7	0,21	
41,705	0,22	
41,71	0,23	
41,715	0,25	
41,72	0,26	
41,725	0,27	
41,73	0,29	
41,735	0,3	
41,74	0,31	
41,745	0,32	
41,75	0,33	
41,755	0,34	
41,76	0,35	
41,765	0,36	
41,77	0,37	
41,775	0,38	
41,78	0,39	
41,785	0,4	
41,79	0,4	
41,795	0,41	
41,8	0,42	
41,805	0,42	
41,81	0,44	
41,815	0,45	
41,82	0,46	
41,825	0,46	
41,83	0,47	
41,835	0,47	
41,84	0,48	
41,845	0,48	
41,85	0,49	
41,855	0,49	
41,86	0,5	
41,865	0,5	
41,87	0,51	
41,875	0,51	
41,88	0,51	
41,885	0,51	
41,89	0,51	
41,895	0,52	
41,9	0,52	
41,905	0,52	
41,91	0,52	
41,915	0,52	
41,92	0,51	
41,925	0,51	
41,93	0,51	
41,935	0,51	
41,94	0,51	
41,945	0,51	
41,95	0,51	
41,955	0,51	
41,96	0,51	
41,965	0,51	
41,97	0,5	
41,975	0,49	
41,98	0,49	
41,985	0,49	
41,99	0,49	
41,995	0,48	
42,0	0,47	
42,005	0,46	
42,01	0,45	
42,015	0,44	
42,02	0,44	
42,025	0,44	
42,03	0,43	
42,035	0,42	
42,04	0,42	
42,045	0,41	
42,05	0,4	
42,055	0,39	
42,06	0,38	
42,065	0,37	
42,07	0,36	
42,075	0,36	
42,08	0,35	
42,085	0,34	
42,09	0,33	
42,095	0,32	
42,1	0,3	
42,105	0,29	
42,11	0,28	
42,115	0,27	
42,12	0,26	
42,125	0,25	
42,13	0,23	
42,135	0,22	
42,14	0,21	
42,145	0,2	
42,15	0,18	
42,155	0,18	
42,16	0,17	
42,165	0,15	
42,17	0,14	
42,175	0,13	
42,18	0,12	
42,185	0,11	
42,19	0,1	
42,195	0,08	
42,2	0,07	
42,205	0,06	
42,21	0,05	
42,215	0,03	
42,22	0,02	
42,225	0,01	
42,23	-0,01	
42,235	-0,02	
42,24	-0,03	
42,245	-0,05	
42,25	-0,06	
42,255	-0,06	
42,26	-0,08	
42,265	-0,09	
42,27	-0,1	
42,275	-0,11	
42,28	-0,13	
42,285	-0,14	
42,29	-0,15	
42,295	-0,16	
42,3	-0,17	
42,305	-0,18	
42,31	-0,19	
42,315	-0,2	
42,32	-0,21	
42,325	-0,23	
42,33	-0,23	
42,335	-0,24	
42,34	-0,25	
42,345	-0,26	
42,35	-0,27	
42,355	-0,27	
42,36	-0,28	
42,365	-0,3	
42,37	-0,31	
42,375	-0,32	
42,38	-0,33	
42,385	-0,33	
42,39	-0,33	
42,395	-0,34	
42,4	-0,34	
42,405	-0,35	
42,41	-0,36	
42,415	-0,37	
42,42	-0,37	
42,425	-0,38	
42,43	-0,38	
42,435	-0,38	
42,44	-0,39	
42,445	-0,39	
42,45	-0,39	
42,455	-0,41	
42,46	-0,41	
42,465	-0,42	
42,47	-0,42	
42,475	-0,42	
42,48	-0,42	
42,485	-0,42	
42,49	-0,42	
42,495	-0,42	
42,5	-0,43	
42,505	-0,43	
42,51	-0,43	
42,515	-0,43	
42,52	-0,42	
42,525	-0,42	
42,53	-0,42	
42,535	-0,42	
42,54	-0,43	
42,545	-0,43	
42,55	-0,43	
42,555	-0,42	
42,56	-0,42	
42,565	-0,41	
42,57	-0,4	
42,575	-0,4	
42,58	-0,4	
42,585	-0,4	
42,59	-0,4	
42,595	-0,4	
42,6	-0,39	
42,605	-0,39	
42,61	-0,38	
42,615	-0,37	
42,62	-0,36	
42,625	-0,36	
42,63	-0,35	
42,635	-0,35	
42,64	-0,35	
42,645	-0,34	
42,65	-0,33	
42,655	-0,32	
42,66	-0,31	
42,665	-0,3	
42,67	-0,29	
42,675	-0,29	
42,68	-0,28	
42,685	-0,28	
42,69	-0,27	
42,695	-0,27	
42,7	-0,25	
42,705	-0,24	
42,71	-0,23	
42,715	-0,22	
42,72	-0,22	
42,725	-0,21	
42,73	-0,2	
42,735	-0,19	
42,74	-0,18	
42,745	-0,17	
42,75	-0,16	
42,755	-0,15	
42,76	-0,14	
42,765	-0,13	
42,77	-0,13	
42,775	-0,12	
42,78	-0,11	
42,785	-0,09	
42,79	-0,08	
42,795	-0,07	
42,8	-0,06	
42,805	-0,05	
42,81	-0,05	
42,815	-0,05	
42,82	-0,04	
42,825	-0,03	
42,83	-0,02	
42,835	0	
42,84	0,01	
42,845	0,02	
42,85	0,03	
42,855	0,03	
42,86	0,04	
42,865	0,05	
42,87	0,06	
42,875	0,07	
42,88	0,08	
42,885	0,09	
42,89	0,1	
42,895	0,11	
42,9	0,12	
42,905	0,12	
42,91	0,13	
42,915	0,13	
42,92	0,14	
42,925	0,15	
42,93	0,16	
42,935	0,17	
42,94	0,18	
42,945	0,18	
42,95	0,19	
42,955	0,19	
42,96	0,2	
42,965	0,21	
42,97	0,22	
42,975	0,23	
42,98	0,23	
42,985	0,24	
42,99	0,24	
42,995	0,24	
43,0	0,24	
43,005	0,25	
43,01	0,25	
43,015	0,26	
43,02	0,27	
43,025	0,27	
43,03	0,27	
43,035	0,28	
43,04	0,28	
43,045	0,28	
43,05	0,29	
43,055	0,29	
43,06	0,3	
43,065	0,3	
43,07	0,3	
43,075	0,29	
43,08	0,29	
43,085	0,29	
43,09	0,29	
43,095	0,29	
43,1	0,3	
43,105	0,31	
43,11	0,31	
43,115	0,31	
43,12	0,31	
43,125	0,3	
43,13	0,3	
43,135	0,3	
43,14	0,3	
43,145	0,3	
43,15	0,3	
43,155	0,3	
43,16	0,3	
43,165	0,3	
43,17	0,3	
43,175	0,29	
43,18	0,29	
43,185	0,28	
43,19	0,28	
43,195	0,28	
43,2	0,28	
43,205	0,27	
43,21	0,27	
43,215	0,26	
43,22	0,26	
43,225	0,25	
43,23	0,25	
43,235	0,25	
43,24	0,24	
43,245	0,24	
43,25	0,24	
43,255	0,23	
43,26	0,22	
43,265	0,21	
43,27	0,21	
43,275	0,2	
43,28	0,2	
43,285	0,2	
43,29	0,2	
43,295	0,19	
43,3	0,18	
43,305	0,18	
43,31	0,17	
43,315	0,16	
43,32	0,16	
43,325	0,16	
43,33	0,15	
43,335	0,15	
43,34	0,14	
43,345	0,13	
43,35	0,12	
43,355	0,12	
43,36	0,11	
43,365	0,11	
43,37	0,1	
43,375	0,1	
43,38	0,09	
43,385	0,09	
43,39	0,08	
43,395	0,07	
43,4	0,06	
43,405	0,06	
43,41	0,05	
43,415	0,04	
43,42	0,04	
43,425	0,04	
43,43	0,03	
43,435	0,02	
43,44	0,01	
43,445	0	
43,45	0	
43,455	-0,01	
43,46	-0,01	
43,465	-0,01	
43,47	-0,01	
43,475	-0,02	
43,48	-0,03	
43,485	-0,03	
43,49	-0,04	
43,495	-0,05	
43,5	-0,05	
43,505	-0,06	
43,51	-0,06	
43,515	-0,06	
43,52	-0,07	
43,525	-0,07	
43,53	-0,08	
43,535	-0,08	
43,54	-0,09	
43,545	-0,1	
43,55	-0,1	
43,555	-0,1	
43,56	-0,1	
43,565	-0,11	
43,57	-0,11	
43,575	-0,11	
43,58	-0,12	
43,585	-0,08	
43,59	-0,12	
43,595	-0,13	
43,6	-0,13	
43,605	-0,13	
43,61	-0,13	
43,615	-0,14	
43,62	-0,14	
43,625	-0,14	
43,63	-0,14	
43,635	-0,15	
43,64	-0,14	
43,645	-0,15	
43,65	-0,15	
43,655	-0,15	
43,66	-0,16	
43,665	-0,16	
43,67	-0,16	
43,675	-0,16	
43,68	-0,15	
43,685	-0,15	
43,69	-0,15	
43,695	-0,16	
43,7	-0,15	
43,705	-0,16	
43,71	-0,16	
43,715	-0,16	
43,72	-0,16	
43,725	-0,16	
43,73	-0,16	
43,735	-0,16	
43,74	-0,16	
43,745	-0,16	
43,75	-0,15	
43,755	-0,16	
43,76	-0,15	
43,765	-0,16	
43,77	-0,15	
43,775	-0,15	
43,78	-0,15	
43,785	-0,15	
43,79	-0,15	
43,795	-0,15	
43,8	-0,15	
43,805	-0,15	
43,81	-0,15	
43,815	-0,14	
43,82	-0,14	
43,825	-0,14	
43,83	-0,13	
43,835	-0,13	
43,84	-0,13	
43,845	-0,13	
43,85	-0,13	
43,855	-0,13	
43,86	-0,12	
43,865	-0,12	
43,87	-0,12	
43,875	-0,11	
43,88	-0,11	
43,885	-0,11	
43,89	-0,11	
43,895	-0,11	
43,9	-0,11	
43,905	-0,11	
43,91	-0,1	
43,915	-0,09	
43,92	-0,09	
43,925	-0,09	
43,93	-0,08	
43,935	-0,08	
43,94	-0,08	
43,945	-0,08	
43,95	-0,08	
43,955	-0,07	
43,96	-0,07	
43,965	-0,07	
43,97	-0,07	
43,975	-0,07	
43,98	-0,07	
43,985	-0,07	
43,99	-0,06	
43,995	-0,06	
44,0	-0,06	
44,005	-0,05	
44,01	-0,05	
44,015	-0,05	
44,02	-0,05	
44,025	-0,05	
44,03	-0,04	
44,035	-0,04	
44,04	-0,04	
44,045	-0,04	
44,05	-0,04	
44,055	-0,03	
44,06	-0,03	
44,065	-0,03	
44,07	-0,03	
44,075	-0,03	
44,08	-0,03	
44,085	-0,03	
44,09	-0,02	
44,095	-0,02	
44,1	-0,02	
44,105	-0,02	
44,11	-0,02	
44,115	-0,02	
44,12	-0,02	
44,125	-0,02	
44,13	-0,02	
44,135	-0,02	
44,14	-0,01	
44,145	-0,01	
44,15	-0,01	
44,155	-0,01	
44,16	-0,01	
44,165	-0,01	
44,17	0	
44,175	0	
44,18	0	
44,185	0	
44,19	0	
44,195	0	
44,2	0	
44,205	0	
44,21	-0,01	
44,215	0	
44,22	0	
44,225	0	
44,23	0	
44,235	0	
44,24	0	
44,245	0	
44,25	0	
44,255	0	
44,26	0	
44,265	0	
44,27	0	
44,275	0	
44,28	0	
44,285	0	
44,29	0	
44,295	0	
44,3	0	
44,305	0	
44,31	0	
44,315	0	
44,32	0,01	
44,325	0	
44,33	0	
44,335	0	
44,34	0	
44,345	0	
44,35	0	
44,355	0	
44,36	0	
44,365	0	
44,37	0,01	
44,375	0,01	
44,38	0,01	
44,385	0,01	
44,39	0,01	
44,395	0,01	
44,4	0,01	
44,405	0,01	
44,41	0,01	
44,415	0,01	
44,42	0,01	
44,425	0,01	
44,43	0,01	
44,435	0,02	
44,44	0,01	
44,445	0,02	
44,45	0,01	
44,455	0,01	
44,46	0,01	
44,465	0,01	
44,47	0,01	
44,475	0,01	
44,48	0,02	
44,485	0,02	
44,49	0,02	
44,495	0,02	
44,5	0,02	
44,505	0,02	
44,51	0,02	
44,515	0,02	
44,52	0,02	
44,525	0,03	
44,53	0,03	
44,535	0,03	
44,54	0,04	
44,545	0,04	
44,55	0,04	
44,555	0,04	
44,56	0,04	
44,565	0,04	
44,57	0,04	
44,575	0,05	
44,58	0,05	
44,585	0,05	
44,59	0,05	
44,595	0,05	
44,6	0,05	
44,605	0,05	
44,61	0,05	
44,615	0,05	
44,62	0,05	
44,625	0,06	
44,63	0,06	
44,635	0,06	
44,64	0,07	
44,645	0,07	
44,65	0,07	
44,655	0,07	
44,66	0,08	
44,665	0,08	
44,67	0,08	
44,675	0,09	
44,68	0,09	
44,685	0,09	
44,69	0,09	
44,695	0,09	
44,7	0,09	
44,705	0,09	
44,71	0,1	
44,715	0,1	
44,72	0,1	
44,725	0,11	
44,73	0,11	
44,735	0,11	
44,74	0,11	
44,745	0,12	
44,75	0,11	
44,755	0,12	
44,76	0,12	
44,765	0,12	
44,77	0,12	
44,775	0,12	
44,78	0,12	
44,785	0,12	
44,79	0,12	
44,795	0,12	
44,8	0,13	
44,805	0,13	
44,81	0,14	
44,815	0,14	
44,82	0,14	
44,825	0,14	
44,83	0,14	
44,835	0,14	
44,84	0,14	
44,845	0,14	
44,85	0,14	
44,855	0,15	
44,86	0,15	
44,865	0,15	
44,87	0,15	
44,875	0,15	
44,88	0,15	
44,885	0,15	
44,89	0,15	
44,895	0,15	
44,9	0,15	
44,905	0,15	
44,91	0,15	
44,915	0,15	
44,92	0,15	
44,925	0,15	
44,93	0,15	
44,935	0,15	
44,94	0,15	
44,945	0,15	
44,95	0,15	
44,955	0,15	
44,96	0,14	
44,965	0,14	
44,97	0,14	
44,975	0,14	
44,98	0,14	
44,985	0,14	
44,99	0,13	
44,995	0,13	
45,0	0,13	
45,005	0,13	
45,01	0,13	
45,015	0,12	
45,02	0,12	
45,025	0,11	
45,03	0,11	
45,035	0,11	
45,04	0,11	
45,045	0,1	
45,05	0,1	
45,055	0,1	
45,06	0,09	
45,065	0,09	
45,07	0,09	
45,075	0,09	
45,08	0,08	
45,085	0,08	
45,09	0,07	
45,095	0,06	
45,1	0,06	
45,105	0,05	
45,11	0,05	
45,115	0,05	
45,12	0,04	
45,125	0,04	
45,13	0,03	
45,135	0,03	
45,14	0,02	
45,145	0,02	
45,15	0,01	
45,155	0,01	
45,16	0	
45,165	-0,01	
45,17	-0,01	
45,175	-0,02	
45,18	-0,02	
45,185	-0,03	
45,19	-0,03	
45,195	-0,04	
45,2	-0,05	
45,205	-0,05	
45,21	-0,06	
45,215	-0,07	
45,22	-0,07	
45,225	-0,07	
45,23	-0,08	
45,235	-0,09	
45,24	-0,09	
45,245	-0,1	
45,25	-0,11	
45,255	-0,11	
45,26	-0,12	
45,265	-0,12	
45,27	-0,12	
45,275	-0,13	
45,28	-0,14	
45,285	-0,15	
45,29	-0,15	
45,295	-0,16	
45,3	-0,17	
45,305	-0,17	
45,31	-0,17	
45,315	-0,18	
45,32	-0,19	
45,325	-0,19	
45,33	-0,2	
45,335	-0,2	
45,34	-0,21	
45,345	-0,21	
45,35	-0,22	
45,355	-0,22	
45,36	-0,22	
45,365	-0,23	
45,37	-0,24	
45,375	-0,24	
45,38	-0,25	
45,385	-0,25	
45,39	-0,25	
45,395	-0,26	
45,4	-0,26	
45,405	-0,26	
45,41	-0,27	
45,415	-0,27	
45,42	-0,27	
45,425	-0,27	
45,43	-0,28	
45,435	-0,28	
45,44	-0,28	
45,445	-0,29	
45,45	-0,29	
45,455	-0,29	
45,46	-0,29	
45,465	-0,29	
45,47	-0,29	
45,475	-0,29	
45,48	-0,29	
45,485	-0,29	
45,49	-0,29	
45,495	-0,29	
45,5	-0,29	
45,505	-0,29	
45,51	-0,29	
45,515	-0,29	
45,52	-0,29	
45,525	-0,29	
45,53	-0,29	
45,535	-0,29	
45,54	-0,28	
45,545	-0,28	
45,55	-0,28	
45,555	-0,28	
45,56	-0,28	
45,565	-0,27	
45,57	-0,27	
45,575	-0,27	
45,58	-0,27	
45,585	-0,26	
45,59	-0,26	
45,595	-0,26	
45,6	-0,25	
45,605	-0,25	
45,61	-0,25	
45,615	-0,24	
45,62	-0,24	
45,625	-0,23	
45,63	-0,23	
45,635	-0,22	
45,64	-0,21	
45,645	-0,21	
45,65	-0,2	
45,655	-0,19	
45,66	-0,19	
45,665	-0,18	
45,67	-0,18	
45,675	-0,17	
45,68	-0,16	
45,685	-0,15	
45,69	-0,14	
45,695	-0,14	
45,7	-0,13	
45,705	-0,12	
45,71	-0,11	
45,715	-0,11	
45,72	-0,1	
45,725	-0,09	
45,73	-0,09	
45,735	-0,08	
45,74	-0,07	
45,745	-0,06	
45,75	-0,05	
45,755	-0,04	
45,76	-0,04	
45,765	-0,03	
45,77	-0,01	
45,775	-0,01	
45,78	0	
45,785	0,01	
45,79	0,02	
45,795	0,03	
45,8	0,04	
45,805	0,05	
45,81	0,06	
45,815	0,07	
45,82	0,08	
45,825	0,09	
45,83	0,09	
45,835	0,1	
45,84	0,11	
45,845	0,12	
45,85	0,13	
45,855	0,14	
45,86	0,15	
45,865	0,16	
45,87	0,17	
45,875	0,18	
45,88	0,19	
45,885	0,19	
45,89	0,2	
45,895	0,21	
45,9	0,22	
45,905	0,23	
45,91	0,24	
45,915	0,24	
45,92	0,25	
45,925	0,26	
45,93	0,27	
45,935	0,28	
45,94	0,29	
45,945	0,3	
45,95	0,3	
45,955	0,31	
45,96	0,32	
45,965	0,32	
45,97	0,33	
45,975	0,34	
45,98	0,34	
45,985	0,35	
45,99	0,35	
45,995	0,36	
46,0	0,36	
46,005	0,37	
46,01	0,37	
46,015	0,38	
46,02	0,38	
46,025	0,39	
46,03	0,39	
46,035	0,4	
46,04	0,4	
46,045	0,4	
46,05	0,41	
46,055	0,41	
46,06	0,41	
46,065	0,41	
46,07	0,41	
46,075	0,41	
46,08	0,41	
46,085	0,41	
46,09	0,41	
46,095	0,41	
46,1	0,41	
46,105	0,41	
46,11	0,41	
46,115	0,41	
46,12	0,41	
46,125	0,41	
46,13	0,41	
46,135	0,4	
46,14	0,4	
46,145	0,4	
46,15	0,4	
46,155	0,4	
46,16	0,39	
46,165	0,39	
46,17	0,38	
46,175	0,38	
46,18	0,38	
46,185	0,37	
46,19	0,36	
46,195	0,36	
46,2	0,35	
46,205	0,34	
46,21	0,34	
46,215	0,33	
46,22	0,33	
46,225	0,32	
46,23	0,32	
46,235	0,31	
46,24	0,3	
46,245	0,3	
46,25	0,29	
46,255	0,28	
46,26	0,27	
46,265	0,26	
46,27	0,25	
46,275	0,24	
46,28	0,23	
46,285	0,23	
46,29	0,22	
46,295	0,21	
46,3	0,2	
46,305	0,19	
46,31	0,18	
46,315	0,16	
46,32	0,15	
46,325	0,14	
46,33	0,13	
46,335	0,11	
46,34	0,11	
46,345	0,09	
46,35	0,08	
46,355	0,07	
46,36	0,06	
46,365	0,04	
46,37	0,04	
46,375	0,02	
46,38	0,02	
46,385	0	
46,39	-0,01	
46,395	-0,02	
46,4	-0,03	
46,405	-0,04	
46,41	-0,05	
46,415	-0,07	
46,42	-0,08	
46,425	-0,1	
46,43	-0,11	
46,435	-0,12	
46,44	-0,13	
46,445	-0,14	
46,45	-0,15	
46,455	-0,16	
46,46	-0,17	
46,465	-0,19	
46,47	-0,2	
46,475	-0,21	
46,48	-0,22	
46,485	-0,23	
46,49	-0,24	
46,495	-0,25	
46,5	-0,27	
46,505	-0,28	
46,51	-0,29	
46,515	-0,3	
46,52	-0,31	
46,525	-0,32	
46,53	-0,33	
46,535	-0,34	
46,54	-0,34	
46,545	-0,35	
46,55	-0,36	
46,555	-0,37	
46,56	-0,38	
46,565	-0,39	
46,57	-0,4	
46,575	-0,41	
46,58	-0,42	
46,585	-0,42	
46,59	-0,43	
46,595	-0,43	
46,6	-0,44	
46,605	-0,44	
46,61	-0,45	
46,615	-0,45	
46,62	-0,46	
46,625	-0,46	
46,63	-0,47	
46,635	-0,47	
46,64	-0,48	
46,645	-0,48	
46,65	-0,49	
46,655	-0,49	
46,66	-0,5	
46,665	-0,5	
46,67	-0,5	
46,675	-0,5	
46,68	-0,5	
46,685	-0,5	
46,69	-0,5	
46,695	-0,5	
46,7	-0,5	
46,705	-0,5	
46,71	-0,5	
46,715	-0,5	
46,72	-0,5	
46,725	-0,5	
46,73	-0,5	
46,735	-0,49	
46,74	-0,49	
46,745	-0,49	
46,75	-0,48	
46,755	-0,48	
46,76	-0,48	
46,765	-0,47	
46,77	-0,46	
46,775	-0,46	
46,78	-0,45	
46,785	-0,45	
46,79	-0,45	
46,795	-0,44	
46,8	-0,44	
46,805	-0,43	
46,81	-0,42	
46,815	-0,41	
46,82	-0,4	
46,825	-0,39	
46,83	-0,38	
46,835	-0,38	
46,84	-0,37	
46,845	-0,36	
46,85	-0,35	
46,855	-0,34	
46,86	-0,33	
46,865	-0,32	
46,87	-0,31	
46,875	-0,3	
46,88	-0,29	
46,885	-0,28	
46,89	-0,26	
46,895	-0,25	
46,9	-0,24	
46,905	-0,23	
46,91	-0,22	
46,915	-0,2	
46,92	-0,19	
46,925	-0,18	
46,93	-0,16	
46,935	-0,15	
46,94	-0,14	
46,945	-0,13	
46,95	-0,11	
46,955	-0,1	
46,96	-0,09	
46,965	-0,07	
46,97	-0,06	
46,975	-0,05	
46,98	-0,03	
46,985	-0,01	
46,99	0	
46,995	0,02	
47,0	0,03	
47,005	0,04	
47,01	0,05	
47,015	0,07	
47,02	0,08	
47,025	0,1	
47,03	0,11	
47,035	0,13	
47,04	0,14	
47,045	0,15	
47,05	0,16	
47,055	0,17	
47,06	0,19	
47,065	0,2	
47,07	0,22	
47,075	0,23	
47,08	0,25	
47,085	0,26	
47,09	0,27	
47,095	0,28	
47,1	0,29	
47,105	0,3	
47,11	0,31	
47,115	0,32	
47,12	0,33	
47,125	0,35	
47,13	0,36	
47,135	0,37	
47,14	0,38	
47,145	0,4	
47,15	0,41	
47,155	0,41	
47,16	0,42	
47,165	0,43	
47,17	0,44	
47,175	0,45	
47,18	0,46	
47,185	0,47	
47,19	0,48	
47,195	0,48	
47,2	0,49	
47,205	0,5	
47,21	0,5	
47,215	0,51	
47,22	0,51	
47,225	0,52	
47,23	0,53	
47,235	0,53	
47,24	0,54	
47,245	0,54	
47,25	0,54	
47,255	0,55	
47,26	0,55	
47,265	0,55	
47,27	0,55	
47,275	0,55	
47,28	0,55	
47,285	0,55	
47,29	0,55	
47,295	0,56	
47,3	0,56	
47,305	0,56	
47,31	0,56	
47,315	0,55	
47,32	0,55	
47,325	0,55	
47,33	0,55	
47,335	0,55	
47,34	0,55	
47,345	0,54	
47,35	0,54	
47,355	0,53	
47,36	0,53	
47,365	0,52	
47,37	0,52	
47,375	0,51	
47,38	0,5	
47,385	0,49	
47,39	0,49	
47,395	0,48	
47,4	0,48	
47,405	0,47	
47,41	0,46	
47,415	0,45	
47,42	0,44	
47,425	0,43	
47,43	0,42	
47,435	0,41	
47,44	0,41	
47,445	0,4	
47,45	0,39	
47,455	0,38	
47,46	0,37	
47,465	0,35	
47,47	0,33	
47,475	0,32	
47,48	0,31	
47,485	0,3	
47,49	0,29	
47,495	0,28	
47,5	0,26	
47,505	0,25	
47,51	0,24	
47,515	0,22	
47,52	0,21	
47,525	0,2	
47,53	0,18	
47,535	0,17	
47,54	0,16	
47,545	0,14	
47,55	0,12	
47,555	0,11	
47,56	0,09	
47,565	0,08	
47,57	0,06	
47,575	0,05	
47,58	0,04	
47,585	0,02	
47,59	0,01	
47,595	0	
47,6	-0,02	
47,605	-0,03	
47,61	-0,05	
47,615	-0,06	
47,62	-0,08	
47,625	-0,1	
47,63	-0,12	
47,635	-0,13	
47,64	-0,14	
47,645	-0,15	
47,65	-0,17	
47,655	-0,18	
47,66	-0,19	
47,665	-0,2	
47,67	-0,22	
47,675	-0,23	
47,68	-0,25	
47,685	-0,26	
47,69	-0,28	
47,695	-0,29	
47,7	-0,3	
47,705	-0,31	
47,71	-0,33	
47,715	-0,34	
47,72	-0,35	
47,725	-0,36	
47,73	-0,37	
47,735	-0,39	
47,74	-0,4	
47,745	-0,41	
47,75	-0,41	
47,755	-0,42	
47,76	-0,43	
47,765	-0,44	
47,77	-0,45	
47,775	-0,46	
47,78	-0,47	
47,785	-0,48	
47,79	-0,49	
47,795	-0,5	
47,8	-0,5	
47,805	-0,51	
47,81	-0,51	
47,815	-0,52	
47,82	-0,53	
47,825	-0,53	
47,83	-0,54	
47,835	-0,54	
47,84	-0,55	
47,845	-0,55	
47,85	-0,55	
47,855	-0,55	
47,86	-0,56	
47,865	-0,56	
47,87	-0,57	
47,875	-0,57	
47,88	-0,57	
47,885	-0,57	
47,89	-0,57	
47,895	-0,57	
47,9	-0,57	
47,905	-0,57	
47,91	-0,57	
47,915	-0,57	
47,92	-0,56	
47,925	-0,56	
47,93	-0,56	
47,935	-0,56	
47,94	-0,55	
47,945	-0,55	
47,95	-0,55	
47,955	-0,54	
47,96	-0,54	
47,965	-0,53	
47,97	-0,52	
47,975	-0,52	
47,98	-0,51	
47,985	-0,5	
47,99	-0,5	
47,995	-0,49	
48,0	-0,49	
48,005	-0,48	
48,01	-0,47	
48,015	-0,46	
48,02	-0,45	
48,025	-0,44	
48,03	-0,44	
48,035	-0,42	
48,04	-0,41	
48,045	-0,4	
48,05	-0,39	
48,055	-0,38	
48,06	-0,37	
48,065	-0,36	
48,07	-0,35	
48,075	-0,33	
48,08	-0,32	
48,085	-0,31	
48,09	-0,3	
48,095	-0,29	
48,1	-0,27	
48,105	-0,26	
48,11	-0,24	
48,115	-0,22	
48,12	-0,21	
48,125	-0,2	
48,13	-0,19	
48,135	-0,18	
48,14	-0,17	
48,145	-0,15	
48,15	-0,14	
48,155	-0,12	
48,16	-0,11	
48,165	-0,09	
48,17	-0,08	
48,175	-0,06	
48,18	-0,05	
48,185	-0,04	
48,19	-0,02	
48,195	0	
48,2	0,02	
48,205	0,04	
48,21	0,05	
48,215	0,06	
48,22	0,07	
48,225	0,09	
48,23	0,1	
48,235	0,12	
48,24	0,13	
48,245	0,14	
48,25	0,16	
48,255	0,17	
48,26	0,18	
48,265	0,19	
48,27	0,2	
48,275	0,22	
48,28	0,24	
48,285	0,25	
48,29	0,26	
48,295	0,28	
48,3	0,29	
48,305	0,3	
48,31	0,31	
48,315	0,32	
48,32	0,33	
48,325	0,34	
48,33	0,35	
48,335	0,37	
48,34	0,38	
48,345	0,39	
48,35	0,4	
48,355	0,41	
48,36	0,41	
48,365	0,42	
48,37	0,43	
48,375	0,44	
48,38	0,45	
48,385	0,46	
48,39	0,47	
48,395	0,47	
48,4	0,48	
48,405	0,48	
48,41	0,49	
48,415	0,49	
48,42	0,5	
48,425	0,51	
48,43	0,51	
48,435	0,52	
48,44	0,52	
48,445	0,52	
48,45	0,53	
48,455	0,53	
48,46	0,53	
48,465	0,54	
48,47	0,54	
48,475	0,54	
48,48	0,54	
48,485	0,54	
48,49	0,54	
48,495	0,54	
48,5	0,54	
48,505	0,54	
48,51	0,54	
48,515	0,53	
48,52	0,53	
48,525	0,53	
48,53	0,53	
48,535	0,52	
48,54	0,52	
48,545	0,52	
48,55	0,51	
48,555	0,51	
48,56	0,51	
48,565	0,5	
48,57	0,5	
48,575	0,49	
48,58	0,49	
48,585	0,48	
48,59	0,48	
48,595	0,47	
48,6	0,46	
48,605	0,45	
48,61	0,44	
48,615	0,43	
48,62	0,43	
48,625	0,41	
48,63	0,4	
48,635	0,39	
48,64	0,39	
48,645	0,38	
48,65	0,37	
48,655	0,36	
48,66	0,35	
48,665	0,34	
48,67	0,33	
48,675	0,32	
48,68	0,3	
48,685	0,29	
48,69	0,28	
48,695	0,27	
48,7	0,26	
48,705	0,25	
48,71	0,23	
48,715	0,22	
48,72	0,21	
48,725	0,19	
48,73	0,18	
48,735	0,17	
48,74	0,16	
48,745	0,15	
48,75	0,13	
48,755	0,12	
48,76	0,1	
48,765	0,09	
48,77	0,07	
48,775	0,06	
48,78	0,05	
48,785	0,04	
48,79	0,02	
48,795	0,01	
48,8	0	
48,805	-0,02	
48,81	-0,03	
48,815	-0,04	
48,82	-0,05	
48,825	-0,06	
48,83	-0,08	
48,835	-0,09	
48,84	-0,1	
48,845	-0,12	
48,85	-0,14	
48,855	-0,15	
48,86	-0,16	
48,865	-0,17	
48,87	-0,18	
48,875	-0,2	
48,88	-0,21	
48,885	-0,22	
48,89	-0,23	
48,895	-0,24	
48,9	-0,25	
48,905	-0,26	
48,91	-0,27	
48,915	-0,28	
48,92	-0,29	
48,925	-0,3	
48,93	-0,31	
48,935	-0,33	
48,94	-0,33	
48,945	-0,34	
48,95	-0,35	
48,955	-0,36	
48,96	-0,36	
48,965	-0,37	
48,97	-0,37	
48,975	-0,38	
48,98	-0,39	
48,985	-0,4	
48,99	-0,4	
48,995	-0,41	
49,0	-0,42	
49,005	-0,42	
49,01	-0,43	
49,015	-0,44	
49,02	-0,44	
49,025	-0,45	
49,03	-0,45	
49,035	-0,45	
49,04	-0,46	
49,045	-0,46	
49,05	-0,46	
49,055	-0,47	
49,06	-0,47	
49,065	-0,47	
49,07	-0,47	
49,075	-0,47	
49,08	-0,48	
49,085	-0,47	
49,09	-0,47	
49,095	-0,47	
49,1	-0,47	
49,105	-0,47	
49,11	-0,47	
49,115	-0,47	
49,12	-0,47	
49,125	-0,47	
49,13	-0,47	
49,135	-0,46	
49,14	-0,46	
49,145	-0,46	
49,15	-0,45	
49,155	-0,45	
49,16	-0,45	
49,165	-0,44	
49,17	-0,44	
49,175	-0,43	
49,18	-0,42	
49,185	-0,42	
49,19	-0,41	
49,195	-0,4	
49,2	-0,4	
49,205	-0,4	
49,21	-0,39	
49,215	-0,38	
49,22	-0,38	
49,225	-0,37	
49,23	-0,36	
49,235	-0,35	
49,24	-0,34	
49,245	-0,33	
49,25	-0,32	
49,255	-0,32	
49,26	-0,31	
49,265	-0,3	
49,27	-0,29	
49,275	-0,28	
49,28	-0,27	
49,285	-0,26	
49,29	-0,25	
49,295	-0,24	
49,3	-0,23	
49,305	-0,22	
49,31	-0,21	
49,315	-0,2	
49,32	-0,19	
49,325	-0,18	
49,33	-0,16	
49,335	-0,15	
49,34	-0,14	
49,345	-0,13	
49,35	-0,12	
49,355	-0,11	
49,36	-0,1	
49,365	-0,09	
49,37	-0,08	
49,375	-0,07	
49,38	-0,06	
49,385	-0,05	
49,39	-0,03	
49,395	-0,02	
49,4	-0,01	
49,405	0	
49,41	0,02	
49,415	0,02	
49,42	0,04	
49,425	0,05	
49,43	0,06	
49,435	0,07	
49,44	0,08	
49,445	0,09	
49,45	0,1	
49,455	0,11	
49,46	0,12	
49,465	0,12	
49,47	0,13	
49,475	0,14	
49,48	0,15	
49,485	0,16	
49,49	0,18	
49,495	0,19	
49,5	0,2	
49,505	0,21	
49,51	0,22	
49,515	0,22	
49,52	0,23	
49,525	0,24	
49,53	0,24	
49,535	0,26	
49,54	0,26	
49,545	0,27	
49,55	0,27	
49,555	0,28	
49,56	0,28	
49,565	0,29	
49,57	0,3	
49,575	0,3	
49,58	0,31	
49,585	0,32	
49,59	0,32	
49,595	0,33	
49,6	0,33	
49,605	0,33	
49,61	0,33	
49,615	0,34	
49,62	0,35	
49,625	0,35	
49,63	0,35	
49,635	0,36	
49,64	0,36	
49,645	0,37	
49,65	0,37	
49,655	0,36	
49,66	0,36	
49,665	0,37	
49,67	0,37	
49,675	0,38	
49,68	0,38	
49,685	0,38	
49,69	0,38	
49,695	0,37	
49,7	0,37	
49,705	0,37	
49,71	0,37	
49,715	0,37	
49,72	0,37	
49,725	0,37	
49,73	0,37	
49,735	0,36	
49,74	0,36	
49,745	0,35	
49,75	0,35	
49,755	0,34	
49,76	0,34	
49,765	0,34	
49,77	0,34	
49,775	0,34	
49,78	0,33	
49,785	0,33	
49,79	0,33	
49,795	0,32	
49,8	0,31	
49,805	0,31	
49,81	0,31	
49,815	0,3	
49,82	0,3	
49,825	0,29	
49,83	0,28	
49,835	0,28	
49,84	0,27	
49,845	0,26	
49,85	0,26	
49,855	0,25	
49,86	0,25	
49,865	0,24	
49,87	0,23	
49,875	0,22	
49,88	0,22	
49,885	0,21	
49,89	0,21	
49,895	0,2	
49,9	0,19	
49,905	0,18	
49,91	0,17	
49,915	0,16	
49,92	0,16	
49,925	0,15	
49,93	0,14	
49,935	0,13	
49,94	0,12	
49,945	0,11	
49,95	0,11	
49,955	0,1	
49,96	0,09	
49,965	0,08	
49,97	0,07	
49,975	0,06	
49,98	0,05	
49,985	0,04	
49,99	0,03	
49,995	0,03	
50,0	0,02	
50,005	0,01	
50,01	0	
50,015	0	
50,02	-0,01	
50,025	-0,02	
50,03	-0,03	
50,035	-0,03	
50,04	-0,04	
50,045	-0,04	
50,05	-0,05	
50,055	-0,06	
50,06	-0,07	
50,065	-0,08	
50,07	-0,09	
50,075	-0,09	
50,08	-0,1	
50,085	-0,1	
50,09	-0,11	
50,095	-0,12	
50,1	-0,12	
50,105	-0,13	
50,11	-0,14	
50,115	-0,14	
50,12	-0,15	
50,125	-0,15	
50,13	-0,15	
50,135	-0,16	
50,14	-0,17	
50,145	-0,17	
50,15	-0,18	
50,155	-0,19	
50,16	-0,19	
50,165	-0,19	
50,17	-0,2	
50,175	-0,2	
50,18	-0,21	
50,185	-0,21	
50,19	-0,22	
50,195	-0,22	
50,2	-0,22	
50,205	-0,23	
50,21	-0,23	
50,215	-0,23	
50,22	-0,23	
50,225	-0,23	
50,23	-0,24	
50,235	-0,24	
50,24	-0,24	
50,245	-0,24	
50,25	-0,24	
50,255	-0,24	
50,26	-0,25	
50,265	-0,24	
50,27	-0,25	
50,275	-0,25	
50,28	-0,25	
50,285	-0,25	
50,29	-0,25	
50,295	-0,25	
50,3	-0,25	
50,305	-0,24	
50,31	-0,24	
50,315	-0,24	
50,32	-0,24	
50,325	-0,24	
50,33	-0,24	
50,335	-0,24	
50,34	-0,24	
50,345	-0,24	
50,35	-0,24	
50,355	-0,23	
50,36	-0,23	
50,365	-0,23	
50,37	-0,23	
50,375	-0,23	
50,38	-0,22	
50,385	-0,22	
50,39	-0,21	
50,395	-0,21	
50,4	-0,21	
50,405	-0,2	
50,41	-0,2	
50,415	-0,2	
50,42	-0,2	
50,425	-0,2	
50,43	-0,19	
50,435	-0,18	
50,44	-0,18	
50,445	-0,17	
50,45	-0,16	
50,455	-0,16	
50,46	-0,16	
50,465	-0,16	
50,47	-0,16	
50,475	-0,15	
50,48	-0,15	
50,485	-0,14	
50,49	-0,14	
50,495	-0,13	
50,5	-0,13	
50,505	-0,13	
50,51	-0,12	
50,515	-0,12	
50,52	-0,11	
50,525	-0,11	
50,53	-0,1	
50,535	-0,1	
50,54	-0,09	
50,545	-0,08	
50,55	-0,08	
50,555	-0,08	
50,56	-0,08	
50,565	-0,07	
50,57	-0,07	
50,575	-0,06	
50,58	-0,06	
50,585	-0,05	
50,59	-0,04	
50,595	-0,04	
50,6	-0,04	
50,605	-0,04	
50,61	-0,03	
50,615	-0,03	
50,62	-0,02	
50,625	-0,01	
50,63	-0,01	
50,635	0	
50,64	0	
50,645	0	
50,65	0	
50,655	0,01	
50,66	0,01	
50,665	0,02	
50,67	0,03	
50,675	0,03	
50,68	0,03	
50,685	0,03	
50,69	0,03	
50,695	0,03	
50,7	0,04	
50,705	0,05	
50,71	0,05	
50,715	0,06	
50,72	0,06	
50,725	0,06	
50,73	0,06	
50,735	0,06	
50,74	0,07	
50,745	0,07	
50,75	0,07	
50,755	0,07	
50,76	0,08	
50,765	0,08	
50,77	0,08	
50,775	0,08	
50,78	0,08	
50,785	0,08	
50,79	0,08	
50,795	0,09	
50,8	0,09	
50,805	0,09	
50,81	0,09	
50,815	0,1	
50,82	0,1	
50,825	0,1	
50,83	0,1	
50,835	0,1	
50,84	0,1	
50,845	0,1	
50,85	0,1	
50,855	0,1	
50,86	0,1	
50,865	0,1	
50,87	0,1	
50,875	0,1	
50,88	0,1	
50,885	0,1	
50,89	0,1	
50,895	0,1	
50,9	0,11	
50,905	0,1	
50,91	0,1	
50,915	0,1	
50,92	0,11	
50,925	0,1	
50,93	0,1	
50,935	0,11	
50,94	0,11	
50,945	0,1	
50,95	0,1	
50,955	0,1	
50,96	0,09	
50,965	0,09	
50,97	0,09	
50,975	0,09	
50,98	0,09	
50,985	0,1	
50,99	0,1	
50,995	0,1	
51,0	0,09	
51,005	0,09	
51,01	0,09	
51,015	0,09	
51,02	0,09	
51,025	0,09	
51,03	0,09	
51,035	0,09	
51,04	0,09	
51,045	0,08	
51,05	0,08	
51,055	0,08	
51,06	0,07	
51,065	0,07	
51,07	0,07	
51,075	0,08	
51,08	0,08	
51,085	0,08	
51,09	0,08	
51,095	0,08	
51,1	0,08	
51,105	0,07	
51,11	0,06	
51,115	0,06	
51,12	0,07	
51,125	0,06	
51,13	0,06	
51,135	0,06	
51,14	0,06	
51,145	0,05	
51,15	0,06	
51,155	0,06	
51,16	0,06	
51,165	0,05	
51,17	0,05	
51,175	0,05	
51,18	0,05	
51,185	0,05	
51,19	0,05	
51,195	0,05	
51,2	0,05	
51,205	0,06	
51,21	0,06	
51,215	0,05	
51,22	0,05	
51,225	0,05	
51,23	0,05	
51,235	0,04	
51,24	0,04	
51,245	0,04	
51,25	0,05	
51,255	0,05	
51,26	0,05	
51,265	0,05	
51,27	0,05	
51,275	0,05	
51,28	0,04	
51,285	0,04	
51,29	0,04	
51,295	0,04	
51,3	0,05	
51,305	0,05	
51,31	0,05	
51,315	0,05	
51,32	0,05	
51,325	0,05	
51,33	0,05	
51,335	0,05	
51,34	0,05	
51,345	0,05	
51,35	0,05	
51,355	0,05	
51,36	0,05	
51,365	0,05	
51,37	0,04	
51,375	0,04	
51,38	0,05	
51,385	0,05	
51,39	0,05	
51,395	0,05	
51,4	0,05	
51,405	0,05	
51,41	0,05	
51,415	0,04	
51,42	0,04	
51,425	0,05	
51,43	0,05	
51,435	0,05	
51,44	0,05	
51,445	0,05	
51,45	0,05	
51,455	0,04	
51,46	0,05	
51,465	0,05	
51,47	0,05	
51,475	0,05	
51,48	0,05	
51,485	0,05	
51,49	0,05	
51,495	0,04	
51,5	0,04	
51,505	0,04	
51,51	0,04	
51,515	0,04	
51,52	0,04	
51,525	0,04	
51,53	0,05	
51,535	0,05	
51,54	0,04	
51,545	0,04	
51,55	0,04	
51,555	0,04	
51,56	0,04	
51,565	0,04	
51,57	0,04	
51,575	0,04	
51,58	0,04	
51,585	0,04	
51,59	0,04	
51,595	0,03	
51,6	0,03	
51,605	0,03	
51,61	0,03	
51,615	0,03	
51,62	0,03	
51,625	0,02	
51,63	0,02	
51,635	0,02	
51,64	0,02	
51,645	0,02	
51,65	0,02	
51,655	0,02	
51,66	0,02	
51,665	0,02	
51,67	0,01	
51,675	0	
51,68	0	
51,685	-0,01	
51,69	-0,01	
51,695	-0,01	
51,7	-0,01	
51,705	-0,01	
51,71	-0,01	
51,715	-0,02	
51,72	-0,02	
51,725	-0,02	
51,73	-0,02	
51,735	-0,03	
51,74	-0,03	
51,745	-0,03	
51,75	-0,03	
51,755	-0,03	
51,76	-0,04	
51,765	-0,04	
51,77	-0,05	
51,775	-0,05	
51,78	-0,06	
51,785	-0,06	
51,79	-0,06	
51,795	-0,06	
51,8	-0,06	
51,805	-0,06	
51,81	-0,07	
51,815	-0,07	
51,82	-0,08	
51,825	-0,08	
51,83	-0,09	
51,835	-0,09	
51,84	-0,09	
51,845	-0,1	
51,85	-0,1	
51,855	-0,1	
51,86	-0,11	
51,865	-0,12	
51,87	-0,12	
51,875	-0,12	
51,88	-0,12	
51,885	-0,12	
51,89	-0,13	
51,895	-0,13	
51,9	-0,13	
51,905	-0,14	
51,91	-0,14	
51,915	-0,14	
51,92	-0,14	
51,925	-0,15	
51,93	-0,15	
51,935	-0,15	
51,94	-0,15	
51,945	-0,15	
51,95	-0,15	
51,955	-0,16	
51,96	-0,16	
51,965	-0,17	
51,97	-0,16	
51,975	-0,17	
51,98	-0,17	
51,985	-0,17	
51,99	-0,18	
51,995	-0,18	
52,0	-0,18	
52,005	-0,18	
52,01	-0,18	
52,015	-0,18	
52,02	-0,19	
52,025	-0,19	
52,03	-0,19	
52,035	-0,19	
52,04	-0,2	
52,045	-0,2	
52,05	-0,2	
52,055	-0,2	
52,06	-0,2	
52,065	-0,2	
52,07	-0,19	
52,075	-0,19	
52,08	-0,19	
52,085	-0,19	
52,09	-0,19	
52,095	-0,19	
52,1	-0,19	
52,105	-0,19	
52,11	-0,19	
52,115	-0,19	
52,12	-0,19	
52,125	-0,19	
52,13	-0,18	
52,135	-0,18	
52,14	-0,18	
52,145	-0,18	
52,15	-0,18	
52,155	-0,17	
52,16	-0,17	
52,165	-0,17	
52,17	-0,17	
52,175	-0,16	
52,18	-0,16	
52,185	-0,16	
52,19	-0,16	
52,195	-0,15	
52,2	-0,15	
52,205	-0,15	
52,21	-0,14	
52,215	-0,14	
52,22	-0,13	
52,225	-0,13	
52,23	-0,13	
52,235	-0,12	
52,24	-0,12	
52,245	-0,11	
52,25	-0,11	
52,255	-0,1	
52,26	-0,1	
52,265	-0,1	
52,27	-0,09	
52,275	-0,09	
52,28	-0,08	
52,285	-0,07	
52,29	-0,06	
52,295	-0,06	
52,3	-0,05	
52,305	-0,05	
52,31	-0,04	
52,315	-0,04	
52,32	-0,03	
52,325	-0,02	
52,33	-0,02	
52,335	-0,01	
52,34	0	
52,345	0	
52,35	0,01	
52,355	0,01	
52,36	0,02	
52,365	0,03	
52,37	0,03	
52,375	0,04	
52,38	0,05	
52,385	0,06	
52,39	0,06	
52,395	0,07	
52,4	0,07	
52,405	0,08	
52,41	0,09	
52,415	0,1	
52,42	0,11	
52,425	0,12	
52,43	0,12	
52,435	0,12	
52,44	0,13	
52,445	0,13	
52,45	0,14	
52,455	0,15	
52,46	0,16	
52,465	0,17	
52,47	0,17	
52,475	0,18	
52,48	0,19	
52,485	0,19	
52,49	0,2	
52,495	0,2	
52,5	0,21	
52,505	0,21	
52,51	0,22	
52,515	0,23	
52,52	0,23	
52,525	0,24	
52,53	0,24	
52,535	0,25	
52,54	0,25	
52,545	0,26	
52,55	0,26	
52,555	0,27	
52,56	0,27	
52,565	0,28	
52,57	0,28	
52,575	0,28	
52,58	0,28	
52,585	0,29	
52,59	0,29	
52,595	0,3	
52,6	0,3	
52,605	0,31	
52,61	0,31	
52,615	0,31	
52,62	0,31	
52,625	0,32	
52,63	0,32	
52,635	0,32	
52,64	0,32	
52,645	0,32	
52,65	0,32	
52,655	0,32	
52,66	0,32	
52,665	0,32	
52,67	0,32	
52,675	0,32	
52,68	0,32	
52,685	0,32	
52,69	0,33	
52,695	0,32	
52,7	0,32	
52,705	0,32	
52,71	0,32	
52,715	0,32	
52,72	0,32	
52,725	0,32	
52,73	0,32	
52,735	0,31	
52,74	0,31	
52,745	0,3	
52,75	0,3	
52,755	0,29	
52,76	0,29	
52,765	0,29	
52,77	0,28	
52,775	0,28	
52,78	0,28	
52,785	0,27	
52,79	0,27	
52,795	0,26	
52,8	0,26	
52,805	0,25	
52,81	0,24	
52,815	0,23	
52,82	0,23	
52,825	0,22	
52,83	0,21	
52,835	0,21	
52,84	0,2	
52,845	0,19	
52,85	0,19	
52,855	0,18	
52,86	0,17	
52,865	0,17	
52,87	0,16	
52,875	0,15	
52,88	0,14	
52,885	0,13	
52,89	0,12	
52,895	0,11	
52,9	0,1	
52,905	0,09	
52,91	0,08	
52,915	0,08	
52,92	0,07	
52,925	0,06	
52,93	0,05	
52,935	0,04	
52,94	0,03	
52,945	0,02	
52,95	0,01	
52,955	0	
52,96	0	
52,965	-0,02	
52,97	-0,03	
52,975	-0,04	
52,98	-0,05	
52,985	-0,06	
52,99	-0,07	
52,995	-0,08	
53,0	-0,09	
53,005	-0,1	
53,01	-0,11	
53,015	-0,12	
53,02	-0,12	
53,025	-0,14	
53,03	-0,14	
53,035	-0,15	
53,04	-0,16	
53,045	-0,18	
53,05	-0,19	
53,055	-0,2	
53,06	-0,21	
53,065	-0,22	
53,07	-0,22	
53,075	-0,23	
53,08	-0,24	
53,085	-0,25	
53,09	-0,26	
53,095	-0,26	
53,1	-0,28	
53,105	-0,28	
53,11	-0,29	
53,115	-0,3	
53,12	-0,3	
53,125	-0,31	
53,13	-0,32	
53,135	-0,33	
53,14	-0,34	
53,145	-0,35	
53,15	-0,35	
53,155	-0,36	
53,16	-0,37	
53,165	-0,37	
53,17	-0,38	
53,175	-0,38	
53,18	-0,39	
53,185	-0,39	
53,19	-0,39	
53,195	-0,4	
53,2	-0,4	
53,205	-0,4	
53,21	-0,41	
53,215	-0,41	
53,22	-0,42	
53,225	-0,42	
53,23	-0,42	
53,235	-0,42	
53,24	-0,43	
53,245	-0,43	
53,25	-0,43	
53,255	-0,43	
53,26	-0,43	
53,265	-0,43	
53,27	-0,43	
53,275	-0,43	
53,28	-0,43	
53,285	-0,43	
53,29	-0,43	
53,295	-0,43	
53,3	-0,43	
53,305	-0,43	
53,31	-0,42	
53,315	-0,42	
53,32	-0,42	
53,325	-0,42	
53,33	-0,41	
53,335	-0,41	
53,34	-0,4	
53,345	-0,4	
53,35	-0,4	
53,355	-0,39	
53,36	-0,39	
53,365	-0,38	
53,37	-0,37	
53,375	-0,37	
53,38	-0,36	
53,385	-0,35	
53,39	-0,35	
53,395	-0,34	
53,4	-0,33	
53,405	-0,33	
53,41	-0,32	
53,415	-0,31	
53,42	-0,3	
53,425	-0,3	
53,43	-0,29	
53,435	-0,28	
53,44	-0,27	
53,445	-0,26	
53,45	-0,25	
53,455	-0,24	
53,46	-0,23	
53,465	-0,22	
53,47	-0,21	
53,475	-0,2	
53,48	-0,19	
53,485	-0,18	
53,49	-0,17	
53,495	-0,16	
53,5	-0,15	
53,505	-0,14	
53,51	-0,13	
53,515	-0,11	
53,52	-0,1	
53,525	-0,09	
53,53	-0,11	
53,535	-0,06	
53,54	-0,05	
53,545	-0,04	
53,55	-0,03	
53,555	-0,01	
53,56	0	
53,565	0,01	
53,57	0,02	
53,575	0,03	
53,58	0,04	
53,585	0,06	
53,59	0,06	
53,595	0,08	
53,6	0,09	
53,605	0,11	
53,61	0,12	
53,615	0,14	
53,62	0,15	
53,625	0,16	
53,63	0,17	
53,635	0,18	
53,64	0,19	
53,645	0,2	
53,65	0,21	
53,655	0,23	
53,66	0,24	
53,665	0,25	
53,67	0,26	
53,675	0,27	
53,68	0,28	
53,685	0,29	
53,69	0,29	
53,695	0,31	
53,7	0,32	
53,705	0,33	
53,71	0,34	
53,715	0,35	
53,72	0,36	
53,725	0,37	
53,73	0,38	
53,735	0,39	
53,74	0,4	
53,745	0,4	
53,75	0,41	
53,755	0,42	
53,76	0,43	
53,765	0,43	
53,77	0,44	
53,775	0,45	
53,78	0,45	
53,785	0,46	
53,79	0,47	
53,795	0,47	
53,8	0,48	
53,805	0,48	
53,81	0,49	
53,815	0,49	
53,82	0,49	
53,825	0,49	
53,83	0,5	
53,835	0,5	
53,84	0,5	
53,845	0,51	
53,85	0,51	
53,855	0,51	
53,86	0,51	
53,865	0,51	
53,87	0,51	
53,875	0,51	
53,88	0,51	
53,885	0,51	
53,89	0,51	
53,895	0,51	
53,9	0,51	
53,905	0,51	
53,91	0,5	
53,915	0,5	
53,92	0,5	
53,925	0,49	
53,93	0,48	
53,935	0,47	
53,94	0,47	
53,945	0,46	
53,95	0,46	
53,955	0,46	
53,96	0,45	
53,965	0,45	
53,97	0,44	
53,975	0,43	
53,98	0,43	
53,985	0,42	
53,99	0,41	
53,995	0,4	
54,0	0,39	
54,005	0,39	
54,01	0,38	
54,015	0,37	
54,02	0,36	
54,025	0,34	
54,03	0,33	
54,035	0,32	
54,04	0,31	
54,045	0,3	
54,05	0,29	
54,055	0,28	
54,06	0,28	
54,065	0,26	
54,07	0,25	
54,075	0,24	
54,08	0,23	
54,085	0,22	
54,09	0,21	
54,095	0,19	
54,1	0,17	
54,105	0,16	
54,11	0,15	
54,115	0,13	
54,12	0,12	
54,125	0,11	
54,13	0,09	
54,135	0,08	
54,14	0,07	
54,145	0,06	
54,15	0,04	
54,155	0,03	
54,16	0,01	
54,165	0	
54,17	-0,01	
54,175	-0,02	
54,18	-0,04	
54,185	-0,06	
54,19	-0,07	
54,195	-0,09	
54,2	-0,1	
54,205	-0,11	
54,21	-0,13	
54,215	-0,14	
54,22	-0,15	
54,225	-0,16	
54,23	-0,18	
54,235	-0,19	
54,24	-0,2	
54,245	-0,22	
54,25	-0,23	
54,255	-0,24	
54,26	-0,26	
54,265	-0,27	
54,27	-0,28	
54,275	-0,29	
54,28	-0,31	
54,285	-0,32	
54,29	-0,33	
54,295	-0,34	
54,3	-0,35	
54,305	-0,36	
54,31	-0,37	
54,315	-0,37	
54,32	-0,38	
54,325	-0,4	
54,33	-0,41	
54,335	-0,41	
54,34	-0,43	
54,345	-0,44	
54,35	-0,44	
54,355	-0,45	
54,36	-0,46	
54,365	-0,47	
54,37	-0,48	
54,375	-0,49	
54,38	-0,49	
54,385	-0,5	
54,39	-0,5	
54,395	-0,51	
54,4	-0,51	
54,405	-0,51	
54,41	-0,52	
54,415	-0,52	
54,42	-0,53	
54,425	-0,54	
54,43	-0,54	
54,435	-0,54	
54,44	-0,54	
54,445	-0,54	
54,45	-0,54	
54,455	-0,54	
54,46	-0,54	
54,465	-0,54	
54,47	-0,54	
54,475	-0,55	
54,48	-0,55	
54,485	-0,54	
54,49	-0,54	
54,495	-0,54	
54,5	-0,54	
54,505	-0,53	
54,51	-0,54	
54,515	-0,54	
54,52	-0,53	
54,525	-0,52	
54,53	-0,52	
54,535	-0,51	
54,54	-0,51	
54,545	-0,5	
54,55	-0,5	
54,555	-0,49	
54,56	-0,49	
54,565	-0,48	
54,57	-0,48	
54,575	-0,47	
54,58	-0,46	
54,585	-0,45	
54,59	-0,44	
54,595	-0,43	
54,6	-0,42	
54,605	-0,41	
54,61	-0,41	
54,615	-0,39	
54,62	-0,38	
54,625	-0,37	
54,63	-0,36	
54,635	-0,35	
54,64	-0,34	
54,645	-0,33	
54,65	-0,32	
54,655	-0,31	
54,66	-0,3	
54,665	-0,28	
54,67	-0,27	
54,675	-0,25	
54,68	-0,24	
54,685	-0,23	
54,69	-0,22	
54,695	-0,21	
54,7	-0,19	
54,705	-0,18	
54,71	-0,17	
54,715	-0,15	
54,72	-0,14	
54,725	-0,12	
54,73	-0,11	
54,735	-0,09	
54,74	-0,08	
54,745	-0,06	
54,75	-0,05	
54,755	-0,04	
54,76	-0,02	
54,765	-0,01	
54,77	0,01	
54,775	0,02	
54,78	0,04	
54,785	0,05	
54,79	0,06	
54,795	0,08	
54,8	0,09	
54,805	0,1	
54,81	0,12	
54,815	0,13	
54,82	0,14	
54,825	0,16	
54,83	0,17	
54,835	0,19	
54,84	0,2	
54,845	0,21	
54,85	0,23	
54,855	0,25	
54,86	0,26	
54,865	0,27	
54,87	0,28	
54,875	0,29	
54,88	0,3	
54,885	0,31	
54,89	0,32	
54,895	0,34	
54,9	0,35	
54,905	0,36	
54,91	0,37	
54,915	0,38	
54,92	0,39	
54,925	0,4	
54,93	0,41	
54,935	0,42	
54,94	0,43	
54,945	0,44	
54,95	0,45	
54,955	0,45	
54,96	0,46	
54,965	0,46	
54,97	0,47	
54,975	0,48	
54,98	0,49	
54,985	0,5	
54,99	0,5	
54,995	0,51	
55,0	0,51	
55,005	0,51	
55,01	0,52	
55,015	0,52	
55,02	0,53	
55,025	0,53	
55,03	0,54	
55,035	0,54	
55,04	0,54	
55,045	0,54	
55,05	0,55	
55,055	0,54	
55,06	0,55	
55,065	0,55	
55,07	0,54	
55,075	0,55	
55,08	0,55	
55,085	0,54	
55,09	0,54	
55,095	0,54	
55,1	0,53	
55,105	0,53	
55,11	0,53	
55,115	0,53	
55,12	0,53	
55,125	0,52	
55,13	0,52	
55,135	0,51	
55,14	0,51	
55,145	0,5	
55,15	0,5	
55,155	0,49	
55,16	0,48	
55,165	0,48	
55,17	0,47	
55,175	0,46	
55,18	0,45	
55,185	0,44	
55,19	0,43	
55,195	0,42	
55,2	0,42	
55,205	0,41	
55,21	0,4	
55,215	0,39	
55,22	0,38	
55,225	0,38	
55,23	0,36	
55,235	0,34	
55,24	0,33	
55,245	0,32	
55,25	0,31	
55,255	0,31	
55,26	0,29	
55,265	0,28	
55,27	0,27	
55,275	0,26	
55,28	0,25	
55,285	0,24	
55,29	0,23	
55,295	0,21	
55,3	0,2	
55,305	0,19	
55,31	0,17	
55,315	0,15	
55,32	0,14	
55,325	0,13	
55,33	0,11	
55,335	0,1	
55,34	0,08	
55,345	0,07	
55,35	0,06	
55,355	0,05	
55,36	0,03	
55,365	0,02	
55,37	0,01	
55,375	-0,01	
55,38	-0,02	
55,385	-0,04	
55,39	-0,06	
55,395	-0,07	
55,4	-0,08	
55,405	-0,1	
55,41	-0,11	
55,415	-0,12	
55,42	-0,14	
55,425	-0,15	
55,43	-0,16	
55,435	-0,17	
55,44	-0,18	
55,445	-0,2	
55,45	-0,21	
55,455	-0,22	
55,46	-0,23	
55,465	-0,25	
55,47	-0,26	
55,475	-0,27	
55,48	-0,29	
55,485	-0,3	
55,49	-0,31	
55,495	-0,32	
55,5	-0,33	
55,505	-0,34	
55,51	-0,34	
55,515	-0,35	
55,52	-0,37	
55,525	-0,37	
55,53	-0,38	
55,535	-0,39	
55,54	-0,4	
55,545	-0,41	
55,55	-0,41	
55,555	-0,42	
55,56	-0,43	
55,565	-0,43	
55,57	-0,44	
55,575	-0,45	
55,58	-0,46	
55,585	-0,46	
55,59	-0,47	
55,595	-0,47	
55,6	-0,48	
55,605	-0,48	
55,61	-0,48	
55,615	-0,49	
55,62	-0,49	
55,625	-0,5	
55,63	-0,5	
55,635	-0,5	
55,64	-0,5	
55,645	-0,5	
55,65	-0,5	
55,655	-0,5	
55,66	-0,5	
55,665	-0,5	
55,67	-0,5	
55,675	-0,51	
55,68	-0,51	
55,685	-0,5	
55,69	-0,5	
55,695	-0,5	
55,7	-0,49	
55,705	-0,49	
55,71	-0,49	
55,715	-0,49	
55,72	-0,48	
55,725	-0,48	
55,73	-0,47	
55,735	-0,47	
55,74	-0,47	
55,745	-0,46	
55,75	-0,46	
55,755	-0,45	
55,76	-0,45	
55,765	-0,44	
55,77	-0,44	
55,775	-0,43	
55,78	-0,42	
55,785	-0,41	
55,79	-0,41	
55,795	-0,39	
55,8	-0,39	
55,805	-0,38	
55,81	-0,37	
55,815	-0,36	
55,82	-0,35	
55,825	-0,34	
55,83	-0,33	
55,835	-0,32	
55,84	-0,31	
55,845	-0,3	
55,85	-0,29	
55,855	-0,28	
55,86	-0,27	
55,865	-0,26	
55,87	-0,25	
55,875	-0,24	
55,88	-0,23	
55,885	-0,21	
55,89	-0,2	
55,895	-0,19	
55,9	-0,18	
55,905	-0,17	
55,91	-0,16	
55,915	-0,15	
55,92	-0,13	
55,925	-0,12	
55,93	-0,11	
55,935	-0,1	
55,94	-0,09	
55,945	-0,08	
55,95	-0,06	
55,955	-0,05	
55,96	-0,04	
55,965	-0,03	
55,97	-0,02	
55,975	0	
55,98	0,01	
55,985	0,03	
55,99	0,04	
55,995	0,05	
56,0	0,06	
56,005	0,07	
56,01	0,08	
56,015	0,09	
56,02	0,1	
56,025	0,12	
56,03	0,13	
56,035	0,14	
56,04	0,15	
56,045	0,16	
56,05	0,17	
56,055	0,19	
56,06	0,2	
56,065	0,21	
56,07	0,22	
56,075	0,23	
56,08	0,24	
56,085	0,25	
56,09	0,26	
56,095	0,27	
56,1	0,27	
56,105	0,28	
56,11	0,29	
56,115	0,3	
56,12	0,31	
56,125	0,32	
56,13	0,32	
56,135	0,33	
56,14	0,34	
56,145	0,35	
56,15	0,35	
56,155	0,36	
56,16	0,37	
56,165	0,38	
56,17	0,38	
56,175	0,38	
56,18	0,39	
56,185	0,39	
56,19	0,39	
56,195	0,4	
56,2	0,41	
56,205	0,41	
56,21	0,41	
56,215	0,42	
56,22	0,42	
56,225	0,42	
56,23	0,43	
56,235	0,43	
56,24	0,43	
56,245	0,43	
56,25	0,43	
56,255	0,43	
56,26	0,43	
56,265	0,43	
56,27	0,43	
56,275	0,43	
56,28	0,43	
56,285	0,43	
56,29	0,43	
56,295	0,43	
56,3	0,42	
56,305	0,42	
56,31	0,42	
56,315	0,41	
56,32	0,41	
56,325	0,41	
56,33	0,4	
56,335	0,4	
56,34	0,4	
56,345	0,4	
56,35	0,39	
56,355	0,38	
56,36	0,38	
56,365	0,37	
56,37	0,36	
56,375	0,36	
56,38	0,36	
56,385	0,35	
56,39	0,34	
56,395	0,34	
56,4	0,33	
56,405	0,32	
56,41	0,32	
56,415	0,31	
56,42	0,3	
56,425	0,3	
56,43	0,29	
56,435	0,28	
56,44	0,27	
56,445	0,26	
56,45	0,25	
56,455	0,25	
56,46	0,24	
56,465	0,23	
56,47	0,22	
56,475	0,21	
56,48	0,2	
56,485	0,19	
56,49	0,18	
56,495	0,17	
56,5	0,16	
56,505	0,15	
56,51	0,15	
56,515	0,14	
56,52	0,12	
56,525	0,11	
56,53	0,1	
56,535	0,08	
56,54	0,08	
56,545	0,07	
56,55	0,06	
56,555	0,05	
56,56	0,04	
56,565	0,03	
56,57	0,02	
56,575	0,01	
56,58	0	
56,585	-0,01	
56,59	-0,02	
56,595	-0,03	
56,6	-0,03	
56,605	-0,04	
56,61	-0,05	
56,615	-0,06	
56,62	-0,07	
56,625	-0,08	
56,63	-0,09	
56,635	-0,1	
56,64	-0,11	
56,645	-0,12	
56,65	-0,12	
56,655	-0,13	
56,66	-0,14	
56,665	-0,15	
56,67	-0,16	
56,675	-0,17	
56,68	-0,17	
56,685	-0,18	
56,69	-0,19	
56,695	-0,19	
56,7	-0,2	
56,705	-0,21	
56,71	-0,22	
56,715	-0,22	
56,72	-0,23	
56,725	-0,24	
56,73	-0,24	
56,735	-0,24	
56,74	-0,25	
56,745	-0,26	
56,75	-0,26	
56,755	-0,26	
56,76	-0,27	
56,765	-0,28	
56,77	-0,28	
56,775	-0,29	
56,78	-0,29	
56,785	-0,29	
56,79	-0,3	
56,795	-0,3	
56,8	-0,31	
56,805	-0,31	
56,81	-0,31	
56,815	-0,31	
56,82	-0,31	
56,825	-0,31	
56,83	-0,32	
56,835	-0,32	
56,84	-0,32	
56,845	-0,33	
56,85	-0,33	
56,855	-0,33	
56,86	-0,33	
56,865	-0,32	
56,87	-0,32	
56,875	-0,32	
56,88	-0,32	
56,885	-0,32	
56,89	-0,32	
56,895	-0,32	
56,9	-0,32	
56,905	-0,32	
56,91	-0,32	
56,915	-0,32	
56,92	-0,31	
56,925	-0,31	
56,93	-0,31	
56,935	-0,31	
56,94	-0,3	
56,945	-0,3	
56,95	-0,29	
56,955	-0,29	
56,96	-0,28	
56,965	-0,28	
56,97	-0,28	
56,975	-0,28	
56,98	-0,27	
56,985	-0,27	
56,99	-0,26	
56,995	-0,26	
57,0	-0,25	
57,005	-0,24	
57,01	-0,24	
57,015	-0,23	
57,02	-0,23	
57,025	-0,23	
57,03	-0,22	
57,035	-0,21	
57,04	-0,2	
57,045	-0,19	
57,05	-0,19	
57,055	-0,18	
57,06	-0,17	
57,065	-0,17	
57,07	-0,17	
57,075	-0,16	
57,08	-0,16	
57,085	-0,15	
57,09	-0,14	
57,095	-0,13	
57,1	-0,12	
57,105	-0,12	
57,11	-0,11	
57,115	-0,1	
57,12	-0,1	
57,125	-0,1	
57,13	-0,09	
57,135	-0,08	
57,14	-0,08	
57,145	-0,07	
57,15	-0,06	
57,155	-0,05	
57,16	-0,05	
57,165	-0,04	
57,17	-0,03	
57,175	-0,03	
57,18	-0,02	
57,185	-0,01	
57,19	-0,01	
57,195	0	
57,2	0,01	
57,205	0,01	
57,21	0,02	
57,215	0,02	
57,22	0,03	
57,225	0,03	
57,23	0,04	
57,235	0,05	
57,24	0,06	
57,245	0,06	
57,25	0,07	
57,255	0,07	
57,26	0,08	
57,265	0,08	
57,27	0,09	
57,275	0,09	
57,28	0,1	
57,285	0,1	
57,29	0,11	
57,295	0,11	
57,3	0,12	
57,305	0,13	
57,31	0,13	
57,315	0,14	
57,32	0,14	
57,325	0,14	
57,33	0,15	
57,335	0,14	
57,34	0,15	
57,345	0,15	
57,35	0,15	
57,355	0,16	
57,36	0,17	
57,365	0,17	
57,37	0,18	
57,375	0,18	
57,38	0,18	
57,385	0,18	
57,39	0,18	
57,395	0,18	
57,4	0,18	
57,405	0,19	
57,41	0,19	
57,415	0,2	
57,42	0,19	
57,425	0,19	
57,43	0,19	
57,435	0,19	
57,44	0,19	
57,445	0,19	
57,45	0,19	
57,455	0,19	
57,46	0,2	
57,465	0,19	
57,47	0,19	
57,475	0,19	
57,48	0,19	
57,485	0,19	
57,49	0,19	
57,495	0,19	
57,5	0,19	
57,505	0,19	
57,51	0,19	
57,515	0,19	
57,52	0,19	
57,525	0,18	
57,53	0,18	
57,535	0,18	
57,54	0,18	
57,545	0,18	
57,55	0,17	
57,555	0,17	
57,56	0,17	
57,565	0,17	
57,57	0,16	
57,575	0,17	
57,58	0,16	
57,585	0,16	
57,59	0,16	
57,595	0,16	
57,6	0,15	
57,605	0,15	
57,61	0,14	
57,615	0,14	
57,62	0,14	
57,625	0,14	
57,63	0,14	
57,635	0,13	
57,64	0,13	
57,645	0,13	
57,65	0,12	
57,655	0,12	
57,66	0,11	
57,665	0,11	
57,67	0,11	
57,675	0,1	
57,68	0,1	
57,685	0,1	
57,69	0,09	
57,695	0,09	
57,7	0,09	
57,705	0,09	
57,71	0,08	
57,715	0,08	
57,72	0,08	
57,725	0,08	
57,73	0,07	
57,735	0,07	
57,74	0,06	
57,745	0,06	
57,75	0,06	
57,755	0,06	
57,76	0,05	
57,765	0,05	
57,77	0,05	
57,775	0,05	
57,78	0,04	
57,785	0,04	
57,79	0,03	
57,795	0,03	
57,8	0,03	
57,805	0,02	
57,81	0,02	
57,815	0,01	
57,82	0,01	
57,825	0,01	
57,83	0,01	
57,835	0,01	
57,84	0,01	
57,845	0	
57,85	0	
57,855	0	
57,86	-0,01	
57,865	-0,01	
57,87	-0,01	
57,875	-0,01	
57,88	-0,01	
57,885	-0,01	
57,89	-0,01	
57,895	-0,02	
57,9	-0,02	
57,905	-0,03	
57,91	-0,03	
57,915	-0,03	
57,92	-0,03	
57,925	-0,03	
57,93	-0,04	
57,935	-0,04	
57,94	-0,04	
57,945	-0,04	
57,95	-0,04	
57,955	-0,04	
57,96	-0,04	
57,965	-0,04	
57,97	-0,04	
57,975	-0,04	
57,98	-0,04	
57,985	-0,04	
57,99	-0,04	
57,995	-0,04	
58,0	-0,05	
58,005	-0,05	
58,01	-0,05	
58,015	-0,05	
58,02	-0,05	
58,025	-0,05	
58,03	-0,05	
58,035	-0,05	
58,04	-0,05	
58,045	-0,05	
58,05	-0,05	
58,055	-0,05	
58,06	-0,05	
58,065	-0,05	
58,07	-0,05	
58,075	-0,05	
58,08	-0,05	
58,085	-0,05	
58,09	-0,05	
58,095	-0,05	
58,1	-0,05	
58,105	-0,05	
58,11	-0,05	
58,115	-0,05	
58,12	-0,05	
58,125	-0,05	
58,13	-0,04	
58,135	-0,04	
58,14	-0,05	
58,145	-0,05	
58,15	-0,05	
58,155	-0,05	
58,16	-0,05	
58,165	-0,05	
58,17	-0,05	
58,175	-0,05	
58,18	-0,05	
58,185	-0,05	
58,19	-0,05	
58,195	-0,04	
58,2	-0,04	
58,205	-0,04	
58,21	-0,04	
58,215	-0,04	
58,22	-0,05	
58,225	-0,04	
58,23	-0,05	
58,235	-0,05	
58,24	-0,05	
58,245	-0,05	
58,25	-0,05	
58,255	-0,05	
58,26	-0,05	
58,265	-0,05	
58,27	-0,05	
58,275	-0,05	
58,28	-0,05	
58,285	-0,05	
58,29	-0,05	
58,295	-0,05	
58,3	-0,05	
58,305	-0,05	
58,31	-0,05	
58,315	-0,05	
58,32	-0,05	
58,325	-0,05	
58,33	-0,05	
58,335	-0,05	
58,34	-0,05	
58,345	-0,05	
58,35	-0,05	
58,355	-0,05	
58,36	-0,05	
58,365	-0,06	
58,37	-0,06	
58,375	-0,06	
58,38	-0,06	
58,385	-0,06	
58,39	-0,06	
58,395	-0,06	
58,4	-0,06	
58,405	-0,06	
58,41	-0,06	
58,415	-0,06	
58,42	-0,06	
58,425	-0,06	
58,43	-0,06	
58,435	-0,06	
58,44	-0,06	
58,445	-0,06	
58,45	-0,06	
58,455	-0,06	
58,46	-0,07	
58,465	-0,07	
58,47	-0,07	
58,475	-0,07	
58,48	-0,08	
58,485	-0,08	
58,49	-0,08	
58,495	-0,08	
58,5	-0,08	
58,505	-0,08	
58,51	-0,08	
58,515	-0,08	
58,52	-0,08	
58,525	-0,08	
58,53	-0,08	
58,535	-0,08	
58,54	-0,08	
58,545	-0,08	
58,55	-0,09	
58,555	-0,09	
58,56	-0,09	
58,565	-0,09	
58,57	-0,09	
58,575	-0,09	
58,58	-0,09	
58,585	-0,09	
58,59	-0,1	
58,595	-0,1	
58,6	-0,1	
58,605	-0,1	
58,61	-0,1	
58,615	-0,1	
58,62	-0,1	
58,625	-0,1	
58,63	-0,1	
58,635	-0,1	
58,64	-0,1	
58,645	-0,1	
58,65	-0,09	
58,655	-0,09	
58,66	-0,09	
58,665	-0,09	
58,67	-0,09	
58,675	-0,09	
58,68	-0,09	
58,685	-0,09	
58,69	-0,09	
58,695	-0,09	
58,7	-0,09	
58,705	-0,09	
58,71	-0,09	
58,715	-0,09	
58,72	-0,09	
58,725	-0,09	
58,73	-0,09	
58,735	-0,08	
58,74	-0,08	
58,745	-0,08	
58,75	-0,07	
58,755	-0,07	
58,76	-0,07	
58,765	-0,07	
58,77	-0,07	
58,775	-0,07	
58,78	-0,07	
58,785	-0,06	
58,79	-0,06	
58,795	-0,06	
58,8	-0,06	
58,805	-0,06	
58,81	-0,06	
58,815	-0,05	
58,82	-0,05	
58,825	-0,05	
58,83	-0,04	
58,835	-0,04	
58,84	-0,04	
58,845	-0,03	
58,85	-0,03	
58,855	-0,03	
58,86	-0,02	
58,865	-0,02	
58,87	-0,01	
58,875	-0,01	
58,88	-0,01	
58,885	0	
58,89	0	
58,895	0	
58,9	0,01	
58,905	0,01	
58,91	0,01	
58,915	0,02	
58,92	0,02	
58,925	0,03	
58,93	0,03	
58,935	0,04	
58,94	0,04	
58,945	0,04	
58,95	0,05	
58,955	0,05	
58,96	0,06	
58,965	0,06	
58,97	0,07	
58,975	0,07	
58,98	0,07	
58,985	0,08	
58,99	0,09	
58,995	0,09	
59,0	0,09	
59,005	0,1	
59,01	0,1	
59,015	0,1	
59,02	0,11	
59,025	0,11	
59,03	0,12	
59,035	0,12	
59,04	0,13	
59,045	0,13	
59,05	0,14	
59,055	0,14	
59,06	0,15	
59,065	0,15	
59,07	0,15	
59,075	0,16	
59,08	0,16	
59,085	0,16	
59,09	0,17	
59,095	0,17	
59,1	0,18	
59,105	0,18	
59,11	0,18	
59,115	0,18	
59,12	0,18	
59,125	0,19	
59,13	0,19	
59,135	0,2	
59,14	0,2	
59,145	0,21	
59,15	0,21	
59,155	0,21	
59,16	0,22	
59,165	0,21	
59,17	0,22	
59,175	0,21	
59,18	0,21	
59,185	0,22	
59,19	0,23	
59,195	0,23	
59,2	0,23	
59,205	0,23	
59,21	0,23	
59,215	0,23	
59,22	0,23	
59,225	0,23	
59,23	0,23	
59,235	0,23	
59,24	0,23	
59,245	0,23	
59,25	0,23	
59,255	0,23	
59,26	0,24	
59,265	0,23	
59,27	0,23	
59,275	0,23	
59,28	0,23	
59,285	0,23	
59,29	0,23	
59,295	0,22	
59,3	0,22	
59,305	0,22	
59,31	0,22	
59,315	0,22	
59,32	0,22	
59,325	0,21	
59,33	0,21	
59,335	0,21	
59,34	0,2	
59,345	0,2	
59,35	0,2	
59,355	0,19	
59,36	0,19	
59,365	0,19	
59,37	0,18	
59,375	0,18	
59,38	0,17	
59,385	0,17	
59,39	0,16	
59,395	0,16	
59,4	0,16	
59,405	0,16	
59,41	0,15	
59,415	0,14	
59,42	0,14	
59,425	0,13	
59,43	0,12	
59,435	0,11	
59,44	0,11	
59,445	0,1	
59,45	0,1	
59,455	0,09	
59,46	0,09	
59,465	0,08	
59,47	0,08	
59,475	0,07	
59,48	0,06	
59,485	0,05	
59,49	0,05	
59,495	0,04	
59,5	0,03	
59,505	0,02	
59,51	0,02	
59,515	0	
59,52	0	
59,525	-0,01	
59,53	-0,01	
59,535	-0,02	
59,54	-0,03	
59,545	-0,03	
59,55	-0,04	
59,555	-0,05	
59,56	-0,06	
59,565	-0,07	
59,57	-0,08	
59,575	-0,08	
59,58	-0,09	
59,585	-0,1	
59,59	-0,1	
59,595	-0,11	
59,6	-0,12	
59,605	-0,13	
59,61	-0,14	
59,615	-0,15	
59,62	-0,15	
59,625	-0,16	
59,63	-0,17	
59,635	-0,17	
59,64	-0,18	
59,645	-0,19	
59,65	-0,2	
59,655	-0,2	
59,66	-0,21	
59,665	-0,22	
59,67	-0,22	
59,675	-0,23	
59,68	-0,24	
59,685	-0,24	
59,69	-0,25	
59,695	-0,26	
59,7	-0,26	
59,705	-0,27	
59,71	-0,27	
59,715	-0,28	
59,72	-0,28	
59,725	-0,28	
59,73	-0,29	
59,735	-0,29	
59,74	-0,3	
59,745	-0,3	
59,75	-0,31	
59,755	-0,32	
59,76	-0,32	
59,765	-0,32	
59,77	-0,32	
59,775	-0,33	
59,78	-0,33	
59,785	-0,34	
59,79	-0,34	
59,795	-0,34	
59,8	-0,35	
59,805	-0,35	
59,81	-0,35	
59,815	-0,35	
59,82	-0,35	
59,825	-0,35	
59,83	-0,35	
59,835	-0,35	
59,84	-0,36	
59,845	-0,36	
59,85	-0,35	
59,855	-0,35	
59,86	-0,35	
59,865	-0,35	
59,87	-0,35	
59,875	-0,35	
59,88	-0,35	
59,885	-0,35	
59,89	-0,34	
59,895	-0,34	
59,9	-0,34	
59,905	-0,33	
59,91	-0,33	
59,915	-0,33	
59,92	-0,33	
59,925	-0,33	
59,93	-0,32	
59,935	-0,32	
59,94	-0,32	
59,945	-0,31	
59,95	-0,3	
59,955	-0,3	
59,96	-0,29	
59,965	-0,29	
59,97	-0,28	
59,975	-0,28	
59,98	-0,27	
59,985	-0,27	
59,99	-0,26	
59,995	-0,25	
60,0	-0,24	
60,005	-0,23	
60,01	-0,22	
60,015	-0,22	
60,02	-0,21	
60,025	-0,2	
60,03	-0,19	
60,035	-0,18	
60,04	-0,17	
60,045	-0,16	
60,05	-0,16	
60,055	-0,15	
60,06	-0,15	
60,065	-0,14	
60,07	-0,13	
60,075	-0,12	
60,08	-0,1	
60,085	-0,09	
60,09	-0,08	
60,095	-0,07	
60,1	-0,07	
60,105	-0,06	
60,11	-0,05	
60,115	-0,04	
60,12	-0,03	
60,125	-0,02	
60,13	0	
60,135	0,01	
60,14	0,02	
60,145	0,03	
60,15	0,04	
60,155	0,04	
60,16	0,06	
60,165	0,08	
60,17	0,09	
60,175	0,1	
60,18	0,11	
60,185	0,12	
60,19	0,13	
60,195	0,13	
60,2	0,14	
60,205	0,15	
60,21	0,16	
60,215	0,17	
60,22	0,18	
60,225	0,2	
60,23	0,21	
60,235	0,21	
60,24	0,23	
60,245	0,23	
60,25	0,24	
60,255	0,25	
60,26	0,26	
60,265	0,27	
60,27	0,28	
60,275	0,29	
60,28	0,3	
60,285	0,3	
60,29	0,31	
60,295	0,32	
60,3	0,33	
60,305	0,33	
60,31	0,34	
60,315	0,35	
60,32	0,36	
60,325	0,36	
60,33	0,37	
60,335	0,37	
60,34	0,38	
60,345	0,39	
60,35	0,39	
60,355	0,4	
60,36	0,4	
60,365	0,41	
60,37	0,41	
60,375	0,42	
60,38	0,42	
60,385	0,42	
60,39	0,43	
60,395	0,43	
60,4	0,43	
60,405	0,44	
60,41	0,44	
60,415	0,44	
60,42	0,44	
60,425	0,44	
60,43	0,44	
60,435	0,45	
60,44	0,45	
60,445	0,45	
60,45	0,45	
60,455	0,45	
60,46	0,45	
60,465	0,45	
60,47	0,45	
60,475	0,45	
60,48	0,44	
60,485	0,44	
60,49	0,44	
60,495	0,44	
60,5	0,43	
60,505	0,43	
60,51	0,42	
60,515	0,42	
60,52	0,41	
60,525	0,41	
60,53	0,4	
60,535	0,4	
60,54	0,39	
60,545	0,39	
60,55	0,38	
60,555	0,37	
60,56	0,36	
60,565	0,35	
60,57	0,35	
60,575	0,34	
60,58	0,34	
60,585	0,33	
60,59	0,32	
60,595	0,31	
60,6	0,3	
60,605	0,29	
60,61	0,28	
60,615	0,28	
60,62	0,27	
60,625	0,26	
60,63	0,25	
60,635	0,25	
60,64	0,23	
60,645	0,21	
60,65	0,2	
60,655	0,19	
60,66	0,18	
60,665	0,17	
60,67	0,16	
60,675	0,15	
60,68	0,14	
60,685	0,12	
60,69	0,11	
60,695	0,1	
60,7	0,09	
60,705	0,08	
60,71	0,07	
60,715	0,06	
60,72	0,05	
60,725	0,03	
60,73	0,01	
60,735	0	
60,74	-0,01	
60,745	-0,02	
60,75	-0,04	
60,755	-0,05	
60,76	-0,06	
60,765	-0,07	
60,77	-0,08	
60,775	-0,09	
60,78	-0,11	
60,785	-0,12	
60,79	-0,14	
60,795	-0,14	
60,8	-0,16	
60,805	-0,16	
60,81	-0,18	
60,815	-0,19	
60,82	-0,2	
60,825	-0,22	
60,83	-0,23	
60,835	-0,24	
60,84	-0,25	
60,845	-0,26	
60,85	-0,27	
60,855	-0,28	
60,86	-0,29	
60,865	-0,3	
60,87	-0,31	
60,875	-0,33	
60,88	-0,33	
60,885	-0,34	
60,89	-0,35	
60,895	-0,36	
60,9	-0,37	
60,905	-0,38	
60,91	-0,39	
60,915	-0,4	
60,92	-0,4	
60,925	-0,41	
60,93	-0,42	
60,935	-0,43	
60,94	-0,43	
60,945	-0,44	
60,95	-0,45	
60,955	-0,45	
60,96	-0,46	
60,965	-0,47	
60,97	-0,47	
60,975	-0,48	
60,98	-0,48	
60,985	-0,48	
60,99	-0,49	
60,995	-0,49	
61,0	-0,49	
61,005	-0,5	
61,01	-0,5	
61,015	-0,51	
61,02	-0,51	
61,025	-0,5	
61,03	-0,5	
61,035	-0,5	
61,04	-0,51	
61,045	-0,51	
61,05	-0,51	
61,055	-0,51	
61,06	-0,51	
61,065	-0,51	
61,07	-0,5	
61,075	-0,5	
61,08	-0,49	
61,085	-0,49	
61,09	-0,49	
61,095	-0,49	
61,1	-0,49	
61,105	-0,48	
61,11	-0,48	
61,115	-0,47	
61,12	-0,47	
61,125	-0,46	
61,13	-0,46	
61,135	-0,45	
61,14	-0,45	
61,145	-0,44	
61,15	-0,43	
61,155	-0,42	
61,16	-0,41	
61,165	-0,41	
61,17	-0,4	
61,175	-0,39	
61,18	-0,39	
61,185	-0,38	
61,19	-0,37	
61,195	-0,36	
61,2	-0,35	
61,205	-0,34	
61,21	-0,32	
61,215	-0,31	
61,22	-0,3	
61,225	-0,29	
61,23	-0,28	
61,235	-0,27	
61,24	-0,26	
61,245	-0,25	
61,25	-0,24	
61,255	-0,23	
61,26	-0,22	
61,265	-0,2	
61,27	-0,19	
61,275	-0,18	
61,28	-0,17	
61,285	-0,15	
61,29	-0,14	
61,295	-0,12	
61,3	-0,1	
61,305	-0,09	
61,31	-0,08	
61,315	-0,07	
61,32	-0,05	
61,325	-0,04	
61,33	-0,03	
61,335	-0,02	
61,34	0	
61,345	0,01	
61,35	0,03	
61,355	0,04	
61,36	0,05	
61,365	0,06	
61,37	0,08	
61,375	0,1	
61,38	0,11	
61,385	0,13	
61,39	0,14	
61,395	0,16	
61,4	0,17	
61,405	0,18	
61,41	0,19	
61,415	0,2	
61,42	0,21	
61,425	0,22	
61,43	0,24	
61,435	0,25	
61,44	0,27	
61,445	0,27	
61,45	0,28	
61,455	0,29	
61,46	0,3	
61,465	0,31	
61,47	0,33	
61,475	0,35	
61,48	0,36	
61,485	0,37	
61,49	0,38	
61,495	0,38	
61,5	0,39	
61,505	0,4	
61,51	0,41	
61,515	0,42	
61,52	0,43	
61,525	0,43	
61,53	0,44	
61,535	0,45	
61,54	0,46	
61,545	0,47	
61,55	0,47	
61,555	0,48	
61,56	0,49	
61,565	0,5	
61,57	0,5	
61,575	0,51	
61,58	0,51	
61,585	0,51	
61,59	0,51	
61,595	0,52	
61,6	0,52	
61,605	0,53	
61,61	0,53	
61,615	0,54	
61,62	0,53	
61,625	0,53	
61,63	0,53	
61,635	0,53	
61,64	0,53	
61,645	0,53	
61,65	0,53	
61,655	0,53	
61,66	0,53	
61,665	0,53	
61,67	0,52	
61,675	0,52	
61,68	0,52	
61,685	0,51	
61,69	0,51	
61,695	0,51	
61,7	0,51	
61,705	0,51	
61,71	0,5	
61,715	0,5	
61,72	0,49	
61,725	0,48	
61,73	0,47	
61,735	0,47	
61,74	0,46	
61,745	0,46	
61,75	0,45	
61,755	0,45	
61,76	0,44	
61,765	0,43	
61,77	0,42	
61,775	0,41	
61,78	0,39	
61,785	0,38	
61,79	0,38	
61,795	0,37	
61,8	0,36	
61,805	0,35	
61,81	0,34	
61,815	0,33	
61,82	0,32	
61,825	0,31	
61,83	0,3	
61,835	0,29	
61,84	0,28	
61,845	0,27	
61,85	0,25	
61,855	0,24	
61,86	0,22	
61,865	0,21	
61,87	0,19	
61,875	0,18	
61,88	0,17	
61,885	0,16	
61,89	0,14	
61,895	0,13	
61,9	0,12	
61,905	0,11	
61,91	0,09	
61,915	0,08	
61,92	0,07	
61,925	0,06	
61,93	0,04	
61,935	0,03	
61,94	0,01	
61,945	-0,01	
61,95	-0,02	
61,955	-0,04	
61,96	-0,05	
61,965	-0,06	
61,97	-0,07	
61,975	-0,09	
61,98	-0,1	
61,985	-0,11	
61,99	-0,13	
61,995	-0,14	
62,0	-0,15	
62,005	-0,16	
62,01	-0,17	
62,015	-0,18	
62,02	-0,2	
62,025	-0,22	
62,03	-0,23	
62,035	-0,24	
62,04	-0,26	
62,045	-0,27	
62,05	-0,28	
62,055	-0,29	
62,06	-0,3	
62,065	-0,31	
62,07	-0,32	
62,075	-0,33	
62,08	-0,34	
62,085	-0,35	
62,09	-0,36	
62,095	-0,37	
62,1	-0,39	
62,105	-0,39	
62,11	-0,4	
62,115	-0,41	
62,12	-0,42	
62,125	-0,43	
62,13	-0,43	
62,135	-0,44	
62,14	-0,45	
62,145	-0,46	
62,15	-0,46	
62,155	-0,47	
62,16	-0,47	
62,165	-0,48	
62,17	-0,48	
62,175	-0,49	
62,18	-0,5	
62,185	-0,5	
62,19	-0,5	
62,195	-0,5	
62,2	-0,5	
62,205	-0,51	
62,21	-0,51	
62,215	-0,52	
62,22	-0,52	
62,225	-0,52	
62,23	-0,52	
62,235	-0,52	
62,24	-0,52	
62,245	-0,51	
62,25	-0,52	
62,255	-0,52	
62,26	-0,52	
62,265	-0,52	
62,27	-0,51	
62,275	-0,51	
62,28	-0,5	
62,285	-0,5	
62,29	-0,5	
62,295	-0,49	
62,3	-0,49	
62,305	-0,49	
62,31	-0,49	
62,315	-0,48	
62,32	-0,47	
62,325	-0,47	
62,33	-0,46	
62,335	-0,46	
62,34	-0,45	
62,345	-0,44	
62,35	-0,43	
62,355	-0,43	
62,36	-0,42	
62,365	-0,42	
62,37	-0,41	
62,375	-0,39	
62,38	-0,39	
62,385	-0,38	
62,39	-0,37	
62,395	-0,36	
62,4	-0,35	
62,405	-0,35	
62,41	-0,33	
62,415	-0,32	
62,42	-0,31	
62,425	-0,3	
62,43	-0,29	
62,435	-0,28	
62,44	-0,27	
62,445	-0,26	
62,45	-0,25	
62,455	-0,23	
62,46	-0,22	
62,465	-0,21	
62,47	-0,19	
62,475	-0,18	
62,48	-0,17	
62,485	-0,16	
62,49	-0,15	
62,495	-0,13	
62,5	-0,12	
62,505	-0,1	
62,51	-0,09	
62,515	-0,08	
62,52	-0,07	
62,525	-0,06	
62,53	-0,05	
62,535	-0,03	
62,54	-0,02	
62,545	0	
62,55	0,01	
62,555	0,02	
62,56	0,03	
62,565	0,05	
62,57	0,06	
62,575	0,07	
62,58	0,08	
62,585	0,1	
62,59	0,12	
62,595	0,13	
62,6	0,14	
62,605	0,15	
62,61	0,16	
62,615	0,17	
62,62	0,18	
62,625	0,19	
62,63	0,2	
62,635	0,22	
62,64	0,23	
62,645	0,24	
62,65	0,25	
62,655	0,26	
62,66	0,27	
62,665	0,28	
62,67	0,29	
62,675	0,3	
62,68	0,32	
62,685	0,32	
62,69	0,33	
62,695	0,34	
62,7	0,35	
62,705	0,35	
62,71	0,36	
62,715	0,37	
62,72	0,37	
62,725	0,38	
62,73	0,39	
62,735	0,4	
62,74	0,41	
62,745	0,41	
62,75	0,42	
62,755	0,42	
62,76	0,42	
62,765	0,43	
62,77	0,44	
62,775	0,44	
62,78	0,45	
62,785	0,45	
62,79	0,45	
62,795	0,45	
62,8	0,45	
62,805	0,45	
62,81	0,46	
62,815	0,46	
62,82	0,47	
62,825	0,47	
62,83	0,47	
62,835	0,47	
62,84	0,47	
62,845	0,46	
62,85	0,46	
62,855	0,46	
62,86	0,46	
62,865	0,47	
62,87	0,46	
62,875	0,46	
62,88	0,46	
62,885	0,46	
62,89	0,45	
62,895	0,45	
62,9	0,44	
62,905	0,44	
62,91	0,44	
62,915	0,43	
62,92	0,43	
62,925	0,42	
62,93	0,41	
62,935	0,41	
62,94	0,4	
62,945	0,4	
62,95	0,39	
62,955	0,39	
62,96	0,39	
62,965	0,38	
62,97	0,37	
62,975	0,36	
62,98	0,35	
62,985	0,34	
62,99	0,33	
62,995	0,32	
63,0	0,31	
63,005	0,31	
63,01	0,3	
63,015	0,29	
63,02	0,28	
63,025	0,27	
63,03	0,26	
63,035	0,25	
63,04	0,24	
63,045	0,23	
63,05	0,22	
63,055	0,21	
63,06	0,2	
63,065	0,19	
63,07	0,17	
63,075	0,16	
63,08	0,16	
63,085	0,15	
63,09	0,14	
63,095	0,13	
63,1	0,12	
63,105	0,1	
63,11	0,09	
63,115	0,08	
63,12	0,07	
63,125	0,06	
63,13	0,05	
63,135	0,04	
63,14	0,03	
63,145	0,02	
63,15	0,01	
63,155	-0,01	
63,16	-0,03	
63,165	-0,04	
63,17	-0,05	
63,175	-0,06	
63,18	-0,07	
63,185	-0,07	
63,19	-0,08	
63,195	-0,09	
63,2	-0,1	
63,205	-0,12	
63,21	-0,13	
63,215	-0,14	
63,22	-0,15	
63,225	-0,15	
63,23	-0,16	
63,235	-0,18	
63,24	-0,19	
63,245	-0,2	
63,25	-0,21	
63,255	-0,22	
63,26	-0,23	
63,265	-0,23	
63,27	-0,24	
63,275	-0,25	
63,28	-0,25	
63,285	-0,26	
63,29	-0,27	
63,295	-0,28	
63,3	-0,28	
63,305	-0,29	
63,31	-0,29	
63,315	-0,3	
63,32	-0,31	
63,325	-0,32	
63,33	-0,33	
63,335	-0,34	
63,34	-0,34	
63,345	-0,34	
63,35	-0,35	
63,355	-0,35	
63,36	-0,35	
63,365	-0,35	
63,37	-0,35	
63,375	-0,36	
63,38	-0,36	
63,385	-0,37	
63,39	-0,37	
63,395	-0,37	
63,4	-0,37	
63,405	-0,37	
63,41	-0,37	
63,415	-0,38	
63,42	-0,38	
63,425	-0,38	
63,43	-0,39	
63,435	-0,39	
63,44	-0,38	
63,445	-0,38	
63,45	-0,38	
63,455	-0,37	
63,46	-0,37	
63,465	-0,37	
63,47	-0,38	
63,475	-0,38	
63,48	-0,37	
63,485	-0,37	
63,49	-0,37	
63,495	-0,37	
63,5	-0,36	
63,505	-0,36	
63,51	-0,36	
63,515	-0,36	
63,52	-0,35	
63,525	-0,35	
63,53	-0,34	
63,535	-0,33	
63,54	-0,33	
63,545	-0,33	
63,55	-0,32	
63,555	-0,31	
63,56	-0,31	
63,565	-0,3	
63,57	-0,29	
63,575	-0,29	
63,58	-0,28	
63,585	-0,27	
63,59	-0,27	
63,595	-0,27	
63,6	-0,26	
63,605	-0,26	
63,61	-0,25	
63,615	-0,24	
63,62	-0,23	
63,625	-0,22	
63,63	-0,22	
63,635	-0,21	
63,64	-0,2	
63,645	-0,19	
63,65	-0,18	
63,655	-0,17	
63,66	-0,16	
63,665	-0,16	
63,67	-0,15	
63,675	-0,14	
63,68	-0,13	
63,685	-0,12	
63,69	-0,12	
63,695	-0,11	
63,7	-0,1	
63,705	-0,1	
63,71	-0,09	
63,715	-0,08	
63,72	-0,06	
63,725	-0,06	
63,73	-0,05	
63,735	-0,04	
63,74	-0,04	
63,745	-0,03	
63,75	-0,02	
63,755	-0,01	
63,76	0	
63,765	0,01	
63,77	0,02	
63,775	0,03	
63,78	0,03	
63,785	0,04	
63,79	0,05	
63,795	0,06	
63,8	0,07	
63,805	0,08	
63,81	0,09	
63,815	0,1	
63,82	0,1	
63,825	0,11	
63,83	0,11	
63,835	0,12	
63,84	0,13	
63,845	0,14	
63,85	0,15	
63,855	0,15	
63,86	0,16	
63,865	0,16	
63,87	0,17	
63,875	0,17	
63,88	0,18	
63,885	0,18	
63,89	0,19	
63,895	0,2	
63,9	0,2	
63,905	0,21	
63,91	0,21	
63,915	0,21	
63,92	0,22	
63,925	0,22	
63,93	0,23	
63,935	0,24	
63,94	0,24	
63,945	0,24	
63,95	0,24	
63,955	0,24	
63,96	0,24	
63,965	0,24	
63,97	0,25	
63,975	0,25	
63,98	0,26	
63,985	0,26	
63,99	0,26	
63,995	0,26	
64,0	0,26	
64,005	0,26	
64,01	0,26	
64,015	0,26	
64,02	0,26	
64,025	0,27	
64,03	0,26	
64,035	0,27	
64,04	0,27	
64,045	0,27	
64,05	0,27	
64,055	0,27	
64,06	0,27	
64,065	0,27	
64,07	0,27	
64,075	0,27	
64,08	0,27	
64,085	0,26	
64,09	0,26	
64,095	0,26	
64,1	0,25	
64,105	0,25	
64,11	0,25	
64,115	0,25	
64,12	0,25	
64,125	0,25	
64,13	0,24	
64,135	0,24	
64,14	0,24	
64,145	0,23	
64,15	0,23	
64,155	0,23	
64,16	0,22	
64,165	0,22	
64,17	0,21	
64,175	0,21	
64,18	0,21	
64,185	0,2	
64,19	0,2	
64,195	0,2	
64,2	0,19	
64,205	0,18	
64,21	0,18	
64,215	0,17	
64,22	0,17	
64,225	0,16	
64,23	0,16	
64,235	0,15	
64,24	0,14	
64,245	0,14	
64,25	0,14	
64,255	0,13	
64,26	0,13	
64,265	0,12	
64,27	0,12	
64,275	0,11	
64,28	0,1	
64,285	0,1	
64,29	0,09	
64,295	0,09	
64,3	0,09	
64,305	0,08	
64,31	0,07	
64,315	0,07	
64,32	0,06	
64,325	0,05	
64,33	0,05	
64,335	0,04	
64,34	0,04	
64,345	0,04	
64,35	0,03	
64,355	0,03	
64,36	0,02	
64,365	0,01	
64,37	0	
64,375	0	
64,38	-0,01	
64,385	-0,01	
64,39	-0,01	
64,395	-0,01	
64,4	-0,02	
64,405	-0,02	
64,41	-0,03	
64,415	-0,04	
64,42	-0,04	
64,425	-0,05	
64,43	-0,05	
64,435	-0,06	
64,44	-0,06	
64,445	-0,06	
64,45	-0,07	
64,455	-0,07	
64,46	-0,07	
64,465	-0,07	
64,47	-0,08	
64,475	-0,08	
64,48	-0,09	
64,485	-0,09	
64,49	-0,1	
64,495	-0,11	
64,5	-0,11	
64,505	-0,11	
64,51	-0,11	
64,515	-0,11	
64,52	-0,11	
64,525	-0,12	
64,53	-0,12	
64,535	-0,12	
64,54	-0,12	
64,545	-0,12	
64,55	-0,12	
64,555	-0,12	
64,56	-0,13	
64,565	-0,13	
64,57	-0,13	
64,575	-0,13	
64,58	-0,13	
64,585	-0,13	
64,59	-0,14	
64,595	-0,13	
64,6	-0,14	
64,605	-0,14	
64,61	-0,14	
64,615	-0,14	
64,62	-0,14	
64,625	-0,14	
64,63	-0,14	
64,635	-0,14	
64,64	-0,14	
64,645	-0,14	
64,65	-0,14	
64,655	-0,13	
64,66	-0,14	
64,665	-0,13	
64,67	-0,14	
64,675	-0,14	
64,68	-0,14	
64,685	-0,14	
64,69	-0,14	
64,695	-0,14	
64,7	-0,14	
64,705	-0,13	
64,71	-0,13	
64,715	-0,13	
64,72	-0,13	
64,725	-0,13	
64,73	-0,13	
64,735	-0,13	
64,74	-0,13	
64,745	-0,12	
64,75	-0,12	
64,755	-0,12	
64,76	-0,12	
64,765	-0,12	
64,77	-0,12	
64,775	-0,11	
64,78	-0,11	
64,785	-0,11	
64,79	-0,1	
64,795	-0,1	
64,8	-0,1	
64,805	-0,1	
64,81	-0,09	
64,815	-0,1	
64,82	-0,1	
64,825	-0,09	
64,83	-0,09	
64,835	-0,09	
64,84	-0,09	
64,845	-0,09	
64,85	-0,08	
64,855	-0,08	
64,86	-0,08	
64,865	-0,08	
64,87	-0,08	
64,875	-0,07	
64,88	-0,07	
64,885	-0,07	
64,89	-0,06	
64,895	-0,06	
64,9	-0,06	
64,905	-0,06	
64,91	-0,06	
64,915	-0,06	
64,92	-0,05	
64,925	-0,05	
64,93	-0,04	
64,935	-0,05	
64,94	-0,04	
64,945	-0,04	
64,95	-0,04	
64,955	-0,05	
64,96	-0,04	
64,965	-0,04	
64,97	-0,04	
64,975	-0,04	
64,98	-0,03	
64,985	-0,04	
64,99	-0,04	
64,995	-0,04	
65,0	-0,04	
65,005	-0,03	
65,01	-0,03	
65,015	-0,02	
65,02	-0,02	
65,025	-0,02	
65,03	-0,01	
65,035	-0,01	
65,04	-0,01	
65,045	-0,01	
65,05	-0,01	
65,055	-0,01	
65,06	-0,01	
65,065	-0,01	
65,07	-0,01	
65,075	-0,01	
65,08	-0,01	
65,085	-0,01	
65,09	-0,01	
65,095	-0,01	
65,1	-0,01	
65,105	-0,01	
65,11	0	
65,115	0	
65,12	-0,01	
65,125	-0,01	
65,13	-0,01	
65,135	-0,01	
65,14	-0,01	
65,145	0	
65,15	0	
65,155	0	
65,16	0	
65,165	0	
65,17	0	
65,175	0	
65,18	0	
65,185	0	
65,19	0	
65,195	0	
65,2	0,01	
65,205	0	
65,21	0	
65,215	0	
65,22	0	
65,225	0	
65,23	0	
65,235	0	
65,24	0	
65,245	0	
65,25	0	
65,255	0	
65,26	0	
65,265	0	
65,27	0	
65,275	0	
65,28	0	
65,285	0	
65,29	0	
65,295	0	
65,3	0	
65,305	0	
65,31	0	
65,315	0	
65,32	0,01	
65,325	0,01	
65,33	0,01	
65,335	0,01	
65,34	0,01	
65,345	0,01	
65,35	0,01	
65,355	0,01	
65,36	0,01	
65,365	0,01	
65,37	0,01	
65,375	0,01	
65,38	0,01	
65,385	0,01	
65,39	0,01	
65,395	0,02	
65,4	0,01	
65,405	0,02	
65,41	0,02	
65,415	0,02	
65,42	0,02	
65,425	0,03	
65,43	0,03	
65,435	0,03	
65,44	0,02	
65,445	0,02	
65,45	0,02	
65,455	0,03	
65,46	0,03	
65,465	0,03	
65,47	0,03	
65,475	0,03	
65,48	0,03	
65,485	0,03	
65,49	0,03	
65,495	0,03	
65,5	0,04	
65,505	0,04	
65,51	0,04	
65,515	0,05	
65,52	0,05	
65,525	0,05	
65,53	0,05	
65,535	0,05	
65,54	0,06	
65,545	0,06	
65,55	0,06	
65,555	0,06	
65,56	0,07	
65,565	0,07	
65,57	0,07	
65,575	0,07	
65,58	0,07	
65,585	0,07	
65,59	0,07	
65,595	0,08	
65,6	0,08	
65,605	0,08	
65,61	0,08	
65,615	0,08	
65,62	0,08	
65,625	0,09	
65,63	0,09	
65,635	0,09	
65,64	0,09	
65,645	0,09	
65,65	0,1	
65,655	0,1	
65,66	0,1	
65,665	0,1	
65,67	0,1	
65,675	0,11	
65,68	0,11	
65,685	0,11	
65,69	0,11	
65,695	0,12	
65,7	0,12	
65,705	0,12	
65,71	0,12	
65,715	0,12	
65,72	0,12	
65,725	0,12	
65,73	0,13	
65,735	0,13	
65,74	0,13	
65,745	0,13	
65,75	0,13	
65,755	0,13	
65,76	0,13	
65,765	0,13	
65,77	0,13	
65,775	0,13	
65,78	0,13	
65,785	0,14	
65,79	0,14	
65,795	0,14	
65,8	0,14	
65,805	0,14	
65,81	0,14	
65,815	0,14	
65,82	0,14	
65,825	0,13	
65,83	0,13	
65,835	0,13	
65,84	0,13	
65,845	0,14	
65,85	0,14	
65,855	0,14	
65,86	0,14	
65,865	0,14	
65,87	0,14	
65,875	0,13	
65,88	0,13	
65,885	0,13	
65,89	0,13	
65,895	0,13	
65,9	0,12	
65,905	0,13	
65,91	0,12	
65,915	0,12	
65,92	0,12	
65,925	0,12	
65,93	0,11	
65,935	0,11	
65,94	0,11	
65,945	0,1	
65,95	0,1	
65,955	0,1	
65,96	0,1	
65,965	0,09	
65,97	0,09	
65,975	0,08	
65,98	0,08	
65,985	0,07	
65,99	0,07	
65,995	0,07	
66,0	0,07	
66,005	0,06	
66,01	0,06	
66,015	0,06	
66,02	0,05	
66,025	0,05	
66,03	0,04	
66,035	0,04	
66,04	0,04	
66,045	0,03	
66,05	0,03	
66,055	0,03	
66,06	0,02	
66,065	0,01	
66,07	0,01	
66,075	0	
66,08	0	
66,085	-0,01	
66,09	-0,01	
66,095	-0,01	
66,1	-0,02	
66,105	-0,03	
66,11	-0,03	
66,115	-0,04	
66,12	-0,05	
66,125	-0,05	
66,13	-0,06	
66,135	-0,06	
66,14	-0,06	
66,145	-0,07	
66,15	-0,08	
66,155	-0,08	
66,16	-0,09	
66,165	-0,09	
66,17	-0,1	
66,175	-0,1	
66,18	-0,1	
66,185	-0,11	
66,19	-0,12	
66,195	-0,12	
66,2	-0,13	
66,205	-0,13	
66,21	-0,14	
66,215	-0,14	
66,22	-0,15	
66,225	-0,15	
66,23	-0,16	
66,235	-0,16	
66,24	-0,17	
66,245	-0,18	
66,25	-0,18	
66,255	-0,18	
66,26	-0,19	
66,265	-0,19	
66,27	-0,19	
66,275	-0,2	
66,28	-0,2	
66,285	-0,2	
66,29	-0,21	
66,295	-0,21	
66,3	-0,22	
66,305	-0,22	
66,31	-0,23	
66,315	-0,23	
66,32	-0,24	
66,325	-0,24	
66,33	-0,24	
66,335	-0,24	
66,34	-0,24	
66,345	-0,24	
66,35	-0,25	
66,355	-0,25	
66,36	-0,25	
66,365	-0,25	
66,37	-0,26	
66,375	-0,26	
66,38	-0,26	
66,385	-0,26	
66,39	-0,26	
66,395	-0,26	
66,4	-0,26	
66,405	-0,26	
66,41	-0,26	
66,415	-0,26	
66,42	-0,27	
66,425	-0,27	
66,43	-0,27	
66,435	-0,27	
66,44	-0,27	
66,445	-0,27	
66,45	-0,27	
66,455	-0,26	
66,46	-0,26	
66,465	-0,26	
66,47	-0,26	
66,475	-0,26	
66,48	-0,26	
66,485	-0,25	
66,49	-0,25	
66,495	-0,25	
66,5	-0,24	
66,505	-0,24	
66,51	-0,24	
66,515	-0,24	
66,52	-0,23	
66,525	-0,23	
66,53	-0,22	
66,535	-0,22	
66,54	-0,21	
66,545	-0,2	
66,55	-0,2	
66,555	-0,19	
66,56	-0,19	
66,565	-0,19	
66,57	-0,18	
66,575	-0,18	
66,58	-0,17	
66,585	-0,17	
66,59	-0,16	
66,595	-0,15	
66,6	-0,14	
66,605	-0,14	
66,61	-0,14	
66,615	-0,14	
66,62	-0,13	
66,625	-0,12	
66,63	-0,12	
66,635	-0,1	
66,64	-0,09	
66,645	-0,09	
66,65	-0,08	
66,655	-0,07	
66,66	-0,06	
66,665	-0,06	
66,67	-0,04	
66,675	-0,04	
66,68	-0,03	
66,685	-0,02	
66,69	-0,02	
66,695	-0,01	
66,7	0	
66,705	0,01	
66,71	0,02	
66,715	0,03	
66,72	0,04	
66,725	0,05	
66,73	0,05	
66,735	0,06	
66,74	0,07	
66,745	0,08	
66,75	0,09	
66,755	0,1	
66,76	0,11	
66,765	0,11	
66,77	0,12	
66,775	0,13	
66,78	0,13	
66,785	0,14	
66,79	0,15	
66,795	0,17	
66,8	0,18	
66,805	0,18	
66,81	0,19	
66,815	0,2	
66,82	0,21	
66,825	0,21	
66,83	0,22	
66,835	0,22	
66,84	0,23	
66,845	0,24	
66,85	0,24	
66,855	0,25	
66,86	0,26	
66,865	0,27	
66,87	0,27	
66,875	0,28	
66,88	0,28	
66,885	0,29	
66,89	0,29	
66,895	0,3	
66,9	0,31	
66,905	0,31	
66,91	0,31	
66,915	0,32	
66,92	0,33	
66,925	0,33	
66,93	0,34	
66,935	0,34	
66,94	0,34	
66,945	0,35	
66,95	0,35	
66,955	0,35	
66,96	0,35	
66,965	0,36	
66,97	0,36	
66,975	0,36	
66,98	0,37	
66,985	0,37	
66,99	0,37	
66,995	0,37	
67,0	0,37	
67,005	0,37	
67,01	0,38	
67,015	0,38	
67,02	0,37	
67,025	0,37	
67,03	0,37	
67,035	0,37	
67,04	0,37	
67,045	0,36	
67,05	0,36	
67,055	0,37	
67,06	0,36	
67,065	0,36	
67,07	0,36	
67,075	0,36	
67,08	0,35	
67,085	0,35	
67,09	0,35	
67,095	0,34	
67,1	0,34	
67,105	0,34	
67,11	0,33	
67,115	0,32	
67,12	0,32	
67,125	0,31	
67,13	0,31	
67,135	0,3	
67,14	0,3	
67,145	0,29	
67,15	0,29	
67,155	0,28	
67,16	0,27	
67,165	0,27	
67,17	0,26	
67,175	0,25	
67,18	0,24	
67,185	0,24	
67,19	0,23	
67,195	0,22	
67,2	0,21	
67,205	0,21	
67,21	0,2	
67,215	0,19	
67,22	0,18	
67,225	0,17	
67,23	0,16	
67,235	0,15	
67,24	0,14	
67,245	0,13	
67,25	0,12	
67,255	0,11	
67,26	0,1	
67,265	0,09	
67,27	0,08	
67,275	0,07	
67,28	0,06	
67,285	0,05	
67,29	0,04	
67,295	0,03	
67,3	0,01	
67,305	0	
67,31	-0,01	
67,315	-0,02	
67,32	-0,03	
67,325	-0,04	
67,33	-0,05	
67,335	-0,06	
67,34	-0,07	
67,345	-0,08	
67,35	-0,09	
67,355	-0,11	
67,36	-0,12	
67,365	-0,13	
67,37	-0,14	
67,375	-0,15	
67,38	-0,16	
67,385	-0,16	
67,39	-0,18	
67,395	-0,19	
67,4	-0,2	
67,405	-0,21	
67,41	-0,22	
67,415	-0,23	
67,42	-0,24	
67,425	-0,25	
67,43	-0,26	
67,435	-0,24	
67,44	-0,28	
67,445	-0,29	
67,45	-0,3	
67,455	-0,31	
67,46	-0,32	
67,465	-0,32	
67,47	-0,33	
67,475	-0,34	
67,48	-0,35	
67,485	-0,35	
67,49	-0,36	
67,495	-0,37	
67,5	-0,37	
67,505	-0,38	
67,51	-0,39	
67,515	-0,39	
67,52	-0,4	
67,525	-0,4	
67,53	-0,41	
67,535	-0,41	
67,54	-0,42	
67,545	-0,42	
67,55	-0,42	
67,555	-0,42	
67,56	-0,43	
67,565	-0,44	
67,57	-0,44	
67,575	-0,44	
67,58	-0,45	
67,585	-0,45	
67,59	-0,45	
67,595	-0,45	
67,6	-0,45	
67,605	-0,45	
67,61	-0,45	
67,615	-0,46	
67,62	-0,45	
67,625	-0,45	
67,63	-0,45	
67,635	-0,45	
67,64	-0,45	
67,645	-0,45	
67,65	-0,45	
67,655	-0,45	
67,66	-0,44	
67,665	-0,44	
67,67	-0,44	
67,675	-0,44	
67,68	-0,43	
67,685	-0,43	
67,69	-0,43	
67,695	-0,42	
67,7	-0,41	
67,705	-0,41	
67,71	-0,41	
67,715	-0,4	
67,72	-0,39	
67,725	-0,39	
67,73	-0,38	
67,735	-0,37	
67,74	-0,37	
67,745	-0,36	
67,75	-0,35	
67,755	-0,34	
67,76	-0,33	
67,765	-0,32	
67,77	-0,31	
67,775	-0,3	
67,78	-0,29	
67,785	-0,28	
67,79	-0,27	
67,795	-0,27	
67,8	-0,26	
67,805	-0,25	
67,81	-0,24	
67,815	-0,23	
67,82	-0,21	
67,825	-0,2	
67,83	-0,19	
67,835	-0,18	
67,84	-0,17	
67,845	-0,16	
67,85	-0,15	
67,855	-0,14	
67,86	-0,12	
67,865	-0,11	
67,87	-0,1	
67,875	-0,09	
67,88	-0,08	
67,885	-0,07	
67,89	-0,06	
67,895	-0,04	
67,9	-0,03	
67,905	-0,02	
67,91	0	
67,915	0,01	
67,92	0,02	
67,925	0,04	
67,93	0,05	
67,935	0,06	
67,94	0,07	
67,945	0,08	
67,95	0,1	
67,955	0,11	
67,96	0,12	
67,965	0,14	
67,97	0,15	
67,975	0,16	
67,98	0,17	
67,985	0,18	
67,99	0,19	
67,995	0,21	
68,0	0,22	
68,005	0,23	
68,01	0,25	
68,015	0,26	
68,02	0,27	
68,025	0,28	
68,03	0,29	
68,035	0,3	
68,04	0,31	
68,045	0,32	
68,05	0,33	
68,055	0,34	
68,06	0,35	
68,065	0,36	
68,07	0,36	
68,075	0,37	
68,08	0,38	
68,085	0,39	
68,09	0,39	
68,095	0,4	
68,1	0,41	
68,105	0,42	
68,11	0,43	
68,115	0,44	
68,12	0,44	
68,125	0,45	
68,13	0,45	
68,135	0,46	
68,14	0,46	
68,145	0,47	
68,15	0,47	
68,155	0,47	
68,16	0,47	
68,165	0,48	
68,17	0,49	
68,175	0,49	
68,18	0,5	
68,185	0,5	
68,19	0,5	
68,195	0,5	
68,2	0,5	
68,205	0,51	
68,21	0,5	
68,215	0,5	
68,22	0,5	
68,225	0,5	
68,23	0,5	
68,235	0,5	
68,24	0,5	
68,245	0,5	
68,25	0,49	
68,255	0,49	
68,26	0,49	
68,265	0,48	
68,27	0,48	
68,275	0,48	
68,28	0,47	
68,285	0,47	
68,29	0,46	
68,295	0,46	
68,3	0,45	
68,305	0,45	
68,31	0,44	
68,315	0,43	
68,32	0,43	
68,325	0,42	
68,33	0,41	
68,335	0,4	
68,34	0,4	
68,345	0,39	
68,35	0,38	
68,355	0,37	
68,36	0,37	
68,365	0,36	
68,37	0,35	
68,375	0,34	
68,38	0,33	
68,385	0,32	
68,39	0,31	
68,395	0,3	
68,4	0,29	
68,405	0,28	
68,41	0,26	
68,415	0,25	
68,42	0,24	
68,425	0,23	
68,43	0,21	
68,435	0,2	
68,44	0,19	
68,445	0,18	
68,45	0,17	
68,455	0,15	
68,46	0,14	
68,465	0,13	
68,47	0,12	
68,475	0,11	
68,48	0,09	
68,485	0,08	
68,49	0,07	
68,495	0,05	
68,5	0,04	
68,505	0,03	
68,51	0,01	
68,515	0	
68,52	-0,01	
68,525	-0,03	
68,53	-0,04	
68,535	-0,05	
68,54	-0,07	
68,545	-0,08	
68,55	-0,09	
68,555	-0,1	
68,56	-0,12	
68,565	-0,13	
68,57	-0,15	
68,575	-0,16	
68,58	-0,17	
68,585	-0,19	
68,59	-0,2	
68,595	-0,21	
68,6	-0,22	
68,605	-0,24	
68,61	-0,25	
68,615	-0,26	
68,62	-0,27	
68,625	-0,28	
68,63	-0,29	
68,635	-0,3	
68,64	-0,31	
68,645	-0,32	
68,65	-0,33	
68,655	-0,34	
68,66	-0,36	
68,665	-0,36	
68,67	-0,37	
68,675	-0,38	
68,68	-0,39	
68,685	-0,4	
68,69	-0,4	
68,695	-0,42	
68,7	-0,42	
68,705	-0,43	
68,71	-0,44	
68,715	-0,45	
68,72	-0,45	
68,725	-0,46	
68,73	-0,46	
68,735	-0,47	
68,74	-0,48	
68,745	-0,48	
68,75	-0,49	
68,755	-0,49	
68,76	-0,49	
68,765	-0,49	
68,77	-0,5	
68,775	-0,5	
68,78	-0,51	
68,785	-0,51	
68,79	-0,51	
68,795	-0,51	
68,8	-0,51	
68,805	-0,51	
68,81	-0,51	
68,815	-0,51	
68,82	-0,51	
68,825	-0,51	
68,83	-0,51	
68,835	-0,51	
68,84	-0,51	
68,845	-0,5	
68,85	-0,5	
68,855	-0,5	
68,86	-0,5	
68,865	-0,5	
68,87	-0,49	
68,875	-0,49	
68,88	-0,48	
68,885	-0,48	
68,89	-0,48	
68,895	-0,47	
68,9	-0,46	
68,905	-0,46	
68,91	-0,45	
68,915	-0,44	
68,92	-0,44	
68,925	-0,43	
68,93	-0,42	
68,935	-0,42	
68,94	-0,41	
68,945	-0,39	
68,95	-0,39	
68,955	-0,38	
68,96	-0,37	
68,965	-0,36	
68,97	-0,36	
68,975	-0,34	
68,98	-0,33	
68,985	-0,32	
68,99	-0,31	
68,995	-0,3	
69,0	-0,29	
69,005	-0,28	
69,01	-0,27	
69,015	-0,26	
69,02	-0,25	
69,025	-0,24	
69,03	-0,23	
69,035	-0,21	
69,04	-0,2	
69,045	-0,19	
69,05	-0,17	
69,055	-0,16	
69,06	-0,15	
69,065	-0,14	
69,07	-0,12	
69,075	-0,11	
69,08	-0,1	
69,085	-0,08	
69,09	-0,07	
69,095	-0,05	
69,1	-0,04	
69,105	-0,03	
69,11	-0,02	
69,115	-0,01	
69,12	0,01	
69,125	0,02	
69,13	0,03	
69,135	0,05	
69,14	0,06	
69,145	0,07	
69,15	0,08	
69,155	0,1	
69,16	0,11	
69,165	0,13	
69,17	0,14	
69,175	0,15	
69,18	0,16	
69,185	0,17	
69,19	0,19	
69,195	0,2	
69,2	0,21	
69,205	0,22	
69,21	0,23	
69,215	0,25	
69,22	0,26	
69,225	0,27	
69,23	0,28	
69,235	0,29	
69,24	0,3	
69,245	0,31	
69,25	0,32	
69,255	0,33	
69,26	0,34	
69,265	0,35	
69,27	0,36	
69,275	0,36	
69,28	0,37	
69,285	0,38	
69,29	0,38	
69,295	0,39	
69,3	0,4	
69,305	0,41	
69,31	0,42	
69,315	0,42	
69,32	0,43	
69,325	0,43	
69,33	0,44	
69,335	0,45	
69,34	0,45	
69,345	0,46	
69,35	0,46	
69,355	0,47	
69,36	0,47	
69,365	0,47	
69,37	0,47	
69,375	0,48	
69,38	0,48	
69,385	0,48	
69,39	0,49	
69,395	0,49	
69,4	0,49	
69,405	0,49	
69,41	0,49	
69,415	0,49	
69,42	0,49	
69,425	0,49	
69,43	0,49	
69,435	0,49	
69,44	0,49	
69,445	0,49	
69,45	0,48	
69,455	0,48	
69,46	0,47	
69,465	0,47	
69,47	0,47	
69,475	0,46	
69,48	0,46	
69,485	0,46	
69,49	0,45	
69,495	0,44	
69,5	0,44	
69,505	0,43	
69,51	0,42	
69,515	0,42	
69,52	0,42	
69,525	0,41	
69,53	0,41	
69,535	0,4	
69,54	0,39	
69,545	0,38	
69,55	0,37	
69,555	0,36	
69,56	0,35	
69,565	0,35	
69,57	0,34	
69,575	0,33	
69,58	0,32	
69,585	0,31	
69,59	0,3	
69,595	0,29	
69,6	0,28	
69,605	0,27	
69,61	0,26	
69,615	0,25	
69,62	0,23	
69,625	0,22	
69,63	0,21	
69,635	0,2	
69,64	0,19	
69,645	0,17	
69,65	0,16	
69,655	0,15	
69,66	0,15	
69,665	0,13	
69,67	0,12	
69,675	0,11	
69,68	0,1	
69,685	0,08	
69,69	0,07	
69,695	0,06	
69,7	0,05	
69,705	0,04	
69,71	0,03	
69,715	0,02	
69,72	0	
69,725	-0,01	
69,73	-0,02	
69,735	-0,03	
69,74	-0,04	
69,745	-0,05	
69,75	-0,07	
69,755	-0,08	
69,76	-0,09	
69,765	-0,1	
69,77	-0,12	
69,775	-0,13	
69,78	-0,14	
69,785	-0,15	
69,79	-0,16	
69,795	-0,17	
69,8	-0,19	
69,805	-0,2	
69,81	-0,21	
69,815	-0,22	
69,82	-0,23	
69,825	-0,24	
69,83	-0,24	
69,835	-0,25	
69,84	-0,26	
69,845	-0,26	
69,85	-0,28	
69,855	-0,29	
69,86	-0,3	
69,865	-0,31	
69,87	-0,32	
69,875	-0,32	
69,88	-0,32	
69,885	-0,33	
69,89	-0,34	
69,895	-0,35	
69,9	-0,36	
69,905	-0,37	
69,91	-0,37	
69,915	-0,38	
69,92	-0,38	
69,925	-0,38	
69,93	-0,39	
69,935	-0,39	
69,94	-0,39	
69,945	-0,4	
69,95	-0,4	
69,955	-0,41	
69,96	-0,41	
69,965	-0,41	
69,97	-0,41	
69,975	-0,42	
69,98	-0,42	
69,985	-0,42	
69,99	-0,42	
69,995	-0,43	
70,0	-0,42	
70,005	-0,42	
70,01	-0,42	
70,015	-0,42	
70,02	-0,42	
70,025	-0,42	
70,03	-0,42	
70,035	-0,42	
70,04	-0,43	
70,045	-0,42	
70,05	-0,42	
70,055	-0,42	
70,06	-0,41	
70,065	-0,41	
70,07	-0,4	
70,075	-0,4	
70,08	-0,4	
70,085	-0,4	
70,09	-0,39	
70,095	-0,39	
70,1	-0,39	
70,105	-0,37	
70,11	-0,37	
70,115	-0,36	
70,12	-0,36	
70,125	-0,35	
70,13	-0,35	
70,135	-0,34	
70,14	-0,34	
70,145	-0,33	
70,15	-0,32	
70,155	-0,32	
70,16	-0,31	
70,165	-0,3	
70,17	-0,3	
70,175	-0,29	
70,18	-0,28	
70,185	-0,27	
70,19	-0,26	
70,195	-0,25	
70,2	-0,24	
70,205	-0,23	
70,21	-0,22	
70,215	-0,22	
70,22	-0,21	
70,225	-0,2	
70,23	-0,19	
70,235	-0,18	
70,24	-0,18	
70,245	-0,16	
70,25	-0,16	
70,255	-0,15	
70,26	-0,14	
70,265	-0,12	
70,27	-0,11	
70,275	-0,1	
70,28	-0,09	
70,285	-0,08	
70,29	-0,07	
70,295	-0,06	
70,3	-0,05	
70,305	-0,04	
70,31	-0,04	
70,315	-0,03	
70,32	-0,01	
70,325	0	
70,33	0,01	
70,335	0,02	
70,34	0,03	
70,345	0,03	
70,35	0,05	
70,355	0,06	
70,36	0,06	
70,365	0,07	
70,37	0,08	
70,375	0,1	
70,38	0,11	
70,385	0,12	
70,39	0,12	
70,395	0,13	
70,4	0,14	
70,405	0,15	
70,41	0,16	
70,415	0,17	
70,42	0,18	
70,425	0,18	
70,43	0,19	
70,435	0,2	
70,44	0,21	
70,445	0,21	
70,45	0,22	
70,455	0,23	
70,46	0,23	
70,465	0,24	
70,47	0,25	
70,475	0,25	
70,48	0,26	
70,485	0,26	
70,49	0,26	
70,495	0,27	
70,5	0,28	
70,505	0,28	
70,51	0,29	
70,515	0,29	
70,52	0,3	
70,525	0,3	
70,53	0,3	
70,535	0,31	
70,54	0,31	
70,545	0,31	
70,55	0,32	
70,555	0,32	
70,56	0,32	
70,565	0,32	
70,57	0,33	
70,575	0,33	
70,58	0,33	
70,585	0,33	
70,59	0,33	
70,595	0,33	
70,6	0,33	
70,605	0,33	
70,61	0,34	
70,615	0,33	
70,62	0,33	
70,625	0,33	
70,63	0,33	
70,635	0,33	
70,64	0,33	
70,645	0,33	
70,65	0,33	
70,655	0,33	
70,66	0,32	
70,665	0,32	
70,67	0,32	
70,675	0,32	
70,68	0,31	
70,685	0,31	
70,69	0,31	
70,695	0,3	
70,7	0,3	
70,705	0,3	
70,71	0,29	
70,715	0,29	
70,72	0,28	
70,725	0,28	
70,73	0,28	
70,735	0,27	
70,74	0,27	
70,745	0,26	
70,75	0,25	
70,755	0,24	
70,76	0,24	
70,765	0,23	
70,77	0,23	
70,775	0,23	
70,78	0,22	
70,785	0,21	
70,79	0,21	
70,795	0,2	
70,8	0,19	
70,805	0,19	
70,81	0,18	
70,815	0,17	
70,82	0,17	
70,825	0,16	
70,83	0,15	
70,835	0,14	
70,84	0,13	
70,845	0,12	
70,85	0,12	
70,855	0,12	
70,86	0,11	
70,865	0,11	
70,87	0,1	
70,875	0,09	
70,88	0,08	
70,885	0,08	
70,89	0,07	
70,895	0,06	
70,9	0,05	
70,905	0,05	
70,91	0,04	
70,915	0,03	
70,92	0,02	
70,925	0,01	
70,93	0,01	
70,935	0	
70,94	-0,01	
70,945	-0,01	
70,95	-0,02	
70,955	-0,02	
70,96	-0,03	
70,965	-0,04	
70,97	-0,04	
70,975	-0,05	
70,98	-0,06	
70,985	-0,06	
70,99	-0,07	
70,995	-0,08	
71,0	-0,09	
71,005	-0,09	
71,01	-0,09	
71,015	-0,1	
71,02	-0,11	
71,025	-0,11	
71,03	-0,12	
71,035	-0,13	
71,04	-0,14	
71,045	-0,14	
71,05	-0,14	
71,055	-0,14	
71,06	-0,15	
71,065	-0,15	
71,07	-0,16	
71,075	-0,16	
71,08	-0,17	
71,085	-0,17	
71,09	-0,17	
71,095	-0,18	
71,1	-0,18	
71,105	-0,19	
71,11	-0,19	
71,115	-0,19	
71,12	-0,2	
71,125	-0,2	
71,13	-0,2	
71,135	-0,2	
71,14	-0,21	
71,145	-0,21	
71,15	-0,21	
71,155	-0,21	
71,16	-0,22	
71,165	-0,22	
71,17	-0,22	
71,175	-0,22	
71,18	-0,22	
71,185	-0,22	
71,19	-0,22	
71,195	-0,22	
71,2	-0,22	
71,205	-0,22	
71,21	-0,22	
71,215	-0,22	
71,22	-0,22	
71,225	-0,22	
71,23	-0,22	
71,235	-0,21	
71,24	-0,22	
71,245	-0,22	
71,25	-0,22	
71,255	-0,22	
71,26	-0,21	
71,265	-0,21	
71,27	-0,21	
71,275	-0,21	
71,28	-0,21	
71,285	-0,2	
71,29	-0,2	
71,295	-0,2	
71,3	-0,2	
71,305	-0,19	
71,31	-0,19	
71,315	-0,19	
71,32	-0,19	
71,325	-0,19	
71,33	-0,18	
71,335	-0,18	
71,34	-0,18	
71,345	-0,17	
71,35	-0,17	
71,355	-0,16	
71,36	-0,16	
71,365	-0,16	
71,37	-0,15	
71,375	-0,15	
71,38	-0,15	
71,385	-0,15	
71,39	-0,14	
71,395	-0,14	
71,4	-0,13	
71,405	-0,13	
71,41	-0,13	
71,415	-0,12	
71,42	-0,12	
71,425	-0,12	
71,43	-0,11	
71,435	-0,11	
71,44	-0,11	
71,445	-0,1	
71,45	-0,1	
71,455	-0,09	
71,46	-0,08	
71,465	-0,08	
71,47	-0,08	
71,475	-0,07	
71,48	-0,07	
71,485	-0,06	
71,49	-0,06	
71,495	-0,06	
71,5	-0,05	
71,505	-0,05	
71,51	-0,04	
71,515	-0,04	
71,52	-0,03	
71,525	-0,03	
71,53	-0,02	
71,535	-0,02	
71,54	-0,02	
71,545	-0,02	
71,55	-0,02	
71,555	-0,01	
71,56	-0,01	
71,565	0	
71,57	0	
71,575	0,01	
71,58	0,01	
71,585	0,02	
71,59	0,02	
71,595	0,02	
71,6	0,03	
71,605	0,03	
71,61	0,03	
71,615	0,03	
71,62	0,03	
71,625	0,04	
71,63	0,04	
71,635	0,05	
71,64	0,05	
71,645	0,05	
71,65	0,05	
71,655	0,05	
71,66	0,05	
71,665	0,05	
71,67	0,06	
71,675	0,06	
71,68	0,06	
71,685	0,06	
71,69	0,07	
71,695	0,06	
71,7	0,07	
71,705	0,07	
71,71	0,07	
71,715	0,07	
71,72	0,08	
71,725	0,08	
71,73	0,08	
71,735	0,09	
71,74	0,09	
71,745	0,08	
71,75	0,08	
71,755	0,09	
71,76	0,08	
71,765	0,09	
71,77	0,09	
71,775	0,09	
71,78	0,09	
71,785	0,09	
71,79	0,09	
71,795	0,09	
71,8	0,08	
71,805	0,09	
71,81	0,09	
71,815	0,09	
71,82	0,09	
71,825	0,09	
71,83	0,09	
71,835	0,09	
71,84	0,09	
71,845	0,09	
71,85	0,09	
71,855	0,09	
71,86	0,09	
71,865	0,09	
71,87	0,09	
71,875	0,09	
71,88	0,09	
71,885	0,09	
71,89	0,09	
71,895	0,08	
71,9	0,08	
71,905	0,08	
71,91	0,08	
71,915	0,08	
71,92	0,08	
71,925	0,07	
71,93	0,08	
71,935	0,07	
71,94	0,08	
71,945	0,08	
71,95	0,08	
71,955	0,08	
71,96	0,07	
71,965	0,08	
71,97	0,07	
71,975	0,07	
71,98	0,07	
71,985	0,07	
71,99	0,07	
71,995	0,07	
72,0	0,07	
72,005	0,07	
72,01	0,07	
72,015	0,07	
72,02	0,06	
72,025	0,06	
72,03	0,06	
72,035	0,06	
72,04	0,06	
72,045	0,06	
72,05	0,06	
72,055	0,06	
72,06	0,05	
72,065	0,05	
72,07	0,05	
72,075	0,05	
72,08	0,05	
72,085	0,05	
72,09	0,05	
72,095	0,05	
72,1	0,05	
72,105	0,05	
72,11	0,05	
72,115	0,05	
72,12	0,05	
72,125	0,05	
72,13	0,05	
72,135	0,05	
72,14	0,05	
72,145	0,05	
72,15	0,04	
72,155	0,04	
72,16	0,04	
72,165	0,04	
72,17	0,04	
72,175	0,04	
72,18	0,04	
72,185	0,04	
72,19	0,04	
72,195	0,04	
72,2	0,04	
72,205	0,04	
72,21	0,04	
72,215	0,04	
72,22	0,04	
72,225	0,04	
72,23	0,05	
72,235	0,05	
72,24	0,05	
72,245	0,05	
72,25	0,05	
72,255	0,04	
72,26	0,04	
72,265	0,04	
72,27	0,04	
72,275	0,04	
72,28	0,04	
72,285	0,04	
72,29	0,04	
72,295	0,04	
72,3	0,04	
72,305	0,04	
72,31	0,04	
72,315	0,04	
72,32	0,04	
72,325	0,05	
72,33	0,05	
72,335	0,05	
72,34	0,05	
72,345	0,05	
72,35	0,04	
72,355	0,04	
72,36	0,04	
72,365	0,04	
72,37	0,05	
72,375	0,05	
72,38	0,05	
72,385	0,05	
72,39	0,05	
72,395	0,05	
72,4	0,05	
72,405	0,05	
72,41	0,05	
72,415	0,05	
72,42	0,04	
72,425	0,04	
72,43	0,04	
72,435	0,04	
72,44	0,04	
72,445	0,04	
72,45	0,04	
72,455	0,04	
72,46	0,04	
72,465	0,04	
72,47	0,04	
72,475	0,04	
72,48	0,04	
72,485	0,04	
72,49	0,04	
72,495	0,04	
72,5	0,04	
72,505	0,03	
72,51	0,03	
72,515	0,03	
72,52	0,03	
72,525	0,03	
72,53	0,03	
72,535	0,03	
72,54	0,02	
72,545	0,02	
72,55	0,02	
72,555	0,02	
72,56	0,02	
72,565	0,01	
72,57	0,01	
72,575	0,01	
72,58	0,01	
72,585	0,01	
72,59	0,01	
72,595	0	
72,6	0	
72,605	0	
72,61	-0,01	
72,615	-0,01	
72,62	-0,01	
72,625	-0,01	
72,63	-0,01	
72,635	-0,01	
72,64	-0,02	
72,645	-0,02	
72,65	-0,02	
72,655	-0,03	
72,66	-0,03	
72,665	-0,03	
72,67	-0,03	
72,675	-0,04	
72,68	-0,04	
72,685	-0,04	
72,69	-0,04	
72,695	-0,05	
72,7	-0,05	
72,705	-0,05	
72,71	-0,06	
72,715	-0,06	
72,72	-0,06	
72,725	-0,06	
72,73	-0,06	
72,735	-0,07	
72,74	-0,07	
72,745	-0,08	
72,75	-0,08	
72,755	-0,08	
72,76	-0,08	
72,765	-0,08	
72,77	-0,09	
72,775	-0,09	
72,78	-0,1	
72,785	-0,1	
72,79	-0,11	
72,795	-0,11	
72,8	-0,11	
72,805	-0,11	
72,81	-0,12	
72,815	-0,12	
72,82	-0,12	
72,825	-0,13	
72,83	-0,13	
72,835	-0,13	
72,84	-0,13	
72,845	-0,13	
72,85	-0,14	
72,855	-0,14	
72,86	-0,14	
72,865	-0,15	
72,87	-0,15	
72,875	-0,15	
72,88	-0,15	
72,885	-0,15	
72,89	-0,16	
72,895	-0,16	
72,9	-0,16	
72,905	-0,16	
72,91	-0,16	
72,915	-0,16	
72,92	-0,17	
72,925	-0,17	
72,93	-0,17	
72,935	-0,17	
72,94	-0,17	
72,945	-0,17	
72,95	-0,17	
72,955	-0,17	
72,96	-0,17	
72,965	-0,18	
72,97	-0,18	
72,975	-0,18	
72,98	-0,18	
72,985	-0,18	
72,99	-0,18	
72,995	-0,18	
73,0	-0,18	
73,005	-0,18	
73,01	-0,18	
73,015	-0,18	
73,02	-0,18	
73,025	-0,17	
73,03	-0,17	
73,035	-0,17	
73,04	-0,17	
73,045	-0,17	
73,05	-0,17	
73,055	-0,17	
73,06	-0,17	
73,065	-0,17	
73,07	-0,16	
73,075	-0,16	
73,08	-0,16	
73,085	-0,15	
73,09	-0,15	
73,095	-0,15	
73,1	-0,15	
73,105	-0,15	
73,11	-0,14	
73,115	-0,14	
73,12	-0,13	
73,125	-0,13	
73,13	-0,12	
73,135	-0,12	
73,14	-0,12	
73,145	-0,12	
73,15	-0,12	
73,155	-0,11	
73,16	-0,11	
73,165	-0,1	
73,17	-0,1	
73,175	-0,09	
73,18	-0,08	
73,185	-0,08	
73,19	-0,08	
73,195	-0,07	
73,2	-0,07	
73,205	-0,06	
73,21	-0,06	
73,215	-0,05	
73,22	-0,05	
73,225	-0,04	
73,23	-0,04	
73,235	-0,03	
73,24	-0,03	
73,245	-0,02	
73,25	-0,01	
73,255	-0,01	
73,26	0	
73,265	0	
73,27	0,01	
73,275	0,01	
73,28	0,02	
73,285	0,02	
73,29	0,04	
73,295	0,04	
73,3	0,05	
73,305	0,06	
73,31	0,06	
73,315	0,06	
73,32	0,07	
73,325	0,07	
73,33	0,08	
73,335	0,09	
73,34	0,1	
73,345	0,1	
73,35	0,11	
73,355	0,12	
73,36	0,12	
73,365	0,13	
73,37	0,13	
73,375	0,14	
73,38	0,14	
73,385	0,15	
73,39	0,16	
73,395	0,16	
73,4	0,17	
73,405	0,17	
73,41	0,18	
73,415	0,19	
73,42	0,2	
73,425	0,2	
73,43	0,21	
73,435	0,21	
73,44	0,22	
73,445	0,22	
73,45	0,23	
73,455	0,23	
73,46	0,23	
73,465	0,24	
73,47	0,24	
73,475	0,25	
73,48	0,25	
73,485	0,25	
73,49	0,25	
73,495	0,26	
73,5	0,26	
73,505	0,27	
73,51	0,27	
73,515	0,28	
73,52	0,28	
73,525	0,28	
73,53	0,28	
73,535	0,28	
73,54	0,28	
73,545	0,29	
73,55	0,29	
73,555	0,29	
73,56	0,29	
73,565	0,29	
73,57	0,3	
73,575	0,3	
73,58	0,3	
73,585	0,29	
73,59	0,29	
73,595	0,29	
73,6	0,29	
73,605	0,29	
73,61	0,29	
73,615	0,29	
73,62	0,29	
73,625	0,29	
73,63	0,29	
73,635	0,29	
73,64	0,29	
73,645	0,29	
73,65	0,28	
73,655	0,28	
73,66	0,28	
73,665	0,28	
73,67	0,27	
73,675	0,27	
73,68	0,26	
73,685	0,26	
73,69	0,25	
73,695	0,24	
73,7	0,24	
73,705	0,24	
73,71	0,24	
73,715	0,24	
73,72	0,23	
73,725	0,22	
73,73	0,22	
73,735	0,21	
73,74	0,21	
73,745	0,2	
73,75	0,19	
73,755	0,19	
73,76	0,18	
73,765	0,18	
73,77	0,17	
73,775	0,16	
73,78	0,15	
73,785	0,15	
73,79	0,13	
73,795	0,13	
73,8	0,12	
73,805	0,12	
73,81	0,11	
73,815	0,1	
73,82	0,1	
73,825	0,08	
73,83	0,08	
73,835	0,07	
73,84	0,06	
73,845	0,05	
73,85	0,05	
73,855	0,04	
73,86	0,03	
73,865	0,02	
73,87	0,01	
73,875	0	
73,88	-0,01	
73,885	-0,01	
73,89	-0,03	
73,895	-0,03	
73,9	-0,05	
73,905	-0,06	
73,91	-0,07	
73,915	-0,08	
73,92	-0,09	
73,925	-0,1	
73,93	-0,1	
73,935	-0,11	
73,94	-0,12	
73,945	-0,13	
73,95	-0,14	
73,955	-0,14	
73,96	-0,15	
73,965	-0,16	
73,97	-0,17	
73,975	-0,18	
73,98	-0,19	
73,985	-0,2	
73,99	-0,2	
73,995	-0,21	
74,0	-0,22	
74,005	-0,23	
74,01	-0,24	
74,015	-0,25	
74,02	-0,25	
74,025	-0,26	
74,03	-0,26	
74,035	-0,27	
74,04	-0,27	
74,045	-0,28	
74,05	-0,29	
74,055	-0,3	
74,06	-0,31	
74,065	-0,32	
74,07	-0,32	
74,075	-0,33	
74,08	-0,33	
74,085	-0,34	
74,09	-0,34	
74,095	-0,34	
74,1	-0,35	
74,105	-0,35	
74,11	-0,35	
74,115	-0,36	
74,12	-0,36	
74,125	-0,37	
74,13	-0,37	
74,135	-0,37	
74,14	-0,37	
74,145	-0,38	
74,15	-0,38	
74,155	-0,38	
74,16	-0,38	
74,165	-0,39	
74,17	-0,39	
74,175	-0,39	
74,18	-0,39	
74,185	-0,4	
74,19	-0,4	
74,195	-0,39	
74,2	-0,39	
74,205	-0,39	
74,21	-0,39	
74,215	-0,38	
74,22	-0,38	
74,225	-0,39	
74,23	-0,39	
74,235	-0,38	
74,24	-0,38	
74,245	-0,37	
74,25	-0,37	
74,255	-0,37	
74,26	-0,36	
74,265	-0,36	
74,27	-0,36	
74,275	-0,36	
74,28	-0,35	
74,285	-0,35	
74,29	-0,34	
74,295	-0,34	
74,3	-0,33	
74,305	-0,33	
74,31	-0,32	
74,315	-0,31	
74,32	-0,3	
74,325	-0,3	
74,33	-0,29	
74,335	-0,29	
74,34	-0,28	
74,345	-0,27	
74,35	-0,26	
74,355	-0,25	
74,36	-0,25	
74,365	-0,24	
74,37	-0,23	
74,375	-0,22	
74,38	-0,21	
74,385	-0,2	
74,39	-0,19	
74,395	-0,18	
74,4	-0,17	
74,405	-0,16	
74,41	-0,15	
74,415	-0,14	
74,42	-0,13	
74,425	-0,12	
74,43	-0,11	
74,435	-0,1	
74,44	-0,09	
74,445	-0,08	
74,45	-0,07	
74,455	-0,06	
74,46	-0,05	
74,465	-0,04	
74,47	-0,02	
74,475	-0,01	
74,48	0	
74,485	0,01	
74,49	0,02	
74,495	0,04	
74,5	0,05	
74,505	0,06	
74,51	0,07	
74,515	0,08	
74,52	0,09	
74,525	0,1	
74,53	0,11	
74,535	0,12	
74,54	0,13	
74,545	0,14	
74,55	0,16	
74,555	0,17	
74,56	0,18	
74,565	0,19	
74,57	0,2	
74,575	0,21	
74,58	0,22	
74,585	0,23	
74,59	0,23	
74,595	0,24	
74,6	0,25	
74,605	0,26	
74,61	0,27	
74,615	0,29	
74,62	0,3	
74,625	0,3	
74,63	0,31	
74,635	0,32	
74,64	0,33	
74,645	0,34	
74,65	0,34	
74,655	0,35	
74,66	0,36	
74,665	0,36	
74,67	0,37	
74,675	0,38	
74,68	0,38	
74,685	0,39	
74,69	0,4	
74,695	0,4	
74,7	0,41	
74,705	0,41	
74,71	0,41	
74,715	0,42	
74,72	0,43	
74,725	0,43	
74,73	0,44	
74,735	0,44	
74,74	0,44	
74,745	0,45	
74,75	0,45	
74,755	0,45	
74,76	0,45	
74,765	0,46	
74,77	0,46	
74,775	0,46	
74,78	0,46	
74,785	0,46	
74,79	0,46	
74,795	0,46	
74,8	0,46	
74,805	0,46	
74,81	0,45	
74,815	0,45	
74,82	0,45	
74,825	0,45	
74,83	0,45	
74,835	0,45	
74,84	0,44	
74,845	0,44	
74,85	0,44	
74,855	0,43	
74,86	0,43	
74,865	0,42	
74,87	0,42	
74,875	0,41	
74,88	0,41	
74,885	0,4	
74,89	0,4	
74,895	0,39	
74,9	0,38	
74,905	0,37	
74,91	0,37	
74,915	0,36	
74,92	0,35	
74,925	0,35	
74,93	0,34	
74,935	0,33	
74,94	0,32	
74,945	0,31	
74,95	0,31	
74,955	0,29	
74,96	0,28	
74,965	0,27	
74,97	0,26	
74,975	0,25	
74,98	0,25	
74,985	0,24	
74,99	0,23	
74,995	0,22	
75,0	0,2	
75,005	0,19	
75,01	0,18	
75,015	0,17	
75,02	0,16	
75,025	0,15	
75,03	0,13	
75,035	0,11	
75,04	0,1	
75,045	0,09	
75,05	0,08	
75,055	0,07	
75,06	0,06	
75,065	0,05	
75,07	0,04	
75,075	0,02	
75,08	0,01	
75,085	0	
75,09	-0,01	
75,095	-0,02	
75,1	-0,04	
75,105	-0,05	
75,11	-0,06	
75,115	-0,07	
75,12	-0,09	
75,125	-0,1	
75,13	-0,11	
75,135	-0,13	
75,14	-0,14	
75,145	-0,15	
75,15	-0,16	
75,155	-0,17	
75,16	-0,18	
75,165	-0,2	
75,17	-0,21	
75,175	-0,22	
75,18	-0,23	
75,185	-0,24	
75,19	-0,25	
75,195	-0,26	
75,2	-0,27	
75,205	-0,29	
75,21	-0,3	
75,215	-0,31	
75,22	-0,32	
75,225	-0,33	
75,23	-0,34	
75,235	-0,34	
75,24	-0,35	
75,245	-0,36	
75,25	-0,37	
75,255	-0,38	
75,26	-0,39	
75,265	-0,4	
75,27	-0,4	
75,275	-0,41	
75,28	-0,42	
75,285	-0,42	
75,29	-0,42	
75,295	-0,43	
75,3	-0,44	
75,305	-0,44	
75,31	-0,45	
75,315	-0,46	
75,32	-0,46	
75,325	-0,46	
75,33	-0,47	
75,335	-0,48	
75,34	-0,48	
75,345	-0,48	
75,35	-0,48	
75,355	-0,48	
75,36	-0,49	
75,365	-0,49	
75,37	-0,49	
75,375	-0,49	
75,38	-0,5	
75,385	-0,5	
75,39	-0,5	
75,395	-0,49	
75,4	-0,49	
75,405	-0,49	
75,41	-0,49	
75,415	-0,49	
75,42	-0,49	
75,425	-0,49	
75,43	-0,48	
75,435	-0,48	
75,44	-0,47	
75,445	-0,47	
75,45	-0,46	
75,455	-0,46	
75,46	-0,45	
75,465	-0,45	
75,47	-0,44	
75,475	-0,44	
75,48	-0,43	
75,485	-0,43	
75,49	-0,42	
75,495	-0,42	
75,5	-0,41	
75,505	-0,4	
75,51	-0,39	
75,515	-0,39	
75,52	-0,37	
75,525	-0,37	
75,53	-0,36	
75,535	-0,35	
75,54	-0,34	
75,545	-0,33	
75,55	-0,32	
75,555	-0,31	
75,56	-0,31	
75,565	-0,3	
75,57	-0,29	
75,575	-0,28	
75,58	-0,26	
75,585	-0,25	
75,59	-0,24	
75,595	-0,23	
75,6	-0,22	
75,605	-0,2	
75,61	-0,19	
75,615	-0,18	
75,62	-0,17	
75,625	-0,16	
75,63	-0,15	
75,635	-0,13	
75,64	-0,12	
75,645	-0,11	
75,65	-0,1	
75,655	-0,09	
75,66	-0,07	
75,665	-0,06	
75,67	-0,05	
75,675	-0,03	
75,68	-0,02	
75,685	0	
75,69	0,01	
75,695	0,02	
75,7	0,03	
75,705	0,05	
75,71	0,06	
75,715	0,07	
75,72	0,08	
75,725	0,1	
75,73	0,11	
75,735	0,12	
75,74	0,13	
75,745	0,15	
75,75	0,16	
75,755	0,17	
75,76	0,18	
75,765	0,2	
75,77	0,21	
75,775	0,22	
75,78	0,23	
75,785	0,24	
75,79	0,25	
75,795	0,26	
75,8	0,28	
75,805	0,29	
75,81	0,3	
75,815	0,31	
75,82	0,32	
75,825	0,33	
75,83	0,34	
75,835	0,34	
75,84	0,35	
75,845	0,36	
75,85	0,37	
75,855	0,38	
75,86	0,39	
75,865	0,39	
75,87	0,4	
75,875	0,4	
75,88	0,41	
75,885	0,42	
75,89	0,42	
75,895	0,43	
75,9	0,44	
75,905	0,44	
75,91	0,45	
75,915	0,45	
75,92	0,45	
75,925	0,46	
75,93	0,47	
75,935	0,47	
75,94	0,47	
75,945	0,48	
75,95	0,48	
75,955	0,49	
75,96	0,48	
75,965	0,49	
75,97	0,49	
75,975	0,49	
75,98	0,49	
75,985	0,49	
75,99	0,49	
75,995	0,49	
76,0	0,49	
76,005	0,49	
76,01	0,48	
76,015	0,48	
76,02	0,48	
76,025	0,48	
76,03	0,47	
76,035	0,47	
76,04	0,47	
76,045	0,47	
76,05	0,47	
76,055	0,46	
76,06	0,45	
76,065	0,45	
76,07	0,44	
76,075	0,44	
76,08	0,43	
76,085	0,43	
76,09	0,42	
76,095	0,41	
76,1	0,41	
76,105	0,4	
76,11	0,39	
76,115	0,38	
76,12	0,38	
76,125	0,37	
76,13	0,36	
76,135	0,35	
76,14	0,34	
76,145	0,34	
76,15	0,33	
76,155	0,32	
76,16	0,31	
76,165	0,3	
76,17	0,28	
76,175	0,27	
76,18	0,26	
76,185	0,25	
76,19	0,24	
76,195	0,23	
76,2	0,22	
76,205	0,21	
76,21	0,2	
76,215	0,19	
76,22	0,18	
76,225	0,16	
76,23	0,15	
76,235	0,14	
76,24	0,13	
76,245	0,12	
76,25	0,1	
76,255	0,09	
76,26	0,08	
76,265	0,07	
76,27	0,05	
76,275	0,04	
76,28	0,03	
76,285	0,02	
76,29	0	
76,295	-0,01	
76,3	-0,02	
76,305	-0,04	
76,31	-0,05	
76,315	-0,06	
76,32	-0,07	
76,325	-0,08	
76,33	-0,1	
76,335	-0,11	
76,34	-0,12	
76,345	-0,13	
76,35	-0,15	
76,355	-0,16	
76,36	-0,17	
76,365	-0,18	
76,37	-0,19	
76,375	-0,2	
76,38	-0,21	
76,385	-0,23	
76,39	-0,24	
76,395	-0,25	
76,4	-0,26	
76,405	-0,26	
76,41	-0,27	
76,415	-0,28	
76,42	-0,29	
76,425	-0,3	
76,43	-0,31	
76,435	-0,32	
76,44	-0,33	
76,445	-0,34	
76,45	-0,34	
76,455	-0,35	
76,46	-0,36	
76,465	-0,36	
76,47	-0,37	
76,475	-0,38	
76,48	-0,38	
76,485	-0,39	
76,49	-0,4	
76,495	-0,41	
76,5	-0,41	
76,505	-0,41	
76,51	-0,42	
76,515	-0,43	
76,52	-0,43	
76,525	-0,43	
76,53	-0,43	
76,535	-0,44	
76,54	-0,44	
76,545	-0,44	
76,55	-0,44	
76,555	-0,45	
76,56	-0,45	
76,565	-0,45	
76,57	-0,45	
76,575	-0,45	
76,58	-0,45	
76,585	-0,45	
76,59	-0,45	
76,595	-0,45	
76,6	-0,45	
76,605	-0,45	
76,61	-0,45	
76,615	-0,45	
76,62	-0,45	
76,625	-0,45	
76,63	-0,44	
76,635	-0,44	
76,64	-0,43	
76,645	-0,43	
76,65	-0,43	
76,655	-0,42	
76,66	-0,42	
76,665	-0,41	
76,67	-0,41	
76,675	-0,4	
76,68	-0,4	
76,685	-0,39	
76,69	-0,39	
76,695	-0,38	
76,7	-0,38	
76,705	-0,37	
76,71	-0,36	
76,715	-0,36	
76,72	-0,35	
76,725	-0,34	
76,73	-0,33	
76,735	-0,32	
76,74	-0,31	
76,745	-0,31	
76,75	-0,3	
76,755	-0,29	
76,76	-0,28	
76,765	-0,27	
76,77	-0,26	
76,775	-0,25	
76,78	-0,24	
76,785	-0,23	
76,79	-0,22	
76,795	-0,22	
76,8	-0,21	
76,805	-0,19	
76,81	-0,18	
76,815	-0,17	
76,82	-0,15	
76,825	-0,15	
76,83	-0,14	
76,835	-0,13	
76,84	-0,12	
76,845	-0,11	
76,85	-0,1	
76,855	-0,09	
76,86	-0,07	
76,865	-0,06	
76,87	-0,06	
76,875	-0,05	
76,88	-0,04	
76,885	-0,03	
76,89	-0,02	
76,895	0	
76,9	0,02	
76,905	0,03	
76,91	0,04	
76,915	0,04	
76,92	0,05	
76,925	0,06	
76,93	0,07	
76,935	0,08	
76,94	0,1	
76,945	0,11	
76,95	0,12	
76,955	0,13	
76,96	0,14	
76,965	0,15	
76,97	0,15	
76,975	0,17	
76,98	0,17	
76,985	0,18	
76,99	0,19	
76,995	0,21	
77,0	0,21	
77,005	0,22	
77,01	0,23	
77,015	0,24	
77,02	0,24	
77,025	0,25	
77,03	0,26	
77,035	0,27	
77,04	0,28	
77,045	0,29	
77,05	0,29	
77,055	0,3	
77,06	0,31	
77,065	0,32	
77,07	0,32	
77,075	0,33	
77,08	0,33	
77,085	0,34	
77,09	0,34	
77,095	0,34	
77,1	0,34	
77,105	0,35	
77,11	0,35	
77,115	0,35	
77,12	0,36	
77,125	0,36	
77,13	0,37	
77,135	0,37	
77,14	0,37	
77,145	0,37	
77,15	0,38	
77,155	0,38	
77,16	0,38	
77,165	0,39	
77,17	0,39	
77,175	0,39	
77,18	0,39	
77,185	0,39	
77,19	0,38	
77,195	0,38	
77,2	0,38	
77,205	0,38	
77,21	0,38	
77,215	0,38	
77,22	0,38	
77,225	0,37	
77,23	0,37	
77,235	0,36	
77,24	0,36	
77,245	0,36	
77,25	0,36	
77,255	0,36	
77,26	0,36	
77,265	0,35	
77,27	0,35	
77,275	0,34	
77,28	0,33	
77,285	0,33	
77,29	0,33	
77,295	0,32	
77,3	0,32	
77,305	0,31	
77,31	0,3	
77,315	0,3	
77,32	0,29	
77,325	0,28	
77,33	0,28	
77,335	0,27	
77,34	0,27	
77,345	0,26	
77,35	0,25	
77,355	0,25	
77,36	0,24	
77,365	0,23	
77,37	0,22	
77,375	0,22	
77,38	0,2	
77,385	0,2	
77,39	0,2	
77,395	0,18	
77,4	0,18	
77,405	0,17	
77,41	0,16	
77,415	0,15	
77,42	0,14	
77,425	0,14	
77,43	0,13	
77,435	0,12	
77,44	0,11	
77,445	0,1	
77,45	0,09	
77,455	0,08	
77,46	0,07	
77,465	0,06	
77,47	0,05	
77,475	0,05	
77,48	0,04	
77,485	0,03	
77,49	0,02	
77,495	0,01	
77,5	0	
77,505	-0,01	
77,51	-0,02	
77,515	-0,03	
77,52	-0,03	
77,525	-0,04	
77,53	-0,04	
77,535	-0,05	
77,54	-0,06	
77,545	-0,08	
77,55	-0,09	
77,555	-0,09	
77,56	-0,1	
77,565	-0,11	
77,57	-0,11	
77,575	-0,12	
77,58	-0,13	
77,585	-0,14	
77,59	-0,14	
77,595	-0,15	
77,6	-0,16	
77,605	-0,16	
77,61	-0,17	
77,615	-0,17	
77,62	-0,18	
77,625	-0,18	
77,63	-0,19	
77,635	-0,2	
77,64	-0,21	
77,645	-0,21	
77,65	-0,22	
77,655	-0,22	
77,66	-0,22	
77,665	-0,23	
77,67	-0,23	
77,675	-0,24	
77,68	-0,25	
77,685	-0,25	
77,69	-0,26	
77,695	-0,26	
77,7	-0,26	
77,705	-0,26	
77,71	-0,26	
77,715	-0,27	
77,72	-0,27	
77,725	-0,28	
77,73	-0,28	
77,735	-0,28	
77,74	-0,28	
77,745	-0,28	
77,75	-0,28	
77,755	-0,28	
77,76	-0,28	
77,765	-0,29	
77,77	-0,29	
77,775	-0,29	
77,78	-0,29	
77,785	-0,29	
77,79	-0,29	
77,795	-0,28	
77,8	-0,28	
77,805	-0,28	
77,81	-0,28	
77,815	-0,29	
77,82	-0,29	
77,825	-0,28	
77,83	-0,28	
77,835	-0,28	
77,84	-0,27	
77,845	-0,27	
77,85	-0,27	
77,855	-0,27	
77,86	-0,27	
77,865	-0,27	
77,87	-0,26	
77,875	-0,26	
77,88	-0,25	
77,885	-0,25	
77,89	-0,24	
77,895	-0,24	
77,9	-0,24	
77,905	-0,23	
77,91	-0,23	
77,915	-0,23	
77,92	-0,22	
77,925	-0,22	
77,93	-0,21	
77,935	-0,21	
77,94	-0,2	
77,945	-0,2	
77,95	-0,2	
77,955	-0,19	
77,96	-0,19	
77,965	-0,18	
77,97	-0,17	
77,975	-0,16	
77,98	-0,16	
77,985	-0,15	
77,99	-0,15	
77,995	-0,15	
78,0	-0,14	
78,005	-0,13	
78,01	-0,13	
78,015	-0,12	
78,02	-0,11	
78,025	-0,11	
78,03	-0,11	
78,035	-0,1	
78,04	-0,09	
78,045	-0,09	
78,05	-0,08	
78,055	-0,08	
78,06	-0,07	
78,065	-0,06	
78,07	-0,06	
78,075	-0,05	
78,08	-0,04	
78,085	-0,04	
78,09	-0,03	
78,095	-0,02	
78,1	-0,02	
78,105	-0,01	
78,11	0	
78,115	0,01	
78,12	0,01	
78,125	0,02	
78,13	0,02	
78,135	0,02	
78,14	0,03	
78,145	0,03	
78,15	0,04	
78,155	0,04	
78,16	0,05	
78,165	0,06	
78,17	0,06	
78,175	0,07	
78,18	0,07	
78,185	0,07	
78,19	0,08	
78,195	0,09	
78,2	0,09	
78,205	0,1	
78,21	0,1	
78,215	0,1	
78,22	0,1	
78,225	0,1	
78,23	0,11	
78,235	0,11	
78,24	0,12	
78,245	0,13	
78,25	0,13	
78,255	0,13	
78,26	0,14	
78,265	0,14	
78,27	0,13	
78,275	0,14	
78,28	0,14	
78,285	0,14	
78,29	0,15	
78,295	0,15	
78,3	0,15	
78,305	0,16	
78,31	0,16	
78,315	0,16	
78,32	0,17	
78,325	0,17	
78,33	0,17	
78,335	0,17	
78,34	0,17	
78,345	0,17	
78,35	0,17	
78,355	0,16	
78,36	0,16	
78,365	0,16	
78,37	0,16	
78,375	0,17	
78,38	0,17	
78,385	0,17	
78,39	0,17	
78,395	0,17	
78,4	0,17	
78,405	0,17	
78,41	0,17	
78,415	0,17	
78,42	0,17	
78,425	0,17	
78,43	0,17	
78,435	0,16	
78,44	0,16	
78,445	0,16	
78,45	0,16	
78,455	0,15	
78,46	0,16	
78,465	0,15	
78,47	0,16	
78,475	0,15	
78,48	0,15	
78,485	0,15	
78,49	0,15	
78,495	0,14	
78,5	0,14	
78,505	0,14	
78,51	0,14	
78,515	0,14	
78,52	0,14	
78,525	0,13	
78,53	0,13	
78,535	0,13	
78,54	0,12	
78,545	0,12	
78,55	0,12	
78,555	0,12	
78,56	0,12	
78,565	0,12	
78,57	0,12	
78,575	0,11	
78,58	0,11	
78,585	0,1	
78,59	0,1	
78,595	0,1	
78,6	0,09	
78,605	0,09	
78,61	0,09	
78,615	0,09	
78,62	0,08	
78,625	0,08	
78,63	0,07	
78,635	0,07	
78,64	0,07	
78,645	0,06	
78,65	0,07	
78,655	0,06	
78,66	0,06	
78,665	0,05	
78,67	0,05	
78,675	0,04	
78,68	0,04	
78,685	0,04	
78,69	0,04	
78,695	0,04	
78,7	0,04	
78,705	0,03	
78,71	0,03	
78,715	0,02	
78,72	0,02	
78,725	0,02	
78,73	0,02	
78,735	0,02	
78,74	0,02	
78,745	0,02	
78,75	0,01	
78,755	0,01	
78,76	0	
78,765	0	
78,77	0	
78,775	0	
78,78	0	
78,785	-0,01	
78,79	-0,01	
78,795	-0,01	
78,8	-0,01	
78,805	-0,02	
78,81	-0,02	
78,815	-0,02	
78,82	-0,02	
78,825	-0,02	
78,83	-0,02	
78,835	-0,02	
78,84	-0,02	
78,845	-0,03	
78,85	-0,03	
78,855	-0,03	
78,86	-0,03	
78,865	-0,03	
78,87	-0,03	
78,875	-0,03	
78,88	-0,03	
78,885	-0,03	
78,89	-0,03	
78,895	-0,04	
78,9	-0,03	
78,905	-0,04	
78,91	-0,03	
78,915	-0,03	
78,92	-0,04	
78,925	-0,04	
78,93	-0,04	
78,935	-0,04	
78,94	-0,04	
78,945	-0,05	
78,95	-0,05	
78,955	-0,05	
78,96	-0,04	
78,965	-0,04	
78,97	-0,04	
78,975	-0,04	
78,98	-0,04	
78,985	-0,04	
78,99	-0,05	
78,995	-0,05	
79,0	-0,05	
79,005	-0,04	
79,01	-0,04	
79,015	-0,04	
79,02	-0,04	
79,025	-0,04	
79,03	-0,04	
79,035	-0,04	
79,04	-0,04	
79,045	-0,04	
79,05	-0,04	
79,055	-0,04	
79,06	-0,04	
79,065	-0,05	
79,07	-0,04	
79,075	-0,04	
79,08	-0,04	
79,085	-0,04	
79,09	-0,04	
79,095	-0,04	
79,1	-0,04	
79,105	-0,04	
79,11	-0,04	
79,115	-0,04	
79,12	-0,04	
79,125	-0,04	
79,13	-0,04	
79,135	-0,04	
79,14	-0,04	
79,145	-0,04	
79,15	-0,04	
79,155	-0,04	
79,16	-0,05	
79,165	-0,05	
79,17	-0,05	
79,175	-0,04	
79,18	-0,04	
79,185	-0,04	
79,19	-0,04	
79,195	-0,04	
79,2	-0,04	
79,205	-0,04	
79,21	-0,04	
79,215	-0,04	
79,22	-0,04	
79,225	-0,04	
79,23	-0,05	
79,235	-0,05	
79,24	-0,05	
79,245	-0,05	
79,25	-0,05	
79,255	-0,05	
79,26	-0,05	
79,265	-0,05	
79,27	-0,05	
79,275	-0,05	
79,28	-0,05	
79,285	-0,05	
79,29	-0,05	
79,295	-0,05	
79,3	-0,05	
79,305	-0,05	
79,31	-0,05	
79,315	-0,05	
79,32	-0,05	
79,325	-0,05	
79,33	-0,05	
79,335	-0,06	
79,34	-0,06	
79,345	-0,06	
79,35	-0,06	
79,355	-0,06	
79,36	-0,06	
79,365	-0,06	
79,37	-0,06	
79,375	-0,06	
79,38	-0,06	
79,385	-0,06	
79,39	-0,07	
79,395	-0,07	
79,4	-0,07	
79,405	-0,08	
79,41	-0,08	
79,415	-0,08	
79,42	-0,08	
79,425	-0,08	
79,43	-0,08	
79,435	-0,08	
79,44	-0,08	
79,445	-0,08	
79,45	-0,08	
79,455	-0,08	
79,46	-0,08	
79,465	-0,08	
79,47	-0,08	
79,475	-0,08	
79,48	-0,08	
79,485	-0,09	
79,49	-0,09	
79,495	-0,08	
79,5	-0,09	
79,505	-0,09	
79,51	-0,08	
79,515	-0,09	
79,52	-0,09	
79,525	-0,08	
79,53	-0,08	
79,535	-0,09	
79,54	-0,09	
79,545	-0,09	
79,55	-0,09	
79,555	-0,09	
79,56	-0,09	
79,565	-0,09	
79,57	-0,09	
79,575	-0,09	
79,58	-0,09	
79,585	-0,09	
79,59	-0,09	
79,595	-0,09	
79,6	-0,09	
79,605	-0,09	
79,61	-0,09	
79,615	-0,09	
79,62	-0,09	
79,625	-0,09	
79,63	-0,08	
79,635	-0,09	
79,64	-0,08	
79,645	-0,08	
79,65	-0,08	
79,655	-0,08	
79,66	-0,08	
79,665	-0,08	
79,67	-0,07	
79,675	-0,07	
79,68	-0,07	
79,685	-0,07	
79,69	-0,07	
79,695	-0,06	
79,7	-0,06	
79,705	-0,06	
79,71	-0,06	
79,715	-0,05	
79,72	-0,05	
79,725	-0,05	
79,73	-0,05	
79,735	-0,05	
79,74	-0,05	
79,745	-0,04	
79,75	-0,04	
79,755	-0,04	
79,76	-0,03	
79,765	-0,02	
79,77	-0,02	
79,775	-0,02	
79,78	-0,02	
79,785	-0,01	
79,79	-0,01	
79,795	-0,01	
79,8	-0,01	
79,805	0	
79,81	0	
79,815	0	
79,82	0,01	
79,825	0,01	
79,83	0,02	
79,835	0,02	
79,84	0,02	
79,845	0,03	
79,85	0,03	
79,855	0,03	
79,86	0,03	
79,865	0,04	
79,87	0,04	
79,875	0,04	
79,88	0,05	
79,885	0,05	
79,89	0,06	
79,895	0,07	
79,9	0,07	
79,905	0,08	
79,91	0,08	
79,915	0,08	
79,92	0,09	
79,925	0,09	
79,93	0,09	
79,935	0,1	
79,94	0,1	
79,945	0,11	
79,95	0,11	
79,955	0,11	
79,96	0,12	
79,965	0,12	
79,97	0,12	
79,975	0,13	
79,98	0,13	
79,985	0,14	
79,99	0,14	
79,995	0,14	
80,0	0,15	
80,005	0,15	
80,01	0,16	
80,015	0,16	
80,02	0,16	
80,025	0,16	
80,03	0,17	
80,035	0,17	
80,04	0,17	
80,045	0,18	
80,05	0,18	
80,055	0,18	
80,06	0,18	
80,065	0,19	
80,07	0,19	
80,075	0,19	
80,08	0,19	
80,085	0,2	
80,09	0,2	
80,095	0,2	
80,1	0,2	
80,105	0,2	
80,11	0,21	
80,115	0,21	
80,12	0,21	
80,125	0,21	
80,13	0,21	
80,135	0,21	
80,14	0,21	
80,145	0,21	
80,15	0,21	
80,155	0,21	
80,16	0,21	
80,165	0,21	
80,17	0,21	
80,175	0,22	
80,18	0,22	
80,185	0,22	
80,19	0,21	
80,195	0,21	
80,2	0,21	
80,205	0,21	
80,21	0,2	
80,215	0,2	
80,22	0,2	
80,225	0,2	
80,23	0,2	
80,235	0,2	
80,24	0,2	
80,245	0,19	
80,25	0,19	
80,255	0,19	
80,26	0,18	
80,265	0,17	
80,27	0,17	
80,275	0,17	
80,28	0,17	
80,285	0,17	
80,29	0,16	
80,295	0,16	
80,3	0,16	
80,305	0,15	
80,31	0,14	
80,315	0,14	
80,32	0,13	
80,325	0,13	
80,33	0,13	
80,335	0,12	
80,34	0,12	
80,345	0,11	
80,35	0,11	
80,355	0,1	
80,36	0,1	
80,365	0,09	
80,37	0,09	
80,375	0,08	
80,38	0,07	
80,385	0,07	
80,39	0,06	
80,395	0,06	
80,4	0,05	
80,405	0,05	
80,41	0,04	
80,415	0,03	
80,42	0,02	
80,425	0,01	
80,43	0,01	
80,435	0	
80,44	0	
80,445	-0,01	
80,45	-0,02	
80,455	-0,03	
80,46	-0,03	
80,465	-0,04	
80,47	-0,04	
80,475	-0,05	
80,48	-0,06	
80,485	-0,07	
80,49	-0,07	
80,495	-0,08	
80,5	-0,08	
80,505	-0,09	
80,51	-0,1	
80,515	-0,1	
80,52	-0,11	
80,525	-0,12	
80,53	-0,13	
80,535	-0,14	
80,54	-0,14	
80,545	-0,15	
80,55	-0,15	
80,555	-0,16	
80,56	-0,17	
80,565	-0,17	
80,57	-0,18	
80,575	-0,18	
80,58	-0,19	
80,585	-0,19	
80,59	-0,2	
80,595	-0,21	
80,6	-0,21	
80,605	-0,22	
80,61	-0,23	
80,615	-0,24	
80,62	-0,24	
80,625	-0,25	
80,63	-0,25	
80,635	-0,26	
80,64	-0,26	
80,645	-0,26	
80,65	-0,27	
80,655	-0,27	
80,66	-0,27	
80,665	-0,28	
80,67	-0,28	
80,675	-0,28	
80,68	-0,29	
80,685	-0,29	
80,69	-0,3	
80,695	-0,31	
80,7	-0,31	
80,705	-0,31	
80,71	-0,31	
80,715	-0,31	
80,72	-0,31	
80,725	-0,31	
80,73	-0,31	
80,735	-0,31	
80,74	-0,31	
80,745	-0,31	
80,75	-0,31	
80,755	-0,32	
80,76	-0,32	
80,765	-0,32	
80,77	-0,32	
80,775	-0,32	
80,78	-0,32	
80,785	-0,32	
80,79	-0,31	
80,795	-0,31	
80,8	-0,31	
80,805	-0,31	
80,81	-0,31	
80,815	-0,3	
80,82	-0,3	
80,825	-0,3	
80,83	-0,3	
80,835	-0,29	
80,84	-0,29	
80,845	-0,29	
80,85	-0,29	
80,855	-0,28	
80,86	-0,28	
80,865	-0,27	
80,87	-0,27	
80,875	-0,26	
80,88	-0,26	
80,885	-0,26	
80,89	-0,25	
80,895	-0,24	
80,9	-0,24	
80,905	-0,23	
80,91	-0,23	
80,915	-0,22	
80,92	-0,22	
80,925	-0,21	
80,93	-0,2	
80,935	-0,19	
80,94	-0,18	
80,945	-0,18	
80,95	-0,17	
80,955	-0,16	
80,96	-0,15	
80,965	-0,15	
80,97	-0,14	
80,975	-0,13	
80,98	-0,13	
80,985	-0,12	
80,99	-0,11	
80,995	-0,1	
81,0	-0,09	
81,005	-0,09	
81,01	-0,08	
81,015	-0,07	
81,02	-0,05	
81,025	-0,04	
81,03	-0,03	
81,035	-0,02	
81,04	-0,01	
81,045	0	
81,05	0	
81,055	0,01	
81,06	0,02	
81,065	0,03	
81,07	0,04	
81,075	0,05	
81,08	0,06	
81,085	0,07	
81,09	0,08	
81,095	0,08	
81,1	0,1	
81,105	0,11	
81,11	0,12	
81,115	0,13	
81,12	0,14	
81,125	0,15	
81,13	0,15	
81,135	0,16	
81,14	0,17	
81,145	0,18	
81,15	0,19	
81,155	0,19	
81,16	0,2	
81,165	0,21	
81,17	0,22	
81,175	0,23	
81,18	0,24	
81,185	0,25	
81,19	0,26	
81,195	0,27	
81,2	0,27	
81,205	0,28	
81,21	0,29	
81,215	0,29	
81,22	0,3	
81,225	0,31	
81,23	0,31	
81,235	0,32	
81,24	0,33	
81,245	0,33	
81,25	0,34	
81,255	0,34	
81,26	0,35	
81,265	0,35	
81,27	0,36	
81,275	0,37	
81,28	0,37	
81,285	0,37	
81,29	0,38	
81,295	0,38	
81,3	0,38	
81,305	0,39	
81,31	0,39	
81,315	0,39	
81,32	0,4	
81,325	0,4	
81,33	0,4	
81,335	0,4	
81,34	0,4	
81,345	0,4	
81,35	0,4	
81,355	0,4	
81,36	0,4	
81,365	0,41	
81,37	0,4	
81,375	0,4	
81,38	0,4	
81,385	0,4	
81,39	0,4	
81,395	0,4	
81,4	0,39	
81,405	0,39	
81,41	0,39	
81,415	0,39	
81,42	0,38	
81,425	0,38	
81,43	0,38	
81,435	0,37	
81,44	0,37	
81,445	0,37	
81,45	0,37	
81,455	0,36	
81,46	0,35	
81,465	0,35	
81,47	0,34	
81,475	0,33	
81,48	0,33	
81,485	0,32	
81,49	0,32	
81,495	0,31	
81,5	0,3	
81,505	0,29	
81,51	0,28	
81,515	0,28	
81,52	0,27	
81,525	0,26	
81,53	0,26	
81,535	0,24	
81,54	0,23	
81,545	0,23	
81,55	0,22	
81,555	0,21	
81,56	0,2	
81,565	0,19	
81,57	0,18	
81,575	0,17	
81,58	0,16	
81,585	0,15	
81,59	0,14	
81,595	0,13	
81,6	0,12	
81,605	0,11	
81,61	0,1	
81,615	0,09	
81,62	0,08	
81,625	0,06	
81,63	0,05	
81,635	0,04	
81,64	0,03	
81,645	0,02	
81,65	0,01	
81,655	0	
81,66	-0,01	
81,665	-0,03	
81,67	-0,04	
81,675	-0,05	
81,68	-0,06	
81,685	-0,06	
81,69	-0,08	
81,695	-0,09	
81,7	-0,1	
81,705	-0,12	
81,71	-0,12	
81,715	-0,13	
81,72	-0,14	
81,725	-0,16	
81,73	-0,16	
81,735	-0,18	
81,74	-0,19	
81,745	-0,2	
81,75	-0,22	
81,755	-0,23	
81,76	-0,24	
81,765	-0,25	
81,77	-0,25	
81,775	-0,26	
81,78	-0,27	
81,785	-0,28	
81,79	-0,29	
81,795	-0,3	
81,8	-0,31	
81,805	-0,31	
81,81	-0,32	
81,815	-0,33	
81,82	-0,34	
81,825	-0,34	
81,83	-0,36	
81,835	-0,37	
81,84	-0,37	
81,845	-0,38	
81,85	-0,38	
81,855	-0,39	
81,86	-0,39	
81,865	-0,4	
81,87	-0,4	
81,875	-0,41	
81,88	-0,42	
81,885	-0,42	
81,89	-0,43	
81,895	-0,43	
81,9	-0,43	
81,905	-0,44	
81,91	-0,44	
81,915	-0,44	
81,92	-0,44	
81,925	-0,44	
81,93	-0,45	
81,935	-0,45	
81,94	-0,45	
81,945	-0,45	
81,95	-0,46	
81,955	-0,45	
81,96	-0,46	
81,965	-0,46	
81,97	-0,46	
81,975	-0,46	
81,98	-0,46	
81,985	-0,45	
81,99	-0,45	
81,995	-0,45	
82,0	-0,44	
82,005	-0,44	
82,01	-0,44	
82,015	-0,44	
82,02	-0,44	
82,025	-0,43	
82,03	-0,43	
82,035	-0,42	
82,04	-0,42	
82,045	-0,42	
82,05	-0,41	
82,055	-0,4	
82,06	-0,4	
82,065	-0,39	
82,07	-0,38	
82,075	-0,37	
82,08	-0,37	
82,085	-0,36	
82,09	-0,36	
82,095	-0,35	
82,1	-0,34	
82,105	-0,33	
82,11	-0,32	
82,115	-0,31	
82,12	-0,3	
82,125	-0,29	
82,13	-0,29	
82,135	-0,28	
82,14	-0,27	
82,145	-0,26	
82,15	-0,25	
82,155	-0,24	
82,16	-0,22	
82,165	-0,21	
82,17	-0,2	
82,175	-0,19	
82,18	-0,18	
82,185	-0,17	
82,19	-0,16	
82,195	-0,15	
82,2	-0,14	
82,205	-0,13	
82,21	-0,11	
82,215	-0,1	
82,22	-0,09	
82,225	-0,08	
82,23	-0,07	
82,235	-0,05	
82,24	-0,04	
82,245	-0,03	
82,25	-0,02	
82,255	0	
82,26	0,01	
82,265	0,02	
82,27	0,03	
82,275	0,04	
82,28	0,05	
82,285	0,06	
82,29	0,07	
82,295	0,08	
82,3	0,1	
82,305	0,11	
82,31	0,12	
82,315	0,14	
82,32	0,15	
82,325	0,16	
82,33	0,18	
82,335	0,19	
82,34	0,2	
82,345	0,21	
82,35	0,22	
82,355	0,23	
82,36	0,24	
82,365	0,25	
82,37	0,26	
82,375	0,27	
82,38	0,28	
82,385	0,29	
82,39	0,3	
82,395	0,32	
82,4	0,33	
82,405	0,33	
82,41	0,34	
82,415	0,35	
82,42	0,36	
82,425	0,37	
82,43	0,38	
82,435	0,38	
82,44	0,39	
82,445	0,4	
82,45	0,4	
82,455	0,4	
82,46	0,41	
82,465	0,41	
82,47	0,42	
82,475	0,43	
82,48	0,44	
82,485	0,45	
82,49	0,45	
82,495	0,46	
82,5	0,46	
82,505	0,46	
82,51	0,47	
82,515	0,47	
82,52	0,47	
82,525	0,47	
82,53	0,47	
82,535	0,47	
82,54	0,47	
82,545	0,47	
82,55	0,48	
82,555	0,48	
82,56	0,48	
82,565	0,48	
82,57	0,48	
82,575	0,48	
82,58	0,47	
82,585	0,47	
82,59	0,47	
82,595	0,47	
82,6	0,47	
82,605	0,47	
82,61	0,46	
82,615	0,46	
82,62	0,46	
82,625	0,45	
82,63	0,45	
82,635	0,44	
82,64	0,44	
82,645	0,43	
82,65	0,42	
82,655	0,42	
82,66	0,41	
82,665	0,4	
82,67	0,4	
82,675	0,4	
82,68	0,39	
82,685	0,38	
82,69	0,37	
82,695	0,36	
82,7	0,35	
82,705	0,34	
82,71	0,34	
82,715	0,33	
82,72	0,32	
82,725	0,31	
82,73	0,3	
82,735	0,29	
82,74	0,28	
82,745	0,27	
82,75	0,26	
82,755	0,25	
82,76	0,24	
82,765	0,23	
82,77	0,22	
82,775	0,21	
82,78	0,2	
82,785	0,18	
82,79	0,17	
82,795	0,16	
82,8	0,15	
82,805	0,13	
82,81	0,12	
82,815	0,11	
82,82	0,1	
82,825	0,09	
82,83	0,07	
82,835	0,06	
82,84	0,05	
82,845	0,04	
82,85	0,03	
82,855	0,02	
82,86	0	
82,865	-0,01	
82,87	-0,02	
82,875	-0,03	
82,88	-0,05	
82,885	-0,06	
82,89	-0,07	
82,895	-0,09	
82,9	-0,1	
82,905	-0,11	
82,91	-0,13	
82,915	-0,13	
82,92	-0,14	
82,925	-0,15	
82,93	-0,16	
82,935	-0,17	
82,94	-0,19	
82,945	-0,2	
82,95	-0,21	
82,955	-0,23	
82,96	-0,24	
82,965	-0,25	
82,97	-0,26	
82,975	-0,27	
82,98	-0,28	
82,985	-0,29	
82,99	-0,3	
82,995	-0,3	
83,0	-0,31	
83,005	-0,32	
83,01	-0,33	
83,015	-0,34	
83,02	-0,35	
83,025	-0,35	
83,03	-0,36	
83,035	-0,37	
83,04	-0,38	
83,045	-0,39	
83,05	-0,4	
83,055	-0,4	
83,06	-0,4	
83,065	-0,41	
83,07	-0,41	
83,075	-0,42	
83,08	-0,43	
83,085	-0,43	
83,09	-0,44	
83,095	-0,45	
83,1	-0,45	
83,105	-0,44	
83,11	-0,44	
83,115	-0,44	
83,12	-0,45	
83,125	-0,45	
83,13	-0,46	
83,135	-0,46	
83,14	-0,46	
83,145	-0,46	
83,15	-0,46	
83,155	-0,46	
83,16	-0,46	
83,165	-0,46	
83,17	-0,46	
83,175	-0,46	
83,18	-0,46	
83,185	-0,46	
83,19	-0,46	
83,195	-0,45	
83,2	-0,45	
83,205	-0,45	
83,21	-0,44	
83,215	-0,44	
83,22	-0,44	
83,225	-0,44	
83,23	-0,43	
83,235	-0,43	
83,24	-0,42	
83,245	-0,41	
83,25	-0,41	
83,255	-0,41	
83,26	-0,4	
83,265	-0,4	
83,27	-0,39	
83,275	-0,38	
83,28	-0,38	
83,285	-0,36	
83,29	-0,36	
83,295	-0,35	
83,3	-0,34	
83,305	-0,34	
83,31	-0,33	
83,315	-0,32	
83,32	-0,31	
83,325	-0,3	
83,33	-0,29	
83,335	-0,28	
83,34	-0,27	
83,345	-0,26	
83,35	-0,26	
83,355	-0,24	
83,36	-0,24	
83,365	-0,22	
83,37	-0,21	
83,375	-0,2	
83,38	-0,18	
83,385	-0,17	
83,39	-0,17	
83,395	-0,16	
83,4	-0,15	
83,405	-0,14	
83,41	-0,12	
83,415	-0,11	
83,42	-0,1	
83,425	-0,09	
83,43	-0,08	
83,435	-0,07	
83,44	-0,06	
83,445	-0,04	
83,45	-0,03	
83,455	-0,02	
83,46	-0,01	
83,465	0	
83,47	0,02	
83,475	0,03	
83,48	0,04	
83,485	0,05	
83,49	0,06	
83,495	0,07	
83,5	0,08	
83,505	0,09	
83,51	0,1	
83,515	0,12	
83,52	0,13	
83,525	0,14	
83,53	0,15	
83,535	0,16	
83,54	0,17	
83,545	0,18	
83,55	0,19	
83,555	0,2	
83,56	0,21	
83,565	0,22	
83,57	0,23	
83,575	0,24	
83,58	0,24	
83,585	0,25	
83,59	0,26	
83,595	0,27	
83,6	0,28	
83,605	0,3	
83,61	0,3	
83,615	0,31	
83,62	0,31	
83,625	0,32	
83,63	0,32	
83,635	0,33	
83,64	0,34	
83,645	0,35	
83,65	0,36	
83,655	0,36	
83,66	0,37	
83,665	0,37	
83,67	0,37	
83,675	0,38	
83,68	0,38	
83,685	0,39	
83,69	0,4	
83,695	0,4	
83,7	0,4	
83,705	0,4	
83,71	0,41	
83,715	0,4	
83,72	0,41	
83,725	0,41	
83,73	0,41	
83,735	0,42	
83,74	0,42	
83,745	0,42	
83,75	0,42	
83,755	0,42	
83,76	0,41	
83,765	0,42	
83,77	0,41	
83,775	0,41	
83,78	0,41	
83,785	0,41	
83,79	0,41	
83,795	0,41	
83,8	0,41	
83,805	0,4	
83,81	0,4	
83,815	0,4	
83,82	0,39	
83,825	0,39	
83,83	0,39	
83,835	0,38	
83,84	0,38	
83,845	0,37	
83,85	0,36	
83,855	0,36	
83,86	0,35	
83,865	0,35	
83,87	0,34	
83,875	0,34	
83,88	0,33	
83,885	0,33	
83,89	0,32	
83,895	0,31	
83,9	0,31	
83,905	0,3	
83,91	0,3	
83,915	0,29	
83,92	0,28	
83,925	0,27	
83,93	0,26	
83,935	0,25	
83,94	0,24	
83,945	0,23	
83,95	0,23	
83,955	0,22	
83,96	0,21	
83,965	0,21	
83,97	0,2	
83,975	0,18	
83,98	0,17	
83,985	0,16	
83,99	0,15	
83,995	0,14	
84,0	0,14	
84,005	0,13	
84,01	0,12	
84,015	0,11	
84,02	0,1	
84,025	0,09	
84,03	0,08	
84,035	0,07	
84,04	0,06	
84,045	0,05	
84,05	0,04	
84,055	0,03	
84,06	0,02	
84,065	0,01	
84,07	0	
84,075	-0,01	
84,08	-0,02	
84,085	-0,03	
84,09	-0,04	
84,095	-0,05	
84,1	-0,06	
84,105	-0,07	
84,11	-0,08	
84,115	-0,09	
84,12	-0,1	
84,125	-0,11	
84,13	-0,11	
84,135	-0,12	
84,14	-0,13	
84,145	-0,14	
84,15	-0,15	
84,155	-0,16	
84,16	-0,17	
84,165	-0,17	
84,17	-0,18	
84,175	-0,19	
84,18	-0,2	
84,185	-0,21	
84,19	-0,21	
84,195	-0,22	
84,2	-0,23	
84,205	-0,23	
84,21	-0,24	
84,215	-0,25	
84,22	-0,26	
84,225	-0,26	
84,23	-0,26	
84,235	-0,27	
84,24	-0,28	
84,245	-0,28	
84,25	-0,29	
84,255	-0,29	
84,26	-0,3	
84,265	-0,3	
84,27	-0,3	
84,275	-0,31	
84,28	-0,31	
84,285	-0,32	
84,29	-0,32	
84,295	-0,32	
84,3	-0,32	
84,305	-0,33	
84,31	-0,33	
84,315	-0,33	
84,32	-0,33	
84,325	-0,34	
84,33	-0,34	
84,335	-0,34	
84,34	-0,34	
84,345	-0,35	
84,35	-0,34	
84,355	-0,34	
84,36	-0,34	
84,365	-0,34	
84,37	-0,34	
84,375	-0,34	
84,38	-0,34	
84,385	-0,34	
84,39	-0,34	
84,395	-0,34	
84,4	-0,33	
84,405	-0,33	
84,41	-0,33	
84,415	-0,32	
84,42	-0,32	
84,425	-0,32	
84,43	-0,32	
84,435	-0,32	
84,44	-0,31	
84,445	-0,31	
84,45	-0,3	
84,455	-0,29	
84,46	-0,29	
84,465	-0,29	
84,47	-0,28	
84,475	-0,28	
84,48	-0,28	
84,485	-0,28	
84,49	-0,27	
84,495	-0,26	
84,5	-0,25	
84,505	-0,24	
84,51	-0,24	
84,515	-0,24	
84,52	-0,23	
84,525	-0,23	
84,53	-0,22	
84,535	-0,21	
84,54	-0,2	
84,545	-0,2	
84,55	-0,19	
84,555	-0,18	
84,56	-0,17	
84,565	-0,17	
84,57	-0,16	
84,575	-0,19	
84,58	-0,14	
84,585	-0,14	
84,59	-0,13	
84,595	-0,12	
84,6	-0,12	
84,605	-0,11	
84,61	-0,11	
84,615	-0,1	
84,62	-0,09	
84,625	-0,08	
84,63	-0,07	
84,635	-0,06	
84,64	-0,05	
84,645	-0,05	
84,65	-0,04	
84,655	-0,04	
84,66	-0,02	
84,665	-0,02	
84,67	0	
84,675	0,01	
84,68	0,01	
84,685	0,02	
84,69	0,02	
84,695	0,03	
84,7	0,03	
84,705	0,03	
84,71	0,04	
84,715	0,05	
84,72	0,06	
84,725	0,07	
84,73	0,07	
84,735	0,08	
84,74	0,09	
84,745	0,09	
84,75	0,1	
84,755	0,11	
84,76	0,11	
84,765	0,12	
84,77	0,13	
84,775	0,14	
84,78	0,14	
84,785	0,14	
84,79	0,15	
84,795	0,15	
84,8	0,16	
84,805	0,16	
84,81	0,17	
84,815	0,17	
84,82	0,18	
84,825	0,19	
84,83	0,19	
84,835	0,2	
84,84	0,2	
84,845	0,2	
84,85	0,21	
84,855	0,21	
84,86	0,21	
84,865	0,22	
84,87	0,22	
84,875	0,22	
84,88	0,22	
84,885	0,22	
84,89	0,22	
84,895	0,23	
84,9	0,23	
84,905	0,24	
84,91	0,24	
84,915	0,24	
84,92	0,24	
84,925	0,24	
84,93	0,24	
84,935	0,24	
84,94	0,24	
84,945	0,24	
84,95	0,24	
84,955	0,24	
84,96	0,24	
84,965	0,24	
84,97	0,24	
84,975	0,24	
84,98	0,24	
84,985	0,24	
84,99	0,24	
84,995	0,23	
85,0	0,23	
85,005	0,23	
85,01	0,23	
85,015	0,22	
85,02	0,22	
85,025	0,22	
85,03	0,22	
85,035	0,22	
85,04	0,22	
85,045	0,21	
85,05	0,21	
85,055	0,21	
85,06	0,2	
85,065	0,2	
85,07	0,2	
85,075	0,19	
85,08	0,19	
85,085	0,19	
85,09	0,19	
85,095	0,18	
85,1	0,18	
85,105	0,17	
85,11	0,17	
85,115	0,16	
85,12	0,16	
85,125	0,16	
85,13	0,16	
85,135	0,15	
85,14	0,15	
85,145	0,14	
85,15	0,14	
85,155	0,13	
85,16	0,13	
85,165	0,13	
85,17	0,12	
85,175	0,12	
85,18	0,11	
85,185	0,11	
85,19	0,1	
85,195	0,1	
85,2	0,09	
85,205	0,09	
85,21	0,09	
85,215	0,08	
85,22	0,08	
85,225	0,07	
85,23	0,06	
85,235	0,06	
85,24	0,06	
85,245	0,05	
85,25	0,04	
85,255	0,04	
85,26	0,03	
85,265	0,03	
85,27	0,03	
85,275	0,02	
85,28	0,02	
85,285	0,01	
85,29	0,01	
85,295	0	
85,3	0	
85,305	-0,01	
85,31	-0,01	
85,315	-0,01	
85,32	-0,02	
85,325	-0,02	
85,33	-0,03	
85,335	-0,03	
85,34	-0,03	
85,345	-0,04	
85,35	-0,04	
85,355	-0,04	
85,36	-0,05	
85,365	-0,05	
85,37	-0,06	
85,375	-0,06	
85,38	-0,06	
85,385	-0,07	
85,39	-0,07	
85,395	-0,07	
85,4	-0,07	
85,405	-0,08	
85,41	-0,08	
85,415	-0,09	
85,42	-0,09	
85,425	-0,1	
85,43	-0,1	
85,435	-0,1	
85,44	-0,1	
85,445	-0,1	
85,45	-0,1	
85,455	-0,1	
85,46	-0,11	
85,465	-0,11	
85,47	-0,11	
85,475	-0,12	
85,48	-0,11	
85,485	-0,11	
85,49	-0,11	
85,495	-0,11	
85,5	-0,11	
85,505	-0,12	
85,51	-0,12	
85,515	-0,12	
85,52	-0,12	
85,525	-0,12	
85,53	-0,12	
85,535	-0,12	
85,54	-0,12	
85,545	-0,12	
85,55	-0,12	
85,555	-0,12	
85,56	-0,12	
85,565	-0,12	
85,57	-0,12	
85,575	-0,12	
85,58	-0,12	
85,585	-0,12	
85,59	-0,12	
85,595	-0,12	
85,6	-0,12	
85,605	-0,13	
85,61	-0,12	
85,615	-0,12	
85,62	-0,12	
85,625	-0,12	
85,63	-0,11	
85,635	-0,12	
85,64	-0,12	
85,645	-0,12	
85,65	-0,12	
85,655	-0,11	
85,66	-0,11	
85,665	-0,1	
85,67	-0,1	
85,675	-0,1	
85,68	-0,1	
85,685	-0,1	
85,69	-0,1	
85,695	-0,1	
85,7	-0,1	
85,705	-0,1	
85,71	-0,1	
85,715	-0,09	
85,72	-0,09	
85,725	-0,09	
85,73	-0,09	
85,735	-0,09	
85,74	-0,09	
85,745	-0,09	
85,75	-0,09	
85,755	-0,08	
85,76	-0,08	
85,765	-0,08	
85,77	-0,08	
85,775	-0,07	
85,78	-0,07	
85,785	-0,07	
85,79	-0,07	
85,795	-0,07	
85,8	-0,06	
85,805	-0,06	
85,81	-0,06	
85,815	-0,06	
85,82	-0,06	
85,825	-0,06	
85,83	-0,06	
85,835	-0,06	
85,84	-0,05	
85,845	-0,05	
85,85	-0,05	
85,855	-0,05	
85,86	-0,05	
85,865	-0,04	
85,87	-0,04	
85,875	-0,04	
85,88	-0,04	
85,885	-0,03	
85,89	-0,03	
85,895	-0,03	
85,9	-0,03	
85,905	-0,03	
85,91	-0,04	
85,915	-0,04	
85,92	-0,03	
85,925	-0,04	
85,93	-0,03	
85,935	-0,02	
85,94	-0,02	
85,945	-0,02	
85,95	-0,02	
85,955	-0,02	
85,96	-0,02	
85,965	-0,02	
85,97	-0,02	
85,975	-0,02	
85,98	-0,01	
85,985	-0,01	
85,99	-0,01	
85,995	-0,01	
86,0	-0,02	
86,005	-0,02	
86,01	-0,02	
86,015	-0,02	
86,02	-0,01	
86,025	-0,01	
86,03	-0,01	
86,035	-0,01	
86,04	-0,01	
86,045	-0,01	
86,05	-0,01	
86,055	-0,01	
86,06	-0,01	
86,065	0	
86,07	-0,01	
86,075	0	
86,08	-0,01	
86,085	-0,01	
86,09	-0,01	
86,095	-0,01	
86,1	-0,01	
86,105	-0,01	
86,11	-0,01	
86,115	0	
86,12	0	
86,125	0	
86,13	0	
86,135	0	
86,14	0	
86,145	-0,01	
86,15	0	
86,155	0	
86,16	0	
86,165	0	
86,17	0	
86,175	0	
86,18	0	
86,185	-0,01	
86,19	0	
86,195	0	
86,2	0	
86,205	0	
86,21	0	
86,215	0	
86,22	0	
86,225	0	
86,23	0	
86,235	0	
86,24	0	
86,245	0,01	
86,25	0,01	
86,255	0,01	
86,26	0,01	
86,265	0	
86,27	0	
86,275	0	
86,28	0,01	
86,285	0,01	
86,29	0,01	
86,295	0,01	
86,3	0,01	
86,305	0,01	
86,31	0,01	
86,315	0,01	
86,32	0,01	
86,325	0,01	
86,33	0,02	
86,335	0,02	
86,34	0,02	
86,345	0,02	
86,35	0,02	
86,355	0,02	
86,36	0,02	
86,365	0,03	
86,37	0,03	
86,375	0,03	
86,38	0,03	
86,385	0,03	
86,39	0,03	
86,395	0,03	
86,4	0,03	
86,405	0,03	
86,41	0,03	
86,415	0,04	
86,42	0,04	
86,425	0,04	
86,43	0,05	
86,435	0,05	
86,44	0,05	
86,445	0,04	
86,45	0,04	
86,455	0,05	
86,46	0,05	
86,465	0,05	
86,47	0,06	
86,475	0,06	
86,48	0,07	
86,485	0,07	
86,49	0,06	
86,495	0,06	
86,5	0,06	
86,505	0,07	
86,51	0,07	
86,515	0,07	
86,52	0,08	
86,525	0,08	
86,53	0,08	
86,535	0,08	
86,54	0,08	
86,545	0,08	
86,55	0,09	
86,555	0,09	
86,56	0,09	
86,565	0,09	
86,57	0,1	
86,575	0,09	
86,58	0,09	
86,585	0,09	
86,59	0,1	
86,595	0,1	
86,6	0,1	
86,605	0,1	
86,61	0,11	
86,615	0,11	
86,62	0,11	
86,625	0,11	
86,63	0,11	
86,635	0,11	
86,64	0,12	
86,645	0,12	
86,65	0,12	
86,655	0,12	
86,66	0,12	
86,665	0,12	
86,67	0,12	
86,675	0,12	
86,68	0,13	
86,685	0,13	
86,69	0,13	
86,695	0,13	
86,7	0,13	
86,705	0,12	
86,71	0,12	
86,715	0,12	
86,72	0,12	
86,725	0,12	
86,73	0,13	
86,735	0,13	
86,74	0,13	
86,745	0,13	
86,75	0,13	
86,755	0,12	
86,76	0,13	
86,765	0,12	
86,77	0,12	
86,775	0,12	
86,78	0,12	
86,785	0,12	
86,79	0,12	
86,795	0,12	
86,8	0,12	
86,805	0,11	
86,81	0,11	
86,815	0,11	
86,82	0,12	
86,825	0,11	
86,83	0,12	
86,835	0,11	
86,84	0,11	
86,845	0,11	
86,85	0,1	
86,855	0,1	
86,86	0,1	
86,865	0,09	
86,87	0,09	
86,875	0,09	
86,88	0,08	
86,885	0,08	
86,89	0,08	
86,895	0,08	
86,9	0,07	
86,905	0,07	
86,91	0,07	
86,915	0,07	
86,92	0,06	
86,925	0,06	
86,93	0,05	
86,935	0,05	
86,94	0,05	
86,945	0,05	
86,95	0,04	
86,955	0,04	
86,96	0,03	
86,965	0,03	
86,97	0,02	
86,975	0,02	
86,98	0,02	
86,985	0,02	
86,99	0,01	
86,995	0	
87,0	0	
87,005	-0,02	
87,01	-0,02	
87,015	-0,02	
87,02	-0,02	
87,025	-0,03	
87,03	-0,03	
87,035	-0,04	
87,04	-0,04	
87,045	-0,05	
87,05	-0,05	
87,055	-0,06	
87,06	-0,06	
87,065	-0,07	
87,07	-0,07	
87,075	-0,08	
87,08	-0,08	
87,085	-0,09	
87,09	-0,09	
87,095	-0,09	
87,1	-0,1	
87,105	-0,1	
87,11	-0,11	
87,115	-0,11	
87,12	-0,12	
87,125	-0,12	
87,13	-0,13	
87,135	-0,14	
87,14	-0,14	
87,145	-0,14	
87,15	-0,14	
87,155	-0,15	
87,16	-0,15	
87,165	-0,16	
87,17	-0,16	
87,175	-0,17	
87,18	-0,17	
87,185	-0,18	
87,19	-0,18	
87,195	-0,18	
87,2	-0,18	
87,205	-0,19	
87,21	-0,2	
87,215	-0,2	
87,22	-0,2	
87,225	-0,21	
87,23	-0,21	
87,235	-0,21	
87,24	-0,21	
87,245	-0,21	
87,25	-0,22	
87,255	-0,22	
87,26	-0,23	
87,265	-0,23	
87,27	-0,23	
87,275	-0,23	
87,28	-0,23	
87,285	-0,23	
87,29	-0,23	
87,295	-0,23	
87,3	-0,24	
87,305	-0,24	
87,31	-0,24	
87,315	-0,24	
87,32	-0,24	
87,325	-0,24	
87,33	-0,24	
87,335	-0,24	
87,34	-0,24	
87,345	-0,24	
87,35	-0,24	
87,355	-0,24	
87,36	-0,24	
87,365	-0,24	
87,37	-0,24	
87,375	-0,23	
87,38	-0,23	
87,385	-0,23	
87,39	-0,23	
87,395	-0,23	
87,4	-0,23	
87,405	-0,22	
87,41	-0,22	
87,415	-0,22	
87,42	-0,22	
87,425	-0,21	
87,43	-0,21	
87,435	-0,21	
87,44	-0,21	
87,445	-0,2	
87,45	-0,2	
87,455	-0,19	
87,46	-0,19	
87,465	-0,18	
87,47	-0,18	
87,475	-0,18	
87,48	-0,18	
87,485	-0,18	
87,49	-0,17	
87,495	-0,16	
87,5	-0,15	
87,505	-0,14	
87,51	-0,13	
87,515	-0,13	
87,52	-0,13	
87,525	-0,12	
87,53	-0,12	
87,535	-0,11	
87,54	-0,11	
87,545	-0,1	
87,55	-0,09	
87,555	-0,09	
87,56	-0,08	
87,565	-0,07	
87,57	-0,07	
87,575	-0,06	
87,58	-0,05	
87,585	-0,04	
87,59	-0,04	
87,595	-0,03	
87,6	-0,02	
87,605	-0,01	
87,61	-0,01	
87,615	0	
87,62	0	
87,625	0,01	
87,63	0,02	
87,635	0,03	
87,64	0,04	
87,645	0,05	
87,65	0,06	
87,655	0,06	
87,66	0,07	
87,665	0,08	
87,67	0,09	
87,675	0,09	
87,68	0,1	
87,685	0,11	
87,69	0,12	
87,695	0,12	
87,7	0,13	
87,705	0,14	
87,71	0,14	
87,715	0,15	
87,72	0,16	
87,725	0,17	
87,73	0,18	
87,735	0,18	
87,74	0,19	
87,745	0,19	
87,75	0,2	
87,755	0,2	
87,76	0,21	
87,765	0,22	
87,77	0,23	
87,775	0,23	
87,78	0,24	
87,785	0,24	
87,79	0,25	
87,795	0,25	
87,8	0,26	
87,805	0,26	
87,81	0,27	
87,815	0,28	
87,82	0,29	
87,825	0,29	
87,83	0,29	
87,835	0,29	
87,84	0,3	
87,845	0,3	
87,85	0,31	
87,855	0,31	
87,86	0,32	
87,865	0,32	
87,87	0,32	
87,875	0,32	
87,88	0,33	
87,885	0,33	
87,89	0,33	
87,895	0,34	
87,9	0,33	
87,905	0,34	
87,91	0,34	
87,915	0,34	
87,92	0,34	
87,925	0,34	
87,93	0,34	
87,935	0,33	
87,94	0,33	
87,945	0,33	
87,95	0,33	
87,955	0,33	
87,96	0,34	
87,965	0,33	
87,97	0,33	
87,975	0,33	
87,98	0,33	
87,985	0,32	
87,99	0,32	
87,995	0,32	
88,0	0,32	
88,005	0,31	
88,01	0,31	
88,015	0,31	
88,02	0,3	
88,025	0,3	
88,03	0,29	
88,035	0,28	
88,04	0,28	
88,045	0,28	
88,05	0,27	
88,055	0,26	
88,06	0,26	
88,065	0,25	
88,07	0,25	
88,075	0,25	
88,08	0,24	
88,085	0,23	
88,09	0,23	
88,095	0,22	
88,1	0,21	
88,105	0,21	
88,11	0,2	
88,115	0,2	
88,12	0,19	
88,125	0,18	
88,13	0,17	
88,135	0,16	
88,14	0,15	
88,145	0,14	
88,15	0,14	
88,155	0,13	
88,16	0,12	
88,165	0,11	
88,17	0,1	
88,175	0,09	
88,18	0,08	
88,185	0,07	
88,19	0,06	
88,195	0,05	
88,2	0,04	
88,205	0,04	
88,21	0,03	
88,215	0,02	
88,22	0,01	
88,225	0	
88,23	-0,02	
88,235	-0,03	
88,24	-0,04	
88,245	-0,05	
88,25	-0,06	
88,255	-0,07	
88,26	-0,07	
88,265	-0,08	
88,27	-0,09	
88,275	-0,1	
88,28	-0,11	
88,285	-0,12	
88,29	-0,13	
88,295	-0,14	
88,3	-0,15	
88,305	-0,16	
88,31	-0,17	
88,315	-0,18	
88,32	-0,19	
88,325	-0,2	
88,33	-0,21	
88,335	-0,21	
88,34	-0,22	
88,345	-0,23	
88,35	-0,24	
88,355	-0,25	
88,36	-0,26	
88,365	-0,26	
88,37	-0,27	
88,375	-0,28	
88,38	-0,29	
88,385	-0,3	
88,39	-0,31	
88,395	-0,31	
88,4	-0,32	
88,405	-0,32	
88,41	-0,33	
88,415	-0,34	
88,42	-0,34	
88,425	-0,35	
88,43	-0,35	
88,435	-0,36	
88,44	-0,36	
88,445	-0,36	
88,45	-0,37	
88,455	-0,37	
88,46	-0,38	
88,465	-0,38	
88,47	-0,38	
88,475	-0,39	
88,48	-0,39	
88,485	-0,39	
88,49	-0,4	
88,495	-0,4	
88,5	-0,4	
88,505	-0,4	
88,51	-0,41	
88,515	-0,41	
88,52	-0,41	
88,525	-0,41	
88,53	-0,41	
88,535	-0,41	
88,54	-0,41	
88,545	-0,41	
88,55	-0,41	
88,555	-0,41	
88,56	-0,4	
88,565	-0,4	
88,57	-0,4	
88,575	-0,4	
88,58	-0,4	
88,585	-0,4	
88,59	-0,39	
88,595	-0,39	
88,6	-0,39	
88,605	-0,38	
88,61	-0,38	
88,615	-0,37	
88,62	-0,36	
88,625	-0,36	
88,63	-0,36	
88,635	-0,35	
88,64	-0,34	
88,645	-0,34	
88,65	-0,33	
88,655	-0,33	
88,66	-0,32	
88,665	-0,31	
88,67	-0,31	
88,675	-0,3	
88,68	-0,3	
88,685	-0,29	
88,69	-0,28	
88,695	-0,27	
88,7	-0,26	
88,705	-0,25	
88,71	-0,24	
88,715	-0,23	
88,72	-0,22	
88,725	-0,22	
88,73	-0,21	
88,735	-0,2	
88,74	-0,19	
88,745	-0,18	
88,75	-0,17	
88,755	-0,15	
88,76	-0,14	
88,765	-0,13	
88,77	-0,12	
88,775	-0,12	
88,78	-0,11	
88,785	-0,1	
88,79	-0,09	
88,795	-0,07	
88,8	-0,06	
88,805	-0,05	
88,81	-0,04	
88,815	-0,03	
88,82	-0,02	
88,825	-0,01	
88,83	0	
88,835	0,02	
88,84	0,03	
88,845	0,04	
88,85	0,05	
88,855	0,06	
88,86	0,08	
88,865	0,09	
88,87	0,1	
88,875	0,11	
88,88	0,12	
88,885	0,13	
88,89	0,14	
88,895	0,15	
88,9	0,16	
88,905	0,17	
88,91	0,18	
88,915	0,19	
88,92	0,2	
88,925	0,22	
88,93	0,23	
88,935	0,24	
88,94	0,25	
88,945	0,26	
88,95	0,27	
88,955	0,27	
88,96	0,28	
88,965	0,29	
88,97	0,3	
88,975	0,31	
88,98	0,32	
88,985	0,32	
88,99	0,33	
88,995	0,33	
89,0	0,35	
89,005	0,35	
89,01	0,37	
89,015	0,37	
89,02	0,38	
89,025	0,38	
89,03	0,39	
89,035	0,39	
89,04	0,4	
89,045	0,4	
89,05	0,41	
89,055	0,41	
89,06	0,42	
89,065	0,42	
89,07	0,43	
89,075	0,43	
89,08	0,43	
89,085	0,44	
89,09	0,44	
89,095	0,44	
89,1	0,44	
89,105	0,45	
89,11	0,45	
89,115	0,45	
89,12	0,45	
89,125	0,45	
89,13	0,45	
89,135	0,45	
89,14	0,45	
89,145	0,45	
89,15	0,45	
89,155	0,45	
89,16	0,45	
89,165	0,45	
89,17	0,44	
89,175	0,44	
89,18	0,44	
89,185	0,44	
89,19	0,43	
89,195	0,43	
89,2	0,42	
89,205	0,41	
89,21	0,41	
89,215	0,4	
89,22	0,4	
89,225	0,39	
89,23	0,39	
89,235	0,38	
89,24	0,38	
89,245	0,37	
89,25	0,37	
89,255	0,36	
89,26	0,35	
89,265	0,34	
89,27	0,33	
89,275	0,32	
89,28	0,32	
89,285	0,31	
89,29	0,3	
89,295	0,3	
89,3	0,29	
89,305	0,28	
89,31	0,27	
89,315	0,26	
89,32	0,24	
89,325	0,23	
89,33	0,22	
89,335	0,22	
89,34	0,21	
89,345	0,19	
89,35	0,18	
89,355	0,17	
89,36	0,16	
89,365	0,15	
89,37	0,14	
89,375	0,13	
89,38	0,12	
89,385	0,11	
89,39	0,09	
89,395	0,08	
89,4	0,07	
89,405	0,06	
89,41	0,05	
89,415	0,04	
89,42	0,02	
89,425	0,01	
89,43	-0,01	
89,435	-0,01	
89,44	-0,03	
89,445	-0,04	
89,45	-0,05	
89,455	-0,06	
89,46	-0,07	
89,465	-0,08	
89,47	-0,09	
89,475	-0,1	
89,48	-0,12	
89,485	-0,13	
89,49	-0,14	
89,495	-0,15	
89,5	-0,16	
89,505	-0,17	
89,51	-0,18	
89,515	-0,2	
89,52	-0,21	
89,525	-0,23	
89,53	-0,24	
89,535	-0,25	
89,54	-0,26	
89,545	-0,26	
89,55	-0,27	
89,555	-0,28	
89,56	-0,29	
89,565	-0,3	
89,57	-0,31	
89,575	-0,32	
89,58	-0,33	
89,585	-0,33	
89,59	-0,34	
89,595	-0,35	
89,6	-0,36	
89,605	-0,36	
89,61	-0,38	
89,615	-0,38	
89,62	-0,39	
89,625	-0,39	
89,63	-0,4	
89,635	-0,4	
89,64	-0,41	
89,645	-0,41	
89,65	-0,42	
89,655	-0,42	
89,66	-0,43	
89,665	-0,43	
89,67	-0,44	
89,675	-0,44	
89,68	-0,44	
89,685	-0,45	
89,69	-0,45	
89,695	-0,45	
89,7	-0,45	
89,705	-0,45	
89,71	-0,45	
89,715	-0,46	
89,72	-0,46	
89,725	-0,46	
89,73	-0,46	
89,735	-0,46	
89,74	-0,46	
89,745	-0,46	
89,75	-0,45	
89,755	-0,45	
89,76	-0,45	
89,765	-0,45	
89,77	-0,45	
89,775	-0,45	
89,78	-0,44	
89,785	-0,44	
89,79	-0,44	
89,795	-0,43	
89,8	-0,43	
89,805	-0,43	
89,81	-0,42	
89,815	-0,42	
89,82	-0,41	
89,825	-0,4	
89,83	-0,4	
89,835	-0,39	
89,84	-0,39	
89,845	-0,38	
89,85	-0,38	
89,855	-0,37	
89,86	-0,36	
89,865	-0,35	
89,87	-0,34	
89,875	-0,34	
89,88	-0,33	
89,885	-0,32	
89,89	-0,32	
89,895	-0,31	
89,9	-0,29	
89,905	-0,28	
89,91	-0,27	
89,915	-0,26	
89,92	-0,25	
89,925	-0,24	
89,93	-0,23	
89,935	-0,22	
89,94	-0,22	
89,945	-0,2	
89,95	-0,19	
89,955	-0,18	
89,96	-0,17	
89,965	-0,16	
89,97	-0,14	
89,975	-0,13	
89,98	-0,12	
89,985	-0,11	
89,99	-0,1	
89,995	-0,09	
90,0	-0,07	
90,005	-0,06	
90,01	-0,05	
90,015	-0,04	
90,02	-0,03	
90,025	-0,02	
90,03	-0,01	
90,035	0	
90,04	0,02	
90,045	0,03	
90,05	0,04	
90,055	0,05	
90,06	0,06	
90,065	0,07	
90,07	0,09	
90,075	0,1	
90,08	0,11	
90,085	0,13	
90,09	0,14	
90,095	0,15	
90,1	0,16	
90,105	0,17	
90,11	0,18	
90,115	0,19	
90,12	0,2	
90,125	0,21	
90,13	0,22	
90,135	0,23	
90,14	0,23	
90,145	0,24	
90,15	0,25	
90,155	0,26	
90,16	0,27	
90,165	0,28	
90,17	0,29	
90,175	0,3	
90,18	0,31	
90,185	0,32	
90,19	0,33	
90,195	0,34	
90,2	0,34	
90,205	0,35	
90,21	0,36	
90,215	0,36	
90,22	0,37	
90,225	0,37	
90,23	0,38	
90,235	0,38	
90,24	0,39	
90,245	0,39	
90,25	0,4	
90,255	0,4	
90,26	0,41	
90,265	0,42	
90,27	0,42	
90,275	0,42	
90,28	0,42	
90,285	0,42	
90,29	0,43	
90,295	0,43	
90,3	0,43	
90,305	0,43	
90,31	0,44	
90,315	0,44	
90,32	0,44	
90,325	0,44	
90,33	0,44	
90,335	0,44	
90,34	0,44	
90,345	0,44	
90,35	0,43	
90,355	0,43	
90,36	0,43	
90,365	0,43	
90,37	0,43	
90,375	0,42	
90,38	0,42	
90,385	0,42	
90,39	0,42	
90,395	0,41	
90,4	0,41	
90,405	0,4	
90,41	0,39	
90,415	0,39	
90,42	0,38	
90,425	0,38	
90,43	0,37	
90,435	0,37	
90,44	0,36	
90,445	0,36	
90,45	0,35	
90,455	0,35	
90,46	0,34	
90,465	0,33	
90,47	0,32	
90,475	0,32	
90,48	0,31	
90,485	0,3	
90,49	0,29	
90,495	0,29	
90,5	0,28	
90,505	0,27	
90,51	0,26	
90,515	0,25	
90,52	0,24	
90,525	0,22	
90,53	0,22	
90,535	0,21	
90,54	0,2	
90,545	0,19	
90,55	0,18	
90,555	0,17	
90,56	0,16	
90,565	0,15	
90,57	0,14	
90,575	0,13	
90,58	0,12	
90,585	0,11	
90,59	0,1	
90,595	0,09	
90,6	0,08	
90,605	0,07	
90,61	0,06	
90,615	0,05	
90,62	0,04	
90,625	0,03	
90,63	0,02	
90,635	0,01	
90,64	-0,01	
90,645	-0,02	
90,65	-0,03	
90,655	-0,04	
90,66	-0,05	
90,665	-0,06	
90,67	-0,07	
90,675	-0,08	
90,68	-0,09	
90,685	-0,1	
90,69	-0,11	
90,695	-0,12	
90,7	-0,13	
90,705	-0,14	
90,71	-0,15	
90,715	-0,15	
90,72	-0,17	
90,725	-0,18	
90,73	-0,19	
90,735	-0,2	
90,74	-0,21	
90,745	-0,22	
90,75	-0,22	
90,755	-0,23	
90,76	-0,24	
90,765	-0,24	
90,77	-0,25	
90,775	-0,26	
90,78	-0,27	
90,785	-0,28	
90,79	-0,29	
90,795	-0,29	
90,8	-0,3	
90,805	-0,3	
90,81	-0,31	
90,815	-0,31	
90,82	-0,32	
90,825	-0,32	
90,83	-0,33	
90,835	-0,33	
90,84	-0,34	
90,845	-0,34	
90,85	-0,35	
90,855	-0,35	
90,86	-0,36	
90,865	-0,36	
90,87	-0,37	
90,875	-0,37	
90,88	-0,37	
90,885	-0,37	
90,89	-0,37	
90,895	-0,38	
90,9	-0,37	
90,905	-0,38	
90,91	-0,38	
90,915	-0,38	
90,92	-0,38	
90,925	-0,38	
90,93	-0,38	
90,935	-0,38	
90,94	-0,37	
90,945	-0,38	
90,95	-0,38	
90,955	-0,38	
90,96	-0,38	
90,965	-0,37	
90,97	-0,37	
90,975	-0,37	
90,98	-0,36	
90,985	-0,36	
90,99	-0,36	
90,995	-0,36	
91,0	-0,35	
91,005	-0,35	
91,01	-0,35	
91,015	-0,34	
91,02	-0,34	
91,025	-0,33	
91,03	-0,33	
91,035	-0,32	
91,04	-0,32	
91,045	-0,31	
91,05	-0,31	
91,055	-0,3	
91,06	-0,3	
91,065	-0,29	
91,07	-0,28	
91,075	-0,28	
91,08	-0,27	
91,085	-0,27	
91,09	-0,26	
91,095	-0,26	
91,1	-0,25	
91,105	-0,24	
91,11	-0,23	
91,115	-0,22	
91,12	-0,21	
91,125	-0,2	
91,13	-0,19	
91,135	-0,19	
91,14	-0,18	
91,145	-0,17	
91,15	-0,16	
91,155	-0,15	
91,16	-0,14	
91,165	-0,13	
91,17	-0,13	
91,175	-0,12	
91,18	-0,11	
91,185	-0,1	
91,19	-0,1	
91,195	-0,09	
91,2	-0,08	
91,205	-0,07	
91,21	-0,06	
91,215	-0,05	
91,22	-0,04	
91,225	-0,03	
91,23	-0,03	
91,235	-0,02	
91,24	0	
91,245	0,01	
91,25	0,02	
91,255	0,03	
91,26	0,04	
91,265	0,04	
91,27	0,05	
91,275	0,06	
91,28	0,07	
91,285	0,08	
91,29	0,09	
91,295	0,09	
91,3	0,1	
91,305	0,11	
91,31	0,11	
91,315	0,12	
91,32	0,13	
91,325	0,14	
91,33	0,14	
91,335	0,15	
91,34	0,16	
91,345	0,16	
91,35	0,17	
91,355	0,18	
91,36	0,18	
91,365	0,19	
91,37	0,2	
91,375	0,2	
91,38	0,21	
91,385	0,22	
91,39	0,22	
91,395	0,23	
91,4	0,23	
91,405	0,23	
91,41	0,24	
91,415	0,24	
91,42	0,25	
91,425	0,26	
91,43	0,26	
91,435	0,27	
91,44	0,27	
91,445	0,27	
91,45	0,27	
91,455	0,27	
91,46	0,28	
91,465	0,28	
91,47	0,28	
91,475	0,29	
91,48	0,29	
91,485	0,29	
91,49	0,3	
91,495	0,3	
91,5	0,3	
91,505	0,3	
91,51	0,3	
91,515	0,3	
91,52	0,3	
91,525	0,3	
91,53	0,3	
91,535	0,3	
91,54	0,3	
91,545	0,3	
91,55	0,3	
91,555	0,3	
91,56	0,3	
91,565	0,3	
91,57	0,29	
91,575	0,29	
91,58	0,29	
91,585	0,28	
91,59	0,28	
91,595	0,28	
91,6	0,28	
91,605	0,27	
91,61	0,27	
91,615	0,27	
91,62	0,26	
91,625	0,26	
91,63	0,26	
91,635	0,25	
91,64	0,25	
91,645	0,25	
91,65	0,24	
91,655	0,24	
91,66	0,24	
91,665	0,23	
91,67	0,23	
91,675	0,22	
91,68	0,21	
91,685	0,2	
