t, ñ	wz	
0,0	-0,01	
0,005	-0,01	
0,01	-0,01	
0,015	-0,01	
0,02	0	
0,025	0	
0,03	0	
0,035	0	
0,04	0	
0,045	0,01	
0,05	0,01	
0,055	0,01	
0,06	0,01	
0,065	0,01	
0,07	0,01	
0,075	0	
0,08	0	
0,085	0	
0,09	0	
0,095	-0,01	
0,1	-0,01	
0,105	-0,01	
0,11	-0,01	
0,115	-0,01	
0,12	-0,01	
0,125	0	
0,13	0	
0,135	0	
0,14	0,01	
0,145	0,01	
0,15	0,01	
0,155	0,01	
0,16	0,01	
0,165	0	
0,17	0	
0,175	-0,01	
0,18	-0,01	
0,185	-0,01	
0,19	-0,01	
0,195	-0,01	
0,2	-0,01	
0,205	-0,01	
0,21	0	
0,215	0	
0,22	0	
0,225	0	
0,23	0,01	
0,235	0,01	
0,24	0,01	
0,245	0,01	
0,25	0,01	
0,255	0	
0,26	0	
0,265	0	
0,27	0	
0,275	0	
0,28	-0,01	
0,285	-0,01	
0,29	-0,01	
0,295	-0,01	
0,3	-0,01	
0,305	-0,01	
0,31	0	
0,315	0	
0,32	0	
0,325	0	
0,33	0,01	
0,335	0,01	
0,34	0,01	
0,345	0,01	
0,35	0,01	
0,355	0,01	
0,36	0,01	
0,365	0,01	
0,37	0	
0,375	0	
0,38	-0,01	
0,385	-0,01	
0,39	-0,01	
0,395	-0,01	
0,4	-0,01	
0,405	-0,01	
0,41	-0,01	
0,415	-0,01	
0,42	0	
0,425	0	
0,43	0,01	
0,435	0,01	
0,44	0,01	
0,445	0,01	
0,45	0,01	
0,455	0,01	
0,46	0,01	
0,465	0	
0,47	0	
0,475	-0,01	
0,48	-0,01	
0,485	-0,01	
0,49	-0,01	
0,495	-0,01	
0,5	-0,01	
0,505	-0,01	
0,51	0	
0,515	0	
0,52	-0,01	
0,525	-0,02	
0,53	-0,06	
0,535	-0,1	
0,54	-0,12	
0,545	-0,08	
0,55	0,01	
0,555	0,13	
0,56	0,25	
0,565	0,34	
0,57	0,3	
0,575	0,22	
0,58	0,14	
0,585	0,14	
0,59	0,18	
0,595	0,29	
0,6	0,41	
0,605	0,51	
0,61	0,49	
0,615	0,42	
0,62	0,37	
0,625	0,33	
0,63	0,35	
0,635	0,46	
0,64	0,58	
0,645	0,67	
0,65	0,7	
0,655	0,64	
0,66	0,57	
0,665	0,5	
0,67	0,52	
0,675	0,59	
0,68	0,7	
0,685	0,79	
0,69	0,85	
0,695	0,84	
0,7	0,72	
0,705	0,67	
0,71	0,67	
0,715	0,73	
0,72	0,82	
0,725	0,91	
0,73	0,97	
0,735	0,95	
0,74	0,89	
0,745	0,82	
0,75	0,78	
0,755	0,83	
0,76	0,9	
0,765	0,99	
0,77	1,03	
0,775	1,02	
0,78	0,98	
0,785	0,92	
0,79	0,87	
0,795	0,88	
0,8	0,95	
0,805	1,02	
0,81	1,06	
0,815	1,07	
0,82	1,02	
0,825	0,95	
0,83	0,88	
0,835	0,88	
0,84	0,95	
0,845	1,02	
0,85	1,08	
0,855	1,07	
0,86	1,02	
0,865	0,93	
0,87	0,87	
0,875	0,85	
0,88	0,88	
0,885	0,99	
0,89	1,04	
0,895	1,04	
0,9	0,99	
0,905	0,89	
0,91	0,82	
0,915	0,77	
0,92	0,8	
0,925	0,86	
0,93	0,95	
0,935	0,96	
0,94	0,91	
0,945	0,82	
0,95	0,73	
0,955	0,67	
0,96	0,67	
0,965	0,72	
0,97	0,8	
0,975	0,84	
0,98	0,81	
0,985	0,72	
0,99	0,61	
0,995	0,54	
1,0	0,52	
1,005	0,56	
1,01	0,62	
1,015	0,68	
1,02	0,67	
1,025	0,58	
1,03	0,47	
1,035	0,38	
1,04	0,34	
1,045	0,36	
1,05	0,42	
1,055	0,49	
1,06	0,51	
1,065	0,42	
1,07	0,33	
1,075	0,22	
1,08	0,16	
1,085	0,17	
1,09	0,22	
1,095	0,27	
1,1	0,3	
1,105	0,28	
1,11	0,15	
1,115	0,04	
1,12	-0,03	
1,125	-0,05	
1,13	-0,01	
1,135	0,04	
1,14	0,08	
1,145	0,08	
1,15	0,02	
1,155	-0,13	
1,16	-0,21	
1,165	-0,25	
1,17	-0,23	
1,175	-0,18	
1,18	-0,14	
1,185	-0,14	
1,19	-0,19	
1,195	-0,27	
1,2	-0,36	
1,205	-0,44	
1,21	-0,44	
1,215	-0,39	
1,22	-0,36	
1,225	-0,35	
1,23	-0,39	
1,235	-0,46	
1,24	-0,55	
1,245	-0,61	
1,25	-0,62	
1,255	-0,58	
1,26	-0,55	
1,265	-0,54	
1,27	-0,56	
1,275	-0,63	
1,28	-0,71	
1,285	-0,77	
1,29	-0,79	
1,295	-0,76	
1,3	-0,72	
1,305	-0,7	
1,31	-0,72	
1,315	-0,78	
1,32	-0,85	
1,325	-0,92	
1,33	-0,94	
1,335	-0,92	
1,34	-0,85	
1,345	-0,82	
1,35	-0,83	
1,355	-0,89	
1,36	-0,96	
1,365	-1,02	
1,37	-1,05	
1,375	-1,03	
1,38	-0,97	
1,385	-0,91	
1,39	-0,91	
1,395	-0,96	
1,4	-1,03	
1,405	-1,1	
1,41	-1,13	
1,415	-1,11	
1,42	-1,06	
1,425	-1	
1,43	-0,97	
1,435	-1	
1,44	-1,07	
1,445	-1,14	
1,45	-1,17	
1,455	-1,15	
1,46	-1,1	
1,465	-1,03	
1,47	-0,98	
1,475	-0,99	
1,48	-1,04	
1,485	-1,11	
1,49	-1,15	
1,495	-1,15	
1,5	-1,09	
1,505	-1,02	
1,51	-0,96	
1,515	-0,93	
1,52	-0,99	
1,525	-1,06	
1,53	-1,11	
1,535	-1,12	
1,54	-1,07	
1,545	-0,98	
1,55	-0,9	
1,555	-0,87	
1,56	-0,88	
1,565	-0,96	
1,57	-1,02	
1,575	-1,03	
1,58	-0,99	
1,585	-0,91	
1,59	-0,83	
1,595	-0,77	
1,6	-0,76	
1,605	-0,8	
1,61	-0,87	
1,615	-0,9	
1,62	-0,87	
1,625	-0,81	
1,63	-0,72	
1,635	-0,66	
1,64	-0,63	
1,645	-0,65	
1,65	-0,69	
1,655	-0,73	
1,66	-0,72	
1,665	-0,67	
1,67	-0,59	
1,675	-0,51	
1,68	-0,47	
1,685	-0,47	
1,69	-0,5	
1,695	-0,54	
1,7	-0,56	
1,705	-0,5	
1,71	-0,43	
1,715	-0,35	
1,72	-0,3	
1,725	-0,29	
1,73	-0,31	
1,735	-0,35	
1,74	-0,36	
1,745	-0,34	
1,75	-0,25	
1,755	-0,17	
1,76	-0,12	
1,765	-0,1	
1,77	-0,12	
1,775	-0,14	
1,78	-0,16	
1,785	-0,14	
1,79	-0,09	
1,795	0,01	
1,8	0,07	
1,805	0,09	
1,81	0,08	
1,815	0,06	
1,82	0,04	
1,825	0,06	
1,83	0,1	
1,835	0,16	
1,84	0,25	
1,845	0,28	
1,85	0,27	
1,855	0,25	
1,86	0,23	
1,865	0,23	
1,87	0,27	
1,875	0,34	
1,88	0,41	
1,885	0,46	
1,89	0,45	
1,895	0,42	
1,9	0,4	
1,905	0,4	
1,91	0,43	
1,915	0,49	
1,92	0,57	
1,925	0,61	
1,93	0,62	
1,935	0,58	
1,94	0,54	
1,945	0,53	
1,95	0,55	
1,955	0,61	
1,96	0,68	
1,965	0,74	
1,97	0,76	
1,975	0,72	
1,98	0,68	
1,985	0,65	
1,99	0,66	
1,995	0,71	
2,0	0,78	
2,005	0,83	
2,01	0,86	
2,015	0,85	
2,02	0,79	
2,025	0,75	
2,03	0,74	
2,035	0,77	
2,04	0,83	
2,045	0,89	
2,05	0,93	
2,055	0,92	
2,06	0,88	
2,065	0,81	
2,07	0,79	
2,075	0,8	
2,08	0,86	
2,085	0,92	
2,09	0,95	
2,095	0,95	
2,1	0,92	
2,105	0,87	
2,11	0,82	
2,115	0,81	
2,12	0,85	
2,125	0,89	
2,13	0,93	
2,135	0,94	
2,14	0,92	
2,145	0,86	
2,15	0,81	
2,155	0,78	
2,16	0,8	
2,165	0,84	
2,17	0,88	
2,175	0,9	
2,18	0,88	
2,185	0,83	
2,19	0,78	
2,195	0,73	
2,2	0,72	
2,205	0,76	
2,21	0,8	
2,215	0,81	
2,22	0,8	
2,225	0,76	
2,23	0,7	
2,235	0,65	
2,24	0,63	
2,245	0,64	
2,25	0,68	
2,255	0,69	
2,26	0,68	
2,265	0,64	
2,27	0,58	
2,275	0,54	
2,28	0,51	
2,285	0,52	
2,29	0,54	
2,295	0,56	
2,3	0,55	
2,305	0,51	
2,31	0,46	
2,315	0,4	
2,32	0,38	
2,325	0,37	
2,33	0,39	
2,335	0,41	
2,34	0,4	
2,345	0,36	
2,35	0,31	
2,355	0,25	
2,36	0,21	
2,365	0,2	
2,37	0,22	
2,375	0,24	
2,38	0,25	
2,385	0,21	
2,39	0,15	
2,395	0,09	
2,4	0,04	
2,405	0,03	
2,41	0,05	
2,415	0,07	
2,42	0,08	
2,425	0,06	
2,43	-0,01	
2,435	-0,08	
2,44	-0,12	
2,445	-0,14	
2,45	-0,13	
2,455	-0,11	
2,46	-0,09	
2,465	-0,1	
2,47	-0,14	
2,475	-0,23	
2,48	-0,28	
2,485	-0,31	
2,49	-0,3	
2,495	-0,28	
2,5	-0,26	
2,505	-0,26	
2,51	-0,29	
2,515	-0,35	
2,52	-0,43	
2,525	-0,46	
2,53	-0,47	
2,535	-0,44	
2,54	-0,42	
2,545	-0,41	
2,55	-0,43	
2,555	-0,48	
2,56	-0,54	
2,565	-0,59	
2,57	-0,61	
2,575	-0,59	
2,58	-0,55	
2,585	-0,53	
2,59	-0,54	
2,595	-0,59	
2,6	-0,65	
2,605	-0,7	
2,61	-0,72	
2,615	-0,71	
2,62	-0,68	
2,625	-0,65	
2,63	-0,65	
2,635	-0,68	
2,64	-0,73	
2,645	-0,78	
2,65	-0,81	
2,655	-0,82	
2,66	-0,77	
2,665	-0,74	
2,67	-0,73	
2,675	-0,75	
2,68	-0,79	
2,685	-0,83	
2,69	-0,87	
2,695	-0,87	
2,7	-0,85	
2,705	-0,8	
2,71	-0,78	
2,715	-0,78	
2,72	-0,82	
2,725	-0,86	
2,73	-0,89	
2,735	-0,9	
2,74	-0,89	
2,745	-0,85	
2,75	-0,8	
2,755	-0,8	
2,76	-0,83	
2,765	-0,86	
2,77	-0,89	
2,775	-0,9	
2,78	-0,88	
2,785	-0,84	
2,79	-0,8	
2,795	-0,79	
2,8	-0,81	
2,805	-0,83	
2,81	-0,86	
2,815	-0,86	
2,82	-0,84	
2,825	-0,81	
2,83	-0,77	
2,835	-0,75	
2,84	-0,75	
2,845	-0,78	
2,85	-0,8	
2,855	-0,81	
2,86	-0,79	
2,865	-0,75	
2,87	-0,71	
2,875	-0,68	
2,88	-0,67	
2,885	-0,69	
2,89	-0,71	
2,895	-0,72	
2,9	-0,7	
2,905	-0,67	
2,91	-0,62	
2,915	-0,58	
2,92	-0,57	
2,925	-0,58	
2,93	-0,61	
2,935	-0,62	
2,94	-0,6	
2,945	-0,56	
2,95	-0,51	
2,955	-0,47	
2,96	-0,45	
2,965	-0,45	
2,97	-0,47	
2,975	-0,49	
2,98	-0,48	
2,985	-0,44	
2,99	-0,39	
2,995	-0,34	
3,0	-0,31	
3,005	-0,31	
3,01	-0,33	
3,015	-0,35	
3,02	-0,36	
3,025	-0,32	
3,03	-0,27	
3,035	-0,21	
3,04	-0,17	
3,045	-0,16	
3,05	-0,18	
3,055	-0,2	
3,06	-0,21	
3,065	-0,2	
3,07	-0,13	
3,075	-0,08	
3,08	-0,03	
3,085	-0,01	
3,09	-0,01	
3,095	-0,04	
3,1	-0,05	
3,105	-0,05	
3,11	-0,02	
3,115	0,06	
3,12	0,11	
3,125	0,13	
3,13	0,14	
3,135	0,12	
3,14	0,1	
3,145	0,09	
3,15	0,12	
3,155	0,16	
3,16	0,23	
3,165	0,27	
3,17	0,27	
3,175	0,26	
3,18	0,24	
3,185	0,24	
3,19	0,25	
3,195	0,29	
3,2	0,33	
3,205	0,39	
3,21	0,4	
3,215	0,39	
3,22	0,38	
3,225	0,36	
3,23	0,37	
3,235	0,39	
3,24	0,44	
3,245	0,48	
3,25	0,5	
3,255	0,5	
3,26	0,48	
3,265	0,46	
3,27	0,47	
3,275	0,49	
3,28	0,53	
3,285	0,57	
3,29	0,59	
3,295	0,59	
3,3	0,58	
3,305	0,56	
3,31	0,55	
3,315	0,57	
3,32	0,6	
3,325	0,63	
3,33	0,65	
3,335	0,66	
3,34	0,64	
3,345	0,62	
3,35	0,62	
3,355	0,63	
3,36	0,65	
3,365	0,67	
3,37	0,7	
3,375	0,71	
3,38	0,69	
3,385	0,66	
3,39	0,65	
3,395	0,66	
3,4	0,68	
3,405	0,7	
3,41	0,73	
3,415	0,73	
3,42	0,72	
3,425	0,69	
3,43	0,66	
3,435	0,65	
3,44	0,67	
3,445	0,69	
3,45	0,72	
3,455	0,73	
3,46	0,71	
3,465	0,68	
3,47	0,65	
3,475	0,63	
3,48	0,64	
3,485	0,66	
3,49	0,69	
3,495	0,7	
3,5	0,68	
3,505	0,65	
3,51	0,61	
3,515	0,59	
3,52	0,58	
3,525	0,6	
3,53	0,63	
3,535	0,64	
3,54	0,63	
3,545	0,6	
3,55	0,56	
3,555	0,53	
3,56	0,51	
3,565	0,51	
3,57	0,55	
3,575	0,56	
3,58	0,56	
3,585	0,54	
3,59	0,5	
3,595	0,46	
3,6	0,43	
3,605	0,43	
3,61	0,44	
3,615	0,47	
3,62	0,47	
3,625	0,45	
3,63	0,4	
3,635	0,36	
3,64	0,33	
3,645	0,32	
3,65	0,33	
3,655	0,35	
3,66	0,36	
3,665	0,34	
3,67	0,3	
3,675	0,26	
3,68	0,22	
3,685	0,2	
3,69	0,21	
3,695	0,22	
3,7	0,24	
3,705	0,23	
3,71	0,2	
3,715	0,15	
3,72	0,11	
3,725	0,09	
3,73	0,08	
3,735	0,09	
3,74	0,1	
3,745	0,1	
3,75	0,07	
3,755	0,03	
3,76	-0,01	
3,765	-0,04	
3,77	-0,04	
3,775	-0,04	
3,78	-0,03	
3,785	-0,02	
3,79	-0,04	
3,795	-0,09	
3,8	-0,13	
3,805	-0,15	
3,81	-0,16	
3,815	-0,16	
3,82	-0,15	
3,825	-0,15	
3,83	-0,17	
3,835	-0,19	
3,84	-0,25	
3,845	-0,27	
3,85	-0,29	
3,855	-0,28	
3,86	-0,27	
3,865	-0,27	
3,87	-0,28	
3,875	-0,3	
3,88	-0,34	
3,885	-0,37	
3,89	-0,4	
3,895	-0,39	
3,9	-0,39	
3,905	-0,38	
3,91	-0,38	
3,915	-0,4	
3,92	-0,43	
3,925	-0,47	
3,93	-0,49	
3,935	-0,49	
3,94	-0,48	
3,945	-0,47	
3,95	-0,47	
3,955	-0,49	
3,96	-0,52	
3,965	-0,56	
3,97	-0,58	
3,975	-0,59	
3,98	-0,57	
3,985	-0,55	
3,99	-0,55	
3,995	-0,56	
4,0	-0,59	
4,005	-0,62	
4,01	-0,64	
4,015	-0,65	
4,02	-0,64	
4,025	-0,61	
4,03	-0,6	
4,035	-0,61	
4,04	-0,63	
4,045	-0,66	
4,05	-0,69	
4,055	-0,7	
4,06	-0,69	
4,065	-0,67	
4,07	-0,64	
4,075	-0,64	
4,08	-0,66	
4,085	-0,69	
4,09	-0,71	
4,095	-0,72	
4,1	-0,72	
4,105	-0,69	
4,11	-0,67	
4,115	-0,65	
4,12	-0,66	
4,125	-0,69	
4,13	-0,71	
4,135	-0,73	
4,14	-0,72	
4,145	-0,7	
4,15	-0,67	
4,155	-0,64	
4,16	-0,64	
4,165	-0,66	
4,17	-0,68	
4,175	-0,7	
4,18	-0,7	
4,185	-0,68	
4,19	-0,65	
4,195	-0,63	
4,2	-0,61	
4,205	-0,61	
4,21	-0,64	
4,215	-0,65	
4,22	-0,65	
4,225	-0,64	
4,23	-0,61	
4,235	-0,58	
4,24	-0,56	
4,245	-0,55	
4,25	-0,57	
4,255	-0,59	
4,26	-0,59	
4,265	-0,57	
4,27	-0,54	
4,275	-0,51	
4,28	-0,49	
4,285	-0,47	
4,29	-0,48	
4,295	-0,5	
4,3	-0,5	
4,305	-0,49	
4,31	-0,46	
4,315	-0,43	
4,32	-0,4	
4,325	-0,39	
4,33	-0,39	
4,335	-0,39	
4,34	-0,4	
4,345	-0,38	
4,35	-0,36	
4,355	-0,33	
4,36	-0,3	
4,365	-0,28	
4,37	-0,28	
4,375	-0,28	
4,38	-0,29	
4,385	-0,28	
4,39	-0,25	
4,395	-0,22	
4,4	-0,19	
4,405	-0,17	
4,41	-0,16	
4,415	-0,17	
4,42	-0,17	
4,425	-0,16	
4,43	-0,15	
4,435	-0,1	
4,44	-0,07	
4,445	-0,04	
4,45	-0,04	
4,455	-0,04	
4,46	-0,04	
4,465	-0,04	
4,47	-0,02	
4,475	0,01	
4,48	0,06	
4,485	0,08	
4,49	0,08	
4,495	0,08	
4,5	0,08	
4,505	0,08	
4,51	0,1	
4,515	0,13	
4,52	0,16	
4,525	0,2	
4,53	0,22	
4,535	0,22	
4,54	0,21	
4,545	0,21	
4,55	0,22	
4,555	0,24	
4,56	0,28	
4,565	0,31	
4,57	0,34	
4,575	0,35	
4,58	0,33	
4,585	0,32	
4,59	0,33	
4,595	0,34	
4,6	0,37	
4,605	0,41	
4,61	0,44	
4,615	0,46	
4,62	0,45	
4,625	0,43	
4,63	0,43	
4,635	0,44	
4,64	0,47	
4,645	0,5	
4,65	0,53	
4,655	0,55	
4,66	0,54	
4,665	0,53	
4,67	0,52	
4,675	0,53	
4,68	0,55	
4,685	0,57	
4,69	0,6	
4,695	0,62	
4,7	0,62	
4,705	0,61	
4,71	0,59	
4,715	0,59	
4,72	0,61	
4,725	0,63	
4,73	0,66	
4,735	0,67	
4,74	0,68	
4,745	0,67	
4,75	0,65	
4,755	0,64	
4,76	0,65	
4,765	0,67	
4,77	0,69	
4,775	0,7	
4,78	0,71	
4,785	0,7	
4,79	0,69	
4,795	0,68	
4,8	0,67	
4,805	0,68	
4,81	0,7	
4,815	0,71	
4,82	0,71	
4,825	0,71	
4,83	0,69	
4,835	0,68	
4,84	0,67	
4,845	0,68	
4,85	0,69	
4,855	0,69	
4,86	0,7	
4,865	0,68	
4,87	0,67	
4,875	0,65	
4,88	0,65	
4,885	0,64	
4,89	0,65	
4,895	0,66	
4,9	0,65	
4,905	0,64	
4,91	0,62	
4,915	0,6	
4,92	0,59	
4,925	0,58	
4,93	0,59	
4,935	0,6	
4,94	0,59	
4,945	0,58	
4,95	0,56	
4,955	0,53	
4,96	0,51	
4,965	0,5	
4,97	0,51	
4,975	0,51	
4,98	0,51	
4,985	0,5	
4,99	0,47	
4,995	0,44	
5,0	0,42	
5,005	0,41	
5,01	0,4	
5,015	0,41	
5,02	0,41	
5,025	0,39	
5,03	0,37	
5,035	0,33	
5,04	0,31	
5,045	0,29	
5,05	0,28	
5,055	0,28	
5,06	0,28	
5,065	0,28	
5,07	0,25	
5,075	0,22	
5,08	0,18	
5,085	0,16	
5,09	0,15	
5,095	0,15	
5,1	0,15	
5,105	0,14	
5,11	0,13	
5,115	0,09	
5,12	0,05	
5,125	0,03	
5,13	0,01	
5,135	0	
5,14	0	
5,145	0	
5,15	-0,01	
5,155	-0,03	
5,16	-0,08	
5,165	-0,11	
5,17	-0,13	
5,175	-0,14	
5,18	-0,14	
5,185	-0,14	
5,19	-0,15	
5,195	-0,17	
5,2	-0,2	
5,205	-0,24	
5,21	-0,27	
5,215	-0,28	
5,22	-0,29	
5,225	-0,29	
5,23	-0,3	
5,235	-0,31	
5,24	-0,33	
5,245	-0,36	
5,25	-0,39	
5,255	-0,42	
5,26	-0,42	
5,265	-0,43	
5,27	-0,43	
5,275	-0,44	
5,28	-0,46	
5,285	-0,49	
5,29	-0,51	
5,295	-0,53	
5,3	-0,54	
5,305	-0,54	
5,31	-0,55	
5,315	-0,56	
5,32	-0,57	
5,325	-0,6	
5,33	-0,62	
5,335	-0,64	
5,34	-0,64	
5,345	-0,65	
5,35	-0,65	
5,355	-0,66	
5,36	-0,67	
5,365	-0,68	
5,37	-0,7	
5,375	-0,72	
5,38	-0,72	
5,385	-0,72	
5,39	-0,72	
5,395	-0,72	
5,4	-0,74	
5,405	-0,75	
5,41	-0,77	
5,415	-0,78	
5,42	-0,78	
5,425	-0,78	
5,43	-0,78	
5,435	-0,78	
5,44	-0,79	
5,445	-0,8	
5,45	-0,81	
5,455	-0,82	
5,46	-0,83	
5,465	-0,82	
5,47	-0,81	
5,475	-0,8	
5,48	-0,8	
5,485	-0,81	
5,49	-0,82	
5,495	-0,83	
5,5	-0,83	
5,505	-0,82	
5,51	-0,8	
5,515	-0,79	
5,52	-0,78	
5,525	-0,79	
5,53	-0,8	
5,535	-0,81	
5,54	-0,8	
5,545	-0,79	
5,55	-0,77	
5,555	-0,75	
5,56	-0,74	
5,565	-0,74	
5,57	-0,75	
5,575	-0,75	
5,58	-0,75	
5,585	-0,74	
5,59	-0,72	
5,595	-0,69	
5,6	-0,67	
5,605	-0,66	
5,61	-0,66	
5,615	-0,66	
5,62	-0,66	
5,625	-0,65	
5,63	-0,63	
5,635	-0,6	
5,64	-0,58	
5,645	-0,57	
5,65	-0,56	
5,655	-0,56	
5,66	-0,55	
5,665	-0,54	
5,67	-0,52	
5,675	-0,5	
5,68	-0,47	
5,685	-0,45	
5,69	-0,43	
5,695	-0,43	
5,7	-0,42	
5,705	-0,41	
5,71	-0,39	
5,715	-0,36	
5,72	-0,33	
5,725	-0,31	
5,73	-0,29	
5,735	-0,28	
5,74	-0,27	
5,745	-0,26	
5,75	-0,25	
5,755	-0,22	
5,76	-0,19	
5,765	-0,16	
5,77	-0,14	
5,775	-0,13	
5,78	-0,11	
5,785	-0,1	
5,79	-0,09	
5,795	-0,06	
5,8	-0,02	
5,805	0,01	
5,81	0,03	
5,815	0,05	
5,82	0,06	
5,825	0,07	
5,83	0,08	
5,835	0,1	
5,84	0,13	
5,845	0,17	
5,85	0,19	
5,855	0,21	
5,86	0,22	
5,865	0,23	
5,87	0,25	
5,875	0,27	
5,88	0,29	
5,885	0,32	
5,89	0,36	
5,895	0,37	
5,9	0,38	
5,905	0,4	
5,91	0,41	
5,915	0,43	
5,92	0,45	
5,925	0,47	
5,93	0,5	
5,935	0,52	
5,94	0,53	
5,945	0,54	
5,95	0,55	
5,955	0,56	
5,96	0,58	
5,965	0,6	
5,97	0,63	
5,975	0,65	
5,98	0,66	
5,985	0,67	
5,99	0,68	
5,995	0,69	
6,0	0,7	
6,005	0,73	
6,01	0,74	
6,015	0,76	
6,02	0,77	
6,025	0,77	
6,03	0,77	
6,035	0,78	
6,04	0,79	
6,045	0,81	
6,05	0,82	
6,055	0,84	
6,06	0,85	
6,065	0,85	
6,07	0,85	
6,075	0,85	
6,08	0,86	
6,085	0,87	
6,09	0,88	
6,095	0,9	
6,1	0,9	
6,105	0,9	
6,11	0,89	
6,115	0,88	
6,12	0,88	
6,125	0,89	
6,13	0,9	
6,135	0,91	
6,14	0,91	
6,145	0,91	
6,15	0,9	
6,155	0,88	
6,16	0,88	
6,165	0,88	
6,17	0,89	
6,175	0,89	
6,18	0,89	
6,185	0,89	
6,19	0,87	
6,195	0,85	
6,2	0,84	
6,205	0,83	
6,21	0,83	
6,215	0,83	
6,22	0,83	
6,225	0,83	
6,23	0,81	
6,235	0,79	
6,24	0,77	
6,245	0,75	
6,25	0,75	
6,255	0,74	
6,26	0,74	
6,265	0,73	
6,27	0,71	
6,275	0,69	
6,28	0,67	
6,285	0,65	
6,29	0,64	
6,295	0,63	
6,3	0,62	
6,305	0,61	
6,31	0,6	
6,315	0,57	
6,32	0,55	
6,325	0,52	
6,33	0,51	
6,335	0,49	
6,34	0,48	
6,345	0,46	
6,35	0,44	
6,355	0,41	
6,36	0,39	
6,365	0,36	
6,37	0,34	
6,375	0,33	
6,38	0,31	
6,385	0,3	
6,39	0,27	
6,395	0,24	
6,4	0,22	
6,405	0,19	
6,41	0,17	
6,415	0,15	
6,42	0,14	
6,425	0,12	
6,43	0,1	
6,435	0,06	
6,44	0,04	
6,445	0,01	
6,45	-0,02	
6,455	-0,04	
6,46	-0,06	
6,465	-0,07	
6,47	-0,09	
6,475	-0,11	
6,48	-0,15	
6,485	-0,18	
6,49	-0,21	
6,495	-0,23	
6,5	-0,24	
6,505	-0,25	
6,51	-0,27	
6,515	-0,29	
6,52	-0,32	
6,525	-0,36	
6,53	-0,39	
6,535	-0,41	
6,54	-0,42	
6,545	-0,43	
6,55	-0,45	
6,555	-0,47	
6,56	-0,49	
6,565	-0,52	
6,57	-0,56	
6,575	-0,57	
6,58	-0,59	
6,585	-0,6	
6,59	-0,61	
6,595	-0,62	
6,6	-0,65	
6,605	-0,67	
6,61	-0,69	
6,615	-0,71	
6,62	-0,73	
6,625	-0,74	
6,63	-0,74	
6,635	-0,76	
6,64	-0,77	
6,645	-0,8	
6,65	-0,82	
6,655	-0,84	
6,66	-0,85	
6,665	-0,86	
6,67	-0,86	
6,675	-0,87	
6,68	-0,88	
6,685	-0,89	
6,69	-0,91	
6,695	-0,92	
6,7	-0,94	
6,705	-0,94	
6,71	-0,94	
6,715	-0,94	
6,72	-0,95	
6,725	-0,96	
6,73	-0,97	
6,735	-0,98	
6,74	-0,99	
6,745	-0,99	
6,75	-0,99	
6,755	-0,98	
6,76	-0,98	
6,765	-0,99	
6,77	-0,99	
6,775	-1	
6,78	-1	
6,785	-1	
6,79	-0,99	
6,795	-0,99	
6,8	-0,98	
6,805	-0,97	
6,81	-0,98	
6,815	-0,98	
6,82	-0,98	
6,825	-0,97	
6,83	-0,96	
6,835	-0,95	
6,84	-0,94	
6,845	-0,92	
6,85	-0,92	
6,855	-0,92	
6,86	-0,92	
6,865	-0,91	
6,87	-0,89	
6,875	-0,88	
6,88	-0,86	
6,885	-0,85	
6,89	-0,83	
6,895	-0,82	
6,9	-0,81	
6,905	-0,8	
6,91	-0,78	
6,915	-0,76	
6,92	-0,75	
6,925	-0,73	
6,93	-0,71	
6,935	-0,69	
6,94	-0,68	
6,945	-0,66	
6,95	-0,64	
6,955	-0,62	
6,96	-0,6	
6,965	-0,58	
6,97	-0,56	
6,975	-0,55	
6,98	-0,52	
6,985	-0,5	
6,99	-0,48	
6,995	-0,45	
7,0	-0,43	
7,005	-0,41	
7,01	-0,39	
7,015	-0,37	
7,02	-0,35	
7,025	-0,32	
7,03	-0,29	
7,035	-0,27	
7,04	-0,24	
7,045	-0,21	
7,05	-0,19	
7,055	-0,17	
7,06	-0,16	
7,065	-0,14	
7,07	-0,12	
7,075	-0,08	
7,08	-0,05	
7,085	-0,02	
7,09	0,01	
7,095	0,03	
7,1	0,05	
7,105	0,06	
7,11	0,08	
7,115	0,11	
7,12	0,15	
7,125	0,18	
7,13	0,21	
7,135	0,23	
7,14	0,25	
7,145	0,27	
7,15	0,28	
7,155	0,31	
7,16	0,33	
7,165	0,37	
7,17	0,4	
7,175	0,42	
7,18	0,44	
7,185	0,46	
7,19	0,47	
7,195	0,49	
7,2	0,51	
7,205	0,54	
7,21	0,57	
7,215	0,6	
7,22	0,61	
7,225	0,63	
7,23	0,65	
7,235	0,66	
7,24	0,68	
7,245	0,7	
7,25	0,73	
7,255	0,75	
7,26	0,77	
7,265	0,78	
7,27	0,79	
7,275	0,8	
7,28	0,82	
7,285	0,83	
7,29	0,85	
7,295	0,87	
7,3	0,89	
7,305	0,9	
7,31	0,9	
7,315	0,91	
7,32	0,92	
7,325	0,93	
7,33	0,95	
7,335	0,96	
7,34	0,97	
7,345	0,98	
7,35	0,98	
7,355	0,98	
7,36	0,99	
7,365	0,99	
7,37	1	
7,375	1,01	
7,38	1,02	
7,385	1,02	
7,39	1,02	
7,395	1,02	
7,4	1,02	
7,405	1,03	
7,41	1,03	
7,415	1,03	
7,42	1,03	
7,425	1,03	
7,43	1,02	
7,435	1,01	
7,44	1,01	
7,445	1,01	
7,45	1	
7,455	1	
7,46	0,99	
7,465	0,99	
7,47	0,98	
7,475	0,97	
7,48	0,95	
7,485	0,95	
7,49	0,94	
7,495	0,93	
7,5	0,92	
7,505	0,91	
7,51	0,9	
7,515	0,88	
7,52	0,87	
7,525	0,85	
7,53	0,83	
7,535	0,83	
7,54	0,81	
7,545	0,8	
7,55	0,78	
7,555	0,76	
7,56	0,74	
7,565	0,72	
7,57	0,71	
7,575	0,68	
7,58	0,67	
7,585	0,65	
7,59	0,64	
7,595	0,61	
7,6	0,59	
7,605	0,57	
7,61	0,55	
7,615	0,53	
7,62	0,51	
7,625	0,49	
7,63	0,46	
7,635	0,44	
7,64	0,41	
7,645	0,38	
7,65	0,36	
7,655	0,34	
7,66	0,32	
7,665	0,29	
7,67	0,27	
7,675	0,24	
7,68	0,22	
7,685	0,19	
7,69	0,17	
7,695	0,14	
7,7	0,12	
7,705	0,11	
7,71	0,07	
7,715	0,05	
7,72	0,02	
7,725	-0,01	
7,73	-0,04	
7,735	-0,06	
7,74	-0,09	
7,745	-0,11	
7,75	-0,13	
7,755	-0,16	
7,76	-0,19	
7,765	-0,22	
7,77	-0,24	
7,775	-0,27	
7,78	-0,29	
7,785	-0,31	
7,79	-0,33	
7,795	-0,35	
7,8	-0,38	
7,805	-0,41	
7,81	-0,43	
7,815	-0,46	
7,82	-0,48	
7,825	-0,5	
7,83	-0,51	
7,835	-0,53	
7,84	-0,55	
7,845	-0,59	
7,85	-0,61	
7,855	-0,63	
7,86	-0,65	
7,865	-0,67	
7,87	-0,68	
7,875	-0,69	
7,88	-0,71	
7,885	-0,73	
7,89	-0,76	
7,895	-0,77	
7,9	-0,79	
7,905	-0,8	
7,91	-0,82	
7,915	-0,83	
7,92	-0,84	
7,925	-0,86	
7,93	-0,87	
7,935	-0,89	
7,94	-0,9	
7,945	-0,91	
7,95	-0,93	
7,955	-0,94	
7,96	-0,94	
7,965	-0,95	
7,97	-0,96	
7,975	-0,97	
7,98	-0,98	
7,985	-0,99	
7,99	-0,99	
7,995	-1	
8,0	-1	
8,005	-1	
8,01	-1,01	
8,015	-1,02	
8,02	-1,02	
8,025	-1,02	
8,03	-1,02	
8,035	-1,02	
8,04	-1,02	
8,045	-1,02	
8,05	-1,03	
8,055	-1,03	
8,06	-1,03	
8,065	-1,02	
8,07	-1,02	
8,075	-1,01	
8,08	-1	
8,085	-1	
8,09	-1	
8,095	-0,99	
8,1	-0,99	
8,105	-0,98	
8,11	-0,97	
8,115	-0,96	
8,12	-0,94	
8,125	-0,93	
8,13	-0,92	
8,135	-0,91	
8,14	-0,91	
8,145	-0,9	
8,15	-0,88	
8,155	-0,87	
8,16	-0,85	
8,165	-0,83	
8,17	-0,82	
8,175	-0,81	
8,18	-0,8	
8,185	-0,78	
8,19	-0,76	
8,195	-0,74	
8,2	-0,72	
8,205	-0,7	
8,21	-0,68	
8,215	-0,66	
8,22	-0,65	
8,225	-0,63	
8,23	-0,62	
8,235	-0,59	
8,24	-0,57	
8,245	-0,55	
8,25	-0,52	
8,255	-0,49	
8,26	-0,48	
8,265	-0,46	
8,27	-0,44	
8,275	-0,42	
8,28	-0,39	
8,285	-0,37	
8,29	-0,34	
8,295	-0,32	
8,3	-0,29	
8,305	-0,27	
8,31	-0,25	
8,315	-0,22	
8,32	-0,2	
8,325	-0,17	
8,33	-0,15	
8,335	-0,13	
8,34	-0,11	
8,345	-0,08	
8,35	-0,05	
8,355	-0,03	
8,36	0	
8,365	0,02	
8,37	0,05	
8,375	0,07	
8,38	0,1	
8,385	0,12	
8,39	0,15	
8,395	0,18	
8,4	0,2	
8,405	0,22	
8,41	0,25	
8,415	0,27	
8,42	0,29	
8,425	0,31	
8,43	0,33	
8,435	0,35	
8,44	0,38	
8,445	0,41	
8,45	0,43	
8,455	0,45	
8,46	0,47	
8,465	0,49	
8,47	0,51	
8,475	0,53	
8,48	0,54	
8,485	0,58	
8,49	0,6	
8,495	0,61	
8,5	0,63	
8,505	0,65	
8,51	0,66	
8,515	0,68	
8,52	0,7	
8,525	0,72	
8,53	0,74	
8,535	0,75	
8,54	0,76	
8,545	0,77	
8,55	0,79	
8,555	0,8	
8,56	0,82	
8,565	0,83	
8,57	0,85	
8,575	0,86	
8,58	0,87	
8,585	0,88	
8,59	0,89	
8,595	0,9	
8,6	0,91	
8,605	0,92	
8,61	0,92	
8,615	0,93	
8,62	0,94	
8,625	0,95	
8,63	0,95	
8,635	0,95	
8,64	0,95	
8,645	0,96	
8,65	0,96	
8,655	0,97	
8,66	0,97	
8,665	0,97	
8,67	0,97	
8,675	0,97	
8,68	0,97	
8,685	0,96	
8,69	0,96	
8,695	0,97	
8,7	0,96	
8,705	0,96	
8,71	0,96	
8,715	0,95	
8,72	0,94	
8,725	0,94	
8,73	0,93	
8,735	0,92	
8,74	0,92	
8,745	0,91	
8,75	0,9	
8,755	0,89	
8,76	0,88	
8,765	0,87	
8,77	0,86	
8,775	0,85	
8,78	0,84	
8,785	0,83	
8,79	0,82	
8,795	0,8	
8,8	0,78	
8,805	0,77	
8,81	0,75	
8,815	0,74	
8,82	0,73	
8,825	0,71	
8,83	0,7	
8,835	0,68	
8,84	0,67	
8,845	0,64	
8,85	0,62	
8,855	0,61	
8,86	0,59	
8,865	0,57	
8,87	0,56	
8,875	0,54	
8,88	0,52	
8,885	0,5	
8,89	0,48	
8,895	0,45	
8,9	0,43	
8,905	0,41	
8,91	0,4	
8,915	0,37	
8,92	0,35	
8,925	0,33	
8,93	0,31	
8,935	0,29	
8,94	0,26	
8,945	0,24	
8,95	0,22	
8,955	0,2	
8,96	0,18	
8,965	0,15	
8,97	0,13	
8,975	0,11	
8,98	0,09	
8,985	0,05	
8,99	0,03	
8,995	0,01	
9,0	-0,01	
9,005	-0,03	
9,01	-0,05	
9,015	-0,07	
9,02	-0,09	
9,025	-0,11	
9,03	-0,15	
9,035	-0,17	
9,04	-0,19	
9,045	-0,21	
9,05	-0,23	
9,055	-0,25	
9,06	-0,27	
9,065	-0,29	
9,07	-0,31	
9,075	-0,34	
9,08	-0,36	
9,085	-0,39	
9,09	-0,4	
9,095	-0,42	
9,1	-0,44	
9,105	-0,46	
9,11	-0,47	
9,115	-0,49	
9,12	-0,52	
9,125	-0,53	
9,13	-0,55	
9,135	-0,57	
9,14	-0,59	
9,145	-0,6	
9,15	-0,61	
9,155	-0,62	
9,16	-0,64	
9,165	-0,66	
9,17	-0,68	
9,175	-0,69	
9,18	-0,71	
9,185	-0,72	
9,19	-0,73	
9,195	-0,74	
9,2	-0,75	
9,205	-0,76	
9,21	-0,77	
9,215	-0,78	
9,22	-0,79	
9,225	-0,8	
9,23	-0,81	
9,235	-0,82	
9,24	-0,83	
9,245	-0,83	
9,25	-0,84	
9,255	-0,85	
9,26	-0,85	
9,265	-0,86	
9,27	-0,86	
9,275	-0,86	
9,28	-0,87	
9,285	-0,87	
9,29	-0,88	
9,295	-0,88	
9,3	-0,88	
9,305	-0,89	
9,31	-0,88	
9,315	-0,88	
9,32	-0,88	
9,325	-0,88	
9,33	-0,88	
9,335	-0,88	
9,34	-0,88	
9,345	-0,88	
9,35	-0,87	
9,355	-0,87	
9,36	-0,86	
9,365	-0,85	
9,37	-0,85	
9,375	-0,85	
9,38	-0,84	
9,385	-0,83	
9,39	-0,83	
9,395	-0,82	
9,4	-0,81	
9,405	-0,8	
9,41	-0,79	
9,415	-0,78	
9,42	-0,77	
9,425	-0,76	
9,43	-0,75	
9,435	-0,74	
9,44	-0,72	
9,445	-0,71	
9,45	-0,7	
9,455	-0,69	
9,46	-0,68	
9,465	-0,67	
9,47	-0,65	
9,475	-0,64	
9,48	-0,62	
9,485	-0,6	
9,49	-0,58	
9,495	-0,57	
9,5	-0,56	
9,505	-0,54	
9,51	-0,53	
9,515	-0,51	
9,52	-0,5	
9,525	-0,48	
9,53	-0,45	
9,535	-0,43	
9,54	-0,42	
9,545	-0,4	
9,55	-0,39	
9,555	-0,37	
9,56	-0,35	
9,565	-0,33	
9,57	-0,31	
9,575	-0,28	
9,58	-0,26	
9,585	-0,24	
9,59	-0,23	
9,595	-0,21	
9,6	-0,19	
9,605	-0,17	
9,61	-0,16	
9,615	-0,14	
9,62	-0,11	
9,625	-0,09	
9,63	-0,07	
9,635	-0,05	
9,64	-0,03	
9,645	-0,01	
9,65	0,01	
9,655	0,03	
9,66	0,05	
9,665	0,07	
9,67	0,09	
9,675	0,11	
9,68	0,13	
9,685	0,15	
9,69	0,17	
9,695	0,19	
9,7	0,2	
9,705	0,22	
9,71	0,24	
9,715	0,26	
9,72	0,28	
9,725	0,3	
9,73	0,32	
9,735	0,33	
9,74	0,35	
9,745	0,36	
9,75	0,38	
9,755	0,4	
9,76	0,42	
9,765	0,43	
9,77	0,45	
9,775	0,46	
9,78	0,48	
9,785	0,49	
9,79	0,51	
9,795	0,52	
9,8	0,53	
9,805	0,55	
9,81	0,56	
9,815	0,57	
9,82	0,59	
9,825	0,6	
9,83	0,61	
9,835	0,62	
9,84	0,63	
9,845	0,64	
9,85	0,65	
9,855	0,67	
9,86	0,68	
9,865	0,69	
9,87	0,69	
9,875	0,7	
9,88	0,71	
9,885	0,72	
9,89	0,72	
9,895	0,73	
9,9	0,74	
9,905	0,74	
9,91	0,75	
9,915	0,75	
9,92	0,75	
9,925	0,75	
9,93	0,76	
9,935	0,76	
9,94	0,77	
9,945	0,77	
9,95	0,77	
9,955	0,77	
9,96	0,77	
9,965	0,77	
9,97	0,77	
9,975	0,77	
9,98	0,77	
9,985	0,77	
9,99	0,77	
9,995	0,77	
10,0	0,76	
10,005	0,76	
10,01	0,75	
10,015	0,75	
10,02	0,75	
10,025	0,75	
10,03	0,74	
10,035	0,73	
10,04	0,73	
10,045	0,72	
10,05	0,71	
10,055	0,7	
10,06	0,7	
10,065	0,69	
10,07	0,68	
10,075	0,67	
10,08	0,66	
10,085	0,65	
10,09	0,64	
10,095	0,63	
10,1	0,63	
10,105	0,62	
10,11	0,61	
10,115	0,59	
10,12	0,57	
10,125	0,56	
10,13	0,55	
10,135	0,54	
10,14	0,53	
10,145	0,52	
10,15	0,51	
10,155	0,5	
10,16	0,48	
10,165	0,46	
10,17	0,44	
10,175	0,43	
10,18	0,42	
10,185	0,41	
10,19	0,4	
10,195	0,38	
10,2	0,37	
10,205	0,35	
10,21	0,32	
10,215	0,31	
10,22	0,3	
10,225	0,28	
10,23	0,27	
10,235	0,25	
10,24	0,24	
10,245	0,22	
10,25	0,2	
10,255	0,18	
10,26	0,16	
10,265	0,15	
10,27	0,13	
10,275	0,12	
10,28	0,1	
10,285	0,08	
10,29	0,07	
10,295	0,05	
10,3	0,04	
10,305	0,02	
10,31	0	
10,315	-0,02	
10,32	-0,04	
10,325	-0,06	
10,33	-0,07	
10,335	-0,09	
10,34	-0,1	
10,345	-0,12	
10,35	-0,14	
10,355	-0,15	
10,36	-0,17	
10,365	-0,19	
10,37	-0,2	
10,375	-0,22	
10,38	-0,24	
10,385	-0,25	
10,39	-0,26	
10,395	-0,27	
10,4	-0,29	
10,405	-0,3	
10,41	-0,32	
10,415	-0,34	
10,42	-0,35	
10,425	-0,37	
10,43	-0,37	
10,435	-0,38	
10,44	-0,4	
10,445	-0,41	
10,45	-0,43	
10,455	-0,44	
10,46	-0,46	
10,465	-0,47	
10,47	-0,48	
10,475	-0,49	
10,48	-0,49	
10,485	-0,51	
10,49	-0,52	
10,495	-0,53	
10,5	-0,54	
10,505	-0,55	
10,51	-0,56	
10,515	-0,57	
10,52	-0,57	
10,525	-0,58	
10,53	-0,59	
10,535	-0,6	
10,54	-0,61	
10,545	-0,62	
10,55	-0,62	
10,555	-0,62	
10,56	-0,63	
10,565	-0,64	
10,57	-0,65	
10,575	-0,65	
10,58	-0,66	
10,585	-0,66	
10,59	-0,66	
10,595	-0,67	
10,6	-0,67	
10,605	-0,67	
10,61	-0,67	
10,615	-0,68	
10,62	-0,69	
10,625	-0,69	
10,63	-0,69	
10,635	-0,68	
10,64	-0,68	
10,645	-0,68	
10,65	-0,68	
10,655	-0,68	
10,66	-0,68	
10,665	-0,68	
10,67	-0,68	
10,675	-0,68	
10,68	-0,67	
10,685	-0,67	
10,69	-0,67	
10,695	-0,66	
10,7	-0,66	
10,705	-0,66	
10,71	-0,65	
10,715	-0,64	
10,72	-0,64	
10,725	-0,63	
10,73	-0,62	
10,735	-0,62	
10,74	-0,62	
10,745	-0,61	
10,75	-0,6	
10,755	-0,6	
10,76	-0,58	
10,765	-0,57	
10,77	-0,57	
10,775	-0,56	
10,78	-0,55	
10,785	-0,55	
10,79	-0,54	
10,795	-0,53	
10,8	-0,52	
10,805	-0,5	
10,81	-0,49	
10,815	-0,48	
10,82	-0,47	
10,825	-0,46	
10,83	-0,45	
10,835	-0,44	
10,84	-0,43	
10,845	-0,41	
10,85	-0,4	
10,855	-0,38	
10,86	-0,38	
10,865	-0,36	
10,87	-0,35	
10,875	-0,34	
10,88	-0,33	
10,885	-0,31	
10,89	-0,3	
10,895	-0,28	
10,9	-0,27	
10,905	-0,26	
10,91	-0,25	
10,915	-0,23	
10,92	-0,22	
10,925	-0,2	
10,93	-0,19	
10,935	-0,17	
10,94	-0,15	
10,945	-0,14	
10,95	-0,13	
10,955	-0,11	
10,96	-0,1	
10,965	-0,08	
10,97	-0,07	
10,975	-0,06	
10,98	-0,04	
10,985	-0,02	
10,99	-0,01	
10,995	0,01	
11,0	0,02	
11,005	0,04	
11,01	0,05	
11,015	0,06	
11,02	0,08	
11,025	0,09	
11,03	0,11	
11,035	0,13	
11,04	0,14	
11,045	0,16	
11,05	0,17	
11,055	0,19	
11,06	0,2	
11,065	0,21	
11,07	0,22	
11,075	0,2	
11,08	0,25	
11,085	0,27	
11,09	0,28	
11,095	0,3	
11,1	0,31	
11,105	0,32	
11,11	0,33	
11,115	0,34	
11,12	0,35	
11,125	0,37	
11,13	0,38	
11,135	0,4	
11,14	0,41	
11,145	0,42	
11,15	0,43	
11,155	0,44	
11,16	0,45	
11,165	0,46	
11,17	0,47	
11,175	0,48	
11,18	0,49	
11,185	0,5	
11,19	0,51	
11,195	0,52	
11,2	0,52	
11,205	0,53	
11,21	0,54	
11,215	0,55	
11,22	0,56	
11,225	0,57	
11,23	0,58	
11,235	0,58	
11,24	0,59	
11,245	0,59	
11,25	0,6	
11,255	0,6	
11,26	0,61	
11,265	0,62	
11,27	0,62	
11,275	0,62	
11,28	0,63	
11,285	0,63	
11,29	0,63	
11,295	0,63	
11,3	0,64	
11,305	0,64	
11,31	0,65	
11,315	0,65	
11,32	0,65	
11,325	0,65	
11,33	0,65	
11,335	0,65	
11,34	0,65	
11,345	0,65	
11,35	0,65	
11,355	0,65	
11,36	0,65	
11,365	0,64	
11,37	0,64	
11,375	0,64	
11,38	0,64	
11,385	0,63	
11,39	0,63	
11,395	0,63	
11,4	0,63	
11,405	0,62	
11,41	0,62	
11,415	0,61	
11,42	0,61	
11,425	0,6	
11,43	0,6	
11,435	0,59	
11,44	0,58	
11,445	0,57	
11,45	0,57	
11,455	0,56	
11,46	0,55	
11,465	0,54	
11,47	0,54	
11,475	0,53	
11,48	0,53	
11,485	0,52	
11,49	0,51	
11,495	0,49	
11,5	0,49	
11,505	0,47	
11,51	0,47	
11,515	0,46	
11,52	0,45	
11,525	0,44	
11,53	0,42	
11,535	0,41	
11,54	0,4	
11,545	0,39	
11,55	0,37	
11,555	0,36	
11,56	0,35	
11,565	0,34	
11,57	0,32	
11,575	0,31	
11,58	0,29	
11,585	0,28	
11,59	0,27	
11,595	0,26	
11,6	0,25	
11,605	0,23	
11,61	0,22	
11,615	0,2	
11,62	0,19	
11,625	0,17	
11,63	0,16	
11,635	0,15	
11,64	0,13	
11,645	0,12	
11,65	0,1	
11,655	0,09	
11,66	0,07	
11,665	0,05	
11,67	0,04	
11,675	0,02	
11,68	0,01	
11,685	-0,01	
11,69	-0,02	
11,695	-0,04	
11,7	-0,05	
11,705	-0,07	
11,71	-0,08	
11,715	-0,11	
11,72	-0,12	
11,725	-0,13	
11,73	-0,15	
11,735	-0,16	
11,74	-0,18	
11,745	-0,2	
11,75	-0,21	
11,755	-0,22	
11,76	-0,24	
11,765	-0,25	
11,77	-0,27	
11,775	-0,28	
11,78	-0,3	
11,785	-0,31	
11,79	-0,33	
11,795	-0,34	
11,8	-0,35	
11,805	-0,37	
11,81	-0,38	
11,815	-0,39	
11,82	-0,4	
11,825	-0,42	
11,83	-0,43	
11,835	-0,44	
11,84	-0,45	
11,845	-0,46	
11,85	-0,48	
11,855	-0,49	
11,86	-0,5	
11,865	-0,51	
11,87	-0,52	
11,875	-0,53	
11,88	-0,54	
11,885	-0,55	
11,89	-0,55	
11,895	-0,57	
11,9	-0,58	
11,905	-0,59	
11,91	-0,6	
11,915	-0,61	
11,92	-0,62	
11,925	-0,62	
11,93	-0,62	
11,935	-0,63	
11,94	-0,64	
11,945	-0,65	
11,95	-0,66	
11,955	-0,66	
11,96	-0,67	
11,965	-0,67	
11,97	-0,67	
11,975	-0,67	
11,98	-0,68	
11,985	-0,69	
11,99	-0,69	
11,995	-0,7	
12,0	-0,7	
12,005	-0,7	
12,01	-0,7	
12,015	-0,7	
12,02	-0,71	
12,025	-0,7	
12,03	-0,71	
12,035	-0,71	
12,04	-0,71	
12,045	-0,71	
12,05	-0,7	
12,055	-0,7	
12,06	-0,7	
12,065	-0,7	
12,07	-0,69	
12,075	-0,69	
12,08	-0,69	
12,085	-0,68	
12,09	-0,68	
12,095	-0,67	
12,1	-0,67	
12,105	-0,67	
12,11	-0,66	
12,115	-0,66	
12,12	-0,65	
12,125	-0,64	
12,13	-0,63	
12,135	-0,62	
12,14	-0,61	
12,145	-0,61	
12,15	-0,6	
12,155	-0,59	
12,16	-0,59	
12,165	-0,58	
12,17	-0,56	
12,175	-0,55	
12,18	-0,54	
12,185	-0,53	
12,19	-0,51	
12,195	-0,5	
12,2	-0,49	
12,205	-0,48	
12,21	-0,47	
12,215	-0,45	
12,22	-0,44	
12,225	-0,42	
12,23	-0,41	
12,235	-0,4	
12,24	-0,39	
12,245	-0,38	
12,25	-0,37	
12,255	-0,35	
12,26	-0,33	
12,265	-0,31	
12,27	-0,3	
12,275	-0,28	
12,28	-0,27	
12,285	-0,25	
12,29	-0,24	
12,295	-0,22	
12,3	-0,2	
12,305	-0,18	
12,31	-0,16	
12,315	-0,15	
12,32	-0,13	
12,325	-0,12	
12,33	-0,11	
12,335	-0,09	
12,34	-0,07	
12,345	-0,05	
12,35	-0,02	
12,355	-0,01	
12,36	0,01	
12,365	0,02	
12,37	0,04	
12,375	0,05	
12,38	0,08	
12,385	0,1	
12,39	0,11	
12,395	0,14	
12,4	0,15	
12,405	0,16	
12,41	0,18	
12,415	0,19	
12,42	0,21	
12,425	0,23	
12,43	0,25	
12,435	0,27	
12,44	0,29	
12,445	0,31	
12,45	0,32	
12,455	0,34	
12,46	0,36	
12,465	0,37	
12,47	0,39	
12,475	0,4	
12,48	0,42	
12,485	0,43	
12,49	0,45	
12,495	0,46	
12,5	0,48	
12,505	0,49	
12,51	0,51	
12,515	0,52	
12,52	0,53	
12,525	0,54	
12,53	0,56	
12,535	0,58	
12,54	0,59	
12,545	0,6	
12,55	0,62	
12,555	0,63	
12,56	0,64	
12,565	0,65	
12,57	0,66	
12,575	0,66	
12,58	0,68	
12,585	0,69	
12,59	0,7	
12,595	0,71	
12,6	0,72	
12,605	0,72	
12,61	0,73	
12,615	0,73	
12,62	0,74	
12,625	0,75	
12,63	0,76	
12,635	0,77	
12,64	0,77	
12,645	0,78	
12,65	0,78	
12,655	0,78	
12,66	0,78	
12,665	0,79	
12,67	0,79	
12,675	0,8	
12,68	0,8	
12,685	0,8	
12,69	0,8	
12,695	0,8	
12,7	0,8	
12,705	0,8	
12,71	0,8	
12,715	0,8	
12,72	0,8	
12,725	0,79	
12,73	0,8	
12,735	0,79	
12,74	0,79	
12,745	0,78	
12,75	0,78	
12,755	0,77	
12,76	0,76	
12,765	0,76	
12,77	0,75	
12,775	0,74	
12,78	0,74	
12,785	0,73	
12,79	0,72	
12,795	0,71	
12,8	0,7	
12,805	0,69	
12,81	0,68	
12,815	0,67	
12,82	0,66	
12,825	0,65	
12,83	0,64	
12,835	0,63	
12,84	0,62	
12,845	0,61	
12,85	0,59	
12,855	0,57	
12,86	0,56	
12,865	0,55	
12,87	0,53	
12,875	0,52	
12,88	0,51	
12,885	0,49	
12,89	0,48	
12,895	0,45	
12,9	0,44	
12,905	0,42	
12,91	0,4	
12,915	0,39	
12,92	0,37	
12,925	0,35	
12,93	0,34	
12,935	0,32	
12,94	0,3	
12,945	0,28	
12,95	0,26	
12,955	0,24	
12,96	0,22	
12,965	0,21	
12,97	0,19	
12,975	0,17	
12,98	0,15	
12,985	0,13	
12,99	0,1	
12,995	0,08	
13,0	0,06	
13,005	0,04	
13,01	0,02	
13,015	0	
13,02	-0,02	
13,025	-0,04	
13,03	-0,06	
13,035	-0,09	
13,04	-0,1	
13,045	-0,12	
13,05	-0,14	
13,055	-0,16	
13,06	-0,18	
13,065	-0,21	
13,07	-0,23	
13,075	-0,24	
13,08	-0,27	
13,085	-0,29	
13,09	-0,31	
13,095	-0,33	
13,1	-0,35	
13,105	-0,37	
13,11	-0,38	
13,115	-0,4	
13,12	-0,42	
13,125	-0,45	
13,13	-0,46	
13,135	-0,48	
13,14	-0,49	
13,145	-0,51	
13,15	-0,53	
13,155	-0,55	
13,16	-0,56	
13,165	-0,58	
13,17	-0,6	
13,175	-0,61	
13,18	-0,63	
13,185	-0,64	
13,19	-0,66	
13,195	-0,67	
13,2	-0,68	
13,205	-0,69	
13,21	-0,71	
13,215	-0,73	
13,22	-0,74	
13,225	-0,76	
13,23	-0,77	
13,235	-0,77	
13,24	-0,78	
13,245	-0,79	
13,25	-0,8	
13,255	-0,81	
13,26	-0,82	
13,265	-0,83	
13,27	-0,84	
13,275	-0,85	
13,28	-0,86	
13,285	-0,86	
13,29	-0,87	
13,295	-0,87	
13,3	-0,87	
13,305	-0,88	
13,31	-0,89	
13,315	-0,89	
13,32	-0,89	
13,325	-0,9	
13,33	-0,9	
13,335	-0,9	
13,34	-0,9	
13,345	-0,9	
13,35	-0,9	
13,355	-0,9	
13,36	-0,9	
13,365	-0,89	
13,37	-0,89	
13,375	-0,89	
13,38	-0,88	
13,385	-0,88	
13,39	-0,88	
13,395	-0,88	
13,4	-0,87	
13,405	-0,87	
13,41	-0,86	
13,415	-0,85	
13,42	-0,84	
13,425	-0,84	
13,43	-0,83	
13,435	-0,82	
13,44	-0,81	
13,445	-0,79	
13,45	-0,78	
13,455	-0,77	
13,46	-0,76	
13,465	-0,75	
13,47	-0,73	
13,475	-0,72	
13,48	-0,71	
13,485	-0,7	
13,49	-0,68	
13,495	-0,67	
13,5	-0,65	
13,505	-0,63	
13,51	-0,62	
13,515	-0,6	
13,52	-0,59	
13,525	-0,57	
13,53	-0,55	
13,535	-0,52	
13,54	-0,51	
13,545	-0,49	
13,55	-0,47	
13,555	-0,46	
13,56	-0,44	
13,565	-0,42	
13,57	-0,4	
13,575	-0,38	
13,58	-0,35	
13,585	-0,33	
13,59	-0,31	
13,595	-0,29	
13,6	-0,27	
13,605	-0,25	
13,61	-0,23	
13,615	-0,21	
13,62	-0,19	
13,625	-0,15	
13,63	-0,14	
13,635	-0,11	
13,64	-0,09	
13,645	-0,07	
13,65	-0,05	
13,655	-0,02	
13,66	0	
13,665	0,02	
13,67	0,05	
13,675	0,07	
13,68	0,09	
13,685	0,12	
13,69	0,14	
13,695	0,16	
13,7	0,19	
13,705	0,21	
13,71	0,23	
13,715	0,26	
13,72	0,28	
13,725	0,3	
13,73	0,32	
13,735	0,34	
13,74	0,37	
13,745	0,38	
13,75	0,4	
13,755	0,43	
13,76	0,45	
13,765	0,47	
13,77	0,49	
13,775	0,51	
13,78	0,53	
13,785	0,55	
13,79	0,57	
13,795	0,59	
13,8	0,61	
13,805	0,63	
13,81	0,65	
13,815	0,66	
13,82	0,68	
13,825	0,69	
13,83	0,71	
13,835	0,72	
13,84	0,74	
13,845	0,75	
13,85	0,77	
13,855	0,79	
13,86	0,8	
13,865	0,82	
13,87	0,83	
13,875	0,84	
13,88	0,85	
13,885	0,86	
13,89	0,87	
13,895	0,88	
13,9	0,9	
13,905	0,9	
13,91	0,91	
13,915	0,92	
13,92	0,93	
13,925	0,93	
13,93	0,94	
13,935	0,94	
13,94	0,95	
13,945	0,96	
13,95	0,96	
13,955	0,97	
13,96	0,97	
13,965	0,97	
13,97	0,97	
13,975	0,97	
13,98	0,97	
13,985	0,97	
13,99	0,97	
13,995	0,97	
14,0	0,97	
14,005	0,97	
14,01	0,96	
14,015	0,96	
14,02	0,96	
14,025	0,95	
14,03	0,95	
14,035	0,94	
14,04	0,94	
14,045	0,93	
14,05	0,92	
14,055	0,91	
14,06	0,9	
14,065	0,89	
14,07	0,88	
14,075	0,87	
14,08	0,86	
14,085	0,85	
14,09	0,83	
14,095	0,82	
14,1	0,81	
14,105	0,8	
14,11	0,79	
14,115	0,77	
14,12	0,76	
14,125	0,74	
14,13	0,72	
14,135	0,7	
14,14	0,69	
14,145	0,67	
14,15	0,66	
14,155	0,64	
14,16	0,62	
14,165	0,6	
14,17	0,58	
14,175	0,56	
14,18	0,54	
14,185	0,52	
14,19	0,5	
14,195	0,48	
14,2	0,46	
14,205	0,44	
14,21	0,42	
14,215	0,38	
14,22	0,36	
14,225	0,33	
14,23	0,31	
14,235	0,3	
14,24	0,28	
14,245	0,26	
14,25	0,24	
14,255	0,21	
14,26	0,18	
14,265	0,15	
14,27	0,13	
14,275	0,11	
14,28	0,09	
14,285	0,06	
14,29	0,04	
14,295	0,01	
14,3	-0,01	
14,305	-0,03	
14,31	-0,07	
14,315	-0,1	
14,32	-0,12	
14,325	-0,14	
14,33	-0,16	
14,335	-0,19	
14,34	-0,21	
14,345	-0,23	
14,35	-0,26	
14,355	-0,29	
14,36	-0,31	
14,365	-0,33	
14,37	-0,35	
14,375	-0,37	
14,38	-0,4	
14,385	-0,42	
14,39	-0,44	
14,395	-0,46	
14,4	-0,49	
14,405	-0,51	
14,41	-0,53	
14,415	-0,55	
14,42	-0,57	
14,425	-0,59	
14,43	-0,61	
14,435	-0,62	
14,44	-0,64	
14,445	-0,67	
14,45	-0,68	
14,455	-0,7	
14,46	-0,72	
14,465	-0,74	
14,47	-0,76	
14,475	-0,77	
14,48	-0,79	
14,485	-0,8	
14,49	-0,82	
14,495	-0,83	
14,5	-0,84	
14,505	-0,86	
14,51	-0,87	
14,515	-0,88	
14,52	-0,89	
14,525	-0,9	
14,53	-0,91	
14,535	-0,93	
14,54	-0,94	
14,545	-0,95	
14,55	-0,95	
14,555	-0,96	
14,56	-0,97	
14,565	-0,97	
14,57	-0,98	
14,575	-0,98	
14,58	-0,99	
14,585	-0,99	
14,59	-1	
14,595	-1	
14,6	-1	
14,605	-1,01	
14,61	-1	
14,615	-1	
14,62	-1	
14,625	-1	
14,63	-1	
14,635	-1	
14,64	-1	
14,645	-1	
14,65	-0,99	
14,655	-0,98	
14,66	-0,98	
14,665	-0,97	
14,67	-0,96	
14,675	-0,96	
14,68	-0,95	
14,685	-0,95	
14,69	-0,94	
14,695	-0,93	
14,7	-0,92	
14,705	-0,91	
14,71	-0,9	
14,715	-0,88	
14,72	-0,87	
14,725	-0,86	
14,73	-0,85	
14,735	-0,83	
14,74	-0,82	
14,745	-0,8	
14,75	-0,79	
14,755	-0,77	
14,76	-0,76	
14,765	-0,74	
14,77	-0,72	
14,775	-0,7	
14,78	-0,68	
14,785	-0,67	
14,79	-0,65	
14,795	-0,64	
14,8	-0,62	
14,805	-0,6	
14,81	-0,57	
14,815	-0,55	
14,82	-0,53	
14,825	-0,51	
14,83	-0,49	
14,835	-0,47	
14,84	-0,45	
14,845	-0,43	
14,85	-0,41	
14,855	-0,37	
14,86	-0,35	
14,865	-0,32	
14,87	-0,3	
14,875	-0,28	
14,88	-0,26	
14,885	-0,24	
14,89	-0,21	
14,895	-0,19	
14,9	-0,15	
14,905	-0,13	
14,91	-0,1	
14,915	-0,08	
14,92	-0,06	
14,925	-0,04	
14,93	-0,01	
14,935	0,01	
14,94	0,04	
14,945	0,07	
14,95	0,09	
14,955	0,11	
14,96	0,14	
14,965	0,16	
14,97	0,18	
14,975	0,21	
14,98	0,23	
14,985	0,26	
14,99	0,29	
14,995	0,31	
15,0	0,33	
15,005	0,36	
15,01	0,38	
15,015	0,4	
15,02	0,42	
15,025	0,44	
15,03	0,46	
15,035	0,49	
15,04	0,51	
15,045	0,54	
15,05	0,56	
15,055	0,58	
15,06	0,6	
15,065	0,61	
15,07	0,63	
15,075	0,65	
15,08	0,67	
15,085	0,69	
15,09	0,7	
15,095	0,72	
15,1	0,74	
15,105	0,75	
15,11	0,77	
15,115	0,78	
15,12	0,8	
15,125	0,81	
15,13	0,82	
15,135	0,84	
15,14	0,85	
15,145	0,86	
15,15	0,88	
15,155	0,89	
15,16	0,9	
15,165	0,91	
15,17	0,92	
15,175	0,93	
15,18	0,94	
15,185	0,94	
15,19	0,95	
15,195	0,96	
15,2	0,96	
15,205	0,97	
15,21	0,97	
15,215	0,98	
15,22	0,98	
15,225	0,98	
15,23	0,99	
15,235	0,99	
15,24	0,99	
15,245	0,99	
15,25	0,99	
15,255	0,99	
15,26	0,99	
15,265	0,99	
15,27	0,99	
15,275	0,98	
15,28	0,98	
15,285	0,97	
15,29	0,97	
15,295	0,96	
15,3	0,95	
15,305	0,94	
15,31	0,94	
15,315	0,93	
15,32	0,93	
15,325	0,92	
15,33	0,9	
15,335	0,89	
15,34	0,88	
15,345	0,87	
15,35	0,86	
15,355	0,85	
15,36	0,84	
15,365	0,82	
15,37	0,81	
15,375	0,79	
15,38	0,78	
15,385	0,76	
15,39	0,75	
15,395	0,74	
15,4	0,72	
15,405	0,7	
15,41	0,69	
15,415	0,67	
15,42	0,65	
15,425	0,63	
15,43	0,61	
15,435	0,59	
15,44	0,58	
15,445	0,55	
15,45	0,53	
15,455	0,51	
15,46	0,49	
15,465	0,47	
15,47	0,45	
15,475	0,43	
15,48	0,41	
15,485	0,39	
15,49	0,36	
15,495	0,33	
15,5	0,31	
15,505	0,29	
15,51	0,27	
15,515	0,25	
15,52	0,23	
15,525	0,21	
15,53	0,18	
15,535	0,15	
15,54	0,12	
15,545	0,1	
15,55	0,08	
15,555	0,06	
15,56	0,04	
15,565	0,02	
15,57	0	
15,575	-0,03	
15,58	-0,07	
15,585	-0,09	
15,59	-0,11	
15,595	-0,13	
15,6	-0,15	
15,605	-0,17	
15,61	-0,2	
15,615	-0,22	
15,62	-0,24	
15,625	-0,28	
15,63	-0,3	
15,635	-0,32	
15,64	-0,34	
15,645	-0,36	
15,65	-0,38	
15,655	-0,4	
15,66	-0,42	
15,665	-0,44	
15,67	-0,46	
15,675	-0,49	
15,68	-0,5	
15,685	-0,52	
15,69	-0,54	
15,695	-0,56	
15,7	-0,58	
15,705	-0,6	
15,71	-0,61	
15,715	-0,63	
15,72	-0,65	
15,725	-0,66	
15,73	-0,68	
15,735	-0,69	
15,74	-0,71	
15,745	-0,72	
15,75	-0,74	
15,755	-0,75	
15,76	-0,77	
15,765	-0,78	
15,77	-0,79	
15,775	-0,8	
15,78	-0,82	
15,785	-0,83	
15,79	-0,84	
15,795	-0,85	
15,8	-0,85	
15,805	-0,86	
15,81	-0,87	
15,815	-0,88	
15,82	-0,88	
15,825	-0,89	
15,83	-0,9	
15,835	-0,91	
15,84	-0,91	
15,845	-0,92	
15,85	-0,92	
15,855	-0,92	
15,86	-0,92	
15,865	-0,93	
15,87	-0,93	
15,875	-0,93	
15,88	-0,93	
15,885	-0,93	
15,89	-0,93	
15,895	-0,93	
15,9	-0,93	
15,905	-0,92	
15,91	-0,92	
15,915	-0,92	
15,92	-0,92	
15,925	-0,91	
15,93	-0,91	
15,935	-0,9	
15,94	-0,89	
15,945	-0,89	
15,95	-0,88	
15,955	-0,88	
15,96	-0,87	
15,965	-0,86	
15,97	-0,85	
15,975	-0,84	
15,98	-0,83	
15,985	-0,81	
15,99	-0,8	
15,995	-0,79	
16,0	-0,78	
16,005	-0,77	
16,01	-0,75	
16,015	-0,74	
16,02	-0,72	
16,025	-0,71	
16,03	-0,7	
16,035	-0,68	
16,04	-0,67	
16,045	-0,65	
16,05	-0,63	
16,055	-0,61	
16,06	-0,6	
16,065	-0,58	
16,07	-0,57	
16,075	-0,55	
16,08	-0,53	
16,085	-0,51	
16,09	-0,49	
16,095	-0,47	
16,1	-0,45	
16,105	-0,44	
16,11	-0,42	
16,115	-0,4	
16,12	-0,38	
16,125	-0,36	
16,13	-0,33	
16,135	-0,31	
16,14	-0,29	
16,145	-0,27	
16,15	-0,25	
16,155	-0,23	
16,16	-0,22	
16,165	-0,2	
16,17	-0,17	
16,175	-0,14	
16,18	-0,12	
16,185	-0,09	
16,19	-0,07	
16,195	-0,06	
16,2	-0,04	
16,205	-0,02	
16,21	0	
16,215	0,03	
16,22	0,06	
16,225	0,08	
16,23	0,1	
16,235	0,11	
16,24	0,13	
16,245	0,15	
16,25	0,17	
16,255	0,2	
16,26	0,22	
16,265	0,25	
16,27	0,27	
16,275	0,28	
16,28	0,3	
16,285	0,32	
16,29	0,33	
16,295	0,35	
16,3	0,38	
16,305	0,4	
16,31	0,42	
16,315	0,44	
16,32	0,45	
16,325	0,47	
16,33	0,48	
16,335	0,51	
16,34	0,52	
16,345	0,54	
16,35	0,55	
16,355	0,57	
16,36	0,58	
16,365	0,59	
16,37	0,61	
16,375	0,63	
16,38	0,64	
16,385	0,66	
16,39	0,67	
16,395	0,68	
16,4	0,69	
16,405	0,7	
16,41	0,71	
16,415	0,72	
16,42	0,74	
16,425	0,75	
16,43	0,76	
16,435	0,76	
16,44	0,76	
16,445	0,77	
16,45	0,78	
16,455	0,79	
16,46	0,8	
16,465	0,81	
16,47	0,81	
16,475	0,82	
16,48	0,82	
16,485	0,82	
16,49	0,83	
16,495	0,84	
16,5	0,84	
16,505	0,84	
16,51	0,84	
16,515	0,84	
16,52	0,84	
16,525	0,83	
16,53	0,83	
16,535	0,84	
16,54	0,84	
16,545	0,84	
16,55	0,84	
16,555	0,83	
16,56	0,83	
16,565	0,82	
16,57	0,82	
16,575	0,81	
16,58	0,81	
16,585	0,81	
16,59	0,8	
16,595	0,79	
16,6	0,78	
16,605	0,77	
16,61	0,76	
16,615	0,75	
16,62	0,75	
16,625	0,74	
16,63	0,73	
16,635	0,72	
16,64	0,71	
16,645	0,7	
16,65	0,68	
16,655	0,67	
16,66	0,66	
16,665	0,66	
16,67	0,64	
16,675	0,63	
16,68	0,61	
16,685	0,6	
16,69	0,58	
16,695	0,57	
16,7	0,55	
16,705	0,54	
16,71	0,53	
16,715	0,52	
16,72	0,49	
16,725	0,48	
16,73	0,46	
16,735	0,45	
16,74	0,43	
16,745	0,41	
16,75	0,4	
16,755	0,38	
16,76	0,36	
16,765	0,34	
16,77	0,32	
16,775	0,31	
16,78	0,29	
16,785	0,27	
16,79	0,26	
16,795	0,24	
16,8	0,22	
16,805	0,2	
16,81	0,17	
16,815	0,16	
16,82	0,14	
16,825	0,12	
16,83	0,11	
16,835	0,09	
16,84	0,07	
16,845	0,06	
16,85	0,04	
16,855	0,01	
16,86	-0,01	
16,865	-0,03	
16,87	-0,05	
16,875	-0,07	
16,88	-0,08	
16,885	-0,1	
16,89	-0,12	
16,895	-0,13	
16,9	-0,16	
16,905	-0,18	
16,91	-0,19	
16,915	-0,21	
16,92	-0,22	
16,925	-0,24	
16,93	-0,26	
16,935	-0,27	
16,94	-0,29	
16,945	-0,32	
16,95	-0,33	
16,955	-0,35	
16,96	-0,36	
16,965	-0,37	
16,97	-0,39	
16,975	-0,4	
16,98	-0,42	
16,985	-0,43	
16,99	-0,45	
16,995	-0,46	
17,0	-0,48	
17,005	-0,49	
17,01	-0,5	
17,015	-0,52	
17,02	-0,53	
17,025	-0,54	
17,03	-0,55	
17,035	-0,56	
17,04	-0,57	
17,045	-0,59	
17,05	-0,6	
17,055	-0,61	
17,06	-0,62	
17,065	-0,63	
17,07	-0,64	
17,075	-0,64	
17,08	-0,65	
17,085	-0,66	
17,09	-0,66	
17,095	-0,67	
17,1	-0,68	
17,105	-0,69	
17,11	-0,7	
17,115	-0,7	
17,12	-0,7	
17,125	-0,71	
17,13	-0,71	
17,135	-0,71	
17,14	-0,72	
17,145	-0,72	
17,15	-0,73	
17,155	-0,73	
17,16	-0,73	
17,165	-0,73	
17,17	-0,73	
17,175	-0,73	
17,18	-0,73	
17,185	-0,73	
17,19	-0,73	
17,195	-0,73	
17,2	-0,72	
17,205	-0,72	
17,21	-0,72	
17,215	-0,72	
17,22	-0,72	
17,225	-0,72	
17,23	-0,71	
17,235	-0,71	
17,24	-0,71	
17,245	-0,7	
17,25	-0,69	
17,255	-0,69	
17,26	-0,68	
17,265	-0,68	
17,27	-0,67	
17,275	-0,66	
17,28	-0,65	
17,285	-0,64	
17,29	-0,63	
17,295	-0,62	
17,3	-0,62	
17,305	-0,61	
17,31	-0,6	
17,315	-0,6	
17,32	-0,59	
17,325	-0,57	
17,33	-0,56	
17,335	-0,55	
17,34	-0,54	
17,345	-0,53	
17,35	-0,52	
17,355	-0,5	
17,36	-0,49	
17,365	-0,47	
17,37	-0,46	
17,375	-0,45	
17,38	-0,44	
17,385	-0,43	
17,39	-0,42	
17,395	-0,41	
17,4	-0,39	
17,405	-0,37	
17,41	-0,36	
17,415	-0,34	
17,42	-0,33	
17,425	-0,31	
17,43	-0,3	
17,435	-0,29	
17,44	-0,27	
17,445	-0,25	
17,45	-0,23	
17,455	-0,22	
17,46	-0,21	
17,465	-0,19	
17,47	-0,18	
17,475	-0,16	
17,48	-0,15	
17,485	-0,13	
17,49	-0,11	
17,495	-0,09	
17,5	-0,07	
17,505	-0,06	
17,51	-0,05	
17,515	-0,04	
17,52	-0,02	
17,525	0	
17,53	0,01	
17,535	0,03	
17,54	0,05	
17,545	0,07	
17,55	0,08	
17,555	0,09	
17,56	0,11	
17,565	0,12	
17,57	0,14	
17,575	0,15	
17,58	0,17	
17,585	0,19	
17,59	0,21	
17,595	0,22	
17,6	0,23	
17,605	0,24	
17,61	0,26	
17,615	0,27	
17,62	0,29	
17,625	0,3	
17,63	0,32	
17,635	0,33	
17,64	0,34	
17,645	0,35	
17,65	0,37	
17,655	0,38	
17,66	0,39	
17,665	0,41	
17,67	0,41	
17,675	0,43	
17,68	0,44	
17,685	0,45	
17,69	0,46	
17,695	0,48	
17,7	0,49	
17,705	0,5	
17,71	0,5	
17,715	0,51	
17,72	0,52	
17,725	0,53	
17,73	0,54	
17,735	0,55	
17,74	0,56	
17,745	0,57	
17,75	0,57	
17,755	0,58	
17,76	0,58	
17,765	0,59	
17,77	0,6	
17,775	0,6	
17,78	0,61	
17,785	0,62	
17,79	0,62	
17,795	0,62	
17,8	0,63	
17,805	0,63	
17,81	0,64	
17,815	0,64	
17,82	0,64	
17,825	0,65	
17,83	0,65	
17,835	0,65	
17,84	0,65	
17,845	0,65	
17,85	0,65	
17,855	0,65	
17,86	0,65	
17,865	0,65	
17,87	0,65	
17,875	0,65	
17,88	0,65	
17,885	0,65	
17,89	0,64	
17,895	0,64	
17,9	0,64	
17,905	0,64	
17,91	0,63	
17,915	0,63	
17,92	0,62	
17,925	0,62	
17,93	0,62	
17,935	0,62	
17,94	0,61	
17,945	0,61	
17,95	0,6	
17,955	0,59	
17,96	0,58	
17,965	0,57	
17,97	0,57	
17,975	0,56	
17,98	0,56	
17,985	0,56	
17,99	0,55	
17,995	0,54	
18,0	0,53	
18,005	0,51	
18,01	0,51	
18,015	0,5	
18,02	0,49	
18,025	0,48	
18,03	0,47	
18,035	0,46	
18,04	0,44	
18,045	0,43	
18,05	0,42	
18,055	0,41	
18,06	0,4	
18,065	0,4	
18,07	0,39	
18,075	0,37	
18,08	0,36	
18,085	0,34	
18,09	0,33	
18,095	0,32	
18,1	0,31	
18,105	0,3	
18,11	0,29	
18,115	0,28	
18,12	0,26	
18,125	0,24	
18,13	0,22	
18,135	0,21	
18,14	0,2	
18,145	0,19	
18,15	0,17	
18,155	0,16	
18,16	0,15	
18,165	0,13	
18,17	0,12	
18,175	0,1	
18,18	0,08	
18,185	0,07	
18,19	0,06	
18,195	0,05	
18,2	0,03	
18,205	0,02	
18,21	0	
18,215	-0,01	
18,22	-0,03	
18,225	-0,04	
18,23	-0,06	
18,235	-0,07	
18,24	-0,08	
18,245	-0,1	
18,25	-0,12	
18,255	-0,13	
18,26	-0,14	
18,265	-0,16	
18,27	-0,17	
18,275	-0,18	
18,28	-0,2	
18,285	-0,21	
18,29	-0,23	
18,295	-0,24	
18,3	-0,25	
18,305	-0,26	
18,31	-0,28	
18,315	-0,29	
18,32	-0,3	
18,325	-0,31	
18,33	-0,33	
18,335	-0,34	
18,34	-0,36	
18,345	-0,37	
18,35	-0,38	
18,355	-0,39	
18,36	-0,4	
18,365	-0,41	
18,37	-0,42	
18,375	-0,43	
18,38	-0,44	
18,385	-0,45	
18,39	-0,45	
18,395	-0,47	
18,4	-0,47	
18,405	-0,49	
18,41	-0,5	
18,415	-0,51	
18,42	-0,52	
18,425	-0,52	
18,43	-0,53	
18,435	-0,54	
18,44	-0,55	
18,445	-0,55	
18,45	-0,57	
18,455	-0,57	
18,46	-0,58	
18,465	-0,59	
18,47	-0,59	
18,475	-0,59	
18,48	-0,6	
18,485	-0,6	
18,49	-0,61	
18,495	-0,62	
18,5	-0,62	
18,505	-0,62	
18,51	-0,62	
18,515	-0,62	
18,52	-0,62	
18,525	-0,63	
18,53	-0,63	
18,535	-0,64	
18,54	-0,64	
18,545	-0,64	
18,55	-0,64	
18,555	-0,64	
18,56	-0,64	
18,565	-0,63	
18,57	-0,63	
18,575	-0,63	
18,58	-0,63	
18,585	-0,64	
18,59	-0,64	
18,595	-0,63	
18,6	-0,63	
18,605	-0,63	
18,61	-0,62	
18,615	-0,62	
18,62	-0,62	
18,625	-0,61	
18,63	-0,61	
18,635	-0,6	
18,64	-0,6	
18,645	-0,59	
18,65	-0,59	
18,655	-0,58	
18,66	-0,57	
18,665	-0,57	
18,67	-0,56	
18,675	-0,55	
18,68	-0,54	
18,685	-0,53	
18,69	-0,52	
18,695	-0,51	
18,7	-0,51	
18,705	-0,51	
18,71	-0,5	
18,715	-0,49	
18,72	-0,47	
18,725	-0,46	
18,73	-0,45	
18,735	-0,44	
18,74	-0,43	
18,745	-0,42	
18,75	-0,42	
18,755	-0,41	
18,76	-0,4	
18,765	-0,38	
18,77	-0,36	
18,775	-0,35	
18,78	-0,34	
18,785	-0,33	
18,79	-0,32	
18,795	-0,3	
18,8	-0,29	
18,805	-0,28	
18,81	-0,26	
18,815	-0,25	
18,82	-0,23	
18,825	-0,22	
18,83	-0,21	
18,835	-0,2	
18,84	-0,18	
18,845	-0,17	
18,85	-0,15	
18,855	-0,14	
18,86	-0,12	
18,865	-0,11	
18,87	-0,09	
18,875	-0,07	
18,88	-0,06	
18,885	-0,04	
18,89	-0,03	
18,895	-0,01	
18,9	0	
18,905	0,02	
18,91	0,03	
18,915	0,04	
18,92	0,06	
18,925	0,08	
18,93	0,09	
18,935	0,11	
18,94	0,12	
18,945	0,14	
18,95	0,15	
18,955	0,17	
18,96	0,18	
18,965	0,2	
18,97	0,22	
18,975	0,23	
18,98	0,25	
18,985	0,26	
18,99	0,27	
18,995	0,29	
19,0	0,3	
19,005	0,32	
19,01	0,33	
19,015	0,35	
19,02	0,36	
19,025	0,37	
19,03	0,38	
19,035	0,39	
19,04	0,41	
19,045	0,42	
19,05	0,44	
19,055	0,45	
19,06	0,46	
19,065	0,47	
19,07	0,48	
19,075	0,49	
19,08	0,5	
19,085	0,52	
19,09	0,52	
19,095	0,53	
19,1	0,54	
19,105	0,55	
19,11	0,57	
19,115	0,57	
19,12	0,58	
19,125	0,59	
19,13	0,6	
19,135	0,61	
19,14	0,62	
19,145	0,63	
19,15	0,63	
19,155	0,64	
19,16	0,64	
19,165	0,65	
19,17	0,66	
19,175	0,67	
19,18	0,68	
19,185	0,68	
19,19	0,68	
19,195	0,68	
19,2	0,68	
19,205	0,69	
19,21	0,69	
19,215	0,69	
19,22	0,7	
19,225	0,7	
19,23	0,71	
19,235	0,71	
19,24	0,71	
19,245	0,71	
19,25	0,7	
19,255	0,7	
19,26	0,7	
19,265	0,7	
19,27	0,7	
19,275	0,7	
19,28	0,7	
19,285	0,69	
19,29	0,69	
19,295	0,68	
19,3	0,68	
19,305	0,67	
19,31	0,67	
19,315	0,67	
19,32	0,66	
19,325	0,66	
19,33	0,65	
19,335	0,64	
19,34	0,63	
19,345	0,63	
19,35	0,62	
19,355	0,61	
19,36	0,6	
19,365	0,59	
19,37	0,58	
19,375	0,57	
19,38	0,56	
19,385	0,56	
19,39	0,55	
19,395	0,54	
19,4	0,53	
19,405	0,51	
19,41	0,5	
19,415	0,48	
19,42	0,47	
19,425	0,46	
19,43	0,45	
19,435	0,44	
19,44	0,43	
19,445	0,42	
19,45	0,39	
19,455	0,38	
19,46	0,36	
19,465	0,35	
19,47	0,34	
19,475	0,32	
19,48	0,31	
19,485	0,3	
19,49	0,28	
19,495	0,26	
19,5	0,24	
19,505	0,22	
19,51	0,21	
19,515	0,19	
19,52	0,18	
19,525	0,16	
19,53	0,15	
19,535	0,13	
19,54	0,11	
19,545	0,09	
19,55	0,08	
19,555	0,06	
19,56	0,04	
19,565	0,02	
19,57	0	
19,575	-0,01	
19,58	-0,03	
19,585	-0,05	
19,59	-0,07	
19,595	-0,08	
19,6	-0,1	
19,605	-0,12	
19,61	-0,14	
19,615	-0,16	
19,62	-0,18	
19,625	-0,19	
19,63	-0,22	
19,635	-0,23	
19,64	-0,24	
19,645	-0,26	
19,65	-0,28	
19,655	-0,3	
19,66	-0,31	
19,665	-0,33	
19,67	-0,35	
19,675	-0,36	
19,68	-0,38	
19,685	-0,39	
19,69	-0,41	
19,695	-0,42	
19,7	-0,44	
19,705	-0,46	
19,71	-0,47	
19,715	-0,49	
19,72	-0,5	
19,725	-0,52	
19,73	-0,53	
19,735	-0,55	
19,74	-0,56	
19,745	-0,57	
19,75	-0,59	
19,755	-0,6	
19,76	-0,61	
19,765	-0,61	
19,77	-0,63	
19,775	-0,64	
19,78	-0,66	
19,785	-0,67	
19,79	-0,68	
19,795	-0,68	
19,8	-0,69	
19,805	-0,7	
19,81	-0,71	
19,815	-0,72	
19,82	-0,73	
19,825	-0,74	
19,83	-0,75	
19,835	-0,75	
19,84	-0,76	
19,845	-0,76	
19,85	-0,76	
19,855	-0,77	
19,86	-0,78	
19,865	-0,79	
19,87	-0,79	
19,875	-0,8	
19,88	-0,8	
19,885	-0,8	
19,89	-0,8	
19,895	-0,79	
19,9	-0,8	
19,905	-0,8	
19,91	-0,8	
19,915	-0,8	
19,92	-0,8	
19,925	-0,8	
19,93	-0,8	
19,935	-0,8	
19,94	-0,79	
19,945	-0,79	
19,95	-0,78	
19,955	-0,78	
19,96	-0,78	
19,965	-0,77	
19,97	-0,76	
19,975	-0,76	
19,98	-0,75	
19,985	-0,75	
19,99	-0,74	
19,995	-0,73	
20,0	-0,72	
20,005	-0,71	
20,01	-0,7	
20,015	-0,69	
20,02	-0,68	
20,025	-0,68	
20,03	-0,67	
20,035	-0,66	
20,04	-0,64	
20,045	-0,63	
20,05	-0,62	
20,055	-0,61	
20,06	-0,59	
20,065	-0,58	
20,07	-0,57	
20,075	-0,55	
20,08	-0,54	
20,085	-0,52	
20,09	-0,51	
20,095	-0,49	
20,1	-0,47	
20,105	-0,46	
20,11	-0,44	
20,115	-0,43	
20,12	-0,42	
20,125	-0,4	
20,13	-0,37	
20,135	-0,35	
20,14	-0,34	
20,145	-0,32	
20,15	-0,3	
20,155	-0,28	
20,16	-0,26	
20,165	-0,25	
20,17	-0,22	
20,175	-0,2	
20,18	-0,18	
20,185	-0,16	
20,19	-0,14	
20,195	-0,12	
20,2	-0,11	
20,205	-0,09	
20,21	-0,06	
20,215	-0,04	
20,22	-0,02	
20,225	0,01	
20,23	0,03	
20,235	0,04	
20,24	0,06	
20,245	0,08	
20,25	0,1	
20,255	0,13	
20,26	0,15	
20,265	0,17	
20,27	0,19	
20,275	0,21	
20,28	0,23	
20,285	0,24	
20,29	0,26	
20,295	0,28	
20,3	0,31	
20,305	0,33	
20,31	0,35	
20,315	0,37	
20,32	0,39	
20,325	0,4	
20,33	0,42	
20,335	0,44	
20,34	0,46	
20,345	0,48	
20,35	0,49	
20,355	0,51	
20,36	0,53	
20,365	0,55	
20,37	0,56	
20,375	0,58	
20,38	0,59	
20,385	0,61	
20,39	0,62	
20,395	0,64	
20,4	0,65	
20,405	0,68	
20,41	0,69	
20,415	0,7	
20,42	0,72	
20,425	0,73	
20,43	0,74	
20,435	0,75	
20,44	0,76	
20,445	0,77	
20,45	0,79	
20,455	0,8	
20,46	0,8	
20,465	0,81	
20,47	0,82	
20,475	0,83	
20,48	0,84	
20,485	0,84	
20,49	0,85	
20,495	0,86	
20,5	0,87	
20,505	0,87	
20,51	0,87	
20,515	0,88	
20,52	0,89	
20,525	0,89	
20,53	0,89	
20,535	0,89	
20,54	0,89	
20,545	0,89	
20,55	0,9	
20,555	0,9	
20,56	0,9	
20,565	0,89	
20,57	0,89	
20,575	0,89	
20,58	0,88	
20,585	0,88	
20,59	0,88	
20,595	0,87	
20,6	0,87	
20,605	0,87	
20,61	0,86	
20,615	0,86	
20,62	0,85	
20,625	0,84	
20,63	0,83	
20,635	0,82	
20,64	0,81	
20,645	0,8	
20,65	0,79	
20,655	0,78	
20,66	0,77	
20,665	0,76	
20,67	0,75	
20,675	0,74	
20,68	0,72	
20,685	0,71	
20,69	0,7	
20,695	0,68	
20,7	0,67	
20,705	0,65	
20,71	0,64	
20,715	0,63	
20,72	0,61	
20,725	0,59	
20,73	0,57	
20,735	0,55	
20,74	0,54	
20,745	0,52	
20,75	0,5	
20,755	0,48	
20,76	0,47	
20,765	0,45	
20,77	0,42	
20,775	0,4	
20,78	0,38	
20,785	0,36	
20,79	0,34	
20,795	0,32	
20,8	0,3	
20,805	0,28	
20,81	0,26	
20,815	0,23	
20,82	0,21	
20,825	0,18	
20,83	0,16	
20,835	0,14	
20,84	0,12	
20,845	0,1	
20,85	0,09	
20,855	0,06	
20,86	0,03	
20,865	0	
20,87	-0,02	
20,875	-0,04	
20,88	-0,06	
20,885	-0,08	
20,89	-0,1	
20,895	-0,12	
20,9	-0,14	
20,905	-0,18	
20,91	-0,2	
20,915	-0,22	
20,92	-0,24	
20,925	-0,26	
20,93	-0,28	
20,935	-0,3	
20,94	-0,32	
20,945	-0,34	
20,95	-0,37	
20,955	-0,39	
20,96	-0,41	
20,965	-0,43	
20,97	-0,45	
20,975	-0,47	
20,98	-0,49	
20,985	-0,51	
20,99	-0,53	
20,995	-0,56	
21,0	-0,57	
21,005	-0,59	
21,01	-0,6	
21,015	-0,62	
21,02	-0,64	
21,025	-0,65	
21,03	-0,67	
21,035	-0,69	
21,04	-0,71	
21,045	-0,73	
21,05	-0,74	
21,055	-0,75	
21,06	-0,77	
21,065	-0,78	
21,07	-0,8	
21,075	-0,81	
21,08	-0,82	
21,085	-0,83	
21,09	-0,85	
21,095	-0,85	
21,1	-0,86	
21,105	-0,87	
21,11	-0,88	
21,115	-0,89	
21,12	-0,9	
21,125	-0,91	
21,13	-0,92	
21,135	-0,92	
21,14	-0,93	
21,145	-0,94	
21,15	-0,94	
21,155	-0,95	
21,16	-0,95	
21,165	-0,95	
21,17	-0,95	
21,175	-0,95	
21,18	-0,95	
21,185	-0,95	
21,19	-0,96	
21,195	-0,96	
21,2	-0,96	
21,205	-0,96	
21,21	-0,95	
21,215	-0,95	
21,22	-0,95	
21,225	-0,94	
21,23	-0,94	
21,235	-0,94	
21,24	-0,93	
21,245	-0,92	
21,25	-0,92	
21,255	-0,91	
21,26	-0,9	
21,265	-0,89	
21,27	-0,88	
21,275	-0,87	
21,28	-0,87	
21,285	-0,86	
21,29	-0,85	
21,295	-0,83	
21,3	-0,82	
21,305	-0,81	
21,31	-0,79	
21,315	-0,78	
21,32	-0,76	
21,325	-0,75	
21,33	-0,73	
21,335	-0,71	
21,34	-0,7	
21,345	-0,68	
21,35	-0,67	
21,355	-0,65	
21,36	-0,63	
21,365	-0,61	
21,37	-0,59	
21,375	-0,57	
21,38	-0,56	
21,385	-0,54	
21,39	-0,52	
21,395	-0,5	
21,4	-0,48	
21,405	-0,45	
21,41	-0,43	
21,415	-0,41	
21,42	-0,39	
21,425	-0,37	
21,43	-0,35	
21,435	-0,33	
21,44	-0,3	
21,445	-0,28	
21,45	-0,25	
21,455	-0,23	
21,46	-0,21	
21,465	-0,19	
21,47	-0,16	
21,475	-0,14	
21,48	-0,12	
21,485	-0,1	
21,49	-0,07	
21,495	-0,04	
21,5	-0,02	
21,505	0,01	
21,51	0,03	
21,515	0,05	
21,52	0,07	
21,525	0,1	
21,53	0,12	
21,535	0,15	
21,54	0,17	
21,545	0,2	
21,55	0,23	
21,555	0,25	
21,56	0,27	
21,565	0,3	
21,57	0,32	
21,575	0,34	
21,58	0,36	
21,585	0,38	
21,59	0,41	
21,595	0,43	
21,6	0,45	
21,605	0,47	
21,61	0,49	
21,615	0,51	
21,62	0,53	
21,625	0,55	
21,63	0,57	
21,635	0,59	
21,64	0,61	
21,645	0,63	
21,65	0,65	
21,655	0,66	
21,66	0,68	
21,665	0,7	
21,67	0,72	
21,675	0,73	
21,68	0,75	
21,685	0,77	
21,69	0,78	
21,695	0,79	
21,7	0,81	
21,705	0,82	
21,71	0,83	
21,715	0,85	
21,72	0,86	
21,725	0,87	
21,73	0,89	
21,735	0,9	
21,74	0,9	
21,745	0,91	
21,75	0,92	
21,755	0,92	
21,76	0,93	
21,765	0,94	
21,77	0,95	
21,775	0,95	
21,78	0,96	
21,785	0,97	
21,79	0,97	
21,795	0,97	
21,8	0,98	
21,805	0,98	
21,81	0,98	
21,815	0,98	
21,82	0,98	
21,825	0,98	
21,83	0,98	
21,835	0,98	
21,84	0,98	
21,845	0,98	
21,85	0,97	
21,855	0,96	
21,86	0,96	
21,865	0,96	
21,87	0,95	
21,875	0,95	
21,88	0,94	
21,885	0,93	
21,89	0,92	
21,895	0,91	
21,9	0,9	
21,905	0,89	
21,91	0,88	
21,915	0,87	
21,92	0,86	
21,925	0,85	
21,93	0,84	
21,935	0,82	
21,94	0,81	
21,945	0,8	
21,95	0,78	
21,955	0,77	
21,96	0,75	
21,965	0,74	
21,97	0,72	
21,975	0,71	
21,98	0,69	
21,985	0,67	
21,99	0,65	
21,995	0,64	
22,0	0,61	
22,005	0,59	
22,01	0,58	
22,015	0,56	
22,02	0,54	
22,025	0,52	
22,03	0,5	
22,035	0,48	
22,04	0,46	
22,045	0,43	
22,05	0,4	
22,055	0,39	
22,06	0,37	
22,065	0,35	
22,07	0,32	
22,075	0,3	
22,08	0,28	
22,085	0,26	
22,09	0,22	
22,095	0,2	
22,1	0,18	
22,105	0,16	
22,11	0,13	
22,115	0,12	
22,12	0,09	
22,125	0,07	
22,13	0,05	
22,135	0,01	
22,14	-0,01	
22,145	-0,04	
22,15	-0,06	
22,155	-0,08	
22,16	-0,1	
22,165	-0,13	
22,17	-0,15	
22,175	-0,17	
22,18	-0,21	
22,185	-0,23	
22,19	-0,25	
22,195	-0,27	
22,2	-0,29	
22,205	-0,31	
22,21	-0,33	
22,215	-0,36	
22,22	-0,38	
22,225	-0,41	
22,23	-0,43	
22,235	-0,45	
22,24	-0,47	
22,245	-0,49	
22,25	-0,51	
22,255	-0,53	
22,26	-0,55	
22,265	-0,57	
22,27	-0,59	
22,275	-0,61	
22,28	-0,63	
22,285	-0,64	
22,29	-0,66	
22,295	-0,67	
22,3	-0,69	
22,305	-0,71	
22,31	-0,72	
22,315	-0,74	
22,32	-0,75	
22,325	-0,77	
22,33	-0,78	
22,335	-0,79	
22,34	-0,81	
22,345	-0,82	
22,35	-0,83	
22,355	-0,84	
22,36	-0,86	
22,365	-0,86	
22,37	-0,87	
22,375	-0,88	
22,38	-0,89	
22,385	-0,9	
22,39	-0,91	
22,395	-0,92	
22,4	-0,92	
22,405	-0,93	
22,41	-0,93	
22,415	-0,94	
22,42	-0,94	
22,425	-0,95	
22,43	-0,95	
22,435	-0,95	
22,44	-0,96	
22,445	-0,95	
22,45	-0,96	
22,455	-0,96	
22,46	-0,96	
22,465	-0,95	
22,47	-0,95	
22,475	-0,95	
22,48	-0,95	
22,485	-0,94	
22,49	-0,94	
22,495	-0,93	
22,5	-0,93	
22,505	-0,92	
22,51	-0,92	
22,515	-0,91	
22,52	-0,9	
22,525	-0,9	
22,53	-0,89	
22,535	-0,88	
22,54	-0,87	
22,545	-0,86	
22,55	-0,85	
22,555	-0,84	
22,56	-0,83	
22,565	-0,82	
22,57	-0,8	
22,575	-0,79	
22,58	-0,78	
22,585	-0,76	
22,59	-0,75	
22,595	-0,73	
22,6	-0,72	
22,605	-0,7	
22,61	-0,68	
22,615	-0,67	
22,62	-0,65	
22,625	-0,64	
22,63	-0,62	
22,635	-0,6	
22,64	-0,58	
22,645	-0,56	
22,65	-0,54	
22,655	-0,52	
22,66	-0,5	
22,665	-0,48	
22,67	-0,46	
22,675	-0,45	
22,68	-0,41	
22,685	-0,39	
22,69	-0,37	
22,695	-0,35	
22,7	-0,33	
22,705	-0,31	
22,71	-0,29	
22,715	-0,27	
22,72	-0,25	
22,725	-0,22	
22,73	-0,2	
22,735	-0,18	
22,74	-0,15	
22,745	-0,13	
22,75	-0,11	
22,755	-0,09	
22,76	-0,07	
22,765	-0,05	
22,77	-0,01	
22,775	0,01	
22,78	0,03	
22,785	0,05	
22,79	0,07	
22,795	0,09	
22,8	0,11	
22,805	0,13	
22,81	0,16	
22,815	0,19	
22,82	0,21	
22,825	0,24	
22,83	0,25	
22,835	0,27	
22,84	0,29	
22,845	0,31	
22,85	0,33	
22,855	0,35	
22,86	0,38	
22,865	0,4	
22,87	0,42	
22,875	0,43	
22,88	0,45	
22,885	0,47	
22,89	0,49	
22,895	0,51	
22,9	0,53	
22,905	0,55	
22,91	0,57	
22,915	0,58	
22,92	0,6	
22,925	0,61	
22,93	0,63	
22,935	0,65	
22,94	0,66	
22,945	0,68	
22,95	0,69	
22,955	0,71	
22,96	0,72	
22,965	0,73	
22,97	0,74	
22,975	0,76	
22,98	0,77	
22,985	0,78	
22,99	0,79	
22,995	0,8	
23,0	0,81	
23,005	0,82	
23,01	0,83	
23,015	0,84	
23,02	0,84	
23,025	0,85	
23,03	0,86	
23,035	0,86	
23,04	0,87	
23,045	0,87	
23,05	0,88	
23,055	0,88	
23,06	0,88	
23,065	0,89	
23,07	0,89	
23,075	0,89	
23,08	0,89	
23,085	0,89	
23,09	0,89	
23,095	0,89	
23,1	0,9	
23,105	0,9	
23,11	0,89	
23,115	0,89	
23,12	0,88	
23,125	0,87	
23,13	0,87	
23,135	0,87	
23,14	0,86	
23,145	0,86	
23,15	0,85	
23,155	0,84	
23,16	0,83	
23,165	0,82	
23,17	0,82	
23,175	0,81	
23,18	0,8	
23,185	0,79	
23,19	0,78	
23,195	0,77	
23,2	0,76	
23,205	0,75	
23,21	0,73	
23,215	0,72	
23,22	0,71	
23,225	0,69	
23,23	0,68	
23,235	0,67	
23,24	0,66	
23,245	0,64	
23,25	0,62	
23,255	0,61	
23,26	0,59	
23,265	0,58	
23,27	0,56	
23,275	0,54	
23,28	0,53	
23,285	0,52	
23,29	0,5	
23,295	0,48	
23,3	0,46	
23,305	0,45	
23,31	0,43	
23,315	0,4	
23,32	0,38	
23,325	0,36	
23,33	0,34	
23,335	0,33	
23,34	0,31	
23,345	0,29	
23,35	0,28	
23,355	0,26	
23,36	0,24	
23,365	0,21	
23,37	0,19	
23,375	0,17	
23,38	0,14	
23,385	0,13	
23,39	0,11	
23,395	0,09	
23,4	0,07	
23,405	0,05	
23,41	0,02	
23,415	0	
23,42	-0,02	
23,425	-0,04	
23,43	-0,05	
23,435	-0,07	
23,44	-0,09	
23,445	-0,11	
23,45	-0,13	
23,455	-0,16	
23,46	-0,18	
23,465	-0,2	
23,47	-0,22	
23,475	-0,24	
23,48	-0,25	
23,485	-0,27	
23,49	-0,29	
23,495	-0,31	
23,5	-0,34	
23,505	-0,35	
23,51	-0,37	
23,515	-0,38	
23,52	-0,4	
23,525	-0,41	
23,53	-0,43	
23,535	-0,45	
23,54	-0,47	
23,545	-0,49	
23,55	-0,5	
23,555	-0,52	
23,56	-0,53	
23,565	-0,54	
23,57	-0,56	
23,575	-0,57	
23,58	-0,58	
23,585	-0,6	
23,59	-0,61	
23,595	-0,62	
23,6	-0,63	
23,605	-0,64	
23,61	-0,66	
23,615	-0,67	
23,62	-0,68	
23,625	-0,69	
23,63	-0,7	
23,635	-0,71	
23,64	-0,72	
23,645	-0,72	
23,65	-0,73	
23,655	-0,74	
23,66	-0,75	
23,665	-0,76	
23,67	-0,77	
23,675	-0,77	
23,68	-0,77	
23,685	-0,77	
23,69	-0,78	
23,695	-0,78	
23,7	-0,79	
23,705	-0,79	
23,71	-0,79	
23,715	-0,8	
23,72	-0,8	
23,725	-0,79	
23,73	-0,8	
23,735	-0,79	
23,74	-0,79	
23,745	-0,8	
23,75	-0,79	
23,755	-0,79	
23,76	-0,79	
23,765	-0,79	
23,77	-0,78	
23,775	-0,78	
23,78	-0,78	
23,785	-0,77	
23,79	-0,77	
23,795	-0,77	
23,8	-0,76	
23,805	-0,75	
23,81	-0,74	
23,815	-0,74	
23,82	-0,73	
23,825	-0,72	
23,83	-0,71	
23,835	-0,7	
23,84	-0,69	
23,845	-0,68	
23,85	-0,67	
23,855	-0,66	
23,86	-0,65	
23,865	-0,64	
23,87	-0,63	
23,875	-0,62	
23,88	-0,61	
23,885	-0,59	
23,89	-0,58	
23,895	-0,57	
23,9	-0,56	
23,905	-0,54	
23,91	-0,53	
23,915	-0,51	
23,92	-0,5	
23,925	-0,48	
23,93	-0,47	
23,935	-0,45	
23,94	-0,44	
23,945	-0,43	
23,95	-0,41	
23,955	-0,39	
23,96	-0,38	
23,965	-0,36	
23,97	-0,34	
23,975	-0,33	
23,98	-0,31	
23,985	-0,3	
23,99	-0,29	
23,995	-0,27	
24,0	-0,24	
24,005	-0,22	
24,01	-0,21	
24,015	-0,19	
24,02	-0,18	
24,025	-0,16	
24,03	-0,15	
24,035	-0,13	
24,04	-0,11	
24,045	-0,08	
24,05	-0,06	
24,055	-0,04	
24,06	-0,03	
24,065	-0,01	
24,07	0	
24,075	0,02	
24,08	0,03	
24,085	0,05	
24,09	0,07	
24,095	0,1	
24,1	0,11	
24,105	0,13	
24,11	0,14	
24,115	0,16	
24,12	0,17	
24,125	0,19	
24,13	0,2	
24,135	0,23	
24,14	0,25	
24,145	0,26	
24,15	0,28	
24,155	0,29	
24,16	0,31	
24,165	0,32	
24,17	0,33	
24,175	0,35	
24,18	0,37	
24,185	0,38	
24,19	0,39	
24,195	0,41	
24,2	0,42	
24,205	0,44	
24,21	0,45	
24,215	0,46	
24,22	0,47	
24,225	0,49	
24,23	0,5	
24,235	0,51	
24,24	0,52	
24,245	0,53	
24,25	0,54	
24,255	0,55	
24,26	0,56	
24,265	0,57	
24,27	0,58	
24,275	0,59	
24,28	0,6	
24,285	0,61	
24,29	0,61	
24,295	0,62	
24,3	0,63	
24,305	0,64	
24,31	0,64	
24,315	0,65	
24,32	0,66	
24,325	0,66	
24,33	0,66	
24,335	0,67	
24,34	0,67	
24,345	0,67	
24,35	0,68	
24,355	0,68	
24,36	0,69	
24,365	0,69	
24,37	0,69	
24,375	0,69	
24,38	0,69	
24,385	0,69	
24,39	0,69	
24,395	0,69	
24,4	0,69	
24,405	0,69	
24,41	0,69	
24,415	0,69	
24,42	0,69	
24,425	0,68	
24,43	0,68	
24,435	0,68	
24,44	0,68	
24,445	0,67	
24,45	0,67	
24,455	0,67	
24,46	0,66	
24,465	0,66	
24,47	0,65	
24,475	0,64	
24,48	0,64	
24,485	0,63	
24,49	0,63	
24,495	0,62	
24,5	0,61	
24,505	0,6	
24,51	0,59	
24,515	0,58	
24,52	0,57	
24,525	0,57	
24,53	0,56	
24,535	0,55	
24,54	0,54	
24,545	0,53	
24,55	0,51	
24,555	0,5	
24,56	0,49	
24,565	0,48	
24,57	0,47	
24,575	0,46	
24,58	0,45	
24,585	0,44	
24,59	0,42	
24,595	0,41	
24,6	0,39	
24,605	0,38	
24,61	0,37	
24,615	0,36	
24,62	0,35	
24,625	0,34	
24,63	0,33	
24,635	0,31	
24,64	0,29	
24,645	0,28	
24,65	0,27	
24,655	0,25	
24,66	0,24	
24,665	0,22	
24,67	0,21	
24,675	0,19	
24,68	0,18	
24,685	0,16	
24,69	0,15	
24,695	0,14	
24,7	0,12	
24,705	0,11	
24,71	0,09	
24,715	0,08	
24,72	0,06	
24,725	0,05	
24,73	0,03	
24,735	0,01	
24,74	0	
24,745	-0,02	
24,75	-0,03	
24,755	-0,05	
24,76	-0,06	
24,765	-0,08	
24,77	-0,09	
24,775	-0,1	
24,78	-0,11	
24,785	-0,13	
24,79	-0,14	
24,795	-0,16	
24,8	-0,18	
24,805	-0,19	
24,81	-0,2	
24,815	-0,21	
24,82	-0,23	
24,825	-0,24	
24,83	-0,26	
24,835	-0,27	
24,84	-0,29	
24,845	-0,3	
24,85	-0,31	
24,855	-0,32	
24,86	-0,33	
24,865	-0,35	
24,87	-0,36	
24,875	-0,38	
24,88	-0,39	
24,885	-0,4	
24,89	-0,41	
24,895	-0,42	
24,9	-0,43	
24,905	-0,44	
24,91	-0,45	
24,915	-0,46	
24,92	-0,47	
24,925	-0,48	
24,93	-0,49	
24,935	-0,49	
24,94	-0,5	
24,945	-0,51	
24,95	-0,52	
24,955	-0,53	
24,96	-0,54	
24,965	-0,55	
24,97	-0,55	
24,975	-0,56	
24,98	-0,56	
24,985	-0,56	
24,99	-0,57	
24,995	-0,58	
25,0	-0,58	
25,005	-0,59	
25,01	-0,6	
25,015	-0,6	
25,02	-0,6	
25,025	-0,61	
25,03	-0,61	
25,035	-0,61	
25,04	-0,62	
25,045	-0,62	
25,05	-0,62	
25,055	-0,62	
25,06	-0,62	
25,065	-0,62	
25,07	-0,62	
25,075	-0,62	
25,08	-0,62	
25,085	-0,62	
25,09	-0,62	
25,095	-0,62	
25,1	-0,62	
25,105	-0,62	
25,11	-0,61	
25,115	-0,61	
25,12	-0,61	
25,125	-0,61	
25,13	-0,61	
25,135	-0,61	
25,14	-0,6	
25,145	-0,6	
25,15	-0,59	
25,155	-0,59	
25,16	-0,59	
25,165	-0,58	
25,17	-0,58	
25,175	-0,57	
25,18	-0,57	
25,185	-0,55	
25,19	-0,55	
25,195	-0,54	
25,2	-0,53	
25,205	-0,53	
25,21	-0,52	
25,215	-0,51	
25,22	-0,5	
25,225	-0,49	
25,23	-0,48	
25,235	-0,47	
25,24	-0,47	
25,245	-0,46	
25,25	-0,45	
25,255	-0,44	
25,26	-0,43	
25,265	-0,42	
25,27	-0,41	
25,275	-0,39	
25,28	-0,38	
25,285	-0,37	
25,29	-0,36	
25,295	-0,35	
25,3	-0,34	
25,305	-0,33	
25,31	-0,32	
25,315	-0,31	
25,32	-0,29	
25,325	-0,28	
25,33	-0,26	
25,335	-0,25	
25,34	-0,24	
25,345	-0,23	
25,35	-0,22	
25,355	-0,21	
25,36	-0,19	
25,365	-0,18	
25,37	-0,16	
25,375	-0,15	
25,38	-0,14	
25,385	-0,12	
25,39	-0,11	
25,395	-0,1	
25,4	-0,08	
25,405	-0,07	
25,41	-0,05	
25,415	-0,04	
25,42	-0,03	
25,425	-0,01	
25,43	0,01	
25,435	0,02	
25,44	0,03	
25,445	0,05	
25,45	0,06	
25,455	0,08	
25,46	0,09	
25,465	0,1	
25,47	0,11	
25,475	0,13	
25,48	0,14	
25,485	0,16	
25,49	0,17	
25,495	0,18	
25,5	0,2	
25,505	0,21	
25,51	0,22	
25,515	0,23	
25,52	0,25	
25,525	0,26	
25,53	0,28	
25,535	0,29	
25,54	0,3	
25,545	0,32	
25,55	0,33	
25,555	0,34	
25,56	0,35	
25,565	0,36	
25,57	0,37	
25,575	0,38	
25,58	0,39	
25,585	0,4	
25,59	0,42	
25,595	0,43	
25,6	0,44	
25,605	0,45	
25,61	0,46	
25,615	0,47	
25,62	0,47	
25,625	0,48	
25,63	0,49	
25,635	0,5	
25,64	0,51	
25,645	0,52	
25,65	0,53	
25,655	0,54	
25,66	0,54	
25,665	0,54	
25,67	0,55	
25,675	0,56	
25,68	0,57	
25,685	0,58	
25,69	0,58	
25,695	0,59	
25,7	0,6	
25,705	0,6	
25,71	0,6	
25,715	0,6	
25,72	0,61	
25,725	0,61	
25,73	0,61	
25,735	0,61	
25,74	0,62	
25,745	0,62	
25,75	0,62	
25,755	0,62	
25,76	0,63	
25,765	0,63	
25,77	0,63	
25,775	0,63	
25,78	0,63	
25,785	0,63	
25,79	0,63	
25,795	0,63	
25,8	0,63	
25,805	0,63	
25,81	0,63	
25,815	0,62	
25,82	0,61	
25,825	0,61	
25,83	0,61	
25,835	0,6	
25,84	0,61	
25,845	0,6	
25,85	0,6	
25,855	0,6	
25,86	0,59	
25,865	0,58	
25,87	0,57	
25,875	0,56	
25,88	0,56	
25,885	0,55	
25,89	0,55	
25,895	0,54	
25,9	0,54	
25,905	0,53	
25,91	0,51	
25,915	0,5	
25,92	0,49	
25,925	0,49	
25,93	0,48	
25,935	0,47	
25,94	0,47	
25,945	0,46	
25,95	0,45	
25,955	0,43	
25,96	0,42	
25,965	0,41	
25,97	0,4	
25,975	0,39	
25,98	0,38	
25,985	0,37	
25,99	0,35	
25,995	0,34	
26,0	0,32	
26,005	0,31	
26,01	0,3	
26,015	0,29	
26,02	0,28	
26,025	0,26	
26,03	0,25	
26,035	0,23	
26,04	0,22	
26,045	0,2	
26,05	0,19	
26,055	0,18	
26,06	0,17	
26,065	0,15	
26,07	0,13	
26,075	0,12	
26,08	0,11	
26,085	0,09	
26,09	0,08	
26,095	0,06	
26,1	0,04	
26,105	0,03	
26,11	0,01	
26,115	0	
26,12	-0,02	
26,125	-0,04	
26,13	-0,05	
26,135	-0,06	
26,14	-0,08	
26,145	-0,09	
26,15	-0,11	
26,155	-0,12	
26,16	-0,14	
26,165	-0,15	
26,17	-0,17	
26,175	-0,18	
26,18	-0,2	
26,185	-0,22	
26,19	-0,23	
26,195	-0,24	
26,2	-0,26	
26,205	-0,27	
26,21	-0,29	
26,215	-0,3	
26,22	-0,31	
26,225	-0,33	
26,23	-0,35	
26,235	-0,36	
26,24	-0,37	
26,245	-0,38	
26,25	-0,4	
26,255	-0,41	
26,26	-0,42	
26,265	-0,43	
26,27	-0,45	
26,275	-0,46	
26,28	-0,48	
26,285	-0,49	
26,29	-0,5	
26,295	-0,51	
26,3	-0,51	
26,305	-0,53	
26,31	-0,54	
26,315	-0,54	
26,32	-0,56	
26,325	-0,57	
26,33	-0,58	
26,335	-0,59	
26,34	-0,6	
26,345	-0,6	
26,35	-0,61	
26,355	-0,61	
26,36	-0,62	
26,365	-0,64	
26,37	-0,64	
26,375	-0,65	
26,38	-0,66	
26,385	-0,66	
26,39	-0,66	
26,395	-0,67	
26,4	-0,67	
26,405	-0,68	
26,41	-0,69	
26,415	-0,69	
26,42	-0,69	
26,425	-0,69	
26,43	-0,7	
26,435	-0,7	
26,44	-0,7	
26,445	-0,7	
26,45	-0,71	
26,455	-0,7	
26,46	-0,7	
26,465	-0,7	
26,47	-0,7	
26,475	-0,7	
26,48	-0,7	
26,485	-0,7	
26,49	-0,7	
26,495	-0,7	
26,5	-0,69	
26,505	-0,68	
26,51	-0,68	
26,515	-0,67	
26,52	-0,67	
26,525	-0,67	
26,53	-0,67	
26,535	-0,67	
26,54	-0,66	
26,545	-0,65	
26,55	-0,64	
26,555	-0,63	
26,56	-0,62	
26,565	-0,61	
26,57	-0,61	
26,575	-0,61	
26,58	-0,6	
26,585	-0,59	
26,59	-0,58	
26,595	-0,56	
26,6	-0,55	
26,605	-0,54	
26,61	-0,53	
26,615	-0,52	
26,62	-0,51	
26,625	-0,51	
26,63	-0,49	
26,635	-0,48	
26,64	-0,45	
26,645	-0,44	
26,65	-0,43	
26,655	-0,41	
26,66	-0,4	
26,665	-0,39	
26,67	-0,38	
26,675	-0,36	
26,68	-0,34	
26,685	-0,32	
26,69	-0,31	
26,695	-0,29	
26,7	-0,28	
26,705	-0,26	
26,71	-0,25	
26,715	-0,23	
26,72	-0,21	
26,725	-0,2	
26,73	-0,18	
26,735	-0,16	
26,74	-0,15	
26,745	-0,14	
26,75	-0,12	
26,755	-0,1	
26,76	-0,08	
26,765	-0,06	
26,77	-0,05	
26,775	-0,03	
26,78	-0,01	
26,785	0,01	
26,79	0,02	
26,795	0,04	
26,8	0,06	
26,805	0,08	
26,81	0,1	
26,815	0,12	
26,82	0,14	
26,825	0,15	
26,83	0,17	
26,835	0,18	
26,84	0,2	
26,845	0,22	
26,85	0,24	
26,855	0,26	
26,86	0,27	
26,865	0,3	
26,87	0,31	
26,875	0,33	
26,88	0,35	
26,885	0,36	
26,89	0,38	
26,895	0,39	
26,9	0,41	
26,905	0,42	
26,91	0,44	
26,915	0,46	
26,92	0,48	
26,925	0,49	
26,93	0,51	
26,935	0,52	
26,94	0,53	
26,945	0,54	
26,95	0,55	
26,955	0,58	
26,96	0,59	
26,965	0,6	
26,97	0,62	
26,975	0,63	
26,98	0,63	
26,985	0,65	
26,99	0,65	
26,995	0,67	
27,0	0,67	
27,005	0,69	
27,01	0,7	
27,015	0,71	
27,02	0,72	
27,025	0,72	
27,03	0,73	
27,035	0,74	
27,04	0,75	
27,045	0,76	
27,05	0,77	
27,055	0,77	
27,06	0,77	
27,065	0,78	
27,07	0,78	
27,075	0,79	
27,08	0,79	
27,085	0,8	
27,09	0,8	
27,095	0,8	
27,1	0,8	
27,105	0,8	
27,11	0,8	
27,115	0,8	
27,12	0,8	
27,125	0,8	
27,13	0,8	
27,135	0,8	
27,14	0,8	
27,145	0,8	
27,15	0,79	
27,155	0,79	
27,16	0,79	
27,165	0,78	
27,17	0,78	
27,175	0,77	
27,18	0,77	
27,185	0,75	
27,19	0,75	
27,195	0,74	
27,2	0,73	
27,205	0,73	
27,21	0,72	
27,215	0,71	
27,22	0,7	
27,225	0,69	
27,23	0,68	
27,235	0,67	
27,24	0,66	
27,245	0,64	
27,25	0,64	
27,255	0,63	
27,26	0,62	
27,265	0,6	
27,27	0,59	
27,275	0,57	
27,28	0,55	
27,285	0,54	
27,29	0,53	
27,295	0,52	
27,3	0,5	
27,305	0,49	
27,31	0,47	
27,315	0,45	
27,32	0,43	
27,325	0,41	
27,33	0,4	
27,335	0,38	
27,34	0,37	
27,345	0,35	
27,35	0,33	
27,355	0,31	
27,36	0,29	
27,365	0,26	
27,37	0,25	
27,375	0,23	
27,38	0,22	
27,385	0,2	
27,39	0,18	
27,395	0,16	
27,4	0,13	
27,405	0,12	
27,41	0,09	
27,415	0,07	
27,42	0,06	
27,425	0,04	
27,43	0,01	
27,435	0	
27,44	-0,03	
27,445	-0,05	
27,45	-0,07	
27,455	-0,09	
27,46	-0,12	
27,465	-0,14	
27,47	-0,16	
27,475	-0,18	
27,48	-0,2	
27,485	-0,22	
27,49	-0,24	
27,495	-0,25	
27,5	-0,27	
27,505	-0,3	
27,51	-0,31	
27,515	-0,33	
27,52	-0,36	
27,525	-0,37	
27,53	-0,39	
27,535	-0,41	
27,54	-0,43	
27,545	-0,44	
27,55	-0,47	
27,555	-0,48	
27,56	-0,5	
27,565	-0,52	
27,57	-0,54	
27,575	-0,55	
27,58	-0,56	
27,585	-0,58	
27,59	-0,59	
27,595	-0,62	
27,6	-0,64	
27,605	-0,65	
27,61	-0,67	
27,615	-0,68	
27,62	-0,69	
27,625	-0,7	
27,63	-0,71	
27,635	-0,72	
27,64	-0,74	
27,645	-0,75	
27,65	-0,77	
27,655	-0,78	
27,66	-0,79	
27,665	-0,79	
27,67	-0,8	
27,675	-0,81	
27,68	-0,82	
27,685	-0,83	
27,69	-0,84	
27,695	-0,84	
27,7	-0,85	
27,705	-0,86	
27,71	-0,86	
27,715	-0,86	
27,72	-0,87	
27,725	-0,88	
27,73	-0,88	
27,735	-0,88	
27,74	-0,89	
27,745	-0,89	
27,75	-0,89	
27,755	-0,89	
27,76	-0,89	
27,765	-0,89	
27,77	-0,89	
27,775	-0,89	
27,78	-0,89	
27,785	-0,88	
27,79	-0,88	
27,795	-0,87	
27,8	-0,87	
27,805	-0,87	
27,81	-0,87	
27,815	-0,86	
27,82	-0,85	
27,825	-0,85	
27,83	-0,83	
27,835	-0,83	
27,84	-0,82	
27,845	-0,81	
27,85	-0,8	
27,855	-0,79	
27,86	-0,78	
27,865	-0,76	
27,87	-0,75	
27,875	-0,74	
27,88	-0,73	
27,885	-0,72	
27,89	-0,71	
27,895	-0,7	
27,9	-0,68	
27,905	-0,67	
27,91	-0,66	
27,915	-0,63	
27,92	-0,62	
27,925	-0,6	
27,93	-0,59	
27,935	-0,58	
27,94	-0,56	
27,945	-0,54	
27,95	-0,52	
27,955	-0,5	
27,96	-0,48	
27,965	-0,46	
27,97	-0,44	
27,975	-0,42	
27,98	-0,41	
27,985	-0,39	
27,99	-0,37	
27,995	-0,34	
28,0	-0,32	
28,005	-0,29	
28,01	-0,27	
28,015	-0,26	
28,02	-0,24	
28,025	-0,22	
28,03	-0,2	
28,035	-0,18	
28,04	-0,16	
28,045	-0,13	
28,05	-0,1	
28,055	-0,08	
28,06	-0,06	
28,065	-0,04	
28,07	-0,01	
28,075	0,01	
28,08	0,03	
28,085	0,05	
28,09	0,07	
28,095	0,1	
28,1	0,12	
28,105	0,15	
28,11	0,17	
28,115	0,19	
28,12	0,21	
28,125	0,23	
28,13	0,25	
28,135	0,27	
28,14	0,3	
28,145	0,32	
28,15	0,34	
28,155	0,37	
28,16	0,39	
28,165	0,41	
28,17	0,43	
28,175	0,44	
28,18	0,46	
28,185	0,49	
28,19	0,51	
28,195	0,53	
28,2	0,54	
28,205	0,56	
28,21	0,58	
28,215	0,59	
28,22	0,61	
28,225	0,63	
28,23	0,65	
28,235	0,67	
28,24	0,69	
28,245	0,7	
28,25	0,72	
28,255	0,73	
28,26	0,74	
28,265	0,75	
28,27	0,77	
28,275	0,79	
28,28	0,8	
28,285	0,82	
28,29	0,83	
28,295	0,84	
28,3	0,85	
28,305	0,85	
28,31	0,86	
28,315	0,87	
28,32	0,88	
28,325	0,89	
28,33	0,9	
28,335	0,91	
28,34	0,92	
28,345	0,92	
28,35	0,92	
28,355	0,93	
28,36	0,93	
28,365	0,93	
28,37	0,94	
28,375	0,94	
28,38	0,94	
28,385	0,94	
28,39	0,94	
28,395	0,94	
28,4	0,94	
28,405	0,94	
28,41	0,94	
28,415	0,94	
28,42	0,93	
28,425	0,93	
28,43	0,92	
28,435	0,92	
28,44	0,91	
28,445	0,91	
28,45	0,91	
28,455	0,9	
28,46	0,89	
28,465	0,88	
28,47	0,87	
28,475	0,86	
28,48	0,85	
28,485	0,85	
28,49	0,84	
28,495	0,83	
28,5	0,82	
28,505	0,8	
28,51	0,79	
28,515	0,77	
28,52	0,76	
28,525	0,74	
28,53	0,73	
28,535	0,72	
28,54	0,71	
28,545	0,69	
28,55	0,66	
28,555	0,65	
28,56	0,63	
28,565	0,62	
28,57	0,6	
28,575	0,59	
28,58	0,57	
28,585	0,55	
28,59	0,53	
28,595	0,5	
28,6	0,48	
28,605	0,46	
28,61	0,45	
28,615	0,43	
28,62	0,41	
28,625	0,38	
28,63	0,36	
28,635	0,34	
28,64	0,31	
28,645	0,29	
28,65	0,27	
28,655	0,25	
28,66	0,23	
28,665	0,21	
28,67	0,18	
28,675	0,16	
28,68	0,14	
28,685	0,11	
28,69	0,08	
28,695	0,07	
28,7	0,04	
28,705	0,02	
28,71	-0,01	
28,715	-0,03	
28,72	-0,05	
28,725	-0,08	
28,73	-0,1	
28,735	-0,12	
28,74	-0,15	
28,745	-0,17	
28,75	-0,19	
28,755	-0,22	
28,76	-0,24	
28,765	-0,26	
28,77	-0,28	
28,775	-0,3	
28,78	-0,33	
28,785	-0,35	
28,79	-0,37	
28,795	-0,4	
28,8	-0,42	
28,805	-0,44	
28,81	-0,46	
28,815	-0,48	
28,82	-0,49	
28,825	-0,52	
28,83	-0,54	
28,835	-0,56	
28,84	-0,58	
28,845	-0,6	
28,85	-0,62	
28,855	-0,63	
28,86	-0,65	
28,865	-0,66	
28,87	-0,69	
28,875	-0,7	
28,88	-0,72	
28,885	-0,73	
28,89	-0,75	
28,895	-0,76	
28,9	-0,77	
28,905	-0,78	
28,91	-0,8	
28,915	-0,81	
28,92	-0,83	
28,925	-0,84	
28,93	-0,85	
28,935	-0,86	
28,94	-0,87	
28,945	-0,88	
28,95	-0,89	
28,955	-0,9	
28,96	-0,91	
28,965	-0,91	
28,97	-0,92	
28,975	-0,92	
28,98	-0,93	
28,985	-0,93	
28,99	-0,94	
28,995	-0,94	
29,0	-0,94	
29,005	-0,96	
29,01	-0,96	
29,015	-0,96	
29,02	-0,96	
29,025	-0,95	
29,03	-0,95	
29,035	-0,96	
29,04	-0,96	
29,045	-0,95	
29,05	-0,95	
29,055	-0,95	
29,06	-0,94	
29,065	-0,94	
29,07	-0,93	
29,075	-0,93	
29,08	-0,92	
29,085	-0,91	
29,09	-0,91	
29,095	-0,9	
29,1	-0,89	
29,105	-0,88	
29,11	-0,87	
29,115	-0,86	
29,12	-0,85	
29,125	-0,84	
29,13	-0,83	
29,135	-0,82	
29,14	-0,8	
29,145	-0,79	
29,15	-0,77	
29,155	-0,76	
29,16	-0,75	
29,165	-0,73	
29,17	-0,72	
29,175	-0,71	
29,18	-0,7	
29,185	-0,67	
29,19	-0,65	
29,195	-0,63	
29,2	-0,61	
29,205	-0,6	
29,21	-0,58	
29,215	-0,57	
29,22	-0,55	
29,225	-0,53	
29,23	-0,5	
29,235	-0,47	
29,24	-0,46	
29,245	-0,44	
29,25	-0,42	
29,255	-0,4	
29,26	-0,38	
29,265	-0,36	
29,27	-0,34	
29,275	-0,32	
29,28	-0,29	
29,285	-0,27	
29,29	-0,25	
29,295	-0,22	
29,3	-0,2	
29,305	-0,18	
29,31	-0,16	
29,315	-0,13	
29,32	-0,11	
29,325	-0,08	
29,33	-0,06	
29,335	-0,04	
29,34	-0,02	
29,345	0,01	
29,35	0,03	
29,355	0,06	
29,36	0,08	
29,365	0,1	
29,37	0,13	
29,375	0,15	
29,38	0,17	
29,385	0,19	
29,39	0,22	
29,395	0,24	
29,4	0,26	
29,405	0,28	
29,41	0,3	
29,415	0,33	
29,42	0,35	
29,425	0,37	
29,43	0,39	
29,435	0,41	
29,44	0,43	
29,445	0,45	
29,45	0,47	
29,455	0,49	
29,46	0,51	
29,465	0,53	
29,47	0,55	
29,475	0,56	
29,48	0,58	
29,485	0,6	
29,49	0,62	
29,495	0,63	
29,5	0,65	
29,505	0,67	
29,51	0,69	
29,515	0,7	
29,52	0,72	
29,525	0,73	
29,53	0,74	
29,535	0,76	
29,54	0,77	
29,545	0,78	
29,55	0,8	
29,555	0,81	
29,56	0,82	
29,565	0,83	
29,57	0,84	
29,575	0,85	
29,58	0,85	
29,585	0,86	
29,59	0,87	
29,595	0,88	
29,6	0,89	
29,605	0,9	
29,61	0,9	
29,615	0,91	
29,62	0,91	
29,625	0,91	
29,63	0,91	
29,635	0,92	
29,64	0,92	
29,645	0,92	
29,65	0,92	
29,655	0,93	
29,66	0,93	
29,665	0,92	
29,67	0,92	
29,675	0,92	
29,68	0,92	
29,685	0,92	
29,69	0,91	
29,695	0,91	
29,7	0,9	
29,705	0,89	
29,71	0,89	
29,715	0,88	
29,72	0,88	
29,725	0,87	
29,73	0,87	
29,735	0,86	
29,74	0,85	
29,745	0,84	
29,75	0,83	
29,755	0,82	
29,76	0,8	
29,765	0,79	
29,77	0,79	
29,775	0,77	
29,78	0,75	
29,785	0,74	
29,79	0,73	
29,795	0,71	
29,8	0,7	
29,805	0,69	
29,81	0,68	
29,815	0,66	
29,82	0,65	
29,825	0,62	
29,83	0,61	
29,835	0,59	
29,84	0,57	
29,845	0,56	
29,85	0,54	
29,855	0,52	
29,86	0,51	
29,865	0,49	
29,87	0,46	
29,875	0,44	
29,88	0,42	
29,885	0,4	
29,89	0,39	
29,895	0,37	
29,9	0,35	
29,905	0,33	
29,91	0,3	
29,915	0,27	
29,92	0,25	
29,925	0,24	
29,93	0,22	
29,935	0,2	
29,94	0,18	
29,945	0,16	
29,95	0,13	
29,955	0,11	
29,96	0,08	
29,965	0,06	
29,97	0,04	
29,975	0,02	
29,98	0	
29,985	-0,02	
29,99	-0,04	
29,995	-0,07	
30,0	-0,09	
30,005	-0,11	
30,01	-0,13	
30,015	-0,15	
30,02	-0,17	
30,025	-0,19	
30,03	-0,22	
30,035	-0,24	
30,04	-0,26	
30,045	-0,28	
30,05	-0,31	
30,055	-0,32	
30,06	-0,34	
30,065	-0,36	
30,07	-0,38	
30,075	-0,39	
30,08	-0,42	
30,085	-0,43	
30,09	-0,45	
30,095	-0,47	
30,1	-0,49	
30,105	-0,5	
30,11	-0,52	
30,115	-0,54	
30,12	-0,55	
30,125	-0,57	
30,13	-0,59	
30,135	-0,6	
30,14	-0,61	
30,145	-0,63	
30,15	-0,64	
30,155	-0,66	
30,16	-0,67	
30,165	-0,69	
30,17	-0,69	
30,175	-0,7	
30,18	-0,71	
30,185	-0,72	
30,19	-0,73	
30,195	-0,74	
30,2	-0,76	
30,205	-0,77	
30,21	-0,78	
30,215	-0,79	
30,22	-0,79	
30,225	-0,8	
30,23	-0,81	
30,235	-0,81	
30,24	-0,82	
30,245	-0,83	
30,25	-0,83	
30,255	-0,84	
30,26	-0,84	
30,265	-0,84	
30,27	-0,84	
30,275	-0,84	
30,28	-0,85	
30,285	-0,85	
30,29	-0,85	
30,295	-0,85	
30,3	-0,85	
30,305	-0,85	
30,31	-0,85	
30,315	-0,84	
30,32	-0,84	
30,325	-0,84	
30,33	-0,84	
30,335	-0,84	
30,34	-0,83	
30,345	-0,83	
30,35	-0,82	
30,355	-0,81	
30,36	-0,81	
30,365	-0,8	
30,37	-0,79	
30,375	-0,78	
30,38	-0,78	
30,385	-0,77	
30,39	-0,76	
30,395	-0,75	
30,4	-0,74	
30,405	-0,73	
30,41	-0,72	
30,415	-0,71	
30,42	-0,7	
30,425	-0,68	
30,43	-0,67	
30,435	-0,65	
30,44	-0,64	
30,445	-0,63	
30,45	-0,62	
30,455	-0,61	
30,46	-0,59	
30,465	-0,57	
30,47	-0,56	
30,475	-0,54	
30,48	-0,53	
30,485	-0,51	
30,49	-0,5	
30,495	-0,48	
30,5	-0,47	
30,505	-0,45	
30,51	-0,43	
30,515	-0,41	
30,52	-0,39	
30,525	-0,37	
30,53	-0,36	
30,535	-0,34	
30,54	-0,32	
30,545	-0,31	
30,55	-0,28	
30,555	-0,26	
30,56	-0,24	
30,565	-0,22	
30,57	-0,21	
30,575	-0,19	
30,58	-0,18	
30,585	-0,16	
30,59	-0,14	
30,595	-0,12	
30,6	-0,09	
30,605	-0,07	
30,61	-0,05	
30,615	-0,03	
30,62	-0,02	
30,625	0	
30,63	0,02	
30,635	0,04	
30,64	0,06	
30,645	0,09	
30,65	0,11	
30,655	0,12	
30,66	0,14	
30,665	0,16	
30,67	0,18	
30,675	0,19	
30,68	0,21	
30,685	0,23	
30,69	0,26	
30,695	0,27	
30,7	0,29	
30,705	0,3	
30,71	0,32	
30,715	0,33	
30,72	0,35	
30,725	0,37	
30,73	0,39	
30,735	0,41	
30,74	0,43	
30,745	0,44	
30,75	0,45	
30,755	0,47	
30,76	0,48	
30,765	0,49	
30,77	0,5	
30,775	0,52	
30,78	0,54	
30,785	0,55	
30,79	0,56	
30,795	0,57	
30,8	0,59	
30,805	0,6	
30,81	0,61	
30,815	0,62	
30,82	0,63	
30,825	0,64	
30,83	0,65	
30,835	0,66	
30,84	0,67	
30,845	0,68	
30,85	0,68	
30,855	0,69	
30,86	0,69	
30,865	0,7	
30,87	0,71	
30,875	0,71	
30,88	0,72	
30,885	0,72	
30,89	0,73	
30,895	0,73	
30,9	0,74	
30,905	0,74	
30,91	0,74	
30,915	0,75	
30,92	0,75	
30,925	0,75	
30,93	0,75	
30,935	0,75	
30,94	0,75	
30,945	0,75	
30,95	0,75	
30,955	0,75	
30,96	0,75	
30,965	0,75	
30,97	0,75	
30,975	0,74	
30,98	0,74	
30,985	0,73	
30,99	0,73	
30,995	0,73	
31,0	0,73	
31,005	0,72	
31,01	0,71	
31,015	0,71	
31,02	0,7	
31,025	0,69	
31,03	0,69	
31,035	0,68	
31,04	0,67	
31,045	0,66	
31,05	0,65	
31,055	0,64	
31,06	0,63	
31,065	0,62	
31,07	0,61	
31,075	0,6	
31,08	0,59	
31,085	0,58	
31,09	0,57	
31,095	0,56	
31,1	0,55	
31,105	0,53	
31,11	0,52	
31,115	0,51	
31,12	0,5	
31,125	0,49	
31,13	0,47	
31,135	0,46	
31,14	0,44	
31,145	0,43	
31,15	0,42	
31,155	0,4	
31,16	0,39	
31,165	0,37	
31,17	0,36	
31,175	0,34	
31,18	0,32	
31,185	0,31	
31,19	0,29	
31,195	0,28	
31,2	0,26	
31,205	0,25	
31,21	0,23	
31,215	0,21	
31,22	0,2	
31,225	0,18	
31,23	0,16	
31,235	0,14	
31,24	0,13	
31,245	0,11	
31,25	0,1	
31,255	0,08	
31,26	0,07	
31,265	0,05	
31,27	0,03	
31,275	0,02	
31,28	-0,01	
31,285	-0,02	
31,29	-0,04	
31,295	-0,05	
31,3	-0,07	
31,305	-0,08	
31,31	-0,1	
31,315	-0,11	
31,32	-0,13	
31,325	-0,15	
31,33	-0,17	
31,335	-0,19	
31,34	-0,2	
31,345	-0,21	
31,35	-0,23	
31,355	-0,24	
31,36	-0,25	
31,365	-0,27	
31,37	-0,29	
31,375	-0,3	
31,38	-0,32	
31,385	-0,33	
31,39	-0,35	
31,395	-0,36	
31,4	-0,37	
31,405	-0,38	
31,41	-0,39	
31,415	-0,41	
31,42	-0,42	
31,425	-0,43	
31,43	-0,45	
31,435	-0,46	
31,44	-0,47	
31,445	-0,48	
31,45	-0,48	
31,455	-0,49	
31,46	-0,51	
31,465	-0,52	
31,47	-0,53	
31,475	-0,54	
31,48	-0,55	
31,485	-0,56	
31,49	-0,56	
31,495	-0,57	
31,5	-0,58	
31,505	-0,59	
31,51	-0,59	
31,515	-0,6	
31,52	-0,61	
31,525	-0,61	
31,53	-0,61	
31,535	-0,62	
31,54	-0,63	
31,545	-0,63	
31,55	-0,63	
31,555	-0,64	
31,56	-0,64	
31,565	-0,65	
31,57	-0,65	
31,575	-0,65	
31,58	-0,65	
31,585	-0,66	
31,59	-0,66	
31,595	-0,66	
31,6	-0,66	
31,605	-0,66	
31,61	-0,66	
31,615	-0,65	
31,62	-0,65	
31,625	-0,65	
31,63	-0,65	
31,635	-0,65	
31,64	-0,65	
31,645	-0,64	
31,65	-0,64	
31,655	-0,63	
31,66	-0,63	
31,665	-0,63	
31,67	-0,63	
31,675	-0,62	
31,68	-0,62	
31,685	-0,61	
31,69	-0,61	
31,695	-0,6	
31,7	-0,6	
31,705	-0,59	
31,71	-0,58	
31,715	-0,58	
31,72	-0,57	
31,725	-0,56	
31,73	-0,55	
31,735	-0,54	
31,74	-0,53	
31,745	-0,53	
31,75	-0,52	
31,755	-0,52	
31,76	-0,51	
31,765	-0,5	
31,77	-0,48	
31,775	-0,47	
31,78	-0,46	
31,785	-0,44	
31,79	-0,43	
31,795	-0,42	
31,8	-0,41	
31,805	-0,4	
31,81	-0,39	
31,815	-0,38	
31,82	-0,37	
31,825	-0,35	
31,83	-0,34	
31,835	-0,33	
31,84	-0,32	
31,845	-0,3	
31,85	-0,29	
31,855	-0,28	
31,86	-0,27	
31,865	-0,26	
31,87	-0,24	
31,875	-0,23	
31,88	-0,21	
31,885	-0,2	
31,89	-0,19	
31,895	-0,17	
31,9	-0,16	
31,905	-0,14	
31,91	-0,13	
31,915	-0,11	
31,92	-0,1	
31,925	-0,09	
31,93	-0,07	
31,935	-0,06	
31,94	-0,04	
31,945	-0,03	
31,95	-0,01	
31,955	0	
31,96	0,02	
31,965	0,04	
31,97	0,05	
31,975	0,06	
31,98	0,07	
31,985	0,08	
31,99	0,1	
31,995	0,11	
32,0	0,13	
32,005	0,14	
32,01	0,15	
32,015	0,17	
32,02	0,18	
32,025	0,19	
32,03	0,2	
32,035	0,22	
32,04	0,23	
32,045	0,24	
32,05	0,26	
32,055	0,27	
32,06	0,29	
32,065	0,3	
32,07	0,31	
32,075	0,32	
32,08	0,33	
32,085	0,34	
32,09	0,35	
32,095	0,36	
32,1	0,37	
32,105	0,39	
32,11	0,4	
32,115	0,41	
32,12	0,42	
32,125	0,43	
32,13	0,44	
32,135	0,44	
32,14	0,45	
32,145	0,47	
32,15	0,48	
32,155	0,49	
32,16	0,5	
32,165	0,5	
32,17	0,51	
32,175	0,51	
32,18	0,52	
32,185	0,52	
32,19	0,53	
32,195	0,54	
32,2	0,55	
32,205	0,55	
32,21	0,55	
32,215	0,56	
32,22	0,56	
32,225	0,57	
32,23	0,57	
32,235	0,58	
32,24	0,58	
32,245	0,59	
32,25	0,59	
32,255	0,59	
32,26	0,6	
32,265	0,6	
32,27	0,6	
32,275	0,6	
32,28	0,6	
32,285	0,6	
32,29	0,6	
32,295	0,6	
32,3	0,6	
32,305	0,6	
32,31	0,6	
32,315	0,6	
32,32	0,6	
32,325	0,6	
32,33	0,6	
32,335	0,59	
32,34	0,59	
32,345	0,58	
32,35	0,58	
32,355	0,58	
32,36	0,57	
32,365	0,57	
32,37	0,57	
32,375	0,57	
32,38	0,56	
32,385	0,55	
32,39	0,55	
32,395	0,54	
32,4	0,53	
32,405	0,53	
32,41	0,53	
32,415	0,52	
32,42	0,52	
32,425	0,51	
32,43	0,5	
32,435	0,49	
32,44	0,48	
32,445	0,47	
32,45	0,46	
32,455	0,45	
32,46	0,45	
32,465	0,44	
32,47	0,43	
32,475	0,42	
32,48	0,41	
32,485	0,4	
32,49	0,39	
32,495	0,38	
32,5	0,37	
32,505	0,36	
32,51	0,34	
32,515	0,33	
32,52	0,32	
32,525	0,31	
32,53	0,3	
32,535	0,29	
32,54	0,27	
32,545	0,26	
32,55	0,25	
32,555	0,23	
32,56	0,22	
32,565	0,21	
32,57	0,2	
32,575	0,19	
32,58	0,18	
32,585	0,16	
32,59	0,15	
32,595	0,14	
32,6	0,12	
32,605	0,11	
32,61	0,09	
32,615	0,08	
32,62	0,07	
32,625	0,05	
32,63	0,04	
32,635	0,03	
32,64	0,02	
32,645	0	
32,65	-0,02	
32,655	-0,03	
32,66	-0,04	
32,665	-0,05	
32,67	-0,07	
32,675	-0,08	
32,68	-0,09	
32,685	-0,11	
32,69	-0,13	
32,695	-0,14	
32,7	-0,15	
32,705	-0,17	
32,71	-0,18	
32,715	-0,19	
32,72	-0,2	
32,725	-0,21	
32,73	-0,22	
32,735	-0,24	
32,74	-0,25	
32,745	-0,27	
32,75	-0,28	
32,755	-0,29	
32,76	-0,3	
32,765	-0,32	
32,77	-0,33	
32,775	-0,34	
32,78	-0,35	
32,785	-0,37	
32,79	-0,38	
32,795	-0,39	
32,8	-0,4	
32,805	-0,42	
32,81	-0,42	
32,815	-0,43	
32,82	-0,44	
32,825	-0,45	
32,83	-0,46	
32,835	-0,47	
32,84	-0,47	
32,845	-0,48	
32,85	-0,49	
32,855	-0,5	
32,86	-0,51	
32,865	-0,52	
32,87	-0,52	
32,875	-0,53	
32,88	-0,54	
32,885	-0,55	
32,89	-0,55	
32,895	-0,56	
32,9	-0,56	
32,905	-0,57	
32,91	-0,58	
32,915	-0,58	
32,92	-0,59	
32,925	-0,59	
32,93	-0,6	
32,935	-0,6	
32,94	-0,6	
32,945	-0,6	
32,95	-0,61	
32,955	-0,61	
32,96	-0,61	
32,965	-0,62	
32,97	-0,62	
32,975	-0,62	
32,98	-0,62	
32,985	-0,62	
32,99	-0,62	
32,995	-0,62	
33,0	-0,62	
33,005	-0,62	
33,01	-0,62	
33,015	-0,63	
33,02	-0,62	
33,025	-0,62	
33,03	-0,62	
33,035	-0,61	
33,04	-0,61	
33,045	-0,61	
33,05	-0,61	
33,055	-0,6	
33,06	-0,6	
33,065	-0,59	
33,07	-0,59	
33,075	-0,58	
33,08	-0,58	
33,085	-0,58	
33,09	-0,57	
33,095	-0,56	
33,1	-0,55	
33,105	-0,54	
33,11	-0,53	
33,115	-0,53	
33,12	-0,52	
33,125	-0,52	
33,13	-0,51	
33,135	-0,5	
33,14	-0,49	
33,145	-0,48	
33,15	-0,46	
33,155	-0,45	
33,16	-0,45	
33,165	-0,44	
33,17	-0,43	
33,175	-0,42	
33,18	-0,41	
33,185	-0,4	
33,19	-0,39	
33,195	-0,37	
33,2	-0,36	
33,205	-0,35	
33,21	-0,34	
33,215	-0,33	
33,22	-0,32	
33,225	-0,3	
33,23	-0,29	
33,235	-0,27	
33,24	-0,25	
33,245	-0,24	
33,25	-0,23	
33,255	-0,22	
33,26	-0,2	
33,265	-0,19	
33,27	-0,18	
33,275	-0,17	
33,28	-0,14	
33,285	-0,13	
33,29	-0,11	
33,295	-0,1	
33,3	-0,09	
33,305	-0,07	
33,31	-0,06	
33,315	-0,04	
33,32	-0,03	
33,325	-0,01	
33,33	0,01	
33,335	0,02	
33,34	0,04	
33,345	0,05	
33,35	0,07	
33,355	0,08	
33,36	0,1	
33,365	0,11	
33,37	0,13	
33,375	0,15	
33,38	0,16	
33,385	0,17	
33,39	0,19	
33,395	0,2	
33,4	0,22	
33,405	0,23	
33,41	0,25	
33,415	0,26	
33,42	0,28	
33,425	0,3	
33,43	0,31	
33,435	0,32	
33,44	0,34	
33,445	0,35	
33,45	0,37	
33,455	0,38	
33,46	0,39	
33,465	0,41	
33,47	0,42	
33,475	0,43	
33,48	0,44	
33,485	0,46	
33,49	0,47	
33,495	0,48	
33,5	0,49	
33,505	0,5	
33,51	0,51	
33,515	0,52	
33,52	0,53	
33,525	0,54	
33,53	0,55	
33,535	0,56	
33,54	0,57	
33,545	0,58	
33,55	0,59	
33,555	0,61	
33,56	0,61	
33,565	0,62	
33,57	0,63	
33,575	0,63	
33,58	0,64	
33,585	0,64	
33,59	0,65	
33,595	0,66	
33,6	0,67	
33,605	0,67	
33,61	0,68	
33,615	0,68	
33,62	0,69	
33,625	0,69	
33,63	0,69	
33,635	0,69	
33,64	0,7	
33,645	0,7	
33,65	0,7	
33,655	0,71	
33,66	0,71	
33,665	0,71	
33,67	0,7	
33,675	0,7	
33,68	0,7	
33,685	0,7	
33,69	0,7	
33,695	0,7	
33,7	0,7	
33,705	0,7	
33,71	0,69	
33,715	0,69	
33,72	0,68	
33,725	0,68	
33,73	0,68	
33,735	0,67	
33,74	0,66	
33,745	0,66	
33,75	0,65	
33,755	0,65	
33,76	0,64	
33,765	0,64	
33,77	0,63	
33,775	0,62	
33,78	0,62	
33,785	0,6	
33,79	0,59	
33,795	0,58	
33,8	0,57	
33,805	0,56	
33,81	0,56	
33,815	0,55	
33,82	0,54	
33,825	0,52	
33,83	0,51	
33,835	0,49	
33,84	0,48	
33,845	0,47	
33,85	0,46	
33,855	0,45	
33,86	0,43	
33,865	0,42	
33,87	0,41	
33,875	0,38	
33,88	0,37	
33,885	0,35	
33,89	0,34	
33,895	0,33	
33,9	0,32	
33,905	0,31	
33,91	0,29	
33,915	0,27	
33,92	0,25	
33,925	0,23	
33,93	0,21	
33,935	0,2	
33,94	0,18	
33,945	0,16	
33,95	0,15	
33,955	0,13	
33,96	0,11	
33,965	0,09	
33,97	0,07	
33,975	0,06	
33,98	0,04	
33,985	0,02	
33,99	0,01	
33,995	-0,02	
34,0	-0,03	
34,005	-0,05	
34,01	-0,07	
34,015	-0,09	
34,02	-0,1	
34,025	-0,12	
34,03	-0,14	
34,035	-0,16	
34,04	-0,17	
34,045	-0,19	
34,05	-0,21	
34,055	-0,23	
34,06	-0,25	
34,065	-0,26	
34,07	-0,28	
34,075	-0,29	
34,08	-0,31	
34,085	-0,33	
34,09	-0,35	
34,095	-0,37	
34,1	-0,39	
34,105	-0,4	
34,11	-0,41	
34,115	-0,43	
34,12	-0,44	
34,125	-0,46	
34,13	-0,48	
34,135	-0,5	
34,14	-0,51	
34,145	-0,53	
34,15	-0,54	
34,155	-0,55	
34,16	-0,56	
34,165	-0,58	
34,17	-0,59	
34,175	-0,6	
34,18	-0,61	
34,185	-0,62	
34,19	-0,64	
34,195	-0,65	
34,2	-0,66	
34,205	-0,67	
34,21	-0,68	
34,215	-0,69	
34,22	-0,7	
34,225	-0,71	
34,23	-0,72	
34,235	-0,72	
34,24	-0,74	
34,245	-0,75	
34,25	-0,76	
34,255	-0,76	
34,26	-0,76	
34,265	-0,77	
34,27	-0,77	
34,275	-0,77	
34,28	-0,78	
34,285	-0,79	
34,29	-0,79	
34,295	-0,8	
34,3	-0,8	
34,305	-0,8	
34,31	-0,8	
34,315	-0,8	
34,32	-0,8	
34,325	-0,8	
34,33	-0,8	
34,335	-0,8	
34,34	-0,8	
34,345	-0,8	
34,35	-0,8	
34,355	-0,79	
34,36	-0,79	
34,365	-0,78	
34,37	-0,78	
34,375	-0,78	
34,38	-0,78	
34,385	-0,77	
34,39	-0,76	
34,395	-0,76	
34,4	-0,75	
34,405	-0,74	
34,41	-0,73	
34,415	-0,72	
34,42	-0,71	
34,425	-0,7	
34,43	-0,69	
34,435	-0,68	
34,44	-0,67	
34,445	-0,66	
34,45	-0,65	
34,455	-0,64	
34,46	-0,63	
34,465	-0,62	
34,47	-0,61	
34,475	-0,59	
34,48	-0,58	
34,485	-0,56	
34,49	-0,55	
34,495	-0,53	
34,5	-0,52	
34,505	-0,51	
34,51	-0,48	
34,515	-0,47	
34,52	-0,45	
34,525	-0,43	
34,53	-0,42	
34,535	-0,4	
34,54	-0,39	
34,545	-0,37	
34,55	-0,36	
34,555	-0,33	
34,56	-0,31	
34,565	-0,29	
34,57	-0,27	
34,575	-0,25	
34,58	-0,24	
34,585	-0,22	
34,59	-0,21	
34,595	-0,19	
34,6	-0,16	
34,605	-0,14	
34,61	-0,12	
34,615	-0,1	
34,62	-0,08	
34,625	-0,06	
34,63	-0,04	
34,635	-0,02	
34,64	0	
34,645	0,03	
34,65	0,04	
34,655	0,06	
34,66	0,08	
34,665	0,1	
34,67	0,12	
34,675	0,14	
34,68	0,17	
34,685	0,19	
34,69	0,2	
34,695	0,24	
34,7	0,25	
34,705	0,27	
34,71	0,29	
34,715	0,31	
34,72	0,33	
34,725	0,35	
34,73	0,37	
34,735	0,38	
34,74	0,41	
34,745	0,42	
34,75	0,44	
34,755	0,46	
34,76	0,48	
34,765	0,5	
34,77	0,51	
34,775	0,53	
34,78	0,55	
34,785	0,57	
34,79	0,58	
34,795	0,6	
34,8	0,61	
34,805	0,63	
34,81	0,64	
34,815	0,66	
34,82	0,67	
34,825	0,68	
34,83	0,7	
34,835	0,71	
34,84	0,72	
34,845	0,74	
34,85	0,75	
34,855	0,76	
34,86	0,77	
34,865	0,78	
34,87	0,78	
34,875	0,79	
34,88	0,8	
34,885	0,81	
34,89	0,82	
34,895	0,83	
34,9	0,84	
34,905	0,85	
34,91	0,85	
34,915	0,85	
34,92	0,86	
34,925	0,86	
34,93	0,87	
34,935	0,87	
34,94	0,88	
34,945	0,88	
34,95	0,88	
34,955	0,88	
34,96	0,88	
34,965	0,88	
34,97	0,88	
34,975	0,88	
34,98	0,88	
34,985	0,88	
34,99	0,87	
34,995	0,87	
35,0	0,86	
35,005	0,86	
35,01	0,85	
35,015	0,85	
35,02	0,85	
35,025	0,85	
35,03	0,84	
35,035	0,83	
35,04	0,82	
35,045	0,8	
35,05	0,8	
35,055	0,79	
35,06	0,78	
35,065	0,78	
35,07	0,76	
35,075	0,75	
35,08	0,74	
35,085	0,73	
35,09	0,71	
35,095	0,7	
35,1	0,69	
35,105	0,68	
35,11	0,66	
35,115	0,64	
35,12	0,63	
35,125	0,61	
35,13	0,6	
35,135	0,58	
35,14	0,57	
35,145	0,56	
35,15	0,53	
35,155	0,51	
35,16	0,49	
35,165	0,47	
35,17	0,45	
35,175	0,44	
35,18	0,42	
35,185	0,4	
35,19	0,39	
35,195	0,36	
35,2	0,33	
35,205	0,31	
35,21	0,29	
35,215	0,27	
35,22	0,26	
35,225	0,24	
35,23	0,22	
35,235	0,2	
35,24	0,17	
35,245	0,14	
35,25	0,12	
35,255	0,1	
35,26	0,08	
35,265	0,06	
35,27	0,04	
35,275	0,02	
35,28	0	
35,285	-0,04	
35,29	-0,06	
35,295	-0,08	
35,3	-0,1	
35,305	-0,12	
35,31	-0,14	
35,315	-0,16	
35,32	-0,18	
35,325	-0,2	
35,33	-0,23	
35,335	-0,26	
35,34	-0,28	
35,345	-0,3	
35,35	-0,32	
35,355	-0,34	
35,36	-0,36	
35,365	-0,38	
35,37	-0,4	
35,375	-0,43	
35,38	-0,45	
35,385	-0,46	
35,39	-0,48	
35,395	-0,49	
35,4	-0,51	
35,405	-0,53	
35,41	-0,56	
35,415	-0,58	
35,42	-0,6	
35,425	-0,62	
35,43	-0,63	
35,435	-0,64	
35,44	-0,66	
35,445	-0,67	
35,45	-0,69	
35,455	-0,7	
35,46	-0,72	
35,465	-0,73	
35,47	-0,75	
35,475	-0,76	
35,48	-0,77	
35,485	-0,78	
35,49	-0,8	
35,495	-0,81	
35,5	-0,82	
35,505	-0,83	
35,51	-0,84	
35,515	-0,84	
35,52	-0,85	
35,525	-0,86	
35,53	-0,87	
35,535	-0,88	
35,54	-0,89	
35,545	-0,9	
35,55	-0,9	
35,555	-0,9	
35,56	-0,9	
35,565	-0,91	
35,57	-0,92	
35,575	-0,92	
35,58	-0,92	
35,585	-0,92	
35,59	-0,93	
35,595	-0,92	
35,6	-0,92	
35,605	-0,93	
35,61	-0,93	
35,615	-0,93	
35,62	-0,92	
35,625	-0,92	
35,63	-0,92	
35,635	-0,91	
35,64	-0,9	
35,645	-0,9	
35,65	-0,89	
35,655	-0,89	
35,66	-0,89	
35,665	-0,88	
35,67	-0,87	
35,675	-0,86	
35,68	-0,85	
35,685	-0,84	
35,69	-0,83	
35,695	-0,82	
35,7	-0,81	
35,705	-0,79	
35,71	-0,78	
35,715	-0,77	
35,72	-0,76	
35,725	-0,74	
35,73	-0,73	
35,735	-0,72	
35,74	-0,7	
35,745	-0,69	
35,75	-0,67	
35,755	-0,66	
35,76	-0,64	
35,765	-0,62	
35,77	-0,61	
35,775	-0,59	
35,78	-0,57	
35,785	-0,54	
35,79	-0,53	
35,795	-0,51	
35,8	-0,49	
35,805	-0,47	
35,81	-0,46	
35,815	-0,44	
35,82	-0,42	
35,825	-0,4	
35,83	-0,36	
35,835	-0,35	
35,84	-0,32	
35,845	-0,3	
35,85	-0,28	
35,855	-0,26	
35,86	-0,24	
35,865	-0,22	
35,87	-0,2	
35,875	-0,17	
35,88	-0,15	
35,885	-0,12	
35,89	-0,1	
35,895	-0,08	
35,9	-0,06	
35,905	-0,04	
35,91	-0,02	
35,915	0	
35,92	0,04	
35,925	0,06	
35,93	0,09	
35,935	0,11	
35,94	0,12	
35,945	0,15	
35,95	0,17	
35,955	0,19	
35,96	0,21	
35,965	0,25	
35,97	0,27	
35,975	0,29	
35,98	0,31	
35,985	0,33	
35,99	0,35	
35,995	0,37	
36,0	0,39	
36,005	0,41	
36,01	0,44	
36,015	0,46	
36,02	0,48	
36,025	0,49	
36,03	0,51	
36,035	0,53	
36,04	0,54	
36,045	0,56	
36,05	0,58	
36,055	0,6	
36,06	0,62	
36,065	0,63	
36,07	0,65	
36,075	0,66	
36,08	0,68	
36,085	0,7	
36,09	0,72	
36,095	0,73	
36,1	0,74	
36,105	0,76	
36,11	0,77	
36,115	0,78	
36,12	0,79	
36,125	0,81	
36,13	0,82	
36,135	0,83	
36,14	0,84	
36,145	0,85	
36,15	0,86	
36,155	0,87	
36,16	0,87	
36,165	0,88	
36,17	0,89	
36,175	0,9	
36,18	0,9	
36,185	0,91	
36,19	0,91	
36,195	0,91	
36,2	0,92	
36,205	0,92	
36,21	0,93	
36,215	0,93	
36,22	0,94	
36,225	0,94	
36,23	0,93	
36,235	0,93	
36,24	0,93	
36,245	0,92	
36,25	0,92	
36,255	0,92	
36,26	0,92	
36,265	0,92	
36,27	0,91	
36,275	0,9	
36,28	0,9	
36,285	0,89	
36,29	0,88	
36,295	0,88	
36,3	0,87	
36,305	0,87	
36,31	0,86	
36,315	0,85	
36,32	0,83	
36,325	0,82	
36,33	0,81	
36,335	0,8	
36,34	0,79	
36,345	0,78	
36,35	0,77	
36,355	0,75	
36,36	0,73	
36,365	0,72	
36,37	0,71	
36,375	0,69	
36,38	0,67	
36,385	0,66	
36,39	0,65	
36,395	0,63	
36,4	0,61	
36,405	0,6	
36,41	0,58	
36,415	0,56	
36,42	0,54	
36,425	0,52	
36,43	0,5	
36,435	0,48	
36,44	0,46	
36,445	0,44	
36,45	0,42	
36,455	0,41	
36,46	0,39	
36,465	0,36	
36,47	0,34	
36,475	0,32	
36,48	0,3	
36,485	0,27	
36,49	0,25	
36,495	0,23	
36,5	0,22	
36,505	0,2	
36,51	0,18	
36,515	0,14	
36,52	0,12	
36,525	0,09	
36,53	0,07	
36,535	0,05	
36,54	0,03	
36,545	0,02	
36,55	0	
36,555	-0,02	
36,56	-0,06	
36,565	-0,08	
36,57	-0,11	
36,575	-0,13	
36,58	-0,15	
36,585	-0,17	
36,59	-0,19	
36,595	-0,2	
36,6	-0,23	
36,605	-0,26	
36,61	-0,28	
36,615	-0,3	
36,62	-0,32	
36,625	-0,34	
36,63	-0,36	
36,635	-0,38	
36,64	-0,4	
36,645	-0,42	
36,65	-0,44	
36,655	-0,46	
36,66	-0,48	
36,665	-0,5	
36,67	-0,51	
36,675	-0,53	
36,68	-0,55	
36,685	-0,56	
36,69	-0,58	
36,695	-0,6	
36,7	-0,61	
36,705	-0,63	
36,71	-0,64	
36,715	-0,66	
36,72	-0,67	
36,725	-0,69	
36,73	-0,7	
36,735	-0,71	
36,74	-0,73	
36,745	-0,74	
36,75	-0,76	
36,755	-0,77	
36,76	-0,78	
36,765	-0,79	
36,77	-0,8	
36,775	-0,81	
36,78	-0,82	
36,785	-0,82	
36,79	-0,83	
36,795	-0,84	
36,8	-0,85	
36,805	-0,85	
36,81	-0,86	
36,815	-0,86	
36,82	-0,86	
36,825	-0,87	
36,83	-0,87	
36,835	-0,88	
36,84	-0,88	
36,845	-0,88	
36,85	-0,88	
36,855	-0,89	
36,86	-0,89	
36,865	-0,89	
36,87	-0,88	
36,875	-0,88	
36,88	-0,88	
36,885	-0,88	
36,89	-0,88	
36,895	-0,88	
36,9	-0,87	
36,905	-0,87	
36,91	-0,86	
36,915	-0,85	
36,92	-0,85	
36,925	-0,84	
36,93	-0,84	
36,935	-0,83	
36,94	-0,83	
36,945	-0,81	
36,95	-0,8	
36,955	-0,79	
36,96	-0,78	
36,965	-0,77	
36,97	-0,76	
36,975	-0,75	
36,98	-0,74	
36,985	-0,73	
36,99	-0,72	
36,995	-0,7	
37,0	-0,69	
37,005	-0,68	
37,01	-0,67	
37,015	-0,64	
37,02	-0,63	
37,025	-0,61	
37,03	-0,6	
37,035	-0,58	
37,04	-0,57	
37,045	-0,55	
37,05	-0,54	
37,055	-0,52	
37,06	-0,5	
37,065	-0,48	
37,07	-0,46	
37,075	-0,44	
37,08	-0,42	
37,085	-0,41	
37,09	-0,39	
37,095	-0,38	
37,1	-0,36	
37,105	-0,33	
37,11	-0,31	
37,115	-0,29	
37,12	-0,27	
37,125	-0,25	
37,13	-0,23	
37,135	-0,21	
37,14	-0,2	
37,145	-0,18	
37,15	-0,14	
37,155	-0,12	
37,16	-0,1	
37,165	-0,08	
37,17	-0,07	
37,175	-0,05	
37,18	-0,03	
37,185	-0,01	
37,19	0,02	
37,195	0,05	
37,2	0,07	
37,205	0,09	
37,21	0,1	
37,215	0,13	
37,22	0,14	
37,225	0,16	
37,23	0,18	
37,235	0,2	
37,24	0,23	
37,245	0,25	
37,25	0,27	
37,255	0,29	
37,26	0,3	
37,265	0,32	
37,27	0,34	
37,275	0,35	
37,28	0,37	
37,285	0,4	
37,29	0,42	
37,295	0,43	
37,3	0,45	
37,305	0,46	
37,31	0,48	
37,315	0,5	
37,32	0,51	
37,325	0,53	
37,33	0,55	
37,335	0,56	
37,34	0,57	
37,345	0,59	
37,35	0,6	
37,355	0,62	
37,36	0,63	
37,365	0,64	
37,37	0,65	
37,375	0,66	
37,38	0,68	
37,385	0,69	
37,39	0,7	
37,395	0,71	
37,4	0,71	
37,405	0,72	
37,41	0,73	
37,415	0,74	
37,42	0,75	
37,425	0,76	
37,43	0,77	
37,435	0,77	
37,44	0,78	
37,445	0,79	
37,45	0,79	
37,455	0,79	
37,46	0,79	
37,465	0,79	
37,47	0,8	
37,475	0,8	
37,48	0,81	
37,485	0,81	
37,49	0,81	
37,495	0,81	
37,5	0,81	
37,505	0,81	
37,51	0,81	
37,515	0,81	
37,52	0,81	
37,525	0,81	
37,53	0,8	
37,535	0,8	
37,54	0,79	
37,545	0,79	
37,55	0,78	
37,555	0,78	
37,56	0,78	
37,565	0,77	
37,57	0,76	
37,575	0,76	
37,58	0,75	
37,585	0,74	
37,59	0,73	
37,595	0,72	
37,6	0,72	
37,605	0,7	
37,61	0,7	
37,615	0,69	
37,62	0,68	
37,625	0,67	
37,63	0,65	
37,635	0,64	
37,64	0,63	
37,645	0,62	
37,65	0,6	
37,655	0,59	
37,66	0,57	
37,665	0,56	
37,67	0,55	
37,675	0,53	
37,68	0,52	
37,685	0,51	
37,69	0,49	
37,695	0,47	
37,7	0,46	
37,705	0,45	
37,71	0,43	
37,715	0,42	
37,72	0,4	
37,725	0,39	
37,73	0,37	
37,735	0,35	
37,74	0,33	
37,745	0,31	
37,75	0,29	
37,755	0,27	
37,76	0,26	
37,765	0,24	
37,77	0,22	
37,775	0,21	
37,78	0,19	
37,785	0,16	
37,79	0,14	
37,795	0,13	
37,8	0,11	
37,805	0,1	
37,81	0,08	
37,815	0,06	
37,82	0,05	
37,825	0,03	
37,83	0,01	
37,835	-0,02	
37,84	-0,04	
37,845	-0,05	
37,85	-0,07	
37,855	-0,08	
37,86	-0,1	
37,865	-0,12	
37,87	-0,14	
37,875	-0,16	
37,88	-0,19	
37,885	-0,2	
37,89	-0,22	
37,895	-0,23	
37,9	-0,25	
37,905	-0,27	
37,91	-0,28	
37,915	-0,3	
37,92	-0,31	
37,925	-0,33	
37,93	-0,34	
37,935	-0,36	
37,94	-0,37	
37,945	-0,39	
37,95	-0,4	
37,955	-0,42	
37,96	-0,43	
37,965	-0,44	
37,97	-0,46	
37,975	-0,47	
37,98	-0,49	
37,985	-0,5	
37,99	-0,51	
37,995	-0,53	
38,0	-0,53	
38,005	-0,54	
38,01	-0,55	
38,015	-0,56	
38,02	-0,57	
38,025	-0,58	
38,03	-0,59	
38,035	-0,61	
38,04	-0,62	
38,045	-0,63	
38,05	-0,63	
38,055	-0,64	
38,06	-0,65	
38,065	-0,65	
38,07	-0,66	
38,075	-0,67	
38,08	-0,68	
38,085	-0,68	
38,09	-0,69	
38,095	-0,69	
38,1	-0,69	
38,105	-0,7	
38,11	-0,7	
38,115	-0,7	
38,12	-0,71	
38,125	-0,71	
38,13	-0,71	
38,135	-0,71	
38,14	-0,71	
38,145	-0,71	
38,15	-0,71	
38,155	-0,71	
38,16	-0,71	
38,165	-0,71	
38,17	-0,71	
38,175	-0,71	
38,18	-0,71	
38,185	-0,7	
38,19	-0,7	
38,195	-0,7	
38,2	-0,69	
38,205	-0,69	
38,21	-0,69	
38,215	-0,68	
38,22	-0,67	
38,225	-0,67	
38,23	-0,66	
38,235	-0,66	
38,24	-0,65	
38,245	-0,64	
38,25	-0,63	
38,255	-0,63	
38,26	-0,62	
38,265	-0,61	
38,27	-0,6	
38,275	-0,59	
38,28	-0,59	
38,285	-0,57	
38,29	-0,56	
38,295	-0,55	
38,3	-0,54	
38,305	-0,53	
38,31	-0,51	
38,315	-0,51	
38,32	-0,5	
38,325	-0,49	
38,33	-0,48	
38,335	-0,46	
38,34	-0,44	
38,345	-0,43	
38,35	-0,42	
38,355	-0,41	
38,36	-0,39	
38,365	-0,38	
38,37	-0,37	
38,375	-0,36	
38,38	-0,33	
38,385	-0,32	
38,39	-0,31	
38,395	-0,29	
38,4	-0,28	
38,405	-0,27	
38,41	-0,25	
38,415	-0,24	
38,42	-0,22	
38,425	-0,2	
38,43	-0,19	
38,435	-0,17	
38,44	-0,16	
38,445	-0,14	
38,45	-0,12	
38,455	-0,11	
38,46	-0,09	
38,465	-0,08	
38,47	-0,06	
38,475	-0,05	
38,48	-0,03	
38,485	-0,02	
38,49	0	
38,495	0,01	
38,5	0,03	
38,505	0,04	
38,51	0,06	
38,515	0,08	
38,52	0,1	
38,525	0,11	
38,53	0,12	
38,535	0,13	
38,54	0,15	
38,545	0,16	
38,55	0,18	
38,555	0,2	
38,56	0,22	
38,565	0,23	
38,57	0,24	
38,575	0,25	
38,58	0,26	
38,585	0,28	
38,59	0,29	
38,595	0,3	
38,6	0,31	
38,605	0,33	
38,61	0,35	
38,615	0,36	
38,62	0,37	
38,625	0,38	
38,63	0,4	
38,635	0,41	
38,64	0,41	
38,645	0,43	
38,65	0,44	
38,655	0,45	
38,66	0,46	
38,665	0,47	
38,67	0,48	
38,675	0,49	
38,68	0,5	
38,685	0,51	
38,69	0,51	
38,695	0,52	
38,7	0,53	
38,705	0,54	
38,71	0,54	
38,715	0,55	
38,72	0,56	
38,725	0,57	
38,73	0,57	
38,735	0,58	
38,74	0,58	
38,745	0,58	
38,75	0,59	
38,755	0,59	
38,76	0,6	
38,765	0,6	
38,77	0,61	
38,775	0,61	
38,78	0,62	
38,785	0,61	
38,79	0,62	
38,795	0,62	
38,8	0,62	
38,805	0,62	
38,81	0,63	
38,815	0,63	
38,82	0,63	
38,825	0,63	
38,83	0,62	
38,835	0,62	
38,84	0,62	
38,845	0,62	
38,85	0,62	
38,855	0,61	
38,86	0,61	
38,865	0,61	
38,87	0,61	
38,875	0,6	
38,88	0,6	
38,885	0,59	
38,89	0,59	
38,895	0,59	
38,9	0,58	
38,905	0,58	
38,91	0,57	
38,915	0,56	
38,92	0,56	
38,925	0,55	
38,93	0,55	
38,935	0,54	
38,94	0,54	
38,945	0,53	
38,95	0,52	
38,955	0,51	
38,96	0,5	
38,965	0,49	
38,97	0,48	
38,975	0,48	
38,98	0,47	
38,985	0,46	
38,99	0,45	
38,995	0,44	
39,0	0,42	
39,005	0,42	
39,01	0,41	
39,015	0,39	
39,02	0,38	
39,025	0,37	
39,03	0,36	
39,035	0,35	
39,04	0,34	
39,045	0,33	
39,05	0,31	
39,055	0,3	
39,06	0,29	
39,065	0,28	
39,07	0,26	
39,075	0,25	
39,08	0,24	
39,085	0,22	
39,09	0,21	
39,095	0,2	
39,1	0,19	
39,105	0,17	
39,11	0,16	
39,115	0,15	
39,12	0,13	
39,125	0,12	
39,13	0,11	
39,135	0,1	
39,14	0,09	
39,145	0,07	
39,15	0,05	
39,155	0,04	
39,16	0,02	
39,165	0,01	
39,17	0	
39,175	-0,02	
39,18	-0,03	
39,185	-0,04	
39,19	-0,05	
39,195	-0,06	
39,2	-0,09	
39,205	-0,1	
39,21	-0,11	
39,215	-0,12	
39,22	-0,13	
39,225	-0,14	
39,23	-0,15	
39,235	-0,17	
39,24	-0,18	
39,245	-0,2	
39,25	-0,22	
39,255	-0,23	
39,26	-0,24	
39,265	-0,25	
39,27	-0,26	
39,275	-0,27	
39,28	-0,28	
39,285	-0,29	
39,29	-0,31	
39,295	-0,32	
39,3	-0,33	
39,305	-0,34	
39,31	-0,35	
39,315	-0,36	
39,32	-0,37	
39,325	-0,38	
39,33	-0,39	
39,335	-0,4	
39,34	-0,41	
39,345	-0,42	
39,35	-0,43	
39,355	-0,43	
39,36	-0,44	
39,365	-0,45	
39,37	-0,46	
39,375	-0,47	
39,38	-0,48	
39,385	-0,49	
39,39	-0,49	
39,395	-0,5	
39,4	-0,51	
39,405	-0,51	
39,41	-0,52	
39,415	-0,53	
39,42	-0,53	
39,425	-0,54	
39,43	-0,54	
39,435	-0,55	
39,44	-0,55	
39,445	-0,55	
39,45	-0,56	
39,455	-0,57	
39,46	-0,57	
39,465	-0,57	
39,47	-0,58	
39,475	-0,58	
39,48	-0,58	
39,485	-0,58	
39,49	-0,59	
39,495	-0,59	
39,5	-0,59	
39,505	-0,59	
39,51	-0,59	
39,515	-0,59	
39,52	-0,58	
39,525	-0,58	
39,53	-0,59	
39,535	-0,58	
39,54	-0,58	
39,545	-0,58	
39,55	-0,58	
39,555	-0,58	
39,56	-0,57	
39,565	-0,57	
39,57	-0,57	
39,575	-0,57	
39,58	-0,57	
39,585	-0,56	
39,59	-0,56	
39,595	-0,55	
39,6	-0,54	
39,605	-0,53	
39,61	-0,53	
39,615	-0,53	
39,62	-0,52	
39,625	-0,52	
39,63	-0,51	
39,635	-0,5	
39,64	-0,49	
39,645	-0,49	
39,65	-0,48	
39,655	-0,47	
39,66	-0,47	
39,665	-0,46	
39,67	-0,45	
39,675	-0,44	
39,68	-0,43	
39,685	-0,42	
39,69	-0,41	
39,695	-0,4	
39,7	-0,39	
39,705	-0,38	
39,71	-0,37	
39,715	-0,36	
39,72	-0,35	
39,725	-0,34	
39,73	-0,33	
39,735	-0,32	
39,74	-0,31	
39,745	-0,3	
39,75	-0,28	
39,755	-0,27	
39,76	-0,26	
39,765	-0,25	
39,77	-0,24	
39,775	-0,23	
39,78	-0,22	
39,785	-0,21	
39,79	-0,19	
39,795	-0,18	
39,8	-0,16	
39,805	-0,14	
39,81	-0,14	
39,815	-0,12	
39,82	-0,11	
39,825	-0,1	
39,83	-0,09	
39,835	-0,07	
39,84	-0,05	
39,845	-0,04	
39,85	-0,03	
39,855	-0,02	
39,86	0	
39,865	0,01	
39,87	0,02	
39,875	0,04	
39,88	0,06	
39,885	0,07	
39,89	0,08	
39,895	0,09	
39,9	0,1	
39,905	0,11	
39,91	0,13	
39,915	0,14	
39,92	0,16	
39,925	0,18	
39,93	0,19	
39,935	0,21	
39,94	0,22	
39,945	0,23	
39,95	0,23	
39,955	0,25	
39,96	0,26	
39,965	0,27	
39,97	0,29	
39,975	0,31	
39,98	0,32	
39,985	0,32	
39,99	0,33	
39,995	0,34	
40,0	0,35	
40,005	0,37	
40,01	0,38	
40,015	0,4	
40,02	0,41	
40,025	0,41	
40,03	0,42	
40,035	0,43	
40,04	0,44	
40,045	0,45	
40,05	0,46	
40,055	0,47	
40,06	0,49	
40,065	0,49	
40,07	0,5	
40,075	0,5	
40,08	0,51	
40,085	0,52	
40,09	0,53	
40,095	0,54	
40,1	0,54	
40,105	0,55	
40,11	0,56	
40,115	0,56	
40,12	0,57	
40,125	0,57	
40,13	0,58	
40,135	0,59	
40,14	0,59	
40,145	0,59	
40,15	0,6	
40,155	0,6	
40,16	0,6	
40,165	0,61	
40,17	0,61	
40,175	0,62	
40,18	0,62	
40,185	0,62	
40,19	0,62	
40,195	0,62	
40,2	0,62	
40,205	0,62	
40,21	0,62	
40,215	0,63	
40,22	0,62	
40,225	0,62	
40,23	0,62	
40,235	0,62	
40,24	0,61	
40,245	0,61	
40,25	0,61	
40,255	0,61	
40,26	0,61	
40,265	0,6	
40,27	0,6	
40,275	0,59	
40,28	0,59	
40,285	0,58	
40,29	0,58	
40,295	0,58	
40,3	0,57	
40,305	0,57	
40,31	0,56	
40,315	0,55	
40,32	0,54	
40,325	0,53	
40,33	0,53	
40,335	0,52	
40,34	0,51	
40,345	0,5	
40,35	0,49	
40,355	0,48	
40,36	0,47	
40,365	0,46	
40,37	0,45	
40,375	0,45	
40,38	0,44	
40,385	0,43	
40,39	0,41	
40,395	0,4	
40,4	0,39	
40,405	0,37	
40,41	0,36	
40,415	0,35	
40,42	0,35	
40,425	0,33	
40,43	0,32	
40,435	0,31	
40,44	0,29	
40,445	0,28	
40,45	0,26	
40,455	0,25	
40,46	0,24	
40,465	0,23	
40,47	0,21	
40,475	0,19	
40,48	0,18	
40,485	0,16	
40,49	0,15	
40,495	0,14	
40,5	0,12	
40,505	0,11	
40,51	0,1	
40,515	0,07	
40,52	0,06	
40,525	0,04	
40,53	0,02	
40,535	0,01	
40,54	0	
40,545	-0,02	
40,55	-0,03	
40,555	-0,04	
40,56	-0,06	
40,565	-0,08	
40,57	-0,1	
40,575	-0,12	
40,58	-0,13	
40,585	-0,14	
40,59	-0,16	
40,595	-0,17	
40,6	-0,19	
40,605	-0,2	
40,61	-0,23	
40,615	-0,24	
40,62	-0,25	
40,625	-0,27	
40,63	-0,28	
40,635	-0,29	
40,64	-0,3	
40,645	-0,32	
40,65	-0,33	
40,655	-0,35	
40,66	-0,36	
40,665	-0,38	
40,67	-0,39	
40,675	-0,4	
40,68	-0,42	
40,685	-0,43	
40,69	-0,44	
40,695	-0,46	
40,7	-0,47	
40,705	-0,48	
40,71	-0,49	
40,715	-0,5	
40,72	-0,51	
40,725	-0,53	
40,73	-0,53	
40,735	-0,55	
40,74	-0,56	
40,745	-0,57	
40,75	-0,58	
40,755	-0,59	
40,76	-0,59	
40,765	-0,6	
40,77	-0,61	
40,775	-0,62	
40,78	-0,63	
40,785	-0,64	
40,79	-0,65	
40,795	-0,65	
40,8	-0,66	
40,805	-0,66	
40,81	-0,67	
40,815	-0,67	
40,82	-0,68	
40,825	-0,68	
40,83	-0,69	
40,835	-0,69	
40,84	-0,7	
40,845	-0,7	
40,85	-0,7	
40,855	-0,7	
40,86	-0,71	
40,865	-0,71	
40,87	-0,71	
40,875	-0,7	
40,88	-0,7	
40,885	-0,7	
40,89	-0,71	
40,895	-0,71	
40,9	-0,71	
40,905	-0,7	
40,91	-0,7	
40,915	-0,7	
40,92	-0,7	
40,925	-0,69	
40,93	-0,69	
40,935	-0,69	
40,94	-0,69	
40,945	-0,68	
40,95	-0,68	
40,955	-0,67	
40,96	-0,66	
40,965	-0,65	
40,97	-0,64	
40,975	-0,63	
40,98	-0,63	
40,985	-0,62	
40,99	-0,61	
40,995	-0,6	
41,0	-0,59	
41,005	-0,59	
41,01	-0,58	
41,015	-0,57	
41,02	-0,56	
41,025	-0,54	
41,03	-0,53	
41,035	-0,52	
41,04	-0,51	
41,045	-0,49	
41,05	-0,48	
41,055	-0,47	
41,06	-0,46	
41,065	-0,44	
41,07	-0,43	
41,075	-0,42	
41,08	-0,4	
41,085	-0,39	
41,09	-0,37	
41,095	-0,36	
41,1	-0,34	
41,105	-0,33	
41,11	-0,31	
41,115	-0,29	
41,12	-0,27	
41,125	-0,26	
41,13	-0,24	
41,135	-0,22	
41,14	-0,21	
41,145	-0,2	
41,15	-0,18	
41,155	-0,16	
41,16	-0,14	
41,165	-0,12	
41,17	-0,1	
41,175	-0,09	
41,18	-0,07	
41,185	-0,05	
41,19	-0,04	
41,195	-0,02	
41,2	0	
41,205	0,02	
41,21	0,04	
41,215	0,05	
41,22	0,07	
41,225	0,09	
41,23	0,11	
41,235	0,12	
41,24	0,15	
41,245	0,17	
41,25	0,19	
41,255	0,21	
41,26	0,22	
41,265	0,24	
41,27	0,25	
41,275	0,27	
41,28	0,29	
41,285	0,31	
41,29	0,33	
41,295	0,35	
41,3	0,36	
41,305	0,38	
41,31	0,39	
41,315	0,41	
41,32	0,42	
41,325	0,44	
41,33	0,46	
41,335	0,48	
41,34	0,49	
41,345	0,51	
41,35	0,52	
41,355	0,53	
41,36	0,55	
41,365	0,56	
41,37	0,58	
41,375	0,59	
41,38	0,61	
41,385	0,62	
41,39	0,63	
41,395	0,64	
41,4	0,65	
41,405	0,66	
41,41	0,67	
41,415	0,68	
41,42	0,69	
41,425	0,7	
41,43	0,71	
41,435	0,72	
41,44	0,72	
41,445	0,73	
41,45	0,74	
41,455	0,75	
41,46	0,75	
41,465	0,76	
41,47	0,76	
41,475	0,77	
41,48	0,78	
41,485	0,78	
41,49	0,79	
41,495	0,8	
41,5	0,8	
41,505	0,8	
41,51	0,79	
41,515	0,79	
41,52	0,8	
41,525	0,8	
41,53	0,81	
41,535	0,81	
41,54	0,8	
41,545	0,8	
41,55	0,8	
41,555	0,79	
41,56	0,79	
41,565	0,79	
41,57	0,79	
41,575	0,79	
41,58	0,78	
41,585	0,78	
41,59	0,77	
41,595	0,76	
41,6	0,75	
41,605	0,74	
41,61	0,73	
41,615	0,73	
41,62	0,72	
41,625	0,71	
41,63	0,7	
41,635	0,69	
41,64	0,68	
41,645	0,67	
41,65	0,66	
41,655	0,65	
41,66	0,64	
41,665	0,63	
41,67	0,62	
41,675	0,6	
41,68	0,59	
41,685	0,57	
41,69	0,56	
41,695	0,55	
41,7	0,53	
41,705	0,52	
41,71	0,5	
41,715	0,49	
41,72	0,47	
41,725	0,46	
41,73	0,44	
41,735	0,42	
41,74	0,41	
41,745	0,39	
41,75	0,37	
41,755	0,35	
41,76	0,33	
41,765	0,31	
41,77	0,29	
41,775	0,28	
41,78	0,26	
41,785	0,24	
41,79	0,22	
41,795	0,2	
41,8	0,18	
41,805	0,16	
41,81	0,14	
41,815	0,12	
41,82	0,1	
41,825	0,08	
41,83	0,06	
41,835	0,03	
41,84	0,01	
41,845	-0,01	
41,85	-0,03	
41,855	-0,05	
41,86	-0,07	
41,865	-0,09	
41,87	-0,11	
41,875	-0,13	
41,88	-0,16	
41,885	-0,18	
41,89	-0,19	
41,895	-0,21	
41,9	-0,23	
41,905	-0,24	
41,91	-0,26	
41,915	-0,28	
41,92	-0,31	
41,925	-0,32	
41,93	-0,35	
41,935	-0,37	
41,94	-0,38	
41,945	-0,4	
41,95	-0,41	
41,955	-0,43	
41,96	-0,45	
41,965	-0,47	
41,97	-0,49	
41,975	-0,52	
41,98	-0,53	
41,985	-0,54	
41,99	-0,56	
41,995	-0,57	
42,0	-0,59	
42,005	-0,61	
42,01	-0,63	
42,015	-0,64	
42,02	-0,66	
42,025	-0,67	
42,03	-0,67	
42,035	-0,68	
42,04	-0,7	
42,045	-0,71	
42,05	-0,73	
42,055	-0,74	
42,06	-0,75	
42,065	-0,77	
42,07	-0,77	
42,075	-0,78	
42,08	-0,79	
42,085	-0,8	
42,09	-0,81	
42,095	-0,82	
42,1	-0,83	
42,105	-0,83	
42,11	-0,83	
42,115	-0,83	
42,12	-0,84	
42,125	-0,85	
42,13	-0,86	
42,135	-0,86	
42,14	-0,87	
42,145	-0,87	
42,15	-0,86	
42,155	-0,86	
42,16	-0,87	
42,165	-0,87	
42,17	-0,87	
42,175	-0,87	
42,18	-0,87	
42,185	-0,87	
42,19	-0,87	
42,195	-0,86	
42,2	-0,86	
42,205	-0,85	
42,21	-0,85	
42,215	-0,85	
42,22	-0,84	
42,225	-0,84	
42,23	-0,83	
42,235	-0,82	
42,24	-0,82	
42,245	-0,81	
42,25	-0,8	
42,255	-0,79	
42,26	-0,78	
42,265	-0,77	
42,27	-0,76	
42,275	-0,75	
42,28	-0,74	
42,285	-0,72	
42,29	-0,71	
42,295	-0,7	
42,3	-0,69	
42,305	-0,68	
42,31	-0,66	
42,315	-0,65	
42,32	-0,63	
42,325	-0,62	
42,33	-0,6	
42,335	-0,58	
42,34	-0,56	
42,345	-0,55	
42,35	-0,53	
42,355	-0,51	
42,36	-0,5	
42,365	-0,48	
42,37	-0,46	
42,375	-0,45	
42,38	-0,43	
42,385	-0,4	
42,39	-0,39	
42,395	-0,37	
42,4	-0,35	
42,405	-0,33	
42,41	-0,31	
42,415	-0,29	
42,42	-0,27	
42,425	-0,25	
42,43	-0,22	
42,435	-0,2	
42,44	-0,18	
42,445	-0,15	
42,45	-0,13	
42,455	-0,12	
42,46	-0,1	
42,465	-0,08	
42,47	-0,06	
42,475	-0,02	
42,48	0	
42,485	0,02	
42,49	0,04	
42,495	0,06	
42,5	0,08	
42,505	0,1	
42,51	0,12	
42,515	0,14	
42,52	0,17	
42,525	0,19	
42,53	0,21	
42,535	0,23	
42,54	0,25	
42,545	0,27	
42,55	0,29	
42,555	0,31	
42,56	0,33	
42,565	0,36	
42,57	0,38	
42,575	0,4	
42,58	0,42	
42,585	0,44	
42,59	0,45	
42,595	0,47	
42,6	0,49	
42,605	0,51	
42,61	0,54	
42,615	0,55	
42,62	0,57	
42,625	0,59	
42,63	0,6	
42,635	0,62	
42,64	0,63	
42,645	0,65	
42,65	0,66	
42,655	0,68	
42,66	0,69	
42,665	0,71	
42,67	0,72	
42,675	0,74	
42,68	0,75	
42,685	0,76	
42,69	0,78	
42,695	0,79	
42,7	0,8	
42,705	0,81	
42,71	0,82	
42,715	0,82	
42,72	0,83	
42,725	0,84	
42,73	0,85	
42,735	0,86	
42,74	0,87	
42,745	0,88	
42,75	0,88	
42,755	0,89	
42,76	0,89	
42,765	0,89	
42,77	0,89	
42,775	0,9	
42,78	0,9	
42,785	0,91	
42,79	0,91	
42,795	0,91	
42,8	0,9	
42,805	0,9	
42,81	0,91	
42,815	0,91	
42,82	0,91	
42,825	0,9	
42,83	0,9	
42,835	0,89	
42,84	0,88	
42,845	0,88	
42,85	0,88	
42,855	0,87	
42,86	0,87	
42,865	0,86	
42,87	0,85	
42,875	0,84	
42,88	0,84	
42,885	0,82	
42,89	0,81	
42,895	0,81	
42,9	0,8	
42,905	0,79	
42,91	0,78	
42,915	0,77	
42,92	0,75	
42,925	0,73	
42,93	0,71	
42,935	0,7	
42,94	0,69	
42,945	0,68	
42,95	0,67	
42,955	0,65	
42,96	0,64	
42,965	0,62	
42,97	0,6	
42,975	0,58	
42,98	0,57	
42,985	0,55	
42,99	0,53	
42,995	0,51	
43,0	0,49	
43,005	0,47	
43,01	0,44	
43,015	0,43	
43,02	0,41	
43,025	0,39	
43,03	0,38	
43,035	0,36	
43,04	0,34	
43,045	0,31	
43,05	0,29	
43,055	0,27	
43,06	0,25	
43,065	0,23	
43,07	0,21	
43,075	0,19	
43,08	0,16	
43,085	0,14	
43,09	0,11	
43,095	0,09	
43,1	0,07	
43,105	0,05	
43,11	0,02	
43,115	0	
43,12	-0,02	
43,125	-0,05	
43,13	-0,07	
43,135	-0,09	
43,14	-0,11	
43,145	-0,13	
43,15	-0,14	
43,155	-0,17	
43,16	-0,2	
43,165	-0,22	
43,17	-0,24	
43,175	-0,26	
43,18	-0,28	
43,185	-0,3	
43,19	-0,32	
43,195	-0,34	
43,2	-0,37	
43,205	-0,39	
43,21	-0,41	
43,215	-0,43	
43,22	-0,45	
43,225	-0,47	
43,23	-0,48	
43,235	-0,5	
43,24	-0,52	
43,245	-0,54	
43,25	-0,56	
43,255	-0,58	
43,26	-0,6	
43,265	-0,61	
43,27	-0,62	
43,275	-0,63	
43,28	-0,65	
43,285	-0,66	
43,29	-0,68	
43,295	-0,7	
43,3	-0,72	
43,305	-0,73	
43,31	-0,74	
43,315	-0,75	
43,32	-0,76	
43,325	-0,78	
43,33	-0,79	
43,335	-0,8	
43,34	-0,81	
43,345	-0,82	
43,35	-0,83	
43,355	-0,83	
43,36	-0,84	
43,365	-0,84	
43,37	-0,85	
43,375	-0,86	
43,38	-0,87	
43,385	-0,88	
43,39	-0,88	
43,395	-0,88	
43,4	-0,89	
43,405	-0,89	
43,41	-0,9	
43,415	-0,9	
43,42	-0,91	
43,425	-0,9	
43,43	-0,9	
43,435	-0,9	
43,44	-0,89	
43,445	-0,89	
43,45	-0,89	
43,455	-0,89	
43,46	-0,89	
43,465	-0,89	
43,47	-0,88	
43,475	-0,87	
43,48	-0,86	
43,485	-0,86	
43,49	-0,86	
43,495	-0,85	
43,5	-0,85	
43,505	-0,84	
43,51	-0,83	
43,515	-0,82	
43,52	-0,81	
43,525	-0,8	
43,53	-0,79	
43,535	-0,78	
43,54	-0,77	
43,545	-0,76	
43,55	-0,75	
43,555	-0,73	
43,56	-0,72	
43,565	-0,7	
43,57	-0,69	
43,575	-0,68	
43,58	-0,67	
43,585	-0,65	
43,59	-0,63	
43,595	-0,62	
43,6	-0,6	
43,605	-0,58	
43,61	-0,56	
43,615	-0,55	
43,62	-0,53	
43,625	-0,52	
43,63	-0,51	
43,635	-0,49	
43,64	-0,47	
43,645	-0,45	
43,65	-0,42	
43,655	-0,4	
43,66	-0,38	
43,665	-0,37	
43,67	-0,35	
43,675	-0,33	
43,68	-0,3	
43,685	-0,28	
43,69	-0,26	
43,695	-0,24	
43,7	-0,22	
43,705	-0,2	
43,71	-0,18	
43,715	-0,16	
43,72	-0,14	
43,725	-0,12	
43,73	-0,09	
43,735	-0,07	
43,74	-0,06	
43,745	-0,04	
43,75	-0,01	
43,755	0,02	
43,76	0,04	
43,765	0,07	
43,77	0,09	
43,775	0,11	
43,78	0,13	
43,785	0,14	
43,79	0,16	
43,795	0,19	
43,8	0,21	
43,805	0,24	
43,81	0,26	
43,815	0,28	
43,82	0,29	
43,825	0,31	
43,83	0,32	
43,835	0,34	
43,84	0,37	
43,845	0,4	
43,85	0,42	
43,855	0,44	
43,86	0,45	
43,865	0,47	
43,87	0,48	
43,875	0,5	
43,88	0,51	
43,885	0,54	
43,89	0,56	
43,895	0,58	
43,9	0,59	
43,905	0,6	
43,91	0,61	
43,915	0,62	
43,92	0,64	
43,925	0,65	
43,93	0,67	
43,935	0,69	
43,94	0,7	
43,945	0,7	
43,95	0,71	
43,955	0,72	
43,96	0,73	
43,965	0,75	
43,97	0,76	
43,975	0,78	
43,98	0,79	
43,985	0,79	
43,99	0,8	
43,995	0,8	
44,0	0,8	
44,005	0,81	
44,01	0,82	
44,015	0,82	
44,02	0,83	
44,025	0,84	
44,03	0,84	
44,035	0,84	
44,04	0,84	
44,045	0,84	
44,05	0,84	
44,055	0,84	
44,06	0,85	
44,065	0,85	
44,07	0,85	
44,075	0,85	
44,08	0,84	
44,085	0,84	
44,09	0,84	
44,095	0,84	
44,1	0,84	
44,105	0,84	
44,11	0,83	
44,115	0,82	
44,12	0,82	
44,125	0,81	
44,13	0,8	
44,135	0,8	
44,14	0,79	
44,145	0,79	
44,15	0,78	
44,155	0,76	
44,16	0,75	
44,165	0,74	
44,17	0,73	
44,175	0,73	
44,18	0,72	
44,185	0,71	
44,19	0,7	
44,195	0,69	
44,2	0,67	
44,205	0,65	
44,21	0,63	
44,215	0,62	
44,22	0,61	
44,225	0,6	
44,23	0,59	
44,235	0,57	
44,24	0,55	
44,245	0,54	
44,25	0,51	
44,255	0,5	
44,26	0,49	
44,265	0,48	
44,27	0,46	
44,275	0,45	
44,28	0,43	
44,285	0,41	
44,29	0,39	
44,295	0,37	
44,3	0,35	
44,305	0,34	
44,31	0,32	
44,315	0,3	
44,32	0,27	
44,325	0,25	
44,33	0,23	
44,335	0,22	
44,34	0,19	
44,345	0,18	
44,35	0,16	
44,355	0,14	
44,36	0,12	
44,365	0,1	
44,37	0,07	
44,375	0,06	
44,38	0,04	
44,385	0,02	
44,39	0	
44,395	-0,02	
44,4	-0,04	
44,405	-0,06	
44,41	-0,08	
44,415	-0,1	
44,42	-0,12	
44,425	-0,14	
44,43	-0,16	
44,435	-0,18	
44,44	-0,2	
44,445	-0,22	
44,45	-0,24	
44,455	-0,26	
44,46	-0,28	
44,465	-0,29	
44,47	-0,3	
44,475	-0,32	
44,48	-0,34	
44,485	-0,35	
44,49	-0,37	
44,495	-0,39	
44,5	-0,41	
44,505	-0,42	
44,51	-0,43	
44,515	-0,45	
44,52	-0,47	
44,525	-0,49	
44,53	-0,5	
44,535	-0,52	
44,54	-0,54	
44,545	-0,55	
44,55	-0,56	
44,555	-0,57	
44,56	-0,57	
44,565	-0,59	
44,57	-0,61	
44,575	-0,62	
44,58	-0,64	
44,585	-0,64	
44,59	-0,65	
44,595	-0,66	
44,6	-0,66	
44,605	-0,67	
44,61	-0,68	
44,615	-0,69	
44,62	-0,7	
44,625	-0,71	
44,63	-0,72	
44,635	-0,72	
44,64	-0,73	
44,645	-0,73	
44,65	-0,74	
44,655	-0,75	
44,66	-0,75	
44,665	-0,76	
44,67	-0,76	
44,675	-0,76	
44,68	-0,76	
44,685	-0,76	
44,69	-0,76	
44,695	-0,77	
44,7	-0,77	
44,705	-0,77	
44,71	-0,77	
44,715	-0,77	
44,72	-0,76	
44,725	-0,76	
44,73	-0,76	
44,735	-0,76	
44,74	-0,76	
44,745	-0,76	
44,75	-0,75	
44,755	-0,75	
44,76	-0,74	
44,765	-0,73	
44,77	-0,73	
44,775	-0,72	
44,78	-0,72	
44,785	-0,71	
44,79	-0,7	
44,795	-0,69	
44,8	-0,68	
44,805	-0,67	
44,81	-0,66	
44,815	-0,65	
44,82	-0,65	
44,825	-0,64	
44,83	-0,63	
44,835	-0,62	
44,84	-0,61	
44,845	-0,6	
44,85	-0,59	
44,855	-0,58	
44,86	-0,57	
44,865	-0,55	
44,87	-0,54	
44,875	-0,53	
44,88	-0,52	
44,885	-0,49	
44,89	-0,48	
44,895	-0,46	
44,9	-0,45	
44,905	-0,44	
44,91	-0,43	
44,915	-0,41	
44,92	-0,4	
44,925	-0,38	
44,93	-0,36	
44,935	-0,34	
44,94	-0,33	
44,945	-0,32	
44,95	-0,3	
44,955	-0,29	
44,96	-0,27	
44,965	-0,25	
44,97	-0,23	
44,975	-0,21	
44,98	-0,19	
44,985	-0,18	
44,99	-0,17	
44,995	-0,15	
45,0	-0,13	
45,005	-0,11	
45,01	-0,09	
45,015	-0,07	
45,02	-0,05	
45,025	-0,04	
45,03	-0,02	
45,035	-0,01	
45,04	0	
45,045	0,02	
45,05	0,04	
45,055	0,06	
45,06	0,07	
45,065	0,09	
45,07	0,11	
45,075	0,13	
45,08	0,15	
45,085	0,16	
45,09	0,18	
45,095	0,2	
45,1	0,21	
45,105	0,22	
45,11	0,23	
45,115	0,26	
45,12	0,27	
45,125	0,29	
45,13	0,3	
45,135	0,32	
45,14	0,33	
45,145	0,34	
45,15	0,35	
45,155	0,36	
45,16	0,39	
45,165	0,4	
45,17	0,42	
45,175	0,44	
45,18	0,45	
45,185	0,46	
45,19	0,47	
45,195	0,48	
45,2	0,49	
45,205	0,5	
45,21	0,51	
45,215	0,52	
45,22	0,53	
45,225	0,54	
45,23	0,55	
45,235	0,56	
45,24	0,56	
45,245	0,57	
45,25	0,58	
45,255	0,59	
45,26	0,6	
45,265	0,61	
45,27	0,61	
45,275	0,62	
45,28	0,62	
45,285	0,63	
45,29	0,64	
45,295	0,65	
45,3	0,65	
45,305	0,66	
45,31	0,66	
45,315	0,66	
45,32	0,66	
45,325	0,66	
45,33	0,67	
45,335	0,67	
45,34	0,67	
45,345	0,67	
45,35	0,67	
45,355	0,67	
45,36	0,67	
45,365	0,67	
45,37	0,66	
45,375	0,66	
45,38	0,66	
45,385	0,67	
45,39	0,66	
45,395	0,66	
45,4	0,66	
45,405	0,65	
45,41	0,65	
45,415	0,64	
45,42	0,64	
45,425	0,64	
45,43	0,63	
45,435	0,63	
45,44	0,62	
45,445	0,62	
45,45	0,61	
45,455	0,6	
45,46	0,6	
45,465	0,59	
45,47	0,58	
45,475	0,57	
45,48	0,56	
45,485	0,56	
45,49	0,55	
45,495	0,54	
45,5	0,53	
45,505	0,52	
45,51	0,52	
45,515	0,5	
45,52	0,49	
45,525	0,47	
45,53	0,46	
45,535	0,45	
45,54	0,44	
45,545	0,43	
45,55	0,42	
45,555	0,41	
45,56	0,4	
45,565	0,38	
45,57	0,37	
45,575	0,35	
45,58	0,34	
45,585	0,33	
45,59	0,32	
45,595	0,3	
45,6	0,29	
45,605	0,28	
45,61	0,27	
45,615	0,25	
45,62	0,24	
45,625	0,22	
45,63	0,21	
45,635	0,2	
45,64	0,18	
45,645	0,17	
45,65	0,15	
45,655	0,14	
45,66	0,12	
45,665	0,1	
45,67	0,09	
45,675	0,08	
45,68	0,06	
45,685	0,05	
45,69	0,03	
45,695	0,02	
45,7	0,01	
45,705	-0,02	
45,71	-0,03	
45,715	-0,04	
45,72	-0,06	
45,725	-0,07	
45,73	-0,08	
45,735	-0,1	
45,74	-0,11	
45,745	-0,12	
45,75	-0,15	
45,755	-0,16	
45,76	-0,17	
45,765	-0,19	
45,77	-0,2	
45,775	-0,21	
45,78	-0,22	
45,785	-0,24	
45,79	-0,24	
45,795	-0,27	
45,8	-0,28	
45,805	-0,29	
45,81	-0,3	
45,815	-0,31	
45,82	-0,32	
45,825	-0,33	
45,83	-0,34	
45,835	-0,35	
45,84	-0,37	
45,845	-0,38	
45,85	-0,4	
45,855	-0,41	
45,86	-0,42	
45,865	-0,42	
45,87	-0,43	
45,875	-0,44	
45,88	-0,45	
45,885	-0,46	
45,89	-0,47	
45,895	-0,47	
45,9	-0,48	
45,905	-0,49	
45,91	-0,5	
45,915	-0,51	
45,92	-0,51	
45,925	-0,52	
45,93	-0,53	
45,935	-0,54	
45,94	-0,54	
45,945	-0,54	
45,95	-0,55	
45,955	-0,56	
45,96	-0,56	
45,965	-0,56	
45,97	-0,56	
45,975	-0,57	
45,98	-0,57	
45,985	-0,57	
45,99	-0,58	
45,995	-0,58	
46,0	-0,58	
46,005	-0,58	
46,01	-0,59	
46,015	-0,59	
46,02	-0,59	
46,025	-0,58	
46,03	-0,58	
46,035	-0,59	
46,04	-0,59	
46,045	-0,59	
46,05	-0,59	
46,055	-0,59	
46,06	-0,59	
46,065	-0,59	
46,07	-0,59	
46,075	-0,58	
46,08	-0,58	
46,085	-0,58	
46,09	-0,57	
46,095	-0,57	
46,1	-0,56	
46,105	-0,56	
46,11	-0,55	
46,115	-0,55	
46,12	-0,55	
46,125	-0,54	
46,13	-0,54	
46,135	-0,53	
46,14	-0,53	
46,145	-0,52	
46,15	-0,51	
46,155	-0,51	
46,16	-0,5	
46,165	-0,49	
46,17	-0,48	
46,175	-0,48	
46,18	-0,46	
46,185	-0,46	
46,19	-0,45	
46,195	-0,44	
46,2	-0,43	
46,205	-0,42	
46,21	-0,41	
46,215	-0,41	
46,22	-0,4	
46,225	-0,38	
46,23	-0,37	
46,235	-0,37	
46,24	-0,36	
46,245	-0,35	
46,25	-0,33	
46,255	-0,32	
46,26	-0,31	
46,265	-0,3	
46,27	-0,29	
46,275	-0,27	
46,28	-0,26	
46,285	-0,25	
46,29	-0,24	
46,295	-0,23	
46,3	-0,21	
46,305	-0,2	
46,31	-0,19	
46,315	-0,17	
46,32	-0,16	
46,325	-0,15	
46,33	-0,14	
46,335	-0,13	
46,34	-0,12	
46,345	-0,1	
46,35	-0,09	
46,355	-0,08	
46,36	-0,07	
46,365	-0,05	
46,37	-0,04	
46,375	-0,03	
46,38	-0,02	
46,385	0	
46,39	0,01	
46,395	0,03	
46,4	0,04	
46,405	0,05	
46,41	0,06	
46,415	0,07	
46,42	0,09	
46,425	0,1	
46,43	0,11	
46,435	0,13	
46,44	0,15	
46,445	0,16	
46,45	0,17	
46,455	0,18	
46,46	0,19	
46,465	0,2	
46,47	0,21	
46,475	0,23	
46,48	0,24	
46,485	0,25	
46,49	0,26	
46,495	0,27	
46,5	0,28	
46,505	0,29	
46,51	0,3	
46,515	0,32	
46,52	0,33	
46,525	0,34	
46,53	0,35	
46,535	0,36	
46,54	0,37	
46,545	0,37	
46,55	0,39	
46,555	0,4	
46,56	0,41	
46,565	0,42	
46,57	0,43	
46,575	0,43	
46,58	0,44	
46,585	0,44	
46,59	0,46	
46,595	0,47	
46,6	0,47	
46,605	0,48	
46,61	0,49	
46,615	0,49	
46,62	0,5	
46,625	0,5	
46,63	0,51	
46,635	0,51	
46,64	0,52	
46,645	0,52	
46,65	0,53	
46,655	0,53	
46,66	0,54	
46,665	0,54	
46,67	0,55	
46,675	0,55	
46,68	0,56	
46,685	0,56	
46,69	0,56	
46,695	0,56	
46,7	0,56	
46,705	0,56	
46,71	0,57	
46,715	0,57	
46,72	0,57	
46,725	0,58	
46,73	0,58	
46,735	0,57	
46,74	0,57	
46,745	0,56	
46,75	0,56	
46,755	0,56	
46,76	0,56	
46,765	0,56	
46,77	0,57	
46,775	0,56	
46,78	0,56	
46,785	0,55	
46,79	0,55	
46,795	0,54	
46,8	0,54	
46,805	0,54	
46,81	0,54	
46,815	0,53	
46,82	0,53	
46,825	0,52	
46,83	0,51	
46,835	0,51	
46,84	0,5	
46,845	0,49	
46,85	0,49	
46,855	0,48	
46,86	0,47	
46,865	0,47	
46,87	0,46	
46,875	0,45	
46,88	0,44	
46,885	0,44	
46,89	0,43	
46,895	0,42	
46,9	0,41	
46,905	0,4	
46,91	0,39	
46,915	0,38	
46,92	0,38	
46,925	0,37	
46,93	0,36	
46,935	0,35	
46,94	0,34	
46,945	0,33	
46,95	0,31	
46,955	0,3	
46,96	0,29	
46,965	0,28	
46,97	0,27	
46,975	0,26	
46,98	0,24	
46,985	0,23	
46,99	0,21	
46,995	0,2	
47,0	0,19	
47,005	0,18	
47,01	0,17	
47,015	0,16	
47,02	0,15	
47,025	0,13	
47,03	0,12	
47,035	0,1	
47,04	0,09	
47,045	0,08	
47,05	0,07	
47,055	0,05	
47,06	0,04	
47,065	0,03	
47,07	0,01	
47,075	0	
47,08	-0,02	
47,085	-0,03	
47,09	-0,04	
47,095	-0,05	
47,1	-0,07	
47,105	-0,08	
47,11	-0,09	
47,115	-0,11	
47,12	-0,13	
47,125	-0,14	
47,13	-0,15	
47,135	-0,16	
47,14	-0,18	
47,145	-0,19	
47,15	-0,2	
47,155	-0,22	
47,16	-0,23	
47,165	-0,24	
47,17	-0,25	
47,175	-0,26	
47,18	-0,27	
47,185	-0,28	
47,19	-0,3	
47,195	-0,31	
47,2	-0,32	
47,205	-0,34	
47,21	-0,35	
47,215	-0,36	
47,22	-0,37	
47,225	-0,38	
47,23	-0,39	
47,235	-0,4	
47,24	-0,41	
47,245	-0,42	
47,25	-0,44	
47,255	-0,44	
47,26	-0,45	
47,265	-0,46	
47,27	-0,47	
47,275	-0,48	
47,28	-0,5	
47,285	-0,5	
47,29	-0,51	
47,295	-0,52	
47,3	-0,52	
47,305	-0,53	
47,31	-0,53	
47,315	-0,54	
47,32	-0,55	
47,325	-0,56	
47,33	-0,57	
47,335	-0,57	
47,34	-0,57	
47,345	-0,57	
47,35	-0,58	
47,355	-0,59	
47,36	-0,59	
47,365	-0,6	
47,37	-0,6	
47,375	-0,61	
47,38	-0,61	
47,385	-0,61	
47,39	-0,61	
47,395	-0,62	
47,4	-0,62	
47,405	-0,62	
47,41	-0,62	
47,415	-0,62	
47,42	-0,62	
47,425	-0,62	
47,43	-0,62	
47,435	-0,62	
47,44	-0,62	
47,445	-0,62	
47,45	-0,62	
47,455	-0,62	
47,46	-0,62	
47,465	-0,61	
47,47	-0,6	
47,475	-0,6	
47,48	-0,6	
47,485	-0,59	
47,49	-0,59	
47,495	-0,59	
47,5	-0,58	
47,505	-0,58	
47,51	-0,57	
47,515	-0,57	
47,52	-0,56	
47,525	-0,55	
47,53	-0,54	
47,535	-0,54	
47,54	-0,53	
47,545	-0,52	
47,55	-0,51	
47,555	-0,5	
47,56	-0,5	
47,565	-0,49	
47,57	-0,48	
47,575	-0,47	
47,58	-0,46	
47,585	-0,45	
47,59	-0,44	
47,595	-0,43	
47,6	-0,42	
47,605	-0,41	
47,61	-0,4	
47,615	-0,38	
47,62	-0,37	
47,625	-0,35	
47,63	-0,34	
47,635	-0,33	
47,64	-0,32	
47,645	-0,31	
47,65	-0,3	
47,655	-0,29	
47,66	-0,26	
47,665	-0,25	
47,67	-0,24	
47,675	-0,22	
47,68	-0,21	
47,685	-0,2	
47,69	-0,18	
47,695	-0,17	
47,7	-0,16	
47,705	-0,14	
47,71	-0,12	
47,715	-0,11	
47,72	-0,09	
47,725	-0,08	
47,73	-0,07	
47,735	-0,05	
47,74	-0,04	
47,745	-0,02	
47,75	0,01	
47,755	0,02	
47,76	0,04	
47,765	0,05	
47,77	0,07	
47,775	0,08	
47,78	0,09	
47,785	0,11	
47,79	0,12	
47,795	0,14	
47,8	0,16	
47,805	0,18	
47,81	0,18	
47,815	0,2	
47,82	0,21	
47,825	0,23	
47,83	0,25	
47,835	0,26	
47,84	0,28	
47,845	0,3	
47,85	0,31	
47,855	0,33	
47,86	0,34	
47,865	0,35	
47,87	0,36	
47,875	0,38	
47,88	0,39	
47,885	0,4	
47,89	0,42	
47,895	0,44	
47,9	0,45	
47,905	0,46	
47,91	0,47	
47,915	0,48	
47,92	0,49	
47,925	0,51	
47,93	0,51	
47,935	0,53	
47,94	0,54	
47,945	0,55	
47,95	0,56	
47,955	0,57	
47,96	0,58	
47,965	0,59	
47,97	0,6	
47,975	0,61	
47,98	0,62	
47,985	0,63	
47,99	0,63	
47,995	0,64	
48,0	0,65	
48,005	0,65	
48,01	0,66	
48,015	0,66	
48,02	0,67	
48,025	0,68	
48,03	0,69	
48,035	0,69	
48,04	0,7	
48,045	0,7	
48,05	0,7	
48,055	0,7	
48,06	0,7	
48,065	0,7	
48,07	0,71	
48,075	0,71	
48,08	0,71	
48,085	0,71	
48,09	0,71	
48,095	0,71	
48,1	0,7	
48,105	0,7	
48,11	0,7	
48,115	0,7	
48,12	0,7	
48,125	0,7	
48,13	0,7	
48,135	0,69	
48,14	0,68	
48,145	0,68	
48,15	0,67	
48,155	0,67	
48,16	0,66	
48,165	0,66	
48,17	0,65	
48,175	0,64	
48,18	0,64	
48,185	0,63	
48,19	0,62	
48,195	0,62	
48,2	0,61	
48,205	0,6	
48,21	0,59	
48,215	0,58	
48,22	0,57	
48,225	0,56	
48,23	0,55	
48,235	0,54	
48,24	0,53	
48,245	0,52	
48,25	0,5	
48,255	0,48	
48,26	0,47	
48,265	0,46	
48,27	0,44	
48,275	0,43	
48,28	0,42	
48,285	0,4	
48,29	0,39	
48,295	0,38	
48,3	0,35	
48,305	0,34	
48,31	0,32	
48,315	0,31	
48,32	0,29	
48,325	0,28	
48,33	0,27	
48,335	0,25	
48,34	0,23	
48,345	0,21	
48,35	0,19	
48,355	0,18	
48,36	0,16	
48,365	0,14	
48,37	0,13	
48,375	0,11	
48,38	0,09	
48,385	0,08	
48,39	0,05	
48,395	0,03	
48,4	0,02	
48,405	0	
48,41	-0,01	
48,415	-0,03	
48,42	-0,05	
48,425	-0,07	
48,43	-0,09	
48,435	-0,12	
48,44	-0,13	
48,445	-0,15	
48,45	-0,16	
48,455	-0,18	
48,46	-0,2	
48,465	-0,22	
48,47	-0,24	
48,475	-0,26	
48,48	-0,28	
48,485	-0,29	
48,49	-0,31	
48,495	-0,32	
48,5	-0,34	
48,505	-0,36	
48,51	-0,37	
48,515	-0,39	
48,52	-0,4	
48,525	-0,43	
48,53	-0,44	
48,535	-0,46	
48,54	-0,47	
48,545	-0,49	
48,55	-0,5	
48,555	-0,52	
48,56	-0,53	
48,565	-0,55	
48,57	-0,56	
48,575	-0,57	
48,58	-0,59	
48,585	-0,6	
48,59	-0,61	
48,595	-0,62	
48,6	-0,64	
48,605	-0,65	
48,61	-0,65	
48,615	-0,67	
48,62	-0,68	
48,625	-0,69	
48,63	-0,7	
48,635	-0,71	
48,64	-0,72	
48,645	-0,72	
48,65	-0,73	
48,655	-0,73	
48,66	-0,74	
48,665	-0,75	
48,67	-0,76	
48,675	-0,76	
48,68	-0,77	
48,685	-0,77	
48,69	-0,78	
48,695	-0,78	
48,7	-0,78	
48,705	-0,79	
48,71	-0,79	
48,715	-0,79	
48,72	-0,79	
48,725	-0,79	
48,73	-0,79	
48,735	-0,8	
48,74	-0,8	
48,745	-0,8	
48,75	-0,8	
48,755	-0,79	
48,76	-0,79	
48,765	-0,79	
48,77	-0,78	
48,775	-0,78	
48,78	-0,77	
48,785	-0,77	
48,79	-0,77	
48,795	-0,77	
48,8	-0,76	
48,805	-0,75	
48,81	-0,74	
48,815	-0,73	
48,82	-0,72	
48,825	-0,72	
48,83	-0,71	
48,835	-0,7	
48,84	-0,69	
48,845	-0,68	
48,85	-0,67	
48,855	-0,66	
48,86	-0,65	
48,865	-0,64	
48,87	-0,63	
48,875	-0,62	
48,88	-0,6	
48,885	-0,59	
48,89	-0,57	
48,895	-0,56	
48,9	-0,54	
48,905	-0,53	
48,91	-0,51	
48,915	-0,5	
48,92	-0,48	
48,925	-0,47	
48,93	-0,45	
48,935	-0,43	
48,94	-0,41	
48,945	-0,39	
48,95	-0,38	
48,955	-0,36	
48,96	-0,35	
48,965	-0,33	
48,97	-0,31	
48,975	-0,29	
48,98	-0,26	
48,985	-0,24	
48,99	-0,23	
48,995	-0,21	
49,0	-0,2	
49,005	-0,18	
49,01	-0,16	
49,015	-0,14	
49,02	-0,12	
49,025	-0,09	
49,03	-0,07	
49,035	-0,05	
49,04	-0,03	
49,045	-0,01	
49,05	0,01	
49,055	0,03	
49,06	0,05	
49,065	0,07	
49,07	0,1	
49,075	0,12	
49,08	0,13	
49,085	0,15	
49,09	0,17	
49,095	0,19	
49,1	0,21	
49,105	0,24	
49,11	0,25	
49,115	0,28	
49,12	0,29	
49,125	0,31	
49,13	0,33	
49,135	0,35	
49,14	0,37	
49,145	0,39	
49,15	0,4	
49,155	0,42	
49,16	0,44	
49,165	0,46	
49,17	0,48	
49,175	0,5	
49,18	0,52	
49,185	0,53	
49,19	0,54	
49,195	0,56	
49,2	0,57	
49,205	0,59	
49,21	0,61	
49,215	0,63	
49,22	0,64	
49,225	0,66	
49,23	0,67	
49,235	0,68	
49,24	0,69	
49,245	0,7	
49,25	0,71	
49,255	0,73	
49,26	0,74	
49,265	0,75	
49,27	0,76	
49,275	0,77	
49,28	0,77	
49,285	0,78	
49,29	0,79	
49,295	0,8	
49,3	0,82	
49,305	0,82	
49,31	0,82	
49,315	0,83	
49,32	0,83	
49,325	0,83	
49,33	0,84	
49,335	0,84	
49,34	0,85	
49,345	0,85	
49,35	0,86	
49,355	0,86	
49,36	0,86	
49,365	0,85	
49,37	0,86	
49,375	0,85	
49,38	0,86	
49,385	0,86	
49,39	0,86	
49,395	0,86	
49,4	0,85	
49,405	0,85	
49,41	0,84	
49,415	0,84	
49,42	0,83	
49,425	0,83	
49,43	0,83	
49,435	0,82	
49,44	0,81	
49,445	0,8	
49,45	0,79	
49,455	0,78	
49,46	0,77	
49,465	0,77	
49,47	0,76	
49,475	0,75	
49,48	0,73	
49,485	0,08	
