t, ñ	wz	
0,0	0	
0,005	0	
0,01	0	
0,015	0	
0,02	0	
0,025	0	
0,03	0	
0,035	0	
0,04	0	
0,045	0	
0,05	0	
0,055	0	
0,06	0	
0,065	0	
0,07	0	
0,075	0	
0,08	0	
0,085	0	
0,09	0	
0,095	0	
0,1	0	
0,105	0	
0,11	0	
0,115	0	
0,12	0	
0,125	0	
0,13	0	
0,135	0	
0,14	0	
0,145	0	
0,15	0	
0,155	0	
0,16	0	
0,165	0	
0,17	0	
0,175	0	
0,18	0	
0,185	0	
0,19	0	
0,195	0	
0,2	0	
0,205	-0,01	
0,21	0	
0,215	0	
0,22	0	
0,225	0	
0,23	0	
0,235	0	
0,24	0	
0,245	0	
0,25	0	
0,255	0	
0,26	0	
0,265	0	
0,27	0	
0,275	0	
0,28	0	
0,285	0	
0,29	0	
0,295	0	
0,3	0	
0,305	0	
0,31	0	
0,315	0	
0,32	0	
0,325	0	
0,33	0	
0,335	0	
0,34	0	
0,345	0	
0,35	0	
0,355	0,01	
0,36	0	
0,365	0	
0,37	0	
0,375	0	
0,38	0	
0,385	0	
0,39	0	
0,395	0,01	
0,4	0	
0,405	0	
0,41	0	
0,415	0	
0,42	0	
0,425	0	
0,43	0	
0,435	0	
0,44	0	
0,445	0	
0,45	0	
0,455	0	
0,46	0	
0,465	0	
0,47	0	
0,475	0	
0,48	0	
0,485	0	
0,49	0	
0,495	0	
0,5	0	
0,505	0	
0,51	0	
0,515	-0,01	
0,52	-0,01	
0,525	-0,01	
0,53	0	
0,535	0	
0,54	0	
0,545	0,01	
0,55	0,01	
0,555	0,01	
0,56	0,01	
0,565	0	
0,57	0	
0,575	0	
0,58	0	
0,585	0	
0,59	0	
0,595	0	
0,6	0	
0,605	0	
0,61	-0,01	
0,615	0	
0,62	0	
0,625	0	
0,63	0	
0,635	0	
0,64	0	
0,645	0	
0,65	0	
0,655	0	
0,66	0	
0,665	0	
0,67	0	
0,675	-0,01	
0,68	0	
0,685	0	
0,69	0,01	
0,695	0,01	
0,7	0	
0,705	0	
0,71	0	
0,715	-0,01	
0,72	-0,01	
0,725	-0,01	
0,73	-0,01	
0,735	0	
0,74	0	
0,745	0,01	
0,75	0,01	
0,755	0,01	
0,76	0,01	
0,765	-0,01	
0,77	-0,03	
0,775	-0,03	
0,78	-0,02	
0,785	0,01	
0,79	0,01	
0,795	-0,01	
0,8	-0,1	
0,805	-0,19	
0,81	-0,26	
0,815	-0,3	
0,82	-0,29	
0,825	-0,24	
0,83	-0,2	
0,835	-0,18	
0,84	-0,2	
0,845	-0,26	
0,85	-0,34	
0,855	-0,41	
0,86	-0,45	
0,865	-0,45	
0,87	-0,42	
0,875	-0,39	
0,88	-0,35	
0,885	-0,38	
0,89	-0,44	
0,895	-0,5	
0,9	-0,56	
0,905	-0,59	
0,91	-0,59	
0,915	-0,56	
0,92	-0,53	
0,925	-0,52	
0,93	-0,53	
0,935	-0,56	
0,94	-0,61	
0,945	-0,66	
0,95	-0,69	
0,955	-0,69	
0,96	-0,66	
0,965	-0,63	
0,97	-0,63	
0,975	-0,64	
0,98	-0,67	
0,985	-0,71	
0,99	-0,74	
0,995	-0,74	
1,0	-0,73	
1,005	-0,71	
1,01	-0,69	
1,015	-0,67	
1,02	-0,68	
1,025	-0,71	
1,03	-0,75	
1,035	-0,77	
1,04	-0,78	
1,045	-0,76	
1,05	-0,72	
1,055	-0,69	
1,06	-0,67	
1,065	-0,68	
1,07	-0,71	
1,075	-0,74	
1,08	-0,77	
1,085	-0,78	
1,09	-0,75	
1,095	-0,7	
1,1	-0,65	
1,105	-0,62	
1,11	-0,6	
1,115	-0,62	
1,12	-0,66	
1,125	-0,72	
1,13	-0,71	
1,135	-0,68	
1,14	-0,63	
1,145	-0,57	
1,15	-0,52	
1,155	-0,5	
1,16	-0,53	
1,165	-0,57	
1,17	-0,6	
1,175	-0,61	
1,18	-0,59	
1,185	-0,54	
1,19	-0,46	
1,195	-0,4	
1,2	-0,37	
1,205	-0,39	
1,21	-0,43	
1,215	-0,46	
1,22	-0,46	
1,225	-0,43	
1,23	-0,36	
1,235	-0,3	
1,24	-0,24	
1,245	-0,21	
1,25	-0,22	
1,255	-0,25	
1,26	-0,27	
1,265	-0,28	
1,27	-0,25	
1,275	-0,2	
1,28	-0,13	
1,285	-0,06	
1,29	-0,04	
1,295	-0,05	
1,3	-0,07	
1,305	-0,09	
1,31	-0,07	
1,315	-0,04	
1,32	0,02	
1,325	0,08	
1,33	0,12	
1,335	0,14	
1,34	0,13	
1,345	0,12	
1,35	0,11	
1,355	0,12	
1,36	0,15	
1,365	0,23	
1,37	0,28	
1,375	0,31	
1,38	0,31	
1,385	0,31	
1,39	0,29	
1,395	0,29	
1,4	0,31	
1,405	0,35	
1,41	0,4	
1,415	0,45	
1,42	0,48	
1,425	0,49	
1,43	0,48	
1,435	0,46	
1,44	0,45	
1,445	0,48	
1,45	0,52	
1,455	0,57	
1,46	0,61	
1,465	0,63	
1,47	0,63	
1,475	0,62	
1,48	0,6	
1,485	0,59	
1,49	0,6	
1,495	0,62	
1,5	0,66	
1,505	0,71	
1,51	0,74	
1,515	0,75	
1,52	0,75	
1,525	0,71	
1,53	0,69	
1,535	0,69	
1,54	0,71	
1,545	0,74	
1,55	0,78	
1,555	0,81	
1,56	0,83	
1,565	0,82	
1,57	0,79	
1,575	0,76	
1,58	0,74	
1,585	0,74	
1,59	0,77	
1,595	0,8	
1,6	0,84	
1,605	0,85	
1,61	0,83	
1,615	0,8	
1,62	0,76	
1,625	0,73	
1,63	0,73	
1,635	0,76	
1,64	0,79	
1,645	0,82	
1,65	0,82	
1,655	0,81	
1,66	0,77	
1,665	0,73	
1,67	0,69	
1,675	0,69	
1,68	0,7	
1,685	0,72	
1,69	0,75	
1,695	0,74	
1,7	0,71	
1,705	0,67	
1,71	0,63	
1,715	0,61	
1,72	0,6	
1,725	0,62	
1,73	0,64	
1,735	0,65	
1,74	0,64	
1,745	0,61	
1,75	0,56	
1,755	0,52	
1,76	0,49	
1,765	0,48	
1,77	0,49	
1,775	0,5	
1,78	0,5	
1,785	0,47	
1,79	0,42	
1,795	0,36	
1,8	0,32	
1,805	0,31	
1,81	0,32	
1,815	0,33	
1,82	0,35	
1,825	0,35	
1,83	0,32	
1,835	0,27	
1,84	0,21	
1,845	0,16	
1,85	0,12	
1,855	0,12	
1,86	0,14	
1,865	0,15	
1,87	0,14	
1,875	0,11	
1,88	0,07	
1,885	0,01	
1,89	-0,04	
1,895	-0,07	
1,9	-0,06	
1,905	-0,05	
1,91	-0,03	
1,915	-0,03	
1,92	-0,05	
1,925	-0,1	
1,93	-0,18	
1,935	-0,22	
1,94	-0,23	
1,945	-0,24	
1,95	-0,22	
1,955	-0,21	
1,96	-0,21	
1,965	-0,24	
1,97	-0,27	
1,975	-0,32	
1,98	-0,36	
1,985	-0,39	
1,99	-0,4	
1,995	-0,39	
2,0	-0,37	
2,005	-0,37	
2,01	-0,4	
2,015	-0,43	
2,02	-0,47	
2,025	-0,5	
2,03	-0,52	
2,035	-0,51	
2,04	-0,5	
2,045	-0,49	
2,05	-0,49	
2,055	-0,5	
2,06	-0,53	
2,065	-0,56	
2,07	-0,6	
2,075	-0,61	
2,08	-0,62	
2,085	-0,61	
2,09	-0,59	
2,095	-0,58	
2,1	-0,59	
2,105	-0,62	
2,11	-0,65	
2,115	-0,67	
2,12	-0,68	
2,125	-0,68	
2,13	-0,65	
2,135	-0,63	
2,14	-0,62	
2,145	-0,62	
2,15	-0,63	
2,155	-0,66	
2,16	-0,69	
2,165	-0,7	
2,17	-0,69	
2,175	-0,65	
2,18	-0,63	
2,185	-0,61	
2,19	-0,61	
2,195	-0,63	
2,2	-0,66	
2,205	-0,68	
2,21	-0,68	
2,215	-0,66	
2,22	-0,63	
2,225	-0,59	
2,23	-0,56	
2,235	-0,55	
2,24	-0,57	
2,245	-0,6	
2,25	-0,62	
2,255	-0,61	
2,26	-0,58	
2,265	-0,53	
2,27	-0,49	
2,275	-0,47	
2,28	-0,47	
2,285	-0,48	
2,29	-0,51	
2,295	-0,53	
2,3	-0,52	
2,305	-0,48	
2,31	-0,43	
2,315	-0,39	
2,32	-0,35	
2,325	-0,33	
2,33	-0,34	
2,335	-0,38	
2,34	-0,39	
2,345	-0,37	
2,35	-0,33	
2,355	-0,28	
2,36	-0,23	
2,365	-0,2	
2,37	-0,19	
2,375	-0,2	
2,38	-0,22	
2,385	-0,22	
2,39	-0,22	
2,395	-0,19	
2,4	-0,14	
2,405	-0,09	
2,41	-0,06	
2,415	-0,04	
2,42	-0,05	
2,425	-0,05	
2,43	-0,05	
2,435	-0,03	
2,44	0	
2,445	0,05	
2,45	0,08	
2,455	0,11	
2,46	0,13	
2,465	0,13	
2,47	0,12	
2,475	0,12	
2,48	0,14	
2,485	0,17	
2,49	0,2	
2,495	0,25	
2,5	0,27	
2,505	0,27	
2,51	0,28	
2,515	0,27	
2,52	0,28	
2,525	0,3	
2,53	0,32	
2,535	0,36	
2,54	0,39	
2,545	0,41	
2,55	0,42	
2,555	0,42	
2,56	0,41	
2,565	0,41	
2,57	0,43	
2,575	0,45	
2,58	0,5	
2,585	0,52	
2,59	0,54	
2,595	0,55	
2,6	0,54	
2,605	0,53	
2,61	0,52	
2,615	0,53	
2,62	0,55	
2,625	0,58	
2,63	0,61	
2,635	0,63	
2,64	0,64	
2,645	0,62	
2,65	0,61	
2,655	0,59	
2,66	0,59	
2,665	0,61	
2,67	0,64	
2,675	0,68	
2,68	0,69	
2,685	0,7	
2,69	0,67	
2,695	0,65	
2,7	0,62	
2,705	0,61	
2,71	0,62	
2,715	0,65	
2,72	0,68	
2,725	0,69	
2,73	0,7	
2,735	0,68	
2,74	0,63	
2,745	0,6	
2,75	0,59	
2,755	0,61	
2,76	0,63	
2,765	0,65	
2,77	0,67	
2,775	0,66	
2,78	0,64	
2,785	0,6	
2,79	0,58	
2,795	0,56	
2,8	0,56	
2,805	0,57	
2,81	0,59	
2,815	0,59	
2,82	0,57	
2,825	0,53	
2,83	0,5	
2,835	0,47	
2,84	0,46	
2,845	0,46	
2,85	0,48	
2,855	0,49	
2,86	0,49	
2,865	0,47	
2,87	0,43	
2,875	0,4	
2,88	0,37	
2,885	0,36	
2,89	0,35	
2,895	0,37	
2,9	0,36	
2,905	0,34	
2,91	0,31	
2,915	0,26	
2,92	0,22	
2,925	0,19	
2,93	0,2	
2,935	0,21	
2,94	0,23	
2,945	0,23	
2,95	0,22	
2,955	0,17	
2,96	0,11	
2,965	0,06	
2,97	0,03	
2,975	0,03	
2,98	0,06	
2,985	0,08	
2,99	0,07	
2,995	0,05	
3,0	0	
3,005	-0,05	
3,01	-0,09	
3,015	-0,12	
3,02	-0,12	
3,025	-0,1	
3,03	-0,09	
3,035	-0,09	
3,04	-0,11	
3,045	-0,15	
3,05	-0,2	
3,055	-0,23	
3,06	-0,25	
3,065	-0,25	
3,07	-0,24	
3,075	-0,23	
3,08	-0,24	
3,085	-0,26	
3,09	-0,29	
3,095	-0,33	
3,1	-0,36	
3,105	-0,38	
3,11	-0,38	
3,115	-0,37	
3,12	-0,36	
3,125	-0,36	
3,13	-0,37	
3,135	-0,39	
3,14	-0,43	
3,145	-0,47	
3,15	-0,48	
3,155	-0,48	
3,16	-0,47	
3,165	-0,46	
3,17	-0,45	
3,175	-0,46	
3,18	-0,48	
3,185	-0,51	
3,19	-0,53	
3,195	-0,54	
3,2	-0,54	
3,205	-0,52	
3,21	-0,51	
3,215	-0,5	
3,22	-0,51	
3,225	-0,54	
3,23	-0,56	
3,235	-0,57	
3,24	-0,57	
3,245	-0,56	
3,25	-0,54	
3,255	-0,52	
3,26	-0,52	
3,265	-0,53	
3,27	-0,55	
3,275	-0,57	
3,28	-0,58	
3,285	-0,58	
3,29	-0,56	
3,295	-0,52	
3,3	-0,49	
3,305	-0,48	
3,31	-0,49	
3,315	-0,52	
3,32	-0,54	
3,325	-0,55	
3,33	-0,54	
3,335	-0,51	
3,34	-0,47	
3,345	-0,44	
3,35	-0,42	
3,355	-0,43	
3,36	-0,45	
3,365	-0,47	
3,37	-0,48	
3,375	-0,47	
3,38	-0,44	
3,385	-0,38	
3,39	-0,34	
3,395	-0,32	
3,4	-0,32	
3,405	-0,34	
3,41	-0,36	
3,415	-0,37	
3,42	-0,36	
3,425	-0,32	
3,43	-0,27	
3,435	-0,23	
3,44	-0,2	
3,445	-0,2	
3,45	-0,21	
3,455	-0,23	
3,46	-0,24	
3,465	-0,24	
3,47	-0,19	
3,475	-0,15	
3,48	-0,11	
3,485	-0,08	
3,49	-0,08	
3,495	-0,08	
3,5	-0,09	
3,505	-0,09	
3,51	-0,07	
3,515	-0,04	
3,52	0	
3,525	0,03	
3,53	0,05	
3,535	0,06	
3,54	0,06	
3,545	0,05	
3,55	0,06	
3,555	0,07	
3,56	0,11	
3,565	0,14	
3,57	0,17	
3,575	0,19	
3,58	0,2	
3,585	0,19	
3,59	0,19	
3,595	0,19	
3,6	0,21	
3,605	0,24	
3,61	0,28	
3,615	0,31	
3,62	0,33	
3,625	0,33	
3,63	0,32	
3,635	0,31	
3,64	0,31	
3,645	0,33	
3,65	0,36	
3,655	0,4	
3,66	0,43	
3,665	0,44	
3,67	0,43	
3,675	0,42	
3,68	0,41	
3,685	0,4	
3,69	0,41	
3,695	0,44	
3,7	0,48	
3,705	0,51	
3,71	0,53	
3,715	0,53	
3,72	0,51	
3,725	0,49	
3,73	0,47	
3,735	0,48	
3,74	0,5	
3,745	0,53	
3,75	0,56	
3,755	0,58	
3,76	0,58	
3,765	0,56	
3,77	0,53	
3,775	0,5	
3,78	0,5	
3,785	0,51	
3,79	0,55	
3,795	0,58	
3,8	0,59	
3,805	0,58	
3,81	0,56	
3,815	0,53	
3,82	0,51	
3,825	0,51	
3,83	0,52	
3,835	0,54	
3,84	0,55	
3,845	0,56	
3,85	0,56	
3,855	0,53	
3,86	0,51	
3,865	0,48	
3,87	0,47	
3,875	0,47	
3,88	0,49	
3,885	0,5	
3,89	0,5	
3,895	0,49	
3,9	0,46	
3,905	0,43	
3,91	0,41	
3,915	0,4	
3,92	0,4	
3,925	0,41	
3,93	0,42	
3,935	0,42	
3,94	0,4	
3,945	0,37	
3,95	0,32	
3,955	0,3	
3,96	0,29	
3,965	0,3	
3,97	0,31	
3,975	0,31	
3,98	0,3	
3,985	0,27	
3,99	0,23	
3,995	0,2	
4,0	0,17	
4,005	0,16	
4,01	0,16	
4,015	0,17	
4,02	0,17	
4,025	0,16	
4,03	0,13	
4,035	0,07	
4,04	0,03	
4,045	0,02	
4,05	0,02	
4,055	0,04	
4,06	0,05	
4,065	0,05	
4,07	0,02	
4,075	-0,03	
4,08	-0,08	
4,085	-0,12	
4,09	-0,15	
4,095	-0,15	
4,1	-0,13	
4,105	-0,1	
4,11	-0,09	
4,115	-0,12	
4,12	-0,16	
4,125	-0,21	
4,13	-0,25	
4,135	-0,27	
4,14	-0,27	
4,145	-0,25	
4,15	-0,23	
4,155	-0,22	
4,16	-0,23	
4,165	-0,27	
4,17	-0,31	
4,175	-0,35	
4,18	-0,38	
4,185	-0,39	
4,19	-0,37	
4,195	-0,34	
4,2	-0,33	
4,205	-0,34	
4,21	-0,36	
4,215	-0,4	
4,22	-0,44	
4,225	-0,46	
4,23	-0,46	
4,235	-0,45	
4,24	-0,44	
4,245	-0,43	
4,25	-0,42	
4,255	-0,44	
4,26	-0,47	
4,265	-0,5	
4,27	-0,51	
4,275	-0,51	
4,28	-0,49	
4,285	-0,47	
4,29	-0,45	
4,295	-0,46	
4,3	-0,48	
4,305	-0,51	
4,31	-0,54	
4,315	-0,55	
4,32	-0,54	
4,325	-0,51	
4,33	-0,48	
4,335	-0,46	
4,34	-0,46	
4,345	-0,48	
4,35	-0,51	
4,355	-0,56	
4,36	-0,56	
4,365	-0,53	
4,37	-0,49	
4,375	-0,46	
4,38	-0,44	
4,385	-0,43	
4,39	-0,45	
4,395	-0,48	
4,4	-0,51	
4,405	-0,5	
4,41	-0,48	
4,415	-0,44	
4,42	-0,4	
4,425	-0,37	
4,43	-0,36	
4,435	-0,39	
4,44	-0,42	
4,445	-0,43	
4,45	-0,43	
4,455	-0,41	
4,46	-0,36	
4,465	-0,31	
4,47	-0,28	
4,475	-0,27	
4,48	-0,29	
4,485	-0,31	
4,49	-0,33	
4,495	-0,34	
4,5	-0,31	
4,505	-0,26	
4,51	-0,21	
4,515	-0,17	
4,52	-0,15	
4,525	-0,16	
4,53	-0,18	
4,535	-0,2	
4,54	-0,19	
4,545	-0,17	
4,55	-0,12	
4,555	-0,08	
4,56	-0,05	
4,565	-0,03	
4,57	-0,04	
4,575	-0,05	
4,58	-0,06	
4,585	-0,06	
4,59	-0,04	
4,595	0	
4,6	0,07	
4,605	0,1	
4,61	0,1	
4,615	0,1	
4,62	0,09	
4,625	0,09	
4,63	0,1	
4,635	0,13	
4,64	0,17	
4,645	0,2	
4,65	0,23	
4,655	0,24	
4,66	0,24	
4,665	0,22	
4,67	0,22	
4,675	0,22	
4,68	0,26	
4,685	0,3	
4,69	0,33	
4,695	0,35	
4,7	0,36	
4,705	0,35	
4,71	0,34	
4,715	0,34	
4,72	0,35	
4,725	0,37	
4,73	0,4	
4,735	0,44	
4,74	0,46	
4,745	0,47	
4,75	0,46	
4,755	0,45	
4,76	0,42	
4,765	0,43	
4,77	0,45	
4,775	0,49	
4,78	0,52	
4,785	0,54	
4,79	0,55	
4,795	0,53	
4,8	0,51	
4,805	0,49	
4,81	0,48	
4,815	0,5	
4,82	0,53	
4,825	0,57	
4,83	0,6	
4,835	0,6	
4,84	0,57	
4,845	0,54	
4,85	0,52	
4,855	0,51	
4,86	0,53	
4,865	0,56	
4,87	0,59	
4,875	0,6	
4,88	0,6	
4,885	0,57	
4,89	0,54	
4,895	0,52	
4,9	0,51	
4,905	0,52	
4,91	0,54	
4,915	0,56	
4,92	0,58	
4,925	0,57	
4,93	0,55	
4,935	0,52	
4,94	0,48	
4,945	0,47	
4,95	0,47	
4,955	0,48	
4,96	0,5	
4,965	0,51	
4,97	0,5	
4,975	0,47	
4,98	0,43	
4,985	0,4	
4,99	0,38	
4,995	0,38	
5,0	0,39	
5,005	0,41	
5,01	0,41	
5,015	0,39	
5,02	0,35	
5,025	0,32	
5,03	0,29	
5,035	0,28	
5,04	0,28	
5,045	0,29	
5,05	0,3	
5,055	0,29	
5,06	0,27	
5,065	0,24	
5,07	0,2	
5,075	0,17	
5,08	0,15	
5,085	0,14	
5,09	0,15	
5,095	0,15	
5,1	0,13	
5,105	0,1	
5,11	0,07	
5,115	0,05	
5,12	0,03	
5,125	0,02	
5,13	0,01	
5,135	0	
5,14	-0,02	
5,145	-0,04	
5,15	-0,06	
5,155	-0,07	
5,16	-0,08	
5,165	-0,12	
5,17	-0,13	
5,175	-0,15	
5,18	-0,18	
5,185	-0,2	
5,19	-0,2	
5,195	-0,21	
5,2	-0,23	
5,205	-0,25	
5,21	-0,26	
5,215	-0,27	
5,22	-0,3	
5,225	-0,31	
5,23	-0,32	
5,235	-0,32	
5,24	-0,33	
5,245	-0,35	
5,25	-0,36	
5,255	-0,38	
5,26	-0,41	
5,265	-0,43	
5,27	-0,44	
5,275	-0,44	
5,28	-0,45	
5,285	-0,45	
5,29	-0,45	
5,295	-0,46	
5,3	-0,48	
5,305	-0,49	
5,31	-0,51	
5,315	-0,52	
5,32	-0,53	
5,325	-0,52	
5,33	-0,52	
5,335	-0,53	
5,34	-0,54	
5,345	-0,55	
5,35	-0,56	
5,355	-0,57	
5,36	-0,58	
5,365	-0,58	
5,37	-0,58	
5,375	-0,58	
5,38	-0,58	
5,385	-0,58	
5,39	-0,58	
5,395	-0,59	
5,4	-0,6	
5,405	-0,6	
5,41	-0,6	
5,415	-0,59	
5,42	-0,58	
5,425	-0,57	
5,43	-0,57	
5,435	-0,57	
5,44	-0,57	
5,445	-0,57	
5,45	-0,57	
5,455	-0,56	
5,46	-0,56	
5,465	-0,55	
5,47	-0,55	
5,475	-0,54	
5,48	-0,54	
5,485	-0,53	
5,49	-0,52	
5,495	-0,51	
5,5	-0,5	
5,505	-0,49	
5,51	-0,48	
5,515	-0,47	
5,52	-0,46	
5,525	-0,44	
5,53	-0,43	
5,535	-0,43	
5,54	-0,41	
5,545	-0,4	
5,55	-0,39	
5,555	-0,38	
5,56	-0,37	
5,565	-0,35	
5,57	-0,34	
5,575	-0,32	
5,58	-0,31	
5,585	-0,29	
5,59	-0,28	
5,595	-0,27	
5,6	-0,25	
5,605	-0,24	
5,61	-0,22	
5,615	-0,21	
5,62	-0,19	
5,625	-0,17	
5,63	-0,15	
5,635	-0,13	
5,64	-0,11	
5,645	-0,09	
5,65	-0,07	
5,655	-0,05	
5,66	-0,04	
5,665	-0,03	
5,67	-0,02	
5,675	0	
5,68	0,02	
5,685	0,04	
5,69	0,06	
5,695	0,08	
5,7	0,1	
5,705	0,11	
5,71	0,12	
5,715	0,14	
5,72	0,16	
5,725	0,18	
5,73	0,21	
5,735	0,23	
5,74	0,25	
5,745	0,27	
5,75	0,28	
5,755	0,29	
5,76	0,3	
5,765	0,31	
5,77	0,32	
5,775	0,34	
5,78	0,36	
5,785	0,39	
5,79	0,4	
5,795	0,41	
5,8	0,42	
5,805	0,43	
5,81	0,45	
5,815	0,46	
5,82	0,47	
5,825	0,49	
5,83	0,5	
5,835	0,51	
5,84	0,53	
5,845	0,53	
5,85	0,54	
5,855	0,55	
5,86	0,57	
5,865	0,57	
5,87	0,58	
5,875	0,59	
5,88	0,6	
5,885	0,6	
5,89	0,61	
5,895	0,62	
5,9	0,63	
5,905	0,63	
5,91	0,64	
5,915	0,64	
5,92	0,64	
5,925	0,64	
5,93	0,65	
5,935	0,65	
5,94	0,66	
5,945	0,66	
5,95	0,67	
5,955	0,67	
5,96	0,66	
5,965	0,66	
5,97	0,65	
5,975	0,65	
5,98	0,64	
5,985	0,64	
5,99	0,64	
5,995	0,64	
6,0	0,64	
6,005	0,64	
6,01	0,63	
6,015	0,62	
6,02	0,61	
6,025	0,6	
6,03	0,6	
6,035	0,6	
6,04	0,6	
6,045	0,59	
6,05	0,58	
6,055	0,57	
6,06	0,55	
6,065	0,54	
6,07	0,52	
6,075	0,51	
6,08	0,5	
6,085	0,49	
6,09	0,48	
6,095	0,47	
6,1	0,46	
6,105	0,45	
6,11	0,43	
6,115	0,42	
6,12	0,4	
6,125	0,38	
6,13	0,37	
6,135	0,35	
6,14	0,34	
6,145	0,33	
6,15	0,31	
6,155	0,3	
6,16	0,28	
6,165	0,25	
6,17	0,23	
6,175	0,21	
6,18	0,19	
6,185	0,17	
6,19	0,15	
6,195	0,14	
6,2	0,11	
6,205	0,09	
6,21	0,08	
6,215	0,06	
6,22	0,05	
6,225	0,02	
6,23	0	
6,235	-0,02	
6,24	-0,06	
6,245	-0,07	
6,25	-0,08	
6,255	-0,08	
6,26	-0,09	
6,265	-0,11	
6,27	-0,14	
6,275	-0,17	
6,28	-0,21	
6,285	-0,24	
6,29	-0,25	
6,295	-0,26	
6,3	-0,27	
6,305	-0,27	
6,31	-0,28	
6,315	-0,31	
6,32	-0,33	
6,325	-0,36	
6,33	-0,38	
6,335	-0,4	
6,34	-0,42	
6,345	-0,42	
6,35	-0,42	
6,355	-0,43	
6,36	-0,44	
6,365	-0,46	
6,37	-0,48	
6,375	-0,51	
6,38	-0,54	
6,385	-0,55	
6,39	-0,54	
6,395	-0,55	
6,4	-0,55	
6,405	-0,56	
6,41	-0,57	
6,415	-0,6	
6,42	-0,61	
6,425	-0,62	
6,43	-0,63	
6,435	-0,64	
6,44	-0,63	
6,445	-0,63	
6,45	-0,64	
6,455	-0,65	
6,46	-0,67	
6,465	-0,68	
6,47	-0,69	
6,475	-0,69	
6,48	-0,69	
6,485	-0,68	
6,49	-0,69	
6,495	-0,69	
6,5	-0,69	
6,505	-0,7	
6,51	-0,7	
6,515	-0,71	
6,52	-0,7	
6,525	-0,69	
6,53	-0,68	
6,535	-0,68	
6,54	-0,68	
6,545	-0,69	
6,55	-0,69	
6,555	-0,68	
6,56	-0,67	
6,565	-0,66	
6,57	-0,64	
6,575	-0,63	
6,58	-0,63	
6,585	-0,63	
6,59	-0,63	
6,595	-0,63	
6,6	-0,63	
6,605	-0,62	
6,61	-0,6	
6,615	-0,58	
6,62	-0,55	
6,625	-0,54	
6,63	-0,54	
6,635	-0,53	
6,64	-0,53	
6,645	-0,52	
6,65	-0,51	
6,655	-0,48	
6,66	-0,45	
6,665	-0,44	
6,67	-0,42	
6,675	-0,41	
6,68	-0,4	
6,685	-0,39	
6,69	-0,39	
6,695	-0,38	
6,7	-0,34	
6,705	-0,32	
6,71	-0,3	
6,715	-0,27	
6,72	-0,25	
6,725	-0,24	
6,73	-0,23	
6,735	-0,21	
6,74	-0,2	
6,745	-0,18	
6,75	-0,16	
6,755	-0,13	
6,76	-0,11	
6,765	-0,09	
6,77	-0,08	
6,775	-0,06	
6,78	-0,04	
6,785	-0,02	
6,79	0,01	
6,795	0,03	
6,8	0,05	
6,805	0,07	
6,81	0,09	
6,815	0,11	
6,82	0,12	
6,825	0,14	
6,83	0,16	
6,835	0,18	
6,84	0,2	
6,845	0,22	
6,85	0,24	
6,855	0,26	
6,86	0,28	
6,865	0,29	
6,87	0,31	
6,875	0,33	
6,88	0,35	
6,885	0,37	
6,89	0,39	
6,895	0,41	
6,9	0,42	
6,905	0,43	
6,91	0,44	
6,915	0,46	
6,92	0,47	
6,925	0,49	
6,93	0,52	
6,935	0,54	
6,94	0,55	
6,945	0,57	
6,95	0,57	
6,955	0,58	
6,96	0,59	
6,965	0,6	
6,97	0,62	
6,975	0,63	
6,98	0,65	
6,985	0,66	
6,99	0,66	
6,995	0,66	
7,0	0,66	
7,005	0,66	
7,01	0,67	
7,015	0,68	
7,02	0,7	
7,025	0,72	
7,03	0,72	
7,035	0,72	
7,04	0,72	
7,045	0,72	
7,05	0,72	
7,055	0,72	
7,06	0,73	
7,065	0,74	
7,07	0,75	
7,075	0,74	
7,08	0,74	
7,085	0,74	
7,09	0,73	
7,095	0,72	
7,1	0,72	
7,105	0,72	
7,11	0,72	
7,115	0,72	
7,12	0,72	
7,125	0,71	
7,13	0,7	
7,135	0,68	
7,14	0,68	
7,145	0,68	
7,15	0,67	
7,155	0,67	
7,16	0,66	
7,165	0,65	
7,17	0,63	
7,175	0,62	
7,18	0,61	
7,185	0,59	
7,19	0,58	
7,195	0,57	
7,2	0,57	
7,205	0,55	
7,21	0,54	
7,215	0,52	
7,22	0,5	
7,225	0,48	
7,23	0,47	
7,235	0,45	
7,24	0,44	
7,245	0,43	
7,25	0,42	
7,255	0,4	
7,26	0,38	
7,265	0,36	
7,27	0,34	
7,275	0,31	
7,28	0,3	
7,285	0,27	
7,29	0,26	
7,295	0,24	
7,3	0,21	
7,305	0,19	
7,31	0,18	
7,315	0,17	
7,32	0,15	
7,325	0,13	
7,33	0,12	
7,335	0,09	
7,34	0,05	
7,345	0,02	
7,35	0	
7,355	-0,01	
7,36	-0,02	
7,365	-0,03	
7,37	-0,05	
7,375	-0,08	
7,38	-0,11	
7,385	-0,15	
7,39	-0,17	
7,395	-0,18	
7,4	-0,2	
7,405	-0,21	
7,41	-0,22	
7,415	-0,23	
7,42	-0,25	
7,425	-0,28	
7,43	-0,32	
7,435	-0,34	
7,44	-0,36	
7,445	-0,37	
7,45	-0,37	
7,455	-0,38	
7,46	-0,4	
7,465	-0,42	
7,47	-0,45	
7,475	-0,47	
7,48	-0,49	
7,485	-0,5	
7,49	-0,51	
7,495	-0,51	
7,5	-0,52	
7,505	-0,53	
7,51	-0,56	
7,515	-0,58	
7,52	-0,6	
7,525	-0,61	
7,53	-0,61	
7,535	-0,62	
7,54	-0,62	
7,545	-0,62	
7,55	-0,63	
7,555	-0,65	
7,56	-0,67	
7,565	-0,68	
7,57	-0,69	
7,575	-0,69	
7,58	-0,69	
7,585	-0,68	
7,59	-0,68	
7,595	-0,7	
7,6	-0,71	
7,605	-0,72	
7,61	-0,74	
7,615	-0,74	
7,62	-0,73	
7,625	-0,72	
7,63	-0,71	
7,635	-0,71	
7,64	-0,71	
7,645	-0,72	
7,65	-0,73	
7,655	-0,75	
7,66	-0,75	
7,665	-0,73	
7,67	-0,71	
7,675	-0,69	
7,68	-0,68	
7,685	-0,67	
7,69	-0,69	
7,695	-0,7	
7,7	-0,7	
7,705	-0,69	
7,71	-0,68	
7,715	-0,66	
7,72	-0,63	
7,725	-0,61	
7,73	-0,6	
7,735	-0,61	
7,74	-0,61	
7,745	-0,61	
7,75	-0,6	
7,755	-0,58	
7,76	-0,55	
7,765	-0,53	
7,77	-0,51	
7,775	-0,5	
7,78	-0,49	
7,785	-0,48	
7,79	-0,48	
7,795	-0,47	
7,8	-0,45	
7,805	-0,42	
7,81	-0,4	
7,815	-0,38	
7,82	-0,36	
7,825	-0,35	
7,83	-0,34	
7,835	-0,32	
7,84	-0,3	
7,845	-0,28	
7,85	-0,26	
7,855	-0,23	
7,86	-0,21	
7,865	-0,2	
7,87	-0,19	
7,875	-0,18	
7,88	-0,16	
7,885	-0,14	
7,89	-0,11	
7,895	-0,08	
7,9	-0,06	
7,905	-0,04	
7,91	-0,03	
7,915	-0,01	
7,92	0,01	
7,925	0,03	
7,93	0,05	
7,935	0,07	
7,94	0,1	
7,945	0,12	
7,95	0,14	
7,955	0,16	
7,96	0,17	
7,965	0,18	
7,97	0,19	
7,975	0,21	
7,98	0,24	
7,985	0,26	
7,99	0,29	
7,995	0,32	
8,0	0,33	
8,005	0,34	
8,01	0,34	
8,015	0,36	
8,02	0,37	
8,025	0,39	
8,03	0,42	
8,035	0,45	
8,04	0,47	
8,045	0,48	
8,05	0,49	
8,055	0,5	
8,06	0,51	
8,065	0,52	
8,07	0,53	
8,075	0,56	
8,08	0,57	
8,085	0,59	
8,09	0,6	
8,095	0,6	
8,1	0,6	
8,105	0,61	
8,11	0,62	
8,115	0,63	
8,12	0,64	
8,125	0,65	
8,13	0,67	
8,135	0,68	
8,14	0,68	
8,145	0,68	
8,15	0,69	
8,155	0,68	
8,16	0,69	
8,165	0,7	
8,17	0,7	
8,175	0,7	
8,18	0,71	
8,185	0,71	
8,19	0,71	
8,195	0,7	
8,2	0,7	
8,205	0,71	
8,21	0,71	
8,215	0,71	
8,22	0,71	
8,225	0,7	
8,23	0,7	
8,235	0,69	
8,24	0,68	
8,245	0,69	
8,25	0,68	
8,255	0,68	
8,26	0,68	
8,265	0,67	
8,27	0,66	
8,275	0,64	
8,28	0,63	
8,285	0,62	
8,29	0,62	
8,295	0,62	
8,3	0,61	
8,305	0,61	
8,31	0,59	
8,315	0,58	
8,32	0,55	
8,325	0,53	
8,33	0,51	
8,335	0,5	
8,34	0,5	
8,345	0,5	
8,35	0,49	
8,355	0,47	
8,36	0,46	
8,365	0,43	
8,37	0,41	
8,375	0,39	
8,38	0,38	
8,385	0,36	
8,39	0,35	
8,395	0,33	
8,4	0,31	
8,405	0,29	
8,41	0,26	
8,415	0,24	
8,42	0,22	
8,425	0,21	
8,43	0,2	
8,435	0,19	
8,44	0,18	
8,445	0,16	
8,45	0,12	
8,455	0,08	
8,46	0,06	
8,465	0,05	
8,47	0,05	
8,475	0,04	
8,48	0,02	
8,485	-0,01	
8,49	-0,05	
8,495	-0,08	
8,5	-0,1	
8,505	-0,12	
8,51	-0,12	
8,515	-0,12	
8,52	-0,13	
8,525	-0,14	
8,53	-0,18	
8,535	-0,21	
8,54	-0,24	
8,545	-0,27	
8,55	-0,28	
8,555	-0,28	
8,56	-0,28	
8,565	-0,29	
8,57	-0,31	
8,575	-0,34	
8,58	-0,37	
8,585	-0,4	
8,59	-0,42	
8,595	-0,43	
8,6	-0,42	
8,605	-0,42	
8,61	-0,42	
8,615	-0,43	
8,62	-0,45	
8,625	-0,49	
8,63	-0,52	
8,635	-0,54	
8,64	-0,55	
8,645	-0,54	
8,65	-0,53	
8,655	-0,53	
8,66	-0,54	
8,665	-0,56	
8,67	-0,59	
8,675	-0,61	
8,68	-0,63	
8,685	-0,63	
8,69	-0,62	
8,695	-0,61	
8,7	-0,61	
8,705	-0,61	
8,71	-0,62	
8,715	-0,64	
8,72	-0,67	
8,725	-0,68	
8,73	-0,67	
8,735	-0,66	
8,74	-0,65	
8,745	-0,64	
8,75	-0,64	
8,755	-0,65	
8,76	-0,66	
8,765	-0,67	
8,77	-0,68	
8,775	-0,67	
8,78	-0,66	
8,785	-0,64	
8,79	-0,63	
8,795	-0,63	
8,8	-0,63	
8,805	-0,64	
8,81	-0,65	
8,815	-0,64	
8,82	-0,63	
8,825	-0,61	
8,83	-0,59	
8,835	-0,58	
8,84	-0,57	
8,845	-0,57	
8,85	-0,58	
8,855	-0,58	
8,86	-0,58	
8,865	-0,56	
8,87	-0,53	
8,875	-0,5	
8,88	-0,48	
8,885	-0,47	
8,89	-0,47	
8,895	-0,48	
8,9	-0,48	
8,905	-0,47	
8,91	-0,45	
8,915	-0,42	
8,92	-0,39	
8,925	-0,37	
8,93	-0,35	
8,935	-0,35	
8,94	-0,35	
8,945	-0,35	
8,95	-0,34	
8,955	-0,32	
8,96	-0,29	
8,965	-0,24	
8,97	-0,22	
8,975	-0,2	
8,98	-0,2	
8,985	-0,2	
8,99	-0,19	
8,995	-0,18	
9,0	-0,16	
9,005	-0,13	
9,01	-0,1	
9,015	-0,07	
9,02	-0,06	
9,025	-0,04	
9,03	-0,04	
9,035	-0,03	
9,04	-0,02	
9,045	0,01	
9,05	0,04	
9,055	0,07	
9,06	0,1	
9,065	0,11	
9,07	0,12	
9,075	0,13	
9,08	0,13	
9,085	0,14	
9,09	0,16	
9,095	0,19	
9,1	0,22	
9,105	0,24	
9,11	0,26	
9,115	0,27	
9,12	0,27	
9,125	0,28	
9,13	0,3	
9,135	0,32	
9,14	0,34	
9,145	0,37	
9,15	0,38	
9,155	0,39	
9,16	0,4	
9,165	0,4	
9,17	0,4	
9,175	0,41	
9,18	0,43	
9,185	0,45	
9,19	0,47	
9,195	0,49	
9,2	0,5	
9,205	0,5	
9,21	0,49	
9,215	0,5	
9,22	0,5	
9,225	0,52	
9,23	0,54	
9,235	0,56	
9,24	0,57	
9,245	0,58	
9,25	0,58	
9,255	0,57	
9,26	0,56	
9,265	0,57	
9,27	0,57	
9,275	0,59	
9,28	0,6	
9,285	0,61	
9,29	0,62	
9,295	0,61	
9,3	0,6	
9,305	0,59	
9,31	0,59	
9,315	0,6	
9,32	0,6	
9,325	0,61	
9,33	0,62	
9,335	0,61	
9,34	0,6	
9,345	0,59	
9,35	0,58	
9,355	0,58	
9,36	0,58	
9,365	0,59	
9,37	0,59	
9,375	0,58	
9,38	0,57	
9,385	0,55	
9,39	0,54	
9,395	0,53	
9,4	0,52	
9,405	0,52	
9,41	0,52	
9,415	0,52	
9,42	0,51	
9,425	0,5	
9,43	0,48	
9,435	0,46	
9,44	0,44	
9,445	0,43	
9,45	0,43	
9,455	0,43	
9,46	0,42	
9,465	0,41	
9,47	0,39	
9,475	0,37	
9,48	0,34	
9,485	0,33	
9,49	0,31	
9,495	0,3	
9,5	0,29	
9,505	0,29	
9,51	0,28	
9,515	0,26	
9,52	0,25	
9,525	0,23	
9,53	0,19	
9,535	0,17	
9,54	0,16	
9,545	0,16	
9,55	0,15	
9,555	0,14	
9,56	0,12	
9,565	0,1	
9,57	0,07	
9,575	0,04	
9,58	0,02	
9,585	0,01	
9,59	0	
9,595	0	
9,6	-0,01	
9,605	-0,03	
9,61	-0,06	
9,615	-0,09	
9,62	-0,1	
9,625	-0,12	
9,63	-0,13	
9,635	-0,14	
9,64	-0,14	
9,645	-0,16	
9,65	-0,18	
9,655	-0,2	
9,66	-0,22	
9,665	-0,24	
9,67	-0,26	
9,675	-0,26	
9,68	-0,26	
9,685	-0,27	
9,69	-0,28	
9,695	-0,31	
9,7	-0,33	
9,705	-0,35	
9,71	-0,37	
9,715	-0,38	
9,72	-0,38	
9,725	-0,38	
9,73	-0,38	
9,735	-0,39	
9,74	-0,4	
9,745	-0,42	
9,75	-0,44	
9,755	-0,46	
9,76	-0,47	
9,765	-0,47	
9,77	-0,47	
9,775	-0,46	
9,78	-0,47	
9,785	-0,48	
9,79	-0,5	
9,795	-0,52	
9,8	-0,53	
9,805	-0,54	
9,81	-0,53	
9,815	-0,52	
9,82	-0,52	
9,825	-0,52	
9,83	-0,52	
9,835	-0,53	
9,84	-0,55	
9,845	-0,56	
9,85	-0,56	
9,855	-0,55	
9,86	-0,54	
9,865	-0,53	
9,87	-0,52	
9,875	-0,53	
9,88	-0,54	
9,885	-0,54	
9,89	-0,55	
9,895	-0,54	
9,9	-0,54	
9,905	-0,52	
9,91	-0,51	
9,915	-0,5	
9,92	-0,5	
9,925	-0,5	
9,93	-0,51	
9,935	-0,51	
9,94	-0,5	
9,945	-0,49	
9,95	-0,47	
9,955	-0,45	
9,96	-0,44	
9,965	-0,44	
9,97	-0,44	
9,975	-0,43	
9,98	-0,43	
9,985	-0,42	
9,99	-0,4	
9,995	-0,38	
10,0	-0,37	
10,005	-0,36	
10,01	-0,35	
10,015	-0,35	
10,02	-0,34	
10,025	-0,33	
10,03	-0,31	
10,035	-0,29	
10,04	-0,27	
10,045	-0,25	
10,05	-0,24	
10,055	-0,24	
10,06	-0,23	
10,065	-0,22	
10,07	-0,21	
10,075	-0,19	
10,08	-0,17	
10,085	-0,15	
10,09	-0,13	
10,095	-0,11	
10,1	-0,1	
10,105	-0,09	
10,11	-0,09	
10,115	-0,07	
10,12	-0,05	
10,125	-0,03	
10,13	-0,01	
10,135	0,01	
10,14	0,03	
10,145	0,04	
10,15	0,04	
10,155	0,05	
10,16	0,06	
10,165	0,08	
10,17	0,1	
10,175	0,12	
10,18	0,15	
10,185	0,17	
10,19	0,17	
10,195	0,18	
10,2	0,18	
10,205	0,19	
10,21	0,2	
10,215	0,22	
10,22	0,25	
10,225	0,27	
10,23	0,28	
10,235	0,29	
10,24	0,29	
10,245	0,29	
10,25	0,3	
10,255	0,31	
10,26	0,34	
10,265	0,36	
10,27	0,37	
10,275	0,38	
10,28	0,39	
10,285	0,39	
10,29	0,39	
10,295	0,39	
10,3	0,4	
10,305	0,42	
10,31	0,43	
10,315	0,44	
10,32	0,45	
10,325	0,45	
10,33	0,45	
10,335	0,46	
10,34	0,46	
10,345	0,47	
10,35	0,48	
10,355	0,49	
10,36	0,49	
10,365	0,49	
10,37	0,49	
10,375	0,48	
10,38	0,48	
10,385	0,48	
10,39	0,49	
10,395	0,5	
10,4	0,5	
10,405	0,51	
10,41	0,51	
10,415	0,5	
10,42	0,49	
10,425	0,48	
10,43	0,48	
10,435	0,49	
10,44	0,49	
10,445	0,5	
10,45	0,49	
10,455	0,49	
10,46	0,47	
10,465	0,46	
10,47	0,45	
10,475	0,44	
10,48	0,44	
10,485	0,45	
10,49	0,45	
10,495	0,44	
10,5	0,42	
10,505	0,41	
10,51	0,39	
10,515	0,38	
10,52	0,37	
10,525	0,37	
10,53	0,37	
10,535	0,36	
10,54	0,35	
10,545	0,34	
10,55	0,33	
10,555	0,31	
10,56	0,29	
10,565	0,28	
10,57	0,27	
10,575	0,27	
10,58	0,26	
10,585	0,25	
10,59	0,23	
10,595	0,22	
10,6	0,2	
10,605	0,18	
10,61	0,17	
10,615	0,15	
10,62	0,14	
10,625	0,13	
10,63	0,13	
10,635	0,11	
10,64	0,1	
10,645	0,08	
10,65	0,07	
10,655	0,05	
10,66	0,03	
10,665	0,01	
10,67	0	
10,675	-0,01	
10,68	-0,02	
10,685	-0,04	
10,69	-0,06	
10,695	-0,08	
10,7	-0,09	
10,705	-0,1	
10,71	-0,11	
10,715	-0,12	
10,72	-0,13	
10,725	-0,14	
10,73	-0,16	
10,735	-0,18	
10,74	-0,2	
10,745	-0,22	
10,75	-0,23	
10,755	-0,23	
10,76	-0,23	
10,765	-0,24	
10,77	-0,25	
10,775	-0,27	
10,78	-0,29	
10,785	-0,31	
10,79	-0,32	
10,795	-0,33	
10,8	-0,33	
10,805	-0,33	
10,81	-0,33	
10,815	-0,34	
10,82	-0,35	
10,825	-0,38	
10,83	-0,4	
10,835	-0,41	
10,84	-0,41	
10,845	-0,41	
10,85	-0,41	
10,855	-0,42	
10,86	-0,42	
10,865	-0,43	
10,87	-0,44	
10,875	-0,45	
10,88	-0,46	
10,885	-0,46	
10,89	-0,46	
10,895	-0,46	
10,9	-0,46	
10,905	-0,46	
10,91	-0,46	
10,915	-0,47	
10,92	-0,48	
10,925	-0,49	
10,93	-0,49	
10,935	-0,49	
10,94	-0,48	
10,945	-0,47	
10,95	-0,47	
10,955	-0,47	
10,96	-0,47	
10,965	-0,48	
10,97	-0,48	
10,975	-0,48	
10,98	-0,47	
10,985	-0,46	
10,99	-0,45	
10,995	-0,44	
11,0	-0,43	
11,005	-0,43	
11,01	-0,43	
11,015	-0,43	
11,02	-0,43	
11,025	-0,42	
11,03	-0,41	
11,035	-0,39	
11,04	-0,39	
11,045	-0,38	
11,05	-0,37	
11,055	-0,37	
11,06	-0,37	
11,065	-0,35	
11,07	-0,34	
11,075	-0,33	
11,08	-0,31	
11,085	-0,3	
11,09	-0,29	
11,095	-0,29	
11,1	-0,28	
11,105	-0,27	
11,11	-0,26	
11,115	-0,24	
11,12	-0,22	
11,125	-0,21	
11,13	-0,19	
11,135	-0,18	
11,14	-0,18	
11,145	-0,17	
11,15	-0,16	
11,155	-0,14	
11,16	-0,12	
11,165	-0,1	
11,17	-0,08	
11,175	-0,07	
11,18	-0,06	
11,185	-0,05	
11,19	-0,04	
11,195	-0,03	
11,2	-0,02	
11,205	0	
11,21	0,02	
11,215	0,04	
11,22	0,05	
11,225	0,07	
11,23	0,08	
11,235	0,09	
11,24	0,1	
11,245	0,11	
11,25	0,13	
11,255	0,15	
11,26	0,17	
11,265	0,19	
11,27	0,2	
11,275	0,2	
11,28	0,21	
11,285	0,22	
11,29	0,23	
11,295	0,24	
11,3	0,26	
11,305	0,28	
11,31	0,3	
11,315	0,31	
11,32	0,32	
11,325	0,32	
11,33	0,33	
11,335	0,34	
11,34	0,35	
11,345	0,36	
11,35	0,37	
11,355	0,38	
11,36	0,39	
11,365	0,4	
11,37	0,41	
11,375	0,42	
11,38	0,42	
11,385	0,43	
11,39	0,45	
11,395	0,45	
11,4	0,46	
11,405	0,46	
11,41	0,46	
11,415	0,46	
11,42	0,47	
11,425	0,47	
11,43	0,48	
11,435	0,49	
11,44	0,49	
11,445	0,49	
11,45	0,49	
11,455	0,49	
11,46	0,49	
11,465	0,48	
11,47	0,49	
11,475	0,49	
11,48	0,5	
11,485	0,5	
11,49	0,5	
11,495	0,49	
11,5	0,48	
11,505	0,48	
11,51	0,47	
11,515	0,47	
11,52	0,47	
11,525	0,47	
11,53	0,47	
11,535	0,46	
11,54	0,46	
11,545	0,44	
11,55	0,43	
11,555	0,43	
11,56	0,42	
11,565	0,42	
11,57	0,42	
11,575	0,41	
11,58	0,4	
11,585	0,39	
11,59	0,37	
11,595	0,36	
11,6	0,35	
11,605	0,34	
11,61	0,34	
11,615	0,33	
11,62	0,32	
11,625	0,32	
11,63	0,3	
11,635	0,28	
11,64	0,27	
11,645	0,25	
11,65	0,24	
11,655	0,23	
11,66	0,23	
11,665	0,22	
11,67	0,2	
11,675	0,18	
11,68	0,17	
11,685	0,15	
11,69	0,13	
11,695	0,12	
11,7	0,11	
11,705	0,1	
11,71	0,09	
11,715	0,07	
11,72	0,04	
11,725	0,02	
11,73	0	
11,735	-0,01	
11,74	-0,02	
11,745	-0,02	
11,75	-0,03	
11,755	-0,05	
11,76	-0,06	
11,765	-0,08	
11,77	-0,1	
11,775	-0,12	
11,78	-0,13	
11,785	-0,14	
11,79	-0,15	
11,795	-0,17	
11,8	-0,18	
11,805	-0,19	
11,81	-0,21	
11,815	-0,23	
11,82	-0,25	
11,825	-0,27	
11,83	-0,28	
11,835	-0,28	
11,84	-0,29	
11,845	-0,3	
11,85	-0,31	
11,855	-0,33	
11,86	-0,34	
11,865	-0,36	
11,87	-0,37	
11,875	-0,38	
11,88	-0,39	
11,885	-0,39	
11,89	-0,4	
11,895	-0,41	
11,9	-0,42	
11,905	-0,43	
11,91	-0,45	
11,915	-0,46	
11,92	-0,46	
11,925	-0,47	
11,93	-0,47	
11,935	-0,47	
11,94	-0,48	
11,945	-0,49	
11,95	-0,5	
11,955	-0,51	
11,96	-0,51	
11,965	-0,51	
11,97	-0,51	
11,975	-0,52	
11,98	-0,52	
11,985	-0,52	
11,99	-0,53	
11,995	-0,53	
12,0	-0,54	
12,005	-0,53	
12,01	-0,53	
12,015	-0,53	
12,02	-0,53	
12,025	-0,52	
12,03	-0,53	
12,035	-0,53	
12,04	-0,53	
12,045	-0,53	
12,05	-0,53	
12,055	-0,52	
12,06	-0,51	
12,065	-0,5	
12,07	-0,49	
12,075	-0,49	
12,08	-0,49	
12,085	-0,49	
12,09	-0,48	
12,095	-0,48	
12,1	-0,47	
12,105	-0,46	
12,11	-0,45	
12,115	-0,44	
12,12	-0,43	
12,125	-0,42	
12,13	-0,42	
12,135	-0,41	
12,14	-0,4	
12,145	-0,39	
12,15	-0,37	
12,155	-0,36	
12,16	-0,35	
12,165	-0,33	
12,17	-0,32	
12,175	-0,31	
12,18	-0,3	
12,185	-0,29	
12,19	-0,28	
12,195	-0,26	
12,2	-0,24	
12,205	-0,22	
12,21	-0,21	
12,215	-0,2	
12,22	-0,19	
12,225	-0,18	
12,23	-0,16	
12,235	-0,14	
12,24	-0,12	
12,245	-0,11	
12,25	-0,09	
12,255	-0,08	
12,26	-0,07	
12,265	-0,05	
12,27	-0,04	
12,275	-0,02	
12,28	0,01	
12,285	0,02	
12,29	0,04	
12,295	0,06	
12,3	0,06	
12,305	0,08	
12,31	0,09	
12,315	0,11	
12,32	0,13	
12,325	0,15	
12,33	0,17	
12,335	0,18	
12,34	0,19	
12,345	0,2	
12,35	0,21	
12,355	0,23	
12,36	0,25	
12,365	0,26	
12,37	0,29	
12,375	0,3	
12,38	0,32	
12,385	0,33	
12,39	0,34	
12,395	0,35	
12,4	0,35	
12,405	0,36	
12,41	0,38	
12,415	0,4	
12,42	0,41	
12,425	0,42	
12,43	0,43	
12,435	0,44	
12,44	0,45	
12,445	0,46	
12,45	0,47	
12,455	0,48	
12,46	0,49	
12,465	0,51	
12,47	0,52	
12,475	0,53	
12,48	0,53	
12,485	0,54	
12,49	0,54	
12,495	0,54	
12,5	0,55	
12,505	0,55	
12,51	0,56	
12,515	0,57	
12,52	0,57	
12,525	0,58	
12,53	0,58	
12,535	0,58	
12,54	0,58	
12,545	0,59	
12,55	0,59	
12,555	0,59	
12,56	0,59	
12,565	0,59	
12,57	0,59	
12,575	0,58	
12,58	0,58	
12,585	0,58	
12,59	0,58	
12,595	0,58	
12,6	0,58	
12,605	0,57	
12,61	0,57	
12,615	0,55	
12,62	0,55	
12,625	0,54	
12,63	0,54	
12,635	0,54	
12,64	0,53	
12,645	0,53	
12,65	0,52	
12,655	0,5	
12,66	0,49	
12,665	0,48	
12,67	0,47	
12,675	0,46	
12,68	0,46	
12,685	0,45	
12,69	0,44	
12,695	0,43	
12,7	0,42	
12,705	0,4	
12,71	0,38	
12,715	0,37	
12,72	0,35	
12,725	0,34	
12,73	0,33	
12,735	0,32	
12,74	0,31	
12,745	0,3	
12,75	0,28	
12,755	0,26	
12,76	0,25	
12,765	0,22	
12,77	0,21	
12,775	0,19	
12,78	0,18	
12,785	0,17	
12,79	0,15	
12,795	0,14	
12,8	0,11	
12,805	0,1	
12,81	0,07	
12,815	0,05	
12,82	0,04	
12,825	0,02	
12,83	0,01	
12,835	0	
12,84	-0,01	
12,845	-0,04	
12,85	-0,06	
12,855	-0,09	
12,86	-0,11	
12,865	-0,12	
12,87	-0,14	
12,875	-0,16	
12,88	-0,17	
12,885	-0,18	
12,89	-0,2	
12,895	-0,21	
12,9	-0,23	
12,905	-0,24	
12,91	-0,26	
12,915	-0,28	
12,92	-0,29	
12,925	-0,31	
12,93	-0,33	
12,935	-0,34	
12,94	-0,35	
12,945	-0,37	
12,95	-0,39	
12,955	-0,4	
12,96	-0,41	
12,965	-0,43	
12,97	-0,44	
12,975	-0,45	
12,98	-0,46	
12,985	-0,47	
12,99	-0,49	
12,995	-0,49	
13,0	-0,5	
13,005	-0,52	
13,01	-0,53	
13,015	-0,54	
13,02	-0,55	
13,025	-0,56	
13,03	-0,57	
13,035	-0,57	
13,04	-0,58	
13,045	-0,59	
13,05	-0,6	
13,055	-0,6	
13,06	-0,6	
13,065	-0,61	
13,07	-0,62	
13,075	-0,62	
13,08	-0,63	
13,085	-0,63	
13,09	-0,64	
13,095	-0,63	
13,1	-0,63	
13,105	-0,64	
13,11	-0,63	
13,115	-0,64	
13,12	-0,64	
13,125	-0,65	
13,13	-0,65	
13,135	-0,65	
13,14	-0,64	
13,145	-0,63	
13,15	-0,63	
13,155	-0,62	
13,16	-0,61	
13,165	-0,61	
13,17	-0,61	
13,175	-0,61	
13,18	-0,6	
13,185	-0,59	
13,19	-0,58	
13,195	-0,57	
13,2	-0,56	
13,205	-0,55	
13,21	-0,54	
13,215	-0,54	
13,22	-0,54	
13,225	-0,53	
13,23	-0,52	
13,235	-0,51	
13,24	-0,49	
13,245	-0,47	
13,25	-0,45	
13,255	-0,44	
13,26	-0,44	
13,265	-0,43	
13,27	-0,42	
13,275	-0,4	
13,28	-0,39	
13,285	-0,37	
13,29	-0,35	
13,295	-0,34	
13,3	-0,32	
13,305	-0,31	
13,31	-0,29	
13,315	-0,28	
13,32	-0,26	
13,325	-0,25	
13,33	-0,22	
13,335	-0,2	
13,34	-0,18	
13,345	-0,17	
13,35	-0,15	
13,355	-0,14	
13,36	-0,12	
13,365	-0,1	
13,37	-0,08	
13,375	-0,06	
13,38	-0,04	
13,385	-0,03	
13,39	-0,01	
13,395	0	
13,4	0,02	
13,405	0,04	
13,41	0,06	
13,415	0,08	
13,42	0,11	
13,425	0,13	
13,43	0,15	
13,435	0,16	
13,44	0,18	
13,445	0,19	
13,45	0,21	
13,455	0,23	
13,46	0,25	
13,465	0,27	
13,47	0,28	
13,475	0,3	
13,48	0,31	
13,485	0,33	
13,49	0,35	
13,495	0,36	
13,5	0,38	
13,505	0,4	
13,51	0,41	
13,515	0,43	
13,52	0,44	
13,525	0,45	
13,53	0,46	
13,535	0,47	
13,54	0,49	
13,545	0,5	
13,55	0,51	
13,555	0,53	
13,56	0,55	
13,565	0,56	
13,57	0,57	
13,575	0,58	
13,58	0,59	
13,585	0,59	
13,59	0,6	
13,595	0,61	
13,6	0,62	
13,605	0,63	
13,61	0,64	
13,615	0,65	
13,62	0,65	
13,625	0,65	
13,63	0,65	
13,635	0,66	
13,64	0,66	
13,645	0,67	
13,65	0,67	
13,655	0,68	
13,66	0,68	
13,665	0,67	
13,67	0,67	
13,675	0,68	
13,68	0,68	
13,685	0,68	
13,69	0,68	
13,695	0,68	
13,7	0,67	
13,705	0,67	
13,71	0,66	
13,715	0,66	
13,72	0,65	
13,725	0,65	
13,73	0,65	
13,735	0,65	
13,74	0,64	
13,745	0,63	
13,75	0,62	
13,755	0,61	
13,76	0,6	
13,765	0,59	
13,77	0,58	
13,775	0,58	
13,78	0,57	
13,785	0,56	
13,79	0,55	
13,795	0,54	
13,8	0,52	
13,805	0,51	
13,81	0,5	
13,815	0,48	
13,82	0,47	
13,825	0,46	
13,83	0,44	
13,835	0,43	
13,84	0,41	
13,845	0,4	
13,85	0,38	
13,855	0,37	
13,86	0,35	
13,865	0,34	
13,87	0,32	
13,875	0,31	
13,88	0,29	
13,885	0,27	
13,89	0,25	
13,895	0,23	
13,9	0,21	
13,905	0,19	
13,91	0,17	
13,915	0,15	
13,92	0,13	
13,925	0,11	
13,93	0,1	
13,935	0,08	
13,94	0,06	
13,945	0,04	
13,95	0,03	
13,955	0,01	
13,96	-0,01	
13,965	-0,03	
13,97	-0,05	
13,975	-0,08	
13,98	-0,11	
13,985	-0,12	
13,99	-0,14	
13,995	-0,15	
14,0	-0,17	
14,005	-0,19	
14,01	-0,21	
14,015	-0,23	
14,02	-0,25	
14,025	-0,27	
14,03	-0,28	
14,035	-0,29	
14,04	-0,3	
14,045	-0,32	
14,05	-0,34	
14,055	-0,37	
14,06	-0,4	
14,065	-0,41	
14,07	-0,42	
14,075	-0,43	
14,08	-0,44	
14,085	-0,45	
14,09	-0,47	
14,095	-0,49	
14,1	-0,5	
14,105	-0,52	
14,11	-0,53	
14,115	-0,54	
14,12	-0,55	
14,125	-0,56	
14,13	-0,57	
14,135	-0,58	
14,14	-0,6	
14,145	-0,61	
14,15	-0,62	
14,155	-0,63	
14,16	-0,63	
14,165	-0,64	
14,17	-0,64	
14,175	-0,65	
14,18	-0,65	
14,185	-0,66	
14,19	-0,67	
14,195	-0,68	
14,2	-0,69	
14,205	-0,69	
14,21	-0,69	
14,215	-0,68	
14,22	-0,68	
14,225	-0,68	
14,23	-0,69	
14,235	-0,7	
14,24	-0,71	
14,245	-0,71	
14,25	-0,7	
14,255	-0,7	
14,26	-0,69	
14,265	-0,68	
14,27	-0,67	
14,275	-0,68	
14,28	-0,68	
14,285	-0,68	
14,29	-0,68	
14,295	-0,67	
14,3	-0,65	
14,305	-0,64	
14,31	-0,63	
14,315	-0,62	
14,32	-0,62	
14,325	-0,62	
14,33	-0,62	
14,335	-0,61	
14,34	-0,6	
14,345	-0,58	
14,35	-0,56	
14,355	-0,55	
14,36	-0,53	
14,365	-0,53	
14,37	-0,52	
14,375	-0,52	
14,38	-0,5	
14,385	-0,48	
14,39	-0,46	
14,395	-0,44	
14,4	-0,43	
14,405	-0,41	
14,41	-0,4	
14,415	-0,39	
14,42	-0,38	
14,425	-0,36	
14,43	-0,35	
14,435	-0,33	
14,44	-0,31	
14,445	-0,28	
14,45	-0,27	
14,455	-0,25	
14,46	-0,24	
14,465	-0,22	
14,47	-0,2	
14,475	-0,18	
14,48	-0,15	
14,485	-0,13	
14,49	-0,11	
14,495	-0,1	
14,5	-0,08	
14,505	-0,07	
14,51	-0,06	
14,515	-0,04	
14,52	-0,02	
14,525	0,01	
14,53	0,03	
14,535	0,05	
14,54	0,08	
14,545	0,1	
14,55	0,11	
14,555	0,13	
14,56	0,14	
14,565	0,16	
14,57	0,19	
14,575	0,21	
14,58	0,23	
14,585	0,25	
14,59	0,26	
14,595	0,27	
14,6	0,28	
14,605	0,3	
14,61	0,32	
14,615	0,34	
14,62	0,36	
14,625	0,39	
14,63	0,41	
14,635	0,42	
14,64	0,43	
14,645	0,44	
14,65	0,45	
14,655	0,46	
14,66	0,48	
14,665	0,5	
14,67	0,51	
14,675	0,53	
14,68	0,54	
14,685	0,55	
14,69	0,55	
14,695	0,56	
14,7	0,57	
14,705	0,59	
14,71	0,6	
14,715	0,61	
14,72	0,62	
14,725	0,63	
14,73	0,63	
14,735	0,64	
14,74	0,65	
14,745	0,65	
14,75	0,66	
14,755	0,67	
14,76	0,68	
14,765	0,68	
14,77	0,69	
14,775	0,68	
14,78	0,68	
14,785	0,68	
14,79	0,69	
14,795	0,69	
14,8	0,7	
14,805	0,7	
14,81	0,7	
14,815	0,7	
14,82	0,69	
14,825	0,68	
14,83	0,68	
14,835	0,67	
14,84	0,67	
14,845	0,68	
14,85	0,68	
14,855	0,68	
14,86	0,67	
14,865	0,65	
14,87	0,64	
14,875	0,62	
14,88	0,62	
14,885	0,62	
14,89	0,62	
14,895	0,61	
14,9	0,6	
14,905	0,59	
14,91	0,57	
14,915	0,56	
14,92	0,54	
14,925	0,53	
14,93	0,53	
14,935	0,52	
14,94	0,51	
14,945	0,49	
14,95	0,47	
14,955	0,45	
14,96	0,44	
14,965	0,42	
14,97	0,41	
14,975	0,4	
14,98	0,39	
14,985	0,38	
14,99	0,36	
14,995	0,35	
15,0	0,32	
15,005	0,3	
15,01	0,28	
15,015	0,27	
15,02	0,25	
15,025	0,23	
15,03	0,21	
15,035	0,19	
15,04	0,18	
15,045	0,16	
15,05	0,14	
15,055	0,12	
15,06	0,11	
15,065	0,09	
15,07	0,07	
15,075	0,05	
15,08	0,03	
15,085	0,01	
15,09	-0,01	
15,095	-0,03	
15,1	-0,05	
15,105	-0,06	
15,11	-0,09	
15,115	-0,11	
15,12	-0,13	
15,125	-0,15	
15,13	-0,16	
15,135	-0,18	
15,14	-0,2	
15,145	-0,22	
15,15	-0,24	
15,155	-0,26	
15,16	-0,28	
15,165	-0,29	
15,17	-0,3	
15,175	-0,31	
15,18	-0,33	
15,185	-0,34	
15,19	-0,37	
15,195	-0,38	
15,2	-0,4	
15,205	-0,41	
15,21	-0,42	
15,215	-0,43	
15,22	-0,45	
15,225	-0,46	
15,23	-0,48	
15,235	-0,49	
15,24	-0,51	
15,245	-0,52	
15,25	-0,53	
15,255	-0,54	
15,26	-0,54	
15,265	-0,55	
15,27	-0,56	
15,275	-0,58	
15,28	-0,59	
15,285	-0,6	
15,29	-0,6	
15,295	-0,61	
15,3	-0,61	
15,305	-0,62	
15,31	-0,62	
15,315	-0,63	
15,32	-0,63	
15,325	-0,64	
15,33	-0,64	
15,335	-0,65	
15,34	-0,65	
15,345	-0,65	
15,35	-0,66	
15,355	-0,66	
15,36	-0,66	
15,365	-0,66	
15,37	-0,66	
15,375	-0,66	
15,38	-0,66	
15,385	-0,65	
15,39	-0,65	
15,395	-0,65	
15,4	-0,64	
15,405	-0,64	
15,41	-0,64	
15,415	-0,64	
15,42	-0,63	
15,425	-0,62	
15,43	-0,62	
15,435	-0,61	
15,44	-0,6	
15,445	-0,59	
15,45	-0,59	
15,455	-0,58	
15,46	-0,57	
15,465	-0,56	
15,47	-0,55	
15,475	-0,54	
15,48	-0,53	
15,485	-0,52	
15,49	-0,51	
15,495	-0,49	
15,5	-0,48	
15,505	-0,47	
15,51	-0,46	
15,515	-0,45	
15,52	-0,43	
15,525	-0,42	
15,53	-0,4	
15,535	-0,39	
15,54	-0,37	
15,545	-0,36	
15,55	-0,34	
15,555	-0,33	
15,56	-0,31	
15,565	-0,3	
15,57	-0,28	
15,575	-0,26	
15,58	-0,24	
15,585	-0,23	
15,59	-0,21	
15,595	-0,19	
15,6	-0,17	
15,605	-0,16	
15,61	-0,14	
15,615	-0,12	
15,62	-0,1	
15,625	-0,08	
15,63	-0,07	
15,635	-0,05	
15,64	-0,03	
15,645	-0,02	
15,65	-0,01	
15,655	0,01	
15,66	0,03	
15,665	0,05	
15,67	0,07	
15,675	0,1	
15,68	0,12	
15,685	0,13	
15,69	0,15	
15,695	0,16	
15,7	0,17	
15,705	0,19	
15,71	0,21	
15,715	0,23	
15,72	0,24	
15,725	0,26	
15,73	0,27	
15,735	0,29	
15,74	0,3	
15,745	0,32	
15,75	0,33	
15,755	0,35	
15,76	0,37	
15,765	0,38	
15,77	0,39	
15,775	0,4	
15,78	0,41	
15,785	0,42	
15,79	0,44	
15,795	0,45	
15,8	0,47	
15,805	0,48	
15,81	0,49	
15,815	0,5	
15,82	0,51	
15,825	0,51	
15,83	0,52	
15,835	0,54	
15,84	0,55	
15,845	0,56	
15,85	0,56	
15,855	0,57	
15,86	0,57	
15,865	0,58	
15,87	0,58	
15,875	0,59	
15,88	0,59	
15,885	0,6	
15,89	0,6	
15,895	0,61	
15,9	0,61	
15,905	0,61	
15,91	0,61	
15,915	0,61	
15,92	0,61	
15,925	0,61	
15,93	0,62	
15,935	0,61	
15,94	0,61	
15,945	0,61	
15,95	0,61	
15,955	0,6	
15,96	0,6	
15,965	0,59	
15,97	0,59	
15,975	0,58	
15,98	0,58	
15,985	0,58	
15,99	0,57	
15,995	0,57	
16,0	0,56	
16,005	0,55	
16,01	0,54	
16,015	0,53	
16,02	0,52	
16,025	0,51	
16,03	0,51	
16,035	0,5	
16,04	0,48	
16,045	0,47	
16,05	0,46	
16,055	0,45	
16,06	0,44	
16,065	0,43	
16,07	0,42	
16,075	0,42	
16,08	0,4	
16,085	0,38	
16,09	0,37	
16,095	0,35	
16,1	0,34	
16,105	0,32	
16,11	0,31	
16,115	0,3	
16,12	0,29	
16,125	0,27	
16,13	0,26	
16,135	0,24	
16,14	0,22	
16,145	0,2	
16,15	0,18	
16,155	0,17	
16,16	0,15	
16,165	0,15	
16,17	0,14	
16,175	0,12	
16,18	0,09	
16,185	0,07	
16,19	0,05	
16,195	0,03	
16,2	0,01	
16,205	0,01	
16,21	0	
16,215	-0,02	
16,22	-0,04	
16,225	-0,06	
16,23	-0,07	
16,235	-0,09	
16,24	-0,12	
16,245	-0,12	
16,25	-0,14	
16,255	-0,15	
16,26	-0,16	
16,265	-0,18	
16,27	-0,2	
16,275	-0,22	
16,28	-0,24	
16,285	-0,25	
16,29	-0,26	
16,295	-0,27	
16,3	-0,28	
16,305	-0,29	
16,31	-0,3	
16,315	-0,32	
16,32	-0,35	
16,325	-0,36	
16,33	-0,37	
16,335	-0,38	
16,34	-0,39	
16,345	-0,39	
16,35	-0,4	
16,355	-0,42	
16,36	-0,43	
16,365	-0,44	
16,37	-0,45	
16,375	-0,46	
16,38	-0,46	
16,385	-0,46	
16,39	-0,47	
16,395	-0,48	
16,4	-0,49	
16,405	-0,51	
16,41	-0,52	
16,415	-0,52	
16,42	-0,53	
16,425	-0,53	
16,43	-0,53	
16,435	-0,53	
16,44	-0,53	
16,445	-0,54	
16,45	-0,55	
16,455	-0,55	
16,46	-0,56	
16,465	-0,56	
16,47	-0,55	
16,475	-0,55	
16,48	-0,54	
16,485	-0,55	
16,49	-0,55	
16,495	-0,55	
16,5	-0,56	
16,505	-0,55	
16,51	-0,55	
16,515	-0,54	
16,52	-0,53	
16,525	-0,52	
16,53	-0,52	
16,535	-0,52	
16,54	-0,52	
16,545	-0,53	
16,55	-0,52	
16,555	-0,51	
16,56	-0,5	
16,565	-0,48	
16,57	-0,47	
16,575	-0,46	
16,58	-0,46	
16,585	-0,46	
16,59	-0,45	
16,595	-0,44	
16,6	-0,43	
16,605	-0,42	
16,61	-0,4	
16,615	-0,39	
16,62	-0,38	
16,625	-0,38	
16,63	-0,37	
16,635	-0,36	
16,64	-0,34	
16,645	-0,33	
16,65	-0,31	
16,655	-0,29	
16,66	-0,28	
16,665	-0,27	
16,67	-0,26	
16,675	-0,25	
16,68	-0,24	
16,685	-0,22	
16,69	-0,2	
16,695	-0,19	
16,7	-0,17	
16,705	-0,16	
16,71	-0,14	
16,715	-0,13	
16,72	-0,12	
16,725	-0,1	
16,73	-0,08	
16,735	-0,07	
16,74	-0,05	
16,745	-0,03	
16,75	-0,02	
16,755	-0,01	
16,76	0	
16,765	0,01	
16,77	0,03	
16,775	0,04	
16,78	0,06	
16,785	0,08	
16,79	0,1	
16,795	0,12	
16,8	0,13	
16,805	0,14	
16,81	0,15	
16,815	0,17	
16,82	0,18	
16,825	0,2	
16,83	0,22	
16,835	0,23	
16,84	0,24	
16,845	0,26	
16,85	0,26	
16,855	0,27	
16,86	0,28	
16,865	0,29	
16,87	0,31	
16,875	0,32	
16,88	0,34	
16,885	0,35	
16,89	0,36	
16,895	0,37	
16,9	0,37	
16,905	0,38	
16,91	0,39	
16,915	0,4	
16,92	0,41	
16,925	0,42	
16,93	0,43	
16,935	0,44	
16,94	0,44	
16,945	0,45	
16,95	0,45	
16,955	0,45	
16,96	0,46	
16,965	0,47	
16,97	0,47	
16,975	0,48	
16,98	0,49	
16,985	0,49	
16,99	0,49	
16,995	0,49	
17,0	0,49	
17,005	0,5	
17,01	0,5	
17,015	0,5	
17,02	0,5	
17,025	0,5	
17,03	0,5	
17,035	0,5	
17,04	0,5	
17,045	0,49	
17,05	0,5	
17,055	0,5	
17,06	0,49	
17,065	0,48	
17,07	0,48	
17,075	0,47	
17,08	0,47	
17,085	0,46	
17,09	0,46	
17,095	0,46	
17,1	0,46	
17,105	0,45	
17,11	0,44	
17,115	0,43	
17,12	0,43	
17,125	0,41	
17,13	0,4	
17,135	0,4	
17,14	0,38	
17,145	0,38	
17,15	0,37	
17,155	0,37	
17,16	0,35	
17,165	0,34	
17,17	0,32	
17,175	0,31	
17,18	0,3	
17,185	0,29	
17,19	0,29	
17,195	0,28	
17,2	0,27	
17,205	0,25	
17,21	0,24	
17,215	0,22	
17,22	0,21	
17,225	0,19	
17,23	0,19	
17,235	0,17	
17,24	0,16	
17,245	0,15	
17,25	0,14	
17,255	0,12	
17,26	0,1	
17,265	0,09	
17,27	0,08	
17,275	0,06	
17,28	0,05	
17,285	0,04	
17,29	0,03	
17,295	0,01	
17,3	0	
17,305	-0,02	
17,31	-0,04	
17,315	-0,05	
17,32	-0,07	
17,325	-0,08	
17,33	-0,08	
17,335	-0,09	
17,34	-0,11	
17,345	-0,13	
17,35	-0,14	
17,355	-0,16	
17,36	-0,18	
17,365	-0,18	
17,37	-0,19	
17,375	-0,2	
17,38	-0,22	
17,385	-0,23	
17,39	-0,24	
17,395	-0,26	
17,4	-0,27	
17,405	-0,28	
17,41	-0,29	
17,415	-0,3	
17,42	-0,31	
17,425	-0,31	
17,43	-0,32	
17,435	-0,34	
17,44	-0,35	
17,445	-0,36	
17,45	-0,37	
17,455	-0,38	
17,46	-0,38	
17,465	-0,39	
17,47	-0,39	
17,475	-0,4	
17,48	-0,41	
17,485	-0,42	
17,49	-0,43	
17,495	-0,43	
17,5	-0,43	
17,505	-0,43	
17,51	-0,43	
17,515	-0,43	
17,52	-0,44	
17,525	-0,45	
17,53	-0,46	
17,535	-0,47	
17,54	-0,47	
17,545	-0,47	
17,55	-0,46	
17,555	-0,46	
17,56	-0,46	
17,565	-0,46	
17,57	-0,46	
17,575	-0,46	
17,58	-0,47	
17,585	-0,46	
17,59	-0,46	
17,595	-0,45	
17,6	-0,45	
17,605	-0,44	
17,61	-0,44	
17,615	-0,44	
17,62	-0,44	
17,625	-0,43	
17,63	-0,43	
17,635	-0,42	
17,64	-0,41	
17,645	-0,4	
17,65	-0,39	
17,655	-0,39	
17,66	-0,39	
17,665	-0,38	
17,67	-0,38	
17,675	-0,37	
17,68	-0,36	
17,685	-0,35	
17,69	-0,34	
17,695	-0,32	
17,7	-0,32	
17,705	-0,31	
17,71	-0,3	
17,715	-0,29	
17,72	-0,28	
17,725	-0,27	
17,73	-0,26	
17,735	-0,24	
17,74	-0,23	
17,745	-0,22	
17,75	-0,21	
17,755	-0,21	
17,76	-0,2	
17,765	-0,19	
17,77	-0,17	
17,775	-0,19	
17,78	-0,13	
17,785	-0,12	
17,79	-0,11	
17,795	-0,1	
17,8	-0,09	
17,805	-0,08	
17,81	-0,07	
17,815	-0,05	
17,82	-0,03	
17,825	-0,01	
17,83	0,01	
17,835	0,02	
17,84	0,03	
17,845	0,04	
17,85	0,04	
17,855	0,06	
17,86	0,08	
17,865	0,1	
17,87	0,11	
17,875	0,13	
17,88	0,14	
17,885	0,15	
17,89	0,16	
17,895	0,17	
17,9	0,18	
17,905	0,2	
17,91	0,21	
17,915	0,22	
17,92	0,23	
17,925	0,24	
17,93	0,25	
17,935	0,26	
17,94	0,27	
17,945	0,28	
17,95	0,3	
17,955	0,31	
17,96	0,32	
17,965	0,33	
17,97	0,34	
17,975	0,34	
17,98	0,35	
17,985	0,36	
17,99	0,36	
17,995	0,37	
18,0	0,38	
18,005	0,4	
18,01	0,4	
18,015	0,4	
18,02	0,41	
18,025	0,41	
18,03	0,42	
18,035	0,43	
18,04	0,43	
18,045	0,44	
18,05	0,45	
18,055	0,45	
18,06	0,45	
18,065	0,45	
18,07	0,45	
18,075	0,45	
18,08	0,45	
18,085	0,46	
18,09	0,46	
18,095	0,46	
18,1	0,46	
18,105	0,45	
18,11	0,45	
18,115	0,45	
18,12	0,45	
18,125	0,44	
18,13	0,44	
18,135	0,44	
18,14	0,44	
18,145	0,44	
18,15	0,44	
18,155	0,43	
18,16	0,43	
18,165	0,42	
18,17	0,41	
18,175	0,41	
18,18	0,4	
18,185	0,4	
18,19	0,39	
18,195	0,39	
18,2	0,37	
18,205	0,37	
18,21	0,36	
18,215	0,35	
18,22	0,34	
18,225	0,33	
18,23	0,33	
18,235	0,32	
18,24	0,31	
18,245	0,3	
18,25	0,29	
18,255	0,27	
18,26	0,26	
18,265	0,25	
18,27	0,24	
18,275	0,23	
18,28	0,22	
18,285	0,2	
18,29	0,19	
18,295	0,17	
18,3	0,16	
18,305	0,15	
18,31	0,14	
18,315	0,13	
18,32	0,12	
18,325	0,11	
18,33	0,09	
18,335	0,08	
18,34	0,06	
18,345	0,04	
18,35	0,03	
18,355	0,01	
18,36	0	
18,365	-0,01	
18,37	-0,02	
18,375	-0,04	
18,38	-0,05	
18,385	-0,06	
18,39	-0,08	
18,395	-0,08	
18,4	-0,1	
18,405	-0,11	
18,41	-0,13	
18,415	-0,14	
18,42	-0,16	
18,425	-0,17	
18,43	-0,19	
18,435	-0,2	
18,44	-0,21	
18,445	-0,22	
18,45	-0,24	
18,455	-0,25	
18,46	-0,26	
18,465	-0,27	
18,47	-0,28	
18,475	-0,29	
18,48	-0,3	
18,485	-0,31	
18,49	-0,32	
18,495	-0,34	
18,5	-0,35	
18,505	-0,36	
18,51	-0,36	
18,515	-0,37	
18,52	-0,37	
18,525	-0,38	
18,53	-0,39	
18,535	-0,4	
18,54	-0,41	
18,545	-0,42	
18,55	-0,43	
18,555	-0,44	
18,56	-0,44	
18,565	-0,44	
18,57	-0,45	
18,575	-0,45	
18,58	-0,46	
18,585	-0,46	
18,59	-0,47	
18,595	-0,47	
18,6	-0,47	
18,605	-0,48	
18,61	-0,48	
18,615	-0,47	
18,62	-0,48	
18,625	-0,48	
18,63	-0,49	
18,635	-0,49	
18,64	-0,49	
18,645	-0,49	
18,65	-0,48	
18,655	-0,48	
18,66	-0,48	
18,665	-0,47	
18,67	-0,47	
18,675	-0,47	
18,68	-0,47	
18,685	-0,46	
18,69	-0,46	
18,695	-0,45	
18,7	-0,45	
18,705	-0,44	
18,71	-0,44	
18,715	-0,43	
18,72	-0,43	
18,725	-0,42	
18,73	-0,41	
18,735	-0,4	
18,74	-0,39	
18,745	-0,38	
18,75	-0,37	
18,755	-0,36	
18,76	-0,36	
18,765	-0,35	
18,77	-0,34	
18,775	-0,33	
18,78	-0,32	
18,785	-0,31	
18,79	-0,3	
18,795	-0,29	
18,8	-0,28	
18,805	-0,27	
18,81	-0,25	
18,815	-0,24	
18,82	-0,23	
18,825	-0,21	
18,83	-0,19	
18,835	-0,18	
18,84	-0,16	
18,845	-0,15	
18,85	-0,14	
18,855	-0,13	
18,86	-0,12	
18,865	-0,1	
18,87	-0,09	
18,875	-0,07	
18,88	-0,06	
18,885	-0,04	
18,89	-0,03	
18,895	-0,01	
18,9	0	
18,905	0,01	
18,91	0,03	
18,915	0,05	
18,92	0,06	
18,925	0,08	
18,93	0,09	
18,935	0,11	
18,94	0,12	
18,945	0,13	
18,95	0,14	
18,955	0,16	
18,96	0,17	
18,965	0,18	
18,97	0,2	
18,975	0,21	
18,98	0,23	
18,985	0,24	
18,99	0,26	
18,995	0,27	
19,0	0,28	
19,005	0,29	
19,01	0,3	
19,015	0,31	
19,02	0,33	
19,025	0,34	
19,03	0,36	
19,035	0,37	
19,04	0,38	
19,045	0,39	
19,05	0,39	
19,055	0,4	
19,06	0,41	
19,065	0,42	
19,07	0,43	
19,075	0,44	
19,08	0,45	
19,085	0,46	
19,09	0,46	
19,095	0,47	
19,1	0,48	
19,105	0,49	
19,11	0,49	
19,115	0,5	
19,12	0,5	
19,125	0,51	
19,13	0,51	
19,135	0,51	
19,14	0,52	
19,145	0,52	
19,15	0,53	
19,155	0,53	
19,16	0,53	
19,165	0,52	
19,17	0,53	
19,175	0,53	
19,18	0,53	
19,185	0,53	
19,19	0,53	
19,195	0,53	
19,2	0,53	
19,205	0,53	
19,21	0,52	
19,215	0,52	
19,22	0,52	
19,225	0,51	
19,23	0,51	
19,235	0,5	
19,24	0,5	
19,245	0,49	
19,25	0,48	
19,255	0,48	
19,26	0,47	
19,265	0,46	
19,27	0,46	
19,275	0,45	
19,28	0,44	
19,285	0,44	
19,29	0,43	
19,295	0,41	
19,3	0,4	
19,305	0,39	
19,31	0,39	
19,315	0,37	
19,32	0,36	
19,325	0,36	
19,33	0,34	
19,335	0,33	
19,34	0,31	
19,345	0,3	
19,35	0,29	
19,355	0,27	
19,36	0,26	
19,365	0,25	
19,37	0,23	
19,375	0,22	
19,38	0,21	
19,385	0,19	
19,39	0,18	
19,395	0,16	
19,4	0,15	
19,405	0,13	
19,41	0,12	
19,415	0,1	
19,42	0,08	
19,425	0,07	
19,43	0,05	
19,435	0,04	
19,44	0,02	
19,445	0	
19,45	-0,01	
19,455	-0,03	
19,46	-0,04	
19,465	-0,06	
19,47	-0,07	
19,475	-0,08	
19,48	-0,1	
19,485	-0,11	
19,49	-0,14	
19,495	-0,16	
19,5	-0,18	
19,505	-0,2	
19,51	-0,21	
19,515	-0,21	
19,52	-0,22	
19,525	-0,23	
19,53	-0,25	
19,535	-0,27	
19,54	-0,29	
19,545	-0,31	
19,55	-0,32	
19,555	-0,34	
19,56	-0,34	
19,565	-0,35	
19,57	-0,36	
19,575	-0,38	
19,58	-0,4	
19,585	-0,41	
19,59	-0,43	
19,595	-0,43	
19,6	-0,44	
19,605	-0,44	
19,61	-0,45	
19,615	-0,46	
19,62	-0,47	
19,625	-0,48	
19,63	-0,49	
19,635	-0,51	
19,64	-0,52	
19,645	-0,52	
19,65	-0,52	
19,655	-0,53	
19,66	-0,53	
19,665	-0,54	
19,67	-0,55	
19,675	-0,56	
19,68	-0,57	
19,685	-0,57	
19,69	-0,57	
19,695	-0,57	
19,7	-0,57	
19,705	-0,57	
19,71	-0,58	
19,715	-0,58	
19,72	-0,59	
19,725	-0,59	
19,73	-0,59	
19,735	-0,58	
19,74	-0,58	
19,745	-0,58	
19,75	-0,58	
19,755	-0,58	
19,76	-0,58	
19,765	-0,58	
19,77	-0,58	
19,775	-0,57	
19,78	-0,57	
19,785	-0,56	
19,79	-0,55	
19,795	-0,54	
19,8	-0,54	
19,805	-0,53	
19,81	-0,53	
19,815	-0,52	
19,82	-0,51	
19,825	-0,5	
19,83	-0,49	
19,835	-0,48	
19,84	-0,46	
19,845	-0,46	
19,85	-0,45	
19,855	-0,45	
19,86	-0,44	
19,865	-0,43	
19,87	-0,42	
19,875	-0,4	
19,88	-0,37	
19,885	-0,36	
19,89	-0,35	
19,895	-0,34	
19,9	-0,33	
19,905	-0,32	
19,91	-0,3	
19,915	-0,29	
19,92	-0,27	
19,925	-0,25	
19,93	-0,24	
19,935	-0,22	
19,94	-0,21	
19,945	-0,2	
19,95	-0,18	
19,955	-0,17	
19,96	-0,14	
19,965	-0,12	
19,97	-0,11	
19,975	-0,09	
19,98	-0,08	
19,985	-0,07	
19,99	-0,05	
19,995	-0,03	
20,0	-0,02	
20,005	0,01	
20,01	0,03	
20,015	0,04	
20,02	0,06	
20,025	0,07	
20,03	0,09	
20,035	0,1	
20,04	0,13	
20,045	0,15	
20,05	0,17	
20,055	0,19	
20,06	0,2	
20,065	0,21	
20,07	0,22	
20,075	0,23	
20,08	0,25	
20,085	0,26	
20,09	0,28	
20,095	0,3	
20,1	0,32	
20,105	0,34	
20,11	0,35	
20,115	0,36	
20,12	0,38	
20,125	0,39	
20,13	0,4	
20,135	0,42	
20,14	0,44	
20,145	0,45	
20,15	0,46	
20,155	0,47	
20,16	0,48	
20,165	0,48	
20,17	0,49	
20,175	0,5	
20,18	0,51	
20,185	0,53	
20,19	0,54	
20,195	0,55	
20,2	0,56	
20,205	0,56	
20,21	0,57	
20,215	0,57	
20,22	0,58	
20,225	0,6	
20,23	0,61	
20,235	0,62	
20,24	0,62	
20,245	0,62	
20,25	0,62	
20,255	0,62	
20,26	0,61	
20,265	0,62	
20,27	0,62	
20,275	0,63	
20,28	0,64	
20,285	0,64	
20,29	0,64	
20,295	0,63	
20,3	0,63	
20,305	0,63	
20,31	0,63	
20,315	0,63	
20,32	0,63	
20,325	0,62	
20,33	0,62	
20,335	0,61	
20,34	0,6	
20,345	0,6	
20,35	0,59	
20,355	0,59	
20,36	0,58	
20,365	0,57	
20,37	0,57	
20,375	0,56	
20,38	0,55	
20,385	0,53	
20,39	0,52	
20,395	0,51	
20,4	0,51	
20,405	0,5	
20,41	0,49	
20,415	0,48	
20,42	0,47	
20,425	0,45	
20,43	0,44	
20,435	0,42	
20,44	0,41	
20,445	0,4	
20,45	0,39	
20,455	0,37	
20,46	0,36	
20,465	0,35	
20,47	0,33	
20,475	0,31	
20,48	0,29	
20,485	0,27	
20,49	0,26	
20,495	0,24	
20,5	0,23	
20,505	0,22	
20,51	0,21	
20,515	0,19	
20,52	0,17	
20,525	0,14	
20,53	0,12	
20,535	0,11	
20,54	0,09	
20,545	0,08	
20,55	0,06	
20,555	0,04	
20,56	0,02	
20,565	0	
20,57	-0,02	
20,575	-0,03	
20,58	-0,04	
20,585	-0,06	
20,59	-0,08	
20,595	-0,1	
20,6	-0,12	
20,605	-0,15	
20,61	-0,17	
20,615	-0,18	
20,62	-0,2	
20,625	-0,21	
20,63	-0,23	
20,635	-0,24	
20,64	-0,26	
20,645	-0,28	
20,65	-0,3	
20,655	-0,32	
20,66	-0,34	
20,665	-0,35	
20,67	-0,36	
20,675	-0,37	
20,68	-0,38	
20,685	-0,4	
20,69	-0,42	
20,695	-0,44	
20,7	-0,45	
20,705	-0,47	
20,71	-0,48	
20,715	-0,48	
20,72	-0,5	
20,725	-0,51	
20,73	-0,52	
20,735	-0,53	
20,74	-0,55	
20,745	-0,56	
20,75	-0,57	
20,755	-0,57	
20,76	-0,58	
20,765	-0,59	
20,77	-0,59	
20,775	-0,6	
20,78	-0,61	
20,785	-0,62	
20,79	-0,63	
20,795	-0,63	
20,8	-0,64	
20,805	-0,64	
20,81	-0,64	
20,815	-0,65	
20,82	-0,65	
20,825	-0,66	
20,83	-0,67	
20,835	-0,67	
20,84	-0,67	
20,845	-0,67	
20,85	-0,66	
20,855	-0,66	
20,86	-0,66	
20,865	-0,66	
20,87	-0,66	
20,875	-0,66	
20,88	-0,66	
20,885	-0,66	
20,89	-0,65	
20,895	-0,65	
20,9	-0,64	
20,905	-0,63	
20,91	-0,63	
20,915	-0,62	
20,92	-0,62	
20,925	-0,61	
20,93	-0,6	
20,935	-0,59	
20,94	-0,58	
20,945	-0,56	
20,95	-0,55	
20,955	-0,55	
20,96	-0,54	
20,965	-0,53	
20,97	-0,52	
20,975	-0,51	
20,98	-0,5	
20,985	-0,48	
20,99	-0,47	
20,995	-0,45	
21,0	-0,44	
21,005	-0,43	
21,01	-0,42	
21,015	-0,4	
21,02	-0,39	
21,025	-0,37	
21,03	-0,35	
21,035	-0,33	
21,04	-0,32	
21,045	-0,3	
21,05	-0,29	
21,055	-0,27	
21,06	-0,26	
21,065	-0,24	
21,07	-0,23	
21,075	-0,21	
21,08	-0,19	
21,085	-0,17	
21,09	-0,14	
21,095	-0,13	
21,1	-0,11	
21,105	-0,09	
21,11	-0,08	
21,115	-0,06	
21,12	-0,04	
21,125	-0,02	
21,13	0	
21,135	0,02	
21,14	0,04	
21,145	0,05	
21,15	0,07	
21,155	0,09	
21,16	0,11	
21,165	0,13	
21,17	0,14	
21,175	0,17	
21,18	0,19	
21,185	0,2	
21,19	0,22	
21,195	0,24	
21,2	0,25	
21,205	0,27	
21,21	0,29	
21,215	0,3	
21,22	0,32	
21,225	0,34	
21,23	0,35	
21,235	0,37	
21,24	0,38	
21,245	0,39	
21,25	0,41	
21,255	0,44	
21,26	0,45	
21,265	0,46	
21,27	0,48	
21,275	0,49	
21,28	0,5	
21,285	0,51	
21,29	0,52	
21,295	0,53	
21,3	0,55	
21,305	0,56	
21,31	0,57	
21,315	0,58	
21,32	0,59	
21,325	0,59	
21,33	0,6	
21,335	0,61	
21,34	0,62	
21,345	0,63	
21,35	0,64	
21,355	0,64	
21,36	0,65	
21,365	0,65	
21,37	0,65	
21,375	0,65	
21,38	0,66	
21,385	0,66	
21,39	0,66	
21,395	0,67	
21,4	0,68	
21,405	0,68	
21,41	0,68	
21,415	0,67	
21,42	0,67	
21,425	0,67	
21,43	0,67	
21,435	0,66	
21,44	0,66	
21,445	0,66	
21,45	0,66	
21,455	0,66	
21,46	0,65	
21,465	0,65	
21,47	0,64	
21,475	0,64	
21,48	0,63	
21,485	0,62	
21,49	0,61	
21,495	0,6	
21,5	0,59	
21,505	0,59	
21,51	0,58	
21,515	0,57	
21,52	0,56	
21,525	0,55	
21,53	0,54	
21,535	0,53	
21,54	0,52	
21,545	0,51	
21,55	0,49	
21,555	0,48	
21,56	0,47	
21,565	0,45	
21,57	0,43	
21,575	0,41	
21,58	0,4	
21,585	0,39	
21,59	0,38	
21,595	0,36	
21,6	0,35	
21,605	0,33	
21,61	0,31	
21,615	0,29	
21,62	0,28	
21,625	0,26	
21,63	0,25	
21,635	0,23	
21,64	0,22	
21,645	0,2	
21,65	0,18	
21,655	0,16	
21,66	0,14	
21,665	0,12	
21,67	0,1	
21,675	0,09	
21,68	0,07	
21,685	0,05	
21,69	0,03	
21,695	0,01	
21,7	-0,01	
21,705	-0,03	
21,71	-0,06	
21,715	-0,07	
21,72	-0,08	
21,725	-0,1	
21,73	-0,11	
21,735	-0,13	
21,74	-0,15	
21,745	-0,18	
21,75	-0,2	
21,755	-0,21	
21,76	-0,23	
21,765	-0,24	
21,77	-0,26	
21,775	-0,27	
21,78	-0,29	
21,785	-0,31	
21,79	-0,33	
21,795	-0,35	
21,8	-0,36	
21,805	-0,38	
21,81	-0,39	
21,815	-0,4	
21,82	-0,42	
21,825	-0,43	
21,83	-0,45	
21,835	-0,46	
21,84	-0,48	
21,845	-0,49	
21,85	-0,51	
21,855	-0,51	
21,86	-0,52	
21,865	-0,53	
21,87	-0,54	
21,875	-0,55	
21,88	-0,56	
21,885	-0,57	
21,89	-0,58	
21,895	-0,59	
21,9	-0,6	
21,905	-0,6	
21,91	-0,61	
21,915	-0,62	
21,92	-0,63	
21,925	-0,63	
21,93	-0,64	
21,935	-0,64	
21,94	-0,64	
21,945	-0,64	
21,95	-0,65	
21,955	-0,65	
21,96	-0,65	
21,965	-0,65	
21,97	-0,66	
21,975	-0,66	
21,98	-0,66	
21,985	-0,66	
21,99	-0,65	
21,995	-0,65	
22,0	-0,65	
22,005	-0,65	
22,01	-0,65	
22,015	-0,64	
22,02	-0,64	
22,025	-0,64	
22,03	-0,63	
22,035	-0,62	
22,04	-0,62	
22,045	-0,61	
22,05	-0,6	
22,055	-0,6	
22,06	-0,59	
22,065	-0,59	
22,07	-0,58	
22,075	-0,57	
22,08	-0,55	
22,085	-0,54	
22,09	-0,53	
22,095	-0,52	
22,1	-0,51	
22,105	-0,5	
22,11	-0,49	
22,115	-0,48	
22,12	-0,47	
22,125	-0,46	
22,13	-0,44	
22,135	-0,43	
22,14	-0,41	
22,145	-0,39	
22,15	-0,38	
22,155	-0,37	
22,16	-0,35	
22,165	-0,33	
22,17	-0,31	
22,175	-0,29	
22,18	-0,28	
22,185	-0,27	
22,19	-0,26	
22,195	-0,25	
22,2	-0,23	
22,205	-0,21	
22,21	-0,19	
22,215	-0,17	
22,22	-0,16	
22,225	-0,13	
22,23	-0,11	
22,235	-0,1	
22,24	-0,08	
22,245	-0,07	
22,25	-0,05	
22,255	-0,03	
22,26	-0,01	
22,265	0,01	
22,27	0,03	
22,275	0,04	
22,28	0,06	
22,285	0,07	
22,29	0,09	
22,295	0,1	
22,3	0,13	
22,305	0,16	
22,31	0,18	
22,315	0,19	
22,32	0,21	
22,325	0,22	
22,33	0,23	
22,335	0,25	
22,34	0,27	
22,345	0,29	
22,35	0,3	
22,355	0,32	
22,36	0,33	
22,365	0,35	
22,37	0,36	
22,375	0,36	
22,38	0,38	
22,385	0,4	
22,39	0,42	
22,395	0,44	
22,4	0,45	
22,405	0,46	
22,41	0,47	
22,415	0,48	
22,42	0,48	
22,425	0,49	
22,43	0,5	
22,435	0,51	
22,44	0,53	
22,445	0,54	
22,45	0,55	
22,455	0,55	
22,46	0,56	
22,465	0,56	
22,47	0,56	
22,475	0,57	
22,48	0,58	
22,485	0,59	
22,49	0,6	
22,495	0,6	
22,5	0,61	
22,505	0,61	
22,51	0,61	
22,515	0,61	
22,52	0,62	
22,525	0,62	
22,53	0,62	
22,535	0,63	
22,54	0,63	
22,545	0,62	
22,55	0,62	
22,555	0,62	
22,56	0,61	
22,565	0,61	
22,57	0,62	
22,575	0,62	
22,58	0,61	
22,585	0,6	
22,59	0,6	
22,595	0,59	
22,6	0,58	
22,605	0,57	
22,61	0,57	
22,615	0,57	
22,62	0,56	
22,625	0,56	
22,63	0,55	
22,635	0,54	
22,64	0,52	
22,645	0,5	
22,65	0,5	
22,655	0,49	
22,66	0,48	
22,665	0,48	
22,67	0,47	
22,675	0,46	
22,68	0,44	
22,685	0,43	
22,69	0,42	
22,695	0,4	
22,7	0,39	
22,705	0,38	
22,71	0,37	
22,715	0,35	
22,72	0,33	
22,725	0,32	
22,73	0,3	
22,735	0,29	
22,74	0,28	
22,745	0,26	
22,75	0,25	
22,755	0,24	
22,76	0,22	
22,765	0,21	
22,77	0,19	
22,775	0,17	
22,78	0,15	
22,785	0,13	
22,79	0,11	
22,795	0,09	
22,8	0,09	
22,805	0,07	
22,81	0,05	
22,815	0,03	
22,82	0,01	
22,825	-0,01	
22,83	-0,03	
22,835	-0,04	
22,84	-0,05	
22,845	-0,06	
22,85	-0,08	
22,855	-0,09	
22,86	-0,11	
22,865	-0,13	
22,87	-0,16	
22,875	-0,18	
22,88	-0,19	
22,885	-0,2	
22,89	-0,21	
22,895	-0,22	
22,9	-0,23	
22,905	-0,25	
22,91	-0,28	
22,915	-0,3	
22,92	-0,31	
22,925	-0,32	
22,93	-0,33	
22,935	-0,33	
22,94	-0,34	
22,945	-0,35	
22,95	-0,37	
22,955	-0,39	
22,96	-0,41	
22,965	-0,42	
22,97	-0,43	
22,975	-0,43	
22,98	-0,44	
22,985	-0,44	
22,99	-0,45	
22,995	-0,47	
23,0	-0,48	
23,005	-0,49	
23,01	-0,5	
23,015	-0,51	
23,02	-0,51	
23,025	-0,52	
23,03	-0,52	
23,035	-0,53	
23,04	-0,54	
23,045	-0,55	
23,05	-0,55	
23,055	-0,56	
23,06	-0,56	
23,065	-0,56	
23,07	-0,56	
23,075	-0,55	
23,08	-0,56	
23,085	-0,56	
23,09	-0,57	
23,095	-0,58	
23,1	-0,57	
23,105	-0,57	
23,11	-0,57	
23,115	-0,56	
23,12	-0,55	
23,125	-0,56	
23,13	-0,56	
23,135	-0,56	
23,14	-0,57	
23,145	-0,56	
23,15	-0,55	
23,155	-0,54	
23,16	-0,53	
23,165	-0,52	
23,17	-0,52	
23,175	-0,51	
23,18	-0,52	
23,185	-0,51	
23,19	-0,5	
23,195	-0,49	
23,2	-0,47	
23,205	-0,46	
23,21	-0,45	
23,215	-0,44	
23,22	-0,44	
23,225	-0,44	
23,23	-0,43	
23,235	-0,42	
23,24	-0,4	
23,245	-0,38	
23,25	-0,37	
23,255	-0,35	
23,26	-0,34	
23,265	-0,33	
23,27	-0,33	
23,275	-0,31	
23,28	-0,3	
23,285	-0,28	
23,29	-0,26	
23,295	-0,25	
23,3	-0,23	
23,305	-0,22	
23,31	-0,21	
23,315	-0,2	
23,32	-0,19	
23,325	-0,18	
23,33	-0,16	
23,335	-0,14	
23,34	-0,12	
23,345	-0,11	
23,35	-0,1	
23,355	-0,08	
23,36	-0,07	
23,365	-0,06	
23,37	-0,04	
23,375	-0,02	
23,38	0	
23,385	0,02	
23,39	0,04	
23,395	0,05	
23,4	0,06	
23,405	0,07	
23,41	0,08	
23,415	0,1	
23,42	0,11	
23,425	0,13	
23,43	0,16	
23,435	0,18	
23,44	0,19	
23,445	0,19	
23,45	0,2	
23,455	0,21	
23,46	0,23	
23,465	0,25	
23,47	0,26	
23,475	0,28	
23,48	0,29	
23,485	0,3	
23,49	0,31	
23,495	0,31	
23,5	0,33	
23,505	0,34	
23,51	0,35	
23,515	0,36	
23,52	0,39	
23,525	0,39	
23,53	0,4	
23,535	0,41	
23,54	0,41	
23,545	0,42	
23,55	0,42	
23,555	0,44	
23,56	0,45	
23,565	0,46	
23,57	0,47	
23,575	0,47	
23,58	0,47	
23,585	0,47	
23,59	0,47	
23,595	0,48	
23,6	0,49	
23,605	0,5	
23,61	0,5	
23,615	0,51	
23,62	0,51	
23,625	0,5	
23,63	0,5	
23,635	0,5	
23,64	0,5	
23,645	0,5	
23,65	0,51	
23,655	0,51	
23,66	0,52	
23,665	0,52	
23,67	0,51	
23,675	0,51	
23,68	0,5	
23,685	0,49	
23,69	0,49	
23,695	0,49	
23,7	0,49	
23,705	0,49	
23,71	0,48	
23,715	0,48	
23,72	0,47	
23,725	0,46	
23,73	0,45	
23,735	0,45	
23,74	0,44	
23,745	0,44	
23,75	0,43	
23,755	0,42	
23,76	0,41	
23,765	0,39	
23,77	0,38	
23,775	0,38	
23,78	0,37	
23,785	0,36	
23,79	0,35	
23,795	0,35	
23,8	0,33	
23,805	0,32	
23,81	0,31	
23,815	0,3	
23,82	0,28	
23,825	0,27	
23,83	0,27	
23,835	0,26	
23,84	0,24	
23,845	0,22	
23,85	0,21	
23,855	0,19	
23,86	0,18	
23,865	0,16	
23,87	0,16	
23,875	0,15	
23,88	0,14	
23,885	0,13	
23,89	0,11	
23,895	0,1	
23,9	0,07	
23,905	0,06	
23,91	0,05	
23,915	0,04	
23,92	0,02	
23,925	0,02	
23,93	0	
23,935	-0,02	
23,94	-0,03	
23,945	-0,05	
23,95	-0,07	
23,955	-0,08	
23,96	-0,09	
23,965	-0,1	
23,97	-0,11	
23,975	-0,12	
23,98	-0,14	
23,985	-0,15	
23,99	-0,17	
23,995	-0,18	
24,0	-0,2	
24,005	-0,21	
24,01	-0,22	
24,015	-0,23	
24,02	-0,24	
24,025	-0,26	
24,03	-0,27	
24,035	-0,28	
24,04	-0,3	
24,045	-0,31	
24,05	-0,31	
24,055	-0,32	
24,06	-0,33	
24,065	-0,34	
24,07	-0,34	
24,075	-0,35	
24,08	-0,37	
24,085	-0,38	
24,09	-0,39	
24,095	-0,39	
24,1	-0,4	
24,105	-0,4	
24,11	-0,41	
24,115	-0,42	
24,12	-0,42	
24,125	-0,43	
24,13	-0,44	
24,135	-0,44	
24,14	-0,44	
24,145	-0,44	
24,15	-0,45	
24,155	-0,45	
24,16	-0,45	
24,165	-0,46	
24,17	-0,47	
24,175	-0,47	
24,18	-0,47	
24,185	-0,46	
24,19	-0,46	
24,195	-0,46	
24,2	-0,46	
24,205	-0,46	
24,21	-0,47	
24,215	-0,47	
24,22	-0,47	
24,225	-0,47	
24,23	-0,46	
24,235	-0,45	
24,24	-0,45	
24,245	-0,44	
24,25	-0,44	
24,255	-0,43	
24,26	-0,43	
24,265	-0,43	
24,27	-0,43	
24,275	-0,42	
24,28	-0,41	
24,285	-0,4	
24,29	-0,39	
24,295	-0,38	
24,3	-0,38	
24,305	-0,37	
24,31	-0,37	
24,315	-0,36	
24,32	-0,35	
24,325	-0,34	
24,33	-0,32	
24,335	-0,31	
24,34	-0,3	
24,345	-0,3	
24,35	-0,29	
24,355	-0,28	
24,36	-0,27	
24,365	-0,25	
24,37	-0,24	
24,375	-0,23	
24,38	-0,22	
24,385	-0,21	
24,39	-0,2	
24,395	-0,19	
24,4	-0,17	
24,405	-0,19	
24,41	-0,14	
24,415	-0,13	
24,42	-0,11	
24,425	-0,1	
24,43	-0,09	
24,435	-0,07	
24,44	-0,06	
24,445	-0,05	
24,45	-0,04	
24,455	-0,02	
24,46	-0,01	
24,465	0,01	
24,47	0,02	
24,475	0,03	
24,48	0,04	
24,485	0,05	
24,49	0,06	
24,495	0,08	
24,5	0,09	
24,505	0,11	
24,51	0,13	
24,515	0,14	
24,52	0,15	
24,525	0,16	
24,53	0,16	
24,535	0,17	
24,54	0,18	
24,545	0,2	
24,55	0,21	
24,555	0,23	
24,56	0,24	
24,565	0,25	
24,57	0,25	
24,575	0,26	
24,58	0,27	
24,585	0,28	
24,59	0,29	
24,595	0,31	
24,6	0,33	
24,605	0,34	
24,61	0,34	
24,615	0,34	
24,62	0,35	
24,625	0,35	
24,63	0,36	
24,635	0,37	
24,64	0,38	
24,645	0,39	
24,65	0,4	
24,655	0,4	
24,66	0,4	
24,665	0,4	
24,67	0,4	
24,675	0,41	
24,68	0,42	
24,685	0,43	
24,69	0,43	
24,695	0,43	
24,7	0,43	
24,705	0,43	
24,71	0,43	
24,715	0,43	
24,72	0,43	
24,725	0,43	
24,73	0,44	
24,735	0,45	
24,74	0,44	
24,745	0,44	
24,75	0,44	
24,755	0,43	
24,76	0,43	
24,765	0,43	
24,77	0,42	
24,775	0,43	
24,78	0,42	
24,785	0,42	
24,79	0,41	
24,795	0,4	
24,8	0,39	
24,805	0,39	
24,81	0,38	
24,815	0,38	
24,82	0,38	
24,825	0,38	
24,83	0,37	
24,835	0,36	
24,84	0,35	
24,845	0,34	
24,85	0,33	
24,855	0,32	
24,86	0,32	
24,865	0,31	
24,87	0,3	
24,875	0,3	
24,88	0,28	
24,885	0,27	
24,89	0,24	
24,895	0,23	
24,9	0,22	
24,905	0,22	
24,91	0,22	
24,915	0,21	
24,92	0,2	
24,925	0,18	
24,93	0,17	
24,935	0,15	
24,94	0,14	
24,945	0,13	
24,95	0,12	
24,955	0,11	
24,96	0,1	
24,965	0,09	
24,97	0,07	
24,975	0,04	
24,98	0,03	
24,985	0,01	
24,99	0,01	
24,995	-0,01	
25,0	-0,01	
25,005	-0,02	
25,01	-0,03	
25,015	-0,04	
25,02	-0,06	
25,025	-0,08	
25,03	-0,09	
25,035	-0,1	
25,04	-0,11	
25,045	-0,12	
25,05	-0,13	
25,055	-0,15	
25,06	-0,17	
25,065	-0,18	
25,07	-0,2	
25,075	-0,21	
25,08	-0,22	
25,085	-0,23	
25,09	-0,23	
25,095	-0,24	
25,1	-0,25	
25,105	-0,26	
25,11	-0,28	
25,115	-0,29	
25,12	-0,3	
25,125	-0,3	
25,13	-0,31	
25,135	-0,32	
25,14	-0,33	
25,145	-0,34	
25,15	-0,35	
25,155	-0,36	
25,16	-0,37	
25,165	-0,37	
25,17	-0,38	
25,175	-0,38	
25,18	-0,38	
25,185	-0,38	
25,19	-0,4	
25,195	-0,41	
25,2	-0,41	
25,205	-0,42	
25,21	-0,43	
25,215	-0,43	
25,22	-0,42	
25,225	-0,43	
25,23	-0,43	
25,235	-0,43	
25,24	-0,44	
25,245	-0,45	
25,25	-0,45	
25,255	-0,45	
25,26	-0,44	
25,265	-0,44	
25,27	-0,44	
25,275	-0,44	
25,28	-0,44	
25,285	-0,44	
25,29	-0,44	
25,295	-0,44	
25,3	-0,44	
25,305	-0,44	
25,31	-0,43	
25,315	-0,42	
25,32	-0,42	
25,325	-0,42	
25,33	-0,41	
25,335	-0,41	
25,34	-0,41	
25,345	-0,4	
25,35	-0,4	
25,355	-0,39	
25,36	-0,38	
25,365	-0,37	
25,37	-0,36	
25,375	-0,36	
25,38	-0,35	
25,385	-0,35	
25,39	-0,34	
25,395	-0,32	
25,4	-0,31	
25,405	-0,3	
25,41	-0,29	
25,415	-0,28	
25,42	-0,27	
25,425	-0,26	
25,43	-0,25	
25,435	-0,24	
25,44	-0,23	
25,445	-0,22	
25,45	-0,2	
25,455	-0,19	
25,46	-0,17	
25,465	-0,17	
25,47	-0,15	
25,475	-0,14	
25,48	-0,13	
25,485	-0,12	
25,49	-0,1	
25,495	-0,09	
25,5	-0,08	
25,505	-0,07	
25,51	-0,05	
25,515	-0,04	
25,52	-0,03	
25,525	-0,02	
25,53	0	
25,535	0,01	
25,54	0,04	
25,545	0,05	
25,55	0,06	
25,555	0,07	
25,56	0,08	
25,565	0,09	
25,57	0,1	
25,575	0,12	
25,58	0,13	
25,585	0,15	
25,59	0,16	
25,595	0,18	
25,6	0,19	
25,605	0,19	
25,61	0,2	
25,615	0,22	
25,62	0,24	
25,625	0,25	
25,63	0,26	
25,635	0,28	
25,64	0,28	
25,645	0,29	
25,65	0,3	
25,655	0,31	
25,66	0,32	
25,665	0,33	
25,67	0,34	
25,675	0,35	
25,68	0,37	
25,685	0,37	
25,69	0,38	
25,695	0,39	
25,7	0,39	
25,705	0,4	
25,71	0,41	
25,715	0,41	
25,72	0,42	
25,725	0,43	
25,73	0,43	
25,735	0,44	
25,74	0,45	
25,745	0,45	
25,75	0,46	
25,755	0,46	
25,76	0,46	
25,765	0,47	
25,77	0,47	
25,775	0,47	
25,78	0,47	
25,785	0,47	
25,79	0,47	
25,795	0,48	
25,8	0,48	
25,805	0,48	
25,81	0,48	
25,815	0,48	
25,82	0,48	
25,825	0,47	
25,83	0,47	
25,835	0,47	
25,84	0,46	
25,845	0,46	
25,85	0,46	
25,855	0,46	
25,86	0,46	
25,865	0,45	
25,87	0,44	
25,875	0,43	
25,88	0,42	
25,885	0,42	
25,89	0,41	
25,895	0,41	
25,9	0,4	
25,905	0,4	
25,91	0,39	
25,915	0,38	
25,92	0,37	
25,925	0,36	
25,93	0,35	
25,935	0,34	
25,94	0,34	
25,945	0,32	
25,95	0,31	
25,955	0,3	
25,96	0,29	
25,965	0,27	
25,97	0,26	
25,975	0,25	
25,98	0,24	
25,985	0,23	
25,99	0,23	
25,995	0,22	
26,0	0,2	
26,005	0,19	
26,01	0,18	
26,015	0,16	
26,02	0,14	
26,025	0,12	
26,03	0,11	
26,035	0,1	
26,04	0,09	
26,045	0,07	
26,05	0,05	
26,055	0,04	
26,06	0,03	
26,065	0,01	
26,07	0	
26,075	-0,01	
26,08	-0,03	
26,085	-0,04	
26,09	-0,06	
26,095	-0,07	
26,1	-0,09	
26,105	-0,11	
26,11	-0,12	
26,115	-0,13	
26,12	-0,14	
26,125	-0,16	
26,13	-0,17	
26,135	-0,18	
26,14	-0,2	
26,145	-0,21	
26,15	-0,23	
26,155	-0,24	
26,16	-0,25	
26,165	-0,26	
26,17	-0,27	
26,175	-0,29	
26,18	-0,3	
26,185	-0,32	
26,19	-0,33	
26,195	-0,34	
26,2	-0,35	
26,205	-0,36	
26,21	-0,37	
26,215	-0,38	
26,22	-0,39	
26,225	-0,39	
26,23	-0,4	
26,235	-0,42	
26,24	-0,43	
26,245	-0,44	
26,25	-0,45	
26,255	-0,46	
26,26	-0,46	
26,265	-0,47	
26,27	-0,47	
26,275	-0,48	
26,28	-0,48	
26,285	-0,49	
26,29	-0,5	
26,295	-0,5	
26,3	-0,51	
26,305	-0,51	
26,31	-0,51	
26,315	-0,51	
26,32	-0,52	
26,325	-0,52	
26,33	-0,53	
26,335	-0,53	
26,34	-0,53	
26,345	-0,53	
26,35	-0,52	
26,355	-0,52	
26,36	-0,52	
26,365	-0,52	
26,37	-0,52	
26,375	-0,53	
26,38	-0,53	
26,385	-0,52	
26,39	-0,52	
26,395	-0,51	
26,4	-0,5	
26,405	-0,5	
26,41	-0,5	
26,415	-0,49	
26,42	-0,49	
26,425	-0,49	
26,43	-0,47	
26,435	-0,46	
26,44	-0,46	
26,445	-0,44	
26,45	-0,44	
26,455	-0,43	
26,46	-0,43	
26,465	-0,42	
26,47	-0,42	
26,475	-0,4	
26,48	-0,39	
26,485	-0,38	
26,49	-0,36	
26,495	-0,35	
26,5	-0,35	
26,505	-0,34	
26,51	-0,32	
26,515	-0,31	
26,52	-0,3	
26,525	-0,28	
26,53	-0,27	
26,535	-0,25	
26,54	-0,24	
26,545	-0,23	
26,55	-0,22	
26,555	-0,2	
26,56	-0,19	
26,565	-0,18	
26,57	-0,16	
26,575	-0,15	
26,58	-0,13	
26,585	-0,11	
26,59	-0,09	
26,595	-0,07	
26,6	-0,06	
26,605	-0,05	
26,61	-0,03	
26,615	-0,01	
26,62	0	
26,625	0,02	
26,63	0,03	
26,635	0,05	
26,64	0,06	
26,645	0,07	
26,65	0,09	
26,655	0,1	
26,66	0,12	
26,665	0,14	
26,67	0,17	
26,675	0,18	
26,68	0,19	
26,685	0,2	
26,69	0,21	
26,695	0,23	
26,7	0,24	
26,705	0,26	
26,71	0,27	
26,715	0,29	
26,72	0,3	
26,725	0,32	
26,73	0,33	
26,735	0,34	
26,74	0,35	
26,745	0,36	
26,75	0,38	
26,755	0,39	
26,76	0,41	
26,765	0,42	
26,77	0,43	
26,775	0,43	
26,78	0,44	
26,785	0,45	
26,79	0,47	
26,795	0,48	
26,8	0,49	
26,805	0,5	
26,81	0,5	
26,815	0,51	
26,82	0,51	
26,825	0,52	
26,83	0,53	
26,835	0,54	
26,84	0,55	
26,845	0,56	
26,85	0,56	
26,855	0,56	
26,86	0,57	
26,865	0,57	
26,87	0,57	
26,875	0,57	
26,88	0,57	
26,885	0,57	
26,89	0,58	
26,895	0,58	
26,9	0,58	
26,905	0,58	
26,91	0,58	
26,915	0,58	
26,92	0,58	
26,925	0,58	
26,93	0,57	
26,935	0,57	
26,94	0,58	
26,945	0,57	
26,95	0,56	
26,955	0,56	
26,96	0,55	
26,965	0,54	
26,97	0,54	
26,975	0,53	
26,98	0,53	
26,985	0,52	
26,99	0,52	
26,995	0,51	
27,0	0,49	
27,005	0,48	
27,01	0,48	
27,015	0,47	
27,02	0,46	
27,025	0,45	
27,03	0,44	
27,035	0,43	
27,04	0,42	
27,045	0,41	
27,05	0,39	
27,055	0,38	
27,06	0,37	
27,065	0,36	
27,07	0,35	
27,075	0,33	
27,08	0,31	
27,085	0,3	
27,09	0,28	
27,095	0,27	
27,1	0,25	
27,105	0,24	
27,11	0,23	
27,115	0,21	
27,12	0,2	
27,125	0,18	
27,13	0,17	
27,135	0,15	
27,14	0,13	
27,145	0,12	
27,15	0,1	
27,155	0,08	
27,16	0,07	
27,165	0,05	
27,17	0,03	
27,175	0,02	
27,18	0	
27,185	-0,02	
27,19	-0,04	
27,195	-0,06	
27,2	-0,07	
27,205	-0,09	
27,21	-0,1	
27,215	-0,11	
27,22	-0,12	
27,225	-0,14	
27,23	-0,17	
27,235	-0,2	
27,24	-0,22	
27,245	-0,23	
27,25	-0,24	
27,255	-0,25	
27,26	-0,26	
27,265	-0,27	
27,27	-0,29	
27,275	-0,31	
27,28	-0,33	
27,285	-0,34	
27,29	-0,36	
27,295	-0,37	
27,3	-0,38	
27,305	-0,38	
27,31	-0,4	
27,315	-0,41	
27,32	-0,43	
27,325	-0,45	
27,33	-0,46	
27,335	-0,47	
27,34	-0,47	
27,345	-0,48	
27,35	-0,49	
27,355	-0,5	
27,36	-0,51	
27,365	-0,53	
27,37	-0,54	
27,375	-0,55	
27,38	-0,56	
27,385	-0,56	
27,39	-0,57	
27,395	-0,57	
27,4	-0,58	
27,405	-0,59	
27,41	-0,6	
27,415	-0,61	
27,42	-0,61	
27,425	-0,61	
27,43	-0,61	
27,435	-0,61	
27,44	-0,61	
27,445	-0,61	
27,45	-0,62	
27,455	-0,62	
27,46	-0,63	
27,465	-0,63	
27,47	-0,62	
27,475	-0,62	
27,48	-0,61	
27,485	-0,61	
27,49	-0,61	
27,495	-0,61	
27,5	-0,61	
27,505	-0,61	
27,51	-0,61	
27,515	-0,6	
27,52	-0,59	
27,525	-0,58	
27,53	-0,58	
27,535	-0,57	
27,54	-0,56	
27,545	-0,56	
27,55	-0,56	
27,555	-0,55	
27,56	-0,54	
27,565	-0,52	
27,57	-0,51	
27,575	-0,5	
27,58	-0,49	
27,585	-0,48	
27,59	-0,48	
27,595	-0,47	
27,6	-0,46	
27,605	-0,45	
27,61	-0,43	
27,615	-0,41	
27,62	-0,4	
27,625	-0,38	
27,63	-0,37	
27,635	-0,36	
27,64	-0,34	
27,645	-0,33	
27,65	-0,31	
27,655	-0,3	
27,66	-0,28	
27,665	-0,26	
27,67	-0,24	
27,675	-0,23	
27,68	-0,22	
27,685	-0,21	
27,69	-0,19	
27,695	-0,18	
27,7	-0,15	
27,705	-0,13	
27,71	-0,11	
27,715	-0,1	
27,72	-0,08	
27,725	-0,07	
27,73	-0,05	
27,735	-0,03	
27,74	-0,01	
27,745	0,01	
27,75	0,03	
27,755	0,05	
27,76	0,06	
27,765	0,08	
27,77	0,09	
27,775	0,1	
27,78	0,12	
27,785	0,14	
27,79	0,16	
27,795	0,19	
27,8	0,2	
27,805	0,23	
27,81	0,24	
27,815	0,25	
27,82	0,26	
27,825	0,28	
27,83	0,3	
27,835	0,32	
27,84	0,34	
27,845	0,35	
27,85	0,36	
27,855	0,38	
27,86	0,38	
27,865	0,39	
27,87	0,41	
27,875	0,42	
27,88	0,44	
27,885	0,46	
27,89	0,48	
27,895	0,48	
27,9	0,49	
27,905	0,5	
27,91	0,51	
27,915	0,52	
27,92	0,54	
27,925	0,55	
27,93	0,56	
27,935	0,57	
27,94	0,58	
27,945	0,58	
27,95	0,58	
27,955	0,59	
27,96	0,59	
27,965	0,6	
27,97	0,62	
27,975	0,63	
27,98	0,63	
27,985	0,64	
27,99	0,64	
27,995	0,63	
28,0	0,63	
28,005	0,63	
28,01	0,64	
28,015	0,64	
28,02	0,65	
28,025	0,65	
28,03	0,65	
28,035	0,65	
28,04	0,64	
28,045	0,64	
28,05	0,64	
28,055	0,64	
28,06	0,63	
28,065	0,63	
28,07	0,63	
28,075	0,63	
28,08	0,62	
28,085	0,61	
28,09	0,61	
28,095	0,6	
28,1	0,59	
28,105	0,59	
28,11	0,59	
28,115	0,58	
28,12	0,57	
28,125	0,55	
28,13	0,54	
28,135	0,53	
28,14	0,52	
28,145	0,51	
28,15	0,5	
28,155	0,49	
28,16	0,48	
28,165	0,47	
28,17	0,45	
28,175	0,44	
28,18	0,42	
28,185	0,41	
28,19	0,4	
28,195	0,39	
28,2	0,38	
28,205	0,36	
28,21	0,34	
28,215	0,32	
28,22	0,3	
28,225	0,29	
28,23	0,27	
28,235	0,26	
28,24	0,25	
28,245	0,23	
28,25	0,21	
28,255	0,2	
28,26	0,18	
28,265	0,16	
28,27	0,14	
28,275	0,12	
28,28	0,11	
28,285	0,09	
28,29	0,11	
28,295	0,05	
28,3	0,03	
28,305	0,01	
28,31	-0,01	
28,315	-0,02	
28,32	-0,04	
28,325	-0,05	
28,33	-0,07	
28,335	-0,08	
28,34	-0,1	
28,345	-0,12	
28,35	-0,14	
28,355	-0,16	
28,36	-0,18	
28,365	-0,19	
28,37	-0,21	
28,375	-0,23	
28,38	-0,25	
28,385	-0,27	
28,39	-0,29	
28,395	-0,31	
28,4	-0,32	
28,405	-0,33	
28,41	-0,35	
28,415	-0,36	
28,42	-0,37	
28,425	-0,39	
28,43	-0,4	
28,435	-0,42	
28,44	-0,43	
28,445	-0,44	
28,45	-0,46	
28,455	-0,46	
28,46	-0,47	
28,465	-0,49	
28,47	-0,51	
28,475	-0,52	
28,48	-0,53	
28,485	-0,54	
28,49	-0,55	
28,495	-0,55	
28,5	-0,56	
28,505	-0,57	
28,51	-0,58	
28,515	-0,59	
28,52	-0,6	
28,525	-0,61	
28,53	-0,62	
28,535	-0,62	
28,54	-0,62	
28,545	-0,62	
28,55	-0,63	
28,555	-0,63	
28,56	-0,64	
28,565	-0,65	
28,57	-0,65	
28,575	-0,65	
28,58	-0,65	
28,585	-0,65	
28,59	-0,64	
28,595	-0,64	
28,6	-0,64	
28,605	-0,64	
28,61	-0,64	
28,615	-0,65	
28,62	-0,65	
28,625	-0,64	
28,63	-0,64	
28,635	-0,63	
28,64	-0,62	
28,645	-0,62	
28,65	-0,61	
28,655	-0,61	
28,66	-0,61	
28,665	-0,6	
28,67	-0,59	
28,675	-0,58	
28,68	-0,57	
28,685	-0,57	
28,69	-0,55	
28,695	-0,54	
28,7	-0,54	
28,705	-0,53	
28,71	-0,52	
28,715	-0,51	
28,72	-0,5	
28,725	-0,48	
28,73	-0,46	
28,735	-0,45	
28,74	-0,44	
28,745	-0,43	
28,75	-0,42	
28,755	-0,41	
28,76	-0,4	
28,765	-0,38	
28,77	-0,36	
28,775	-0,34	
28,78	-0,32	
28,785	-0,31	
28,79	-0,3	
28,795	-0,28	
28,8	-0,27	
28,805	-0,25	
28,81	-0,24	
28,815	-0,22	
28,82	-0,2	
28,825	-0,18	
28,83	-0,17	
28,835	-0,15	
28,84	-0,14	
28,845	-0,12	
28,85	-0,1	
28,855	-0,07	
28,86	-0,05	
28,865	-0,03	
28,87	-0,02	
28,875	0	
28,88	0,01	
28,885	0,03	
28,89	0,04	
28,895	0,06	
28,9	0,08	
28,905	0,1	
28,91	0,12	
28,915	0,14	
28,92	0,15	
28,925	0,17	
28,93	0,18	
28,935	0,2	
28,94	0,22	
28,945	0,24	
28,95	0,26	
28,955	0,28	
28,96	0,29	
28,965	0,3	
28,97	0,32	
28,975	0,33	
28,98	0,34	
28,985	0,35	
28,99	0,37	
28,995	0,38	
29,0	0,4	
29,005	0,41	
29,01	0,43	
29,015	0,44	
29,02	0,45	
29,025	0,46	
29,03	0,47	
29,035	0,49	
29,04	0,5	
29,045	0,52	
29,05	0,53	
29,055	0,54	
29,06	0,54	
29,065	0,54	
29,07	0,55	
29,075	0,56	
29,08	0,57	
29,085	0,57	
29,09	0,59	
29,095	0,6	
29,1	0,6	
29,105	0,6	
29,11	0,61	
29,115	0,61	
29,12	0,61	
29,125	0,62	
29,13	0,62	
29,135	0,63	
29,14	0,63	
29,145	0,63	
29,15	0,63	
29,155	0,63	
29,16	0,62	
29,165	0,62	
29,17	0,62	
29,175	0,62	
29,18	0,62	
29,185	0,62	
29,19	0,62	
29,195	0,61	
29,2	0,6	
29,205	0,6	
29,21	0,59	
29,215	0,59	
29,22	0,58	
29,225	0,58	
29,23	0,58	
29,235	0,57	
29,24	0,57	
29,245	0,55	
29,25	0,54	
29,255	0,54	
29,26	0,52	
29,265	0,51	
29,27	0,51	
29,275	0,5	
29,28	0,49	
29,285	0,47	
29,29	0,46	
29,295	0,45	
29,3	0,44	
29,305	0,42	
29,31	0,41	
29,315	0,4	
29,32	0,38	
29,325	0,37	
29,33	0,36	
29,335	0,34	
29,34	0,32	
29,345	0,31	
29,35	0,3	
29,355	0,28	
29,36	0,27	
29,365	0,25	
29,37	0,24	
29,375	0,23	
29,38	0,21	
29,385	0,19	
29,39	0,18	
29,395	0,16	
29,4	0,15	
29,405	0,13	
29,41	0,12	
29,415	0,1	
29,42	0,07	
29,425	0,05	
29,43	0,04	
29,435	0,02	
29,44	0	
29,445	-0,01	
29,45	-0,03	
29,455	-0,04	
29,46	-0,06	
29,465	-0,08	
29,47	-0,1	
29,475	-0,11	
29,48	-0,13	
29,485	-0,14	
29,49	-0,16	
29,495	-0,18	
29,5	-0,2	
29,505	-0,21	
29,51	-0,23	
29,515	-0,24	
29,52	-0,26	
29,525	-0,27	
29,53	-0,28	
29,535	-0,3	
29,54	-0,31	
29,545	-0,33	
29,55	-0,34	
29,555	-0,35	
29,56	-0,36	
29,565	-0,38	
29,57	-0,39	
29,575	-0,4	
29,58	-0,42	
29,585	-0,43	
29,59	-0,44	
29,595	-0,45	
29,6	-0,46	
29,605	-0,47	
29,61	-0,48	
29,615	-0,49	
29,62	-0,5	
29,625	-0,51	
29,63	-0,52	
29,635	-0,53	
29,64	-0,53	
29,645	-0,53	
29,65	-0,54	
29,655	-0,55	
29,66	-0,56	
29,665	-0,56	
29,67	-0,57	
29,675	-0,57	
29,68	-0,57	
29,685	-0,58	
29,69	-0,58	
29,695	-0,58	
29,7	-0,58	
29,705	-0,58	
29,71	-0,59	
29,715	-0,58	
29,72	-0,58	
29,725	-0,58	
29,73	-0,58	
29,735	-0,58	
29,74	-0,58	
29,745	-0,58	
29,75	-0,58	
29,755	-0,58	
29,76	-0,57	
29,765	-0,57	
29,77	-0,56	
29,775	-0,55	
29,78	-0,55	
29,785	-0,54	
29,79	-0,54	
29,795	-0,53	
29,8	-0,53	
29,805	-0,52	
29,81	-0,51	
29,815	-0,51	
29,82	-0,49	
29,825	-0,48	
29,83	-0,47	
29,835	-0,46	
29,84	-0,46	
29,845	-0,45	
29,85	-0,44	
29,855	-0,42	
29,86	-0,41	
29,865	-0,4	
29,87	-0,38	
29,875	-0,37	
29,88	-0,36	
29,885	-0,35	
29,89	-0,34	
29,895	-0,33	
29,9	-0,32	
29,905	-0,3	
29,91	-0,28	
29,915	-0,27	
29,92	-0,25	
29,925	-0,24	
29,93	-0,22	
29,935	-0,21	
29,94	-0,2	
29,945	-0,18	
29,95	-0,16	
29,955	-0,15	
29,96	-0,13	
29,965	-0,12	
29,97	-0,1	
29,975	-0,08	
29,98	-0,07	
29,985	-0,05	
29,99	-0,03	
29,995	-0,02	
30,0	-0,01	
30,005	0,01	
30,01	0,02	
30,015	0,04	
30,02	0,05	
30,025	0,07	
30,03	0,08	
30,035	0,1	
30,04	0,12	
30,045	0,13	
30,05	0,15	
30,055	0,16	
30,06	0,18	
30,065	0,2	
30,07	0,21	
30,075	0,22	
30,08	0,23	
30,085	0,24	
30,09	0,26	
30,095	0,27	
30,1	0,29	
30,105	0,3	
30,11	0,31	
30,115	0,32	
30,12	0,33	
30,125	0,35	
30,13	0,36	
30,135	0,37	
30,14	0,38	
30,145	0,4	
30,15	0,41	
30,155	0,41	
30,16	0,42	
30,165	0,43	
30,17	0,44	
30,175	0,45	
30,18	0,46	
30,185	0,47	
30,19	0,47	
30,195	0,48	
30,2	0,48	
30,205	0,49	
30,21	0,49	
30,215	0,49	
30,22	0,5	
30,225	0,51	
30,23	0,52	
30,235	0,52	
30,24	0,53	
30,245	0,53	
30,25	0,52	
30,255	0,53	
30,26	0,53	
30,265	0,53	
30,27	0,53	
30,275	0,54	
30,28	0,54	
30,285	0,54	
30,29	0,53	
30,295	0,53	
30,3	0,53	
30,305	0,52	
30,31	0,52	
30,315	0,52	
30,32	0,52	
30,325	0,51	
30,33	0,5	
30,335	0,5	
30,34	0,49	
30,345	0,49	
30,35	0,48	
30,355	0,48	
30,36	0,47	
30,365	0,47	
30,37	0,46	
30,375	0,45	
30,38	0,44	
30,385	0,43	
30,39	0,42	
30,395	0,4	
30,4	0,4	
30,405	0,39	
30,41	0,38	
30,415	0,37	
30,42	0,36	
30,425	0,35	
30,43	0,34	
30,435	0,33	
30,44	0,32	
30,445	0,3	
30,45	0,3	
30,455	0,28	
30,46	0,27	
30,465	0,26	
30,47	0,24	
30,475	0,22	
30,48	0,21	
30,485	0,2	
30,49	0,19	
30,495	0,18	
30,5	0,17	
30,505	0,15	
30,51	0,13	
30,515	0,12	
30,52	0,1	
30,525	0,08	
30,53	0,07	
30,535	0,06	
30,54	0,05	
30,545	0,04	
30,55	0,02	
30,555	0	
30,56	-0,02	
30,565	-0,03	
30,57	-0,05	
30,575	-0,06	
30,58	-0,07	
30,585	-0,08	
30,59	-0,09	
30,595	-0,11	
30,6	-0,12	
30,605	-0,14	
30,61	-0,16	
30,615	-0,17	
30,62	-0,18	
30,625	-0,19	
30,63	-0,21	
30,635	-0,22	
30,64	-0,23	
30,645	-0,24	
30,65	-0,25	
30,655	-0,26	
30,66	-0,28	
30,665	-0,29	
30,67	-0,3	
30,675	-0,31	
30,68	-0,32	
30,685	-0,33	
30,69	-0,34	
30,695	-0,35	
30,7	-0,36	
30,705	-0,37	
30,71	-0,38	
30,715	-0,39	
30,72	-0,39	
30,725	-0,4	
30,73	-0,41	
30,735	-0,42	
30,74	-0,42	
30,745	-0,43	
30,75	-0,44	
30,755	-0,44	
30,76	-0,45	
30,765	-0,45	
30,77	-0,46	
30,775	-0,46	
30,78	-0,46	
30,785	-0,47	
30,79	-0,47	
30,795	-0,47	
30,8	-0,47	
30,805	-0,47	
30,81	-0,47	
30,815	-0,47	
30,82	-0,47	
30,825	-0,48	
30,83	-0,48	
30,835	-0,48	
30,84	-0,48	
30,845	-0,48	
30,85	-0,47	
30,855	-0,47	
30,86	-0,47	
30,865	-0,47	
30,87	-0,46	
30,875	-0,46	
30,88	-0,46	
30,885	-0,45	
30,89	-0,45	
30,895	-0,44	
30,9	-0,43	
30,905	-0,42	
30,91	-0,42	
30,915	-0,41	
30,92	-0,41	
30,925	-0,4	
30,93	-0,4	
30,935	-0,39	
30,94	-0,38	
30,945	-0,37	
30,95	-0,36	
30,955	-0,35	
30,96	-0,34	
30,965	-0,33	
30,97	-0,32	
30,975	-0,31	
30,98	-0,3	
30,985	-0,29	
30,99	-0,28	
30,995	-0,26	
31,0	-0,25	
31,005	-0,24	
31,01	-0,23	
31,015	-0,22	
31,02	-0,21	
31,025	-0,2	
31,03	-0,18	
31,035	-0,17	
31,04	-0,16	
31,045	-0,15	
31,05	-0,13	
31,055	-0,12	
31,06	-0,11	
31,065	-0,09	
31,07	-0,08	
31,075	-0,06	
31,08	-0,05	
31,085	-0,04	
31,09	-0,02	
31,095	-0,01	
31,1	0	
31,105	0,01	
31,11	0,02	
31,115	0,04	
31,12	0,05	
31,125	0,07	
31,13	0,08	
31,135	0,1	
31,14	0,11	
31,145	0,12	
31,15	0,13	
31,155	0,14	
31,16	0,16	
31,165	0,17	
31,17	0,18	
31,175	0,19	
31,18	0,21	
31,185	0,22	
31,19	0,23	
31,195	0,24	
31,2	0,25	
31,205	0,26	
31,21	0,27	
31,215	0,28	
31,22	0,29	
31,225	0,3	
31,23	0,31	
31,235	0,32	
31,24	0,32	
31,245	0,33	
31,25	0,34	
31,255	0,35	
31,26	0,36	
31,265	0,37	
31,27	0,38	
31,275	0,38	
31,28	0,38	
31,285	0,39	
31,29	0,39	
31,295	0,4	
31,3	0,41	
31,305	0,41	
31,31	0,42	
31,315	0,42	
31,32	0,42	
31,325	0,42	
31,33	0,43	
31,335	0,43	
31,34	0,44	
31,345	0,44	
31,35	0,44	
31,355	0,44	
31,36	0,44	
31,365	0,43	
31,37	0,44	
31,375	0,44	
31,38	0,43	
31,385	0,43	
31,39	0,43	
31,395	0,43	
31,4	0,43	
31,405	0,43	
31,41	0,42	
31,415	0,42	
31,42	0,41	
31,425	0,41	
31,43	0,41	
31,435	0,4	
31,44	0,39	
31,445	0,39	
31,45	0,38	
31,455	0,37	
31,46	0,36	
31,465	0,36	
31,47	0,35	
31,475	0,35	
31,48	0,34	
31,485	0,33	
31,49	0,33	
31,495	0,32	
31,5	0,31	
31,505	0,3	
31,51	0,29	
31,515	0,28	
31,52	0,27	
31,525	0,26	
31,53	0,25	
31,535	0,24	
31,54	0,23	
31,545	0,22	
31,55	0,2	
31,555	0,19	
31,56	0,18	
31,565	0,17	
31,57	0,16	
31,575	0,15	
31,58	0,14	
31,585	0,13	
31,59	0,11	
31,595	0,1	
31,6	0,09	
31,605	0,07	
31,61	0,06	
31,615	0,05	
31,62	0,04	
31,625	0,02	
31,63	0	
31,635	-0,01	
31,64	-0,02	
31,645	-0,03	
31,65	-0,04	
31,655	-0,05	
31,66	-0,06	
31,665	-0,07	
31,67	-0,08	
31,675	-0,09	
31,68	-0,11	
31,685	-0,13	
31,69	-0,14	
31,695	-0,15	
31,7	-0,16	
31,705	-0,17	
31,71	-0,18	
31,715	-0,19	
31,72	-0,21	
31,725	-0,22	
31,73	-0,23	
31,735	-0,24	
31,74	-0,25	
31,745	-0,26	
31,75	-0,26	
31,755	-0,27	
31,76	-0,28	
31,765	-0,29	
31,77	-0,3	
31,775	-0,31	
31,78	-0,32	
31,785	-0,33	
31,79	-0,34	
31,795	-0,34	
31,8	-0,35	
31,805	-0,36	
31,81	-0,36	
31,815	-0,37	
31,82	-0,38	
31,825	-0,38	
31,83	-0,39	
31,835	-0,39	
31,84	-0,39	
31,845	-0,4	
31,85	-0,4	
31,855	-0,4	
31,86	-0,41	
31,865	-0,41	
31,87	-0,41	
31,875	-0,41	
31,88	-0,41	
31,885	-0,42	
31,89	-0,42	
31,895	-0,42	
31,9	-0,42	
31,905	-0,42	
31,91	-0,42	
31,915	-0,42	
31,92	-0,42	
31,925	-0,41	
31,93	-0,41	
31,935	-0,41	
31,94	-0,41	
31,945	-0,41	
31,95	-0,41	
31,955	-0,4	
31,96	-0,4	
31,965	-0,39	
31,97	-0,38	
31,975	-0,37	
31,98	-0,37	
31,985	-0,36	
31,99	-0,36	
31,995	-0,36	
32,0	-0,35	
32,005	-0,34	
32,01	-0,34	
32,015	-0,33	
32,02	-0,32	
32,025	-0,31	
32,03	-0,3	
32,035	-0,29	
32,04	-0,28	
32,045	-0,28	
32,05	-0,27	
32,055	-0,26	
32,06	-0,25	
32,065	-0,24	
32,07	-0,22	
32,075	-0,21	
32,08	-0,2	
32,085	-0,19	
32,09	-0,18	
32,095	-0,17	
32,1	-0,16	
32,105	-0,14	
32,11	-0,13	
32,115	-0,12	
32,12	-0,11	
32,125	-0,1	
32,13	-0,09	
32,135	-0,08	
32,14	-0,06	
32,145	-0,05	
32,15	-0,04	
32,155	-0,03	
32,16	-0,01	
32,165	0	
32,17	0,02	
32,175	0,03	
32,18	0,04	
32,185	0,05	
32,19	0,06	
32,195	0,08	
32,2	0,09	
32,205	0,1	
32,21	0,11	
32,215	0,12	
32,22	0,13	
32,225	0,14	
32,23	0,15	
32,235	0,16	
32,24	0,18	
32,245	0,19	
32,25	0,21	
32,255	0,22	
32,26	0,23	
32,265	0,24	
32,27	0,25	
32,275	0,26	
32,28	0,27	
32,285	0,28	
32,29	0,3	
32,295	0,31	
32,3	0,32	
32,305	0,32	
32,31	0,33	
32,315	0,33	
32,32	0,34	
32,325	0,34	
32,33	0,36	
32,335	0,37	
32,34	0,38	
32,345	0,38	
32,35	0,39	
32,355	0,39	
32,36	0,39	
32,365	0,4	
32,37	0,4	
32,375	0,41	
32,38	0,42	
32,385	0,42	
32,39	0,43	
32,395	0,43	
32,4	0,43	
32,405	0,42	
32,41	0,43	
32,415	0,43	
32,42	0,44	
32,425	0,44	
32,43	0,44	
32,435	0,44	
32,44	0,44	
32,445	0,43	
32,45	0,43	
32,455	0,43	
32,46	0,43	
32,465	0,43	
32,47	0,43	
32,475	0,42	
32,48	0,42	
32,485	0,42	
32,49	0,41	
32,495	0,4	
32,5	0,4	
32,505	0,39	
32,51	0,39	
32,515	0,39	
32,52	0,38	
32,525	0,38	
32,53	0,37	
32,535	0,36	
32,54	0,35	
32,545	0,34	
32,55	0,33	
32,555	0,33	
32,56	0,32	
32,565	0,32	
32,57	0,31	
32,575	0,29	
32,58	0,28	
32,585	0,27	
32,59	0,26	
32,595	0,25	
32,6	0,24	
32,605	0,23	
32,61	0,23	
32,615	0,22	
32,62	0,2	
32,625	0,19	
32,63	0,18	
32,635	0,17	
32,64	0,15	
32,645	0,14	
32,65	0,13	
32,655	0,12	
32,66	0,1	
32,665	0,09	
32,67	0,07	
32,675	0,06	
32,68	0,04	
32,685	0,03	
32,69	0,02	
32,695	0,01	
32,7	0	
32,705	-0,01	
32,71	-0,02	
32,715	-0,04	
32,72	-0,05	
32,725	-0,07	
32,73	-0,08	
32,735	-0,1	
32,74	-0,11	
32,745	-0,12	
32,75	-0,13	
32,755	-0,15	
32,76	-0,16	
32,765	-0,18	
32,77	-0,19	
32,775	-0,2	
32,78	-0,21	
32,785	-0,22	
32,79	-0,23	
32,795	-0,24	
32,8	-0,25	
32,805	-0,26	
32,81	-0,27	
32,815	-0,29	
32,82	-0,3	
32,825	-0,31	
32,83	-0,32	
32,835	-0,33	
32,84	-0,33	
32,845	-0,34	
32,85	-0,35	
32,855	-0,37	
32,86	-0,37	
32,865	-0,38	
32,87	-0,39	
32,875	-0,39	
32,88	-0,4	
32,885	-0,4	
32,89	-0,41	
32,895	-0,42	
32,9	-0,43	
32,905	-0,44	
32,91	-0,45	
32,915	-0,45	
32,92	-0,45	
32,925	-0,45	
32,93	-0,45	
32,935	-0,46	
32,94	-0,46	
32,945	-0,47	
32,95	-0,47	
32,955	-0,48	
32,96	-0,48	
32,965	-0,48	
32,97	-0,47	
32,975	-0,47	
32,98	-0,47	
32,985	-0,48	
32,99	-0,47	
32,995	-0,48	
33,0	-0,47	
33,005	-0,47	
33,01	-0,47	
33,015	-0,46	
33,02	-0,46	
33,025	-0,45	
33,03	-0,45	
33,035	-0,45	
33,04	-0,45	
33,045	-0,44	
33,05	-0,43	
33,055	-0,42	
33,06	-0,41	
33,065	-0,41	
33,07	-0,4	
33,075	-0,4	
33,08	-0,39	
33,085	-0,39	
33,09	-0,38	
33,095	-0,37	
33,1	-0,36	
33,105	-0,35	
33,11	-0,34	
33,115	-0,33	
33,12	-0,32	
33,125	-0,31	
33,13	-0,3	
33,135	-0,29	
33,14	-0,27	
33,145	-0,26	
33,15	-0,25	
33,155	-0,23	
33,16	-0,22	
33,165	-0,21	
33,17	-0,21	
33,175	-0,19	
33,18	-0,18	
33,185	-0,17	
33,19	-0,15	
33,195	-0,14	
33,2	-0,12	
33,205	-0,11	
33,21	-0,1	
33,215	-0,09	
33,22	-0,07	
33,225	-0,05	
33,23	-0,04	
33,235	-0,02	
33,24	-0,01	
33,245	0,01	
33,25	0,02	
33,255	0,03	
33,26	0,04	
33,265	0,06	
33,27	0,07	
33,275	0,08	
33,28	0,1	
33,285	0,12	
33,29	0,13	
33,295	0,15	
33,3	0,16	
33,305	0,17	
33,31	0,18	
33,315	0,2	
33,32	0,21	
33,325	0,23	
33,33	0,25	
33,335	0,26	
33,34	0,27	
33,345	0,29	
33,35	0,29	
33,355	0,3	
33,36	0,31	
33,365	0,33	
33,37	0,34	
33,375	0,35	
33,38	0,37	
33,385	0,38	
33,39	0,39	
33,395	0,39	
33,4	0,4	
33,405	0,41	
33,41	0,42	
33,415	0,43	
33,42	0,44	
33,425	0,45	
33,43	0,45	
33,435	0,46	
33,44	0,46	
33,445	0,47	
33,45	0,48	
33,455	0,48	
33,46	0,49	
33,465	0,5	
33,47	0,5	
33,475	0,51	
33,48	0,51	
33,485	0,51	
33,49	0,51	
33,495	0,51	
33,5	0,52	
33,505	0,52	
33,51	0,53	
33,515	0,53	
33,52	0,53	
33,525	0,53	
33,53	0,52	
33,535	0,52	
33,54	0,52	
33,545	0,52	
33,55	0,52	
33,555	0,52	
33,56	0,52	
33,565	0,52	
33,57	0,51	
33,575	0,5	
33,58	0,49	
33,585	0,49	
33,59	0,48	
33,595	0,48	
33,6	0,48	
33,605	0,48	
33,61	0,47	
33,615	0,46	
33,62	0,45	
33,625	0,44	
33,63	0,43	
33,635	0,42	
33,64	0,41	
33,645	0,41	
33,65	0,4	
33,655	0,39	
33,66	0,38	
33,665	0,36	
33,67	0,35	
33,675	0,34	
33,68	0,33	
33,685	0,32	
33,69	0,31	
33,695	0,3	
33,7	0,29	
33,705	0,27	
33,71	0,25	
33,715	0,24	
33,72	0,23	
33,725	0,21	
33,73	0,2	
33,735	0,19	
33,74	0,18	
33,745	0,16	
33,75	0,15	
33,755	0,13	
33,76	0,11	
33,765	0,1	
33,77	0,08	
33,775	0,07	
33,78	0,06	
33,785	0,04	
33,79	0,02	
33,795	0	
33,8	-0,02	
33,805	-0,04	
33,81	-0,05	
33,815	-0,06	
33,82	-0,07	
33,825	-0,09	
33,83	-0,1	
33,835	-0,12	
33,84	-0,13	
33,845	-0,15	
33,85	-0,17	
33,855	-0,18	
33,86	-0,19	
33,865	-0,2	
33,87	-0,22	
33,875	-0,23	
33,88	-0,25	
33,885	-0,27	
33,89	-0,29	
33,895	-0,3	
33,9	-0,31	
33,905	-0,32	
33,91	-0,33	
33,915	-0,34	
33,92	-0,35	
33,925	-0,36	
33,93	-0,38	
33,935	-0,39	
33,94	-0,41	
33,945	-0,42	
33,95	-0,43	
33,955	-0,44	
33,96	-0,45	
33,965	-0,46	
33,97	-0,46	
33,975	-0,48	
33,98	-0,49	
33,985	-0,5	
33,99	-0,51	
33,995	-0,51	
34,0	-0,52	
34,005	-0,52	
34,01	-0,52	
34,015	-0,53	
34,02	-0,54	
34,025	-0,55	
34,03	-0,55	
34,035	-0,55	
34,04	-0,56	
34,045	-0,56	
34,05	-0,56	
34,055	-0,57	
34,06	-0,57	
34,065	-0,57	
34,07	-0,58	
34,075	-0,58	
34,08	-0,58	
34,085	-0,57	
34,09	-0,57	
34,095	-0,57	
34,1	-0,57	
34,105	-0,57	
34,11	-0,57	
34,115	-0,57	
34,12	-0,57	
34,125	-0,56	
34,13	-0,55	
34,135	-0,55	
34,14	-0,54	
34,145	-0,54	
34,15	-0,53	
34,155	-0,53	
34,16	-0,53	
34,165	-0,52	
34,17	-0,51	
34,175	-0,5	
34,18	-0,49	
34,185	-0,48	
34,19	-0,46	
34,195	-0,45	
34,2	-0,45	
34,205	-0,44	
34,21	-0,43	
34,215	-0,42	
34,22	-0,41	
34,225	-0,39	
34,23	-0,38	
34,235	-0,37	
34,24	-0,36	
34,245	-0,35	
34,25	-0,34	
34,255	-0,33	
34,26	-0,32	
34,265	-0,3	
34,27	-0,28	
34,275	-0,26	
34,28	-0,24	
34,285	-0,23	
34,29	-0,22	
34,295	-0,2	
34,3	-0,19	
34,305	-0,18	
34,31	-0,16	
34,315	-0,14	
34,32	-0,13	
34,325	-0,11	
34,33	-0,09	
34,335	-0,08	
34,34	-0,06	
34,345	-0,05	
34,35	-0,03	
34,355	-0,01	
34,36	0,01	
34,365	0,03	
34,37	0,04	
34,375	0,06	
34,38	0,07	
34,385	0,09	
34,39	0,1	
34,395	0,12	
34,4	0,14	
34,405	0,16	
34,41	0,18	
34,415	0,19	
34,42	0,2	
34,425	0,22	
34,43	0,24	
34,435	0,25	
34,44	0,27	
34,445	0,28	
34,45	0,3	
34,455	0,32	
34,46	0,33	
34,465	0,34	
34,47	0,35	
34,475	0,37	
34,48	0,38	
34,485	0,39	
34,49	0,41	
34,495	0,42	
34,5	0,44	
34,505	0,45	
34,51	0,46	
34,515	0,47	
34,52	0,48	
34,525	0,48	
34,53	0,49	
34,535	0,51	
34,54	0,52	
34,545	0,53	
34,55	0,53	
34,555	0,54	
34,56	0,55	
34,565	0,56	
34,57	0,56	
34,575	0,57	
34,58	0,58	
34,585	0,58	
34,59	0,59	
34,595	0,59	
34,6	0,6	
34,605	0,6	
34,61	0,6	
34,615	0,6	
34,62	0,61	
34,625	0,61	
34,63	0,61	
34,635	0,61	
34,64	0,61	
34,645	0,61	
34,65	0,61	
34,655	0,61	
34,66	0,6	
34,665	0,6	
34,67	0,6	
34,675	0,6	
34,68	0,6	
34,685	0,6	
34,69	0,59	
34,695	0,58	
34,7	0,58	
34,705	0,57	
34,71	0,56	
34,715	0,56	
34,72	0,55	
34,725	0,55	
34,73	0,54	
34,735	0,54	
34,74	0,53	
34,745	0,52	
34,75	0,51	
34,755	0,49	
34,76	0,49	
34,765	0,48	
34,77	0,47	
34,775	0,46	
34,78	0,44	
34,785	0,43	
34,79	0,41	
34,795	0,4	
34,8	0,39	
34,805	0,38	
34,81	0,37	
34,815	0,36	
34,82	0,34	
34,825	0,33	
34,83	0,31	
34,835	0,29	
34,84	0,27	
34,845	0,25	
34,85	0,24	
34,855	0,23	
34,86	0,21	
34,865	0,19	
34,87	0,18	
34,875	0,16	
34,88	0,14	
34,885	0,12	
34,89	0,11	
34,895	0,1	
34,9	0,08	
34,905	0,07	
34,91	0,05	
34,915	0,02	
34,92	0	
34,925	-0,02	
34,93	-0,03	
34,935	-0,04	
34,94	-0,06	
34,945	-0,07	
34,95	-0,09	
34,955	-0,11	
34,96	-0,13	
34,965	-0,15	
34,97	-0,17	
34,975	-0,18	
34,98	-0,2	
34,985	-0,21	
34,99	-0,22	
34,995	-0,24	
35,0	-0,26	
35,005	-0,28	
35,01	-0,3	
35,015	-0,32	
35,02	-0,33	
35,025	-0,34	
35,03	-0,35	
35,035	-0,36	
35,04	-0,37	
35,045	-0,38	
35,05	-0,4	
35,055	-0,42	
35,06	-0,43	
35,065	-0,45	
35,07	-0,46	
35,075	-0,47	
35,08	-0,48	
35,085	-0,49	
35,09	-0,5	
35,095	-0,51	
35,1	-0,53	
35,105	-0,54	
35,11	-0,55	
35,115	-0,55	
35,12	-0,56	
35,125	-0,56	
35,13	-0,56	
35,135	-0,57	
35,14	-0,58	
35,145	-0,59	
35,15	-0,6	
35,155	-0,61	
35,16	-0,61	
35,165	-0,62	
35,17	-0,62	
35,175	-0,62	
35,18	-0,62	
35,185	-0,63	
35,19	-0,63	
35,195	-0,63	
35,2	-0,63	
35,205	-0,63	
35,21	-0,63	
35,215	-0,62	
35,22	-0,62	
35,225	-0,62	
35,23	-0,62	
35,235	-0,62	
35,24	-0,62	
35,245	-0,61	
35,25	-0,61	
35,255	-0,6	
35,26	-0,6	
35,265	-0,59	
35,27	-0,59	
35,275	-0,59	
35,28	-0,59	
35,285	-0,58	
35,29	-0,57	
35,295	-0,56	
35,3	-0,55	
35,305	-0,53	
35,31	-0,52	
35,315	-0,51	
35,32	-0,5	
35,325	-0,5	
35,33	-0,49	
35,335	-0,48	
35,34	-0,46	
35,345	-0,45	
35,35	-0,43	
35,355	-0,42	
35,36	-0,41	
35,365	-0,4	
35,37	-0,39	
35,375	-0,38	
35,38	-0,37	
35,385	-0,35	
35,39	-0,34	
35,395	-0,32	
35,4	-0,3	
35,405	-0,28	
35,41	-0,27	
35,415	-0,26	
35,42	-0,24	
35,425	-0,23	
35,43	-0,21	
35,435	-0,19	
35,44	-0,17	
35,445	-0,15	
35,45	-0,13	
35,455	-0,12	
35,46	-0,11	
35,465	-0,09	
35,47	-0,08	
35,475	-0,06	
35,48	-0,04	
35,485	-0,01	
35,49	0,01	
35,495	0,02	
35,5	0,04	
35,505	0,05	
35,51	0,06	
35,515	0,09	
35,52	0,11	
35,525	0,12	
35,53	0,15	
35,535	0,16	
35,54	0,17	
35,545	0,18	
35,55	0,2	
35,555	0,21	
35,56	0,22	
35,565	0,25	
35,57	0,27	
35,575	0,29	
35,58	0,31	
35,585	0,32	
35,59	0,33	
35,595	0,34	
35,6	0,35	
35,605	0,37	
35,61	0,38	
35,615	0,4	
35,62	0,42	
35,625	0,43	
35,63	0,44	
35,635	0,45	
35,64	0,46	
35,645	0,48	
35,65	0,49	
35,655	0,5	
35,66	0,51	
35,665	0,53	
35,67	0,54	
35,675	0,54	
35,68	0,55	
35,685	0,55	
35,69	0,55	
35,695	0,56	
35,7	0,57	
35,705	0,58	
35,71	0,59	
35,715	0,59	
35,72	0,6	
35,725	0,61	
35,73	0,61	
35,735	0,61	
35,74	0,61	
35,745	0,62	
35,75	0,62	
35,755	0,62	
35,76	0,63	
35,765	0,63	
35,77	0,63	
35,775	0,62	
35,78	0,62	
35,785	0,62	
35,79	0,62	
35,795	0,62	
35,8	0,62	
35,805	0,62	
35,81	0,61	
35,815	0,6	
35,82	0,6	
35,825	0,59	
35,83	0,59	
35,835	0,59	
35,84	0,58	
35,845	0,58	
35,85	0,57	
35,855	0,56	
35,86	0,55	
35,865	0,54	
35,87	0,53	
35,875	0,52	
35,88	0,51	
35,885	0,51	
35,89	0,5	
35,895	0,49	
35,9	0,48	
35,905	0,46	
35,91	0,45	
35,915	0,43	
35,92	0,42	
35,925	0,41	
35,93	0,41	
35,935	0,4	
35,94	0,38	
35,945	0,37	
35,95	0,35	
35,955	0,33	
35,96	0,31	
35,965	0,3	
35,97	0,28	
35,975	0,26	
35,98	0,25	
35,985	0,24	
35,99	0,23	
35,995	0,21	
36,0	0,19	
36,005	0,17	
36,01	0,16	
36,015	0,14	
36,02	0,13	
36,025	0,11	
36,03	0,1	
36,035	0,08	
36,04	0,07	
36,045	0,05	
36,05	0,02	
36,055	0	
36,06	-0,02	
36,065	-0,03	
36,07	-0,05	
36,075	-0,06	
36,08	-0,08	
36,085	-0,09	
36,09	-0,11	
36,095	-0,13	
36,1	-0,15	
36,105	-0,17	
36,11	-0,18	
36,115	-0,19	
36,12	-0,2	
36,125	-0,22	
36,13	-0,25	
36,135	-0,26	
36,14	-0,28	
36,145	-0,29	
36,15	-0,3	
36,155	-0,31	
36,16	-0,33	
36,165	-0,34	
36,17	-0,36	
36,175	-0,37	
36,18	-0,38	
36,185	-0,4	
36,19	-0,41	
36,195	-0,42	
36,2	-0,43	
36,205	-0,44	
36,21	-0,45	
36,215	-0,46	
36,22	-0,47	
36,225	-0,49	
36,23	-0,5	
36,235	-0,51	
36,24	-0,52	
36,245	-0,52	
36,25	-0,53	
36,255	-0,54	
36,26	-0,54	
36,265	-0,55	
36,27	-0,56	
36,275	-0,57	
36,28	-0,57	
36,285	-0,57	
36,29	-0,57	
36,295	-0,58	
36,3	-0,58	
36,305	-0,58	
36,31	-0,59	
36,315	-0,59	
36,32	-0,6	
36,325	-0,6	
36,33	-0,6	
36,335	-0,6	
36,34	-0,6	
36,345	-0,6	
36,35	-0,6	
36,355	-0,6	
36,36	-0,59	
36,365	-0,59	
36,37	-0,59	
36,375	-0,59	
36,38	-0,58	
36,385	-0,58	
36,39	-0,57	
36,395	-0,57	
36,4	-0,56	
36,405	-0,56	
36,41	-0,55	
36,415	-0,54	
36,42	-0,54	
36,425	-0,53	
36,43	-0,52	
36,435	-0,51	
36,44	-0,51	
36,445	-0,5	
36,45	-0,49	
36,455	-0,47	
36,46	-0,46	
36,465	-0,45	
36,47	-0,44	
36,475	-0,43	
36,48	-0,41	
36,485	-0,4	
36,49	-0,39	
36,495	-0,38	
36,5	-0,36	
36,505	-0,35	
36,51	-0,34	
36,515	-0,33	
36,52	-0,31	
36,525	-0,3	
36,53	-0,29	
36,535	-0,26	
36,54	-0,25	
36,545	-0,24	
36,55	-0,23	
36,555	-0,21	
36,56	-0,2	
36,565	-0,18	
36,57	-0,16	
36,575	-0,15	
36,58	-0,13	
36,585	-0,12	
36,59	-0,1	
36,595	-0,09	
36,6	-0,07	
36,605	-0,06	
36,61	-0,04	
36,615	-0,02	
36,62	0	
36,625	0,01	
36,63	0,03	
36,635	0,04	
36,64	0,06	
36,645	0,07	
36,65	0,09	
36,655	0,11	
36,66	0,13	
36,665	0,14	
36,67	0,16	
36,675	0,17	
36,68	0,18	
36,685	0,2	
36,69	0,21	
36,695	0,23	
36,7	0,25	
36,705	0,26	
36,71	0,28	
36,715	0,29	
36,72	0,3	
36,725	0,31	
36,73	0,32	
36,735	0,34	
36,74	0,34	
36,745	0,36	
36,75	0,37	
36,755	0,39	
36,76	0,4	
36,765	0,41	
36,77	0,42	
36,775	0,43	
36,78	0,44	
36,785	0,45	
36,79	0,46	
36,795	0,47	
36,8	0,48	
36,805	0,48	
36,81	0,49	
36,815	0,5	
36,82	0,5	
36,825	0,51	
36,83	0,52	
36,835	0,52	
36,84	0,53	
36,845	0,53	
36,85	0,53	
36,855	0,54	
36,86	0,54	
36,865	0,54	
36,87	0,55	
36,875	0,55	
36,88	0,55	
36,885	0,55	
36,89	0,55	
36,895	0,56	
36,9	0,55	
36,905	0,55	
36,91	0,55	
36,915	0,55	
36,92	0,54	
36,925	0,54	
36,93	0,55	
36,935	0,54	
36,94	0,53	
36,945	0,53	
36,95	0,52	
36,955	0,52	
36,96	0,51	
36,965	0,51	
36,97	0,5	
36,975	0,5	
36,98	0,5	
36,985	0,48	
36,99	0,48	
36,995	0,47	
37,0	0,46	
37,005	0,45	
37,01	0,44	
37,015	0,43	
37,02	0,42	
37,025	0,41	
37,03	0,4	
37,035	0,39	
37,04	0,38	
37,045	0,37	
37,05	0,36	
37,055	0,35	
37,06	0,33	
37,065	0,32	
37,07	0,31	
37,075	0,3	
37,08	0,29	
37,085	0,28	
37,09	0,26	
37,095	0,25	
37,1	0,23	
37,105	0,22	
37,11	0,21	
37,115	0,19	
37,12	0,18	
37,125	0,16	
37,13	0,15	
37,135	0,13	
37,14	0,12	
37,145	0,11	
37,15	0,09	
37,155	0,08	
37,16	0,06	
37,165	0,05	
37,17	0,03	
37,175	0,01	
37,18	-0,01	
37,185	-0,02	
37,19	-0,03	
37,195	-0,04	
37,2	-0,05	
37,205	-0,07	
37,21	-0,08	
37,215	-0,1	
37,22	-0,12	
37,225	-0,13	
37,23	-0,15	
37,235	-0,16	
37,24	-0,17	
37,245	-0,19	
37,25	-0,19	
37,255	-0,21	
37,26	-0,23	
37,265	-0,24	
37,27	-0,26	
37,275	-0,27	
37,28	-0,28	
37,285	-0,29	
37,29	-0,3	
37,295	-0,31	
37,3	-0,32	
37,305	-0,33	
37,31	-0,34	
37,315	-0,35	
37,32	-0,36	
37,325	-0,37	
37,33	-0,38	
37,335	-0,39	
37,34	-0,4	
37,345	-0,41	
37,35	-0,42	
37,355	-0,42	
37,36	-0,43	
37,365	-0,44	
37,37	-0,44	
37,375	-0,45	
37,38	-0,46	
37,385	-0,46	
37,39	-0,46	
37,395	-0,47	
37,4	-0,48	
37,405	-0,48	
37,41	-0,49	
37,415	-0,49	
37,42	-0,49	
37,425	-0,49	
37,43	-0,5	
37,435	-0,5	
37,44	-0,5	
37,445	-0,5	
37,45	-0,5	
37,455	-0,5	
37,46	-0,5	
37,465	-0,5	
37,47	-0,49	
37,475	-0,49	
37,48	-0,5	
37,485	-0,49	
37,49	-0,49	
37,495	-0,49	
37,5	-0,49	
37,505	-0,47	
37,51	-0,46	
37,515	-0,46	
37,52	-0,46	
37,525	-0,45	
37,53	-0,45	
37,535	-0,44	
37,54	-0,44	
37,545	-0,43	
37,55	-0,42	
37,555	-0,41	
37,56	-0,4	
37,565	-0,39	
37,57	-0,39	
37,575	-0,38	
37,58	-0,38	
37,585	-0,37	
37,59	-0,35	
37,595	-0,34	
37,6	-0,33	
37,605	-0,31	
37,61	-0,3	
37,615	-0,29	
37,62	-0,29	
37,625	-0,27	
37,63	-0,26	
37,635	-0,25	
37,64	-0,24	
37,645	-0,23	
37,65	-0,21	
37,655	-0,21	
37,66	-0,19	
37,665	-0,17	
37,67	-0,16	
37,675	-0,15	
37,68	-0,14	
37,685	-0,12	
37,69	-0,11	
37,695	-0,09	
37,7	-0,08	
37,705	-0,07	
37,71	-0,06	
37,715	-0,05	
37,72	-0,03	
37,725	-0,02	
37,73	0	
37,735	0,01	
37,74	0,03	
37,745	0,04	
37,75	0,05	
37,755	0,06	
37,76	0,08	
37,765	0,09	
37,77	0,11	
37,775	0,12	
37,78	0,14	
37,785	0,15	
37,79	0,16	
37,795	0,17	
37,8	0,18	
37,805	0,19	
37,81	0,2	
37,815	0,21	
37,82	0,23	
37,825	0,24	
37,83	0,26	
37,835	0,27	
37,84	0,27	
37,845	0,28	
37,85	0,29	
37,855	0,3	
37,86	0,31	
37,865	0,32	
37,87	0,33	
37,875	0,34	
37,88	0,35	
37,885	0,36	
37,89	0,36	
37,895	0,37	
37,9	0,38	
37,905	0,39	
37,91	0,4	
37,915	0,41	
37,92	0,41	
37,925	0,41	
37,93	0,41	
37,935	0,42	
37,94	0,42	
37,945	0,42	
37,95	0,43	
37,955	0,44	
37,96	0,44	
37,965	0,45	
37,97	0,45	
37,975	0,45	
37,98	0,45	
37,985	0,44	
37,99	0,45	
37,995	0,45	
38,0	0,45	
38,005	0,45	
38,01	0,45	
38,015	0,44	
38,02	0,44	
38,025	0,44	
38,03	0,43	
38,035	0,43	
38,04	0,43	
38,045	0,43	
38,05	0,43	
38,055	0,42	
38,06	0,42	
38,065	0,41	
38,07	0,4	
38,075	0,4	
38,08	0,39	
38,085	0,39	
38,09	0,39	
38,095	0,38	
38,1	0,37	
38,105	0,36	
38,11	0,36	
38,115	0,35	
38,12	0,34	
38,125	0,33	
38,13	0,32	
38,135	0,31	
38,14	0,31	
38,145	0,3	
38,15	0,28	
38,155	0,27	
38,16	0,26	
38,165	0,25	
38,17	0,24	
38,175	0,23	
38,18	0,22	
38,185	0,22	
38,19	0,21	
38,195	0,19	
38,2	0,18	
38,205	0,17	
38,21	0,15	
38,215	0,14	
38,22	0,14	
38,225	0,12	
38,23	0,1	
38,235	0,09	
38,24	0,07	
38,245	0,06	
38,25	0,05	
38,255	0,03	
38,26	0,02	
38,265	0,01	
38,27	0	
38,275	-0,01	
38,28	-0,02	
38,285	-0,03	
38,29	-0,04	
38,295	-0,06	
38,3	-0,07	
38,305	-0,08	
38,31	-0,09	
38,315	-0,11	
38,32	-0,12	
38,325	-0,13	
38,33	-0,15	
38,335	-0,16	
38,34	-0,17	
38,345	-0,18	
38,35	-0,19	
38,355	-0,2	
38,36	-0,21	
38,365	-0,22	
38,37	-0,23	
38,375	-0,24	
38,38	-0,25	
38,385	-0,26	
38,39	-0,27	
38,395	-0,29	
38,4	-0,29	
38,405	-0,3	
38,41	-0,3	
38,415	-0,31	
38,42	-0,32	
38,425	-0,33	
38,43	-0,34	
38,435	-0,35	
38,44	-0,36	
38,445	-0,36	
38,45	-0,36	
38,455	-0,37	
38,46	-0,37	
38,465	-0,37	
38,47	-0,38	
38,475	-0,39	
38,48	-0,39	
38,485	-0,4	
38,49	-0,4	
38,495	-0,4	
38,5	-0,41	
38,505	-0,41	
38,51	-0,41	
38,515	-0,41	
38,52	-0,41	
38,525	-0,41	
38,53	-0,41	
38,535	-0,41	
38,54	-0,41	
38,545	-0,41	
38,55	-0,41	
38,555	-0,41	
38,56	-0,41	
38,565	-0,4	
38,57	-0,4	
38,575	-0,4	
38,58	-0,4	
38,585	-0,39	
38,59	-0,39	
38,595	-0,38	
38,6	-0,38	
38,605	-0,38	
38,61	-0,37	
38,615	-0,37	
38,62	-0,36	
38,625	-0,36	
38,63	-0,35	
38,635	-0,34	
38,64	-0,33	
38,645	-0,32	
38,65	-0,32	
38,655	-0,32	
38,66	-0,31	
38,665	-0,3	
38,67	-0,29	
38,675	-0,29	
38,68	-0,27	
38,685	-0,27	
38,69	-0,26	
38,695	-0,25	
38,7	-0,24	
38,705	-0,23	
38,71	-0,22	
38,715	-0,21	
38,72	-0,19	
38,725	-0,18	
38,73	-0,17	
38,735	-0,16	
38,74	-0,15	
38,745	-0,14	
38,75	-0,13	
38,755	-0,12	
38,76	-0,11	
38,765	-0,09	
38,77	-0,08	
38,775	-0,07	
38,78	-0,05	
38,785	-0,04	
38,79	-0,03	
38,795	-0,02	
38,8	0	
38,805	0,01	
38,81	0,02	
38,815	0,03	
38,82	0,04	
38,825	0,06	
38,83	0,06	
38,835	0,08	
38,84	0,09	
38,845	0,1	
38,85	0,11	
38,855	0,13	
38,86	0,14	
38,865	0,15	
38,87	0,16	
38,875	0,16	
38,88	0,18	
38,885	0,19	
38,89	0,2	
38,895	0,21	
38,9	0,22	
38,905	0,23	
38,91	0,24	
38,915	0,25	
38,92	0,26	
38,925	0,26	
38,93	0,27	
38,935	0,29	
38,94	0,3	
38,945	0,3	
38,95	0,31	
38,955	0,32	
38,96	0,33	
38,965	0,33	
38,97	0,34	
38,975	0,34	
38,98	0,35	
38,985	0,36	
38,99	0,37	
38,995	0,37	
39,0	0,38	
39,005	0,38	
39,01	0,39	
39,015	0,39	
39,02	0,39	
39,025	0,39	
39,03	0,4	
39,035	0,4	
39,04	0,4	
39,045	0,41	
39,05	0,41	
39,055	0,41	
39,06	0,41	
39,065	0,41	
39,07	0,41	
39,075	0,41	
39,08	0,41	
39,085	0,4	
39,09	0,41	
39,095	0,4	
39,1	0,4	
39,105	0,4	
39,11	0,4	
39,115	0,39	
39,12	0,39	
39,125	0,39	
39,13	0,39	
39,135	0,38	
39,14	0,38	
39,145	0,37	
39,15	0,36	
39,155	0,35	
39,16	0,35	
39,165	0,34	
39,17	0,34	
39,175	0,33	
39,18	0,33	
39,185	0,32	
39,19	0,31	
39,195	0,3	
39,2	0,29	
39,205	0,28	
39,21	0,27	
39,215	0,27	
39,22	0,26	
39,225	0,25	
39,23	0,24	
39,235	0,22	
39,24	0,21	
39,245	0,2	
39,25	0,19	
39,255	0,18	
39,26	0,17	
39,265	0,16	
39,27	0,15	
39,275	0,14	
39,28	0,13	
39,285	0,11	
39,29	0,1	
39,295	0,08	
39,3	0,07	
39,305	0,06	
39,31	0,06	
39,315	0,04	
39,32	0,03	
39,325	0,02	
39,33	0,01	
39,335	-0,01	
39,34	-0,02	
39,345	-0,03	
39,35	-0,04	
39,355	-0,05	
39,36	-0,06	
39,365	-0,08	
39,37	-0,09	
39,375	-0,11	
39,38	-0,12	
39,385	-0,13	
39,39	-0,14	
39,395	-0,15	
39,4	-0,16	
39,405	-0,17	
39,41	-0,18	
39,415	-0,19	
39,42	-0,21	
39,425	-0,22	
39,43	-0,23	
39,435	-0,24	
39,44	-0,25	
39,445	-0,26	
39,45	-0,27	
39,455	-0,27	
39,46	-0,28	
39,465	-0,29	
39,47	-0,3	
39,475	-0,31	
39,48	-0,32	
39,485	-0,33	
39,49	-0,33	
39,495	-0,34	
39,5	-0,35	
39,505	-0,36	
39,51	-0,37	
39,515	-0,37	
39,52	-0,38	
39,525	-0,38	
39,53	-0,38	
39,535	-0,39	
39,54	-0,39	
39,545	-0,4	
39,55	-0,41	
39,555	-0,42	
39,56	-0,42	
39,565	-0,43	
39,57	-0,43	
39,575	-0,43	
39,58	-0,42	
39,585	-0,42	
39,59	-0,43	
39,595	-0,43	
39,6	-0,43	
39,605	-0,43	
39,61	-0,43	
39,615	-0,43	
39,62	-0,43	
39,625	-0,43	
39,63	-0,42	
39,635	-0,42	
39,64	-0,42	
39,645	-0,42	
39,65	-0,42	
39,655	-0,41	
39,66	-0,41	
39,665	-0,41	
39,67	-0,4	
39,675	-0,39	
39,68	-0,39	
39,685	-0,38	
39,69	-0,37	
39,695	-0,37	
39,7	-0,37	
39,705	-0,36	
39,71	-0,35	
39,715	-0,34	
39,72	-0,34	
39,725	-0,33	
39,73	-0,32	
39,735	-0,31	
39,74	-0,31	
39,745	-0,3	
39,75	-0,29	
39,755	-0,28	
39,76	-0,27	
39,765	-0,26	
39,77	-0,24	
39,775	-0,23	
39,78	-0,22	
39,785	-0,21	
39,79	-0,2	
39,795	-0,19	
39,8	-0,17	
39,805	-0,16	
39,81	-0,15	
39,815	-0,14	
39,82	-0,13	
39,825	-0,12	
39,83	-0,11	
39,835	-0,1	
39,84	-0,09	
39,845	-0,07	
39,85	-0,05	
39,855	-0,04	
39,86	-0,02	
39,865	-0,01	
39,87	0	
39,875	0,01	
39,88	0,02	
39,885	0,03	
39,89	0,05	
39,895	0,07	
39,9	0,08	
39,905	0,09	
39,91	0,11	
39,915	0,11	
39,92	0,12	
39,925	0,14	
39,93	0,16	
39,935	0,17	
39,94	0,18	
39,945	0,19	
39,95	0,21	
39,955	0,21	
39,96	0,22	
39,965	0,23	
39,97	0,25	
39,975	0,26	
39,98	0,27	
39,985	0,28	
39,99	0,29	
39,995	0,3	
40,0	0,32	
40,005	0,32	
40,01	0,34	
40,015	0,35	
40,02	0,35	
40,025	0,36	
40,03	0,37	
40,035	0,38	
40,04	0,39	
40,045	0,39	
40,05	0,4	
40,055	0,41	
40,06	0,41	
40,065	0,42	
40,07	0,43	
40,075	0,44	
40,08	0,44	
40,085	0,45	
40,09	0,45	
40,095	0,45	
40,1	0,46	
40,105	0,46	
40,11	0,46	
40,115	0,47	
40,12	0,47	
40,125	0,47	
40,13	0,47	
40,135	0,47	
40,14	0,47	
40,145	0,47	
40,15	0,47	
40,155	0,47	
40,16	0,47	
40,165	0,47	
40,17	0,47	
40,175	0,48	
40,18	0,47	
40,185	0,47	
40,19	0,46	
40,195	0,46	
40,2	0,45	
40,205	0,44	
40,21	0,44	
40,215	0,44	
40,22	0,44	
40,225	0,43	
40,23	0,43	
40,235	0,42	
40,24	0,41	
40,245	0,4	
40,25	0,39	
40,255	0,39	
40,26	0,38	
40,265	0,37	
40,27	0,36	
40,275	0,35	
40,28	0,34	
40,285	0,33	
40,29	0,32	
40,295	0,32	
40,3	0,31	
40,305	0,29	
40,31	0,28	
40,315	0,27	
40,32	0,26	
40,325	0,25	
40,33	0,24	
40,335	0,22	
40,34	0,21	
40,345	0,2	
40,35	0,18	
40,355	0,17	
40,36	0,15	
40,365	0,14	
40,37	0,13	
40,375	0,12	
40,38	0,1	
40,385	0,09	
40,39	0,08	
40,395	0,07	
40,4	0,05	
40,405	0,04	
40,41	0,03	
40,415	0,01	
40,42	-0,01	
40,425	-0,02	
40,43	-0,04	
40,435	-0,05	
40,44	-0,06	
40,445	-0,08	
40,45	-0,09	
40,455	-0,11	
40,46	-0,13	
40,465	-0,14	
40,47	-0,15	
40,475	-0,17	
40,48	-0,18	
40,485	-0,19	
40,49	-0,19	
40,495	-0,21	
40,5	-0,23	
40,505	-0,24	
40,51	-0,26	
40,515	-0,27	
40,52	-0,28	
40,525	-0,29	
40,53	-0,3	
40,535	-0,31	
40,54	-0,32	
40,545	-0,33	
40,55	-0,34	
40,555	-0,36	
40,56	-0,37	
40,565	-0,38	
40,57	-0,39	
40,575	-0,41	
40,58	-0,41	
40,585	-0,42	
40,59	-0,43	
40,595	-0,44	
40,6	-0,45	
40,605	-0,45	
40,61	-0,46	
40,615	-0,47	
40,62	-0,47	
40,625	-0,48	
40,63	-0,48	
40,635	-0,48	
40,64	-0,49	
40,645	-0,5	
40,65	-0,5	
40,655	-0,5	
40,66	-0,51	
40,665	-0,51	
40,67	-0,51	
40,675	-0,52	
40,68	-0,52	
40,685	-0,52	
40,69	-0,52	
40,695	-0,53	
40,7	-0,52	
40,705	-0,52	
40,71	-0,52	
40,715	-0,52	
40,72	-0,52	
40,725	-0,52	
40,73	-0,52	
40,735	-0,52	
40,74	-0,51	
40,745	-0,5	
40,75	-0,5	
40,755	-0,49	
40,76	-0,49	
40,765	-0,49	
40,77	-0,48	
40,775	-0,48	
40,78	-0,47	
40,785	-0,47	
40,79	-0,46	
40,795	-0,45	
40,8	-0,44	
40,805	-0,44	
40,81	-0,43	
40,815	-0,42	
40,82	-0,41	
40,825	-0,4	
40,83	-0,39	
40,835	-0,38	
40,84	-0,36	
40,845	-0,35	
40,85	-0,34	
40,855	-0,33	
40,86	-0,32	
40,865	-0,31	
40,87	-0,3	
40,875	-0,29	
40,88	-0,27	
40,885	-0,26	
40,89	-0,25	
40,895	-0,23	
40,9	-0,22	
40,905	-0,2	
40,91	-0,19	
40,915	-0,18	
40,92	-0,16	
40,925	-0,15	
40,93	-0,13	
40,935	-0,12	
40,94	-0,1	
40,945	-0,09	
40,95	-0,07	
40,955	-0,06	
40,96	-0,04	
40,965	-0,03	
40,97	-0,01	
40,975	0	
40,98	0,02	
40,985	0,04	
40,99	0,05	
40,995	0,06	
41,0	0,08	
41,005	0,09	
41,01	0,11	
41,015	0,13	
41,02	0,14	
41,025	0,16	
41,03	0,17	
41,035	0,18	
41,04	0,19	
41,045	0,21	
41,05	0,22	
41,055	0,24	
41,06	0,26	
41,065	0,27	
41,07	0,29	
41,075	0,3	
41,08	0,31	
41,085	0,32	
41,09	0,34	
41,095	0,35	
41,1	0,36	
41,105	0,38	
41,11	0,39	
41,115	0,4	
41,12	0,41	
41,125	0,42	
41,13	0,43	
41,135	0,44	
41,14	0,44	
41,145	0,46	
41,15	0,47	
41,155	0,48	
41,16	0,49	
41,165	0,5	
41,17	0,51	
41,175	0,51	
41,18	0,52	
41,185	0,53	
41,19	0,53	
41,195	0,53	
41,2	0,54	
41,205	0,55	
41,21	0,55	
41,215	0,55	
41,22	0,55	
41,225	0,56	
41,23	0,56	
41,235	0,56	
41,24	0,57	
41,245	0,57	
41,25	0,57	
41,255	0,57	
41,26	0,57	
41,265	0,57	
41,27	0,56	
41,275	0,56	
41,28	0,56	
41,285	0,56	
41,29	0,56	
41,295	0,56	
41,3	0,56	
41,305	0,55	
41,31	0,54	
41,315	0,53	
41,32	0,53	
41,325	0,53	
41,33	0,52	
41,335	0,52	
41,34	0,51	
41,345	0,51	
41,35	0,5	
41,355	0,49	
41,36	0,48	
41,365	0,47	
41,37	0,46	
41,375	0,45	
41,38	0,44	
41,385	0,43	
41,39	0,42	
41,395	0,41	
41,4	0,4	
41,405	0,39	
41,41	0,37	
41,415	0,36	
41,42	0,35	
41,425	0,33	
41,43	0,32	
41,435	0,31	
41,44	0,3	
41,445	0,28	
41,45	0,27	
41,455	0,26	
41,46	0,24	
41,465	0,22	
41,47	0,2	
41,475	0,19	
41,48	0,17	
41,485	0,16	
41,49	0,14	
41,495	0,13	
41,5	0,11	
41,505	0,1	
41,51	0,09	
41,515	0,07	
41,52	0,06	
41,525	0,04	
41,53	0,02	
41,535	0,01	
41,54	-0,01	
41,545	-0,03	
41,55	-0,05	
41,555	-0,07	
41,56	-0,08	
41,565	-0,1	
41,57	-0,11	
41,575	-0,13	
41,58	-0,14	
41,585	-0,16	
41,59	-0,17	
41,595	-0,19	
41,6	-0,21	
41,605	-0,22	
41,61	-0,24	
41,615	-0,25	
41,62	-0,26	
41,625	-0,28	
41,63	-0,3	
41,635	-0,31	
41,64	-0,32	
41,645	-0,33	
41,65	-0,35	
41,655	-0,36	
41,66	-0,37	
41,665	-0,38	
41,67	-0,4	
41,675	-0,41	
41,68	-0,42	
41,685	-0,44	
41,69	-0,45	
41,695	-0,46	
41,7	-0,47	
41,705	-0,48	
41,71	-0,49	
41,715	-0,5	
41,72	-0,51	
41,725	-0,52	
41,73	-0,52	
41,735	-0,53	
41,74	-0,54	
41,745	-0,55	
41,75	-0,55	
41,755	-0,56	
41,76	-0,57	
41,765	-0,58	
41,77	-0,58	
41,775	-0,58	
41,78	-0,58	
41,785	-0,59	
41,79	-0,59	
41,795	-0,6	
41,8	-0,6	
41,805	-0,6	
41,81	-0,6	
41,815	-0,6	
41,82	-0,6	
41,825	-0,6	
41,83	-0,59	
41,835	-0,59	
41,84	-0,59	
41,845	-0,59	
41,85	-0,59	
41,855	-0,59	
41,86	-0,59	
41,865	-0,58	
41,87	-0,58	
41,875	-0,57	
41,88	-0,57	
41,885	-0,56	
41,89	-0,56	
41,895	-0,56	
41,9	-0,55	
41,905	-0,54	
41,91	-0,53	
41,915	-0,52	
41,92	-0,51	
41,925	-0,5	
41,93	-0,49	
41,935	-0,48	
41,94	-0,48	
41,945	-0,47	
41,95	-0,46	
41,955	-0,44	
41,96	-0,43	
41,965	-0,41	
41,97	-0,4	
41,975	-0,39	
41,98	-0,38	
41,985	-0,37	
41,99	-0,36	
41,995	-0,35	
42,0	-0,33	
42,005	-0,32	
42,01	-0,3	
42,015	-0,28	
42,02	-0,27	
42,025	-0,25	
42,03	-0,27	
42,035	-0,22	
42,04	-0,2	
42,045	-0,19	
42,05	-0,17	
42,055	-0,15	
42,06	-0,13	
42,065	-0,12	
42,07	-0,11	
42,075	-0,09	
42,08	-0,08	
42,085	-0,06	
42,09	-0,05	
42,095	-0,03	
42,1	-0,01	
42,105	0,01	
42,11	0,03	
42,115	0,05	
42,12	0,06	
42,125	0,08	
42,13	0,09	
42,135	0,11	
42,14	0,13	
42,145	0,15	
42,15	0,16	
42,155	0,18	
42,16	0,19	
42,165	0,2	
42,17	0,21	
42,175	0,23	
42,18	0,25	
42,185	0,27	
42,19	0,29	
42,195	0,31	
42,2	0,32	
42,205	0,34	
42,21	0,35	
42,215	0,36	
42,22	0,37	
42,225	0,38	
42,23	0,4	
42,235	0,41	
42,24	0,43	
42,245	0,44	
42,25	0,45	
42,255	0,46	
42,26	0,46	
42,265	0,47	
42,27	0,49	
42,275	0,5	
42,28	0,51	
42,285	0,52	
42,29	0,53	
42,295	0,53	
42,3	0,54	
42,305	0,55	
42,31	0,55	
42,315	0,56	
42,32	0,57	
42,325	0,57	
42,33	0,58	
42,335	0,59	
42,34	0,59	
42,345	0,59	
42,35	0,6	
42,355	0,6	
42,36	0,61	
42,365	0,62	
42,37	0,62	
42,375	0,62	
42,38	0,62	
42,385	0,61	
42,39	0,61	
42,395	0,61	
42,4	0,61	
42,405	0,61	
42,41	0,61	
42,415	0,61	
42,42	0,61	
42,425	0,6	
42,43	0,6	
42,435	0,58	
42,44	0,58	
42,445	0,58	
42,45	0,57	
42,455	0,57	
42,46	0,56	
42,465	0,56	
42,47	0,54	
42,475	0,53	
42,48	0,53	
42,485	0,52	
42,49	0,51	
42,495	0,5	
42,5	0,49	
42,505	0,49	
42,51	0,48	
42,515	0,46	
42,52	0,45	
42,525	0,44	
42,53	0,42	
42,535	0,41	
42,54	0,39	
42,545	0,39	
42,55	0,38	
42,555	0,36	
42,56	0,35	
42,565	0,33	
42,57	0,32	
42,575	0,3	
42,58	0,29	
42,585	0,27	
42,59	0,26	
42,595	0,25	
42,6	0,23	
42,605	0,21	
42,61	0,19	
42,615	0,18	
42,62	0,16	
42,625	0,14	
42,63	0,13	
42,635	0,11	
42,64	0,1	
42,645	0,08	
42,65	0,06	
42,655	0,04	
42,66	0,03	
42,665	0,01	
42,67	0	
42,675	-0,02	
42,68	-0,04	
42,685	-0,05	
42,69	-0,07	
42,695	-0,09	
42,7	-0,1	
42,705	-0,12	
42,71	-0,14	
42,715	-0,15	
42,72	-0,17	
42,725	-0,18	
42,73	-0,2	
42,735	-0,21	
42,74	-0,22	
42,745	-0,24	
42,75	-0,26	
42,755	-0,27	
42,76	-0,3	
42,765	-0,31	
42,77	-0,32	
42,775	-0,33	
42,78	-0,34	
42,785	-0,36	
42,79	-0,37	
42,795	-0,39	
42,8	-0,4	
42,805	-0,41	
42,81	-0,42	
42,815	-0,43	
42,82	-0,44	
42,825	-0,45	
42,83	-0,46	
42,835	-0,47	
42,84	-0,49	
42,845	-0,5	
42,85	-0,51	
42,855	-0,52	
42,86	-0,52	
42,865	-0,53	
42,87	-0,54	
42,875	-0,54	
42,88	-0,55	
42,885	-0,56	
42,89	-0,57	
42,895	-0,57	
42,9	-0,58	
42,905	-0,58	
42,91	-0,58	
42,915	-0,58	
42,92	-0,59	
42,925	-0,59	
42,93	-0,6	
42,935	-0,6	
42,94	-0,6	
42,945	-0,6	
42,95	-0,6	
42,955	-0,59	
42,96	-0,59	
42,965	-0,59	
42,97	-0,59	
42,975	-0,6	
42,98	-0,6	
42,985	-0,59	
42,99	-0,59	
42,995	-0,59	
43,0	-0,58	
43,005	-0,57	
43,01	-0,57	
43,015	-0,56	
43,02	-0,56	
43,025	-0,55	
43,03	-0,54	
43,035	-0,53	
43,04	-0,52	
43,045	-0,52	
43,05	-0,51	
43,055	-0,5	
43,06	-0,5	
43,065	-0,49	
43,07	-0,48	
43,075	-0,47	
43,08	-0,46	
43,085	-0,44	
43,09	-0,42	
43,095	-0,41	
43,1	-0,4	
43,105	-0,4	
43,11	-0,39	
43,115	-0,38	
43,12	-0,36	
43,125	-0,35	
43,13	-0,33	
43,135	-0,31	
43,14	-0,3	
43,145	-0,28	
43,15	-0,28	
43,155	-0,26	
43,16	-0,25	
43,165	-0,23	
43,17	-0,21	
43,175	-0,19	
43,18	-0,17	
43,185	-0,16	
43,19	-0,14	
43,195	-0,13	
43,2	-0,12	
43,205	-0,1	
43,21	-0,09	
43,215	-0,08	
43,22	-0,06	
43,225	-0,04	
43,23	-0,02	
43,235	0	
43,24	0,01	
43,245	0,03	
43,25	0,05	
43,255	0,06	
43,26	0,08	
43,265	0,1	
43,27	0,11	
43,275	0,13	
43,28	0,15	
43,285	0,16	
43,29	0,17	
43,295	0,19	
43,3	0,2	
43,305	0,21	
43,31	0,23	
43,315	0,24	
43,32	0,26	
43,325	0,28	
43,33	0,29	
43,335	0,31	
43,34	0,32	
43,345	0,33	
43,35	0,34	
43,355	0,36	
43,36	0,37	
43,365	0,38	
43,37	0,39	
43,375	0,4	
43,38	0,41	
43,385	0,42	
43,39	0,43	
43,395	0,44	
43,4	0,45	
43,405	0,47	
43,41	0,48	
43,415	0,48	
43,42	0,49	
43,425	0,5	
43,43	0,5	
43,435	0,51	
43,44	0,52	
43,445	0,53	
43,45	0,53	
43,455	0,54	
43,46	0,54	
43,465	0,54	
43,47	0,55	
43,475	0,55	
43,48	0,55	
43,485	0,55	
43,49	0,55	
43,495	0,56	
43,5	0,56	
43,505	0,56	
43,51	0,57	
43,515	0,57	
43,52	0,56	
43,525	0,56	
43,53	0,56	
43,535	0,56	
43,54	0,56	
43,545	0,56	
43,55	0,55	
43,555	0,55	
43,56	0,55	
43,565	0,54	
43,57	0,53	
43,575	0,53	
43,58	0,53	
43,585	0,52	
43,59	0,52	
43,595	0,52	
43,6	0,51	
43,605	0,5	
43,61	0,49	
43,615	0,48	
43,62	0,47	
43,625	0,45	
43,63	0,45	
43,635	0,44	
43,64	0,43	
43,645	0,42	
43,65	0,41	
43,655	0,39	
43,66	0,38	
43,665	0,37	
43,67	0,36	
43,675	0,35	
43,68	0,34	
43,685	0,33	
43,69	0,32	
43,695	0,3	
43,7	0,29	
43,705	0,28	
43,71	0,26	
43,715	0,25	
43,72	0,24	
43,725	0,23	
43,73	0,21	
43,735	0,19	
43,74	0,17	
43,745	0,16	
43,75	0,14	
43,755	0,13	
43,76	0,12	
43,765	0,1	
43,77	0,09	
43,775	0,08	
43,78	0,06	
43,785	0,04	
43,79	0,03	
43,795	0,02	
43,8	0	
43,805	-0,02	
43,81	-0,03	
43,815	-0,05	
43,82	-0,06	
43,825	-0,08	
43,83	-0,1	
43,835	-0,11	
43,84	-0,13	
43,845	-0,14	
43,85	-0,16	
43,855	-0,17	
43,86	-0,18	
43,865	-0,19	
43,87	-0,2	
43,875	-0,22	
43,88	-0,23	
43,885	-0,25	
43,89	-0,27	
43,895	-0,28	
43,9	-0,29	
43,905	-0,3	
43,91	-0,31	
43,915	-0,32	
43,92	-0,34	
43,925	-0,35	
43,93	-0,36	
43,935	-0,37	
43,94	-0,38	
43,945	-0,39	
43,95	-0,4	
43,955	-0,41	
43,96	-0,41	
43,965	-0,42	
43,97	-0,44	
43,975	-0,45	
43,98	-0,46	
43,985	-0,46	
43,99	-0,46	
43,995	-0,47	
44,0	-0,47	
44,005	-0,48	
44,01	-0,49	
44,015	-0,49	
44,02	-0,5	
44,025	-0,5	
44,03	-0,5	
44,035	-0,5	
44,04	-0,5	
44,045	-0,5	
44,05	-0,51	
44,055	-0,51	
44,06	-0,52	
44,065	-0,52	
44,07	-0,52	
44,075	-0,52	
44,08	-0,52	
44,085	-0,52	
44,09	-0,51	
44,095	-0,51	
44,1	-0,51	
44,105	-0,51	
44,11	-0,51	
44,115	-0,51	
44,12	-0,51	
44,125	-0,5	
44,13	-0,49	
44,135	-0,48	
44,14	-0,48	
44,145	-0,48	
44,15	-0,47	
44,155	-0,47	
44,16	-0,46	
44,165	-0,45	
44,17	-0,44	
44,175	-0,43	
44,18	-0,42	
44,185	-0,41	
44,19	-0,41	
44,195	-0,4	
44,2	-0,39	
44,205	-0,38	
44,21	-0,37	
44,215	-0,35	
44,22	-0,34	
44,225	-0,34	
44,23	-0,32	
44,235	-0,32	
44,24	-0,31	
44,245	-0,3	
44,25	-0,29	
44,255	-0,27	
44,26	-0,26	
44,265	-0,24	
44,27	-0,23	
44,275	-0,22	
44,28	-0,21	
44,285	-0,2	
44,29	-0,19	
44,295	-0,17	
44,3	-0,15	
44,305	-0,13	
44,31	-0,12	
44,315	-0,11	
44,32	-0,09	
44,325	-0,08	
44,33	-0,07	
44,335	-0,06	
44,34	-0,04	
44,345	-0,03	
44,35	-0,01	
44,355	0	
44,36	0,02	
44,365	0,03	
44,37	0,04	
44,375	0,06	
44,38	0,07	
44,385	0,08	
44,39	0,1	
44,395	0,12	
44,4	0,13	
44,405	0,15	
44,41	0,16	
44,415	0,16	
44,42	0,17	
44,425	0,18	
44,43	0,2	
44,435	0,21	
44,44	0,23	
44,445	0,24	
44,45	0,25	
44,455	0,26	
44,46	0,27	
44,465	0,28	
44,47	0,29	
44,475	0,3	
44,48	0,32	
44,485	0,33	
44,49	0,34	
44,495	0,35	
44,5	0,35	
44,505	0,36	
44,51	0,37	
44,515	0,38	
44,52	0,38	
44,525	0,39	
44,53	0,4	
44,535	0,41	
44,54	0,41	
44,545	0,42	
44,55	0,42	
44,555	0,42	
44,56	0,43	
44,565	0,43	
44,57	0,44	
44,575	0,45	
44,58	0,45	
44,585	0,46	
44,59	0,46	
44,595	0,46	
44,6	0,46	
44,605	0,46	
44,61	0,46	
44,615	0,46	
44,62	0,47	
44,625	0,47	
44,63	0,47	
44,635	0,47	
44,64	0,46	
44,645	0,46	
44,65	0,45	
44,655	0,45	
44,66	0,45	
44,665	0,45	
44,67	0,45	
44,675	0,45	
44,68	0,44	
44,685	0,43	
44,69	0,43	
44,695	0,42	
44,7	0,42	
44,705	0,42	
44,71	0,41	
44,715	0,41	
44,72	0,4	
44,725	0,39	
44,73	0,38	
44,735	0,37	
44,74	0,36	
44,745	0,36	
44,75	0,35	
44,755	0,35	
44,76	0,34	
44,765	0,33	
44,77	0,31	
44,775	0,3	
44,78	0,29	
44,785	0,27	
44,79	0,27	
44,795	0,26	
44,8	0,25	
44,805	0,24	
44,81	0,23	
44,815	0,22	
44,82	0,21	
44,825	0,19	
44,83	0,18	
44,835	0,17	
44,84	0,16	
44,845	0,15	
44,85	0,14	
44,855	0,13	
44,86	0,11	
44,865	0,09	
44,87	0,08	
44,875	0,07	
44,88	0,06	
44,885	0,04	
44,89	0,03	
44,895	0,02	
44,9	0,01	
44,905	-0,01	
44,91	-0,02	
44,915	-0,03	
44,92	-0,05	
44,925	-0,06	
44,93	-0,07	
44,935	-0,08	
44,94	-0,09	
44,945	-0,11	
44,95	-0,12	
44,955	-0,14	
44,96	-0,15	
44,965	-0,16	
44,97	-0,17	
44,975	-0,18	
44,98	-0,19	
44,985	-0,2	
44,99	-0,21	
44,995	-0,22	
45,0	-0,23	
45,005	-0,24	
45,01	-0,26	
45,015	-0,27	
45,02	-0,27	
45,025	-0,28	
45,03	-0,29	
45,035	-0,3	
45,04	-0,31	
45,045	-0,32	
45,05	-0,33	
45,055	-0,33	
45,06	-0,34	
45,065	-0,35	
45,07	-0,35	
45,075	-0,36	
45,08	-0,36	
45,085	-0,37	
45,09	-0,38	
45,095	-0,38	
45,1	-0,39	
45,105	-0,39	
45,11	-0,4	
45,115	-0,4	
45,12	-0,4	
45,125	-0,4	
45,13	-0,41	
45,135	-0,41	
45,14	-0,42	
45,145	-0,42	
45,15	-0,42	
45,155	-0,42	
45,16	-0,42	
45,165	-0,41	
45,17	-0,41	
45,175	-0,42	
45,18	-0,42	
45,185	-0,42	
45,19	-0,42	
45,195	-0,42	
45,2	-0,41	
45,205	-0,41	
45,21	-0,41	
45,215	-0,4	
45,22	-0,4	
45,225	-0,4	
45,23	-0,39	
45,235	-0,39	
45,24	-0,39	
45,245	-0,38	
45,25	-0,38	
45,255	-0,37	
45,26	-0,36	
45,265	-0,35	
45,27	-0,35	
45,275	-0,34	
45,28	-0,34	
45,285	-0,33	
45,29	-0,32	
45,295	-0,32	
45,3	-0,31	
45,305	-0,3	
45,31	-0,29	
45,315	-0,28	
45,32	-0,27	
45,325	-0,26	
45,33	-0,25	
45,335	-0,24	
45,34	-0,23	
45,345	-0,21	
45,35	-0,2	
45,355	-0,2	
45,36	-0,19	
45,365	-0,17	
45,37	-0,16	
45,375	-0,15	
45,38	-0,14	
45,385	-0,13	
45,39	-0,12	
45,395	-0,11	
45,4	-0,09	
45,405	-0,08	
45,41	-0,07	
45,415	-0,06	
45,42	-0,05	
45,425	-0,04	
45,43	-0,03	
45,435	-0,02	
45,44	0	
45,445	0,01	
45,45	0,03	
45,455	0,04	
45,46	0,05	
45,465	0,06	
45,47	0,08	
45,475	0,09	
45,48	0,1	
45,485	0,11	
45,49	0,12	
45,495	0,13	
45,5	0,14	
45,505	0,15	
45,51	0,16	
45,515	0,17	
45,52	0,18	
45,525	0,19	
45,53	0,2	
45,535	0,21	
45,54	0,22	
45,545	0,23	
45,55	0,24	
45,555	0,25	
45,56	0,26	
45,565	0,27	
45,57	0,27	
45,575	0,29	
45,58	0,29	
45,585	0,3	
45,59	0,31	
45,595	0,32	
45,6	0,32	
45,605	0,33	
45,61	0,34	
45,615	0,35	
45,62	0,35	
45,625	0,36	
45,63	0,36	
45,635	0,36	
45,64	0,37	
45,645	0,37	
45,65	0,37	
45,655	0,38	
45,66	0,38	
45,665	0,38	
45,67	0,39	
45,675	0,39	
45,68	0,39	
45,685	0,39	
45,69	0,39	
45,695	0,39	
45,7	0,39	
45,705	0,39	
45,71	0,4	
45,715	0,39	
45,72	0,39	
45,725	0,39	
45,73	0,39	
45,735	0,39	
45,74	0,38	
45,745	0,38	
45,75	0,38	
45,755	0,37	
45,76	0,37	
45,765	0,37	
45,77	0,36	
45,775	0,36	
45,78	0,36	
45,785	0,35	
45,79	0,35	
45,795	0,34	
45,8	0,33	
45,805	0,32	
45,81	0,32	
45,815	0,31	
45,82	0,3	
45,825	0,3	
45,83	0,29	
45,835	0,28	
45,84	0,27	
45,845	0,26	
45,85	0,26	
45,855	0,25	
45,86	0,24	
45,865	0,23	
45,87	0,22	
45,875	0,21	
45,88	0,2	
45,885	0,19	
45,89	0,18	
45,895	0,17	
45,9	0,16	
45,905	0,15	
45,91	0,14	
45,915	0,12	
45,92	0,11	
45,925	0,1	
45,93	0,09	
45,935	0,08	
45,94	0,07	
45,945	0,06	
45,95	0,04	
45,955	0,03	
45,96	0,02	
45,965	0,01	
45,97	0	
45,975	0	
45,98	-0,02	
45,985	-0,03	
45,99	-0,04	
45,995	-0,07	
46,0	-0,08	
46,005	-0,09	
46,01	-0,1	
46,015	-0,1	
46,02	-0,11	
46,025	-0,13	
46,03	-0,14	
46,035	-0,15	
46,04	-0,16	
46,045	-0,17	
46,05	-0,18	
46,055	-0,19	
46,06	-0,2	
46,065	-0,21	
46,07	-0,22	
46,075	-0,23	
46,08	-0,24	
46,085	-0,25	
46,09	-0,25	
46,095	-0,26	
46,1	-0,27	
46,105	-0,28	
46,11	-0,29	
46,115	-0,29	
46,12	-0,3	
46,125	-0,31	
46,13	-0,32	
46,135	-0,33	
46,14	-0,33	
46,145	-0,34	
46,15	-0,34	
46,155	-0,35	
46,16	-0,35	
46,165	-0,36	
46,17	-0,36	
46,175	-0,37	
46,18	-0,37	
46,185	-0,38	
46,19	-0,38	
46,195	-0,39	
46,2	-0,39	
46,205	-0,39	
46,21	-0,39	
46,215	-0,39	
46,22	-0,4	
46,225	-0,4	
46,23	-0,4	
46,235	-0,4	
46,24	-0,4	
46,245	-0,39	
46,25	-0,39	
46,255	-0,4	
46,26	-0,4	
46,265	-0,39	
46,27	-0,39	
46,275	-0,39	
46,28	-0,38	
46,285	-0,38	
46,29	-0,37	
46,295	-0,37	
46,3	-0,37	
46,305	-0,37	
46,31	-0,36	
46,315	-0,35	
46,32	-0,35	
46,325	-0,34	
46,33	-0,34	
46,335	-0,33	
46,34	-0,33	
46,345	-0,32	
46,35	-0,31	
46,355	-0,31	
46,36	-0,3	
46,365	-0,29	
46,37	-0,28	
46,375	-0,28	
46,38	-0,26	
46,385	-0,26	
46,39	-0,25	
46,395	-0,24	
46,4	-0,23	
46,405	-0,22	
46,41	-0,21	
46,415	-0,19	
46,42	-0,19	
46,425	-0,18	
46,43	-0,17	
46,435	-0,16	
46,44	-0,14	
46,445	-0,13	
46,45	-0,12	
46,455	-0,11	
46,46	-0,1	
46,465	-0,09	
46,47	-0,08	
46,475	-0,07	
46,48	-0,05	
46,485	-0,04	
46,49	-0,03	
46,495	-0,01	
46,5	0	
46,505	0,01	
46,51	0,02	
46,515	0,04	
46,52	0,04	
46,525	0,06	
46,53	0,07	
46,535	0,08	
46,54	0,09	
46,545	0,11	
46,55	0,12	
46,555	0,13	
46,56	0,14	
46,565	0,15	
46,57	0,16	
46,575	0,17	
46,58	0,18	
46,585	0,19	
46,59	0,21	
46,595	0,22	
46,6	0,23	
46,605	0,24	
46,61	0,25	
46,615	0,26	
46,62	0,27	
46,625	0,28	
46,63	0,29	
46,635	0,3	
46,64	0,31	
46,645	0,32	
46,65	0,33	
46,655	0,33	
46,66	0,34	
46,665	0,35	
46,67	0,36	
46,675	0,36	
46,68	0,37	
46,685	0,38	
46,69	0,38	
46,695	0,38	
46,7	0,39	
46,705	0,39	
46,71	0,4	
46,715	0,4	
46,72	0,41	
46,725	0,41	
46,73	0,41	
46,735	0,42	
46,74	0,42	
46,745	0,42	
46,75	0,42	
46,755	0,42	
46,76	0,42	
46,765	0,42	
46,77	0,43	
46,775	0,43	
46,78	0,43	
46,785	0,43	
46,79	0,43	
46,795	0,43	
46,8	0,42	
46,805	0,42	
46,81	0,42	
46,815	0,42	
46,82	0,41	
46,825	0,41	
46,83	0,41	
46,835	0,4	
46,84	0,4	
46,845	0,39	
46,85	0,39	
46,855	0,38	
46,86	0,38	
46,865	0,37	
46,87	0,37	
46,875	0,36	
46,88	0,35	
46,885	0,34	
46,89	0,33	
46,895	0,32	
46,9	0,31	
46,905	0,31	
46,91	0,3	
46,915	0,29	
46,92	0,28	
46,925	0,27	
46,93	0,26	
46,935	0,25	
46,94	0,24	
46,945	0,23	
46,95	0,22	
46,955	0,21	
46,96	0,2	
46,965	0,18	
46,97	0,17	
46,975	0,16	
46,98	0,15	
46,985	0,13	
46,99	0,12	
46,995	0,11	
47,0	0,1	
47,005	0,09	
47,01	0,08	
47,015	0,07	
47,02	0,05	
47,025	0,04	
47,03	0,03	
47,035	0,02	
47,04	0,01	
47,045	-0,01	
47,05	-0,02	
47,055	-0,04	
47,06	-0,05	
47,065	-0,06	
47,07	-0,08	
47,075	-0,09	
47,08	-0,1	
47,085	-0,11	
47,09	-0,13	
47,095	-0,13	
47,1	-0,15	
47,105	-0,16	
47,11	-0,18	
47,115	-0,19	
47,12	-0,21	
47,125	-0,22	
47,13	-0,23	
47,135	-0,24	
47,14	-0,25	
47,145	-0,26	
47,15	-0,27	
47,155	-0,28	
47,16	-0,29	
47,165	-0,3	
47,17	-0,31	
47,175	-0,32	
47,18	-0,32	
47,185	-0,33	
47,19	-0,34	
47,195	-0,35	
47,2	-0,36	
47,205	-0,38	
47,21	-0,39	
47,215	-0,39	
47,22	-0,4	
47,225	-0,4	
47,23	-0,41	
47,235	-0,42	
47,24	-0,42	
47,245	-0,43	
47,25	-0,44	
47,255	-0,44	
47,26	-0,44	
47,265	-0,45	
47,27	-0,45	
47,275	-0,45	
47,28	-0,46	
47,285	-0,47	
47,29	-0,47	
47,295	-0,48	
47,3	-0,48	
47,305	-0,48	
47,31	-0,47	
47,315	-0,46	
47,32	-0,46	
47,325	-0,46	
47,33	-0,46	
47,335	-0,47	
47,34	-0,48	
47,345	-0,48	
47,35	-0,48	
47,355	-0,47	
47,36	-0,46	
47,365	-0,45	
47,37	-0,44	
47,375	-0,44	
47,38	-0,44	
47,385	-0,44	
47,39	-0,45	
47,395	-0,44	
47,4	-0,43	
47,405	-0,42	
47,41	-0,41	
47,415	-0,4	
47,42	-0,39	
47,425	-0,39	
47,43	-0,38	
47,435	-0,38	
47,44	-0,37	
47,445	-0,37	
47,45	-0,34	
47,455	-0,33	
47,46	-0,32	
47,465	-0,31	
47,47	-0,3	
47,475	-0,3	
47,48	-0,29	
47,485	-0,28	
47,49	-0,28	
47,495	-0,27	
47,5	-0,25	
47,505	-0,23	
47,51	-0,21	
47,515	-0,2	
47,52	-0,19	
47,525	-0,19	
47,53	-0,19	
47,535	-0,19	
47,54	-0,17	
47,545	-0,14	
47,55	-0,11	
47,555	-0,08	
47,56	-0,06	
47,565	-0,06	
47,57	-0,06	
47,575	-0,07	
47,58	-0,08	
47,585	-0,07	
47,59	-0,05	
47,595	-0,02	
47,6	0,02	
47,605	0,05	
47,61	0,06	
47,615	0,06	
47,62	0,05	
47,625	0,04	
47,63	0,05	
47,635	0,07	
47,64	0,1	
47,645	0,14	
47,65	0,17	
47,655	0,18	
47,66	0,18	
47,665	0,18	
47,67	0,17	
47,675	0,17	
47,68	0,18	
47,685	0,2	
47,69	0,24	
47,695	0,26	
47,7	0,28	
47,705	0,28	
47,71	0,27	
47,715	0,27	
47,72	0,27	
47,725	0,28	
47,73	0,3	
47,735	0,32	
47,74	0,34	
47,745	0,35	
47,75	0,35	
47,755	0,36	
47,76	0,35	
47,765	0,35	
47,77	0,37	
47,775	0,38	
47,78	0,39	
47,785	0,41	
47,79	0,41	
47,795	0,41	
47,8	0,41	
47,805	0,4	
47,81	0,4	
47,815	0,41	
47,82	0,42	
47,825	0,43	
47,83	0,45	
47,835	0,45	
47,84	0,45	
47,845	0,44	
47,85	0,43	
47,855	0,43	
47,86	0,44	
47,865	0,45	
47,87	0,47	
47,875	0,47	
47,88	0,47	
47,885	0,46	
47,89	0,44	
47,895	0,43	
47,9	0,42	
47,905	0,42	
47,91	0,43	
47,915	0,45	
47,92	0,45	
47,925	0,45	
47,93	0,44	
47,935	0,41	
47,94	0,39	
47,945	0,39	
47,95	0,39	
47,955	0,4	
47,96	0,42	
47,965	0,42	
47,97	0,42	
47,975	0,4	
47,98	0,38	
47,985	0,35	
47,99	0,34	
47,995	0,33	
48,0	0,34	
48,005	0,35	
48,01	0,35	
48,015	0,35	
48,02	0,34	
48,025	0,31	
48,03	0,29	
48,035	0,27	
48,04	0,26	
48,045	0,26	
48,05	0,27	
48,055	0,27	
48,06	0,27	
48,065	0,25	
48,07	0,23	
48,075	0,2	
48,08	0,18	
48,085	0,17	
48,09	0,17	
48,095	0,17	
48,1	0,17	
48,105	0,16	
48,11	0,14	
48,115	0,12	
48,12	0,1	
48,125	0,08	
48,13	0,07	
48,135	0,07	
48,14	0,06	
48,145	0,05	
48,15	0,05	
48,155	0,04	
48,16	0,02	
48,165	0,01	
48,17	-0,01	
48,175	-0,02	
48,18	-0,03	
48,185	-0,04	
48,19	-0,05	
48,195	-0,06	
48,2	-0,08	
48,205	-0,1	
48,21	-0,11	
48,215	-0,12	
48,22	-0,12	
48,225	-0,13	
48,23	-0,14	
48,235	-0,15	
48,24	-0,17	
48,245	-0,19	
48,25	-0,2	
48,255	-0,21	
48,26	-0,21	
48,265	-0,21	
48,27	-0,21	
48,275	-0,22	
48,28	-0,24	
48,285	-0,26	
48,29	-0,28	
48,295	-0,3	
48,3	-0,32	
48,305	-0,32	
48,31	-0,32	
48,315	-0,3	
48,32	-0,3	
48,325	-0,3	
48,33	-0,32	
48,335	-0,34	
48,34	-0,39	
48,345	-0,41	
48,35	-0,4	
48,355	-0,38	
48,36	-0,36	
48,365	-0,34	
48,37	-0,34	
48,375	-0,37	
48,38	-0,41	
48,385	-0,44	
48,39	-0,46	
48,395	-0,47	
48,4	-0,46	
48,405	-0,43	
48,41	-0,41	
48,415	-0,4	
48,42	-0,42	
48,425	-0,45	
48,43	-0,47	
48,435	-0,5	
48,44	-0,5	
48,445	-0,49	
48,45	-0,46	
48,455	-0,44	
48,46	-0,43	
48,465	-0,43	
48,47	-0,45	
48,475	-0,47	
48,48	-0,49	
48,485	-0,5	
48,49	-0,49	
48,495	-0,48	
48,5	-0,47	
48,505	-0,47	
48,51	-0,47	
48,515	-0,48	
48,52	-0,48	
48,525	-0,47	
48,53	-0,46	
48,535	-0,46	
48,54	-0,45	
48,545	-0,45	
48,55	-0,45	
48,555	-0,46	
48,56	-0,46	
48,565	-0,45	
48,57	-0,44	
48,575	-0,42	
48,58	-0,4	
48,585	-0,39	
48,59	-0,4	
48,595	-0,42	
48,6	-0,43	
48,605	-0,44	
48,61	-0,43	
48,615	-0,41	
48,62	-0,37	
48,625	-0,34	
48,63	-0,32	
48,635	-0,32	
48,64	-0,34	
48,645	-0,36	
48,65	-0,38	
48,655	-0,38	
48,66	-0,34	
48,665	-0,3	
48,67	-0,26	
48,675	-0,24	
48,68	-0,23	
48,685	-0,24	
48,69	-0,27	
48,695	-0,29	
48,7	-0,29	
48,705	-0,28	
48,71	-0,25	
48,715	-0,21	
48,72	-0,17	
48,725	-0,14	
48,73	-0,14	
48,735	-0,16	
48,74	-0,17	
48,745	-0,18	
48,75	-0,17	
48,755	-0,14	
48,76	-0,1	
48,765	-0,06	
48,77	-0,04	
48,775	-0,03	
48,78	-0,04	
48,785	-0,05	
48,79	-0,06	
48,795	-0,06	
48,8	-0,04	
48,805	-0,02	
48,81	0,02	
48,815	0,04	
48,82	0,06	
48,825	0,06	
48,83	0,06	
48,835	0,06	
48,84	0,06	
48,845	0,08	
48,85	0,1	
48,855	0,13	
48,86	0,15	
48,865	0,16	
48,87	0,16	
48,875	0,16	
48,88	0,17	
48,885	0,18	
48,89	0,19	
48,895	0,21	
48,9	0,23	
48,905	0,24	
48,91	0,24	
48,915	0,25	
48,92	0,25	
48,925	0,27	
48,93	0,28	
48,935	0,3	
48,94	0,32	
48,945	0,33	
48,95	0,33	
48,955	0,34	
48,96	0,34	
48,965	0,34	
48,97	0,34	
48,975	0,35	
48,98	0,37	
48,985	0,4	
48,99	0,41	
48,995	0,41	
49,0	0,41	
49,005	0,4	
49,01	0,4	
49,015	0,4	
49,02	0,42	
49,025	0,44	
49,03	0,45	
49,035	0,47	
49,04	0,46	
49,045	0,46	
49,05	0,45	
49,055	0,44	
49,06	0,44	
49,065	0,46	
49,07	0,48	
49,075	0,49	
49,08	0,5	
49,085	0,5	
49,09	0,49	
49,095	0,48	
49,1	0,47	
49,105	0,46	
49,11	0,46	
49,115	0,47	
49,12	0,49	
49,125	0,5	
49,13	0,51	
49,135	0,5	
49,14	0,49	
49,145	0,46	
49,15	0,46	
49,155	0,46	
49,16	0,46	
49,165	0,48	
49,17	0,48	
49,175	0,48	
49,18	0,47	
49,185	0,46	
49,19	0,45	
49,195	0,44	
49,2	0,43	
49,205	0,42	
49,21	0,42	
49,215	0,42	
49,22	0,42	
49,225	0,42	
49,23	0,41	
49,235	0,39	
49,24	0,38	
49,245	0,37	
49,25	0,37	
49,255	0,36	
49,26	0,36	
49,265	0,36	
49,27	0,35	
49,275	0,34	
49,28	0,33	
49,285	0,32	
49,29	0,3	
49,295	0,29	
49,3	0,29	
49,305	0,29	
49,31	0,28	
49,315	0,26	
49,32	0,25	
49,325	0,23	
49,33	0,21	
49,335	0,2	
49,34	0,19	
49,345	0,19	
49,35	0,19	
49,355	0,19	
49,36	0,17	
49,365	0,15	
49,37	0,12	
49,375	0,1	
49,38	0,09	
49,385	0,09	
49,39	0,09	
49,395	0,1	
49,4	0,09	
49,405	0,07	
49,41	0,04	
49,415	0,01	
49,42	-0,01	
49,425	-0,03	
49,43	-0,03	
49,435	-0,02	
49,44	-0,02	
49,445	-0,02	
49,45	-0,03	
49,455	-0,05	
49,46	-0,08	
49,465	-0,11	
49,47	-0,14	
49,475	-0,14	
49,48	-0,14	
49,485	-0,13	
49,49	-0,13	
49,495	-0,14	
49,5	-0,16	
49,505	-0,18	
49,51	-0,21	
49,515	-0,23	
49,52	-0,24	
49,525	-0,24	
49,53	-0,23	
49,535	-0,23	
49,54	-0,23	
49,545	-0,25	
49,55	-0,27	
49,555	-0,29	
49,56	-0,31	
49,565	-0,31	
49,57	-0,31	
49,575	-0,31	
49,58	-0,31	
