t, ñ	wz	
0,0	0	
0,005	0	
0,01	0	
0,015	0	
0,02	0	
0,025	0	
0,03	0,01	
0,035	0	
0,04	0	
0,045	0	
0,05	0	
0,055	0	
0,06	0	
0,065	0	
0,07	0	
0,075	0	
0,08	0	
0,085	0	
0,09	0	
0,095	0	
0,1	0	
0,105	0	
0,11	0	
0,115	0	
0,12	0	
0,125	0	
0,13	0	
0,135	0	
0,14	0	
0,145	0	
0,15	0	
0,155	0	
0,16	0	
0,165	0,01	
0,17	0,01	
0,175	0	
0,18	0	
0,185	0	
0,19	0	
0,195	0	
0,2	0	
0,205	0	
0,21	0	
0,215	0	
0,22	-0,01	
0,225	-0,01	
0,23	-0,01	
0,235	-0,01	
0,24	-0,01	
0,245	-0,01	
0,25	-0,01	
0,255	-0,01	
0,26	0	
0,265	0	
0,27	0	
0,275	0	
0,28	0	
0,285	0	
0,29	0	
0,295	0,01	
0,3	0	
0,305	0	
0,31	0	
0,315	0	
0,32	0	
0,325	-0,01	
0,33	0	
0,335	0	
0,34	0	
0,345	0	
0,35	0	
0,355	0	
0,36	0	
0,365	0	
0,37	0	
0,375	0	
0,38	0,01	
0,385	0,01	
0,39	0,01	
0,395	0	
0,4	0	
0,405	0	
0,41	0	
0,415	-0,01	
0,42	-0,01	
0,425	-0,01	
0,43	-0,01	
0,435	-0,01	
0,44	-0,01	
0,445	-0,01	
0,45	0	
0,455	0	
0,46	0	
0,465	0	
0,47	0	
0,475	0	
0,48	0,01	
0,485	0,01	
0,49	0,01	
0,495	0	
0,5	0	
0,505	0	
0,51	0	
0,515	0	
0,52	-0,01	
0,525	-0,01	
0,53	-0,01	
0,535	-0,01	
0,54	-0,01	
0,545	0	
0,55	0	
0,555	0	
0,56	0	
0,565	0	
0,57	0	
0,575	0	
0,58	0,01	
0,585	0,01	
0,59	0,01	
0,595	0	
0,6	0	
0,605	0	
0,61	0	
0,615	0	
0,62	0	
0,625	0	
0,63	0	
0,635	0	
0,64	0	
0,645	0	
0,65	0,01	
0,655	0	
0,66	0	
0,665	0	
0,67	0	
0,675	0	
0,68	0	
0,685	0	
0,69	0,01	
0,695	0,01	
0,7	0,01	
0,705	0,01	
0,71	0	
0,715	0	
0,72	0	
0,725	-0,01	
0,73	-0,01	
0,735	-0,01	
0,74	-0,01	
0,745	-0,02	
0,75	-0,02	
0,755	-0,03	
0,76	-0,02	
0,765	-0,01	
0,77	0,01	
0,775	0	
0,78	-0,02	
0,785	-0,02	
0,79	0,03	
0,795	0,09	
0,8	0,16	
0,805	0,27	
0,81	0,31	
0,815	0,31	
0,82	0,24	
0,825	0,22	
0,83	0,22	
0,835	0,25	
0,84	0,36	
0,845	0,44	
0,85	0,49	
0,855	0,48	
0,86	0,46	
0,865	0,42	
0,87	0,38	
0,875	0,43	
0,88	0,52	
0,885	0,59	
0,89	0,65	
0,895	0,64	
0,9	0,63	
0,905	0,55	
0,91	0,53	
0,915	0,53	
0,92	0,63	
0,925	0,73	
0,93	0,78	
0,935	0,81	
0,94	0,75	
0,945	0,68	
0,95	0,64	
0,955	0,63	
0,96	0,67	
0,965	0,79	
0,97	0,87	
0,975	0,89	
0,98	0,85	
0,985	0,8	
0,99	0,73	
0,995	0,7	
1,0	0,71	
1,005	0,78	
1,01	0,9	
1,015	0,92	
1,02	0,91	
1,025	0,86	
1,03	0,78	
1,035	0,72	
1,04	0,72	
1,045	0,77	
1,05	0,82	
1,055	0,9	
1,06	0,9	
1,065	0,85	
1,07	0,78	
1,075	0,71	
1,08	0,71	
1,085	0,72	
1,09	0,77	
1,095	0,82	
1,1	0,84	
1,105	0,79	
1,11	0,71	
1,115	0,66	
1,12	0,63	
1,125	0,63	
1,13	0,68	
1,135	0,72	
1,14	0,75	
1,145	0,69	
1,15	0,61	
1,155	0,55	
1,16	0,49	
1,165	0,51	
1,17	0,54	
1,175	0,59	
1,18	0,6	
1,185	0,59	
1,19	0,49	
1,195	0,39	
1,2	0,34	
1,205	0,33	
1,21	0,35	
1,215	0,39	
1,22	0,42	
1,225	0,42	
1,23	0,36	
1,235	0,24	
1,24	0,18	
1,245	0,14	
1,25	0,16	
1,255	0,18	
1,26	0,22	
1,265	0,21	
1,27	0,16	
1,275	0,09	
1,28	0,02	
1,285	-0,05	
1,29	-0,05	
1,295	-0,02	
1,3	0,01	
1,305	-0,01	
1,31	-0,04	
1,315	-0,11	
1,32	-0,18	
1,325	-0,24	
1,33	-0,25	
1,335	-0,22	
1,34	-0,21	
1,345	-0,2	
1,35	-0,24	
1,355	-0,31	
1,36	-0,39	
1,365	-0,45	
1,37	-0,46	
1,375	-0,43	
1,38	-0,4	
1,385	-0,38	
1,39	-0,41	
1,395	-0,47	
1,4	-0,56	
1,405	-0,62	
1,41	-0,66	
1,415	-0,65	
1,42	-0,58	
1,425	-0,56	
1,43	-0,57	
1,435	-0,62	
1,44	-0,69	
1,445	-0,76	
1,45	-0,81	
1,455	-0,81	
1,46	-0,77	
1,465	-0,72	
1,47	-0,71	
1,475	-0,74	
1,48	-0,8	
1,485	-0,88	
1,49	-0,91	
1,495	-0,92	
1,5	-0,88	
1,505	-0,84	
1,51	-0,81	
1,515	-0,82	
1,52	-0,88	
1,525	-0,95	
1,53	-0,98	
1,535	-0,99	
1,54	-0,96	
1,545	-0,92	
1,55	-0,87	
1,555	-0,87	
1,56	-0,92	
1,565	-0,97	
1,57	-1,01	
1,575	-1,02	
1,58	-1	
1,585	-0,93	
1,59	-0,89	
1,595	-0,87	
1,6	-0,89	
1,605	-0,94	
1,61	-0,99	
1,615	-1	
1,62	-0,97	
1,625	-0,91	
1,63	-0,86	
1,635	-0,81	
1,64	-0,81	
1,645	-0,87	
1,65	-0,9	
1,655	-0,92	
1,66	-0,89	
1,665	-0,85	
1,67	-0,78	
1,675	-0,73	
1,68	-0,72	
1,685	-0,73	
1,69	-0,76	
1,695	-0,79	
1,7	-0,77	
1,705	-0,73	
1,71	-0,66	
1,715	-0,61	
1,72	-0,58	
1,725	-0,59	
1,73	-0,61	
1,735	-0,63	
1,74	-0,62	
1,745	-0,57	
1,75	-0,51	
1,755	-0,45	
1,76	-0,42	
1,765	-0,41	
1,77	-0,43	
1,775	-0,45	
1,78	-0,44	
1,785	-0,38	
1,79	-0,32	
1,795	-0,25	
1,8	-0,2	
1,805	-0,18	
1,81	-0,2	
1,815	-0,22	
1,82	-0,23	
1,825	-0,21	
1,83	-0,12	
1,835	-0,05	
1,84	0,02	
1,845	0,05	
1,85	0,04	
1,855	0,02	
1,86	0	
1,865	0,02	
1,87	0,05	
1,875	0,15	
1,88	0,23	
1,885	0,26	
1,89	0,27	
1,895	0,25	
1,9	0,23	
1,905	0,22	
1,91	0,25	
1,915	0,31	
1,92	0,41	
1,925	0,45	
1,93	0,47	
1,935	0,45	
1,94	0,43	
1,945	0,41	
1,95	0,44	
1,955	0,48	
1,96	0,55	
1,965	0,63	
1,97	0,64	
1,975	0,63	
1,98	0,6	
1,985	0,58	
1,99	0,59	
1,995	0,63	
2,0	0,7	
2,005	0,75	
2,01	0,79	
2,015	0,78	
2,02	0,74	
2,025	0,71	
2,03	0,7	
2,035	0,73	
2,04	0,79	
2,045	0,86	
2,05	0,89	
2,055	0,89	
2,06	0,85	
2,065	0,81	
2,07	0,79	
2,075	0,8	
2,08	0,85	
2,085	0,9	
2,09	0,94	
2,095	0,96	
2,1	0,91	
2,105	0,86	
2,11	0,83	
2,115	0,83	
2,12	0,86	
2,125	0,9	
2,13	0,94	
2,135	0,96	
2,14	0,94	
2,145	0,9	
2,15	0,83	
2,155	0,82	
2,16	0,83	
2,165	0,86	
2,17	0,9	
2,175	0,91	
2,18	0,89	
2,185	0,85	
2,19	0,8	
2,195	0,75	
2,2	0,75	
2,205	0,78	
2,21	0,8	
2,215	0,82	
2,22	0,79	
2,225	0,75	
2,23	0,7	
2,235	0,65	
2,24	0,64	
2,245	0,65	
2,25	0,68	
2,255	0,69	
2,26	0,67	
2,265	0,62	
2,27	0,56	
2,275	0,51	
2,28	0,48	
2,285	0,48	
2,29	0,51	
2,295	0,51	
2,3	0,5	
2,305	0,45	
2,31	0,39	
2,315	0,33	
2,32	0,29	
2,325	0,28	
2,33	0,3	
2,335	0,31	
2,34	0,3	
2,345	0,25	
2,35	0,2	
2,355	0,13	
2,36	0,09	
2,365	0,07	
2,37	0,08	
2,375	0,1	
2,38	0,08	
2,385	0,05	
2,39	-0,01	
2,395	-0,08	
2,4	-0,12	
2,405	-0,14	
2,41	-0,14	
2,415	-0,13	
2,42	-0,14	
2,425	-0,17	
2,43	-0,23	
2,435	-0,29	
2,44	-0,34	
2,445	-0,36	
2,45	-0,36	
2,455	-0,35	
2,46	-0,33	
2,465	-0,37	
2,47	-0,42	
2,475	-0,49	
2,48	-0,54	
2,485	-0,58	
2,49	-0,57	
2,495	-0,55	
2,5	-0,53	
2,505	-0,53	
2,51	-0,6	
2,515	-0,66	
2,52	-0,72	
2,525	-0,76	
2,53	-0,76	
2,535	-0,74	
2,54	-0,71	
2,545	-0,71	
2,55	-0,72	
2,555	-0,8	
2,56	-0,86	
2,565	-0,89	
2,57	-0,9	
2,575	-0,88	
2,58	-0,86	
2,585	-0,84	
2,59	-0,84	
2,595	-0,88	
2,6	-0,93	
2,605	-0,99	
2,61	-1	
2,615	-0,98	
2,62	-0,95	
2,625	-0,93	
2,63	-0,93	
2,635	-0,95	
2,64	-0,99	
2,645	-1,03	
2,65	-1,05	
2,655	-1,03	
2,66	-0,99	
2,665	-0,96	
2,67	-0,95	
2,675	-0,96	
2,68	-1	
2,685	-1,03	
2,69	-1,05	
2,695	-1,03	
2,7	-0,99	
2,705	-0,95	
2,71	-0,92	
2,715	-0,92	
2,72	-0,95	
2,725	-0,98	
2,73	-1	
2,735	-0,99	
2,74	-0,94	
2,745	-0,89	
2,75	-0,85	
2,755	-0,84	
2,76	-0,86	
2,765	-0,88	
2,77	-0,89	
2,775	-0,89	
2,78	-0,86	
2,785	-0,78	
2,79	-0,74	
2,795	-0,71	
2,8	-0,71	
2,805	-0,73	
2,81	-0,74	
2,815	-0,74	
2,82	-0,71	
2,825	-0,67	
2,83	-0,6	
2,835	-0,57	
2,84	-0,56	
2,845	-0,57	
2,85	-0,57	
2,855	-0,56	
2,86	-0,53	
2,865	-0,47	
2,87	-0,42	
2,875	-0,36	
2,88	-0,35	
2,885	-0,36	
2,89	-0,37	
2,895	-0,36	
2,9	-0,32	
2,905	-0,27	
2,91	-0,21	
2,915	-0,16	
2,92	-0,12	
2,925	-0,13	
2,93	-0,13	
2,935	-0,12	
2,94	-0,1	
2,945	-0,05	
2,95	0,01	
2,955	0,07	
2,96	0,1	
2,965	0,11	
2,97	0,12	
2,975	0,12	
2,98	0,14	
2,985	0,19	
2,99	0,24	
2,995	0,29	
3,0	0,33	
3,005	0,35	
3,01	0,35	
3,015	0,35	
3,02	0,37	
3,025	0,4	
3,03	0,45	
3,035	0,49	
3,04	0,53	
3,045	0,55	
3,05	0,55	
3,055	0,54	
3,06	0,56	
3,065	0,59	
3,07	0,63	
3,075	0,68	
3,08	0,72	
3,085	0,74	
3,09	0,74	
3,095	0,73	
3,1	0,73	
3,105	0,75	
3,11	0,78	
3,115	0,82	
3,12	0,86	
3,125	0,87	
3,13	0,87	
3,135	0,86	
3,14	0,85	
3,145	0,84	
3,15	0,87	
3,155	0,91	
3,16	0,95	
3,165	0,97	
3,17	0,98	
3,175	0,97	
3,18	0,94	
3,185	0,93	
3,19	0,93	
3,195	0,97	
3,2	1	
3,205	1,02	
3,21	1,03	
3,215	1,02	
3,22	0,99	
3,225	0,96	
3,23	0,95	
3,235	0,96	
3,24	0,99	
3,245	1	
3,25	1	
3,255	0,99	
3,26	0,96	
3,265	0,94	
3,27	0,92	
3,275	0,92	
3,28	0,93	
3,285	0,95	
3,29	0,94	
3,295	0,93	
3,3	0,9	
3,305	0,87	
3,31	0,85	
3,315	0,84	
3,32	0,84	
3,325	0,84	
3,33	0,84	
3,335	0,82	
3,34	0,78	
3,345	0,74	
3,35	0,71	
3,355	0,69	
3,36	0,69	
3,365	0,69	
3,37	0,69	
3,375	0,65	
3,38	0,62	
3,385	0,58	
3,39	0,54	
3,395	0,52	
3,4	0,51	
3,405	0,51	
3,41	0,5	
3,415	0,49	
3,42	0,44	
3,425	0,39	
3,43	0,35	
3,435	0,32	
3,44	0,3	
3,445	0,29	
3,45	0,28	
3,455	0,26	
3,46	0,23	
3,465	0,17	
3,47	0,13	
3,475	0,1	
3,48	0,08	
3,485	0,07	
3,49	0,06	
3,495	0,04	
3,5	0,01	
3,505	-0,04	
3,51	-0,08	
3,515	-0,13	
3,52	-0,15	
3,525	-0,16	
3,53	-0,17	
3,535	-0,18	
3,54	-0,22	
3,545	-0,27	
3,55	-0,31	
3,555	-0,36	
3,56	-0,39	
3,565	-0,4	
3,57	-0,4	
3,575	-0,4	
3,58	-0,43	
3,585	-0,47	
3,59	-0,52	
3,595	-0,56	
3,6	-0,59	
3,605	-0,6	
3,61	-0,6	
3,615	-0,61	
3,62	-0,62	
3,625	-0,65	
3,63	-0,69	
3,635	-0,74	
3,64	-0,77	
3,645	-0,79	
3,65	-0,79	
3,655	-0,79	
3,66	-0,8	
3,665	-0,82	
3,67	-0,85	
3,675	-0,89	
3,68	-0,92	
3,685	-0,93	
3,69	-0,93	
3,695	-0,92	
3,7	-0,92	
3,705	-0,93	
3,71	-0,95	
3,715	-0,98	
3,72	-1,01	
3,725	-1,02	
3,73	-1,02	
3,735	-1	
3,74	-0,99	
3,745	-1	
3,75	-1,02	
3,755	-1,04	
3,76	-1,07	
3,765	-1,08	
3,77	-1,07	
3,775	-1,05	
3,78	-1,03	
3,785	-1,02	
3,79	-1,02	
3,795	-1,04	
3,8	-1,06	
3,805	-1,07	
3,81	-1,06	
3,815	-1,04	
3,82	-1,01	
3,825	-0,99	
3,83	-0,98	
3,835	-0,99	
3,84	-1	
3,845	-1	
3,85	-0,99	
3,855	-0,97	
3,86	-0,94	
3,865	-0,92	
3,87	-0,9	
3,875	-0,9	
3,88	-0,9	
3,885	-0,9	
3,89	-0,88	
3,895	-0,85	
3,9	-0,82	
3,905	-0,79	
3,91	-0,77	
3,915	-0,76	
3,92	-0,75	
3,925	-0,75	
3,93	-0,72	
3,935	-0,69	
3,94	-0,65	
3,945	-0,62	
3,95	-0,59	
3,955	-0,58	
3,96	-0,58	
3,965	-0,57	
3,97	-0,54	
3,975	-0,51	
3,98	-0,46	
3,985	-0,42	
3,99	-0,38	
3,995	-0,37	
4,0	-0,36	
4,005	-0,35	
4,01	-0,34	
4,015	-0,29	
4,02	-0,23	
4,025	-0,17	
4,03	-0,12	
4,035	-0,09	
4,04	-0,09	
4,045	-0,1	
4,05	-0,1	
4,055	-0,09	
4,06	-0,02	
4,065	0,05	
4,07	0,1	
4,075	0,14	
4,08	0,16	
4,085	0,16	
4,09	0,15	
4,095	0,15	
4,1	0,19	
4,105	0,28	
4,11	0,33	
4,115	0,36	
4,12	0,39	
4,125	0,38	
4,13	0,37	
4,135	0,37	
4,14	0,41	
4,145	0,45	
4,15	0,53	
4,155	0,58	
4,16	0,59	
4,165	0,58	
4,17	0,57	
4,175	0,56	
4,18	0,58	
4,185	0,62	
4,19	0,68	
4,195	0,76	
4,2	0,78	
4,205	0,78	
4,21	0,76	
4,215	0,75	
4,22	0,74	
4,225	0,77	
4,23	0,82	
4,235	0,86	
4,24	0,9	
4,245	0,91	
4,25	0,89	
4,255	0,87	
4,26	0,86	
4,265	0,89	
4,27	0,92	
4,275	0,96	
4,28	0,99	
4,285	1	
4,29	0,99	
4,295	0,97	
4,3	0,96	
4,305	0,96	
4,31	0,98	
4,315	1,01	
4,32	1,04	
4,325	1,05	
4,33	1,03	
4,335	1,01	
4,34	0,99	
4,345	0,98	
4,35	0,99	
4,355	1	
4,36	1,02	
4,365	1,02	
4,37	1,01	
4,375	0,97	
4,38	0,94	
4,385	0,93	
4,39	0,94	
4,395	0,96	
4,4	0,97	
4,405	0,97	
4,41	0,96	
4,415	0,92	
4,42	0,88	
4,425	0,84	
4,43	0,84	
4,435	0,85	
4,44	0,86	
4,445	0,87	
4,45	0,85	
4,455	0,8	
4,46	0,76	
4,465	0,72	
4,47	0,69	
4,475	0,69	
4,48	0,7	
4,485	0,7	
4,49	0,68	
4,495	0,64	
4,5	0,6	
4,505	0,56	
4,51	0,53	
4,515	0,52	
4,52	0,53	
4,525	0,52	
4,53	0,5	
4,535	0,46	
4,54	0,41	
4,545	0,36	
4,55	0,32	
4,555	0,31	
4,56	0,3	
4,565	0,3	
4,57	0,28	
4,575	0,24	
4,58	0,19	
4,585	0,13	
4,59	0,1	
4,595	0,08	
4,6	0,08	
4,605	0,08	
4,61	0,07	
4,615	0,03	
4,62	-0,03	
4,625	-0,08	
4,63	-0,13	
4,635	-0,15	
4,64	-0,16	
4,645	-0,16	
4,65	-0,16	
4,655	-0,2	
4,66	-0,24	
4,665	-0,29	
4,67	-0,35	
4,675	-0,38	
4,68	-0,4	
4,685	-0,39	
4,69	-0,39	
4,695	-0,41	
4,7	-0,44	
4,705	-0,5	
4,71	-0,55	
4,715	-0,58	
4,72	-0,59	
4,725	-0,59	
4,73	-0,59	
4,735	-0,59	
4,74	-0,63	
4,745	-0,67	
4,75	-0,72	
4,755	-0,75	
4,76	-0,77	
4,765	-0,77	
4,77	-0,76	
4,775	-0,76	
4,78	-0,77	
4,785	-0,82	
4,79	-0,86	
4,795	-0,9	
4,8	-0,91	
4,805	-0,91	
4,81	-0,89	
4,815	-0,88	
4,82	-0,89	
4,825	-0,91	
4,83	-0,95	
4,835	-0,98	
4,84	-0,99	
4,845	-0,99	
4,85	-0,98	
4,855	-0,96	
4,86	-0,96	
4,865	-0,97	
4,87	-1	
4,875	-1,03	
4,88	-1,05	
4,885	-1,04	
4,89	-1,02	
4,895	-1	
4,9	-0,98	
4,905	-0,98	
4,91	-0,99	
4,915	-1,01	
4,92	-1,02	
4,925	-1,02	
4,93	-1	
4,935	-0,97	
4,94	-0,95	
4,945	-0,94	
4,95	-0,95	
4,955	-0,95	
4,96	-0,96	
4,965	-0,96	
4,97	-0,92	
4,975	-0,89	
4,98	-0,87	
4,985	-0,86	
4,99	-0,85	
4,995	-0,86	
5,0	-0,86	
5,005	-0,85	
5,01	-0,82	
5,015	-0,77	
5,02	-0,74	
5,025	-0,71	
5,03	-0,71	
5,035	-0,72	
5,04	-0,72	
5,045	-0,71	
5,05	-0,68	
5,055	-0,64	
5,06	-0,57	
5,065	-0,54	
5,07	-0,53	
5,075	-0,54	
5,08	-0,53	
5,085	-0,53	
5,09	-0,5	
5,095	-0,46	
5,1	-0,41	
5,105	-0,35	
5,11	-0,32	
5,115	-0,31	
5,12	-0,3	
5,125	-0,3	
5,13	-0,27	
5,135	-0,24	
5,14	-0,19	
5,145	-0,15	
5,15	-0,1	
5,155	-0,08	
5,16	-0,08	
5,165	-0,07	
5,17	-0,04	
5,175	-0,01	
5,18	0,03	
5,185	0,08	
5,19	0,12	
5,195	0,14	
5,2	0,15	
5,205	0,16	
5,21	0,18	
5,215	0,21	
5,22	0,25	
5,225	0,3	
5,23	0,33	
5,235	0,35	
5,24	0,36	
5,245	0,37	
5,25	0,38	
5,255	0,41	
5,26	0,45	
5,265	0,49	
5,27	0,52	
5,275	0,54	
5,28	0,55	
5,285	0,55	
5,29	0,56	
5,295	0,59	
5,3	0,62	
5,305	0,65	
5,31	0,68	
5,315	0,71	
5,32	0,71	
5,325	0,71	
5,33	0,72	
5,335	0,74	
5,34	0,76	
5,345	0,8	
5,35	0,82	
5,355	0,84	
5,36	0,84	
5,365	0,84	
5,37	0,83	
5,375	0,83	
5,38	0,86	
5,385	0,89	
5,39	0,91	
5,395	0,92	
5,4	0,92	
5,405	0,92	
5,41	0,91	
5,415	0,91	
5,42	0,91	
5,425	0,94	
5,43	0,95	
5,435	0,96	
5,44	0,96	
5,445	0,95	
5,45	0,93	
5,455	0,92	
5,46	0,92	
5,465	0,93	
5,47	0,95	
5,475	0,95	
5,48	0,94	
5,485	0,92	
5,49	0,9	
5,495	0,89	
5,5	0,88	
5,505	0,88	
5,51	0,89	
5,515	0,89	
5,52	0,88	
5,525	0,86	
5,53	0,83	
5,535	0,81	
5,54	0,79	
5,545	0,78	
5,55	0,78	
5,555	0,79	
5,56	0,78	
5,565	0,76	
5,57	0,72	
5,575	0,69	
5,58	0,66	
5,585	0,65	
5,59	0,64	
5,595	0,64	
5,6	0,63	
5,605	0,6	
5,61	0,57	
5,615	0,53	
5,62	0,5	
5,625	0,48	
5,63	0,47	
5,635	0,47	
5,64	0,46	
5,645	0,44	
5,65	0,39	
5,655	0,35	
5,66	0,32	
5,665	0,29	
5,67	0,28	
5,675	0,27	
5,68	0,26	
5,685	0,24	
5,69	0,21	
5,695	0,14	
5,7	0,11	
5,705	0,08	
5,71	0,07	
5,715	0,06	
5,72	0,05	
5,725	0,03	
5,73	0	
5,735	-0,04	
5,74	-0,11	
5,745	-0,13	
5,75	-0,15	
5,755	-0,16	
5,76	-0,17	
5,765	-0,18	
5,77	-0,21	
5,775	-0,24	
5,78	-0,28	
5,785	-0,32	
5,79	-0,35	
5,795	-0,37	
5,8	-0,38	
5,805	-0,38	
5,81	-0,4	
5,815	-0,43	
5,82	-0,47	
5,825	-0,5	
5,83	-0,53	
5,835	-0,55	
5,84	-0,55	
5,845	-0,56	
5,85	-0,58	
5,855	-0,6	
5,86	-0,63	
5,865	-0,66	
5,87	-0,68	
5,875	-0,7	
5,88	-0,7	
5,885	-0,71	
5,89	-0,72	
5,895	-0,74	
5,9	-0,76	
5,905	-0,79	
5,91	-0,81	
5,915	-0,82	
5,92	-0,81	
5,925	-0,81	
5,93	-0,81	
5,935	-0,83	
5,94	-0,85	
5,945	-0,87	
5,95	-0,89	
5,955	-0,9	
5,96	-0,89	
5,965	-0,88	
5,97	-0,87	
5,975	-0,88	
5,98	-0,89	
5,985	-0,91	
5,99	-0,93	
5,995	-0,93	
6,0	-0,93	
6,005	-0,91	
6,01	-0,9	
6,015	-0,89	
6,02	-0,89	
6,025	-0,9	
6,03	-0,92	
6,035	-0,91	
6,04	-0,91	
6,045	-0,89	
6,05	-0,87	
6,055	-0,85	
6,06	-0,84	
6,065	-0,84	
6,07	-0,84	
6,075	-0,84	
6,08	-0,83	
6,085	-0,81	
6,09	-0,78	
6,095	-0,76	
6,1	-0,76	
6,105	-0,75	
6,11	-0,75	
6,115	-0,74	
6,12	-0,72	
6,125	-0,69	
6,13	-0,66	
6,135	-0,64	
6,14	-0,62	
6,145	-0,6	
6,15	-0,6	
6,155	-0,6	
6,16	-0,58	
6,165	-0,55	
6,17	-0,52	
6,175	-0,48	
6,18	-0,45	
6,185	-0,44	
6,19	-0,43	
6,195	-0,42	
6,2	-0,4	
6,205	-0,38	
6,21	-0,34	
6,215	-0,3	
6,22	-0,26	
6,225	-0,24	
6,23	-0,22	
6,235	-0,22	
6,24	-0,21	
6,245	-0,18	
6,25	-0,14	
6,255	-0,1	
6,26	-0,06	
6,265	-0,03	
6,27	-0,02	
6,275	-0,01	
6,28	0	
6,285	0,03	
6,29	0,07	
6,295	0,1	
6,3	0,14	
6,305	0,16	
6,31	0,18	
6,315	0,2	
6,32	0,21	
6,325	0,22	
6,33	0,25	
6,335	0,3	
6,34	0,33	
6,345	0,36	
6,35	0,38	
6,355	0,39	
6,36	0,39	
6,365	0,4	
6,37	0,42	
6,375	0,45	
6,38	0,5	
6,385	0,53	
6,39	0,55	
6,395	0,56	
6,4	0,55	
6,405	0,56	
6,41	0,57	
6,415	0,59	
6,42	0,62	
6,425	0,66	
6,43	0,68	
6,435	0,69	
6,44	0,69	
6,445	0,7	
6,45	0,7	
6,455	0,72	
6,46	0,73	
6,465	0,75	
6,47	0,78	
6,475	0,78	
6,48	0,79	
6,485	0,79	
6,49	0,79	
6,495	0,79	
6,5	0,81	
6,505	0,82	
6,51	0,84	
6,515	0,84	
6,52	0,84	
6,525	0,83	
6,53	0,82	
6,535	0,83	
6,54	0,84	
6,545	0,85	
6,55	0,86	
6,555	0,86	
6,56	0,84	
6,565	0,82	
6,57	0,81	
6,575	0,81	
6,58	0,81	
6,585	0,82	
6,59	0,83	
6,595	0,83	
6,6	0,81	
6,605	0,78	
6,61	0,76	
6,615	0,75	
6,62	0,75	
6,625	0,75	
6,63	0,75	
6,635	0,75	
6,64	0,74	
6,645	0,72	
6,65	0,68	
6,655	0,66	
6,66	0,65	
6,665	0,64	
6,67	0,63	
6,675	0,63	
6,68	0,61	
6,685	0,59	
6,69	0,56	
6,695	0,53	
6,7	0,51	
6,705	0,5	
6,71	0,49	
6,715	0,48	
6,72	0,47	
6,725	0,44	
6,73	0,41	
6,735	0,38	
6,74	0,36	
6,745	0,34	
6,75	0,32	
6,755	0,31	
6,76	0,29	
6,765	0,27	
6,77	0,24	
6,775	0,2	
6,78	0,17	
6,785	0,15	
6,79	0,13	
6,795	0,12	
6,8	0,1	
6,805	0,08	
6,81	0,05	
6,815	0,02	
6,82	-0,02	
6,825	-0,04	
6,83	-0,06	
6,835	-0,08	
6,84	-0,09	
6,845	-0,11	
6,85	-0,14	
6,855	-0,17	
6,86	-0,2	
6,865	-0,23	
6,87	-0,24	
6,875	-0,26	
6,88	-0,28	
6,885	-0,3	
6,89	-0,32	
6,895	-0,35	
6,9	-0,38	
6,905	-0,4	
6,91	-0,42	
6,915	-0,43	
6,92	-0,44	
6,925	-0,47	
6,93	-0,49	
6,935	-0,52	
6,94	-0,54	
6,945	-0,56	
6,95	-0,57	
6,955	-0,58	
6,96	-0,59	
6,965	-0,6	
6,97	-0,62	
6,975	-0,64	
6,98	-0,67	
6,985	-0,68	
6,99	-0,7	
6,995	-0,7	
7,0	-0,71	
7,005	-0,71	
7,01	-0,72	
7,015	-0,74	
7,02	-0,76	
7,025	-0,78	
7,03	-0,78	
7,035	-0,78	
7,04	-0,78	
7,045	-0,78	
7,05	-0,78	
7,055	-0,79	
7,06	-0,81	
7,065	-0,82	
7,07	-0,82	
7,075	-0,82	
7,08	-0,81	
7,085	-0,8	
7,09	-0,8	
7,095	-0,81	
7,1	-0,82	
7,105	-0,83	
7,11	-0,83	
7,115	-0,81	
7,12	-0,8	
7,125	-0,79	
7,13	-0,78	
7,135	-0,78	
7,14	-0,79	
7,145	-0,79	
7,15	-0,78	
7,155	-0,77	
7,16	-0,75	
7,165	-0,74	
7,17	-0,72	
7,175	-0,71	
7,18	-0,71	
7,185	-0,71	
7,19	-0,7	
7,195	-0,69	
7,2	-0,66	
7,205	-0,64	
7,21	-0,61	
7,215	-0,6	
7,22	-0,6	
7,225	-0,59	
7,23	-0,59	
7,235	-0,57	
7,24	-0,55	
7,245	-0,5	
7,25	-0,48	
7,255	-0,46	
7,26	-0,45	
7,265	-0,44	
7,27	-0,43	
7,275	-0,41	
7,28	-0,39	
7,285	-0,36	
7,29	-0,32	
7,295	-0,29	
7,3	-0,28	
7,305	-0,27	
7,31	-0,25	
7,315	-0,23	
7,32	-0,2	
7,325	-0,17	
7,33	-0,14	
7,335	-0,11	
7,34	-0,09	
7,345	-0,08	
7,35	-0,06	
7,355	-0,04	
7,36	-0,01	
7,365	0,02	
7,37	0,06	
7,375	0,08	
7,38	0,11	
7,385	0,12	
7,39	0,14	
7,395	0,16	
7,4	0,19	
7,405	0,21	
7,41	0,24	
7,415	0,26	
7,42	0,28	
7,425	0,3	
7,43	0,32	
7,435	0,33	
7,44	0,36	
7,445	0,39	
7,45	0,41	
7,455	0,44	
7,46	0,45	
7,465	0,46	
7,47	0,48	
7,475	0,49	
7,48	0,51	
7,485	0,53	
7,49	0,55	
7,495	0,57	
7,5	0,59	
7,505	0,6	
7,51	0,61	
7,515	0,62	
7,52	0,63	
7,525	0,65	
7,53	0,66	
7,535	0,69	
7,54	0,7	
7,545	0,71	
7,55	0,72	
7,555	0,72	
7,56	0,72	
7,565	0,73	
7,57	0,75	
7,575	0,76	
7,58	0,77	
7,585	0,78	
7,59	0,78	
7,595	0,78	
7,6	0,78	
7,605	0,78	
7,61	0,79	
7,615	0,79	
7,62	0,8	
7,625	0,8	
7,63	0,8	
7,635	0,79	
7,64	0,79	
7,645	0,79	
7,65	0,79	
7,655	0,79	
7,66	0,79	
7,665	0,78	
7,67	0,78	
7,675	0,76	
7,68	0,76	
7,685	0,75	
7,69	0,74	
7,695	0,74	
7,7	0,73	
7,705	0,73	
7,71	0,72	
7,715	0,7	
7,72	0,69	
7,725	0,67	
7,73	0,66	
7,735	0,65	
7,74	0,64	
7,745	0,63	
7,75	0,61	
7,755	0,6	
7,76	0,57	
7,765	0,56	
7,77	0,54	
7,775	0,53	
7,78	0,51	
7,785	0,5	
7,79	0,47	
7,795	0,45	
7,8	0,43	
7,805	0,41	
7,81	0,39	
7,815	0,37	
7,82	0,35	
7,825	0,34	
7,83	0,32	
7,835	0,29	
7,84	0,26	
7,845	0,24	
7,85	0,22	
7,855	0,2	
7,86	0,18	
7,865	0,16	
7,87	0,14	
7,875	0,12	
7,88	0,08	
7,885	0,05	
7,89	0,03	
7,895	0,01	
7,9	-0,01	
7,905	-0,03	
7,91	-0,04	
7,915	-0,06	
7,92	-0,09	
7,925	-0,13	
7,93	-0,16	
7,935	-0,18	
7,94	-0,2	
7,945	-0,21	
7,95	-0,23	
7,955	-0,25	
7,96	-0,27	
7,965	-0,29	
7,97	-0,33	
7,975	-0,35	
7,98	-0,37	
7,985	-0,39	
7,99	-0,4	
7,995	-0,42	
8,0	-0,44	
8,005	-0,46	
8,01	-0,48	
8,015	-0,51	
8,02	-0,52	
8,025	-0,54	
8,03	-0,55	
8,035	-0,57	
8,04	-0,59	
8,045	-0,6	
8,05	-0,62	
8,055	-0,64	
8,06	-0,65	
8,065	-0,66	
8,07	-0,67	
8,075	-0,68	
8,08	-0,7	
8,085	-0,71	
8,09	-0,73	
8,095	-0,74	
8,1	-0,76	
8,105	-0,76	
8,11	-0,77	
8,115	-0,77	
8,12	-0,78	
8,125	-0,78	
8,13	-0,79	
8,135	-0,8	
8,14	-0,81	
8,145	-0,81	
8,15	-0,81	
8,155	-0,81	
8,16	-0,81	
8,165	-0,81	
8,17	-0,81	
8,175	-0,82	
8,18	-0,82	
8,185	-0,82	
8,19	-0,82	
8,195	-0,82	
8,2	-0,81	
8,205	-0,8	
8,21	-0,8	
8,215	-0,79	
8,22	-0,78	
8,225	-0,78	
8,23	-0,77	
8,235	-0,76	
8,24	-0,76	
8,245	-0,74	
8,25	-0,74	
8,255	-0,73	
8,26	-0,72	
8,265	-0,71	
8,27	-0,69	
8,275	-0,67	
8,28	-0,66	
8,285	-0,65	
8,29	-0,63	
8,295	-0,63	
8,3	-0,61	
8,305	-0,6	
8,31	-0,58	
8,315	-0,56	
8,32	-0,53	
8,325	-0,52	
8,33	-0,5	
8,335	-0,48	
8,34	-0,47	
8,345	-0,45	
8,35	-0,43	
8,355	-0,41	
8,36	-0,38	
8,365	-0,36	
8,37	-0,34	
8,375	-0,32	
8,38	-0,29	
8,385	-0,27	
8,39	-0,25	
8,395	-0,23	
8,4	-0,2	
8,405	-0,18	
8,41	-0,16	
8,415	-0,14	
8,42	-0,12	
8,425	-0,08	
8,43	-0,05	
8,435	-0,02	
8,44	0	
8,445	0,02	
8,45	0,04	
8,455	0,05	
8,46	0,07	
8,465	0,1	
8,47	0,15	
8,475	0,18	
8,48	0,2	
8,485	0,22	
8,49	0,23	
8,495	0,25	
8,5	0,27	
8,505	0,29	
8,51	0,32	
8,515	0,35	
8,52	0,39	
8,525	0,4	
8,53	0,42	
8,535	0,43	
8,54	0,44	
8,545	0,46	
8,55	0,49	
8,555	0,51	
8,56	0,54	
8,565	0,57	
8,57	0,58	
8,575	0,58	
8,58	0,59	
8,585	0,61	
8,59	0,62	
8,595	0,64	
8,6	0,66	
8,605	0,68	
8,61	0,7	
8,615	0,71	
8,62	0,71	
8,625	0,72	
8,63	0,74	
8,635	0,75	
8,64	0,77	
8,645	0,78	
8,65	0,79	
8,655	0,8	
8,66	0,8	
8,665	0,8	
8,67	0,81	
8,675	0,82	
8,68	0,83	
8,685	0,84	
8,69	0,84	
8,695	0,84	
8,7	0,83	
8,705	0,83	
8,71	0,84	
8,715	0,84	
8,72	0,85	
8,725	0,85	
8,73	0,84	
8,735	0,84	
8,74	0,83	
8,745	0,83	
8,75	0,82	
8,755	0,82	
8,76	0,82	
8,765	0,81	
8,77	0,8	
8,775	0,79	
8,78	0,79	
8,785	0,78	
8,79	0,77	
8,795	0,76	
8,8	0,75	
8,805	0,74	
8,81	0,72	
8,815	0,71	
8,82	0,69	
8,825	0,68	
8,83	0,67	
8,835	0,65	
8,84	0,64	
8,845	0,63	
8,85	0,61	
8,855	0,59	
8,86	0,57	
8,865	0,55	
8,87	0,53	
8,875	0,51	
8,88	0,49	
8,885	0,48	
8,89	0,46	
8,895	0,43	
8,9	0,41	
8,905	0,38	
8,91	0,36	
8,915	0,34	
8,92	0,32	
8,925	0,34	
8,93	0,28	
8,935	0,25	
8,94	0,23	
8,945	0,2	
8,95	0,17	
8,955	0,15	
8,96	0,13	
8,965	0,11	
8,97	0,1	
8,975	0,06	
8,98	0,04	
8,985	0,01	
8,99	-0,03	
8,995	-0,05	
9,0	-0,07	
9,005	-0,09	
9,01	-0,11	
9,015	-0,12	
9,02	-0,16	
9,025	-0,19	
9,03	-0,22	
9,035	-0,24	
9,04	-0,26	
9,045	-0,28	
9,05	-0,3	
9,055	-0,32	
9,06	-0,34	
9,065	-0,37	
9,07	-0,4	
9,075	-0,43	
9,08	-0,45	
9,085	-0,47	
9,09	-0,48	
9,095	-0,5	
9,1	-0,52	
9,105	-0,53	
9,11	-0,57	
9,115	-0,59	
9,12	-0,61	
9,125	-0,63	
9,13	-0,64	
9,135	-0,65	
9,14	-0,67	
9,145	-0,68	
9,15	-0,7	
9,155	-0,73	
9,16	-0,74	
9,165	-0,75	
9,17	-0,76	
9,175	-0,77	
9,18	-0,78	
9,185	-0,79	
9,19	-0,8	
9,195	-0,82	
9,2	-0,83	
9,205	-0,84	
9,21	-0,85	
9,215	-0,85	
9,22	-0,86	
9,225	-0,87	
9,23	-0,87	
9,235	-0,87	
9,24	-0,88	
9,245	-0,89	
9,25	-0,89	
9,255	-0,89	
9,26	-0,89	
9,265	-0,89	
9,27	-0,89	
9,275	-0,89	
9,28	-0,89	
9,285	-0,89	
9,29	-0,88	
9,295	-0,87	
9,3	-0,87	
9,305	-0,87	
9,31	-0,86	
9,315	-0,86	
9,32	-0,86	
9,325	-0,85	
9,33	-0,84	
9,335	-0,82	
9,34	-0,81	
9,345	-0,8	
9,35	-0,79	
9,355	-0,78	
9,36	-0,78	
9,365	-0,76	
9,37	-0,75	
9,375	-0,73	
9,38	-0,7	
9,385	-0,69	
9,39	-0,67	
9,395	-0,66	
9,4	-0,65	
9,405	-0,64	
9,41	-0,62	
9,415	-0,59	
9,42	-0,57	
9,425	-0,55	
9,43	-0,52	
9,435	-0,5	
9,44	-0,49	
9,445	-0,47	
9,45	-0,45	
9,455	-0,43	
9,46	-0,4	
9,465	-0,37	
9,47	-0,35	
9,475	-0,32	
9,48	-0,31	
9,485	-0,29	
9,49	-0,27	
9,495	-0,24	
9,5	-0,21	
9,505	-0,18	
9,51	-0,15	
9,515	-0,13	
9,52	-0,11	
9,525	-0,09	
9,53	-0,07	
9,535	-0,04	
9,54	0	
9,545	0,03	
9,55	0,06	
9,555	0,08	
9,56	0,11	
9,565	0,13	
9,57	0,15	
9,575	0,18	
9,58	0,21	
9,585	0,23	
9,59	0,27	
9,595	0,29	
9,6	0,31	
9,605	0,33	
9,61	0,35	
9,615	0,37	
9,62	0,39	
9,625	0,42	
9,63	0,45	
9,635	0,47	
9,64	0,49	
9,645	0,51	
9,65	0,53	
9,655	0,56	
9,66	0,58	
9,665	0,6	
9,67	0,62	
9,675	0,64	
9,68	0,66	
9,685	0,68	
9,69	0,69	
9,695	0,7	
9,7	0,72	
9,705	0,74	
9,71	0,76	
9,715	0,77	
9,72	0,79	
9,725	0,8	
9,73	0,81	
9,735	0,82	
9,74	0,83	
9,745	0,85	
9,75	0,86	
9,755	0,87	
9,76	0,89	
9,765	0,89	
9,77	0,89	
9,775	0,9	
9,78	0,9	
9,785	0,9	
9,79	0,92	
9,795	0,92	
9,8	0,93	
9,805	0,93	
9,81	0,93	
9,815	0,92	
9,82	0,92	
9,825	0,92	
9,83	0,92	
9,835	0,93	
9,84	0,93	
9,845	0,92	
9,85	0,91	
9,855	0,9	
9,86	0,9	
9,865	0,89	
9,87	0,89	
9,875	0,89	
9,88	0,89	
9,885	0,87	
9,89	0,86	
9,895	0,84	
9,9	0,83	
9,905	0,81	
9,91	0,81	
9,915	0,8	
9,92	0,79	
9,925	0,78	
9,93	0,75	
9,935	0,73	
9,94	0,71	
9,945	0,7	
9,95	0,68	
9,955	0,67	
9,96	0,66	
9,965	0,64	
9,97	0,62	
9,975	0,59	
9,98	0,56	
9,985	0,53	
9,99	0,52	
9,995	0,5	
10,0	0,49	
10,005	0,47	
10,01	0,45	
10,015	0,43	
10,02	0,38	
10,025	0,35	
10,03	0,33	
10,035	0,31	
10,04	0,29	
10,045	0,28	
10,05	0,26	
10,055	0,23	
10,06	0,2	
10,065	0,15	
10,07	0,12	
10,075	0,1	
10,08	0,08	
10,085	0,06	
10,09	0,04	
10,095	0,02	
10,1	-0,01	
10,105	-0,04	
10,11	-0,08	
10,115	-0,11	
10,12	-0,13	
10,125	-0,16	
10,13	-0,18	
10,135	-0,2	
10,14	-0,23	
10,145	-0,26	
10,15	-0,29	
10,155	-0,33	
10,16	-0,35	
10,165	-0,37	
10,17	-0,38	
10,175	-0,4	
10,18	-0,43	
10,185	-0,46	
10,19	-0,48	
10,195	-0,51	
10,2	-0,54	
10,205	-0,55	
10,21	-0,56	
10,215	-0,58	
10,22	-0,6	
10,225	-0,63	
10,23	-0,65	
10,235	-0,68	
10,24	-0,7	
10,245	-0,71	
10,25	-0,73	
10,255	-0,74	
10,26	-0,75	
10,265	-0,77	
10,27	-0,79	
10,275	-0,8	
10,28	-0,82	
10,285	-0,83	
10,29	-0,84	
10,295	-0,86	
10,3	-0,87	
10,305	-0,88	
10,31	-0,89	
10,315	-0,9	
10,32	-0,91	
10,325	-0,92	
10,33	-0,92	
10,335	-0,93	
10,34	-0,94	
10,345	-0,94	
10,35	-0,94	
10,355	-0,95	
10,36	-0,95	
10,365	-0,95	
10,37	-0,95	
10,375	-0,95	
10,38	-0,95	
10,385	-0,96	
10,39	-0,96	
10,395	-0,96	
10,4	-0,96	
10,405	-0,95	
10,41	-0,94	
10,415	-0,93	
10,42	-0,93	
10,425	-0,92	
10,43	-0,92	
10,435	-0,91	
10,44	-0,91	
10,445	-0,89	
10,45	-0,88	
10,455	-0,86	
10,46	-0,85	
10,465	-0,83	
10,47	-0,83	
10,475	-0,81	
10,48	-0,8	
10,485	-0,79	
10,49	-0,77	
10,495	-0,75	
10,5	-0,73	
10,505	-0,72	
10,51	-0,7	
10,515	-0,69	
10,52	-0,66	
10,525	-0,65	
10,53	-0,62	
10,535	-0,6	
10,54	-0,58	
10,545	-0,56	
10,55	-0,54	
10,555	-0,52	
10,56	-0,51	
10,565	-0,47	
10,57	-0,45	
10,575	-0,42	
10,58	-0,39	
10,585	-0,36	
10,59	-0,34	
10,595	-0,32	
10,6	-0,3	
10,605	-0,29	
10,61	-0,25	
10,615	-0,22	
10,62	-0,18	
10,625	-0,15	
10,63	-0,13	
10,635	-0,11	
10,64	-0,1	
10,645	-0,08	
10,65	-0,05	
10,655	-0,01	
10,66	0,03	
10,665	0,06	
10,67	0,09	
10,675	0,11	
10,68	0,13	
10,685	0,15	
10,69	0,18	
10,695	0,2	
10,7	0,24	
10,705	0,27	
10,71	0,3	
10,715	0,32	
10,72	0,34	
10,725	0,36	
10,73	0,39	
10,735	0,41	
10,74	0,43	
10,745	0,46	
10,75	0,5	
10,755	0,51	
10,76	0,54	
10,765	0,55	
10,77	0,58	
10,775	0,6	
10,78	0,62	
10,785	0,64	
10,79	0,66	
10,795	0,69	
10,8	0,7	
10,805	0,71	
10,81	0,73	
10,815	0,75	
10,82	0,76	
10,825	0,78	
10,83	0,8	
10,835	0,81	
10,84	0,83	
10,845	0,84	
10,85	0,85	
10,855	0,86	
10,86	0,88	
10,865	0,89	
10,87	0,9	
10,875	0,91	
10,88	0,92	
10,885	0,93	
10,89	0,93	
10,895	0,94	
10,9	0,94	
10,905	0,95	
10,91	0,96	
10,915	0,96	
10,92	0,96	
10,925	0,96	
10,93	0,96	
10,935	0,96	
10,94	0,96	
10,945	0,96	
10,95	0,96	
10,955	0,96	
10,96	0,95	
10,965	0,95	
10,97	0,94	
10,975	0,93	
10,98	0,93	
10,985	0,93	
10,99	0,93	
10,995	0,92	
11,0	0,91	
11,005	0,9	
11,01	0,88	
11,015	0,87	
11,02	0,85	
11,025	0,84	
11,03	0,83	
11,035	0,82	
11,04	0,81	
11,045	0,8	
11,05	0,78	
11,055	0,76	
11,06	0,73	
11,065	0,71	
11,07	0,7	
11,075	0,68	
11,08	0,67	
11,085	0,65	
11,09	0,62	
11,095	0,6	
11,1	0,58	
11,105	0,56	
11,11	0,53	
11,115	0,51	
11,12	0,49	
11,125	0,47	
11,13	0,45	
11,135	0,42	
11,14	0,4	
11,145	0,37	
11,15	0,35	
11,155	0,32	
11,16	0,3	
11,165	0,27	
11,17	0,24	
11,175	0,22	
11,18	0,19	
11,185	0,16	
11,19	0,14	
11,195	0,12	
11,2	0,1	
11,205	0,06	
11,21	0,03	
11,215	0	
11,22	-0,03	
11,225	-0,06	
11,23	-0,08	
11,235	-0,1	
11,24	-0,13	
11,245	-0,14	
11,25	-0,19	
11,255	-0,22	
11,26	-0,24	
11,265	-0,27	
11,27	-0,3	
11,275	-0,32	
11,28	-0,33	
11,285	-0,35	
11,29	-0,38	
11,295	-0,41	
11,3	-0,44	
11,305	-0,47	
11,31	-0,49	
11,315	-0,51	
11,32	-0,53	
11,325	-0,55	
11,33	-0,57	
11,335	-0,59	
11,34	-0,62	
11,345	-0,64	
11,35	-0,66	
11,355	-0,68	
11,36	-0,69	
11,365	-0,71	
11,37	-0,73	
11,375	-0,74	
11,38	-0,76	
11,385	-0,78	
11,39	-0,8	
11,395	-0,81	
11,4	-0,82	
11,405	-0,83	
11,41	-0,84	
11,415	-0,85	
11,42	-0,87	
11,425	-0,88	
11,43	-0,9	
11,435	-0,9	
11,44	-0,91	
11,445	-0,91	
11,45	-0,92	
11,455	-0,93	
11,46	-0,94	
11,465	-0,94	
11,47	-0,95	
11,475	-0,95	
11,48	-0,95	
11,485	-0,95	
11,49	-0,95	
11,495	-0,95	
11,5	-0,95	
11,505	-0,95	
11,51	-0,95	
11,515	-0,95	
11,52	-0,95	
11,525	-0,94	
11,53	-0,93	
11,535	-0,92	
11,54	-0,92	
11,545	-0,91	
11,55	-0,91	
11,555	-0,9	
11,56	-0,89	
11,565	-0,87	
11,57	-0,86	
11,575	-0,85	
11,58	-0,84	
11,585	-0,83	
11,59	-0,82	
11,595	-0,81	
11,6	-0,79	
11,605	-0,78	
11,61	-0,75	
11,615	-0,74	
11,62	-0,72	
11,625	-0,71	
11,63	-0,69	
11,635	-0,68	
11,64	-0,66	
11,645	-0,63	
11,65	-0,62	
11,655	-0,59	
11,66	-0,56	
11,665	-0,54	
11,67	-0,53	
11,675	-0,51	
11,68	-0,49	
11,685	-0,47	
11,69	-0,44	
11,695	-0,42	
11,7	-0,39	
11,705	-0,36	
11,71	-0,34	
11,715	-0,31	
11,72	-0,29	
11,725	-0,27	
11,73	-0,24	
11,735	-0,22	
11,74	-0,19	
11,745	-0,16	
11,75	-0,13	
11,755	-0,1	
11,76	-0,08	
11,765	-0,05	
11,77	-0,03	
11,775	0	
11,78	0,02	
11,785	0,05	
11,79	0,08	
11,795	0,11	
11,8	0,14	
11,805	0,16	
11,81	0,18	
11,815	0,21	
11,82	0,23	
11,825	0,26	
11,83	0,28	
11,835	0,3	
11,84	0,34	
11,845	0,36	
11,85	0,38	
11,855	0,41	
11,86	0,43	
11,865	0,46	
11,87	0,48	
11,875	0,5	
11,88	0,52	
11,885	0,54	
11,89	0,56	
11,895	0,59	
11,9	0,6	
11,905	0,62	
11,91	0,64	
11,915	0,66	
11,92	0,67	
11,925	0,69	
11,93	0,71	
11,935	0,73	
11,94	0,74	
11,945	0,76	
11,95	0,77	
11,955	0,79	
11,96	0,8	
11,965	0,81	
11,97	0,82	
11,975	0,84	
11,98	0,85	
11,985	0,86	
11,99	0,87	
11,995	0,88	
12,0	0,88	
12,005	0,89	
12,01	0,89	
12,015	0,9	
12,02	0,91	
12,025	0,91	
12,03	0,92	
12,035	0,92	
12,04	0,92	
12,045	0,92	
12,05	0,92	
12,055	0,92	
12,06	0,92	
12,065	0,92	
12,07	0,92	
12,075	0,92	
12,08	0,91	
12,085	0,9	
12,09	0,9	
12,095	0,89	
12,1	0,89	
12,105	0,88	
12,11	0,88	
12,115	0,86	
12,12	0,85	
12,125	0,84	
12,13	0,83	
12,135	0,82	
12,14	0,81	
12,145	0,8	
12,15	0,78	
12,155	0,77	
12,16	0,75	
12,165	0,73	
12,17	0,72	
12,175	0,71	
12,18	0,69	
12,185	0,68	
12,19	0,66	
12,195	0,65	
12,2	0,63	
12,205	0,6	
12,21	0,58	
12,215	0,55	
12,22	0,53	
12,225	0,51	
12,23	0,49	
12,235	0,48	
12,24	0,46	
12,245	0,44	
12,25	0,4	
12,255	0,38	
12,26	0,35	
12,265	0,33	
12,27	0,31	
12,275	0,29	
12,28	0,27	
12,285	0,24	
12,29	0,22	
12,295	0,18	
12,3	0,16	
12,305	0,14	
12,31	0,11	
12,315	0,09	
12,32	0,07	
12,325	0,04	
12,33	0,02	
12,335	-0,01	
12,34	-0,04	
12,345	-0,07	
12,35	-0,09	
12,355	-0,11	
12,36	-0,14	
12,365	-0,16	
12,37	-0,19	
12,375	-0,21	
12,38	-0,24	
12,385	-0,27	
12,39	-0,3	
12,395	-0,32	
12,4	-0,34	
12,405	-0,36	
12,41	-0,38	
12,415	-0,4	
12,42	-0,43	
12,425	-0,45	
12,43	-0,48	
12,435	-0,5	
12,44	-0,51	
12,445	-0,53	
12,45	-0,55	
12,455	-0,57	
12,46	-0,59	
12,465	-0,61	
12,47	-0,62	
12,475	-0,65	
12,48	-0,66	
12,485	-0,67	
12,49	-0,69	
12,495	-0,7	
12,5	-0,72	
12,505	-0,73	
12,51	-0,74	
12,515	-0,76	
12,52	-0,77	
12,525	-0,78	
12,53	-0,8	
12,535	-0,81	
12,54	-0,82	
12,545	-0,83	
12,55	-0,84	
12,555	-0,84	
12,56	-0,84	
12,565	-0,84	
12,57	-0,85	
12,575	-0,86	
12,58	-0,87	
12,585	-0,88	
12,59	-0,88	
12,595	-0,88	
12,6	-0,87	
12,605	-0,87	
12,61	-0,87	
12,615	-0,87	
12,62	-0,87	
12,625	-0,87	
12,63	-0,87	
12,635	-0,87	
12,64	-0,86	
12,645	-0,85	
12,65	-0,84	
12,655	-0,84	
12,66	-0,83	
12,665	-0,83	
12,67	-0,82	
12,675	-0,81	
12,68	-0,8	
12,685	-0,79	
12,69	-0,77	
12,695	-0,76	
12,7	-0,75	
12,705	-0,74	
12,71	-0,73	
12,715	-0,71	
12,72	-0,7	
12,725	-0,68	
12,73	-0,67	
12,735	-0,65	
12,74	-0,64	
12,745	-0,63	
12,75	-0,6	
12,755	-0,59	
12,76	-0,57	
12,765	-0,55	
12,77	-0,53	
12,775	-0,51	
12,78	-0,49	
12,785	-0,47	
12,79	-0,45	
12,795	-0,43	
12,8	-0,4	
12,805	-0,38	
12,81	-0,35	
12,815	-0,33	
12,82	-0,31	
12,825	-0,29	
12,83	-0,27	
12,835	-0,25	
12,84	-0,21	
12,845	-0,19	
12,85	-0,16	
12,855	-0,14	
12,86	-0,12	
12,865	-0,1	
12,87	-0,08	
12,875	-0,06	
12,88	-0,03	
12,885	0,01	
12,89	0,03	
12,895	0,06	
12,9	0,08	
12,905	0,1	
12,91	0,12	
12,915	0,14	
12,92	0,16	
12,925	0,19	
12,93	0,23	
12,935	0,25	
12,94	0,27	
12,945	0,29	
12,95	0,31	
12,955	0,32	
12,96	0,35	
12,965	0,37	
12,97	0,4	
12,975	0,43	
12,98	0,45	
12,985	0,46	
12,99	0,48	
12,995	0,49	
13,0	0,51	
13,005	0,53	
13,01	0,55	
13,015	0,57	
13,02	0,59	
13,025	0,61	
13,03	0,62	
13,035	0,63	
13,04	0,64	
13,045	0,65	
13,05	0,67	
13,055	0,68	
13,06	0,7	
13,065	0,72	
13,07	0,73	
13,075	0,74	
13,08	0,75	
13,085	0,75	
13,09	0,76	
13,095	0,77	
13,1	0,79	
13,105	0,79	
13,11	0,8	
13,115	0,81	
13,12	0,8	
13,125	0,81	
13,13	0,81	
13,135	0,82	
13,14	0,82	
13,145	0,83	
13,15	0,83	
13,155	0,83	
13,16	0,83	
13,165	0,82	
13,17	0,82	
13,175	0,82	
13,18	0,82	
13,185	0,82	
13,19	0,82	
13,195	0,81	
13,2	0,8	
13,205	0,79	
13,21	0,78	
13,215	0,78	
13,22	0,77	
13,225	0,77	
13,23	0,76	
13,235	0,75	
13,24	0,74	
13,245	0,73	
13,25	0,7	
13,255	0,69	
13,26	0,68	
13,265	0,67	
13,27	0,66	
13,275	0,65	
13,28	0,63	
13,285	0,61	
13,29	0,6	
13,295	0,58	
13,3	0,56	
13,305	0,55	
13,31	0,53	
13,315	0,51	
13,32	0,49	
13,325	0,47	
13,33	0,45	
13,335	0,44	
13,34	0,41	
13,345	0,39	
13,35	0,37	
13,355	0,35	
13,36	0,33	
13,365	0,3	
13,37	0,28	
13,375	0,26	
13,38	0,24	
13,385	0,22	
13,39	0,2	
13,395	0,17	
13,4	0,15	
13,405	0,13	
13,41	0,1	
13,415	0,08	
13,42	0,06	
13,425	0,04	
13,43	0,01	
13,435	-0,01	
13,44	-0,04	
13,445	-0,06	
13,45	-0,09	
13,455	-0,11	
13,46	-0,13	
13,465	-0,15	
13,47	-0,17	
13,475	-0,19	
13,48	-0,22	
13,485	-0,24	
13,49	-0,26	
13,495	-0,29	
13,5	-0,31	
13,505	-0,32	
13,51	-0,34	
13,515	-0,36	
13,52	-0,38	
13,525	-0,41	
13,53	-0,43	
13,535	-0,45	
13,54	-0,47	
13,545	-0,48	
13,55	-0,49	
13,555	-0,51	
13,56	-0,53	
13,565	-0,54	
13,57	-0,57	
13,575	-0,59	
13,58	-0,6	
13,585	-0,61	
13,59	-0,62	
13,595	-0,63	
13,6	-0,65	
13,605	-0,66	
13,61	-0,67	
13,615	-0,69	
13,62	-0,7	
13,625	-0,71	
13,63	-0,72	
13,635	-0,72	
13,64	-0,73	
13,645	-0,74	
13,65	-0,75	
13,655	-0,76	
13,66	-0,77	
13,665	-0,77	
13,67	-0,77	
13,675	-0,77	
13,68	-0,77	
13,685	-0,78	
13,69	-0,78	
13,695	-0,78	
13,7	-0,79	
13,705	-0,79	
13,71	-0,78	
13,715	-0,78	
13,72	-0,78	
13,725	-0,77	
13,73	-0,77	
13,735	-0,77	
13,74	-0,77	
13,745	-0,77	
13,75	-0,76	
13,755	-0,75	
13,76	-0,74	
13,765	-0,73	
13,77	-0,72	
13,775	-0,72	
13,78	-0,72	
13,785	-0,71	
13,79	-0,7	
13,795	-0,68	
13,8	-0,66	
13,805	-0,65	
13,81	-0,64	
13,815	-0,62	
13,82	-0,61	
13,825	-0,6	
13,83	-0,59	
13,835	-0,57	
13,84	-0,55	
13,845	-0,53	
13,85	-0,52	
13,855	-0,5	
13,86	-0,49	
13,865	-0,48	
13,87	-0,45	
13,875	-0,43	
13,88	-0,42	
13,885	-0,39	
13,89	-0,37	
13,895	-0,35	
13,9	-0,34	
13,905	-0,32	
13,91	-0,3	
13,915	-0,27	
13,92	-0,25	
13,925	-0,23	
13,93	-0,21	
13,935	-0,18	
13,94	-0,16	
13,945	-0,14	
13,95	-0,12	
13,955	-0,1	
13,96	-0,07	
13,965	-0,05	
13,97	-0,03	
13,975	-0,01	
13,98	0,02	
13,985	0,04	
13,99	0,06	
13,995	0,09	
14,0	0,11	
14,005	0,13	
14,01	0,15	
14,015	0,17	
14,02	0,19	
14,025	0,22	
14,03	0,24	
14,035	0,26	
14,04	0,28	
14,045	0,3	
14,05	0,33	
14,055	0,34	
14,06	0,36	
14,065	0,37	
14,07	0,4	
14,075	0,42	
14,08	0,44	
14,085	0,46	
14,09	0,48	
14,095	0,49	
14,1	0,5	
14,105	0,51	
14,11	0,53	
14,115	0,55	
14,12	0,57	
14,125	0,59	
14,13	0,6	
14,135	0,61	
14,14	0,62	
14,145	0,63	
14,15	0,64	
14,155	0,65	
14,16	0,67	
14,165	0,68	
14,17	0,7	
14,175	0,71	
14,18	0,71	
14,185	0,72	
14,19	0,72	
14,195	0,73	
14,2	0,73	
14,205	0,74	
14,21	0,75	
14,215	0,75	
14,22	0,75	
14,225	0,75	
14,23	0,75	
14,235	0,76	
14,24	0,76	
14,245	0,76	
14,25	0,77	
14,255	0,76	
14,26	0,76	
14,265	0,76	
14,27	0,75	
14,275	0,75	
14,28	0,75	
14,285	0,74	
14,29	0,74	
14,295	0,73	
14,3	0,73	
14,305	0,72	
14,31	0,7	
14,315	0,7	
14,32	0,69	
14,325	0,68	
14,33	0,67	
14,335	0,67	
14,34	0,65	
14,345	0,63	
14,35	0,62	
14,355	0,61	
14,36	0,59	
14,365	0,58	
14,37	0,57	
14,375	0,56	
14,38	0,55	
14,385	0,53	
14,39	0,51	
14,395	0,49	
14,4	0,47	
14,405	0,46	
14,41	0,44	
14,415	0,43	
14,42	0,41	
14,425	0,39	
14,43	0,37	
14,435	0,34	
14,44	0,32	
14,445	0,31	
14,45	0,29	
14,455	0,27	
14,46	0,25	
14,465	0,23	
14,47	0,2	
14,475	0,18	
14,48	0,15	
14,485	0,13	
14,49	0,11	
14,495	0,1	
14,5	0,08	
14,505	0,06	
14,51	0,03	
14,515	0,01	
14,52	-0,02	
14,525	-0,05	
14,53	-0,07	
14,535	-0,08	
14,54	-0,1	
14,545	-0,12	
14,55	-0,14	
14,555	-0,17	
14,56	-0,19	
14,565	-0,21	
14,57	-0,24	
14,575	-0,25	
14,58	-0,27	
14,585	-0,29	
14,59	-0,31	
14,595	-0,33	
14,6	-0,35	
14,605	-0,37	
14,61	-0,39	
14,615	-0,42	
14,62	-0,43	
14,625	-0,45	
14,63	-0,47	
14,635	-0,49	
14,64	-0,5	
14,645	-0,52	
14,65	-0,54	
14,655	-0,55	
14,66	-0,57	
14,665	-0,58	
14,67	-0,59	
14,675	-0,61	
14,68	-0,62	
14,685	-0,63	
14,69	-0,64	
14,695	-0,66	
14,7	-0,66	
14,705	-0,68	
14,71	-0,69	
14,715	-0,7	
14,72	-0,71	
14,725	-0,72	
14,73	-0,73	
14,735	-0,73	
14,74	-0,73	
14,745	-0,74	
14,75	-0,75	
14,755	-0,75	
14,76	-0,75	
14,765	-0,76	
14,77	-0,76	
14,775	-0,76	
14,78	-0,76	
14,785	-0,76	
14,79	-0,76	
14,795	-0,76	
14,8	-0,76	
14,805	-0,77	
14,81	-0,76	
14,815	-0,76	
14,82	-0,75	
14,825	-0,75	
14,83	-0,74	
14,835	-0,74	
14,84	-0,73	
14,845	-0,72	
14,85	-0,72	
14,855	-0,71	
14,86	-0,7	
14,865	-0,69	
14,87	-0,68	
14,875	-0,67	
14,88	-0,66	
14,885	-0,65	
14,89	-0,64	
14,895	-0,62	
14,9	-0,61	
14,905	-0,59	
14,91	-0,58	
14,915	-0,57	
14,92	-0,55	
14,925	-0,54	
14,93	-0,53	
14,935	-0,51	
14,94	-0,49	
14,945	-0,47	
14,95	-0,45	
14,955	-0,43	
14,96	-0,42	
14,965	-0,4	
14,97	-0,39	
14,975	-0,37	
14,98	-0,34	
14,985	-0,32	
14,99	-0,29	
14,995	-0,27	
15,0	-0,25	
15,005	-0,24	
15,01	-0,22	
15,015	-0,2	
15,02	-0,18	
15,025	-0,15	
15,03	-0,12	
15,035	-0,1	
15,04	-0,08	
15,045	-0,06	
15,05	-0,04	
15,055	-0,02	
15,06	0	
15,065	0,02	
15,07	0,06	
15,075	0,08	
15,08	0,11	
15,085	0,13	
15,09	0,15	
15,095	0,16	
15,1	0,18	
15,105	0,21	
15,11	0,23	
15,115	0,26	
15,12	0,29	
15,125	0,3	
15,13	0,32	
15,135	0,33	
15,14	0,35	
15,145	0,37	
15,15	0,39	
15,155	0,41	
15,16	0,45	
15,165	0,47	
15,17	0,48	
15,175	0,49	
15,18	0,5	
15,185	0,52	
15,19	0,54	
15,195	0,56	
15,2	0,57	
15,205	0,6	
15,21	0,61	
15,215	0,62	
15,22	0,63	
15,225	0,64	
15,23	0,65	
15,235	0,67	
15,24	0,68	
15,245	0,69	
15,25	0,71	
15,255	0,71	
15,26	0,72	
15,265	0,72	
15,27	0,73	
15,275	0,74	
15,28	0,75	
15,285	0,76	
15,29	0,77	
15,295	0,77	
15,3	0,77	
15,305	0,78	
15,31	0,78	
15,315	0,79	
15,32	0,79	
15,325	0,79	
15,33	0,8	
15,335	0,79	
15,34	0,79	
15,345	0,78	
15,35	0,78	
15,355	0,78	
15,36	0,78	
15,365	0,78	
15,37	0,78	
15,375	0,77	
15,38	0,76	
15,385	0,75	
15,39	0,74	
15,395	0,73	
15,4	0,73	
15,405	0,72	
15,41	0,71	
15,415	0,7	
15,42	0,69	
15,425	0,67	
15,43	0,66	
15,435	0,65	
15,44	0,64	
15,445	0,63	
15,45	0,62	
15,455	0,6	
15,46	0,59	
15,465	0,57	
15,47	0,55	
15,475	0,53	
15,48	0,51	
15,485	0,5	
15,49	0,49	
15,495	0,47	
15,5	0,45	
15,505	0,43	
15,51	0,4	
15,515	0,38	
15,52	0,36	
15,525	0,34	
15,53	0,33	
15,535	0,31	
15,54	0,28	
15,545	0,26	
15,55	0,24	
15,555	0,22	
15,56	0,19	
15,565	0,18	
15,57	0,15	
15,575	0,13	
15,58	0,11	
15,585	0,08	
15,59	0,06	
15,595	0,03	
15,6	0,01	
15,605	-0,01	
15,61	-0,03	
15,615	-0,06	
15,62	-0,08	
15,625	-0,1	
15,63	-0,13	
15,635	-0,15	
15,64	-0,17	
15,645	-0,19	
15,65	-0,21	
15,655	-0,23	
15,66	-0,26	
15,665	-0,29	
15,67	-0,31	
15,675	-0,33	
15,68	-0,35	
15,685	-0,37	
15,69	-0,39	
15,695	-0,4	
15,7	-0,42	
15,705	-0,45	
15,71	-0,47	
15,715	-0,49	
15,72	-0,51	
15,725	-0,53	
15,73	-0,54	
15,735	-0,56	
15,74	-0,57	
15,745	-0,58	
15,75	-0,6	
15,755	-0,63	
15,76	-0,64	
15,765	-0,66	
15,77	-0,67	
15,775	-0,68	
15,78	-0,69	
15,785	-0,7	
15,79	-0,71	
15,795	-0,73	
15,8	-0,75	
15,805	-0,76	
15,81	-0,76	
15,815	-0,77	
15,82	-0,78	
15,825	-0,78	
15,83	-0,79	
15,835	-0,8	
15,84	-0,81	
15,845	-0,82	
15,85	-0,82	
15,855	-0,82	
15,86	-0,82	
15,865	-0,82	
15,87	-0,82	
15,875	-0,82	
15,88	-0,83	
15,885	-0,83	
15,89	-0,83	
15,895	-0,82	
15,9	-0,82	
15,905	-0,81	
15,91	-0,81	
15,915	-0,81	
15,92	-0,81	
15,925	-0,81	
15,93	-0,8	
15,935	-0,78	
15,94	-0,77	
15,945	-0,77	
15,95	-0,76	
15,955	-0,75	
15,96	-0,75	
15,965	-0,74	
15,97	-0,73	
15,975	-0,72	
15,98	-0,69	
15,985	-0,68	
15,99	-0,67	
15,995	-0,65	
16,0	-0,64	
16,005	-0,63	
16,01	-0,62	
16,015	-0,6	
16,02	-0,58	
16,025	-0,55	
16,03	-0,53	
16,035	-0,52	
16,04	-0,5	
16,045	-0,49	
16,05	-0,47	
16,055	-0,45	
16,06	-0,43	
16,065	-0,41	
16,07	-0,38	
16,075	-0,36	
16,08	-0,34	
16,085	-0,32	
16,09	-0,3	
16,095	-0,28	
16,1	-0,25	
16,105	-0,23	
16,11	-0,21	
16,115	-0,17	
16,12	-0,15	
16,125	-0,13	
16,13	-0,11	
16,135	-0,08	
16,14	-0,06	
16,145	-0,04	
16,15	-0,02	
16,155	0	
16,16	0,04	
16,165	0,06	
16,17	0,08	
16,175	0,1	
16,18	0,13	
16,185	0,15	
16,19	0,17	
16,195	0,2	
16,2	0,22	
16,205	0,25	
16,21	0,28	
16,215	0,3	
16,22	0,32	
16,225	0,34	
16,23	0,36	
16,235	0,38	
16,24	0,4	
16,245	0,43	
16,25	0,45	
16,255	0,47	
16,26	0,49	
16,265	0,51	
16,27	0,53	
16,275	0,55	
16,28	0,57	
16,285	0,59	
16,29	0,61	
16,295	0,62	
16,3	0,64	
16,305	0,65	
16,31	0,67	
16,315	0,68	
16,32	0,7	
16,325	0,71	
16,33	0,73	
16,335	0,74	
16,34	0,75	
16,345	0,76	
16,35	0,77	
16,355	0,78	
16,36	0,79	
16,365	0,8	
16,37	0,81	
16,375	0,82	
16,38	0,83	
16,385	0,83	
16,39	0,84	
16,395	0,85	
16,4	0,86	
16,405	0,86	
16,41	0,87	
16,415	0,87	
16,42	0,87	
16,425	0,86	
16,43	0,86	
16,435	0,87	
16,44	0,87	
16,445	0,87	
16,45	0,87	
16,455	0,87	
16,46	0,86	
16,465	0,85	
16,47	0,85	
16,475	0,84	
16,48	0,84	
16,485	0,83	
16,49	0,83	
16,495	0,82	
16,5	0,81	
16,505	0,8	
16,51	0,78	
16,515	0,77	
16,52	0,76	
16,525	0,75	
16,53	0,74	
16,535	0,73	
16,54	0,71	
16,545	0,69	
16,55	0,67	
16,555	0,66	
16,56	0,65	
16,565	0,64	
16,57	0,62	
16,575	0,6	
16,58	0,58	
16,585	0,56	
16,59	0,54	
16,595	0,52	
16,6	0,5	
16,605	0,48	
16,61	0,47	
16,615	0,44	
16,62	0,42	
16,625	0,4	
16,63	0,37	
16,635	0,35	
16,64	0,32	
16,645	0,31	
16,65	0,29	
16,655	0,27	
16,66	0,25	
16,665	0,21	
16,67	0,19	
16,675	0,16	
16,68	0,13	
16,685	0,12	
16,69	0,1	
16,695	0,07	
16,7	0,05	
16,705	0,03	
16,71	-0,02	
16,715	-0,05	
16,72	-0,07	
16,725	-0,09	
16,73	-0,11	
16,735	-0,14	
16,74	-0,16	
16,745	-0,18	
16,75	-0,21	
16,755	-0,24	
16,76	-0,27	
16,765	-0,29	
16,77	-0,31	
16,775	-0,33	
16,78	-0,35	
16,785	-0,37	
16,79	-0,4	
16,795	-0,42	
16,8	-0,45	
16,805	-0,47	
16,81	-0,49	
16,815	-0,51	
16,82	-0,53	
16,825	-0,55	
16,83	-0,57	
16,835	-0,59	
16,84	-0,61	
16,845	-0,64	
16,85	-0,65	
16,855	-0,66	
16,86	-0,68	
16,865	-0,69	
16,87	-0,71	
16,875	-0,72	
16,88	-0,74	
16,885	-0,76	
16,89	-0,77	
16,895	-0,78	
16,9	-0,79	
16,905	-0,8	
16,91	-0,81	
16,915	-0,83	
16,92	-0,84	
16,925	-0,85	
16,93	-0,86	
16,935	-0,86	
16,94	-0,87	
16,945	-0,87	
16,95	-0,88	
16,955	-0,89	
16,96	-0,89	
16,965	-0,9	
16,97	-0,9	
16,975	-0,9	
16,98	-0,9	
16,985	-0,9	
16,99	-0,9	
16,995	-0,9	
17,0	-0,9	
17,005	-0,9	
17,01	-0,9	
17,015	-0,89	
17,02	-0,89	
17,025	-0,88	
17,03	-0,87	
17,035	-0,87	
17,04	-0,87	
17,045	-0,87	
17,05	-0,86	
17,055	-0,85	
17,06	-0,83	
17,065	-0,82	
17,07	-0,8	
17,075	-0,79	
17,08	-0,78	
17,085	-0,78	
17,09	-0,77	
17,095	-0,75	
17,1	-0,73	
17,105	-0,71	
17,11	-0,7	
17,115	-0,68	
17,12	-0,66	
17,125	-0,65	
17,13	-0,63	
17,135	-0,61	
17,14	-0,59	
17,145	-0,57	
17,15	-0,55	
17,155	-0,53	
17,16	-0,51	
17,165	-0,49	
17,17	-0,47	
17,175	-0,45	
17,18	-0,43	
17,185	-0,4	
17,19	-0,38	
17,195	-0,35	
17,2	-0,33	
17,205	-0,31	
17,21	-0,28	
17,215	-0,26	
17,22	-0,24	
17,225	-0,21	
17,23	-0,18	
17,235	-0,16	
17,24	-0,14	
17,245	-0,11	
17,25	-0,1	
17,255	-0,06	
17,26	-0,04	
17,265	-0,01	
17,27	0,02	
17,275	0,05	
17,28	0,07	
17,285	0,1	
17,29	0,12	
17,295	0,14	
17,3	0,17	
17,305	0,2	
17,31	0,22	
17,315	0,25	
17,32	0,28	
17,325	0,3	
17,33	0,32	
17,335	0,34	
17,34	0,36	
17,345	0,39	
17,35	0,42	
17,355	0,44	
17,36	0,47	
17,365	0,49	
17,37	0,51	
17,375	0,52	
17,38	0,54	
17,385	0,56	
17,39	0,6	
17,395	0,62	
17,4	0,64	
17,405	0,65	
17,41	0,67	
17,415	0,68	
17,42	0,7	
17,425	0,71	
17,43	0,73	
17,435	0,76	
17,44	0,77	
17,445	0,78	
17,45	0,79	
17,455	0,8	
17,46	0,81	
17,465	0,83	
17,47	0,84	
17,475	0,86	
17,48	0,87	
17,485	0,88	
17,49	0,88	
17,495	0,89	
17,5	0,89	
17,505	0,9	
17,51	0,9	
17,515	0,91	
17,52	0,92	
17,525	0,92	
17,53	0,92	
17,535	0,92	
17,54	0,92	
17,545	0,92	
17,55	0,92	
17,555	0,93	
17,56	0,93	
17,565	0,93	
17,57	0,92	
17,575	0,91	
17,58	0,9	
17,585	0,9	
17,59	0,9	
17,595	0,89	
17,6	0,89	
17,605	0,88	
17,61	0,87	
17,615	0,86	
17,62	0,84	
17,625	0,83	
17,63	0,82	
17,635	0,82	
17,64	0,81	
17,645	0,79	
17,65	0,78	
17,655	0,76	
17,66	0,74	
17,665	0,72	
17,67	0,7	
17,675	0,69	
17,68	0,68	
17,685	0,67	
17,69	0,65	
17,695	0,63	
17,7	0,6	
17,705	0,58	
17,71	0,55	
17,715	0,54	
17,72	0,52	
17,725	0,51	
17,73	0,49	
17,735	0,46	
17,74	0,44	
17,745	0,41	
17,75	0,38	
17,755	0,35	
17,76	0,33	
17,765	0,31	
17,77	0,29	
17,775	0,27	
17,78	0,24	
17,785	0,22	
17,79	0,19	
17,795	0,17	
17,8	0,13	
17,805	0,11	
17,81	0,09	
17,815	0,06	
17,82	0,03	
17,825	0,01	
17,83	-0,02	
17,835	-0,04	
17,84	-0,07	
17,845	-0,1	
17,85	-0,12	
17,855	-0,15	
17,86	-0,18	
17,865	-0,2	
17,87	-0,23	
17,875	-0,25	
17,88	-0,27	
17,885	-0,29	
17,89	-0,32	
17,895	-0,34	
17,9	-0,37	
17,905	-0,4	
17,91	-0,42	
17,915	-0,45	
17,92	-0,47	
17,925	-0,49	
17,93	-0,5	
17,935	-0,53	
17,94	-0,55	
17,945	-0,57	
17,95	-0,6	
17,955	-0,62	
17,96	-0,64	
17,965	-0,65	
17,97	-0,67	
17,975	-0,68	
17,98	-0,7	
17,985	-0,72	
17,99	-0,74	
17,995	-0,76	
18,0	-0,77	
18,005	-0,78	
18,01	-0,79	
18,015	-0,8	
18,02	-0,81	
18,025	-0,83	
18,03	-0,85	
18,035	-0,86	
18,04	-0,87	
18,045	-0,87	
18,05	-0,88	
18,055	-0,89	
18,06	-0,89	
18,065	-0,9	
18,07	-0,91	
18,075	-0,91	
18,08	-0,92	
18,085	-0,92	
18,09	-0,92	
18,095	-0,92	
18,1	-0,92	
18,105	-0,92	
18,11	-0,92	
18,115	-0,92	
18,12	-0,93	
18,125	-0,92	
18,13	-0,92	
18,135	-0,91	
18,14	-0,9	
18,145	-0,9	
18,15	-0,9	
18,155	-0,89	
18,16	-0,89	
18,165	-0,88	
18,17	-0,87	
18,175	-0,86	
18,18	-0,84	
18,185	-0,83	
18,19	-0,82	
18,195	-0,82	
18,2	-0,81	
18,205	-0,79	
18,21	-0,77	
18,215	-0,75	
18,22	-0,73	
18,225	-0,72	
18,23	-0,71	
18,235	-0,7	
18,24	-0,69	
18,245	-0,67	
18,25	-0,65	
18,255	-0,62	
18,26	-0,6	
18,265	-0,58	
18,27	-0,56	
18,275	-0,54	
18,28	-0,52	
18,285	-0,5	
18,29	-0,48	
18,295	-0,46	
18,3	-0,43	
18,305	-0,4	
18,31	-0,38	
18,315	-0,36	
18,32	-0,34	
18,325	-0,32	
18,33	-0,29	
18,335	-0,27	
18,34	-0,24	
18,345	-0,21	
18,35	-0,18	
18,355	-0,16	
18,36	-0,14	
18,365	-0,12	
18,37	-0,09	
18,375	-0,07	
18,38	-0,04	
18,385	-0,01	
18,39	0,03	
18,395	0,05	
18,4	0,07	
18,405	0,09	
18,41	0,11	
18,415	0,14	
18,42	0,17	
18,425	0,2	
18,43	0,22	
18,435	0,24	
18,44	0,27	
18,445	0,29	
18,45	0,31	
18,455	0,34	
18,46	0,36	
18,465	0,39	
18,47	0,41	
18,475	0,43	
18,48	0,45	
18,485	0,48	
18,49	0,5	
18,495	0,52	
18,5	0,54	
18,505	0,57	
18,51	0,59	
18,515	0,6	
18,52	0,62	
18,525	0,64	
18,53	0,66	
18,535	0,67	
18,54	0,69	
18,545	0,71	
18,55	0,72	
18,555	0,74	
18,56	0,75	
18,565	0,76	
18,57	0,77	
18,575	0,79	
18,58	0,8	
18,585	0,82	
18,59	0,83	
18,595	0,84	
18,6	0,85	
18,605	0,86	
18,61	0,86	
18,615	0,87	
18,62	0,88	
18,625	0,88	
18,63	0,89	
18,635	0,9	
18,64	0,9	
18,645	0,9	
18,65	0,9	
18,655	0,9	
18,66	0,9	
18,665	0,9	
18,67	0,91	
18,675	0,91	
18,68	0,91	
18,685	0,91	
18,69	0,9	
18,695	0,89	
18,7	0,89	
18,705	0,88	
18,71	0,87	
18,715	0,87	
18,72	0,86	
18,725	0,85	
18,73	0,85	
18,735	0,84	
18,74	0,82	
18,745	0,82	
18,75	0,81	
18,755	0,8	
18,76	0,78	
18,765	0,77	
18,77	0,75	
18,775	0,74	
18,78	0,72	
18,785	0,71	
18,79	0,7	
18,795	0,68	
18,8	0,66	
18,805	0,64	
18,81	0,62	
18,815	0,6	
18,82	0,58	
18,825	0,56	
18,83	0,54	
18,835	0,53	
18,84	0,51	
18,845	0,48	
18,85	0,46	
18,855	0,44	
18,86	0,41	
18,865	0,39	
18,87	0,37	
18,875	0,35	
18,88	0,33	
18,885	0,31	
18,89	0,28	
18,895	0,25	
18,9	0,22	
18,905	0,2	
18,91	0,17	
18,915	0,15	
18,92	0,13	
18,925	0,11	
18,93	0,09	
18,935	0,06	
18,94	0,02	
18,945	0	
18,95	-0,03	
18,955	-0,05	
18,96	-0,07	
18,965	-0,09	
18,97	-0,11	
18,975	-0,14	
18,98	-0,16	
18,985	-0,2	
18,99	-0,23	
18,995	-0,25	
19,0	-0,26	
19,005	-0,28	
19,01	-0,3	
19,015	-0,33	
19,02	-0,36	
19,025	-0,38	
19,03	-0,42	
19,035	-0,43	
19,04	-0,45	
19,045	-0,47	
19,05	-0,48	
19,055	-0,5	
19,06	-0,53	
19,065	-0,55	
19,07	-0,57	
19,075	-0,6	
19,08	-0,61	
19,085	-0,62	
19,09	-0,64	
19,095	-0,65	
19,1	-0,67	
19,105	-0,68	
19,11	-0,7	
19,115	-0,71	
19,12	-0,73	
19,125	-0,74	
19,13	-0,75	
19,135	-0,76	
19,14	-0,77	
19,145	-0,78	
19,15	-0,8	
19,155	-0,81	
19,16	-0,82	
19,165	-0,83	
19,17	-0,83	
19,175	-0,84	
19,18	-0,84	
19,185	-0,85	
19,19	-0,85	
19,195	-0,86	
19,2	-0,86	
19,205	-0,86	
19,21	-0,86	
19,215	-0,86	
19,22	-0,87	
19,225	-0,87	
19,23	-0,87	
19,235	-0,87	
19,24	-0,87	
19,245	-0,86	
19,25	-0,86	
19,255	-0,85	
19,26	-0,85	
19,265	-0,84	
19,27	-0,84	
19,275	-0,84	
19,28	-0,83	
19,285	-0,82	
19,29	-0,8	
19,295	-0,79	
19,3	-0,78	
19,305	-0,77	
19,31	-0,76	
19,315	-0,75	
19,32	-0,74	
19,325	-0,73	
19,33	-0,71	
19,335	-0,7	
19,34	-0,68	
19,345	-0,67	
19,35	-0,65	
19,355	-0,64	
19,36	-0,62	
19,365	-0,6	
19,37	-0,59	
19,375	-0,56	
19,38	-0,54	
19,385	-0,53	
19,39	-0,52	
19,395	-0,49	
19,4	-0,47	
19,405	-0,46	
19,41	-0,43	
19,415	-0,41	
19,42	-0,39	
19,425	-0,37	
19,43	-0,34	
19,435	-0,33	
19,44	-0,3	
19,445	-0,27	
19,45	-0,25	
19,455	-0,22	
19,46	-0,2	
19,465	-0,17	
19,47	-0,15	
19,475	-0,13	
19,48	-0,11	
19,485	-0,08	
19,49	-0,06	
19,495	-0,04	
19,5	-0,01	
19,505	0,02	
19,51	0,04	
19,515	0,07	
19,52	0,09	
19,525	0,1	
19,53	0,13	
19,535	0,16	
19,54	0,18	
19,545	0,21	
19,55	0,23	
19,555	0,25	
19,56	0,27	
19,565	0,29	
19,57	0,31	
19,575	0,34	
19,58	0,37	
19,585	0,38	
19,59	0,41	
19,595	0,43	
19,6	0,44	
19,605	0,46	
19,61	0,48	
19,615	0,49	
19,62	0,52	
19,625	0,54	
19,63	0,56	
19,635	0,57	
19,64	0,59	
19,645	0,6	
19,65	0,62	
19,655	0,63	
19,66	0,64	
19,665	0,67	
19,67	0,68	
19,675	0,7	
19,68	0,71	
19,685	0,71	
19,69	0,72	
19,695	0,73	
19,7	0,74	
19,705	0,76	
19,71	0,77	
19,715	0,78	
19,72	0,78	
19,725	0,78	
19,73	0,79	
19,735	0,79	
19,74	0,8	
19,745	0,81	
19,75	0,81	
19,755	0,82	
19,76	0,82	
19,765	0,82	
19,77	0,82	
19,775	0,82	
19,78	0,82	
19,785	0,82	
19,79	0,82	
19,795	0,82	
19,8	0,82	
19,805	0,81	
19,81	0,81	
19,815	0,8	
19,82	0,8	
19,825	0,79	
19,83	0,79	
19,835	0,78	
19,84	0,78	
19,845	0,77	
19,85	0,75	
19,855	0,74	
19,86	0,73	
19,865	0,72	
19,87	0,71	
19,875	0,7	
19,88	0,69	
19,885	0,67	
19,89	0,66	
19,895	0,63	
19,9	0,62	
19,905	0,61	
19,91	0,59	
19,915	0,58	
19,92	0,57	
19,925	0,55	
19,93	0,53	
19,935	0,51	
19,94	0,48	
19,945	0,46	
19,95	0,44	
19,955	0,43	
19,96	0,42	
19,965	0,4	
19,97	0,38	
19,975	0,36	
19,98	0,33	
19,985	0,3	
19,99	0,28	
19,995	0,26	
20,0	0,24	
20,005	0,23	
20,01	0,21	
20,015	0,18	
20,02	0,16	
20,025	0,13	
20,03	0,1	
20,035	0,08	
20,04	0,06	
20,045	0,04	
20,05	0,02	
20,055	-0,01	
20,06	-0,03	
20,065	-0,05	
20,07	-0,07	
20,075	-0,1	
20,08	-0,12	
20,085	-0,14	
20,09	-0,16	
20,095	-0,19	
20,1	-0,21	
20,105	-0,23	
20,11	-0,25	
20,115	-0,27	
20,12	-0,3	
20,125	-0,31	
20,13	-0,34	
20,135	-0,36	
20,14	-0,38	
20,145	-0,4	
20,15	-0,42	
20,155	-0,43	
20,16	-0,45	
20,165	-0,47	
20,17	-0,49	
20,175	-0,5	
20,18	-0,52	
20,185	-0,54	
20,19	-0,56	
20,195	-0,57	
20,2	-0,58	
20,205	-0,59	
20,21	-0,61	
20,215	-0,63	
20,22	-0,65	
20,225	-0,66	
20,23	-0,67	
20,235	-0,68	
20,24	-0,69	
20,245	-0,7	
20,25	-0,7	
20,255	-0,71	
20,26	-0,72	
20,265	-0,73	
20,27	-0,74	
20,275	-0,75	
20,28	-0,75	
20,285	-0,75	
20,29	-0,76	
20,295	-0,76	
20,3	-0,77	
20,305	-0,78	
20,31	-0,78	
20,315	-0,78	
20,32	-0,78	
20,325	-0,78	
20,33	-0,77	
20,335	-0,77	
20,34	-0,77	
20,345	-0,77	
20,35	-0,77	
20,355	-0,77	
20,36	-0,76	
20,365	-0,75	
20,37	-0,74	
20,375	-0,74	
20,38	-0,73	
20,385	-0,73	
20,39	-0,73	
20,395	-0,72	
20,4	-0,71	
20,405	-0,7	
20,41	-0,68	
20,415	-0,67	
20,42	-0,66	
20,425	-0,65	
20,43	-0,64	
20,435	-0,63	
20,44	-0,62	
20,445	-0,6	
20,45	-0,58	
20,455	-0,57	
20,46	-0,55	
20,465	-0,54	
20,47	-0,52	
20,475	-0,51	
20,48	-0,5	
20,485	-0,48	
20,49	-0,46	
20,495	-0,43	
20,5	-0,41	
20,505	-0,39	
20,51	-0,38	
20,515	-0,36	
20,52	-0,35	
20,525	-0,32	
20,53	-0,29	
20,535	-0,27	
20,54	-0,25	
20,545	-0,23	
20,55	-0,22	
20,555	-0,2	
20,56	-0,18	
20,565	-0,16	
20,57	-0,14	
20,575	-0,1	
20,58	-0,08	
20,585	-0,06	
20,59	-0,04	
20,595	-0,02	
20,6	-0,01	
20,605	0,01	
20,61	0,04	
20,615	0,06	
20,62	0,1	
20,625	0,12	
20,63	0,14	
20,635	0,16	
20,64	0,17	
20,645	0,19	
20,65	0,21	
20,655	0,23	
20,66	0,25	
20,665	0,29	
20,67	0,3	
20,675	0,32	
20,68	0,34	
20,685	0,35	
20,69	0,37	
20,695	0,39	
20,7	0,41	
20,705	0,43	
20,71	0,44	
20,715	0,46	
20,72	0,48	
20,725	0,49	
20,73	0,51	
20,735	0,52	
20,74	0,54	
20,745	0,56	
20,75	0,57	
20,755	0,58	
20,76	0,6	
20,765	0,6	
20,77	0,62	
20,775	0,63	
20,78	0,65	
20,785	0,65	
20,79	0,67	
20,795	0,67	
20,8	0,68	
20,805	0,69	
20,81	0,7	
20,815	0,71	
20,82	0,72	
20,825	0,73	
20,83	0,73	
20,835	0,73	
20,84	0,73	
20,845	0,73	
20,85	0,73	
20,855	0,74	
20,86	0,74	
20,865	0,75	
20,87	0,75	
20,875	0,75	
20,88	0,74	
20,885	0,74	
20,89	0,74	
20,895	0,74	
20,9	0,74	
20,905	0,73	
20,91	0,73	
20,915	0,72	
20,92	0,72	
20,925	0,7	
20,93	0,69	
20,935	0,69	
20,94	0,68	
20,945	0,68	
20,95	0,67	
20,955	0,66	
20,96	0,64	
20,965	0,63	
20,97	0,62	
20,975	0,61	
20,98	0,6	
20,985	0,58	
20,99	0,58	
20,995	0,56	
21,0	0,55	
21,005	0,53	
21,01	0,51	
21,015	0,49	
21,02	0,48	
21,025	0,47	
21,03	0,45	
21,035	0,43	
21,04	0,41	
21,045	0,4	
21,05	0,37	
21,055	0,35	
21,06	0,34	
21,065	0,32	
21,07	0,31	
21,075	0,28	
21,08	0,26	
21,085	0,24	
21,09	0,22	
21,095	0,19	
21,1	0,18	
21,105	0,16	
21,11	0,14	
21,115	0,12	
21,12	0,1	
21,125	0,08	
21,13	0,05	
21,135	0,03	
21,14	0,01	
21,145	-0,01	
21,15	-0,03	
21,155	-0,05	
21,16	-0,07	
21,165	-0,09	
21,17	-0,12	
21,175	-0,14	
21,18	-0,16	
21,185	-0,18	
21,19	-0,2	
21,195	-0,22	
21,2	-0,23	
21,205	-0,25	
21,21	-0,27	
21,215	-0,31	
21,22	-0,33	
21,225	-0,34	
21,23	-0,36	
21,235	-0,37	
21,24	-0,39	
21,245	-0,4	
21,25	-0,42	
21,255	-0,44	
21,26	-0,47	
21,265	-0,48	
21,27	-0,5	
21,275	-0,51	
21,28	-0,52	
21,285	-0,53	
21,29	-0,55	
21,295	-0,57	
21,3	-0,58	
21,305	-0,6	
21,31	-0,61	
21,315	-0,62	
21,32	-0,63	
21,325	-0,64	
21,33	-0,65	
21,335	-0,66	
21,34	-0,67	
21,345	-0,68	
21,35	-0,69	
21,355	-0,69	
21,36	-0,7	
21,365	-0,7	
21,37	-0,71	
21,375	-0,71	
21,38	-0,72	
21,385	-0,73	
21,39	-0,73	
21,395	-0,73	
21,4	-0,73	
21,405	-0,73	
21,41	-0,73	
21,415	-0,73	
21,42	-0,73	
21,425	-0,73	
21,43	-0,73	
21,435	-0,72	
21,44	-0,71	
21,445	-0,71	
21,45	-0,7	
21,455	-0,71	
21,46	-0,71	
21,465	-0,71	
21,47	-0,7	
21,475	-0,69	
21,48	-0,68	
21,485	-0,67	
21,49	-0,66	
21,495	-0,65	
21,5	-0,64	
21,505	-0,64	
21,51	-0,63	
21,515	-0,61	
21,52	-0,6	
21,525	-0,58	
21,53	-0,56	
21,535	-0,55	
21,54	-0,54	
21,545	-0,52	
21,55	-0,51	
21,555	-0,5	
21,56	-0,49	
21,565	-0,47	
21,57	-0,45	
21,575	-0,43	
21,58	-0,41	
21,585	-0,4	
21,59	-0,38	
21,595	-0,36	
21,6	-0,35	
21,605	-0,32	
21,61	-0,3	
21,615	-0,28	
21,62	-0,26	
21,625	-0,24	
21,63	-0,22	
21,635	-0,2	
21,64	-0,18	
21,645	-0,16	
21,65	-0,14	
21,655	-0,13	
21,66	-0,1	
21,665	-0,09	
21,67	-0,06	
21,675	-0,04	
21,68	-0,01	
21,685	0,01	
21,69	0,03	
21,695	0,05	
21,7	0,07	
21,705	0,08	
21,71	0,1	
21,715	0,13	
21,72	0,16	
21,725	0,18	
21,73	0,2	
21,735	0,22	
21,74	0,23	
21,745	0,25	
21,75	0,27	
21,755	0,29	
21,76	0,32	
21,765	0,34	
21,77	0,36	
21,775	0,38	
21,78	0,39	
21,785	0,41	
21,79	0,42	
21,795	0,44	
21,8	0,46	
21,805	0,49	
21,81	0,5	
21,815	0,51	
21,82	0,53	
21,825	0,54	
21,83	0,55	
21,835	0,56	
21,84	0,58	
21,845	0,59	
21,85	0,61	
21,855	0,62	
21,86	0,63	
21,865	0,64	
21,87	0,65	
21,875	0,66	
21,88	0,66	
21,885	0,68	
21,89	0,69	
21,895	0,7	
21,9	0,71	
21,905	0,71	
21,91	0,72	
21,915	0,72	
21,92	0,72	
21,925	0,73	
21,93	0,73	
21,935	0,73	
21,94	0,74	
21,945	0,74	
21,95	0,74	
21,955	0,74	
21,96	0,74	
21,965	0,74	
21,97	0,74	
21,975	0,74	
21,98	0,74	
21,985	0,73	
21,99	0,72	
21,995	0,72	
22,0	0,71	
22,005	0,71	
22,01	0,7	
22,015	0,7	
22,02	0,69	
22,025	0,69	
22,03	0,67	
22,035	0,67	
22,04	0,65	
22,045	0,64	
22,05	0,63	
22,055	0,63	
22,06	0,62	
22,065	0,6	
22,07	0,59	
22,075	0,58	
22,08	0,55	
22,085	0,54	
22,09	0,53	
22,095	0,52	
22,1	0,5	
22,105	0,49	
22,11	0,47	
22,115	0,45	
22,12	0,43	
22,125	0,41	
22,13	0,4	
22,135	0,38	
22,14	0,36	
22,145	0,34	
22,15	0,32	
22,155	0,3	
22,16	0,28	
22,165	0,26	
22,17	0,24	
22,175	0,22	
22,18	0,2	
22,185	0,18	
22,19	0,15	
22,195	0,13	
22,2	0,11	
22,205	0,09	
22,21	0,07	
22,215	0,04	
22,22	0,02	
22,225	0	
22,23	-0,02	
22,235	-0,04	
22,24	-0,06	
22,245	-0,08	
22,25	-0,1	
22,255	-0,12	
22,26	-0,15	
22,265	-0,17	
22,27	-0,19	
22,275	-0,22	
22,28	-0,24	
22,285	-0,25	
22,29	-0,27	
22,295	-0,29	
22,3	-0,31	
22,305	-0,34	
22,31	-0,36	
22,315	-0,38	
22,32	-0,4	
22,325	-0,42	
22,33	-0,43	
22,335	-0,45	
22,34	-0,46	
22,345	-0,48	
22,35	-0,5	
22,355	-0,52	
22,36	-0,54	
22,365	-0,55	
22,37	-0,57	
22,375	-0,58	
22,38	-0,59	
22,385	-0,61	
22,39	-0,62	
22,395	-0,64	
22,4	-0,65	
22,405	-0,66	
22,41	-0,67	
22,415	-0,68	
22,42	-0,69	
22,425	-0,7	
22,43	-0,71	
22,435	-0,72	
22,44	-0,73	
22,445	-0,73	
22,45	-0,74	
22,455	-0,74	
22,46	-0,75	
22,465	-0,76	
22,47	-0,76	
22,475	-0,77	
22,48	-0,77	
22,485	-0,77	
22,49	-0,77	
22,495	-0,77	
22,5	-0,77	
22,505	-0,77	
22,51	-0,77	
22,515	-0,77	
22,52	-0,77	
22,525	-0,77	
22,53	-0,77	
22,535	-0,76	
22,54	-0,75	
22,545	-0,75	
22,55	-0,74	
22,555	-0,74	
22,56	-0,73	
22,565	-0,73	
22,57	-0,72	
22,575	-0,71	
22,58	-0,69	
22,585	-0,68	
22,59	-0,67	
22,595	-0,66	
22,6	-0,65	
22,605	-0,64	
22,61	-0,63	
22,615	-0,62	
22,62	-0,61	
22,625	-0,58	
22,63	-0,57	
22,635	-0,55	
22,64	-0,53	
22,645	-0,52	
22,65	-0,51	
22,655	-0,5	
22,66	-0,48	
22,665	-0,46	
22,67	-0,43	
22,675	-0,41	
22,68	-0,4	
22,685	-0,38	
22,69	-0,36	
22,695	-0,35	
22,7	-0,32	
22,705	-0,3	
22,71	-0,28	
22,715	-0,25	
22,72	-0,23	
22,725	-0,21	
22,73	-0,19	
22,735	-0,17	
22,74	-0,15	
22,745	-0,13	
22,75	-0,11	
22,755	-0,08	
22,76	-0,05	
22,765	-0,03	
22,77	-0,01	
22,775	0,01	
22,78	0,03	
22,785	0,04	
22,79	0,07	
22,795	0,09	
22,8	0,12	
22,805	0,15	
22,81	0,17	
22,815	0,19	
22,82	0,21	
22,825	0,23	
22,83	0,25	
22,835	0,27	
22,84	0,3	
22,845	0,31	
22,85	0,34	
22,855	0,36	
22,86	0,38	
22,865	0,4	
22,87	0,42	
22,875	0,44	
22,88	0,46	
22,885	0,48	
22,89	0,5	
22,895	0,52	
22,9	0,53	
22,905	0,55	
22,91	0,56	
22,915	0,58	
22,92	0,59	
22,925	0,61	
22,93	0,63	
22,935	0,64	
22,94	0,66	
22,945	0,67	
22,95	0,68	
22,955	0,69	
22,96	0,7	
22,965	0,71	
22,97	0,73	
22,975	0,74	
22,98	0,75	
22,985	0,76	
22,99	0,76	
22,995	0,77	
23,0	0,77	
23,005	0,78	
23,01	0,79	
23,015	0,79	
23,02	0,8	
23,025	0,8	
23,03	0,81	
23,035	0,81	
23,04	0,81	
23,045	0,81	
23,05	0,81	
23,055	0,81	
23,06	0,81	
23,065	0,81	
23,07	0,81	
23,075	0,81	
23,08	0,8	
23,085	0,8	
23,09	0,79	
23,095	0,79	
23,1	0,78	
23,105	0,78	
23,11	0,77	
23,115	0,76	
23,12	0,76	
23,125	0,74	
23,13	0,73	
23,135	0,72	
23,14	0,71	
23,145	0,7	
23,15	0,69	
23,155	0,68	
23,16	0,67	
23,165	0,65	
23,17	0,63	
23,175	0,62	
23,18	0,6	
23,185	0,58	
23,19	0,57	
23,195	0,55	
23,2	0,54	
23,205	0,52	
23,21	0,51	
23,215	0,48	
23,22	0,46	
23,225	0,44	
23,23	0,42	
23,235	0,4	
23,24	0,39	
23,245	0,37	
23,25	0,35	
23,255	0,33	
23,26	0,3	
23,265	0,27	
23,27	0,25	
23,275	0,23	
23,28	0,21	
23,285	0,19	
23,29	0,17	
23,295	0,15	
23,3	0,13	
23,305	0,09	
23,31	0,07	
23,315	0,05	
23,32	0,02	
23,325	0	
23,33	-0,02	
23,335	-0,04	
23,34	-0,07	
23,345	-0,09	
23,35	-0,13	
23,355	-0,15	
23,36	-0,17	
23,365	-0,2	
23,37	-0,22	
23,375	-0,23	
23,38	-0,25	
23,385	-0,27	
23,39	-0,3	
23,395	-0,33	
23,4	-0,35	
23,405	-0,37	
23,41	-0,39	
23,415	-0,41	
23,42	-0,43	
23,425	-0,45	
23,43	-0,47	
23,435	-0,49	
23,44	-0,51	
23,445	-0,53	
23,45	-0,55	
23,455	-0,57	
23,46	-0,58	
23,465	-0,6	
23,47	-0,61	
23,475	-0,63	
23,48	-0,65	
23,485	-0,66	
23,49	-0,68	
23,495	-0,7	
23,5	-0,7	
23,505	-0,72	
23,51	-0,73	
23,515	-0,74	
23,52	-0,75	
23,525	-0,76	
23,53	-0,77	
23,535	-0,79	
23,54	-0,8	
23,545	-0,8	
23,55	-0,81	
23,555	-0,82	
23,56	-0,82	
23,565	-0,83	
23,57	-0,83	
23,575	-0,84	
23,58	-0,84	
23,585	-0,84	
23,59	-0,85	
23,595	-0,85	
23,6	-0,85	
23,605	-0,85	
23,61	-0,85	
23,615	-0,85	
23,62	-0,85	
23,625	-0,85	
23,63	-0,84	
23,635	-0,84	
23,64	-0,84	
23,645	-0,83	
23,65	-0,82	
23,655	-0,82	
23,66	-0,81	
23,665	-0,8	
23,67	-0,79	
23,675	-0,79	
23,68	-0,78	
23,685	-0,77	
23,69	-0,76	
23,695	-0,74	
23,7	-0,73	
23,705	-0,72	
23,71	-0,71	
23,715	-0,69	
23,72	-0,68	
23,725	-0,66	
23,73	-0,65	
23,735	-0,63	
23,74	-0,61	
23,745	-0,6	
23,75	-0,58	
23,755	-0,56	
23,76	-0,54	
23,765	-0,52	
23,77	-0,5	
23,775	-0,48	
23,78	-0,47	
23,785	-0,45	
23,79	-0,43	
23,795	-0,4	
23,8	-0,38	
23,805	-0,35	
23,81	-0,33	
23,815	-0,31	
23,82	-0,29	
23,825	-0,27	
23,83	-0,25	
23,835	-0,23	
23,84	-0,21	
23,845	-0,19	
23,85	-0,15	
23,855	-0,13	
23,86	-0,1	
23,865	-0,08	
23,87	-0,06	
23,875	-0,03	
23,88	-0,01	
23,885	0,01	
23,89	0,03	
23,895	0,06	
23,9	0,09	
23,905	0,12	
23,91	0,14	
23,915	0,16	
23,92	0,18	
23,925	0,21	
23,93	0,23	
23,935	0,25	
23,94	0,28	
23,945	0,31	
23,95	0,33	
23,955	0,35	
23,96	0,37	
23,965	0,39	
23,97	0,41	
23,975	0,43	
23,98	0,45	
23,985	0,47	
23,99	0,5	
23,995	0,52	
24,0	0,54	
24,005	0,56	
24,01	0,58	
24,015	0,6	
24,02	0,61	
24,025	0,63	
24,03	0,64	
24,035	0,66	
24,04	0,68	
24,045	0,7	
24,05	0,71	
24,055	0,73	
24,06	0,74	
24,065	0,75	
24,07	0,76	
24,075	0,77	
24,08	0,79	
24,085	0,8	
24,09	0,81	
24,095	0,81	
24,1	0,83	
24,105	0,83	
24,11	0,84	
24,115	0,85	
24,12	0,85	
24,125	0,86	
24,13	0,87	
24,135	0,87	
24,14	0,87	
24,145	0,88	
24,15	0,88	
24,155	0,89	
24,16	0,89	
24,165	0,89	
24,17	0,89	
24,175	0,88	
24,18	0,88	
24,185	0,88	
24,19	0,87	
24,195	0,87	
24,2	0,87	
24,205	0,86	
24,21	0,85	
24,215	0,84	
24,22	0,83	
24,225	0,82	
24,23	0,82	
24,235	0,81	
24,24	0,8	
24,245	0,79	
24,25	0,78	
24,255	0,77	
24,26	0,75	
24,265	0,74	
24,27	0,73	
24,275	0,71	
24,28	0,7	
24,285	0,68	
24,29	0,67	
24,295	0,65	
24,3	0,64	
24,305	0,61	
24,31	0,6	
24,315	0,58	
24,32	0,56	
24,325	0,54	
24,33	0,52	
24,335	0,5	
24,34	0,48	
24,345	0,46	
24,35	0,44	
24,355	0,41	
24,36	0,39	
24,365	0,37	
24,37	0,34	
24,375	0,32	
24,38	0,3	
24,385	0,28	
24,39	0,26	
24,395	0,24	
24,4	0,2	
24,405	0,18	
24,41	0,15	
24,415	0,13	
24,42	0,11	
24,425	0,09	
24,43	0,06	
24,435	0,03	
24,44	0,01	
24,445	-0,03	
24,45	-0,05	
24,455	-0,07	
24,46	-0,09	
24,465	-0,11	
24,47	-0,14	
24,475	-0,16	
24,48	-0,19	
24,485	-0,21	
24,49	-0,25	
24,495	-0,27	
24,5	-0,29	
24,505	-0,31	
24,51	-0,33	
24,515	-0,35	
24,52	-0,38	
24,525	-0,4	
24,53	-0,42	
24,535	-0,46	
24,54	-0,48	
24,545	-0,5	
24,55	-0,52	
24,555	-0,53	
24,56	-0,55	
24,565	-0,57	
24,57	-0,59	
24,575	-0,6	
24,58	-0,63	
24,585	-0,65	
24,59	-0,66	
24,595	-0,68	
24,6	-0,69	
24,605	-0,71	
24,61	-0,72	
24,615	-0,74	
24,62	-0,75	
24,625	-0,77	
24,63	-0,78	
24,635	-0,79	
24,64	-0,8	
24,645	-0,81	
24,65	-0,82	
24,655	-0,83	
24,66	-0,84	
24,665	-0,85	
24,67	-0,86	
24,675	-0,87	
24,68	-0,87	
24,685	-0,88	
24,69	-0,88	
24,695	-0,89	
24,7	-0,89	
24,705	-0,89	
24,71	-0,89	
24,715	-0,89	
24,72	-0,89	
24,725	-0,89	
24,73	-0,89	
24,735	-0,89	
24,74	-0,89	
24,745	-0,89	
24,75	-0,89	
24,755	-0,88	
24,76	-0,87	
24,765	-0,87	
24,77	-0,86	
24,775	-0,85	
24,78	-0,85	
24,785	-0,84	
24,79	-0,84	
24,795	-0,83	
24,8	-0,81	
24,805	-0,8	
24,81	-0,79	
24,815	-0,77	
24,82	-0,76	
24,825	-0,75	
24,83	-0,73	
24,835	-0,72	
24,84	-0,7	
24,845	-0,69	
24,85	-0,68	
24,855	-0,65	
24,86	-0,64	
24,865	-0,62	
24,87	-0,6	
24,875	-0,59	
24,88	-0,57	
24,885	-0,55	
24,89	-0,53	
24,895	-0,51	
24,9	-0,48	
24,905	-0,46	
24,91	-0,44	
24,915	-0,42	
24,92	-0,4	
24,925	-0,37	
24,93	-0,35	
24,935	-0,33	
24,94	-0,31	
24,945	-0,28	
24,95	-0,26	
24,955	-0,23	
24,96	-0,21	
24,965	-0,19	
24,97	-0,16	
24,975	-0,14	
24,98	-0,12	
24,985	-0,1	
24,99	-0,06	
24,995	-0,03	
25,0	-0,01	
25,005	0,02	
25,01	0,05	
25,015	0,07	
25,02	0,09	
25,025	0,11	
25,03	0,13	
25,035	0,16	
25,04	0,19	
25,045	0,22	
25,05	0,24	
25,055	0,26	
25,06	0,28	
25,065	0,3	
25,07	0,32	
25,075	0,35	
25,08	0,38	
25,085	0,4	
25,09	0,43	
25,095	0,45	
25,1	0,47	
25,105	0,49	
25,11	0,5	
25,115	0,52	
25,12	0,54	
25,125	0,57	
25,13	0,59	
25,135	0,61	
25,14	0,63	
25,145	0,64	
25,15	0,65	
25,155	0,67	
25,16	0,68	
25,165	0,7	
25,17	0,72	
25,175	0,74	
25,18	0,75	
25,185	0,76	
25,19	0,77	
25,195	0,78	
25,2	0,79	
25,205	0,8	
25,21	0,82	
25,215	0,83	
25,22	0,84	
25,225	0,85	
25,23	0,85	
25,235	0,86	
25,24	0,86	
25,245	0,87	
25,25	0,87	
25,255	0,88	
25,26	0,89	
25,265	0,89	
25,27	0,89	
25,275	0,89	
25,28	0,89	
25,285	0,89	
25,29	0,89	
25,295	0,89	
25,3	0,89	
25,305	0,89	
25,31	0,88	
25,315	0,88	
25,32	0,87	
25,325	0,87	
25,33	0,86	
25,335	0,86	
25,34	0,85	
25,345	0,84	
25,35	0,83	
25,355	0,81	
25,36	0,8	
25,365	0,79	
25,37	0,78	
25,375	0,77	
25,38	0,76	
25,385	0,75	
25,39	0,73	
25,395	0,72	
25,4	0,7	
25,405	0,68	
25,41	0,67	
25,415	0,65	
25,42	0,64	
25,425	0,62	
25,43	0,6	
25,435	0,58	
25,44	0,56	
25,445	0,54	
25,45	0,52	
25,455	0,5	
25,46	0,48	
25,465	0,46	
25,47	0,44	
25,475	0,42	
25,48	0,4	
25,485	0,37	
25,49	0,34	
25,495	0,33	
25,5	0,31	
25,505	0,28	
25,51	0,26	
25,515	0,24	
25,52	0,21	
25,525	0,19	
25,53	0,17	
25,535	0,13	
25,54	0,11	
25,545	0,09	
25,55	0,07	
25,555	0,04	
25,56	0,02	
25,565	-0,01	
25,57	-0,03	
25,575	-0,06	
25,58	-0,09	
25,585	-0,11	
25,59	-0,13	
25,595	-0,16	
25,6	-0,18	
25,605	-0,21	
25,61	-0,23	
25,615	-0,25	
25,62	-0,27	
25,625	-0,3	
25,63	-0,33	
25,635	-0,35	
25,64	-0,37	
25,645	-0,39	
25,65	-0,41	
25,655	-0,43	
25,66	-0,45	
25,665	-0,47	
25,67	-0,49	
25,675	-0,52	
25,68	-0,54	
25,685	-0,55	
25,69	-0,57	
25,695	-0,59	
25,7	-0,61	
25,705	-0,62	
25,71	-0,64	
25,715	-0,65	
25,72	-0,67	
25,725	-0,69	
25,73	-0,7	
25,735	-0,72	
25,74	-0,73	
25,745	-0,74	
25,75	-0,75	
25,755	-0,76	
25,76	-0,78	
25,765	-0,79	
25,77	-0,8	
25,775	-0,81	
25,78	-0,82	
25,785	-0,83	
25,79	-0,83	
25,795	-0,83	
25,8	-0,84	
25,805	-0,85	
25,81	-0,86	
25,815	-0,86	
25,82	-0,86	
25,825	-0,86	
25,83	-0,87	
25,835	-0,87	
25,84	-0,86	
25,845	-0,87	
25,85	-0,86	
25,855	-0,86	
25,86	-0,86	
25,865	-0,85	
25,87	-0,85	
25,875	-0,85	
25,88	-0,84	
25,885	-0,84	
25,89	-0,83	
25,895	-0,83	
25,9	-0,82	
25,905	-0,81	
25,91	-0,8	
25,915	-0,78	
25,92	-0,78	
25,925	-0,77	
25,93	-0,76	
25,935	-0,75	
25,94	-0,74	
25,945	-0,72	
25,95	-0,7	
25,955	-0,68	
25,96	-0,67	
25,965	-0,65	
25,97	-0,64	
25,975	-0,63	
25,98	-0,61	
25,985	-0,6	
25,99	-0,57	
25,995	-0,55	
26,0	-0,53	
26,005	-0,51	
26,01	-0,5	
26,015	-0,48	
26,02	-0,46	
26,025	-0,45	
26,03	-0,42	
26,035	-0,39	
26,04	-0,37	
26,045	-0,35	
26,05	-0,34	
26,055	-0,32	
26,06	-0,3	
26,065	-0,28	
26,07	-0,25	
26,075	-0,23	
26,08	-0,19	
26,085	-0,17	
26,09	-0,14	
26,095	-0,12	
26,1	-0,1	
26,105	-0,08	
26,11	-0,06	
26,115	-0,03	
26,12	-0,01	
26,125	0,02	
26,13	0,05	
26,135	0,07	
26,14	0,09	
26,145	0,11	
26,15	0,13	
26,155	0,16	
26,16	0,18	
26,165	0,21	
26,17	0,23	
26,175	0,25	
26,18	0,27	
26,185	0,29	
26,19	0,31	
26,195	0,34	
26,2	0,36	
26,205	0,38	
26,21	0,4	
26,215	0,42	
26,22	0,44	
26,225	0,46	
26,23	0,48	
26,235	0,5	
26,24	0,52	
26,245	0,54	
26,25	0,56	
26,255	0,57	
26,26	0,59	
26,265	0,61	
26,27	0,62	
26,275	0,64	
26,28	0,65	
26,285	0,66	
26,29	0,68	
26,295	0,69	
26,3	0,7	
26,305	0,71	
26,31	0,73	
26,315	0,74	
26,32	0,75	
26,325	0,76	
26,33	0,77	
26,335	0,78	
26,34	0,79	
26,345	0,79	
26,35	0,79	
26,355	0,8	
26,36	0,81	
26,365	0,81	
26,37	0,82	
26,375	0,82	
26,38	0,82	
26,385	0,82	
26,39	0,82	
26,395	0,82	
26,4	0,82	
26,405	0,82	
26,41	0,82	
26,415	0,82	
26,42	0,82	
26,425	0,82	
26,43	0,81	
26,435	0,81	
26,44	0,8	
26,445	0,79	
26,45	0,79	
26,455	0,78	
26,46	0,78	
26,465	0,77	
26,47	0,76	
26,475	0,75	
26,48	0,74	
26,485	0,73	
26,49	0,71	
26,495	0,7	
26,5	0,69	
26,505	0,67	
26,51	0,66	
26,515	0,64	
26,52	0,62	
26,525	0,61	
26,53	0,6	
26,535	0,58	
26,54	0,57	
26,545	0,55	
26,55	0,54	
26,555	0,51	
26,56	0,5	
26,565	0,48	
26,57	0,46	
26,575	0,45	
26,58	0,43	
26,585	0,4	
26,59	0,38	
26,595	0,36	
26,6	0,33	
26,605	0,31	
26,61	0,3	
26,615	0,28	
26,62	0,26	
26,625	0,24	
26,63	0,21	
26,635	0,19	
26,64	0,16	
26,645	0,14	
26,65	0,12	
26,655	0,1	
26,66	0,08	
26,665	0,06	
26,67	0,04	
26,675	0	
26,68	-0,02	
26,685	-0,05	
26,69	-0,07	
26,695	-0,09	
26,7	-0,11	
26,705	-0,13	
26,71	-0,15	
26,715	-0,17	
26,72	-0,2	
26,725	-0,22	
26,73	-0,24	
26,735	-0,26	
26,74	-0,28	
26,745	-0,3	
26,75	-0,32	
26,755	-0,34	
26,76	-0,36	
26,765	-0,39	
26,77	-0,41	
26,775	-0,42	
26,78	-0,44	
26,785	-0,46	
26,79	-0,47	
26,795	-0,49	
26,8	-0,51	
26,805	-0,53	
26,81	-0,56	
26,815	-0,57	
26,82	-0,58	
26,825	-0,59	
26,83	-0,6	
26,835	-0,61	
26,84	-0,63	
26,845	-0,65	
26,85	-0,66	
26,855	-0,68	
26,86	-0,68	
26,865	-0,69	
26,87	-0,7	
26,875	-0,71	
26,88	-0,72	
26,885	-0,73	
26,89	-0,74	
26,895	-0,74	
26,9	-0,75	
26,905	-0,76	
26,91	-0,76	
26,915	-0,77	
26,92	-0,77	
26,925	-0,77	
26,93	-0,77	
26,935	-0,78	
26,94	-0,77	
26,945	-0,77	
26,95	-0,77	
26,955	-0,77	
26,96	-0,78	
26,965	-0,78	
26,97	-0,78	
26,975	-0,78	
26,98	-0,77	
26,985	-0,77	
26,99	-0,76	
26,995	-0,75	
27,0	-0,74	
27,005	-0,74	
27,01	-0,73	
27,015	-0,73	
27,02	-0,72	
27,025	-0,71	
27,03	-0,7	
27,035	-0,68	
27,04	-0,67	
27,045	-0,66	
27,05	-0,65	
27,055	-0,64	
27,06	-0,63	
27,065	-0,62	
27,07	-0,6	
27,075	-0,58	
27,08	-0,57	
27,085	-0,55	
27,09	-0,54	
27,095	-0,53	
27,1	-0,51	
27,105	-0,49	
27,11	-0,48	
27,115	-0,45	
27,12	-0,44	
27,125	-0,42	
27,13	-0,4	
27,135	-0,38	
27,14	-0,37	
27,145	-0,34	
27,15	-0,32	
27,155	-0,3	
27,16	-0,28	
27,165	-0,26	
27,17	-0,25	
27,175	-0,22	
27,18	-0,2	
27,185	-0,18	
27,19	-0,16	
27,195	-0,13	
27,2	-0,11	
27,205	-0,09	
27,21	-0,07	
27,215	-0,05	
27,22	-0,03	
27,225	-0,01	
27,23	0,02	
27,235	0,04	
27,24	0,06	
27,245	0,08	
27,25	0,1	
27,255	0,12	
27,26	0,14	
27,265	0,17	
27,27	0,19	
27,275	0,21	
27,28	0,23	
27,285	0,25	
27,29	0,27	
27,295	0,29	
27,3	0,3	
27,305	0,32	
27,31	0,35	
27,315	0,37	
27,32	0,39	
27,325	0,41	
27,33	0,42	
27,335	0,44	
27,34	0,45	
27,345	0,47	
27,35	0,48	
27,355	0,51	
27,36	0,53	
27,365	0,54	
27,37	0,55	
27,375	0,57	
27,38	0,58	
27,385	0,59	
27,39	0,6	
27,395	0,61	
27,4	0,63	
27,405	0,64	
27,41	0,65	
27,415	0,66	
27,42	0,67	
27,425	0,67	
27,43	0,68	
27,435	0,69	
27,44	0,7	
27,445	0,71	
27,45	0,72	
27,455	0,72	
27,46	0,72	
27,465	0,73	
27,47	0,73	
27,475	0,73	
27,48	0,73	
27,485	0,73	
27,49	0,74	
27,495	0,74	
27,5	0,74	
27,505	0,73	
27,51	0,73	
27,515	0,73	
27,52	0,73	
27,525	0,73	
27,53	0,73	
27,535	0,73	
27,54	0,72	
27,545	0,71	
27,55	0,7	
27,555	0,69	
27,56	0,69	
27,565	0,68	
27,57	0,67	
27,575	0,67	
27,58	0,65	
27,585	0,64	
27,59	0,63	
27,595	0,62	
27,6	0,61	
27,605	0,6	
27,61	0,59	
27,615	0,58	
27,62	0,57	
27,625	0,55	
27,63	0,53	
27,635	0,51	
27,64	0,5	
27,645	0,49	
27,65	0,48	
27,655	0,46	
27,66	0,45	
27,665	0,43	
27,67	0,41	
27,675	0,38	
27,68	0,36	
27,685	0,35	
27,69	0,33	
27,695	0,31	
27,7	0,3	
27,705	0,27	
27,71	0,25	
27,715	0,23	
27,72	0,2	
27,725	0,19	
27,73	0,17	
27,735	0,15	
27,74	0,13	
27,745	0,11	
27,75	0,09	
27,755	0,07	
27,76	0,05	
27,765	0,02	
27,77	0	
27,775	-0,02	
27,78	-0,04	
27,785	-0,06	
27,79	-0,08	
27,795	-0,1	
27,8	-0,12	
27,805	-0,14	
27,81	-0,16	
27,815	-0,18	
27,82	-0,2	
27,825	-0,22	
27,83	-0,24	
27,835	-0,26	
27,84	-0,28	
27,845	-0,3	
27,85	-0,31	
27,855	-0,34	
27,86	-0,35	
27,865	-0,37	
27,87	-0,39	
27,875	-0,41	
27,88	-0,43	
27,885	-0,44	
27,89	-0,45	
27,895	-0,47	
27,9	-0,49	
27,905	-0,5	
27,91	-0,52	
27,915	-0,53	
27,92	-0,55	
27,925	-0,56	
27,93	-0,57	
27,935	-0,58	
27,94	-0,59	
27,945	-0,6	
27,95	-0,62	
27,955	-0,63	
27,96	-0,64	
27,965	-0,65	
27,97	-0,66	
27,975	-0,66	
27,98	-0,66	
27,985	-0,67	
27,99	-0,67	
27,995	-0,68	
28,0	-0,69	
28,005	-0,7	
28,01	-0,7	
28,015	-0,71	
28,02	-0,71	
28,025	-0,71	
28,03	-0,71	
28,035	-0,71	
28,04	-0,71	
28,045	-0,71	
28,05	-0,71	
28,055	-0,71	
28,06	-0,71	
28,065	-0,71	
28,07	-0,7	
28,075	-0,7	
28,08	-0,7	
28,085	-0,69	
28,09	-0,69	
28,095	-0,68	
28,1	-0,67	
28,105	-0,67	
28,11	-0,66	
28,115	-0,65	
28,12	-0,64	
28,125	-0,63	
28,13	-0,62	
28,135	-0,61	
28,14	-0,6	
28,145	-0,59	
28,15	-0,57	
28,155	-0,56	
28,16	-0,55	
28,165	-0,54	
28,17	-0,53	
28,175	-0,51	
28,18	-0,49	
28,185	-0,48	
28,19	-0,46	
28,195	-0,45	
28,2	-0,43	
28,205	-0,42	
28,21	-0,4	
28,215	-0,39	
28,22	-0,36	
28,225	-0,34	
28,23	-0,32	
28,235	-0,31	
28,24	-0,29	
28,245	-0,27	
28,25	-0,25	
28,255	-0,24	
28,26	-0,22	
28,265	-0,19	
28,27	-0,17	
28,275	-0,15	
28,28	-0,14	
28,285	-0,12	
28,29	-0,1	
28,295	-0,08	
28,3	-0,06	
28,305	-0,04	
28,31	-0,01	
28,315	0,02	
28,32	0,04	
28,325	0,05	
28,33	0,07	
28,335	0,08	
28,34	0,1	
28,345	0,12	
28,35	0,14	
28,355	0,18	
28,36	0,2	
28,365	0,21	
28,37	0,23	
28,375	0,24	
28,38	0,26	
28,385	0,28	
28,39	0,3	
28,395	0,32	
28,4	0,34	
28,405	0,36	
28,41	0,38	
28,415	0,39	
28,42	0,41	
28,425	0,42	
28,43	0,44	
28,435	0,46	
28,44	0,47	
28,445	0,49	
28,45	0,51	
28,455	0,52	
28,46	0,53	
28,465	0,54	
28,47	0,55	
28,475	0,56	
28,48	0,58	
28,485	0,59	
28,49	0,6	
28,495	0,61	
28,5	0,62	
28,505	0,63	
28,51	0,64	
28,515	0,65	
28,52	0,66	
28,525	0,67	
28,53	0,67	
28,535	0,68	
28,54	0,68	
28,545	0,68	
28,55	0,69	
28,555	0,69	
28,56	0,7	
28,565	0,7	
28,57	0,71	
28,575	0,7	
28,58	0,7	
28,585	0,7	
28,59	0,7	
28,595	0,7	
28,6	0,7	
28,605	0,7	
28,61	0,7	
28,615	0,7	
28,62	0,69	
28,625	0,69	
28,63	0,68	
28,635	0,67	
28,64	0,67	
28,645	0,66	
28,65	0,66	
28,655	0,65	
28,66	0,64	
28,665	0,63	
28,67	0,62	
28,675	0,61	
28,68	0,6	
28,685	0,59	
28,69	0,58	
28,695	0,57	
28,7	0,55	
28,705	0,54	
28,71	0,53	
28,715	0,51	
28,72	0,49	
28,725	0,48	
28,73	0,47	
28,735	0,46	
28,74	0,44	
28,745	0,42	
28,75	0,4	
28,755	0,38	
28,76	0,37	
28,765	0,35	
28,77	0,34	
28,775	0,32	
28,78	0,3	
28,785	0,28	
28,79	0,26	
28,795	0,24	
28,8	0,22	
28,805	0,2	
28,81	0,18	
28,815	0,16	
28,82	0,14	
28,825	0,11	
28,83	0,09	
28,835	0,07	
28,84	0,06	
28,845	0,04	
28,85	0,03	
28,855	0,01	
28,86	-0,02	
28,865	-0,05	
28,87	-0,07	
28,875	-0,09	
28,88	-0,1	
28,885	-0,12	
28,89	-0,14	
28,895	-0,16	
28,9	-0,18	
28,905	-0,21	
28,91	-0,23	
28,915	-0,25	
28,92	-0,27	
28,925	-0,29	
28,93	-0,3	
28,935	-0,32	
28,94	-0,33	
28,945	-0,35	
28,95	-0,37	
28,955	-0,4	
28,96	-0,41	
28,965	-0,43	
28,97	-0,44	
28,975	-0,46	
28,98	-0,47	
28,985	-0,48	
28,99	-0,5	
28,995	-0,53	
29,0	-0,54	
29,005	-0,55	
29,01	-0,56	
29,015	-0,57	
29,02	-0,58	
29,025	-0,59	
29,03	-0,6	
29,035	-0,62	
29,04	-0,63	
29,045	-0,64	
29,05	-0,65	
29,055	-0,66	
29,06	-0,67	
29,065	-0,68	
29,07	-0,68	
29,075	-0,69	
29,08	-0,69	
29,085	-0,7	
29,09	-0,7	
29,095	-0,7	
29,1	-0,71	
29,105	-0,71	
29,11	-0,72	
29,115	-0,72	
29,12	-0,72	
29,125	-0,72	
29,13	-0,72	
29,135	-0,72	
29,14	-0,72	
29,145	-0,71	
29,15	-0,72	
29,155	-0,71	
29,16	-0,71	
29,165	-0,71	
29,17	-0,7	
29,175	-0,7	
29,18	-0,69	
29,185	-0,68	
29,19	-0,68	
29,195	-0,67	
29,2	-0,66	
29,205	-0,65	
29,21	-0,65	
29,215	-0,64	
29,22	-0,62	
29,225	-0,61	
29,23	-0,6	
29,235	-0,59	
29,24	-0,58	
29,245	-0,57	
29,25	-0,55	
29,255	-0,54	
29,26	-0,53	
29,265	-0,51	
29,27	-0,49	
29,275	-0,48	
29,28	-0,47	
29,285	-0,45	
29,29	-0,44	
29,295	-0,42	
29,3	-0,4	
29,305	-0,38	
29,31	-0,36	
29,315	-0,33	
29,32	-0,32	
29,325	-0,3	
29,33	-0,28	
29,335	-0,26	
29,34	-0,24	
29,345	-0,23	
29,35	-0,21	
29,355	-0,19	
29,36	-0,16	
29,365	-0,14	
29,37	-0,12	
29,375	-0,1	
29,38	-0,08	
29,385	-0,06	
29,39	-0,04	
29,395	-0,02	
29,4	0	
29,405	0,03	
29,41	0,05	
29,415	0,07	
29,42	0,09	
29,425	0,11	
29,43	0,13	
29,435	0,15	
29,44	0,17	
29,445	0,19	
29,45	0,22	
29,455	0,24	
29,46	0,26	
29,465	0,28	
29,47	0,3	
29,475	0,31	
29,48	0,33	
29,485	0,35	
29,49	0,37	
29,495	0,39	
29,5	0,41	
29,505	0,43	
29,51	0,45	
29,515	0,46	
29,52	0,48	
29,525	0,49	
29,53	0,5	
29,535	0,52	
29,54	0,54	
29,545	0,56	
29,55	0,57	
29,555	0,58	
29,56	0,6	
29,565	0,61	
29,57	0,62	
29,575	0,63	
29,58	0,64	
29,585	0,66	
29,59	0,67	
29,595	0,68	
29,6	0,69	
29,605	0,7	
29,61	0,7	
29,615	0,71	
29,62	0,72	
29,625	0,72	
29,63	0,73	
29,635	0,74	
29,64	0,74	
29,645	0,75	
29,65	0,75	
29,655	0,75	
29,66	0,75	
29,665	0,76	
29,67	0,76	
29,675	0,76	
29,68	0,76	
29,685	0,76	
29,69	0,75	
29,695	0,75	
29,7	0,74	
29,705	0,74	
29,71	0,73	
29,715	0,73	
29,72	0,73	
29,725	0,72	
29,73	0,72	
29,735	0,71	
29,74	0,7	
29,745	0,7	
29,75	0,69	
29,755	0,68	
29,76	0,67	
29,765	0,66	
29,77	0,65	
29,775	0,64	
29,78	0,62	
29,785	0,61	
29,79	0,59	
29,795	0,58	
29,8	0,57	
29,805	0,56	
29,81	0,55	
29,815	0,52	
29,82	0,51	
29,825	0,49	
29,83	0,47	
29,835	0,46	
29,84	0,45	
29,845	0,43	
29,85	0,41	
29,855	0,39	
29,86	0,37	
29,865	0,35	
29,87	0,33	
29,875	0,31	
29,88	0,29	
29,885	0,28	
29,89	0,26	
29,895	0,23	
29,9	0,21	
29,905	0,18	
29,91	0,16	
29,915	0,14	
29,92	0,12	
29,925	0,1	
29,93	0,08	
29,935	0,06	
29,94	0,04	
29,945	0,02	
29,95	-0,02	
29,955	-0,04	
29,96	-0,06	
29,965	-0,08	
29,97	-0,09	
29,975	-0,11	
29,98	-0,14	
29,985	-0,16	
29,99	-0,18	
29,995	-0,22	
30,0	-0,23	
30,005	-0,25	
30,01	-0,27	
30,015	-0,29	
30,02	-0,31	
30,025	-0,33	
30,03	-0,35	
30,035	-0,37	
30,04	-0,4	
30,045	-0,42	
30,05	-0,43	
30,055	-0,45	
30,06	-0,47	
30,065	-0,49	
30,07	-0,51	
30,075	-0,52	
30,08	-0,54	
30,085	-0,56	
30,09	-0,57	
30,095	-0,59	
30,1	-0,6	
30,105	-0,61	
30,11	-0,63	
30,115	-0,64	
30,12	-0,66	
30,125	-0,67	
30,13	-0,68	
30,135	-0,69	
30,14	-0,7	
30,145	-0,71	
30,15	-0,72	
30,155	-0,73	
30,16	-0,74	
30,165	-0,75	
30,17	-0,76	
30,175	-0,77	
30,18	-0,77	
30,185	-0,77	
30,19	-0,78	
30,195	-0,78	
30,2	-0,79	
30,205	-0,79	
30,21	-0,79	
30,215	-0,79	
30,22	-0,79	
30,225	-0,79	
30,23	-0,79	
30,235	-0,79	
30,24	-0,79	
30,245	-0,79	
30,25	-0,79	
30,255	-0,79	
30,26	-0,78	
30,265	-0,78	
30,27	-0,77	
30,275	-0,76	
30,28	-0,76	
30,285	-0,75	
30,29	-0,75	
30,295	-0,74	
30,3	-0,73	
30,305	-0,72	
30,31	-0,71	
30,315	-0,7	
30,32	-0,69	
30,325	-0,68	
30,33	-0,67	
30,335	-0,65	
30,34	-0,64	
30,345	-0,62	
30,35	-0,61	
30,355	-0,6	
30,36	-0,58	
30,365	-0,56	
30,37	-0,55	
30,375	-0,53	
30,38	-0,51	
30,385	-0,5	
30,39	-0,48	
30,395	-0,46	
30,4	-0,45	
30,405	-0,42	
30,41	-0,4	
30,415	-0,38	
30,42	-0,36	
30,425	-0,34	
30,43	-0,32	
30,435	-0,3	
30,44	-0,28	
30,445	-0,26	
30,45	-0,23	
30,455	-0,21	
30,46	-0,18	
30,465	-0,16	
30,47	-0,14	
30,475	-0,12	
30,48	-0,1	
30,485	-0,08	
30,49	-0,06	
30,495	-0,03	
30,5	0	
30,505	0,02	
30,51	0,04	
30,515	0,06	
30,52	0,08	
30,525	0,1	
30,53	0,13	
30,535	0,15	
30,54	0,18	
30,545	0,21	
30,55	0,23	
30,555	0,25	
30,56	0,27	
30,565	0,29	
30,57	0,31	
30,575	0,32	
30,58	0,35	
30,585	0,38	
30,59	0,4	
30,595	0,42	
30,6	0,44	
30,605	0,46	
30,61	0,47	
30,615	0,49	
30,62	0,51	
30,625	0,52	
30,63	0,55	
30,635	0,57	
30,64	0,58	
30,645	0,6	
30,65	0,61	
30,655	0,62	
30,66	0,64	
30,665	0,66	
30,67	0,67	
30,675	0,68	
30,68	0,7	
30,685	0,71	
30,69	0,72	
30,695	0,73	
30,7	0,75	
30,705	0,76	
30,71	0,77	
30,715	0,78	
30,72	0,78	
30,725	0,79	
30,73	0,8	
30,735	0,8	
30,74	0,81	
30,745	0,81	
30,75	0,82	
30,755	0,82	
30,76	0,82	
30,765	0,83	
30,77	0,83	
30,775	0,83	
30,78	0,84	
30,785	0,83	
30,79	0,83	
30,795	0,83	
30,8	0,83	
30,805	0,83	
30,81	0,83	
30,815	0,82	
30,82	0,81	
30,825	0,81	
30,83	0,8	
30,835	0,8	
30,84	0,79	
30,845	0,79	
30,85	0,78	
30,855	0,77	
30,86	0,75	
30,865	0,74	
30,87	0,73	
30,875	0,72	
30,88	0,71	
30,885	0,7	
30,89	0,69	
30,895	0,67	
30,9	0,66	
30,905	0,63	
30,91	0,62	
30,915	0,61	
30,92	0,59	
30,925	0,57	
30,93	0,56	
30,935	0,54	
30,94	0,53	
30,945	0,51	
30,95	0,48	
30,955	0,47	
30,96	0,45	
30,965	0,43	
30,97	0,41	
30,975	0,39	
30,98	0,37	
30,985	0,35	
30,99	0,33	
30,995	0,29	
31,0	0,27	
31,005	0,25	
31,01	0,23	
31,015	0,21	
31,02	0,19	
31,025	0,16	
31,03	0,14	
31,035	0,12	
31,04	0,08	
31,045	0,06	
31,05	0,04	
31,055	0,02	
31,06	-0,01	
31,065	-0,03	
31,07	-0,05	
31,075	-0,08	
31,08	-0,1	
31,085	-0,13	
31,09	-0,15	
31,095	-0,17	
31,1	-0,2	
31,105	-0,22	
31,11	-0,24	
31,115	-0,26	
31,12	-0,28	
31,125	-0,3	
31,13	-0,32	
31,135	-0,35	
31,14	-0,38	
31,145	-0,4	
31,15	-0,42	
31,155	-0,44	
31,16	-0,46	
31,165	-0,48	
31,17	-0,49	
31,175	-0,51	
31,18	-0,54	
31,185	-0,56	
31,19	-0,58	
31,195	-0,59	
31,2	-0,61	
31,205	-0,62	
31,21	-0,64	
31,215	-0,65	
31,22	-0,67	
31,225	-0,69	
31,23	-0,7	
31,235	-0,72	
31,24	-0,73	
31,245	-0,74	
31,25	-0,75	
31,255	-0,76	
31,26	-0,77	
31,265	-0,79	
31,27	-0,8	
31,275	-0,81	
31,28	-0,82	
31,285	-0,82	
31,29	-0,83	
31,295	-0,83	
31,3	-0,83	
31,305	-0,84	
31,31	-0,85	
31,315	-0,85	
31,32	-0,85	
31,325	-0,86	
31,33	-0,86	
31,335	-0,86	
31,34	-0,86	
31,345	-0,86	
31,35	-0,86	
31,355	-0,86	
31,36	-0,85	
31,365	-0,85	
31,37	-0,85	
31,375	-0,84	
31,38	-0,84	
31,385	-0,84	
31,39	-0,83	
31,395	-0,82	
31,4	-0,82	
31,405	-0,81	
31,41	-0,8	
31,415	-0,79	
31,42	-0,77	
31,425	-0,76	
31,43	-0,75	
31,435	-0,74	
31,44	-0,73	
31,445	-0,72	
31,45	-0,7	
31,455	-0,69	
31,46	-0,67	
31,465	-0,65	
31,47	-0,64	
31,475	-0,62	
31,48	-0,61	
31,485	-0,59	
31,49	-0,58	
31,495	-0,55	
31,5	-0,53	
31,505	-0,51	
31,51	-0,49	
31,515	-0,47	
31,52	-0,46	
31,525	-0,44	
31,53	-0,42	
31,535	-0,39	
31,54	-0,36	
31,545	-0,34	
31,55	-0,32	
31,555	-0,3	
31,56	-0,28	
31,565	-0,26	
31,57	-0,24	
31,575	-0,22	
31,58	-0,2	
31,585	-0,17	
31,59	-0,14	
31,595	-0,12	
31,6	-0,09	
31,605	-0,07	
31,61	-0,05	
31,615	-0,03	
31,62	0	
31,625	0,03	
31,63	0,05	
31,635	0,08	
31,64	0,1	
31,645	0,12	
31,65	0,15	
31,655	0,17	
31,66	0,19	
31,665	0,22	
31,67	0,24	
31,675	0,26	
31,68	0,29	
31,685	0,32	
31,69	0,33	
31,695	0,36	
31,7	0,38	
31,705	0,4	
31,71	0,42	
31,715	0,44	
31,72	0,46	
31,725	0,49	
31,73	0,5	
31,735	0,52	
31,74	0,54	
31,745	0,56	
31,75	0,58	
31,755	0,59	
31,76	0,61	
31,765	0,62	
31,77	0,65	
31,775	0,66	
31,78	0,68	
31,785	0,69	
31,79	0,71	
31,795	0,72	
31,8	0,74	
31,805	0,75	
31,81	0,76	
31,815	0,77	
31,82	0,78	
31,825	0,79	
31,83	0,8	
31,835	0,81	
31,84	0,82	
31,845	0,82	
31,85	0,83	
31,855	0,84	
31,86	0,84	
31,865	0,85	
31,87	0,85	
31,875	0,86	
31,88	0,86	
31,885	0,87	
31,89	0,87	
31,895	0,87	
31,9	0,87	
31,905	0,87	
31,91	0,86	
31,915	0,86	
31,92	0,87	
31,925	0,86	
31,93	0,86	
31,935	0,85	
31,94	0,84	
31,945	0,84	
31,95	0,83	
31,955	0,82	
31,96	0,82	
31,965	0,81	
31,97	0,8	
31,975	0,79	
31,98	0,78	
31,985	0,77	
31,99	0,76	
31,995	0,74	
32,0	0,73	
32,005	0,72	
32,01	0,71	
32,015	0,69	
32,02	0,68	
32,025	0,66	
32,03	0,65	
32,035	0,63	
32,04	0,62	
32,045	0,59	
32,05	0,58	
32,055	0,56	
32,06	0,54	
32,065	0,52	
32,07	0,5	
32,075	0,48	
32,08	0,46	
32,085	0,44	
32,09	0,41	
32,095	0,4	
32,1	0,38	
32,105	0,35	
32,11	0,34	
32,115	0,31	
32,12	0,29	
32,125	0,27	
32,13	0,25	
32,135	0,21	
32,14	0,19	
32,145	0,17	
32,15	0,14	
32,155	0,12	
32,16	0,1	
32,165	0,07	
32,17	0,05	
32,175	0,03	
32,18	-0,01	
32,185	-0,03	
32,19	-0,05	
32,195	-0,07	
32,2	-0,09	
32,205	-0,12	
32,21	-0,14	
32,215	-0,16	
32,22	-0,19	
32,225	-0,22	
32,23	-0,24	
32,235	-0,26	
32,24	-0,29	
32,245	-0,31	
32,25	-0,33	
32,255	-0,35	
32,26	-0,37	
32,265	-0,39	
32,27	-0,42	
32,275	-0,44	
32,28	-0,46	
32,285	-0,48	
32,29	-0,49	
32,295	-0,51	
32,3	-0,53	
32,305	-0,55	
32,31	-0,57	
32,315	-0,59	
32,32	-0,61	
32,325	-0,62	
32,33	-0,64	
32,335	-0,66	
32,34	-0,67	
32,345	-0,68	
32,35	-0,7	
32,355	-0,71	
32,36	-0,73	
32,365	-0,74	
32,37	-0,75	
32,375	-0,76	
32,38	-0,77	
32,385	-0,78	
32,39	-0,79	
32,395	-0,8	
32,4	-0,81	
32,405	-0,82	
32,41	-0,82	
32,415	-0,83	
32,42	-0,83	
32,425	-0,84	
32,43	-0,85	
32,435	-0,85	
32,44	-0,85	
32,445	-0,85	
32,45	-0,85	
32,455	-0,85	
32,46	-0,85	
32,465	-0,85	
32,47	-0,85	
32,475	-0,85	
32,48	-0,85	
32,485	-0,85	
32,49	-0,84	
32,495	-0,84	
32,5	-0,83	
32,505	-0,83	
32,51	-0,82	
32,515	-0,81	
32,52	-0,81	
32,525	-0,8	
32,53	-0,79	
32,535	-0,78	
32,54	-0,77	
32,545	-0,75	
32,55	-0,74	
32,555	-0,73	
32,56	-0,72	
32,565	-0,71	
32,57	-0,69	
32,575	-0,68	
32,58	-0,67	
32,585	-0,65	
32,59	-0,63	
32,595	-0,62	
32,6	-0,6	
32,605	-0,58	
32,61	-0,57	
32,615	-0,55	
32,62	-0,53	
32,625	-0,51	
32,63	-0,49	
32,635	-0,47	
32,64	-0,45	
32,645	-0,43	
32,65	-0,41	
32,655	-0,39	
32,66	-0,36	
32,665	-0,34	
32,67	-0,32	
32,675	-0,3	
32,68	-0,27	
32,685	-0,25	
32,69	-0,23	
32,695	-0,21	
32,7	-0,18	
32,705	-0,16	
32,71	-0,14	
32,715	-0,12	
32,72	-0,1	
32,725	-0,07	
32,73	-0,05	
32,735	-0,02	
32,74	0	
32,745	0,02	
32,75	0,04	
32,755	0,07	
32,76	0,09	
32,765	0,11	
32,77	0,14	
32,775	0,16	
32,78	0,19	
32,785	0,21	
32,79	0,23	
32,795	0,25	
32,8	0,27	
32,805	0,29	
32,81	0,31	
32,815	0,34	
32,82	0,36	
32,825	0,38	
32,83	0,41	
32,835	0,43	
32,84	0,45	
32,845	0,46	
32,85	0,48	
32,855	0,5	
32,86	0,52	
32,865	0,54	
32,87	0,56	
32,875	0,58	
32,88	0,59	
32,885	0,6	
32,89	0,62	
32,895	0,63	
32,9	0,65	
32,905	0,67	
32,91	0,68	
32,915	0,69	
32,92	0,7	
32,925	0,72	
32,93	0,73	
32,935	0,73	
32,94	0,74	
32,945	0,75	
32,95	0,76	
32,955	0,78	
32,96	0,78	
32,965	0,79	
32,97	0,8	
32,975	0,8	
32,98	0,81	
32,985	0,81	
32,99	0,81	
32,995	0,82	
33,0	0,82	
33,005	0,82	
33,01	0,83	
33,015	0,82	
33,02	0,82	
33,025	0,82	
33,03	0,82	
33,035	0,82	
33,04	0,82	
33,045	0,82	
33,05	0,81	
33,055	0,81	
33,06	0,8	
33,065	0,79	
33,07	0,79	
33,075	0,78	
33,08	0,78	
33,085	0,77	
33,09	0,76	
33,095	0,75	
33,1	0,74	
33,105	0,73	
33,11	0,71	
33,115	0,7	
33,12	0,69	
33,125	0,68	
33,13	0,67	
33,135	0,65	
33,14	0,63	
33,145	0,62	
33,15	0,61	
33,155	0,59	
33,16	0,58	
33,165	0,56	
33,17	0,55	
33,175	0,53	
33,18	0,5	
33,185	0,48	
33,19	0,46	
33,195	0,44	
33,2	0,43	
33,205	0,41	
33,21	0,39	
33,215	0,37	
33,22	0,35	
33,225	0,32	
33,23	0,3	
33,235	0,28	
33,24	0,26	
33,245	0,24	
33,25	0,22	
33,255	0,2	
33,26	0,18	
33,265	0,16	
33,27	0,12	
33,275	0,1	
33,28	0,08	
33,285	0,06	
33,29	0,04	
33,295	0,02	
33,3	-0,01	
33,305	-0,03	
33,31	-0,05	
33,315	-0,08	
33,32	-0,1	
33,325	-0,12	
33,33	-0,14	
33,335	-0,16	
33,34	-0,19	
33,345	-0,21	
33,35	-0,23	
33,355	-0,25	
33,36	-0,27	
33,365	-0,3	
33,37	-0,32	
33,375	-0,34	
33,38	-0,36	
33,385	-0,38	
33,39	-0,4	
33,395	-0,41	
33,4	-0,43	
33,405	-0,45	
33,41	-0,47	
33,415	-0,49	
33,42	-0,5	
33,425	-0,52	
33,43	-0,54	
33,435	-0,55	
33,44	-0,57	
33,445	-0,58	
33,45	-0,6	
33,455	-0,62	
33,46	-0,63	
33,465	-0,64	
33,47	-0,66	
33,475	-0,67	
33,48	-0,68	
33,485	-0,69	
33,49	-0,7	
33,495	-0,71	
33,5	-0,72	
33,505	-0,73	
33,51	-0,74	
33,515	-0,75	
33,52	-0,75	
33,525	-0,76	
33,53	-0,76	
33,535	-0,76	
33,54	-0,77	
33,545	-0,77	
33,55	-0,78	
33,555	-0,78	
33,56	-0,78	
33,565	-0,78	
33,57	-0,78	
33,575	-0,78	
33,58	-0,78	
33,585	-0,78	
33,59	-0,78	
33,595	-0,78	
33,6	-0,77	
33,605	-0,77	
33,61	-0,76	
33,615	-0,76	
33,62	-0,75	
33,625	-0,75	
33,63	-0,74	
33,635	-0,74	
33,64	-0,73	
33,645	-0,72	
33,65	-0,71	
33,655	-0,7	
33,66	-0,69	
33,665	-0,68	
33,67	-0,67	
33,675	-0,66	
33,68	-0,64	
33,685	-0,62	
33,69	-0,61	
33,695	-0,6	
33,7	-0,58	
33,705	-0,57	
33,71	-0,56	
33,715	-0,55	
33,72	-0,53	
33,725	-0,51	
33,73	-0,49	
33,735	-0,47	
33,74	-0,45	
33,745	-0,44	
33,75	-0,42	
33,755	-0,4	
33,76	-0,39	
33,765	-0,37	
33,77	-0,34	
33,775	-0,32	
33,78	-0,3	
33,785	-0,28	
33,79	-0,26	
33,795	-0,24	
33,8	-0,22	
33,805	-0,2	
33,81	-0,18	
33,815	-0,16	
33,82	-0,13	
33,825	-0,11	
33,83	-0,09	
33,835	-0,08	
33,84	-0,05	
33,845	-0,04	
33,85	-0,01	
33,855	0,01	
33,86	0,03	
33,865	0,06	
33,87	0,08	
33,875	0,1	
33,88	0,12	
33,885	0,14	
33,89	0,16	
33,895	0,19	
33,9	0,21	
33,905	0,22	
33,91	0,25	
33,915	0,26	
33,92	0,28	
33,925	0,3	
33,93	0,32	
33,935	0,34	
33,94	0,36	
33,945	0,38	
33,95	0,4	
33,955	0,42	
33,96	0,43	
33,965	0,45	
33,97	0,47	
33,975	0,49	
33,98	0,51	
33,985	0,52	
33,99	0,53	
33,995	0,54	
34,0	0,56	
34,005	0,57	
34,01	0,58	
34,015	0,6	
34,02	0,61	
34,025	0,62	
34,03	0,63	
34,035	0,65	
34,04	0,65	
34,045	0,67	
34,05	0,68	
34,055	0,69	
34,06	0,7	
34,065	0,7	
34,07	0,71	
34,075	0,71	
34,08	0,71	
34,085	0,71	
34,09	0,72	
34,095	0,73	
34,1	0,74	
34,105	0,74	
34,11	0,75	
34,115	0,74	
34,12	0,74	
34,125	0,74	
34,13	0,74	
34,135	0,74	
34,14	0,74	
34,145	0,74	
34,15	0,74	
34,155	0,74	
34,16	0,73	
34,165	0,72	
34,17	0,72	
34,175	0,71	
34,18	0,7	
34,185	0,7	
34,19	0,69	
34,195	0,68	
34,2	0,67	
34,205	0,66	
34,21	0,65	
34,215	0,64	
34,22	0,63	
34,225	0,62	
34,23	0,61	
34,235	0,59	
34,24	0,58	
34,245	0,57	
34,25	0,55	
34,255	0,54	
34,26	0,53	
34,265	0,52	
34,27	0,5	
34,275	0,48	
34,28	0,46	
34,285	0,45	
34,29	0,43	
34,295	0,41	
34,3	0,4	
34,305	0,38	
34,31	0,37	
34,315	0,35	
34,32	0,32	
34,325	0,3	
34,33	0,28	
34,335	0,26	
34,34	0,24	
34,345	0,23	
34,35	0,21	
34,355	0,19	
34,36	0,17	
34,365	0,14	
34,37	0,12	
34,375	0,1	
34,38	0,08	
34,385	0,07	
34,39	0,05	
34,395	0,03	
34,4	0,01	
34,405	-0,01	
34,41	-0,05	
34,415	-0,07	
34,42	-0,09	
34,425	-0,1	
34,43	-0,12	
34,435	-0,14	
34,44	-0,16	
34,445	-0,18	
34,45	-0,2	
34,455	-0,23	
34,46	-0,25	
34,465	-0,26	
34,47	-0,28	
34,475	-0,3	
34,48	-0,32	
34,485	-0,34	
34,49	-0,35	
34,495	-0,37	
34,5	-0,4	
34,505	-0,41	
34,51	-0,43	
34,515	-0,44	
34,52	-0,45	
34,525	-0,46	
34,53	-0,48	
34,535	-0,5	
34,54	-0,51	
34,545	-0,53	
34,55	-0,54	
34,555	-0,55	
34,56	-0,56	
34,565	-0,58	
34,57	-0,59	
34,575	-0,6	
34,58	-0,61	
34,585	-0,62	
34,59	-0,63	
34,595	-0,64	
34,6	-0,64	
34,605	-0,65	
34,61	-0,66	
34,615	-0,67	
34,62	-0,68	
34,625	-0,69	
34,63	-0,69	
34,635	-0,69	
34,64	-0,69	
34,645	-0,69	
34,65	-0,69	
34,655	-0,7	
34,66	-0,7	
34,665	-0,7	
34,67	-0,7	
34,675	-0,7	
34,68	-0,7	
34,685	-0,7	
34,69	-0,7	
34,695	-0,7	
34,7	-0,7	
34,705	-0,7	
34,71	-0,69	
34,715	-0,68	
34,72	-0,67	
34,725	-0,67	
34,73	-0,66	
34,735	-0,65	
34,74	-0,65	
34,745	-0,64	
34,75	-0,64	
34,755	-0,63	
34,76	-0,61	
34,765	-0,6	
34,77	-0,59	
34,775	-0,58	
34,78	-0,57	
34,785	-0,56	
34,79	-0,54	
34,795	-0,53	
34,8	-0,52	
34,805	-0,5	
34,81	-0,49	
34,815	-0,48	
34,82	-0,46	
34,825	-0,44	
34,83	-0,43	
34,835	-0,41	
34,84	-0,4	
34,845	-0,38	
34,85	-0,36	
34,855	-0,34	
34,86	-0,33	
34,865	-0,3	
34,87	-0,29	
34,875	-0,27	
34,88	-0,25	
34,885	-0,23	
34,89	-0,21	
34,895	-0,19	
34,9	-0,18	
34,905	-0,16	
34,91	-0,13	
34,915	-0,11	
34,92	-0,09	
34,925	-0,07	
34,93	-0,06	
34,935	-0,04	
34,94	-0,02	
34,945	0	
34,95	0,02	
34,955	0,04	
34,96	0,06	
34,965	0,08	
34,97	0,11	
34,975	0,12	
34,98	0,14	
34,985	0,16	
34,99	0,18	
34,995	0,19	
35,0	0,22	
35,005	0,24	
35,01	0,26	
35,015	0,28	
35,02	0,29	
35,025	0,31	
35,03	0,32	
35,035	0,34	
35,04	0,35	
35,045	0,38	
35,05	0,39	
35,055	0,41	
35,06	0,43	
35,065	0,44	
35,07	0,45	
35,075	0,47	
35,08	0,48	
35,085	0,5	
35,09	0,52	
35,095	0,53	
35,1	0,54	
35,105	0,55	
35,11	0,56	
35,115	0,57	
35,12	0,58	
35,125	0,59	
35,13	0,6	
35,135	0,61	
35,14	0,62	
35,145	0,63	
35,15	0,63	
35,155	0,64	
35,16	0,64	
35,165	0,65	
35,17	0,66	
35,175	0,67	
35,18	0,67	
35,185	0,68	
35,19	0,68	
35,195	0,68	
35,2	0,68	
35,205	0,68	
35,21	0,68	
35,215	0,68	
35,22	0,68	
35,225	0,68	
35,23	0,68	
35,235	0,67	
35,24	0,67	
35,245	0,67	
35,25	0,67	
35,255	0,67	
35,26	0,66	
35,265	0,66	
35,27	0,65	
35,275	0,64	
35,28	0,63	
35,285	0,62	
35,29	0,62	
35,295	0,61	
35,3	0,6	
35,305	0,59	
35,31	0,58	
35,315	0,57	
35,32	0,55	
35,325	0,54	
35,33	0,53	
35,335	0,52	
35,34	0,51	
35,345	0,5	
35,35	0,49	
35,355	0,48	
35,36	0,46	
35,365	0,43	
35,37	0,42	
35,375	0,41	
35,38	0,39	
35,385	0,38	
35,39	0,36	
35,395	0,35	
35,4	0,33	
35,405	0,31	
35,41	0,28	
35,415	0,26	
35,42	0,25	
35,425	0,24	
35,43	0,22	
35,435	0,2	
35,44	0,18	
35,445	0,16	
35,45	0,14	
35,455	0,11	
35,46	0,1	
35,465	0,08	
35,47	0,06	
35,475	0,04	
35,48	0,02	
35,485	0	
35,49	-0,02	
35,495	-0,04	
35,5	-0,07	
35,505	-0,08	
35,51	-0,1	
35,515	-0,12	
35,52	-0,14	
35,525	-0,15	
35,53	-0,17	
35,535	-0,19	
35,54	-0,21	
35,545	-0,23	
35,55	-0,25	
35,555	-0,27	
35,56	-0,28	
35,565	-0,3	
35,57	-0,32	
35,575	-0,34	
35,58	-0,36	
35,585	-0,37	
35,59	-0,39	
35,595	-0,4	
35,6	-0,42	
35,605	-0,43	
35,61	-0,45	
35,615	-0,47	
35,62	-0,48	
35,625	-0,49	
35,63	-0,5	
35,635	-0,52	
35,64	-0,53	
35,645	-0,55	
35,65	-0,56	
35,655	-0,57	
35,66	-0,58	
35,665	-0,59	
35,67	-0,6	
35,675	-0,61	
35,68	-0,61	
35,685	-0,63	
35,69	-0,64	
35,695	-0,65	
35,7	-0,65	
35,705	-0,66	
35,71	-0,66	
35,715	-0,66	
35,72	-0,67	
35,725	-0,67	
35,73	-0,68	
35,735	-0,68	
35,74	-0,69	
35,745	-0,68	
35,75	-0,68	
35,755	-0,68	
35,76	-0,68	
35,765	-0,68	
35,77	-0,68	
35,775	-0,68	
35,78	-0,68	
35,785	-0,68	
35,79	-0,67	
35,795	-0,67	
35,8	-0,66	
35,805	-0,66	
35,81	-0,65	
35,815	-0,65	
35,82	-0,64	
35,825	-0,64	
35,83	-0,63	
35,835	-0,62	
35,84	-0,61	
35,845	-0,59	
35,85	-0,58	
35,855	-0,58	
35,86	-0,57	
35,865	-0,56	
35,87	-0,55	
35,875	-0,53	
35,88	-0,52	
35,885	-0,5	
35,89	-0,49	
35,895	-0,48	
35,9	-0,46	
35,905	-0,45	
35,91	-0,43	
35,915	-0,42	
35,92	-0,4	
35,925	-0,39	
35,93	-0,37	
35,935	-0,35	
35,94	-0,34	
35,945	-0,32	
35,95	-0,31	
35,955	-0,28	
35,96	-0,26	
35,965	-0,24	
35,97	-0,22	
35,975	-0,2	
35,98	-0,19	
35,985	-0,17	
35,99	-0,15	
35,995	-0,13	
36,0	-0,11	
36,005	-0,09	
36,01	-0,07	
36,015	-0,05	
36,02	-0,03	
36,025	-0,01	
36,03	0,01	
36,035	0,02	
36,04	0,05	
36,045	0,08	
36,05	0,1	
36,055	0,11	
36,06	0,13	
36,065	0,14	
36,07	0,16	
36,075	0,18	
36,08	0,2	
36,085	0,22	
36,09	0,24	
36,095	0,27	
36,1	0,28	
36,105	0,3	
36,11	0,32	
36,115	0,33	
36,12	0,35	
36,125	0,37	
36,13	0,39	
36,135	0,4	
36,14	0,42	
36,145	0,44	
36,15	0,45	
36,155	0,47	
36,16	0,48	
36,165	0,5	
36,17	0,51	
36,175	0,53	
36,18	0,54	
36,185	0,55	
36,19	0,56	
36,195	0,57	
36,2	0,59	
36,205	0,6	
36,21	0,61	
36,215	0,62	
36,22	0,63	
36,225	0,64	
36,23	0,65	
36,235	0,65	
36,24	0,66	
36,245	0,67	
36,25	0,67	
36,255	0,68	
36,26	0,68	
36,265	0,69	
36,27	0,69	
36,275	0,7	
36,28	0,7	
36,285	0,7	
36,29	0,71	
36,295	0,71	
36,3	0,71	
36,305	0,71	
36,31	0,71	
36,315	0,71	
36,32	0,71	
36,325	0,71	
36,33	0,7	
36,335	0,69	
36,34	0,69	
36,345	0,68	
36,35	0,68	
36,355	0,67	
36,36	0,67	
36,365	0,66	
36,37	0,65	
36,375	0,65	
36,38	0,64	
36,385	0,63	
36,39	0,62	
36,395	0,61	
36,4	0,6	
36,405	0,59	
36,41	0,57	
36,415	0,56	
36,42	0,55	
36,425	0,54	
36,43	0,52	
36,435	0,51	
36,44	0,5	
36,445	0,48	
36,45	0,47	
36,455	0,45	
36,46	0,43	
36,465	0,42	
36,47	0,4	
36,475	0,39	
36,48	0,37	
36,485	0,35	
36,49	0,34	
36,495	0,32	
36,5	0,29	
36,505	0,28	
36,51	0,26	
36,515	0,24	
36,52	0,22	
36,525	0,2	
36,53	0,18	
36,535	0,16	
36,54	0,14	
36,545	0,12	
36,55	0,09	
36,555	0,07	
36,56	0,05	
36,565	0,03	
36,57	0,02	
36,575	-0,01	
36,58	-0,02	
36,585	-0,05	
36,59	-0,06	
36,595	-0,09	
36,6	-0,12	
36,605	-0,13	
36,61	-0,16	
36,615	-0,17	
36,62	-0,19	
36,625	-0,21	
36,63	-0,23	
36,635	-0,24	
36,64	-0,28	
36,645	-0,29	
36,65	-0,31	
36,655	-0,33	
36,66	-0,36	
36,665	-0,37	
36,67	-0,39	
36,675	-0,4	
36,68	-0,42	
36,685	-0,45	
36,69	-0,46	
36,695	-0,48	
36,7	-0,49	
36,705	-0,51	
36,71	-0,52	
36,715	-0,53	
36,72	-0,54	
36,725	-0,56	
36,73	-0,58	
36,735	-0,59	
36,74	-0,6	
36,745	-0,62	
36,75	-0,63	
36,755	-0,64	
36,76	-0,64	
36,765	-0,66	
36,77	-0,66	
36,775	-0,68	
36,78	-0,69	
36,785	-0,7	
36,79	-0,7	
36,795	-0,71	
36,8	-0,71	
36,805	-0,72	
36,81	-0,72	
36,815	-0,73	
36,82	-0,73	
36,825	-0,74	
36,83	-0,74	
36,835	-0,74	
36,84	-0,74	
36,845	-0,74	
36,85	-0,74	
36,855	-0,74	
36,86	-0,74	
36,865	-0,74	
36,87	-0,74	
36,875	-0,73	
36,88	-0,73	
36,885	-0,72	
36,89	-0,72	
36,895	-0,72	
36,9	-0,71	
36,905	-0,71	
36,91	-0,7	
36,915	-0,69	
36,92	-0,69	
36,925	-0,68	
36,93	-0,67	
36,935	-0,66	
36,94	-0,65	
36,945	-0,64	
36,95	-0,63	
36,955	-0,61	
36,96	-0,6	
36,965	-0,59	
36,97	-0,58	
36,975	-0,56	
36,98	-0,55	
36,985	-0,54	
36,99	-0,52	
36,995	-0,51	
37,0	-0,49	
37,005	-0,47	
37,01	-0,45	
37,015	-0,44	
37,02	-0,42	
37,025	-0,4	
37,03	-0,39	
37,035	-0,37	
37,04	-0,35	
37,045	-0,33	
37,05	-0,3	
37,055	-0,28	
37,06	-0,26	
37,065	-0,24	
37,07	-0,23	
37,075	-0,21	
37,08	-0,19	
37,085	-0,17	
37,09	-0,15	
37,095	-0,12	
37,1	-0,1	
37,105	-0,08	
37,11	-0,06	
37,115	-0,04	
37,12	-0,01	
37,125	0,01	
37,13	0,03	
37,135	0,05	
37,14	0,08	
37,145	0,09	
37,15	0,11	
37,155	0,13	
37,16	0,15	
37,165	0,18	
37,17	0,2	
37,175	0,22	
37,18	0,24	
37,185	0,27	
37,19	0,29	
37,195	0,31	
37,2	0,33	
37,205	0,34	
37,21	0,36	
37,215	0,38	
37,22	0,39	
37,225	0,41	
37,23	0,44	
37,235	0,46	
37,24	0,47	
37,245	0,49	
37,25	0,51	
37,255	0,52	
37,26	0,54	
37,265	0,56	
37,27	0,57	
37,275	0,59	
37,28	0,6	
37,285	0,62	
37,29	0,63	
37,295	0,64	
37,3	0,66	
37,305	0,67	
37,31	0,68	
37,315	0,68	
37,32	0,7	
37,325	0,71	
37,33	0,72	
37,335	0,73	
37,34	0,74	
37,345	0,74	
37,35	0,75	
37,355	0,75	
37,36	0,76	
37,365	0,77	
37,37	0,77	
37,375	0,77	
37,38	0,78	
37,385	0,78	
37,39	0,78	
37,395	0,78	
37,4	0,78	
37,405	0,78	
37,41	0,78	
37,415	0,78	
37,42	0,78	
37,425	0,78	
37,43	0,78	
37,435	0,77	
37,44	0,77	
37,445	0,76	
37,45	0,75	
37,455	0,75	
37,46	0,74	
37,465	0,73	
37,47	0,73	
37,475	0,72	
37,48	0,71	
37,485	0,7	
37,49	0,69	
37,495	0,68	
37,5	0,67	
37,505	0,66	
37,51	0,65	
37,515	0,63	
37,52	0,62	
37,525	0,6	
37,53	0,59	
37,535	0,57	
37,54	0,56	
37,545	0,54	
37,55	0,52	
37,555	0,51	
37,56	0,49	
37,565	0,47	
37,57	0,46	
37,575	0,44	
37,58	0,42	
37,585	0,4	
37,59	0,39	
37,595	0,36	
37,6	0,34	
37,605	0,32	
37,61	0,3	
37,615	0,28	
37,62	0,26	
37,625	0,24	
37,63	0,22	
37,635	0,2	
37,64	0,17	
37,645	0,15	
37,65	0,13	
37,655	0,11	
37,66	0,09	
37,665	0,07	
37,67	0,04	
37,675	0,02	
37,68	0	
37,685	-0,04	
37,69	-0,06	
37,695	-0,08	
37,7	-0,1	
37,705	-0,12	
37,71	-0,14	
37,715	-0,16	
37,72	-0,18	
37,725	-0,21	
37,73	-0,23	
37,735	-0,25	
37,74	-0,27	
37,745	-0,29	
37,75	-0,31	
37,755	-0,34	
37,76	-0,36	
37,765	-0,38	
37,77	-0,39	
37,775	-0,42	
37,78	-0,44	
37,785	-0,46	
37,79	-0,48	
37,795	-0,5	
37,8	-0,52	
37,805	-0,53	
37,81	-0,55	
37,815	-0,56	
37,82	-0,58	
37,825	-0,6	
37,83	-0,61	
37,835	-0,63	
37,84	-0,64	
37,845	-0,66	
37,85	-0,67	
37,855	-0,68	
37,86	-0,69	
37,865	-0,71	
37,87	-0,72	
37,875	-0,73	
37,88	-0,74	
37,885	-0,75	
37,89	-0,76	
37,895	-0,77	
37,9	-0,78	
37,905	-0,78	
37,91	-0,79	
37,915	-0,8	
37,92	-0,8	
37,925	-0,81	
37,93	-0,81	
37,935	-0,82	
37,94	-0,82	
37,945	-0,82	
37,95	-0,82	
37,955	-0,82	
37,96	-0,82	
37,965	-0,82	
37,97	-0,82	
37,975	-0,82	
37,98	-0,81	
37,985	-0,81	
37,99	-0,8	
37,995	-0,8	
38,0	-0,79	
38,005	-0,78	
38,01	-0,78	
38,015	-0,77	
38,02	-0,77	
38,025	-0,76	
38,03	-0,75	
38,035	-0,74	
38,04	-0,73	
38,045	-0,72	
38,05	-0,71	
38,055	-0,7	
38,06	-0,69	
38,065	-0,68	
38,07	-0,66	
38,075	-0,65	
38,08	-0,63	
38,085	-0,62	
38,09	-0,61	
38,095	-0,59	
38,1	-0,57	
38,105	-0,56	
38,11	-0,54	
38,115	-0,52	
38,12	-0,5	
38,125	-0,48	
38,13	-0,46	
38,135	-0,44	
38,14	-0,42	
38,145	-0,4	
38,15	-0,38	
38,155	-0,37	
38,16	-0,35	
38,165	-0,33	
38,17	-0,3	
38,175	-0,29	
38,18	-0,27	
38,185	-0,23	
38,19	-0,21	
38,195	-0,19	
38,2	-0,17	
38,205	-0,15	
38,21	-0,13	
38,215	-0,11	
38,22	-0,08	
38,225	-0,06	
38,23	-0,03	
38,235	0	
38,24	0,02	
38,245	0,04	
38,25	0,06	
38,255	0,09	
38,26	0,11	
38,265	0,13	
38,27	0,15	
38,275	0,18	
38,28	0,2	
38,285	0,22	
38,29	0,24	
38,295	0,27	
38,3	0,29	
38,305	0,31	
38,31	0,33	
38,315	0,35	
38,32	0,38	
38,325	0,4	
38,33	0,42	
38,335	0,43	
38,34	0,46	
38,345	0,47	
38,35	0,49	
38,355	0,5	
38,36	0,52	
38,365	0,54	
38,37	0,57	
38,375	0,58	
38,38	0,6	
38,385	0,61	
38,39	0,63	
38,395	0,64	
38,4	0,66	
38,405	0,67	
38,41	0,69	
38,415	0,71	
38,42	0,71	
38,425	0,73	
38,43	0,73	
38,435	0,74	
38,44	0,75	
38,445	0,76	
38,45	0,77	
38,455	0,78	
38,46	0,8	
38,465	0,8	
38,47	0,81	
38,475	0,81	
38,48	0,82	
38,485	0,82	
38,49	0,82	
38,495	0,83	
38,5	0,83	
38,505	0,83	
38,51	0,84	
38,515	0,84	
38,52	0,83	
38,525	0,83	
38,53	0,83	
38,535	0,83	
38,54	0,83	
38,545	0,83	
38,55	0,82	
38,555	0,81	
38,56	0,81	
38,565	0,8	
38,57	0,8	
38,575	0,79	
38,58	0,79	
38,585	0,78	
38,59	0,77	
38,595	0,75	
38,6	0,75	
38,605	0,74	
38,61	0,73	
38,615	0,71	
38,62	0,71	
38,625	0,69	
38,63	0,68	
38,635	0,67	
38,64	0,64	
38,645	0,63	
38,65	0,61	
38,655	0,6	
38,66	0,58	
38,665	0,57	
38,67	0,55	
38,675	0,54	
38,68	0,52	
38,685	0,49	
38,69	0,47	
38,695	0,45	
38,7	0,43	
38,705	0,41	
38,71	0,4	
38,715	0,38	
38,72	0,36	
38,725	0,34	
38,73	0,31	
38,735	0,28	
38,74	0,26	
38,745	0,24	
38,75	0,22	
38,755	0,2	
38,76	0,18	
38,765	0,16	
38,77	0,13	
38,775	0,1	
38,78	0,08	
38,785	0,06	
38,79	0,03	
38,795	0,01	
38,8	-0,01	
38,805	-0,04	
38,81	-0,06	
38,815	-0,08	
38,82	-0,1	
38,825	-0,13	
38,83	-0,16	
38,835	-0,18	
38,84	-0,21	
38,845	-0,23	
38,85	-0,25	
38,855	-0,27	
38,86	-0,29	
38,865	-0,31	
38,87	-0,34	
38,875	-0,36	
38,88	-0,38	
38,885	-0,4	
38,89	-0,42	
38,895	-0,44	
38,9	-0,45	
38,905	-0,47	
38,91	-0,49	
38,915	-0,51	
38,92	-0,53	
38,925	-0,55	
38,93	-0,56	
38,935	-0,58	
38,94	-0,6	
38,945	-0,61	
38,95	-0,63	
38,955	-0,64	
38,96	-0,66	
38,965	-0,67	
38,97	-0,69	
38,975	-0,7	
38,98	-0,71	
38,985	-0,73	
38,99	-0,74	
38,995	-0,75	
39,0	-0,76	
39,005	-0,77	
39,01	-0,78	
39,015	-0,79	
39,02	-0,79	
39,025	-0,8	
39,03	-0,8	
39,035	-0,81	
39,04	-0,81	
39,045	-0,82	
39,05	-0,83	
39,055	-0,84	
39,06	-0,84	
39,065	-0,84	
39,07	-0,84	
39,075	-0,84	
39,08	-0,84	
39,085	-0,84	
39,09	-0,83	
39,095	-0,83	
39,1	-0,83	
39,105	-0,83	
39,11	-0,82	
39,115	-0,82	
39,12	-0,81	
39,125	-0,8	
39,13	-0,8	
39,135	-0,79	
39,14	-0,78	
39,145	-0,78	
39,15	-0,77	
39,155	-0,76	
39,16	-0,75	
39,165	-0,74	
39,17	-0,73	
39,175	-0,72	
39,18	-0,71	
39,185	-0,69	
39,19	-0,67	
39,195	-0,66	
39,2	-0,64	
39,205	-0,63	
39,21	-0,62	
39,215	-0,6	
39,22	-0,59	
39,225	-0,57	
39,23	-0,55	
39,235	-0,53	
39,24	-0,51	
39,245	-0,49	
39,25	-0,47	
39,255	-0,46	
39,26	-0,44	
39,265	-0,42	
39,27	-0,4	
39,275	-0,38	
39,28	-0,35	
39,285	-0,33	
39,29	-0,31	
39,295	-0,29	
39,3	-0,27	
39,305	-0,24	
39,31	-0,22	
39,315	-0,2	
39,32	-0,18	
39,325	-0,15	
39,33	-0,13	
39,335	-0,1	
39,34	-0,08	
39,345	-0,06	
39,35	-0,04	
39,355	-0,02	
39,36	0	
39,365	0,03	
39,37	0,06	
39,375	0,08	
39,38	0,1	
39,385	0,12	
39,39	0,15	
39,395	0,17	
39,4	0,19	
39,405	0,21	
39,41	0,23	
39,415	0,26	
39,42	0,29	
39,425	0,31	
39,43	0,32	
39,435	0,35	
39,44	0,37	
39,445	0,39	
39,45	0,41	
39,455	0,43	
39,46	0,45	
39,465	0,47	
39,47	0,48	
39,475	0,5	
39,48	0,52	
39,485	0,54	
39,49	0,56	
39,495	0,57	
39,5	0,59	
39,505	0,61	
39,51	0,62	
39,515	0,63	
39,52	0,65	
39,525	0,66	
39,53	0,68	
39,535	0,69	
39,54	0,71	
39,545	0,72	
39,55	0,73	
39,555	0,74	
39,56	0,75	
39,565	0,76	
39,57	0,77	
39,575	0,77	
39,58	0,78	
39,585	0,79	
39,59	0,79	
39,595	0,8	
39,6	0,8	
39,605	0,81	
39,61	0,81	
39,615	0,81	
39,62	0,82	
39,625	0,82	
39,63	0,82	
39,635	0,82	
39,64	0,82	
39,645	0,82	
39,65	0,82	
39,655	0,81	
39,66	0,81	
39,665	0,81	
39,67	0,81	
39,675	0,8	
39,68	0,8	
39,685	0,79	
39,69	0,78	
39,695	0,77	
39,7	0,77	
39,705	0,76	
39,71	0,75	
39,715	0,74	
39,72	0,73	
39,725	0,72	
39,73	0,71	
39,735	0,69	
39,74	0,68	
39,745	0,67	
39,75	0,66	
39,755	0,64	
39,76	0,63	
39,765	0,62	
39,77	0,6	
39,775	0,59	
39,78	0,57	
39,785	0,55	
39,79	0,54	
39,795	0,52	
39,8	0,5	
39,805	0,48	
39,81	0,47	
39,815	0,45	
39,82	0,43	
39,825	0,4	
39,83	0,38	
39,835	0,36	
39,84	0,34	
39,845	0,32	
39,85	0,3	
39,855	0,28	
39,86	0,26	
39,865	0,24	
39,87	0,21	
39,875	0,19	
39,88	0,17	
39,885	0,15	
39,89	0,13	
39,895	0,11	
39,9	0,09	
39,905	0,06	
39,91	0,04	
39,915	0,01	
39,92	-0,02	
39,925	-0,04	
39,93	-0,06	
39,935	-0,08	
39,94	-0,1	
39,945	-0,12	
39,95	-0,14	
39,955	-0,16	
39,96	-0,19	
39,965	-0,21	
39,97	-0,23	
39,975	-0,25	
39,98	-0,27	
39,985	-0,29	
39,99	-0,32	
39,995	-0,34	
40,0	-0,36	
40,005	-0,39	
40,01	-0,4	
40,015	-0,42	
40,02	-0,44	
40,025	-0,45	
40,03	-0,47	
40,035	-0,49	
40,04	-0,5	
40,045	-0,52	
40,05	-0,55	
40,055	-0,56	
40,06	-0,58	
40,065	-0,59	
40,07	-0,6	
40,075	-0,62	
40,08	-0,63	
40,085	-0,64	
40,09	-0,66	
40,095	-0,67	
40,1	-0,68	
40,105	-0,69	
40,11	-0,7	
40,115	-0,71	
40,12	-0,72	
40,125	-0,73	
40,13	-0,74	
40,135	-0,75	
40,14	-0,76	
40,145	-0,76	
40,15	-0,77	
40,155	-0,77	
40,16	-0,77	
40,165	-0,77	
40,17	-0,78	
40,175	-0,78	
40,18	-0,78	
40,185	-0,78	
40,19	-0,78	
40,195	-0,78	
40,2	-0,78	
40,205	-0,78	
40,21	-0,78	
40,215	-0,78	
40,22	-0,78	
40,225	-0,77	
40,23	-0,77	
40,235	-0,76	
40,24	-0,76	
40,245	-0,75	
40,25	-0,75	
40,255	-0,74	
40,26	-0,73	
40,265	-0,73	
40,27	-0,72	
40,275	-0,71	
40,28	-0,69	
40,285	-0,69	
40,29	-0,67	
40,295	-0,66	
40,3	-0,65	
40,305	-0,64	
40,31	-0,62	
40,315	-0,61	
40,32	-0,6	
40,325	-0,58	
40,33	-0,56	
40,335	-0,55	
40,34	-0,53	
40,345	-0,52	
40,35	-0,5	
40,355	-0,48	
40,36	-0,47	
40,365	-0,45	
40,37	-0,43	
40,375	-0,41	
40,38	-0,39	
40,385	-0,37	
40,39	-0,35	
40,395	-0,33	
40,4	-0,31	
40,405	-0,29	
40,41	-0,27	
40,415	-0,25	
40,42	-0,23	
40,425	-0,21	
40,43	-0,19	
40,435	-0,17	
40,44	-0,15	
40,445	-0,13	
40,45	-0,11	
40,455	-0,09	
40,46	-0,06	
40,465	-0,04	
40,47	-0,02	
40,475	0,01	
40,48	0,03	
40,485	0,05	
40,49	0,07	
40,495	0,08	
40,5	0,1	
40,505	0,13	
40,51	0,15	
40,515	0,18	
40,52	0,2	
40,525	0,22	
40,53	0,24	
40,535	0,25	
40,54	0,27	
40,545	0,29	
40,55	0,32	
40,555	0,34	
40,56	0,36	
40,565	0,37	
40,57	0,39	
40,575	0,41	
40,58	0,42	
40,585	0,44	
40,59	0,46	
40,595	0,48	
40,6	0,49	
40,605	0,51	
40,61	0,52	
40,615	0,54	
40,62	0,55	
40,625	0,57	
40,63	0,58	
40,635	0,59	
40,64	0,61	
40,645	0,62	
40,65	0,63	
40,655	0,64	
40,66	0,65	
40,665	0,66	
40,67	0,68	
40,675	0,69	
40,68	0,69	
40,685	0,7	
40,69	0,71	
40,695	0,71	
40,7	0,71	
40,705	0,72	
40,71	0,72	
40,715	0,73	
40,72	0,74	
40,725	0,74	
40,73	0,74	
40,735	0,74	
40,74	0,74	
40,745	0,74	
40,75	0,74	
40,755	0,74	
40,76	0,75	
40,765	0,74	
40,77	0,74	
40,775	0,74	
40,78	0,73	
40,785	0,72	
40,79	0,72	
40,795	0,72	
40,8	0,71	
40,805	0,71	
40,81	0,7	
40,815	0,69	
40,82	0,69	
40,825	0,67	
40,83	0,67	
40,835	0,66	
40,84	0,65	
40,845	0,64	
40,85	0,63	
40,855	0,62	
40,86	0,6	
40,865	0,59	
40,87	0,56	
40,875	0,55	
40,88	0,54	
40,885	0,53	
40,89	0,52	
40,895	0,5	
40,9	0,49	
40,905	0,47	
40,91	0,45	
40,915	0,43	
40,92	0,41	
40,925	0,4	
40,93	0,39	
40,935	0,37	
40,94	0,35	
40,945	0,33	
40,95	0,31	
40,955	0,29	
40,96	0,26	
40,965	0,25	
40,97	0,23	
40,975	0,21	
40,98	0,19	
40,985	0,17	
40,99	0,15	
40,995	0,13	
41,0	0,11	
41,005	0,08	
41,01	0,07	
41,015	0,05	
41,02	0,03	
41,025	0,01	
41,03	-0,01	
41,035	-0,04	
41,04	-0,06	
41,045	-0,08	
41,05	-0,1	
41,055	-0,12	
41,06	-0,14	
41,065	-0,16	
41,07	-0,18	
41,075	-0,2	
41,08	-0,22	
41,085	-0,24	
41,09	-0,25	
41,095	-0,27	
41,1	-0,29	
41,105	-0,32	
41,11	-0,33	
41,115	-0,35	
41,12	-0,37	
41,125	-0,39	
41,13	-0,4	
41,135	-0,41	
41,14	-0,43	
41,145	-0,45	
41,15	-0,47	
41,155	-0,49	
41,16	-0,5	
41,165	-0,51	
41,17	-0,52	
41,175	-0,53	
41,18	-0,54	
41,185	-0,55	
41,19	-0,58	
41,195	-0,59	
41,2	-0,6	
41,205	-0,61	
41,21	-0,62	
41,215	-0,62	
41,22	-0,63	
41,225	-0,63	
41,23	-0,64	
41,235	-0,66	
41,24	-0,67	
41,245	-0,67	
41,25	-0,68	
41,255	-0,68	
41,26	-0,68	
41,265	-0,69	
41,27	-0,69	
41,275	-0,7	
41,28	-0,7	
41,285	-0,7	
41,29	-0,7	
41,295	-0,7	
41,3	-0,7	
41,305	-0,7	
41,31	-0,7	
41,315	-0,7	
41,32	-0,7	
41,325	-0,7	
41,33	-0,69	
41,335	-0,68	
41,34	-0,68	
41,345	-0,67	
41,35	-0,67	
41,355	-0,66	
41,36	-0,66	
41,365	-0,65	
41,37	-0,64	
41,375	-0,63	
41,38	-0,62	
41,385	-0,61	
41,39	-0,6	
41,395	-0,6	
41,4	-0,59	
41,405	-0,58	
41,41	-0,57	
41,415	-0,55	
41,42	-0,53	
41,425	-0,52	
41,43	-0,51	
41,435	-0,49	
41,44	-0,48	
41,445	-0,47	
41,45	-0,46	
41,455	-0,44	
41,46	-0,42	
41,465	-0,4	
41,47	-0,38	
41,475	-0,36	
41,48	-0,35	
41,485	-0,34	
41,49	-0,32	
41,495	-0,3	
41,5	-0,29	
41,505	-0,26	
41,51	-0,24	
41,515	-0,22	
41,52	-0,21	
41,525	-0,19	
41,53	-0,18	
41,535	-0,16	
41,54	-0,14	
41,545	-0,11	
41,55	-0,1	
41,555	-0,07	
41,56	-0,05	
41,565	-0,03	
41,57	-0,01	
41,575	0,01	
41,58	0,03	
41,585	0,05	
41,59	0,07	
41,595	0,09	
41,6	0,11	
41,605	0,13	
41,61	0,14	
41,615	0,16	
41,62	0,18	
41,625	0,2	
41,63	0,22	
41,635	0,24	
41,64	0,25	
41,645	0,28	
41,65	0,29	
41,655	0,31	
41,66	0,33	
41,665	0,34	
41,67	0,36	
41,675	0,37	
41,68	0,39	
41,685	0,4	
41,69	0,42	
41,695	0,44	
41,7	0,45	
41,705	0,47	
41,71	0,48	
41,715	0,5	
41,72	0,51	
41,725	0,52	
41,73	0,53	
41,735	0,55	
41,74	0,56	
41,745	0,57	
41,75	0,58	
41,755	0,59	
41,76	0,6	
41,765	0,61	
41,77	0,61	
41,775	0,61	
41,78	0,62	
41,785	0,63	
41,79	0,64	
41,795	0,65	
41,8	0,65	
41,805	0,65	
41,81	0,66	
41,815	0,66	
41,82	0,66	
41,825	0,67	
41,83	0,67	
41,835	0,67	
41,84	0,67	
41,845	0,67	
41,85	0,67	
41,855	0,67	
41,86	0,67	
41,865	0,67	
41,87	0,66	
41,875	0,66	
41,88	0,66	
41,885	0,65	
41,89	0,65	
41,895	0,64	
41,9	0,64	
41,905	0,63	
41,91	0,62	
41,915	0,62	
41,92	0,61	
41,925	0,6	
41,93	0,59	
41,935	0,58	
41,94	0,57	
41,945	0,56	
41,95	0,55	
41,955	0,54	
41,96	0,53	
41,965	0,51	
41,97	0,5	
41,975	0,48	
41,98	0,47	
41,985	0,45	
41,99	0,44	
41,995	0,43	
42,0	0,42	
42,005	0,41	
42,01	0,39	
42,015	0,37	
42,02	0,35	
42,025	0,34	
42,03	0,32	
42,035	0,31	
42,04	0,29	
42,045	0,27	
42,05	0,25	
42,055	0,23	
42,06	0,21	
42,065	0,19	
42,07	0,17	
42,075	0,15	
42,08	0,14	
42,085	0,12	
42,09	0,1	
42,095	0,08	
42,1	0,05	
42,105	0,04	
42,11	0,02	
42,115	0	
42,12	-0,02	
42,125	-0,03	
42,13	-0,05	
42,135	-0,07	
42,14	-0,08	
42,145	-0,11	
42,15	-0,13	
42,155	-0,15	
42,16	-0,17	
42,165	-0,18	
42,17	-0,2	
42,175	-0,22	
42,18	-0,24	
42,185	-0,26	
42,19	-0,28	
42,195	-0,3	
42,2	-0,31	
42,205	-0,33	
42,21	-0,34	
42,215	-0,36	
42,22	-0,38	
42,225	-0,39	
42,23	-0,4	
42,235	-0,42	
42,24	-0,43	
42,245	-0,45	
42,25	-0,46	
42,255	-0,48	
42,26	-0,49	
42,265	-0,5	
42,27	-0,52	
42,275	-0,52	
42,28	-0,54	
42,285	-0,55	
42,29	-0,56	
42,295	-0,57	
42,3	-0,58	
42,305	-0,59	
42,31	-0,6	
42,315	-0,61	
42,32	-0,61	
42,325	-0,62	
42,33	-0,63	
42,335	-0,63	
42,34	-0,64	
42,345	-0,64	
42,35	-0,65	
42,355	-0,65	
42,36	-0,65	
42,365	-0,65	
42,37	-0,65	
42,375	-0,65	
42,38	-0,65	
42,385	-0,66	
42,39	-0,66	
42,395	-0,66	
42,4	-0,66	
42,405	-0,66	
42,41	-0,65	
42,415	-0,65	
42,42	-0,64	
42,425	-0,64	
42,43	-0,64	
42,435	-0,64	
42,44	-0,63	
42,445	-0,62	
42,45	-0,62	
42,455	-0,61	
42,46	-0,6	
42,465	-0,59	
42,47	-0,58	
42,475	-0,58	
42,48	-0,57	
42,485	-0,56	
42,49	-0,54	
42,495	-0,53	
42,5	-0,52	
42,505	-0,51	
42,51	-0,49	
42,515	-0,48	
42,52	-0,47	
42,525	-0,46	
42,53	-0,44	
42,535	-0,43	
42,54	-0,42	
42,545	-0,4	
42,55	-0,39	
42,555	-0,37	
42,56	-0,35	
42,565	-0,33	
42,57	-0,32	
42,575	-0,3	
42,58	-0,29	
42,585	-0,27	
42,59	-0,26	
42,595	-0,24	
42,6	-0,21	
42,605	-0,2	
42,61	-0,18	
42,615	-0,16	
42,62	-0,14	
42,625	-0,12	
42,63	-0,1	
42,635	-0,09	
42,64	-0,07	
42,645	-0,04	
42,65	-0,02	
42,655	-0,01	
42,66	0,01	
42,665	0,03	
42,67	0,05	
42,675	0,06	
42,68	0,08	
42,685	0,1	
42,69	0,13	
42,695	0,15	
42,7	0,17	
42,705	0,18	
42,71	0,2	
42,715	0,21	
42,72	0,23	
42,725	0,25	
42,73	0,27	
42,735	0,29	
42,74	0,31	
42,745	0,33	
42,75	0,34	
42,755	0,36	
42,76	0,37	
42,765	0,38	
42,77	0,39	
42,775	0,41	
42,78	0,43	
42,785	0,45	
42,79	0,46	
42,795	0,47	
42,8	0,49	
42,805	0,5	
42,81	0,51	
42,815	0,53	
42,82	0,54	
42,825	0,55	
42,83	0,56	
42,835	0,57	
42,84	0,58	
42,845	0,59	
42,85	0,59	
42,855	0,6	
42,86	0,61	
42,865	0,62	
42,87	0,63	
42,875	0,64	
42,88	0,64	
42,885	0,64	
42,89	0,65	
42,895	0,65	
42,9	0,66	
42,905	0,66	
42,91	0,67	
42,915	0,67	
42,92	0,67	
42,925	0,67	
42,93	0,66	
42,935	0,66	
42,94	0,66	
42,945	0,66	
42,95	0,66	
42,955	0,65	
42,96	0,65	
42,965	0,65	
42,97	0,64	
42,975	0,64	
42,98	0,64	
42,985	0,63	
42,99	0,63	
42,995	0,62	
43,0	0,61	
43,005	0,6	
43,01	0,59	
43,015	0,58	
43,02	0,58	
43,025	0,57	
43,03	0,56	
43,035	0,55	
43,04	0,53	
43,045	0,52	
43,05	0,51	
43,055	0,49	
43,06	0,48	
43,065	0,47	
43,07	0,46	
43,075	0,45	
43,08	0,43	
43,085	0,42	
43,09	0,4	
43,095	0,38	
43,1	0,36	
43,105	0,34	
43,11	0,33	
43,115	0,31	
43,12	0,3	
43,125	0,28	
43,13	0,27	
43,135	0,25	
43,14	0,23	
43,145	0,2	
43,15	0,19	
43,155	0,17	
43,16	0,16	
43,165	0,14	
43,17	0,12	
43,175	0,1	
43,18	0,08	
43,185	0,06	
43,19	0,04	
43,195	0,02	
43,2	0	
43,205	-0,02	
43,21	-0,04	
43,215	-0,06	
43,22	-0,08	
43,225	-0,1	
43,23	-0,12	
43,235	-0,14	
43,24	-0,16	
43,245	-0,18	
43,25	-0,2	
43,255	-0,21	
43,26	-0,23	
43,265	-0,25	
43,27	-0,27	
43,275	-0,28	
43,28	-0,31	
43,285	-0,33	
43,29	-0,34	
43,295	-0,36	
43,3	-0,38	
43,305	-0,39	
43,31	-0,41	
43,315	-0,42	
43,32	-0,44	
43,325	-0,45	
43,33	-0,47	
43,335	-0,49	
43,34	-0,5	
43,345	-0,51	
43,35	-0,52	
43,355	-0,53	
43,36	-0,55	
43,365	-0,56	
43,37	-0,57	
43,375	-0,59	
43,38	-0,6	
43,385	-0,61	
43,39	-0,62	
43,395	-0,63	
43,4	-0,63	
43,405	-0,64	
43,41	-0,65	
43,415	-0,65	
43,42	-0,66	
43,425	-0,66	
43,43	-0,67	
43,435	-0,67	
43,44	-0,68	
43,445	-0,68	
43,45	-0,69	
43,455	-0,69	
43,46	-0,69	
43,465	-0,7	
43,47	-0,69	
43,475	-0,69	
43,48	-0,69	
43,485	-0,69	
43,49	-0,69	
43,495	-0,69	
43,5	-0,69	
43,505	-0,68	
43,51	-0,68	
43,515	-0,68	
43,52	-0,67	
43,525	-0,66	
43,53	-0,66	
43,535	-0,65	
43,54	-0,65	
43,545	-0,64	
43,55	-0,64	
43,555	-0,62	
43,56	-0,61	
43,565	-0,6	
43,57	-0,59	
43,575	-0,58	
43,58	-0,57	
43,585	-0,56	
43,59	-0,55	
43,595	-0,54	
43,6	-0,51	
43,605	-0,5	
43,61	-0,49	
43,615	-0,47	
43,62	-0,46	
43,625	-0,45	
43,63	-0,44	
43,635	-0,42	
43,64	-0,41	
43,645	-0,38	
43,65	-0,36	
43,655	-0,35	
43,66	-0,33	
43,665	-0,32	
43,67	-0,3	
43,675	-0,28	
43,68	-0,27	
43,685	-0,25	
43,69	-0,22	
43,695	-0,2	
43,7	-0,18	
43,705	-0,16	
43,71	-0,14	
43,715	-0,12	
43,72	-0,11	
43,725	-0,08	
43,73	-0,07	
43,735	-0,04	
43,74	-0,02	
43,745	0	
43,75	0,01	
43,755	0,03	
43,76	0,05	
43,765	0,07	
43,77	0,09	
43,775	0,11	
43,78	0,13	
43,785	0,16	
43,79	0,18	
43,795	0,2	
43,8	0,21	
43,805	0,23	
43,81	0,25	
43,815	0,27	
43,82	0,29	
43,825	0,31	
43,83	0,33	
43,835	0,35	
43,84	0,36	
43,845	0,38	
43,85	0,4	
43,855	0,42	
43,86	0,43	
43,865	0,45	
43,87	0,47	
43,875	0,49	
43,88	0,5	
43,885	0,51	
43,89	0,52	
43,895	0,54	
43,9	0,55	
43,905	0,57	
43,91	0,58	
43,915	0,59	
43,92	0,61	
43,925	0,62	
43,93	0,63	
43,935	0,64	
43,94	0,65	
43,945	0,66	
43,95	0,66	
43,955	0,67	
43,96	0,68	
43,965	0,69	
43,97	0,7	
43,975	0,7	
43,98	0,71	
43,985	0,72	
43,99	0,72	
43,995	0,72	
44,0	0,72	
44,005	0,72	
44,01	0,73	
44,015	0,73	
44,02	0,73	
44,025	0,74	
44,03	0,74	
44,035	0,74	
44,04	0,73	
44,045	0,73	
44,05	0,72	
44,055	0,72	
44,06	0,72	
44,065	0,71	
44,07	0,71	
44,075	0,71	
44,08	0,7	
44,085	0,69	
44,09	0,68	
44,095	0,67	
44,1	0,66	
44,105	0,66	
44,11	0,65	
44,115	0,64	
44,12	0,63	
44,125	0,61	
44,13	0,6	
44,135	0,59	
44,14	0,58	
44,145	0,57	
44,15	0,56	
44,155	0,54	
44,16	0,52	
44,165	0,51	
44,17	0,49	
44,175	0,48	
44,18	0,46	
44,185	0,45	
44,19	0,43	
44,195	0,41	
44,2	0,39	
44,205	0,37	
44,21	0,35	
44,215	0,34	
44,22	0,32	
44,225	0,3	
44,23	0,29	
44,235	0,27	
44,24	0,24	
44,245	0,22	
44,25	0,2	
44,255	0,18	
44,26	0,16	
44,265	0,14	
44,27	0,12	
44,275	0,11	
44,28	0,08	
44,285	0,05	
44,29	0,03	
44,295	0,01	
44,3	-0,01	
44,305	-0,03	
44,31	-0,05	
44,315	-0,06	
44,32	-0,09	
44,325	-0,11	
44,33	-0,14	
44,335	-0,16	
44,34	-0,19	
44,345	-0,21	
44,35	-0,22	
44,355	-0,24	
44,36	-0,26	
44,365	-0,27	
44,37	-0,29	
44,375	-0,33	
44,38	-0,34	
44,385	-0,36	
44,39	-0,38	
44,395	-0,4	
44,4	-0,41	
44,405	-0,43	
44,41	-0,45	
44,415	-0,47	
44,42	-0,49	
44,425	-0,51	
44,43	-0,52	
44,435	-0,53	
44,44	-0,55	
44,445	-0,56	
44,45	-0,58	
44,455	-0,59	
44,46	-0,61	
44,465	-0,62	
44,47	-0,63	
44,475	-0,64	
44,48	-0,65	
44,485	-0,66	
44,49	-0,68	
44,495	-0,69	
44,5	-0,7	
44,505	-0,71	
44,51	-0,72	
44,515	-0,72	
44,52	-0,73	
44,525	-0,73	
44,53	-0,74	
44,535	-0,75	
44,54	-0,76	
44,545	-0,76	
44,55	-0,76	
44,555	-0,77	
44,56	-0,76	
44,565	-0,76	
44,57	-0,76	
44,575	-0,77	
44,58	-0,77	
44,585	-0,77	
44,59	-0,77	
44,595	-0,77	
44,6	-0,76	
44,605	-0,76	
44,61	-0,75	
44,615	-0,75	
44,62	-0,75	
44,625	-0,74	
44,63	-0,74	
44,635	-0,73	
44,64	-0,72	
44,645	-0,7	
44,65	-0,7	
44,655	-0,69	
44,66	-0,68	
44,665	-0,68	
44,67	-0,67	
44,675	-0,66	
44,68	-0,65	
44,685	-0,63	
44,69	-0,62	
44,695	-0,6	
44,7	-0,59	
44,705	-0,58	
44,71	-0,56	
44,715	-0,55	
44,72	-0,53	
44,725	-0,52	
44,73	-0,5	
44,735	-0,49	
44,74	-0,47	
44,745	-0,45	
44,75	-0,44	
44,755	-0,42	
44,76	-0,4	
44,765	-0,38	
44,77	-0,35	
44,775	-0,34	
44,78	-0,32	
44,785	-0,3	
44,79	-0,28	
44,795	-0,26	
44,8	-0,24	
44,805	-0,22	
44,81	-0,19	
44,815	-0,17	
44,82	-0,15	
44,825	-0,13	
44,83	-0,1	
44,835	-0,08	
44,84	-0,06	
44,845	-0,04	
44,85	-0,01	
44,855	0,01	
44,86	0,03	
44,865	0,05	
44,87	0,06	
44,875	0,09	
44,88	0,12	
44,885	0,14	
44,89	0,16	
44,895	0,19	
44,9	0,21	
44,905	0,22	
44,91	0,24	
44,915	0,26	
44,92	0,29	
44,925	0,31	
44,93	0,33	
44,935	0,35	
44,94	0,37	
44,945	0,39	
44,95	0,4	
44,955	0,41	
44,96	0,43	
44,965	0,46	
44,97	0,48	
44,975	0,5	
44,98	0,52	
44,985	0,53	
44,99	0,55	
44,995	0,56	
45,0	0,57	
45,005	0,59	
45,01	0,61	
45,015	0,62	
45,02	0,64	
45,025	0,65	
45,03	0,67	
45,035	0,68	
45,04	0,69	
45,045	0,69	
45,05	0,7	
45,055	0,72	
45,06	0,73	
45,065	0,74	
45,07	0,75	
45,075	0,75	
45,08	0,76	
45,085	0,76	
45,09	0,77	
45,095	0,77	
45,1	0,79	
45,105	0,8	
45,11	0,8	
45,115	0,8	
45,12	0,8	
45,125	0,8	
45,13	0,79	
45,135	0,8	
45,14	0,8	
45,145	0,8	
45,15	0,8	
45,155	0,8	
45,16	0,79	
45,165	0,78	
45,17	0,78	
45,175	0,78	
45,18	0,77	
45,185	0,77	
45,19	0,77	
45,195	0,75	
45,2	0,74	
45,205	0,73	
45,21	0,72	
45,215	0,71	
45,22	0,7	
45,225	0,7	
45,23	0,69	
45,235	0,68	
45,24	0,66	
45,245	0,65	
45,25	0,63	
45,255	0,62	
45,26	0,61	
45,265	0,6	
45,27	0,58	
45,275	0,57	
45,28	0,55	
45,285	0,53	
45,29	0,51	
45,295	0,49	
45,3	0,48	
45,305	0,46	
45,31	0,45	
45,315	0,43	
45,32	0,41	
45,325	0,39	
45,33	0,36	
45,335	0,34	
45,34	0,32	
45,345	0,31	
45,35	0,29	
45,355	0,27	
45,36	0,25	
45,365	0,22	
45,37	0,2	
45,375	0,17	
45,38	0,14	
45,385	0,12	
45,39	0,1	
45,395	0,08	
45,4	0,06	
45,405	0,04	
45,41	0,02	
45,415	-0,01	
45,42	-0,04	
45,425	-0,06	
45,43	-0,08	
45,435	-0,1	
45,44	-0,12	
45,445	-0,14	
45,45	-0,16	
45,455	-0,19	
45,46	-0,21	
45,465	-0,24	
45,47	-0,26	
45,475	-0,28	
45,48	-0,3	
45,485	-0,32	
45,49	-0,34	
45,495	-0,36	
45,5	-0,38	
45,505	-0,4	
45,51	-0,42	
45,515	-0,44	
45,52	-0,45	
45,525	-0,47	
45,53	-0,49	
45,535	-0,51	
45,54	-0,53	
45,545	-0,54	
45,55	-0,55	
45,555	-0,57	
45,56	-0,59	
45,565	-0,61	
45,57	-0,62	
45,575	-0,64	
45,58	-0,65	
45,585	-0,67	
45,59	-0,68	
45,595	-0,69	
45,6	-0,7	
45,605	-0,71	
45,61	-0,72	
45,615	-0,74	
45,62	-0,75	
45,625	-0,75	
45,63	-0,76	
45,635	-0,77	
45,64	-0,77	
45,645	-0,78	
45,65	-0,79	
45,655	-0,8	
45,66	-0,8	
45,665	-0,81	
45,67	-0,81	
45,675	-0,81	
45,68	-0,81	
45,685	-0,81	
45,69	-0,81	
45,695	-0,82	
45,7	-0,82	
45,705	-0,82	
45,71	-0,81	
45,715	-0,81	
45,72	-0,8	
45,725	-0,8	
45,73	-0,8	
45,735	-0,79	
45,74	-0,79	
45,745	-0,78	
45,75	-0,77	
45,755	-0,77	
45,76	-0,76	
45,765	-0,75	
45,77	-0,74	
45,775	-0,73	
45,78	-0,72	
45,785	-0,71	
45,79	-0,7	
45,795	-0,68	
45,8	-0,67	
45,805	-0,66	
45,81	-0,64	
45,815	-0,64	
45,82	-0,62	
45,825	-0,61	
45,83	-0,59	
45,835	-0,57	
45,84	-0,55	
45,845	-0,53	
45,85	-0,51	
45,855	-0,49	
45,86	-0,48	
45,865	-0,47	
45,87	-0,46	
45,875	-0,43	
45,88	-0,41	
45,885	-0,39	
45,89	-0,37	
45,895	-0,35	
45,9	-0,33	
45,905	-0,31	
45,91	-0,29	
45,915	-0,27	
45,92	-0,24	
45,925	-0,21	
45,93	-0,19	
45,935	-0,17	
45,94	-0,15	
45,945	-0,13	
45,95	-0,11	
45,955	-0,09	
45,96	-0,07	
45,965	-0,03	
45,97	-0,01	
45,975	0,01	
45,98	0,03	
45,985	0,05	
45,99	0,07	
45,995	0,09	
46,0	0,11	
46,005	0,14	
46,01	0,13	
46,015	0,19	
46,02	0,21	
46,025	0,23	
46,03	0,25	
46,035	0,27	
46,04	0,29	
46,045	0,31	
46,05	0,33	
46,055	0,35	
46,06	0,38	
46,065	0,4	
46,07	0,41	
46,075	0,43	
46,08	0,45	
46,085	0,47	
46,09	0,49	
46,095	0,5	
46,1	0,52	
46,105	0,54	
46,11	0,56	
46,115	0,58	
46,12	0,59	
46,125	0,61	
46,13	0,62	
46,135	0,63	
46,14	0,65	
46,145	0,66	
46,15	0,68	
46,155	0,69	
46,16	0,7	
46,165	0,71	
46,17	0,72	
46,175	0,73	
46,18	0,74	
46,185	0,75	
46,19	0,75	
46,195	0,77	
46,2	0,77	
46,205	0,78	
46,21	0,79	
46,215	0,79	
46,22	0,8	
46,225	0,8	
46,23	0,8	
46,235	0,81	
46,24	0,8	
46,245	0,8	
46,25	0,81	
46,255	0,81	
46,26	0,81	
46,265	0,81	
46,27	0,81	
46,275	0,8	
46,28	0,8	
46,285	0,79	
46,29	0,79	
46,295	0,79	
46,3	0,78	
46,305	0,78	
46,31	0,77	
46,315	0,76	
46,32	0,75	
46,325	0,75	
46,33	0,74	
46,335	0,73	
46,34	0,72	
46,345	0,71	
46,35	0,7	
46,355	0,68	
46,36	0,67	
46,365	0,66	
46,37	0,65	
46,375	0,63	
46,38	0,61	
46,385	0,6	
46,39	0,59	
46,395	0,57	
46,4	0,55	
46,405	0,53	
46,41	0,52	
46,415	0,5	
46,42	0,48	
46,425	0,46	
46,43	0,45	
46,435	0,42	
46,44	0,41	
46,445	0,39	
46,45	0,37	
46,455	0,35	
46,46	0,33	
46,465	0,3	
46,47	0,28	
46,475	0,26	
46,48	0,24	
46,485	0,22	
46,49	0,2	
46,495	0,18	
46,5	0,16	
46,505	0,14	
46,51	0,12	
46,515	0,09	
46,52	0,06	
46,525	0,04	
46,53	0,02	
46,535	0	
46,54	-0,03	
46,545	-0,05	
46,55	-0,07	
46,555	-0,08	
46,56	-0,12	
46,565	-0,14	
46,57	-0,16	
46,575	-0,19	
46,58	-0,21	
46,585	-0,23	
46,59	-0,24	
46,595	-0,26	
46,6	-0,28	
46,605	-0,31	
46,61	-0,33	
46,615	-0,35	
46,62	-0,37	
46,625	-0,39	
46,63	-0,41	
46,635	-0,42	
46,64	-0,44	
46,645	-0,46	
46,65	-0,48	
46,655	-0,5	
46,66	-0,52	
46,665	-0,53	
46,67	-0,55	
46,675	-0,56	
46,68	-0,58	
46,685	-0,59	
46,69	-0,61	
46,695	-0,63	
46,7	-0,64	
46,705	-0,65	
46,71	-0,66	
46,715	-0,67	
46,72	-0,68	
46,725	-0,69	
46,73	-0,69	
46,735	-0,7	
46,74	-0,72	
46,745	-0,73	
46,75	-0,74	
46,755	-0,74	
46,76	-0,75	
46,765	-0,76	
46,77	-0,76	
46,775	-0,77	
46,78	-0,77	
46,785	-0,77	
46,79	-0,77	
46,795	-0,78	
46,8	-0,78	
46,805	-0,78	
46,81	-0,78	
46,815	-0,79	
46,82	-0,78	
46,825	-0,78	
46,83	-0,78	
46,835	-0,78	
46,84	-0,77	
46,845	-0,77	
46,85	-0,77	
46,855	-0,77	
46,86	-0,76	
46,865	-0,75	
46,87	-0,75	
46,875	-0,73	
46,88	-0,72	
46,885	-0,72	
46,89	-0,71	
46,895	-0,7	
46,9	-0,69	
46,905	-0,69	
46,91	-0,67	
46,915	-0,66	
46,92	-0,64	
46,925	-0,63	
46,93	-0,62	
46,935	-0,6	
46,94	-0,59	
46,945	-0,58	
46,95	-0,57	
46,955	-0,55	
46,96	-0,53	
46,965	-0,52	
46,97	-0,49	
46,975	-0,48	
46,98	-0,46	
46,985	-0,45	
46,99	-0,43	
46,995	-0,41	
47,0	-0,39	
47,005	-0,37	
47,01	-0,35	
47,015	-0,32	
47,02	-0,31	
47,025	-0,29	
47,03	-0,27	
47,035	-0,25	
47,04	-0,23	
47,045	-0,21	
47,05	-0,19	
47,055	-0,17	
47,06	-0,14	
47,065	-0,12	
47,07	-0,1	
47,075	-0,08	
47,08	-0,06	
47,085	-0,04	
47,09	-0,01	
47,095	0,01	
47,1	0,03	
47,105	0,05	
47,11	0,07	
47,115	0,09	
47,12	0,11	
47,125	0,13	
47,13	0,15	
47,135	0,18	
47,14	0,2	
47,145	0,22	
47,15	0,24	
47,155	0,26	
47,16	0,28	
47,165	0,3	
47,17	0,32	
47,175	0,34	
47,18	0,36	
47,185	0,38	
47,19	0,39	
47,195	0,41	
47,2	0,43	
47,205	0,45	
47,21	0,47	
47,215	0,48	
47,22	0,5	
47,225	0,51	
47,23	0,53	
47,235	0,54	
47,24	0,56	
47,245	0,57	
47,25	0,59	
47,255	0,6	
47,26	0,62	
47,265	0,63	
47,27	0,64	
47,275	0,64	
47,28	0,65	
47,285	0,67	
47,29	0,68	
47,295	0,69	
47,3	0,69	
47,305	0,7	
47,31	0,71	
47,315	0,72	
47,32	0,72	
47,325	0,73	
47,33	0,73	
47,335	0,74	
47,34	0,74	
47,345	0,74	
47,35	0,74	
47,355	0,75	
47,36	0,75	
47,365	0,75	
47,37	0,76	
47,375	0,75	
47,38	0,75	
47,385	0,74	
47,39	0,74	
47,395	0,73	
47,4	0,73	
47,405	0,74	
47,41	0,76	
47,415	0,8	
47,42	0,83	
47,425	0,8	
47,43	0,72	
47,435	0,59	
47,44	0,47	
47,445	0,39	
47,45	0,39	
47,455	0,45	
47,46	0,51	
47,465	0,54	
47,47	0,44	
47,475	0,31	
47,48	0,19	
47,485	0,11	
47,49	0,09	
47,495	0,13	
47,5	0,19	
47,505	0,23	
47,51	0,22	
47,515	0,1	
47,52	0	
47,525	-0,07	
47,53	-0,09	
47,535	-0,05	
47,54	-0,01	
47,545	0,03	
47,55	0,02	
47,555	-0,02	
47,56	-0,09	
47,565	-0,12	
47,57	-0,11	
47,575	-0,1	
47,58	-0,11	
47,585	-0,12	
47,59	-0,15	
47,595	-0,18	
47,6	-0,21	
47,605	-0,25	
47,61	-0,27	
47,615	-0,28	
47,62	-0,28	
47,625	-0,28	
47,63	-0,27	
47,635	-0,28	
47,64	-0,3	
47,645	-0,33	
47,65	-0,37	
47,655	-0,39	
47,66	-0,39	
47,665	-0,38	
47,67	-0,37	
47,675	-0,36	
47,68	-0,36	
47,685	-0,36	
47,69	-0,38	
47,695	-0,4	
47,7	-0,42	
47,705	-0,44	
47,71	-0,46	
47,715	-0,49	
47,72	-0,51	
47,725	-0,51	
47,73	-0,51	
47,735	-0,5	
47,74	-0,48	
47,745	-0,49	
47,75	-0,5	
47,755	-0,52	
47,76	-0,54	
47,765	-0,55	
47,77	-0,54	
47,775	-0,53	
47,78	-0,52	
47,785	-0,51	
47,79	-0,51	
47,795	-0,53	
47,8	-0,55	
47,805	-0,55	
47,81	-0,55	
47,815	-0,54	
47,82	-0,52	
47,825	-0,5	
47,83	-0,49	
47,835	-0,49	
47,84	-0,49	
47,845	-0,49	
47,85	-0,48	
47,855	-0,47	
47,86	-0,46	
47,865	-0,45	
47,87	-0,43	
47,875	-0,43	
47,88	-0,41	
47,885	-0,4	
47,89	-0,4	
47,895	-0,39	
47,9	-0,38	
47,905	-0,37	
47,91	-0,36	
47,915	-0,34	
47,92	-0,32	
47,925	-0,3	
47,93	-0,29	
47,935	-0,28	
47,94	-0,27	
47,945	-0,27	
47,95	-0,26	
47,955	-0,25	
47,96	-0,24	
47,965	-0,23	
47,97	-0,22	
47,975	-0,2	
47,98	-0,19	
47,985	-0,19	
47,99	-0,2	
47,995	-0,21	
48,0	-0,22	
48,005	-0,22	
48,01	-0,22	
48,015	-0,21	
48,02	-0,19	
48,025	-0,17	
48,03	-0,15	
48,035	-0,14	
48,04	-0,13	
48,045	-0,14	
48,05	-0,15	
48,055	-0,15	
48,06	-0,13	
48,065	-0,1	
48,07	-0,07	
48,075	-0,04	
48,08	-0,02	
48,085	-0,01	
48,09	-0,01	
48,095	-0,01	
48,1	0	
48,105	0,03	
48,11	0,05	
48,115	0,09	
48,12	0,12	
48,125	0,14	
48,13	0,15	
48,135	0,16	
48,14	0,17	
48,145	0,17	
48,15	0,18	
48,155	0,18	
48,16	0,17	
48,165	0,16	
48,17	0,13	
48,175	0,09	
48,18	0,04	
48,185	0,01	
48,19	-0,01	
48,195	0	
48,2	0,03	
48,205	0,05	
48,21	0,06	
48,215	0,06	
48,22	0,08	
48,225	0,1	
48,23	0,1	
48,235	0,08	
48,24	-0,01	
48,245	-0,11	
48,25	-0,18	
48,255	-0,19	
48,26	-0,14	
48,265	-0,06	
48,27	0,01	
48,275	0,03	
48,28	0,01	
48,285	-0,11	
48,29	-0,17	
48,295	-0,18	
48,3	-0,16	
48,305	-0,13	
48,31	-0,1	
48,315	-0,09	
48,32	-0,12	
48,325	-0,17	
48,33	-0,21	
48,335	-0,22	
48,34	-0,19	
48,345	-0,15	
48,35	-0,13	
48,355	-0,16	
48,36	-0,23	
48,365	-0,32	
48,37	-0,4	
48,375	-0,43	
48,38	-0,39	
48,385	-0,34	
48,39	-0,3	
48,395	-0,29	
48,4	-0,31	
48,405	-0,34	
48,41	-0,36	
48,415	-0,36	
48,42	-0,33	
48,425	-0,25	
48,43	-0,22	
48,435	-0,22	
48,44	-0,27	
48,445	-0,37	
48,45	-0,47	
48,455	-0,55	
48,46	-0,58	
48,465	-0,57	
48,47	-0,47	
48,475	-0,39	
48,48	-0,34	
48,485	-0,31	
48,49	-0,32	
48,495	-0,33	
48,5	-0,35	
48,505	-0,36	
48,51	-0,35	
48,515	-0,31	
48,52	-0,29	
48,525	-0,28	
48,53	-0,28	
48,535	-0,29	
48,54	-0,29	
48,545	-0,27	
48,55	-0,23	
48,555	-0,19	
48,56	-0,13	
48,565	-0,12	
48,57	-0,12	
48,575	-0,12	
48,58	-0,12	
48,585	-0,12	
48,59	-0,11	
48,595	-0,08	
48,6	-0,06	
48,605	-0,04	
48,61	-0,03	
48,615	-0,03	
48,62	-0,04	
48,625	-0,04	
48,63	-0,03	
48,635	-0,02	
48,64	-0,01	
48,645	0	
48,65	0,01	
48,655	0,01	
48,66	-0,01	
48,665	-0,03	
48,67	-0,05	
48,675	-0,06	
48,68	-0,05	
48,685	-0,04	
48,69	-0,04	
48,695	-0,05	
48,7	-0,06	
48,705	-0,07	
48,71	-0,06	
48,715	-0,03	
48,72	0,01	
48,725	0,05	
48,73	0,07	
48,735	0,07	
48,74	0,05	
48,745	0,05	
48,75	0,05	
48,755	0,08	
48,76	0,11	
48,765	0,13	
48,77	0,14	
48,775	0,13	
48,78	0,12	
48,785	0,11	
48,79	0,11	
48,795	0,12	
48,8	0,13	
48,805	0,15	
48,81	0,17	
48,815	0,17	
48,82	0,15	
48,825	0,14	
48,83	0,13	
48,835	0,08	
48,84	0,05	
48,845	0,04	
48,85	0,03	
48,855	0,04	
48,86	0,07	
48,865	0,1	
48,87	0,12	
48,875	0,11	
48,88	0,07	
48,885	0,05	
48,89	0,06	
48,895	0,08	
48,9	0,11	
48,905	0,14	
48,91	0,16	
48,915	0,15	
48,92	0,14	
48,925	0,09	
48,93	0,07	
48,935	0,06	
48,94	0,07	
48,945	0,08	
48,95	0,09	
48,955	0,09	
48,96	0,07	
48,965	0,04	
48,97	-0,01	
48,975	-0,03	
48,98	-0,04	
48,985	-0,04	
48,99	-0,03	
48,995	-0,02	
49,0	-0,01	
49,005	0	
49,01	0,01	
49,015	0,02	
49,02	0,02	
49,025	0,03	
49,03	0,04	
49,035	0,04	
49,04	0,04	
49,045	0,05	
49,05	0,06	
49,055	0,07	
49,06	0,09	
49,065	0,09	
49,07	0,07	
49,075	0,05	
49,08	0,04	
49,085	0,03	
49,09	0,05	
49,095	0,06	
49,1	0,08	
49,105	0,08	
49,11	0,08	
49,115	0,06	
49,12	0,05	
49,125	0,04	
49,13	0,04	
49,135	0,04	
49,14	0,05	
49,145	0,05	
49,15	0,04	
49,155	0,03	
49,16	0,02	
49,165	0,02	
49,17	0,02	
49,175	0,03	
49,18	0,04	
49,185	0,05	
49,19	0,07	
49,195	0,06	
49,2	0,07	
49,205	0,13	
49,21	0,19	
49,215	0,26	
49,22	0,29	
49,225	0,28	
49,23	0,22	
49,235	0,14	
49,24	0,1	
49,245	0,13	
49,25	0,18	
49,255	0,23	
49,26	0,25	
49,265	0,24	
49,27	0,2	
49,275	0,15	
49,28	0,12	
49,285	0,12	
49,29	0,16	
49,295	0,19	
49,3	0,21	
49,305	0,22	
49,31	0,21	
49,315	0,2	
49,32	0,19	
49,325	0,2	
49,33	0,21	
49,335	0,23	
49,34	0,24	
49,345	0,25	
49,35	0,23	
49,355	0,22	
49,36	0,2	
49,365	0,18	
49,37	0,17	
49,375	0,16	
49,38	0,14	
49,385	0,13	
49,39	0,11	
49,395	0,09	
49,4	0,08	
49,405	0,07	
49,41	0,08	
49,415	0,09	
49,42	0,09	
49,425	0,09	
49,43	0,08	
49,435	0,07	
49,44	0,06	
49,445	0,05	
49,45	0,05	
49,455	0,05	
49,46	0,06	
49,465	0,07	
49,47	0,08	
49,475	0,08	
49,48	0,08	
49,485	0,08	
49,49	0,1	
49,495	0,1	
49,5	0,1	
49,505	0,08	
49,51	0,05	
49,515	0	
49,52	-0,02	
49,525	-0,03	
49,53	-0,02	
49,535	-0,01	
49,54	0,01	
49,545	0,01	
49,55	0,01	
49,555	0	
49,56	-0,02	
49,565	-0,03	
49,57	-0,03	
49,575	-0,03	
49,58	-0,02	
49,585	-0,01	
