t, ñ	wz	
0,0	0	
0,005	-0,01	
0,01	-0,01	
0,015	0	
0,02	0	
0,025	0,01	
0,03	0,01	
0,035	0,02	
0,04	0,02	
0,045	0,02	
0,05	0,02	
0,055	0,02	
0,06	0,02	
0,065	0,02	
0,07	0,01	
0,075	0	
0,08	0	
0,085	-0,01	
0,09	-0,01	
0,095	-0,01	
0,1	0	
0,105	0	
0,11	-0,01	
0,115	-0,01	
0,12	-0,01	
0,125	0	
0,13	0	
0,135	0,01	
0,14	0,01	
0,145	0,02	
0,15	0,02	
0,155	0,02	
0,16	0,01	
0,165	0,02	
0,17	0,01	
0,175	0,01	
0,18	0	
0,185	0	
0,19	-0,01	
0,195	0	
0,2	0	
0,205	-0,01	
0,21	-0,01	
0,215	-0,01	
0,22	-0,01	
0,225	-0,01	
0,23	0	
0,235	0	
0,24	0,01	
0,245	0,01	
0,25	0,01	
0,255	0,01	
0,26	0,02	
0,265	0,02	
0,27	0,02	
0,275	0,01	
0,28	0,01	
0,285	0,01	
0,29	0	
0,295	0	
0,3	0	
0,305	0	
0,31	0	
0,315	-0,01	
0,32	-0,01	
0,325	-0,01	
0,33	0	
0,335	0	
0,34	0	
0,345	0	
0,35	0	
0,355	0,01	
0,36	0,01	
0,365	0,01	
0,37	0,01	
0,375	0,01	
0,38	0	
0,385	0,01	
0,39	0	
0,395	0	
0,4	0,01	
0,405	0,01	
0,41	0	
0,415	0	
0,42	-0,01	
0,425	-0,01	
0,43	-0,01	
0,435	0	
0,44	0	
0,445	0	
0,45	0	
0,455	0	
0,46	0	
0,465	0,01	
0,47	0,01	
0,475	0,01	
0,48	0,01	
0,485	0,01	
0,49	0,01	
0,495	0,01	
0,5	0,01	
0,505	0,01	
0,51	0,01	
0,515	0,01	
0,52	0	
0,525	0	
0,53	-0,01	
0,535	-0,01	
0,54	-0,01	
0,545	-0,01	
0,55	-0,01	
0,555	0	
0,56	-0,01	
0,565	0	
0,57	0,01	
0,575	0,01	
0,58	0,01	
0,585	0,01	
0,59	0,01	
0,595	0,01	
0,6	0,01	
0,605	0,01	
0,61	0,01	
0,615	0,01	
0,62	0,01	
0,625	0	
0,63	0	
0,635	0	
0,64	0	
0,645	-0,01	
0,65	-0,01	
0,655	-0,01	
0,66	-0,01	
0,665	-0,01	
0,67	0	
0,675	0	
0,68	0	
0,685	0	
0,69	0,01	
0,695	0,01	
0,7	0,01	
0,705	0,02	
0,71	0,02	
0,715	0,02	
0,72	0,01	
0,725	0,01	
0,73	0,01	
0,735	0,01	
0,74	0	
0,745	0	
0,75	0	
0,755	-0,01	
0,76	-0,01	
0,765	-0,01	
0,77	0	
0,775	0	
0,78	-0,01	
0,785	0	
0,79	0	
0,795	0	
0,8	0,01	
0,805	0,02	
0,81	0,02	
0,815	0,02	
0,82	0,02	
0,825	0,01	
0,83	0,01	
0,835	0,01	
0,84	0,01	
0,845	0,01	
0,85	0	
0,855	-0,01	
0,86	-0,01	
0,865	-0,01	
0,87	-0,01	
0,875	-0,01	
0,88	-0,01	
0,885	0	
0,89	0	
0,895	0	
0,9	0,01	
0,905	0,02	
0,91	0,02	
0,915	0,02	
0,92	0,02	
0,925	0,02	
0,93	0,02	
0,935	0,02	
0,94	0,02	
0,945	0,01	
0,95	0	
0,955	0	
0,96	-0,01	
0,965	-0,01	
0,97	-0,01	
0,975	-0,01	
0,98	-0,01	
0,985	-0,01	
0,99	-0,01	
0,995	0	
1,0	0	
1,005	0,01	
1,01	0,01	
1,015	0,01	
1,02	0,02	
1,025	0,02	
1,03	0,01	
1,035	0,01	
1,04	0,01	
1,045	0,01	
1,05	0,01	
1,055	0	
1,06	0	
1,065	0	
1,07	-0,01	
1,075	-0,01	
1,08	-0,01	
1,085	-0,01	
1,09	-0,01	
1,095	0	
1,1	0	
1,105	0,01	
1,11	0,01	
1,115	0,01	
1,12	0,01	
1,125	0,01	
1,13	0,01	
1,135	0,01	
1,14	0,01	
1,145	0,01	
1,15	0,01	
1,155	0	
1,16	0	
1,165	0	
1,17	0	
1,175	0	
1,18	0	
1,185	-0,01	
1,19	-0,01	
1,195	-0,01	
1,2	-0,01	
1,205	0	
1,21	0	
1,215	0	
1,22	0,01	
1,225	0	
1,23	0	
1,235	0	
1,24	0,01	
1,245	0,01	
1,25	0,01	
1,255	0,01	
1,26	0,01	
1,265	0,01	
1,27	0,01	
1,275	0	
1,28	0	
1,285	0	
1,29	0	
1,295	-0,01	
1,3	-0,01	
1,305	-0,01	
1,31	0	
1,315	0	
1,32	0	
1,325	0	
1,33	0,01	
1,335	0,01	
1,34	0,01	
1,345	0,01	
1,35	0,01	
1,355	0,01	
1,36	0,01	
1,365	0,01	
1,37	0,01	
1,375	0,01	
1,38	0	
1,385	0	
1,39	-0,01	
1,395	-0,01	
1,4	-0,01	
1,405	-0,01	
1,41	-0,01	
1,415	-0,01	
1,42	0	
1,425	0	
1,43	0	
1,435	0	
1,44	0	
1,445	0,01	
1,45	0,01	
1,455	0,01	
1,46	0,01	
1,465	0,01	
1,47	0,01	
1,475	0,01	
1,48	0,01	
1,485	0	
1,49	0	
1,495	-0,01	
1,5	-0,01	
1,505	-0,01	
1,51	-0,01	
1,515	0	
1,52	0	
1,525	0	
1,53	0	
1,535	0	
1,54	0	
1,545	0	
1,55	0	
1,555	0	
1,56	0,01	
1,565	0,01	
1,57	0,01	
1,575	0,01	
1,58	0,01	
1,585	0,01	
1,59	0	
1,595	0	
1,6	0	
1,605	0	
1,61	0	
1,615	-0,01	
1,62	-0,01	
1,625	-0,01	
1,63	-0,01	
1,635	-0,01	
1,64	0	
1,645	0	
1,65	0,01	
1,655	0,01	
1,66	0,01	
1,665	0,01	
1,67	0,01	
1,675	0,01	
1,68	0,01	
1,685	0,01	
1,69	0,01	
1,695	0	
1,7	0	
1,705	0	
1,71	0	
1,715	0	
1,72	0	
1,725	0	
1,73	-0,01	
1,735	0	
1,74	0	
1,745	0	
1,75	0	
1,755	0	
1,76	0,01	
1,765	0,01	
1,77	0,01	
1,775	0,01	
1,78	0,01	
1,785	0	
1,79	0	
1,795	0	
1,8	0	
1,805	0	
1,81	0	
1,815	0	
1,82	0	
1,825	0	
1,83	0	
1,835	0	
1,84	0	
1,845	0	
1,85	0	
1,855	0	
1,86	0	
1,865	0	
1,87	0	
1,875	0	
1,88	0,01	
1,885	0,01	
1,89	0,01	
1,895	0,01	
1,9	0	
1,905	0	
1,91	0	
1,915	0	
1,92	0	
1,925	0	
1,93	0	
1,935	0	
1,94	0	
1,945	0	
1,95	0	
1,955	0	
1,96	0	
1,965	0	
1,97	0	
1,975	0	
1,98	0	
1,985	0	
1,99	0	
1,995	0	
2,0	0	
2,005	0,01	
2,01	0,01	
2,015	0,01	
2,02	0,01	
2,025	0,01	
2,03	0	
2,035	0	
2,04	0	
2,045	0	
2,05	0	
2,055	0	
2,06	0	
2,065	0	
2,07	0	
2,075	0	
2,08	0	
2,085	0	
2,09	0,01	
2,095	0	
2,1	0,01	
2,105	0,01	
2,11	0,01	
2,115	0,01	
2,12	0,01	
2,125	0,01	
2,13	0	
2,135	0	
2,14	0	
2,145	0	
2,15	0	
2,155	0	
2,16	0	
2,165	0	
2,17	0	
2,175	0	
2,18	0	
2,185	0	
2,19	0	
2,195	0	
2,2	0	
2,205	0	
2,21	0	
2,215	0	
2,22	0,01	
2,225	0,01	
2,23	0,01	
2,235	0,01	
2,24	0,01	
2,245	0	
2,25	0	
2,255	0	
2,26	0	
2,265	0	
2,27	0	
2,275	0	
2,28	0	
2,285	0	
2,29	0	
2,295	0	
2,3	0	
2,305	0	
2,31	0	
2,315	0	
2,32	0	
2,325	0	
2,33	0,01	
2,335	0,01	
2,34	0,01	
2,345	0,01	
2,35	0,01	
2,355	0,01	
2,36	0,01	
2,365	0	
2,37	0	
2,375	0	
2,38	0	
2,385	0	
2,39	0	
2,395	0	
2,4	0	
2,405	-0,01	
2,41	-0,01	
2,415	0	
2,42	0	
2,425	0	
2,43	0	
2,435	0	
2,44	0	
2,445	0	
2,45	-0,01	
2,455	-0,02	
2,46	-0,06	
2,465	-0,09	
2,47	-0,1	
2,475	-0,06	
2,48	0,01	
2,485	0,1	
2,49	0,2	
2,495	0,27	
2,5	0,22	
2,505	0,16	
2,51	0,11	
2,515	0,12	
2,52	0,16	
2,525	0,26	
2,53	0,35	
2,535	0,41	
2,54	0,39	
2,545	0,33	
2,55	0,29	
2,555	0,27	
2,56	0,31	
2,565	0,4	
2,57	0,48	
2,575	0,54	
2,58	0,55	
2,585	0,48	
2,59	0,43	
2,595	0,4	
2,6	0,43	
2,605	0,5	
2,61	0,59	
2,615	0,65	
2,62	0,68	
2,625	0,64	
2,63	0,55	
2,635	0,52	
2,64	0,53	
2,645	0,58	
2,65	0,66	
2,655	0,72	
2,66	0,76	
2,665	0,73	
2,67	0,68	
2,675	0,62	
2,68	0,59	
2,685	0,63	
2,69	0,7	
2,695	0,78	
2,7	0,81	
2,705	0,79	
2,71	0,74	
2,715	0,68	
2,72	0,64	
2,725	0,65	
2,73	0,72	
2,735	0,78	
2,74	0,82	
2,745	0,82	
2,75	0,77	
2,755	0,7	
2,76	0,64	
2,765	0,63	
2,77	0,69	
2,775	0,75	
2,78	0,79	
2,785	0,79	
2,79	0,75	
2,795	0,67	
2,8	0,61	
2,805	0,59	
2,81	0,6	
2,815	0,69	
2,82	0,74	
2,825	0,74	
2,83	0,69	
2,835	0,62	
2,84	0,55	
2,845	0,51	
2,85	0,52	
2,855	0,57	
2,86	0,64	
2,865	0,65	
2,87	0,61	
2,875	0,54	
2,88	0,46	
2,885	0,41	
2,89	0,4	
2,895	0,44	
2,9	0,5	
2,905	0,54	
2,91	0,51	
2,915	0,44	
2,92	0,35	
2,925	0,29	
2,93	0,27	
2,935	0,29	
2,94	0,34	
2,945	0,39	
2,95	0,38	
2,955	0,31	
2,96	0,23	
2,965	0,15	
2,97	0,11	
2,975	0,12	
2,98	0,17	
2,985	0,22	
2,99	0,22	
2,995	0,16	
3,0	0,08	
3,005	0	
3,01	-0,04	
3,015	-0,04	
3,02	0	
3,025	0,04	
3,03	0,06	
3,035	0,04	
3,04	-0,07	
3,045	-0,14	
3,05	-0,2	
3,055	-0,2	
3,06	-0,17	
3,065	-0,14	
3,07	-0,11	
3,075	-0,12	
3,08	-0,18	
3,085	-0,3	
3,09	-0,36	
3,095	-0,37	
3,1	-0,35	
3,105	-0,31	
3,11	-0,27	
3,115	-0,27	
3,12	-0,32	
3,125	-0,39	
3,13	-0,46	
3,135	-0,52	
3,14	-0,5	
3,145	-0,45	
3,15	-0,41	
3,155	-0,41	
3,16	-0,44	
3,165	-0,51	
3,17	-0,59	
3,175	-0,64	
3,18	-0,63	
3,185	-0,59	
3,19	-0,55	
3,195	-0,53	
3,2	-0,55	
3,205	-0,6	
3,21	-0,67	
3,215	-0,72	
3,22	-0,74	
3,225	-0,69	
3,23	-0,64	
3,235	-0,62	
3,24	-0,63	
3,245	-0,67	
3,25	-0,73	
3,255	-0,78	
3,26	-0,8	
3,265	-0,78	
3,27	-0,71	
3,275	-0,67	
3,28	-0,68	
3,285	-0,71	
3,29	-0,77	
3,295	-0,82	
3,3	-0,84	
3,305	-0,82	
3,31	-0,77	
3,315	-0,7	
3,32	-0,69	
3,325	-0,71	
3,33	-0,77	
3,335	-0,82	
3,34	-0,84	
3,345	-0,82	
3,35	-0,77	
3,355	-0,72	
3,36	-0,67	
3,365	-0,68	
3,37	-0,73	
3,375	-0,78	
3,38	-0,81	
3,385	-0,8	
3,39	-0,76	
3,395	-0,69	
3,4	-0,64	
3,405	-0,62	
3,41	-0,66	
3,415	-0,7	
3,42	-0,73	
3,425	-0,73	
3,43	-0,69	
3,435	-0,62	
3,44	-0,56	
3,445	-0,53	
3,45	-0,55	
3,455	-0,6	
3,46	-0,63	
3,465	-0,63	
3,47	-0,6	
3,475	-0,53	
3,48	-0,47	
3,485	-0,43	
3,49	-0,43	
3,495	-0,48	
3,5	-0,51	
3,505	-0,52	
3,51	-0,48	
3,515	-0,42	
3,52	-0,35	
3,525	-0,3	
3,53	-0,29	
3,535	-0,31	
3,54	-0,37	
3,545	-0,38	
3,55	-0,36	
3,555	-0,3	
3,56	-0,23	
3,565	-0,17	
3,57	-0,15	
3,575	-0,16	
3,58	-0,19	
3,585	-0,22	
3,59	-0,22	
3,595	-0,17	
3,6	-0,1	
3,605	-0,04	
3,61	0	
3,615	0	
3,62	-0,03	
3,625	-0,06	
3,63	-0,07	
3,635	-0,02	
3,64	0,04	
3,645	0,1	
3,65	0,14	
3,655	0,15	
3,66	0,13	
3,665	0,1	
3,67	0,09	
3,675	0,1	
3,68	0,18	
3,685	0,24	
3,69	0,28	
3,695	0,29	
3,7	0,27	
3,705	0,24	
3,71	0,22	
3,715	0,23	
3,72	0,27	
3,725	0,36	
3,73	0,4	
3,735	0,41	
3,74	0,4	
3,745	0,36	
3,75	0,33	
3,755	0,34	
3,76	0,37	
3,765	0,43	
3,77	0,5	
3,775	0,52	
3,78	0,51	
3,785	0,47	
3,79	0,44	
3,795	0,43	
3,8	0,45	
3,805	0,5	
3,81	0,55	
3,815	0,6	
3,82	0,59	
3,825	0,56	
3,83	0,52	
3,835	0,5	
3,84	0,51	
3,845	0,55	
3,85	0,6	
3,855	0,64	
3,86	0,63	
3,865	0,6	
3,87	0,56	
3,875	0,54	
3,88	0,54	
3,885	0,57	
3,89	0,61	
3,895	0,65	
3,9	0,65	
3,905	0,62	
3,91	0,57	
3,915	0,54	
3,92	0,53	
3,925	0,56	
3,93	0,6	
3,935	0,63	
3,94	0,65	
3,945	0,63	
3,95	0,56	
3,955	0,51	
3,96	0,5	
3,965	0,51	
3,97	0,55	
3,975	0,59	
3,98	0,6	
3,985	0,59	
3,99	0,55	
3,995	0,47	
4,0	0,44	
4,005	0,44	
4,01	0,47	
4,015	0,51	
4,02	0,53	
4,025	0,52	
4,03	0,49	
4,035	0,43	
4,04	0,39	
4,045	0,36	
4,05	0,38	
4,055	0,41	
4,06	0,44	
4,065	0,43	
4,07	0,4	
4,075	0,34	
4,08	0,29	
4,085	0,26	
4,09	0,27	
4,095	0,3	
4,1	0,32	
4,105	0,32	
4,11	0,29	
4,115	0,24	
4,12	0,18	
4,125	0,15	
4,13	0,14	
4,135	0,17	
4,14	0,19	
4,145	0,2	
4,15	0,17	
4,155	0,12	
4,16	0,07	
4,165	0,02	
4,17	0,01	
4,175	0,02	
4,18	0,06	
4,185	0,07	
4,19	0,06	
4,195	0,01	
4,2	-0,04	
4,205	-0,09	
4,21	-0,11	
4,215	-0,11	
4,22	-0,08	
4,225	-0,06	
4,23	-0,07	
4,235	-0,1	
4,24	-0,16	
4,245	-0,2	
4,25	-0,23	
4,255	-0,23	
4,26	-0,21	
4,265	-0,19	
4,27	-0,18	
4,275	-0,21	
4,28	-0,26	
4,285	-0,31	
4,29	-0,34	
4,295	-0,34	
4,3	-0,32	
4,305	-0,3	
4,31	-0,28	
4,315	-0,31	
4,32	-0,35	
4,325	-0,39	
4,33	-0,42	
4,335	-0,43	
4,34	-0,41	
4,345	-0,38	
4,35	-0,37	
4,355	-0,37	
4,36	-0,41	
4,365	-0,46	
4,37	-0,49	
4,375	-0,5	
4,38	-0,48	
4,385	-0,46	
4,39	-0,44	
4,395	-0,43	
4,4	-0,45	
4,405	-0,51	
4,41	-0,54	
4,415	-0,55	
4,42	-0,54	
4,425	-0,51	
4,43	-0,48	
4,435	-0,46	
4,44	-0,47	
4,445	-0,5	
4,45	-0,56	
4,455	-0,57	
4,46	-0,56	
4,465	-0,53	
4,47	-0,49	
4,475	-0,47	
4,48	-0,47	
4,485	-0,5	
4,49	-0,54	
4,495	-0,56	
4,5	-0,56	
4,505	-0,53	
4,51	-0,49	
4,515	-0,46	
4,52	-0,45	
4,525	-0,47	
4,53	-0,5	
4,535	-0,53	
4,54	-0,53	
4,545	-0,5	
4,55	-0,46	
4,555	-0,43	
4,56	-0,42	
4,565	-0,43	
4,57	-0,45	
4,575	-0,47	
4,58	-0,48	
4,585	-0,47	
4,59	-0,41	
4,595	-0,38	
4,6	-0,36	
4,605	-0,36	
4,61	-0,38	
4,615	-0,4	
4,62	-0,41	
4,625	-0,4	
4,63	-0,37	
4,635	-0,31	
4,64	-0,28	
4,645	-0,27	
4,65	-0,29	
4,655	-0,31	
4,66	-0,33	
4,665	-0,32	
4,67	-0,29	
4,675	-0,25	
4,68	-0,19	
4,685	-0,18	
4,69	-0,19	
4,695	-0,21	
4,7	-0,23	
4,705	-0,23	
4,71	-0,2	
4,715	-0,17	
4,72	-0,12	
4,725	-0,09	
4,73	-0,1	
4,735	-0,11	
4,74	-0,13	
4,745	-0,13	
4,75	-0,11	
4,755	-0,07	
4,76	-0,03	
4,765	0,01	
4,77	0,01	
4,775	0	
4,78	-0,02	
4,785	-0,03	
4,79	-0,01	
4,795	0,03	
4,8	0,06	
4,805	0,09	
4,81	0,1	
4,815	0,08	
4,82	0,07	
4,825	0,06	
4,83	0,07	
4,835	0,1	
4,84	0,14	
4,845	0,17	
4,85	0,19	
4,855	0,19	
4,86	0,16	
4,865	0,14	
4,87	0,15	
4,875	0,17	
4,88	0,21	
4,885	0,24	
4,89	0,26	
4,895	0,26	
4,9	0,24	
4,905	0,21	
4,91	0,21	
4,915	0,22	
4,92	0,25	
4,925	0,29	
4,93	0,31	
4,935	0,32	
4,94	0,3	
4,945	0,28	
4,95	0,26	
4,955	0,27	
4,96	0,29	
4,965	0,33	
4,97	0,35	
4,975	0,35	
4,98	0,33	
4,985	0,31	
4,99	0,29	
4,995	0,28	
5,0	0,31	
5,005	0,34	
5,01	0,36	
5,015	0,37	
5,02	0,35	
5,025	0,32	
5,03	0,3	
5,035	0,28	
5,04	0,29	
5,045	0,33	
5,05	0,36	
5,055	0,36	
5,06	0,35	
5,065	0,32	
5,07	0,29	
5,075	0,27	
5,08	0,27	
5,085	0,3	
5,09	0,33	
5,095	0,34	
5,1	0,33	
5,105	0,3	
5,11	0,27	
5,115	0,24	
5,12	0,24	
5,125	0,25	
5,13	0,27	
5,135	0,3	
5,14	0,29	
5,145	0,27	
5,15	0,23	
5,155	0,21	
5,16	0,2	
5,165	0,2	
5,17	0,22	
5,175	0,24	
5,18	0,24	
5,185	0,21	
5,19	0,18	
5,195	0,15	
5,2	0,14	
5,205	0,13	
5,21	0,15	
5,215	0,17	
5,22	0,17	
5,225	0,15	
5,23	0,12	
5,235	0,09	
5,24	0,07	
5,245	0,07	
5,25	0,09	
5,255	0,11	
5,26	0,11	
5,265	0,1	
5,27	0,06	
5,275	0,02	
5,28	0	
5,285	-0,01	
5,29	0,01	
5,295	0,03	
5,3	0,04	
5,305	0,04	
5,31	0,01	
5,315	-0,04	
5,32	-0,07	
5,325	-0,08	
5,33	-0,07	
5,335	-0,05	
5,34	-0,03	
5,345	-0,03	
5,35	-0,05	
5,355	-0,08	
5,36	-0,11	
5,365	-0,13	
5,37	-0,13	
5,375	-0,11	
5,38	-0,1	
5,385	-0,09	
5,39	-0,11	
5,395	-0,13	
5,4	-0,16	
5,405	-0,18	
5,41	-0,18	
5,415	-0,17	
5,42	-0,15	
5,425	-0,14	
5,43	-0,15	
5,435	-0,17	
5,44	-0,2	
5,445	-0,22	
5,45	-0,23	
5,455	-0,21	
5,46	-0,19	
5,465	-0,18	
5,47	-0,18	
5,475	-0,2	
5,48	-0,22	
5,485	-0,25	
5,49	-0,26	
5,495	-0,25	
5,5	-0,22	
5,505	-0,2	
5,51	-0,19	
5,515	-0,21	
5,52	-0,23	
5,525	-0,25	
5,53	-0,26	
5,535	-0,26	
5,54	-0,24	
5,545	-0,21	
5,55	-0,2	
5,555	-0,21	
5,56	-0,23	
5,565	-0,25	
5,57	-0,26	
5,575	-0,26	
5,58	-0,24	
5,585	-0,22	
5,59	-0,19	
5,595	-0,19	
5,6	-0,21	
5,605	-0,23	
5,61	-0,24	
5,615	-0,24	
5,62	-0,23	
5,625	-0,2	
5,63	-0,18	
5,635	-0,17	
5,64	-0,17	
5,645	-0,19	
5,65	-0,2	
5,655	-0,21	
5,66	-0,19	
5,665	-0,17	
5,67	-0,14	
5,675	-0,13	
5,68	-0,14	
5,685	-0,15	
5,69	-0,17	
5,695	-0,17	
5,7	-0,16	
5,705	-0,13	
5,71	-0,11	
5,715	-0,09	
5,72	-0,08	
5,725	-0,1	
5,73	-0,11	
5,735	-0,11	
5,74	-0,11	
5,745	-0,08	
5,75	-0,06	
5,755	-0,04	
5,76	-0,03	
5,765	-0,04	
5,77	-0,06	
5,775	-0,06	
5,78	-0,06	
5,785	-0,04	
5,79	-0,01	
5,795	0,02	
5,8	0,02	
5,805	0,02	
5,81	0,01	
5,815	-0,01	
5,82	-0,01	
5,825	0,01	
5,83	0,03	
5,835	0,06	
5,84	0,07	
5,845	0,07	
5,85	0,06	
5,855	0,05	
5,86	0,04	
5,865	0,05	
5,87	0,08	
5,875	0,1	
5,88	0,11	
5,885	0,11	
5,89	0,11	
5,895	0,09	
5,9	0,08	
5,905	0,08	
5,91	0,11	
5,915	0,13	
5,92	0,15	
5,925	0,15	
5,93	0,14	
5,935	0,12	
5,94	0,11	
5,945	0,11	
5,95	0,13	
5,955	0,16	
5,96	0,18	
5,965	0,18	
5,97	0,17	
5,975	0,15	
5,98	0,13	
5,985	0,13	
5,99	0,14	
5,995	0,16	
6,0	0,19	
6,005	0,19	
6,01	0,18	
6,015	0,16	
6,02	0,14	
6,025	0,13	
6,03	0,13	
6,035	0,15	
6,04	0,17	
6,045	0,19	
6,05	0,18	
6,055	0,16	
6,06	0,14	
6,065	0,12	
6,07	0,12	
6,075	0,13	
6,08	0,15	
6,085	0,16	
6,09	0,16	
6,095	0,14	
6,1	0,12	
6,105	0,11	
6,11	0,1	
6,115	0,11	
6,12	0,12	
6,125	0,13	
6,13	0,14	
6,135	0,12	
6,14	0,09	
6,145	0,07	
6,15	0,06	
6,155	0,07	
6,16	0,08	
6,165	0,1	
6,17	0,1	
6,175	0,09	
6,18	0,05	
6,185	0,03	
6,19	0,01	
6,195	0,01	
6,2	0,02	
6,205	0,03	
6,21	0,04	
6,215	0,04	
6,22	0,02	
6,225	0,02	
6,23	-0,03	
6,235	-0,04	
6,24	-0,03	
6,245	-0,02	
6,25	-0,01	
6,255	-0,02	
6,26	-0,03	
6,265	-0,06	
6,27	-0,08	
6,275	-0,09	
6,28	-0,09	
6,285	-0,08	
6,29	-0,07	
6,295	-0,07	
6,3	-0,08	
6,305	-0,11	
6,31	-0,13	
6,315	-0,15	
6,32	-0,15	
6,325	-0,14	
6,33	-0,13	
6,335	-0,13	
6,34	-0,14	
6,345	-0,16	
6,35	-0,18	
6,355	-0,2	
6,36	-0,2	
6,365	-0,19	
6,37	-0,18	
6,375	-0,17	
6,38	-0,18	
6,385	-0,2	
6,39	-0,22	
6,395	-0,23	
6,4	-0,24	
6,405	-0,24	
6,41	-0,22	
6,415	-0,21	
6,42	-0,22	
6,425	-0,23	
6,43	-0,25	
6,435	-0,26	
6,44	-0,27	
6,445	-0,26	
6,45	-0,25	
6,455	-0,23	
6,46	-0,24	
6,465	-0,25	
6,47	-0,26	
6,475	-0,28	
6,48	-0,28	
6,485	-0,27	
6,49	-0,26	
6,495	-0,25	
6,5	-0,24	
6,505	-0,25	
6,51	-0,26	
6,515	-0,28	
6,52	-0,28	
6,525	-0,28	
6,53	-0,27	
6,535	-0,25	
6,54	-0,23	
6,545	-0,23	
6,55	-0,24	
6,555	-0,25	
6,56	-0,26	
6,565	-0,26	
6,57	-0,25	
6,575	-0,23	
6,58	-0,21	
6,585	-0,2	
6,59	-0,21	
6,595	-0,23	
6,6	-0,24	
6,605	-0,23	
6,61	-0,22	
6,615	-0,2	
6,62	-0,18	
6,625	-0,16	
6,63	-0,16	
6,635	-0,17	
6,64	-0,18	
6,645	-0,18	
6,65	-0,17	
6,655	-0,15	
6,66	-0,13	
6,665	-0,12	
6,67	-0,11	
6,675	-0,11	
6,68	-0,12	
6,685	-0,12	
6,69	-0,11	
6,695	-0,09	
6,7	-0,06	
6,705	-0,04	
6,71	-0,04	
6,715	-0,04	
6,72	-0,04	
6,725	-0,05	
6,73	-0,04	
6,735	-0,02	
6,74	0	
6,745	0,02	
6,75	0,04	
6,755	0,04	
6,76	0,04	
6,765	0,03	
6,77	0,03	
6,775	0,06	
6,78	0,08	
6,785	0,1	
6,79	0,11	
6,795	0,12	
6,8	0,11	
6,805	0,11	
6,81	0,11	
6,815	0,12	
6,82	0,15	
6,825	0,17	
6,83	0,19	
6,835	0,19	
6,84	0,19	
6,845	0,19	
6,85	0,18	
6,855	0,19	
6,86	0,21	
6,865	0,24	
6,87	0,26	
6,875	0,26	
6,88	0,26	
6,885	0,25	
6,89	0,25	
6,895	0,25	
6,9	0,27	
6,905	0,29	
6,91	0,31	
6,915	0,32	
6,92	0,32	
6,925	0,31	
6,93	0,31	
6,935	0,31	
6,94	0,32	
6,945	0,34	
6,95	0,35	
6,955	0,36	
6,96	0,36	
6,965	0,35	
6,97	0,34	
6,975	0,34	
6,98	0,35	
6,985	0,37	
6,99	0,38	
6,995	0,39	
7,0	0,39	
7,005	0,38	
7,01	0,37	
7,015	0,36	
7,02	0,37	
7,025	0,37	
7,03	0,39	
7,035	0,4	
7,04	0,4	
7,045	0,38	
7,05	0,37	
7,055	0,36	
7,06	0,36	
7,065	0,36	
7,07	0,37	
7,075	0,38	
7,08	0,38	
7,085	0,38	
7,09	0,35	
7,095	0,34	
7,1	0,33	
7,105	0,33	
7,11	0,34	
7,115	0,35	
7,12	0,35	
7,125	0,34	
7,13	0,32	
7,135	0,29	
7,14	0,28	
7,145	0,28	
7,15	0,28	
7,155	0,29	
7,16	0,3	
7,165	0,28	
7,17	0,27	
7,175	0,25	
7,18	0,23	
7,185	0,22	
7,19	0,22	
7,195	0,22	
7,2	0,22	
7,205	0,21	
7,21	0,19	
7,215	0,17	
7,22	0,15	
7,225	0,13	
7,23	0,13	
7,235	0,13	
7,24	0,13	
7,245	0,13	
7,25	0,11	
7,255	0,08	
7,26	0,06	
7,265	0,04	
7,27	0,03	
7,275	0,03	
7,28	0,03	
7,285	0,02	
7,29	0,01	
7,295	-0,01	
7,3	-0,04	
7,305	-0,06	
7,31	-0,07	
7,315	-0,07	
7,32	-0,08	
7,325	-0,08	
7,33	-0,1	
7,335	-0,12	
7,34	-0,14	
7,345	-0,16	
7,35	-0,18	
7,355	-0,18	
7,36	-0,18	
7,365	-0,19	
7,37	-0,19	
7,375	-0,21	
7,38	-0,24	
7,385	-0,26	
7,39	-0,27	
7,395	-0,28	
7,4	-0,28	
7,405	-0,28	
7,41	-0,29	
7,415	-0,31	
7,42	-0,33	
7,425	-0,35	
7,43	-0,37	
7,435	-0,37	
7,44	-0,37	
7,445	-0,37	
7,45	-0,38	
7,455	-0,39	
7,46	-0,41	
7,465	-0,43	
7,47	-0,44	
7,475	-0,45	
7,48	-0,45	
7,485	-0,44	
7,49	-0,44	
7,495	-0,45	
7,5	-0,47	
7,505	-0,49	
7,51	-0,5	
7,515	-0,51	
7,52	-0,5	
7,525	-0,5	
7,53	-0,49	
7,535	-0,5	
7,54	-0,51	
7,545	-0,53	
7,55	-0,54	
7,555	-0,54	
7,56	-0,54	
7,565	-0,53	
7,57	-0,52	
7,575	-0,52	
7,58	-0,53	
7,585	-0,54	
7,59	-0,55	
7,595	-0,55	
7,6	-0,55	
7,605	-0,54	
7,61	-0,53	
7,615	-0,52	
7,62	-0,53	
7,625	-0,53	
7,63	-0,53	
7,635	-0,54	
7,64	-0,53	
7,645	-0,52	
7,65	-0,5	
7,655	-0,49	
7,66	-0,49	
7,665	-0,49	
7,67	-0,5	
7,675	-0,5	
7,68	-0,49	
7,685	-0,47	
7,69	-0,45	
7,695	-0,44	
7,7	-0,43	
7,705	-0,43	
7,71	-0,43	
7,715	-0,43	
7,72	-0,42	
7,725	-0,41	
7,73	-0,38	
7,735	-0,36	
7,74	-0,35	
7,745	-0,34	
7,75	-0,34	
7,755	-0,34	
7,76	-0,33	
7,765	-0,32	
7,77	-0,3	
7,775	-0,27	
7,78	-0,25	
7,785	-0,24	
7,79	-0,23	
7,795	-0,23	
7,8	-0,22	
7,805	-0,21	
7,81	-0,18	
7,815	-0,16	
7,82	-0,13	
7,825	-0,12	
7,83	-0,12	
7,835	-0,11	
7,84	-0,1	
7,845	-0,09	
7,85	-0,06	
7,855	-0,04	
7,86	-0,02	
7,865	0,01	
7,87	0,02	
7,875	0,02	
7,88	0,03	
7,885	0,04	
7,89	0,06	
7,895	0,08	
7,9	0,11	
7,905	0,13	
7,91	0,15	
7,915	0,16	
7,92	0,17	
7,925	0,18	
7,93	0,19	
7,935	0,22	
7,94	0,24	
7,945	0,26	
7,95	0,27	
7,955	0,28	
7,96	0,29	
7,965	0,3	
7,97	0,31	
7,975	0,33	
7,98	0,36	
7,985	0,37	
7,99	0,39	
7,995	0,4	
8,0	0,4	
8,005	0,41	
8,01	0,42	
8,015	0,44	
8,02	0,46	
8,025	0,48	
8,03	0,49	
8,035	0,49	
8,04	0,5	
8,045	0,5	
8,05	0,51	
8,055	0,52	
8,06	0,54	
8,065	0,56	
8,07	0,57	
8,075	0,57	
8,08	0,58	
8,085	0,57	
8,09	0,57	
8,095	0,59	
8,1	0,6	
8,105	0,62	
8,11	0,63	
8,115	0,63	
8,12	0,63	
8,125	0,62	
8,13	0,62	
8,135	0,62	
8,14	0,64	
8,145	0,65	
8,15	0,66	
8,155	0,66	
8,16	0,65	
8,165	0,64	
8,17	0,64	
8,175	0,63	
8,18	0,64	
8,185	0,64	
8,19	0,65	
8,195	0,64	
8,2	0,64	
8,205	0,63	
8,21	0,62	
8,215	0,61	
8,22	0,61	
8,225	0,61	
8,23	0,61	
8,235	0,61	
8,24	0,6	
8,245	0,58	
8,25	0,57	
8,255	0,55	
8,26	0,55	
8,265	0,55	
8,27	0,55	
8,275	0,54	
8,28	0,53	
8,285	0,51	
8,29	0,49	
8,295	0,48	
8,3	0,46	
8,305	0,46	
8,31	0,45	
8,315	0,45	
8,32	0,43	
8,325	0,41	
8,33	0,39	
8,335	0,37	
8,34	0,36	
8,345	0,35	
8,35	0,34	
8,355	0,33	
8,36	0,32	
8,365	0,29	
8,37	0,27	
8,375	0,25	
8,38	0,23	
8,385	0,22	
8,39	0,21	
8,395	0,2	
8,4	0,18	
8,405	0,17	
8,41	0,13	
8,415	0,11	
8,42	0,09	
8,425	0,07	
8,43	0,06	
8,435	0,05	
8,44	0,04	
8,445	0,02	
8,45	0	
8,455	-0,04	
8,46	-0,06	
8,465	-0,08	
8,47	-0,09	
8,475	-0,1	
8,48	-0,11	
8,485	-0,13	
8,49	-0,15	
8,495	-0,17	
8,5	-0,21	
8,505	-0,23	
8,51	-0,24	
8,515	-0,25	
8,52	-0,26	
8,525	-0,27	
8,53	-0,29	
8,535	-0,32	
8,54	-0,34	
8,545	-0,36	
8,55	-0,38	
8,555	-0,38	
8,56	-0,39	
8,565	-0,41	
8,57	-0,43	
8,575	-0,45	
8,58	-0,47	
8,585	-0,49	
8,59	-0,5	
8,595	-0,51	
8,6	-0,52	
8,605	-0,53	
8,61	-0,54	
8,615	-0,56	
8,62	-0,58	
8,625	-0,59	
8,63	-0,61	
8,635	-0,61	
8,64	-0,61	
8,645	-0,62	
8,65	-0,63	
8,655	-0,64	
8,66	-0,66	
8,665	-0,67	
8,67	-0,68	
8,675	-0,68	
8,68	-0,68	
8,685	-0,68	
8,69	-0,69	
8,695	-0,7	
8,7	-0,71	
8,705	-0,72	
8,71	-0,73	
8,715	-0,73	
8,72	-0,73	
8,725	-0,73	
8,73	-0,72	
8,735	-0,73	
8,74	-0,73	
8,745	-0,74	
8,75	-0,74	
8,755	-0,74	
8,76	-0,73	
8,765	-0,72	
8,77	-0,71	
8,775	-0,71	
8,78	-0,72	
8,785	-0,72	
8,79	-0,72	
8,795	-0,72	
8,8	-0,71	
8,805	-0,7	
8,81	-0,68	
8,815	-0,67	
8,82	-0,67	
8,825	-0,67	
8,83	-0,67	
8,835	-0,66	
8,84	-0,64	
8,845	-0,63	
8,85	-0,62	
8,855	-0,6	
8,86	-0,59	
8,865	-0,59	
8,87	-0,58	
8,875	-0,57	
8,88	-0,55	
8,885	-0,54	
8,89	-0,52	
8,895	-0,5	
8,9	-0,49	
8,905	-0,48	
8,91	-0,47	
8,915	-0,45	
8,92	-0,44	
8,925	-0,42	
8,93	-0,4	
8,935	-0,38	
8,94	-0,36	
8,945	-0,34	
8,95	-0,33	
8,955	-0,31	
8,96	-0,29	
8,965	-0,27	
8,97	-0,25	
8,975	-0,23	
8,98	-0,21	
8,985	-0,2	
8,99	-0,19	
8,995	-0,17	
9,0	-0,15	
9,005	-0,12	
9,01	-0,1	
9,015	-0,08	
9,02	-0,06	
9,025	-0,04	
9,03	-0,03	
9,035	-0,01	
9,04	0,01	
9,045	0,03	
9,05	0,06	
9,055	0,09	
9,06	0,11	
9,065	0,12	
9,07	0,14	
9,075	0,16	
9,08	0,17	
9,085	0,19	
9,09	0,21	
9,095	0,24	
9,1	0,26	
9,105	0,28	
9,11	0,29	
9,115	0,31	
9,12	0,32	
9,125	0,34	
9,13	0,36	
9,135	0,38	
9,14	0,41	
9,145	0,42	
9,15	0,44	
9,155	0,45	
9,16	0,46	
9,165	0,47	
9,17	0,49	
9,175	0,51	
9,18	0,53	
9,185	0,55	
9,19	0,56	
9,195	0,57	
9,2	0,58	
9,205	0,59	
9,21	0,61	
9,215	0,62	
9,22	0,64	
9,225	0,65	
9,23	0,66	
9,235	0,67	
9,24	0,67	
9,245	0,68	
9,25	0,68	
9,255	0,69	
9,26	0,71	
9,265	0,71	
9,27	0,72	
9,275	0,73	
9,28	0,73	
9,285	0,73	
9,29	0,73	
9,295	0,74	
9,3	0,75	
9,305	0,75	
9,31	0,76	
9,315	0,76	
9,32	0,75	
9,325	0,75	
9,33	0,75	
9,335	0,75	
9,34	0,76	
9,345	0,76	
9,35	0,75	
9,355	0,75	
9,36	0,75	
9,365	0,74	
9,37	0,74	
9,375	0,73	
9,38	0,73	
9,385	0,73	
9,39	0,72	
9,395	0,71	
9,4	0,7	
9,405	0,7	
9,41	0,68	
9,415	0,67	
9,42	0,67	
9,425	0,66	
9,43	0,65	
9,435	0,64	
9,44	0,63	
9,445	0,61	
9,45	0,6	
9,455	0,59	
9,46	0,57	
9,465	0,56	
9,47	0,55	
9,475	0,53	
9,48	0,52	
9,485	0,51	
9,49	0,49	
9,495	0,48	
9,5	0,46	
9,505	0,44	
9,51	0,43	
9,515	0,41	
9,52	0,39	
9,525	0,37	
9,53	0,35	
9,535	0,33	
9,54	0,32	
9,545	0,3	
9,55	0,28	
9,555	0,27	
9,56	0,25	
9,565	0,23	
9,57	0,2	
9,575	0,19	
9,58	0,17	
9,585	0,15	
9,59	0,14	
9,595	0,11	
9,6	0,09	
9,605	0,07	
9,61	0,04	
9,615	0,02	
9,62	0	
9,625	-0,02	
9,63	-0,04	
9,635	-0,05	
9,64	-0,08	
9,645	-0,1	
9,65	-0,12	
9,655	-0,14	
9,66	-0,16	
9,665	-0,18	
9,67	-0,2	
9,675	-0,21	
9,68	-0,22	
9,685	-0,25	
9,69	-0,27	
9,695	-0,29	
9,7	-0,31	
9,705	-0,33	
9,71	-0,35	
9,715	-0,36	
9,72	-0,38	
9,725	-0,39	
9,73	-0,42	
9,735	-0,44	
9,74	-0,46	
9,745	-0,47	
9,75	-0,48	
9,755	-0,49	
9,76	-0,5	
9,765	-0,52	
9,77	-0,53	
9,775	-0,55	
9,78	-0,57	
9,785	-0,58	
9,79	-0,59	
9,795	-0,6	
9,8	-0,61	
9,805	-0,62	
9,81	-0,63	
9,815	-0,64	
9,82	-0,66	
9,825	-0,67	
9,83	-0,68	
9,835	-0,68	
9,84	-0,69	
9,845	-0,69	
9,85	-0,7	
9,855	-0,71	
9,86	-0,72	
9,865	-0,73	
9,87	-0,73	
9,875	-0,73	
9,88	-0,73	
9,885	-0,73	
9,89	-0,73	
9,895	-0,74	
9,9	-0,74	
9,905	-0,75	
9,91	-0,75	
9,915	-0,75	
9,92	-0,74	
9,925	-0,74	
9,93	-0,74	
9,935	-0,74	
9,94	-0,74	
9,945	-0,74	
9,95	-0,73	
9,955	-0,73	
9,96	-0,72	
9,965	-0,71	
9,97	-0,7	
9,975	-0,7	
9,98	-0,7	
9,985	-0,69	
9,99	-0,69	
9,995	-0,68	
10,0	-0,66	
10,005	-0,65	
10,01	-0,64	
10,015	-0,63	
10,02	-0,62	
10,025	-0,62	
10,03	-0,6	
10,035	-0,59	
10,04	-0,58	
10,045	-0,56	
10,05	-0,54	
10,055	-0,53	
10,06	-0,52	
10,065	-0,51	
10,07	-0,5	
10,075	-0,48	
10,08	-0,47	
10,085	-0,45	
10,09	-0,43	
10,095	-0,41	
10,1	-0,4	
10,105	-0,39	
10,11	-0,37	
10,115	-0,36	
10,12	-0,34	
10,125	-0,32	
10,13	-0,3	
10,135	-0,28	
10,14	-0,26	
10,145	-0,24	
10,15	-0,23	
10,155	-0,22	
10,16	-0,2	
10,165	-0,17	
10,17	-0,15	
10,175	-0,13	
10,18	-0,11	
10,185	-0,09	
10,19	-0,08	
10,195	-0,06	
10,2	-0,04	
10,205	-0,02	
10,21	0	
10,215	0,02	
10,22	0,04	
10,225	0,06	
10,23	0,08	
10,235	0,09	
10,24	0,11	
10,245	0,13	
10,25	0,16	
10,255	0,17	
10,26	0,19	
10,265	0,21	
10,27	0,23	
10,275	0,25	
10,28	0,26	
10,285	0,28	
10,29	0,3	
10,295	0,32	
10,3	0,33	
10,305	0,35	
10,31	0,36	
10,315	0,37	
10,32	0,39	
10,325	0,4	
10,33	0,42	
10,335	0,44	
10,34	0,45	
10,345	0,47	
10,35	0,48	
10,355	0,48	
10,36	0,49	
10,365	0,51	
10,37	0,53	
10,375	0,54	
10,38	0,56	
10,385	0,57	
10,39	0,58	
10,395	0,58	
10,4	0,59	
10,405	0,59	
10,41	0,6	
10,415	0,61	
10,42	0,62	
10,425	0,63	
10,43	0,63	
10,435	0,64	
10,44	0,64	
10,445	0,65	
10,45	0,65	
10,455	0,66	
10,46	0,67	
10,465	0,67	
10,47	0,67	
10,475	0,67	
10,48	0,67	
10,485	0,67	
10,49	0,67	
10,495	0,67	
10,5	0,67	
10,505	0,68	
10,51	0,68	
10,515	0,67	
10,52	0,67	
10,525	0,66	
10,53	0,66	
10,535	0,65	
10,54	0,65	
10,545	0,65	
10,55	0,65	
10,555	0,64	
10,56	0,63	
10,565	0,62	
10,57	0,62	
10,575	0,61	
10,58	0,6	
10,585	0,6	
10,59	0,59	
10,595	0,58	
10,6	0,57	
10,605	0,56	
10,61	0,55	
10,615	0,54	
10,62	0,52	
10,625	0,52	
10,63	0,51	
10,635	0,5	
10,64	0,48	
10,645	0,46	
10,65	0,45	
10,655	0,44	
10,66	0,43	
10,665	0,41	
10,67	0,4	
10,675	0,39	
10,68	0,37	
10,685	0,35	
10,69	0,33	
10,695	0,32	
10,7	0,3	
10,705	0,29	
10,71	0,28	
10,715	0,26	
10,72	0,25	
10,725	0,23	
10,73	0,2	
10,735	0,19	
10,74	0,17	
10,745	0,16	
10,75	0,14	
10,755	0,13	
10,76	0,11	
10,765	0,1	
10,77	0,08	
10,775	0,05	
10,78	0,04	
10,785	0,02	
10,79	0,01	
10,795	-0,01	
10,8	-0,02	
10,805	-0,04	
10,81	-0,05	
10,815	-0,07	
10,82	-0,09	
10,825	-0,11	
10,83	-0,13	
10,835	-0,14	
10,84	-0,16	
10,845	-0,17	
10,85	-0,19	
10,855	-0,21	
10,86	-0,22	
10,865	-0,23	
10,87	-0,25	
10,875	-0,27	
10,88	-0,28	
10,885	-0,3	
10,89	-0,31	
10,895	-0,32	
10,9	-0,33	
10,905	-0,34	
10,91	-0,35	
10,915	-0,37	
10,92	-0,38	
10,925	-0,39	
10,93	-0,41	
10,935	-0,42	
10,94	-0,43	
10,945	-0,44	
10,95	-0,45	
10,955	-0,46	
10,96	-0,47	
10,965	-0,47	
10,97	-0,48	
10,975	-0,49	
10,98	-0,5	
10,985	-0,51	
10,99	-0,52	
10,995	-0,52	
11,0	-0,53	
11,005	-0,53	
11,01	-0,54	
11,015	-0,55	
11,02	-0,55	
11,025	-0,56	
11,03	-0,56	
11,035	-0,56	
11,04	-0,56	
11,045	-0,57	
11,05	-0,57	
11,055	-0,57	
11,06	-0,57	
11,065	-0,57	
11,07	-0,57	
11,075	-0,57	
11,08	-0,57	
11,085	-0,56	
11,09	-0,57	
11,095	-0,56	
11,1	-0,56	
11,105	-0,56	
11,11	-0,56	
11,115	-0,55	
11,12	-0,55	
11,125	-0,54	
11,13	-0,54	
11,135	-0,54	
11,14	-0,53	
11,145	-0,53	
11,15	-0,52	
11,155	-0,51	
11,16	-0,5	
11,165	-0,49	
11,17	-0,49	
11,175	-0,48	
11,18	-0,47	
11,185	-0,46	
11,19	-0,46	
11,195	-0,45	
11,2	-0,44	
11,205	-0,43	
11,21	-0,42	
11,215	-0,41	
11,22	-0,4	
11,225	-0,39	
11,23	-0,38	
11,235	-0,36	
11,24	-0,35	
11,245	-0,34	
11,25	-0,33	
11,255	-0,32	
11,26	-0,31	
11,265	-0,3	
11,27	-0,28	
11,275	-0,27	
11,28	-0,25	
11,285	-0,23	
11,29	-0,22	
11,295	-0,21	
11,3	-0,2	
11,305	-0,19	
11,31	-0,18	
11,315	-0,16	
11,32	-0,15	
11,325	-0,13	
11,33	-0,12	
11,335	-0,1	
11,34	-0,09	
11,345	-0,08	
11,35	-0,07	
11,355	-0,05	
11,36	-0,04	
11,365	-0,02	
11,37	0	
11,375	0,01	
11,38	0,02	
11,385	0,04	
11,39	0,05	
11,395	0,06	
11,4	0,07	
11,405	0,08	
11,41	0,1	
11,415	0,12	
11,42	0,13	
11,425	0,14	
11,43	0,15	
11,435	0,16	
11,44	0,17	
11,445	0,19	
11,45	0,2	
11,455	0,21	
11,46	0,23	
11,465	0,24	
11,47	0,25	
11,475	0,26	
11,48	0,27	
11,485	0,28	
11,49	0,29	
11,495	0,29	
11,5	0,3	
11,505	0,32	
11,51	0,32	
11,515	0,33	
11,52	0,34	
11,525	0,35	
11,53	0,35	
11,535	0,36	
11,54	0,37	
11,545	0,37	
11,55	0,38	
11,555	0,39	
11,56	0,39	
11,565	0,4	
11,57	0,4	
11,575	0,41	
11,58	0,41	
11,585	0,41	
11,59	0,42	
11,595	0,42	
11,6	0,42	
11,605	0,42	
11,61	0,43	
11,615	0,43	
11,62	0,43	
11,625	0,43	
11,63	0,43	
11,635	0,43	
11,64	0,43	
11,645	0,43	
11,65	0,43	
11,655	0,43	
11,66	0,43	
11,665	0,43	
11,67	0,42	
11,675	0,42	
11,68	0,42	
11,685	0,41	
11,69	0,41	
11,695	0,41	
11,7	0,41	
11,705	0,4	
11,71	0,4	
11,715	0,39	
11,72	0,39	
11,725	0,38	
11,73	0,37	
11,735	0,37	
11,74	0,36	
11,745	0,36	
11,75	0,35	
11,755	0,34	
11,76	0,34	
11,765	0,33	
11,77	0,32	
11,775	0,32	
11,78	0,31	
11,785	0,3	
11,79	0,29	
11,795	0,29	
11,8	0,27	
11,805	0,27	
11,81	0,26	
11,815	0,25	
11,82	0,24	
11,825	0,23	
11,83	0,22	
11,835	0,2	
11,84	0,19	
11,845	0,18	
11,85	0,17	
11,855	0,16	
11,86	0,15	
11,865	0,15	
11,87	0,13	
11,875	0,13	
11,88	0,12	
11,885	0,1	
11,89	0,09	
11,895	0,08	
11,9	0,07	
11,905	0,06	
11,91	0,06	
11,915	0,04	
11,92	0,03	
11,925	0,02	
11,93	0,01	
11,935	0	
11,94	-0,01	
11,945	-0,02	
11,95	-0,03	
11,955	-0,03	
11,96	-0,05	
11,965	-0,06	
11,97	-0,07	
11,975	-0,08	
11,98	-0,09	
11,985	-0,1	
11,99	-0,11	
11,995	-0,11	
12,0	-0,12	
12,005	-0,14	
12,01	-0,14	
12,015	-0,15	
12,02	-0,16	
12,025	-0,16	
12,03	-0,17	
12,035	-0,17	
12,04	-0,18	
12,045	-0,19	
12,05	-0,2	
12,055	-0,21	
12,06	-0,22	
12,065	-0,22	
12,07	-0,23	
12,075	-0,23	
12,08	-0,23	
12,085	-0,24	
12,09	-0,25	
12,095	-0,25	
12,1	-0,26	
12,105	-0,26	
12,11	-0,27	
12,115	-0,27	
12,12	-0,27	
12,125	-0,28	
12,13	-0,28	
12,135	-0,28	
12,14	-0,29	
12,145	-0,29	
12,15	-0,29	
12,155	-0,29	
12,16	-0,29	
12,165	-0,29	
12,17	-0,29	
12,175	-0,29	
12,18	-0,29	
12,185	-0,29	
12,19	-0,29	
12,195	-0,29	
12,2	-0,29	
12,205	-0,29	
12,21	-0,29	
12,215	-0,29	
12,22	-0,29	
12,225	-0,28	
12,23	-0,28	
12,235	-0,27	
12,24	-0,27	
12,245	-0,27	
12,25	-0,27	
12,255	-0,26	
12,26	-0,26	
12,265	-0,26	
12,27	-0,25	
12,275	-0,25	
12,28	-0,24	
12,285	-0,23	
12,29	-0,23	
12,295	-0,22	
12,3	-0,22	
12,305	-0,22	
12,31	-0,21	
12,315	-0,21	
12,32	-0,2	
12,325	-0,2	
12,33	-0,19	
12,335	-0,18	
12,34	-0,17	
12,345	-0,17	
12,35	-0,16	
12,355	-0,16	
12,36	-0,15	
12,365	-0,15	
12,37	-0,13	
12,375	-0,13	
12,38	-0,12	
12,385	-0,11	
12,39	-0,11	
12,395	-0,1	
12,4	-0,09	
12,405	-0,08	
12,41	-0,08	
12,415	-0,07	
12,42	-0,06	
12,425	-0,06	
12,43	-0,05	
12,435	-0,04	
12,44	-0,04	
12,445	-0,03	
12,45	-0,02	
12,455	-0,01	
12,46	-0,01	
12,465	0	
12,47	0,01	
12,475	0,01	
12,48	0,02	
12,485	0,03	
12,49	0,04	
12,495	0,04	
12,5	0,05	
12,505	0,06	
12,51	0,07	
12,515	0,07	
12,52	0,08	
12,525	0,08	
12,53	0,09	
12,535	0,1	
12,54	0,1	
12,545	0,11	
12,55	0,11	
12,555	0,12	
12,56	0,12	
12,565	0,13	
12,57	0,13	
12,575	0,14	
12,58	0,14	
12,585	0,14	
12,59	0,15	
12,595	0,15	
12,6	0,15	
12,605	0,16	
12,61	0,16	
12,615	0,16	
12,62	0,17	
12,625	0,17	
12,63	0,17	
12,635	0,17	
12,64	0,17	
12,645	0,17	
12,65	0,17	
12,655	0,18	
12,66	0,18	
12,665	0,18	
12,67	0,18	
12,675	0,18	
12,68	0,18	
12,685	0,19	
12,69	0,18	
12,695	0,18	
12,7	0,18	
12,705	0,18	
12,71	0,18	
12,715	0,18	
12,72	0,18	
12,725	0,18	
12,73	0,17	
12,735	0,17	
12,74	0,17	
12,745	0,17	
12,75	0,17	
12,755	0,17	
12,76	0,16	
12,765	0,16	
12,77	0,16	
12,775	0,15	
12,78	0,15	
12,785	0,14	
12,79	0,14	
12,795	0,13	
12,8	0,13	
12,805	0,12	
12,81	0,12	
12,815	0,11	
12,82	0,11	
12,825	0,1	
12,83	0,1	
12,835	0,09	
12,84	0,09	
12,845	0,08	
12,85	0,08	
12,855	0,07	
12,86	0,07	
12,865	0,06	
12,87	0,05	
12,875	0,05	
12,88	0,04	
12,885	0,03	
12,89	0,03	
12,895	0,02	
12,9	0,02	
12,905	0,01	
12,91	0,01	
12,915	0,01	
12,92	0	
12,925	-0,01	
12,93	-0,01	
12,935	-0,02	
12,94	-0,03	
12,945	-0,04	
12,95	-0,04	
12,955	-0,05	
12,96	-0,05	
12,965	-0,06	
12,97	-0,06	
12,975	-0,07	
12,98	-0,07	
12,985	-0,08	
12,99	-0,08	
12,995	-0,09	
13,0	-0,1	
13,005	-0,11	
13,01	-0,11	
13,015	-0,11	
13,02	-0,12	
13,025	-0,12	
13,03	-0,12	
13,035	-0,12	
13,04	-0,13	
13,045	-0,13	
13,05	-0,14	
13,055	-0,14	
13,06	-0,15	
13,065	-0,15	
13,07	-0,15	
13,075	-0,16	
13,08	-0,16	
13,085	-0,16	
13,09	-0,16	
13,095	-0,17	
13,1	-0,17	
13,105	-0,17	
13,11	-0,18	
13,115	-0,18	
13,12	-0,18	
13,125	-0,18	
13,13	-0,18	
13,135	-0,18	
13,14	-0,18	
13,145	-0,18	
13,15	-0,18	
13,155	-0,18	
13,16	-0,18	
13,165	-0,18	
13,17	-0,18	
13,175	-0,18	
13,18	-0,18	
13,185	-0,18	
13,19	-0,17	
13,195	-0,17	
13,2	-0,17	
13,205	-0,16	
13,21	-0,16	
13,215	-0,16	
13,22	-0,16	
13,225	-0,16	
13,23	-0,16	
13,235	-0,15	
13,24	-0,15	
13,245	-0,14	
13,25	-0,14	
13,255	-0,14	
13,26	-0,13	
13,265	-0,13	
13,27	-0,13	
13,275	-0,12	
13,28	-0,11	
13,285	-0,11	
13,29	-0,1	
13,295	-0,1	
13,3	-0,09	
13,305	-0,09	
13,31	-0,08	
13,315	-0,08	
13,32	-0,07	
13,325	-0,06	
13,33	-0,06	
13,335	-0,05	
13,34	-0,04	
13,345	-0,04	
13,35	-0,03	
13,355	-0,02	
13,36	-0,02	
13,365	-0,01	
13,37	0	
13,375	0,01	
13,38	0,01	
13,385	0,02	
13,39	0,03	
13,395	0,03	
13,4	0,04	
13,405	0,05	
13,41	0,06	
13,415	0,06	
13,42	0,07	
13,425	0,08	
13,43	0,08	
13,435	0,09	
13,44	0,1	
13,445	0,1	
13,45	0,11	
13,455	0,12	
13,46	0,13	
13,465	0,14	
13,47	0,14	
13,475	0,15	
13,48	0,15	
13,485	0,16	
13,49	0,16	
13,495	0,17	
13,5	0,18	
13,505	0,18	
13,51	0,19	
13,515	0,2	
13,52	0,2	
13,525	0,2	
13,53	0,21	
13,535	0,22	
13,54	0,22	
13,545	0,23	
13,55	0,24	
13,555	0,24	
13,56	0,24	
13,565	0,25	
13,57	0,25	
13,575	0,25	
13,58	0,26	
13,585	0,26	
13,59	0,26	
13,595	0,26	
13,6	0,27	
13,605	0,27	
13,61	0,27	
13,615	0,27	
13,62	0,28	
13,625	0,28	
13,63	0,28	
13,635	0,28	
13,64	0,28	
13,645	0,28	
13,65	0,28	
13,655	0,28	
13,66	0,28	
13,665	0,28	
13,67	0,28	
13,675	0,27	
13,68	0,27	
13,685	0,27	
13,69	0,27	
13,695	0,27	
13,7	0,27	
13,705	0,27	
13,71	0,26	
13,715	0,26	
13,72	0,26	
13,725	0,25	
13,73	0,25	
13,735	0,24	
13,74	0,24	
13,745	0,24	
13,75	0,23	
13,755	0,23	
13,76	0,22	
13,765	0,22	
13,77	0,21	
13,775	0,2	
13,78	0,2	
13,785	0,19	
13,79	0,18	
13,795	0,17	
13,8	0,17	
13,805	0,16	
13,81	0,16	
13,815	0,15	
13,82	0,14	
13,825	0,13	
13,83	0,12	
13,835	0,11	
13,84	0,1	
13,845	0,09	
13,85	0,08	
13,855	0,08	
13,86	0,07	
13,865	0,06	
13,87	0,05	
13,875	0,04	
13,88	0,03	
13,885	0,02	
13,89	0,01	
13,895	0	
13,9	-0,01	
13,905	-0,02	
13,91	-0,03	
13,915	-0,04	
13,92	-0,05	
13,925	-0,06	
13,93	-0,07	
13,935	-0,08	
13,94	-0,09	
13,945	-0,1	
13,95	-0,11	
13,955	-0,12	
13,96	-0,13	
13,965	-0,14	
13,97	-0,15	
13,975	-0,16	
13,98	-0,17	
13,985	-0,18	
13,99	-0,19	
13,995	-0,2	
14,0	-0,21	
14,005	-0,22	
14,01	-0,23	
14,015	-0,24	
14,02	-0,25	
14,025	-0,26	
14,03	-0,27	
14,035	-0,28	
14,04	-0,28	
14,045	-0,29	
14,05	-0,29	
14,055	-0,31	
14,06	-0,31	
14,065	-0,32	
14,07	-0,33	
14,075	-0,33	
14,08	-0,34	
14,085	-0,34	
14,09	-0,35	
14,095	-0,36	
14,1	-0,37	
14,105	-0,38	
14,11	-0,38	
14,115	-0,39	
14,12	-0,39	
14,125	-0,39	
14,13	-0,39	
14,135	-0,4	
14,14	-0,4	
14,145	-0,41	
14,15	-0,42	
14,155	-0,41	
14,16	-0,41	
14,165	-0,41	
14,17	-0,41	
14,175	-0,41	
14,18	-0,42	
14,185	-0,42	
14,19	-0,43	
14,195	-0,43	
14,2	-0,43	
14,205	-0,43	
14,21	-0,42	
14,215	-0,42	
14,22	-0,42	
14,225	-0,42	
14,23	-0,42	
14,235	-0,41	
14,24	-0,41	
14,245	-0,41	
14,25	-0,4	
14,255	-0,4	
14,26	-0,39	
14,265	-0,39	
14,27	-0,39	
14,275	-0,38	
14,28	-0,38	
14,285	-0,37	
14,29	-0,36	
14,295	-0,35	
14,3	-0,35	
14,305	-0,34	
14,31	-0,33	
14,315	-0,32	
14,32	-0,32	
14,325	-0,31	
14,33	-0,3	
14,335	-0,29	
14,34	-0,28	
14,345	-0,27	
14,35	-0,26	
14,355	-0,25	
14,36	-0,24	
14,365	-0,24	
14,37	-0,22	
14,375	-0,21	
14,38	-0,2	
14,385	-0,18	
14,39	-0,18	
14,395	-0,17	
14,4	-0,15	
14,405	-0,14	
14,41	-0,13	
14,415	-0,12	
14,42	-0,1	
14,425	-0,08	
14,43	-0,07	
14,435	-0,07	
14,44	-0,05	
14,445	-0,04	
14,45	-0,03	
14,455	-0,01	
14,46	0	
14,465	0,02	
14,47	0,03	
14,475	0,04	
14,48	0,05	
14,485	0,07	
14,49	0,08	
14,495	0,1	
14,5	0,11	
14,505	0,12	
14,51	0,14	
14,515	0,15	
14,52	0,16	
14,525	0,17	
14,53	0,19	
14,535	0,2	
14,54	0,22	
14,545	0,23	
14,55	0,24	
14,555	0,25	
14,56	0,26	
14,565	0,28	
14,57	0,29	
14,575	0,3	
14,58	0,31	
14,585	0,33	
14,59	0,34	
14,595	0,35	
14,6	0,36	
14,605	0,37	
14,61	0,38	
14,615	0,39	
14,62	0,4	
14,625	0,42	
14,63	0,43	
14,635	0,43	
14,64	0,44	
14,645	0,45	
14,65	0,46	
14,655	0,46	
14,66	0,47	
14,665	0,48	
14,67	0,49	
14,675	0,49	
14,68	0,5	
14,685	0,5	
14,69	0,51	
14,695	0,52	
14,7	0,52	
14,705	0,53	
14,71	0,54	
14,715	0,54	
14,72	0,54	
14,725	0,54	
14,73	0,54	
14,735	0,55	
14,74	0,55	
14,745	0,55	
14,75	0,55	
14,755	0,55	
14,76	0,55	
14,765	0,55	
14,77	0,55	
14,775	0,55	
14,78	0,55	
14,785	0,55	
14,79	0,55	
14,795	0,55	
14,8	0,55	
14,805	0,54	
14,81	0,53	
14,815	0,53	
14,82	0,52	
14,825	0,52	
14,83	0,51	
14,835	0,51	
14,84	0,5	
14,845	0,5	
14,85	0,49	
14,855	0,48	
14,86	0,47	
14,865	0,47	
14,87	0,46	
14,875	0,45	
14,88	0,44	
14,885	0,43	
14,89	0,42	
14,895	0,41	
14,9	0,4	
14,905	0,39	
14,91	0,38	
14,915	0,37	
14,92	0,35	
14,925	0,33	
14,93	0,32	
14,935	0,31	
14,94	0,29	
14,945	0,28	
14,95	0,28	
14,955	0,26	
14,96	0,25	
14,965	0,22	
14,97	0,21	
14,975	0,19	
14,98	0,18	
14,985	0,17	
14,99	0,16	
14,995	0,14	
15,0	0,13	
15,005	0,11	
15,01	0,08	
15,015	0,07	
15,02	0,06	
15,025	0,04	
15,03	0,03	
15,035	0,01	
15,04	0	
15,045	-0,02	
15,05	-0,03	
15,055	-0,06	
15,06	-0,08	
15,065	-0,1	
15,07	-0,11	
15,075	-0,12	
15,08	-0,14	
15,085	-0,15	
15,09	-0,17	
15,095	-0,19	
15,1	-0,21	
15,105	-0,23	
15,11	-0,24	
15,115	-0,25	
15,12	-0,27	
15,125	-0,28	
15,13	-0,29	
15,135	-0,31	
15,14	-0,32	
15,145	-0,34	
15,15	-0,35	
15,155	-0,37	
15,16	-0,38	
15,165	-0,39	
15,17	-0,41	
15,175	-0,43	
15,18	-0,44	
15,185	-0,45	
15,19	-0,47	
15,195	-0,48	
15,2	-0,49	
15,205	-0,5	
15,21	-0,51	
15,215	-0,52	
15,22	-0,53	
15,225	-0,54	
15,23	-0,55	
15,235	-0,56	
15,24	-0,57	
15,245	-0,58	
15,25	-0,59	
15,255	-0,59	
15,26	-0,6	
15,265	-0,61	
15,27	-0,62	
15,275	-0,62	
15,28	-0,63	
15,285	-0,63	
15,29	-0,63	
15,295	-0,63	
15,3	-0,64	
15,305	-0,64	
15,31	-0,65	
15,315	-0,65	
15,32	-0,65	
15,325	-0,65	
15,33	-0,65	
15,335	-0,65	
15,34	-0,66	
15,345	-0,66	
15,35	-0,66	
15,355	-0,65	
15,36	-0,65	
15,365	-0,65	
15,37	-0,64	
15,375	-0,64	
15,38	-0,64	
15,385	-0,64	
15,39	-0,63	
15,395	-0,63	
15,4	-0,62	
15,405	-0,61	
15,41	-0,6	
15,415	-0,6	
15,42	-0,59	
15,425	-0,58	
15,43	-0,57	
15,435	-0,57	
15,44	-0,55	
15,445	-0,55	
15,45	-0,54	
15,455	-0,53	
15,46	-0,52	
15,465	-0,5	
15,47	-0,49	
15,475	-0,48	
15,48	-0,46	
15,485	-0,45	
15,49	-0,44	
15,495	-0,43	
15,5	-0,42	
15,505	-0,41	
15,51	-0,39	
15,515	-0,37	
15,52	-0,35	
15,525	-0,33	
15,53	-0,32	
15,535	-0,3	
15,54	-0,29	
15,545	-0,28	
15,55	-0,26	
15,555	-0,24	
15,56	-0,22	
15,565	-0,21	
15,57	-0,19	
15,575	-0,17	
15,58	-0,15	
15,585	-0,14	
15,59	-0,12	
15,595	-0,1	
15,6	-0,08	
15,605	-0,06	
15,61	-0,04	
15,615	-0,02	
15,62	-0,01	
15,625	0,01	
15,63	0,03	
15,635	0,04	
15,64	0,06	
15,645	0,09	
15,65	0,11	
15,655	0,13	
15,66	0,14	
15,665	0,16	
15,67	0,18	
15,675	0,19	
15,68	0,21	
15,685	0,23	
15,69	0,25	
15,695	0,27	
15,7	0,28	
15,705	0,3	
15,71	0,32	
15,715	0,33	
15,72	0,35	
15,725	0,37	
15,73	0,38	
15,735	0,4	
15,74	0,42	
15,745	0,44	
15,75	0,45	
15,755	0,46	
15,76	0,48	
15,765	0,49	
15,77	0,5	
15,775	0,51	
15,78	0,53	
15,785	0,55	
15,79	0,56	
15,795	0,57	
15,8	0,58	
15,805	0,59	
15,81	0,6	
15,815	0,61	
15,82	0,62	
15,825	0,63	
15,83	0,64	
15,835	0,65	
15,84	0,65	
15,845	0,66	
15,85	0,67	
15,855	0,67	
15,86	0,68	
15,865	0,68	
15,87	0,69	
15,875	0,7	
15,88	0,7	
15,885	0,7	
15,89	0,71	
15,895	0,71	
15,9	0,72	
15,905	0,72	
15,91	0,72	
15,915	0,72	
15,92	0,72	
15,925	0,72	
15,93	0,72	
15,935	0,72	
15,94	0,71	
15,945	0,71	
15,95	0,71	
15,955	0,7	
15,96	0,7	
15,965	0,69	
15,97	0,69	
15,975	0,68	
15,98	0,68	
15,985	0,67	
15,99	0,66	
15,995	0,66	
16,0	0,65	
16,005	0,64	
16,01	0,63	
16,015	0,62	
16,02	0,61	
16,025	0,6	
16,03	0,59	
16,035	0,58	
16,04	0,57	
16,045	0,56	
16,05	0,55	
16,055	0,53	
16,06	0,52	
16,065	0,51	
16,07	0,49	
16,075	0,48	
16,08	0,46	
16,085	0,45	
16,09	0,43	
16,095	0,42	
16,1	0,4	
16,105	0,39	
16,11	0,37	
16,115	0,35	
16,12	0,34	
16,125	0,32	
16,13	0,3	
16,135	0,28	
16,14	0,26	
16,145	0,24	
16,15	0,22	
16,155	0,2	
16,16	0,18	
16,165	0,17	
16,17	0,15	
16,175	0,13	
16,18	0,11	
16,185	0,1	
16,19	0,07	
16,195	0,05	
16,2	0,03	
16,205	0,01	
16,21	-0,01	
16,215	-0,03	
16,22	-0,05	
16,225	-0,06	
16,23	-0,08	
16,235	-0,1	
16,24	-0,13	
16,245	-0,15	
16,25	-0,17	
16,255	-0,18	
16,26	-0,2	
16,265	-0,22	
16,27	-0,23	
16,275	-0,25	
16,28	-0,27	
16,285	-0,3	
16,29	-0,32	
16,295	-0,34	
16,3	-0,35	
16,305	-0,36	
16,31	-0,38	
16,315	-0,39	
16,32	-0,41	
16,325	-0,42	
16,33	-0,45	
16,335	-0,46	
16,34	-0,48	
16,345	-0,49	
16,35	-0,5	
16,355	-0,52	
16,36	-0,53	
16,365	-0,54	
16,37	-0,56	
16,375	-0,57	
16,38	-0,58	
16,385	-0,59	
16,39	-0,6	
16,395	-0,61	
16,4	-0,62	
16,405	-0,64	
16,41	-0,65	
16,415	-0,66	
16,42	-0,67	
16,425	-0,67	
16,43	-0,68	
16,435	-0,68	
16,44	-0,69	
16,445	-0,7	
16,45	-0,7	
16,455	-0,71	
16,46	-0,71	
16,465	-0,72	
16,47	-0,72	
16,475	-0,72	
16,48	-0,72	
16,485	-0,73	
16,49	-0,73	
16,495	-0,73	
16,5	-0,74	
16,505	-0,74	
16,51	-0,73	
16,515	-0,73	
16,52	-0,73	
16,525	-0,72	
16,53	-0,72	
16,535	-0,72	
16,54	-0,72	
16,545	-0,72	
16,55	-0,71	
16,555	-0,7	
16,56	-0,69	
16,565	-0,69	
16,57	-0,68	
16,575	-0,68	
16,58	-0,67	
16,585	-0,66	
16,59	-0,65	
16,595	-0,64	
16,6	-0,63	
16,605	-0,62	
16,61	-0,61	
16,615	-0,6	
16,62	-0,59	
16,625	-0,58	
16,63	-0,57	
16,635	-0,56	
16,64	-0,54	
16,645	-0,52	
16,65	-0,51	
16,655	-0,5	
16,66	-0,48	
16,665	-0,47	
16,67	-0,46	
16,675	-0,44	
16,68	-0,42	
16,685	-0,41	
16,69	-0,39	
16,695	-0,37	
16,7	-0,35	
16,705	-0,34	
16,71	-0,32	
16,715	-0,31	
16,72	-0,29	
16,725	-0,27	
16,73	-0,25	
16,735	-0,24	
16,74	-0,21	
16,745	-0,19	
16,75	-0,18	
16,755	-0,16	
16,76	-0,14	
16,765	-0,12	
16,77	-0,1	
16,775	-0,08	
16,78	-0,06	
16,785	-0,04	
16,79	-0,02	
16,795	0	
16,8	0,02	
16,805	0,04	
16,81	0,06	
16,815	0,07	
16,82	0,09	
16,825	0,11	
16,83	0,14	
16,835	0,15	
16,84	0,17	
16,845	0,19	
16,85	0,2	
16,855	0,22	
16,86	0,24	
16,865	0,25	
16,87	0,27	
16,875	0,29	
16,88	0,31	
16,885	0,33	
16,89	0,35	
16,895	0,36	
16,9	0,38	
16,905	0,39	
16,91	0,41	
16,915	0,42	
16,92	0,44	
16,925	0,46	
16,93	0,47	
16,935	0,48	
16,94	0,49	
16,945	0,5	
16,95	0,52	
16,955	0,53	
16,96	0,54	
16,965	0,56	
16,97	0,57	
16,975	0,58	
16,98	0,59	
16,985	0,6	
16,99	0,61	
16,995	0,62	
17,0	0,63	
17,005	0,64	
17,01	0,65	
17,015	0,65	
17,02	0,66	
17,025	0,66	
17,03	0,67	
17,035	0,67	
17,04	0,68	
17,045	0,68	
17,05	0,69	
17,055	0,7	
17,06	0,7	
17,065	0,7	
17,07	0,7	
17,075	0,7	
17,08	0,7	
17,085	0,7	
17,09	0,7	
17,095	0,7	
17,1	0,7	
17,105	0,7	
17,11	0,7	
17,115	0,69	
17,12	0,69	
17,125	0,69	
17,13	0,68	
17,135	0,67	
17,14	0,67	
17,145	0,67	
17,15	0,65	
17,155	0,65	
17,16	0,64	
17,165	0,63	
17,17	0,63	
17,175	0,62	
17,18	0,61	
17,185	0,6	
17,19	0,6	
17,195	0,58	
17,2	0,57	
17,205	0,56	
17,21	0,55	
17,215	0,54	
17,22	0,53	
17,225	0,52	
17,23	0,5	
17,235	0,49	
17,24	0,47	
17,245	0,45	
17,25	0,44	
17,255	0,42	
17,26	0,41	
17,265	0,4	
17,27	0,39	
17,275	0,37	
17,28	0,36	
17,285	0,33	
17,29	0,32	
17,295	0,3	
17,3	0,29	
17,305	0,27	
17,31	0,26	
17,315	0,24	
17,32	0,22	
17,325	0,21	
17,33	0,18	
17,335	0,16	
17,34	0,15	
17,345	0,13	
17,35	0,11	
17,355	0,1	
17,36	0,08	
17,365	0,06	
17,37	0,05	
17,375	0,02	
17,38	0,01	
17,385	-0,01	
17,39	-0,03	
17,395	-0,05	
17,4	-0,06	
17,405	-0,08	
17,41	-0,1	
17,415	-0,11	
17,42	-0,14	
17,425	-0,15	
17,43	-0,17	
17,435	-0,18	
17,44	-0,2	
17,445	-0,22	
17,45	-0,23	
17,455	-0,25	
17,46	-0,27	
17,465	-0,29	
17,47	-0,3	
17,475	-0,32	
17,48	-0,33	
17,485	-0,35	
17,49	-0,36	
17,495	-0,37	
17,5	-0,38	
17,505	-0,4	
17,51	-0,41	
17,515	-0,43	
17,52	-0,44	
17,525	-0,45	
17,53	-0,46	
17,535	-0,47	
17,54	-0,48	
17,545	-0,49	
17,55	-0,5	
17,555	-0,52	
17,56	-0,53	
17,565	-0,54	
17,57	-0,55	
17,575	-0,55	
17,58	-0,56	
17,585	-0,57	
17,59	-0,57	
17,595	-0,57	
17,6	-0,58	
17,605	-0,59	
17,61	-0,59	
17,615	-0,6	
17,62	-0,61	
17,625	-0,61	
17,63	-0,61	
17,635	-0,61	
17,64	-0,62	
17,645	-0,62	
17,65	-0,62	
17,655	-0,62	
17,66	-0,62	
17,665	-0,63	
17,67	-0,62	
17,675	-0,63	
17,68	-0,62	
17,685	-0,62	
17,69	-0,61	
17,695	-0,61	
17,7	-0,61	
17,705	-0,61	
17,71	-0,61	
17,715	-0,6	
17,72	-0,6	
17,725	-0,59	
17,73	-0,58	
17,735	-0,58	
17,74	-0,57	
17,745	-0,56	
17,75	-0,56	
17,755	-0,55	
17,76	-0,54	
17,765	-0,53	
17,77	-0,53	
17,775	-0,52	
17,78	-0,51	
17,785	-0,5	
17,79	-0,49	
17,795	-0,48	
17,8	-0,47	
17,805	-0,46	
17,81	-0,45	
17,815	-0,44	
17,82	-0,43	
17,825	-0,42	
17,83	-0,4	
17,835	-0,38	
17,84	-0,37	
17,845	-0,36	
17,85	-0,34	
17,855	-0,33	
17,86	-0,32	
17,865	-0,3	
17,87	-0,29	
17,875	-0,27	
17,88	-0,26	
17,885	-0,24	
17,89	-0,23	
17,895	-0,21	
17,9	-0,2	
17,905	-0,18	
17,91	-0,17	
17,915	-0,16	
17,92	-0,14	
17,925	-0,13	
17,93	-0,11	
17,935	-0,1	
17,94	-0,08	
17,945	-0,07	
17,95	-0,05	
17,955	-0,04	
17,96	-0,02	
17,965	0	
17,97	0,02	
17,975	0,03	
17,98	0,05	
17,985	0,06	
17,99	0,08	
17,995	0,09	
18,0	0,11	
18,005	0,12	
18,01	0,14	
18,015	0,15	
18,02	0,16	
18,025	0,18	
18,03	0,19	
18,035	0,2	
18,04	0,21	
18,045	0,23	
18,05	0,24	
18,055	0,25	
18,06	0,27	
18,065	0,29	
18,07	0,3	
18,075	0,31	
18,08	0,32	
18,085	0,33	
18,09	0,34	
18,095	0,35	
18,1	0,36	
18,105	0,37	
18,11	0,38	
18,115	0,39	
18,12	0,4	
18,125	0,41	
18,13	0,42	
18,135	0,43	
18,14	0,44	
18,145	0,44	
18,15	0,45	
18,155	0,46	
18,16	0,46	
18,165	0,46	
18,17	0,47	
18,175	0,48	
18,18	0,48	
18,185	0,49	
18,19	0,49	
18,195	0,49	
18,2	0,49	
18,205	0,5	
18,21	0,5	
18,215	0,5	
18,22	0,51	
18,225	0,51	
18,23	0,51	
18,235	0,51	
18,24	0,51	
18,245	0,51	
18,25	0,5	
18,255	0,5	
18,26	0,5	
18,265	0,5	
18,27	0,5	
18,275	0,5	
18,28	0,5	
18,285	0,49	
18,29	0,49	
18,295	0,49	
18,3	0,48	
18,305	0,48	
18,31	0,47	
18,315	0,47	
18,32	0,46	
18,325	0,46	
18,33	0,45	
18,335	0,44	
18,34	0,44	
18,345	0,43	
18,35	0,42	
18,355	0,41	
18,36	0,4	
18,365	0,4	
18,37	0,39	
18,375	0,38	
18,38	0,37	
18,385	0,36	
18,39	0,35	
18,395	0,34	
18,4	0,33	
18,405	0,32	
18,41	0,31	
18,415	0,3	
18,42	0,29	
18,425	0,27	
18,43	0,26	
18,435	0,25	
18,44	0,24	
18,445	0,23	
18,45	0,22	
18,455	0,21	
18,46	0,2	
18,465	0,18	
18,47	0,17	
18,475	0,15	
18,48	0,14	
18,485	0,13	
18,49	0,12	
18,495	0,11	
18,5	0,1	
18,505	0,09	
18,51	0,07	
18,515	0,05	
18,52	0,04	
18,525	0,03	
18,53	0,02	
18,535	0,01	
18,54	0	
18,545	-0,01	
18,55	-0,02	
18,555	-0,03	
18,56	-0,05	
18,565	-0,06	
18,57	-0,07	
18,575	-0,08	
18,58	-0,09	
18,585	-0,1	
18,59	-0,11	
18,595	-0,13	
18,6	-0,14	
18,605	-0,15	
18,61	-0,16	
18,615	-0,17	
18,62	-0,18	
18,625	-0,19	
18,63	-0,2	
18,635	-0,2	
18,64	-0,21	
18,645	-0,22	
18,65	-0,24	
18,655	-0,25	
18,66	-0,26	
18,665	-0,27	
18,67	-0,27	
18,675	-0,28	
18,68	-0,29	
18,685	-0,29	
18,69	-0,3	
18,695	-0,31	
18,7	-0,31	
18,705	-0,32	
18,71	-0,32	
18,715	-0,33	
18,72	-0,33	
18,725	-0,34	
18,73	-0,34	
18,735	-0,35	
18,74	-0,35	
18,745	-0,36	
18,75	-0,36	
18,755	-0,36	
18,76	-0,36	
18,765	-0,37	
18,77	-0,37	
18,775	-0,37	
18,78	-0,37	
18,785	-0,37	
18,79	-0,37	
18,795	-0,37	
18,8	-0,37	
18,805	-0,37	
18,81	-0,37	
18,815	-0,37	
18,82	-0,37	
18,825	-0,37	
18,83	-0,36	
18,835	-0,36	
18,84	-0,36	
18,845	-0,36	
18,85	-0,36	
18,855	-0,35	
18,86	-0,35	
18,865	-0,35	
18,87	-0,35	
18,875	-0,34	
18,88	-0,34	
18,885	-0,33	
18,89	-0,32	
18,895	-0,32	
18,9	-0,32	
18,905	-0,31	
18,91	-0,31	
18,915	-0,3	
18,92	-0,29	
18,925	-0,28	
18,93	-0,27	
18,935	-0,27	
18,94	-0,26	
18,945	-0,26	
18,95	-0,26	
18,955	-0,25	
18,96	-0,24	
18,965	-0,24	
18,97	-0,22	
18,975	-0,21	
18,98	-0,21	
18,985	-0,2	
18,99	-0,19	
18,995	-0,18	
19,0	-0,17	
19,005	-0,16	
19,01	-0,15	
19,015	-0,14	
19,02	-0,13	
19,025	-0,13	
19,03	-0,12	
19,035	-0,12	
19,04	-0,11	
19,045	-0,1	
19,05	-0,09	
19,055	-0,08	
19,06	-0,06	
19,065	-0,05	
19,07	-0,04	
19,075	-0,04	
19,08	-0,03	
19,085	-0,02	
19,09	-0,01	
19,095	0	
19,1	0,01	
19,105	0,01	
19,11	0,02	
19,115	0,03	
19,12	0,04	
19,125	0,05	
19,13	0,06	
19,135	0,07	
19,14	0,07	
19,145	0,08	
19,15	0,09	
19,155	0,1	
19,16	0,1	
19,165	0,11	
19,17	0,12	
19,175	0,12	
19,18	0,13	
19,185	0,14	
19,19	0,14	
19,195	0,15	
19,2	0,16	
19,205	0,16	
19,21	0,17	
19,215	0,17	
19,22	0,18	
19,225	0,19	
19,23	0,19	
19,235	0,19	
19,24	0,2	
19,245	0,2	
19,25	0,21	
19,255	0,21	
19,26	0,22	
19,265	0,22	
19,27	0,22	
19,275	0,22	
19,28	0,22	
19,285	0,22	
19,29	0,23	
19,295	0,23	
19,3	0,24	
19,305	0,24	
19,31	0,23	
19,315	0,23	
19,32	0,23	
19,325	0,23	
19,33	0,24	
19,335	0,24	
19,34	0,24	
19,345	0,24	
19,35	0,24	
19,355	0,24	
19,36	0,24	
19,365	0,23	
19,37	0,23	
19,375	0,23	
19,38	0,23	
19,385	0,22	
19,39	0,22	
19,395	0,22	
19,4	0,22	
19,405	0,21	
19,41	0,21	
19,415	0,21	
19,42	0,21	
19,425	0,2	
19,43	0,19	
19,435	0,19	
19,44	0,18	
19,445	0,18	
19,45	0,18	
19,455	0,17	
19,46	0,17	
19,465	0,16	
19,47	0,16	
19,475	0,15	
19,48	0,14	
19,485	0,14	
19,49	0,14	
19,495	0,13	
19,5	0,13	
19,505	0,12	
19,51	0,12	
19,515	0,11	
19,52	0,1	
19,525	0,09	
19,53	0,09	
19,535	0,08	
19,54	0,08	
19,545	0,08	
19,55	0,07	
19,555	0,06	
19,56	0,05	
19,565	0,04	
19,57	0,04	
19,575	0,03	
19,58	0,03	
19,585	0,02	
19,59	0,02	
19,595	0,01	
19,6	0	
19,605	-0,01	
19,61	-0,01	
19,615	-0,02	
19,62	-0,03	
19,625	-0,03	
19,63	-0,04	
19,635	-0,04	
19,64	-0,05	
19,645	-0,06	
19,65	-0,06	
19,655	-0,07	
19,66	-0,07	
19,665	-0,07	
19,67	-0,08	
19,675	-0,08	
19,68	-0,09	
19,685	-0,1	
19,69	-0,1	
19,695	-0,11	
19,7	-0,12	
19,705	-0,12	
19,71	-0,12	
19,715	-0,12	
19,72	-0,13	
19,725	-0,13	
19,73	-0,13	
19,735	-0,14	
19,74	-0,14	
19,745	-0,14	
19,75	-0,14	
19,755	-0,14	
19,76	-0,14	
19,765	-0,15	
19,77	-0,15	
19,775	-0,15	
19,78	-0,16	
19,785	-0,16	
19,79	-0,16	
19,795	-0,16	
19,8	-0,16	
19,805	-0,16	
19,81	-0,16	
19,815	-0,16	
19,82	-0,16	
19,825	-0,16	
19,83	-0,16	
19,835	-0,16	
19,84	-0,16	
19,845	-0,16	
19,85	-0,16	
19,855	-0,16	
19,86	-0,16	
19,865	-0,15	
19,87	-0,15	
19,875	-0,15	
19,88	-0,15	
19,885	-0,14	
19,89	-0,14	
19,895	-0,14	
19,9	-0,14	
19,905	-0,13	
19,91	-0,13	
19,915	-0,13	
19,92	-0,12	
19,925	-0,12	
19,93	-0,11	
19,935	-0,11	
19,94	-0,1	
19,945	-0,1	
19,95	-0,1	
19,955	-0,09	
19,96	-0,08	
19,965	-0,08	
19,97	-0,07	
19,975	-0,07	
19,98	-0,07	
19,985	-0,07	
19,99	-0,06	
19,995	-0,05	
20,0	-0,05	
20,005	-0,04	
20,01	-0,03	
20,015	-0,03	
20,02	-0,02	
20,025	-0,02	
20,03	-0,01	
20,035	-0,01	
20,04	0	
20,045	0	
20,05	0,01	
20,055	0,02	
20,06	0,02	
20,065	0,03	
20,07	0,04	
20,075	0,04	
20,08	0,05	
20,085	0,05	
20,09	0,06	
20,095	0,06	
20,1	0,07	
20,105	0,08	
20,11	0,08	
20,115	0,09	
20,12	0,09	
20,125	0,1	
20,13	0,1	
20,135	0,11	
20,14	0,11	
20,145	0,12	
20,15	0,12	
20,155	0,13	
20,16	0,13	
20,165	0,14	
20,17	0,14	
20,175	0,15	
20,18	0,15	
20,185	0,15	
20,19	0,15	
20,195	0,16	
20,2	0,16	
20,205	0,17	
20,21	0,17	
20,215	0,18	
20,22	0,18	
20,225	0,18	
20,23	0,18	
20,235	0,18	
20,24	0,18	
20,245	0,19	
20,25	0,19	
20,255	0,19	
20,26	0,19	
20,265	0,19	
20,27	0,19	
20,275	0,2	
20,28	0,2	
20,285	0,2	
20,29	0,2	
20,295	0,2	
20,3	0,2	
20,305	0,2	
20,31	0,19	
20,315	0,19	
20,32	0,19	
20,325	0,19	
20,33	0,19	
20,335	0,19	
20,34	0,19	
20,345	0,19	
20,35	0,18	
20,355	0,18	
20,36	0,18	
20,365	0,18	
20,37	0,17	
20,375	0,17	
20,38	0,16	
20,385	0,16	
20,39	0,16	
20,395	0,15	
20,4	0,15	
20,405	0,15	
20,41	0,14	
20,415	0,14	
20,42	0,13	
20,425	0,12	
20,43	0,12	
20,435	0,11	
20,44	0,11	
20,445	0,1	
20,45	0,09	
20,455	0,08	
20,46	0,08	
20,465	0,07	
20,47	0,06	
20,475	0,06	
20,48	0,05	
20,485	0,05	
20,49	0,04	
20,495	0,03	
20,5	0,03	
20,505	0,02	
20,51	0,01	
20,515	0	
20,52	-0,01	
20,525	-0,01	
20,53	-0,02	
20,535	-0,03	
20,54	-0,03	
20,545	-0,04	
20,55	-0,05	
20,555	-0,06	
20,56	-0,07	
20,565	-0,08	
20,57	-0,08	
20,575	-0,09	
20,58	-0,1	
20,585	-0,11	
20,59	-0,12	
20,595	-0,13	
20,6	-0,13	
20,605	-0,14	
20,61	-0,14	
20,615	-0,15	
20,62	-0,16	
20,625	-0,17	
20,63	-0,17	
20,635	-0,18	
20,64	-0,19	
20,645	-0,2	
20,65	-0,2	
20,655	-0,21	
20,66	-0,21	
20,665	-0,22	
20,67	-0,23	
20,675	-0,24	
20,68	-0,24	
20,685	-0,25	
20,69	-0,26	
20,695	-0,26	
20,7	-0,26	
20,705	-0,27	
20,71	-0,27	
20,715	-0,28	
20,72	-0,28	
20,725	-0,28	
20,73	-0,28	
20,735	-0,29	
20,74	-0,29	
20,745	-0,3	
20,75	-0,3	
20,755	-0,31	
20,76	-0,31	
20,765	-0,31	
20,77	-0,31	
20,775	-0,31	
20,78	-0,31	
20,785	-0,31	
20,79	-0,32	
20,795	-0,32	
20,8	-0,32	
20,805	-0,32	
20,81	-0,32	
20,815	-0,32	
20,82	-0,31	
20,825	-0,32	
20,83	-0,31	
20,835	-0,31	
20,84	-0,31	
20,845	-0,31	
20,85	-0,31	
20,855	-0,3	
20,86	-0,3	
20,865	-0,29	
20,87	-0,29	
20,875	-0,28	
20,88	-0,28	
20,885	-0,28	
20,89	-0,28	
20,895	-0,27	
20,9	-0,27	
20,905	-0,26	
20,91	-0,26	
20,915	-0,25	
20,92	-0,25	
20,925	-0,24	
20,93	-0,23	
20,935	-0,23	
20,94	-0,22	
20,945	-0,21	
20,95	-0,21	
20,955	-0,2	
20,96	-0,19	
20,965	-0,18	
20,97	-0,17	
20,975	-0,16	
20,98	-0,15	
20,985	-0,14	
20,99	-0,14	
20,995	-0,13	
21,0	-0,12	
21,005	-0,11	
21,01	-0,1	
21,015	-0,09	
21,02	-0,08	
21,025	-0,07	
21,03	-0,06	
21,035	-0,05	
21,04	-0,04	
21,045	-0,04	
21,05	-0,03	
21,055	-0,02	
21,06	0	
21,065	0,02	
21,07	0,03	
21,075	0,04	
21,08	0,05	
21,085	0,06	
21,09	0,07	
21,095	0,08	
21,1	0,09	
21,105	0,1	
21,11	0,11	
21,115	0,13	
21,12	0,14	
21,125	0,15	
21,13	0,16	
21,135	0,17	
21,14	0,17	
21,145	0,19	
21,15	0,21	
21,155	0,21	
21,16	0,22	
21,165	0,23	
21,17	0,24	
21,175	0,25	
21,18	0,26	
21,185	0,27	
21,19	0,28	
21,195	0,29	
21,2	0,3	
21,205	0,31	
21,21	0,31	
21,215	0,32	
21,22	0,33	
21,225	0,34	
21,23	0,35	
21,235	0,35	
21,24	0,36	
21,245	0,37	
21,25	0,37	
21,255	0,38	
21,26	0,39	
21,265	0,39	
21,27	0,4	
21,275	0,41	
21,28	0,41	
21,285	0,41	
21,29	0,42	
21,295	0,42	
21,3	0,42	
21,305	0,43	
21,31	0,43	
21,315	0,44	
21,32	0,44	
21,325	0,44	
21,33	0,45	
21,335	0,45	
21,34	0,45	
21,345	0,45	
21,35	0,45	
21,355	0,45	
21,36	0,45	
21,365	0,45	
21,37	0,45	
21,375	0,45	
21,38	0,45	
21,385	0,45	
21,39	0,45	
21,395	0,44	
21,4	0,44	
21,405	0,43	
21,41	0,43	
21,415	0,43	
21,42	0,43	
21,425	0,42	
21,43	0,42	
21,435	0,41	
21,44	0,41	
21,445	0,4	
21,45	0,4	
21,455	0,39	
21,46	0,38	
21,465	0,37	
21,47	0,36	
21,475	0,35	
21,48	0,35	
21,485	0,34	
21,49	0,33	
21,495	0,32	
21,5	0,31	
21,505	0,31	
21,51	0,3	
21,515	0,28	
21,52	0,27	
21,525	0,26	
21,53	0,25	
21,535	0,24	
21,54	0,22	
21,545	0,22	
21,55	0,21	
21,555	0,2	
21,56	0,19	
21,565	0,17	
21,57	0,16	
21,575	0,15	
21,58	0,14	
21,585	0,12	
21,59	0,11	
21,595	0,1	
21,6	0,08	
21,605	0,07	
21,61	0,05	
21,615	0,04	
21,62	0,02	
21,625	0,01	
21,63	-0,01	
21,635	-0,02	
21,64	-0,03	
21,645	-0,04	
21,65	-0,06	
21,655	-0,08	
21,66	-0,09	
21,665	-0,1	
21,67	-0,12	
21,675	-0,13	
21,68	-0,14	
21,685	-0,16	
21,69	-0,17	
21,695	-0,18	
21,7	-0,2	
21,705	-0,22	
21,71	-0,23	
21,715	-0,24	
21,72	-0,26	
21,725	-0,27	
21,73	-0,28	
21,735	-0,29	
21,74	-0,3	
21,745	-0,31	
21,75	-0,33	
21,755	-0,34	
21,76	-0,35	
21,765	-0,36	
21,77	-0,37	
21,775	-0,39	
21,78	-0,39	
21,785	-0,4	
21,79	-0,42	
21,795	-0,43	
21,8	-0,44	
21,805	-0,45	
21,81	-0,46	
21,815	-0,47	
21,82	-0,47	
21,825	-0,48	
21,83	-0,49	
21,835	-0,5	
21,84	-0,51	
21,845	-0,52	
21,85	-0,52	
21,855	-0,53	
21,86	-0,53	
21,865	-0,54	
21,87	-0,54	
21,875	-0,55	
21,88	-0,56	
21,885	-0,56	
21,89	-0,56	
21,895	-0,56	
21,9	-0,56	
21,905	-0,56	
21,91	-0,57	
21,915	-0,57	
21,92	-0,57	
21,925	-0,57	
21,93	-0,57	
21,935	-0,57	
21,94	-0,57	
21,945	-0,57	
21,95	-0,57	
21,955	-0,57	
21,96	-0,56	
21,965	-0,56	
21,97	-0,56	
21,975	-0,56	
21,98	-0,55	
21,985	-0,55	
21,99	-0,54	
21,995	-0,54	
22,0	-0,53	
22,005	-0,52	
22,01	-0,51	
22,015	-0,51	
22,02	-0,5	
22,025	-0,49	
22,03	-0,49	
22,035	-0,48	
22,04	-0,47	
22,045	-0,46	
22,05	-0,45	
22,055	-0,44	
22,06	-0,43	
22,065	-0,42	
22,07	-0,41	
22,075	-0,39	
22,08	-0,38	
22,085	-0,37	
22,09	-0,36	
22,095	-0,35	
22,1	-0,34	
22,105	-0,32	
22,11	-0,31	
22,115	-0,3	
22,12	-0,28	
22,125	-0,27	
22,13	-0,25	
22,135	-0,24	
22,14	-0,22	
22,145	-0,21	
22,15	-0,19	
22,155	-0,17	
22,16	-0,16	
22,165	-0,15	
22,17	-0,13	
22,175	-0,12	
22,18	-0,1	
22,185	-0,08	
22,19	-0,06	
22,195	-0,05	
22,2	-0,02	
22,205	-0,01	
22,21	0,01	
22,215	0,02	
22,22	0,04	
22,225	0,05	
22,23	0,07	
22,235	0,08	
22,24	0,1	
22,245	0,12	
22,25	0,13	
22,255	0,15	
22,26	0,17	
22,265	0,18	
22,27	0,2	
22,275	0,22	
22,28	0,23	
22,285	0,25	
22,29	0,27	
22,295	0,28	
22,3	0,3	
22,305	0,31	
22,31	0,33	
22,315	0,34	
22,32	0,36	
22,325	0,37	
22,33	0,38	
22,335	0,4	
22,34	0,42	
22,345	0,43	
22,35	0,44	
22,355	0,45	
22,36	0,47	
22,365	0,48	
22,37	0,49	
22,375	0,5	
22,38	0,52	
22,385	0,53	
22,39	0,53	
22,395	0,54	
22,4	0,55	
22,405	0,56	
22,41	0,57	
22,415	0,58	
22,42	0,58	
22,425	0,6	
22,43	0,6	
22,435	0,61	
22,44	0,62	
22,445	0,62	
22,45	0,63	
22,455	0,63	
22,46	0,64	
22,465	0,64	
22,47	0,64	
22,475	0,64	
22,48	0,64	
22,485	0,65	
22,49	0,65	
22,495	0,66	
22,5	0,66	
22,505	0,66	
22,51	0,66	
22,515	0,66	
22,52	0,66	
22,525	0,66	
22,53	0,66	
22,535	0,66	
22,54	0,65	
22,545	0,65	
22,55	0,65	
22,555	0,64	
22,56	0,63	
22,565	0,63	
22,57	0,62	
22,575	0,61	
22,58	0,61	
22,585	0,6	
22,59	0,59	
22,595	0,58	
22,6	0,57	
22,605	0,57	
22,61	0,56	
22,615	0,55	
22,62	0,54	
22,625	0,53	
22,63	0,52	
22,635	0,51	
22,64	0,5	
22,645	0,49	
22,65	0,48	
22,655	0,46	
22,66	0,44	
22,665	0,43	
22,67	0,41	
22,675	0,4	
22,68	0,38	
22,685	0,37	
22,69	0,36	
22,695	0,35	
22,7	0,33	
22,705	0,31	
22,71	0,3	
22,715	0,28	
22,72	0,26	
22,725	0,25	
22,73	0,24	
22,735	0,22	
22,74	0,21	
22,745	0,18	
22,75	0,16	
22,755	0,14	
22,76	0,12	
22,765	0,11	
22,77	0,09	
22,775	0,08	
22,78	0,06	
22,785	0,04	
22,79	0,01	
22,795	-0,01	
22,8	-0,02	
22,805	-0,04	
22,81	-0,06	
22,815	-0,07	
22,82	-0,09	
22,825	-0,11	
22,83	-0,12	
22,835	-0,15	
22,84	-0,17	
22,845	-0,19	
22,85	-0,2	
22,855	-0,22	
22,86	-0,23	
22,865	-0,25	
22,87	-0,26	
22,875	-0,28	
22,88	-0,31	
22,885	-0,33	
22,89	-0,34	
22,895	-0,36	
22,9	-0,37	
22,905	-0,38	
22,91	-0,4	
22,915	-0,41	
22,92	-0,43	
22,925	-0,45	
22,93	-0,46	
22,935	-0,48	
22,94	-0,49	
22,945	-0,5	
22,95	-0,51	
22,955	-0,52	
22,96	-0,54	
22,965	-0,55	
22,97	-0,57	
22,975	-0,58	
22,98	-0,58	
22,985	-0,59	
22,99	-0,6	
22,995	-0,61	
23,0	-0,62	
23,005	-0,63	
23,01	-0,64	
23,015	-0,65	
23,02	-0,65	
23,025	-0,66	
23,03	-0,66	
23,035	-0,67	
23,04	-0,68	
23,045	-0,68	
23,05	-0,69	
23,055	-0,7	
23,06	-0,7	
23,065	-0,7	
23,07	-0,7	
23,075	-0,7	
23,08	-0,7	
23,085	-0,7	
23,09	-0,7	
23,095	-0,7	
23,1	-0,7	
23,105	-0,7	
23,11	-0,7	
23,115	-0,7	
23,12	-0,7	
23,125	-0,7	
23,13	-0,7	
23,135	-0,69	
23,14	-0,68	
23,145	-0,68	
23,15	-0,67	
23,155	-0,66	
23,16	-0,65	
23,165	-0,65	
23,17	-0,64	
23,175	-0,63	
23,18	-0,62	
23,185	-0,61	
23,19	-0,6	
23,195	-0,59	
23,2	-0,58	
23,205	-0,57	
23,21	-0,56	
23,215	-0,55	
23,22	-0,54	
23,225	-0,53	
23,23	-0,51	
23,235	-0,5	
23,24	-0,49	
23,245	-0,47	
23,25	-0,47	
23,255	-0,45	
23,26	-0,43	
23,265	-0,42	
23,27	-0,4	
23,275	-0,38	
23,28	-0,37	
23,285	-0,35	
23,29	-0,33	
23,295	-0,31	
23,3	-0,3	
23,305	-0,28	
23,31	-0,27	
23,315	-0,25	
23,32	-0,23	
23,325	-0,21	
23,33	-0,19	
23,335	-0,17	
23,34	-0,15	
23,345	-0,14	
23,35	-0,11	
23,355	-0,1	
23,36	-0,08	
23,365	-0,06	
23,37	-0,05	
23,375	-0,03	
23,38	0	
23,385	0,02	
23,39	0,04	
23,395	0,06	
23,4	0,07	
23,405	0,08	
23,41	0,1	
23,415	0,12	
23,42	0,14	
23,425	0,17	
23,43	0,19	
23,435	0,2	
23,44	0,22	
23,445	0,24	
23,45	0,25	
23,455	0,27	
23,46	0,28	
23,465	0,3	
23,47	0,32	
23,475	0,34	
23,48	0,36	
23,485	0,38	
23,49	0,39	
23,495	0,4	
23,5	0,41	
23,505	0,43	
23,51	0,44	
23,515	0,45	
23,52	0,48	
23,525	0,49	
23,53	0,51	
23,535	0,52	
23,54	0,53	
23,545	0,54	
23,55	0,55	
23,555	0,56	
23,56	0,57	
23,565	0,59	
23,57	0,6	
23,575	0,61	
23,58	0,62	
23,585	0,62	
23,59	0,63	
23,595	0,64	
23,6	0,65	
23,605	0,65	
23,61	0,66	
23,615	0,67	
23,62	0,68	
23,625	0,68	
23,63	0,68	
23,635	0,69	
23,64	0,69	
23,645	0,69	
23,65	0,7	
23,655	0,7	
23,66	0,7	
23,665	0,7	
23,67	0,71	
23,675	0,7	
23,68	0,7	
23,685	0,7	
23,69	0,7	
23,695	0,7	
23,7	0,7	
23,705	0,69	
23,71	0,69	
23,715	0,68	
23,72	0,68	
23,725	0,68	
23,73	0,67	
23,735	0,66	
23,74	0,66	
23,745	0,65	
23,75	0,64	
23,755	0,64	
23,76	0,63	
23,765	0,62	
23,77	0,61	
23,775	0,6	
23,78	0,59	
23,785	0,58	
23,79	0,57	
23,795	0,56	
23,8	0,55	
23,805	0,53	
23,81	0,52	
23,815	0,51	
23,82	0,5	
23,825	0,49	
23,83	0,47	
23,835	0,46	
23,84	0,44	
23,845	0,43	
23,85	0,41	
23,855	0,4	
23,86	0,38	
23,865	0,37	
23,87	0,35	
23,875	0,34	
23,88	0,31	
23,885	0,3	
23,89	0,28	
23,895	0,26	
23,9	0,25	
23,905	0,24	
23,91	0,22	
23,915	0,2	
23,92	0,19	
23,925	0,17	
23,93	0,14	
23,935	0,12	
23,94	0,1	
23,945	0,09	
23,95	0,07	
23,955	0,05	
23,96	0,04	
23,965	0,02	
23,97	0	
23,975	-0,03	
23,98	-0,05	
23,985	-0,06	
23,99	-0,08	
23,995	-0,09	
24,0	-0,11	
24,005	-0,12	
24,01	-0,14	
24,015	-0,16	
24,02	-0,19	
24,025	-0,2	
24,03	-0,22	
24,035	-0,24	
24,04	-0,25	
24,045	-0,27	
24,05	-0,28	
24,055	-0,3	
24,06	-0,31	
24,065	-0,33	
24,07	-0,35	
24,075	-0,36	
24,08	-0,38	
24,085	-0,39	
24,09	-0,41	
24,095	-0,42	
24,1	-0,43	
24,105	-0,45	
24,11	-0,47	
24,115	-0,48	
24,12	-0,49	
24,125	-0,5	
24,13	-0,51	
24,135	-0,52	
24,14	-0,53	
24,145	-0,54	
24,15	-0,55	
24,155	-0,57	
24,16	-0,57	
24,165	-0,58	
24,17	-0,59	
24,175	-0,59	
24,18	-0,6	
24,185	-0,61	
24,19	-0,61	
24,195	-0,62	
24,2	-0,63	
24,205	-0,63	
24,21	-0,64	
24,215	-0,64	
24,22	-0,65	
24,225	-0,65	
24,23	-0,65	
24,235	-0,65	
24,24	-0,66	
24,245	-0,65	
24,25	-0,65	
24,255	-0,66	
24,26	-0,66	
24,265	-0,65	
24,27	-0,65	
24,275	-0,65	
24,28	-0,65	
24,285	-0,65	
24,29	-0,65	
24,295	-0,64	
24,3	-0,64	
24,305	-0,63	
24,31	-0,62	
24,315	-0,62	
24,32	-0,62	
24,325	-0,61	
24,33	-0,61	
24,335	-0,6	
24,34	-0,59	
24,345	-0,58	
24,35	-0,57	
24,355	-0,56	
24,36	-0,56	
24,365	-0,55	
24,37	-0,54	
24,375	-0,53	
24,38	-0,52	
24,385	-0,51	
24,39	-0,5	
24,395	-0,48	
24,4	-0,47	
24,405	-0,46	
24,41	-0,45	
24,415	-0,43	
24,42	-0,43	
24,425	-0,41	
24,43	-0,39	
24,435	-0,38	
24,44	-0,37	
24,445	-0,35	
24,45	-0,34	
24,455	-0,32	
24,46	-0,31	
24,465	-0,29	
24,47	-0,28	
24,475	-0,26	
24,48	-0,24	
24,485	-0,23	
24,49	-0,21	
24,495	-0,2	
24,5	-0,18	
24,505	-0,16	
24,51	-0,15	
24,515	-0,13	
24,52	-0,11	
24,525	-0,09	
24,53	-0,08	
24,535	-0,06	
24,54	-0,05	
24,545	-0,03	
24,55	-0,02	
24,555	0	
24,56	0,02	
24,565	0,04	
24,57	0,06	
24,575	0,07	
24,58	0,09	
24,585	0,1	
24,59	0,12	
24,595	0,13	
24,6	0,15	
24,605	0,17	
24,61	0,19	
24,615	0,2	
24,62	0,21	
24,625	0,22	
24,63	0,24	
24,635	0,25	
24,64	0,27	
24,645	0,28	
24,65	0,3	
24,655	0,32	
24,66	0,33	
24,665	0,34	
24,67	0,35	
24,675	0,36	
24,68	0,37	
24,685	0,38	
24,69	0,4	
24,695	0,41	
24,7	0,42	
24,705	0,43	
24,71	0,44	
24,715	0,45	
24,72	0,46	
24,725	0,47	
24,73	0,48	
24,735	0,49	
24,74	0,5	
24,745	0,5	
24,75	0,51	
24,755	0,52	
24,76	0,52	
24,765	0,53	
24,77	0,53	
24,775	0,54	
24,78	0,55	
24,785	0,55	
24,79	0,55	
24,795	0,55	
24,8	0,55	
24,805	0,56	
24,81	0,56	
24,815	0,56	
24,82	0,57	
24,825	0,57	
24,83	0,57	
24,835	0,57	
24,84	0,57	
24,845	0,57	
24,85	0,57	
24,855	0,57	
24,86	0,57	
24,865	0,56	
24,87	0,56	
24,875	0,55	
24,88	0,55	
24,885	0,54	
24,89	0,54	
24,895	0,53	
24,9	0,53	
24,905	0,53	
24,91	0,52	
24,915	0,51	
24,92	0,51	
24,925	0,5	
24,93	0,49	
24,935	0,49	
24,94	0,48	
24,945	0,47	
24,95	0,46	
24,955	0,46	
24,96	0,44	
24,965	0,44	
24,97	0,43	
24,975	0,41	
24,98	0,41	
24,985	0,4	
24,99	0,39	
24,995	0,38	
25,0	0,36	
25,005	0,35	
25,01	0,34	
25,015	0,33	
25,02	0,31	
25,025	0,3	
25,03	0,29	
25,035	0,28	
25,04	0,27	
25,045	0,25	
25,05	0,24	
25,055	0,23	
25,06	0,22	
25,065	0,2	
25,07	0,19	
25,075	0,17	
25,08	0,16	
25,085	0,14	
25,09	0,13	
25,095	0,11	
25,1	0,1	
25,105	0,08	
25,11	0,07	
25,115	0,05	
25,12	0,04	
25,125	0,02	
25,13	0,01	
25,135	0	
25,14	-0,02	
25,145	-0,03	
25,15	-0,04	
25,155	-0,06	
25,16	-0,07	
25,165	-0,08	
25,17	-0,1	
25,175	-0,11	
25,18	-0,12	
25,185	-0,13	
25,19	-0,14	
25,195	-0,15	
25,2	-0,17	
25,205	-0,19	
25,21	-0,2	
25,215	-0,21	
25,22	-0,22	
25,225	-0,23	
25,23	-0,24	
25,235	-0,25	
25,24	-0,26	
25,245	-0,28	
25,25	-0,29	
25,255	-0,3	
25,26	-0,31	
25,265	-0,31	
25,27	-0,32	
25,275	-0,33	
25,28	-0,34	
25,285	-0,35	
25,29	-0,36	
25,295	-0,37	
25,3	-0,38	
25,305	-0,38	
25,31	-0,39	
25,315	-0,39	
25,32	-0,4	
25,325	-0,41	
25,33	-0,41	
25,335	-0,42	
25,34	-0,42	
25,345	-0,42	
25,35	-0,43	
25,355	-0,43	
25,36	-0,43	
25,365	-0,44	
25,37	-0,44	
25,375	-0,44	
25,38	-0,45	
25,385	-0,45	
25,39	-0,45	
25,395	-0,45	
25,4	-0,45	
25,405	-0,45	
25,41	-0,45	
25,415	-0,45	
25,42	-0,45	
25,425	-0,44	
25,43	-0,44	
25,435	-0,44	
25,44	-0,44	
25,445	-0,44	
25,45	-0,44	
25,455	-0,43	
25,46	-0,43	
25,465	-0,43	
25,47	-0,42	
25,475	-0,41	
25,48	-0,41	
25,485	-0,41	
25,49	-0,4	
25,495	-0,4	
25,5	-0,39	
25,505	-0,38	
25,51	-0,38	
25,515	-0,37	
25,52	-0,36	
25,525	-0,36	
25,53	-0,35	
25,535	-0,34	
25,54	-0,34	
25,545	-0,33	
25,55	-0,32	
25,555	-0,31	
25,56	-0,3	
25,565	-0,29	
25,57	-0,28	
25,575	-0,27	
25,58	-0,27	
25,585	-0,26	
25,59	-0,25	
25,595	-0,24	
25,6	-0,23	
25,605	-0,22	
25,61	-0,21	
25,615	-0,2	
25,62	-0,19	
25,625	-0,18	
25,63	-0,16	
25,635	-0,16	
25,64	-0,14	
25,645	-0,13	
25,65	-0,12	
25,655	-0,11	
25,66	-0,1	
25,665	-0,09	
25,67	-0,07	
25,675	-0,07	
25,68	-0,06	
25,685	-0,05	
25,69	-0,04	
25,695	-0,03	
25,7	-0,02	
25,705	0	
25,71	0,01	
25,715	0,02	
25,72	0,03	
25,725	0,04	
25,73	0,05	
25,735	0,06	
25,74	0,07	
25,745	0,08	
25,75	0,09	
25,755	0,1	
25,76	0,11	
25,765	0,12	
25,77	0,13	
25,775	0,14	
25,78	0,14	
25,785	0,15	
25,79	0,16	
25,795	0,17	
25,8	0,18	
25,805	0,19	
25,81	0,19	
25,815	0,2	
25,82	0,21	
25,825	0,22	
25,83	0,23	
25,835	0,23	
25,84	0,24	
25,845	0,25	
25,85	0,25	
25,855	0,26	
25,86	0,26	
25,865	0,27	
25,87	0,27	
25,875	0,27	
25,88	0,28	
25,885	0,29	
25,89	0,29	
25,895	0,29	
25,9	0,3	
25,905	0,29	
25,91	0,3	
25,915	0,3	
25,92	0,3	
25,925	0,31	
25,93	0,31	
25,935	0,32	
25,94	0,32	
25,945	0,31	
25,95	0,31	
25,955	0,31	
25,96	0,31	
25,965	0,31	
25,97	0,31	
25,975	0,32	
25,98	0,32	
25,985	0,31	
25,99	0,31	
25,995	0,31	
26,0	0,31	
26,005	0,31	
26,01	0,31	
26,015	0,3	
26,02	0,3	
26,025	0,29	
26,03	0,29	
26,035	0,28	
26,04	0,28	
26,045	0,27	
26,05	0,27	
26,055	0,27	
26,06	0,27	
26,065	0,26	
26,07	0,26	
26,075	0,25	
26,08	0,25	
26,085	0,25	
26,09	0,24	
26,095	0,23	
26,1	0,22	
26,105	0,22	
26,11	0,21	
26,115	0,2	
26,12	0,19	
26,125	0,19	
26,13	0,18	
26,135	0,17	
26,14	0,17	
26,145	0,16	
26,15	0,15	
26,155	0,14	
26,16	0,14	
26,165	0,13	
26,17	0,12	
26,175	0,12	
26,18	0,11	
26,185	0,1	
26,19	0,1	
26,195	0,09	
26,2	0,08	
26,205	0,07	
26,21	0,06	
26,215	0,05	
26,22	0,04	
26,225	0,03	
26,23	0,03	
26,235	0,02	
26,24	0,01	
26,245	0,01	
26,25	0	
26,255	-0,01	
26,26	-0,01	
26,265	-0,02	
26,27	-0,03	
26,275	-0,03	
26,28	-0,04	
26,285	-0,05	
26,29	-0,06	
26,295	-0,07	
26,3	-0,07	
26,305	-0,08	
26,31	-0,09	
26,315	-0,09	
26,32	-0,1	
26,325	-0,1	
26,33	-0,11	
26,335	-0,11	
26,34	-0,12	
26,345	-0,12	
26,35	-0,13	
26,355	-0,13	
26,36	-0,14	
26,365	-0,14	
26,37	-0,15	
26,375	-0,15	
26,38	-0,16	
26,385	-0,16	
26,39	-0,17	
26,395	-0,17	
26,4	-0,17	
26,405	-0,17	
26,41	-0,18	
26,415	-0,18	
26,42	-0,19	
26,425	-0,19	
26,43	-0,19	
26,435	-0,19	
26,44	-0,19	
26,445	-0,19	
26,45	-0,19	
26,455	-0,19	
26,46	-0,19	
26,465	-0,19	
26,47	-0,19	
26,475	-0,19	
26,48	-0,19	
26,485	-0,19	
26,49	-0,2	
26,495	-0,2	
26,5	-0,2	
26,505	-0,19	
26,51	-0,19	
26,515	-0,19	
26,52	-0,19	
26,525	-0,19	
26,53	-0,19	
26,535	-0,19	
26,54	-0,19	
26,545	-0,18	
26,55	-0,18	
26,555	-0,18	
26,56	-0,17	
26,565	-0,16	
26,57	-0,16	
26,575	-0,16	
26,58	-0,15	
26,585	-0,15	
26,59	-0,15	
26,595	-0,14	
26,6	-0,14	
26,605	-0,13	
26,61	-0,13	
26,615	-0,12	
26,62	-0,12	
26,625	-0,11	
26,63	-0,11	
26,635	-0,1	
26,64	-0,1	
26,645	-0,1	
26,65	-0,09	
26,655	-0,09	
26,66	-0,08	
26,665	-0,07	
26,67	-0,07	
26,675	-0,06	
26,68	-0,06	
26,685	-0,05	
26,69	-0,05	
26,695	-0,04	
26,7	-0,04	
26,705	-0,03	
26,71	-0,02	
26,715	-0,01	
26,72	-0,01	
26,725	0	
26,73	0	
26,735	0,01	
26,74	0,01	
26,745	0,02	
26,75	0,03	
26,755	0,03	
26,76	0,04	
26,765	0,04	
26,77	0,05	
26,775	0,05	
26,78	0,06	
26,785	0,06	
26,79	0,06	
26,795	0,07	
26,8	0,07	
26,805	0,08	
26,81	0,08	
26,815	0,09	
26,82	0,09	
26,825	0,1	
26,83	0,1	
26,835	0,1	
26,84	0,11	
26,845	0,11	
26,85	0,11	
26,855	0,12	
26,86	0,12	
26,865	0,13	
26,87	0,13	
26,875	0,13	
26,88	0,14	
26,885	0,14	
26,89	0,14	
26,895	0,14	
26,9	0,14	
26,905	0,14	
26,91	0,14	
26,915	0,15	
26,92	0,15	
26,925	0,15	
26,93	0,16	
26,935	0,16	
26,94	0,16	
26,945	0,15	
26,95	0,15	
26,955	0,15	
26,96	0,15	
26,965	0,15	
26,97	0,15	
26,975	0,15	
26,98	0,15	
26,985	0,15	
26,99	0,14	
26,995	0,14	
27,0	0,14	
27,005	0,14	
27,01	0,14	
27,015	0,14	
27,02	0,14	
27,025	0,13	
27,03	0,13	
27,035	0,12	
27,04	0,12	
27,045	0,12	
27,05	0,12	
27,055	0,12	
27,06	0,11	
27,065	0,11	
27,07	0,1	
27,075	0,1	
27,08	0,09	
27,085	0,09	
27,09	0,09	
27,095	0,09	
27,1	0,08	
27,105	0,07	
27,11	0,07	
27,115	0,06	
27,12	0,05	
27,125	0,05	
27,13	0,04	
27,135	0,04	
27,14	0,04	
27,145	0,03	
27,15	0,03	
27,155	0,02	
27,16	0,01	
27,165	0	
27,17	0	
27,175	-0,01	
27,18	-0,01	
27,185	-0,02	
27,19	-0,03	
27,195	-0,03	
27,2	-0,04	
27,205	-0,05	
27,21	-0,05	
27,215	-0,06	
27,22	-0,06	
27,225	-0,07	
27,23	-0,08	
27,235	-0,08	
27,24	-0,09	
27,245	-0,1	
27,25	-0,1	
27,255	-0,1	
27,26	-0,11	
27,265	-0,11	
27,27	-0,12	
27,275	-0,13	
27,28	-0,13	
27,285	-0,14	
27,29	-0,14	
27,295	-0,15	
27,3	-0,15	
27,305	-0,15	
27,31	-0,16	
27,315	-0,17	
27,32	-0,17	
27,325	-0,18	
27,33	-0,18	
27,335	-0,19	
27,34	-0,19	
27,345	-0,19	
27,35	-0,2	
27,355	-0,2	
27,36	-0,2	
27,365	-0,2	
27,37	-0,21	
27,375	-0,21	
27,38	-0,21	
27,385	-0,21	
27,39	-0,22	
27,395	-0,22	
27,4	-0,22	
27,405	-0,22	
27,41	-0,22	
27,415	-0,22	
27,42	-0,22	
27,425	-0,22	
27,43	-0,22	
27,435	-0,23	
27,44	-0,23	
27,445	-0,23	
27,45	-0,23	
27,455	-0,23	
27,46	-0,22	
27,465	-0,22	
27,47	-0,21	
27,475	-0,21	
27,48	-0,21	
27,485	-0,21	
27,49	-0,21	
27,495	-0,2	
27,5	-0,2	
27,505	-0,2	
27,51	-0,19	
27,515	-0,19	
27,52	-0,19	
27,525	-0,18	
27,53	-0,18	
27,535	-0,18	
27,54	-0,17	
27,545	-0,16	
27,55	-0,16	
27,555	-0,16	
27,56	-0,15	
27,565	-0,15	
27,57	-0,15	
27,575	-0,14	
27,58	-0,13	
27,585	-0,13	
27,59	-0,12	
27,595	-0,11	
27,6	-0,1	
27,605	-0,1	
27,61	-0,09	
27,615	-0,08	
27,62	-0,08	
27,625	-0,07	
27,63	-0,06	
27,635	-0,05	
27,64	-0,05	
27,645	-0,04	
27,65	-0,03	
27,655	-0,03	
27,66	-0,01	
27,665	-0,01	
27,67	0,01	
27,675	0,01	
27,68	0,02	
27,685	0,03	
27,69	0,03	
27,695	0,04	
27,7	0,05	
27,705	0,06	
27,71	0,07	
27,715	0,08	
27,72	0,09	
27,725	0,1	
27,73	0,11	
27,735	0,11	
27,74	0,12	
27,745	0,13	
27,75	0,14	
27,755	0,15	
27,76	0,15	
27,765	0,16	
27,77	0,17	
27,775	0,17	
27,78	0,18	
27,785	0,19	
27,79	0,2	
27,795	0,21	
27,8	0,22	
27,805	0,23	
27,81	0,23	
27,815	0,24	
27,82	0,24	
27,825	0,25	
27,83	0,25	
27,835	0,26	
27,84	0,27	
27,845	0,27	
27,85	0,28	
27,855	0,28	
27,86	0,29	
27,865	0,29	
27,87	0,3	
27,875	0,31	
27,88	0,31	
27,885	0,31	
27,89	0,32	
27,895	0,32	
27,9	0,32	
27,905	0,32	
27,91	0,33	
27,915	0,34	
27,92	0,34	
27,925	0,34	
27,93	0,35	
27,935	0,34	
27,94	0,34	
27,945	0,35	
27,95	0,35	
27,955	0,35	
27,96	0,35	
27,965	0,35	
27,97	0,35	
27,975	0,35	
27,98	0,35	
27,985	0,34	
27,99	0,34	
27,995	0,34	
28,0	0,34	
28,005	0,34	
28,01	0,34	
28,015	0,33	
28,02	0,33	
28,025	0,33	
28,03	0,32	
28,035	0,32	
28,04	0,32	
28,045	0,31	
28,05	0,31	
28,055	0,3	
28,06	0,3	
28,065	0,29	
28,07	0,28	
28,075	0,28	
28,08	0,27	
28,085	0,27	
28,09	0,26	
28,095	0,25	
28,1	0,24	
28,105	0,24	
28,11	0,23	
28,115	0,22	
28,12	0,21	
28,125	0,2	
28,13	0,19	
28,135	0,18	
28,14	0,18	
28,145	0,17	
28,15	0,16	
28,155	0,15	
28,16	0,13	
28,165	0,13	
28,17	0,12	
28,175	0,11	
28,18	0,1	
28,185	0,09	
28,19	0,08	
28,195	0,07	
28,2	0,06	
28,205	0,04	
28,21	0,03	
28,215	0,02	
28,22	0,01	
28,225	-0,01	
28,23	-0,02	
28,235	-0,03	
28,24	-0,04	
28,245	-0,05	
28,25	-0,07	
28,255	-0,08	
28,26	-0,09	
28,265	-0,1	
28,27	-0,11	
28,275	-0,12	
28,28	-0,13	
28,285	-0,14	
28,29	-0,15	
28,295	-0,17	
28,3	-0,18	
28,305	-0,19	
28,31	-0,2	
28,315	-0,21	
28,32	-0,22	
28,325	-0,23	
28,33	-0,24	
28,335	-0,25	
28,34	-0,26	
28,345	-0,28	
28,35	-0,28	
28,355	-0,3	
28,36	-0,3	
28,365	-0,31	
28,37	-0,32	
28,375	-0,33	
28,38	-0,34	
28,385	-0,35	
28,39	-0,36	
28,395	-0,37	
28,4	-0,37	
28,405	-0,38	
28,41	-0,39	
28,415	-0,39	
28,42	-0,41	
28,425	-0,41	
28,43	-0,43	
28,435	-0,43	
28,44	-0,43	
28,445	-0,43	
28,45	-0,44	
28,455	-0,44	
28,46	-0,45	
28,465	-0,45	
28,47	-0,46	
28,475	-0,46	
28,48	-0,47	
28,485	-0,47	
28,49	-0,47	
28,495	-0,47	
28,5	-0,47	
28,505	-0,47	
28,51	-0,48	
28,515	-0,48	
28,52	-0,48	
28,525	-0,48	
28,53	-0,47	
28,535	-0,47	
28,54	-0,48	
28,545	-0,48	
28,55	-0,47	
28,555	-0,47	
28,56	-0,47	
28,565	-0,47	
28,57	-0,46	
28,575	-0,45	
28,58	-0,45	
28,585	-0,45	
28,59	-0,45	
28,595	-0,44	
28,6	-0,44	
28,605	-0,43	
28,61	-0,42	
28,615	-0,41	
28,62	-0,4	
28,625	-0,4	
28,63	-0,39	
28,635	-0,39	
28,64	-0,38	
28,645	-0,37	
28,65	-0,36	
28,655	-0,35	
28,66	-0,34	
28,665	-0,33	
28,67	-0,32	
28,675	-0,31	
28,68	-0,3	
28,685	-0,29	
28,69	-0,29	
28,695	-0,27	
28,7	-0,26	
28,705	-0,25	
28,71	-0,23	
28,715	-0,22	
28,72	-0,21	
28,725	-0,2	
28,73	-0,19	
28,735	-0,18	
28,74	-0,16	
28,745	-0,15	
28,75	-0,13	
28,755	-0,12	
28,76	-0,11	
28,765	-0,1	
28,77	-0,08	
28,775	-0,07	
28,78	-0,05	
28,785	-0,04	
28,79	-0,02	
28,795	0	
28,8	0,01	
28,805	0,02	
28,81	0,04	
28,815	0,05	
28,82	0,06	
28,825	0,08	
28,83	0,09	
28,835	0,1	
28,84	0,12	
28,845	0,14	
28,85	0,15	
28,855	0,16	
28,86	0,18	
28,865	0,19	
28,87	0,21	
28,875	0,22	
28,88	0,23	
28,885	0,24	
28,89	0,26	
28,895	0,28	
28,9	0,29	
28,905	0,31	
28,91	0,32	
28,915	0,33	
28,92	0,34	
28,925	0,35	
28,93	0,36	
28,935	0,38	
28,94	0,39	
28,945	0,4	
28,95	0,41	
28,955	0,42	
28,96	0,43	
28,965	0,44	
28,97	0,44	
28,975	0,45	
28,98	0,47	
28,985	0,48	
28,99	0,49	
28,995	0,5	
29,0	0,51	
29,005	0,51	
29,01	0,52	
29,015	0,52	
29,02	0,53	
29,025	0,54	
29,03	0,55	
29,035	0,56	
29,04	0,56	
29,045	0,56	
29,05	0,56	
29,055	0,56	
29,06	0,57	
29,065	0,57	
29,07	0,58	
29,075	0,58	
29,08	0,58	
29,085	0,58	
29,09	0,58	
29,095	0,58	
29,1	0,58	
29,105	0,59	
29,11	0,59	
29,115	0,58	
29,12	0,58	
29,125	0,58	
29,13	0,57	
29,135	0,57	
29,14	0,57	
29,145	0,57	
29,15	0,56	
29,155	0,56	
29,16	0,55	
29,165	0,54	
29,17	0,53	
29,175	0,53	
29,18	0,52	
29,185	0,52	
29,19	0,51	
29,195	0,51	
29,2	0,5	
29,205	0,49	
29,21	0,48	
29,215	0,47	
29,22	0,46	
29,225	0,45	
29,23	0,44	
29,235	0,43	
29,24	0,42	
29,245	0,41	
29,25	0,39	
29,255	0,38	
29,26	0,37	
29,265	0,35	
29,27	0,34	
29,275	0,33	
29,28	0,32	
29,285	0,3	
29,29	0,29	
29,295	0,27	
29,3	0,25	
29,305	0,24	
29,31	0,23	
29,315	0,21	
29,32	0,2	
29,325	0,19	
29,33	0,17	
29,335	0,15	
29,34	0,13	
29,345	0,11	
29,35	0,1	
29,355	0,08	
29,36	0,07	
29,365	0,06	
29,37	0,04	
29,375	0,02	
29,38	0,01	
29,385	-0,01	
29,39	-0,03	
29,395	-0,05	
29,4	-0,06	
29,405	-0,08	
29,41	-0,09	
29,415	-0,11	
29,42	-0,13	
29,425	-0,15	
29,43	-0,16	
29,435	-0,18	
29,44	-0,2	
29,445	-0,21	
29,45	-0,23	
29,455	-0,24	
29,46	-0,26	
29,465	-0,28	
29,47	-0,29	
29,475	-0,3	
29,48	-0,32	
29,485	-0,34	
29,49	-0,35	
29,495	-0,37	
29,5	-0,38	
29,505	-0,4	
29,51	-0,41	
29,515	-0,42	
29,52	-0,43	
29,525	-0,45	
29,53	-0,46	
29,535	-0,47	
29,54	-0,48	
29,545	-0,49	
29,55	-0,51	
29,555	-0,52	
29,56	-0,53	
29,565	-0,54	
29,57	-0,55	
29,575	-0,56	
29,58	-0,57	
29,585	-0,58	
29,59	-0,59	
29,595	-0,6	
29,6	-0,6	
29,605	-0,61	
29,61	-0,61	
29,615	-0,62	
29,62	-0,62	
29,625	-0,63	
29,63	-0,64	
29,635	-0,64	
29,64	-0,64	
29,645	-0,64	
29,65	-0,64	
29,655	-0,65	
29,66	-0,65	
29,665	-0,66	
29,67	-0,66	
29,675	-0,66	
29,68	-0,66	
29,685	-0,66	
29,69	-0,65	
29,695	-0,65	
29,7	-0,65	
29,705	-0,65	
29,71	-0,65	
29,715	-0,65	
29,72	-0,64	
29,725	-0,63	
29,73	-0,63	
29,735	-0,63	
29,74	-0,62	
29,745	-0,62	
29,75	-0,61	
29,755	-0,61	
29,76	-0,6	
29,765	-0,59	
29,77	-0,58	
29,775	-0,57	
29,78	-0,56	
29,785	-0,55	
29,79	-0,54	
29,795	-0,53	
29,8	-0,52	
29,805	-0,5	
29,81	-0,49	
29,815	-0,48	
29,82	-0,47	
29,825	-0,46	
29,83	-0,45	
29,835	-0,44	
29,84	-0,43	
29,845	-0,4	
29,85	-0,39	
29,855	-0,37	
29,86	-0,36	
29,865	-0,35	
29,87	-0,34	
29,875	-0,33	
29,88	-0,31	
29,885	-0,29	
29,89	-0,26	
29,895	-0,24	
29,9	-0,23	
29,905	-0,21	
29,91	-0,2	
29,915	-0,19	
29,92	-0,17	
29,925	-0,16	
29,93	-0,14	
29,935	-0,11	
29,94	-0,09	
29,945	-0,07	
29,95	-0,06	
29,955	-0,04	
29,96	-0,03	
29,965	-0,01	
29,97	0,01	
29,975	0,03	
29,98	0,05	
29,985	0,07	
29,99	0,09	
29,995	0,1	
30,0	0,12	
30,005	0,14	
30,01	0,15	
30,015	0,17	
30,02	0,19	
30,025	0,21	
30,03	0,23	
30,035	0,24	
30,04	0,26	
30,045	0,27	
30,05	0,29	
30,055	0,31	
30,06	0,32	
30,065	0,34	
30,07	0,36	
30,075	0,37	
30,08	0,39	
30,085	0,4	
30,09	0,42	
30,095	0,43	
30,1	0,45	
30,105	0,46	
30,11	0,47	
30,115	0,48	
30,12	0,49	
30,125	0,51	
30,13	0,52	
30,135	0,53	
30,14	0,55	
30,145	0,56	
30,15	0,57	
30,155	0,57	
30,16	0,59	
30,165	0,6	
30,17	0,61	
30,175	0,62	
30,18	0,62	
30,185	0,63	
30,19	0,64	
30,195	0,64	
30,2	0,65	
30,205	0,65	
30,21	0,66	
30,215	0,67	
30,22	0,67	
30,225	0,67	
30,23	0,67	
30,235	0,68	
30,24	0,68	
30,245	0,68	
30,25	0,68	
30,255	0,68	
30,26	0,68	
30,265	0,68	
30,27	0,68	
30,275	0,68	
30,28	0,68	
30,285	0,67	
30,29	0,67	
30,295	0,67	
30,3	0,67	
30,305	0,67	
30,31	0,66	
30,315	0,66	
30,32	0,65	
30,325	0,64	
30,33	0,64	
30,335	0,63	
30,34	0,63	
30,345	0,62	
30,35	0,62	
30,355	0,6	
30,36	0,59	
30,365	0,58	
30,37	0,57	
30,375	0,56	
30,38	0,55	
30,385	0,54	
30,39	0,53	
30,395	0,51	
30,4	0,5	
30,405	0,49	
30,41	0,47	
30,415	0,46	
30,42	0,45	
30,425	0,44	
30,43	0,43	
30,435	0,41	
30,44	0,4	
30,445	0,38	
30,45	0,36	
30,455	0,35	
30,46	0,33	
30,465	0,32	
30,47	0,31	
30,475	0,29	
30,48	0,27	
30,485	0,25	
30,49	0,23	
30,495	0,21	
30,5	0,2	
30,505	0,18	
30,51	0,16	
30,515	0,15	
30,52	0,13	
30,525	0,1	
30,53	0,09	
30,535	0,07	
30,54	0,05	
30,545	0,04	
30,55	0,02	
30,555	0	
30,56	-0,02	
30,565	-0,04	
30,57	-0,06	
30,575	-0,08	
30,58	-0,1	
30,585	-0,12	
30,59	-0,13	
30,595	-0,15	
30,6	-0,17	
30,605	-0,18	
30,61	-0,2	
30,615	-0,22	
30,62	-0,24	
30,625	-0,25	
30,63	-0,27	
30,635	-0,28	
30,64	-0,3	
30,645	-0,31	
30,65	-0,33	
30,655	-0,35	
30,66	-0,37	
30,665	-0,38	
30,67	-0,39	
30,675	-0,41	
30,68	-0,42	
30,685	-0,44	
30,69	-0,45	
30,695	-0,46	
30,7	-0,48	
30,705	-0,49	
30,71	-0,5	
30,715	-0,51	
30,72	-0,53	
30,725	-0,54	
30,73	-0,55	
30,735	-0,56	
30,74	-0,57	
30,745	-0,58	
30,75	-0,58	
30,755	-0,59	
30,76	-0,6	
30,765	-0,6	
30,77	-0,62	
30,775	-0,62	
30,78	-0,63	
30,785	-0,64	
30,79	-0,64	
30,795	-0,65	
30,8	-0,65	
30,805	-0,66	
30,81	-0,66	
30,815	-0,66	
30,82	-0,67	
30,825	-0,66	
30,83	-0,67	
30,835	-0,67	
30,84	-0,67	
30,845	-0,67	
30,85	-0,67	
30,855	-0,67	
30,86	-0,67	
30,865	-0,67	
30,87	-0,67	
30,875	-0,66	
30,88	-0,66	
30,885	-0,65	
30,89	-0,65	
30,895	-0,64	
30,9	-0,64	
30,905	-0,63	
30,91	-0,63	
30,915	-0,62	
30,92	-0,62	
30,925	-0,61	
30,93	-0,6	
30,935	-0,59	
30,94	-0,59	
30,945	-0,58	
30,95	-0,57	
30,955	-0,56	
30,96	-0,55	
30,965	-0,53	
30,97	-0,52	
30,975	-0,51	
30,98	-0,5	
30,985	-0,49	
30,99	-0,48	
30,995	-0,46	
31,0	-0,45	
31,005	-0,44	
31,01	-0,42	
31,015	-0,41	
31,02	-0,4	
31,025	-0,38	
31,03	-0,37	
31,035	-0,36	
31,04	-0,34	
31,045	-0,32	
31,05	-0,31	
31,055	-0,29	
31,06	-0,27	
31,065	-0,26	
31,07	-0,24	
31,075	-0,22	
31,08	-0,21	
31,085	-0,19	
31,09	-0,17	
31,095	-0,15	
31,1	-0,14	
31,105	-0,13	
31,11	-0,11	
31,115	-0,09	
31,12	-0,07	
31,125	-0,05	
31,13	-0,03	
31,135	-0,02	
31,14	-0,01	
31,145	0,01	
31,15	0,02	
31,155	0,04	
31,16	0,06	
31,165	0,08	
31,17	0,1	
31,175	0,12	
31,18	0,13	
31,185	0,15	
31,19	0,16	
31,195	0,18	
31,2	0,2	
31,205	0,21	
31,21	0,24	
31,215	0,25	
31,22	0,26	
31,225	0,28	
31,23	0,29	
31,235	0,3	
31,24	0,31	
31,245	0,33	
31,25	0,34	
31,255	0,37	
31,26	0,38	
31,265	0,39	
31,27	0,4	
31,275	0,41	
31,28	0,42	
31,285	0,43	
31,29	0,45	
31,295	0,46	
31,3	0,48	
31,305	0,48	
31,31	0,49	
31,315	0,5	
31,32	0,51	
31,325	0,52	
31,33	0,53	
31,335	0,54	
31,34	0,54	
31,345	0,55	
31,35	0,56	
31,355	0,57	
31,36	0,57	
31,365	0,58	
31,37	0,58	
31,375	0,59	
31,38	0,59	
31,385	0,6	
31,39	0,6	
31,395	0,6	
31,4	0,6	
31,405	0,6	
31,41	0,61	
31,415	0,61	
31,42	0,61	
31,425	0,61	
31,43	0,61	
31,435	0,61	
31,44	0,61	
31,445	0,61	
31,45	0,61	
31,455	0,61	
31,46	0,61	
31,465	0,6	
31,47	0,59	
31,475	0,59	
31,48	0,58	
31,485	0,58	
31,49	0,58	
31,495	0,57	
31,5	0,57	
31,505	0,56	
31,51	0,55	
31,515	0,54	
31,52	0,54	
31,525	0,53	
31,53	0,52	
31,535	0,51	
31,54	0,5	
31,545	0,49	
31,55	0,48	
31,555	0,47	
31,56	0,46	
31,565	0,45	
31,57	0,44	
31,575	0,43	
31,58	0,42	
31,585	0,41	
31,59	0,39	
31,595	0,38	
31,6	0,37	
31,605	0,35	
31,61	0,34	
31,615	0,33	
31,62	0,31	
31,625	0,3	
31,63	0,29	
31,635	0,27	
31,64	0,26	
31,645	0,25	
31,65	0,23	
31,655	0,22	
31,66	0,2	
31,665	0,18	
31,67	0,17	
31,675	0,16	
31,68	0,14	
31,685	0,13	
31,69	0,11	
31,695	0,1	
31,7	0,08	
31,705	0,07	
31,71	0,05	
31,715	0,03	
31,72	0,01	
31,725	0	
31,73	-0,02	
31,735	-0,03	
31,74	-0,05	
31,745	-0,06	
31,75	-0,07	
31,755	-0,1	
31,76	-0,11	
31,765	-0,13	
31,77	-0,14	
31,775	-0,15	
31,78	-0,16	
31,785	-0,17	
31,79	-0,18	
31,795	-0,2	
31,8	-0,22	
31,805	-0,24	
31,81	-0,25	
31,815	-0,26	
31,82	-0,27	
31,825	-0,28	
31,83	-0,29	
31,835	-0,3	
31,84	-0,32	
31,845	-0,34	
31,85	-0,35	
31,855	-0,35	
31,86	-0,36	
31,865	-0,37	
31,87	-0,38	
31,875	-0,38	
31,88	-0,39	
31,885	-0,4	
31,89	-0,42	
31,895	-0,43	
31,9	-0,44	
31,905	-0,44	
31,91	-0,45	
31,915	-0,45	
31,92	-0,46	
31,925	-0,47	
31,93	-0,47	
31,935	-0,48	
31,94	-0,48	
31,945	-0,49	
31,95	-0,49	
31,955	-0,49	
31,96	-0,5	
31,965	-0,5	
31,97	-0,51	
31,975	-0,51	
31,98	-0,51	
31,985	-0,51	
31,99	-0,51	
31,995	-0,51	
32,0	-0,51	
32,005	-0,51	
32,01	-0,51	
32,015	-0,52	
32,02	-0,52	
32,025	-0,52	
32,03	-0,51	
32,035	-0,51	
32,04	-0,51	
32,045	-0,5	
32,05	-0,5	
32,055	-0,49	
32,06	-0,49	
32,065	-0,48	
32,07	-0,48	
32,075	-0,47	
32,08	-0,47	
32,085	-0,46	
32,09	-0,46	
32,095	-0,45	
32,1	-0,45	
32,105	-0,44	
32,11	-0,43	
32,115	-0,43	
32,12	-0,41	
32,125	-0,4	
32,13	-0,4	
32,135	-0,39	
32,14	-0,38	
32,145	-0,37	
32,15	-0,37	
32,155	-0,35	
32,16	-0,34	
32,165	-0,33	
32,17	-0,32	
32,175	-0,32	
32,18	-0,31	
32,185	-0,3	
32,19	-0,28	
32,195	-0,27	
32,2	-0,26	
32,205	-0,25	
32,21	-0,23	
32,215	-0,22	
32,22	-0,21	
32,225	-0,2	
32,23	-0,19	
32,235	-0,17	
32,24	-0,16	
32,245	-0,15	
32,25	-0,14	
32,255	-0,12	
32,26	-0,11	
32,265	-0,1	
32,27	-0,09	
32,275	-0,07	
32,28	-0,06	
32,285	-0,05	
32,29	-0,04	
32,295	-0,03	
32,3	-0,01	
32,305	0	
32,31	0,01	
32,315	0,03	
32,32	0,04	
32,325	0,05	
32,33	0,06	
32,335	0,07	
32,34	0,08	
32,345	0,1	
32,35	0,11	
32,355	0,12	
32,36	0,13	
32,365	0,15	
32,37	0,16	
32,375	0,17	
32,38	0,18	
32,385	0,19	
32,39	0,2	
32,395	0,21	
32,4	0,22	
32,405	0,23	
32,41	0,24	
32,415	0,25	
32,42	0,25	
32,425	0,26	
32,43	0,27	
32,435	0,27	
32,44	0,28	
32,445	0,29	
32,45	0,3	
32,455	0,31	
32,46	0,31	
32,465	0,32	
32,47	0,32	
32,475	0,33	
32,48	0,34	
32,485	0,35	
32,49	0,35	
32,495	0,35	
32,5	0,36	
32,505	0,36	
32,51	0,37	
32,515	0,37	
32,52	0,38	
32,525	0,38	
32,53	0,39	
32,535	0,39	
32,54	0,39	
32,545	0,39	
32,55	0,39	
32,555	0,39	
32,56	0,39	
32,565	0,39	
32,57	0,39	
32,575	0,39	
32,58	0,39	
32,585	0,39	
32,59	0,39	
32,595	0,38	
32,6	0,38	
32,605	0,38	
32,61	0,38	
32,615	0,38	
32,62	0,37	
32,625	0,37	
32,63	0,37	
32,635	0,36	
32,64	0,36	
32,645	0,36	
32,65	0,35	
32,655	0,35	
32,66	0,34	
32,665	0,34	
32,67	0,33	
32,675	0,33	
32,68	0,32	
32,685	0,31	
32,69	0,31	
32,695	0,3	
32,7	0,29	
32,705	0,29	
32,71	0,28	
32,715	0,27	
32,72	0,26	
32,725	0,26	
32,73	0,25	
32,735	0,24	
32,74	0,24	
32,745	0,23	
32,75	0,22	
32,755	0,21	
32,76	0,2	
32,765	0,19	
32,77	0,18	
32,775	0,17	
32,78	0,17	
32,785	0,16	
32,79	0,15	
32,795	0,14	
32,8	0,13	
32,805	0,12	
32,81	0,11	
32,815	0,1	
32,82	0,09	
32,825	0,08	
32,83	0,07	
32,835	0,07	
32,84	0,06	
32,845	0,04	
32,85	0,03	
32,855	0,02	
32,86	0,02	
32,865	0	
32,87	0	
32,875	-0,01	
32,88	-0,02	
32,885	-0,03	
32,89	-0,04	
32,895	-0,05	
32,9	-0,06	
32,905	-0,06	
32,91	-0,07	
32,915	-0,08	
32,92	-0,09	
32,925	-0,1	
32,93	-0,11	
32,935	-0,12	
32,94	-0,12	
32,945	-0,13	
32,95	-0,13	
32,955	-0,14	
32,96	-0,15	
32,965	-0,16	
32,97	-0,17	
32,975	-0,17	
32,98	-0,18	
32,985	-0,19	
32,99	-0,19	
32,995	-0,2	
33,0	-0,2	
33,005	-0,2	
33,01	-0,21	
33,015	-0,21	
33,02	-0,22	
33,025	-0,22	
33,03	-0,23	
33,035	-0,23	
33,04	-0,24	
33,045	-0,24	
33,05	-0,25	
33,055	-0,25	
33,06	-0,25	
33,065	-0,25	
33,07	-0,25	
33,075	-0,25	
33,08	-0,26	
33,085	-0,26	
33,09	-0,26	
33,095	-0,26	
33,1	-0,26	
33,105	-0,26	
33,11	-0,26	
33,115	-0,26	
33,12	-0,26	
33,125	-0,26	
33,13	-0,26	
33,135	-0,26	
33,14	-0,26	
33,145	-0,26	
33,15	-0,26	
33,155	-0,25	
33,16	-0,25	
33,165	-0,25	
33,17	-0,25	
33,175	-0,24	
33,18	-0,24	
33,185	-0,24	
33,19	-0,23	
33,195	-0,23	
33,2	-0,23	
33,205	-0,23	
33,21	-0,22	
33,215	-0,22	
33,22	-0,21	
33,225	-0,21	
33,23	-0,2	
33,235	-0,19	
33,24	-0,19	
33,245	-0,18	
33,25	-0,18	
33,255	-0,17	
33,26	-0,17	
33,265	-0,17	
33,27	-0,16	
33,275	-0,15	
33,28	-0,15	
33,285	-0,14	
33,29	-0,14	
33,295	-0,13	
33,3	-0,13	
33,305	-0,12	
33,31	-0,11	
33,315	-0,11	
33,32	-0,1	
33,325	-0,1	
33,33	-0,09	
33,335	-0,08	
33,34	-0,08	
33,345	-0,07	
33,35	-0,06	
33,355	-0,05	
33,36	-0,05	
33,365	-0,04	
33,37	-0,04	
33,375	-0,03	
33,38	-0,02	
33,385	-0,02	
33,39	-0,01	
33,395	-0,01	
33,4	0	
33,405	0,01	
33,41	0,02	
33,415	0,02	
33,42	0,03	
33,425	0,03	
33,43	0,04	
33,435	0,04	
33,44	0,05	
33,445	0,06	
33,45	0,07	
33,455	0,07	
33,46	0,08	
33,465	0,08	
33,47	0,09	
33,475	0,09	
33,48	0,1	
33,485	0,1	
33,49	0,11	
33,495	0,11	
33,5	0,11	
33,505	0,12	
33,51	0,12	
33,515	0,13	
33,52	0,13	
33,525	0,13	
33,53	0,14	
33,535	0,14	
33,54	0,14	
33,545	0,14	
33,55	0,15	
33,555	0,15	
33,56	0,15	
33,565	0,16	
33,57	0,16	
33,575	0,16	
33,58	0,16	
33,585	0,16	
33,59	0,16	
33,595	0,16	
33,6	0,16	
33,605	0,16	
33,61	0,16	
33,615	0,16	
33,62	0,16	
33,625	0,16	
33,63	0,16	
33,635	0,17	
33,64	0,17	
33,645	0,16	
33,65	0,16	
33,655	0,16	
33,66	0,16	
33,665	0,15	
33,67	0,15	
33,675	0,15	
33,68	0,15	
33,685	0,15	
33,69	0,14	
33,695	0,14	
33,7	0,14	
33,705	0,13	
33,71	0,13	
33,715	0,13	
33,72	0,13	
33,725	0,12	
33,73	0,12	
33,735	0,12	
33,74	0,11	
33,745	0,11	
33,75	0,1	
33,755	0,09	
33,76	0,09	
33,765	0,08	
33,77	0,08	
33,775	0,08	
33,78	0,07	
33,785	0,07	
33,79	0,07	
33,795	0,06	
33,8	0,05	
33,805	0,05	
33,81	0,04	
33,815	0,04	
33,82	0,03	
33,825	0,03	
33,83	0,02	
33,835	0,02	
33,84	0,01	
33,845	0,01	
33,85	0	
33,855	0	
33,86	-0,01	
33,865	-0,02	
33,87	-0,02	
33,875	-0,03	
33,88	-0,04	
33,885	-0,04	
33,89	-0,04	
33,895	-0,05	
33,9	-0,05	
33,905	-0,06	
33,91	-0,06	
33,915	-0,07	
33,92	-0,07	
33,925	-0,08	
33,93	-0,08	
33,935	-0,09	
33,94	-0,09	
33,945	-0,09	
33,95	-0,1	
33,955	-0,11	
33,96	-0,11	
33,965	-0,12	
33,97	-0,12	
33,975	-0,12	
33,98	-0,12	
33,985	-0,13	
33,99	-0,13	
33,995	-0,14	
34,0	-0,14	
34,005	-0,14	
34,01	-0,14	
34,015	-0,14	
34,02	-0,15	
34,025	-0,15	
34,03	-0,15	
34,035	-0,15	
34,04	-0,16	
34,045	-0,16	
34,05	-0,16	
34,055	-0,16	
34,06	-0,15	
34,065	-0,15	
34,07	-0,16	
34,075	-0,16	
34,08	-0,16	
34,085	-0,16	
34,09	-0,16	
34,095	-0,16	
34,1	-0,16	
34,105	-0,16	
34,11	-0,16	
34,115	-0,16	
34,12	-0,16	
34,125	-0,16	
34,13	-0,15	
34,135	-0,15	
34,14	-0,15	
34,145	-0,14	
34,15	-0,14	
34,155	-0,14	
34,16	-0,14	
34,165	-0,13	
34,17	-0,13	
34,175	-0,13	
34,18	-0,12	
34,185	-0,12	
34,19	-0,12	
34,195	-0,11	
34,2	-0,11	
34,205	-0,11	
34,21	-0,1	
34,215	-0,1	
34,22	-0,09	
34,225	-0,09	
34,23	-0,08	
34,235	-0,08	
34,24	-0,07	
34,245	-0,07	
34,25	-0,06	
34,255	-0,06	
34,26	-0,05	
34,265	-0,05	
34,27	-0,04	
34,275	-0,03	
34,28	-0,03	
34,285	-0,02	
34,29	-0,02	
34,295	-0,01	
34,3	0	
34,305	0,01	
34,31	0,01	
34,315	0,02	
34,32	0,02	
34,325	0,03	
34,33	0,04	
34,335	0,04	
34,34	0,05	
34,345	0,06	
34,35	0,07	
34,355	0,07	
34,36	0,07	
34,365	0,08	
34,37	0,08	
34,375	0,09	
34,38	0,1	
34,385	0,11	
34,39	0,11	
34,395	0,12	
34,4	0,13	
34,405	0,13	
34,41	0,14	
34,415	0,14	
34,42	0,15	
34,425	0,16	
34,43	0,16	
34,435	0,17	
34,44	0,17	
34,445	0,17	
34,45	0,18	
34,455	0,18	
34,46	0,19	
34,465	0,19	
34,47	0,2	
34,475	0,2	
34,48	0,21	
34,485	0,21	
34,49	0,22	
34,495	0,22	
34,5	0,22	
34,505	0,22	
34,51	0,22	
34,515	0,23	
34,52	0,23	
34,525	0,24	
34,53	0,24	
34,535	0,24	
34,54	0,24	
34,545	0,24	
34,55	0,25	
34,555	0,25	
34,56	0,25	
34,565	0,25	
34,57	0,25	
34,575	0,25	
34,58	0,25	
34,585	0,25	
34,59	0,26	
34,595	0,25	
34,6	0,25	
34,605	0,25	
34,61	0,25	
34,615	0,25	
34,62	0,24	
34,625	0,24	
34,63	0,24	
34,635	0,24	
34,64	0,24	
34,645	0,24	
34,65	0,23	
34,655	0,23	
34,66	0,23	
34,665	0,22	
34,67	0,22	
34,675	0,21	
34,68	0,21	
34,685	0,2	
34,69	0,2	
34,695	0,19	
34,7	0,19	
34,705	0,18	
34,71	0,18	
34,715	0,17	
34,72	0,16	
34,725	0,16	
34,73	0,15	
34,735	0,15	
34,74	0,14	
34,745	0,13	
34,75	0,13	
34,755	0,12	
34,76	0,11	
34,765	0,1	
34,77	0,1	
34,775	0,09	
34,78	0,08	
34,785	0,07	
34,79	0,07	
34,795	0,06	
34,8	0,05	
34,805	0,04	
34,81	0,03	
34,815	0,02	
34,82	0,01	
34,825	0	
34,83	-0,01	
34,835	-0,02	
34,84	-0,02	
34,845	-0,03	
34,85	-0,05	
34,855	-0,06	
34,86	-0,07	
34,865	-0,07	
34,87	-0,08	
34,875	-0,09	
34,88	-0,09	
34,885	-0,1	
34,89	-0,11	
34,895	-0,13	
34,9	-0,14	
34,905	-0,15	
34,91	-0,16	
34,915	-0,16	
34,92	-0,17	
34,925	-0,18	
34,93	-0,19	
34,935	-0,2	
34,94	-0,21	
34,945	-0,22	
34,95	-0,23	
34,955	-0,23	
34,96	-0,24	
34,965	-0,24	
34,97	-0,25	
34,975	-0,26	
34,98	-0,27	
34,985	-0,28	
34,99	-0,28	
34,995	-0,29	
35,0	-0,29	
35,005	-0,3	
35,01	-0,3	
35,015	-0,31	
35,02	-0,32	
35,025	-0,33	
35,03	-0,33	
35,035	-0,34	
35,04	-0,34	
35,045	-0,34	
35,05	-0,34	
35,055	-0,35	
35,06	-0,35	
35,065	-0,36	
35,07	-0,36	
35,075	-0,37	
35,08	-0,37	
35,085	-0,37	
35,09	-0,37	
35,095	-0,37	
35,1	-0,37	
35,105	-0,38	
35,11	-0,38	
35,115	-0,38	
35,12	-0,38	
35,125	-0,38	
35,13	-0,38	
35,135	-0,38	
35,14	-0,38	
35,145	-0,37	
35,15	-0,37	
35,155	-0,37	
35,16	-0,37	
35,165	-0,37	
35,17	-0,37	
35,175	-0,36	
35,18	-0,36	
35,185	-0,36	
35,19	-0,36	
35,195	-0,35	
35,2	-0,34	
35,205	-0,34	
35,21	-0,33	
35,215	-0,33	
35,22	-0,32	
35,225	-0,32	
35,23	-0,31	
35,235	-0,31	
35,24	-0,3	
35,245	-0,29	
35,25	-0,28	
35,255	-0,27	
35,26	-0,26	
35,265	-0,26	
35,27	-0,25	
35,275	-0,24	
35,28	-0,24	
35,285	-0,23	
35,29	-0,22	
35,295	-0,21	
35,3	-0,2	
35,305	-0,19	
35,31	-0,18	
35,315	-0,17	
35,32	-0,16	
35,325	-0,15	
35,33	-0,14	
35,335	-0,13	
35,34	-0,12	
35,345	-0,11	
35,35	-0,09	
35,355	-0,08	
35,36	-0,07	
35,365	-0,06	
35,37	-0,05	
35,375	-0,04	
35,38	-0,02	
35,385	-0,01	
35,39	0	
35,395	0,02	
35,4	0,03	
35,405	0,04	
35,41	0,05	
35,415	0,07	
35,42	0,08	
35,425	0,09	
35,43	0,1	
35,435	0,11	
35,44	0,13	
35,445	0,14	
35,45	0,15	
35,455	0,16	
35,46	0,18	
35,465	0,19	
35,47	0,2	
35,475	0,21	
35,48	0,22	
35,485	0,23	
35,49	0,25	
35,495	0,26	
35,5	0,27	
35,505	0,28	
35,51	0,29	
35,515	0,3	
35,52	0,31	
35,525	0,31	
35,53	0,33	
35,535	0,33	
35,54	0,34	
35,545	0,35	
35,55	0,36	
35,555	0,37	
35,56	0,38	
35,565	0,39	
35,57	0,4	
35,575	0,41	
35,58	0,41	
35,585	0,42	
35,59	0,43	
35,595	0,44	
35,6	0,45	
35,605	0,45	
35,61	0,45	
35,615	0,46	
35,62	0,46	
35,625	0,47	
35,63	0,47	
35,635	0,47	
35,64	0,48	
35,645	0,48	
35,65	0,49	
35,655	0,49	
35,66	0,49	
35,665	0,5	
35,67	0,5	
35,675	0,5	
35,68	0,49	
35,685	0,5	
35,69	0,5	
35,695	0,5	
35,7	0,5	
35,705	0,5	
35,71	0,5	
35,715	0,49	
35,72	0,49	
35,725	0,49	
35,73	0,49	
35,735	0,48	
35,74	0,48	
35,745	0,48	
35,75	0,47	
35,755	0,47	
35,76	0,46	
35,765	0,46	
35,77	0,45	
35,775	0,44	
35,78	0,44	
35,785	0,43	
35,79	0,42	
35,795	0,42	
35,8	0,41	
35,805	0,4	
35,81	0,39	
35,815	0,38	
35,82	0,37	
35,825	0,36	
35,83	0,36	
35,835	0,35	
35,84	0,34	
35,845	0,32	
35,85	0,31	
35,855	0,3	
35,86	0,29	
35,865	0,28	
35,87	0,27	
35,875	0,26	
35,88	0,25	
35,885	0,24	
35,89	0,23	
35,895	0,2	
35,9	0,19	
35,905	0,18	
35,91	0,16	
35,915	0,15	
35,92	0,14	
35,925	0,13	
35,93	0,11	
35,935	0,1	
35,94	0,07	
35,945	0,06	
35,95	0,05	
35,955	0,04	
35,96	0,03	
35,965	0,01	
35,97	0	
35,975	-0,01	
35,98	-0,03	
35,985	-0,05	
35,99	-0,07	
35,995	-0,09	
36,0	-0,1	
36,005	-0,11	
36,01	-0,13	
36,015	-0,14	
36,02	-0,15	
36,025	-0,17	
36,03	-0,19	
36,035	-0,2	
36,04	-0,21	
36,045	-0,23	
36,05	-0,24	
36,055	-0,25	
36,06	-0,27	
36,065	-0,28	
36,07	-0,29	
36,075	-0,31	
36,08	-0,32	
36,085	-0,34	
36,09	-0,35	
36,095	-0,36	
36,1	-0,37	
36,105	-0,38	
36,11	-0,39	
36,115	-0,41	
36,12	-0,42	
36,125	-0,43	
36,13	-0,44	
36,135	-0,45	
36,14	-0,46	
36,145	-0,47	
36,15	-0,48	
36,155	-0,49	
36,16	-0,5	
36,165	-0,5	
36,17	-0,51	
36,175	-0,52	
36,18	-0,53	
36,185	-0,53	
36,19	-0,54	
36,195	-0,55	
36,2	-0,55	
36,205	-0,56	
36,21	-0,56	
36,215	-0,57	
36,22	-0,57	
36,225	-0,58	
36,23	-0,58	
36,235	-0,58	
36,24	-0,58	
36,245	-0,59	
36,25	-0,59	
36,255	-0,59	
36,26	-0,59	
36,265	-0,59	
36,27	-0,59	
36,275	-0,59	
36,28	-0,59	
36,285	-0,59	
36,29	-0,59	
36,295	-0,59	
36,3	-0,58	
36,305	-0,58	
36,31	-0,58	
36,315	-0,57	
36,32	-0,57	
36,325	-0,56	
36,33	-0,56	
36,335	-0,56	
36,34	-0,55	
36,345	-0,54	
36,35	-0,53	
36,355	-0,52	
36,36	-0,52	
36,365	-0,51	
36,37	-0,5	
36,375	-0,49	
36,38	-0,48	
36,385	-0,47	
36,39	-0,47	
36,395	-0,45	
36,4	-0,44	
36,405	-0,43	
36,41	-0,42	
36,415	-0,41	
36,42	-0,4	
36,425	-0,39	
36,43	-0,38	
36,435	-0,36	
36,44	-0,35	
36,445	-0,33	
36,45	-0,32	
36,455	-0,3	
36,46	-0,29	
36,465	-0,28	
36,47	-0,26	
36,475	-0,25	
36,48	-0,23	
36,485	-0,21	
36,49	-0,19	
36,495	-0,18	
36,5	-0,17	
36,505	-0,16	
36,51	-0,14	
36,515	-0,12	
36,52	-0,11	
36,525	-0,09	
36,53	-0,06	
36,535	-0,05	
36,54	-0,03	
36,545	-0,02	
36,55	0	
36,555	0,01	
36,56	0,02	
36,565	0,04	
36,57	0,06	
36,575	0,07	
36,58	0,1	
36,585	0,12	
36,59	0,13	
36,595	0,15	
36,6	0,16	
36,605	0,17	
36,61	0,19	
36,615	0,21	
36,62	0,22	
36,625	0,24	
36,63	0,25	
36,635	0,27	
36,64	0,29	
36,645	0,3	
36,65	0,32	
36,655	0,33	
36,66	0,34	
36,665	0,36	
36,67	0,38	
36,675	0,39	
36,68	0,4	
36,685	0,42	
36,69	0,43	
36,695	0,44	
36,7	0,45	
36,705	0,47	
36,71	0,48	
36,715	0,49	
36,72	0,5	
36,725	0,51	
36,73	0,52	
36,735	0,53	
36,74	0,54	
36,745	0,55	
36,75	0,55	
36,755	0,57	
36,76	0,58	
36,765	0,59	
36,77	0,59	
36,775	0,6	
36,78	0,61	
36,785	0,61	
36,79	0,62	
36,795	0,62	
36,8	0,62	
36,805	0,63	
36,81	0,63	
36,815	0,64	
36,82	0,64	
36,825	0,64	
36,83	0,64	
36,835	0,65	
36,84	0,65	
36,845	0,65	
36,85	0,65	
36,855	0,65	
36,86	0,65	
36,865	0,65	
36,87	0,65	
36,875	0,64	
36,88	0,64	
36,885	0,64	
36,89	0,64	
36,895	0,63	
36,9	0,63	
36,905	0,62	
36,91	0,61	
36,915	0,6	
36,92	0,6	
36,925	0,59	
36,93	0,58	
36,935	0,58	
36,94	0,57	
36,945	0,56	
36,95	0,55	
36,955	0,54	
36,96	0,53	
36,965	0,53	
36,97	0,52	
36,975	0,51	
36,98	0,5	
36,985	0,48	
36,99	0,47	
36,995	0,46	
37,0	0,44	
37,005	0,43	
37,01	0,42	
37,015	0,41	
37,02	0,39	
37,025	0,38	
37,03	0,36	
37,035	0,34	
37,04	0,33	
37,045	0,31	
37,05	0,3	
37,055	0,29	
37,06	0,27	
37,065	0,25	
37,07	0,24	
37,075	0,22	
37,08	0,19	
37,085	0,18	
37,09	0,17	
37,095	0,15	
37,1	0,14	
37,105	0,12	
37,11	0,1	
37,115	0,09	
37,12	0,07	
37,125	0,04	
37,13	0,02	
37,135	0,01	
37,14	-0,01	
37,145	-0,02	
37,15	-0,04	
37,155	-0,06	
37,16	-0,08	
37,165	-0,09	
37,17	-0,12	
37,175	-0,13	
37,18	-0,15	
37,185	-0,16	
37,19	-0,18	
37,195	-0,19	
37,2	-0,21	
37,205	-0,23	
37,21	-0,24	
37,215	-0,26	
37,22	-0,28	
37,225	-0,29	
37,23	-0,31	
37,235	-0,33	
37,24	-0,34	
37,245	-0,36	
37,25	-0,37	
37,255	-0,39	
37,26	-0,4	
37,265	-0,41	
37,27	-0,43	
37,275	-0,44	
37,28	-0,45	
37,285	-0,47	
37,29	-0,48	
37,295	-0,49	
37,3	-0,5	
37,305	-0,51	
37,31	-0,53	
37,315	-0,53	
37,32	-0,55	
37,325	-0,56	
37,33	-0,56	
37,335	-0,57	
37,34	-0,58	
37,345	-0,59	
37,35	-0,6	
37,355	-0,61	
37,36	-0,61	
37,365	-0,62	
37,37	-0,62	
37,375	-0,63	
37,38	-0,63	
37,385	-0,64	
37,39	-0,64	
37,395	-0,65	
37,4	-0,65	
37,405	-0,66	
37,41	-0,66	
37,415	-0,66	
37,42	-0,66	
37,425	-0,66	
37,43	-0,66	
37,435	-0,66	
37,44	-0,66	
37,445	-0,66	
37,45	-0,65	
37,455	-0,65	
37,46	-0,65	
37,465	-0,65	
37,47	-0,64	
37,475	-0,64	
37,48	-0,64	
37,485	-0,63	
37,49	-0,63	
37,495	-0,63	
37,5	-0,62	
37,505	-0,61	
37,51	-0,61	
37,515	-0,6	
37,52	-0,59	
37,525	-0,58	
37,53	-0,58	
37,535	-0,57	
37,54	-0,56	
37,545	-0,55	
37,55	-0,54	
37,555	-0,52	
37,56	-0,51	
37,565	-0,5	
37,57	-0,49	
37,575	-0,48	
37,58	-0,46	
37,585	-0,45	
37,59	-0,43	
37,595	-0,42	
37,6	-0,41	
37,605	-0,4	
37,61	-0,38	
37,615	-0,37	
37,62	-0,36	
37,625	-0,34	
37,63	-0,32	
37,635	-0,31	
37,64	-0,29	
37,645	-0,28	
37,65	-0,26	
37,655	-0,25	
37,66	-0,23	
37,665	-0,21	
37,67	-0,19	
37,675	-0,17	
37,68	-0,15	
37,685	-0,14	
37,69	-0,12	
37,695	-0,11	
37,7	-0,09	
37,705	-0,07	
37,71	-0,06	
37,715	-0,03	
37,72	-0,02	
37,725	0	
37,73	0,01	
37,735	0,03	
37,74	0,04	
37,745	0,06	
37,75	0,08	
37,755	0,09	
37,76	0,12	
37,765	0,14	
37,77	0,15	
37,775	0,17	
37,78	0,18	
37,785	0,2	
37,79	0,22	
37,795	0,24	
37,8	0,25	
37,805	0,27	
37,81	0,29	
37,815	0,3	
37,82	0,31	
37,825	0,33	
37,83	0,34	
37,835	0,35	
37,84	0,37	
37,845	0,38	
37,85	0,4	
37,855	0,41	
37,86	0,42	
37,865	0,43	
37,87	0,45	
37,875	0,46	
37,88	0,47	
37,885	0,48	
37,89	0,49	
37,895	0,5	
37,9	0,51	
37,905	0,53	
37,91	0,54	
37,915	0,55	
37,92	0,55	
37,925	0,56	
37,93	0,57	
37,935	0,57	
37,94	0,58	
37,945	0,59	
37,95	0,59	
37,955	0,6	
37,96	0,6	
37,965	0,61	
37,97	0,61	
37,975	0,62	
37,98	0,62	
37,985	0,62	
37,99	0,63	
37,995	0,63	
38,0	0,63	
38,005	0,63	
38,01	0,63	
38,015	0,63	
38,02	0,63	
38,025	0,63	
38,03	0,63	
38,035	0,63	
38,04	0,63	
38,045	0,63	
38,05	0,62	
38,055	0,62	
38,06	0,61	
38,065	0,61	
38,07	0,6	
38,075	0,6	
38,08	0,6	
38,085	0,59	
38,09	0,58	
38,095	0,57	
38,1	0,57	
38,105	0,56	
38,11	0,55	
38,115	0,54	
38,12	0,54	
38,125	0,53	
38,13	0,52	
38,135	0,51	
38,14	0,49	
38,145	0,48	
38,15	0,47	
38,155	0,46	
38,16	0,45	
38,165	0,44	
38,17	0,43	
38,175	0,42	
38,18	0,4	
38,185	0,39	
38,19	0,37	
38,195	0,36	
38,2	0,34	
38,205	0,33	
38,21	0,32	
38,215	0,3	
38,22	0,29	
38,225	0,27	
38,23	0,26	
38,235	0,24	
38,24	0,23	
38,245	0,21	
38,25	0,2	
38,255	0,19	
38,26	0,17	
38,265	0,15	
38,27	0,13	
38,275	0,12	
38,28	0,1	
38,285	0,09	
38,29	0,07	
38,295	0,06	
38,3	0,05	
38,305	0,02	
38,31	0,01	
38,315	-0,01	
38,32	-0,03	
38,325	-0,04	
38,33	-0,06	
38,335	-0,07	
38,34	-0,09	
38,345	-0,1	
38,35	-0,13	
38,355	-0,14	
38,36	-0,15	
38,365	-0,17	
38,37	-0,18	
38,375	-0,19	
38,38	-0,21	
38,385	-0,22	
38,39	-0,23	
38,395	-0,25	
38,4	-0,27	
38,405	-0,29	
38,41	-0,3	
38,415	-0,31	
38,42	-0,32	
38,425	-0,33	
38,43	-0,35	
38,435	-0,36	
38,44	-0,37	
38,445	-0,39	
38,45	-0,4	
38,455	-0,4	
38,46	-0,41	
38,465	-0,43	
38,47	-0,44	
38,475	-0,45	
38,48	-0,45	
38,485	-0,46	
38,49	-0,47	
38,495	-0,48	
38,5	-0,49	
38,505	-0,5	
38,51	-0,5	
38,515	-0,51	
38,52	-0,52	
38,525	-0,53	
38,53	-0,53	
38,535	-0,53	
38,54	-0,54	
38,545	-0,54	
38,55	-0,55	
38,555	-0,55	
38,56	-0,55	
38,565	-0,56	
38,57	-0,56	
38,575	-0,56	
38,58	-0,56	
38,585	-0,56	
38,59	-0,56	
38,595	-0,56	
38,6	-0,57	
38,605	-0,56	
38,61	-0,56	
38,615	-0,56	
38,62	-0,55	
38,625	-0,55	
38,63	-0,55	
38,635	-0,55	
38,64	-0,55	
38,645	-0,55	
38,65	-0,54	
38,655	-0,53	
38,66	-0,53	
38,665	-0,52	
38,67	-0,51	
38,675	-0,51	
38,68	-0,51	
38,685	-0,5	
38,69	-0,5	
38,695	-0,49	
38,7	-0,48	
38,705	-0,46	
38,71	-0,45	
38,715	-0,44	
38,72	-0,44	
38,725	-0,43	
38,73	-0,43	
38,735	-0,42	
38,74	-0,41	
38,745	-0,39	
38,75	-0,38	
38,755	-0,37	
38,76	-0,35	
38,765	-0,34	
38,77	-0,33	
38,775	-0,32	
38,78	-0,31	
38,785	-0,3	
38,79	-0,28	
38,795	-0,27	
38,8	-0,26	
38,805	-0,24	
38,81	-0,23	
38,815	-0,22	
38,82	-0,2	
38,825	-0,19	
38,83	-0,18	
38,835	-0,17	
38,84	-0,15	
38,845	-0,15	
38,85	-0,13	
38,855	-0,11	
38,86	-0,1	
38,865	-0,08	
38,87	-0,07	
38,875	-0,06	
38,88	-0,04	
38,885	-0,03	
38,89	-0,02	
38,895	-0,01	
38,9	0,02	
38,905	0,03	
38,91	0,04	
38,915	0,06	
38,92	0,07	
38,925	0,08	
38,93	0,1	
38,935	0,11	
38,94	0,12	
38,945	0,14	
38,95	0,15	
38,955	0,17	
38,96	0,18	
38,965	0,19	
38,97	0,2	
38,975	0,21	
38,98	0,22	
38,985	0,23	
38,99	0,25	
38,995	0,26	
39,0	0,27	
39,005	0,27	
39,01	0,29	
39,015	0,29	
39,02	0,3	
39,025	0,31	
39,03	0,32	
39,035	0,33	
39,04	0,34	
39,045	0,35	
39,05	0,35	
39,055	0,36	
39,06	0,37	
39,065	0,38	
39,07	0,39	
39,075	0,4	
39,08	0,41	
39,085	0,41	
39,09	0,42	
39,095	0,42	
39,1	0,43	
39,105	0,43	
39,11	0,44	
39,115	0,44	
39,12	0,44	
39,125	0,45	
39,13	0,45	
39,135	0,45	
39,14	0,45	
39,145	0,45	
39,15	0,46	
39,155	0,46	
39,16	0,46	
39,165	0,46	
39,17	0,46	
39,175	0,46	
39,18	0,46	
39,185	0,46	
39,19	0,46	
39,195	0,46	
39,2	0,46	
39,205	0,45	
39,21	0,45	
39,215	0,44	
39,22	0,44	
39,225	0,44	
39,23	0,43	
39,235	0,43	
39,24	0,43	
39,245	0,42	
39,25	0,42	
39,255	0,41	
39,26	0,4	
39,265	0,4	
39,27	0,39	
39,275	0,39	
39,28	0,38	
39,285	0,38	
39,29	0,37	
39,295	0,36	
39,3	0,35	
39,305	0,34	
39,31	0,33	
39,315	0,32	
39,32	0,32	
39,325	0,31	
39,33	0,3	
39,335	0,29	
39,34	0,28	
39,345	0,27	
39,35	0,26	
39,355	0,25	
39,36	0,24	
39,365	0,23	
39,37	0,22	
39,375	0,21	
39,38	0,2	
39,385	0,19	
39,39	0,18	
39,395	0,17	
39,4	0,15	
39,405	0,14	
39,41	0,13	
39,415	0,12	
39,42	0,11	
39,425	0,1	
39,43	0,08	
39,435	0,07	
39,44	0,07	
39,445	0,06	
39,45	0,04	
39,455	0,03	
39,46	0,02	
39,465	0,01	
39,47	0	
39,475	-0,01	
39,48	-0,02	
39,485	-0,03	
39,49	-0,04	
39,495	-0,05	
39,5	-0,06	
39,505	-0,07	
39,51	-0,08	
39,515	-0,1	
39,52	-0,1	
39,525	-0,11	
39,53	-0,12	
39,535	-0,13	
39,54	-0,14	
39,545	-0,16	
39,55	-0,16	
39,555	-0,17	
39,56	-0,18	
39,565	-0,19	
39,57	-0,19	
39,575	-0,2	
39,58	-0,21	
39,585	-0,22	
39,59	-0,23	
39,595	-0,23	
39,6	-0,24	
39,605	-0,25	
39,61	-0,25	
39,615	-0,26	
39,62	-0,27	
39,625	-0,27	
39,63	-0,28	
39,635	-0,29	
39,64	-0,29	
39,645	-0,3	
39,65	-0,3	
39,655	-0,3	
39,66	-0,3	
39,665	-0,31	
39,67	-0,31	
39,675	-0,32	
39,68	-0,32	
39,685	-0,33	
39,69	-0,33	
39,695	-0,33	
39,7	-0,33	
39,705	-0,33	
39,71	-0,33	
39,715	-0,33	
39,72	-0,33	
39,725	-0,33	
39,73	-0,33	
39,735	-0,33	
39,74	-0,33	
39,745	-0,33	
39,75	-0,33	
39,755	-0,33	
39,76	-0,33	
39,765	-0,33	
39,77	-0,32	
39,775	-0,32	
39,78	-0,32	
39,785	-0,32	
39,79	-0,32	
39,795	-0,32	
39,8	-0,31	
39,805	-0,31	
39,81	-0,3	
39,815	-0,29	
39,82	-0,29	
39,825	-0,28	
39,83	-0,28	
39,835	-0,28	
39,84	-0,28	
39,845	-0,27	
39,85	-0,27	
39,855	-0,26	
39,86	-0,25	
39,865	-0,24	
39,87	-0,24	
39,875	-0,24	
39,88	-0,23	
39,885	-0,23	
39,89	-0,22	
39,895	-0,21	
39,9	-0,2	
39,905	-0,19	
39,91	-0,18	
39,915	-0,18	
39,92	-0,17	
39,925	-0,16	
39,93	-0,15	
39,935	-0,15	
39,94	-0,14	
39,945	-0,13	
39,95	-0,12	
39,955	-0,12	
39,96	-0,11	
39,965	-0,1	
39,97	-0,1	
39,975	-0,09	
39,98	-0,08	
39,985	-0,07	
39,99	-0,05	
39,995	-0,05	
40,0	-0,04	
40,005	-0,04	
40,01	-0,03	
40,015	-0,02	
40,02	-0,01	
40,025	0	
40,03	0,01	
40,035	0,02	
40,04	0,02	
40,045	0,03	
40,05	0,03	
40,055	0,04	
40,06	0,05	
40,065	0,06	
40,07	0,06	
40,075	0,07	
40,08	0,08	
40,085	0,09	
40,09	0,09	
40,095	0,1	
40,1	0,1	
40,105	0,11	
40,11	0,12	
40,115	0,13	
40,12	0,13	
40,125	0,14	
40,13	0,14	
40,135	0,14	
40,14	0,15	
40,145	0,15	
40,15	0,16	
40,155	0,17	
40,16	0,17	
40,165	0,17	
40,17	0,17	
40,175	0,18	
40,18	0,18	
40,185	0,19	
40,19	0,19	
40,195	0,2	
40,2	0,2	
40,205	0,2	
40,21	0,2	
40,215	0,2	
40,22	0,21	
40,225	0,21	
40,23	0,21	
40,235	0,21	
40,24	0,21	
40,245	0,21	
40,25	0,21	
40,255	0,21	
40,26	0,21	
40,265	0,21	
40,27	0,21	
40,275	0,21	
40,28	0,21	
40,285	0,21	
40,29	0,21	
40,295	0,21	
40,3	0,21	
40,305	0,21	
40,31	0,2	
40,315	0,2	
40,32	0,2	
40,325	0,2	
40,33	0,2	
40,335	0,2	
40,34	0,19	
40,345	0,19	
40,35	0,19	
40,355	0,18	
40,36	0,18	
40,365	0,17	
40,37	0,17	
40,375	0,16	
40,38	0,16	
40,385	0,16	
40,39	0,16	
40,395	0,15	
40,4	0,15	
40,405	0,14	
40,41	0,13	
40,415	0,13	
40,42	0,12	
40,425	0,12	
40,43	0,11	
40,435	0,11	
40,44	0,11	
40,445	0,1	
40,45	0,09	
40,455	0,08	
40,46	0,08	
40,465	0,07	
40,47	0,07	
40,475	0,07	
40,48	0,06	
40,485	0,06	
40,49	0,05	
40,495	0,04	
40,5	0,03	
40,505	0,03	
40,51	0,02	
40,515	0,02	
40,52	0,01	
40,525	0,01	
40,53	0	
40,535	-0,01	
40,54	-0,01	
40,545	-0,02	
40,55	-0,02	
40,555	-0,03	
40,56	-0,03	
40,565	-0,03	
40,57	-0,04	
40,575	-0,05	
40,58	-0,05	
40,585	-0,06	
40,59	-0,07	
40,595	-0,07	
40,6	-0,07	
40,605	-0,07	
40,61	-0,08	
40,615	-0,08	
40,62	-0,09	
40,625	-0,09	
40,63	-0,1	
40,635	-0,1	
40,64	-0,1	
40,645	-0,11	
40,65	-0,11	
40,655	-0,11	
40,66	-0,12	
40,665	-0,12	
40,67	-0,13	
40,675	-0,13	
40,68	-0,13	
40,685	-0,13	
40,69	-0,13	
40,695	-0,13	
40,7	-0,13	
40,705	-0,14	
40,71	-0,14	
40,715	-0,14	
40,72	-0,14	
40,725	-0,14	
40,73	-0,14	
40,735	-0,14	
40,74	-0,14	
40,745	-0,14	
40,75	-0,14	
40,755	-0,14	
40,76	-0,14	
40,765	-0,14	
40,77	-0,14	
40,775	-0,14	
40,78	-0,14	
40,785	-0,14	
40,79	-0,14	
40,795	-0,14	
40,8	-0,13	
40,805	-0,13	
40,81	-0,13	
40,815	-0,12	
40,82	-0,12	
40,825	-0,12	
40,83	-0,12	
40,835	-0,12	
40,84	-0,12	
40,845	-0,11	
40,85	-0,11	
40,855	-0,1	
40,86	-0,1	
40,865	-0,1	
40,87	-0,09	
40,875	-0,09	
40,88	-0,09	
40,885	-0,08	
40,89	-0,08	
40,895	-0,07	
40,9	-0,07	
40,905	-0,06	
40,91	-0,06	
40,915	-0,05	
40,92	-0,05	
40,925	-0,04	
40,93	-0,04	
40,935	-0,03	
40,94	-0,03	
40,945	-0,03	
40,95	-0,02	
40,955	-0,02	
40,96	-0,01	
40,965	-0,01	
40,97	0	
40,975	0,01	
40,98	0,01	
40,985	0,01	
40,99	0,02	
40,995	0,02	
41,0	0,03	
41,005	0,04	
41,01	0,05	
41,015	0,05	
41,02	0,06	
41,025	0,06	
41,03	0,07	
41,035	0,07	
41,04	0,07	
41,045	0,08	
41,05	0,08	
41,055	0,09	
41,06	0,09	
41,065	0,1	
41,07	0,1	
41,075	0,11	
41,08	0,11	
41,085	0,11	
41,09	0,12	
41,095	0,12	
41,1	0,12	
41,105	0,13	
41,11	0,13	
41,115	0,13	
41,12	0,14	
41,125	0,14	
41,13	0,15	
41,135	0,15	
41,14	0,15	
41,145	0,16	
41,15	0,16	
41,155	0,16	
41,16	0,16	
41,165	0,16	
41,17	0,16	
41,175	0,17	
41,18	0,17	
41,185	0,17	
41,19	0,17	
41,195	0,17	
41,2	0,17	
41,205	0,17	
41,21	0,17	
41,215	0,17	
41,22	0,17	
41,225	0,17	
41,23	0,17	
41,235	0,17	
41,24	0,17	
41,245	0,17	
41,25	0,17	
41,255	0,17	
41,26	0,17	
41,265	0,17	
41,27	0,16	
41,275	0,16	
41,28	0,16	
41,285	0,16	
41,29	0,16	
41,295	0,15	
41,3	0,15	
41,305	0,15	
41,31	0,14	
41,315	0,13	
41,32	0,13	
41,325	0,13	
41,33	0,13	
41,335	0,13	
41,34	0,12	
41,345	0,12	
41,35	0,11	
41,355	0,11	
41,36	0,1	
41,365	0,1	
41,37	0,09	
41,375	0,08	
41,38	0,08	
41,385	0,07	
41,39	0,07	
41,395	0,06	
41,4	0,06	
41,405	0,05	
41,41	0,05	
41,415	0,04	
41,42	0,04	
41,425	0,03	
41,43	0,02	
41,435	0,01	
41,44	0,01	
41,445	-0,01	
41,45	-0,01	
41,455	-0,02	
41,46	-0,02	
41,465	-0,03	
41,47	-0,03	
41,475	-0,04	
41,48	-0,05	
41,485	-0,05	
41,49	-0,07	
41,495	-0,07	
41,5	-0,08	
41,505	-0,08	
41,51	-0,09	
41,515	-0,1	
41,52	-0,1	
41,525	-0,11	
41,53	-0,12	
41,535	-0,13	
41,54	-0,14	
41,545	-0,14	
41,55	-0,15	
41,555	-0,15	
41,56	-0,16	
41,565	-0,17	
41,57	-0,17	
41,575	-0,18	
41,58	-0,18	
41,585	-0,19	
41,59	-0,19	
41,595	-0,2	
41,6	-0,2	
41,605	-0,21	
41,61	-0,22	
41,615	-0,22	
41,62	-0,23	
41,625	-0,23	
41,63	-0,24	
41,635	-0,24	
41,64	-0,25	
41,645	-0,25	
41,65	-0,25	
41,655	-0,26	
41,66	-0,26	
41,665	-0,26	
41,67	-0,27	
41,675	-0,27	
41,68	-0,27	
41,685	-0,27	
41,69	-0,27	
41,695	-0,27	
41,7	-0,28	
41,705	-0,28	
41,71	-0,28	
41,715	-0,28	
41,72	-0,28	
41,725	-0,28	
41,73	-0,28	
41,735	-0,29	
41,74	-0,29	
41,745	-0,29	
41,75	-0,28	
41,755	-0,28	
41,76	-0,28	
41,765	-0,28	
41,77	-0,28	
41,775	-0,27	
41,78	-0,27	
41,785	-0,27	
41,79	-0,27	
41,795	-0,27	
41,8	-0,26	
41,805	-0,26	
41,81	-0,25	
41,815	-0,25	
41,82	-0,25	
41,825	-0,24	
41,83	-0,24	
41,835	-0,23	
41,84	-0,23	
41,845	-0,23	
41,85	-0,22	
41,855	-0,21	
41,86	-0,21	
41,865	-0,2	
41,87	-0,19	
41,875	-0,19	
41,88	-0,18	
41,885	-0,17	
41,89	-0,17	
41,895	-0,16	
41,9	-0,14	
41,905	-0,14	
41,91	-0,13	
41,915	-0,13	
41,92	-0,12	
41,925	-0,11	
41,93	-0,1	
41,935	-0,1	
41,94	-0,09	
41,945	-0,07	
41,95	-0,07	
41,955	-0,06	
41,96	-0,05	
41,965	-0,04	
41,97	-0,03	
41,975	-0,02	
41,98	-0,01	
41,985	0	
41,99	0,01	
41,995	0,02	
42,0	0,03	
42,005	0,04	
42,01	0,05	
42,015	0,06	
42,02	0,07	
42,025	0,08	
42,03	0,08	
42,035	0,09	
42,04	0,11	
42,045	0,12	
42,05	0,13	
42,055	0,14	
42,06	0,15	
42,065	0,15	
42,07	0,16	
42,075	0,17	
42,08	0,18	
42,085	0,19	
42,09	0,2	
42,095	0,21	
42,1	0,22	
42,105	0,23	
42,11	0,23	
42,115	0,24	
42,12	0,25	
42,125	0,26	
42,13	0,28	
42,135	0,28	
42,14	0,29	
42,145	0,29	
42,15	0,3	
42,155	0,3	
42,16	0,31	
42,165	0,32	
42,17	0,33	
42,175	0,34	
42,18	0,34	
42,185	0,35	
42,19	0,35	
42,195	0,36	
42,2	0,36	
42,205	0,37	
42,21	0,37	
42,215	0,37	
42,22	0,38	
42,225	0,38	
42,23	0,39	
42,235	0,39	
42,24	0,39	
42,245	0,4	
42,25	0,4	
42,255	0,4	
42,26	0,4	
42,265	0,41	
42,27	0,41	
42,275	0,41	
42,28	0,41	
42,285	0,41	
42,29	0,4	
42,295	0,4	
42,3	0,4	
42,305	0,4	
42,31	0,4	
42,315	0,4	
42,32	0,4	
42,325	0,4	
42,33	0,39	
42,335	0,39	
42,34	0,39	
42,345	0,38	
42,35	0,38	
42,355	0,38	
42,36	0,37	
42,365	0,37	
42,37	0,37	
42,375	0,36	
42,38	0,36	
42,385	0,35	
42,39	0,34	
42,395	0,34	
42,4	0,33	
42,405	0,32	
42,41	0,31	
42,415	0,3	
42,42	0,29	
42,425	0,29	
42,43	0,28	
42,435	0,27	
42,44	0,26	
42,445	0,25	
42,45	0,24	
42,455	0,23	
42,46	0,22	
42,465	0,21	
42,47	0,21	
42,475	0,2	
42,48	0,19	
42,485	0,17	
42,49	0,16	
42,495	0,14	
42,5	0,13	
42,505	0,12	
42,51	0,11	
42,515	0,1	
42,52	0,09	
42,525	0,08	
42,53	0,07	
42,535	0,06	
42,54	0,04	
42,545	0,02	
42,55	0,01	
42,555	0	
42,56	-0,01	
42,565	-0,02	
42,57	-0,03	
42,575	-0,04	
42,58	-0,05	
42,585	-0,07	
42,59	-0,09	
42,595	-0,1	
42,6	-0,12	
42,605	-0,13	
42,61	-0,14	
42,615	-0,15	
42,62	-0,16	
42,625	-0,17	
42,63	-0,19	
42,635	-0,2	
42,64	-0,21	
42,645	-0,23	
42,65	-0,23	
42,655	-0,25	
42,66	-0,26	
42,665	-0,27	
42,67	-0,28	
42,675	-0,3	
42,68	-0,31	
42,685	-0,32	
42,69	-0,33	
42,695	-0,33	
42,7	-0,34	
42,705	-0,35	
42,71	-0,36	
42,715	-0,37	
42,72	-0,39	
42,725	-0,4	
42,73	-0,4	
42,735	-0,41	
42,74	-0,42	
42,745	-0,42	
42,75	-0,43	
42,755	-0,44	
42,76	-0,45	
42,765	-0,46	
42,77	-0,46	
42,775	-0,47	
42,78	-0,47	
42,785	-0,48	
42,79	-0,48	
42,795	-0,49	
42,8	-0,49	
42,805	-0,49	
42,81	-0,5	
42,815	-0,5	
42,82	-0,5	
42,825	-0,51	
42,83	-0,51	
42,835	-0,51	
42,84	-0,51	
42,845	-0,51	
42,85	-0,51	
42,855	-0,51	
42,86	-0,51	
42,865	-0,51	
42,87	-0,52	
42,875	-0,51	
42,88	-0,51	
42,885	-0,51	
42,89	-0,51	
42,895	-0,51	
42,9	-0,5	
42,905	-0,49	
42,91	-0,49	
42,915	-0,49	
42,92	-0,48	
42,925	-0,48	
42,93	-0,47	
42,935	-0,47	
42,94	-0,46	
42,945	-0,45	
42,95	-0,45	
42,955	-0,44	
42,96	-0,43	
42,965	-0,43	
42,97	-0,42	
42,975	-0,42	
42,98	-0,41	
42,985	-0,4	
42,99	-0,39	
42,995	-0,37	
43,0	-0,37	
43,005	-0,36	
43,01	-0,35	
43,015	-0,34	
43,02	-0,32	
43,025	-0,31	
43,03	-0,3	
43,035	-0,29	
43,04	-0,27	
43,045	-0,26	
43,05	-0,25	
43,055	-0,24	
43,06	-0,22	
43,065	-0,21	
43,07	-0,2	
43,075	-0,19	
43,08	-0,17	
43,085	-0,15	
43,09	-0,14	
43,095	-0,12	
43,1	-0,11	
43,105	-0,1	
43,11	-0,08	
43,115	-0,06	
43,12	-0,05	
43,125	-0,04	
43,13	-0,02	
43,135	-0,01	
43,14	0,01	
43,145	0,03	
43,15	0,04	
43,155	0,05	
43,16	0,06	
43,165	0,08	
43,17	0,09	
43,175	0,11	
43,18	0,13	
43,185	0,15	
43,19	0,16	
43,195	0,18	
43,2	0,19	
43,205	0,2	
43,21	0,21	
43,215	0,23	
43,22	0,25	
43,225	0,26	
43,23	0,28	
43,235	0,29	
43,24	0,3	
43,245	0,31	
43,25	0,33	
43,255	0,34	
43,26	0,35	
43,265	0,36	
43,27	0,38	
43,275	0,39	
43,28	0,4	
43,285	0,41	
43,29	0,42	
43,295	0,43	
43,3	0,44	
43,305	0,45	
43,31	0,47	
43,315	0,48	
43,32	0,48	
43,325	0,49	
43,33	0,5	
43,335	0,51	
43,34	0,52	
43,345	0,53	
43,35	0,53	
43,355	0,54	
43,36	0,55	
43,365	0,55	
43,37	0,55	
43,375	0,56	
43,38	0,56	
43,385	0,57	
43,39	0,58	
43,395	0,58	
43,4	0,59	
43,405	0,59	
43,41	0,59	
43,415	0,59	
43,42	0,59	
43,425	0,59	
43,43	0,59	
43,435	0,59	
43,44	0,59	
43,445	0,59	
43,45	0,59	
43,455	0,59	
43,46	0,59	
43,465	0,59	
43,47	0,59	
43,475	0,59	
43,48	0,58	
43,485	0,58	
43,49	0,57	
43,495	0,56	
43,5	0,56	
43,505	0,55	
43,51	0,55	
43,515	0,54	
43,52	0,54	
43,525	0,53	
43,53	0,53	
43,535	0,52	
43,54	0,5	
43,545	0,49	
43,55	0,48	
43,555	0,47	
43,56	0,46	
43,565	0,45	
43,57	0,44	
43,575	0,43	
43,58	0,42	
43,585	0,4	
43,59	0,39	
43,595	0,38	
43,6	0,37	
43,605	0,36	
43,61	0,35	
43,615	0,34	
43,62	0,32	
43,625	0,31	
43,63	0,29	
43,635	0,28	
43,64	0,26	
43,645	0,25	
43,65	0,24	
43,655	0,22	
43,66	0,21	
43,665	0,19	
43,67	0,18	
43,675	0,15	
43,68	0,14	
43,685	0,12	
43,69	0,11	
43,695	0,09	
43,7	0,07	
43,705	0,06	
43,71	0,04	
43,715	0,02	
43,72	0	
43,725	-0,01	
43,73	-0,03	
43,735	-0,04	
43,74	-0,06	
43,745	-0,07	
43,75	-0,09	
43,755	-0,11	
43,76	-0,12	
43,765	-0,15	
43,77	-0,16	
43,775	-0,17	
43,78	-0,19	
43,785	-0,2	
43,79	-0,22	
43,795	-0,23	
43,8	-0,25	
43,805	-0,26	
43,81	-0,28	
43,815	-0,3	
43,82	-0,31	
43,825	-0,33	
43,83	-0,34	
43,835	-0,35	
43,84	-0,37	
43,845	-0,38	
43,85	-0,39	
43,855	-0,4	
43,86	-0,42	
43,865	-0,43	
43,87	-0,45	
43,875	-0,46	
43,88	-0,47	
43,885	-0,48	
43,89	-0,49	
43,895	-0,5	
43,9	-0,5	
43,905	-0,52	
43,91	-0,53	
43,915	-0,54	
43,92	-0,55	
43,925	-0,56	
43,93	-0,56	
43,935	-0,57	
43,94	-0,58	
43,945	-0,59	
43,95	-0,59	
43,955	-0,6	
43,96	-0,6	
43,965	-0,61	
43,97	-0,61	
43,975	-0,62	
43,98	-0,62	
43,985	-0,63	
43,99	-0,63	
43,995	-0,63	
44,0	-0,63	
44,005	-0,63	
44,01	-0,63	
44,015	-0,64	
44,02	-0,64	
44,025	-0,63	
44,03	-0,63	
44,035	-0,63	
44,04	-0,63	
44,045	-0,63	
44,05	-0,63	
44,055	-0,62	
44,06	-0,62	
44,065	-0,62	
44,07	-0,61	
44,075	-0,61	
44,08	-0,6	
44,085	-0,59	
44,09	-0,59	
44,095	-0,58	
44,1	-0,57	
44,105	-0,56	
44,11	-0,55	
44,115	-0,55	
44,12	-0,54	
44,125	-0,53	
44,13	-0,52	
44,135	-0,51	
44,14	-0,5	
44,145	-0,49	
44,15	-0,48	
44,155	-0,47	
44,16	-0,46	
44,165	-0,45	
44,17	-0,43	
44,175	-0,41	
44,18	-0,4	
44,185	-0,39	
44,19	-0,38	
44,195	-0,37	
44,2	-0,36	
44,205	-0,34	
44,21	-0,33	
44,215	-0,31	
44,22	-0,29	
44,225	-0,28	
44,23	-0,26	
44,235	-0,25	
44,24	-0,23	
44,245	-0,22	
44,25	-0,2	
44,255	-0,18	
44,26	-0,17	
44,265	-0,15	
44,27	-0,13	
44,275	-0,11	
44,28	-0,1	
44,285	-0,08	
44,29	-0,07	
44,295	-0,05	
44,3	-0,03	
44,305	-0,02	
44,31	0	
44,315	0,03	
44,32	0,04	
44,325	0,05	
44,33	0,07	
44,335	0,09	
44,34	0,1	
44,345	0,12	
44,35	0,14	
44,355	0,15	
44,36	0,18	
44,365	0,19	
44,37	0,2	
44,375	0,22	
44,38	0,23	
44,385	0,25	
44,39	0,26	
44,395	0,28	
44,4	0,29	
44,405	0,31	
44,41	0,33	
44,415	0,34	
44,42	0,35	
44,425	0,37	
44,43	0,38	
44,435	0,39	
44,44	0,41	
44,445	0,42	
44,45	0,44	
44,455	0,45	
44,46	0,46	
44,465	0,47	
44,47	0,48	
44,475	0,49	
44,48	0,5	
44,485	0,51	
44,49	0,52	
44,495	0,53	
44,5	0,54	
44,505	0,55	
44,51	0,56	
44,515	0,57	
44,52	0,58	
44,525	0,58	
44,53	0,58	
44,535	0,59	
44,54	0,6	
44,545	0,61	
44,55	0,61	
44,555	0,62	
44,56	0,62	
44,565	0,62	
44,57	0,62	
44,575	0,63	
44,58	0,63	
44,585	0,63	
44,59	0,63	
44,595	0,63	
44,6	0,63	
44,605	0,63	
44,61	0,63	
44,615	0,63	
44,62	0,63	
44,625	0,63	
44,63	0,63	
44,635	0,62	
44,64	0,62	
44,645	0,62	
44,65	0,61	
44,655	0,61	
44,66	0,6	
44,665	0,6	
44,67	0,59	
44,675	0,58	
44,68	0,58	
44,685	0,57	
44,69	0,56	
44,695	0,55	
44,7	0,55	
44,705	0,54	
44,71	0,53	
44,715	0,52	
44,72	0,51	
44,725	0,5	
44,73	0,49	
44,735	0,48	
44,74	0,47	
44,745	0,45	
44,75	0,44	
44,755	0,43	
44,76	0,42	
44,765	0,41	
44,77	0,39	
44,775	0,38	
44,78	0,36	
44,785	0,35	
44,79	0,34	
44,795	0,33	
44,8	0,31	
44,805	0,3	
44,81	0,28	
44,815	0,26	
44,82	0,24	
44,825	0,23	
44,83	0,21	
44,835	0,2	
44,84	0,19	
44,845	0,17	
44,85	0,16	
44,855	0,14	
44,86	0,12	
44,865	0,1	
44,87	0,09	
44,875	0,07	
44,88	0,06	
44,885	0,04	
44,89	0,02	
44,895	0,01	
44,9	-0,01	
44,905	-0,03	
44,91	-0,05	
44,915	-0,06	
44,92	-0,07	
44,925	-0,09	
44,93	-0,11	
44,935	-0,12	
44,94	-0,14	
44,945	-0,16	
44,95	-0,18	
44,955	-0,19	
44,96	-0,2	
44,965	-0,22	
44,97	-0,23	
44,975	-0,25	
44,98	-0,26	
44,985	-0,28	
44,99	-0,29	
44,995	-0,31	
45,0	-0,32	
45,005	-0,33	
45,01	-0,35	
45,015	-0,36	
45,02	-0,37	
45,025	-0,38	
45,03	-0,4	
45,035	-0,41	
45,04	-0,43	
45,045	-0,44	
45,05	-0,45	
45,055	-0,46	
45,06	-0,47	
45,065	-0,48	
45,07	-0,48	
45,075	-0,49	
45,08	-0,5	
45,085	-0,51	
45,09	-0,52	
45,095	-0,53	
45,1	-0,54	
45,105	-0,55	
45,11	-0,55	
45,115	-0,56	
45,12	-0,56	
45,125	-0,56	
45,13	-0,57	
45,135	-0,57	
45,14	-0,57	
45,145	-0,58	
45,15	-0,58	
45,155	-0,58	
45,16	-0,58	
45,165	-0,59	
45,17	-0,59	
45,175	-0,59	
45,18	-0,59	
45,185	-0,59	
45,19	-0,59	
45,195	-0,59	
45,2	-0,59	
45,205	-0,59	
45,21	-0,59	
45,215	-0,58	
45,22	-0,58	
45,225	-0,58	
45,23	-0,57	
45,235	-0,57	
45,24	-0,56	
45,245	-0,56	
45,25	-0,55	
45,255	-0,54	
45,26	-0,54	
45,265	-0,53	
45,27	-0,53	
45,275	-0,52	
45,28	-0,52	
45,285	-0,51	
45,29	-0,5	
45,295	-0,49	
45,3	-0,49	
45,305	-0,48	
45,31	-0,47	
45,315	-0,45	
45,32	-0,44	
45,325	-0,43	
45,33	-0,42	
45,335	-0,41	
45,34	-0,4	
45,345	-0,39	
45,35	-0,38	
45,355	-0,37	
45,36	-0,35	
45,365	-0,33	
45,37	-0,32	
45,375	-0,31	
45,38	-0,3	
45,385	-0,29	
45,39	-0,27	
45,395	-0,26	
45,4	-0,25	
45,405	-0,23	
45,41	-0,21	
45,415	-0,2	
45,42	-0,18	
45,425	-0,17	
45,43	-0,16	
45,435	-0,14	
45,44	-0,13	
45,445	-0,12	
45,45	-0,09	
45,455	-0,08	
45,46	-0,07	
45,465	-0,05	
45,47	-0,04	
45,475	-0,02	
45,48	-0,01	
45,485	0,01	
45,49	0,02	
45,495	0,04	
45,5	0,06	
45,505	0,07	
45,51	0,08	
45,515	0,1	
45,52	0,11	
45,525	0,12	
45,53	0,14	
45,535	0,15	
45,54	0,17	
45,545	0,19	
45,55	0,2	
45,555	0,21	
45,56	0,22	
45,565	0,23	
45,57	0,25	
45,575	0,26	
45,58	0,27	
45,585	0,29	
45,59	0,3	
45,595	0,31	
45,6	0,32	
45,605	0,33	
45,61	0,34	
45,615	0,35	
45,62	0,36	
45,625	0,37	
45,63	0,38	
45,635	0,39	
45,64	0,4	
45,645	0,41	
45,65	0,42	
45,655	0,42	
45,66	0,43	
45,665	0,44	
45,67	0,45	
45,675	0,46	
45,68	0,46	
45,685	0,47	
45,69	0,47	
45,695	0,48	
45,7	0,48	
45,705	0,48	
45,71	0,49	
45,715	0,5	
45,72	0,5	
45,725	0,5	
45,73	0,5	
45,735	0,51	
45,74	0,51	
45,745	0,51	
45,75	0,51	
45,755	0,51	
45,76	0,51	
45,765	0,51	
45,77	0,51	
45,775	0,51	
45,78	0,51	
45,785	0,51	
45,79	0,51	
45,795	0,51	
45,8	0,5	
45,805	0,5	
45,81	0,5	
45,815	0,49	
45,82	0,48	
45,825	0,48	
45,83	0,48	
45,835	0,48	
45,84	0,47	
45,845	0,47	
45,85	0,46	
45,855	0,45	
45,86	0,45	
45,865	0,44	
45,87	0,43	
45,875	0,43	
45,88	0,42	
45,885	0,41	
45,89	0,4	
45,895	0,39	
45,9	0,38	
45,905	0,37	
45,91	0,36	
45,915	0,35	
45,92	0,34	
45,925	0,33	
45,93	0,32	
45,935	0,31	
45,94	0,3	
45,945	0,29	
45,95	0,27	
45,955	0,26	
45,96	0,25	
45,965	0,24	
45,97	0,23	
45,975	0,22	
45,98	0,21	
45,985	0,2	
45,99	0,18	
45,995	0,17	
46,0	0,16	
46,005	0,14	
46,01	0,13	
46,015	0,12	
46,02	0,11	
46,025	0,1	
46,03	0,09	
46,035	0,07	
46,04	0,06	
46,045	0,05	
46,05	0,03	
46,055	0,02	
46,06	0,01	
46,065	-0,01	
46,07	-0,02	
46,075	-0,03	
46,08	-0,04	
46,085	-0,05	
46,09	-0,06	
46,095	-0,08	
46,1	-0,09	
46,105	-0,1	
46,11	-0,11	
46,115	-0,13	
46,12	-0,14	
46,125	-0,15	
46,13	-0,16	
46,135	-0,18	
46,14	-0,19	
46,145	-0,2	
46,15	-0,21	
46,155	-0,22	
46,16	-0,22	
46,165	-0,23	
46,17	-0,24	
46,175	-0,25	
46,18	-0,26	
46,185	-0,27	
46,19	-0,28	
46,195	-0,29	
46,2	-0,29	
46,205	-0,3	
46,21	-0,31	
46,215	-0,32	
46,22	-0,32	
46,225	-0,33	
46,23	-0,34	
46,235	-0,34	
46,24	-0,35	
46,245	-0,35	
46,25	-0,36	
46,255	-0,36	
46,26	-0,37	
46,265	-0,37	
46,27	-0,38	
46,275	-0,38	
46,28	-0,38	
46,285	-0,39	
46,29	-0,39	
46,295	-0,39	
46,3	-0,39	
46,305	-0,4	
46,31	-0,4	
46,315	-0,4	
46,32	-0,4	
46,325	-0,4	
46,33	-0,4	
46,335	-0,4	
46,34	-0,4	
46,345	-0,4	
46,35	-0,4	
46,355	-0,4	
46,36	-0,4	
46,365	-0,4	
46,37	-0,39	
46,375	-0,39	
46,38	-0,39	
46,385	-0,39	
46,39	-0,39	
46,395	-0,38	
46,4	-0,38	
46,405	-0,37	
46,41	-0,37	
46,415	-0,36	
46,42	-0,36	
46,425	-0,36	
46,43	-0,35	
46,435	-0,34	
46,44	-0,34	
46,445	-0,33	
46,45	-0,32	
46,455	-0,31	
46,46	-0,31	
46,465	-0,3	
46,47	-0,3	
46,475	-0,29	
46,48	-0,28	
46,485	-0,28	
46,49	-0,27	
46,495	-0,26	
46,5	-0,25	
46,505	-0,24	
46,51	-0,24	
46,515	-0,23	
46,52	-0,22	
46,525	-0,21	
46,53	-0,2	
46,535	-0,19	
46,54	-0,19	
46,545	-0,17	
46,55	-0,16	
46,555	-0,16	
46,56	-0,15	
46,565	-0,13	
46,57	-0,12	
46,575	-0,11	
46,58	-0,1	
46,585	-0,09	
46,59	-0,08	
46,595	-0,07	
46,6	-0,07	
46,605	-0,06	
46,61	-0,05	
46,615	-0,04	
46,62	-0,03	
46,625	-0,02	
46,63	-0,01	
46,635	0,01	
46,64	0,01	
46,645	0,02	
46,65	0,03	
46,655	0,04	
46,66	0,05	
46,665	0,05	
46,67	0,06	
46,675	0,07	
46,68	0,09	
46,685	0,09	
46,69	0,1	
46,695	0,11	
46,7	0,12	
46,705	0,13	
46,71	0,14	
46,715	0,14	
46,72	0,15	
46,725	0,16	
46,73	0,17	
46,735	0,17	
46,74	0,18	
46,745	0,19	
46,75	0,19	
46,755	0,2	
46,76	0,2	
46,765	0,2	
46,77	0,21	
46,775	0,22	
46,78	0,22	
46,785	0,23	
46,79	0,23	
46,795	0,24	
46,8	0,24	
46,805	0,25	
46,81	0,25	
46,815	0,26	
46,82	0,26	
46,825	0,26	
46,83	0,27	
46,835	0,27	
46,84	0,27	
46,845	0,27	
46,85	0,28	
46,855	0,28	
46,86	0,28	
46,865	0,28	
46,87	0,28	
46,875	0,28	
46,88	0,28	
46,885	0,28	
46,89	0,28	
46,895	0,28	
46,9	0,28	
46,905	0,28	
46,91	0,28	
46,915	0,28	
46,92	0,28	
46,925	0,28	
46,93	0,27	
46,935	0,27	
46,94	0,27	
46,945	0,27	
46,95	0,26	
46,955	0,26	
46,96	0,26	
46,965	0,25	
46,97	0,25	
46,975	0,25	
46,98	0,25	
46,985	0,24	
46,99	0,24	
46,995	0,23	
47,0	0,22	
47,005	0,22	
47,01	0,21	
47,015	0,21	
47,02	0,2	
47,025	0,2	
47,03	0,2	
47,035	0,19	
47,04	0,19	
47,045	0,18	
47,05	0,17	
47,055	0,17	
47,06	0,16	
47,065	0,15	
47,07	0,15	
47,075	0,14	
47,08	0,13	
47,085	0,13	
47,09	0,12	
47,095	0,11	
47,1	0,11	
47,105	0,1	
47,11	0,09	
47,115	0,09	
47,12	0,08	
47,125	0,07	
47,13	0,07	
47,135	0,05	
47,14	0,05	
47,145	0,04	
47,15	0,04	
47,155	0,03	
47,16	0,03	
47,165	0,02	
47,17	0,01	
47,175	0	
47,18	-0,01	
47,185	-0,01	
47,19	-0,02	
47,195	-0,02	
47,2	-0,03	
47,205	-0,03	
47,21	-0,04	
47,215	-0,05	
47,22	-0,06	
47,225	-0,06	
47,23	-0,07	
47,235	-0,07	
47,24	-0,08	
47,245	-0,08	
47,25	-0,09	
47,255	-0,09	
47,26	-0,1	
47,265	-0,1	
47,27	-0,11	
47,275	-0,11	
47,28	-0,12	
47,285	-0,12	
47,29	-0,13	
47,295	-0,13	
47,3	-0,13	
47,305	-0,14	
47,31	-0,14	
47,315	-0,14	
47,32	-0,15	
47,325	-0,15	
47,33	-0,15	
47,335	-0,16	
47,34	-0,16	
47,345	-0,16	
47,35	-0,16	
47,355	-0,16	
47,36	-0,16	
47,365	-0,17	
47,37	-0,17	
47,375	-0,17	
47,38	-0,18	
47,385	-0,18	
47,39	-0,18	
47,395	-0,17	
47,4	-0,17	
47,405	-0,17	
47,41	-0,17	
47,415	-0,17	
47,42	-0,17	
47,425	-0,17	
47,43	-0,17	
47,435	-0,17	
47,44	-0,17	
47,445	-0,16	
47,45	-0,16	
47,455	-0,16	
47,46	-0,16	
47,465	-0,16	
47,47	-0,16	
47,475	-0,16	
47,48	-0,16	
47,485	-0,15	
47,49	-0,15	
47,495	-0,15	
47,5	-0,14	
47,505	-0,14	
47,51	-0,14	
47,515	-0,13	
47,52	-0,13	
47,525	-0,12	
47,53	-0,12	
47,535	-0,12	
47,54	-0,11	
47,545	-0,11	
47,55	-0,11	
47,555	-0,1	
47,56	-0,1	
47,565	-0,09	
47,57	-0,09	
47,575	-0,08	
47,58	-0,08	
47,585	-0,07	
47,59	-0,07	
47,595	-0,06	
47,6	-0,06	
47,605	-0,05	
47,61	-0,05	
47,615	-0,04	
47,62	-0,04	
47,625	-0,04	
47,63	-0,03	
47,635	-0,02	
47,64	-0,02	
47,645	-0,01	
47,65	-0,01	
47,655	0	
47,66	0	
47,665	0	
47,67	0,01	
47,675	0,02	
47,68	0,02	
47,685	0,03	
47,69	0,03	
47,695	0,04	
47,7	0,04	
47,705	0,05	
47,71	0,05	
47,715	0,05	
47,72	0,06	
47,725	0,07	
47,73	0,07	
47,735	0,07	
47,74	0,08	
47,745	0,08	
47,75	0,08	
47,755	0,08	
47,76	0,09	
47,765	0,09	
47,77	0,1	
47,775	0,11	
47,78	0,11	
47,785	0,11	
47,79	0,12	
47,795	0,12	
47,8	0,12	
47,805	0,12	
47,81	0,12	
47,815	0,12	
47,82	0,13	
47,825	0,12	
47,83	0,13	
47,835	0,13	
47,84	0,13	
47,845	0,13	
47,85	0,13	
47,855	0,13	
47,86	0,14	
47,865	0,14	
47,87	0,14	
47,875	0,13	
47,88	0,13	
47,885	0,14	
47,89	0,14	
47,895	0,14	
47,9	0,14	
47,905	0,14	
47,91	0,13	
47,915	0,13	
47,92	0,13	
47,925	0,13	
47,93	0,12	
47,935	0,13	
47,94	0,13	
47,945	0,12	
47,95	0,12	
47,955	0,12	
47,96	0,11	
47,965	0,11	
47,97	0,11	
47,975	0,11	
47,98	0,1	
47,985	0,1	
47,99	0,1	
47,995	0,09	
48,0	0,08	
48,005	0,08	
48,01	0,08	
48,015	0,07	
48,02	0,07	
48,025	0,07	
48,03	0,06	
48,035	0,06	
48,04	0,05	
48,045	0,05	
48,05	0,04	
48,055	0,04	
48,06	0,03	
48,065	0,03	
48,07	0,02	
48,075	0,02	
48,08	0,01	
48,085	0	
48,09	-0,01	
48,095	-0,01	
48,1	-0,01	
48,105	-0,02	
48,11	-0,02	
48,115	-0,02	
48,12	-0,03	
48,125	-0,03	
48,13	-0,04	
48,135	-0,05	
48,14	-0,05	
48,145	-0,06	
48,15	-0,06	
48,155	-0,07	
48,16	-0,08	
48,165	-0,08	
48,17	-0,09	
48,175	-0,09	
48,18	-0,1	
48,185	-0,1	
48,19	-0,11	
48,195	-0,11	
48,2	-0,12	
48,205	-0,12	
48,21	-0,12	
48,215	-0,13	
48,22	-0,13	
48,225	-0,14	
48,23	-0,14	
48,235	-0,15	
48,24	-0,15	
48,245	-0,16	
48,25	-0,16	
48,255	-0,16	
48,26	-0,16	
48,265	-0,16	
48,27	-0,17	
48,275	-0,17	
48,28	-0,17	
48,285	-0,18	
48,29	-0,18	
48,295	-0,18	
48,3	-0,18	
48,305	-0,19	
48,31	-0,19	
48,315	-0,19	
48,32	-0,19	
48,325	-0,2	
48,33	-0,2	
48,335	-0,2	
48,34	-0,2	
48,345	-0,2	
48,35	-0,2	
48,355	-0,2	
48,36	-0,2	
48,365	-0,2	
48,37	-0,2	
48,375	-0,2	
48,38	-0,2	
48,385	-0,19	
48,39	-0,19	
48,395	-0,19	
48,4	-0,19	
48,405	-0,19	
48,41	-0,19	
48,415	-0,19	
48,42	-0,19	
48,425	-0,18	
48,43	-0,18	
48,435	-0,17	
48,44	-0,17	
48,445	-0,17	
48,45	-0,17	
48,455	-0,16	
48,46	-0,16	
48,465	-0,15	
48,47	-0,15	
48,475	-0,14	
48,48	-0,14	
48,485	-0,13	
48,49	-0,13	
48,495	-0,13	
48,5	-0,12	
48,505	-0,12	
48,51	-0,11	
48,515	-0,1	
48,52	-0,09	
48,525	-0,09	
48,53	-0,09	
48,535	-0,08	
48,54	-0,08	
48,545	-0,07	
48,55	-0,06	
48,555	-0,05	
48,56	-0,05	
48,565	-0,04	
48,57	-0,03	
48,575	-0,03	
48,58	-0,02	
48,585	-0,01	
48,59	0	
48,595	0,01	
48,6	0,01	
48,605	0,02	
48,61	0,02	
48,615	0,03	
48,62	0,03	
48,625	0,04	
48,63	0,05	
48,635	0,06	
48,64	0,07	
48,645	0,08	
48,65	0,09	
48,655	0,09	
48,66	0,1	
48,665	0,11	
48,67	0,11	
48,675	0,13	
48,68	0,14	
48,685	0,14	
48,69	0,15	
48,695	0,16	
48,7	0,16	
48,705	0,17	
48,71	0,17	
48,715	0,18	
48,72	0,19	
48,725	0,2	
48,73	0,2	
48,735	0,2	
48,74	0,21	
48,745	0,21	
48,75	0,22	
48,755	0,23	
48,76	0,23	
48,765	0,24	
48,77	0,25	
48,775	0,25	
48,78	0,25	
48,785	0,26	
48,79	0,26	
48,795	0,27	
48,8	0,28	
48,805	0,28	
48,81	0,28	
48,815	0,29	
48,82	0,29	
48,825	0,29	
48,83	0,29	
48,835	0,3	
48,84	0,3	
48,845	0,3	
48,85	0,31	
48,855	0,31	
48,86	0,31	
48,865	0,31	
48,87	0,31	
48,875	0,31	
48,88	0,31	
48,885	0,31	
48,89	0,31	
48,895	0,31	
48,9	0,31	
48,905	0,31	
48,91	0,31	
48,915	0,31	
48,92	0,31	
48,925	0,31	
48,93	0,3	
48,935	0,3	
48,94	0,3	
48,945	0,29	
48,95	0,29	
48,955	0,28	
48,96	0,28	
48,965	0,28	
48,97	0,28	
48,975	0,28	
48,98	0,27	
48,985	0,27	
48,99	0,26	
48,995	0,26	
49,0	0,25	
49,005	0,25	
49,01	0,24	
49,015	0,24	
49,02	0,23	
49,025	0,22	
49,03	0,21	
49,035	0,2	
49,04	0,19	
49,045	0,18	
49,05	0,18	
49,055	0,17	
49,06	0,17	
49,065	0,16	
49,07	0,15	
49,075	0,14	
49,08	0,13	
49,085	0,12	
49,09	0,12	
49,095	0,11	
49,1	0,1	
49,105	0,09	
49,11	0,08	
49,115	0,07	
49,12	0,06	
49,125	0,05	
49,13	0,04	
49,135	0,03	
49,14	0,02	
49,145	0	
49,15	-0,01	
49,155	-0,02	
49,16	-0,03	
49,165	-0,03	
49,17	-0,04	
49,175	-0,05	
49,18	-0,07	
49,185	-0,08	
49,19	-0,09	
49,195	-0,1	
49,2	-0,11	
49,205	-0,12	
49,21	-0,13	
49,215	-0,14	
49,22	-0,14	
49,225	-0,16	
49,23	-0,17	
49,235	-0,18	
49,24	-0,19	
49,245	-0,2	
49,25	-0,21	
49,255	-0,22	
49,26	-0,22	
49,265	-0,23	
49,27	-0,24	
49,275	-0,26	
49,28	-0,27	
49,285	-0,28	
49,29	-0,28	
49,295	-0,29	
49,3	-0,29	
49,305	-0,3	
49,31	-0,31	
49,315	-0,32	
49,32	-0,33	
49,325	-0,34	
49,33	-0,34	
49,335	-0,35	
49,34	-0,35	
49,345	-0,36	
49,35	-0,37	
49,355	-0,37	
49,36	-0,38	
49,365	-0,39	
49,37	-0,4	
49,375	-0,4	
49,38	-0,4	
49,385	-0,41	
49,39	-0,41	
49,395	-0,41	
49,4	-0,42	
49,405	-0,42	
49,41	-0,42	
49,415	-0,42	
49,42	-0,43	
49,425	-0,43	
49,43	-0,43	
49,435	-0,43	
49,44	-0,43	
49,445	-0,43	
49,45	-0,44	
49,455	-0,43	
49,46	-0,43	
49,465	-0,43	
49,47	-0,43	
49,475	-0,42	
49,48	-0,42	
49,485	-0,42	
49,49	-0,42	
49,495	-0,42	
49,5	-0,41	
49,505	-0,41	
49,51	-0,4	
49,515	-0,4	
49,52	-0,39	
49,525	-0,39	
49,53	-0,39	
49,535	-0,38	
49,54	-0,38	
49,545	-0,37	
49,55	-0,36	
49,555	-0,35	
49,56	-0,35	
49,565	-0,35	
49,57	-0,34	
49,575	-0,33	
49,58	-0,32	
49,585	-0,31	
49,59	-0,3	
49,595	-0,3	
49,6	-0,29	
49,605	-0,28	
49,61	-0,27	
49,615	-0,26	
49,62	-0,25	
49,625	-0,23	
49,63	-0,22	
49,635	-0,2	
49,64	-0,19	
49,645	-0,19	
49,65	-0,18	
49,655	-0,18	
49,66	-0,16	
49,665	-0,15	
49,67	-0,14	
49,675	-0,12	
49,68	-0,1	
49,685	-0,09	
49,69	-0,08	
49,695	-0,07	
49,7	-0,06	
49,705	-0,05	
49,71	-0,04	
49,715	-0,02	
49,72	-0,01	
49,725	0	
49,73	0,02	
49,735	0,03	
49,74	0,04	
49,745	0,06	
49,75	0,07	
49,755	0,08	
49,76	0,1	
49,765	0,11	
49,77	0,12	
49,775	0,13	
49,78	0,14	
49,785	0,16	
49,79	0,17	
49,795	0,19	
49,8	0,2	
49,805	0,21	
49,81	0,22	
49,815	0,23	
49,82	0,25	
49,825	0,26	
49,83	0,27	
49,835	0,29	
49,84	0,3	
49,845	0,31	
49,85	0,31	
49,855	0,32	
49,86	0,33	
49,865	0,35	
49,87	0,36	
49,875	0,37	
49,88	0,38	
49,885	0,39	
49,89	0,4	
49,895	0,4	
49,9	0,41	
49,905	0,42	
49,91	0,43	
49,915	0,44	
49,92	0,45	
49,925	0,46	
49,93	0,46	
49,935	0,47	
49,94	0,47	
49,945	0,48	
49,95	0,48	
49,955	0,49	
49,96	0,5	
49,965	0,5	
49,97	0,51	
49,975	0,51	
49,98	0,51	
49,985	0,51	
49,99	0,51	
49,995	0,52	
50,0	0,53	
50,005	0,53	
50,01	0,53	
50,015	0,53	
50,02	0,53	
50,025	0,52	
50,03	0,53	
50,035	0,53	
50,04	0,53	
50,045	0,53	
50,05	0,52	
50,055	0,52	
50,06	0,51	
50,065	0,51	
50,07	0,51	
50,075	0,51	
50,08	0,5	
50,085	0,5	
50,09	0,49	
50,095	0,48	
50,1	0,48	
50,105	0,47	
50,11	0,47	
50,115	0,46	
50,12	0,46	
50,125	0,45	
50,13	0,45	
50,135	0,43	
50,14	0,42	
50,145	0,41	
50,15	0,4	
50,155	0,39	
50,16	0,38	
50,165	0,38	
50,17	0,37	
50,175	0,36	
50,18	0,35	
50,185	0,33	
50,19	0,32	
50,195	0,31	
50,2	0,3	
50,205	0,29	
50,21	0,28	
50,215	0,26	
50,22	0,25	
50,225	0,24	
50,23	0,22	
50,235	0,2	
50,24	0,19	
50,245	0,18	
50,25	0,17	
50,255	0,16	
50,26	0,14	
50,265	0,13	
50,27	0,11	
50,275	0,09	
50,28	0,08	
50,285	0,06	
50,29	0,05	
50,295	0,04	
50,3	0,02	
50,305	0,01	
50,31	-0,01	
50,315	-0,02	
50,32	-0,04	
50,325	-0,06	
50,33	-0,07	
50,335	-0,08	
50,34	-0,1	
50,345	-0,12	
50,35	-0,13	
50,355	-0,15	
50,36	-0,16	
50,365	-0,18	
50,37	-0,19	
50,375	-0,2	
50,38	-0,22	
50,385	-0,23	
50,39	-0,25	
50,395	-0,26	
50,4	-0,28	
50,405	-0,29	
50,41	-0,3	
50,415	-0,31	
50,42	-0,33	
50,425	-0,34	
50,43	-0,36	
50,435	-0,37	
50,44	-0,38	
50,445	-0,39	
50,45	-0,4	
50,455	-0,41	
50,46	-0,43	
50,465	-0,44	
50,47	-0,45	
50,475	-0,46	
50,48	-0,47	
50,485	-0,48	
50,49	-0,49	
50,495	-0,49	
50,5	-0,5	
50,505	-0,51	
50,51	-0,52	
50,515	-0,53	
50,52	-0,54	
50,525	-0,54	
50,53	-0,55	
50,535	-0,55	
50,54	-0,55	
50,545	-0,56	
50,55	-0,56	
50,555	-0,57	
50,56	-0,58	
50,565	-0,58	
50,57	-0,58	
50,575	-0,58	
50,58	-0,59	
50,585	-0,59	
50,59	-0,59	
50,595	-0,59	
50,6	-0,59	
50,605	-0,59	
50,61	-0,59	
50,615	-0,59	
50,62	-0,58	
50,625	-0,58	
50,63	-0,58	
50,635	-0,58	
50,64	-0,58	
50,645	-0,58	
50,65	-0,57	
50,655	-0,57	
50,66	-0,56	
50,665	-0,55	
50,67	-0,55	
50,675	-0,54	
50,68	-0,54	
50,685	-0,53	
50,69	-0,53	
50,695	-0,52	
50,7	-0,51	
50,705	-0,5	
50,71	-0,5	
50,715	-0,49	
50,72	-0,48	
50,725	-0,47	
50,73	-0,46	
50,735	-0,45	
50,74	-0,43	
50,745	-0,43	
50,75	-0,42	
50,755	-0,41	
50,76	-0,4	
50,765	-0,39	
50,77	-0,37	
50,775	-0,36	
50,78	-0,34	
50,785	-0,33	
50,79	-0,31	
50,795	-0,3	
50,8	-0,29	
50,805	-0,28	
50,81	-0,26	
50,815	-0,25	
50,82	-0,23	
50,825	-0,21	
50,83	-0,2	
50,835	-0,18	
50,84	-0,17	
50,845	-0,15	
50,85	-0,14	
50,855	-0,12	
50,86	-0,11	
50,865	-0,08	
50,87	-0,07	
50,875	-0,05	
50,88	-0,04	
50,885	-0,03	
50,89	-0,01	
50,895	0	
50,9	0,02	
50,905	0,04	
50,91	0,06	
50,915	0,07	
50,92	0,09	
50,925	0,1	
50,93	0,12	
50,935	0,14	
50,94	0,15	
50,945	0,17	
50,95	0,18	
50,955	0,2	
50,96	0,22	
50,965	0,23	
50,97	0,24	
50,975	0,26	
50,98	0,27	
50,985	0,29	
50,99	0,3	
50,995	0,32	
51,0	0,33	
51,005	0,35	
51,01	0,36	
51,015	0,37	
51,02	0,39	
51,025	0,4	
51,03	0,41	
51,035	0,43	
51,04	0,44	
51,045	0,46	
51,05	0,46	
51,055	0,47	
51,06	0,48	
51,065	0,49	
51,07	0,5	
51,075	0,51	
51,08	0,52	
51,085	0,53	
51,09	0,53	
51,095	0,54	
51,1	0,55	
51,105	0,56	
51,11	0,57	
51,115	0,57	
51,12	0,58	
51,125	0,59	
51,13	0,59	
51,135	0,59	
51,14	0,6	
51,145	0,6	
51,15	0,61	
51,155	0,61	
51,16	0,61	
51,165	0,61	
51,17	0,61	
51,175	0,62	
51,18	0,61	
51,185	0,62	
51,19	0,62	
51,195	0,62	
51,2	0,62	
51,205	0,62	
51,21	0,62	
51,215	0,61	
51,22	0,61	
51,225	0,61	
51,23	0,6	
51,235	0,6	
51,24	0,59	
51,245	0,59	
51,25	0,58	
51,255	0,58	
51,26	0,57	
51,265	0,56	
51,27	0,56	
51,275	0,54	
51,28	0,54	
51,285	0,53	
51,29	0,53	
51,295	0,52	
51,3	0,5	
51,305	0,49	
51,31	0,49	
51,315	0,48	
51,32	0,46	
51,325	0,46	
51,33	0,45	
51,335	0,43	
51,34	0,42	
51,345	0,41	
51,35	0,4	
51,355	0,38	
51,36	0,38	
51,365	0,36	
51,37	0,34	
51,375	0,33	
51,38	0,31	
51,385	0,29	
51,39	0,28	
51,395	0,27	
51,4	0,26	
51,405	0,25	
51,41	0,23	
51,415	0,21	
51,42	0,2	
51,425	0,18	
51,43	0,17	
51,435	0,15	
51,44	0,14	
51,445	0,13	
51,45	0,11	
51,455	0,08	
51,46	0,06	
51,465	0,05	
51,47	0,03	
51,475	0,01	
51,48	0	
51,485	-0,02	
51,49	-0,03	
51,495	-0,05	
51,5	-0,06	
51,505	-0,08	
51,51	-0,1	
51,515	-0,12	
51,52	-0,13	
51,525	-0,14	
51,53	-0,16	
51,535	-0,17	
51,54	-0,19	
51,545	-0,2	
51,55	-0,23	
51,555	-0,24	
51,56	-0,26	
51,565	-0,27	
51,57	-0,28	
51,575	-0,29	
51,58	-0,31	
51,585	-0,33	
51,59	-0,34	
51,595	-0,36	
51,6	-0,37	
51,605	-0,38	
51,61	-0,39	
51,615	-0,4	
51,62	-0,41	
51,625	-0,43	
51,63	-0,44	
51,635	-0,45	
51,64	-0,47	
51,645	-0,47	
51,65	-0,48	
51,655	-0,49	
51,66	-0,5	
51,665	-0,51	
51,67	-0,52	
51,675	-0,53	
51,68	-0,53	
51,685	-0,54	
51,69	-0,55	
51,695	-0,55	
51,7	-0,56	
51,705	-0,57	
51,71	-0,57	
51,715	-0,58	
51,72	-0,58	
51,725	-0,58	
51,73	-0,59	
51,735	-0,59	
51,74	-0,6	
51,745	-0,6	
51,75	-0,6	
51,755	-0,6	
51,76	-0,61	
51,765	-0,61	
51,77	-0,61	
51,775	-0,6	
51,78	-0,6	
51,785	-0,6	
51,79	-0,6	
51,795	-0,6	
51,8	-0,6	
51,805	-0,59	
51,81	-0,59	
51,815	-0,58	
51,82	-0,58	
51,825	-0,57	
51,83	-0,57	
51,835	-0,57	
51,84	-0,56	
51,845	-0,56	
51,85	-0,55	
51,855	-0,54	
51,86	-0,53	
51,865	-0,52	
51,87	-0,51	
51,875	-0,51	
51,88	-0,5	
51,885	-0,49	
51,89	-0,49	
51,895	-0,48	
51,9	-0,47	
51,905	-0,46	
51,91	-0,44	
51,915	-0,43	
51,92	-0,42	
51,925	-0,41	
51,93	-0,4	
51,935	-0,38	
51,94	-0,37	
51,945	-0,36	
51,95	-0,34	
51,955	-0,33	
51,96	-0,32	
51,965	-0,31	
51,97	-0,29	
51,975	-0,28	
51,98	-0,26	
51,985	-0,25	
51,99	-0,23	
51,995	-0,22	
52,0	-0,21	
52,005	-0,19	
52,01	-0,18	
52,015	-0,16	
52,02	-0,14	
52,025	-0,12	
52,03	-0,11	
52,035	-0,1	
52,04	-0,08	
52,045	-0,07	
52,05	-0,05	
52,055	-0,03	
52,06	-0,02	
52,065	0	
52,07	0,02	
52,075	0,03	
52,08	0,04	
52,085	0,05	
52,09	0,06	
52,095	0,09	
52,1	0,1	
52,105	0,12	
52,11	0,14	
52,115	0,15	
52,12	0,16	
52,125	0,17	
52,13	0,19	
52,135	0,2	
52,14	0,22	
52,145	0,24	
52,15	0,25	
52,155	0,26	
52,16	0,27	
52,165	0,29	
52,17	0,3	
52,175	0,31	
52,18	0,32	
52,185	0,34	
52,19	0,35	
52,195	0,36	
52,2	0,38	
52,205	0,38	
52,21	0,39	
52,215	0,4	
52,22	0,41	
52,225	0,42	
52,23	0,44	
52,235	0,45	
52,24	0,45	
52,245	0,46	
52,25	0,47	
52,255	0,47	
52,26	0,48	
52,265	0,49	
52,27	0,5	
52,275	0,51	
52,28	0,51	
52,285	0,52	
52,29	0,52	
52,295	0,52	
52,3	0,53	
52,305	0,53	
52,31	0,54	
52,315	0,54	
52,32	0,55	
52,325	0,55	
52,33	0,55	
52,335	0,55	
52,34	0,54	
52,345	0,55	
52,35	0,55	
52,355	0,55	
52,36	0,55	
52,365	0,55	
52,37	0,55	
52,375	0,54	
52,38	0,54	
52,385	0,54	
52,39	0,54	
52,395	0,54	
52,4	0,53	
52,405	0,53	
52,41	0,52	
52,415	0,51	
52,42	0,51	
52,425	0,5	
52,43	0,5	
52,435	0,5	
52,44	0,5	
52,445	0,49	
52,45	0,48	
52,455	0,47	
52,46	0,46	
52,465	0,45	
52,47	0,44	
52,475	0,44	
52,48	0,43	
52,485	0,42	
52,49	0,41	
52,495	0,4	
52,5	0,39	
52,505	0,37	
52,51	0,36	
52,515	0,35	
52,52	0,34	
52,525	0,34	
52,53	0,33	
52,535	0,31	
52,54	0,3	
52,545	0,28	
52,55	0,27	
52,555	0,26	
52,56	0,24	
52,565	0,24	
52,57	0,22	
52,575	0,21	
52,58	0,19	
52,585	0,18	
52,59	0,17	
52,595	0,15	
52,6	0,14	
52,605	0,12	
52,61	0,11	
52,615	0,09	
52,62	0,08	
52,625	0,07	
52,63	0,06	
52,635	0,05	
52,64	0,03	
52,645	0,02	
52,65	0	
52,655	-0,01	
52,66	-0,03	
52,665	-0,04	
52,67	-0,05	
52,675	-0,07	
52,68	-0,07	
52,685	-0,09	
52,69	-0,1	
52,695	-0,12	
52,7	-0,13	
52,705	-0,14	
52,71	-0,16	
52,715	-0,17	
52,72	-0,18	
52,725	-0,19	
52,73	-0,2	
52,735	-0,21	
52,74	-0,23	
52,745	-0,24	
52,75	-0,25	
52,755	-0,26	
52,76	-0,27	
52,765	-0,28	
52,77	-0,29	
52,775	-0,3	
52,78	-0,31	
52,785	-0,32	
52,79	-0,33	
52,795	-0,34	
52,8	-0,35	
52,805	-0,36	
52,81	-0,37	
52,815	-0,37	
52,82	-0,39	
52,825	-0,39	
52,83	-0,4	
52,835	-0,4	
52,84	-0,4	
52,845	-0,41	
52,85	-0,41	
52,855	-0,42	
52,86	-0,43	
52,865	-0,43	
52,87	-0,44	
52,875	-0,44	
52,88	-0,45	
52,885	-0,45	
52,89	-0,45	
52,895	-0,45	
52,9	-0,45	
52,905	-0,46	
52,91	-0,46	
52,915	-0,46	
52,92	-0,46	
52,925	-0,46	
52,93	-0,46	
52,935	-0,46	
52,94	-0,46	
52,945	-0,46	
52,95	-0,46	
52,955	-0,46	
52,96	-0,46	
52,965	-0,45	
52,97	-0,45	
52,975	-0,45	
52,98	-0,45	
52,985	-0,44	
52,99	-0,44	
52,995	-0,43	
53,0	-0,43	
53,005	-0,42	
53,01	-0,42	
53,015	-0,41	
53,02	-0,4	
53,025	-0,4	
53,03	-0,4	
53,035	-0,39	
53,04	-0,39	
53,045	-0,38	
53,05	-0,37	
53,055	-0,36	
53,06	-0,35	
53,065	-0,34	
53,07	-0,34	
53,075	-0,33	
53,08	-0,32	
53,085	-0,31	
53,09	-0,3	
53,095	-0,29	
53,1	-0,28	
53,105	-0,28	
53,11	-0,27	
53,115	-0,26	
53,12	-0,25	
53,125	-0,24	
53,13	-0,23	
53,135	-0,22	
53,14	-0,2	
53,145	-0,19	
53,15	-0,17	
53,155	-0,16	
53,16	-0,15	
53,165	-0,14	
53,17	-0,14	
53,175	-0,13	
53,18	-0,12	
53,185	-0,1	
53,19	-0,09	
53,195	-0,08	
53,2	-0,07	
53,205	-0,06	
53,21	-0,05	
53,215	-0,04	
53,22	-0,02	
53,225	-0,01	
53,23	0	
53,235	0,01	
53,24	0,02	
53,245	0,03	
53,25	0,04	
53,255	0,05	
53,26	0,07	
53,265	0,08	
53,27	0,09	
53,275	0,1	
53,28	0,11	
53,285	0,12	
53,29	0,13	
53,295	0,14	
53,3	0,15	
53,305	0,16	
53,31	0,17	
53,315	0,18	
53,32	0,18	
53,325	0,19	
53,33	0,2	
53,335	0,2	
53,34	0,21	
53,345	0,22	
53,35	0,23	
53,355	0,24	
53,36	0,24	
53,365	0,25	
53,37	0,26	
53,375	0,27	
53,38	0,27	
53,385	0,28	
53,39	0,29	
53,395	0,3	
53,4	0,3	
53,405	0,3	
53,41	0,31	
53,415	0,31	
53,42	0,32	
53,425	0,32	
53,43	0,33	
53,435	0,33	
53,44	0,33	
53,445	0,33	
53,45	0,33	
53,455	0,34	
53,46	0,34	
53,465	0,35	
53,47	0,35	
53,475	0,35	
53,48	0,35	
53,485	0,35	
53,49	0,35	
53,495	0,35	
53,5	0,35	
53,505	0,35	
53,51	0,35	
53,515	0,35	
53,52	0,35	
53,525	0,35	
53,53	0,34	
53,535	0,34	
53,54	0,34	
53,545	0,34	
53,55	0,34	
53,555	0,33	
53,56	0,33	
53,565	0,33	
53,57	0,32	
53,575	0,32	
53,58	0,31	
53,585	0,31	
53,59	0,3	
53,595	0,3	
53,6	0,29	
53,605	0,29	
53,61	0,28	
53,615	0,28	
53,62	0,27	
53,625	0,27	
53,63	0,27	
53,635	0,26	
53,64	0,25	
53,645	0,24	
53,65	0,23	
53,655	0,22	
53,66	0,22	
53,665	0,21	
53,67	0,2	
53,675	0,2	
53,68	0,19	
53,685	0,18	
53,69	0,17	
53,695	0,16	
53,7	0,15	
53,705	0,15	
53,71	0,14	
53,715	0,14	
53,72	0,13	
53,725	0,12	
53,73	0,11	
53,735	0,1	
53,74	0,09	
53,745	0,08	
53,75	0,07	
53,755	0,07	
53,76	0,06	
53,765	0,05	
53,77	0,04	
53,775	0,03	
53,78	0,02	
53,785	0,01	
53,79	0	
53,795	0	
53,8	-0,01	
53,805	-0,02	
53,81	-0,02	
53,815	-0,03	
53,82	-0,04	
53,825	-0,05	
53,83	-0,06	
53,835	-0,06	
53,84	-0,07	
53,845	-0,08	
53,85	-0,08	
53,855	-0,09	
53,86	-0,1	
53,865	-0,11	
53,87	-0,12	
53,875	-0,12	
53,88	-0,13	
53,885	-0,13	
53,89	-0,14	
53,895	-0,14	
53,9	-0,15	
53,905	-0,16	
53,91	-0,17	
53,915	-0,17	
53,92	-0,18	
53,925	-0,18	
53,93	-0,18	
53,935	-0,18	
53,94	-0,19	
53,945	-0,19	
53,95	-0,2	
53,955	-0,2	
53,96	-0,2	
53,965	-0,21	
53,97	-0,21	
53,975	-0,21	
53,98	-0,21	
53,985	-0,22	
53,99	-0,22	
53,995	-0,22	
54,0	-0,22	
54,005	-0,23	
54,01	-0,23	
54,015	-0,23	
54,02	-0,23	
54,025	-0,23	
54,03	-0,23	
54,035	-0,23	
54,04	-0,23	
54,045	-0,23	
54,05	-0,23	
54,055	-0,23	
54,06	-0,23	
54,065	-0,23	
54,07	-0,23	
54,075	-0,23	
54,08	-0,22	
54,085	-0,22	
54,09	-0,22	
54,095	-0,21	
54,1	-0,21	
54,105	-0,21	
54,11	-0,21	
54,115	-0,21	
54,12	-0,21	
54,125	-0,21	
54,13	-0,2	
54,135	-0,2	
54,14	-0,19	
54,145	-0,19	
54,15	-0,19	
54,155	-0,18	
54,16	-0,18	
54,165	-0,18	
54,17	-0,17	
54,175	-0,16	
54,18	-0,16	
54,185	-0,15	
54,19	-0,15	
54,195	-0,15	
54,2	-0,14	
54,205	-0,14	
54,21	-0,13	
54,215	-0,13	
54,22	-0,12	
54,225	-0,11	
54,23	-0,11	
54,235	-0,1	
54,24	-0,1	
54,245	-0,09	
54,25	-0,09	
54,255	-0,08	
54,26	-0,08	
54,265	-0,07	
54,27	-0,06	
54,275	-0,06	
54,28	-0,05	
54,285	-0,04	
54,29	-0,03	
54,295	-0,03	
54,3	-0,03	
54,305	-0,02	
54,31	-0,02	
54,315	-0,01	
54,32	-0,01	
54,325	0	
54,33	0,01	
54,335	0,02	
54,34	0,02	
54,345	0,02	
54,35	0,03	
54,355	0,03	
54,36	0,04	
54,365	0,05	
54,37	0,05	
54,375	0,06	
54,38	0,06	
54,385	0,07	
54,39	0,07	
54,395	0,07	
54,4	0,08	
54,405	0,08	
54,41	0,08	
54,415	0,09	
54,42	0,09	
54,425	0,1	
54,43	0,1	
54,435	0,1	
54,44	0,11	
54,445	0,11	
54,45	0,12	
54,455	0,12	
54,46	0,12	
54,465	0,12	
54,47	0,13	
54,475	0,13	
54,48	0,13	
54,485	0,13	
54,49	0,14	
54,495	0,14	
54,5	0,14	
54,505	0,14	
54,51	0,14	
54,515	0,14	
54,52	0,14	
54,525	0,14	
54,53	0,14	
54,535	0,14	
54,54	0,14	
54,545	0,15	
54,55	0,14	
54,555	0,14	
54,56	0,14	
54,565	0,14	
54,57	0,14	
54,575	0,14	
54,58	0,14	
54,585	0,14	
54,59	0,14	
54,595	0,13	
54,6	0,13	
54,605	0,13	
54,61	0,13	
54,615	0,13	
54,62	0,13	
54,625	0,12	
54,63	0,12	
54,635	0,12	
54,64	0,11	
54,645	0,11	
54,65	0,1	
54,655	0,1	
54,66	0,1	
54,665	0,09	
54,67	0,09	
54,675	0,09	
54,68	0,09	
54,685	0,08	
54,69	0,07	
54,695	0,07	
54,7	0,07	
54,705	0,06	
54,71	0,06	
54,715	0,06	
54,72	0,05	
54,725	0,05	
54,73	0,04	
54,735	0,03	
54,74	0,03	
54,745	0,03	
54,75	0,02	
54,755	0,02	
54,76	0,01	
54,765	0,01	
54,77	0	
54,775	0	
54,78	-0,01	
54,785	-0,01	
54,79	-0,02	
54,795	-0,02	
54,8	-0,02	
54,805	-0,03	
54,81	-0,04	
54,815	-0,04	
54,82	-0,05	
54,825	-0,05	
54,83	-0,05	
54,835	-0,06	
54,84	-0,06	
54,845	-0,06	
54,85	-0,07	
54,855	-0,07	
54,86	-0,07	
54,865	-0,08	
54,87	-0,09	
54,875	-0,09	
54,88	-0,09	
54,885	-0,1	
54,89	-0,1	
54,895	-0,1	
54,9	-0,1	
54,905	-0,1	
54,91	-0,11	
54,915	-0,11	
54,92	-0,11	
54,925	-0,12	
54,93	-0,12	
54,935	-0,12	
54,94	-0,13	
54,945	-0,13	
54,95	-0,13	
54,955	-0,13	
54,96	-0,13	
54,965	-0,13	
54,97	-0,13	
54,975	-0,14	
54,98	-0,13	
54,985	-0,14	
54,99	-0,14	
54,995	-0,14	
55,0	-0,14	
55,005	-0,14	
55,01	-0,14	
55,015	-0,14	
55,02	-0,14	
55,025	-0,14	
55,03	-0,14	
55,035	-0,14	
55,04	-0,14	
55,045	-0,14	
55,05	-0,14	
55,055	-0,14	
55,06	-0,13	
55,065	-0,13	
55,07	-0,12	
55,075	-0,12	
55,08	-0,12	
55,085	-0,11	
55,09	-0,11	
55,095	-0,11	
55,1	-0,11	
55,105	-0,11	
55,11	-0,11	
55,115	-0,1	
55,12	-0,1	
55,125	-0,1	
55,13	-0,09	
55,135	-0,09	
55,14	-0,08	
55,145	-0,08	
55,15	-0,07	
55,155	-0,07	
55,16	-0,06	
55,165	-0,06	
55,17	-0,05	
55,175	-0,05	
55,18	-0,05	
55,185	-0,04	
55,19	-0,03	
55,195	-0,03	
55,2	-0,02	
55,205	-0,02	
55,21	-0,01	
55,215	-0,01	
55,22	0	
55,225	0	
55,23	0,01	
55,235	0,02	
55,24	0,02	
55,245	0,03	
55,25	0,03	
55,255	0,04	
55,26	0,04	
55,265	0,05	
55,27	0,05	
55,275	0,06	
55,28	0,07	
55,285	0,07	
55,29	0,08	
55,295	0,08	
55,3	0,09	
55,305	0,09	
55,31	0,1	
55,315	0,1	
55,32	0,11	
55,325	0,11	
55,33	0,12	
55,335	0,12	
55,34	0,13	
55,345	0,13	
55,35	0,14	
55,355	0,14	
55,36	0,15	
55,365	0,15	
55,37	0,16	
55,375	0,17	
55,38	0,17	
55,385	0,17	
55,39	0,18	
55,395	0,18	
55,4	0,19	
55,405	0,19	
55,41	0,19	
55,415	0,2	
55,42	0,2	
55,425	0,2	
55,43	0,2	
55,435	0,2	
55,44	0,21	
55,445	0,21	
55,45	0,21	
55,455	0,21	
55,46	0,22	
55,465	0,22	
55,47	0,22	
55,475	0,21	
55,48	0,22	
55,485	0,22	
55,49	0,22	
55,495	0,22	
55,5	0,23	
55,505	0,22	
55,51	0,22	
55,515	0,23	
55,52	0,23	
55,525	0,22	
55,53	0,22	
55,535	0,22	
55,54	0,22	
55,545	0,22	
55,55	0,22	
55,555	0,22	
55,56	0,21	
55,565	0,21	
55,57	0,21	
55,575	0,21	
55,58	0,2	
55,585	0,2	
55,59	0,2	
55,595	0,19	
55,6	0,18	
55,605	0,18	
55,61	0,18	
55,615	0,18	
55,62	0,17	
55,625	0,17	
55,63	0,16	
55,635	0,16	
55,64	0,15	
55,645	0,14	
55,65	0,14	
55,655	0,13	
55,66	0,13	
55,665	0,12	
55,67	0,12	
55,675	0,11	
55,68	0,1	
55,685	0,09	
55,69	0,08	
55,695	0,08	
55,7	0,07	
55,705	0,07	
55,71	0,06	
55,715	0,05	
55,72	0,04	
55,725	0,03	
55,73	0,03	
55,735	0,02	
55,74	0,01	
55,745	0	
55,75	-0,01	
55,755	-0,02	
55,76	-0,03	
55,765	-0,03	
55,77	-0,04	
55,775	-0,04	
55,78	-0,05	
55,785	-0,06	
55,79	-0,07	
55,795	-0,08	
55,8	-0,09	
55,805	-0,1	
55,81	-0,1	
55,815	-0,11	
55,82	-0,12	
55,825	-0,13	
55,83	-0,13	
55,835	-0,14	
55,84	-0,15	
55,845	-0,16	
55,85	-0,16	
55,855	-0,18	
55,86	-0,18	
55,865	-0,19	
55,87	-0,2	
55,875	-0,21	
55,88	-0,21	
55,885	-0,22	
55,89	-0,23	
55,895	-0,23	
55,9	-0,24	
55,905	-0,24	
55,91	-0,25	
55,915	-0,26	
55,92	-0,26	
55,925	-0,27	
55,93	-0,27	
55,935	-0,28	
55,94	-0,28	
55,945	-0,28	
55,95	-0,29	
55,955	-0,3	
55,96	-0,31	
55,965	-0,31	
55,97	-0,32	
55,975	-0,32	
55,98	-0,32	
55,985	-0,32	
55,99	-0,33	
55,995	-0,33	
56,0	-0,33	
56,005	-0,33	
56,01	-0,33	
56,015	-0,34	
56,02	-0,34	
56,025	-0,34	
56,03	-0,34	
56,035	-0,34	
56,04	-0,34	
56,045	-0,34	
56,05	-0,34	
56,055	-0,34	
56,06	-0,34	
56,065	-0,34	
56,07	-0,34	
56,075	-0,34	
56,08	-0,34	
56,085	-0,34	
56,09	-0,33	
56,095	-0,33	
56,1	-0,33	
56,105	-0,32	
56,11	-0,32	
56,115	-0,31	
56,12	-0,31	
56,125	-0,31	
56,13	-0,3	
56,135	-0,3	
56,14	-0,3	
56,145	-0,29	
56,15	-0,29	
56,155	-0,28	
56,16	-0,28	
56,165	-0,27	
56,17	-0,27	
56,175	-0,26	
56,18	-0,25	
56,185	-0,25	
56,19	-0,23	
56,195	-0,23	
56,2	-0,22	
56,205	-0,21	
56,21	-0,2	
56,215	-0,19	
56,22	-0,18	
56,225	-0,17	
56,23	-0,17	
56,235	-0,15	
56,24	-0,14	
56,245	-0,13	
56,25	-0,12	
56,255	-0,12	
56,26	-0,11	
56,265	-0,1	
56,27	-0,09	
56,275	-0,08	
56,28	-0,06	
56,285	-0,05	
56,29	-0,05	
56,295	-0,04	
56,3	-0,03	
56,305	-0,02	
56,31	-0,01	
56,315	0,01	
56,32	0,02	
56,325	0,03	
56,33	0,04	
56,335	0,05	
56,34	0,06	
56,345	0,08	
56,35	0,08	
56,355	0,1	
56,36	0,11	
56,365	0,12	
56,37	0,13	
56,375	0,14	
56,38	0,15	
56,385	0,16	
56,39	0,17	
56,395	0,18	
56,4	0,19	
56,405	0,2	
56,41	0,21	
56,415	0,22	
56,42	0,23	
56,425	0,25	
56,43	0,26	
56,435	0,27	
56,44	0,28	
56,445	0,28	
56,45	0,29	
56,455	0,3	
56,46	0,31	
56,465	0,31	
56,47	0,32	
56,475	0,33	
56,48	0,34	
56,485	0,34	
56,49	0,35	
56,495	0,36	
56,5	0,36	
56,505	0,37	
56,51	0,38	
56,515	0,39	
56,52	0,39	
56,525	0,4	
56,53	0,4	
56,535	0,41	
56,54	0,41	
56,545	0,42	
56,55	0,42	
56,555	0,43	
56,56	0,43	
56,565	0,44	
56,57	0,44	
56,575	0,44	
56,58	0,44	
56,585	0,45	
56,59	0,45	
56,595	0,45	
56,6	0,45	
56,605	0,45	
56,61	0,45	
56,615	0,45	
56,62	0,45	
56,625	0,45	
56,63	0,45	
56,635	0,45	
56,64	0,45	
56,645	0,45	
56,65	0,44	
56,655	0,44	
56,66	0,44	
56,665	0,43	
56,67	0,43	
56,675	0,42	
56,68	0,42	
56,685	0,42	
56,69	0,41	
56,695	0,4	
56,7	0,4	
56,705	0,39	
56,71	0,39	
56,715	0,38	
56,72	0,37	
56,725	0,37	
56,73	0,36	
56,735	0,35	
56,74	0,35	
56,745	0,34	
56,75	0,33	
56,755	0,32	
56,76	0,31	
56,765	0,3	
56,77	0,29	
56,775	0,29	
56,78	0,27	
56,785	0,26	
56,79	0,25	
56,795	0,24	
56,8	0,23	
56,805	0,22	
56,81	0,21	
56,815	0,2	
56,82	0,18	
56,825	0,17	
56,83	0,15	
56,835	0,14	
56,84	0,13	
56,845	0,12	
56,85	0,11	
56,855	0,09	
56,86	0,08	
56,865	0,07	
56,87	0,05	
56,875	0,03	
56,88	0,02	
56,885	0,01	
56,89	0	
56,895	-0,01	
56,9	-0,02	
56,905	-0,04	
56,91	-0,05	
56,915	-0,07	
56,92	-0,08	
56,925	-0,09	
56,93	-0,11	
56,935	-0,12	
56,94	-0,13	
56,945	-0,15	
56,95	-0,16	
56,955	-0,17	
56,96	-0,18	
56,965	-0,2	
56,97	-0,21	
56,975	-0,22	
56,98	-0,23	
56,985	-0,25	
56,99	-0,26	
56,995	-0,27	
57,0	-0,28	
57,005	-0,29	
57,01	-0,31	
57,015	-0,32	
57,02	-0,33	
57,025	-0,34	
57,03	-0,35	
57,035	-0,36	
57,04	-0,37	
57,045	-0,38	
57,05	-0,39	
57,055	-0,4	
57,06	-0,41	
57,065	-0,42	
57,07	-0,42	
57,075	-0,43	
57,08	-0,44	
57,085	-0,45	
57,09	-0,45	
57,095	-0,46	
57,1	-0,47	
57,105	-0,48	
57,11	-0,49	
57,115	-0,49	
57,12	-0,5	
57,125	-0,5	
57,13	-0,51	
57,135	-0,51	
57,14	-0,51	
57,145	-0,52	
57,15	-0,52	
57,155	-0,52	
57,16	-0,53	
57,165	-0,53	
57,17	-0,53	
57,175	-0,53	
57,18	-0,53	
57,185	-0,53	
57,19	-0,53	
57,195	-0,53	
57,2	-0,53	
57,205	-0,53	
57,21	-0,53	
57,215	-0,53	
57,22	-0,53	
57,225	-0,53	
57,23	-0,52	
57,235	-0,52	
57,24	-0,51	
57,245	-0,51	
57,25	-0,51	
57,255	-0,5	
57,26	-0,5	
57,265	-0,49	
57,27	-0,48	
57,275	-0,48	
57,28	-0,47	
57,285	-0,46	
57,29	-0,46	
57,295	-0,45	
57,3	-0,44	
57,305	-0,43	
57,31	-0,43	
57,315	-0,42	
57,32	-0,41	
57,325	-0,4	
57,33	-0,39	
57,335	-0,37	
57,34	-0,36	
57,345	-0,35	
57,35	-0,34	
57,355	-0,33	
57,36	-0,32	
57,365	-0,31	
57,37	-0,29	
57,375	-0,28	
57,38	-0,27	
57,385	-0,25	
57,39	-0,24	
57,395	-0,23	
57,4	-0,22	
57,405	-0,21	
57,41	-0,19	
57,415	-0,18	
57,42	-0,16	
57,425	-0,15	
57,43	-0,13	
57,435	-0,12	
57,44	-0,11	
57,445	-0,09	
57,45	-0,08	
57,455	-0,07	
57,46	-0,05	
57,465	-0,03	
57,47	-0,02	
57,475	0	
57,48	0,01	
57,485	0,03	
57,49	0,04	
57,495	0,06	
57,5	0,07	
57,505	0,09	
57,51	0,11	
57,515	0,12	
57,52	0,13	
57,525	0,15	
57,53	0,16	
57,535	0,17	
57,54	0,19	
57,545	0,2	
57,55	0,22	
57,555	0,24	
57,56	0,25	
57,565	0,26	
57,57	0,28	
57,575	0,29	
57,58	0,31	
57,585	0,32	
57,59	0,33	
57,595	0,34	
57,6	0,36	
57,605	0,37	
57,61	0,38	
57,615	0,39	
57,62	0,4	
57,625	0,41	
57,63	0,42	
57,635	0,43	
57,64	0,44	
57,645	0,46	
57,65	0,47	
57,655	0,48	
57,66	0,48	
57,665	0,49	
57,67	0,5	
57,675	0,51	
57,68	0,52	
57,685	0,52	
57,69	0,53	
57,695	0,54	
57,7	0,54	
57,705	0,55	
57,71	0,55	
57,715	0,56	
57,72	0,56	
57,725	0,57	
57,73	0,57	
57,735	0,57	
57,74	0,57	
57,745	0,57	
57,75	0,58	
57,755	0,58	
57,76	0,58	
57,765	0,59	
57,77	0,59	
57,775	0,59	
57,78	0,58	
57,785	0,58	
57,79	0,58	
57,795	0,58	
57,8	0,58	
57,805	0,58	
57,81	0,57	
57,815	0,57	
57,82	0,56	
57,825	0,56	
57,83	0,55	
57,835	0,55	
57,84	0,54	
57,845	0,54	
57,85	0,53	
57,855	0,53	
57,86	0,52	
57,865	0,51	
57,87	0,51	
57,875	0,5	
57,88	0,49	
57,885	0,48	
57,89	0,47	
57,895	0,46	
57,9	0,45	
57,905	0,44	
57,91	0,43	
57,915	0,42	
57,92	0,41	
57,925	0,4	
57,93	0,39	
57,935	0,37	
57,94	0,36	
57,945	0,35	
57,95	0,34	
57,955	0,32	
57,96	0,31	
57,965	0,29	
57,97	0,28	
57,975	0,26	
57,98	0,25	
57,985	0,24	
57,99	0,22	
57,995	0,21	
58,0	0,2	
58,005	0,19	
58,01	0,16	
58,015	0,15	
58,02	0,13	
58,025	0,12	
58,03	0,1	
58,035	0,09	
58,04	0,07	
58,045	0,05	
58,05	0,04	
58,055	0,02	
58,06	0	
58,065	-0,01	
58,07	-0,03	
58,075	-0,04	
58,08	-0,06	
58,085	-0,07	
58,09	-0,08	
58,095	-0,1	
58,1	-0,12	
58,105	-0,14	
58,11	-0,15	
58,115	-0,17	
58,12	-0,18	
58,125	-0,19	
58,13	-0,21	
58,135	-0,22	
58,14	-0,23	
58,145	-0,26	
58,15	-0,27	
58,155	-0,29	
58,16	-0,3	
58,165	-0,31	
58,17	-0,33	
58,175	-0,34	
58,18	-0,35	
58,185	-0,36	
58,19	-0,38	
58,195	-0,39	
58,2	-0,4	
58,205	-0,41	
58,21	-0,42	
58,215	-0,43	
58,22	-0,44	
58,225	-0,45	
58,23	-0,46	
58,235	-0,48	
58,24	-0,49	
58,245	-0,49	
58,25	-0,5	
58,255	-0,51	
58,26	-0,51	
58,265	-0,52	
58,27	-0,53	
58,275	-0,54	
58,28	-0,55	
58,285	-0,56	
58,29	-0,56	
58,295	-0,56	
58,3	-0,57	
58,305	-0,58	
58,31	-0,58	
58,315	-0,59	
58,32	-0,59	
58,325	-0,59	
58,33	-0,59	
58,335	-0,59	
58,34	-0,6	
58,345	-0,6	
58,35	-0,6	
58,355	-0,6	
58,36	-0,6	
58,365	-0,6	
58,37	-0,6	
58,375	-0,59	
58,38	-0,59	
58,385	-0,59	
58,39	-0,59	
58,395	-0,59	
58,4	-0,58	
58,405	-0,58	
58,41	-0,57	
58,415	-0,57	
58,42	-0,56	
58,425	-0,56	
58,43	-0,55	
58,435	-0,54	
58,44	-0,53	
58,445	-0,53	
58,45	-0,52	
58,455	-0,51	
58,46	-0,5	
58,465	-0,49	
58,47	-0,48	
58,475	-0,47	
58,48	-0,47	
58,485	-0,46	
58,49	-0,45	
58,495	-0,44	
58,5	-0,43	
58,505	-0,42	
58,51	-0,4	
58,515	-0,39	
58,52	-0,38	
58,525	-0,36	
58,53	-0,35	
58,535	-0,34	
58,54	-0,33	
58,545	-0,31	
58,55	-0,3	
58,555	-0,29	
58,56	-0,27	
58,565	-0,26	
58,57	-0,25	
58,575	-0,23	
58,58	-0,21	
58,585	-0,2	
58,59	-0,19	
58,595	-0,17	
58,6	-0,15	
58,605	-0,14	
58,61	-0,12	
58,615	-0,11	
58,62	-0,09	
58,625	-0,08	
58,63	-0,06	
58,635	-0,04	
58,64	-0,03	
58,645	-0,01	
58,65	0,01	
58,655	0,02	
58,66	0,03	
58,665	0,05	
58,67	0,06	
58,675	0,07	
58,68	0,09	
58,685	0,1	
58,69	0,13	
58,695	0,14	
58,7	0,16	
58,705	0,18	
58,71	0,19	
58,715	0,2	
58,72	0,21	
58,725	0,23	
58,73	0,24	
58,735	0,26	
58,74	0,27	
58,745	0,29	
58,75	0,3	
58,755	0,31	
58,76	0,32	
58,765	0,34	
58,77	0,35	
58,775	0,36	
58,78	0,37	
58,785	0,39	
58,79	0,4	
58,795	0,41	
58,8	0,42	
58,805	0,42	
58,81	0,43	
58,815	0,44	
58,82	0,45	
58,825	0,46	
58,83	0,48	
58,835	0,49	
58,84	0,5	
58,845	0,5	
58,85	0,51	
58,855	0,51	
58,86	0,51	
58,865	0,52	
58,87	0,53	
58,875	0,54	
58,88	0,54	
58,885	0,55	
58,89	0,55	
58,895	0,55	
58,9	0,55	
58,905	0,56	
58,91	0,56	
58,915	0,56	
58,92	0,56	
58,925	0,57	
58,93	0,57	
58,935	0,57	
58,94	0,57	
58,945	0,57	
58,95	0,57	
58,955	0,57	
58,96	0,57	
58,965	0,56	
58,97	0,56	
58,975	0,56	
58,98	0,55	
58,985	0,55	
58,99	0,55	
58,995	0,55	
59,0	0,54	
59,005	0,54	
59,01	0,53	
59,015	0,52	
59,02	0,51	
59,025	0,5	
59,03	0,5	
59,035	0,5	
59,04	0,49	
59,045	0,48	
59,05	0,48	
59,055	0,46	
59,06	0,45	
59,065	0,44	
59,07	0,43	
59,075	0,42	
59,08	0,41	
59,085	0,4	
59,09	0,39	
59,095	0,38	
59,1	0,36	
59,105	0,35	
59,11	0,34	
59,115	0,33	
59,12	0,32	
59,125	0,31	
59,13	0,3	
59,135	0,29	
59,14	0,27	
59,145	0,25	
59,15	0,24	
59,155	0,23	
59,16	0,22	
59,165	0,2	
59,17	0,19	
59,175	0,18	
59,18	0,16	
59,185	0,15	
59,19	0,14	
59,195	0,12	
59,2	0,1	
59,205	0,09	
59,21	0,07	
59,215	0,06	
59,22	0,05	
59,225	0,03	
59,23	0,02	
59,235	0,01	
59,24	-0,02	
59,245	-0,03	
59,25	-0,04	
59,255	-0,05	
59,26	-0,07	
59,265	-0,08	
59,27	-0,1	
59,275	-0,11	
59,28	-0,12	
59,285	-0,14	
59,29	-0,15	
59,295	-0,17	
59,3	-0,18	
59,305	-0,19	
59,31	-0,2	
59,315	-0,22	
59,32	-0,23	
59,325	-0,24	
59,33	-0,26	
59,335	-0,27	
59,34	-0,28	
59,345	-0,29	
59,35	-0,3	
59,355	-0,32	
59,36	-0,32	
59,365	-0,33	
59,37	-0,35	
59,375	-0,36	
59,38	-0,37	
59,385	-0,38	
59,39	-0,39	
59,395	-0,39	
59,4	-0,4	
59,405	-0,41	
59,41	-0,42	
59,415	-0,43	
59,42	-0,44	
59,425	-0,44	
59,43	-0,45	
59,435	-0,46	
59,44	-0,46	
59,445	-0,47	
59,45	-0,47	
59,455	-0,47	
59,46	-0,48	
59,465	-0,48	
59,47	-0,49	
59,475	-0,49	
59,48	-0,49	
59,485	-0,5	
59,49	-0,5	
59,495	-0,5	
59,5	-0,5	
59,505	-0,5	
59,51	-0,5	
59,515	-0,5	
59,52	-0,51	
59,525	-0,51	
59,53	-0,51	
59,535	-0,51	
59,54	-0,5	
59,545	-0,5	
59,55	-0,5	
59,555	-0,5	
59,56	-0,49	
59,565	-0,49	
59,57	-0,49	
59,575	-0,48	
59,58	-0,48	
59,585	-0,47	
59,59	-0,47	
59,595	-0,47	
59,6	-0,46	
59,605	-0,45	
59,61	-0,45	
59,615	-0,44	
59,62	-0,43	
59,625	-0,43	
59,63	-0,42	
59,635	-0,41	
59,64	-0,41	
59,645	-0,4	
59,65	-0,38	
59,655	-0,38	
59,66	-0,37	
59,665	-0,35	
59,67	-0,34	
59,675	-0,34	
59,68	-0,33	
59,685	-0,32	
59,69	-0,31	
59,695	-0,3	
59,7	-0,28	
59,705	-0,27	
59,71	-0,26	
59,715	-0,26	
59,72	-0,25	
59,725	-0,24	
59,73	-0,23	
59,735	-0,21	
59,74	-0,19	
59,745	-0,18	
59,75	-0,17	
59,755	-0,16	
59,76	-0,15	
59,765	-0,14	
59,77	-0,13	
59,775	-0,11	
59,78	-0,1	
59,785	-0,08	
59,79	-0,07	
59,795	-0,06	
59,8	-0,05	
59,805	-0,04	
59,81	-0,03	
59,815	-0,01	
59,82	0	
59,825	0,01	
59,83	0,03	
59,835	0,04	
59,84	0,05	
59,845	0,06	
59,85	0,07	
59,855	0,09	
59,86	0,1	
59,865	0,11	
59,87	0,13	
59,875	0,14	
59,88	0,15	
59,885	0,16	
59,89	0,17	
59,895	0,18	
59,9	0,19	
59,905	0,2	
59,91	0,21	
59,915	0,22	
59,92	0,24	
59,925	0,24	
59,93	0,25	
59,935	0,26	
59,94	0,27	
59,945	0,27	
59,95	0,29	
59,955	0,3	
59,96	0,31	
59,965	0,32	
59,97	0,32	
59,975	0,33	
59,98	0,33	
59,985	0,34	
59,99	0,35	
59,995	0,35	
60,0	0,35	
60,005	0,36	
60,01	0,36	
60,015	0,37	
60,02	0,37	
60,025	0,38	
60,03	0,38	
60,035	0,39	
60,04	0,39	
60,045	0,4	
60,05	0,4	
60,055	0,4	
60,06	0,4	
60,065	0,4	
60,07	0,41	
60,075	0,41	
60,08	0,41	
60,085	0,41	
60,09	0,41	
60,095	0,41	
60,1	0,41	
60,105	0,41	
60,11	0,41	
60,115	0,41	
60,12	0,41	
60,125	0,4	
60,13	0,4	
60,135	0,4	
60,14	0,39	
60,145	0,39	
60,15	0,39	
60,155	0,39	
60,16	0,38	
60,165	0,38	
60,17	0,38	
60,175	0,37	
60,18	0,37	
60,185	0,36	
60,19	0,36	
60,195	0,35	
60,2	0,34	
60,205	0,34	
60,21	0,33	
60,215	0,32	
60,22	0,32	
60,225	0,31	
60,23	0,3	
60,235	0,3	
60,24	0,29	
60,245	0,28	
60,25	0,28	
60,255	0,27	
60,26	0,26	
60,265	0,25	
60,27	0,24	
60,275	0,23	
60,28	0,22	
60,285	0,21	
60,29	0,2	
60,295	0,19	
60,3	0,18	
60,305	0,18	
60,31	0,17	
60,315	0,16	
60,32	0,15	
60,325	0,14	
60,33	0,12	
60,335	0,12	
60,34	0,11	
60,345	0,1	
60,35	0,09	
60,355	0,08	
60,36	0,07	
60,365	0,06	
60,37	0,05	
60,375	0,03	
60,38	0,02	
60,385	0,02	
60,39	0,01	
60,395	-0,01	
60,4	-0,01	
60,405	-0,02	
60,41	-0,03	
60,415	-0,04	
60,42	-0,05	
60,425	-0,06	
60,43	-0,07	
60,435	-0,08	
60,44	-0,08	
60,445	-0,09	
60,45	-0,1	
60,455	-0,11	
60,46	-0,12	
60,465	-0,13	
60,47	-0,14	
60,475	-0,15	
60,48	-0,15	
60,485	-0,16	
60,49	-0,17	
60,495	-0,18	
60,5	-0,18	
60,505	-0,19	
60,51	-0,2	
60,515	-0,21	
60,52	-0,21	
60,525	-0,22	
60,53	-0,22	
60,535	-0,23	
60,54	-0,23	
60,545	-0,24	
60,55	-0,24	
60,555	-0,25	
60,56	-0,25	
60,565	-0,26	
60,57	-0,26	
60,575	-0,27	
60,58	-0,27	
60,585	-0,27	
60,59	-0,27	
60,595	-0,28	
60,6	-0,28	
60,605	-0,29	
60,61	-0,29	
60,615	-0,29	
60,62	-0,29	
60,625	-0,29	
60,63	-0,29	
60,635	-0,3	
60,64	-0,3	
60,645	-0,3	
60,65	-0,3	
60,655	-0,3	
60,66	-0,3	
60,665	-0,3	
60,67	-0,29	
60,675	-0,3	
60,68	-0,29	
60,685	-0,29	
60,69	-0,29	
60,695	-0,29	
60,7	-0,29	
60,705	-0,29	
60,71	-0,28	
60,715	-0,28	
60,72	-0,28	
60,725	-0,27	
60,73	-0,27	
60,735	-0,27	
60,74	-0,26	
60,745	-0,26	
60,75	-0,26	
60,755	-0,26	
60,76	-0,25	
60,765	-0,25	
60,77	-0,24	
60,775	-0,23	
60,78	-0,23	
60,785	-0,22	
60,79	-0,21	
60,795	-0,21	
60,8	-0,21	
60,805	-0,2	
60,81	-0,19	
60,815	-0,19	
60,82	-0,18	
60,825	-0,18	
60,83	-0,17	
60,835	-0,16	
60,84	-0,15	
60,845	-0,15	
60,85	-0,14	
60,855	-0,13	
60,86	-0,13	
60,865	-0,12	
60,87	-0,12	
60,875	-0,11	
60,88	-0,11	
60,885	-0,1	
60,89	-0,09	
60,895	-0,08	
60,9	-0,07	
60,905	-0,07	
60,91	-0,06	
60,915	-0,05	
60,92	-0,04	
60,925	-0,04	
60,93	-0,03	
60,935	-0,02	
60,94	-0,01	
60,945	-0,01	
60,95	0	
60,955	0,01	
60,96	0,01	
60,965	0,02	
60,97	0,02	
60,975	0,03	
60,98	0,04	
60,985	0,05	
60,99	0,05	
60,995	0,06	
61,0	0,07	
61,005	0,07	
61,01	0,08	
61,015	0,08	
61,02	0,09	
61,025	0,1	
61,03	0,1	
61,035	0,1	
61,04	0,11	
61,045	0,11	
61,05	0,12	
61,055	0,12	
61,06	0,13	
61,065	0,14	
61,07	0,14	
61,075	0,15	
61,08	0,15	
61,085	0,15	
61,09	0,16	
61,095	0,16	
61,1	0,16	
61,105	0,17	
61,11	0,17	
61,115	0,17	
61,12	0,17	
61,125	0,17	
61,13	0,18	
61,135	0,18	
61,14	0,18	
61,145	0,18	
61,15	0,18	
61,155	0,18	
61,16	0,19	
61,165	0,19	
61,17	0,19	
61,175	0,18	
61,18	0,18	
61,185	0,19	
61,19	0,19	
61,195	0,19	
61,2	0,19	
61,205	0,19	
61,21	0,19	
61,215	0,19	
61,22	0,18	
61,225	0,18	
61,23	0,18	
61,235	0,18	
61,24	0,18	
61,245	0,17	
61,25	0,17	
61,255	0,17	
61,26	0,17	
61,265	0,16	
61,27	0,16	
61,275	0,16	
61,28	0,16	
61,285	0,16	
61,29	0,15	
61,295	0,15	
61,3	0,14	
61,305	0,14	
61,31	0,14	
61,315	0,13	
61,32	0,13	
61,325	0,12	
61,33	0,12	
61,335	0,11	
61,34	0,11	
61,345	0,11	
61,35	0,1	
61,355	0,09	
61,36	0,09	
61,365	0,09	
61,37	0,08	
61,375	0,08	
61,38	0,08	
61,385	0,07	
61,39	0,07	
61,395	0,06	
61,4	0,06	
61,405	0,05	
61,41	0,05	
61,415	0,04	
61,42	0,03	
61,425	0,02	
61,43	0,02	
61,435	0,02	
61,44	0,02	
61,445	0,01	
61,45	0	
61,455	0	
61,46	0	
61,465	-0,01	
61,47	-0,02	
61,475	-0,02	
61,48	-0,02	
61,485	-0,03	
61,49	-0,04	
61,495	-0,04	
61,5	-0,05	
61,505	-0,05	
61,51	-0,05	
61,515	-0,06	
61,52	-0,06	
61,525	-0,06	
61,53	-0,07	
61,535	-0,07	
61,54	-0,08	
61,545	-0,08	
61,55	-0,09	
61,555	-0,09	
61,56	-0,1	
61,565	-0,1	
61,57	-0,1	
61,575	-0,1	
61,58	-0,1	
61,585	-0,11	
61,59	-0,11	
61,595	-0,11	
61,6	-0,11	
61,605	-0,11	
61,61	-0,11	
61,615	-0,11	
61,62	-0,11	
61,625	-0,12	
61,63	-0,12	
61,635	-0,12	
61,64	-0,12	
61,645	-0,12	
61,65	-0,13	
61,655	-0,13	
61,66	-0,13	
61,665	-0,13	
61,67	-0,13	
61,675	-0,13	
61,68	-0,12	
61,685	-0,13	
61,69	-0,13	
61,695	-0,12	
61,7	-0,12	
61,705	-0,12	
61,71	-0,12	
61,715	-0,12	
61,72	-0,12	
61,725	-0,12	
61,73	-0,12	
61,735	-0,11	
61,74	-0,11	
61,745	-0,11	
61,75	-0,1	
61,755	-0,1	
61,76	-0,1	
61,765	-0,1	
61,77	-0,1	
61,775	-0,09	
61,78	-0,09	
61,785	-0,08	
61,79	-0,08	
61,795	-0,08	
61,8	-0,07	
61,805	-0,07	
61,81	-0,06	
61,815	-0,06	
61,82	-0,06	
61,825	-0,06	
61,83	-0,05	
61,835	-0,05	
61,84	-0,04	
61,845	-0,04	
61,85	-0,04	
61,855	-0,03	
61,86	-0,03	
61,865	-0,03	
61,87	-0,02	
61,875	-0,01	
61,88	-0,01	
61,885	0	
61,89	0	
61,895	0,01	
61,9	0,02	
61,905	0,02	
61,91	0,02	
61,915	0,02	
61,92	0,03	
61,925	0,04	
61,93	0,04	
61,935	0,05	
61,94	0,05	
61,945	0,06	
61,95	0,06	
61,955	0,06	
61,96	0,06	
61,965	0,07	
61,97	0,08	
61,975	0,08	
61,98	0,09	
61,985	0,09	
61,99	0,09	
61,995	0,09	
62,0	0,1	
62,005	0,1	
62,01	0,1	
62,015	0,11	
62,02	0,12	
62,025	0,12	
62,03	0,12	
62,035	0,12	
62,04	0,12	
62,045	0,12	
62,05	0,13	
62,055	0,13	
62,06	0,14	
62,065	0,14	
62,07	0,14	
62,075	0,14	
62,08	0,15	
62,085	0,15	
62,09	0,15	
62,095	0,15	
62,1	0,15	
62,105	0,16	
62,11	0,16	
62,115	0,16	
62,12	0,16	
62,125	0,16	
62,13	0,16	
62,135	0,16	
62,14	0,16	
62,145	0,16	
62,15	0,16	
62,155	0,16	
62,16	0,16	
62,165	0,16	
62,17	0,16	
62,175	0,16	
62,18	0,15	
62,185	0,15	
62,19	0,15	
62,195	0,15	
62,2	0,14	
62,205	0,14	
62,21	0,14	
62,215	0,13	
62,22	0,13	
62,225	0,13	
62,23	0,13	
62,235	0,13	
62,24	0,12	
62,245	0,12	
62,25	0,11	
62,255	0,11	
62,26	0,11	
62,265	0,11	
62,27	0,1	
62,275	0,1	
62,28	0,09	
62,285	0,08	
62,29	0,08	
62,295	0,08	
62,3	0,07	
62,305	0,07	
62,31	0,06	
62,315	0,06	
62,32	0,05	
62,325	0,05	
62,33	0,04	
62,335	0,03	
62,34	0,03	
62,345	0,02	
62,35	0,02	
62,355	0,01	
62,36	0	
62,365	0	
62,37	-0,01	
62,375	-0,02	
62,38	-0,02	
62,385	-0,03	
62,39	-0,03	
62,395	-0,04	
62,4	-0,05	
62,405	-0,06	
62,41	-0,06	
62,415	-0,07	
62,42	-0,07	
62,425	-0,08	
62,43	-0,08	
62,435	-0,09	
62,44	-0,09	
62,445	-0,1	
62,45	-0,11	
62,455	-0,12	
62,46	-0,12	
62,465	-0,13	
62,47	-0,13	
62,475	-0,13	
62,48	-0,14	
62,485	-0,15	
62,49	-0,15	
62,495	-0,16	
62,5	-0,16	
62,505	-0,17	
62,51	-0,17	
62,515	-0,18	
62,52	-0,19	
62,525	-0,19	
62,53	-0,2	
62,535	-0,2	
62,54	-0,21	
62,545	-0,21	
62,55	-0,21	
62,555	-0,22	
62,56	-0,22	
62,565	-0,22	
62,57	-0,23	
62,575	-0,23	
62,58	-0,23	
62,585	-0,24	
62,59	-0,24	
62,595	-0,24	
62,6	-0,24	
62,605	-0,25	
62,61	-0,25	
62,615	-0,25	
62,62	-0,25	
62,625	-0,25	
62,63	-0,25	
62,635	-0,25	
62,64	-0,25	
62,645	-0,25	
62,65	-0,26	
62,655	-0,26	
62,66	-0,25	
62,665	-0,25	
62,67	-0,25	
62,675	-0,25	
62,68	-0,25	
62,685	-0,25	
62,69	-0,25	
62,695	-0,25	
62,7	-0,25	
62,705	-0,24	
62,71	-0,24	
62,715	-0,24	
62,72	-0,24	
62,725	-0,23	
62,73	-0,23	
62,735	-0,23	
62,74	-0,22	
62,745	-0,22	
62,75	-0,22	
62,755	-0,21	
62,76	-0,2	
62,765	-0,2	
62,77	-0,2	
62,775	-0,19	
62,78	-0,19	
62,785	-0,18	
62,79	-0,17	
62,795	-0,17	
62,8	-0,16	
62,805	-0,15	
62,81	-0,15	
62,815	-0,14	
62,82	-0,14	
62,825	-0,13	
62,83	-0,13	
62,835	-0,12	
62,84	-0,11	
62,845	-0,1	
62,85	-0,1	
62,855	-0,09	
62,86	-0,08	
62,865	-0,07	
62,87	-0,06	
62,875	-0,05	
62,88	-0,04	
62,885	-0,03	
62,89	-0,02	
62,895	-0,02	
62,9	-0,01	
62,905	0	
62,91	0,01	
62,915	0,01	
62,92	0,02	
62,925	0,03	
62,93	0,04	
62,935	0,05	
62,94	0,06	
62,945	0,07	
62,95	0,08	
62,955	0,09	
62,96	0,09	
62,965	0,1	
62,97	0,11	
62,975	0,12	
62,98	0,13	
62,985	0,14	
62,99	0,15	
62,995	0,16	
63,0	0,16	
63,005	0,17	
63,01	0,18	
63,015	0,19	
63,02	0,2	
63,025	0,21	
63,03	0,22	
63,035	0,22	
63,04	0,23	
63,045	0,24	
63,05	0,24	
63,055	0,25	
63,06	0,26	
63,065	0,26	
63,07	0,27	
63,075	0,28	
63,08	0,28	
63,085	0,29	
63,09	0,29	
63,095	0,3	
63,1	0,3	
63,105	0,31	
63,11	0,31	
63,115	0,32	
63,12	0,32	
63,125	0,33	
63,13	0,34	
63,135	0,34	
63,14	0,34	
63,145	0,35	
63,15	0,35	
63,155	0,35	
63,16	0,36	
63,165	0,36	
63,17	0,36	
63,175	0,36	
63,18	0,36	
63,185	0,36	
63,19	0,36	
63,195	0,36	
63,2	0,36	
63,205	0,36	
63,21	0,37	
63,215	0,37	
63,22	0,36	
63,225	0,36	
63,23	0,36	
63,235	0,36	
63,24	0,36	
63,245	0,36	
63,25	0,35	
63,255	0,35	
63,26	0,35	
63,265	0,34	
63,27	0,34	
63,275	0,34	
63,28	0,33	
63,285	0,33	
63,29	0,32	
63,295	0,32	
63,3	0,31	
63,305	0,31	
63,31	0,3	
63,315	0,3	
63,32	0,3	
63,325	0,29	
63,33	0,28	
63,335	0,27	
63,34	0,27	
63,345	0,26	
63,35	0,25	
63,355	0,24	
63,36	0,23	
63,365	0,23	
63,37	0,22	
63,375	0,21	
63,38	0,2	
63,385	0,19	
63,39	0,18	
63,395	0,17	
63,4	0,16	
63,405	0,16	
63,41	0,15	
63,415	0,14	
63,42	0,13	
63,425	0,11	
63,43	0,1	
63,435	0,09	
63,44	0,08	
63,445	0,07	
63,45	0,06	
63,455	0,05	
63,46	0,04	
63,465	0,03	
63,47	0,01	
63,475	0	
63,48	-0,01	
63,485	-0,02	
63,49	-0,03	
63,495	-0,05	
63,5	-0,05	
63,505	-0,06	
63,51	-0,08	
63,515	-0,09	
63,52	-0,11	
63,525	-0,12	
63,53	-0,12	
63,535	-0,13	
63,54	-0,14	
63,545	-0,15	
63,55	-0,16	
63,555	-0,17	
63,56	-0,19	
63,565	-0,2	
63,57	-0,21	
63,575	-0,22	
63,58	-0,23	
63,585	-0,24	
63,59	-0,25	
63,595	-0,26	
63,6	-0,27	
63,605	-0,28	
63,61	-0,29	
63,615	-0,3	
63,62	-0,31	
63,625	-0,32	
63,63	-0,32	
63,635	-0,33	
63,64	-0,34	
63,645	-0,35	
63,65	-0,36	
63,655	-0,37	
63,66	-0,38	
63,665	-0,38	
63,67	-0,39	
63,675	-0,39	
63,68	-0,4	
63,685	-0,41	
63,69	-0,41	
63,695	-0,42	
63,7	-0,42	
63,705	-0,43	
63,71	-0,43	
63,715	-0,44	
63,72	-0,44	
63,725	-0,45	
63,73	-0,45	
63,735	-0,45	
63,74	-0,45	
63,745	-0,46	
63,75	-0,46	
63,755	-0,46	
63,76	-0,46	
63,765	-0,46	
63,77	-0,47	
63,775	-0,47	
63,78	-0,47	
63,785	-0,47	
63,79	-0,47	
63,795	-0,47	
63,8	-0,46	
63,805	-0,47	
63,81	-0,46	
63,815	-0,46	
63,82	-0,45	
63,825	-0,45	
63,83	-0,44	
63,835	-0,44	
63,84	-0,44	
63,845	-0,43	
63,85	-0,43	
63,855	-0,43	
63,86	-0,42	
63,865	-0,41	
63,87	-0,4	
63,875	-0,4	
63,88	-0,39	
63,885	-0,38	
63,89	-0,38	
63,895	-0,37	
63,9	-0,36	
63,905	-0,35	
63,91	-0,34	
63,915	-0,34	
63,92	-0,33	
63,925	-0,32	
63,93	-0,31	
63,935	-0,31	
63,94	-0,29	
63,945	-0,28	
63,95	-0,27	
63,955	-0,26	
63,96	-0,25	
63,965	-0,24	
63,97	-0,22	
63,975	-0,21	
63,98	-0,2	
63,985	-0,19	
63,99	-0,18	
63,995	-0,17	
64,0	-0,15	
64,005	-0,14	
64,01	-0,13	
64,015	-0,11	
64,02	-0,1	
64,025	-0,09	
64,03	-0,07	
64,035	-0,06	
64,04	-0,04	
64,045	-0,03	
64,05	-0,02	
64,055	-0,01	
64,06	0,01	
64,065	0,02	
64,07	0,03	
64,075	0,05	
64,08	0,06	
64,085	0,07	
64,09	0,08	
64,095	0,1	
64,1	0,11	
64,105	0,13	
64,11	0,14	
64,115	0,16	
64,12	0,17	
64,125	0,18	
64,13	0,2	
64,135	0,21	
64,14	0,22	
64,145	0,23	
64,15	0,24	
64,155	0,26	
64,16	0,27	
64,165	0,29	
64,17	0,3	
64,175	0,31	
64,18	0,32	
64,185	0,33	
64,19	0,34	
64,195	0,35	
64,2	0,36	
64,205	0,37	
64,21	0,38	
64,215	0,39	
64,22	0,4	
64,225	0,4	
64,23	0,41	
64,235	0,42	
64,24	0,43	
64,245	0,44	
64,25	0,45	
64,255	0,46	
64,26	0,46	
64,265	0,47	
64,27	0,48	
64,275	0,48	
64,28	0,49	
64,285	0,49	
64,29	0,51	
64,295	0,51	
64,3	0,51	
64,305	0,51	
64,31	0,52	
64,315	0,52	
64,32	0,52	
64,325	0,53	
64,33	0,53	
64,335	0,53	
64,34	0,53	
64,345	0,53	
64,35	0,54	
64,355	0,54	
64,36	0,54	
64,365	0,54	
64,37	0,54	
64,375	0,54	
64,38	0,53	
64,385	0,53	
64,39	0,53	
64,395	0,53	
64,4	0,52	
64,405	0,52	
64,41	0,52	
64,415	0,51	
64,42	0,5	
64,425	0,5	
64,43	0,49	
64,435	0,48	
64,44	0,48	
64,445	0,47	
64,45	0,47	
64,455	0,46	
64,46	0,45	
64,465	0,45	
64,47	0,44	
64,475	0,43	
64,48	0,42	
64,485	0,41	
64,49	0,4	
64,495	0,39	
64,5	0,38	
64,505	0,37	
64,51	0,36	
64,515	0,34	
64,52	0,34	
64,525	0,32	
64,53	0,31	
64,535	0,3	
64,54	0,29	
64,545	0,28	
64,55	0,27	
64,555	0,25	
64,56	0,24	
64,565	0,22	
64,57	0,21	
64,575	0,2	
64,58	0,19	
64,585	0,17	
64,59	0,16	
64,595	0,15	
64,6	0,13	
64,605	0,11	
64,61	0,1	
64,615	0,09	
64,62	0,07	
64,625	0,06	
64,63	0,05	
64,635	0,03	
64,64	0,02	
64,645	0	
64,65	-0,01	
64,655	-0,03	
64,66	-0,05	
64,665	-0,06	
64,67	-0,07	
64,675	-0,09	
64,68	-0,1	
64,685	-0,12	
64,69	-0,14	
64,695	-0,15	
64,7	-0,17	
64,705	-0,18	
64,71	-0,2	
64,715	-0,2	
64,72	-0,22	
64,725	-0,23	
64,73	-0,25	
64,735	-0,26	
64,74	-0,27	
64,745	-0,29	
64,75	-0,3	
64,755	-0,31	
64,76	-0,32	
64,765	-0,34	
64,77	-0,35	
64,775	-0,36	
64,78	-0,38	
64,785	-0,39	
64,79	-0,4	
64,795	-0,41	
64,8	-0,42	
64,805	-0,43	
64,81	-0,44	
64,815	-0,45	
64,82	-0,46	
64,825	-0,46	
64,83	-0,47	
64,835	-0,48	
64,84	-0,49	
64,845	-0,5	
64,85	-0,51	
64,855	-0,51	
64,86	-0,52	
64,865	-0,53	
64,87	-0,53	
64,875	-0,53	
64,88	-0,54	
64,885	-0,54	
64,89	-0,55	
64,895	-0,55	
64,9	-0,56	
64,905	-0,56	
64,91	-0,56	
64,915	-0,56	
64,92	-0,57	
64,925	-0,57	
64,93	-0,57	
64,935	-0,57	
64,94	-0,57	
64,945	-0,57	
64,95	-0,57	
64,955	-0,57	
64,96	-0,57	
64,965	-0,57	
64,97	-0,56	
64,975	-0,56	
64,98	-0,56	
64,985	-0,56	
64,99	-0,55	
64,995	-0,55	
65,0	-0,55	
65,005	-0,54	
65,01	-0,53	
65,015	-0,52	
65,02	-0,52	
65,025	-0,51	
65,03	-0,5	
65,035	-0,5	
65,04	-0,49	
65,045	-0,48	
65,05	-0,48	
65,055	-0,46	
65,06	-0,45	
65,065	-0,44	
65,07	-0,43	
65,075	-0,42	
65,08	-0,41	
65,085	-0,4	
65,09	-0,39	
65,095	-0,38	
65,1	-0,37	
65,105	-0,36	
65,11	-0,34	
65,115	-0,33	
65,12	-0,32	
65,125	-0,31	
65,13	-0,3	
65,135	-0,29	
65,14	-0,27	
65,145	-0,26	
65,15	-0,25	
65,155	-0,23	
65,16	-0,21	
65,165	-0,2	
65,17	-0,19	
65,175	-0,17	
65,18	-0,16	
65,185	-0,14	
65,19	-0,13	
65,195	-0,12	
65,2	-0,09	
65,205	-0,08	
65,21	-0,06	
65,215	-0,05	
65,22	-0,04	
65,225	-0,02	
65,23	-0,01	
65,235	0,01	
65,24	0,02	
65,245	0,05	
65,25	0,06	
65,255	0,08	
65,26	0,09	
65,265	0,11	
65,27	0,12	
65,275	0,13	
65,28	0,15	
65,285	0,16	
65,29	0,18	
65,295	0,2	
65,3	0,21	
65,305	0,22	
65,31	0,24	
65,315	0,25	
65,32	0,26	
65,325	0,27	
65,33	0,29	
65,335	0,31	
65,34	0,32	
65,345	0,33	
65,35	0,34	
65,355	0,35	
65,36	0,36	
65,365	0,37	
65,37	0,39	
65,375	0,4	
65,38	0,41	
65,385	0,42	
65,39	0,43	
65,395	0,44	
65,4	0,45	
65,405	0,46	
65,41	0,47	
65,415	0,47	
65,42	0,48	
65,425	0,49	
65,43	0,5	
65,435	0,51	
65,44	0,51	
65,445	0,52	
65,45	0,53	
65,455	0,53	
65,46	0,54	
65,465	0,54	
65,47	0,55	
65,475	0,55	
65,48	0,55	
65,485	0,55	
65,49	0,56	
65,495	0,56	
65,5	0,57	
65,505	0,57	
65,51	0,57	
65,515	0,57	
65,52	0,57	
65,525	0,57	
65,53	0,57	
65,535	0,57	
65,54	0,57	
65,545	0,57	
65,55	0,57	
65,555	0,56	
65,56	0,56	
65,565	0,56	
65,57	0,55	
65,575	0,55	
65,58	0,55	
65,585	0,54	
65,59	0,54	
65,595	0,53	
65,6	0,52	
65,605	0,52	
65,61	0,51	
65,615	0,5	
65,62	0,5	
65,625	0,49	
65,63	0,48	
65,635	0,47	
65,64	0,46	
65,645	0,45	
65,65	0,44	
65,655	0,43	
65,66	0,42	
65,665	0,42	
65,67	0,4	
65,675	0,39	
65,68	0,38	
65,685	0,37	
65,69	0,36	
65,695	0,35	
65,7	0,33	
65,705	0,32	
65,71	0,31	
65,715	0,3	
65,72	0,29	
65,725	0,27	
65,73	0,26	
65,735	0,24	
65,74	0,23	
65,745	0,21	
65,75	0,2	
65,755	0,19	
65,76	0,17	
65,765	0,16	
65,77	0,14	
65,775	0,13	
65,78	0,12	
65,785	0,11	
65,79	0,09	
65,795	0,07	
65,8	0,05	
65,805	0,04	
65,81	0,02	
65,815	0,01	
65,82	0	
65,825	-0,02	
65,83	-0,03	
65,835	-0,05	
65,84	-0,06	
65,845	-0,08	
65,85	-0,09	
65,855	-0,11	
65,86	-0,12	
65,865	-0,14	
65,87	-0,15	
65,875	-0,16	
65,88	-0,18	
65,885	-0,2	
65,89	-0,21	
65,895	-0,22	
65,9	-0,23	
65,905	-0,25	
65,91	-0,26	
65,915	-0,26	
65,92	-0,28	
65,925	-0,3	
65,93	-0,31	
65,935	-0,32	
65,94	-0,33	
65,945	-0,34	
65,95	-0,35	
65,955	-0,36	
65,96	-0,37	
65,965	-0,38	
65,97	-0,4	
65,975	-0,41	
65,98	-0,42	
65,985	-0,43	
65,99	-0,43	
65,995	-0,44	
66,0	-0,45	
66,005	-0,45	
66,01	-0,46	
66,015	-0,46	
66,02	-0,48	
66,025	-0,48	
66,03	-0,49	
66,035	-0,49	
66,04	-0,5	
66,045	-0,5	
66,05	-0,51	
66,055	-0,52	
66,06	-0,52	
66,065	-0,52	
66,07	-0,52	
66,075	-0,52	
66,08	-0,53	
66,085	-0,53	
66,09	-0,53	
66,095	-0,53	
66,1	-0,53	
66,105	-0,53	
66,11	-0,53	
66,115	-0,53	
66,12	-0,53	
66,125	-0,53	
66,13	-0,53	
66,135	-0,52	
66,14	-0,52	
66,145	-0,52	
66,15	-0,52	
66,155	-0,52	
66,16	-0,51	
66,165	-0,51	
66,17	-0,5	
66,175	-0,5	
66,18	-0,49	
66,185	-0,49	
66,19	-0,48	
66,195	-0,47	
66,2	-0,46	
66,205	-0,46	
66,21	-0,45	
66,215	-0,44	
66,22	-0,44	
66,225	-0,43	
66,23	-0,42	
66,235	-0,41	
66,24	-0,4	
66,245	-0,38	
66,25	-0,38	
66,255	-0,37	
66,26	-0,36	
66,265	-0,35	
66,27	-0,34	
66,275	-0,33	
66,28	-0,32	
66,285	-0,31	
66,29	-0,29	
66,295	-0,28	
66,3	-0,27	
66,305	-0,26	
66,31	-0,25	
66,315	-0,24	
66,32	-0,23	
66,325	-0,21	
66,33	-0,2	
66,335	-0,18	
66,34	-0,17	
66,345	-0,16	
66,35	-0,14	
66,355	-0,13	
66,36	-0,12	
66,365	-0,11	
66,37	-0,09	
66,375	-0,08	
66,38	-0,06	
66,385	-0,05	
66,39	-0,04	
66,395	-0,03	
66,4	-0,01	
66,405	0	
66,41	0,02	
66,415	0,03	
66,42	0,04	
66,425	0,06	
66,43	0,07	
66,435	0,08	
66,44	0,1	
66,445	0,11	
66,45	0,13	
66,455	0,13	
66,46	0,15	
66,465	0,16	
66,47	0,16	
66,475	0,18	
66,48	0,19	
66,485	0,21	
66,49	0,22	
66,495	0,23	
66,5	0,24	
66,505	0,25	
66,51	0,26	
66,515	0,27	
66,52	0,29	
66,525	0,3	
66,53	0,31	
66,535	0,32	
66,54	0,32	
66,545	0,33	
66,55	0,34	
66,555	0,34	
66,56	0,35	
66,565	0,36	
66,57	0,37	
66,575	0,38	
66,58	0,39	
66,585	0,4	
66,59	0,4	
66,595	0,4	
66,6	0,41	
66,605	0,41	
66,61	0,42	
66,615	0,43	
66,62	0,43	
66,625	0,44	
66,63	0,44	
66,635	0,44	
66,64	0,44	
66,645	0,45	
66,65	0,45	
66,655	0,45	
66,66	0,46	
66,665	0,46	
66,67	0,45	
66,675	0,45	
66,68	0,45	
66,685	0,46	
66,69	0,46	
66,695	0,46	
66,7	0,46	
66,705	0,46	
66,71	0,46	
66,715	0,45	
66,72	0,45	
66,725	0,45	
66,73	0,45	
66,735	0,44	
66,74	0,44	
66,745	0,43	
66,75	0,43	
66,755	0,42	
66,76	0,42	
66,765	0,41	
66,77	0,41	
66,775	0,41	
66,78	0,4	
66,785	0,4	
66,79	0,39	
66,795	0,38	
66,8	0,37	
66,805	0,37	
66,81	0,36	
66,815	0,35	
66,82	0,35	
66,825	0,34	
66,83	0,33	
66,835	0,31	
66,84	0,31	
66,845	0,3	
66,85	0,29	
66,855	0,28	
66,86	0,28	
66,865	0,27	
66,87	0,26	
66,875	0,25	
66,88	0,24	
66,885	0,22	
66,89	0,21	
66,895	0,2	
66,9	0,19	
66,905	0,19	
66,91	0,17	
66,915	0,16	
66,92	0,15	
66,925	0,14	
66,93	0,12	
66,935	0,11	
66,94	0,1	
66,945	0,09	
66,95	0,09	
66,955	0,07	
66,96	0,06	
66,965	0,05	
66,97	0,04	
66,975	0,02	
66,98	0,01	
66,985	0	
66,99	-0,01	
66,995	-0,02	
67,0	-0,03	
67,005	-0,04	
67,01	-0,06	
67,015	-0,07	
67,02	-0,08	
67,025	-0,09	
67,03	-0,09	
67,035	-0,1	
67,04	-0,12	
67,045	-0,13	
67,05	-0,14	
67,055	-0,15	
67,06	-0,16	
67,065	-0,17	
67,07	-0,17	
67,075	-0,19	
67,08	-0,19	
67,085	-0,21	
67,09	-0,22	
67,095	-0,22	
67,1	-0,23	
67,105	-0,24	
67,11	-0,25	
67,115	-0,25	
67,12	-0,26	
67,125	-0,27	
67,13	-0,28	
67,135	-0,28	
67,14	-0,29	
67,145	-0,29	
67,15	-0,29	
67,155	-0,3	
67,16	-0,31	
67,165	-0,31	
67,17	-0,32	
67,175	-0,32	
67,18	-0,33	
67,185	-0,33	
67,19	-0,34	
67,195	-0,34	
67,2	-0,34	
67,205	-0,35	
67,21	-0,35	
67,215	-0,36	
67,22	-0,36	
67,225	-0,36	
67,23	-0,36	
67,235	-0,36	
67,24	-0,36	
67,245	-0,36	
67,25	-0,36	
67,255	-0,36	
67,26	-0,36	
67,265	-0,36	
67,27	-0,36	
67,275	-0,36	
67,28	-0,35	
67,285	-0,36	
67,29	-0,36	
67,295	-0,35	
67,3	-0,35	
67,305	-0,35	
67,31	-0,34	
67,315	-0,34	
67,32	-0,34	
67,325	-0,34	
67,33	-0,34	
67,335	-0,34	
67,34	-0,33	
67,345	-0,32	
67,35	-0,32	
67,355	-0,31	
67,36	-0,3	
67,365	-0,3	
67,37	-0,29	
67,375	-0,29	
67,38	-0,28	
67,385	-0,28	
67,39	-0,27	
67,395	-0,26	
67,4	-0,26	
67,405	-0,25	
67,41	-0,24	
67,415	-0,24	
67,42	-0,23	
67,425	-0,23	
67,43	-0,21	
67,435	-0,21	
67,44	-0,2	
67,445	-0,19	
67,45	-0,18	
67,455	-0,17	
67,46	-0,17	
67,465	-0,16	
67,47	-0,15	
67,475	-0,14	
67,48	-0,13	
67,485	-0,13	
67,49	-0,12	
67,495	-0,11	
67,5	-0,1	
67,505	-0,1	
67,51	-0,09	
67,515	-0,08	
67,52	-0,06	
67,525	-0,05	
67,53	-0,05	
67,535	-0,04	
67,54	-0,03	
67,545	-0,02	
67,55	-0,02	
67,555	-0,01	
67,56	0	
67,565	0,02	
67,57	0,02	
67,575	0,03	
67,58	0,04	
67,585	0,05	
67,59	0,05	
67,595	0,06	
67,6	0,07	
67,605	0,08	
67,61	0,09	
67,615	0,1	
67,62	0,1	
67,625	0,11	
67,63	0,12	
67,635	0,13	
67,64	0,13	
67,645	0,14	
67,65	0,15	
67,655	0,16	
67,66	0,16	
67,665	0,16	
67,67	0,17	
67,675	0,17	
67,68	0,18	
67,685	0,18	
67,69	0,19	
67,695	0,19	
67,7	0,2	
67,705	0,2	
67,71	0,21	
67,715	0,21	
67,72	0,21	
67,725	0,22	
67,73	0,22	
67,735	0,22	
67,74	0,23	
67,745	0,23	
67,75	0,23	
67,755	0,24	
67,76	0,24	
67,765	0,25	
67,77	0,25	
67,775	0,25	
67,78	0,25	
67,785	0,25	
67,79	0,24	
67,795	0,25	
67,8	0,25	
67,805	0,25	
67,81	0,25	
67,815	0,25	
67,82	0,25	
67,825	0,25	
67,83	0,25	
67,835	0,24	
67,84	0,24	
67,845	0,24	
67,85	0,25	
67,855	0,24	
67,86	0,24	
67,865	0,24	
67,87	0,23	
67,875	0,23	
67,88	0,23	
67,885	0,23	
67,89	0,23	
67,895	0,22	
67,9	0,21	
67,905	0,21	
67,91	0,2	
67,915	0,2	
67,92	0,2	
67,925	0,2	
67,93	0,19	
67,935	0,19	
67,94	0,18	
67,945	0,18	
67,95	0,17	
67,955	0,17	
67,96	0,16	
67,965	0,16	
67,97	0,15	
67,975	0,15	
67,98	0,14	
67,985	0,13	
67,99	0,12	
67,995	0,12	
68,0	0,12	
68,005	0,11	
68,01	0,11	
68,015	0,11	
68,02	0,1	
68,025	0,09	
68,03	0,09	
68,035	0,08	
68,04	0,07	
68,045	0,07	
68,05	0,06	
68,055	0,05	
68,06	0,05	
68,065	0,04	
68,07	0,03	
68,075	0,03	
68,08	0,02	
68,085	0,02	
68,09	0,01	
68,095	0	
68,1	0	
68,105	0	
68,11	-0,01	
68,115	-0,02	
68,12	-0,02	
68,125	-0,03	
68,13	-0,03	
68,135	-0,04	
68,14	-0,04	
68,145	-0,05	
68,15	-0,06	
68,155	-0,06	
68,16	-0,07	
68,165	-0,07	
68,17	-0,08	
68,175	-0,08	
68,18	-0,08	
68,185	-0,09	
68,19	-0,09	
68,195	-0,09	
68,2	-0,1	
68,205	-0,11	
68,21	-0,11	
68,215	-0,11	
68,22	-0,12	
68,225	-0,12	
68,23	-0,12	
68,235	-0,13	
68,24	-0,13	
68,245	-0,13	
68,25	-0,13	
68,255	-0,14	
68,26	-0,14	
68,265	-0,14	
68,27	-0,14	
68,275	-0,14	
68,28	-0,15	
68,285	-0,15	
68,29	-0,15	
68,295	-0,15	
68,3	-0,15	
68,305	-0,15	
68,31	-0,15	
68,315	-0,15	
68,32	-0,15	
68,325	-0,15	
68,33	-0,15	
68,335	-0,15	
68,34	-0,15	
68,345	-0,15	
68,35	-0,15	
68,355	-0,15	
68,36	-0,15	
68,365	-0,15	
68,37	-0,15	
68,375	-0,14	
68,38	-0,14	
68,385	-0,14	
68,39	-0,14	
68,395	-0,13	
68,4	-0,13	
68,405	-0,13	
68,41	-0,13	
68,415	-0,13	
68,42	-0,12	
68,425	-0,12	
68,43	-0,11	
68,435	-0,11	
68,44	-0,11	
68,445	-0,11	
68,45	-0,1	
68,455	-0,1	
68,46	-0,1	
68,465	-0,1	
68,47	-0,09	
68,475	-0,09	
68,48	-0,09	
68,485	-0,08	
68,49	-0,08	
68,495	-0,07	
68,5	-0,07	
68,505	-0,06	
68,51	-0,06	
68,515	-0,05	
68,52	-0,05	
68,525	-0,05	
68,53	-0,05	
68,535	-0,04	
68,54	-0,04	
68,545	-0,03	
68,55	-0,03	
68,555	-0,02	
68,56	-0,02	
68,565	-0,01	
68,57	-0,01	
68,575	0	
68,58	0	
68,585	0,01	
68,59	0,02	
68,595	0,02	
68,6	0,03	
68,605	0,03	
68,61	0,03	
68,615	0,04	
68,62	0,04	
68,625	0,04	
68,63	0,05	
68,635	0,05	
68,64	0,05	
68,645	0,06	
68,65	0,06	
68,655	0,06	
68,66	0,07	
68,665	0,07	
68,67	0,07	
68,675	0,07	
68,68	0,08	
68,685	0,08	
68,69	0,09	
68,695	0,09	
68,7	0,09	
68,705	0,1	
68,71	0,1	
68,715	0,1	
68,72	0,1	
68,725	0,1	
68,73	0,11	
68,735	0,11	
68,74	0,11	
68,745	0,11	
68,75	0,11	
68,755	0,12	
68,76	0,12	
68,765	0,12	
68,77	0,12	
68,775	0,12	
68,78	0,12	
68,785	0,12	
68,79	0,12	
68,795	0,12	
68,8	0,12	
68,805	0,12	
68,81	0,12	
68,815	0,12	
68,82	0,12	
68,825	0,11	
68,83	0,11	
68,835	0,11	
68,84	0,11	
68,845	0,11	
68,85	0,11	
68,855	0,11	
68,86	0,11	
68,865	0,11	
68,87	0,1	
68,875	0,1	
68,88	0,1	
68,885	0,1	
68,89	0,09	
68,895	0,09	
68,9	0,09	
68,905	0,08	
68,91	0,08	
68,915	0,08	
68,92	0,08	
68,925	0,07	
68,93	0,07	
68,935	0,06	
68,94	0,06	
68,945	0,05	
68,95	0,05	
68,955	0,05	
68,96	0,05	
68,965	0,04	
68,97	0,04	
68,975	0,03	
68,98	0,02	
68,985	0,02	
68,99	0,02	
68,995	0,01	
69,0	0,01	
69,005	0	
69,01	0	
69,015	-0,01	
69,02	-0,01	
69,025	-0,02	
69,03	-0,02	
69,035	-0,03	
69,04	-0,03	
69,045	-0,04	
69,05	-0,04	
69,055	-0,04	
69,06	-0,05	
69,065	-0,06	
69,07	-0,06	
69,075	-0,06	
69,08	-0,07	
69,085	-0,07	
69,09	-0,08	
69,095	-0,08	
69,1	-0,08	
69,105	-0,09	
69,11	-0,1	
69,115	-0,1	
69,12	-0,1	
69,125	-0,11	
69,13	-0,11	
69,135	-0,11	
69,14	-0,12	
69,145	-0,12	
69,15	-0,13	
69,155	-0,13	
69,16	-0,14	
69,165	-0,14	
69,17	-0,14	
69,175	-0,14	
69,18	-0,15	
69,185	-0,15	
69,19	-0,16	
69,195	-0,16	
69,2	-0,16	
69,205	-0,17	
69,21	-0,16	
69,215	-0,17	
69,22	-0,17	
69,225	-0,17	
69,23	-0,17	
69,235	-0,17	
69,24	-0,17	
69,245	-0,17	
69,25	-0,18	
69,255	-0,18	
69,26	-0,18	
69,265	-0,18	
69,27	-0,18	
69,275	-0,18	
69,28	-0,18	
69,285	-0,18	
69,29	-0,18	
69,295	-0,18	
69,3	-0,18	
69,305	-0,17	
69,31	-0,17	
69,315	-0,17	
69,32	-0,17	
69,325	-0,17	
69,33	-0,17	
69,335	-0,17	
69,34	-0,16	
69,345	-0,16	
69,35	-0,16	
69,355	-0,15	
69,36	-0,15	
69,365	-0,15	
69,37	-0,15	
69,375	-0,15	
69,38	-0,14	
69,385	-0,14	
69,39	-0,13	
69,395	-0,13	
69,4	-0,13	
69,405	-0,12	
69,41	-0,12	
69,415	-0,11	
69,42	-0,11	
69,425	-0,1	
69,43	-0,1	
69,435	-0,09	
69,44	-0,08	
69,445	-0,08	
69,45	-0,07	
69,455	-0,07	
69,46	-0,06	
69,465	-0,06	
69,47	-0,05	
69,475	-0,05	
69,48	-0,04	
69,485	-0,04	
69,49	-0,03	
69,495	-0,02	
69,5	-0,02	
69,505	-0,01	
69,51	0	
69,515	0	
69,52	0,01	
69,525	0,02	
69,53	0,03	
69,535	0,03	
69,54	0,04	
69,545	0,05	
69,55	0,05	
69,555	0,06	
69,56	0,07	
69,565	0,07	
69,57	0,08	
69,575	0,09	
69,58	0,09	
69,585	0,1	
69,59	0,11	
69,595	0,12	
69,6	0,12	
69,605	0,13	
69,61	0,13	
69,615	0,15	
69,62	0,15	
69,625	0,16	
69,63	0,16	
69,635	0,16	
69,64	0,17	
69,645	0,18	
69,65	0,18	
69,655	0,19	
69,66	0,2	
69,665	0,21	
69,67	0,21	
69,675	0,21	
69,68	0,21	
69,685	0,22	
69,69	0,22	
69,695	0,23	
69,7	0,23	
69,705	0,24	
69,71	0,24	
69,715	0,25	
69,72	0,25	
69,725	0,25	
69,73	0,26	
69,735	0,26	
69,74	0,26	
69,745	0,27	
69,75	0,27	
69,755	0,27	
69,76	0,27	
69,765	0,27	
69,77	0,28	
69,775	0,28	
69,78	0,28	
69,785	0,28	
69,79	0,28	
69,795	0,28	
69,8	0,28	
69,805	0,28	
69,81	0,28	
69,815	0,28	
69,82	0,28	
69,825	0,28	
69,83	0,28	
69,835	0,28	
69,84	0,28	
69,845	0,28	
69,85	0,27	
69,855	0,27	
69,86	0,27	
69,865	0,27	
69,87	0,26	
69,875	0,26	
69,88	0,26	
69,885	0,25	
69,89	0,25	
69,895	0,25	
69,9	0,24	
69,905	0,24	
69,91	0,23	
69,915	0,23	
69,92	0,22	
69,925	0,22	
69,93	0,21	
69,935	0,2	
69,94	0,2	
69,945	0,19	
69,95	0,19	
69,955	0,18	
69,96	0,18	
69,965	0,17	
69,97	0,16	
69,975	0,15	
69,98	0,15	
69,985	0,14	
69,99	0,13	
69,995	0,13	
70,0	0,12	
70,005	0,11	
70,01	0,1	
70,015	0,1	
70,02	0,08	
70,025	0,08	
70,03	0,07	
70,035	0,06	
70,04	0,05	
70,045	0,04	
70,05	0,03	
70,055	0,02	
70,06	0,02	
70,065	0,01	
70,07	-0,01	
70,075	-0,01	
70,08	-0,02	
70,085	-0,03	
70,09	-0,04	
70,095	-0,05	
70,1	-0,06	
70,105	-0,07	
70,11	-0,08	
70,115	-0,09	
70,12	-0,1	
70,125	-0,11	
70,13	-0,12	
70,135	-0,13	
70,14	-0,14	
70,145	-0,15	
70,15	-0,16	
70,155	-0,16	
70,16	-0,18	
70,165	-0,18	
70,17	-0,19	
70,175	-0,2	
70,18	-0,21	
70,185	-0,22	
70,19	-0,22	
70,195	-0,23	
70,2	-0,24	
70,205	-0,25	
70,21	-0,26	
70,215	-0,26	
70,22	-0,27	
70,225	-0,28	
70,23	-0,28	
70,235	-0,29	
70,24	-0,3	
70,245	-0,3	
70,25	-0,31	
70,255	-0,32	
70,26	-0,32	
70,265	-0,33	
70,27	-0,34	
70,275	-0,34	
70,28	-0,34	
70,285	-0,35	
70,29	-0,35	
70,295	-0,36	
70,3	-0,36	
70,305	-0,36	
70,31	-0,37	
70,315	-0,37	
70,32	-0,38	
70,325	-0,38	
70,33	-0,38	
70,335	-0,38	
70,34	-0,38	
70,345	-0,38	
70,35	-0,38	
70,355	-0,38	
70,36	-0,39	
70,365	-0,39	
70,37	-0,39	
70,375	-0,39	
70,38	-0,39	
70,385	-0,38	
70,39	-0,38	
70,395	-0,38	
70,4	-0,38	
70,405	-0,38	
70,41	-0,38	
70,415	-0,37	
70,42	-0,37	
70,425	-0,37	
70,43	-0,36	
70,435	-0,36	
70,44	-0,36	
70,445	-0,35	
70,45	-0,35	
70,455	-0,34	
70,46	-0,34	
70,465	-0,33	
70,47	-0,32	
70,475	-0,32	
70,48	-0,31	
70,485	-0,31	
70,49	-0,3	
70,495	-0,3	
70,5	-0,29	
70,505	-0,28	
70,51	-0,27	
70,515	-0,27	
70,52	-0,26	
70,525	-0,25	
70,53	-0,24	
70,535	-0,23	
70,54	-0,22	
70,545	-0,21	
70,55	-0,2	
70,555	-0,19	
70,56	-0,18	
70,565	-0,17	
70,57	-0,16	
70,575	-0,15	
70,58	-0,14	
70,585	-0,13	
70,59	-0,12	
70,595	-0,11	
70,6	-0,1	
70,605	-0,09	
70,61	-0,08	
70,615	-0,06	
70,62	-0,05	
70,625	-0,04	
70,63	-0,03	
70,635	-0,02	
70,64	-0,01	
70,645	0,01	
70,65	0,02	
70,655	0,02	
70,66	0,04	
70,665	0,05	
70,67	0,07	
70,675	0,08	
70,68	0,09	
70,685	0,1	
70,69	0,11	
70,695	0,12	
70,7	0,13	
70,705	0,15	
70,71	0,16	
70,715	0,17	
70,72	0,18	
70,725	0,19	
70,73	0,2	
70,735	0,21	
70,74	0,22	
70,745	0,23	
70,75	0,25	
70,755	0,26	
70,76	0,27	
70,765	0,28	
70,77	0,29	
70,775	0,3	
70,78	0,31	
70,785	0,32	
70,79	0,32	
70,795	0,34	
70,8	0,34	
70,805	0,35	
70,81	0,36	
70,815	0,37	
70,82	0,37	
70,825	0,38	
70,83	0,39	
70,835	0,39	
70,84	0,41	
70,845	0,41	
70,85	0,42	
70,855	0,42	
70,86	0,43	
70,865	0,43	
70,87	0,44	
70,875	0,44	
70,88	0,45	
70,885	0,45	
70,89	0,46	
70,895	0,46	
70,9	0,46	
70,905	0,47	
70,91	0,47	
70,915	0,47	
70,92	0,47	
70,925	0,47	
70,93	0,47	
70,935	0,47	
70,94	0,47	
70,945	0,47	
70,95	0,47	
70,955	0,47	
70,96	0,47	
70,965	0,47	
70,97	0,47	
70,975	0,47	
70,98	0,46	
70,985	0,46	
70,99	0,46	
70,995	0,46	
71,0	0,45	
71,005	0,45	
71,01	0,45	
71,015	0,44	
71,02	0,44	
71,025	0,43	
71,03	0,42	
71,035	0,41	
71,04	0,41	
71,045	0,4	
71,05	0,39	
71,055	0,39	
71,06	0,38	
71,065	0,37	
71,07	0,36	
71,075	0,35	
71,08	0,35	
71,085	0,34	
71,09	0,33	
71,095	0,32	
71,1	0,31	
71,105	0,31	
71,11	0,3	
71,115	0,28	
71,12	0,27	
71,125	0,26	
71,13	0,25	
71,135	0,24	
71,14	0,23	
71,145	0,21	
71,15	0,2	
71,155	0,19	
71,16	0,17	
71,165	0,16	
71,17	0,15	
71,175	0,13	
71,18	0,12	
71,185	0,11	
71,19	0,1	
71,195	0,08	
71,2	0,07	
71,205	0,06	
71,21	0,04	
71,215	0,03	
71,22	0,01	
71,225	0	
71,23	-0,02	
71,235	-0,03	
71,24	-0,04	
71,245	-0,05	
71,25	-0,07	
71,255	-0,08	
71,26	-0,09	
71,265	-0,11	
71,27	-0,12	
71,275	-0,14	
71,28	-0,15	
71,285	-0,16	
71,29	-0,17	
71,295	-0,19	
71,3	-0,2	
71,305	-0,21	
71,31	-0,23	
71,315	-0,24	
71,32	-0,25	
71,325	-0,26	
71,33	-0,27	
71,335	-0,28	
71,34	-0,3	
71,345	-0,31	
71,35	-0,32	
71,355	-0,33	
71,36	-0,34	
71,365	-0,35	
71,37	-0,36	
71,375	-0,37	
71,38	-0,38	
71,385	-0,39	
71,39	-0,4	
71,395	-0,41	
71,4	-0,42	
71,405	-0,43	
71,41	-0,43	
71,415	-0,44	
71,42	-0,45	
71,425	-0,45	
71,43	-0,46	
71,435	-0,47	
71,44	-0,48	
71,445	-0,48	
71,45	-0,49	
71,455	-0,49	
71,46	-0,5	
71,465	-0,5	
71,47	-0,51	
71,475	-0,52	
71,48	-0,52	
71,485	-0,52	
71,49	-0,53	
71,495	-0,53	
71,5	-0,53	
71,505	-0,53	
71,51	-0,53	
71,515	-0,53	
71,52	-0,53	
71,525	-0,53	
71,53	-0,53	
71,535	-0,53	
71,54	-0,53	
71,545	-0,53	
71,55	-0,53	
71,555	-0,53	
71,56	-0,53	
71,565	-0,52	
71,57	-0,52	
71,575	-0,51	
71,58	-0,5	
71,585	-0,5	
71,59	-0,5	
71,595	-0,49	
71,6	-0,49	
71,605	-0,49	
71,61	-0,48	
71,615	-0,47	
71,62	-0,46	
71,625	-0,45	
71,63	-0,44	
71,635	-0,44	
71,64	-0,43	
71,645	-0,43	
71,65	-0,42	
71,655	-0,41	
71,66	-0,39	
71,665	-0,38	
71,67	-0,37	
71,675	-0,36	
71,68	-0,35	
71,685	-0,34	
71,69	-0,33	
71,695	-0,32	
71,7	-0,31	
71,705	-0,29	
71,71	-0,28	
71,715	-0,27	
71,72	-0,26	
71,725	-0,25	
71,73	-0,23	
71,735	-0,22	
71,74	-0,21	
71,745	-0,19	
71,75	-0,18	
71,755	-0,16	
71,76	-0,15	
71,765	-0,14	
71,77	-0,13	
71,775	-0,11	
71,78	-0,1	
71,785	-0,08	
71,79	-0,07	
71,795	-0,05	
71,8	-0,04	
71,805	-0,02	
71,81	-0,01	
71,815	0,01	
71,82	0,02	
71,825	0,04	
71,83	0,05	
71,835	0,07	
71,84	0,08	
71,845	0,1	
71,85	0,11	
71,855	0,12	
71,86	0,14	
71,865	0,15	
71,87	0,16	
71,875	0,18	
71,88	0,19	
71,885	0,2	
71,89	0,22	
71,895	0,24	
71,9	0,25	
71,905	0,26	
71,91	0,27	
71,915	0,29	
71,92	0,3	
71,925	0,31	
71,93	0,32	
71,935	0,33	
71,94	0,34	
71,945	0,36	
71,95	0,37	
71,955	0,38	
71,96	0,39	
71,965	0,4	
71,97	0,41	
71,975	0,42	
71,98	0,43	
71,985	0,44	
71,99	0,45	
71,995	0,46	
72,0	0,46	
72,005	0,47	
72,01	0,48	
72,015	0,49	
72,02	0,49	
72,025	0,51	
72,03	0,51	
72,035	0,52	
72,04	0,52	
72,045	0,52	
72,05	0,53	
72,055	0,54	
72,06	0,54	
72,065	0,54	
72,07	0,55	
72,075	0,55	
72,08	0,55	
72,085	0,55	
72,09	0,55	
72,095	0,55	
72,1	0,55	
72,105	0,55	
72,11	0,55	
72,115	0,56	
72,12	0,55	
72,125	0,55	
72,13	0,55	
72,135	0,55	
72,14	0,54	
72,145	0,54	
72,15	0,54	
72,155	0,54	
72,16	0,54	
72,165	0,53	
72,17	0,53	
72,175	0,52	
72,18	0,51	
72,185	0,51	
72,19	0,5	
72,195	0,49	
72,2	0,48	
72,205	0,47	
72,21	0,47	
72,215	0,46	
72,22	0,45	
72,225	0,44	
72,23	0,44	
72,235	0,43	
72,24	0,42	
72,245	0,41	
72,25	0,4	
72,255	0,39	
72,26	0,38	
72,265	0,37	
72,27	0,36	
72,275	0,35	
72,28	0,34	
72,285	0,32	
72,29	0,31	
72,295	0,29	
72,3	0,28	
72,305	0,27	
72,31	0,25	
72,315	0,25	
72,32	0,23	
72,325	0,22	
72,33	0,21	
72,335	0,19	
72,34	0,18	
72,345	0,16	
72,35	0,15	
72,355	0,13	
72,36	0,12	
72,365	0,1	
72,37	0,09	
72,375	0,08	
72,38	0,06	
72,385	0,04	
72,39	0,02	
72,395	0,01	
72,4	0	
72,405	-0,02	
72,41	-0,03	
72,415	-0,05	
72,42	-0,06	
72,425	-0,07	
72,43	-0,09	
72,435	-0,11	
72,44	-0,12	
72,445	-0,13	
72,45	-0,15	
72,455	-0,16	
72,46	-0,17	
72,465	-0,19	
72,47	-0,2	
72,475	-0,21	
72,48	-0,23	
72,485	-0,24	
72,49	-0,26	
72,495	-0,27	
72,5	-0,28	
72,505	-0,29	
72,51	-0,31	
72,515	-0,32	
72,52	-0,32	
72,525	-0,34	
72,53	-0,35	
72,535	-0,36	
72,54	-0,37	
72,545	-0,38	
72,55	-0,4	
72,555	-0,4	
72,56	-0,41	
72,565	-0,42	
72,57	-0,43	
72,575	-0,44	
72,58	-0,45	
72,585	-0,46	
72,59	-0,46	
72,595	-0,47	
72,6	-0,48	
72,605	-0,49	
72,61	-0,49	
72,615	-0,5	
72,62	-0,51	
72,625	-0,51	
72,63	-0,52	
72,635	-0,52	
72,64	-0,52	
72,645	-0,52	
72,65	-0,53	
72,655	-0,53	
72,66	-0,54	
72,665	-0,54	
72,67	-0,54	
72,675	-0,54	
72,68	-0,54	
72,685	-0,54	
72,69	-0,54	
72,695	-0,54	
72,7	-0,54	
72,705	-0,54	
72,71	-0,54	
72,715	-0,54	
72,72	-0,54	
72,725	-0,53	
72,73	-0,53	
72,735	-0,52	
72,74	-0,52	
72,745	-0,52	
72,75	-0,51	
72,755	-0,5	
72,76	-0,5	
72,765	-0,5	
72,77	-0,49	
72,775	-0,49	
72,78	-0,48	
72,785	-0,47	
72,79	-0,47	
72,795	-0,46	
72,8	-0,45	
72,805	-0,44	
72,81	-0,43	
72,815	-0,43	
72,82	-0,42	
72,825	-0,41	
72,83	-0,4	
72,835	-0,39	
72,84	-0,38	
72,845	-0,37	
72,85	-0,36	
72,855	-0,34	
72,86	-0,33	
72,865	-0,32	
72,87	-0,31	
72,875	-0,3	
72,88	-0,29	
72,885	-0,28	
72,89	-0,26	
72,895	-0,25	
72,9	-0,24	
72,905	-0,22	
72,91	-0,21	
72,915	-0,2	
72,92	-0,19	
72,925	-0,17	
72,93	-0,16	
72,935	-0,14	
72,94	-0,13	
72,945	-0,11	
72,95	-0,1	
72,955	-0,09	
72,96	-0,08	
72,965	-0,06	
72,97	-0,05	
72,975	-0,04	
72,98	-0,02	
72,985	0	
72,99	0,01	
72,995	0,02	
73,0	0,04	
73,005	0,05	
73,01	0,06	
73,015	0,08	
73,02	0,09	
73,025	0,11	
73,03	0,12	
73,035	0,14	
73,04	0,15	
73,045	0,16	
73,05	0,17	
73,055	0,18	
73,06	0,2	
73,065	0,21	
73,07	0,23	
73,075	0,24	
73,08	0,25	
73,085	0,26	
73,09	0,27	
73,095	0,28	
73,1	0,29	
73,105	0,3	
73,11	0,31	
73,115	0,32	
73,12	0,33	
73,125	0,35	
73,13	0,35	
73,135	0,36	
73,14	0,37	
73,145	0,37	
73,15	0,38	
73,155	0,39	
73,16	0,4	
73,165	0,42	
73,17	0,42	
73,175	0,43	
73,18	0,43	
73,185	0,44	
73,19	0,44	
73,195	0,45	
73,2	0,45	
73,205	0,46	
73,21	0,47	
73,215	0,47	
73,22	0,48	
73,225	0,48	
73,23	0,48	
73,235	0,48	
73,24	0,48	
73,245	0,49	
73,25	0,49	
73,255	0,49	
73,26	0,49	
73,265	0,49	
73,27	0,49	
73,275	0,49	
73,28	0,49	
73,285	0,49	
73,29	0,49	
73,295	0,49	
73,3	0,49	
73,305	0,48	
73,31	0,48	
73,315	0,48	
73,32	0,47	
73,325	0,47	
73,33	0,47	
73,335	0,46	
73,34	0,46	
73,345	0,45	
73,35	0,45	
73,355	0,44	
73,36	0,44	
73,365	0,43	
73,37	0,43	
73,375	0,42	
73,38	0,42	
73,385	0,41	
73,39	0,39	
73,395	0,39	
73,4	0,38	
73,405	0,37	
73,41	0,36	
73,415	0,35	
73,42	0,35	
73,425	0,34	
73,43	0,33	
73,435	0,31	
73,44	0,31	
73,445	0,3	
73,45	0,29	
73,455	0,28	
73,46	0,27	
73,465	0,26	
73,47	0,24	
73,475	0,23	
73,48	0,22	
73,485	0,2	
73,49	0,19	
73,495	0,18	
73,5	0,17	
73,505	0,16	
73,51	0,15	
73,515	0,14	
73,52	0,13	
73,525	0,11	
73,53	0,1	
73,535	0,09	
73,54	0,07	
73,545	0,06	
73,55	0,05	
73,555	0,04	
73,56	0,03	
73,565	0,02	
73,57	0	
73,575	-0,01	
73,58	-0,03	
73,585	-0,04	
73,59	-0,05	
73,595	-0,06	
73,6	-0,07	
73,605	-0,08	
73,61	-0,09	
73,615	-0,11	
73,62	-0,12	
73,625	-0,13	
73,63	-0,14	
73,635	-0,15	
73,64	-0,16	
73,645	-0,17	
73,65	-0,18	
73,655	-0,19	
73,66	-0,2	
73,665	-0,21	
73,67	-0,23	
73,675	-0,24	
73,68	-0,24	
73,685	-0,25	
73,69	-0,26	
73,695	-0,27	
73,7	-0,28	
73,705	-0,29	
73,71	-0,3	
73,715	-0,3	
73,72	-0,31	
73,725	-0,32	
73,73	-0,32	
73,735	-0,33	
73,74	-0,34	
73,745	-0,34	
73,75	-0,35	
73,755	-0,36	
73,76	-0,37	
73,765	-0,37	
73,77	-0,38	
73,775	-0,38	
73,78	-0,38	
73,785	-0,39	
73,79	-0,39	
73,795	-0,4	
73,8	-0,4	
73,805	-0,4	
73,81	-0,4	
73,815	-0,41	
73,82	-0,41	
73,825	-0,41	
73,83	-0,41	
73,835	-0,41	
73,84	-0,41	
73,845	-0,41	
73,85	-0,41	
73,855	-0,41	
73,86	-0,41	
73,865	-0,41	
73,87	-0,41	
73,875	-0,41	
73,88	-0,4	
73,885	-0,41	
73,89	-0,4	
73,895	-0,4	
73,9	-0,4	
73,905	-0,4	
73,91	-0,39	
73,915	-0,39	
73,92	-0,38	
73,925	-0,38	
73,93	-0,37	
73,935	-0,37	
73,94	-0,36	
73,945	-0,36	
73,95	-0,35	
73,955	-0,34	
73,96	-0,34	
73,965	-0,33	
73,97	-0,33	
73,975	-0,32	
73,98	-0,31	
73,985	-0,31	
73,99	-0,3	
73,995	-0,29	
74,0	-0,28	
74,005	-0,28	
74,01	-0,27	
74,015	-0,26	
74,02	-0,26	
74,025	-0,24	
74,03	-0,23	
74,035	-0,23	
74,04	-0,22	
74,045	-0,21	
74,05	-0,2	
74,055	-0,19	
74,06	-0,18	
74,065	-0,17	
74,07	-0,16	
74,075	-0,15	
74,08	-0,14	
74,085	-0,13	
74,09	-0,12	
74,095	-0,12	
74,1	-0,1	
74,105	-0,1	
74,11	-0,09	
74,115	-0,07	
74,12	-0,06	
74,125	-0,05	
74,13	-0,04	
74,135	-0,03	
74,14	-0,02	
74,145	-0,01	
74,15	-0,01	
74,155	0	
74,16	0,01	
74,165	0,03	
74,17	0,04	
74,175	0,05	
74,18	0,06	
74,185	0,06	
74,19	0,07	
74,195	0,08	
74,2	0,09	
74,205	0,1	
74,21	0,12	
74,215	0,12	
74,22	0,13	
74,225	0,14	
74,23	0,15	
74,235	0,15	
74,24	0,16	
74,245	0,17	
74,25	0,18	
74,255	0,19	
74,26	0,19	
74,265	0,2	
74,27	0,21	
74,275	0,22	
74,28	0,22	
74,285	0,23	
74,29	0,23	
74,295	0,24	
74,3	0,25	
74,305	0,25	
74,31	0,26	
74,315	0,26	
74,32	0,27	
74,325	0,27	
74,33	0,28	
74,335	0,28	
74,34	0,29	
74,345	0,29	
74,35	0,29	
74,355	0,29	
74,36	0,3	
74,365	0,3	
74,37	0,3	
74,375	0,3	
74,38	0,3	
74,385	0,31	
74,39	0,31	
74,395	0,31	
74,4	0,31	
74,405	0,32	
74,41	0,31	
74,415	0,31	
74,42	0,31	
74,425	0,31	
74,43	0,31	
74,435	0,31	
74,44	0,31	
74,445	0,31	
74,45	0,31	
74,455	0,3	
74,46	0,3	
74,465	0,3	
74,47	0,3	
74,475	0,3	
74,48	0,29	
74,485	0,28	
74,49	0,28	
74,495	0,28	
74,5	0,28	
74,505	0,27	
74,51	0,27	
74,515	0,27	
74,52	0,26	
74,525	0,25	
74,53	0,25	
74,535	0,24	
74,54	0,24	
74,545	0,24	
74,55	0,23	
74,555	0,23	
74,56	0,22	
74,565	0,22	
74,57	0,21	
74,575	0,2	
74,58	0,19	
74,585	0,19	
74,59	0,18	
74,595	0,17	
74,6	0,17	
74,605	0,16	
74,61	0,15	
74,615	0,15	
74,62	0,14	
74,625	0,13	
74,63	0,13	
74,635	0,12	
74,64	0,11	
74,645	0,11	
74,65	0,1	
74,655	0,09	
74,66	0,08	
74,665	0,07	
74,67	0,06	
74,675	0,06	
74,68	0,05	
74,685	0,04	
74,69	0,03	
74,695	0,03	
74,7	0,02	
74,705	0,01	
74,71	0	
74,715	-0,01	
74,72	-0,01	
74,725	-0,02	
74,73	-0,03	
74,735	-0,03	
74,74	-0,04	
74,745	-0,04	
74,75	-0,05	
74,755	-0,06	
74,76	-0,06	
74,765	-0,07	
74,77	-0,08	
74,775	-0,08	
74,78	-0,09	
74,785	-0,09	
74,79	-0,1	
74,795	-0,1	
74,8	-0,11	
74,805	-0,12	
74,81	-0,12	
74,815	-0,13	
74,82	-0,13	
74,825	-0,14	
74,83	-0,14	
74,835	-0,15	
74,84	-0,15	
74,845	-0,15	
74,85	-0,16	
74,855	-0,16	
74,86	-0,16	
74,865	-0,17	
74,87	-0,17	
74,875	-0,18	
74,88	-0,18	
74,885	-0,18	
74,89	-0,19	
74,895	-0,19	
74,9	-0,19	
74,905	-0,19	
74,91	-0,2	
74,915	-0,2	
74,92	-0,2	
74,925	-0,2	
74,93	-0,2	
74,935	-0,2	
74,94	-0,2	
74,945	-0,2	
74,95	-0,2	
74,955	-0,21	
74,96	-0,2	
74,965	-0,2	
74,97	-0,2	
74,975	-0,2	
74,98	-0,2	
74,985	-0,2	
74,99	-0,2	
74,995	-0,2	
75,0	-0,2	
75,005	-0,2	
75,01	-0,19	
75,015	-0,19	
75,02	-0,19	
75,025	-0,19	
75,03	-0,19	
75,035	-0,19	
75,04	-0,18	
75,045	-0,18	
75,05	-0,18	
75,055	-0,17	
75,06	-0,17	
75,065	-0,17	
75,07	-0,17	
75,075	-0,16	
75,08	-0,16	
75,085	-0,15	
75,09	-0,15	
75,095	-0,15	
75,1	-0,14	
75,105	-0,14	
75,11	-0,13	
75,115	-0,13	
75,12	-0,12	
75,125	-0,12	
75,13	-0,12	
75,135	-0,11	
75,14	-0,1	
75,145	-0,1	
75,15	-0,09	
75,155	-0,09	
75,16	-0,08	
75,165	-0,07	
75,17	-0,07	
75,175	-0,06	
75,18	-0,06	
75,185	-0,06	
75,19	-0,05	
75,195	-0,05	
75,2	-0,04	
75,205	-0,04	
75,21	-0,03	
75,215	-0,02	
75,22	-0,02	
75,225	-0,01	
75,23	-0,01	
75,235	0	
75,24	0	
75,245	0	
75,25	0,01	
75,255	0,01	
75,26	0,02	
75,265	0,02	
75,27	0,03	
75,275	0,03	
75,28	0,04	
75,285	0,04	
75,29	0,04	
75,295	0,05	
75,3	0,06	
75,305	0,06	
75,31	0,06	
75,315	0,07	
75,32	0,07	
75,325	0,07	
75,33	0,08	
75,335	0,08	
75,34	0,08	
75,345	0,09	
75,35	0,09	
75,355	0,1	
75,36	0,1	
75,365	0,1	
75,37	0,1	
75,375	0,1	
75,38	0,11	
75,385	0,11	
75,39	0,11	
75,395	0,12	
75,4	0,12	
75,405	0,12	
75,41	0,12	
75,415	0,12	
75,42	0,12	
75,425	0,12	
75,43	0,12	
75,435	0,12	
75,44	0,12	
75,445	0,12	
75,45	0,12	
75,455	0,12	
75,46	0,12	
75,465	0,12	
75,47	0,12	
75,475	0,12	
75,48	0,12	
75,485	0,12	
75,49	0,12	
75,495	0,12	
75,5	0,12	
75,505	0,12	
75,51	0,12	
75,515	0,11	
75,52	0,11	
75,525	0,11	
75,53	0,11	
75,535	0,11	
75,54	0,1	
75,545	0,1	
75,55	0,1	
75,555	0,1	
75,56	0,09	
75,565	0,09	
75,57	0,09	
75,575	0,09	
75,58	0,08	
75,585	0,08	
75,59	0,08	
75,595	0,07	
75,6	0,07	
75,605	0,06	
75,61	0,06	
75,615	0,06	
75,62	0,05	
75,625	0,05	
75,63	0,05	
75,635	0,04	
75,64	0,04	
75,645	0,04	
75,65	0,03	
75,655	0,03	
75,66	0,03	
75,665	0,02	
75,67	0,01	
75,675	0,01	
75,68	0	
75,685	0	
75,69	0	
75,695	-0,01	
75,7	-0,01	
75,705	-0,01	
75,71	-0,02	
75,715	-0,02	
75,72	-0,02	
75,725	-0,03	
75,73	-0,04	
75,735	-0,04	
75,74	-0,04	
75,745	-0,05	
75,75	-0,05	
75,755	-0,05	
75,76	-0,06	
75,765	-0,06	
75,77	-0,06	
75,775	-0,07	
75,78	-0,07	
75,785	-0,07	
75,79	-0,08	
75,795	-0,08	
75,8	-0,08	
75,805	-0,08	
75,81	-0,09	
75,815	-0,09	
75,82	-0,1	
75,825	-0,1	
75,83	-0,1	
75,835	-0,1	
75,84	-0,1	
75,845	-0,11	
75,85	-0,11	
75,855	-0,11	
75,86	-0,11	
75,865	-0,12	
75,87	-0,12	
75,875	-0,12	
75,88	-0,12	
75,885	-0,13	
75,89	-0,13	
75,895	-0,13	
75,9	-0,13	
75,905	-0,13	
75,91	-0,12	
75,915	-0,13	
75,92	-0,13	
75,925	-0,12	
75,93	-0,12	
75,935	-0,13	
75,94	-0,12	
75,945	-0,13	
75,95	-0,12	
75,955	-0,12	
75,96	-0,12	
75,965	-0,12	
75,97	-0,12	
75,975	-0,12	
75,98	-0,12	
75,985	-0,12	
75,99	-0,11	
75,995	-0,11	
76,0	-0,11	
76,005	-0,1	
76,01	-0,1	
76,015	-0,1	
76,02	-0,1	
76,025	-0,09	
76,03	-0,09	
76,035	-0,08	
76,04	-0,08	
76,045	-0,08	
76,05	-0,07	
76,055	-0,07	
76,06	-0,07	
76,065	-0,07	
76,07	-0,07	
76,075	-0,06	
76,08	-0,05	
76,085	-0,05	
76,09	-0,05	
76,095	-0,04	
76,1	-0,04	
76,105	-0,04	
76,11	-0,03	
76,115	-0,03	
76,12	-0,02	
76,125	-0,01	
76,13	0	
76,135	0	
76,14	0,01	
76,145	0,01	
76,15	0,02	
76,155	0,02	
76,16	0,02	
76,165	0,03	
76,17	0,03	
76,175	0,04	
76,18	0,05	
76,185	0,05	
76,19	0,06	
76,195	0,06	
76,2	0,06	
76,205	0,07	
76,21	0,07	
76,215	0,08	
76,22	0,08	
76,225	0,09	
76,23	0,09	
76,235	0,1	
76,24	0,1	
76,245	0,11	
76,25	0,11	
76,255	0,12	
76,26	0,13	
76,265	0,13	
76,27	0,13	
76,275	0,14	
76,28	0,14	
76,285	0,15	
76,29	0,15	
76,295	0,15	
76,3	0,16	
76,305	0,16	
76,31	0,17	
76,315	0,17	
76,32	0,17	
76,325	0,17	
76,33	0,18	
76,335	0,18	
76,34	0,18	
76,345	0,18	
76,35	0,18	
76,355	0,19	
76,36	0,19	
76,365	0,19	
76,37	0,19	
76,375	0,19	
76,38	0,19	
76,385	0,19	
76,39	0,2	
76,395	0,2	
76,4	0,2	
76,405	0,2	
76,41	0,2	
76,415	0,2	
76,42	0,2	
76,425	0,2	
76,43	0,2	
76,435	0,2	
76,44	0,2	
76,445	0,2	
76,45	0,2	
76,455	0,2	
76,46	0,2	
76,465	0,2	
76,47	0,2	
76,475	0,19	
76,48	0,19	
76,485	0,18	
76,49	0,18	
76,495	0,18	
76,5	0,18	
76,505	0,18	
76,51	0,17	
76,515	0,17	
76,52	0,16	
76,525	0,16	
76,53	0,16	
76,535	0,15	
76,54	0,15	
76,545	0,14	
76,55	0,14	
76,555	0,14	
76,56	0,13	
76,565	0,13	
76,57	0,12	
76,575	0,11	
76,58	0,11	
76,585	0,1	
76,59	0,1	
76,595	0,09	
76,6	0,09	
76,605	0,08	
76,61	0,08	
76,615	0,07	
76,62	0,06	
76,625	0,05	
76,63	0,05	
76,635	0,04	
76,64	0,04	
76,645	0,03	
76,65	0,02	
76,655	0,01	
76,66	0,01	
76,665	-0,01	
76,67	-0,01	
76,675	-0,02	
76,68	-0,02	
76,685	-0,03	
76,69	-0,04	
76,695	-0,04	
76,7	-0,05	
76,705	-0,06	
76,71	-0,07	
76,715	-0,08	
76,72	-0,08	
76,725	-0,09	
76,73	-0,09	
76,735	-0,1	
76,74	-0,11	
76,745	-0,12	
76,75	-0,12	
76,755	-0,13	
76,76	-0,14	
76,765	-0,14	
76,77	-0,15	
76,775	-0,16	
76,78	-0,17	
76,785	-0,17	
76,79	-0,18	
76,795	-0,18	
76,8	-0,19	
76,805	-0,2	
76,81	-0,21	
76,815	-0,21	
76,82	-0,22	
76,825	-0,22	
76,83	-0,23	
76,835	-0,23	
76,84	-0,23	
76,845	-0,24	
76,85	-0,24	
76,855	-0,25	
76,86	-0,26	
76,865	-0,26	
76,87	-0,27	
76,875	-0,28	
76,88	-0,28	
76,885	-0,28	
76,89	-0,29	
76,895	-0,29	
76,9	-0,29	
76,905	-0,29	
76,91	-0,3	
76,915	-0,3	
76,92	-0,3	
76,925	-0,31	
76,93	-0,31	
76,935	-0,31	
76,94	-0,31	
76,945	-0,3	
76,95	-0,31	
76,955	-0,31	
76,96	-0,31	
76,965	-0,31	
76,97	-0,31	
76,975	-0,31	
76,98	-0,31	
76,985	-0,3	
76,99	-0,3	
76,995	-0,3	
77,0	-0,3	
77,005	-0,3	
77,01	-0,3	
77,015	-0,3	
77,02	-0,29	
77,025	-0,29	
77,03	-0,28	
77,035	-0,28	
77,04	-0,28	
77,045	-0,28	
77,05	-0,27	
77,055	-0,27	
77,06	-0,26	
77,065	-0,26	
77,07	-0,25	
77,075	-0,25	
77,08	-0,24	
77,085	-0,24	
77,09	-0,23	
77,095	-0,22	
77,1	-0,21	
77,105	-0,21	
77,11	-0,2	
77,115	-0,2	
77,12	-0,19	
77,125	-0,18	
77,13	-0,17	
77,135	-0,17	
77,14	-0,16	
77,145	-0,15	
77,15	-0,15	
77,155	-0,14	
77,16	-0,13	
77,165	-0,12	
77,17	-0,11	
77,175	-0,1	
77,18	-0,09	
77,185	-0,08	
77,19	-0,07	
77,195	-0,07	
77,2	-0,06	
77,205	-0,05	
77,21	-0,04	
77,215	-0,03	
77,22	-0,02	
77,225	-0,01	
77,23	0	
77,235	0,01	
77,24	0,02	
77,245	0,03	
77,25	0,04	
77,255	0,05	
77,26	0,06	
77,265	0,07	
77,27	0,08	
77,275	0,09	
77,28	0,1	
77,285	0,11	
77,29	0,12	
77,295	0,13	
77,3	0,14	
77,305	0,15	
77,31	0,16	
77,315	0,17	
77,32	0,18	
77,325	0,19	
77,33	0,2	
77,335	0,21	
77,34	0,22	
77,345	0,23	
77,35	0,24	
77,355	0,25	
77,36	0,25	
77,365	0,25	
77,37	0,26	
77,375	0,27	
77,38	0,28	
77,385	0,29	
77,39	0,29	
77,395	0,31	
77,4	0,31	
77,405	0,32	
77,41	0,32	
77,415	0,33	
77,42	0,33	
77,425	0,34	
77,43	0,35	
77,435	0,35	
77,44	0,36	
77,445	0,36	
77,45	0,37	
77,455	0,37	
77,46	0,37	
77,465	0,38	
77,47	0,38	
77,475	0,39	
77,48	0,39	
77,485	0,39	
77,49	0,39	
77,495	0,39	
77,5	0,4	
77,505	0,4	
77,51	0,4	
77,515	0,4	
77,52	0,4	
77,525	0,41	
77,53	0,41	
77,535	0,41	
77,54	0,41	
77,545	0,4	
77,55	0,4	
77,555	0,4	
77,56	0,4	
77,565	0,4	
77,57	0,4	
77,575	0,39	
77,58	0,39	
77,585	0,39	
77,59	0,38	
77,595	0,38	
77,6	0,38	
77,605	0,37	
77,61	0,37	
77,615	0,36	
77,62	0,35	
77,625	0,35	
77,63	0,35	
77,635	0,34	
77,64	0,34	
77,645	0,33	
77,65	0,32	
77,655	0,31	
77,66	0,3	
77,665	0,29	
77,67	0,29	
77,675	0,28	
77,68	0,28	
77,685	0,27	
77,69	0,26	
77,695	0,25	
77,7	0,24	
77,705	0,23	
77,71	0,22	
77,715	0,21	
77,72	0,2	
77,725	0,19	
77,73	0,18	
77,735	0,17	
77,74	0,16	
77,745	0,15	
77,75	0,14	
77,755	0,13	
77,76	0,11	
77,765	0,1	
77,77	0,09	
77,775	0,08	
77,78	0,07	
77,785	0,06	
77,79	0,05	
77,795	0,04	
77,8	0,03	
77,805	0,01	
77,81	0	
77,815	-0,02	
77,82	-0,03	
77,825	-0,04	
77,83	-0,05	
77,835	-0,06	
77,84	-0,07	
77,845	-0,09	
77,85	-0,1	
77,855	-0,11	
77,86	-0,13	
77,865	-0,14	
77,87	-0,15	
77,875	-0,16	
77,88	-0,17	
77,885	-0,18	
77,89	-0,19	
77,895	-0,2	
77,9	-0,22	
77,905	-0,23	
77,91	-0,24	
77,915	-0,25	
77,92	-0,26	
77,925	-0,27	
77,93	-0,28	
77,935	-0,29	
77,94	-0,3	
77,945	-0,31	
77,95	-0,32	
77,955	-0,33	
77,96	-0,34	
77,965	-0,35	
77,97	-0,35	
77,975	-0,36	
77,98	-0,37	
77,985	-0,38	
77,99	-0,39	
77,995	-0,4	
78,0	-0,4	
78,005	-0,41	
78,01	-0,41	
78,015	-0,42	
78,02	-0,42	
78,025	-0,43	
78,03	-0,44	
78,035	-0,44	
78,04	-0,45	
78,045	-0,45	
78,05	-0,46	
78,055	-0,46	
78,06	-0,46	
78,065	-0,47	
78,07	-0,47	
78,075	-0,47	
78,08	-0,47	
78,085	-0,47	
78,09	-0,48	
78,095	-0,48	
78,1	-0,48	
78,105	-0,48	
78,11	-0,48	
78,115	-0,48	
78,12	-0,48	
78,125	-0,48	
78,13	-0,48	
78,135	-0,47	
78,14	-0,47	
78,145	-0,47	
78,15	-0,46	
78,155	-0,46	
78,16	-0,46	
78,165	-0,45	
78,17	-0,45	
78,175	-0,45	
78,18	-0,44	
78,185	-0,44	
78,19	-0,43	
78,195	-0,43	
78,2	-0,42	
78,205	-0,42	
78,21	-0,41	
78,215	-0,4	
78,22	-0,39	
78,225	-0,38	
78,23	-0,38	
78,235	-0,37	
78,24	-0,36	
78,245	-0,35	
78,25	-0,34	
78,255	-0,34	
78,26	-0,32	
78,265	-0,32	
78,27	-0,31	
78,275	-0,3	
78,28	-0,29	
78,285	-0,27	
78,29	-0,27	
78,295	-0,25	
78,3	-0,24	
78,305	-0,22	
78,31	-0,21	
78,315	-0,2	
78,32	-0,19	
78,325	-0,18	
78,33	-0,17	
78,335	-0,16	
78,34	-0,14	
78,345	-0,13	
78,35	-0,12	
78,355	-0,1	
78,36	-0,09	
78,365	-0,08	
78,37	-0,06	
78,375	-0,05	
78,38	-0,04	
78,385	-0,02	
78,39	-0,01	
78,395	0,01	
78,4	0,03	
78,405	0,04	
78,41	0,05	
78,415	0,06	
78,42	0,07	
78,425	0,08	
78,43	0,1	
78,435	0,11	
78,44	0,13	
78,445	0,14	
78,45	0,15	
78,455	0,16	
78,46	0,18	
78,465	0,19	
78,47	0,2	
78,475	0,21	
78,48	0,23	
78,485	0,24	
78,49	0,26	
78,495	0,27	
78,5	0,28	
78,505	0,29	
78,51	0,3	
78,515	0,31	
78,52	0,32	
78,525	0,33	
78,53	0,35	
78,535	0,36	
78,54	0,37	
78,545	0,38	
78,55	0,38	
78,555	0,39	
78,56	0,4	
78,565	0,41	
78,57	0,42	
78,575	0,43	
78,58	0,44	
78,585	0,45	
78,59	0,45	
78,595	0,46	
78,6	0,47	
78,605	0,47	
78,61	0,48	
78,615	0,48	
78,62	0,49	
78,625	0,49	
78,63	0,5	
78,635	0,5	
78,64	0,51	
78,645	0,51	
78,65	0,51	
78,655	0,51	
78,66	0,52	
78,665	0,52	
78,67	0,53	
78,675	0,53	
78,68	0,53	
78,685	0,52	
78,69	0,52	
78,695	0,52	
78,7	0,52	
78,705	0,52	
78,71	0,52	
78,715	0,52	
78,72	0,52	
78,725	0,51	
78,73	0,51	
78,735	0,51	
78,74	0,51	
78,745	0,5	
78,75	0,5	
78,755	0,5	
78,76	0,49	
78,765	0,48	
78,77	0,48	
78,775	0,47	
78,78	0,46	
78,785	0,46	
78,79	0,45	
78,795	0,44	
78,8	0,44	
78,805	0,43	
78,81	0,41	
78,815	0,41	
78,82	0,4	
78,825	0,39	
78,83	0,38	
78,835	0,37	
78,84	0,37	
78,845	0,36	
78,85	0,34	
78,855	0,33	
78,86	0,32	
78,865	0,31	
78,87	0,29	
78,875	0,28	
78,88	0,27	
78,885	0,26	
78,89	0,25	
78,895	0,23	
78,9	0,22	
78,905	0,21	
78,91	0,19	
78,915	0,18	
78,92	0,17	
78,925	0,16	
78,93	0,14	
78,935	0,13	
78,94	0,11	
78,945	0,1	
78,95	0,08	
78,955	0,07	
78,96	0,06	
78,965	0,05	
78,97	0,04	
78,975	0,02	
78,98	0	
78,985	-0,02	
78,99	-0,03	
78,995	-0,04	
79,0	-0,06	
79,005	-0,07	
79,01	-0,08	
79,015	-0,1	
79,02	-0,11	
79,025	-0,12	
79,03	-0,14	
79,035	-0,16	
79,04	-0,17	
79,045	-0,18	
79,05	-0,19	
79,055	-0,21	
79,06	-0,22	
79,065	-0,23	
79,07	-0,25	
79,075	-0,27	
79,08	-0,27	
79,085	-0,29	
79,09	-0,29	
79,095	-0,3	
79,1	-0,31	
79,105	-0,33	
79,11	-0,34	
79,115	-0,35	
79,12	-0,36	
79,125	-0,37	
79,13	-0,38	
79,135	-0,39	
79,14	-0,4	
79,145	-0,41	
79,15	-0,42	
79,155	-0,43	
79,16	-0,44	
79,165	-0,45	
79,17	-0,45	
79,175	-0,46	
79,18	-0,47	
79,185	-0,47	
79,19	-0,48	
79,195	-0,49	
79,2	-0,49	
79,205	-0,5	
79,21	-0,5	
79,215	-0,51	
79,22	-0,52	
79,225	-0,52	
79,23	-0,52	
79,235	-0,52	
79,24	-0,52	
79,245	-0,53	
79,25	-0,53	
79,255	-0,53	
79,26	-0,53	
79,265	-0,53	
79,27	-0,53	
79,275	-0,53	
79,28	-0,53	
79,285	-0,53	
79,29	-0,53	
79,295	-0,53	
79,3	-0,53	
79,305	-0,53	
79,31	-0,52	
79,315	-0,52	
79,32	-0,52	
79,325	-0,51	
79,33	-0,51	
79,335	-0,5	
79,34	-0,5	
79,345	-0,49	
79,35	-0,49	
79,355	-0,48	
79,36	-0,48	
79,365	-0,47	
79,37	-0,46	
79,375	-0,45	
79,38	-0,45	
79,385	-0,44	
79,39	-0,43	
79,395	-0,42	
79,4	-0,41	
79,405	-0,41	
79,41	-0,4	
79,415	-0,39	
79,42	-0,38	
79,425	-0,37	
79,43	-0,36	
79,435	-0,35	
79,44	-0,33	
79,445	-0,32	
79,45	-0,31	
79,455	-0,3	
79,46	-0,29	
79,465	-0,28	
79,47	-0,27	
79,475	-0,25	
79,48	-0,24	
79,485	-0,23	
79,49	-0,21	
79,495	-0,2	
79,5	-0,19	
79,505	-0,17	
79,51	-0,16	
79,515	-0,15	
79,52	-0,14	
79,525	-0,12	
79,53	-0,1	
79,535	-0,09	
79,54	-0,07	
79,545	-0,06	
79,55	-0,05	
79,555	-0,04	
79,56	-0,03	
79,565	-0,01	
79,57	0	
79,575	0,02	
79,58	0,04	
79,585	0,05	
79,59	0,07	
79,595	0,08	
79,6	0,09	
79,605	0,1	
79,61	0,12	
79,615	0,13	
79,62	0,14	
79,625	0,16	
79,63	0,17	
79,635	0,19	
79,64	0,2	
79,645	0,21	
79,65	0,23	
79,655	0,24	
79,66	0,25	
79,665	0,26	
79,67	0,27	
79,675	0,28	
79,68	0,29	
79,685	0,3	
79,69	0,32	
79,695	0,33	
79,7	0,34	
79,705	0,35	
79,71	0,36	
79,715	0,37	
79,72	0,38	
79,725	0,39	
79,73	0,4	
79,735	0,41	
79,74	0,42	
79,745	0,42	
79,75	0,43	
79,755	0,43	
79,76	0,44	
79,765	0,45	
79,77	0,45	
79,775	0,46	
79,78	0,47	
79,785	0,47	
79,79	0,48	
79,795	0,48	
79,8	0,49	
79,805	0,49	
79,81	0,49	
79,815	0,5	
79,82	0,5	
79,825	0,5	
79,83	0,5	
79,835	0,5	
79,84	0,5	
79,845	0,5	
79,85	0,51	
79,855	0,51	
79,86	0,51	
79,865	0,51	
79,87	0,51	
79,875	0,51	
79,88	0,51	
79,885	0,5	
79,89	0,5	
79,895	0,5	
79,9	0,5	
79,905	0,49	
79,91	0,49	
79,915	0,48	
79,92	0,48	
79,925	0,47	
79,93	0,47	
79,935	0,46	
79,94	0,45	
79,945	0,45	
79,95	0,44	
79,955	0,44	
79,96	0,43	
79,965	0,42	
79,97	0,42	
79,975	0,41	
79,98	0,4	
79,985	0,39	
79,99	0,38	
79,995	0,37	
80,0	0,37	
80,005	0,36	
80,01	0,35	
80,015	0,34	
80,02	0,33	
80,025	0,32	
80,03	0,31	
80,035	0,29	
80,04	0,28	
80,045	0,27	
80,05	0,26	
80,055	0,24	
80,06	0,23	
80,065	0,22	
80,07	0,21	
80,075	0,2	
80,08	0,19	
80,085	0,17	
80,09	0,16	
80,095	0,15	
80,1	0,14	
80,105	0,13	
80,11	0,12	
80,115	0,11	
80,12	0,09	
80,125	0,07	
80,13	0,06	
80,135	0,05	
80,14	0,04	
80,145	0,02	
80,15	0,01	
80,155	0	
80,16	-0,02	
80,165	-0,03	
80,17	-0,04	
80,175	-0,06	
80,18	-0,07	
80,185	-0,08	
80,19	-0,09	
80,195	-0,1	
80,2	-0,12	
80,205	-0,13	
80,21	-0,14	
80,215	-0,15	
80,22	-0,16	
80,225	-0,17	
80,23	-0,19	
80,235	-0,2	
80,24	-0,21	
80,245	-0,22	
80,25	-0,23	
80,255	-0,24	
80,26	-0,25	
80,265	-0,26	
80,27	-0,27	
80,275	-0,29	
80,28	-0,3	
80,285	-0,31	
80,29	-0,31	
80,295	-0,32	
80,3	-0,33	
80,305	-0,34	
80,31	-0,35	
80,315	-0,36	
80,32	-0,36	
80,325	-0,37	
80,33	-0,38	
80,335	-0,38	
80,34	-0,39	
80,345	-0,4	
80,35	-0,4	
80,355	-0,41	
80,36	-0,41	
80,365	-0,41	
80,37	-0,42	
80,375	-0,43	
80,38	-0,43	
80,385	-0,43	
80,39	-0,44	
80,395	-0,44	
80,4	-0,44	
80,405	-0,44	
80,41	-0,45	
80,415	-0,45	
80,42	-0,45	
80,425	-0,45	
80,43	-0,45	
80,435	-0,45	
80,44	-0,45	
80,445	-0,45	
80,45	-0,45	
80,455	-0,45	
80,46	-0,44	
80,465	-0,44	
80,47	-0,44	
80,475	-0,44	
80,48	-0,44	
80,485	-0,43	
80,49	-0,43	
80,495	-0,43	
80,5	-0,42	
80,505	-0,42	
80,51	-0,42	
80,515	-0,41	
80,52	-0,41	
80,525	-0,4	
80,53	-0,4	
80,535	-0,39	
80,54	-0,38	
80,545	-0,38	
80,55	-0,37	
80,555	-0,36	
80,56	-0,36	
80,565	-0,35	
80,57	-0,34	
80,575	-0,34	
80,58	-0,32	
80,585	-0,32	
80,59	-0,31	
80,595	-0,3	
80,6	-0,29	
80,605	-0,28	
80,61	-0,27	
80,615	-0,26	
80,62	-0,26	
80,625	-0,24	
80,63	-0,23	
80,635	-0,22	
80,64	-0,21	
80,645	-0,2	
80,65	-0,2	
80,655	-0,19	
80,66	-0,18	
80,665	-0,17	
80,67	-0,15	
80,675	-0,14	
80,68	-0,13	
80,685	-0,12	
80,69	-0,11	
80,695	-0,1	
80,7	-0,09	
80,705	-0,08	
80,71	-0,07	
80,715	-0,05	
80,72	-0,04	
80,725	-0,03	
80,73	-0,02	
80,735	-0,01	
80,74	0	
80,745	0,01	
80,75	0,03	
80,755	0,04	
80,76	0,05	
80,765	0,06	
80,77	0,07	
80,775	0,08	
80,78	0,09	
80,785	0,1	
80,79	0,11	
80,795	0,12	
80,8	0,14	
80,805	0,14	
80,81	0,16	
80,815	0,17	
80,82	0,17	
80,825	0,18	
80,83	0,19	
80,835	0,2	
80,84	0,21	
80,845	0,22	
80,85	0,23	
80,855	0,23	
80,86	0,24	
80,865	0,25	
80,87	0,26	
80,875	0,27	
80,88	0,27	
80,885	0,28	
80,89	0,29	
80,895	0,29	
80,9	0,3	
80,905	0,3	
80,91	0,31	
80,915	0,31	
80,92	0,32	
80,925	0,33	
80,93	0,33	
80,935	0,34	
80,94	0,34	
80,945	0,34	
80,95	0,35	
80,955	0,35	
80,96	0,35	
80,965	0,36	
80,97	0,36	
80,975	0,36	
80,98	0,36	
80,985	0,36	
80,99	0,36	
80,995	0,36	
81,0	0,36	
81,005	0,37	
81,01	0,37	
81,015	0,37	
81,02	0,36	
81,025	0,36	
81,03	0,36	
81,035	0,36	
81,04	0,36	
81,045	0,36	
81,05	0,36	
81,055	0,36	
81,06	0,35	
81,065	0,35	
81,07	0,35	
81,075	0,34	
81,08	0,34	
81,085	0,34	
81,09	0,33	
81,095	0,33	
81,1	0,32	
81,105	0,32	
81,11	0,31	
81,115	0,31	
81,12	0,3	
81,125	0,3	
81,13	0,29	
81,135	0,29	
81,14	0,28	
81,145	0,27	
81,15	0,27	
81,155	0,26	
81,16	0,25	
81,165	0,25	
81,17	0,24	
81,175	0,23	
81,18	0,23	
81,185	0,22	
81,19	0,21	
81,195	0,2	
81,2	0,19	
81,205	0,19	
81,21	0,18	
81,215	0,17	
81,22	0,16	
81,225	0,16	
81,23	0,15	
81,235	0,14	
81,24	0,13	
81,245	0,12	
81,25	0,11	
81,255	0,1	
81,26	0,09	
81,265	0,08	
81,27	0,07	
81,275	0,07	
81,28	0,06	
81,285	0,05	
81,29	0,04	
81,295	0,03	
81,3	0,02	
81,305	0,01	
81,31	0	
81,315	-0,01	
81,32	-0,02	
81,325	-0,02	
81,33	-0,03	
81,335	-0,03	
81,34	-0,04	
81,345	-0,05	
81,35	-0,07	
81,355	-0,07	
81,36	-0,08	
81,365	-0,09	
81,37	-0,09	
81,375	-0,1	
81,38	-0,11	
81,385	-0,11	
81,39	-0,12	
81,395	-0,13	
81,4	-0,14	
81,405	-0,15	
81,41	-0,15	
81,415	-0,16	
81,42	-0,16	
81,425	-0,17	
81,43	-0,18	
81,435	-0,18	
81,44	-0,19	
81,445	-0,2	
81,45	-0,2	
81,455	-0,21	
81,46	-0,21	
81,465	-0,21	
81,47	-0,22	
81,475	-0,22	
81,48	-0,23	
81,485	-0,23	
81,49	-0,23	
81,495	-0,24	
81,5	-0,24	
81,505	-0,24	
81,51	-0,24	
81,515	-0,25	
81,52	-0,25	
81,525	-0,26	
81,53	-0,26	
81,535	-0,26	
81,54	-0,26	
81,545	-0,26	
81,55	-0,26	
81,555	-0,26	
81,56	-0,27	
81,565	-0,27	
81,57	-0,26	
81,575	-0,26	
81,58	-0,26	
81,585	-0,26	
81,59	-0,26	
81,595	-0,26	
81,6	-0,26	
81,605	-0,26	
81,61	-0,26	
81,615	-0,26	
81,62	-0,26	
81,625	-0,25	
81,63	-0,25	
81,635	-0,25	
81,64	-0,24	
81,645	-0,24	
81,65	-0,24	
81,655	-0,24	
81,66	-0,23	
81,665	-0,23	
81,67	-0,22	
81,675	-0,22	
81,68	-0,21	
81,685	-0,21	
81,69	-0,21	
81,695	-0,2	
81,7	-0,2	
81,705	-0,2	
81,71	-0,19	
81,715	-0,18	
81,72	-0,18	
81,725	-0,18	
81,73	-0,17	
81,735	-0,17	
81,74	-0,16	
81,745	-0,15	
81,75	-0,15	
81,755	-0,14	
81,76	-0,14	
81,765	-0,13	
81,77	-0,12	
81,775	-0,12	
81,78	-0,11	
81,785	-0,11	
81,79	-0,1	
81,795	-0,09	
81,8	-0,09	
81,805	-0,08	
81,81	-0,07	
81,815	-0,07	
81,82	-0,06	
81,825	-0,05	
81,83	-0,05	
81,835	-0,04	
81,84	-0,03	
81,845	-0,03	
81,85	-0,03	
81,855	-0,02	
81,86	-0,02	
81,865	-0,01	
81,87	0	
81,875	0	
81,88	0,01	
81,885	0,02	
81,89	0,02	
81,895	0,03	
81,9	0,04	
81,905	0,04	
81,91	0,05	
81,915	0,06	
81,92	0,06	
81,925	0,07	
81,93	0,07	
81,935	0,07	
81,94	0,08	
81,945	0,09	
81,95	0,09	
81,955	0,1	
81,96	0,1	
81,965	0,11	
81,97	0,11	
81,975	0,11	
81,98	0,11	
81,985	0,12	
81,99	0,13	
81,995	0,13	
82,0	0,14	
82,005	0,14	
82,01	0,14	
82,015	0,14	
82,02	0,14	
82,025	0,14	
82,03	0,15	
82,035	0,16	
82,04	0,16	
82,045	0,16	
82,05	0,16	
82,055	0,16	
82,06	0,16	
82,065	0,16	
82,07	0,16	
82,075	0,16	
82,08	0,16	
82,085	0,16	
82,09	0,16	
82,095	0,16	
82,1	0,16	
82,105	0,16	
82,11	0,16	
82,115	0,17	
82,12	0,17	
82,125	0,17	
82,13	0,16	
82,135	0,16	
82,14	0,16	
82,145	0,16	
82,15	0,16	
82,155	0,16	
82,16	0,16	
82,165	0,16	
82,17	0,15	
82,175	0,15	
82,18	0,14	
82,185	0,14	
82,19	0,14	
82,195	0,14	
82,2	0,14	
82,205	0,13	
82,21	0,13	
82,215	0,13	
82,22	0,12	
82,225	0,12	
82,23	0,11	
82,235	0,11	
82,24	0,11	
82,245	0,11	
82,25	0,1	
82,255	0,1	
82,26	0,09	
82,265	0,08	
82,27	0,08	
82,275	0,08	
82,28	0,08	
82,285	0,08	
82,29	0,07	
82,295	0,07	
82,3	0,06	
82,305	0,06	
82,31	0,05	
82,315	0,05	
82,32	0,04	
82,325	0,04	
82,33	0,04	
82,335	0,03	
82,34	0,03	
82,345	0,02	
82,35	0,02	
82,355	0,01	
82,36	0,01	
82,365	0,01	
82,37	0,01	
82,375	0	
82,38	-0,01	
82,385	-0,01	
82,39	-0,02	
82,395	-0,02	
82,4	-0,03	
82,405	-0,03	
82,41	-0,03	
82,415	-0,04	
82,42	-0,04	
82,425	-0,05	
82,43	-0,05	
82,435	-0,06	
82,44	-0,06	
82,445	-0,06	
82,45	-0,06	
82,455	-0,06	
82,46	-0,07	
82,465	-0,07	
82,47	-0,07	
82,475	-0,08	
82,48	-0,08	
82,485	-0,08	
82,49	-0,08	
82,495	-0,09	
82,5	-0,09	
82,505	-0,09	
82,51	-0,1	
82,515	-0,1	
82,52	-0,1	
82,525	-0,1	
82,53	-0,1	
82,535	-0,1	
82,54	-0,1	
82,545	-0,1	
82,55	-0,11	
82,555	-0,11	
82,56	-0,11	
82,565	-0,11	
82,57	-0,11	
82,575	-0,1	
82,58	-0,1	
82,585	-0,11	
82,59	-0,11	
82,595	-0,11	
82,6	-0,11	
82,605	-0,11	
82,61	-0,11	
82,615	-0,1	
82,62	-0,1	
82,625	-0,1	
82,63	-0,11	
82,635	-0,1	
82,64	-0,1	
82,645	-0,1	
82,65	-0,1	
82,655	-0,09	
82,66	-0,09	
82,665	-0,09	
82,67	-0,09	
82,675	-0,09	
82,68	-0,09	
82,685	-0,08	
82,69	-0,08	
82,695	-0,08	
82,7	-0,07	
82,705	-0,07	
82,71	-0,07	
82,715	-0,06	
82,72	-0,06	
82,725	-0,06	
82,73	-0,06	
82,735	-0,05	
82,74	-0,05	
82,745	-0,04	
82,75	-0,04	
82,755	-0,03	
82,76	-0,03	
82,765	-0,03	
82,77	-0,03	
82,775	-0,02	
82,78	-0,02	
82,785	-0,01	
82,79	-0,01	
82,795	-0,01	
82,8	0	
82,805	0	
82,81	0,01	
82,815	0,02	
82,82	0,02	
82,825	0,02	
82,83	0,03	
82,835	0,03	
82,84	0,03	
82,845	0,04	
82,85	0,04	
82,855	0,05	
82,86	0,05	
82,865	0,06	
82,87	0,06	
82,875	0,06	
82,88	0,06	
82,885	0,07	
82,89	0,07	
82,895	0,07	
82,9	0,08	
82,905	0,08	
82,91	0,09	
82,915	0,09	
82,92	0,09	
82,925	0,1	
82,93	0,1	
82,935	0,1	
82,94	0,11	
82,945	0,11	
82,95	0,12	
82,955	0,12	
82,96	0,12	
82,965	0,12	
82,97	0,12	
82,975	0,12	
82,98	0,13	
82,985	0,13	
82,99	0,13	
82,995	0,13	
83,0	0,13	
83,005	0,13	
83,01	0,13	
83,015	0,14	
83,02	0,14	
83,025	0,14	
83,03	0,14	
83,035	0,14	
83,04	0,14	
83,045	0,14	
83,05	0,14	
83,055	0,14	
83,06	0,14	
83,065	0,14	
83,07	0,14	
83,075	0,14	
83,08	0,14	
83,085	0,13	
83,09	0,13	
83,095	0,13	
83,1	0,13	
83,105	0,13	
83,11	0,13	
83,115	0,13	
83,12	0,12	
83,125	0,12	
83,13	0,12	
83,135	0,11	
83,14	0,11	
83,145	0,11	
83,15	0,11	
83,155	0,11	
83,16	0,11	
83,165	0,1	
83,17	0,1	
83,175	0,09	
83,18	0,09	
83,185	0,08	
83,19	0,08	
83,195	0,08	
83,2	0,08	
83,205	0,08	
83,21	0,07	
83,215	0,07	
83,22	0,06	
83,225	0,05	
83,23	0,05	
83,235	0,04	
83,24	0,04	
83,245	0,03	
83,25	0,03	
83,255	0,02	
83,26	0,02	
83,265	0,01	
83,27	0,01	
83,275	0	
83,28	0	
83,285	-0,01	
83,29	-0,02	
83,295	-0,02	
83,3	-0,02	
83,305	-0,03	
83,31	-0,04	
83,315	-0,04	
83,32	-0,05	
83,325	-0,06	
83,33	-0,06	
83,335	-0,07	
83,34	-0,07	
83,345	-0,08	
83,35	-0,08	
83,355	-0,09	
83,36	-0,1	
83,365	-0,1	
83,37	-0,11	
83,375	-0,11	
83,38	-0,12	
83,385	-0,12	
83,39	-0,12	
83,395	-0,13	
83,4	-0,13	
83,405	-0,14	
83,41	-0,14	
83,415	-0,15	
83,42	-0,16	
83,425	-0,16	
83,43	-0,16	
83,435	-0,17	
83,44	-0,17	
83,445	-0,18	
83,45	-0,18	
83,455	-0,19	
83,46	-0,19	
83,465	-0,19	
83,47	-0,2	
83,475	-0,2	
83,48	-0,2	
83,485	-0,2	
83,49	-0,21	
83,495	-0,21	
83,5	-0,22	
83,505	-0,22	
83,51	-0,22	
83,515	-0,22	
83,52	-0,22	
83,525	-0,22	
83,53	-0,22	
83,535	-0,23	
83,54	-0,23	
83,545	-0,23	
83,55	-0,23	
83,555	-0,23	
83,56	-0,23	
83,565	-0,22	
83,57	-0,23	
83,575	-0,23	
83,58	-0,23	
83,585	-0,23	
83,59	-0,23	
83,595	-0,23	
83,6	-0,23	
83,605	-0,23	
83,61	-0,22	
83,615	-0,22	
83,62	-0,22	
83,625	-0,22	
83,63	-0,21	
83,635	-0,21	
83,64	-0,21	
83,645	-0,21	
83,65	-0,2	
83,655	-0,2	
83,66	-0,2	
83,665	-0,2	
83,67	-0,19	
83,675	-0,18	
83,68	-0,18	
83,685	-0,17	
83,69	-0,17	
83,695	-0,17	
83,7	-0,16	
83,705	-0,16	
83,71	-0,15	
83,715	-0,15	
83,72	-0,14	
83,725	-0,13	
83,73	-0,12	
83,735	-0,12	
83,74	-0,11	
83,745	-0,11	
83,75	-0,1	
83,755	-0,1	
83,76	-0,09	
83,765	-0,08	
83,77	-0,08	
83,775	-0,07	
83,78	-0,06	
83,785	-0,05	
83,79	-0,05	
83,795	-0,04	
83,8	-0,03	
83,805	-0,03	
83,81	-0,02	
83,815	-0,01	
83,82	0	
83,825	0,01	
83,83	0,01	
83,835	0,02	
83,84	0,03	
83,845	0,04	
83,85	0,04	
83,855	0,05	
83,86	0,07	
83,865	0,07	
83,87	0,08	
83,875	0,09	
83,88	0,09	
83,885	0,1	
83,89	0,1	
83,895	0,11	
83,9	0,13	
83,905	0,13	
83,91	0,14	
83,915	0,15	
83,92	0,15	
83,925	0,16	
83,93	0,16	
83,935	0,17	
83,94	0,18	
83,945	0,19	
83,95	0,2	
83,955	0,21	
83,96	0,21	
83,965	0,22	
83,97	0,23	
83,975	0,23	
83,98	0,24	
83,985	0,25	
83,99	0,26	
83,995	0,26	
84,0	0,26	
84,005	0,27	
84,01	0,27	
84,015	0,27	
84,02	0,28	
84,025	0,28	
84,03	0,29	
84,035	0,29	
84,04	0,3	
84,045	0,3	
84,05	0,3	
84,055	0,31	
84,06	0,31	
84,065	0,32	
84,07	0,32	
84,075	0,32	
84,08	0,32	
84,085	0,32	
84,09	0,32	
84,095	0,33	
84,1	0,33	
84,105	0,33	
84,11	0,33	
84,115	0,33	
84,12	0,33	
84,125	0,33	
84,13	0,33	
84,135	0,33	
84,14	0,32	
84,145	0,33	
84,15	0,33	
84,155	0,32	
84,16	0,32	
84,165	0,32	
84,17	0,32	
84,175	0,31	
84,18	0,31	
84,185	0,31	
84,19	0,31	
84,195	0,3	
84,2	0,3	
84,205	0,29	
84,21	0,29	
84,215	0,29	
84,22	0,28	
84,225	0,28	
84,23	0,27	
84,235	0,27	
84,24	0,26	
84,245	0,25	
84,25	0,25	
84,255	0,24	
84,26	0,24	
84,265	0,23	
84,27	0,22	
84,275	0,22	
84,28	0,21	
84,285	0,2	
84,29	0,19	
84,295	0,18	
84,3	0,17	
84,305	0,16	
84,31	0,16	
84,315	0,15	
84,32	0,14	
84,325	0,13	
84,33	0,13	
84,335	0,12	
84,34	0,11	
84,345	0,1	
84,35	0,09	
84,355	0,08	
84,36	0,07	
84,365	0,06	
84,37	0,05	
84,375	0,03	
84,38	0,03	
84,385	0,02	
84,39	0	
84,395	-0,01	
84,4	-0,02	
84,405	-0,03	
84,41	-0,04	
84,415	-0,04	
84,42	-0,05	
84,425	-0,06	
84,43	-0,07	
84,435	-0,08	
84,44	-0,09	
84,445	-0,11	
84,45	-0,12	
84,455	-0,13	
84,46	-0,14	
84,465	-0,15	
84,47	-0,16	
84,475	-0,17	
84,48	-0,17	
84,485	-0,18	
84,49	-0,19	
84,495	-0,2	
84,5	-0,21	
84,505	-0,22	
84,51	-0,23	
84,515	-0,24	
84,52	-0,25	
84,525	-0,26	
84,53	-0,27	
84,535	-0,28	
84,54	-0,29	
84,545	-0,29	
84,55	-0,3	
84,555	-0,31	
84,56	-0,31	
84,565	-0,32	
84,57	-0,33	
84,575	-0,33	
84,58	-0,34	
84,585	-0,35	
84,59	-0,36	
84,595	-0,36	
84,6	-0,37	
84,605	-0,37	
84,61	-0,38	
84,615	-0,38	
84,62	-0,39	
84,625	-0,39	
84,63	-0,39	
84,635	-0,4	
84,64	-0,4	
84,645	-0,4	
84,65	-0,41	
84,655	-0,41	
84,66	-0,41	
84,665	-0,41	
84,67	-0,41	
84,675	-0,42	
84,68	-0,42	
84,685	-0,42	
84,69	-0,42	
84,695	-0,43	
84,7	-0,42	
84,705	-0,42	
84,71	-0,42	
84,715	-0,42	
84,72	-0,41	
84,725	-0,41	
84,73	-0,41	
84,735	-0,41	
84,74	-0,4	
84,745	-0,4	
84,75	-0,4	
84,755	-0,4	
84,76	-0,39	
84,765	-0,39	
84,77	-0,38	
84,775	-0,38	
84,78	-0,37	
84,785	-0,37	
84,79	-0,36	
84,795	-0,36	
84,8	-0,35	
84,805	-0,34	
84,81	-0,33	
84,815	-0,33	
84,82	-0,32	
84,825	-0,31	
84,83	-0,3	
84,835	-0,3	
84,84	-0,29	
84,845	-0,28	
84,85	-0,27	
84,855	-0,26	
84,86	-0,25	
84,865	-0,24	
84,87	-0,23	
84,875	-0,22	
84,88	-0,21	
84,885	-0,2	
84,89	-0,19	
84,895	-0,19	
84,9	-0,17	
84,905	-0,16	
84,91	-0,15	
84,915	-0,14	
84,92	-0,13	
84,925	-0,12	
84,93	-0,11	
84,935	-0,1	
84,94	-0,08	
84,945	-0,07	
84,95	-0,06	
84,955	-0,05	
84,96	-0,04	
84,965	-0,02	
84,97	-0,01	
84,975	0	
84,98	0,01	
84,985	0,02	
84,99	0,03	
84,995	0,05	
85,0	0,06	
85,005	0,07	
85,01	0,09	
85,015	0,1	
85,02	0,11	
85,025	0,12	
85,03	0,13	
85,035	0,14	
85,04	0,16	
85,045	0,17	
85,05	0,18	
85,055	0,2	
85,06	0,21	
85,065	0,22	
85,07	0,23	
85,075	0,24	
85,08	0,25	
85,085	0,26	
85,09	0,27	
85,095	0,28	
85,1	0,29	
85,105	0,3	
85,11	0,31	
85,115	0,32	
85,12	0,33	
85,125	0,33	
85,13	0,35	
85,135	0,36	
85,14	0,37	
85,145	0,38	
85,15	0,38	
85,155	0,39	
85,16	0,39	
85,165	0,4	
85,17	0,41	
85,175	0,42	
85,18	0,43	
85,185	0,43	
85,19	0,43	
85,195	0,44	
85,2	0,44	
85,205	0,45	
85,21	0,45	
85,215	0,46	
85,22	0,47	
85,225	0,47	
85,23	0,47	
85,235	0,47	
85,24	0,47	
85,245	0,48	
85,25	0,48	
85,255	0,48	
85,26	0,48	
85,265	0,48	
85,27	0,48	
85,275	0,48	
85,28	0,48	
85,285	0,48	
85,29	0,48	
85,295	0,48	
85,3	0,47	
85,305	0,47	
85,31	0,47	
85,315	0,46	
85,32	0,46	
85,325	0,46	
85,33	0,45	
85,335	0,45	
85,34	0,45	
85,345	0,45	
85,35	0,44	
85,355	0,43	
85,36	0,43	
85,365	0,42	
85,37	0,42	
85,375	0,41	
85,38	0,41	
85,385	0,4	
85,39	0,39	
85,395	0,38	
85,4	0,37	
85,405	0,36	
85,41	0,35	
85,415	0,34	
85,42	0,34	
85,425	0,33	
85,43	0,32	
85,435	0,31	
85,44	0,3	
85,445	0,29	
85,45	0,27	
85,455	0,26	
85,46	0,25	
85,465	0,24	
85,47	0,23	
85,475	0,22	
85,48	0,21	
85,485	0,2	
85,49	0,19	
85,495	0,17	
85,5	0,16	
85,505	0,15	
85,51	0,13	
85,515	0,12	
85,52	0,11	
85,525	0,09	
85,53	0,08	
85,535	0,07	
85,54	0,05	
85,545	0,04	
85,55	0,03	
85,555	0,02	
85,56	0	
85,565	-0,01	
85,57	-0,03	
85,575	-0,04	
85,58	-0,05	
85,585	-0,07	
85,59	-0,08	
85,595	-0,09	
85,6	-0,1	
85,605	-0,12	
85,61	-0,13	
85,615	-0,15	
85,62	-0,16	
85,625	-0,17	
85,63	-0,18	
85,635	-0,2	
85,64	-0,21	
85,645	-0,23	
85,65	-0,24	
85,655	-0,25	
85,66	-0,26	
85,665	-0,26	
85,67	-0,27	
85,675	-0,29	
85,68	-0,3	
85,685	-0,32	
85,69	-0,33	
85,695	-0,34	
85,7	-0,35	
85,705	-0,36	
85,71	-0,36	
85,715	-0,37	
85,72	-0,38	
85,725	-0,4	
85,73	-0,4	
85,735	-0,41	
85,74	-0,42	
85,745	-0,42	
85,75	-0,43	
85,755	-0,44	
85,76	-0,44	
85,765	-0,45	
85,77	-0,46	
85,775	-0,47	
85,78	-0,47	
85,785	-0,48	
85,79	-0,48	
85,795	-0,49	
85,8	-0,49	
85,805	-0,5	
85,81	-0,5	
85,815	-0,5	
85,82	-0,51	
85,825	-0,5	
85,83	-0,51	
85,835	-0,51	
85,84	-0,51	
85,845	-0,51	
85,85	-0,52	
85,855	-0,52	
85,86	-0,52	
85,865	-0,51	
85,87	-0,51	
85,875	-0,51	
85,88	-0,51	
85,885	-0,51	
85,89	-0,51	
85,895	-0,5	
85,9	-0,5	
85,905	-0,49	
85,91	-0,49	
85,915	-0,48	
85,92	-0,48	
85,925	-0,48	
85,93	-0,48	
85,935	-0,47	
85,94	-0,47	
85,945	-0,46	
85,95	-0,45	
85,955	-0,44	
85,96	-0,43	
85,965	-0,42	
85,97	-0,42	
85,975	-0,41	
85,98	-0,4	
85,985	-0,39	
85,99	-0,39	
85,995	-0,37	
86,0	-0,36	
86,005	-0,35	
86,01	-0,34	
86,015	-0,33	
86,02	-0,33	
86,025	-0,31	
86,03	-0,3	
86,035	-0,29	
86,04	-0,28	
86,045	-0,27	
86,05	-0,26	
86,055	-0,25	
86,06	-0,24	
86,065	-0,23	
86,07	-0,21	
86,075	-0,2	
86,08	-0,18	
86,085	-0,17	
86,09	-0,15	
86,095	-0,14	
86,1	-0,13	
86,105	-0,12	
86,11	-0,1	
86,115	-0,09	
86,12	-0,08	
86,125	-0,07	
86,13	-0,05	
86,135	-0,03	
86,14	-0,02	
86,145	-0,01	
86,15	0,01	
86,155	0,02	
86,16	0,03	
86,165	0,05	
86,17	0,06	
86,175	0,08	
86,18	0,09	
86,185	0,11	
86,19	0,12	
86,195	0,13	
86,2	0,15	
86,205	0,16	
86,21	0,17	
86,215	0,17	
86,22	0,19	
86,225	0,21	
86,23	0,22	
86,235	0,23	
86,24	0,24	
86,245	0,26	
86,25	0,27	
86,255	0,28	
86,26	0,29	
86,265	0,3	
86,27	0,32	
86,275	0,33	
86,28	0,34	
86,285	0,35	
86,29	0,36	
86,295	0,36	
86,3	0,37	
86,305	0,38	
86,31	0,39	
86,315	0,4	
86,32	0,41	
86,325	0,41	
86,33	0,42	
86,335	0,43	
86,34	0,44	
86,345	0,44	
86,35	0,45	
86,355	0,46	
86,36	0,47	
86,365	0,47	
86,37	0,48	
86,375	0,48	
86,38	0,48	
86,385	0,49	
86,39	0,49	
86,395	0,5	
86,4	0,5	
86,405	0,51	
86,41	0,51	
86,415	0,51	
86,42	0,51	
86,425	0,51	
86,43	0,51	
86,435	0,51	
86,44	0,51	
86,445	0,51	
86,45	0,51	
86,455	0,51	
86,46	0,5	
86,465	0,5	
86,47	0,5	
86,475	0,5	
86,48	0,5	
86,485	0,5	
86,49	0,5	
86,495	0,49	
86,5	0,48	
86,505	0,48	
86,51	0,47	
86,515	0,47	
86,52	0,46	
86,525	0,46	
86,53	0,45	
86,535	0,44	
86,54	0,43	
86,545	0,43	
86,55	0,42	
86,555	0,42	
86,56	0,41	
86,565	0,4	
86,57	0,39	
86,575	0,39	
86,58	0,38	
86,585	0,36	
86,59	0,35	
86,595	0,34	
86,6	0,33	
86,605	0,32	
86,61	0,31	
86,615	0,3	
86,62	0,29	
86,625	0,28	
86,63	0,26	
86,635	0,25	
86,64	0,24	
86,645	0,24	
86,65	0,22	
86,655	0,21	
86,66	0,2	
86,665	0,19	
86,67	0,17	
86,675	0,15	
86,68	0,14	
86,685	0,13	
86,69	0,12	
86,695	0,11	
86,7	0,1	
86,705	0,08	
86,71	0,07	
86,715	0,05	
86,72	0,03	
86,725	0,03	
86,73	0,01	
86,735	0	
86,74	-0,01	
86,745	-0,02	
86,75	-0,04	
86,755	-0,05	
86,76	-0,06	
86,765	-0,05	
86,77	-0,09	
86,775	-0,1	
86,78	-0,12	
86,785	-0,13	
86,79	-0,14	
86,795	-0,16	
86,8	-0,17	
86,805	-0,18	
86,81	-0,19	
86,815	-0,21	
86,82	-0,22	
86,825	-0,23	
86,83	-0,24	
86,835	-0,25	
86,84	-0,26	
86,845	-0,27	
86,85	-0,28	
86,855	-0,29	
86,86	-0,31	
86,865	-0,32	
86,87	-0,33	
86,875	-0,33	
86,88	-0,34	
86,885	-0,35	
86,89	-0,35	
86,895	-0,36	
86,9	-0,37	
86,905	-0,38	
86,91	-0,39	
86,915	-0,4	
86,92	-0,41	
86,925	-0,41	
86,93	-0,42	
86,935	-0,42	
86,94	-0,43	
86,945	-0,43	
86,95	-0,44	
86,955	-0,45	
86,96	-0,45	
86,965	-0,45	
86,97	-0,46	
86,975	-0,46	
86,98	-0,46	
86,985	-0,46	
86,99	-0,47	
86,995	-0,47	
87,0	-0,47	
87,005	-0,47	
87,01	-0,47	
87,015	-0,48	
87,02	-0,48	
87,025	-0,48	
87,03	-0,48	
87,035	-0,48	
87,04	-0,47	
87,045	-0,47	
87,05	-0,47	
87,055	-0,47	
87,06	-0,46	
87,065	-0,46	
87,07	-0,46	
87,075	-0,45	
87,08	-0,45	
87,085	-0,44	
87,09	-0,44	
87,095	-0,44	
87,1	-0,43	
87,105	-0,43	
87,11	-0,42	
87,115	-0,42	
87,12	-0,41	
87,125	-0,41	
87,13	-0,4	
87,135	-0,39	
87,14	-0,39	
87,145	-0,38	
87,15	-0,37	
87,155	-0,36	
87,16	-0,36	
87,165	-0,35	
87,17	-0,34	
87,175	-0,32	
87,18	-0,31	
87,185	-0,3	
87,19	-0,29	
87,195	-0,29	
87,2	-0,28	
87,205	-0,27	
87,21	-0,26	
87,215	-0,25	
87,22	-0,23	
87,225	-0,22	
87,23	-0,21	
87,235	-0,2	
87,24	-0,19	
87,245	-0,18	
87,25	-0,17	
87,255	-0,16	
87,26	-0,15	
87,265	-0,14	
87,27	-0,12	
87,275	-0,11	
87,28	-0,1	
87,285	-0,08	
87,29	-0,07	
87,295	-0,06	
87,3	-0,05	
87,305	-0,04	
87,31	-0,03	
87,315	-0,01	
87,32	0	
87,325	0,01	
87,33	0,02	
87,335	0,03	
87,34	0,04	
87,345	0,05	
87,35	0,06	
87,355	0,08	
87,36	0,09	
87,365	0,11	
87,37	0,12	
87,375	0,13	
87,38	0,14	
87,385	0,15	
87,39	0,15	
87,395	0,17	
87,4	0,18	
87,405	0,19	
87,41	0,2	
87,415	0,21	
87,42	0,22	
87,425	0,23	
87,43	0,24	
87,435	0,25	
87,44	0,26	
87,445	0,27	
87,45	0,28	
87,455	0,29	
87,46	0,3	
87,465	0,3	
87,47	0,31	
87,475	0,31	
87,48	0,32	
87,485	0,33	
87,49	0,33	
87,495	0,34	
87,5	0,35	
87,505	0,35	
87,51	0,36	
87,515	0,37	
87,52	0,37	
87,525	0,38	
87,53	0,38	
87,535	0,38	
87,54	0,39	
87,545	0,39	
87,55	0,39	
87,555	0,4	
87,56	0,4	
87,565	0,4	
87,57	0,4	
87,575	0,4	
87,58	0,41	
87,585	0,41	
87,59	0,41	
87,595	0,41	
87,6	0,41	
87,605	0,41	
87,61	0,41	
87,615	0,41	
87,62	0,41	
87,625	0,41	
87,63	0,41	
87,635	0,4	
87,64	0,4	
87,645	0,39	
87,65	0,39	
87,655	0,39	
87,66	0,39	
87,665	0,39	
87,67	0,38	
87,675	0,37	
87,68	0,37	
87,685	0,36	
87,69	0,36	
87,695	0,36	
87,7	0,35	
87,705	0,35	
87,71	0,34	
87,715	0,33	
87,72	0,33	
87,725	0,32	
87,73	0,31	
87,735	0,31	
87,74	0,3	
87,745	0,3	
87,75	0,29	
87,755	0,28	
87,76	0,28	
87,765	0,27	
87,77	0,25	
87,775	0,25	
87,78	0,24	
87,785	0,23	
87,79	0,23	
87,795	0,21	
87,8	0,2	
87,805	0,19	
87,81	0,18	
87,815	0,17	
87,82	0,16	
87,825	0,15	
87,83	0,15	
87,835	0,14	
87,84	0,13	
87,845	0,12	
87,85	0,11	
87,855	0,1	
87,86	0,08	
87,865	0,07	
87,87	0,06	
87,875	0,05	
87,88	0,04	
87,885	0,03	
87,89	0,02	
87,895	0,01	
87,9	0	
87,905	-0,01	
87,91	-0,02	
87,915	-0,03	
87,92	-0,04	
87,925	-0,05	
87,93	-0,05	
87,935	-0,06	
87,94	-0,07	
87,945	-0,08	
87,95	-0,1	
87,955	-0,11	
87,96	-0,11	
87,965	-0,12	
87,97	-0,13	
87,975	-0,13	
87,98	-0,14	
87,985	-0,15	
87,99	-0,16	
87,995	-0,17	
88,0	-0,18	
88,005	-0,19	
88,01	-0,2	
88,015	-0,2	
88,02	-0,21	
88,025	-0,22	
88,03	-0,22	
88,035	-0,23	
88,04	-0,24	
88,045	-0,24	
88,05	-0,25	
88,055	-0,26	
88,06	-0,26	
88,065	-0,26	
88,07	-0,27	
88,075	-0,27	
88,08	-0,28	
88,085	-0,28	
88,09	-0,29	
88,095	-0,29	
88,1	-0,29	
88,105	-0,3	
88,11	-0,3	
88,115	-0,3	
88,12	-0,31	
88,125	-0,31	
88,13	-0,31	
88,135	-0,31	
88,14	-0,32	
88,145	-0,32	
88,15	-0,31	
88,155	-0,32	
88,16	-0,32	
88,165	-0,32	
88,17	-0,32	
88,175	-0,32	
88,18	-0,32	
88,185	-0,32	
88,19	-0,32	
88,195	-0,32	
88,2	-0,32	
88,205	-0,31	
88,21	-0,31	
88,215	-0,31	
88,22	-0,31	
88,225	-0,3	
88,23	-0,3	
88,235	-0,3	
88,24	-0,3	
88,245	-0,29	
88,25	-0,29	
88,255	-0,29	
88,26	-0,28	
88,265	-0,28	
88,27	-0,28	
88,275	-0,27	
88,28	-0,27	
88,285	-0,26	
88,29	-0,25	
88,295	-0,25	
88,3	-0,24	
88,305	-0,24	
88,31	-0,24	
88,315	-0,23	
88,32	-0,22	
88,325	-0,22	
88,33	-0,21	
88,335	-0,2	
88,34	-0,2	
88,345	-0,19	
88,35	-0,19	
88,355	-0,18	
88,36	-0,17	
88,365	-0,16	
88,37	-0,15	
88,375	-0,14	
88,38	-0,14	
88,385	-0,13	
88,39	-0,13	
88,395	-0,12	
88,4	-0,11	
88,405	-0,1	
88,41	-0,09	
88,415	-0,09	
88,42	-0,08	
88,425	-0,07	
88,43	-0,06	
88,435	-0,06	
88,44	-0,05	
88,445	-0,05	
88,45	-0,03	
88,455	-0,03	
88,46	-0,02	
88,465	-0,01	
88,47	0	
88,475	0	
88,48	0,01	
88,485	0,02	
88,49	0,02	
88,495	0,03	
88,5	0,04	
88,505	0,05	
88,51	0,05	
88,515	0,06	
88,52	0,07	
88,525	0,07	
88,53	0,08	
88,535	0,09	
88,54	0,09	
88,545	0,1	
88,55	0,11	
88,555	0,11	
88,56	0,12	
88,565	0,12	
88,57	0,13	
88,575	0,13	
88,58	0,14	
88,585	0,15	
88,59	0,16	
88,595	0,16	
88,6	0,16	
88,605	0,16	
88,61	0,17	
88,615	0,17	
88,62	0,18	
88,625	0,18	
88,63	0,19	
88,635	0,19	
88,64	0,19	
88,645	0,2	
88,65	0,2	
88,655	0,2	
88,66	0,2	
88,665	0,21	
88,67	0,21	
88,675	0,21	
88,68	0,21	
88,685	0,21	
88,69	0,22	
88,695	0,22	
88,7	0,22	
88,705	0,22	
88,71	0,21	
88,715	0,21	
88,72	0,22	
88,725	0,22	
88,73	0,22	
88,735	0,22	
88,74	0,22	
88,745	0,22	
88,75	0,22	
88,755	0,22	
88,76	0,22	
88,765	0,21	
88,77	0,21	
88,775	0,21	
88,78	0,21	
88,785	0,21	
88,79	0,21	
88,795	0,2	
88,8	0,2	
88,805	0,2	
88,81	0,2	
88,815	0,19	
88,82	0,18	
88,825	0,18	
88,83	0,18	
88,835	0,18	
88,84	0,18	
88,845	0,17	
88,85	0,17	
88,855	0,17	
88,86	0,16	
88,865	0,15	
88,87	0,15	
88,875	0,15	
88,88	0,14	
88,885	0,14	
88,89	0,13	
88,895	0,13	
88,9	0,12	
88,905	0,11	
88,91	0,11	
88,915	0,1	
88,92	0,1	
88,925	0,09	
88,93	0,09	
88,935	0,08	
88,94	0,08	
88,945	0,08	
88,95	0,07	
88,955	0,06	
88,96	0,06	
88,965	0,06	
88,97	0,05	
88,975	0,05	
88,98	0,04	
88,985	0,03	
88,99	0,03	
88,995	0,02	
89,0	0,01	
89,005	0,01	
89,01	0	
89,015	0	
89,02	-0,01	
89,025	-0,01	
89,03	-0,02	
89,035	-0,02	
89,04	-0,03	
89,045	-0,03	
89,05	-0,03	
89,055	-0,04	
89,06	-0,04	
89,065	-0,05	
89,07	-0,05	
89,075	-0,06	
89,08	-0,06	
89,085	-0,06	
89,09	-0,07	
89,095	-0,07	
89,1	-0,08	
89,105	-0,08	
89,11	-0,08	
89,115	-0,09	
89,12	-0,09	
89,125	-0,09	
89,13	-0,1	
89,135	-0,11	
89,14	-0,11	
89,145	-0,11	
89,15	-0,11	
89,155	-0,11	
89,16	-0,11	
89,165	-0,12	
89,17	-0,12	
89,175	-0,12	
89,18	-0,12	
89,185	-0,13	
89,19	-0,13	
89,195	-0,13	
89,2	-0,13	
89,205	-0,13	
89,21	-0,13	
89,215	-0,13	
89,22	-0,13	
89,225	-0,14	
89,23	-0,14	
89,235	-0,14	
89,24	-0,14	
89,245	-0,14	
89,25	-0,13	
89,255	-0,13	
89,26	-0,13	
89,265	-0,13	
89,27	-0,13	
89,275	-0,13	
89,28	-0,13	
89,285	-0,13	
89,29	-0,13	
89,295	-0,13	
89,3	-0,12	
89,305	-0,12	
89,31	-0,12	
89,315	-0,11	
89,32	-0,11	
89,325	-0,11	
89,33	-0,11	
89,335	-0,11	
89,34	-0,1	
89,345	-0,1	
89,35	-0,1	
89,355	-0,1	
89,36	-0,09	
89,365	-0,09	
89,37	-0,08	
89,375	-0,08	
89,38	-0,08	
89,385	-0,08	
89,39	-0,07	
89,395	-0,07	
89,4	-0,07	
89,405	-0,06	
89,41	-0,05	
89,415	-0,05	
89,42	-0,05	
89,425	-0,05	
89,43	-0,05	
89,435	-0,04	
89,44	-0,04	
89,445	-0,04	
89,45	-0,03	
89,455	-0,03	
89,46	-0,02	
89,465	-0,02	
89,47	-0,01	
89,475	-0,01	
89,48	-0,01	
89,485	-0,01	
89,49	0	
89,495	0,01	
89,5	0,01	
89,505	0,01	
89,51	0,02	
89,515	0,02	
89,52	0,02	
89,525	0,03	
89,53	0,03	
89,535	0,04	
89,54	0,04	
89,545	0,04	
89,55	0,04	
89,555	0,05	
89,56	0,05	
89,565	0,06	
89,57	0,06	
89,575	0,06	
89,58	0,07	
89,585	0,07	
89,59	0,08	
89,595	0,08	
89,6	0,08	
89,605	0,08	
89,61	0,08	
89,615	0,08	
89,62	0,08	
89,625	0,09	
89,63	0,09	
89,635	0,09	
89,64	0,09	
89,645	0,1	
89,65	0,1	
89,655	0,1	
89,66	0,1	
89,665	0,1	
89,67	0,1	
89,675	0,1	
89,68	0,1	
89,685	0,1	
89,69	0,1	
89,695	0,1	
89,7	0,1	
89,705	0,11	
89,71	0,11	
89,715	0,11	
89,72	0,11	
89,725	0,11	
89,73	0,11	
89,735	0,11	
89,74	0,1	
89,745	0,1	
89,75	0,1	
89,755	0,1	
89,76	0,1	
89,765	0,09	
89,77	0,09	
89,775	0,09	
89,78	0,09	
89,785	0,09	
89,79	0,09	
89,795	0,09	
89,8	0,09	
89,805	0,08	
89,81	0,08	
89,815	0,08	
89,82	0,07	
89,825	0,07	
89,83	0,07	
89,835	0,06	
89,84	0,06	
89,845	0,06	
89,85	0,06	
89,855	0,05	
89,86	0,05	
89,865	0,04	
89,87	0,04	
89,875	0,03	
89,88	0,03	
89,885	0,03	
89,89	0,02	
89,895	0,02	
89,9	0,02	
89,905	0,01	
89,91	0,01	
89,915	0	
89,92	0	
89,925	-0,01	
89,93	-0,01	
89,935	-0,01	
89,94	-0,02	
89,945	-0,02	
89,95	-0,03	
89,955	-0,03	
89,96	-0,04	
89,965	-0,05	
89,97	-0,05	
89,975	-0,05	
89,98	-0,05	
89,985	-0,05	
89,99	-0,06	
89,995	-0,06	
90,0	-0,07	
90,005	-0,08	
90,01	-0,08	
90,015	-0,08	
90,02	-0,08	
90,025	-0,09	
90,03	-0,09	
90,035	-0,09	
90,04	-0,1	
90,045	-0,11	
90,05	-0,11	
90,055	-0,11	
90,06	-0,12	
90,065	-0,12	
90,07	-0,12	
90,075	-0,12	
90,08	-0,13	
90,085	-0,13	
90,09	-0,13	
90,095	-0,14	
90,1	-0,14	
90,105	-0,14	
90,11	-0,14	
90,115	-0,14	
90,12	-0,15	
90,125	-0,15	
90,13	-0,15	
90,135	-0,15	
90,14	-0,15	
90,145	-0,15	
90,15	-0,15	
90,155	-0,16	
90,16	-0,16	
90,165	-0,16	
90,17	-0,16	
90,175	-0,16	
90,18	-0,16	
90,185	-0,16	
90,19	-0,16	
90,195	-0,16	
90,2	-0,16	
90,205	-0,16	
90,21	-0,16	
90,215	-0,16	
90,22	-0,16	
90,225	-0,16	
90,23	-0,15	
90,235	-0,15	
90,24	-0,15	
90,245	-0,15	
90,25	-0,15	
90,255	-0,15	
90,26	-0,15	
90,265	-0,14	
90,27	-0,14	
90,275	-0,13	
90,28	-0,13	
90,285	-0,13	
90,29	-0,13	
90,295	-0,13	
90,3	-0,12	
90,305	-0,12	
90,31	-0,11	
90,315	-0,11	
90,32	-0,1	
90,325	-0,1	
90,33	-0,1	
90,335	-0,09	
90,34	-0,09	
90,345	-0,08	
90,35	-0,08	
90,355	-0,07	
90,36	-0,07	
90,365	-0,06	
90,37	-0,06	
90,375	-0,05	
90,38	-0,05	
90,385	-0,04	
90,39	-0,04	
90,395	-0,03	
90,4	-0,03	
90,405	-0,02	
90,41	-0,02	
90,415	-0,01	
90,42	-0,01	
90,425	0	
90,43	0,01	
90,435	0,01	
90,44	0,02	
90,445	0,02	
90,45	0,03	
90,455	0,03	
90,46	0,04	
90,465	0,05	
90,47	0,06	
90,475	0,06	
90,48	0,07	
90,485	0,07	
90,49	0,08	
90,495	0,08	
90,5	0,09	
90,505	0,1	
90,51	0,11	
90,515	0,11	
90,52	0,12	
90,525	0,12	
90,53	0,13	
90,535	0,13	
90,54	0,14	
90,545	0,14	
90,55	0,15	
90,555	0,16	
90,56	0,16	
90,565	0,16	
90,57	0,17	
90,575	0,17	
90,58	0,18	
90,585	0,18	
90,59	0,19	
90,595	0,19	
90,6	0,2	
90,605	0,2	
90,61	0,2	
90,615	0,21	
90,62	0,21	
90,625	0,22	
90,63	0,22	
90,635	0,23	
90,64	0,24	
90,645	0,24	
90,65	0,24	
90,655	0,24	
90,66	0,24	
90,665	0,24	
90,67	0,24	
90,675	0,25	
90,68	0,25	
90,685	0,25	
90,69	0,25	
90,695	0,25	
90,7	0,25	
90,705	0,25	
90,71	0,25	
90,715	0,25	
90,72	0,25	
90,725	0,26	
90,73	0,25	
90,735	0,25	
90,74	0,25	
90,745	0,25	
90,75	0,25	
90,755	0,25	
90,76	0,25	
90,765	0,25	
90,77	0,24	
90,775	0,24	
90,78	0,24	
90,785	0,24	
90,79	0,23	
90,795	0,23	
90,8	0,23	
90,805	0,23	
90,81	0,23	
90,815	0,22	
90,82	0,22	
90,825	0,21	
90,83	0,2	
90,835	0,2	
90,84	0,19	
90,845	0,19	
90,85	0,19	
90,855	0,18	
90,86	0,18	
90,865	0,16	
90,87	0,16	
90,875	0,15	
90,88	0,15	
90,885	0,14	
90,89	0,14	
90,895	0,13	
90,9	0,13	
90,905	0,12	
90,91	0,11	
90,915	0,1	
90,92	0,1	
90,925	0,09	
90,93	0,08	
90,935	0,07	
90,94	0,06	
90,945	0,06	
90,95	0,05	
90,955	0,04	
90,96	0,04	
90,965	0,03	
90,97	0,02	
90,975	0,01	
90,98	0,01	
90,985	0	
90,99	-0,01	
90,995	-0,02	
91,0	-0,03	
91,005	-0,04	
91,01	-0,05	
91,015	-0,05	
91,02	-0,07	
91,025	-0,07	
91,03	-0,08	
91,035	-0,09	
91,04	-0,1	
91,045	-0,11	
91,05	-0,12	
91,055	-0,13	
91,06	-0,13	
91,065	-0,14	
91,07	-0,15	
91,075	-0,16	
91,08	-0,17	
91,085	-0,17	
91,09	-0,18	
91,095	-0,19	
91,1	-0,2	
91,105	-0,2	
91,11	-0,21	
91,115	-0,22	
91,12	-0,23	
91,125	-0,23	
91,13	-0,24	
91,135	-0,25	
91,14	-0,25	
91,145	-0,26	
91,15	-0,27	
91,155	-0,27	
91,16	-0,28	
91,165	-0,28	
91,17	-0,29	
91,175	-0,29	
91,18	-0,3	
91,185	-0,31	
91,19	-0,31	
91,195	-0,31	
91,2	-0,32	
91,205	-0,32	
91,21	-0,32	
91,215	-0,32	
91,22	-0,33	
91,225	-0,33	
91,23	-0,33	
91,235	-0,34	
91,24	-0,34	
91,245	-0,34	
91,25	-0,34	
91,255	-0,35	
91,26	-0,35	
91,265	-0,35	
91,27	-0,35	
91,275	-0,35	
91,28	-0,35	
91,285	-0,35	
91,29	-0,35	
91,295	-0,35	
91,3	-0,35	
91,305	-0,35	
91,31	-0,35	
91,315	-0,35	
91,32	-0,34	
91,325	-0,34	
91,33	-0,33	
91,335	-0,33	
91,34	-0,33	
91,345	-0,32	
91,35	-0,32	
91,355	-0,32	
91,36	-0,32	
91,365	-0,32	
91,37	-0,31	
91,375	-0,31	
91,38	-0,3	
91,385	-0,29	
91,39	-0,29	
91,395	-0,28	
91,4	-0,28	
91,405	-0,27	
91,41	-0,26	
91,415	-0,26	
91,42	-0,25	
91,425	-0,25	
91,43	-0,24	
91,435	-0,23	
91,44	-0,22	
91,445	-0,21	
91,45	-0,21	
91,455	-0,19	
91,46	-0,19	
91,465	-0,18	
91,47	-0,17	
91,475	-0,16	
91,48	-0,15	
91,485	-0,15	
91,49	-0,14	
91,495	-0,13	
91,5	-0,12	
91,505	-0,11	
91,51	-0,09	
91,515	-0,08	
91,52	-0,08	
91,525	-0,07	
91,53	-0,06	
91,535	-0,05	
91,54	-0,04	
91,545	-0,02	
91,55	-0,02	
91,555	-0,01	
91,56	0	
91,565	0,01	
91,57	0,02	
91,575	0,04	
91,58	0,04	
91,585	0,06	
91,59	0,07	
91,595	0,08	
91,6	0,09	
91,605	0,1	
91,61	0,11	
91,615	0,12	
91,62	0,13	
91,625	0,14	
91,63	0,15	
91,635	0,17	
91,64	0,18	
91,645	0,19	
91,65	0,19	
91,655	0,2	
91,66	0,21	
91,665	0,22	
