t, ñ	wz	
0,0	0	
0,005	0	
0,01	0	
0,015	0	
0,02	0	
0,025	0	
0,03	0	
0,035	0	
0,04	0	
0,045	0	
0,05	0	
0,055	0,01	
0,06	0,01	
0,065	0	
0,07	0	
0,075	-0,01	
0,08	-0,01	
0,085	-0,01	
0,09	-0,01	
0,095	-0,01	
0,1	0	
0,105	0	
0,11	0	
0,115	0,01	
0,12	0,01	
0,125	0,01	
0,13	0,01	
0,135	0	
0,14	0	
0,145	0	
0,15	0	
0,155	0	
0,16	0	
0,165	-0,01	
0,17	0	
0,175	0	
0,18	0	
0,185	0	
0,19	0	
0,195	0	
0,2	0	
0,205	0	
0,21	0	
0,215	0	
0,22	0	
0,225	0	
0,23	0	
0,235	0	
0,24	0	
0,245	0	
0,25	0	
0,255	0	
0,26	0	
0,265	0	
0,27	0	
0,275	0,01	
0,28	0,01	
0,285	0	
0,29	0	
0,295	0	
0,3	0	
0,305	0	
0,31	0	
0,315	0	
0,32	0	
0,325	0	
0,33	0	
0,335	0,01	
0,34	0,01	
0,345	0,01	
0,35	0	
0,355	0	
0,36	0	
0,365	0	
0,37	0	
0,375	0	
0,38	0	
0,385	0	
0,39	0	
0,395	0	
0,4	0	
0,405	0	
0,41	0	
0,415	0	
0,42	0	
0,425	0	
0,43	0	
0,435	0	
0,44	0	
0,445	0,01	
0,45	0	
0,455	0	
0,46	0	
0,465	0	
0,47	0	
0,475	0	
0,48	0	
0,485	0	
0,49	0	
0,495	0	
0,5	0,01	
0,505	0	
0,51	0	
0,515	0	
0,52	-0,01	
0,525	0	
0,53	0	
0,535	0	
0,54	0	
0,545	0	
0,55	0	
0,555	0	
0,56	0	
0,565	0	
0,57	0	
0,575	0	
0,58	0	
0,585	0	
0,59	0	
0,595	0	
0,6	0	
0,605	0	
0,61	0	
0,615	-0,01	
0,62	-0,01	
0,625	-0,01	
0,63	0	
0,635	0	
0,64	0	
0,645	0	
0,65	0,01	
0,655	0,01	
0,66	0,01	
0,665	0,01	
0,67	0,01	
0,675	0	
0,68	0	
0,685	0	
0,69	0	
0,695	0	
0,7	0	
0,705	0	
0,71	0	
0,715	0	
0,72	0	
0,725	0	
0,73	-0,01	
0,735	0	
0,74	0	
0,745	0	
0,75	0	
0,755	0	
0,76	0,01	
0,765	0,01	
0,77	0	
0,775	0,01	
0,78	0	
0,785	0	
0,79	0,01	
0,795	0	
0,8	0	
0,805	0	
0,81	0	
0,815	0	
0,82	0	
0,825	-0,01	
0,83	-0,01	
0,835	-0,01	
0,84	-0,01	
0,845	-0,01	
0,85	-0,01	
0,855	-0,04	
0,86	-0,05	
0,865	-0,07	
0,87	-0,04	
0,875	0,03	
0,88	0,09	
0,885	0,18	
0,89	0,23	
0,895	0,25	
0,9	0,23	
0,905	0,2	
0,91	0,15	
0,915	0,14	
0,92	0,16	
0,925	0,22	
0,93	0,29	
0,935	0,36	
0,94	0,4	
0,945	0,41	
0,95	0,4	
0,955	0,36	
0,96	0,31	
0,965	0,3	
0,97	0,33	
0,975	0,38	
0,98	0,44	
0,985	0,5	
0,99	0,54	
0,995	0,55	
1,0	0,53	
1,005	0,49	
1,01	0,46	
1,015	0,46	
1,02	0,48	
1,025	0,54	
1,03	0,6	
1,035	0,65	
1,04	0,68	
1,045	0,69	
1,05	0,68	
1,055	0,59	
1,06	0,56	
1,065	0,55	
1,07	0,58	
1,075	0,63	
1,08	0,69	
1,085	0,74	
1,09	0,77	
1,095	0,76	
1,1	0,7	
1,105	0,66	
1,11	0,63	
1,115	0,62	
1,12	0,65	
1,125	0,71	
1,13	0,77	
1,135	0,81	
1,14	0,83	
1,145	0,79	
1,15	0,74	
1,155	0,68	
1,16	0,64	
1,165	0,64	
1,17	0,68	
1,175	0,74	
1,18	0,8	
1,185	0,84	
1,19	0,82	
1,195	0,77	
1,2	0,71	
1,205	0,65	
1,21	0,62	
1,215	0,63	
1,22	0,68	
1,225	0,74	
1,23	0,8	
1,235	0,82	
1,24	0,79	
1,245	0,73	
1,25	0,65	
1,255	0,59	
1,26	0,56	
1,265	0,58	
1,27	0,62	
1,275	0,69	
1,28	0,75	
1,285	0,74	
1,29	0,69	
1,295	0,62	
1,3	0,54	
1,305	0,48	
1,31	0,45	
1,315	0,48	
1,32	0,54	
1,325	0,62	
1,33	0,65	
1,335	0,64	
1,34	0,59	
1,345	0,5	
1,35	0,41	
1,355	0,35	
1,36	0,33	
1,365	0,36	
1,37	0,45	
1,375	0,51	
1,38	0,52	
1,385	0,5	
1,39	0,42	
1,395	0,33	
1,4	0,25	
1,405	0,2	
1,41	0,18	
1,415	0,24	
1,42	0,3	
1,425	0,34	
1,43	0,35	
1,435	0,31	
1,44	0,24	
1,445	0,16	
1,45	0,08	
1,455	0,02	
1,46	0,03	
1,465	0,07	
1,47	0,12	
1,475	0,16	
1,48	0,16	
1,485	0,12	
1,49	0,04	
1,495	-0,04	
1,5	-0,11	
1,505	-0,15	
1,51	-0,13	
1,515	-0,1	
1,52	-0,05	
1,525	-0,03	
1,53	-0,04	
1,535	-0,08	
1,54	-0,15	
1,545	-0,22	
1,55	-0,28	
1,555	-0,32	
1,56	-0,31	
1,565	-0,27	
1,57	-0,24	
1,575	-0,22	
1,58	-0,23	
1,585	-0,28	
1,59	-0,34	
1,595	-0,41	
1,6	-0,48	
1,605	-0,49	
1,61	-0,47	
1,615	-0,43	
1,62	-0,4	
1,625	-0,39	
1,63	-0,41	
1,635	-0,45	
1,64	-0,51	
1,645	-0,6	
1,65	-0,63	
1,655	-0,63	
1,66	-0,61	
1,665	-0,57	
1,67	-0,54	
1,675	-0,53	
1,68	-0,55	
1,685	-0,6	
1,69	-0,69	
1,695	-0,73	
1,7	-0,76	
1,705	-0,76	
1,71	-0,74	
1,715	-0,7	
1,72	-0,67	
1,725	-0,66	
1,73	-0,67	
1,735	-0,74	
1,74	-0,8	
1,745	-0,84	
1,75	-0,86	
1,755	-0,85	
1,76	-0,81	
1,765	-0,77	
1,77	-0,74	
1,775	-0,73	
1,78	-0,77	
1,785	-0,82	
1,79	-0,87	
1,795	-0,91	
1,8	-0,92	
1,805	-0,9	
1,81	-0,86	
1,815	-0,81	
1,82	-0,78	
1,825	-0,77	
1,83	-0,8	
1,835	-0,85	
1,84	-0,9	
1,845	-0,93	
1,85	-0,93	
1,855	-0,9	
1,86	-0,85	
1,865	-0,8	
1,87	-0,75	
1,875	-0,76	
1,88	-0,8	
1,885	-0,84	
1,89	-0,89	
1,895	-0,91	
1,9	-0,91	
1,905	-0,87	
1,91	-0,81	
1,915	-0,74	
1,92	-0,72	
1,925	-0,72	
1,93	-0,75	
1,935	-0,79	
1,94	-0,83	
1,945	-0,84	
1,95	-0,82	
1,955	-0,78	
1,96	-0,69	
1,965	-0,64	
1,97	-0,62	
1,975	-0,63	
1,98	-0,67	
1,985	-0,71	
1,99	-0,74	
1,995	-0,74	
2,0	-0,71	
2,005	-0,66	
2,01	-0,56	
2,015	-0,52	
2,02	-0,51	
2,025	-0,52	
2,03	-0,56	
2,035	-0,59	
2,04	-0,6	
2,045	-0,59	
2,05	-0,56	
2,055	-0,46	
2,06	-0,41	
2,065	-0,37	
2,07	-0,37	
2,075	-0,39	
2,08	-0,42	
2,085	-0,44	
2,09	-0,45	
2,095	-0,42	
2,1	-0,34	
2,105	-0,28	
2,11	-0,22	
2,115	-0,2	
2,12	-0,2	
2,125	-0,22	
2,13	-0,25	
2,135	-0,27	
2,14	-0,27	
2,145	-0,2	
2,15	-0,14	
2,155	-0,07	
2,16	-0,03	
2,165	-0,01	
2,17	-0,02	
2,175	-0,05	
2,18	-0,08	
2,185	-0,09	
2,19	-0,06	
2,195	-0,01	
2,2	0,06	
2,205	0,13	
2,21	0,17	
2,215	0,18	
2,22	0,16	
2,225	0,13	
2,23	0,1	
2,235	0,09	
2,24	0,13	
2,245	0,18	
2,25	0,25	
2,255	0,31	
2,26	0,35	
2,265	0,35	
2,27	0,33	
2,275	0,3	
2,28	0,26	
2,285	0,27	
2,29	0,3	
2,295	0,36	
2,3	0,43	
2,305	0,49	
2,31	0,52	
2,315	0,52	
2,32	0,49	
2,325	0,44	
2,33	0,42	
2,335	0,43	
2,34	0,46	
2,345	0,52	
2,35	0,58	
2,355	0,62	
2,36	0,65	
2,365	0,65	
2,37	0,61	
2,375	0,57	
2,38	0,55	
2,385	0,56	
2,39	0,58	
2,395	0,63	
2,4	0,69	
2,405	0,73	
2,41	0,75	
2,415	0,74	
2,42	0,71	
2,425	0,68	
2,43	0,66	
2,435	0,66	
2,44	0,68	
2,445	0,72	
2,45	0,76	
2,455	0,8	
2,46	0,82	
2,465	0,8	
2,47	0,77	
2,475	0,73	
2,48	0,71	
2,485	0,7	
2,49	0,72	
2,495	0,76	
2,5	0,79	
2,505	0,83	
2,51	0,83	
2,515	0,81	
2,52	0,78	
2,525	0,74	
2,53	0,72	
2,535	0,72	
2,54	0,74	
2,545	0,76	
2,55	0,8	
2,555	0,82	
2,56	0,82	
2,565	0,79	
2,57	0,75	
2,575	0,71	
2,58	0,68	
2,585	0,68	
2,59	0,69	
2,595	0,72	
2,6	0,76	
2,605	0,76	
2,61	0,75	
2,615	0,71	
2,62	0,67	
2,625	0,63	
2,63	0,61	
2,635	0,6	
2,64	0,62	
2,645	0,66	
2,65	0,67	
2,655	0,67	
2,66	0,64	
2,665	0,59	
2,67	0,54	
2,675	0,5	
2,68	0,48	
2,685	0,48	
2,69	0,52	
2,695	0,54	
2,7	0,55	
2,705	0,53	
2,71	0,49	
2,715	0,44	
2,72	0,39	
2,725	0,35	
2,73	0,34	
2,735	0,36	
2,74	0,38	
2,745	0,4	
2,75	0,4	
2,755	0,37	
2,76	0,33	
2,765	0,27	
2,77	0,21	
2,775	0,18	
2,78	0,17	
2,785	0,19	
2,79	0,22	
2,795	0,23	
2,8	0,22	
2,805	0,19	
2,81	0,13	
2,815	0,07	
2,82	0,02	
2,825	-0,01	
2,83	-0,01	
2,835	0,02	
2,84	0,04	
2,845	0,05	
2,85	0,03	
2,855	-0,01	
2,86	-0,07	
2,865	-0,13	
2,87	-0,19	
2,875	-0,2	
2,88	-0,19	
2,885	-0,17	
2,89	-0,15	
2,895	-0,15	
2,9	-0,17	
2,905	-0,21	
2,91	-0,27	
2,915	-0,32	
2,92	-0,38	
2,925	-0,38	
2,93	-0,36	
2,935	-0,34	
2,94	-0,33	
2,945	-0,32	
2,95	-0,34	
2,955	-0,39	
2,96	-0,44	
2,965	-0,51	
2,97	-0,53	
2,975	-0,53	
2,98	-0,52	
2,985	-0,5	
2,99	-0,49	
2,995	-0,49	
3,0	-0,52	
3,005	-0,56	
3,01	-0,63	
3,015	-0,66	
3,02	-0,68	
3,025	-0,67	
3,03	-0,65	
3,035	-0,63	
3,04	-0,62	
3,045	-0,63	
3,05	-0,65	
3,055	-0,71	
3,06	-0,75	
3,065	-0,78	
3,07	-0,79	
3,075	-0,78	
3,08	-0,76	
3,085	-0,74	
3,09	-0,72	
3,095	-0,73	
3,1	-0,77	
3,105	-0,81	
3,11	-0,84	
3,115	-0,86	
3,12	-0,86	
3,125	-0,85	
3,13	-0,82	
3,135	-0,8	
3,14	-0,78	
3,145	-0,79	
3,15	-0,82	
3,155	-0,86	
3,16	-0,88	
3,165	-0,9	
3,17	-0,89	
3,175	-0,87	
3,18	-0,84	
3,185	-0,81	
3,19	-0,79	
3,195	-0,81	
3,2	-0,83	
3,205	-0,86	
3,21	-0,89	
3,215	-0,9	
3,22	-0,89	
3,225	-0,86	
3,23	-0,82	
3,235	-0,78	
3,24	-0,77	
3,245	-0,77	
3,25	-0,79	
3,255	-0,82	
3,26	-0,84	
3,265	-0,84	
3,27	-0,83	
3,275	-0,79	
3,28	-0,73	
3,285	-0,7	
3,29	-0,69	
3,295	-0,69	
3,3	-0,72	
3,305	-0,74	
3,31	-0,75	
3,315	-0,76	
3,32	-0,73	
3,325	-0,67	
3,33	-0,63	
3,335	-0,59	
3,34	-0,58	
3,345	-0,58	
3,35	-0,6	
3,355	-0,62	
3,36	-0,63	
3,365	-0,62	
3,37	-0,59	
3,375	-0,52	
3,38	-0,48	
3,385	-0,45	
3,39	-0,44	
3,395	-0,44	
3,4	-0,45	
3,405	-0,47	
3,41	-0,47	
3,415	-0,46	
3,42	-0,41	
3,425	-0,36	
3,43	-0,32	
3,435	-0,29	
3,44	-0,27	
3,445	-0,27	
3,45	-0,28	
3,455	-0,29	
3,46	-0,29	
3,465	-0,25	
3,47	-0,21	
3,475	-0,17	
3,48	-0,12	
3,485	-0,1	
3,49	-0,09	
3,495	-0,09	
3,5	-0,1	
3,505	-0,11	
3,51	-0,09	
3,515	-0,06	
3,52	-0,01	
3,525	0,03	
3,53	0,07	
3,535	0,09	
3,54	0,1	
3,545	0,09	
3,55	0,08	
3,555	0,09	
3,56	0,12	
3,565	0,15	
3,57	0,2	
3,575	0,24	
3,58	0,26	
3,585	0,28	
3,59	0,28	
3,595	0,27	
3,6	0,27	
3,605	0,28	
3,61	0,31	
3,615	0,35	
3,62	0,39	
3,625	0,43	
3,63	0,45	
3,635	0,45	
3,64	0,44	
3,645	0,43	
3,65	0,43	
3,655	0,45	
3,66	0,48	
3,665	0,52	
3,67	0,56	
3,675	0,59	
3,68	0,6	
3,685	0,6	
3,69	0,58	
3,695	0,57	
3,7	0,57	
3,705	0,58	
3,71	0,61	
3,715	0,65	
3,72	0,69	
3,725	0,71	
3,73	0,72	
3,735	0,71	
3,74	0,69	
3,745	0,68	
3,75	0,68	
3,755	0,69	
3,76	0,72	
3,765	0,75	
3,77	0,78	
3,775	0,81	
3,78	0,81	
3,785	0,79	
3,79	0,78	
3,795	0,76	
3,8	0,75	
3,805	0,76	
3,81	0,78	
3,815	0,81	
3,82	0,83	
3,825	0,85	
3,83	0,84	
3,835	0,82	
3,84	0,8	
3,845	0,78	
3,85	0,77	
3,855	0,78	
3,86	0,79	
3,865	0,82	
3,87	0,84	
3,875	0,85	
3,88	0,84	
3,885	0,81	
3,89	0,79	
3,895	0,77	
3,9	0,75	
3,905	0,76	
3,91	0,77	
3,915	0,79	
3,92	0,81	
3,925	0,81	
3,93	0,79	
3,935	0,76	
3,94	0,73	
3,945	0,7	
3,95	0,68	
3,955	0,69	
3,96	0,69	
3,965	0,72	
3,97	0,72	
3,975	0,71	
3,98	0,69	
3,985	0,66	
3,99	0,63	
3,995	0,59	
4,0	0,58	
4,005	0,58	
4,01	0,59	
4,015	0,6	
4,02	0,61	
4,025	0,59	
4,03	0,56	
4,035	0,52	
4,04	0,48	
4,045	0,45	
4,05	0,43	
4,055	0,44	
4,06	0,45	
4,065	0,46	
4,07	0,45	
4,075	0,43	
4,08	0,4	
4,085	0,35	
4,09	0,31	
4,095	0,28	
4,1	0,26	
4,105	0,27	
4,11	0,28	
4,115	0,28	
4,12	0,27	
4,125	0,25	
4,13	0,21	
4,135	0,16	
4,14	0,12	
4,145	0,08	
4,15	0,08	
4,155	0,08	
4,16	0,09	
4,165	0,09	
4,17	0,08	
4,175	0,05	
4,18	0,01	
4,185	-0,04	
4,19	-0,09	
4,195	-0,11	
4,2	-0,11	
4,205	-0,11	
4,21	-0,1	
4,215	-0,1	
4,22	-0,12	
4,225	-0,15	
4,23	-0,19	
4,235	-0,25	
4,24	-0,29	
4,245	-0,3	
4,25	-0,3	
4,255	-0,29	
4,26	-0,29	
4,265	-0,29	
4,27	-0,31	
4,275	-0,34	
4,28	-0,4	
4,285	-0,44	
4,29	-0,46	
4,295	-0,47	
4,3	-0,47	
4,305	-0,46	
4,31	-0,46	
4,315	-0,47	
4,32	-0,49	
4,325	-0,52	
4,33	-0,58	
4,335	-0,61	
4,34	-0,62	
4,345	-0,63	
4,35	-0,62	
4,355	-0,61	
4,36	-0,61	
4,365	-0,62	
4,37	-0,64	
4,375	-0,68	
4,38	-0,72	
4,385	-0,74	
4,39	-0,75	
4,395	-0,74	
4,4	-0,73	
4,405	-0,72	
4,41	-0,72	
4,415	-0,73	
4,42	-0,76	
4,425	-0,79	
4,43	-0,81	
4,435	-0,83	
4,44	-0,83	
4,445	-0,83	
4,45	-0,81	
4,455	-0,8	
4,46	-0,8	
4,465	-0,81	
4,47	-0,84	
4,475	-0,86	
4,48	-0,88	
4,485	-0,88	
4,49	-0,88	
4,495	-0,86	
4,5	-0,85	
4,505	-0,84	
4,51	-0,83	
4,515	-0,85	
4,52	-0,86	
4,525	-0,88	
4,53	-0,89	
4,535	-0,89	
4,54	-0,88	
4,545	-0,86	
4,55	-0,84	
4,555	-0,82	
4,56	-0,82	
4,565	-0,82	
4,57	-0,84	
4,575	-0,85	
4,58	-0,86	
4,585	-0,85	
4,59	-0,83	
4,595	-0,81	
4,6	-0,77	
4,605	-0,76	
4,61	-0,75	
4,615	-0,76	
4,62	-0,77	
4,625	-0,77	
4,63	-0,78	
4,635	-0,77	
4,64	-0,75	
4,645	-0,7	
4,65	-0,67	
4,655	-0,65	
4,66	-0,64	
4,665	-0,65	
4,67	-0,65	
4,675	-0,66	
4,68	-0,65	
4,685	-0,64	
4,69	-0,6	
4,695	-0,57	
4,7	-0,53	
4,705	-0,51	
4,71	-0,5	
4,715	-0,5	
4,72	-0,51	
4,725	-0,51	
4,73	-0,51	
4,735	-0,47	
4,74	-0,44	
4,745	-0,4	
4,75	-0,37	
4,755	-0,34	
4,76	-0,33	
4,765	-0,33	
4,77	-0,33	
4,775	-0,33	
4,78	-0,32	
4,785	-0,29	
4,79	-0,25	
4,795	-0,21	
4,8	-0,18	
4,805	-0,16	
4,81	-0,15	
4,815	-0,14	
4,82	-0,15	
4,825	-0,15	
4,83	-0,12	
4,835	-0,09	
4,84	-0,05	
4,845	-0,01	
4,85	0,02	
4,855	0,04	
4,86	0,05	
4,865	0,05	
4,87	0,05	
4,875	0,06	
4,88	0,08	
4,885	0,11	
4,89	0,15	
4,895	0,19	
4,9	0,22	
4,905	0,24	
4,91	0,24	
4,915	0,24	
4,92	0,25	
4,925	0,26	
4,93	0,28	
4,935	0,31	
4,94	0,35	
4,945	0,39	
4,95	0,41	
4,955	0,42	
4,96	0,43	
4,965	0,42	
4,97	0,42	
4,975	0,43	
4,98	0,46	
4,985	0,49	
4,99	0,53	
4,995	0,56	
5,0	0,58	
5,005	0,58	
5,01	0,58	
5,015	0,57	
5,02	0,57	
5,025	0,59	
5,03	0,61	
5,035	0,64	
5,04	0,67	
5,045	0,7	
5,05	0,71	
5,055	0,71	
5,06	0,7	
5,065	0,7	
5,07	0,7	
5,075	0,71	
5,08	0,73	
5,085	0,76	
5,09	0,79	
5,095	0,8	
5,1	0,81	
5,105	0,8	
5,11	0,79	
5,115	0,78	
5,12	0,78	
5,125	0,79	
5,13	0,81	
5,135	0,83	
5,14	0,84	
5,145	0,86	
5,15	0,85	
5,155	0,84	
5,16	0,83	
5,165	0,82	
5,17	0,82	
5,175	0,83	
5,18	0,84	
5,185	0,86	
5,19	0,87	
5,195	0,87	
5,2	0,85	
5,205	0,84	
5,21	0,82	
5,215	0,81	
5,22	0,8	
5,225	0,81	
5,23	0,82	
5,235	0,83	
5,24	0,83	
5,245	0,82	
5,25	0,81	
5,255	0,79	
5,26	0,77	
5,265	0,76	
5,27	0,76	
5,275	0,76	
5,28	0,76	
5,285	0,77	
5,29	0,76	
5,295	0,75	
5,3	0,72	
5,305	0,7	
5,31	0,67	
5,315	0,66	
5,32	0,65	
5,325	0,65	
5,33	0,65	
5,335	0,65	
5,34	0,64	
5,345	0,62	
5,35	0,59	
5,355	0,57	
5,36	0,54	
5,365	0,52	
5,37	0,51	
5,375	0,51	
5,38	0,51	
5,385	0,5	
5,39	0,48	
5,395	0,46	
5,4	0,44	
5,405	0,4	
5,41	0,38	
5,415	0,36	
5,42	0,34	
5,425	0,34	
5,43	0,33	
5,435	0,32	
5,44	0,3	
5,445	0,28	
5,45	0,25	
5,455	0,22	
5,46	0,19	
5,465	0,16	
5,47	0,15	
5,475	0,15	
5,48	0,15	
5,485	0,13	
5,49	0,11	
5,495	0,09	
5,5	0,05	
5,505	0,02	
5,51	-0,02	
5,515	-0,04	
5,52	-0,05	
5,525	-0,06	
5,53	-0,06	
5,535	-0,07	
5,54	-0,09	
5,545	-0,12	
5,55	-0,15	
5,555	-0,2	
5,56	-0,22	
5,565	-0,24	
5,57	-0,25	
5,575	-0,25	
5,58	-0,25	
5,585	-0,26	
5,59	-0,28	
5,595	-0,31	
5,6	-0,36	
5,605	-0,39	
5,61	-0,41	
5,615	-0,43	
5,62	-0,43	
5,625	-0,43	
5,63	-0,43	
5,635	-0,44	
5,64	-0,46	
5,645	-0,51	
5,65	-0,54	
5,655	-0,57	
5,66	-0,59	
5,665	-0,59	
5,67	-0,59	
5,675	-0,59	
5,68	-0,59	
5,685	-0,6	
5,69	-0,62	
5,695	-0,66	
5,7	-0,69	
5,705	-0,71	
5,71	-0,73	
5,715	-0,73	
5,72	-0,72	
5,725	-0,71	
5,73	-0,71	
5,735	-0,72	
5,74	-0,75	
5,745	-0,78	
5,75	-0,81	
5,755	-0,82	
5,76	-0,83	
5,765	-0,83	
5,77	-0,81	
5,775	-0,81	
5,78	-0,8	
5,785	-0,81	
5,79	-0,83	
5,795	-0,85	
5,8	-0,86	
5,805	-0,88	
5,81	-0,88	
5,815	-0,87	
5,82	-0,86	
5,825	-0,85	
5,83	-0,84	
5,835	-0,85	
5,84	-0,87	
5,845	-0,88	
5,85	-0,89	
5,855	-0,9	
5,86	-0,89	
5,865	-0,87	
5,87	-0,86	
5,875	-0,84	
5,88	-0,84	
5,885	-0,84	
5,89	-0,85	
5,895	-0,86	
5,9	-0,86	
5,905	-0,86	
5,91	-0,85	
5,915	-0,83	
5,92	-0,8	
5,925	-0,79	
5,93	-0,79	
5,935	-0,79	
5,94	-0,79	
5,945	-0,79	
5,95	-0,79	
5,955	-0,78	
5,96	-0,76	
5,965	-0,73	
5,97	-0,71	
5,975	-0,7	
5,98	-0,69	
5,985	-0,68	
5,99	-0,68	
5,995	-0,67	
6,0	-0,66	
6,005	-0,65	
6,01	-0,62	
6,015	-0,6	
6,02	-0,58	
6,025	-0,56	
6,03	-0,56	
6,035	-0,55	
6,04	-0,54	
6,045	-0,54	
6,05	-0,53	
6,055	-0,5	
6,06	-0,47	
6,065	-0,44	
6,07	-0,42	
6,075	-0,4	
6,08	-0,39	
6,085	-0,38	
6,09	-0,37	
6,095	-0,36	
6,1	-0,33	
6,105	-0,31	
6,11	-0,28	
6,115	-0,25	
6,12	-0,22	
6,125	-0,21	
6,13	-0,19	
6,135	-0,18	
6,14	-0,18	
6,145	-0,17	
6,15	-0,14	
6,155	-0,11	
6,16	-0,08	
6,165	-0,05	
6,17	-0,03	
6,175	-0,01	
6,18	0	
6,185	0,01	
6,19	0,02	
6,195	0,04	
6,2	0,06	
6,205	0,09	
6,21	0,12	
6,215	0,15	
6,22	0,18	
6,225	0,19	
6,23	0,21	
6,235	0,21	
6,24	0,22	
6,245	0,24	
6,25	0,26	
6,255	0,3	
6,26	0,33	
6,265	0,35	
6,27	0,38	
6,275	0,39	
6,28	0,39	
6,285	0,4	
6,29	0,41	
6,295	0,42	
6,3	0,44	
6,305	0,47	
6,31	0,5	
6,315	0,53	
6,32	0,55	
6,325	0,56	
6,33	0,56	
6,335	0,56	
6,34	0,57	
6,345	0,58	
6,35	0,6	
6,355	0,63	
6,36	0,65	
6,365	0,68	
6,37	0,69	
6,375	0,69	
6,38	0,69	
6,385	0,69	
6,39	0,7	
6,395	0,71	
6,4	0,73	
6,405	0,75	
6,41	0,77	
6,415	0,79	
6,42	0,8	
6,425	0,79	
6,43	0,79	
6,435	0,78	
6,44	0,78	
6,445	0,79	
6,45	0,81	
6,455	0,83	
6,46	0,85	
6,465	0,86	
6,47	0,86	
6,475	0,85	
6,48	0,84	
6,485	0,83	
6,49	0,83	
6,495	0,84	
6,5	0,85	
6,505	0,87	
6,51	0,88	
6,515	0,88	
6,52	0,87	
6,525	0,86	
6,53	0,84	
6,535	0,83	
6,54	0,83	
6,545	0,83	
6,55	0,84	
6,555	0,85	
6,56	0,85	
6,565	0,85	
6,57	0,83	
6,575	0,81	
6,58	0,8	
6,585	0,79	
6,59	0,78	
6,595	0,78	
6,6	0,78	
6,605	0,78	
6,61	0,78	
6,615	0,77	
6,62	0,76	
6,625	0,74	
6,63	0,72	
6,635	0,7	
6,64	0,69	
6,645	0,68	
6,65	0,68	
6,655	0,67	
6,66	0,66	
6,665	0,65	
6,67	0,63	
6,675	0,6	
6,68	0,58	
6,685	0,56	
6,69	0,55	
6,695	0,54	
6,7	0,53	
6,705	0,53	
6,71	0,52	
6,715	0,5	
6,72	0,48	
6,725	0,45	
6,73	0,42	
6,735	0,4	
6,74	0,38	
6,745	0,37	
6,75	0,36	
6,755	0,35	
6,76	0,34	
6,765	0,32	
6,77	0,29	
6,775	0,27	
6,78	0,24	
6,785	0,21	
6,79	0,19	
6,795	0,18	
6,8	0,17	
6,805	0,16	
6,81	0,14	
6,815	0,12	
6,82	0,09	
6,825	0,07	
6,83	0,03	
6,835	0,01	
6,84	-0,01	
6,845	-0,02	
6,85	-0,03	
6,855	-0,04	
6,86	-0,06	
6,865	-0,08	
6,87	-0,11	
6,875	-0,15	
6,88	-0,18	
6,885	-0,2	
6,89	-0,21	
6,895	-0,22	
6,9	-0,23	
6,905	-0,24	
6,91	-0,26	
6,915	-0,28	
6,92	-0,32	
6,925	-0,35	
6,93	-0,37	
6,935	-0,38	
6,94	-0,39	
6,945	-0,4	
6,95	-0,41	
6,955	-0,42	
6,96	-0,44	
6,965	-0,48	
6,97	-0,5	
6,975	-0,52	
6,98	-0,54	
6,985	-0,55	
6,99	-0,56	
6,995	-0,57	
7,0	-0,58	
7,005	-0,59	
7,01	-0,61	
7,015	-0,63	
7,02	-0,66	
7,025	-0,67	
7,03	-0,68	
7,035	-0,69	
7,04	-0,69	
7,045	-0,69	
7,05	-0,7	
7,055	-0,71	
7,06	-0,74	
7,065	-0,76	
7,07	-0,77	
7,075	-0,78	
7,08	-0,79	
7,085	-0,79	
7,09	-0,79	
7,095	-0,79	
7,1	-0,79	
7,105	-0,81	
7,11	-0,82	
7,115	-0,84	
7,12	-0,85	
7,125	-0,86	
7,13	-0,86	
7,135	-0,86	
7,14	-0,85	
7,145	-0,84	
7,15	-0,85	
7,155	-0,85	
7,16	-0,86	
7,165	-0,87	
7,17	-0,88	
7,175	-0,88	
7,18	-0,87	
7,185	-0,86	
7,19	-0,85	
7,195	-0,84	
7,2	-0,84	
7,205	-0,85	
7,21	-0,85	
7,215	-0,86	
7,22	-0,86	
7,225	-0,85	
7,23	-0,84	
7,235	-0,83	
7,24	-0,81	
7,245	-0,8	
7,25	-0,79	
7,255	-0,79	
7,26	-0,79	
7,265	-0,79	
7,27	-0,79	
7,275	-0,78	
7,28	-0,76	
7,285	-0,74	
7,29	-0,72	
7,295	-0,71	
7,3	-0,7	
7,305	-0,7	
7,31	-0,7	
7,315	-0,69	
7,32	-0,68	
7,325	-0,67	
7,33	-0,64	
7,335	-0,62	
7,34	-0,6	
7,345	-0,59	
7,35	-0,58	
7,355	-0,57	
7,36	-0,56	
7,365	-0,55	
7,37	-0,54	
7,375	-0,51	
7,38	-0,49	
7,385	-0,47	
7,39	-0,44	
7,395	-0,42	
7,4	-0,41	
7,405	-0,39	
7,41	-0,38	
7,415	-0,38	
7,42	-0,35	
7,425	-0,33	
7,43	-0,31	
7,435	-0,29	
7,44	-0,26	
7,445	-0,24	
7,45	-0,22	
7,455	-0,21	
7,46	-0,2	
7,465	-0,18	
7,47	-0,16	
7,475	-0,14	
7,48	-0,11	
7,485	-0,09	
7,49	-0,06	
7,495	-0,04	
7,5	-0,03	
7,505	-0,02	
7,51	0	
7,515	0,02	
7,52	0,04	
7,525	0,06	
7,53	0,08	
7,535	0,11	
7,54	0,13	
7,545	0,15	
7,55	0,17	
7,555	0,18	
7,56	0,2	
7,565	0,22	
7,57	0,24	
7,575	0,26	
7,58	0,28	
7,585	0,31	
7,59	0,33	
7,595	0,35	
7,6	0,36	
7,605	0,38	
7,61	0,39	
7,615	0,4	
7,62	0,42	
7,625	0,44	
7,63	0,46	
7,635	0,48	
7,64	0,51	
7,645	0,52	
7,65	0,54	
7,655	0,54	
7,66	0,55	
7,665	0,56	
7,67	0,57	
7,675	0,6	
7,68	0,62	
7,685	0,64	
7,69	0,65	
7,695	0,67	
7,7	0,67	
7,705	0,68	
7,71	0,68	
7,715	0,69	
7,72	0,7	
7,725	0,72	
7,73	0,74	
7,735	0,75	
7,74	0,77	
7,745	0,77	
7,75	0,77	
7,755	0,77	
7,76	0,78	
7,765	0,78	
7,77	0,79	
7,775	0,8	
7,78	0,82	
7,785	0,83	
7,79	0,84	
7,795	0,84	
7,8	0,83	
7,805	0,83	
7,81	0,83	
7,815	0,83	
7,82	0,84	
7,825	0,85	
7,83	0,85	
7,835	0,85	
7,84	0,85	
7,845	0,85	
7,85	0,84	
7,855	0,84	
7,86	0,83	
7,865	0,83	
7,87	0,83	
7,875	0,84	
7,88	0,83	
7,885	0,83	
7,89	0,82	
7,895	0,81	
7,9	0,8	
7,905	0,8	
7,91	0,79	
7,915	0,79	
7,92	0,79	
7,925	0,78	
7,93	0,77	
7,935	0,76	
7,94	0,75	
7,945	0,73	
7,95	0,72	
7,955	0,71	
7,96	0,7	
7,965	0,7	
7,97	0,69	
7,975	0,68	
7,98	0,66	
7,985	0,65	
7,99	0,63	
7,995	0,62	
8,0	0,6	
8,005	0,59	
8,01	0,58	
8,015	0,57	
8,02	0,56	
8,025	0,55	
8,03	0,53	
8,035	0,51	
8,04	0,49	
8,045	0,47	
8,05	0,45	
8,055	0,43	
8,06	0,42	
8,065	0,4	
8,07	0,39	
8,075	0,38	
8,08	0,36	
8,085	0,34	
8,09	0,31	
8,095	0,29	
8,1	0,27	
8,105	0,25	
8,11	0,24	
8,115	0,23	
8,12	0,21	
8,125	0,19	
8,13	0,17	
8,135	0,15	
8,14	0,13	
8,145	0,1	
8,15	0,07	
8,155	0,05	
8,16	0,04	
8,165	0,03	
8,17	0,02	
8,175	0	
8,18	-0,02	
8,185	-0,05	
8,19	-0,07	
8,195	-0,11	
8,2	-0,13	
8,205	-0,15	
8,21	-0,16	
8,215	-0,17	
8,22	-0,19	
8,225	-0,2	
8,23	-0,22	
8,235	-0,24	
8,24	-0,28	
8,245	-0,3	
8,25	-0,32	
8,255	-0,34	
8,26	-0,35	
8,265	-0,36	
8,27	-0,37	
8,275	-0,39	
8,28	-0,4	
8,285	-0,43	
8,29	-0,46	
8,295	-0,48	
8,3	-0,49	
8,305	-0,51	
8,31	-0,52	
8,315	-0,52	
8,32	-0,53	
8,325	-0,55	
8,33	-0,57	
8,335	-0,59	
8,34	-0,61	
8,345	-0,63	
8,35	-0,64	
8,355	-0,65	
8,36	-0,66	
8,365	-0,66	
8,37	-0,66	
8,375	-0,68	
8,38	-0,69	
8,385	-0,7	
8,39	-0,72	
8,395	-0,74	
8,4	-0,75	
8,405	-0,75	
8,41	-0,76	
8,415	-0,76	
8,42	-0,76	
8,425	-0,77	
8,43	-0,78	
8,435	-0,79	
8,44	-0,8	
8,445	-0,81	
8,45	-0,82	
8,455	-0,82	
8,46	-0,82	
8,465	-0,82	
8,47	-0,82	
8,475	-0,82	
8,48	-0,83	
8,485	-0,84	
8,49	-0,85	
8,495	-0,85	
8,5	-0,85	
8,505	-0,85	
8,51	-0,84	
8,515	-0,83	
8,52	-0,83	
8,525	-0,83	
8,53	-0,83	
8,535	-0,84	
8,54	-0,83	
8,545	-0,83	
8,55	-0,83	
8,555	-0,82	
8,56	-0,8	
8,565	-0,79	
8,57	-0,79	
8,575	-0,79	
8,58	-0,79	
8,585	-0,79	
8,59	-0,79	
8,595	-0,78	
8,6	-0,77	
8,605	-0,74	
8,61	-0,73	
8,615	-0,72	
8,62	-0,71	
8,625	-0,71	
8,63	-0,7	
8,635	-0,7	
8,64	-0,68	
8,645	-0,67	
8,65	-0,65	
8,655	-0,63	
8,66	-0,61	
8,665	-0,6	
8,67	-0,59	
8,675	-0,58	
8,68	-0,57	
8,685	-0,56	
8,69	-0,55	
8,695	-0,53	
8,7	-0,5	
8,705	-0,49	
8,71	-0,47	
8,715	-0,45	
8,72	-0,44	
8,725	-0,43	
8,73	-0,41	
8,735	-0,4	
8,74	-0,37	
8,745	-0,35	
8,75	-0,33	
8,755	-0,31	
8,76	-0,29	
8,765	-0,28	
8,77	-0,26	
8,775	-0,25	
8,78	-0,23	
8,785	-0,21	
8,79	-0,19	
8,795	-0,17	
8,8	-0,15	
8,805	-0,13	
8,81	-0,11	
8,815	-0,09	
8,82	-0,08	
8,825	-0,06	
8,83	-0,04	
8,835	-0,02	
8,84	0,01	
8,845	0,03	
8,85	0,05	
8,855	0,07	
8,86	0,09	
8,865	0,1	
8,87	0,12	
8,875	0,14	
8,88	0,16	
8,885	0,18	
8,89	0,2	
8,895	0,22	
8,9	0,24	
8,905	0,26	
8,91	0,27	
8,915	0,29	
8,92	0,3	
8,925	0,33	
8,93	0,35	
8,935	0,36	
8,94	0,38	
8,945	0,4	
8,95	0,42	
8,955	0,44	
8,96	0,45	
8,965	0,47	
8,97	0,49	
8,975	0,5	
8,98	0,51	
8,985	0,53	
8,99	0,54	
8,995	0,56	
9,0	0,58	
9,005	0,59	
9,01	0,6	
9,015	0,61	
9,02	0,62	
9,025	0,63	
9,03	0,64	
9,035	0,65	
9,04	0,66	
9,045	0,68	
9,05	0,69	
9,055	0,71	
9,06	0,72	
9,065	0,73	
9,07	0,73	
9,075	0,74	
9,08	0,74	
9,085	0,75	
9,09	0,76	
9,095	0,77	
9,1	0,78	
9,105	0,79	
9,11	0,79	
9,115	0,8	
9,12	0,79	
9,125	0,79	
9,13	0,8	
9,135	0,8	
9,14	0,81	
9,145	0,81	
9,15	0,82	
9,155	0,83	
9,16	0,83	
9,165	0,82	
9,17	0,82	
9,175	0,81	
9,18	0,81	
9,185	0,81	
9,19	0,81	
9,195	0,82	
9,2	0,82	
9,205	0,82	
9,21	0,81	
9,215	0,8	
9,22	0,79	
9,225	0,78	
9,23	0,77	
9,235	0,77	
9,24	0,77	
9,245	0,77	
9,25	0,77	
9,255	0,77	
9,26	0,76	
9,265	0,74	
9,27	0,73	
9,275	0,71	
9,28	0,7	
9,285	0,69	
9,29	0,69	
9,295	0,69	
9,3	0,68	
9,305	0,67	
9,31	0,66	
9,315	0,64	
9,32	0,62	
9,325	0,6	
9,33	0,58	
9,335	0,58	
9,34	0,57	
9,345	0,56	
9,35	0,55	
9,355	0,54	
9,36	0,52	
9,365	0,5	
9,37	0,48	
9,375	0,46	
9,38	0,44	
9,385	0,43	
9,39	0,42	
9,395	0,41	
9,4	0,39	
9,405	0,37	
9,41	0,35	
9,415	0,33	
9,42	0,31	
9,425	0,28	
9,43	0,27	
9,435	0,26	
9,44	0,24	
9,445	0,23	
9,45	0,21	
9,455	0,19	
9,46	0,17	
9,465	0,15	
9,47	0,12	
9,475	0,1	
9,48	0,09	
9,485	0,08	
9,49	0,06	
9,495	0,05	
9,5	0,03	
9,505	0,01	
9,51	-0,02	
9,515	-0,05	
9,52	-0,07	
9,525	-0,09	
9,53	-0,1	
9,535	-0,11	
9,54	-0,13	
9,545	-0,15	
9,55	-0,17	
9,555	-0,19	
9,56	-0,23	
9,565	-0,24	
9,57	-0,26	
9,575	-0,27	
9,58	-0,28	
9,585	-0,3	
9,59	-0,31	
9,595	-0,33	
9,6	-0,35	
9,605	-0,38	
9,61	-0,39	
9,615	-0,41	
9,62	-0,42	
9,625	-0,44	
9,63	-0,45	
9,635	-0,46	
9,64	-0,48	
9,645	-0,5	
9,65	-0,52	
9,655	-0,54	
9,66	-0,55	
9,665	-0,57	
9,67	-0,58	
9,675	-0,58	
9,68	-0,59	
9,685	-0,6	
9,69	-0,61	
9,695	-0,63	
9,7	-0,64	
9,705	-0,66	
9,71	-0,67	
9,715	-0,68	
9,72	-0,69	
9,725	-0,7	
9,73	-0,71	
9,735	-0,71	
9,74	-0,72	
9,745	-0,73	
9,75	-0,74	
9,755	-0,75	
9,76	-0,76	
9,765	-0,77	
9,77	-0,77	
9,775	-0,78	
9,78	-0,78	
9,785	-0,78	
9,79	-0,78	
9,795	-0,79	
9,8	-0,79	
9,805	-0,79	
9,81	-0,8	
9,815	-0,8	
9,82	-0,81	
9,825	-0,81	
9,83	-0,8	
9,835	-0,8	
9,84	-0,8	
9,845	-0,8	
9,85	-0,8	
9,855	-0,81	
9,86	-0,81	
9,865	-0,81	
9,87	-0,8	
9,875	-0,8	
9,88	-0,79	
9,885	-0,78	
9,89	-0,78	
9,895	-0,78	
9,9	-0,77	
9,905	-0,77	
9,91	-0,77	
9,915	-0,76	
9,92	-0,75	
9,925	-0,74	
9,93	-0,73	
9,935	-0,72	
9,94	-0,71	
9,945	-0,7	
9,95	-0,7	
9,955	-0,69	
9,96	-0,69	
9,965	-0,68	
9,97	-0,66	
9,975	-0,64	
9,98	-0,63	
9,985	-0,61	
9,99	-0,6	
9,995	-0,59	
10,0	-0,59	
10,005	-0,58	
10,01	-0,57	
10,015	-0,55	
10,02	-0,53	
10,025	-0,5	
10,03	-0,49	
10,035	-0,48	
10,04	-0,46	
10,045	-0,45	
10,05	-0,44	
10,055	-0,43	
10,06	-0,41	
10,065	-0,39	
10,07	-0,37	
10,075	-0,35	
10,08	-0,33	
10,085	-0,31	
10,09	-0,3	
10,095	-0,28	
10,1	-0,27	
10,105	-0,25	
10,11	-0,24	
10,115	-0,22	
10,12	-0,19	
10,125	-0,17	
10,13	-0,15	
10,135	-0,14	
10,14	-0,12	
10,145	-0,11	
10,15	-0,09	
10,155	-0,07	
10,16	-0,06	
10,165	-0,04	
10,17	-0,01	
10,175	0,01	
10,18	0,04	
10,185	0,05	
10,19	0,07	
10,195	0,09	
10,2	0,1	
10,205	0,12	
10,21	0,13	
10,215	0,16	
10,22	0,18	
10,225	0,2	
10,23	0,22	
10,235	0,23	
10,24	0,25	
10,245	0,27	
10,25	0,28	
10,255	0,3	
10,26	0,32	
10,265	0,33	
10,27	0,35	
10,275	0,37	
10,28	0,38	
10,285	0,4	
10,29	0,41	
10,295	0,43	
10,3	0,44	
10,305	0,46	
10,31	0,48	
10,315	0,49	
10,32	0,51	
10,325	0,52	
10,33	0,54	
10,335	0,55	
10,34	0,56	
10,345	0,58	
10,35	0,59	
10,355	0,6	
10,36	0,61	
10,365	0,63	
10,37	0,64	
10,375	0,65	
10,38	0,66	
10,385	0,67	
10,39	0,67	
10,395	0,68	
10,4	0,69	
10,405	0,7	
10,41	0,71	
10,415	0,72	
10,42	0,73	
10,425	0,74	
10,43	0,74	
10,435	0,75	
10,44	0,75	
10,445	0,76	
10,45	0,76	
10,455	0,77	
10,46	0,77	
10,465	0,78	
10,47	0,78	
10,475	0,78	
10,48	0,78	
10,485	0,78	
10,49	0,78	
10,495	0,78	
10,5	0,79	
10,505	0,79	
10,51	0,79	
10,515	0,79	
10,52	0,79	
10,525	0,79	
10,53	0,78	
10,535	0,78	
10,54	0,77	
10,545	0,77	
10,55	0,77	
10,555	0,77	
10,56	0,76	
10,565	0,76	
10,57	0,76	
10,575	0,75	
10,58	0,74	
10,585	0,73	
10,59	0,72	
10,595	0,71	
10,6	0,71	
10,605	0,7	
10,61	0,7	
10,615	0,69	
10,62	0,68	
10,625	0,67	
10,63	0,66	
10,635	0,65	
10,64	0,64	
10,645	0,62	
10,65	0,61	
10,655	0,6	
10,66	0,59	
10,665	0,58	
10,67	0,57	
10,675	0,56	
10,68	0,54	
10,685	0,53	
10,69	0,51	
10,695	0,49	
10,7	0,48	
10,705	0,46	
10,71	0,45	
10,715	0,44	
10,72	0,43	
10,725	0,41	
10,73	0,4	
10,735	0,38	
10,74	0,36	
10,745	0,34	
10,75	0,32	
10,755	0,3	
10,76	0,29	
10,765	0,28	
10,77	0,26	
10,775	0,25	
10,78	0,23	
10,785	0,21	
10,79	0,18	
10,795	0,16	
10,8	0,15	
10,805	0,13	
10,81	0,12	
10,815	0,1	
10,82	0,09	
10,825	0,07	
10,83	0,05	
10,835	0,02	
10,84	0	
10,845	-0,02	
10,85	-0,03	
10,855	-0,05	
10,86	-0,06	
10,865	-0,08	
10,87	-0,1	
10,875	-0,12	
10,88	-0,14	
10,885	-0,16	
10,89	-0,18	
10,895	-0,2	
10,9	-0,21	
10,905	-0,23	
10,91	-0,25	
10,915	-0,26	
10,92	-0,28	
10,925	-0,31	
10,93	-0,32	
10,935	-0,34	
10,94	-0,35	
10,945	-0,37	
10,95	-0,38	
10,955	-0,39	
10,96	-0,41	
10,965	-0,42	
10,97	-0,45	
10,975	-0,46	
10,98	-0,48	
10,985	-0,49	
10,99	-0,5	
10,995	-0,51	
11,0	-0,53	
11,005	-0,54	
11,01	-0,55	
11,015	-0,57	
11,02	-0,59	
11,025	-0,6	
11,03	-0,61	
11,035	-0,62	
11,04	-0,63	
11,045	-0,63	
11,05	-0,64	
11,055	-0,65	
11,06	-0,67	
11,065	-0,68	
11,07	-0,69	
11,075	-0,7	
11,08	-0,71	
11,085	-0,71	
11,09	-0,72	
11,095	-0,72	
11,1	-0,73	
11,105	-0,74	
11,11	-0,74	
11,115	-0,75	
11,12	-0,76	
11,125	-0,76	
11,13	-0,77	
11,135	-0,77	
11,14	-0,77	
11,145	-0,77	
11,15	-0,77	
11,155	-0,78	
11,16	-0,78	
11,165	-0,78	
11,17	-0,78	
11,175	-0,78	
11,18	-0,78	
11,185	-0,78	
11,19	-0,77	
11,195	-0,77	
11,2	-0,77	
11,205	-0,77	
11,21	-0,77	
11,215	-0,77	
11,22	-0,77	
11,225	-0,76	
11,23	-0,76	
11,235	-0,75	
11,24	-0,74	
11,245	-0,74	
11,25	-0,74	
11,255	-0,73	
11,26	-0,73	
11,265	-0,72	
11,27	-0,71	
11,275	-0,7	
11,28	-0,69	
11,285	-0,68	
11,29	-0,67	
11,295	-0,66	
11,3	-0,65	
11,305	-0,64	
11,31	-0,63	
11,315	-0,62	
11,32	-0,61	
11,325	-0,6	
11,33	-0,58	
11,335	-0,57	
11,34	-0,56	
11,345	-0,54	
11,35	-0,54	
11,355	-0,53	
11,36	-0,51	
11,365	-0,5	
11,37	-0,49	
11,375	-0,47	
11,38	-0,45	
11,385	-0,43	
11,39	-0,42	
11,395	-0,4	
11,4	-0,39	
11,405	-0,38	
11,41	-0,36	
11,415	-0,35	
11,42	-0,34	
11,425	-0,31	
11,43	-0,29	
11,435	-0,27	
11,44	-0,25	
11,445	-0,24	
11,45	-0,22	
11,455	-0,21	
11,46	-0,19	
11,465	-0,18	
11,47	-0,16	
11,475	-0,14	
11,48	-0,12	
11,485	-0,1	
11,49	-0,08	
11,495	-0,06	
11,5	-0,04	
11,505	-0,02	
11,51	-0,01	
11,515	0,01	
11,52	0,03	
11,525	0,05	
11,53	0,06	
11,535	0,08	
11,54	0,1	
11,545	0,12	
11,55	0,14	
11,555	0,16	
11,56	0,18	
11,565	0,19	
11,57	0,21	
11,575	0,22	
11,58	0,24	
11,585	0,26	
11,59	0,28	
11,595	0,29	
11,6	0,31	
11,605	0,33	
11,61	0,35	
11,615	0,36	
11,62	0,37	
11,625	0,38	
11,63	0,4	
11,635	0,41	
11,64	0,43	
11,645	0,45	
11,65	0,46	
11,655	0,49	
11,66	0,5	
11,665	0,51	
11,67	0,52	
11,675	0,53	
11,68	0,54	
11,685	0,56	
11,69	0,57	
11,695	0,58	
11,7	0,6	
11,705	0,61	
11,71	0,62	
11,715	0,63	
11,72	0,64	
11,725	0,65	
11,73	0,65	
11,735	0,66	
11,74	0,67	
11,745	0,68	
11,75	0,69	
11,755	0,7	
11,76	0,71	
11,765	0,71	
11,77	0,72	
11,775	0,73	
11,78	0,73	
11,785	0,73	
11,79	0,74	
11,795	0,74	
11,8	0,75	
11,805	0,75	
11,81	0,76	
11,815	0,76	
11,82	0,76	
11,825	0,76	
11,83	0,77	
11,835	0,77	
11,84	0,77	
11,845	0,76	
11,85	0,77	
11,855	0,76	
11,86	0,76	
11,865	0,76	
11,87	0,77	
11,875	0,76	
11,88	0,76	
11,885	0,76	
11,89	0,75	
11,895	0,75	
11,9	0,74	
11,905	0,74	
11,91	0,73	
11,915	0,73	
11,92	0,73	
11,925	0,73	
11,93	0,72	
11,935	0,71	
11,94	0,7	
11,945	0,69	
11,95	0,68	
11,955	0,67	
11,96	0,66	
11,965	0,66	
11,97	0,64	
11,975	0,63	
11,98	0,62	
11,985	0,61	
11,99	0,6	
11,995	0,58	
12,0	0,57	
12,005	0,56	
12,01	0,56	
12,015	0,54	
12,02	0,53	
12,025	0,52	
12,03	0,51	
12,035	0,49	
12,04	0,48	
12,045	0,46	
12,05	0,45	
12,055	0,43	
12,06	0,41	
12,065	0,4	
12,07	0,39	
12,075	0,37	
12,08	0,36	
12,085	0,34	
12,09	0,32	
12,095	0,31	
12,1	0,29	
12,105	0,28	
12,11	0,25	
12,115	0,24	
12,12	0,22	
12,125	0,2	
12,13	0,19	
12,135	0,17	
12,14	0,16	
12,145	0,14	
12,15	0,13	
12,155	0,1	
12,16	0,08	
12,165	0,06	
12,17	0,04	
12,175	0,03	
12,18	0,01	
12,185	-0,01	
12,19	-0,02	
12,195	-0,04	
12,2	-0,06	
12,205	-0,08	
12,21	-0,1	
12,215	-0,11	
12,22	-0,13	
12,225	-0,15	
12,23	-0,16	
12,235	-0,18	
12,24	-0,2	
12,245	-0,22	
12,25	-0,24	
12,255	-0,25	
12,26	-0,27	
12,265	-0,29	
12,27	-0,3	
12,275	-0,32	
12,28	-0,33	
12,285	-0,35	
12,29	-0,38	
12,295	-0,39	
12,3	-0,4	
12,305	-0,42	
12,31	-0,43	
12,315	-0,44	
12,32	-0,45	
12,325	-0,47	
12,33	-0,48	
12,335	-0,5	
12,34	-0,52	
12,345	-0,53	
12,35	-0,54	
12,355	-0,55	
12,36	-0,56	
12,365	-0,57	
12,37	-0,58	
12,375	-0,59	
12,38	-0,61	
12,385	-0,63	
12,39	-0,64	
12,395	-0,65	
12,4	-0,66	
12,405	-0,66	
12,41	-0,67	
12,415	-0,67	
12,42	-0,68	
12,425	-0,69	
12,43	-0,7	
12,435	-0,71	
12,44	-0,72	
12,445	-0,73	
12,45	-0,73	
12,455	-0,73	
12,46	-0,73	
12,465	-0,74	
12,47	-0,74	
12,475	-0,75	
12,48	-0,75	
12,485	-0,76	
12,49	-0,77	
12,495	-0,77	
12,5	-0,77	
12,505	-0,77	
12,51	-0,77	
12,515	-0,77	
12,52	-0,76	
12,525	-0,76	
12,53	-0,77	
12,535	-0,77	
12,54	-0,77	
12,545	-0,77	
12,55	-0,77	
12,555	-0,76	
12,56	-0,75	
12,565	-0,74	
12,57	-0,74	
12,575	-0,74	
12,58	-0,73	
12,585	-0,74	
12,59	-0,73	
12,595	-0,73	
12,6	-0,72	
12,605	-0,71	
12,61	-0,7	
12,615	-0,69	
12,62	-0,68	
12,625	-0,67	
12,63	-0,67	
12,635	-0,66	
12,64	-0,65	
12,645	-0,64	
12,65	-0,63	
12,655	-0,61	
12,66	-0,6	
12,665	-0,59	
12,67	-0,58	
12,675	-0,57	
12,68	-0,56	
12,685	-0,55	
12,69	-0,54	
12,695	-0,53	
12,7	-0,5	
12,705	-0,49	
12,71	-0,47	
12,715	-0,46	
12,72	-0,45	
12,725	-0,44	
12,73	-0,43	
12,735	-0,41	
12,74	-0,4	
12,745	-0,37	
12,75	-0,36	
12,755	-0,34	
12,76	-0,33	
12,765	-0,31	
12,77	-0,3	
12,775	-0,28	
12,78	-0,27	
12,785	-0,25	
12,79	-0,22	
12,795	-0,21	
12,8	-0,19	
12,805	-0,17	
12,81	-0,16	
12,815	-0,14	
12,82	-0,13	
12,825	-0,11	
12,83	-0,09	
12,835	-0,07	
12,84	-0,05	
12,845	-0,03	
12,85	-0,01	
12,855	0	
12,86	0,02	
12,865	0,04	
12,87	0,05	
12,875	0,07	
12,88	0,09	
12,885	0,11	
12,89	0,13	
12,895	0,15	
12,9	0,17	
12,905	0,19	
12,91	0,2	
12,915	0,22	
12,92	0,23	
12,925	0,25	
12,93	0,26	
12,935	0,28	
12,94	0,3	
12,945	0,32	
12,95	0,34	
12,955	0,35	
12,96	0,37	
12,965	0,38	
12,97	0,4	
12,975	0,41	
12,98	0,43	
12,985	0,44	
12,99	0,46	
12,995	0,47	
13,0	0,49	
13,005	0,5	
13,01	0,51	
13,015	0,53	
13,02	0,54	
13,025	0,55	
13,03	0,56	
13,035	0,57	
13,04	0,58	
13,045	0,59	
13,05	0,61	
13,055	0,62	
13,06	0,63	
13,065	0,64	
13,07	0,65	
13,075	0,65	
13,08	0,66	
13,085	0,67	
13,09	0,68	
13,095	0,69	
13,1	0,7	
13,105	0,71	
13,11	0,72	
13,115	0,72	
13,12	0,72	
13,125	0,73	
13,13	0,73	
13,135	0,74	
13,14	0,74	
13,145	0,75	
13,15	0,75	
13,155	0,76	
13,16	0,76	
13,165	0,76	
13,17	0,76	
13,175	0,76	
13,18	0,77	
13,185	0,77	
13,19	0,77	
13,195	0,77	
13,2	0,77	
13,205	0,77	
13,21	0,77	
13,215	0,76	
13,22	0,76	
13,225	0,76	
13,23	0,75	
13,235	0,75	
13,24	0,75	
13,245	0,75	
13,25	0,74	
13,255	0,74	
13,26	0,73	
13,265	0,72	
13,27	0,71	
13,275	0,7	
13,28	0,69	
13,285	0,69	
13,29	0,68	
13,295	0,67	
13,3	0,67	
13,305	0,66	
13,31	0,65	
13,315	0,64	
13,32	0,63	
13,325	0,62	
13,33	0,61	
13,335	0,6	
13,34	0,59	
13,345	0,58	
13,35	0,57	
13,355	0,56	
13,36	0,54	
13,365	0,53	
13,37	0,51	
13,375	0,5	
13,38	0,48	
13,385	0,47	
13,39	0,46	
13,395	0,45	
13,4	0,43	
13,405	0,42	
13,41	0,4	
13,415	0,38	
13,42	0,36	
13,425	0,34	
13,43	0,33	
13,435	0,32	
13,44	0,31	
13,445	0,29	
13,45	0,27	
13,455	0,25	
13,46	0,23	
13,465	0,21	
13,47	0,18	
13,475	0,17	
13,48	0,16	
13,485	0,14	
13,49	0,13	
13,495	0,12	
13,5	0,1	
13,505	0,08	
13,51	0,06	
13,515	0,04	
13,52	0,01	
13,525	-0,01	
13,53	-0,02	
13,535	-0,04	
13,54	-0,05	
13,545	-0,07	
13,55	-0,09	
13,555	-0,11	
13,56	-0,12	
13,565	-0,15	
13,57	-0,17	
13,575	-0,18	
13,58	-0,2	
13,585	-0,21	
13,59	-0,23	
13,595	-0,25	
13,6	-0,26	
13,605	-0,28	
13,61	-0,3	
13,615	-0,32	
13,62	-0,33	
13,625	-0,35	
13,63	-0,36	
13,635	-0,38	
13,64	-0,39	
13,645	-0,41	
13,65	-0,42	
13,655	-0,45	
13,66	-0,47	
13,665	-0,48	
13,67	-0,49	
13,675	-0,5	
13,68	-0,52	
13,685	-0,53	
13,69	-0,54	
13,695	-0,55	
13,7	-0,57	
13,705	-0,58	
13,71	-0,59	
13,715	-0,6	
13,72	-0,61	
13,725	-0,62	
13,73	-0,63	
13,735	-0,64	
13,74	-0,65	
13,745	-0,66	
13,75	-0,68	
13,755	-0,69	
13,76	-0,69	
13,765	-0,7	
13,77	-0,71	
13,775	-0,71	
13,78	-0,72	
13,785	-0,72	
13,79	-0,73	
13,795	-0,74	
13,8	-0,75	
13,805	-0,75	
13,81	-0,76	
13,815	-0,76	
13,82	-0,76	
13,825	-0,76	
13,83	-0,77	
13,835	-0,76	
13,84	-0,77	
13,845	-0,77	
13,85	-0,78	
13,855	-0,78	
13,86	-0,78	
13,865	-0,78	
13,87	-0,78	
13,875	-0,77	
13,88	-0,77	
13,885	-0,77	
13,89	-0,76	
13,895	-0,76	
13,9	-0,77	
13,905	-0,77	
13,91	-0,76	
13,915	-0,76	
13,92	-0,75	
13,925	-0,74	
13,93	-0,73	
13,935	-0,73	
13,94	-0,72	
13,945	-0,71	
13,95	-0,71	
13,955	-0,71	
13,96	-0,7	
13,965	-0,69	
13,97	-0,69	
13,975	-0,67	
13,98	-0,65	
13,985	-0,65	
13,99	-0,63	
13,995	-0,63	
14,0	-0,62	
14,005	-0,61	
14,01	-0,6	
14,015	-0,59	
14,02	-0,57	
14,025	-0,55	
14,03	-0,54	
14,035	-0,53	
14,04	-0,52	
14,045	-0,51	
14,05	-0,5	
14,055	-0,48	
14,06	-0,47	
14,065	-0,44	
14,07	-0,43	
14,075	-0,41	
14,08	-0,4	
14,085	-0,38	
14,09	-0,37	
14,095	-0,36	
14,1	-0,34	
14,105	-0,33	
14,11	-0,3	
14,115	-0,28	
14,12	-0,27	
14,125	-0,25	
14,13	-0,23	
14,135	-0,21	
14,14	-0,2	
14,145	-0,19	
14,15	-0,17	
14,155	-0,15	
14,16	-0,13	
14,165	-0,11	
14,17	-0,09	
14,175	-0,07	
14,18	-0,05	
14,185	-0,04	
14,19	-0,03	
14,195	-0,01	
14,2	0,01	
14,205	0,03	
14,21	0,05	
14,215	0,07	
14,22	0,09	
14,225	0,11	
14,23	0,13	
14,235	0,14	
14,24	0,16	
14,245	0,18	
14,25	0,2	
14,255	0,22	
14,26	0,24	
14,265	0,25	
14,27	0,27	
14,275	0,29	
14,28	0,3	
14,285	0,32	
14,29	0,34	
14,295	0,35	
14,3	0,37	
14,305	0,39	
14,31	0,4	
14,315	0,42	
14,32	0,43	
14,325	0,45	
14,33	0,46	
14,335	0,48	
14,34	0,49	
14,345	0,51	
14,35	0,52	
14,355	0,53	
14,36	0,55	
14,365	0,56	
14,37	0,57	
14,375	0,58	
14,38	0,6	
14,385	0,61	
14,39	0,62	
14,395	0,63	
14,4	0,64	
14,405	0,66	
14,41	0,67	
14,415	0,68	
14,42	0,69	
14,425	0,69	
14,43	0,7	
14,435	0,71	
14,44	0,72	
14,445	0,72	
14,45	0,73	
14,455	0,73	
14,46	0,74	
14,465	0,75	
14,47	0,75	
14,475	0,76	
14,48	0,77	
14,485	0,77	
14,49	0,77	
14,495	0,77	
14,5	0,78	
14,505	0,78	
14,51	0,78	
14,515	0,78	
14,52	0,79	
14,525	0,79	
14,53	0,79	
14,535	0,79	
14,54	0,78	
14,545	0,78	
14,55	0,78	
14,555	0,77	
14,56	0,77	
14,565	0,77	
14,57	0,77	
14,575	0,77	
14,58	0,77	
14,585	0,76	
14,59	0,76	
14,595	0,75	
14,6	0,74	
14,605	0,73	
14,61	0,72	
14,615	0,72	
14,62	0,72	
14,625	0,71	
14,63	0,7	
14,635	0,7	
14,64	0,68	
14,645	0,68	
14,65	0,67	
14,655	0,65	
14,66	0,64	
14,665	0,63	
14,67	0,62	
14,675	0,61	
14,68	0,6	
14,685	0,58	
14,69	0,57	
14,695	0,56	
14,7	0,54	
14,705	0,53	
14,71	0,52	
14,715	0,5	
14,72	0,49	
14,725	0,48	
14,73	0,46	
14,735	0,45	
14,74	0,43	
14,745	0,41	
14,75	0,4	
14,755	0,39	
14,76	0,37	
14,765	0,36	
14,77	0,34	
14,775	0,32	
14,78	0,3	
14,785	0,29	
14,79	0,26	
14,795	0,25	
14,8	0,23	
14,805	0,22	
14,81	0,2	
14,815	0,18	
14,82	0,16	
14,825	0,14	
14,83	0,12	
14,835	0,1	
14,84	0,08	
14,845	0,06	
14,85	0,05	
14,855	0,03	
14,86	0,02	
14,865	0	
14,87	-0,02	
14,875	-0,04	
14,88	-0,06	
14,885	-0,09	
14,89	-0,11	
14,895	-0,12	
14,9	-0,13	
14,905	-0,15	
14,91	-0,16	
14,915	-0,18	
14,92	-0,21	
14,925	-0,23	
14,93	-0,26	
14,935	-0,27	
14,94	-0,29	
14,945	-0,3	
14,95	-0,31	
14,955	-0,33	
14,96	-0,34	
14,965	-0,36	
14,97	-0,38	
14,975	-0,4	
14,98	-0,42	
14,985	-0,44	
14,99	-0,45	
14,995	-0,47	
15,0	-0,48	
15,005	-0,49	
15,01	-0,5	
15,015	-0,51	
15,02	-0,53	
15,025	-0,55	
15,03	-0,56	
15,035	-0,58	
15,04	-0,59	
15,045	-0,6	
15,05	-0,61	
15,055	-0,62	
15,06	-0,62	
15,065	-0,64	
15,07	-0,65	
15,075	-0,66	
15,08	-0,68	
15,085	-0,69	
15,09	-0,69	
15,095	-0,7	
15,1	-0,71	
15,105	-0,72	
15,11	-0,73	
15,115	-0,74	
15,12	-0,75	
15,125	-0,75	
15,13	-0,75	
15,135	-0,76	
15,14	-0,76	
15,145	-0,77	
15,15	-0,78	
15,155	-0,78	
15,16	-0,79	
15,165	-0,79	
15,17	-0,79	
15,175	-0,79	
15,18	-0,79	
15,185	-0,79	
15,19	-0,8	
15,195	-0,8	
15,2	-0,8	
15,205	-0,8	
15,21	-0,79	
15,215	-0,79	
15,22	-0,79	
15,225	-0,79	
15,23	-0,78	
15,235	-0,78	
15,24	-0,78	
15,245	-0,77	
15,25	-0,77	
15,255	-0,77	
15,26	-0,76	
15,265	-0,76	
15,27	-0,75	
15,275	-0,75	
15,28	-0,74	
15,285	-0,74	
15,29	-0,72	
15,295	-0,71	
15,3	-0,71	
15,305	-0,7	
15,31	-0,69	
15,315	-0,68	
15,32	-0,67	
15,325	-0,66	
15,33	-0,65	
15,335	-0,64	
15,34	-0,62	
15,345	-0,61	
15,35	-0,6	
15,355	-0,59	
15,36	-0,58	
15,365	-0,56	
15,37	-0,55	
15,375	-0,54	
15,38	-0,52	
15,385	-0,5	
15,39	-0,48	
15,395	-0,47	
15,4	-0,45	
15,405	-0,44	
15,41	-0,43	
15,415	-0,42	
15,42	-0,41	
15,425	-0,39	
15,43	-0,37	
15,435	-0,35	
15,44	-0,33	
15,445	-0,31	
15,45	-0,3	
15,455	-0,28	
15,46	-0,27	
15,465	-0,25	
15,47	-0,24	
15,475	-0,21	
15,48	-0,19	
15,485	-0,17	
15,49	-0,15	
15,495	-0,13	
15,5	-0,12	
15,505	-0,1	
15,51	-0,08	
15,515	-0,07	
15,52	-0,04	
15,525	-0,02	
15,53	0	
15,535	0,02	
15,54	0,04	
15,545	0,06	
15,55	0,07	
15,555	0,09	
15,56	0,1	
15,565	0,13	
15,57	0,15	
15,575	0,16	
15,58	0,18	
15,585	0,2	
15,59	0,22	
15,595	0,24	
15,6	0,26	
15,605	0,27	
15,61	0,3	
15,615	0,31	
15,62	0,32	
15,625	0,34	
15,63	0,36	
15,635	0,37	
15,64	0,39	
15,645	0,41	
15,65	0,43	
15,655	0,45	
15,66	0,47	
15,665	0,48	
15,67	0,49	
15,675	0,51	
15,68	0,52	
15,685	0,54	
15,69	0,56	
15,695	0,57	
15,7	0,59	
15,705	0,6	
15,71	0,61	
15,715	0,62	
15,72	0,63	
15,725	0,64	
15,73	0,65	
15,735	0,66	
15,74	0,67	
15,745	0,68	
15,75	0,69	
15,755	0,7	
15,76	0,71	
15,765	0,72	
15,77	0,73	
15,775	0,74	
15,78	0,75	
15,785	0,75	
15,79	0,76	
15,795	0,77	
15,8	0,77	
15,805	0,78	
15,81	0,78	
15,815	0,79	
15,82	0,79	
15,825	0,8	
15,83	0,8	
15,835	0,8	
15,84	0,8	
15,845	0,8	
15,85	0,81	
15,855	0,81	
15,86	0,81	
15,865	0,81	
15,87	0,81	
15,875	0,81	
15,88	0,81	
15,885	0,8	
15,89	0,8	
15,895	0,8	
15,9	0,8	
15,905	0,79	
15,91	0,79	
15,915	0,79	
15,92	0,78	
15,925	0,78	
15,93	0,77	
15,935	0,76	
15,94	0,76	
15,945	0,75	
15,95	0,75	
15,955	0,74	
15,96	0,73	
15,965	0,72	
15,97	0,71	
15,975	0,7	
15,98	0,69	
15,985	0,69	
15,99	0,67	
15,995	0,67	
16,0	0,65	
16,005	0,64	
16,01	0,63	
16,015	0,62	
16,02	0,6	
16,025	0,58	
16,03	0,57	
16,035	0,56	
16,04	0,55	
16,045	0,53	
16,05	0,52	
16,055	0,5	
16,06	0,49	
16,065	0,46	
16,07	0,45	
16,075	0,44	
16,08	0,42	
16,085	0,41	
16,09	0,4	
16,095	0,38	
16,1	0,36	
16,105	0,34	
16,11	0,31	
16,115	0,3	
16,12	0,28	
16,125	0,26	
16,13	0,25	
16,135	0,23	
16,14	0,21	
16,145	0,2	
16,15	0,18	
16,155	0,15	
16,16	0,14	
16,165	0,12	
16,17	0,1	
16,175	0,08	
16,18	0,07	
16,185	0,05	
16,19	0,03	
16,195	0,02	
16,2	0,03	
16,205	-0,03	
16,21	-0,05	
16,215	-0,07	
16,22	-0,09	
16,225	-0,11	
16,23	-0,13	
16,235	-0,14	
16,24	-0,16	
16,245	-0,18	
16,25	-0,2	
16,255	-0,22	
16,26	-0,24	
16,265	-0,25	
16,27	-0,27	
16,275	-0,29	
16,28	-0,3	
16,285	-0,32	
16,29	-0,34	
16,295	-0,37	
16,3	-0,38	
16,305	-0,4	
16,31	-0,42	
16,315	-0,43	
16,32	-0,45	
16,325	-0,46	
16,33	-0,48	
16,335	-0,49	
16,34	-0,52	
16,345	-0,53	
16,35	-0,54	
16,355	-0,55	
16,36	-0,57	
16,365	-0,58	
16,37	-0,59	
16,375	-0,61	
16,38	-0,62	
16,385	-0,64	
16,39	-0,65	
16,395	-0,66	
16,4	-0,66	
16,405	-0,66	
16,41	-0,67	
16,415	-0,69	
16,42	-0,71	
16,425	-0,73	
16,43	-0,75	
16,435	-0,75	
16,44	-0,76	
16,445	-0,75	
16,45	-0,75	
16,455	-0,75	
16,46	-0,76	
16,465	-0,77	
16,47	-0,78	
16,475	-0,8	
16,48	-0,81	
16,485	-0,81	
16,49	-0,81	
16,495	-0,81	
16,5	-0,8	
16,505	-0,8	
16,51	-0,8	
16,515	-0,81	
16,52	-0,82	
16,525	-0,82	
16,53	-0,82	
16,535	-0,82	
16,54	-0,82	
16,545	-0,81	
16,55	-0,82	
16,555	-0,81	
16,56	-0,81	
16,565	-0,81	
16,57	-0,81	
16,575	-0,8	
16,58	-0,8	
16,585	-0,79	
16,59	-0,78	
16,595	-0,78	
16,6	-0,78	
16,605	-0,77	
16,61	-0,75	
16,615	-0,75	
16,62	-0,74	
16,625	-0,73	
16,63	-0,73	
16,635	-0,73	
16,64	-0,72	
16,645	-0,71	
16,65	-0,7	
16,655	-0,67	
16,66	-0,66	
16,665	-0,65	
16,67	-0,64	
16,675	-0,63	
16,68	-0,62	
16,685	-0,61	
16,69	-0,61	
16,695	-0,59	
16,7	-0,58	
16,705	-0,55	
16,71	-0,53	
16,715	-0,51	
16,72	-0,5	
16,725	-0,49	
16,73	-0,48	
16,735	-0,47	
16,74	-0,46	
16,745	-0,45	
16,75	-0,42	
16,755	-0,39	
16,76	-0,38	
16,765	-0,36	
16,77	-0,34	
16,775	-0,33	
16,78	-0,32	
16,785	-0,3	
16,79	-0,28	
16,795	-0,25	
16,8	-0,23	
16,805	-0,21	
16,81	-0,19	
16,815	-0,17	
16,82	-0,16	
16,825	-0,15	
16,83	-0,14	
16,835	-0,12	
16,84	-0,09	
16,845	-0,06	
16,85	-0,04	
16,855	-0,01	
16,86	0,01	
16,865	0,02	
16,87	0,03	
16,875	0,04	
16,88	0,06	
16,885	0,08	
16,89	0,11	
16,895	0,13	
16,9	0,16	
16,905	0,18	
16,91	0,2	
16,915	0,21	
16,92	0,22	
16,925	0,23	
16,93	0,25	
16,935	0,27	
16,94	0,3	
16,945	0,32	
16,95	0,34	
16,955	0,36	
16,96	0,38	
16,965	0,39	
16,97	0,4	
16,975	0,41	
16,98	0,43	
16,985	0,45	
16,99	0,47	
16,995	0,49	
17,0	0,51	
17,005	0,52	
17,01	0,54	
17,015	0,55	
17,02	0,56	
17,025	0,57	
17,03	0,58	
17,035	0,6	
17,04	0,61	
17,045	0,63	
17,05	0,65	
17,055	0,66	
17,06	0,66	
17,065	0,68	
17,07	0,68	
17,075	0,69	
17,08	0,7	
17,085	0,72	
17,09	0,73	
17,095	0,74	
17,1	0,75	
17,105	0,76	
17,11	0,77	
17,115	0,77	
17,12	0,77	
17,125	0,78	
17,13	0,79	
17,135	0,79	
17,14	0,8	
17,145	0,8	
17,15	0,81	
17,155	0,81	
17,16	0,81	
17,165	0,81	
17,17	0,81	
17,175	0,82	
17,18	0,82	
17,185	0,82	
17,19	0,83	
17,195	0,83	
17,2	0,83	
17,205	0,82	
17,21	0,82	
17,215	0,81	
17,22	0,81	
17,225	0,81	
17,23	0,81	
17,235	0,81	
17,24	0,81	
17,245	0,81	
17,25	0,8	
17,255	0,79	
17,26	0,77	
17,265	0,77	
17,27	0,76	
17,275	0,76	
17,28	0,75	
17,285	0,76	
17,29	0,75	
17,295	0,74	
17,3	0,73	
17,305	0,71	
17,31	0,7	
17,315	0,68	
17,32	0,67	
17,325	0,66	
17,33	0,65	
17,335	0,65	
17,34	0,64	
17,345	0,63	
17,35	0,62	
17,355	0,6	
17,36	0,58	
17,365	0,56	
17,37	0,55	
17,375	0,53	
17,38	0,52	
17,385	0,51	
17,39	0,5	
17,395	0,49	
17,4	0,47	
17,405	0,45	
17,41	0,43	
17,415	0,41	
17,42	0,39	
17,425	0,38	
17,43	0,36	
17,435	0,35	
17,44	0,33	
17,445	0,31	
17,45	0,29	
17,455	0,27	
17,46	0,25	
17,465	0,23	
17,47	0,21	
17,475	0,19	
17,48	0,17	
17,485	0,16	
17,49	0,14	
17,495	0,12	
17,5	0,1	
17,505	0,08	
17,51	0,06	
17,515	0,04	
17,52	0,02	
17,525	0	
17,53	-0,01	
17,535	-0,03	
17,54	-0,05	
17,545	-0,06	
17,55	-0,09	
17,555	-0,11	
17,56	-0,13	
17,565	-0,17	
17,57	-0,19	
17,575	-0,2	
17,58	-0,21	
17,585	-0,23	
17,59	-0,24	
17,595	-0,26	
17,6	-0,28	
17,605	-0,3	
17,61	-0,33	
17,615	-0,34	
17,62	-0,36	
17,625	-0,37	
17,63	-0,39	
17,635	-0,4	
17,64	-0,42	
17,645	-0,43	
17,65	-0,45	
17,655	-0,47	
17,66	-0,5	
17,665	-0,51	
17,67	-0,52	
17,675	-0,54	
17,68	-0,55	
17,685	-0,56	
17,69	-0,57	
17,695	-0,59	
17,7	-0,6	
17,705	-0,62	
17,71	-0,63	
17,715	-0,64	
17,72	-0,65	
17,725	-0,66	
17,73	-0,67	
17,735	-0,68	
17,74	-0,69	
17,745	-0,7	
17,75	-0,73	
17,755	-0,74	
17,76	-0,74	
17,765	-0,75	
17,77	-0,75	
17,775	-0,76	
17,78	-0,76	
17,785	-0,77	
17,79	-0,78	
17,795	-0,79	
17,8	-0,8	
17,805	-0,8	
17,81	-0,8	
17,815	-0,81	
17,82	-0,81	
17,825	-0,81	
17,83	-0,81	
17,835	-0,81	
17,84	-0,82	
17,845	-0,83	
17,85	-0,83	
17,855	-0,83	
17,86	-0,83	
17,865	-0,83	
17,87	-0,82	
17,875	-0,82	
17,88	-0,82	
17,885	-0,81	
17,89	-0,82	
17,895	-0,82	
17,9	-0,81	
17,905	-0,81	
17,91	-0,81	
17,915	-0,8	
17,92	-0,79	
17,925	-0,78	
17,93	-0,77	
17,935	-0,76	
17,94	-0,76	
17,945	-0,75	
17,95	-0,75	
17,955	-0,74	
17,96	-0,73	
17,965	-0,72	
17,97	-0,71	
17,975	-0,69	
17,98	-0,68	
17,985	-0,68	
17,99	-0,67	
17,995	-0,66	
18,0	-0,65	
18,005	-0,64	
18,01	-0,63	
18,015	-0,61	
18,02	-0,59	
18,025	-0,57	
18,03	-0,55	
18,035	-0,54	
18,04	-0,53	
18,045	-0,52	
18,05	-0,51	
18,055	-0,5	
18,06	-0,49	
18,065	-0,46	
18,07	-0,44	
18,075	-0,42	
18,08	-0,4	
18,085	-0,39	
18,09	-0,38	
18,095	-0,37	
18,1	-0,35	
18,105	-0,34	
18,11	-0,32	
18,115	-0,28	
18,12	-0,26	
18,125	-0,24	
18,13	-0,22	
18,135	-0,21	
18,14	-0,2	
18,145	-0,18	
18,15	-0,16	
18,155	-0,14	
18,16	-0,11	
18,165	-0,09	
18,17	-0,07	
18,175	-0,05	
18,18	-0,04	
18,185	-0,02	
18,19	-0,01	
18,195	0,01	
18,2	0,03	
18,205	0,06	
18,21	0,09	
18,215	0,11	
18,22	0,13	
18,225	0,14	
18,23	0,16	
18,235	0,17	
18,24	0,18	
18,245	0,2	
18,25	0,23	
18,255	0,25	
18,26	0,27	
18,265	0,29	
18,27	0,31	
18,275	0,33	
18,28	0,34	
18,285	0,35	
18,29	0,37	
18,295	0,38	
18,3	0,4	
18,305	0,42	
18,31	0,44	
18,315	0,46	
18,32	0,48	
18,325	0,5	
18,33	0,51	
18,335	0,52	
18,34	0,54	
18,345	0,55	
18,35	0,56	
18,355	0,58	
18,36	0,59	
18,365	0,61	
18,37	0,62	
18,375	0,63	
18,38	0,64	
18,385	0,66	
18,39	0,67	
18,395	0,68	
18,4	0,69	
18,405	0,7	
18,41	0,71	
18,415	0,72	
18,42	0,73	
18,425	0,73	
18,43	0,74	
18,435	0,75	
18,44	0,76	
18,445	0,77	
18,45	0,78	
18,455	0,78	
18,46	0,79	
18,465	0,79	
18,47	0,8	
18,475	0,8	
18,48	0,81	
18,485	0,81	
18,49	0,81	
18,495	0,81	
18,5	0,82	
18,505	0,82	
18,51	0,83	
18,515	0,83	
18,52	0,83	
18,525	0,82	
18,53	0,82	
18,535	0,81	
18,54	0,81	
18,545	0,81	
18,55	0,81	
18,555	0,81	
18,56	0,81	
18,565	0,81	
18,57	0,81	
18,575	0,8	
18,58	0,79	
18,585	0,78	
18,59	0,77	
18,595	0,77	
18,6	0,76	
18,605	0,76	
18,61	0,75	
18,615	0,74	
18,62	0,74	
18,625	0,73	
18,63	0,72	
18,635	0,71	
18,64	0,69	
18,645	0,68	
18,65	0,67	
18,655	0,66	
18,66	0,65	
18,665	0,64	
18,67	0,63	
18,675	0,61	
18,68	0,6	
18,685	0,59	
18,69	0,57	
18,695	0,56	
18,7	0,55	
18,705	0,53	
18,71	0,52	
18,715	0,5	
18,72	0,48	
18,725	0,47	
18,73	0,45	
18,735	0,43	
18,74	0,42	
18,745	0,41	
18,75	0,39	
18,755	0,37	
18,76	0,35	
18,765	0,33	
18,77	0,31	
18,775	0,29	
18,78	0,28	
18,785	0,26	
18,79	0,25	
18,795	0,23	
18,8	0,21	
18,805	0,19	
18,81	0,17	
18,815	0,15	
18,82	0,13	
18,825	0,11	
18,83	0,09	
18,835	0,08	
18,84	0,05	
18,845	0,04	
18,85	0,02	
18,855	0	
18,86	-0,02	
18,865	-0,04	
18,87	-0,06	
18,875	-0,08	
18,88	-0,1	
18,885	-0,12	
18,89	-0,14	
18,895	-0,16	
18,9	-0,17	
18,905	-0,19	
18,91	-0,21	
18,915	-0,22	
18,92	-0,25	
18,925	-0,27	
18,93	-0,29	
18,935	-0,31	
18,94	-0,32	
18,945	-0,34	
18,95	-0,36	
18,955	-0,37	
18,96	-0,39	
18,965	-0,41	
18,97	-0,42	
18,975	-0,45	
18,98	-0,47	
18,985	-0,48	
18,99	-0,49	
18,995	-0,5	
19,0	-0,52	
19,005	-0,53	
19,01	-0,54	
19,015	-0,56	
19,02	-0,57	
19,025	-0,6	
19,03	-0,61	
19,035	-0,62	
19,04	-0,63	
19,045	-0,64	
19,05	-0,65	
19,055	-0,66	
19,06	-0,67	
19,065	-0,68	
19,07	-0,7	
19,075	-0,71	
19,08	-0,71	
19,085	-0,72	
19,09	-0,73	
19,095	-0,74	
19,1	-0,74	
19,105	-0,75	
19,11	-0,76	
19,115	-0,77	
19,12	-0,78	
19,125	-0,78	
19,13	-0,79	
19,135	-0,79	
19,14	-0,79	
19,145	-0,79	
19,15	-0,8	
19,155	-0,8	
19,16	-0,81	
19,165	-0,81	
19,17	-0,82	
19,175	-0,82	
19,18	-0,82	
19,185	-0,82	
19,19	-0,82	
19,195	-0,81	
19,2	-0,81	
19,205	-0,81	
19,21	-0,81	
19,215	-0,81	
19,22	-0,81	
19,225	-0,81	
19,23	-0,8	
19,235	-0,79	
19,24	-0,78	
19,245	-0,78	
19,25	-0,77	
19,255	-0,77	
19,26	-0,77	
19,265	-0,76	
19,27	-0,76	
19,275	-0,75	
19,28	-0,74	
19,285	-0,73	
19,29	-0,72	
19,295	-0,7	
19,3	-0,69	
19,305	-0,69	
19,31	-0,68	
19,315	-0,67	
19,32	-0,66	
19,325	-0,65	
19,33	-0,64	
19,335	-0,62	
19,34	-0,6	
19,345	-0,59	
19,35	-0,58	
19,355	-0,56	
19,36	-0,56	
19,365	-0,54	
19,37	-0,53	
19,375	-0,52	
19,38	-0,5	
19,385	-0,48	
19,39	-0,46	
19,395	-0,44	
19,4	-0,43	
19,405	-0,41	
19,41	-0,4	
19,415	-0,38	
19,42	-0,37	
19,425	-0,35	
19,43	-0,32	
19,435	-0,31	
19,44	-0,29	
19,445	-0,27	
19,45	-0,26	
19,455	-0,24	
19,46	-0,23	
19,465	-0,21	
19,47	-0,19	
19,475	-0,17	
19,48	-0,14	
19,485	-0,12	
19,49	-0,11	
19,495	-0,09	
19,5	-0,07	
19,505	-0,06	
19,51	-0,04	
19,515	-0,02	
19,52	0	
19,525	0,03	
19,53	0,04	
19,535	0,06	
19,54	0,08	
19,545	0,1	
19,55	0,12	
19,555	0,14	
19,56	0,15	
19,565	0,17	
19,57	0,19	
19,575	0,21	
19,58	0,23	
19,585	0,25	
19,59	0,27	
19,595	0,29	
19,6	0,3	
19,605	0,32	
19,61	0,34	
19,615	0,36	
19,62	0,38	
19,625	0,39	
19,63	0,41	
19,635	0,42	
19,64	0,43	
19,645	0,45	
19,65	0,47	
19,655	0,48	
19,66	0,5	
19,665	0,52	
19,67	0,53	
19,675	0,55	
19,68	0,56	
19,685	0,57	
19,69	0,58	
19,695	0,59	
19,7	0,61	
19,705	0,62	
19,71	0,63	
19,715	0,64	
19,72	0,65	
19,725	0,67	
19,73	0,67	
19,735	0,69	
19,74	0,7	
19,745	0,71	
19,75	0,72	
19,755	0,72	
19,76	0,73	
19,765	0,73	
19,77	0,74	
19,775	0,75	
19,78	0,76	
19,785	0,77	
19,79	0,77	
19,795	0,78	
19,8	0,78	
19,805	0,78	
19,81	0,78	
19,815	0,79	
19,82	0,79	
19,825	0,8	
19,83	0,8	
19,835	0,81	
19,84	0,81	
19,845	0,8	
19,85	0,8	
19,855	0,8	
19,86	0,8	
19,865	0,8	
19,87	0,8	
19,875	0,8	
19,88	0,8	
19,885	0,8	
19,89	0,79	
19,895	0,78	
19,9	0,78	
19,905	0,77	
19,91	0,76	
19,915	0,76	
19,92	0,76	
19,925	0,75	
19,93	0,75	
19,935	0,74	
19,94	0,73	
19,945	0,72	
19,95	0,71	
19,955	0,7	
19,96	0,69	
19,965	0,68	
19,97	0,68	
19,975	0,67	
19,98	0,66	
19,985	0,65	
19,99	0,64	
19,995	0,62	
20,0	0,61	
20,005	0,59	
20,01	0,58	
20,015	0,57	
20,02	0,56	
20,025	0,55	
20,03	0,53	
20,035	0,52	
20,04	0,5	
20,045	0,48	
20,05	0,47	
20,055	0,45	
20,06	0,44	
20,065	0,43	
20,07	0,41	
20,075	0,4	
20,08	0,38	
20,085	0,36	
20,09	0,34	
20,095	0,32	
20,1	0,3	
20,105	0,29	
20,11	0,27	
20,115	0,25	
20,12	0,24	
20,125	0,22	
20,13	0,2	
20,135	0,18	
20,14	0,16	
20,145	0,15	
20,15	0,13	
20,155	0,11	
20,16	0,09	
20,165	0,07	
20,17	0,05	
20,175	0,04	
20,18	0,02	
20,185	0	
20,19	-0,02	
20,195	-0,04	
20,2	-0,06	
20,205	-0,09	
20,21	-0,1	
20,215	-0,12	
20,22	-0,14	
20,225	-0,15	
20,23	-0,17	
20,235	-0,19	
20,24	-0,21	
20,245	-0,23	
20,25	-0,25	
20,255	-0,26	
20,26	-0,28	
20,265	-0,29	
20,27	-0,31	
20,275	-0,32	
20,28	-0,34	
20,285	-0,36	
20,29	-0,38	
20,295	-0,4	
20,3	-0,42	
20,305	-0,43	
20,31	-0,45	
20,315	-0,46	
20,32	-0,48	
20,325	-0,49	
20,33	-0,5	
20,335	-0,52	
20,34	-0,54	
20,345	-0,55	
20,35	-0,56	
20,355	-0,57	
20,36	-0,59	
20,365	-0,6	
20,37	-0,6	
20,375	-0,62	
20,38	-0,62	
20,385	-0,64	
20,39	-0,65	
20,395	-0,66	
20,4	-0,68	
20,405	-0,69	
20,41	-0,69	
20,415	-0,7	
20,42	-0,71	
20,425	-0,71	
20,43	-0,72	
20,435	-0,73	
20,44	-0,74	
20,445	-0,75	
20,45	-0,75	
20,455	-0,76	
20,46	-0,76	
20,465	-0,77	
20,47	-0,77	
20,475	-0,77	
20,48	-0,77	
20,485	-0,78	
20,49	-0,78	
20,495	-0,78	
20,5	-0,79	
20,505	-0,79	
20,51	-0,79	
20,515	-0,79	
20,52	-0,79	
20,525	-0,79	
20,53	-0,79	
20,535	-0,78	
20,54	-0,78	
20,545	-0,78	
20,55	-0,78	
20,555	-0,78	
20,56	-0,77	
20,565	-0,77	
20,57	-0,76	
20,575	-0,75	
20,58	-0,74	
20,585	-0,74	
20,59	-0,74	
20,595	-0,73	
20,6	-0,73	
20,605	-0,72	
20,61	-0,71	
20,615	-0,7	
20,62	-0,69	
20,625	-0,69	
20,63	-0,68	
20,635	-0,67	
20,64	-0,66	
20,645	-0,65	
20,65	-0,64	
20,655	-0,63	
20,66	-0,61	
20,665	-0,6	
20,67	-0,59	
20,675	-0,58	
20,68	-0,57	
20,685	-0,56	
20,69	-0,55	
20,695	-0,53	
20,7	-0,52	
20,705	-0,49	
20,71	-0,48	
20,715	-0,46	
20,72	-0,45	
20,725	-0,44	
20,73	-0,43	
20,735	-0,41	
20,74	-0,4	
20,745	-0,38	
20,75	-0,35	
20,755	-0,33	
20,76	-0,32	
20,765	-0,3	
20,77	-0,29	
20,775	-0,27	
20,78	-0,26	
20,785	-0,24	
20,79	-0,23	
20,795	-0,2	
20,8	-0,18	
20,805	-0,16	
20,81	-0,14	
20,815	-0,13	
20,82	-0,11	
20,825	-0,09	
20,83	-0,08	
20,835	-0,06	
20,84	-0,05	
20,845	-0,02	
20,85	0	
20,855	0,03	
20,86	0,04	
20,865	0,06	
20,87	0,07	
20,875	0,09	
20,88	0,1	
20,885	0,12	
20,89	0,14	
20,895	0,16	
20,9	0,18	
20,905	0,2	
20,91	0,22	
20,915	0,24	
20,92	0,25	
20,925	0,27	
20,93	0,28	
20,935	0,3	
20,94	0,32	
20,945	0,34	
20,95	0,36	
20,955	0,37	
20,96	0,39	
20,965	0,4	
20,97	0,41	
20,975	0,43	
20,98	0,45	
20,985	0,46	
20,99	0,48	
20,995	0,49	
21,0	0,5	
21,005	0,52	
21,01	0,53	
21,015	0,55	
21,02	0,56	
21,025	0,58	
21,03	0,59	
21,035	0,59	
21,04	0,6	
21,045	0,61	
21,05	0,63	
21,055	0,64	
21,06	0,65	
21,065	0,65	
21,07	0,67	
21,075	0,68	
21,08	0,68	
21,085	0,7	
21,09	0,7	
21,095	0,71	
21,1	0,71	
21,105	0,72	
21,11	0,72	
21,115	0,74	
21,12	0,75	
21,125	0,75	
21,13	0,76	
21,135	0,76	
21,14	0,76	
21,145	0,76	
21,15	0,76	
21,155	0,76	
21,16	0,77	
21,165	0,77	
21,17	0,78	
21,175	0,78	
21,18	0,77	
21,185	0,77	
21,19	0,77	
21,195	0,77	
21,2	0,76	
21,205	0,76	
21,21	0,76	
21,215	0,76	
21,22	0,76	
21,225	0,76	
21,23	0,76	
21,235	0,75	
21,24	0,75	
21,245	0,74	
21,25	0,73	
21,255	0,73	
21,26	0,73	
21,265	0,72	
21,27	0,71	
21,275	0,7	
21,28	0,69	
21,285	0,68	
21,29	0,67	
21,295	0,67	
21,3	0,65	
21,305	0,65	
21,31	0,64	
21,315	0,63	
21,32	0,62	
21,325	0,61	
21,33	0,59	
21,335	0,58	
21,34	0,57	
21,345	0,56	
21,35	0,55	
21,355	0,53	
21,36	0,52	
21,365	0,5	
21,37	0,49	
21,375	0,47	
21,38	0,46	
21,385	0,45	
21,39	0,43	
21,395	0,42	
21,4	0,41	
21,405	0,39	
21,41	0,38	
21,415	0,36	
21,42	0,34	
21,425	0,32	
21,43	0,31	
21,435	0,29	
21,44	0,28	
21,445	0,26	
21,45	0,25	
21,455	0,23	
21,46	0,21	
21,465	0,19	
21,47	0,17	
21,475	0,15	
21,48	0,13	
21,485	0,11	
21,49	0,1	
21,495	0,09	
21,5	0,07	
21,505	0,05	
21,51	0,03	
21,515	0,01	
21,52	-0,01	
21,525	-0,03	
21,53	-0,05	
21,535	-0,06	
21,54	-0,08	
21,545	-0,09	
21,55	-0,1	
21,555	-0,12	
21,56	-0,14	
21,565	-0,16	
21,57	-0,2	
21,575	-0,21	
21,58	-0,22	
21,585	-0,24	
21,59	-0,25	
21,595	-0,26	
21,6	-0,28	
21,605	-0,3	
21,61	-0,31	
21,615	-0,34	
21,62	-0,36	
21,625	-0,37	
21,63	-0,38	
21,635	-0,39	
21,64	-0,41	
21,645	-0,42	
21,65	-0,43	
21,655	-0,45	
21,66	-0,47	
21,665	-0,49	
21,67	-0,5	
21,675	-0,51	
21,68	-0,52	
21,685	-0,54	
21,69	-0,55	
21,695	-0,56	
21,7	-0,57	
21,705	-0,59	
21,71	-0,6	
21,715	-0,61	
21,72	-0,62	
21,725	-0,63	
21,73	-0,64	
21,735	-0,65	
21,74	-0,65	
21,745	-0,66	
21,75	-0,67	
21,755	-0,68	
21,76	-0,68	
21,765	-0,69	
21,77	-0,7	
21,775	-0,71	
21,78	-0,71	
21,785	-0,72	
21,79	-0,73	
21,795	-0,74	
21,8	-0,74	
21,805	-0,74	
21,81	-0,74	
21,815	-0,74	
21,82	-0,74	
21,825	-0,74	
21,83	-0,75	
21,835	-0,75	
21,84	-0,75	
21,845	-0,76	
21,85	-0,76	
21,855	-0,75	
21,86	-0,75	
21,865	-0,75	
21,87	-0,75	
21,875	-0,75	
21,88	-0,75	
21,885	-0,75	
21,89	-0,75	
21,895	-0,74	
21,9	-0,74	
21,905	-0,73	
21,91	-0,72	
21,915	-0,72	
21,92	-0,71	
21,925	-0,71	
21,93	-0,71	
21,935	-0,7	
21,94	-0,69	
21,945	-0,68	
21,95	-0,68	
21,955	-0,67	
21,96	-0,66	
21,965	-0,66	
21,97	-0,65	
21,975	-0,64	
21,98	-0,63	
21,985	-0,61	
21,99	-0,6	
21,995	-0,58	
22,0	-0,57	
22,005	-0,56	
22,01	-0,55	
22,015	-0,54	
22,02	-0,54	
22,025	-0,52	
22,03	-0,51	
22,035	-0,5	
22,04	-0,48	
22,045	-0,47	
22,05	-0,45	
22,055	-0,44	
22,06	-0,42	
22,065	-0,41	
22,07	-0,4	
22,075	-0,38	
22,08	-0,37	
22,085	-0,35	
22,09	-0,33	
22,095	-0,31	
22,1	-0,3	
22,105	-0,28	
22,11	-0,27	
22,115	-0,25	
22,12	-0,23	
22,125	-0,22	
22,13	-0,2	
22,135	-0,18	
22,14	-0,16	
22,145	-0,15	
22,15	-0,13	
22,155	-0,12	
22,16	-0,1	
22,165	-0,09	
22,17	-0,07	
22,175	-0,04	
22,18	-0,02	
22,185	0	
22,19	0,02	
22,195	0,03	
22,2	0,04	
22,205	0,05	
22,21	0,08	
22,215	0,09	
22,22	0,11	
22,225	0,13	
22,23	0,15	
22,235	0,17	
22,24	0,18	
22,245	0,19	
22,25	0,21	
22,255	0,23	
22,26	0,25	
22,265	0,27	
22,27	0,29	
22,275	0,3	
22,28	0,32	
22,285	0,33	
22,29	0,34	
22,295	0,35	
22,3	0,37	
22,305	0,39	
22,31	0,41	
22,315	0,43	
22,32	0,45	
22,325	0,46	
22,33	0,47	
22,335	0,48	
22,34	0,48	
22,345	0,5	
22,35	0,51	
22,355	0,53	
22,36	0,54	
22,365	0,56	
22,37	0,57	
22,375	0,58	
22,38	0,59	
22,385	0,6	
22,39	0,61	
22,395	0,62	
22,4	0,63	
22,405	0,64	
22,41	0,65	
22,415	0,66	
22,42	0,67	
22,425	0,68	
22,43	0,68	
22,435	0,68	
22,44	0,69	
22,445	0,69	
22,45	0,7	
22,455	0,71	
22,46	0,72	
22,465	0,72	
22,47	0,73	
22,475	0,73	
22,48	0,73	
22,485	0,73	
22,49	0,74	
22,495	0,74	
22,5	0,74	
22,505	0,75	
22,51	0,74	
22,515	0,75	
22,52	0,75	
22,525	0,74	
22,53	0,74	
22,535	0,74	
22,54	0,74	
22,545	0,74	
22,55	0,74	
22,555	0,74	
22,56	0,74	
22,565	0,73	
22,57	0,73	
22,575	0,72	
22,58	0,71	
22,585	0,71	
22,59	0,71	
22,595	0,7	
22,6	0,7	
22,605	0,69	
22,61	0,68	
22,615	0,67	
22,62	0,66	
22,625	0,66	
22,63	0,65	
22,635	0,64	
22,64	0,63	
22,645	0,62	
22,65	0,62	
22,655	0,6	
22,66	0,59	
22,665	0,58	
22,67	0,57	
22,675	0,56	
22,68	0,55	
22,685	0,54	
22,69	0,52	
22,695	0,51	
22,7	0,5	
22,705	0,49	
22,71	0,47	
22,715	0,46	
22,72	0,44	
22,725	0,43	
22,73	0,42	
22,735	0,41	
22,74	0,39	
22,745	0,38	
22,75	0,36	
22,755	0,34	
22,76	0,32	
22,765	0,31	
22,77	0,3	
22,775	0,28	
22,78	0,27	
22,785	0,25	
22,79	0,23	
22,795	0,22	
22,8	0,19	
22,805	0,17	
22,81	0,16	
22,815	0,14	
22,82	0,13	
22,825	0,11	
22,83	0,1	
22,835	0,08	
22,84	0,07	
22,845	0,04	
22,85	0,02	
22,855	0	
22,86	-0,02	
22,865	-0,03	
22,87	-0,04	
22,875	-0,06	
22,88	-0,07	
22,885	-0,09	
22,89	-0,12	
22,895	-0,13	
22,9	-0,15	
22,905	-0,17	
22,91	-0,18	
22,915	-0,2	
22,92	-0,22	
22,925	-0,23	
22,93	-0,24	
22,935	-0,27	
22,94	-0,28	
22,945	-0,3	
22,95	-0,31	
22,955	-0,32	
22,96	-0,34	
22,965	-0,35	
22,97	-0,36	
22,975	-0,38	
22,98	-0,41	
22,985	-0,43	
22,99	-0,44	
22,995	-0,45	
23,0	-0,47	
23,005	-0,47	
23,01	-0,48	
23,015	-0,49	
23,02	-0,5	
23,025	-0,52	
23,03	-0,53	
23,035	-0,55	
23,04	-0,56	
23,045	-0,57	
23,05	-0,57	
23,055	-0,58	
23,06	-0,59	
23,065	-0,6	
23,07	-0,62	
23,075	-0,63	
23,08	-0,64	
23,085	-0,65	
23,09	-0,65	
23,095	-0,66	
23,1	-0,66	
23,105	-0,67	
23,11	-0,68	
23,115	-0,69	
23,12	-0,7	
23,125	-0,7	
23,13	-0,71	
23,135	-0,71	
23,14	-0,71	
23,145	-0,71	
23,15	-0,71	
23,155	-0,72	
23,16	-0,72	
23,165	-0,73	
23,17	-0,74	
23,175	-0,74	
23,18	-0,74	
23,185	-0,74	
23,19	-0,74	
23,195	-0,73	
23,2	-0,73	
23,205	-0,73	
23,21	-0,73	
23,215	-0,73	
23,22	-0,73	
23,225	-0,73	
23,23	-0,73	
23,235	-0,72	
23,24	-0,72	
23,245	-0,71	
23,25	-0,71	
23,255	-0,7	
23,26	-0,7	
23,265	-0,7	
23,27	-0,69	
23,275	-0,69	
23,28	-0,68	
23,285	-0,67	
23,29	-0,66	
23,295	-0,65	
23,3	-0,64	
23,305	-0,64	
23,31	-0,63	
23,315	-0,62	
23,32	-0,61	
23,325	-0,6	
23,33	-0,59	
23,335	-0,58	
23,34	-0,57	
23,345	-0,56	
23,35	-0,55	
23,355	-0,54	
23,36	-0,53	
23,365	-0,51	
23,37	-0,5	
23,375	-0,49	
23,38	-0,47	
23,385	-0,46	
23,39	-0,44	
23,395	-0,43	
23,4	-0,41	
23,405	-0,4	
23,41	-0,39	
23,415	-0,38	
23,42	-0,36	
23,425	-0,34	
23,43	-0,32	
23,435	-0,31	
23,44	-0,29	
23,445	-0,28	
23,45	-0,27	
23,455	-0,25	
23,46	-0,23	
23,465	-0,21	
23,47	-0,19	
23,475	-0,18	
23,48	-0,16	
23,485	-0,15	
23,49	-0,13	
23,495	-0,12	
23,5	-0,11	
23,505	-0,09	
23,51	-0,07	
23,515	-0,05	
23,52	-0,03	
23,525	-0,01	
23,53	0,01	
23,535	0,02	
23,54	0,04	
23,545	0,05	
23,55	0,07	
23,555	0,09	
23,56	0,11	
23,565	0,12	
23,57	0,15	
23,575	0,16	
23,58	0,18	
23,585	0,19	
23,59	0,21	
23,595	0,22	
23,6	0,24	
23,605	0,26	
23,61	0,27	
23,615	0,29	
23,62	0,31	
23,625	0,32	
23,63	0,33	
23,635	0,35	
23,64	0,36	
23,645	0,38	
23,65	0,4	
23,655	0,42	
23,66	0,43	
23,665	0,44	
23,67	0,45	
23,675	0,46	
23,68	0,48	
23,685	0,49	
23,69	0,51	
23,695	0,52	
23,7	0,53	
23,705	0,54	
23,71	0,55	
23,715	0,56	
23,72	0,57	
23,725	0,58	
23,73	0,59	
23,735	0,6	
23,74	0,61	
23,745	0,63	
23,75	0,63	
23,755	0,64	
23,76	0,65	
23,765	0,65	
23,77	0,66	
23,775	0,67	
23,78	0,68	
23,785	0,68	
23,79	0,69	
23,795	0,7	
23,8	0,7	
23,805	0,7	
23,81	0,7	
23,815	0,7	
23,82	0,71	
23,825	0,71	
23,83	0,72	
23,835	0,72	
23,84	0,73	
23,845	0,73	
23,85	0,73	
23,855	0,73	
23,86	0,73	
23,865	0,73	
23,87	0,73	
23,875	0,73	
23,88	0,73	
23,885	0,74	
23,89	0,73	
23,895	0,73	
23,9	0,72	
23,905	0,72	
23,91	0,71	
23,915	0,71	
23,92	0,71	
23,925	0,7	
23,93	0,7	
23,935	0,7	
23,94	0,69	
23,945	0,68	
23,95	0,67	
23,955	0,66	
23,96	0,66	
23,965	0,65	
23,97	0,65	
23,975	0,64	
23,98	0,63	
23,985	0,62	
23,99	0,61	
23,995	0,6	
24,0	0,58	
24,005	0,57	
24,01	0,56	
24,015	0,55	
24,02	0,55	
24,025	0,53	
24,03	0,52	
24,035	0,51	
24,04	0,49	
24,045	0,48	
24,05	0,46	
24,055	0,45	
24,06	0,44	
24,065	0,44	
24,07	0,43	
24,075	0,41	
24,08	0,39	
24,085	0,38	
24,09	0,36	
24,095	0,34	
24,1	0,33	
24,105	0,31	
24,11	0,3	
24,115	0,29	
24,12	0,27	
24,125	0,25	
24,13	0,23	
24,135	0,21	
24,14	0,2	
24,145	0,18	
24,15	0,17	
24,155	0,15	
24,16	0,14	
24,165	0,12	
24,17	0,11	
24,175	0,09	
24,18	0,07	
24,185	0,05	
24,19	0,03	
24,195	0,02	
24,2	0	
24,205	-0,02	
24,21	-0,04	
24,215	-0,06	
24,22	-0,07	
24,225	-0,09	
24,23	-0,11	
24,235	-0,12	
24,24	-0,14	
24,245	-0,16	
24,25	-0,17	
24,255	-0,19	
24,26	-0,21	
24,265	-0,22	
24,27	-0,24	
24,275	-0,26	
24,28	-0,27	
24,285	-0,29	
24,29	-0,3	
24,295	-0,31	
24,3	-0,33	
24,305	-0,34	
24,31	-0,36	
24,315	-0,37	
24,32	-0,39	
24,325	-0,41	
24,33	-0,42	
24,335	-0,44	
24,34	-0,45	
24,345	-0,46	
24,35	-0,47	
24,355	-0,49	
24,36	-0,5	
24,365	-0,52	
24,37	-0,53	
24,375	-0,54	
24,38	-0,55	
24,385	-0,56	
24,39	-0,57	
24,395	-0,58	
24,4	-0,59	
24,405	-0,6	
24,41	-0,61	
24,415	-0,62	
24,42	-0,63	
24,425	-0,64	
24,43	-0,65	
24,435	-0,66	
24,44	-0,67	
24,445	-0,67	
24,45	-0,68	
24,455	-0,68	
24,46	-0,69	
24,465	-0,69	
24,47	-0,7	
24,475	-0,7	
24,48	-0,71	
24,485	-0,71	
24,49	-0,72	
24,495	-0,72	
24,5	-0,73	
24,505	-0,73	
24,51	-0,73	
24,515	-0,73	
24,52	-0,73	
24,525	-0,73	
24,53	-0,73	
24,535	-0,73	
24,54	-0,73	
24,545	-0,74	
24,55	-0,74	
24,555	-0,73	
24,56	-0,73	
24,565	-0,73	
24,57	-0,73	
24,575	-0,72	
24,58	-0,72	
24,585	-0,72	
24,59	-0,71	
24,595	-0,71	
24,6	-0,7	
24,605	-0,7	
24,61	-0,69	
24,615	-0,69	
24,62	-0,68	
24,625	-0,67	
24,63	-0,66	
24,635	-0,66	
24,64	-0,65	
24,645	-0,64	
24,65	-0,63	
24,655	-0,62	
24,66	-0,61	
24,665	-0,6	
24,67	-0,59	
24,675	-0,58	
24,68	-0,57	
24,685	-0,57	
24,69	-0,56	
24,695	-0,54	
24,7	-0,53	
24,705	-0,52	
24,71	-0,5	
24,715	-0,48	
24,72	-0,47	
24,725	-0,46	
24,73	-0,45	
24,735	-0,44	
24,74	-0,43	
24,745	-0,41	
24,75	-0,4	
24,755	-0,37	
24,76	-0,36	
24,765	-0,34	
24,77	-0,33	
24,775	-0,32	
24,78	-0,31	
24,785	-0,29	
24,79	-0,28	
24,795	-0,26	
24,8	-0,24	
24,805	-0,22	
24,81	-0,2	
24,815	-0,18	
24,82	-0,17	
24,825	-0,16	
24,83	-0,15	
24,835	-0,13	
24,84	-0,12	
24,845	-0,08	
24,85	-0,06	
24,855	-0,04	
24,86	-0,03	
24,865	-0,01	
24,87	0	
24,875	0,01	
24,88	0,03	
24,885	0,04	
24,89	0,07	
24,895	0,09	
24,9	0,11	
24,905	0,12	
24,91	0,13	
24,915	0,15	
24,92	0,16	
24,925	0,18	
24,93	0,19	
24,935	0,22	
24,94	0,24	
24,945	0,26	
24,95	0,27	
24,955	0,28	
24,96	0,3	
24,965	0,31	
24,97	0,33	
24,975	0,34	
24,98	0,36	
24,985	0,38	
24,99	0,4	
24,995	0,41	
25,0	0,43	
25,005	0,44	
25,01	0,45	
25,015	0,46	
25,02	0,47	
25,025	0,48	
25,03	0,5	
25,035	0,52	
25,04	0,53	
25,045	0,54	
25,05	0,55	
25,055	0,56	
25,06	0,57	
25,065	0,58	
25,07	0,6	
25,075	0,61	
25,08	0,62	
25,085	0,63	
25,09	0,63	
25,095	0,64	
25,1	0,65	
25,105	0,66	
25,11	0,67	
25,115	0,68	
25,12	0,69	
25,125	0,69	
25,13	0,69	
25,135	0,7	
25,14	0,71	
25,145	0,71	
25,15	0,72	
25,155	0,72	
25,16	0,73	
25,165	0,73	
25,17	0,74	
25,175	0,74	
25,18	0,74	
25,185	0,74	
25,19	0,74	
25,195	0,74	
25,2	0,74	
25,205	0,74	
25,21	0,74	
25,215	0,74	
25,22	0,74	
25,225	0,74	
25,23	0,73	
25,235	0,73	
25,24	0,73	
25,245	0,73	
25,25	0,73	
25,255	0,73	
25,26	0,72	
25,265	0,72	
25,27	0,71	
25,275	0,7	
25,28	0,69	
25,285	0,69	
25,29	0,68	
25,295	0,68	
25,3	0,67	
25,305	0,66	
25,31	0,65	
25,315	0,64	
25,32	0,63	
25,325	0,62	
25,33	0,61	
25,335	0,61	
25,34	0,6	
25,345	0,59	
25,35	0,58	
25,355	0,57	
25,36	0,56	
25,365	0,54	
25,37	0,53	
25,375	0,51	
25,38	0,5	
25,385	0,49	
25,39	0,48	
25,395	0,47	
25,4	0,46	
25,405	0,45	
25,41	0,43	
25,415	0,42	
25,42	0,4	
25,425	0,38	
25,43	0,37	
25,435	0,35	
25,44	0,34	
25,445	0,32	
25,45	0,31	
25,455	0,29	
25,46	0,28	
25,465	0,26	
25,47	0,24	
25,475	0,22	
25,48	0,21	
25,485	0,19	
25,49	0,17	
25,495	0,16	
25,5	0,14	
25,505	0,12	
25,51	0,1	
25,515	0,09	
25,52	0,07	
25,525	0,05	
25,53	0,03	
25,535	0,02	
25,54	0	
25,545	-0,02	
25,55	-0,03	
25,555	-0,05	
25,56	-0,07	
25,565	-0,08	
25,57	-0,1	
25,575	-0,12	
25,58	-0,14	
25,585	-0,16	
25,59	-0,17	
25,595	-0,19	
25,6	-0,21	
25,605	-0,22	
25,61	-0,24	
25,615	-0,26	
25,62	-0,28	
25,625	-0,29	
25,63	-0,31	
25,635	-0,32	
25,64	-0,34	
25,645	-0,35	
25,65	-0,37	
25,655	-0,38	
25,66	-0,39	
25,665	-0,41	
25,67	-0,43	
25,675	-0,44	
25,68	-0,45	
25,685	-0,47	
25,69	-0,48	
25,695	-0,5	
25,7	-0,51	
25,705	-0,52	
25,71	-0,54	
25,715	-0,55	
25,72	-0,56	
25,725	-0,57	
25,73	-0,58	
25,735	-0,59	
25,74	-0,6	
25,745	-0,61	
25,75	-0,62	
25,755	-0,63	
25,76	-0,65	
25,765	-0,65	
25,77	-0,65	
25,775	-0,66	
25,78	-0,67	
25,785	-0,68	
25,79	-0,69	
25,795	-0,69	
25,8	-0,7	
25,805	-0,71	
25,81	-0,72	
25,815	-0,72	
25,82	-0,73	
25,825	-0,73	
25,83	-0,73	
25,835	-0,74	
25,84	-0,74	
25,845	-0,74	
25,85	-0,75	
25,855	-0,75	
25,86	-0,75	
25,865	-0,75	
25,87	-0,75	
25,875	-0,75	
25,88	-0,75	
25,885	-0,75	
25,89	-0,75	
25,895	-0,75	
25,9	-0,74	
25,905	-0,74	
25,91	-0,74	
25,915	-0,74	
25,92	-0,74	
25,925	-0,74	
25,93	-0,73	
25,935	-0,73	
25,94	-0,72	
25,945	-0,71	
25,95	-0,7	
25,955	-0,7	
25,96	-0,69	
25,965	-0,69	
25,97	-0,68	
25,975	-0,67	
25,98	-0,66	
25,985	-0,65	
25,99	-0,64	
25,995	-0,63	
26,0	-0,62	
26,005	-0,61	
26,01	-0,61	
26,015	-0,6	
26,02	-0,59	
26,025	-0,58	
26,03	-0,56	
26,035	-0,54	
26,04	-0,53	
26,045	-0,52	
26,05	-0,51	
26,055	-0,5	
26,06	-0,49	
26,065	-0,48	
26,07	-0,46	
26,075	-0,44	
26,08	-0,43	
26,085	-0,41	
26,09	-0,4	
26,095	-0,39	
26,1	-0,37	
26,105	-0,36	
26,11	-0,35	
26,115	-0,33	
26,12	-0,3	
26,125	-0,29	
26,13	-0,27	
26,135	-0,26	
26,14	-0,24	
26,145	-0,23	
26,15	-0,21	
26,155	-0,2	
26,16	-0,18	
26,165	-0,15	
26,17	-0,13	
26,175	-0,11	
26,18	-0,1	
26,185	-0,08	
26,19	-0,06	
26,195	-0,05	
26,2	-0,04	
26,205	-0,02	
26,21	0,01	
26,215	0,02	
26,22	0,04	
26,225	0,06	
26,23	0,08	
26,235	0,09	
26,24	0,11	
26,245	0,12	
26,25	0,14	
26,255	0,16	
26,26	0,18	
26,265	0,2	
26,27	0,21	
26,275	0,23	
26,28	0,25	
26,285	0,26	
26,29	0,28	
26,295	0,3	
26,3	0,32	
26,305	0,33	
26,31	0,35	
26,315	0,36	
26,32	0,38	
26,325	0,4	
26,33	0,41	
26,335	0,43	
26,34	0,44	
26,345	0,45	
26,35	0,47	
26,355	0,48	
26,36	0,49	
26,365	0,51	
26,37	0,52	
26,375	0,53	
26,38	0,54	
26,385	0,55	
26,39	0,57	
26,395	0,58	
26,4	0,59	
26,405	0,61	
26,41	0,62	
26,415	0,62	
26,42	0,63	
26,425	0,64	
26,43	0,65	
26,435	0,66	
26,44	0,67	
26,445	0,68	
26,45	0,69	
26,455	0,7	
26,46	0,7	
26,465	0,71	
26,47	0,71	
26,475	0,72	
26,48	0,73	
26,485	0,73	
26,49	0,74	
26,495	0,74	
26,5	0,74	
26,505	0,75	
26,51	0,75	
26,515	0,75	
26,52	0,76	
26,525	0,76	
26,53	0,76	
26,535	0,76	
26,54	0,77	
26,545	0,76	
26,55	0,76	
26,555	0,75	
26,56	0,75	
26,565	0,75	
26,57	0,75	
26,575	0,75	
26,58	0,75	
26,585	0,75	
26,59	0,74	
26,595	0,73	
26,6	0,73	
26,605	0,72	
26,61	0,72	
26,615	0,72	
26,62	0,71	
26,625	0,71	
26,63	0,7	
26,635	0,69	
26,64	0,69	
26,645	0,67	
26,65	0,66	
26,655	0,66	
26,66	0,65	
26,665	0,64	
26,67	0,63	
26,675	0,62	
26,68	0,61	
26,685	0,6	
26,69	0,58	
26,695	0,57	
26,7	0,55	
26,705	0,54	
26,71	0,53	
26,715	0,52	
26,72	0,51	
26,725	0,5	
26,73	0,49	
26,735	0,47	
26,74	0,45	
26,745	0,44	
26,75	0,42	
26,755	0,41	
26,76	0,4	
26,765	0,38	
26,77	0,37	
26,775	0,35	
26,78	0,33	
26,785	0,32	
26,79	0,3	
26,795	0,28	
26,8	0,27	
26,805	0,25	
26,81	0,24	
26,815	0,22	
26,82	0,21	
26,825	0,19	
26,83	0,17	
26,835	0,15	
26,84	0,13	
26,845	0,11	
26,85	0,09	
26,855	0,07	
26,86	0,06	
26,865	0,04	
26,87	0,03	
26,875	0,01	
26,88	-0,02	
26,885	-0,04	
26,89	-0,05	
26,895	-0,08	
26,9	-0,09	
26,905	-0,1	
26,91	-0,12	
26,915	-0,14	
26,92	-0,15	
26,925	-0,17	
26,93	-0,19	
26,935	-0,21	
26,94	-0,23	
26,945	-0,25	
26,95	-0,26	
26,955	-0,28	
26,96	-0,3	
26,965	-0,31	
26,97	-0,33	
26,975	-0,35	
26,98	-0,36	
26,985	-0,39	
26,99	-0,4	
26,995	-0,41	
27,0	-0,42	
27,005	-0,44	
27,01	-0,45	
27,015	-0,46	
27,02	-0,48	
27,025	-0,49	
27,03	-0,52	
27,035	-0,53	
27,04	-0,54	
27,045	-0,55	
27,05	-0,56	
27,055	-0,57	
27,06	-0,59	
27,065	-0,6	
27,07	-0,61	
27,075	-0,62	
27,08	-0,64	
27,085	-0,64	
27,09	-0,65	
27,095	-0,66	
27,1	-0,67	
27,105	-0,68	
27,11	-0,69	
27,115	-0,69	
27,12	-0,7	
27,125	-0,71	
27,13	-0,72	
27,135	-0,72	
27,14	-0,73	
27,145	-0,74	
27,15	-0,74	
27,155	-0,75	
27,16	-0,76	
27,165	-0,76	
27,17	-0,76	
27,175	-0,76	
27,18	-0,76	
27,185	-0,76	
27,19	-0,76	
27,195	-0,77	
27,2	-0,77	
27,205	-0,77	
27,21	-0,77	
27,215	-0,77	
27,22	-0,77	
27,225	-0,77	
27,23	-0,77	
27,235	-0,77	
27,24	-0,77	
27,245	-0,76	
27,25	-0,76	
27,255	-0,75	
27,26	-0,75	
27,265	-0,74	
27,27	-0,74	
27,275	-0,73	
27,28	-0,73	
27,285	-0,73	
27,29	-0,72	
27,295	-0,71	
27,3	-0,71	
27,305	-0,69	
27,31	-0,68	
27,315	-0,68	
27,32	-0,67	
27,325	-0,66	
27,33	-0,66	
27,335	-0,65	
27,34	-0,64	
27,345	-0,63	
27,35	-0,61	
27,355	-0,6	
27,36	-0,59	
27,365	-0,57	
27,37	-0,56	
27,375	-0,55	
27,38	-0,54	
27,385	-0,53	
27,39	-0,52	
27,395	-0,49	
27,4	-0,48	
27,405	-0,46	
27,41	-0,45	
27,415	-0,44	
27,42	-0,42	
27,425	-0,41	
27,43	-0,4	
27,435	-0,39	
27,44	-0,36	
27,445	-0,34	
27,45	-0,33	
27,455	-0,31	
27,46	-0,29	
27,465	-0,28	
27,47	-0,26	
27,475	-0,24	
27,48	-0,23	
27,485	-0,2	
27,49	-0,18	
27,495	-0,16	
27,5	-0,15	
27,505	-0,13	
27,51	-0,12	
27,515	-0,1	
27,52	-0,09	
27,525	-0,07	
27,53	-0,04	
27,535	-0,02	
27,54	0	
27,545	0,02	
27,55	0,03	
27,555	0,05	
27,56	0,06	
27,565	0,08	
27,57	0,1	
27,575	0,12	
27,58	0,14	
27,585	0,16	
27,59	0,18	
27,595	0,2	
27,6	0,21	
27,605	0,23	
27,61	0,24	
27,615	0,25	
27,62	0,28	
27,625	0,3	
27,63	0,31	
27,635	0,33	
27,64	0,35	
27,645	0,37	
27,65	0,38	
27,655	0,4	
27,66	0,41	
27,665	0,43	
27,67	0,44	
27,675	0,46	
27,68	0,48	
27,685	0,49	
27,69	0,51	
27,695	0,52	
27,7	0,53	
27,705	0,54	
27,71	0,55	
27,715	0,56	
27,72	0,58	
27,725	0,59	
27,73	0,61	
27,735	0,62	
27,74	0,63	
27,745	0,64	
27,75	0,65	
27,755	0,66	
27,76	0,67	
27,765	0,68	
27,77	0,68	
27,775	0,69	
27,78	0,71	
27,785	0,71	
27,79	0,72	
27,795	0,73	
27,8	0,73	
27,805	0,74	
27,81	0,74	
27,815	0,75	
27,82	0,75	
27,825	0,76	
27,83	0,76	
27,835	0,77	
27,84	0,77	
27,845	0,77	
27,85	0,77	
27,855	0,77	
27,86	0,78	
27,865	0,78	
27,87	0,78	
27,875	0,78	
27,88	0,78	
27,885	0,78	
27,89	0,78	
27,895	0,78	
27,9	0,78	
27,905	0,78	
27,91	0,77	
27,915	0,77	
27,92	0,77	
27,925	0,76	
27,93	0,75	
27,935	0,75	
27,94	0,74	
27,945	0,74	
27,95	0,73	
27,955	0,73	
27,96	0,72	
27,965	0,71	
27,97	0,71	
27,975	0,7	
27,98	0,69	
27,985	0,68	
27,99	0,67	
27,995	0,66	
28,0	0,65	
28,005	0,64	
28,01	0,63	
28,015	0,63	
28,02	0,61	
28,025	0,6	
28,03	0,58	
28,035	0,57	
28,04	0,56	
28,045	0,54	
28,05	0,53	
28,055	0,52	
28,06	0,5	
28,065	0,49	
28,07	0,47	
28,075	0,46	
28,08	0,44	
28,085	0,43	
28,09	0,41	
28,095	0,4	
28,1	0,38	
28,105	0,37	
28,11	0,35	
28,115	0,33	
28,12	0,31	
28,125	0,29	
28,13	0,28	
28,135	0,27	
28,14	0,25	
28,145	0,23	
28,15	0,21	
28,155	0,2	
28,16	0,18	
28,165	0,15	
28,17	0,13	
28,175	0,12	
28,18	0,1	
28,185	0,09	
28,19	0,07	
28,195	0,05	
28,2	0,03	
28,205	0,01	
28,21	-0,01	
28,215	-0,04	
28,22	-0,05	
28,225	-0,07	
28,23	-0,08	
28,235	-0,1	
28,24	-0,11	
28,245	-0,13	
28,25	-0,16	
28,255	-0,18	
28,26	-0,21	
28,265	-0,22	
28,27	-0,24	
28,275	-0,25	
28,28	-0,26	
28,285	-0,28	
28,29	-0,3	
28,295	-0,31	
28,3	-0,33	
28,305	-0,35	
28,31	-0,37	
28,315	-0,39	
28,32	-0,4	
28,325	-0,41	
28,33	-0,42	
28,335	-0,44	
28,34	-0,45	
28,345	-0,47	
28,35	-0,5	
28,355	-0,51	
28,36	-0,52	
28,365	-0,54	
28,37	-0,55	
28,375	-0,56	
28,38	-0,57	
28,385	-0,58	
28,39	-0,6	
28,395	-0,61	
28,4	-0,62	
28,405	-0,64	
28,41	-0,64	
28,415	-0,65	
28,42	-0,66	
28,425	-0,67	
28,43	-0,68	
28,435	-0,69	
28,44	-0,7	
28,445	-0,71	
28,45	-0,72	
28,455	-0,72	
28,46	-0,73	
28,465	-0,74	
28,47	-0,74	
28,475	-0,75	
28,48	-0,75	
28,485	-0,76	
28,49	-0,77	
28,495	-0,77	
28,5	-0,77	
28,505	-0,77	
28,51	-0,77	
28,515	-0,78	
28,52	-0,78	
28,525	-0,78	
28,53	-0,78	
28,535	-0,78	
28,54	-0,78	
28,545	-0,79	
28,55	-0,79	
28,555	-0,79	
28,56	-0,78	
28,565	-0,78	
28,57	-0,78	
28,575	-0,77	
28,58	-0,77	
28,585	-0,77	
28,59	-0,77	
28,595	-0,77	
28,6	-0,76	
28,605	-0,75	
28,61	-0,75	
28,615	-0,74	
28,62	-0,73	
28,625	-0,72	
28,63	-0,71	
28,635	-0,71	
28,64	-0,7	
28,645	-0,69	
28,65	-0,68	
28,655	-0,68	
28,66	-0,67	
28,665	-0,66	
28,67	-0,64	
28,675	-0,63	
28,68	-0,62	
28,685	-0,61	
28,69	-0,59	
28,695	-0,59	
28,7	-0,58	
28,705	-0,56	
28,71	-0,55	
28,715	-0,53	
28,72	-0,52	
28,725	-0,5	
28,73	-0,49	
28,735	-0,47	
28,74	-0,46	
28,745	-0,45	
28,75	-0,43	
28,755	-0,42	
28,76	-0,4	
28,765	-0,38	
28,77	-0,37	
28,775	-0,35	
28,78	-0,33	
28,785	-0,31	
28,79	-0,29	
28,795	-0,28	
28,8	-0,26	
28,805	-0,24	
28,81	-0,23	
28,815	-0,21	
28,82	-0,19	
28,825	-0,17	
28,83	-0,15	
28,835	-0,13	
28,84	-0,11	
28,845	-0,1	
28,85	-0,08	
28,855	-0,06	
28,86	-0,04	
28,865	-0,02	
28,87	-0,01	
28,875	0,02	
28,88	0,03	
28,885	0,05	
28,89	0,06	
28,895	0,09	
28,9	0,1	
28,905	0,12	
28,91	0,14	
28,915	0,16	
28,92	0,18	
28,925	0,2	
28,93	0,22	
28,935	0,23	
28,94	0,25	
28,945	0,27	
28,95	0,28	
28,955	0,3	
28,96	0,32	
28,965	0,34	
28,97	0,35	
28,975	0,37	
28,98	0,38	
28,985	0,41	
28,99	0,42	
28,995	0,43	
29,0	0,45	
29,005	0,46	
29,01	0,48	
29,015	0,5	
29,02	0,51	
29,025	0,52	
29,03	0,54	
29,035	0,55	
29,04	0,56	
29,045	0,58	
29,05	0,59	
29,055	0,6	
29,06	0,62	
29,065	0,63	
29,07	0,64	
29,075	0,66	
29,08	0,66	
29,085	0,67	
29,09	0,68	
29,095	0,69	
29,1	0,7	
29,105	0,71	
29,11	0,72	
29,115	0,72	
29,12	0,73	
29,125	0,73	
29,13	0,74	
29,135	0,74	
29,14	0,75	
29,145	0,76	
29,15	0,77	
29,155	0,77	
29,16	0,77	
29,165	0,78	
29,17	0,78	
29,175	0,78	
29,18	0,78	
29,185	0,78	
29,19	0,79	
29,195	0,79	
29,2	0,79	
29,205	0,79	
29,21	0,79	
29,215	0,79	
29,22	0,78	
29,225	0,78	
29,23	0,78	
29,235	0,77	
29,24	0,78	
29,245	0,78	
29,25	0,78	
29,255	0,77	
29,26	0,76	
29,265	0,76	
29,27	0,75	
29,275	0,74	
29,28	0,74	
29,285	0,73	
29,29	0,72	
29,295	0,72	
29,3	0,71	
29,305	0,7	
29,31	0,69	
29,315	0,68	
29,32	0,67	
29,325	0,66	
29,33	0,65	
29,335	0,64	
29,34	0,63	
29,345	0,62	
29,35	0,61	
29,355	0,59	
29,36	0,58	
29,365	0,57	
29,37	0,56	
29,375	0,55	
29,38	0,53	
29,385	0,52	
29,39	0,51	
29,395	0,48	
29,4	0,47	
29,405	0,45	
29,41	0,44	
29,415	0,42	
29,42	0,41	
29,425	0,4	
29,43	0,38	
29,435	0,36	
29,44	0,34	
29,445	0,32	
29,45	0,3	
29,455	0,29	
29,46	0,28	
29,465	0,26	
29,47	0,25	
29,475	0,23	
29,48	0,21	
29,485	0,19	
29,49	0,17	
29,495	0,15	
29,5	0,13	
29,505	0,11	
29,51	0,1	
29,515	0,08	
29,52	0,06	
29,525	0,05	
29,53	0,02	
29,535	-0,01	
29,54	-0,03	
29,545	-0,05	
29,55	-0,06	
29,555	-0,08	
29,56	-0,09	
29,565	-0,1	
29,57	-0,12	
29,575	-0,14	
29,58	-0,17	
29,585	-0,19	
29,59	-0,21	
29,595	-0,22	
29,6	-0,24	
29,605	-0,25	
29,61	-0,26	
29,615	-0,28	
29,62	-0,29	
29,625	-0,32	
29,63	-0,34	
29,635	-0,36	
29,64	-0,38	
29,645	-0,4	
29,65	-0,41	
29,655	-0,42	
29,66	-0,43	
29,665	-0,45	
29,67	-0,47	
29,675	-0,48	
29,68	-0,5	
29,685	-0,52	
29,69	-0,53	
29,695	-0,54	
29,7	-0,55	
29,705	-0,56	
29,71	-0,57	
29,715	-0,59	
29,72	-0,61	
29,725	-0,63	
29,73	-0,64	
29,735	-0,65	
29,74	-0,65	
29,745	-0,66	
29,75	-0,66	
29,755	-0,67	
29,76	-0,69	
29,765	-0,7	
29,77	-0,71	
29,775	-0,72	
29,78	-0,73	
29,785	-0,73	
29,79	-0,73	
29,795	-0,73	
29,8	-0,74	
29,805	-0,74	
29,81	-0,75	
29,815	-0,76	
29,82	-0,77	
29,825	-0,77	
29,83	-0,78	
29,835	-0,78	
29,84	-0,78	
29,845	-0,77	
29,85	-0,77	
29,855	-0,78	
29,86	-0,78	
29,865	-0,79	
29,87	-0,8	
29,875	-0,8	
29,88	-0,8	
29,885	-0,79	
29,89	-0,78	
29,895	-0,77	
29,9	-0,77	
29,905	-0,76	
29,91	-0,77	
29,915	-0,77	
29,92	-0,77	
29,925	-0,77	
29,93	-0,76	
29,935	-0,75	
29,94	-0,74	
29,945	-0,73	
29,95	-0,72	
29,955	-0,71	
29,96	-0,71	
29,965	-0,71	
29,97	-0,71	
29,975	-0,7	
29,98	-0,69	
29,985	-0,66	
29,99	-0,65	
29,995	-0,64	
30,0	-0,63	
30,005	-0,62	
30,01	-0,62	
30,015	-0,61	
30,02	-0,6	
30,025	-0,59	
30,03	-0,57	
30,035	-0,55	
30,04	-0,53	
30,045	-0,51	
30,05	-0,5	
30,055	-0,49	
30,06	-0,48	
30,065	-0,47	
30,07	-0,46	
30,075	-0,45	
30,08	-0,42	
30,085	-0,4	
30,09	-0,38	
30,095	-0,36	
30,1	-0,35	
30,105	-0,33	
30,11	-0,32	
30,115	-0,31	
30,12	-0,3	
30,125	-0,27	
30,13	-0,25	
30,135	-0,23	
30,14	-0,21	
30,145	-0,19	
30,15	-0,17	
30,155	-0,16	
30,16	-0,15	
30,165	-0,14	
30,17	-0,12	
30,175	-0,1	
30,18	-0,07	
30,185	-0,05	
30,19	-0,03	
30,195	-0,01	
30,2	0,01	
30,205	0,02	
30,21	0,04	
30,215	0,06	
30,22	0,07	
30,225	0,09	
30,23	0,11	
30,235	0,14	
30,24	0,16	
30,245	0,17	
30,25	0,19	
30,255	0,2	
30,26	0,22	
30,265	0,24	
30,27	0,25	
30,275	0,27	
30,28	0,29	
30,285	0,31	
30,29	0,33	
30,295	0,34	
30,3	0,36	
30,305	0,38	
30,31	0,39	
30,315	0,4	
30,32	0,42	
30,325	0,44	
30,33	0,46	
30,335	0,48	
30,34	0,49	
30,345	0,5	
30,35	0,51	
30,355	0,52	
30,36	0,53	
30,365	0,54	
30,37	0,56	
30,375	0,58	
30,38	0,59	
30,385	0,61	
30,39	0,62	
30,395	0,63	
30,4	0,64	
30,405	0,64	
30,41	0,65	
30,415	0,66	
30,42	0,67	
30,425	0,68	
30,43	0,69	
30,435	0,7	
30,44	0,72	
30,445	0,72	
30,45	0,72	
30,455	0,72	
30,46	0,73	
30,465	0,73	
30,47	0,74	
30,475	0,75	
30,48	0,76	
30,485	0,77	
30,49	0,77	
30,495	0,77	
30,5	0,77	
30,505	0,76	
30,51	0,77	
30,515	0,77	
30,52	0,77	
30,525	0,78	
30,53	0,79	
30,535	0,79	
30,54	0,79	
30,545	0,78	
30,55	0,78	
30,555	0,77	
30,56	0,77	
30,565	0,76	
30,57	0,77	
30,575	0,77	
30,58	0,77	
30,585	0,76	
30,59	0,75	
30,595	0,75	
30,6	0,74	
30,605	0,73	
30,61	0,72	
30,615	0,71	
30,62	0,71	
30,625	0,7	
30,63	0,7	
30,635	0,69	
30,64	0,68	
30,645	0,67	
30,65	0,66	
30,655	0,65	
30,66	0,63	
30,665	0,62	
30,67	0,61	
30,675	0,6	
30,68	0,59	
30,685	0,58	
30,69	0,57	
30,695	0,56	
30,7	0,54	
30,705	0,53	
30,71	0,51	
30,715	0,5	
30,72	0,49	
30,725	0,47	
30,73	0,46	
30,735	0,45	
30,74	0,43	
30,745	0,41	
30,75	0,4	
30,755	0,38	
30,76	0,36	
30,765	0,34	
30,77	0,33	
30,775	0,32	
30,78	0,3	
30,785	0,28	
30,79	0,27	
30,795	0,25	
30,8	0,23	
30,805	0,21	
30,81	0,19	
30,815	0,18	
30,82	0,16	
30,825	0,14	
30,83	0,13	
30,835	0,11	
30,84	0,09	
30,845	0,07	
30,85	0,04	
30,855	0,03	
30,86	0,01	
30,865	0	
30,87	-0,02	
30,875	-0,04	
30,88	-0,06	
30,885	-0,08	
30,89	-0,1	
30,895	-0,12	
30,9	-0,14	
30,905	-0,15	
30,91	-0,17	
30,915	-0,19	
30,92	-0,2	
30,925	-0,22	
30,93	-0,23	
30,935	-0,25	
30,94	-0,27	
30,945	-0,29	
30,95	-0,31	
30,955	-0,32	
30,96	-0,34	
30,965	-0,35	
30,97	-0,36	
30,975	-0,38	
30,98	-0,4	
30,985	-0,42	
30,99	-0,44	
30,995	-0,46	
31,0	-0,47	
31,005	-0,48	
31,01	-0,49	
31,015	-0,5	
31,02	-0,51	
31,025	-0,53	
31,03	-0,54	
31,035	-0,56	
31,04	-0,57	
31,045	-0,59	
31,05	-0,6	
31,055	-0,61	
31,06	-0,62	
31,065	-0,62	
31,07	-0,63	
31,075	-0,64	
31,08	-0,66	
31,085	-0,67	
31,09	-0,68	
31,095	-0,69	
31,1	-0,7	
31,105	-0,7	
31,11	-0,7	
31,115	-0,71	
31,12	-0,71	
31,125	-0,72	
31,13	-0,73	
31,135	-0,74	
31,14	-0,75	
31,145	-0,75	
31,15	-0,76	
31,155	-0,76	
31,16	-0,76	
31,165	-0,76	
31,17	-0,76	
31,175	-0,76	
31,18	-0,77	
31,185	-0,77	
31,19	-0,78	
31,195	-0,78	
31,2	-0,78	
31,205	-0,77	
31,21	-0,77	
31,215	-0,76	
31,22	-0,75	
31,225	-0,76	
31,23	-0,76	
31,235	-0,76	
31,24	-0,76	
31,245	-0,75	
31,25	-0,75	
31,255	-0,74	
31,26	-0,72	
31,265	-0,72	
31,27	-0,71	
31,275	-0,71	
31,28	-0,71	
31,285	-0,7	
31,29	-0,7	
31,295	-0,69	
31,3	-0,68	
31,305	-0,67	
31,31	-0,65	
31,315	-0,65	
31,32	-0,64	
31,325	-0,63	
31,33	-0,62	
31,335	-0,61	
31,34	-0,6	
31,345	-0,59	
31,35	-0,57	
31,355	-0,55	
31,36	-0,54	
31,365	-0,53	
31,37	-0,52	
31,375	-0,51	
31,38	-0,5	
31,385	-0,49	
31,39	-0,47	
31,395	-0,46	
31,4	-0,43	
31,405	-0,42	
31,41	-0,41	
31,415	-0,39	
31,42	-0,38	
31,425	-0,37	
31,43	-0,35	
31,435	-0,34	
31,44	-0,32	
31,445	-0,29	
31,45	-0,28	
31,455	-0,26	
31,46	-0,24	
31,465	-0,23	
31,47	-0,21	
31,475	-0,19	
31,48	-0,18	
31,485	-0,16	
31,49	-0,14	
31,495	-0,12	
31,5	-0,1	
31,505	-0,09	
31,51	-0,07	
31,515	-0,05	
31,52	-0,04	
31,525	-0,02	
31,53	0	
31,535	0,02	
31,54	0,04	
31,545	0,06	
31,55	0,09	
31,555	0,1	
31,56	0,12	
31,565	0,13	
31,57	0,14	
31,575	0,16	
31,58	0,18	
31,585	0,2	
31,59	0,22	
31,595	0,24	
31,6	0,26	
31,605	0,28	
31,61	0,29	
31,615	0,31	
31,62	0,32	
31,625	0,33	
31,63	0,34	
31,635	0,36	
31,64	0,38	
31,645	0,4	
31,65	0,42	
31,655	0,44	
31,66	0,46	
31,665	0,47	
31,67	0,48	
31,675	0,48	
31,68	0,49	
31,685	0,5	
31,69	0,51	
31,695	0,53	
31,7	0,55	
31,705	0,57	
31,71	0,58	
31,715	0,59	
31,72	0,6	
31,725	0,6	
31,73	0,61	
31,735	0,61	
31,74	0,63	
31,745	0,64	
31,75	0,66	
31,755	0,67	
31,76	0,69	
31,765	0,69	
31,77	0,69	
31,775	0,69	
31,78	0,7	
31,785	0,7	
31,79	0,71	
31,795	0,72	
31,8	0,73	
31,805	0,74	
31,81	0,74	
31,815	0,74	
31,82	0,74	
31,825	0,74	
31,83	0,75	
31,835	0,75	
31,84	0,75	
31,845	0,76	
31,85	0,77	
31,855	0,76	
31,86	0,76	
31,865	0,76	
31,87	0,75	
31,875	0,75	
31,88	0,75	
31,885	0,75	
31,89	0,75	
31,895	0,76	
31,9	0,76	
31,905	0,75	
31,91	0,74	
31,915	0,73	
31,92	0,71	
31,925	0,71	
31,93	0,71	
31,935	0,71	
31,94	0,71	
31,945	0,7	
31,95	0,7	
31,955	0,69	
31,96	0,67	
31,965	0,66	
31,97	0,65	
31,975	0,64	
31,98	0,63	
31,985	0,63	
31,99	0,63	
31,995	0,62	
32,0	0,61	
32,005	0,59	
32,01	0,57	
32,015	0,55	
32,02	0,54	
32,025	0,53	
32,03	0,52	
32,035	0,51	
32,04	0,5	
32,045	0,49	
32,05	0,48	
32,055	0,46	
32,06	0,44	
32,065	0,43	
32,07	0,41	
32,075	0,4	
32,08	0,38	
32,085	0,37	
32,09	0,36	
32,095	0,35	
32,1	0,33	
32,105	0,31	
32,11	0,29	
32,115	0,27	
32,12	0,25	
32,125	0,23	
32,13	0,22	
32,135	0,21	
32,14	0,2	
32,145	0,18	
32,15	0,16	
32,155	0,14	
32,16	0,12	
32,165	0,1	
32,17	0,08	
32,175	0,06	
32,18	0,05	
32,185	0,04	
32,19	0,03	
32,195	0,01	
32,2	-0,01	
32,205	-0,03	
32,21	-0,05	
32,215	-0,08	
32,22	-0,1	
32,225	-0,11	
32,23	-0,12	
32,235	-0,14	
32,24	-0,15	
32,245	-0,17	
32,25	-0,19	
32,255	-0,21	
32,26	-0,24	
32,265	-0,25	
32,27	-0,27	
32,275	-0,28	
32,28	-0,29	
32,285	-0,3	
32,29	-0,32	
32,295	-0,33	
32,3	-0,35	
32,305	-0,38	
32,31	-0,39	
32,315	-0,41	
32,32	-0,42	
32,325	-0,43	
32,33	-0,44	
32,335	-0,45	
32,34	-0,47	
32,345	-0,48	
32,35	-0,49	
32,355	-0,51	
32,36	-0,53	
32,365	-0,54	
32,37	-0,55	
32,375	-0,56	
32,38	-0,57	
32,385	-0,57	
32,39	-0,58	
32,395	-0,59	
32,4	-0,61	
32,405	-0,62	
32,41	-0,63	
32,415	-0,65	
32,42	-0,66	
32,425	-0,66	
32,43	-0,67	
32,435	-0,67	
32,44	-0,67	
32,445	-0,68	
32,45	-0,69	
32,455	-0,7	
32,46	-0,71	
32,465	-0,71	
32,47	-0,72	
32,475	-0,72	
32,48	-0,72	
32,485	-0,72	
32,49	-0,72	
32,495	-0,73	
32,5	-0,73	
32,505	-0,74	
32,51	-0,74	
32,515	-0,75	
32,52	-0,75	
32,525	-0,75	
32,53	-0,74	
32,535	-0,74	
32,54	-0,73	
32,545	-0,73	
32,55	-0,73	
32,555	-0,74	
32,56	-0,74	
32,565	-0,74	
32,57	-0,73	
32,575	-0,72	
32,58	-0,71	
32,585	-0,7	
32,59	-0,7	
32,595	-0,7	
32,6	-0,7	
32,605	-0,7	
32,61	-0,69	
32,615	-0,69	
32,62	-0,68	
32,625	-0,66	
32,63	-0,64	
32,635	-0,64	
32,64	-0,63	
32,645	-0,63	
32,65	-0,63	
32,655	-0,62	
32,66	-0,61	
32,665	-0,6	
32,67	-0,58	
32,675	-0,56	
32,68	-0,55	
32,685	-0,54	
32,69	-0,53	
32,695	-0,52	
32,7	-0,52	
32,705	-0,51	
32,71	-0,5	
32,715	-0,47	
32,72	-0,45	
32,725	-0,44	
32,73	-0,42	
32,735	-0,41	
32,74	-0,4	
32,745	-0,39	
32,75	-0,38	
32,755	-0,37	
32,76	-0,35	
32,765	-0,33	
32,77	-0,31	
32,775	-0,29	
32,78	-0,27	
32,785	-0,26	
32,79	-0,24	
32,795	-0,23	
32,8	-0,22	
32,805	-0,21	
32,81	-0,18	
32,815	-0,16	
32,82	-0,14	
32,825	-0,12	
32,83	-0,1	
32,835	-0,09	
32,84	-0,08	
32,845	-0,07	
32,85	-0,06	
32,855	-0,03	
32,86	-0,01	
32,865	0,01	
32,87	0,03	
32,875	0,05	
32,88	0,07	
32,885	0,08	
32,89	0,09	
32,895	0,1	
32,9	0,12	
32,905	0,14	
32,91	0,16	
32,915	0,18	
32,92	0,2	
32,925	0,22	
32,93	0,23	
32,935	0,25	
32,94	0,26	
32,945	0,27	
32,95	0,29	
32,955	0,3	
32,96	0,32	
32,965	0,34	
32,97	0,36	
32,975	0,37	
32,98	0,38	
32,985	0,4	
32,99	0,41	
32,995	0,43	
33,0	0,44	
33,005	0,45	
33,01	0,47	
33,015	0,48	
33,02	0,49	
33,025	0,51	
33,03	0,52	
33,035	0,53	
33,04	0,54	
33,045	0,55	
33,05	0,56	
33,055	0,57	
33,06	0,58	
33,065	0,6	
33,07	0,61	
33,075	0,61	
33,08	0,63	
33,085	0,63	
33,09	0,64	
33,095	0,65	
33,1	0,65	
33,105	0,66	
33,11	0,67	
33,115	0,68	
33,12	0,68	
33,125	0,69	
33,13	0,7	
33,135	0,7	
33,14	0,7	
33,145	0,7	
33,15	0,71	
33,155	0,71	
33,16	0,71	
33,165	0,72	
33,17	0,72	
33,175	0,73	
33,18	0,73	
33,185	0,73	
33,19	0,73	
33,195	0,73	
33,2	0,73	
33,205	0,73	
33,21	0,72	
33,215	0,72	
33,22	0,72	
33,225	0,72	
33,23	0,72	
33,235	0,71	
33,24	0,71	
33,245	0,7	
33,25	0,7	
33,255	0,7	
33,26	0,7	
33,265	0,69	
33,27	0,68	
33,275	0,68	
33,28	0,67	
33,285	0,66	
33,29	0,65	
33,295	0,65	
33,3	0,64	
33,305	0,63	
33,31	0,63	
33,315	0,62	
33,32	0,61	
33,325	0,6	
33,33	0,59	
33,335	0,57	
33,34	0,56	
33,345	0,55	
33,35	0,54	
33,355	0,53	
33,36	0,52	
33,365	0,52	
33,37	0,5	
33,375	0,49	
33,38	0,47	
33,385	0,46	
33,39	0,44	
33,395	0,43	
33,4	0,41	
33,405	0,4	
33,41	0,39	
33,415	0,38	
33,42	0,37	
33,425	0,35	
33,43	0,33	
33,435	0,31	
33,44	0,29	
33,445	0,27	
33,45	0,26	
33,455	0,25	
33,46	0,24	
33,465	0,23	
33,47	0,21	
33,475	0,19	
33,48	0,17	
33,485	0,15	
33,49	0,13	
33,495	0,11	
33,5	0,1	
33,505	0,09	
33,51	0,08	
33,515	0,06	
33,52	0,05	
33,525	0,03	
33,53	0	
33,535	-0,03	
33,54	-0,05	
33,545	-0,06	
33,55	-0,07	
33,555	-0,08	
33,56	-0,09	
33,565	-0,11	
33,57	-0,12	
33,575	-0,14	
33,58	-0,17	
33,585	-0,19	
33,59	-0,21	
33,595	-0,22	
33,6	-0,23	
33,605	-0,24	
33,61	-0,25	
33,615	-0,27	
33,62	-0,29	
33,625	-0,31	
33,63	-0,33	
33,635	-0,34	
33,64	-0,35	
33,645	-0,37	
33,65	-0,37	
33,655	-0,39	
33,66	-0,4	
33,665	-0,42	
33,67	-0,44	
33,675	-0,45	
33,68	-0,47	
33,685	-0,48	
33,69	-0,49	
33,695	-0,5	
33,7	-0,51	
33,705	-0,52	
33,71	-0,53	
33,715	-0,54	
33,72	-0,56	
33,725	-0,57	
33,73	-0,58	
33,735	-0,59	
33,74	-0,59	
33,745	-0,6	
33,75	-0,61	
33,755	-0,62	
33,76	-0,63	
33,765	-0,65	
33,77	-0,65	
33,775	-0,66	
33,78	-0,66	
33,785	-0,67	
33,79	-0,67	
33,795	-0,67	
33,8	-0,68	
33,805	-0,68	
33,81	-0,69	
33,815	-0,69	
33,82	-0,7	
33,825	-0,7	
33,83	-0,7	
33,835	-0,7	
33,84	-0,7	
33,845	-0,71	
33,85	-0,71	
33,855	-0,71	
33,86	-0,72	
33,865	-0,71	
33,87	-0,72	
33,875	-0,71	
33,88	-0,71	
33,885	-0,71	
33,89	-0,71	
33,895	-0,7	
33,9	-0,7	
33,905	-0,7	
33,91	-0,7	
33,915	-0,69	
33,92	-0,69	
33,925	-0,69	
33,93	-0,68	
33,935	-0,68	
33,94	-0,67	
33,945	-0,66	
33,95	-0,66	
33,955	-0,65	
33,96	-0,64	
33,965	-0,63	
33,97	-0,63	
33,975	-0,62	
33,98	-0,62	
33,985	-0,61	
33,99	-0,6	
33,995	-0,59	
34,0	-0,57	
34,005	-0,56	
34,01	-0,55	
34,015	-0,54	
34,02	-0,53	
34,025	-0,52	
34,03	-0,52	
34,035	-0,51	
34,04	-0,49	
34,045	-0,48	
34,05	-0,46	
34,055	-0,44	
34,06	-0,43	
34,065	-0,42	
34,07	-0,41	
34,075	-0,4	
34,08	-0,39	
34,085	-0,37	
34,09	-0,36	
34,095	-0,34	
34,1	-0,32	
34,105	-0,3	
34,11	-0,29	
34,115	-0,27	
34,12	-0,26	
34,125	-0,25	
34,13	-0,23	
34,135	-0,22	
34,14	-0,2	
34,145	-0,18	
34,15	-0,16	
34,155	-0,15	
34,16	-0,13	
34,165	-0,12	
34,17	-0,11	
34,175	-0,09	
34,18	-0,08	
34,185	-0,06	
34,19	-0,04	
34,195	-0,02	
34,2	0	
34,205	0,02	
34,21	0,03	
34,215	0,04	
34,22	0,06	
34,225	0,08	
34,23	0,09	
34,235	0,11	
34,24	0,13	
34,245	0,15	
34,25	0,16	
34,255	0,18	
34,26	0,19	
34,265	0,21	
34,27	0,22	
34,275	0,23	
34,28	0,25	
34,285	0,27	
34,29	0,28	
34,295	0,3	
34,3	0,31	
34,305	0,33	
34,31	0,35	
34,315	0,36	
34,32	0,37	
34,325	0,39	
34,33	0,4	
34,335	0,42	
34,34	0,43	
34,345	0,44	
34,35	0,46	
34,355	0,47	
34,36	0,48	
34,365	0,49	
34,37	0,5	
34,375	0,51	
34,38	0,52	
34,385	0,54	
34,39	0,55	
34,395	0,56	
34,4	0,57	
34,405	0,58	
34,41	0,59	
34,415	0,59	
34,42	0,6	
34,425	0,61	
34,43	0,62	
34,435	0,63	
34,44	0,64	
34,445	0,65	
34,45	0,65	
34,455	0,66	
34,46	0,66	
34,465	0,67	
34,47	0,67	
34,475	0,67	
34,48	0,68	
34,485	0,68	
34,49	0,69	
34,495	0,69	
34,5	0,69	
34,505	0,7	
34,51	0,7	
34,515	0,7	
34,52	0,7	
34,525	0,71	
34,53	0,71	
34,535	0,71	
34,54	0,71	
34,545	0,71	
34,55	0,7	
34,555	0,7	
34,56	0,7	
34,565	0,7	
34,57	0,7	
34,575	0,69	
34,58	0,68	
34,585	0,68	
34,59	0,68	
34,595	0,68	
34,6	0,67	
34,605	0,67	
34,61	0,66	
34,615	0,66	
34,62	0,65	
34,625	0,65	
34,63	0,63	
34,635	0,63	
34,64	0,62	
34,645	0,61	
34,65	0,61	
34,655	0,6	
34,66	0,59	
34,665	0,58	
34,67	0,57	
34,675	0,56	
34,68	0,55	
34,685	0,54	
34,69	0,53	
34,695	0,52	
34,7	0,51	
34,705	0,5	
34,71	0,48	
34,715	0,47	
34,72	0,45	
34,725	0,44	
34,73	0,43	
34,735	0,42	
34,74	0,41	
34,745	0,4	
34,75	0,38	
34,755	0,37	
34,76	0,35	
34,765	0,33	
34,77	0,32	
34,775	0,3	
34,78	0,29	
34,785	0,28	
34,79	0,27	
34,795	0,25	
34,8	0,24	
34,805	0,22	
34,81	0,2	
34,815	0,18	
34,82	0,16	
34,825	0,15	
34,83	0,14	
34,835	0,12	
34,84	0,11	
34,845	0,1	
34,85	0,08	
34,855	0,05	
34,86	0,03	
34,865	0,01	
34,87	-0,01	
34,875	-0,02	
34,88	-0,03	
34,885	-0,04	
34,89	-0,06	
34,895	-0,07	
34,9	-0,1	
34,905	-0,11	
34,91	-0,13	
34,915	-0,15	
34,92	-0,16	
34,925	-0,18	
34,93	-0,19	
34,935	-0,2	
34,94	-0,21	
34,945	-0,23	
34,95	-0,25	
34,955	-0,27	
34,96	-0,28	
34,965	-0,3	
34,97	-0,31	
34,975	-0,32	
34,98	-0,34	
34,985	-0,35	
34,99	-0,37	
34,995	-0,39	
35,0	-0,4	
35,005	-0,41	
35,01	-0,43	
35,015	-0,44	
35,02	-0,45	
35,025	-0,46	
35,03	-0,47	
35,035	-0,49	
35,04	-0,5	
35,045	-0,51	
35,05	-0,52	
35,055	-0,53	
35,06	-0,54	
35,065	-0,55	
35,07	-0,55	
35,075	-0,57	
35,08	-0,58	
35,085	-0,59	
35,09	-0,6	
35,095	-0,61	
35,1	-0,62	
35,105	-0,62	
35,11	-0,62	
35,115	-0,63	
35,12	-0,63	
35,125	-0,64	
35,13	-0,65	
35,135	-0,66	
35,14	-0,67	
35,145	-0,67	
35,15	-0,67	
35,155	-0,68	
35,16	-0,68	
35,165	-0,68	
35,17	-0,69	
35,175	-0,69	
35,18	-0,69	
35,185	-0,7	
35,19	-0,7	
35,195	-0,7	
35,2	-0,7	
35,205	-0,7	
35,21	-0,7	
35,215	-0,7	
35,22	-0,7	
35,225	-0,7	
35,23	-0,7	
35,235	-0,7	
35,24	-0,69	
35,245	-0,69	
35,25	-0,69	
35,255	-0,68	
35,26	-0,68	
35,265	-0,68	
35,27	-0,67	
35,275	-0,67	
35,28	-0,66	
35,285	-0,66	
35,29	-0,65	
35,295	-0,64	
35,3	-0,64	
35,305	-0,63	
35,31	-0,62	
35,315	-0,61	
35,32	-0,6	
35,325	-0,6	
35,33	-0,59	
35,335	-0,58	
35,34	-0,57	
35,345	-0,56	
35,35	-0,55	
35,355	-0,54	
35,36	-0,53	
35,365	-0,52	
35,37	-0,51	
35,375	-0,5	
35,38	-0,48	
35,385	-0,47	
35,39	-0,46	
35,395	-0,45	
35,4	-0,43	
35,405	-0,42	
35,41	-0,41	
35,415	-0,4	
35,42	-0,38	
35,425	-0,37	
35,43	-0,35	
35,435	-0,34	
35,44	-0,32	
35,445	-0,31	
35,45	-0,29	
35,455	-0,28	
35,46	-0,27	
35,465	-0,26	
35,47	-0,24	
35,475	-0,22	
35,48	-0,21	
35,485	-0,19	
35,49	-0,17	
35,495	-0,16	
35,5	-0,14	
35,505	-0,13	
35,51	-0,11	
35,515	-0,1	
35,52	-0,08	
35,525	-0,06	
35,53	-0,05	
35,535	-0,03	
35,54	-0,01	
35,545	0,01	
35,55	0,02	
35,555	0,04	
35,56	0,05	
35,565	0,07	
35,57	0,09	
35,575	0,1	
35,58	0,12	
35,585	0,14	
35,59	0,15	
35,595	0,17	
35,6	0,19	
35,605	0,2	
35,61	0,21	
35,615	0,23	
35,62	0,25	
35,625	0,26	
35,63	0,29	
35,635	0,3	
35,64	0,31	
35,645	0,32	
35,65	0,34	
35,655	0,35	
35,66	0,37	
35,665	0,38	
35,67	0,39	
35,675	0,41	
35,68	0,42	
35,685	0,43	
35,69	0,45	
35,695	0,46	
35,7	0,47	
35,705	0,48	
35,71	0,49	
35,715	0,51	
35,72	0,52	
35,725	0,53	
35,73	0,54	
35,735	0,55	
35,74	0,56	
35,745	0,57	
35,75	0,58	
35,755	0,59	
35,76	0,6	
35,765	0,61	
35,77	0,61	
35,775	0,62	
35,78	0,62	
35,785	0,63	
35,79	0,64	
35,795	0,65	
35,8	0,65	
35,805	0,66	
35,81	0,67	
35,815	0,67	
35,82	0,67	
35,825	0,68	
35,83	0,68	
35,835	0,69	
35,84	0,69	
35,845	0,7	
35,85	0,7	
35,855	0,7	
35,86	0,7	
35,865	0,7	
35,87	0,7	
35,875	0,7	
35,88	0,7	
35,885	0,7	
35,89	0,7	
35,895	0,7	
35,9	0,7	
35,905	0,69	
35,91	0,69	
35,915	0,68	
35,92	0,68	
35,925	0,68	
35,93	0,68	
35,935	0,67	
35,94	0,67	
35,945	0,67	
35,95	0,66	
35,955	0,65	
35,96	0,65	
35,965	0,64	
35,97	0,63	
35,975	0,63	
35,98	0,62	
35,985	0,62	
35,99	0,61	
35,995	0,6	
36,0	0,59	
36,005	0,57	
36,01	0,57	
36,015	0,56	
36,02	0,55	
36,025	0,54	
36,03	0,54	
36,035	0,53	
36,04	0,51	
36,045	0,5	
36,05	0,48	
36,055	0,47	
36,06	0,46	
36,065	0,44	
36,07	0,44	
36,075	0,43	
36,08	0,42	
36,085	0,4	
36,09	0,38	
36,095	0,37	
36,1	0,35	
36,105	0,34	
36,11	0,33	
36,115	0,31	
36,12	0,31	
36,125	0,29	
36,13	0,27	
36,135	0,26	
36,14	0,24	
36,145	0,22	
36,15	0,21	
36,155	0,19	
36,16	0,18	
36,165	0,16	
36,17	0,15	
36,175	0,13	
36,18	0,12	
36,185	0,1	
36,19	0,08	
36,195	0,06	
36,2	0,04	
36,205	0,02	
36,21	0,01	
36,215	0	
36,22	-0,03	
36,225	-0,04	
36,23	-0,05	
36,235	-0,07	
36,24	-0,09	
36,245	-0,1	
36,25	-0,12	
36,255	-0,13	
36,26	-0,15	
36,265	-0,17	
36,27	-0,18	
36,275	-0,2	
36,28	-0,21	
36,285	-0,23	
36,29	-0,25	
36,295	-0,26	
36,3	-0,27	
36,305	-0,29	
36,31	-0,31	
36,315	-0,33	
36,32	-0,34	
36,325	-0,36	
36,33	-0,37	
36,335	-0,38	
36,34	-0,39	
36,345	-0,4	
36,35	-0,42	
36,355	-0,44	
36,36	-0,45	
36,365	-0,46	
36,37	-0,47	
36,375	-0,48	
36,38	-0,5	
36,385	-0,51	
36,39	-0,52	
36,395	-0,53	
36,4	-0,54	
36,405	-0,55	
36,41	-0,57	
36,415	-0,58	
36,42	-0,59	
36,425	-0,6	
36,43	-0,6	
36,435	-0,61	
36,44	-0,61	
36,445	-0,62	
36,45	-0,63	
36,455	-0,64	
36,46	-0,65	
36,465	-0,65	
36,47	-0,66	
36,475	-0,66	
36,48	-0,67	
36,485	-0,67	
36,49	-0,68	
36,495	-0,68	
36,5	-0,69	
36,505	-0,69	
36,51	-0,7	
36,515	-0,7	
36,52	-0,7	
36,525	-0,7	
36,53	-0,7	
36,535	-0,7	
36,54	-0,7	
36,545	-0,7	
36,55	-0,71	
36,555	-0,71	
36,56	-0,71	
36,565	-0,71	
36,57	-0,71	
36,575	-0,7	
36,58	-0,7	
36,585	-0,7	
36,59	-0,7	
36,595	-0,69	
36,6	-0,69	
36,605	-0,69	
36,61	-0,68	
36,615	-0,68	
36,62	-0,67	
36,625	-0,66	
36,63	-0,65	
36,635	-0,65	
36,64	-0,64	
36,645	-0,64	
36,65	-0,63	
36,655	-0,62	
36,66	-0,61	
36,665	-0,61	
36,67	-0,59	
36,675	-0,58	
36,68	-0,57	
36,685	-0,57	
36,69	-0,56	
36,695	-0,55	
36,7	-0,54	
36,705	-0,53	
36,71	-0,52	
36,715	-0,51	
36,72	-0,49	
36,725	-0,48	
36,73	-0,47	
36,735	-0,45	
36,74	-0,44	
36,745	-0,43	
36,75	-0,42	
36,755	-0,41	
36,76	-0,39	
36,765	-0,37	
36,77	-0,36	
36,775	-0,34	
36,78	-0,33	
36,785	-0,31	
36,79	-0,3	
36,795	-0,29	
36,8	-0,27	
36,805	-0,26	
36,81	-0,24	
36,815	-0,22	
36,82	-0,21	
36,825	-0,19	
36,83	-0,18	
36,835	-0,16	
36,84	-0,15	
36,845	-0,13	
36,85	-0,12	
36,855	-0,09	
36,86	-0,07	
36,865	-0,06	
36,87	-0,04	
36,875	-0,03	
36,88	-0,01	
36,885	0,01	
36,89	0,02	
36,895	0,03	
36,9	0,05	
36,905	0,07	
36,91	0,09	
36,915	0,1	
36,92	0,12	
36,925	0,14	
36,93	0,15	
36,935	0,17	
36,94	0,18	
36,945	0,2	
36,95	0,22	
36,955	0,24	
36,96	0,25	
36,965	0,27	
36,97	0,28	
36,975	0,3	
36,98	0,31	
36,985	0,32	
36,99	0,34	
36,995	0,36	
37,0	0,37	
37,005	0,39	
37,01	0,4	
37,015	0,42	
37,02	0,43	
37,025	0,44	
37,03	0,45	
37,035	0,46	
37,04	0,48	
37,045	0,49	
37,05	0,5	
37,055	0,52	
37,06	0,53	
37,065	0,54	
37,07	0,55	
37,075	0,56	
37,08	0,57	
37,085	0,58	
37,09	0,59	
37,095	0,6	
37,1	0,6	
37,105	0,61	
37,11	0,62	
37,115	0,63	
37,12	0,64	
37,125	0,65	
37,13	0,66	
37,135	0,66	
37,14	0,67	
37,145	0,67	
37,15	0,67	
37,155	0,68	
37,16	0,68	
37,165	0,69	
37,17	0,69	
37,175	0,7	
37,18	0,7	
37,185	0,7	
37,19	0,7	
37,195	0,7	
37,2	0,71	
37,205	0,71	
37,21	0,72	
37,215	0,72	
37,22	0,72	
37,225	0,72	
37,23	0,71	
37,235	0,71	
37,24	0,71	
37,245	0,71	
37,25	0,71	
37,255	0,71	
37,26	0,71	
37,265	0,7	
37,27	0,7	
37,275	0,69	
37,28	0,68	
37,285	0,68	
37,29	0,67	
37,295	0,67	
37,3	0,66	
37,305	0,66	
37,31	0,65	
37,315	0,64	
37,32	0,64	
37,325	0,63	
37,33	0,62	
37,335	0,61	
37,34	0,6	
37,345	0,59	
37,35	0,58	
37,355	0,57	
37,36	0,57	
37,365	0,56	
37,37	0,54	
37,375	0,53	
37,38	0,52	
37,385	0,51	
37,39	0,49	
37,395	0,48	
37,4	0,48	
37,405	0,46	
37,41	0,45	
37,415	0,43	
37,42	0,42	
37,425	0,4	
37,43	0,38	
37,435	0,37	
37,44	0,36	
37,445	0,35	
37,45	0,33	
37,455	0,31	
37,46	0,3	
37,465	0,28	
37,47	0,27	
37,475	0,25	
37,48	0,24	
37,485	0,22	
37,49	0,21	
37,495	0,19	
37,5	0,18	
37,505	0,16	
37,51	0,14	
37,515	0,13	
37,52	0,11	
37,525	0,1	
37,53	0,08	
37,535	0,06	
37,54	0,04	
37,545	0,03	
37,55	0,01	
37,555	-0,01	
37,56	-0,03	
37,565	-0,05	
37,57	-0,06	
37,575	-0,07	
37,58	-0,09	
37,585	-0,11	
37,59	-0,13	
37,595	-0,15	
37,6	-0,16	
37,605	-0,18	
37,61	-0,19	
37,615	-0,21	
37,62	-0,22	
37,625	-0,24	
37,63	-0,26	
37,635	-0,28	
37,64	-0,29	
37,645	-0,31	
37,65	-0,32	
37,655	-0,34	
37,66	-0,35	
37,665	-0,37	
37,67	-0,38	
37,675	-0,4	
37,68	-0,41	
37,685	-0,42	
37,69	-0,43	
37,695	-0,45	
37,7	-0,46	
37,705	-0,47	
37,71	-0,48	
37,715	-0,5	
37,72	-0,51	
37,725	-0,53	
37,73	-0,54	
37,735	-0,55	
37,74	-0,56	
37,745	-0,57	
37,75	-0,58	
37,755	-0,59	
37,76	-0,6	
37,765	-0,61	
37,77	-0,62	
37,775	-0,63	
37,78	-0,64	
37,785	-0,65	
37,79	-0,65	
37,795	-0,66	
37,8	-0,66	
37,805	-0,67	
37,81	-0,67	
37,815	-0,68	
37,82	-0,69	
37,825	-0,7	
37,83	-0,7	
37,835	-0,71	
37,84	-0,71	
37,845	-0,71	
37,85	-0,71	
37,855	-0,71	
37,86	-0,71	
37,865	-0,72	
37,87	-0,72	
37,875	-0,72	
37,88	-0,73	
37,885	-0,73	
37,89	-0,73	
37,895	-0,72	
37,9	-0,72	
37,905	-0,72	
37,91	-0,72	
37,915	-0,72	
37,92	-0,72	
37,925	-0,72	
37,93	-0,72	
37,935	-0,71	
37,94	-0,7	
37,945	-0,7	
37,95	-0,69	
37,955	-0,69	
37,96	-0,68	
37,965	-0,68	
37,97	-0,68	
37,975	-0,67	
37,98	-0,66	
37,985	-0,66	
37,99	-0,64	
37,995	-0,63	
38,0	-0,61	
38,005	-0,61	
38,01	-0,6	
38,015	-0,6	
38,02	-0,59	
38,025	-0,58	
38,03	-0,57	
38,035	-0,56	
38,04	-0,54	
38,045	-0,53	
38,05	-0,52	
38,055	-0,51	
38,06	-0,5	
38,065	-0,49	
38,07	-0,47	
38,075	-0,46	
38,08	-0,45	
38,085	-0,42	
38,09	-0,41	
38,095	-0,4	
38,1	-0,39	
38,105	-0,38	
38,11	-0,37	
38,115	-0,35	
38,12	-0,34	
38,125	-0,32	
38,13	-0,3	
38,135	-0,28	
38,14	-0,26	
38,145	-0,25	
38,15	-0,24	
38,155	-0,23	
38,16	-0,21	
38,165	-0,2	
38,17	-0,18	
38,175	-0,15	
38,18	-0,13	
38,185	-0,11	
38,19	-0,1	
38,195	-0,08	
38,2	-0,07	
38,205	-0,06	
38,21	-0,04	
38,215	-0,02	
38,22	0,01	
38,225	0,03	
38,23	0,05	
38,235	0,06	
38,24	0,08	
38,245	0,09	
38,25	0,1	
38,255	0,12	
38,26	0,13	
38,265	0,16	
38,27	0,18	
38,275	0,2	
38,28	0,21	
38,285	0,22	
38,29	0,24	
38,295	0,25	
38,3	0,26	
38,305	0,28	
38,31	0,3	
38,315	0,32	
38,32	0,34	
38,325	0,35	
38,33	0,37	
38,335	0,38	
38,34	0,4	
38,345	0,41	
38,35	0,42	
38,355	0,44	
38,36	0,46	
38,365	0,47	
38,37	0,48	
38,375	0,49	
38,38	0,5	
38,385	0,51	
38,39	0,52	
38,395	0,54	
38,4	0,55	
38,405	0,56	
38,41	0,58	
38,415	0,58	
38,42	0,59	
38,425	0,61	
38,43	0,61	
38,435	0,62	
38,44	0,63	
38,445	0,64	
38,45	0,65	
38,455	0,66	
38,46	0,66	
38,465	0,67	
38,47	0,68	
38,475	0,68	
38,48	0,69	
38,485	0,7	
38,49	0,71	
38,495	0,71	
38,5	0,72	
38,505	0,72	
38,51	0,72	
38,515	0,72	
38,52	0,72	
38,525	0,72	
38,53	0,73	
38,535	0,73	
38,54	0,74	
38,545	0,74	
38,55	0,74	
38,555	0,74	
38,56	0,73	
38,565	0,73	
38,57	0,73	
38,575	0,73	
38,58	0,74	
38,585	0,74	
38,59	0,74	
38,595	0,73	
38,6	0,73	
38,605	0,72	
38,61	0,71	
38,615	0,7	
38,62	0,7	
38,625	0,7	
38,63	0,69	
38,635	0,69	
38,64	0,68	
38,645	0,67	
38,65	0,66	
38,655	0,65	
38,66	0,64	
38,665	0,64	
38,67	0,63	
38,675	0,62	
38,68	0,61	
38,685	0,6	
38,69	0,59	
38,695	0,58	
38,7	0,57	
38,705	0,56	
38,71	0,54	
38,715	0,53	
38,72	0,52	
38,725	0,51	
38,73	0,5	
38,735	0,48	
38,74	0,47	
38,745	0,45	
38,75	0,44	
38,755	0,42	
38,76	0,41	
38,765	0,4	
38,77	0,38	
38,775	0,37	
38,78	0,36	
38,785	0,34	
38,79	0,32	
38,795	0,3	
38,8	0,29	
38,805	0,27	
38,81	0,26	
38,815	0,24	
38,82	0,23	
38,825	0,21	
38,83	0,19	
38,835	0,18	
38,84	0,16	
38,845	0,14	
38,85	0,12	
38,855	0,11	
38,86	0,08	
38,865	0,07	
38,87	0,05	
38,875	0,04	
38,88	0,02	
38,885	0	
38,89	-0,02	
38,895	-0,04	
38,9	-0,05	
38,905	-0,07	
38,91	-0,09	
38,915	-0,1	
38,92	-0,12	
38,925	-0,14	
38,93	-0,15	
38,935	-0,17	
38,94	-0,19	
38,945	-0,2	
38,95	-0,23	
38,955	-0,24	
38,96	-0,25	
38,965	-0,27	
38,97	-0,28	
38,975	-0,3	
38,98	-0,32	
38,985	-0,34	
38,99	-0,35	
38,995	-0,37	
39,0	-0,38	
39,005	-0,39	
39,01	-0,41	
39,015	-0,42	
39,02	-0,44	
39,025	-0,45	
39,03	-0,47	
39,035	-0,48	
39,04	-0,5	
39,045	-0,51	
39,05	-0,52	
39,055	-0,53	
39,06	-0,54	
39,065	-0,55	
39,07	-0,57	
39,075	-0,58	
39,08	-0,59	
39,085	-0,6	
39,09	-0,61	
39,095	-0,62	
39,1	-0,63	
39,105	-0,64	
39,11	-0,65	
39,115	-0,66	
39,12	-0,67	
39,125	-0,68	
39,13	-0,68	
39,135	-0,69	
39,14	-0,69	
39,145	-0,7	
39,15	-0,7	
39,155	-0,71	
39,16	-0,72	
39,165	-0,72	
39,17	-0,72	
39,175	-0,73	
39,18	-0,73	
39,185	-0,73	
39,19	-0,74	
39,195	-0,74	
39,2	-0,75	
39,205	-0,75	
39,21	-0,75	
39,215	-0,75	
39,22	-0,75	
39,225	-0,75	
39,23	-0,74	
39,235	-0,74	
39,24	-0,74	
39,245	-0,74	
39,25	-0,74	
39,255	-0,74	
39,26	-0,73	
39,265	-0,73	
39,27	-0,72	
39,275	-0,72	
39,28	-0,71	
39,285	-0,71	
39,29	-0,7	
39,295	-0,7	
39,3	-0,69	
39,305	-0,68	
39,31	-0,67	
39,315	-0,66	
39,32	-0,65	
39,325	-0,65	
39,33	-0,64	
39,335	-0,64	
39,34	-0,63	
39,345	-0,62	
39,35	-0,62	
39,355	-0,6	
39,36	-0,59	
39,365	-0,58	
39,37	-0,56	
39,375	-0,55	
39,38	-0,54	
39,385	-0,53	
39,39	-0,52	
39,395	-0,51	
39,4	-0,5	
39,405	-0,47	
39,41	-0,46	
39,415	-0,44	
39,42	-0,43	
39,425	-0,42	
39,43	-0,4	
39,435	-0,39	
39,44	-0,38	
39,445	-0,36	
39,45	-0,34	
39,455	-0,32	
39,46	-0,3	
39,465	-0,29	
39,47	-0,27	
39,475	-0,26	
39,48	-0,24	
39,485	-0,23	
39,49	-0,22	
39,495	-0,19	
39,5	-0,17	
39,505	-0,16	
39,51	-0,14	
39,515	-0,12	
39,52	-0,11	
39,525	-0,09	
39,53	-0,08	
39,535	-0,06	
39,54	-0,03	
39,545	-0,01	
39,55	0	
39,555	0,02	
39,56	0,04	
39,565	0,05	
39,57	0,07	
39,575	0,09	
39,58	0,1	
39,585	0,12	
39,59	0,14	
39,595	0,16	
39,6	0,17	
39,605	0,19	
39,61	0,21	
39,615	0,23	
39,62	0,24	
39,625	0,25	
39,63	0,28	
39,635	0,29	
39,64	0,31	
39,645	0,33	
39,65	0,34	
39,655	0,36	
39,66	0,37	
39,665	0,38	
39,67	0,4	
39,675	0,41	
39,68	0,44	
39,685	0,45	
39,69	0,47	
39,695	0,48	
39,7	0,49	
39,705	0,5	
39,71	0,51	
39,715	0,52	
39,72	0,53	
39,725	0,55	
39,73	0,56	
39,735	0,57	
39,74	0,59	
39,745	0,6	
39,75	0,61	
39,755	0,62	
39,76	0,62	
39,765	0,63	
39,77	0,64	
39,775	0,65	
39,78	0,66	
39,785	0,67	
39,79	0,68	
39,795	0,69	
39,8	0,7	
39,805	0,7	
39,81	0,71	
39,815	0,71	
39,82	0,72	
39,825	0,72	
39,83	0,73	
39,835	0,73	
39,84	0,74	
39,845	0,74	
39,85	0,74	
39,855	0,74	
39,86	0,74	
39,865	0,75	
39,87	0,75	
39,875	0,75	
39,88	0,75	
39,885	0,75	
39,89	0,75	
39,895	0,75	
39,9	0,75	
39,905	0,75	
39,91	0,74	
39,915	0,74	
39,92	0,74	
39,925	0,74	
39,93	0,74	
39,935	0,73	
39,94	0,73	
39,945	0,72	
39,95	0,71	
39,955	0,71	
39,96	0,7	
39,965	0,69	
39,97	0,69	
39,975	0,68	
39,98	0,67	
39,985	0,67	
39,99	0,66	
39,995	0,65	
40,0	0,64	
40,005	0,63	
40,01	0,62	
40,015	0,62	
40,02	0,61	
40,025	0,6	
40,03	0,58	
40,035	0,57	
40,04	0,55	
40,045	0,54	
40,05	0,53	
40,055	0,52	
40,06	0,51	
40,065	0,49	
40,07	0,47	
40,075	0,46	
40,08	0,45	
40,085	0,43	
40,09	0,41	
40,095	0,4	
40,1	0,39	
40,105	0,37	
40,11	0,36	
40,115	0,34	
40,12	0,33	
40,125	0,31	
40,13	0,29	
40,135	0,27	
40,14	0,26	
40,145	0,25	
40,15	0,23	
40,155	0,21	
40,16	0,2	
40,165	0,18	
40,17	0,16	
40,175	0,14	
40,18	0,12	
40,185	0,1	
40,19	0,09	
40,195	0,07	
40,2	0,05	
40,205	0,04	
40,21	0,02	
40,215	0	
40,22	-0,02	
40,225	-0,04	
40,23	-0,06	
40,235	-0,07	
40,24	-0,09	
40,245	-0,1	
40,25	-0,12	
40,255	-0,14	
40,26	-0,16	
40,265	-0,18	
40,27	-0,2	
40,275	-0,22	
40,28	-0,23	
40,285	-0,25	
40,29	-0,26	
40,295	-0,28	
40,3	-0,3	
40,305	-0,31	
40,31	-0,33	
40,315	-0,35	
40,32	-0,36	
40,325	-0,38	
40,33	-0,39	
40,335	-0,4	
40,34	-0,42	
40,345	-0,43	
40,35	-0,45	
40,355	-0,46	
40,36	-0,48	
40,365	-0,49	
40,37	-0,51	
40,375	-0,51	
40,38	-0,53	
40,385	-0,54	
40,39	-0,55	
40,395	-0,57	
40,4	-0,58	
40,405	-0,59	
40,41	-0,6	
40,415	-0,61	
40,42	-0,62	
40,425	-0,63	
40,43	-0,64	
40,435	-0,64	
40,44	-0,65	
40,445	-0,67	
40,45	-0,68	
40,455	-0,69	
40,46	-0,69	
40,465	-0,69	
40,47	-0,7	
40,475	-0,7	
40,48	-0,71	
40,485	-0,72	
40,49	-0,72	
40,495	-0,74	
40,5	-0,74	
40,505	-0,74	
40,51	-0,75	
40,515	-0,75	
40,52	-0,75	
40,525	-0,75	
40,53	-0,75	
40,535	-0,75	
40,54	-0,75	
40,545	-0,76	
40,55	-0,76	
40,555	-0,76	
40,56	-0,75	
40,565	-0,75	
40,57	-0,75	
40,575	-0,75	
40,58	-0,74	
40,585	-0,74	
40,59	-0,73	
40,595	-0,73	
40,6	-0,73	
40,605	-0,73	
40,61	-0,72	
40,615	-0,72	
40,62	-0,71	
40,625	-0,7	
40,63	-0,7	
40,635	-0,69	
40,64	-0,68	
40,645	-0,67	
40,65	-0,66	
40,655	-0,66	
40,66	-0,65	
40,665	-0,64	
40,67	-0,63	
40,675	-0,62	
40,68	-0,61	
40,685	-0,6	
40,69	-0,58	
40,695	-0,57	
40,7	-0,56	
40,705	-0,55	
40,71	-0,54	
40,715	-0,53	
40,72	-0,52	
40,725	-0,5	
40,73	-0,49	
40,735	-0,47	
40,74	-0,46	
40,745	-0,44	
40,75	-0,43	
40,755	-0,42	
40,76	-0,4	
40,765	-0,39	
40,77	-0,37	
40,775	-0,35	
40,78	-0,33	
40,785	-0,32	
40,79	-0,3	
40,795	-0,28	
40,8	-0,27	
40,805	-0,26	
40,81	-0,24	
40,815	-0,22	
40,82	-0,2	
40,825	-0,19	
40,83	-0,17	
40,835	-0,15	
40,84	-0,14	
40,845	-0,12	
40,85	-0,1	
40,855	-0,09	
40,86	-0,06	
40,865	-0,05	
40,87	-0,03	
40,875	-0,01	
40,88	0,01	
40,885	0,03	
40,89	0,04	
40,895	0,06	
40,9	0,07	
40,905	0,1	
40,91	0,11	
40,915	0,13	
40,92	0,15	
40,925	0,17	
40,93	0,19	
40,935	0,2	
40,94	0,22	
40,945	0,23	
40,95	0,25	
40,955	0,26	
40,96	0,28	
40,965	0,3	
40,97	0,32	
40,975	0,33	
40,98	0,35	
40,985	0,37	
40,99	0,38	
40,995	0,39	
41,0	0,41	
41,005	0,42	
41,01	0,44	
41,015	0,46	
41,02	0,47	
41,025	0,48	
41,03	0,5	
41,035	0,51	
41,04	0,51	
41,045	0,53	
41,05	0,55	
41,055	0,55	
41,06	0,57	
41,065	0,58	
41,07	0,59	
41,075	0,6	
41,08	0,62	
41,085	0,63	
41,09	0,64	
41,095	0,64	
41,1	0,65	
41,105	0,65	
41,11	0,67	
41,115	0,67	
41,12	0,68	
41,125	0,69	
41,13	0,7	
41,135	0,71	
41,14	0,71	
41,145	0,71	
41,15	0,72	
41,155	0,72	
41,16	0,73	
41,165	0,73	
41,17	0,74	
41,175	0,74	
41,18	0,75	
41,185	0,75	
41,19	0,75	
41,195	0,75	
41,2	0,75	
41,205	0,75	
41,21	0,75	
41,215	0,75	
41,22	0,75	
41,225	0,74	
41,23	0,74	
41,235	0,74	
41,24	0,74	
41,245	0,74	
41,25	0,74	
41,255	0,73	
41,26	0,73	
41,265	0,73	
41,27	0,71	
41,275	0,71	
41,28	0,71	
41,285	0,7	
41,29	0,7	
41,295	0,69	
41,3	0,69	
41,305	0,68	
41,31	0,67	
41,315	0,66	
41,32	0,64	
41,325	0,63	
41,33	0,62	
41,335	0,62	
41,34	0,61	
41,345	0,61	
41,35	0,6	
41,355	0,59	
41,36	0,57	
41,365	0,56	
41,37	0,54	
41,375	0,53	
41,38	0,51	
41,385	0,5	
41,39	0,49	
41,395	0,48	
41,4	0,47	
41,405	0,46	
41,41	0,44	
41,415	0,42	
41,42	0,41	
41,425	0,39	
41,43	0,38	
41,435	0,37	
41,44	0,35	
41,445	0,34	
41,45	0,32	
41,455	0,3	
41,46	0,28	
41,465	0,27	
41,47	0,25	
41,475	0,23	
41,48	0,22	
41,485	0,2	
41,49	0,19	
41,495	0,17	
41,5	0,14	
41,505	0,13	
41,51	0,11	
41,515	0,1	
41,52	0,08	
41,525	0,07	
41,53	0,05	
41,535	0,03	
41,54	0,01	
41,545	-0,02	
41,55	-0,03	
41,555	-0,05	
41,56	-0,06	
41,565	-0,07	
41,57	-0,09	
41,575	-0,11	
41,58	-0,13	
41,585	-0,15	
41,59	-0,18	
41,595	-0,19	
41,6	-0,21	
41,605	-0,22	
41,61	-0,23	
41,615	-0,25	
41,62	-0,26	
41,625	-0,28	
41,63	-0,3	
41,635	-0,32	
41,64	-0,34	
41,645	-0,35	
41,65	-0,36	
41,655	-0,38	
41,66	-0,39	
41,665	-0,4	
41,67	-0,42	
41,675	-0,43	
41,68	-0,46	
41,685	-0,47	
41,69	-0,49	
41,695	-0,5	
41,7	-0,51	
41,705	-0,52	
41,71	-0,53	
41,715	-0,54	
41,72	-0,55	
41,725	-0,57	
41,73	-0,58	
41,735	-0,59	
41,74	-0,6	
41,745	-0,61	
41,75	-0,62	
41,755	-0,63	
41,76	-0,64	
41,765	-0,65	
41,77	-0,66	
41,775	-0,67	
41,78	-0,68	
41,785	-0,69	
41,79	-0,69	
41,795	-0,69	
41,8	-0,7	
41,805	-0,7	
41,81	-0,71	
41,815	-0,72	
41,82	-0,72	
41,825	-0,73	
41,83	-0,73	
41,835	-0,73	
41,84	-0,73	
41,845	-0,73	
41,85	-0,73	
41,855	-0,74	
41,86	-0,74	
41,865	-0,75	
41,87	-0,75	
41,875	-0,75	
41,88	-0,75	
41,885	-0,75	
41,89	-0,74	
41,895	-0,74	
41,9	-0,74	
41,905	-0,74	
41,91	-0,74	
41,915	-0,73	
41,92	-0,73	
41,925	-0,72	
41,93	-0,72	
41,935	-0,71	
41,94	-0,71	
41,945	-0,7	
41,95	-0,7	
41,955	-0,69	
41,96	-0,69	
41,965	-0,68	
41,97	-0,67	
41,975	-0,67	
41,98	-0,66	
41,985	-0,65	
41,99	-0,64	
41,995	-0,63	
42,0	-0,61	
42,005	-0,61	
42,01	-0,6	
42,015	-0,59	
42,02	-0,57	
42,025	-0,56	
42,03	-0,55	
42,035	-0,54	
42,04	-0,53	
42,045	-0,51	
42,05	-0,51	
42,055	-0,49	
42,06	-0,48	
42,065	-0,46	
42,07	-0,45	
42,075	-0,43	
42,08	-0,42	
42,085	-0,4	
42,09	-0,38	
42,095	-0,37	
42,1	-0,36	
42,105	-0,34	
42,11	-0,32	
42,115	-0,31	
42,12	-0,29	
42,125	-0,28	
42,13	-0,26	
42,135	-0,24	
42,14	-0,23	
42,145	-0,21	
42,15	-0,2	
42,155	-0,18	
42,16	-0,16	
42,165	-0,14	
42,17	-0,13	
42,175	-0,11	
42,18	-0,09	
42,185	-0,08	
42,19	-0,06	
42,195	-0,05	
42,2	-0,03	
42,205	-0,01	
42,21	0,01	
42,215	0,03	
42,22	0,05	
42,225	0,07	
42,23	0,09	
42,235	0,1	
42,24	0,12	
42,245	0,13	
42,25	0,15	
42,255	0,17	
42,26	0,18	
42,265	0,2	
42,27	0,22	
42,275	0,24	
42,28	0,25	
42,285	0,27	
42,29	0,28	
42,295	0,3	
42,3	0,32	
42,305	0,33	
42,31	0,34	
42,315	0,36	
42,32	0,38	
42,325	0,39	
42,33	0,4	
42,335	0,42	
42,34	0,43	
42,345	0,45	
42,35	0,46	
42,355	0,48	
42,36	0,49	
42,365	0,5	
42,37	0,51	
42,375	0,52	
42,38	0,54	
42,385	0,55	
42,39	0,57	
42,395	0,58	
42,4	0,59	
42,405	0,6	
42,41	0,61	
42,415	0,61	
42,42	0,62	
42,425	0,63	
42,43	0,64	
42,435	0,65	
42,44	0,66	
42,445	0,67	
42,45	0,68	
42,455	0,68	
42,46	0,68	
42,465	0,69	
42,47	0,69	
42,475	0,7	
42,48	0,7	
42,485	0,71	
42,49	0,72	
42,495	0,72	
42,5	0,72	
42,505	0,72	
42,51	0,72	
42,515	0,72	
42,52	0,73	
42,525	0,73	
42,53	0,74	
42,535	0,74	
42,54	0,74	
42,545	0,74	
42,55	0,73	
42,555	0,73	
42,56	0,73	
42,565	0,73	
42,57	0,73	
42,575	0,72	
42,58	0,72	
42,585	0,72	
42,59	0,71	
42,595	0,7	
42,6	0,7	
42,605	0,69	
42,61	0,68	
42,615	0,68	
42,62	0,68	
42,625	0,68	
42,63	0,67	
42,635	0,66	
42,64	0,65	
42,645	0,64	
42,65	0,63	
42,655	0,62	
42,66	0,61	
42,665	0,6	
42,67	0,6	
42,675	0,58	
42,68	0,57	
42,685	0,56	
42,69	0,55	
42,695	0,54	
42,7	0,53	
42,705	0,51	
42,71	0,5	
42,715	0,49	
42,72	0,48	
42,725	0,46	
42,73	0,45	
42,735	0,43	
42,74	0,42	
42,745	0,41	
42,75	0,39	
42,755	0,38	
42,76	0,37	
42,765	0,36	
42,77	0,33	
42,775	0,32	
42,78	0,3	
42,785	0,29	
42,79	0,27	
42,795	0,26	
42,8	0,24	
42,805	0,23	
42,81	0,21	
42,815	0,19	
42,82	0,17	
42,825	0,15	
42,83	0,14	
42,835	0,12	
42,84	0,11	
42,845	0,09	
42,85	0,08	
42,855	0,06	
42,86	0,04	
42,865	0,02	
42,87	0	
42,875	-0,01	
42,88	-0,03	
42,885	-0,05	
42,89	-0,06	
42,895	-0,08	
42,9	-0,09	
42,905	-0,11	
42,91	-0,14	
42,915	-0,15	
42,92	-0,17	
42,925	-0,19	
42,93	-0,2	
42,935	-0,22	
42,94	-0,23	
42,945	-0,24	
42,95	-0,26	
42,955	-0,28	
42,96	-0,3	
42,965	-0,32	
42,97	-0,33	
42,975	-0,35	
42,98	-0,36	
42,985	-0,37	
42,99	-0,38	
42,995	-0,39	
43,0	-0,41	
43,005	-0,43	
43,01	-0,45	
43,015	-0,46	
43,02	-0,47	
43,025	-0,48	
43,03	-0,49	
43,035	-0,5	
43,04	-0,51	
43,045	-0,53	
43,05	-0,54	
43,055	-0,56	
43,06	-0,57	
43,065	-0,58	
43,07	-0,59	
43,075	-0,6	
43,08	-0,6	
43,085	-0,61	
43,09	-0,62	
43,095	-0,63	
43,1	-0,64	
43,105	-0,65	
43,11	-0,66	
43,115	-0,66	
43,12	-0,67	
43,125	-0,67	
43,13	-0,67	
43,135	-0,68	
43,14	-0,69	
43,145	-0,7	
43,15	-0,7	
43,155	-0,7	
43,16	-0,7	
43,165	-0,71	
43,17	-0,71	
43,175	-0,71	
43,18	-0,72	
43,185	-0,72	
43,19	-0,72	
43,195	-0,73	
43,2	-0,72	
43,205	-0,72	
43,21	-0,72	
43,215	-0,72	
43,22	-0,72	
43,225	-0,71	
43,23	-0,72	
43,235	-0,72	
43,24	-0,71	
43,245	-0,71	
43,25	-0,71	
43,255	-0,7	
43,26	-0,69	
43,265	-0,69	
43,27	-0,68	
43,275	-0,68	
43,28	-0,67	
43,285	-0,67	
43,29	-0,67	
43,295	-0,66	
43,3	-0,65	
43,305	-0,64	
43,31	-0,63	
43,315	-0,62	
43,32	-0,61	
43,325	-0,6	
43,33	-0,6	
43,335	-0,59	
43,34	-0,58	
43,345	-0,57	
43,35	-0,56	
43,355	-0,54	
43,36	-0,53	
43,365	-0,52	
43,37	-0,5	
43,375	-0,5	
43,38	-0,49	
43,385	-0,48	
43,39	-0,47	
43,395	-0,45	
43,4	-0,44	
43,405	-0,42	
43,41	-0,4	
43,415	-0,39	
43,42	-0,38	
43,425	-0,36	
43,43	-0,35	
43,435	-0,34	
43,44	-0,32	
43,445	-0,3	
43,45	-0,29	
43,455	-0,26	
43,46	-0,25	
43,465	-0,24	
43,47	-0,22	
43,475	-0,21	
43,48	-0,19	
43,485	-0,18	
43,49	-0,16	
43,495	-0,14	
43,5	-0,12	
43,505	-0,11	
43,51	-0,09	
43,515	-0,08	
43,52	-0,06	
43,525	-0,04	
43,53	-0,03	
43,535	-0,01	
43,54	0,01	
43,545	0,04	
43,55	0,05	
43,555	0,06	
43,56	0,08	
43,565	0,09	
43,57	0,11	
43,575	0,12	
43,58	0,14	
43,585	0,16	
43,59	0,19	
43,595	0,2	
43,6	0,21	
43,605	0,22	
43,61	0,23	
43,615	0,25	
43,62	0,27	
43,625	0,28	
43,63	0,3	
43,635	0,33	
43,64	0,34	
43,645	0,35	
43,65	0,37	
43,655	0,38	
43,66	0,39	
43,665	0,4	
43,67	0,42	
43,675	0,43	
43,68	0,45	
43,685	0,46	
43,69	0,48	
43,695	0,48	
43,7	0,49	
43,705	0,51	
43,71	0,52	
43,715	0,53	
43,72	0,54	
43,725	0,56	
43,73	0,56	
43,735	0,57	
43,74	0,58	
43,745	0,59	
43,75	0,6	
43,755	0,61	
43,76	0,62	
43,765	0,62	
43,77	0,64	
43,775	0,64	
43,78	0,65	
43,785	0,65	
43,79	0,66	
43,795	0,66	
43,8	0,67	
43,805	0,67	
43,81	0,68	
43,815	0,68	
43,82	0,69	
43,825	0,7	
43,83	0,7	
43,835	0,7	
43,84	0,7	
43,845	0,7	
43,85	0,7	
43,855	0,7	
43,86	0,71	
43,865	0,71	
43,87	0,72	
43,875	0,72	
43,88	0,71	
43,885	0,7	
43,89	0,7	
43,895	0,69	
43,9	0,7	
43,905	0,7	
43,91	0,7	
43,915	0,7	
43,92	0,69	
43,925	0,69	
43,93	0,68	
43,935	0,67	
43,94	0,67	
43,945	0,66	
43,95	0,66	
43,955	0,65	
43,96	0,65	
43,965	0,64	
43,97	0,63	
43,975	0,63	
43,98	0,61	
43,985	0,61	
43,99	0,6	
43,995	0,59	
44,0	0,58	
44,005	0,57	
44,01	0,56	
44,015	0,55	
44,02	0,54	
44,025	0,53	
44,03	0,52	
44,035	0,5	
44,04	0,5	
44,045	0,48	
44,05	0,46	
44,055	0,45	
44,06	0,44	
44,065	0,43	
44,07	0,41	
44,075	0,4	
44,08	0,39	
44,085	0,38	
44,09	0,36	
44,095	0,35	
44,1	0,34	
44,105	0,32	
44,11	0,3	
44,115	0,29	
44,12	0,27	
44,125	0,25	
44,13	0,24	
44,135	0,22	
44,14	0,21	
44,145	0,19	
44,15	0,18	
44,155	0,16	
44,16	0,14	
44,165	0,12	
44,17	0,11	
44,175	0,09	
44,18	0,08	
44,185	0,06	
44,19	0,05	
44,195	0,03	
44,2	0,01	
44,205	-0,01	
44,21	-0,02	
44,215	-0,04	
44,22	-0,06	
44,225	-0,07	
44,23	-0,09	
44,235	-0,1	
44,24	-0,11	
44,245	-0,13	
44,25	-0,15	
44,255	-0,17	
44,26	-0,18	
44,265	-0,2	
44,27	-0,21	
44,275	-0,23	
44,28	-0,24	
44,285	-0,25	
44,29	-0,27	
44,295	-0,28	
44,3	-0,3	
44,305	-0,32	
44,31	-0,33	
44,315	-0,34	
44,32	-0,36	
44,325	-0,38	
44,33	-0,39	
44,335	-0,4	
44,34	-0,42	
44,345	-0,43	
44,35	-0,44	
44,355	-0,45	
44,36	-0,46	
44,365	-0,48	
44,37	-0,49	
44,375	-0,5	
44,38	-0,51	
44,385	-0,53	
44,39	-0,54	
44,395	-0,55	
44,4	-0,55	
44,405	-0,56	
44,41	-0,57	
44,415	-0,58	
44,42	-0,59	
44,425	-0,6	
44,43	-0,61	
44,435	-0,62	
44,44	-0,63	
44,445	-0,63	
44,45	-0,64	
44,455	-0,64	
44,46	-0,64	
44,465	-0,65	
44,47	-0,66	
44,475	-0,66	
44,48	-0,67	
44,485	-0,67	
44,49	-0,68	
44,495	-0,68	
44,5	-0,68	
44,505	-0,68	
44,51	-0,68	
44,515	-0,69	
44,52	-0,69	
44,525	-0,69	
44,53	-0,7	
44,535	-0,7	
44,54	-0,7	
44,545	-0,69	
44,55	-0,69	
44,555	-0,69	
44,56	-0,69	
44,565	-0,69	
44,57	-0,69	
44,575	-0,69	
44,58	-0,69	
44,585	-0,68	
44,59	-0,67	
44,595	-0,66	
44,6	-0,66	
44,605	-0,66	
44,61	-0,65	
44,615	-0,65	
44,62	-0,65	
44,625	-0,64	
44,63	-0,63	
44,635	-0,62	
44,64	-0,61	
44,645	-0,6	
44,65	-0,6	
44,655	-0,59	
44,66	-0,59	
44,665	-0,58	
44,67	-0,57	
44,675	-0,55	
44,68	-0,53	
44,685	-0,52	
44,69	-0,52	
44,695	-0,51	
44,7	-0,5	
44,705	-0,5	
44,71	-0,49	
44,715	-0,48	
44,72	-0,46	
44,725	-0,45	
44,73	-0,43	
44,735	-0,41	
44,74	-0,4	
44,745	-0,39	
44,75	-0,38	
44,755	-0,37	
44,76	-0,36	
44,765	-0,34	
44,77	-0,33	
44,775	-0,3	
44,78	-0,28	
44,785	-0,27	
44,79	-0,26	
44,795	-0,24	
44,8	-0,23	
44,805	-0,22	
44,81	-0,21	
44,815	-0,19	
44,82	-0,16	
44,825	-0,15	
44,83	-0,13	
44,835	-0,12	
44,84	-0,1	
44,845	-0,09	
44,85	-0,08	
44,855	-0,07	
44,86	-0,05	
44,865	-0,02	
44,87	-0,01	
44,875	0,01	
44,88	0,03	
44,885	0,04	
44,89	0,06	
44,895	0,07	
44,9	0,08	
44,905	0,1	
44,91	0,12	
44,915	0,14	
44,92	0,15	
44,925	0,17	
44,93	0,18	
44,935	0,19	
44,94	0,21	
44,945	0,22	
44,95	0,24	
44,955	0,26	
44,96	0,28	
44,965	0,29	
44,97	0,3	
44,975	0,32	
44,98	0,33	
44,985	0,34	
44,99	0,35	
44,995	0,37	
45,0	0,39	
45,005	0,4	
45,01	0,41	
45,015	0,43	
45,02	0,44	
45,025	0,45	
45,03	0,46	
45,035	0,47	
45,04	0,48	
45,045	0,49	
45,05	0,5	
45,055	0,52	
45,06	0,53	
45,065	0,54	
45,07	0,55	
45,075	0,55	
45,08	0,56	
45,085	0,57	
45,09	0,58	
45,095	0,59	
45,1	0,6	
45,105	0,61	
45,11	0,62	
45,115	0,62	
45,12	0,62	
45,125	0,63	
45,13	0,63	
45,135	0,64	
45,14	0,65	
45,145	0,66	
45,15	0,66	
45,155	0,67	
45,16	0,67	
45,165	0,67	
45,17	0,67	
45,175	0,67	
45,18	0,67	
45,185	0,68	
45,19	0,68	
45,195	0,68	
45,2	0,69	
45,205	0,68	
45,21	0,68	
45,215	0,68	
45,22	0,68	
45,225	0,68	
45,23	0,68	
45,235	0,68	
45,24	0,67	
45,245	0,67	
45,25	0,66	
45,255	0,66	
45,26	0,66	
45,265	0,65	
45,27	0,65	
45,275	0,65	
45,28	0,64	
45,285	0,64	
45,29	0,63	
45,295	0,63	
45,3	0,62	
45,305	0,61	
45,31	0,61	
45,315	0,6	
45,32	0,59	
45,325	0,58	
45,33	0,57	
45,335	0,56	
45,34	0,55	
45,345	0,54	
45,35	0,53	
45,355	0,52	
45,36	0,51	
45,365	0,5	
45,37	0,49	
45,375	0,48	
45,38	0,47	
45,385	0,46	
45,39	0,45	
45,395	0,43	
45,4	0,42	
45,405	0,41	
45,41	0,39	
45,415	0,38	
45,42	0,37	
45,425	0,36	
45,43	0,34	
45,435	0,33	
45,44	0,31	
45,445	0,29	
45,45	0,28	
45,455	0,26	
45,46	0,25	
45,465	0,24	
45,47	0,23	
45,475	0,22	
45,48	0,2	
45,485	0,18	
45,49	0,17	
45,495	0,15	
45,5	0,13	
45,505	0,11	
45,51	0,1	
45,515	0,09	
45,52	0,07	
45,525	0,06	
45,53	0,04	
45,535	0,03	
45,54	0,01	
45,545	-0,01	
45,55	-0,02	
45,555	-0,04	
45,56	-0,06	
45,565	-0,07	
45,57	-0,08	
45,575	-0,1	
45,58	-0,11	
45,585	-0,13	
45,59	-0,15	
45,595	-0,16	
45,6	-0,18	
45,605	-0,19	
45,61	-0,21	
45,615	-0,23	
45,62	-0,24	
45,625	-0,25	
45,63	-0,27	
45,635	-0,28	
45,64	-0,3	
45,645	-0,32	
45,65	-0,33	
45,655	-0,34	
45,66	-0,36	
45,665	-0,37	
45,67	-0,38	
45,675	-0,4	
45,68	-0,41	
45,685	-0,42	
45,69	-0,43	
45,695	-0,44	
45,7	-0,45	
45,705	-0,47	
45,71	-0,48	
45,715	-0,49	
45,72	-0,5	
45,725	-0,51	
45,73	-0,52	
45,735	-0,53	
45,74	-0,54	
45,745	-0,55	
45,75	-0,56	
45,755	-0,57	
45,76	-0,57	
45,765	-0,58	
45,77	-0,59	
45,775	-0,6	
45,78	-0,6	
45,785	-0,61	
45,79	-0,62	
45,795	-0,62	
45,8	-0,63	
45,805	-0,63	
45,81	-0,64	
45,815	-0,65	
45,82	-0,65	
45,825	-0,65	
45,83	-0,66	
45,835	-0,66	
45,84	-0,66	
45,845	-0,67	
45,85	-0,67	
45,855	-0,67	
45,86	-0,67	
45,865	-0,67	
45,87	-0,67	
45,875	-0,67	
45,88	-0,67	
45,885	-0,67	
45,89	-0,67	
45,895	-0,67	
45,9	-0,67	
45,905	-0,67	
45,91	-0,67	
45,915	-0,66	
45,92	-0,65	
45,925	-0,65	
45,93	-0,64	
45,935	-0,65	
45,94	-0,64	
45,945	-0,65	
45,95	-0,64	
45,955	-0,63	
45,96	-0,63	
45,965	-0,62	
45,97	-0,61	
45,975	-0,6	
45,98	-0,59	
45,985	-0,59	
45,99	-0,58	
45,995	-0,58	
46,0	-0,57	
46,005	-0,55	
46,01	-0,54	
46,015	-0,53	
46,02	-0,52	
46,025	-0,51	
46,03	-0,5	
46,035	-0,5	
46,04	-0,49	
46,045	-0,48	
46,05	-0,47	
46,055	-0,46	
46,06	-0,44	
46,065	-0,43	
46,07	-0,41	
46,075	-0,41	
46,08	-0,39	
46,085	-0,39	
46,09	-0,37	
46,095	-0,35	
46,1	-0,33	
46,105	-0,32	
46,11	-0,3	
46,115	-0,29	
46,12	-0,28	
46,125	-0,27	
46,13	-0,26	
46,135	-0,25	
46,14	-0,22	
46,145	-0,21	
46,15	-0,19	
46,155	-0,18	
46,16	-0,16	
46,165	-0,15	
46,17	-0,13	
46,175	-0,12	
46,18	-0,11	
46,185	-0,09	
46,19	-0,08	
46,195	-0,06	
46,2	-0,04	
46,205	-0,02	
46,21	-0,01	
46,215	0,01	
46,22	0,02	
46,225	0,03	
46,23	0,05	
46,235	0,06	
46,24	0,08	
46,245	0,1	
46,25	0,12	
46,255	0,14	
46,26	0,15	
46,265	0,16	
46,27	0,17	
46,275	0,19	
46,28	0,2	
46,285	0,22	
46,29	0,23	
46,295	0,25	
46,3	0,26	
46,305	0,28	
46,31	0,29	
46,315	0,3	
46,32	0,32	
46,325	0,33	
46,33	0,35	
46,335	0,36	
46,34	0,37	
46,345	0,39	
46,35	0,4	
46,355	0,41	
46,36	0,42	
46,365	0,44	
46,37	0,45	
46,375	0,46	
46,38	0,47	
46,385	0,48	
46,39	0,49	
46,395	0,5	
46,4	0,52	
46,405	0,52	
46,41	0,54	
46,415	0,55	
46,42	0,55	
46,425	0,56	
46,43	0,57	
46,435	0,58	
46,44	0,59	
46,445	0,59	
46,45	0,6	
46,455	0,61	
46,46	0,61	
46,465	0,62	
46,47	0,63	
46,475	0,63	
46,48	0,64	
46,485	0,64	
46,49	0,64	
46,495	0,64	
46,5	0,65	
46,505	0,65	
46,51	0,65	
46,515	0,66	
46,52	0,66	
46,525	0,66	
46,53	0,67	
46,535	0,67	
46,54	0,67	
46,545	0,67	
46,55	0,67	
46,555	0,67	
46,56	0,67	
46,565	0,66	
46,57	0,66	
46,575	0,66	
46,58	0,66	
46,585	0,66	
46,59	0,66	
46,595	0,65	
46,6	0,65	
46,605	0,64	
46,61	0,64	
46,615	0,64	
46,62	0,63	
46,625	0,63	
46,63	0,62	
46,635	0,62	
46,64	0,61	
46,645	0,6	
46,65	0,6	
46,655	0,59	
46,66	0,58	
46,665	0,57	
46,67	0,57	
46,675	0,55	
46,68	0,54	
46,685	0,53	
46,69	0,52	
46,695	0,52	
46,7	0,51	
46,705	0,5	
46,71	0,49	
46,715	0,48	
46,72	0,47	
46,725	0,45	
46,73	0,44	
46,735	0,43	
46,74	0,42	
46,745	0,41	
46,75	0,4	
46,755	0,39	
46,76	0,37	
46,765	0,36	
46,77	0,34	
46,775	0,32	
46,78	0,3	
46,785	0,3	
46,79	0,29	
46,795	0,28	
46,8	0,26	
46,805	0,25	
46,81	0,23	
46,815	0,21	
46,82	0,19	
46,825	0,18	
46,83	0,17	
46,835	0,15	
46,84	0,14	
46,845	0,13	
46,85	0,11	
46,855	0,1	
46,86	0,08	
46,865	0,06	
46,87	0,04	
46,875	0,02	
46,88	0,01	
46,885	-0,01	
46,89	-0,02	
46,895	-0,03	
46,9	-0,05	
46,905	-0,06	
46,91	-0,08	
46,915	-0,1	
46,92	-0,12	
46,925	-0,13	
46,93	-0,14	
46,935	-0,16	
46,94	-0,17	
46,945	-0,18	
46,95	-0,2	
46,955	-0,22	
46,96	-0,24	
46,965	-0,25	
46,97	-0,26	
46,975	-0,28	
46,98	-0,29	
46,985	-0,3	
46,99	-0,31	
46,995	-0,33	
47,0	-0,34	
47,005	-0,36	
47,01	-0,38	
47,015	-0,39	
47,02	-0,4	
47,025	-0,41	
47,03	-0,42	
47,035	-0,43	
47,04	-0,44	
47,045	-0,45	
47,05	-0,47	
47,055	-0,48	
47,06	-0,49	
47,065	-0,5	
47,07	-0,51	
47,075	-0,52	
47,08	-0,53	
47,085	-0,54	
47,09	-0,55	
47,095	-0,56	
47,1	-0,57	
47,105	-0,57	
47,11	-0,58	
47,115	-0,59	
47,12	-0,59	
47,125	-0,6	
47,13	-0,61	
47,135	-0,61	
47,14	-0,62	
47,145	-0,63	
47,15	-0,63	
47,155	-0,64	
47,16	-0,64	
47,165	-0,64	
47,17	-0,65	
47,175	-0,65	
47,18	-0,66	
47,185	-0,66	
47,19	-0,66	
47,195	-0,66	
47,2	-0,66	
47,205	-0,66	
47,21	-0,67	
47,215	-0,67	
47,22	-0,67	
47,225	-0,67	
47,23	-0,67	
47,235	-0,67	
47,24	-0,67	
47,245	-0,66	
47,25	-0,66	
47,255	-0,66	
47,26	-0,65	
47,265	-0,65	
47,27	-0,65	
47,275	-0,65	
47,28	-0,65	
47,285	-0,64	
47,29	-0,63	
47,295	-0,63	
47,3	-0,62	
47,305	-0,62	
47,31	-0,61	
47,315	-0,61	
47,32	-0,6	
47,325	-0,59	
47,33	-0,58	
47,335	-0,57	
47,34	-0,56	
47,345	-0,55	
47,35	-0,55	
47,355	-0,54	
47,36	-0,53	
47,365	-0,52	
47,37	-0,51	
47,375	-0,5	
47,38	-0,49	
47,385	-0,48	
47,39	-0,47	
47,395	-0,45	
47,4	-0,45	
47,405	-0,43	
47,41	-0,42	
47,415	-0,41	
47,42	-0,4	
47,425	-0,39	
47,43	-0,37	
47,435	-0,36	
47,44	-0,34	
47,445	-0,33	
47,45	-0,32	
47,455	-0,3	
47,46	-0,29	
47,465	-0,27	
47,47	-0,26	
47,475	-0,25	
47,48	-0,23	
47,485	-0,22	
47,49	-0,2	
47,495	-0,19	
47,5	-0,17	
47,505	-0,15	
47,51	-0,14	
47,515	-0,13	
47,52	-0,11	
47,525	-0,09	
47,53	-0,08	
47,535	-0,06	
47,54	-0,05	
47,545	-0,03	
47,55	-0,01	
47,555	0	
47,56	0,01	
47,565	0,03	
47,57	0,04	
47,575	0,06	
47,58	0,08	
47,585	0,09	
47,59	0,11	
47,595	0,13	
47,6	0,14	
47,605	0,16	
47,61	0,17	
47,615	0,19	
47,62	0,2	
47,625	0,22	
47,63	0,23	
47,635	0,24	
47,64	0,26	
47,645	0,27	
47,65	0,29	
47,655	0,3	
47,66	0,32	
47,665	0,33	
47,67	0,35	
47,675	0,36	
47,68	0,37	
47,685	0,39	
47,69	0,4	
47,695	0,41	
47,7	0,42	
47,705	0,44	
47,71	0,45	
47,715	0,46	
47,72	0,47	
47,725	0,48	
47,73	0,49	
47,735	0,5	
47,74	0,51	
47,745	0,52	
47,75	0,53	
47,755	0,54	
47,76	0,55	
47,765	0,56	
47,77	0,57	
47,775	0,58	
47,78	0,58	
47,785	0,59	
47,79	0,6	
47,795	0,6	
47,8	0,61	
47,805	0,62	
47,81	0,63	
47,815	0,63	
47,82	0,64	
47,825	0,64	
47,83	0,65	
47,835	0,65	
47,84	0,65	
47,845	0,66	
47,85	0,66	
47,855	0,67	
47,86	0,67	
47,865	0,67	
47,87	0,67	
47,875	0,67	
47,88	0,67	
47,885	0,67	
47,89	0,67	
47,895	0,67	
47,9	0,67	
47,905	0,67	
47,91	0,67	
47,915	0,67	
47,92	0,67	
47,925	0,67	
47,93	0,66	
47,935	0,66	
47,94	0,65	
47,945	0,65	
47,95	0,65	
47,955	0,64	
47,96	0,64	
47,965	0,63	
47,97	0,63	
47,975	0,62	
47,98	0,61	
47,985	0,61	
47,99	0,6	
47,995	0,59	
48,0	0,58	
48,005	0,57	
48,01	0,57	
48,015	0,56	
48,02	0,55	
48,025	0,55	
48,03	0,54	
48,035	0,53	
48,04	0,52	
48,045	0,51	
48,05	0,49	
48,055	0,48	
48,06	0,47	
48,065	0,46	
48,07	0,45	
48,075	0,44	
48,08	0,43	
48,085	0,42	
48,09	0,41	
48,095	0,38	
48,1	0,37	
48,105	0,35	
48,11	0,34	
48,115	0,33	
48,12	0,32	
48,125	0,31	
48,13	0,3	
48,135	0,28	
48,14	0,26	
48,145	0,24	
48,15	0,23	
48,155	0,21	
48,16	0,2	
48,165	0,19	
48,17	0,18	
48,175	0,17	
48,18	0,15	
48,185	0,13	
48,19	0,11	
48,195	0,09	
48,2	0,07	
48,205	0,06	
48,21	0,05	
48,215	0,03	
48,22	0,02	
48,225	0,01	
48,23	-0,02	
48,235	-0,03	
48,24	-0,05	
48,245	-0,07	
48,25	-0,08	
48,255	-0,1	
48,26	-0,11	
48,265	-0,13	
48,27	-0,14	
48,275	-0,16	
48,28	-0,17	
48,285	-0,19	
48,29	-0,21	
48,295	-0,22	
48,3	-0,23	
48,305	-0,25	
48,31	-0,26	
48,315	-0,27	
48,32	-0,3	
48,325	-0,31	
48,33	-0,32	
48,335	-0,34	
48,34	-0,35	
48,345	-0,36	
48,35	-0,37	
48,355	-0,39	
48,36	-0,4	
48,365	-0,42	
48,37	-0,43	
48,375	-0,44	
48,38	-0,45	
48,385	-0,46	
48,39	-0,47	
48,395	-0,48	
48,4	-0,49	
48,405	-0,5	
48,41	-0,51	
48,415	-0,53	
48,42	-0,54	
48,425	-0,55	
48,43	-0,56	
48,435	-0,57	
48,44	-0,58	
48,445	-0,58	
48,45	-0,59	
48,455	-0,6	
48,46	-0,61	
48,465	-0,61	
48,47	-0,62	
48,475	-0,63	
48,48	-0,63	
48,485	-0,63	
48,49	-0,64	
48,495	-0,64	
48,5	-0,65	
48,505	-0,66	
48,51	-0,66	
48,515	-0,67	
48,52	-0,67	
48,525	-0,67	
48,53	-0,67	
48,535	-0,67	
48,54	-0,67	
48,545	-0,67	
48,55	-0,68	
48,555	-0,68	
48,56	-0,68	
48,565	-0,68	
48,57	-0,68	
48,575	-0,68	
48,58	-0,67	
48,585	-0,67	
48,59	-0,67	
48,595	-0,67	
48,6	-0,68	
48,605	-0,67	
48,61	-0,67	
48,615	-0,66	
48,62	-0,66	
48,625	-0,65	
48,63	-0,64	
48,635	-0,64	
48,64	-0,63	
48,645	-0,63	
48,65	-0,63	
48,655	-0,62	
48,66	-0,61	
48,665	-0,6	
48,67	-0,59	
48,675	-0,58	
48,68	-0,57	
48,685	-0,57	
48,69	-0,56	
48,695	-0,55	
48,7	-0,54	
48,705	-0,53	
48,71	-0,52	
48,715	-0,51	
48,72	-0,5	
48,725	-0,49	
48,73	-0,47	
48,735	-0,46	
48,74	-0,45	
48,745	-0,44	
48,75	-0,43	
48,755	-0,41	
48,76	-0,4	
48,765	-0,39	
48,77	-0,38	
48,775	-0,36	
48,78	-0,35	
48,785	-0,34	
48,79	-0,32	
48,795	-0,31	
48,8	-0,3	
48,805	-0,28	
48,81	-0,27	
48,815	-0,25	
48,82	-0,23	
48,825	-0,22	
48,83	-0,2	
48,835	-0,19	
48,84	-0,18	
48,845	-0,16	
48,85	-0,14	
48,855	-0,13	
48,86	-0,11	
48,865	-0,09	
48,87	-0,07	
48,875	-0,06	
48,88	-0,05	
48,885	-0,03	
48,89	-0,02	
48,895	0	
48,9	0,02	
48,905	0,04	
48,91	0,05	
48,915	0,07	
48,92	0,09	
48,925	0,1	
48,93	0,11	
48,935	0,13	
48,94	0,15	
48,945	0,17	
48,95	0,19	
48,955	0,2	
48,96	0,22	
48,965	0,23	
48,97	0,24	
48,975	0,25	
48,98	0,26	
48,985	0,28	
48,99	0,3	
48,995	0,32	
49,0	0,33	
49,005	0,35	
49,01	0,36	
49,015	0,37	
49,02	0,38	
49,025	0,4	
49,03	0,41	
49,035	0,42	
49,04	0,44	
49,045	0,45	
49,05	0,46	
49,055	0,47	
49,06	0,48	
49,065	0,49	
49,07	0,51	
49,075	0,52	
49,08	0,53	
49,085	0,54	
49,09	0,55	
49,095	0,56	
49,1	0,57	
49,105	0,58	
49,11	0,59	
49,115	0,6	
49,12	0,6	
49,125	0,61	
49,13	0,62	
49,135	0,63	
49,14	0,64	
49,145	0,64	
49,15	0,64	
49,155	0,64	
49,16	0,65	
49,165	0,66	
49,17	0,67	
49,175	0,67	
49,18	0,68	
49,185	0,68	
49,19	0,68	
49,195	0,68	
49,2	0,68	
49,205	0,69	
49,21	0,69	
49,215	0,69	
49,22	0,69	
49,225	0,69	
49,23	0,69	
49,235	0,69	
49,24	0,69	
49,245	0,68	
49,25	0,68	
49,255	0,68	
49,26	0,68	
49,265	0,68	
49,27	0,68	
49,275	0,67	
49,28	0,67	
49,285	0,67	
49,29	0,66	
49,295	0,65	
49,3	0,65	
49,305	0,65	
49,31	0,64	
49,315	0,64	
49,32	0,63	
49,325	0,62	
49,33	0,61	
49,335	0,6	
49,34	0,59	
49,345	0,59	
49,35	0,58	
49,355	0,57	
49,36	0,57	
49,365	0,56	
49,37	0,55	
49,375	0,53	
49,38	0,52	
49,385	0,51	
49,39	0,5	
49,395	0,49	
49,4	0,48	
49,405	0,47	
49,41	0,46	
49,415	0,44	
49,42	0,43	
49,425	0,41	
49,43	0,39	
49,435	0,38	
49,44	0,37	
49,445	0,36	
49,45	0,35	
49,455	0,34	
49,46	0,32	
49,465	0,3	
49,47	0,29	
49,475	0,27	
49,48	0,25	
49,485	0,24	
49,49	0,23	
49,495	0,21	
49,5	0,2	
49,505	0,18	
49,51	0,16	
49,515	0,15	
49,52	0,13	
49,525	0,11	
49,53	0,1	
49,535	0,08	
49,54	0,07	
49,545	0,05	
49,55	0,03	
49,555	0,01	
49,56	0	
49,565	-0,02	
49,57	-0,03	
49,575	-0,04	
49,58	-0,06	
49,585	-0,07	
49,59	-0,09	
49,595	-0,11	
49,6	-0,13	
49,605	-0,15	
49,61	-0,16	
49,615	-0,18	
49,62	-0,19	
49,625	-0,2	
49,63	-0,22	
49,635	-0,23	
49,64	-0,25	
49,645	-0,27	
49,65	-0,29	
49,655	-0,3	
49,66	-0,32	
49,665	-0,33	
49,67	-0,34	
49,675	-0,35	
49,68	-0,36	
49,685	-0,38	
49,69	-0,4	
49,695	-0,42	
49,7	-0,43	
49,705	-0,44	
49,71	-0,45	
49,715	-0,46	
49,72	-0,47	
49,725	-0,48	
49,73	-0,5	
49,735	-0,51	
49,74	-0,53	
49,745	-0,54	
49,75	-0,55	
49,755	-0,56	
49,76	-0,57	
49,765	-0,58	
49,77	-0,58	
49,775	-0,59	
49,78	-0,6	
49,785	-0,61	
49,79	-0,62	
49,795	-0,63	
49,8	-0,63	
49,805	-0,64	
49,81	-0,65	
49,815	-0,65	
49,82	-0,65	
49,825	-0,66	
49,83	-0,67	
49,835	-0,67	
49,84	-0,68	
49,845	-0,69	
49,85	-0,69	
49,855	-0,69	
49,86	-0,69	
49,865	-0,69	
49,87	-0,69	
49,875	-0,69	
49,88	-0,69	
49,885	-0,7	
49,89	-0,7	
49,895	-0,7	
49,9	-0,7	
49,905	-0,7	
49,91	-0,7	
49,915	-0,69	
49,92	-0,69	
49,925	-0,7	
49,93	-0,7	
49,935	-0,7	
49,94	-0,69	
49,945	-0,69	
49,95	-0,68	
49,955	-0,68	
49,96	-0,67	
49,965	-0,66	
49,97	-0,66	
49,975	-0,65	
49,98	-0,65	
49,985	-0,64	
49,99	-0,63	
49,995	-0,62	
50,0	-0,61	
50,005	-0,6	
50,01	-0,59	
50,015	-0,59	
50,02	-0,59	
50,025	-0,58	
50,03	-0,57	
50,035	-0,56	
50,04	-0,55	
50,045	-0,54	
50,05	-0,52	
50,055	-0,51	
50,06	-0,49	
50,065	-0,49	
50,07	-0,48	
50,075	-0,47	
50,08	-0,46	
50,085	-0,44	
50,09	-0,43	
50,095	-0,4	
50,1	-0,39	
50,105	-0,38	
50,11	-0,37	
50,115	-0,36	
50,12	-0,35	
50,125	-0,33	
50,13	-0,32	
50,135	-0,3	
50,14	-0,27	
50,145	-0,26	
50,15	-0,24	
50,155	-0,23	
50,16	-0,22	
50,165	-0,21	
50,17	-0,19	
50,175	-0,18	
50,18	-0,16	
50,185	-0,13	
50,19	-0,12	
50,195	-0,1	
50,2	-0,09	
50,205	-0,07	
50,21	-0,06	
50,215	-0,05	
50,22	-0,03	
50,225	-0,01	
50,23	0,01	
50,235	0,03	
50,24	0,05	
50,245	0,06	
50,25	0,08	
50,255	0,09	
50,26	0,1	
50,265	0,12	
50,27	0,14	
50,275	0,16	
50,28	0,18	
50,285	0,2	
50,29	0,21	
50,295	0,23	
50,3	0,24	
50,305	0,25	
50,31	0,27	
50,315	0,29	
50,32	0,3	
50,325	0,32	
50,33	0,34	
50,335	0,35	
50,34	0,36	
50,345	0,37	
50,35	0,39	
50,355	0,4	
50,36	0,41	
50,365	0,43	
50,37	0,45	
50,375	0,47	
50,38	0,48	
50,385	0,48	
50,39	0,49	
50,395	0,5	
50,4	0,51	
50,405	0,52	
50,41	0,54	
50,415	0,56	
50,42	0,57	
50,425	0,58	
50,43	0,58	
50,435	0,59	
50,44	0,59	
50,445	0,6	
50,45	0,61	
50,455	0,62	
50,46	0,63	
50,465	0,64	
50,47	0,65	
50,475	0,66	
50,48	0,66	
50,485	0,67	
50,49	0,67	
50,495	0,67	
50,5	0,68	
50,505	0,69	
50,51	0,7	
50,515	0,7	
50,52	0,7	
50,525	0,71	
50,53	0,71	
50,535	0,71	
50,54	0,71	
50,545	0,71	
50,55	0,71	
50,555	0,71	
50,56	0,71	
50,565	0,71	
50,57	0,71	
50,575	0,71	
50,58	0,7	
50,585	0,7	
50,59	0,71	
50,595	0,7	
50,6	0,7	
50,605	0,7	
50,61	0,69	
50,615	0,69	
50,62	0,68	
50,625	0,68	
50,63	0,67	
50,635	0,67	
50,64	0,66	
50,645	0,65	
50,65	0,65	
50,655	0,64	
50,66	0,63	
50,665	0,62	
50,67	0,61	
50,675	0,61	
50,68	0,6	
50,685	0,59	
50,69	0,58	
50,695	0,57	
50,7	0,56	
50,705	0,55	
50,71	0,54	
50,715	0,53	
50,72	0,51	
50,725	0,5	
50,73	0,49	
50,735	0,48	
50,74	0,47	
50,745	0,46	
50,75	0,44	
50,755	0,43	
50,76	0,41	
50,765	0,4	
50,77	0,38	
50,775	0,37	
50,78	0,36	
50,785	0,34	
50,79	0,33	
50,795	0,31	
50,8	0,3	
50,805	0,28	
50,81	0,27	
50,815	0,26	
50,82	0,24	
50,825	0,22	
50,83	0,2	
50,835	0,18	
50,84	0,17	
50,845	0,15	
50,85	0,14	
50,855	0,13	
50,86	0,12	
50,865	0,1	
50,87	0,07	
50,875	0,06	
50,88	0,04	
50,885	0,02	
50,89	0	
50,895	-0,02	
50,9	-0,03	
50,905	-0,04	
50,91	-0,06	
50,915	-0,08	
50,92	-0,09	
50,925	-0,11	
50,93	-0,13	
50,935	-0,15	
50,94	-0,16	
50,945	-0,18	
50,95	-0,19	
50,955	-0,21	
50,96	-0,22	
50,965	-0,24	
50,97	-0,25	
50,975	-0,27	
50,98	-0,29	
50,985	-0,31	
50,99	-0,33	
50,995	-0,34	
51,0	-0,35	
51,005	-0,36	
51,01	-0,37	
51,015	-0,38	
51,02	-0,4	
51,025	-0,42	
51,03	-0,44	
51,035	-0,45	
51,04	-0,47	
51,045	-0,48	
51,05	-0,48	
51,055	-0,49	
51,06	-0,5	
51,065	-0,51	
51,07	-0,53	
51,075	-0,54	
51,08	-0,56	
51,085	-0,57	
51,09	-0,58	
51,095	-0,59	
51,1	-0,59	
51,105	-0,6	
51,11	-0,61	
51,115	-0,62	
51,12	-0,63	
51,125	-0,64	
51,13	-0,65	
51,135	-0,66	
51,14	-0,66	
51,145	-0,67	
51,15	-0,67	
51,155	-0,67	
51,16	-0,68	
51,165	-0,69	
51,17	-0,69	
51,175	-0,7	
51,18	-0,7	
51,185	-0,71	
51,19	-0,71	
51,195	-0,71	
51,2	-0,71	
51,205	-0,71	
51,21	-0,71	
51,215	-0,71	
51,22	-0,72	
51,225	-0,72	
51,23	-0,72	
51,235	-0,71	
51,24	-0,71	
51,245	-0,71	
51,25	-0,71	
51,255	-0,71	
51,26	-0,71	
51,265	-0,71	
51,27	-0,7	
51,275	-0,7	
51,28	-0,69	
51,285	-0,69	
51,29	-0,68	
51,295	-0,68	
51,3	-0,67	
51,305	-0,66	
51,31	-0,66	
51,315	-0,66	
51,32	-0,65	
51,325	-0,64	
51,33	-0,62	
51,335	-0,61	
51,34	-0,6	
51,345	-0,6	
51,35	-0,59	
51,355	-0,58	
51,36	-0,58	
51,365	-0,57	
51,37	-0,55	
51,375	-0,54	
51,38	-0,53	
51,385	-0,51	
51,39	-0,5	
51,395	-0,49	
51,4	-0,48	
51,405	-0,47	
51,41	-0,46	
51,415	-0,44	
51,42	-0,43	
51,425	-0,42	
51,43	-0,4	
51,435	-0,39	
51,44	-0,37	
51,445	-0,36	
51,45	-0,35	
51,455	-0,33	
51,46	-0,31	
51,465	-0,29	
51,47	-0,28	
51,475	-0,27	
51,48	-0,25	
51,485	-0,24	
51,49	-0,23	
51,495	-0,21	
51,5	-0,19	
51,505	-0,17	
51,51	-0,15	
51,515	-0,13	
51,52	-0,12	
51,525	-0,1	
51,53	-0,09	
51,535	-0,08	
51,54	-0,06	
51,545	-0,05	
51,55	-0,02	
51,555	0,01	
51,56	0,02	
51,565	0,04	
51,57	0,05	
51,575	0,06	
51,58	0,08	
51,585	0,09	
51,59	0,11	
51,595	0,13	
51,6	0,15	
51,605	0,17	
51,61	0,19	
51,615	0,2	
51,62	0,22	
51,625	0,23	
51,63	0,24	
51,635	0,26	
51,64	0,27	
51,645	0,3	
51,65	0,31	
51,655	0,33	
51,66	0,34	
51,665	0,36	
51,67	0,37	
51,675	0,39	
51,68	0,4	
51,685	0,41	
51,69	0,42	
51,695	0,44	
51,7	0,45	
51,705	0,47	
51,71	0,48	
51,715	0,49	
51,72	0,5	
51,725	0,51	
51,73	0,52	
51,735	0,54	
51,74	0,55	
51,745	0,57	
51,75	0,58	
51,755	0,58	
51,76	0,59	
51,765	0,6	
51,77	0,6	
51,775	0,61	
51,78	0,63	
51,785	0,64	
51,79	0,64	
51,795	0,65	
51,8	0,66	
51,805	0,66	
51,81	0,66	
51,815	0,67	
51,82	0,68	
51,825	0,69	
51,83	0,69	
51,835	0,7	
51,84	0,7	
51,845	0,71	
51,85	0,71	
51,855	0,71	
51,86	0,71	
51,865	0,71	
51,87	0,71	
51,875	0,71	
51,88	0,72	
51,885	0,72	
51,89	0,72	
51,895	0,72	
51,9	0,72	
51,905	0,71	
51,91	0,71	
51,915	0,7	
51,92	0,7	
51,925	0,7	
51,93	0,7	
51,935	0,7	
51,94	0,7	
51,945	0,69	
51,95	0,68	
51,955	0,68	
51,96	0,67	
51,965	0,66	
51,97	0,66	
51,975	0,66	
51,98	0,65	
51,985	0,65	
51,99	0,64	
51,995	0,63	
52,0	0,62	
52,005	0,61	
52,01	0,6	
52,015	0,59	
52,02	0,58	
52,025	0,57	
52,03	0,57	
52,035	0,56	
52,04	0,54	
52,045	0,54	
52,05	0,53	
52,055	0,51	
52,06	0,49	
52,065	0,48	
52,07	0,47	
52,075	0,45	
52,08	0,44	
52,085	0,43	
52,09	0,41	
52,095	0,4	
52,1	0,38	
52,105	0,37	
52,11	0,35	
52,115	0,34	
52,12	0,33	
52,125	0,31	
52,13	0,29	
52,135	0,28	
52,14	0,26	
52,145	0,25	
52,15	0,23	
52,155	0,21	
52,16	0,2	
52,165	0,19	
52,17	0,17	
52,175	0,15	
52,18	0,14	
52,185	0,12	
52,19	0,1	
52,195	0,08	
52,2	0,07	
52,205	0,05	
52,21	0,03	
52,215	0,01	
52,22	0	
52,225	-0,02	
52,23	-0,04	
52,235	-0,06	
52,24	-0,07	
52,245	-0,08	
52,25	-0,1	
52,255	-0,12	
52,26	-0,13	
52,265	-0,15	
52,27	-0,17	
52,275	-0,19	
52,28	-0,21	
52,285	-0,22	
52,29	-0,24	
52,295	-0,25	
52,3	-0,26	
52,305	-0,28	
52,31	-0,3	
52,315	-0,31	
52,32	-0,33	
52,325	-0,35	
52,33	-0,36	
52,335	-0,37	
52,34	-0,39	
52,345	-0,4	
52,35	-0,41	
52,355	-0,43	
52,36	-0,45	
52,365	-0,46	
52,37	-0,48	
52,375	-0,49	
52,38	-0,5	
52,385	-0,5	
52,39	-0,51	
52,395	-0,52	
52,4	-0,54	
52,405	-0,55	
52,41	-0,57	
52,415	-0,58	
52,42	-0,59	
52,425	-0,6	
52,43	-0,6	
52,435	-0,61	
52,44	-0,62	
52,445	-0,63	
52,45	-0,63	
52,455	-0,65	
52,46	-0,66	
52,465	-0,66	
52,47	-0,67	
52,475	-0,67	
52,48	-0,67	
52,485	-0,68	
52,49	-0,68	
52,495	-0,69	
52,5	-0,7	
52,505	-0,7	
52,51	-0,71	
52,515	-0,71	
52,52	-0,71	
52,525	-0,71	
52,53	-0,71	
52,535	-0,71	
52,54	-0,72	
52,545	-0,72	
52,55	-0,72	
52,555	-0,72	
52,56	-0,72	
52,565	-0,72	
52,57	-0,71	
52,575	-0,71	
52,58	-0,71	
52,585	-0,71	
52,59	-0,71	
52,595	-0,7	
52,6	-0,7	
52,605	-0,69	
52,61	-0,69	
52,615	-0,68	
52,62	-0,68	
52,625	-0,67	
52,63	-0,66	
52,635	-0,66	
52,64	-0,65	
52,645	-0,64	
52,65	-0,64	
52,655	-0,63	
52,66	-0,62	
52,665	-0,61	
52,67	-0,6	
52,675	-0,6	
52,68	-0,59	
52,685	-0,58	
52,69	-0,57	
52,695	-0,56	
52,7	-0,55	
52,705	-0,53	
52,71	-0,52	
52,715	-0,51	
52,72	-0,5	
52,725	-0,49	
52,73	-0,48	
52,735	-0,46	
52,74	-0,45	
52,745	-0,44	
52,75	-0,42	
52,755	-0,41	
52,76	-0,4	
52,765	-0,38	
52,77	-0,37	
52,775	-0,35	
52,78	-0,33	
52,785	-0,32	
52,79	-0,3	
52,795	-0,29	
52,8	-0,27	
52,805	-0,26	
52,81	-0,24	
52,815	-0,23	
52,82	-0,21	
52,825	-0,19	
52,83	-0,18	
52,835	-0,16	
52,84	-0,14	
52,845	-0,13	
52,85	-0,11	
52,855	-0,09	
52,86	-0,08	
52,865	-0,07	
52,87	-0,04	
52,875	-0,02	
52,88	-0,01	
52,885	0,01	
52,89	0,03	
52,895	0,04	
52,9	0,05	
52,905	0,07	
52,91	0,09	
52,915	0,11	
52,92	0,13	
52,925	0,15	
52,93	0,16	
52,935	0,18	
52,94	0,19	
52,945	0,2	
52,95	0,22	
52,955	0,23	
52,96	0,25	
52,965	0,27	
52,97	0,29	
52,975	0,31	
52,98	0,33	
52,985	0,34	
52,99	0,35	
52,995	0,36	
53,0	0,37	
53,005	0,38	
53,01	0,4	
53,015	0,42	
53,02	0,43	
53,025	0,45	
53,03	0,46	
53,035	0,47	
53,04	0,48	
53,045	0,49	
53,05	0,5	
53,055	0,52	
53,06	0,53	
53,065	0,54	
53,07	0,55	
53,075	0,56	
53,08	0,57	
53,085	0,58	
53,09	0,59	
53,095	0,6	
53,1	0,61	
53,105	0,62	
53,11	0,62	
53,115	0,63	
53,12	0,65	
53,125	0,65	
53,13	0,66	
53,135	0,66	
53,14	0,67	
53,145	0,67	
53,15	0,68	
53,155	0,68	
53,16	0,69	
53,165	0,69	
53,17	0,7	
53,175	0,7	
53,18	0,7	
53,185	0,7	
53,19	0,71	
53,195	0,71	
53,2	0,71	
53,205	0,71	
53,21	0,71	
53,215	0,71	
53,22	0,71	
53,225	0,71	
53,23	0,71	
53,235	0,7	
53,24	0,7	
53,245	0,7	
53,25	0,7	
53,255	0,7	
53,26	0,7	
53,265	0,7	
53,27	0,69	
53,275	0,68	
53,28	0,67	
53,285	0,67	
53,29	0,66	
53,295	0,66	
53,3	0,65	
53,305	0,65	
53,31	0,64	
53,315	0,63	
53,32	0,63	
53,325	0,61	
53,33	0,6	
53,335	0,6	
53,34	0,59	
53,345	0,58	
53,35	0,58	
53,355	0,56	
53,36	0,55	
53,365	0,54	
53,37	0,52	
53,375	0,51	
53,38	0,5	
53,385	0,49	
53,39	0,48	
53,395	0,47	
53,4	0,46	
53,405	0,45	
53,41	0,44	
53,415	0,41	
53,42	0,4	
53,425	0,38	
53,43	0,37	
53,435	0,35	
53,44	0,34	
53,445	0,33	
53,45	0,32	
53,455	0,3	
53,46	0,29	
53,465	0,26	
53,47	0,25	
53,475	0,23	
53,48	0,22	
53,485	0,2	
53,49	0,19	
53,495	0,17	
53,5	0,16	
53,505	0,14	
53,51	0,12	
53,515	0,1	
53,52	0,09	
53,525	0,07	
53,53	0,06	
53,535	0,04	
53,54	0,03	
53,545	0,01	
53,55	-0,01	
53,555	-0,03	
53,56	-0,04	
53,565	-0,06	
53,57	-0,07	
53,575	-0,09	
53,58	-0,11	
53,585	-0,13	
53,59	-0,14	
53,595	-0,16	
53,6	-0,18	
53,605	-0,2	
53,61	-0,21	
53,615	-0,22	
53,62	-0,23	
53,625	-0,25	
53,63	-0,26	
53,635	-0,28	
53,64	-0,3	
53,645	-0,32	
53,65	-0,34	
53,655	-0,35	
53,66	-0,36	
53,665	-0,37	
53,67	-0,39	
53,675	-0,4	
53,68	-0,41	
53,685	-0,43	
53,69	-0,44	
53,695	-0,46	
53,7	-0,47	
53,705	-0,48	
53,71	-0,49	
53,715	-0,5	
53,72	-0,51	
53,725	-0,52	
53,73	-0,53	
53,735	-0,55	
53,74	-0,56	
53,745	-0,57	
53,75	-0,58	
53,755	-0,58	
53,76	-0,59	
53,765	-0,6	
53,77	-0,61	
53,775	-0,62	
53,78	-0,63	
53,785	-0,64	
53,79	-0,64	
53,795	-0,64	
53,8	-0,65	
53,805	-0,66	
53,81	-0,66	
53,815	-0,67	
53,82	-0,68	
53,825	-0,68	
53,83	-0,68	
53,835	-0,68	
53,84	-0,69	
53,845	-0,69	
53,85	-0,69	
53,855	-0,69	
53,86	-0,7	
53,865	-0,7	
53,87	-0,71	
53,875	-0,71	
53,88	-0,71	
53,885	-0,7	
53,89	-0,7	
53,895	-0,7	
53,9	-0,69	
53,905	-0,7	
53,91	-0,7	
53,915	-0,7	
53,92	-0,7	
53,925	-0,69	
53,93	-0,69	
53,935	-0,68	
53,94	-0,67	
53,945	-0,67	
53,95	-0,66	
53,955	-0,65	
53,96	-0,65	
53,965	-0,64	
53,97	-0,64	
53,975	-0,63	
53,98	-0,62	
53,985	-0,61	
53,99	-0,61	
53,995	-0,6	
54,0	-0,59	
54,005	-0,58	
54,01	-0,57	
54,015	-0,56	
54,02	-0,55	
54,025	-0,54	
54,03	-0,53	
54,035	-0,52	
54,04	-0,51	
54,045	-0,5	
54,05	-0,49	
54,055	-0,47	
54,06	-0,46	
54,065	-0,44	
54,07	-0,43	
54,075	-0,42	
54,08	-0,41	
54,085	-0,39	
54,09	-0,38	
54,095	-0,36	
54,1	-0,34	
54,105	-0,33	
54,11	-0,32	
54,115	-0,31	
54,12	-0,3	
54,125	-0,28	
54,13	-0,26	
54,135	-0,25	
54,14	-0,23	
54,145	-0,21	
54,15	-0,2	
54,155	-0,19	
54,16	-0,17	
54,165	-0,16	
54,17	-0,14	
54,175	-0,12	
54,18	-0,11	
54,185	-0,09	
54,19	-0,07	
54,195	-0,06	
54,2	-0,04	
54,205	-0,02	
54,21	-0,01	
54,215	0,01	
54,22	0,03	
54,225	0,04	
54,23	0,06	
54,235	0,08	
54,24	0,09	
54,245	0,11	
54,25	0,13	
54,255	0,14	
54,26	0,16	
54,265	0,17	
54,27	0,19	
54,275	0,2	
54,28	0,22	
54,285	0,24	
54,29	0,25	
54,295	0,27	
54,3	0,28	
54,305	0,3	
54,31	0,31	
54,315	0,32	
54,32	0,34	
54,325	0,35	
54,33	0,37	
54,335	0,39	
54,34	0,4	
54,345	0,41	
54,35	0,42	
54,355	0,43	
54,36	0,45	
54,365	0,46	
54,37	0,47	
54,375	0,49	
54,38	0,5	
54,385	0,51	
54,39	0,52	
54,395	0,53	
54,4	0,54	
54,405	0,55	
54,41	0,56	
54,415	0,56	
54,42	0,58	
54,425	0,58	
54,43	0,59	
54,435	0,6	
54,44	0,61	
54,445	0,62	
54,45	0,62	
54,455	0,63	
54,46	0,63	
54,465	0,64	
54,47	0,65	
54,475	0,65	
54,48	0,66	
54,485	0,67	
54,49	0,67	
54,495	0,67	
54,5	0,67	
54,505	0,67	
54,51	0,68	
54,515	0,68	
54,52	0,68	
54,525	0,69	
54,53	0,69	
54,535	0,7	
54,54	0,7	
54,545	0,7	
54,55	0,69	
54,555	0,69	
54,56	0,68	
54,565	0,68	
54,57	0,68	
54,575	0,68	
54,58	0,68	
54,585	0,68	
54,59	0,68	
54,595	0,67	
54,6	0,66	
54,605	0,66	
54,61	0,65	
54,615	0,65	
54,62	0,64	
54,625	0,64	
54,63	0,64	
54,635	0,63	
54,64	0,62	
54,645	0,61	
54,65	0,6	
54,655	0,59	
54,66	0,58	
54,665	0,58	
54,67	0,57	
54,675	0,56	
54,68	0,55	
54,685	0,54	
54,69	0,52	
54,695	0,51	
54,7	0,51	
54,705	0,5	
54,71	0,49	
54,715	0,48	
54,72	0,47	
54,725	0,46	
54,73	0,44	
54,735	0,43	
54,74	0,41	
54,745	0,4	
54,75	0,39	
54,755	0,38	
54,76	0,37	
54,765	0,35	
54,77	0,34	
54,775	0,33	
54,78	0,3	
54,785	0,28	
54,79	0,27	
54,795	0,25	
54,8	0,24	
54,805	0,23	
54,81	0,21	
54,815	0,2	
54,82	0,19	
54,825	0,17	
54,83	0,15	
54,835	0,13	
54,84	0,12	
54,845	0,1	
54,85	0,09	
54,855	0,07	
54,86	0,06	
54,865	0,05	
54,87	0,03	
54,875	0,01	
54,88	-0,01	
54,885	-0,03	
54,89	-0,04	
54,895	-0,06	
54,9	-0,07	
54,905	-0,09	
54,91	-0,1	
54,915	-0,12	
54,92	-0,14	
54,925	-0,16	
54,93	-0,17	
54,935	-0,19	
54,94	-0,2	
54,945	-0,22	
54,95	-0,23	
54,955	-0,24	
54,96	-0,26	
54,965	-0,27	
54,97	-0,29	
54,975	-0,31	
54,98	-0,32	
54,985	-0,34	
54,99	-0,35	
54,995	-0,36	
55,0	-0,37	
55,005	-0,38	
55,01	-0,4	
55,015	-0,41	
55,02	-0,42	
55,025	-0,43	
55,03	-0,45	
55,035	-0,46	
55,04	-0,47	
55,045	-0,48	
55,05	-0,49	
55,055	-0,51	
55,06	-0,52	
55,065	-0,53	
55,07	-0,53	
55,075	-0,54	
55,08	-0,55	
55,085	-0,56	
55,09	-0,57	
55,095	-0,58	
55,1	-0,59	
55,105	-0,6	
55,11	-0,61	
55,115	-0,61	
55,12	-0,62	
55,125	-0,62	
55,13	-0,63	
55,135	-0,63	
55,14	-0,64	
55,145	-0,65	
55,15	-0,66	
55,155	-0,66	
55,16	-0,66	
55,165	-0,66	
55,17	-0,67	
55,175	-0,67	
55,18	-0,67	
55,185	-0,67	
55,19	-0,67	
55,195	-0,67	
55,2	-0,68	
55,205	-0,68	
55,21	-0,68	
55,215	-0,68	
55,22	-0,68	
55,225	-0,67	
55,23	-0,67	
55,235	-0,67	
55,24	-0,67	
55,245	-0,67	
55,25	-0,67	
55,255	-0,66	
55,26	-0,66	
55,265	-0,65	
55,27	-0,64	
55,275	-0,64	
55,28	-0,64	
55,285	-0,63	
55,29	-0,63	
55,295	-0,62	
55,3	-0,61	
55,305	-0,61	
55,31	-0,6	
55,315	-0,59	
55,32	-0,59	
55,325	-0,58	
55,33	-0,57	
55,335	-0,56	
55,34	-0,55	
55,345	-0,54	
55,35	-0,53	
55,355	-0,52	
55,36	-0,51	
55,365	-0,5	
55,37	-0,49	
55,375	-0,48	
55,38	-0,47	
55,385	-0,46	
55,39	-0,44	
55,395	-0,43	
55,4	-0,42	
55,405	-0,41	
55,41	-0,4	
55,415	-0,38	
55,42	-0,37	
55,425	-0,36	
55,43	-0,35	
55,435	-0,33	
55,44	-0,32	
55,445	-0,3	
55,45	-0,29	
55,455	-0,28	
55,46	-0,26	
55,465	-0,25	
55,47	-0,23	
55,475	-0,22	
55,48	-0,2	
55,485	-0,19	
55,49	-0,17	
55,495	-0,16	
55,5	-0,14	
55,505	-0,13	
55,51	-0,1	
55,515	-0,09	
55,52	-0,08	
55,525	-0,06	
55,53	-0,05	
55,535	-0,03	
55,54	-0,01	
55,545	0	
55,55	0,02	
55,555	0,04	
55,56	0,05	
55,565	0,07	
55,57	0,08	
55,575	0,1	
55,58	0,11	
55,585	0,13	
55,59	0,14	
55,595	0,16	
55,6	0,18	
55,605	0,2	
55,61	0,21	
55,615	0,22	
55,62	0,24	
55,625	0,25	
55,63	0,26	
55,635	0,28	
55,64	0,29	
55,645	0,31	
55,65	0,32	
55,655	0,33	
55,66	0,35	
55,665	0,36	
55,67	0,37	
55,675	0,38	
55,68	0,4	
55,685	0,41	
55,69	0,43	
55,695	0,44	
55,7	0,45	
55,705	0,46	
55,71	0,47	
55,715	0,48	
55,72	0,49	
55,725	0,5	
55,73	0,51	
55,735	0,52	
55,74	0,53	
55,745	0,54	
55,75	0,55	
55,755	0,56	
55,76	0,56	
55,765	0,57	
55,77	0,58	
55,775	0,59	
55,78	0,59	
55,785	0,61	
55,79	0,61	
55,795	0,62	
55,8	0,62	
55,805	0,63	
55,81	0,63	
55,815	0,63	
55,82	0,64	
55,825	0,64	
55,83	0,65	
55,835	0,65	
55,84	0,65	
55,845	0,65	
55,85	0,66	
55,855	0,66	
55,86	0,66	
55,865	0,66	
55,87	0,66	
55,875	0,66	
55,88	0,66	
55,885	0,66	
55,89	0,66	
55,895	0,66	
55,9	0,66	
55,905	0,66	
55,91	0,66	
55,915	0,65	
55,92	0,65	
55,925	0,64	
55,93	0,64	
55,935	0,63	
55,94	0,63	
55,945	0,62	
55,95	0,62	
55,955	0,62	
55,96	0,61	
55,965	0,6	
55,97	0,6	
55,975	0,59	
55,98	0,58	
55,985	0,58	
55,99	0,57	
55,995	0,56	
56,0	0,56	
56,005	0,55	
56,01	0,53	
56,015	0,53	
56,02	0,51	
56,025	0,5	
56,03	0,49	
56,035	0,48	
56,04	0,47	
56,045	0,47	
56,05	0,46	
56,055	0,45	
56,06	0,43	
56,065	0,42	
56,07	0,41	
56,075	0,39	
56,08	0,38	
56,085	0,37	
56,09	0,36	
56,095	0,35	
56,1	0,33	
56,105	0,32	
56,11	0,3	
56,115	0,29	
56,12	0,27	
56,125	0,26	
56,13	0,25	
56,135	0,23	
56,14	0,22	
56,145	0,2	
56,15	0,19	
56,155	0,18	
56,16	0,16	
56,165	0,14	
56,17	0,13	
56,175	0,11	
56,18	0,1	
56,185	0,08	
56,19	0,07	
56,195	0,05	
56,2	0,04	
56,205	0,03	
56,21	0,01	
56,215	-0,01	
56,22	-0,02	
56,225	-0,03	
56,23	-0,05	
56,235	-0,07	
56,24	-0,09	
56,245	-0,1	
56,25	-0,12	
56,255	-0,13	
56,26	-0,14	
56,265	-0,16	
56,27	-0,17	
56,275	-0,18	
56,28	-0,2	
56,285	-0,22	
56,29	-0,23	
56,295	-0,25	
56,3	-0,26	
56,305	-0,28	
56,31	-0,29	
56,315	-0,3	
56,32	-0,32	
56,325	-0,33	
56,33	-0,35	
56,335	-0,36	
56,34	-0,37	
56,345	-0,38	
56,35	-0,39	
56,355	-0,4	
56,36	-0,42	
56,365	-0,43	
56,37	-0,44	
56,375	-0,46	
56,38	-0,47	
56,385	-0,48	
56,39	-0,49	
56,395	-0,49	
56,4	-0,5	
56,405	-0,51	
56,41	-0,52	
56,415	-0,53	
56,42	-0,54	
56,425	-0,55	
56,43	-0,56	
56,435	-0,57	
56,44	-0,57	
56,445	-0,58	
56,45	-0,58	
56,455	-0,59	
56,46	-0,59	
56,465	-0,6	
56,47	-0,61	
56,475	-0,61	
56,48	-0,62	
56,485	-0,62	
56,49	-0,63	
56,495	-0,63	
56,5	-0,63	
56,505	-0,64	
56,51	-0,64	
56,515	-0,64	
56,52	-0,65	
56,525	-0,65	
56,53	-0,65	
56,535	-0,65	
56,54	-0,65	
56,545	-0,65	
56,55	-0,65	
56,555	-0,65	
56,56	-0,65	
56,565	-0,65	
56,57	-0,65	
56,575	-0,65	
56,58	-0,64	
56,585	-0,64	
56,59	-0,63	
56,595	-0,63	
56,6	-0,62	
56,605	-0,62	
56,61	-0,62	
56,615	-0,62	
56,62	-0,61	
56,625	-0,61	
56,63	-0,6	
56,635	-0,6	
56,64	-0,59	
56,645	-0,58	
56,65	-0,58	
56,655	-0,57	
56,66	-0,56	
56,665	-0,56	
56,67	-0,55	
56,675	-0,54	
56,68	-0,53	
56,685	-0,52	
56,69	-0,51	
56,695	-0,5	
56,7	-0,49	
56,705	-0,48	
56,71	-0,47	
56,715	-0,46	
56,72	-0,45	
56,725	-0,44	
56,73	-0,43	
56,735	-0,41	
56,74	-0,4	
56,745	-0,39	
56,75	-0,38	
56,755	-0,37	
56,76	-0,35	
56,765	-0,34	
56,77	-0,33	
56,775	-0,31	
56,78	-0,3	
56,785	-0,28	
56,79	-0,27	
56,795	-0,26	
56,8	-0,24	
56,805	-0,23	
56,81	-0,22	
56,815	-0,2	
56,82	-0,19	
56,825	-0,17	
56,83	-0,15	
56,835	-0,14	
56,84	-0,12	
56,845	-0,11	
56,85	-0,1	
56,855	-0,08	
56,86	-0,07	
56,865	-0,05	
56,87	-0,04	
56,875	-0,02	
56,88	-0,01	
56,885	0,01	
56,89	0,02	
56,895	0,04	
56,9	0,05	
56,905	0,06	
56,91	0,08	
56,915	0,09	
56,92	0,11	
56,925	0,13	
56,93	0,15	
56,935	0,16	
56,94	0,17	
56,945	0,18	
56,95	0,2	
56,955	0,21	
56,96	0,23	
56,965	0,25	
56,97	0,26	
56,975	0,28	
56,98	0,29	
56,985	0,3	
56,99	0,31	
56,995	0,32	
57,0	0,33	
57,005	0,35	
57,01	0,36	
57,015	0,37	
57,02	0,39	
57,025	0,4	
57,03	0,41	
57,035	0,43	
57,04	0,43	
57,045	0,45	
57,05	0,46	
57,055	0,47	
57,06	0,48	
57,065	0,49	
57,07	0,5	
57,075	0,51	
57,08	0,51	
57,085	0,52	
57,09	0,53	
57,095	0,54	
57,1	0,54	
57,105	0,56	
57,11	0,56	
57,115	0,57	
57,12	0,57	
57,125	0,58	
57,13	0,59	
57,135	0,59	
57,14	0,6	
57,145	0,61	
57,15	0,61	
57,155	0,62	
57,16	0,62	
57,165	0,62	
57,17	0,63	
57,175	0,63	
57,18	0,63	
57,185	0,63	
57,19	0,64	
57,195	0,64	
57,2	0,64	
57,205	0,64	
57,21	0,64	
57,215	0,64	
57,22	0,64	
57,225	0,64	
57,23	0,64	
57,235	0,64	
57,24	0,64	
57,245	0,64	
57,25	0,63	
57,255	0,63	
57,26	0,63	
57,265	0,62	
57,27	0,62	
57,275	0,62	
57,28	0,61	
57,285	0,61	
57,29	0,6	
57,295	0,6	
57,3	0,59	
57,305	0,59	
57,31	0,58	
57,315	0,58	
57,32	0,56	
57,325	0,56	
57,33	0,55	
57,335	0,54	
57,34	0,54	
57,345	0,53	
57,35	0,52	
57,355	0,51	
57,36	0,51	
57,365	0,49	
57,37	0,49	
57,375	0,47	
57,38	0,46	
57,385	0,45	
57,39	0,44	
57,395	0,43	
57,4	0,42	
57,405	0,41	
57,41	0,4	
57,415	0,38	
57,42	0,37	
57,425	0,35	
57,43	0,34	
57,435	0,33	
57,44	0,32	
57,445	0,31	
57,45	0,3	
57,455	0,28	
57,46	0,27	
57,465	0,25	
57,47	0,24	
57,475	0,23	
57,48	0,21	
57,485	0,2	
57,49	0,19	
57,495	0,17	
57,5	0,16	
57,505	0,14	
57,51	0,12	
57,515	0,11	
57,52	0,1	
57,525	0,08	
57,53	0,07	
57,535	0,06	
57,54	0,04	
57,545	0,02	
57,55	0,01	
57,555	0	
57,56	-0,03	
57,565	-0,04	
57,57	-0,05	
57,575	-0,07	
57,58	-0,09	
57,585	-0,1	
57,59	-0,11	
57,595	-0,13	
57,6	-0,14	
57,605	-0,16	
57,61	-0,17	
57,615	-0,18	
57,62	-0,19	
57,625	-0,21	
57,63	-0,22	
57,635	-0,23	
57,64	-0,25	
57,645	-0,26	
57,65	-0,28	
57,655	-0,3	
57,66	-0,31	
57,665	-0,32	
57,67	-0,33	
57,675	-0,35	
57,68	-0,36	
57,685	-0,37	
57,69	-0,38	
57,695	-0,4	
57,7	-0,41	
57,705	-0,42	
57,71	-0,43	
57,715	-0,44	
57,72	-0,45	
57,725	-0,46	
57,73	-0,47	
57,735	-0,48	
57,74	-0,49	
57,745	-0,5	
57,75	-0,51	
57,755	-0,52	
57,76	-0,52	
57,765	-0,53	
57,77	-0,55	
57,775	-0,55	
57,78	-0,56	
57,785	-0,56	
57,79	-0,57	
57,795	-0,57	
57,8	-0,58	
57,805	-0,58	
57,81	-0,59	
57,815	-0,6	
57,82	-0,6	
57,825	-0,61	
57,83	-0,62	
57,835	-0,62	
57,84	-0,62	
57,845	-0,63	
57,85	-0,63	
57,855	-0,63	
57,86	-0,63	
57,865	-0,63	
57,87	-0,63	
57,875	-0,64	
57,88	-0,64	
57,885	-0,64	
57,89	-0,63	
57,895	-0,64	
57,9	-0,63	
57,905	-0,63	
57,91	-0,63	
57,915	-0,63	
57,92	-0,63	
57,925	-0,63	
57,93	-0,62	
57,935	-0,62	
57,94	-0,62	
57,945	-0,61	
57,95	-0,61	
57,955	-0,61	
57,96	-0,6	
57,965	-0,6	
57,97	-0,59	
57,975	-0,59	
57,98	-0,58	
57,985	-0,57	
57,99	-0,57	
57,995	-0,56	
58,0	-0,55	
58,005	-0,55	
58,01	-0,54	
58,015	-0,53	
58,02	-0,52	
58,025	-0,51	
58,03	-0,5	
58,035	-0,49	
58,04	-0,49	
58,045	-0,48	
58,05	-0,47	
58,055	-0,45	
58,06	-0,44	
58,065	-0,43	
58,07	-0,42	
58,075	-0,41	
58,08	-0,39	
58,085	-0,38	
58,09	-0,37	
58,095	-0,36	
58,1	-0,35	
58,105	-0,33	
58,11	-0,32	
58,115	-0,3	
58,12	-0,3	
58,125	-0,28	
58,13	-0,27	
58,135	-0,26	
58,14	-0,25	
58,145	-0,23	
58,15	-0,21	
58,155	-0,2	
58,16	-0,18	
58,165	-0,17	
58,17	-0,16	
58,175	-0,15	
58,18	-0,13	
58,185	-0,12	
58,19	-0,1	
58,195	-0,08	
58,2	-0,07	
58,205	-0,05	
58,21	-0,04	
58,215	-0,03	
58,22	-0,01	
58,225	0	
58,23	0,02	
58,235	0,03	
58,24	0,05	
58,245	0,07	
58,25	0,08	
58,255	0,1	
58,26	0,11	
58,265	0,13	
58,27	0,14	
58,275	0,15	
58,28	0,17	
58,285	0,19	
58,29	0,2	
58,295	0,21	
58,3	0,23	
58,305	0,23	
58,31	0,25	
58,315	0,26	
58,32	0,27	
58,325	0,29	
58,33	0,31	
58,335	0,32	
58,34	0,34	
58,345	0,35	
58,35	0,35	
58,355	0,37	
58,36	0,38	
58,365	0,39	
58,37	0,4	
58,375	0,42	
58,38	0,43	
58,385	0,44	
58,39	0,45	
58,395	0,46	
58,4	0,47	
58,405	0,48	
58,41	0,49	
58,415	0,49	
58,42	0,51	
58,425	0,52	
58,43	0,52	
58,435	0,53	
58,44	0,54	
58,445	0,55	
58,45	0,55	
58,455	0,56	
58,46	0,57	
58,465	0,58	
58,47	0,58	
58,475	0,59	
58,48	0,59	
58,485	0,6	
58,49	0,61	
58,495	0,61	
58,5	0,61	
58,505	0,62	
58,51	0,62	
58,515	0,63	
58,52	0,63	
58,525	0,63	
58,53	0,63	
58,535	0,64	
58,54	0,64	
58,545	0,64	
58,55	0,64	
58,555	0,64	
58,56	0,63	
58,565	0,63	
58,57	0,63	
58,575	0,63	
58,58	0,63	
58,585	0,63	
58,59	0,63	
58,595	0,63	
58,6	0,63	
58,605	0,62	
58,61	0,62	
58,615	0,62	
58,62	0,61	
58,625	0,61	
58,63	0,6	
58,635	0,6	
58,64	0,59	
58,645	0,59	
58,65	0,58	
58,655	0,57	
58,66	0,56	
58,665	0,56	
58,67	0,55	
58,675	0,55	
58,68	0,54	
58,685	0,53	
58,69	0,52	
58,695	0,51	
58,7	0,5	
58,705	0,49	
58,71	0,48	
58,715	0,47	
58,72	0,47	
58,725	0,46	
58,73	0,45	
58,735	0,43	
58,74	0,42	
58,745	0,4	
58,75	0,39	
58,755	0,38	
58,76	0,37	
58,765	0,36	
58,77	0,35	
58,775	0,34	
58,78	0,33	
58,785	0,31	
58,79	0,3	
58,795	0,28	
58,8	0,27	
58,805	0,25	
58,81	0,24	
58,815	0,23	
58,82	0,22	
58,825	0,21	
58,83	0,19	
58,835	0,17	
58,84	0,16	
58,845	0,14	
58,85	0,12	
58,855	0,11	
58,86	0,1	
58,865	0,09	
58,87	0,08	
58,875	0,06	
58,88	0,04	
58,885	0,02	
58,89	0,01	
58,895	-0,01	
58,9	-0,02	
58,905	-0,04	
58,91	-0,05	
58,915	-0,06	
58,92	-0,08	
58,925	-0,09	
58,93	-0,11	
58,935	-0,12	
58,94	-0,14	
58,945	-0,15	
58,95	-0,17	
58,955	-0,18	
58,96	-0,19	
58,965	-0,21	
58,97	-0,22	
58,975	-0,23	
58,98	-0,25	
58,985	-0,26	
58,99	-0,28	
58,995	-0,29	
59,0	-0,3	
59,005	-0,32	
59,01	-0,33	
59,015	-0,34	
59,02	-0,35	
59,025	-0,37	
59,03	-0,38	
59,035	-0,39	
59,04	-0,4	
59,045	-0,42	
59,05	-0,43	
59,055	-0,43	
59,06	-0,45	
59,065	-0,46	
59,07	-0,46	
59,075	-0,48	
59,08	-0,49	
59,085	-0,5	
59,09	-0,51	
59,095	-0,52	
59,1	-0,53	
59,105	-0,53	
59,11	-0,54	
59,115	-0,55	
59,12	-0,56	
59,125	-0,57	
59,13	-0,58	
59,135	-0,58	
59,14	-0,59	
59,145	-0,6	
59,15	-0,6	
59,155	-0,6	
59,16	-0,6	
59,165	-0,61	
59,17	-0,61	
59,175	-0,62	
59,18	-0,62	
59,185	-0,63	
59,19	-0,63	
59,195	-0,63	
59,2	-0,63	
59,205	-0,63	
59,21	-0,63	
59,215	-0,63	
59,22	-0,63	
59,225	-0,64	
59,23	-0,64	
59,235	-0,64	
59,24	-0,64	
59,245	-0,64	
59,25	-0,64	
59,255	-0,63	
59,26	-0,63	
59,265	-0,63	
59,27	-0,63	
59,275	-0,62	
59,28	-0,62	
59,285	-0,62	
59,29	-0,62	
59,295	-0,61	
59,3	-0,6	
59,305	-0,6	
59,31	-0,59	
59,315	-0,59	
59,32	-0,58	
59,325	-0,58	
59,33	-0,57	
59,335	-0,57	
59,34	-0,56	
59,345	-0,55	
59,35	-0,54	
59,355	-0,53	
59,36	-0,52	
59,365	-0,52	
59,37	-0,51	
59,375	-0,5	
59,38	-0,49	
59,385	-0,48	
59,39	-0,47	
59,395	-0,46	
59,4	-0,45	
59,405	-0,44	
59,41	-0,43	
59,415	-0,41	
59,42	-0,4	
59,425	-0,39	
59,43	-0,38	
59,435	-0,37	
59,44	-0,35	
59,445	-0,34	
59,45	-0,33	
59,455	-0,31	
59,46	-0,3	
59,465	-0,29	
59,47	-0,27	
59,475	-0,26	
59,48	-0,24	
59,485	-0,23	
59,49	-0,22	
59,495	-0,2	
59,5	-0,19	
59,505	-0,18	
59,51	-0,16	
59,515	-0,14	
59,52	-0,13	
59,525	-0,12	
59,53	-0,1	
59,535	-0,09	
59,54	-0,08	
59,545	-0,06	
59,55	-0,04	
59,555	-0,03	
59,56	-0,01	
59,565	0,01	
59,57	0,02	
59,575	0,03	
59,58	0,04	
59,585	0,06	
59,59	0,08	
59,595	0,09	
59,6	0,11	
59,605	0,13	
59,61	0,14	
59,615	0,15	
59,62	0,17	
59,625	0,18	
59,63	0,19	
59,635	0,2	
59,64	0,22	
59,645	0,24	
59,65	0,26	
59,655	0,27	
59,66	0,28	
59,665	0,29	
59,67	0,3	
59,675	0,32	
59,68	0,33	
59,685	0,34	
59,69	0,35	
59,695	0,37	
59,7	0,38	
59,705	0,4	
59,71	0,41	
59,715	0,42	
59,72	0,43	
59,725	0,44	
59,73	0,45	
59,735	0,46	
59,74	0,48	
59,745	0,49	
59,75	0,5	
59,755	0,51	
59,76	0,52	
59,765	0,52	
59,77	0,53	
59,775	0,54	
59,78	0,55	
59,785	0,56	
59,79	0,56	
59,795	0,58	
59,8	0,58	
59,805	0,59	
59,81	0,59	
59,815	0,6	
59,82	0,6	
59,825	0,6	
59,83	0,61	
59,835	0,62	
59,84	0,62	
59,845	0,63	
59,85	0,63	
59,855	0,64	
59,86	0,64	
59,865	0,64	
59,87	0,64	
59,875	0,64	
59,88	0,65	
59,885	0,65	
59,89	0,65	
59,895	0,65	
59,9	0,65	
59,905	0,65	
59,91	0,65	
59,915	0,64	
59,92	0,64	
59,925	0,64	
59,93	0,64	
59,935	0,64	
59,94	0,64	
59,945	0,63	
59,95	0,63	
59,955	0,62	
59,96	0,62	
59,965	0,61	
59,97	0,61	
59,975	0,6	
59,98	0,6	
59,985	0,6	
59,99	0,59	
59,995	0,59	
60,0	0,58	
60,005	0,57	
60,01	0,56	
60,015	0,55	
60,02	0,54	
60,025	0,53	
60,03	0,53	
60,035	0,52	
60,04	0,51	
60,045	0,5	
60,05	0,49	
60,055	0,48	
60,06	0,47	
60,065	0,46	
60,07	0,45	
60,075	0,44	
60,08	0,43	
60,085	0,42	
60,09	0,41	
60,095	0,4	
60,1	0,38	
60,105	0,37	
60,11	0,35	
60,115	0,34	
60,12	0,33	
60,125	0,32	
60,13	0,3	
60,135	0,29	
60,14	0,28	
60,145	0,27	
60,15	0,24	
60,155	0,23	
60,16	0,21	
60,165	0,2	
60,17	0,19	
60,175	0,17	
60,18	0,16	
60,185	0,15	
60,19	0,14	
60,195	0,11	
60,2	0,1	
60,205	0,08	
60,21	0,07	
60,215	0,05	
60,22	0,04	
60,225	0,02	
60,23	0	
60,235	-0,01	
60,24	-0,03	
60,245	-0,05	
60,25	-0,06	
60,255	-0,07	
60,26	-0,09	
60,265	-0,1	
60,27	-0,12	
60,275	-0,13	
60,28	-0,14	
60,285	-0,16	
60,29	-0,17	
60,295	-0,19	
60,3	-0,2	
60,305	-0,22	
60,31	-0,23	
60,315	-0,24	
60,32	-0,26	
60,325	-0,28	
60,33	-0,29	
60,335	-0,3	
60,34	-0,32	
60,345	-0,33	
60,35	-0,34	
60,355	-0,35	
60,36	-0,37	
60,365	-0,38	
60,37	-0,39	
60,375	-0,4	
60,38	-0,42	
60,385	-0,43	
60,39	-0,44	
60,395	-0,45	
60,4	-0,46	
60,405	-0,47	
60,41	-0,48	
60,415	-0,49	
60,42	-0,51	
60,425	-0,52	
60,43	-0,53	
60,435	-0,54	
60,44	-0,54	
60,445	-0,55	
60,45	-0,56	
60,455	-0,56	
60,46	-0,57	
60,465	-0,58	
60,47	-0,59	
60,475	-0,6	
60,48	-0,61	
60,485	-0,61	
60,49	-0,61	
60,495	-0,62	
60,5	-0,62	
60,505	-0,63	
60,51	-0,63	
60,515	-0,64	
60,52	-0,65	
60,525	-0,65	
60,53	-0,65	
60,535	-0,65	
60,54	-0,65	
60,545	-0,65	
60,55	-0,65	
60,555	-0,65	
60,56	-0,66	
60,565	-0,66	
60,57	-0,65	
60,575	-0,65	
60,58	-0,65	
60,585	-0,65	
60,59	-0,65	
60,595	-0,65	
60,6	-0,65	
60,605	-0,65	
60,61	-0,64	
60,615	-0,64	
60,62	-0,64	
60,625	-0,63	
60,63	-0,63	
60,635	-0,62	
60,64	-0,62	
60,645	-0,62	
60,65	-0,61	
60,655	-0,61	
60,66	-0,6	
60,665	-0,59	
60,67	-0,58	
60,675	-0,57	
60,68	-0,56	
60,685	-0,56	
60,69	-0,55	
60,695	-0,54	
60,7	-0,54	
60,705	-0,53	
60,71	-0,52	
60,715	-0,51	
60,72	-0,5	
60,725	-0,49	
60,73	-0,48	
60,735	-0,47	
60,74	-0,45	
60,745	-0,44	
60,75	-0,43	
60,755	-0,42	
60,76	-0,41	
60,765	-0,4	
60,77	-0,38	
60,775	-0,37	
60,78	-0,35	
60,785	-0,34	
60,79	-0,32	
60,795	-0,32	
60,8	-0,3	
60,805	-0,29	
60,81	-0,28	
60,815	-0,26	
60,82	-0,24	
60,825	-0,23	
60,83	-0,22	
60,835	-0,2	
60,84	-0,18	
60,845	-0,17	
60,85	-0,15	
60,855	-0,14	
60,86	-0,12	
60,865	-0,11	
60,87	-0,1	
60,875	-0,08	
60,88	-0,06	
60,885	-0,05	
60,89	-0,03	
60,895	-0,02	
60,9	0	
60,905	0,02	
60,91	0,03	
60,915	0,05	
60,92	0,06	
60,925	0,08	
60,93	0,1	
60,935	0,11	
60,94	0,12	
60,945	0,14	
60,95	0,15	
60,955	0,17	
60,96	0,18	
60,965	0,2	
60,97	0,22	
60,975	0,23	
60,98	0,24	
60,985	0,26	
60,99	0,27	
60,995	0,28	
61,0	0,3	
61,005	0,31	
61,01	0,33	
61,015	0,35	
61,02	0,36	
61,025	0,37	
61,03	0,38	
61,035	0,39	
61,04	0,4	
61,045	0,42	
61,05	0,43	
61,055	0,44	
61,06	0,46	
61,065	0,47	
61,07	0,48	
61,075	0,49	
61,08	0,5	
61,085	0,51	
61,09	0,52	
61,095	0,53	
61,1	0,54	
61,105	0,56	
61,11	0,56	
61,115	0,57	
61,12	0,58	
61,125	0,59	
61,13	0,59	
61,135	0,59	
61,14	0,6	
61,145	0,6	
61,15	0,61	
61,155	0,62	
61,16	0,63	
61,165	0,63	
61,17	0,64	
61,175	0,65	
61,18	0,65	
61,185	0,65	
61,19	0,65	
61,195	0,65	
61,2	0,65	
61,205	0,66	
61,21	0,66	
61,215	0,67	
61,22	0,67	
61,225	0,67	
61,23	0,67	
61,235	0,67	
61,24	0,66	
61,245	0,66	
61,25	0,66	
61,255	0,66	
61,26	0,66	
61,265	0,66	
61,27	0,66	
61,275	0,66	
61,28	0,66	
61,285	0,65	
61,29	0,64	
61,295	0,63	
61,3	0,63	
61,305	0,63	
61,31	0,62	
61,315	0,62	
61,32	0,62	
61,325	0,61	
61,33	0,61	
61,335	0,59	
61,34	0,58	
61,345	0,58	
61,35	0,56	
61,355	0,56	
61,36	0,56	
61,365	0,55	
61,37	0,54	
61,375	0,53	
61,38	0,52	
61,385	0,5	
61,39	0,49	
61,395	0,48	
61,4	0,47	
61,405	0,46	
61,41	0,45	
61,415	0,44	
61,42	0,43	
61,425	0,41	
61,43	0,39	
61,435	0,38	
61,44	0,37	
61,445	0,36	
61,45	0,35	
61,455	0,34	
61,46	0,33	
61,465	0,31	
61,47	0,29	
61,475	0,27	
61,48	0,26	
61,485	0,24	
61,49	0,23	
61,495	0,22	
61,5	0,2	
61,505	0,19	
61,51	0,18	
61,515	0,16	
61,52	0,14	
61,525	0,13	
61,53	0,11	
61,535	0,09	
61,54	0,08	
61,545	0,07	
61,55	0,06	
61,555	0,04	
61,56	0,02	
61,565	0	
61,57	-0,02	
61,575	-0,03	
61,58	-0,05	
61,585	-0,06	
61,59	-0,08	
61,595	-0,09	
61,6	-0,1	
61,605	-0,12	
61,61	-0,14	
61,615	-0,16	
61,62	-0,18	
61,625	-0,19	
61,63	-0,2	
61,635	-0,22	
61,64	-0,23	
61,645	-0,24	
61,65	-0,26	
61,655	-0,27	
61,66	-0,29	
61,665	-0,3	
61,67	-0,32	
61,675	-0,33	
61,68	-0,35	
61,685	-0,36	
61,69	-0,37	
61,695	-0,38	
61,7	-0,4	
61,705	-0,41	
61,71	-0,42	
61,715	-0,44	
61,72	-0,45	
61,725	-0,45	
61,73	-0,46	
61,735	-0,48	
61,74	-0,49	
61,745	-0,5	
61,75	-0,51	
61,755	-0,52	
61,76	-0,53	
61,765	-0,54	
61,77	-0,55	
61,775	-0,56	
61,78	-0,57	
61,785	-0,58	
61,79	-0,59	
61,795	-0,6	
61,8	-0,61	
61,805	-0,61	
61,81	-0,62	
61,815	-0,62	
61,82	-0,62	
61,825	-0,63	
61,83	-0,63	
61,835	-0,65	
61,84	-0,65	
61,845	-0,66	
61,85	-0,66	
61,855	-0,66	
61,86	-0,66	
61,865	-0,67	
61,87	-0,67	
61,875	-0,67	
61,88	-0,67	
61,885	-0,67	
61,89	-0,68	
61,895	-0,68	
61,9	-0,68	
61,905	-0,68	
61,91	-0,67	
61,915	-0,67	
61,92	-0,67	
61,925	-0,66	
61,93	-0,66	
61,935	-0,67	
61,94	-0,66	
61,945	-0,66	
61,95	-0,66	
61,955	-0,65	
61,96	-0,65	
61,965	-0,64	
61,97	-0,64	
61,975	-0,63	
61,98	-0,63	
61,985	-0,62	
61,99	-0,61	
61,995	-0,61	
62,0	-0,6	
62,005	-0,59	
62,01	-0,58	
62,015	-0,58	
62,02	-0,57	
62,025	-0,56	
62,03	-0,56	
62,035	-0,55	
62,04	-0,54	
62,045	-0,53	
62,05	-0,51	
62,055	-0,5	
62,06	-0,49	
62,065	-0,48	
62,07	-0,47	
62,075	-0,46	
62,08	-0,44	
62,085	-0,43	
62,09	-0,42	
62,095	-0,4	
62,1	-0,39	
62,105	-0,37	
62,11	-0,36	
62,115	-0,35	
62,12	-0,34	
62,125	-0,33	
62,13	-0,31	
62,135	-0,29	
62,14	-0,28	
62,145	-0,26	
62,15	-0,25	
62,155	-0,23	
62,16	-0,22	
62,165	-0,21	
62,17	-0,2	
62,175	-0,18	
62,18	-0,17	
62,185	-0,15	
62,19	-0,13	
62,195	-0,12	
62,2	-0,09	
62,205	-0,08	
62,21	-0,07	
62,215	-0,05	
62,22	-0,04	
62,225	-0,02	
62,23	-0,01	
62,235	0,01	
62,24	0,03	
62,245	0,05	
62,25	0,07	
62,255	0,08	
62,26	0,09	
62,265	0,1	
62,27	0,12	
62,275	0,13	
62,28	0,15	
62,285	0,17	
62,29	0,19	
62,295	0,21	
62,3	0,22	
62,305	0,23	
62,31	0,25	
62,315	0,26	
62,32	0,28	
62,325	0,29	
62,33	0,3	
62,335	0,33	
62,34	0,34	
62,345	0,35	
62,35	0,36	
62,355	0,37	
62,36	0,39	
62,365	0,4	
62,37	0,41	
62,375	0,43	
62,38	0,45	
62,385	0,46	
62,39	0,47	
62,395	0,48	
62,4	0,48	
62,405	0,49	
62,41	0,51	
62,415	0,52	
62,42	0,53	
62,425	0,55	
62,43	0,55	
62,435	0,56	
62,44	0,57	
62,445	0,57	
62,45	0,58	
62,455	0,59	
62,46	0,6	
62,465	0,61	
62,47	0,62	
62,475	0,63	
62,48	0,63	
62,485	0,63	
62,49	0,64	
62,495	0,64	
62,5	0,65	
62,505	0,65	
62,51	0,66	
62,515	0,67	
62,52	0,67	
62,525	0,67	
62,53	0,68	
62,535	0,68	
62,54	0,68	
62,545	0,68	
62,55	0,68	
62,555	0,68	
62,56	0,68	
62,565	0,68	
62,57	0,68	
62,575	0,68	
62,58	0,68	
62,585	0,68	
62,59	0,68	
62,595	0,67	
62,6	0,67	
62,605	0,67	
62,61	0,66	
62,615	0,66	
62,62	0,65	
62,625	0,65	
62,63	0,65	
62,635	0,64	
62,64	0,64	
62,645	0,64	
62,65	0,63	
62,655	0,62	
62,66	0,61	
62,665	0,6	
62,67	0,59	
62,675	0,58	
62,68	0,58	
62,685	0,57	
62,69	0,57	
62,695	0,56	
62,7	0,54	
62,705	0,53	
62,71	0,52	
62,715	0,51	
62,72	0,5	
62,725	0,49	
62,73	0,48	
62,735	0,47	
62,74	0,46	
62,745	0,44	
62,75	0,43	
62,755	0,42	
62,76	0,4	
62,765	0,39	
62,77	0,37	
62,775	0,36	
62,78	0,35	
62,785	0,34	
62,79	0,33	
62,795	0,31	
62,8	0,3	
62,805	0,28	
62,81	0,27	
62,815	0,25	
62,82	0,24	
62,825	0,22	
62,83	0,21	
62,835	0,19	
62,84	0,18	
62,845	0,16	
62,85	0,14	
62,855	0,13	
62,86	0,11	
62,865	0,09	
62,87	0,08	
62,875	0,07	
62,88	0,05	
62,885	0,03	
62,89	0,01	
62,895	-0,01	
62,9	-0,03	
62,905	-0,04	
62,91	-0,05	
62,915	-0,06	
62,92	-0,08	
62,925	-0,1	
62,93	-0,11	
62,935	-0,13	
62,94	-0,15	
62,945	-0,16	
62,95	-0,18	
62,955	-0,19	
62,96	-0,2	
62,965	-0,22	
62,97	-0,24	
62,975	-0,25	
62,98	-0,27	
62,985	-0,29	
62,99	-0,3	
62,995	-0,31	
63,0	-0,32	
63,005	-0,34	
63,01	-0,35	
63,015	-0,36	
63,02	-0,38	
63,025	-0,39	
63,03	-0,41	
63,035	-0,42	
63,04	-0,44	
63,045	-0,45	
63,05	-0,46	
63,055	-0,47	
63,06	-0,48	
63,065	-0,49	
63,07	-0,5	
63,075	-0,51	
63,08	-0,52	
63,085	-0,54	
63,09	-0,55	
63,095	-0,56	
63,1	-0,56	
63,105	-0,57	
63,11	-0,58	
63,115	-0,58	
63,12	-0,59	
63,125	-0,6	
63,13	-0,61	
63,135	-0,62	
63,14	-0,63	
63,145	-0,64	
63,15	-0,64	
63,155	-0,65	
63,16	-0,65	
63,165	-0,65	
63,17	-0,66	
63,175	-0,66	
63,18	-0,67	
63,185	-0,67	
63,19	-0,68	
63,195	-0,68	
63,2	-0,68	
63,205	-0,68	
63,21	-0,68	
63,215	-0,68	
63,22	-0,68	
63,225	-0,68	
63,23	-0,69	
63,235	-0,68	
63,24	-0,68	
63,245	-0,68	
63,25	-0,68	
63,255	-0,67	
63,26	-0,67	
63,265	-0,67	
63,27	-0,67	
63,275	-0,67	
63,28	-0,66	
63,285	-0,66	
63,29	-0,65	
63,295	-0,64	
63,3	-0,64	
63,305	-0,63	
63,31	-0,63	
63,315	-0,63	
63,32	-0,62	
63,325	-0,62	
63,33	-0,61	
63,335	-0,59	
63,34	-0,59	
63,345	-0,57	
63,35	-0,57	
63,355	-0,56	
63,36	-0,56	
63,365	-0,55	
63,37	-0,54	
63,375	-0,53	
63,38	-0,51	
63,385	-0,5	
63,39	-0,49	
63,395	-0,48	
63,4	-0,47	
63,405	-0,46	
63,41	-0,45	
63,415	-0,43	
63,42	-0,42	
63,425	-0,4	
63,43	-0,39	
63,435	-0,37	
63,44	-0,36	
63,445	-0,35	
63,45	-0,34	
63,455	-0,32	
63,46	-0,31	
63,465	-0,3	
63,47	-0,27	
63,475	-0,26	
63,48	-0,25	
63,485	-0,24	
63,49	-0,22	
63,495	-0,21	
63,5	-0,19	
63,505	-0,18	
63,51	-0,16	
63,515	-0,14	
63,52	-0,12	
63,525	-0,11	
63,53	-0,1	
63,535	-0,08	
63,54	-0,06	
63,545	-0,05	
63,55	-0,03	
63,555	-0,01	
63,56	0	
63,565	0,03	
63,57	0,04	
63,575	0,06	
63,58	0,07	
63,585	0,08	
63,59	0,1	
63,595	0,11	
63,6	0,13	
63,605	0,15	
63,61	0,18	
63,615	0,19	
63,62	0,2	
63,625	0,21	
63,63	0,22	
63,635	0,23	
63,64	0,25	
63,645	0,26	
63,65	0,28	
63,655	0,31	
63,66	0,33	
63,665	0,34	
63,67	0,35	
63,675	0,36	
63,68	0,37	
63,685	0,38	
63,69	0,39	
63,695	0,4	
63,7	0,43	
63,705	0,44	
63,71	0,46	
63,715	0,47	
63,72	0,48	
63,725	0,48	
63,73	0,49	
63,735	0,5	
63,74	0,51	
63,745	0,53	
63,75	0,54	
63,755	0,55	
63,76	0,57	
63,765	0,57	
63,77	0,58	
63,775	0,58	
63,78	0,59	
63,785	0,6	
63,79	0,61	
63,795	0,62	
63,8	0,63	
63,805	0,64	
63,81	0,64	
63,815	0,65	
63,82	0,65	
63,825	0,65	
63,83	0,65	
63,835	0,66	
63,84	0,67	
63,845	0,67	
63,85	0,68	
63,855	0,68	
63,86	0,68	
63,865	0,67	
63,87	0,68	
63,875	0,67	
63,88	0,68	
63,885	0,68	
63,89	0,68	
63,895	0,68	
63,9	0,68	
63,905	0,68	
63,91	0,68	
63,915	0,68	
63,92	0,68	
63,925	0,67	
63,93	0,67	
63,935	0,67	
63,94	0,67	
63,945	0,66	
63,95	0,66	
63,955	0,65	
63,96	0,65	
63,965	0,64	
63,97	0,63	
63,975	0,62	
63,98	0,62	
63,985	0,61	
63,99	0,61	
63,995	0,6	
64,0	0,6	
64,005	0,59	
64,01	0,58	
64,015	0,57	
64,02	0,55	
64,025	0,55	
64,03	0,54	
64,035	0,53	
64,04	0,52	
64,045	0,51	
64,05	0,5	
64,055	0,49	
64,06	0,48	
64,065	0,46	
64,07	0,45	
64,075	0,43	
64,08	0,42	
64,085	0,41	
64,09	0,4	
64,095	0,39	
64,1	0,38	
64,105	0,37	
64,11	0,35	
64,115	0,33	
64,12	0,31	
64,125	0,3	
64,13	0,28	
64,135	0,27	
64,14	0,25	
64,145	0,24	
64,15	0,23	
64,155	0,21	
64,16	0,2	
64,165	0,18	
64,17	0,17	
64,175	0,15	
64,18	0,13	
64,185	0,11	
64,19	0,1	
64,195	0,09	
64,2	0,07	
64,205	0,06	
64,21	0,04	
64,215	0,02	
64,22	0,01	
64,225	-0,01	
64,23	-0,03	
64,235	-0,05	
64,24	-0,06	
64,245	-0,08	
64,25	-0,09	
64,255	-0,1	
64,26	-0,12	
64,265	-0,13	
64,27	-0,15	
64,275	-0,17	
64,28	-0,19	
64,285	-0,21	
64,29	-0,22	
64,295	-0,23	
64,3	-0,24	
64,305	-0,26	
64,31	-0,27	
64,315	-0,29	
64,32	-0,3	
64,325	-0,32	
64,33	-0,33	
64,335	-0,35	
64,34	-0,36	
64,345	-0,37	
64,35	-0,39	
64,355	-0,4	
64,36	-0,41	
64,365	-0,42	
64,37	-0,44	
64,375	-0,45	
64,38	-0,47	
64,385	-0,48	
64,39	-0,49	
64,395	-0,5	
64,4	-0,5	
64,405	-0,52	
64,41	-0,53	
64,415	-0,54	
64,42	-0,55	
64,425	-0,56	
64,43	-0,57	
64,435	-0,58	
64,44	-0,58	
64,445	-0,59	
64,45	-0,6	
64,455	-0,61	
64,46	-0,62	
64,465	-0,62	
64,47	-0,63	
64,475	-0,63	
64,48	-0,64	
64,485	-0,64	
64,49	-0,64	
64,495	-0,65	
64,5	-0,65	
64,505	-0,66	
64,51	-0,66	
64,515	-0,67	
64,52	-0,67	
64,525	-0,67	
64,53	-0,67	
64,535	-0,67	
64,54	-0,67	
64,545	-0,67	
64,55	-0,67	
64,555	-0,68	
64,56	-0,68	
64,565	-0,68	
64,57	-0,68	
64,575	-0,67	
64,58	-0,67	
64,585	-0,67	
64,59	-0,66	
64,595	-0,66	
64,6	-0,66	
64,605	-0,66	
64,61	-0,65	
64,615	-0,65	
64,62	-0,65	
64,625	-0,64	
64,63	-0,63	
64,635	-0,63	
64,64	-0,62	
64,645	-0,61	
64,65	-0,61	
64,655	-0,6	
64,66	-0,6	
64,665	-0,59	
64,67	-0,58	
64,675	-0,57	
64,68	-0,56	
64,685	-0,56	
64,69	-0,55	
64,695	-0,53	
64,7	-0,52	
64,705	-0,51	
64,71	-0,49	
64,715	-0,48	
64,72	-0,48	
64,725	-0,47	
64,73	-0,46	
64,735	-0,44	
64,74	-0,43	
64,745	-0,41	
64,75	-0,39	
64,755	-0,38	
64,76	-0,37	
64,765	-0,36	
64,77	-0,35	
64,775	-0,34	
64,78	-0,33	
64,785	-0,32	
64,79	-0,29	
64,795	-0,27	
64,8	-0,26	
64,805	-0,25	
64,81	-0,24	
64,815	-0,23	
64,82	-0,21	
64,825	-0,2	
64,83	-0,19	
64,835	-0,16	
64,84	-0,14	
64,845	-0,13	
64,85	-0,11	
64,855	-0,1	
64,86	-0,08	
64,865	-0,07	
64,87	-0,06	
64,875	-0,04	
64,88	-0,02	
64,885	0	
64,89	0,02	
64,895	0,04	
64,9	0,05	
64,905	0,06	
64,91	0,08	
64,915	0,09	
64,92	0,1	
64,925	0,12	
64,93	0,14	
64,935	0,16	
64,94	0,18	
64,945	0,19	
64,95	0,2	
64,955	0,22	
64,96	0,23	
64,965	0,24	
64,97	0,25	
64,975	0,28	
64,98	0,3	
64,985	0,31	
64,99	0,32	
64,995	0,34	
65,0	0,35	
65,005	0,36	
65,01	0,37	
65,015	0,38	
65,02	0,4	
65,025	0,41	
65,03	0,42	
65,035	0,44	
65,04	0,45	
65,045	0,46	
65,05	0,47	
65,055	0,47	
65,06	0,48	
65,065	0,5	
65,07	0,52	
65,075	0,53	
65,08	0,54	
65,085	0,55	
65,09	0,56	
65,095	0,56	
65,1	0,57	
65,105	0,58	
65,11	0,59	
65,115	0,6	
65,12	0,61	
65,125	0,61	
65,13	0,62	
65,135	0,63	
65,14	0,63	
65,145	0,63	
65,15	0,63	
65,155	0,63	
65,16	0,64	
65,165	0,65	
65,17	0,65	
65,175	0,66	
65,18	0,67	
65,185	0,67	
65,19	0,67	
65,195	0,67	
65,2	0,66	
65,205	0,66	
65,21	0,66	
65,215	0,67	
65,22	0,67	
65,225	0,67	
65,23	0,67	
65,235	0,67	
65,24	0,67	
65,245	0,66	
65,25	0,66	
65,255	0,65	
65,26	0,65	
65,265	0,65	
65,27	0,65	
65,275	0,64	
65,28	0,64	
65,285	0,64	
65,29	0,63	
65,295	0,63	
65,3	0,62	
65,305	0,61	
65,31	0,6	
65,315	0,59	
65,32	0,59	
65,325	0,58	
65,33	0,58	
65,335	0,57	
65,34	0,56	
65,345	0,55	
65,35	0,54	
65,355	0,53	
65,36	0,52	
65,365	0,51	
65,37	0,5	
65,375	0,49	
65,38	0,48	
65,385	0,47	
65,39	0,46	
65,395	0,45	
65,4	0,44	
65,405	0,42	
65,41	0,41	
65,415	0,4	
65,42	0,38	
65,425	0,37	
65,43	0,35	
65,435	0,34	
65,44	0,33	
65,445	0,32	
65,45	0,3	
65,455	0,29	
65,46	0,27	
65,465	0,26	
65,47	0,25	
65,475	0,23	
65,48	0,22	
65,485	0,2	
65,49	0,19	
65,495	0,17	
65,5	0,15	
65,505	0,14	
65,51	0,12	
65,515	0,11	
65,52	0,09	
65,525	0,08	
65,53	0,07	
65,535	0,05	
65,54	0,04	
65,545	0,02	
65,55	0	
65,555	-0,02	
65,56	-0,03	
65,565	-0,06	
65,57	-0,07	
65,575	-0,08	
65,58	-0,1	
65,585	-0,11	
65,59	-0,13	
65,595	-0,14	
65,6	-0,16	
65,605	-0,17	
65,61	-0,19	
65,615	-0,2	
65,62	-0,21	
65,625	-0,22	
65,63	-0,24	
65,635	-0,25	
65,64	-0,27	
65,645	-0,28	
65,65	-0,3	
65,655	-0,32	
65,66	-0,34	
65,665	-0,35	
65,67	-0,36	
65,675	-0,36	
65,68	-0,38	
65,685	-0,39	
65,69	-0,4	
65,695	-0,42	
65,7	-0,44	
65,705	-0,45	
65,71	-0,46	
65,715	-0,47	
65,72	-0,47	
65,725	-0,48	
65,73	-0,49	
65,735	-0,5	
65,74	-0,52	
65,745	-0,53	
65,75	-0,54	
65,755	-0,55	
65,76	-0,55	
65,765	-0,56	
65,77	-0,56	
65,775	-0,57	
65,78	-0,58	
65,785	-0,59	
65,79	-0,61	
65,795	-0,61	
65,8	-0,62	
65,805	-0,62	
65,81	-0,62	
65,815	-0,62	
65,82	-0,63	
65,825	-0,63	
65,83	-0,64	
65,835	-0,64	
65,84	-0,65	
65,845	-0,65	
65,85	-0,65	
65,855	-0,65	
65,86	-0,65	
65,865	-0,65	
65,87	-0,65	
65,875	-0,66	
65,88	-0,66	
65,885	-0,66	
65,89	-0,66	
65,895	-0,65	
65,9	-0,65	
65,905	-0,65	
65,91	-0,65	
65,915	-0,65	
65,92	-0,65	
65,925	-0,64	
65,93	-0,64	
65,935	-0,64	
65,94	-0,63	
65,945	-0,63	
65,95	-0,62	
65,955	-0,62	
65,96	-0,61	
65,965	-0,61	
65,97	-0,6	
65,975	-0,6	
65,98	-0,59	
65,985	-0,58	
65,99	-0,58	
65,995	-0,57	
66,0	-0,56	
66,005	-0,55	
66,01	-0,54	
66,015	-0,54	
66,02	-0,53	
66,025	-0,51	
66,03	-0,51	
66,035	-0,5	
66,04	-0,48	
66,045	-0,47	
66,05	-0,46	
66,055	-0,45	
66,06	-0,44	
66,065	-0,43	
66,07	-0,42	
66,075	-0,41	
66,08	-0,39	
66,085	-0,38	
66,09	-0,37	
66,095	-0,36	
66,1	-0,34	
66,105	-0,33	
66,11	-0,31	
66,115	-0,3	
66,12	-0,28	
66,125	-0,27	
66,13	-0,25	
66,135	-0,24	
66,14	-0,22	
66,145	-0,21	
66,15	-0,2	
66,155	-0,18	
66,16	-0,17	
66,165	-0,16	
66,17	-0,14	
66,175	-0,13	
66,18	-0,11	
66,185	-0,09	
66,19	-0,08	
66,195	-0,06	
66,2	-0,05	
66,205	-0,03	
66,21	-0,02	
66,215	0	
66,22	0,02	
66,225	0,03	
66,23	0,05	
66,235	0,06	
66,24	0,07	
66,245	0,09	
66,25	0,1	
66,255	0,12	
66,26	0,14	
66,265	0,15	
66,27	0,17	
66,275	0,18	
66,28	0,19	
66,285	0,2	
66,29	0,21	
66,295	0,23	
66,3	0,25	
66,305	0,27	
66,31	0,29	
66,315	0,3	
66,32	0,32	
66,325	0,33	
66,33	0,34	
66,335	0,35	
66,34	0,36	
66,345	0,37	
66,35	0,38	
66,355	0,4	
66,36	0,41	
66,365	0,42	
66,37	0,43	
66,375	0,44	
66,38	0,45	
66,385	0,46	
66,39	0,47	
66,395	0,48	
66,4	0,49	
66,405	0,5	
66,41	0,51	
66,415	0,53	
66,42	0,53	
66,425	0,54	
66,43	0,55	
66,435	0,56	
66,44	0,57	
66,445	0,57	
66,45	0,58	
66,455	0,59	
66,46	0,59	
66,465	0,6	
66,47	0,6	
66,475	0,61	
66,48	0,61	
66,485	0,61	
66,49	0,62	
66,495	0,63	
66,5	0,63	
66,505	0,63	
66,51	0,64	
66,515	0,64	
66,52	0,64	
66,525	0,64	
66,53	0,64	
66,535	0,64	
66,54	0,65	
66,545	0,65	
66,55	0,65	
66,555	0,65	
66,56	0,65	
66,565	0,64	
66,57	0,64	
66,575	0,64	
66,58	0,64	
66,585	0,64	
66,59	0,64	
66,595	0,63	
66,6	0,63	
66,605	0,62	
66,61	0,61	
66,615	0,61	
66,62	0,61	
66,625	0,6	
66,63	0,6	
66,635	0,6	
66,64	0,59	
66,645	0,58	
66,65	0,57	
66,655	0,56	
66,66	0,55	
66,665	0,54	
66,67	0,54	
66,675	0,53	
66,68	0,52	
66,685	0,51	
66,69	0,51	
66,695	0,5	
66,7	0,49	
66,705	0,47	
66,71	0,46	
66,715	0,45	
66,72	0,44	
66,725	0,43	
66,73	0,43	
66,735	0,42	
66,74	0,4	
66,745	0,39	
66,75	0,37	
66,755	0,36	
66,76	0,34	
66,765	0,33	
66,77	0,32	
66,775	0,31	
66,78	0,3	
66,785	0,28	
66,79	0,27	
66,795	0,25	
66,8	0,23	
66,805	0,22	
66,81	0,21	
66,815	0,2	
66,82	0,19	
66,825	0,17	
66,83	0,16	
66,835	0,15	
66,84	0,12	
66,845	0,11	
66,85	0,09	
66,855	0,08	
66,86	0,07	
66,865	0,05	
66,87	0,04	
66,875	0,02	
66,88	0,01	
66,885	-0,02	
66,89	-0,03	
66,895	-0,05	
66,9	-0,06	
66,905	-0,07	
66,91	-0,08	
66,915	-0,09	
66,92	-0,1	
66,925	-0,12	
66,93	-0,14	
66,935	-0,16	
66,94	-0,17	
66,945	-0,19	
66,95	-0,2	
66,955	-0,21	
66,96	-0,22	
66,965	-0,24	
66,97	-0,25	
66,975	-0,28	
66,98	-0,29	
66,985	-0,3	
66,99	-0,31	
66,995	-0,32	
67,0	-0,33	
67,005	-0,34	
67,01	-0,35	
67,015	-0,37	
67,02	-0,39	
67,025	-0,4	
67,03	-0,41	
67,035	-0,42	
67,04	-0,43	
67,045	-0,44	
67,05	-0,45	
67,055	-0,46	
67,06	-0,47	
67,065	-0,48	
67,07	-0,49	
67,075	-0,5	
67,08	-0,51	
67,085	-0,52	
67,09	-0,53	
67,095	-0,53	
67,1	-0,54	
67,105	-0,55	
67,11	-0,56	
67,115	-0,56	
67,12	-0,57	
67,125	-0,58	
67,13	-0,58	
67,135	-0,59	
67,14	-0,59	
67,145	-0,59	
67,15	-0,6	
67,155	-0,61	
67,16	-0,61	
67,165	-0,62	
67,17	-0,62	
67,175	-0,62	
67,18	-0,62	
67,185	-0,62	
67,19	-0,62	
67,195	-0,62	
67,2	-0,63	
67,205	-0,63	
67,21	-0,63	
67,215	-0,63	
67,22	-0,63	
67,225	-0,63	
67,23	-0,63	
67,235	-0,62	
67,24	-0,62	
67,245	-0,62	
67,25	-0,62	
67,255	-0,63	
67,26	-0,62	
67,265	-0,62	
67,27	-0,61	
67,275	-0,61	
67,28	-0,6	
67,285	-0,59	
67,29	-0,59	
67,295	-0,58	
67,3	-0,58	
67,305	-0,58	
67,31	-0,57	
67,315	-0,56	
67,32	-0,56	
67,325	-0,55	
67,33	-0,54	
67,335	-0,53	
67,34	-0,52	
67,345	-0,52	
67,35	-0,51	
67,355	-0,5	
67,36	-0,49	
67,365	-0,48	
67,37	-0,47	
67,375	-0,46	
67,38	-0,45	
67,385	-0,43	
67,39	-0,43	
67,395	-0,42	
67,4	-0,41	
67,405	-0,4	
67,41	-0,39	
67,415	-0,37	
67,42	-0,36	
67,425	-0,35	
67,43	-0,34	
67,435	-0,32	
67,44	-0,31	
67,445	-0,3	
67,45	-0,29	
67,455	-0,27	
67,46	-0,26	
67,465	-0,24	
67,47	-0,23	
67,475	-0,21	
67,48	-0,2	
67,485	-0,19	
67,49	-0,18	
67,495	-0,17	
67,5	-0,15	
67,505	-0,13	
67,51	-0,12	
67,515	-0,11	
67,52	-0,08	
67,525	-0,07	
67,53	-0,06	
67,535	-0,04	
67,54	-0,03	
67,545	-0,02	
67,55	0	
67,555	0,01	
67,56	0,03	
67,565	0,05	
67,57	0,06	
67,575	0,07	
67,58	0,09	
67,585	0,1	
67,59	0,11	
67,595	0,13	
67,6	0,14	
67,605	0,16	
67,61	0,18	
67,615	0,19	
67,62	0,21	
67,625	0,22	
67,63	0,23	
67,635	0,24	
67,64	0,25	
67,645	0,27	
67,65	0,28	
67,655	0,29	
67,66	0,31	
67,665	0,32	
67,67	0,33	
67,675	0,34	
67,68	0,35	
67,685	0,36	
67,69	0,38	
67,695	0,39	
67,7	0,4	
67,705	0,42	
67,71	0,43	
67,715	0,44	
67,72	0,45	
67,725	0,46	
67,73	0,47	
67,735	0,48	
67,74	0,48	
67,745	0,49	
67,75	0,5	
67,755	0,51	
67,76	0,52	
67,765	0,53	
67,77	0,54	
67,775	0,54	
67,78	0,55	
67,785	0,55	
67,79	0,56	
67,795	0,56	
67,8	0,57	
67,805	0,57	
67,81	0,58	
67,815	0,58	
67,82	0,59	
67,825	0,6	
67,83	0,6	
67,835	0,61	
67,84	0,61	
67,845	0,61	
67,85	0,61	
67,855	0,61	
67,86	0,62	
67,865	0,62	
67,87	0,62	
67,875	0,63	
67,88	0,63	
67,885	0,62	
67,89	0,62	
67,895	0,61	
67,9	0,61	
67,905	0,61	
67,91	0,61	
67,915	0,61	
67,92	0,62	
67,925	0,62	
67,93	0,61	
67,935	0,6	
67,94	0,59	
67,945	0,59	
67,95	0,58	
67,955	0,58	
67,96	0,58	
67,965	0,58	
67,97	0,58	
67,975	0,57	
67,98	0,56	
67,985	0,55	
67,99	0,54	
67,995	0,53	
68,0	0,53	
68,005	0,52	
68,01	0,52	
68,015	0,52	
68,02	0,5	
68,025	0,49	
68,03	0,48	
68,035	0,46	
68,04	0,45	
68,045	0,44	
68,05	0,44	
68,055	0,43	
68,06	0,43	
68,065	0,41	
68,07	0,4	
68,075	0,38	
68,08	0,37	
68,085	0,35	
68,09	0,34	
68,095	0,34	
68,1	0,33	
68,105	0,32	
68,11	0,31	
68,115	0,3	
68,12	0,28	
68,125	0,27	
68,13	0,25	
68,135	0,23	
68,14	0,22	
68,145	0,21	
68,15	0,2	
68,155	0,19	
68,16	0,17	
68,165	0,16	
68,17	0,14	
68,175	0,13	
68,18	0,11	
68,185	0,1	
68,19	0,09	
68,195	0,07	
68,2	0,06	
68,205	0,04	
68,21	0,03	
68,215	0,01	
68,22	0	
68,225	-0,02	
68,23	-0,03	
68,235	-0,04	
68,24	-0,06	
68,245	-0,07	
68,25	-0,09	
68,255	-0,1	
68,26	-0,11	
68,265	-0,13	
68,27	-0,15	
68,275	-0,16	
68,28	-0,18	
68,285	-0,19	
68,29	-0,2	
68,295	-0,22	
68,3	-0,23	
68,305	-0,24	
68,31	-0,25	
68,315	-0,27	
68,32	-0,28	
68,325	-0,29	
68,33	-0,31	
68,335	-0,32	
68,34	-0,33	
68,345	-0,34	
68,35	-0,35	
68,355	-0,36	
68,36	-0,37	
68,365	-0,38	
68,37	-0,39	
68,375	-0,4	
68,38	-0,42	
68,385	-0,43	
68,39	-0,44	
68,395	-0,45	
68,4	-0,46	
68,405	-0,47	
68,41	-0,48	
68,415	-0,49	
68,42	-0,5	
68,425	-0,5	
68,43	-0,52	
68,435	-0,52	
68,44	-0,53	
68,445	-0,54	
68,45	-0,54	
68,455	-0,54	
68,46	-0,55	
68,465	-0,55	
68,47	-0,56	
68,475	-0,57	
68,48	-0,57	
68,485	-0,58	
68,49	-0,59	
68,495	-0,59	
68,5	-0,59	
68,505	-0,59	
68,51	-0,59	
68,515	-0,6	
68,52	-0,6	
68,525	-0,61	
68,53	-0,61	
68,535	-0,61	
68,54	-0,62	
68,545	-0,61	
68,55	-0,61	
68,555	-0,61	
68,56	-0,6	
68,565	-0,6	
68,57	-0,6	
68,575	-0,61	
68,58	-0,61	
68,585	-0,61	
68,59	-0,6	
68,595	-0,6	
68,6	-0,6	
68,605	-0,59	
68,61	-0,59	
68,615	-0,59	
68,62	-0,58	
68,625	-0,58	
68,63	-0,58	
68,635	-0,57	
68,64	-0,57	
68,645	-0,56	
68,65	-0,55	
68,655	-0,54	
68,66	-0,53	
68,665	-0,53	
68,67	-0,53	
68,675	-0,53	
68,68	-0,52	
68,685	-0,51	
68,69	-0,5	
68,695	-0,48	
68,7	-0,47	
68,705	-0,46	
68,71	-0,45	
68,715	-0,45	
68,72	-0,44	
68,725	-0,43	
68,73	-0,43	
68,735	-0,41	
68,74	-0,4	
68,745	-0,39	
68,75	-0,37	
68,755	-0,35	
68,76	-0,35	
68,765	-0,34	
68,77	-0,33	
68,775	-0,32	
68,78	-0,31	
68,785	-0,29	
68,79	-0,27	
68,795	-0,25	
68,8	-0,24	
68,805	-0,23	
68,81	-0,22	
68,815	-0,21	
68,82	-0,21	
68,825	-0,19	
68,83	-0,18	
68,835	-0,16	
68,84	-0,14	
68,845	-0,12	
68,85	-0,11	
68,855	-0,1	
68,86	-0,09	
68,865	-0,08	
68,87	-0,07	
68,875	-0,05	
68,88	-0,03	
68,885	-0,01	
68,89	0	
68,895	0,02	
68,9	0,03	
68,905	0,04	
68,91	0,05	
68,915	0,06	
68,92	0,08	
68,925	0,1	
68,93	0,12	
68,935	0,13	
68,94	0,14	
68,945	0,16	
68,95	0,17	
68,955	0,18	
68,96	0,19	
68,965	0,2	
68,97	0,22	
68,975	0,24	
68,98	0,25	
68,985	0,27	
68,99	0,28	
68,995	0,29	
69,0	0,3	
69,005	0,31	
69,01	0,32	
69,015	0,33	
69,02	0,35	
69,025	0,36	
69,03	0,37	
69,035	0,39	
69,04	0,4	
69,045	0,41	
69,05	0,42	
69,055	0,42	
69,06	0,43	
69,065	0,44	
69,07	0,45	
69,075	0,46	
69,08	0,47	
69,085	0,48	
69,09	0,49	
69,095	0,5	
69,1	0,51	
69,105	0,51	
69,11	0,52	
69,115	0,53	
69,12	0,53	
69,125	0,54	
69,13	0,55	
69,135	0,55	
69,14	0,56	
69,145	0,57	
69,15	0,57	
69,155	0,57	
69,16	0,58	
69,165	0,58	
69,17	0,58	
69,175	0,59	
69,18	0,59	
69,185	0,6	
69,19	0,6	
69,195	0,6	
69,2	0,61	
69,205	0,6	
69,21	0,6	
69,215	0,6	
69,22	0,6	
69,225	0,6	
69,23	0,6	
69,235	0,6	
69,24	0,61	
69,245	0,61	
69,25	0,6	
69,255	0,6	
69,26	0,6	
69,265	0,59	
69,27	0,59	
69,275	0,59	
69,28	0,58	
69,285	0,58	
69,29	0,58	
69,295	0,58	
69,3	0,57	
69,305	0,57	
69,31	0,56	
69,315	0,55	
69,32	0,54	
69,325	0,53	
69,33	0,53	
69,335	0,53	
69,34	0,53	
69,345	0,52	
69,35	0,52	
69,355	0,5	
69,36	0,49	
69,365	0,48	
69,37	0,47	
69,375	0,46	
69,38	0,46	
69,385	0,45	
69,39	0,44	
69,395	0,43	
69,4	0,42	
69,405	0,4	
69,41	0,39	
69,415	0,38	
69,42	0,37	
69,425	0,36	
69,43	0,35	
69,435	0,34	
69,44	0,33	
69,445	0,32	
69,45	0,3	
69,455	0,29	
69,46	0,27	
69,465	0,26	
69,47	0,25	
69,475	0,23	
69,48	0,23	
69,485	0,22	
69,49	0,2	
69,495	0,19	
69,5	0,17	
69,505	0,16	
69,51	0,14	
69,515	0,13	
69,52	0,12	
69,525	0,1	
69,53	0,09	
69,535	0,08	
69,54	0,06	
69,545	0,05	
69,55	0,03	
69,555	0,02	
69,56	0	
69,565	-0,01	
69,57	-0,03	
69,575	-0,05	
69,58	-0,06	
69,585	-0,07	
69,59	-0,08	
69,595	-0,09	
69,6	-0,11	
69,605	-0,12	
69,61	-0,14	
69,615	-0,16	
69,62	-0,17	
69,625	-0,18	
69,63	-0,19	
69,635	-0,2	
69,64	-0,22	
69,645	-0,23	
69,65	-0,24	
69,655	-0,26	
69,66	-0,27	
69,665	-0,29	
69,67	-0,3	
69,675	-0,31	
69,68	-0,32	
69,685	-0,33	
69,69	-0,34	
69,695	-0,35	
69,7	-0,37	
69,705	-0,38	
69,71	-0,39	
69,715	-0,4	
69,72	-0,41	
69,725	-0,42	
69,73	-0,43	
69,735	-0,44	
69,74	-0,45	
69,745	-0,46	
69,75	-0,47	
69,755	-0,48	
69,76	-0,49	
69,765	-0,5	
69,77	-0,51	
69,775	-0,51	
69,78	-0,52	
69,785	-0,52	
69,79	-0,53	
69,795	-0,54	
69,8	-0,55	
69,805	-0,55	
69,81	-0,56	
69,815	-0,56	
69,82	-0,57	
69,825	-0,57	
69,83	-0,58	
69,835	-0,58	
69,84	-0,58	
69,845	-0,58	
69,85	-0,59	
69,855	-0,59	
69,86	-0,6	
69,865	-0,6	
69,87	-0,6	
69,875	-0,6	
69,88	-0,6	
69,885	-0,6	
69,89	-0,6	
69,895	-0,6	
69,9	-0,61	
69,905	-0,61	
69,91	-0,61	
69,915	-0,61	
69,92	-0,61	
69,925	-0,6	
69,93	-0,6	
69,935	-0,59	
69,94	-0,59	
69,945	-0,59	
69,95	-0,59	
69,955	-0,59	
69,96	-0,58	
69,965	-0,58	
69,97	-0,57	
69,975	-0,56	
69,98	-0,55	
69,985	-0,55	
69,99	-0,54	
69,995	-0,54	
70,0	-0,54	
70,005	-0,54	
70,01	-0,53	
70,015	-0,52	
70,02	-0,51	
70,025	-0,5	
70,03	-0,49	
70,035	-0,48	
70,04	-0,48	
70,045	-0,47	
70,05	-0,46	
70,055	-0,46	
70,06	-0,44	
70,065	-0,43	
70,07	-0,41	
70,075	-0,4	
70,08	-0,39	
70,085	-0,38	
70,09	-0,37	
70,095	-0,36	
70,1	-0,36	
70,105	-0,35	
70,11	-0,33	
70,115	-0,31	
70,12	-0,3	
70,125	-0,29	
70,13	-0,27	
70,135	-0,26	
70,14	-0,25	
70,145	-0,24	
70,15	-0,23	
70,155	-0,22	
70,16	-0,2	
70,165	-0,18	
70,17	-0,17	
70,175	-0,16	
70,18	-0,14	
70,185	-0,13	
70,19	-0,12	
70,195	-0,11	
70,2	-0,1	
70,205	-0,08	
70,21	-0,06	
70,215	-0,04	
70,22	-0,02	
70,225	-0,01	
70,23	0	
70,235	0,01	
70,24	0,02	
70,245	0,03	
70,25	0,05	
70,255	0,06	
70,26	0,08	
70,265	0,1	
70,27	0,11	
70,275	0,13	
70,28	0,14	
70,285	0,15	
70,29	0,16	
70,295	0,18	
70,3	0,19	
70,305	0,21	
70,31	0,22	
70,315	0,23	
70,32	0,25	
70,325	0,26	
70,33	0,27	
70,335	0,28	
70,34	0,3	
70,345	0,31	
70,35	0,32	
70,355	0,33	
70,36	0,34	
70,365	0,36	
70,37	0,37	
70,375	0,38	
70,38	0,39	
70,385	0,41	
70,39	0,41	
70,395	0,43	
70,4	0,43	
70,405	0,45	
70,41	0,45	
70,415	0,46	
70,42	0,47	
70,425	0,48	
70,43	0,49	
70,435	0,5	
70,44	0,5	
70,445	0,51	
70,45	0,52	
70,455	0,53	
70,46	0,54	
70,465	0,54	
70,47	0,55	
70,475	0,55	
70,48	0,56	
70,485	0,57	
70,49	0,57	
70,495	0,58	
70,5	0,58	
70,505	0,59	
70,51	0,59	
70,515	0,59	
70,52	0,59	
70,525	0,6	
70,53	0,6	
70,535	0,6	
70,54	0,6	
70,545	0,61	
70,55	0,61	
70,555	0,61	
70,56	0,61	
70,565	0,61	
70,57	0,61	
70,575	0,61	
70,58	0,61	
70,585	0,6	
70,59	0,6	
70,595	0,6	
70,6	0,6	
70,605	0,6	
70,61	0,59	
70,615	0,59	
70,62	0,59	
70,625	0,59	
70,63	0,58	
70,635	0,58	
70,64	0,57	
70,645	0,57	
70,65	0,56	
70,655	0,56	
70,66	0,55	
70,665	0,54	
70,67	0,54	
70,675	0,54	
70,68	0,53	
70,685	0,52	
70,69	0,51	
70,695	0,5	
70,7	0,49	
70,705	0,48	
70,71	0,48	
70,715	0,47	
70,72	0,46	
70,725	0,45	
70,73	0,44	
70,735	0,43	
70,74	0,42	
70,745	0,41	
70,75	0,39	
70,755	0,38	
70,76	0,38	
70,765	0,37	
70,77	0,36	
70,775	0,34	
70,78	0,33	
70,785	0,32	
70,79	0,3	
70,795	0,29	
70,8	0,28	
70,805	0,27	
70,81	0,25	
70,815	0,24	
70,82	0,23	
70,825	0,22	
70,83	0,2	
70,835	0,19	
70,84	0,17	
70,845	0,15	
70,85	0,14	
70,855	0,13	
70,86	0,12	
70,865	0,1	
70,87	0,09	
70,875	0,08	
70,88	0,07	
70,885	0,05	
70,89	0,03	
70,895	0,02	
70,9	0	
70,905	-0,01	
70,91	-0,02	
70,915	-0,04	
70,92	-0,05	
70,925	-0,07	
70,93	-0,08	
70,935	-0,1	
70,94	-0,12	
70,945	-0,13	
70,95	-0,14	
70,955	-0,15	
70,96	-0,17	
70,965	-0,18	
70,97	-0,19	
70,975	-0,2	
70,98	-0,22	
70,985	-0,24	
70,99	-0,25	
70,995	-0,26	
71,0	-0,28	
71,005	-0,29	
71,01	-0,3	
71,015	-0,31	
71,02	-0,32	
71,025	-0,34	
71,03	-0,35	
71,035	-0,36	
71,04	-0,37	
71,045	-0,38	
71,05	-0,39	
71,055	-0,4	
71,06	-0,41	
71,065	-0,42	
71,07	-0,44	
71,075	-0,45	
71,08	-0,46	
71,085	-0,47	
71,09	-0,47	
71,095	-0,48	
71,1	-0,49	
71,105	-0,5	
71,11	-0,51	
71,115	-0,52	
71,12	-0,53	
71,125	-0,53	
71,13	-0,54	
71,135	-0,55	
71,14	-0,55	
71,145	-0,56	
71,15	-0,56	
71,155	-0,57	
71,16	-0,57	
71,165	-0,58	
71,17	-0,58	
71,175	-0,59	
71,18	-0,6	
71,185	-0,6	
71,19	-0,6	
71,195	-0,6	
71,2	-0,6	
71,205	-0,6	
71,21	-0,61	
71,215	-0,61	
71,22	-0,61	
71,225	-0,61	
71,23	-0,62	
71,235	-0,62	
71,24	-0,62	
71,245	-0,62	
71,25	-0,61	
71,255	-0,61	
71,26	-0,61	
71,265	-0,61	
71,27	-0,61	
71,275	-0,61	
71,28	-0,61	
71,285	-0,61	
71,29	-0,61	
71,295	-0,6	
71,3	-0,59	
71,305	-0,58	
71,31	-0,57	
71,315	-0,57	
71,32	-0,57	
71,325	-0,56	
71,33	-0,56	
71,335	-0,55	
71,34	-0,55	
71,345	-0,54	
71,35	-0,53	
71,355	-0,52	
71,36	-0,51	
71,365	-0,5	
71,37	-0,5	
71,375	-0,49	
71,38	-0,48	
71,385	-0,48	
71,39	-0,46	
71,395	-0,45	
71,4	-0,44	
71,405	-0,43	
71,41	-0,42	
71,415	-0,41	
71,42	-0,4	
71,425	-0,39	
71,43	-0,38	
71,435	-0,37	
71,44	-0,35	
71,445	-0,34	
71,45	-0,33	
71,455	-0,31	
71,46	-0,3	
71,465	-0,29	
71,47	-0,28	
71,475	-0,27	
71,48	-0,25	
71,485	-0,24	
71,49	-0,23	
71,495	-0,21	
71,5	-0,2	
71,505	-0,18	
71,51	-0,17	
71,515	-0,16	
71,52	-0,15	
71,525	-0,13	
71,53	-0,12	
71,535	-0,1	
71,54	-0,09	
71,545	-0,07	
71,55	-0,06	
71,555	-0,04	
71,56	-0,03	
71,565	-0,02	
71,57	0	
71,575	0,02	
71,58	0,03	
71,585	0,04	
71,59	0,06	
71,595	0,08	
71,6	0,09	
71,605	0,1	
71,61	0,12	
71,615	0,14	
71,62	0,15	
71,625	0,16	
71,63	0,17	
71,635	0,19	
71,64	0,2	
71,645	0,22	
71,65	0,23	
71,655	0,24	
71,66	0,26	
71,665	0,27	
71,67	0,28	
71,675	0,29	
71,68	0,3	
71,685	0,32	
71,69	0,33	
71,695	0,35	
71,7	0,36	
71,705	0,37	
71,71	0,39	
71,715	0,4	
71,72	0,41	
71,725	0,41	
71,73	0,42	
71,735	0,43	
71,74	0,44	
71,745	0,45	
71,75	0,47	
71,755	0,48	
71,76	0,49	
71,765	0,5	
71,77	0,51	
71,775	0,52	
71,78	0,52	
71,785	0,53	
71,79	0,54	
71,795	0,54	
71,8	0,55	
71,805	0,56	
71,81	0,56	
71,815	0,57	
71,82	0,57	
71,825	0,58	
71,83	0,59	
71,835	0,59	
71,84	0,59	
71,845	0,6	
71,85	0,61	
71,855	0,61	
71,86	0,61	
71,865	0,62	
71,87	0,62	
71,875	0,62	
71,88	0,62	
71,885	0,62	
71,89	0,62	
71,895	0,62	
71,9	0,63	
71,905	0,62	
71,91	0,62	
71,915	0,62	
71,92	0,62	
71,925	0,62	
71,93	0,62	
71,935	0,62	
71,94	0,62	
71,945	0,62	
71,95	0,61	
71,955	0,61	
71,96	0,61	
71,965	0,6	
71,97	0,59	
71,975	0,59	
71,98	0,58	
71,985	0,58	
71,99	0,57	
71,995	0,57	
72,0	0,56	
72,005	0,56	
72,01	0,55	
72,015	0,54	
72,02	0,53	
72,025	0,52	
72,03	0,52	
72,035	0,51	
72,04	0,51	
72,045	0,5	
72,05	0,49	
72,055	0,47	
72,06	0,46	
72,065	0,45	
72,07	0,44	
72,075	0,43	
72,08	0,42	
72,085	0,41	
72,09	0,4	
72,095	0,4	
72,1	0,38	
72,105	0,37	
72,11	0,35	
72,115	0,33	
72,12	0,32	
72,125	0,31	
72,13	0,3	
72,135	0,29	
72,14	0,28	
72,145	0,27	
72,15	0,26	
72,155	0,24	
72,16	0,22	
72,165	0,2	
72,17	0,19	
72,175	0,18	
72,18	0,17	
72,185	0,16	
72,19	0,14	
72,195	0,13	
72,2	0,11	
72,205	0,09	
72,21	0,07	
72,215	0,06	
72,22	0,05	
72,225	0,03	
72,23	0,02	
72,235	0,01	
72,24	0	
72,245	-0,02	
72,25	-0,03	
72,255	-0,06	
72,26	-0,07	
72,265	-0,08	
72,27	-0,1	
72,275	-0,11	
72,28	-0,12	
72,285	-0,14	
72,29	-0,15	
72,295	-0,17	
72,3	-0,19	
72,305	-0,2	
72,31	-0,22	
72,315	-0,23	
72,32	-0,24	
72,325	-0,25	
72,33	-0,26	
72,335	-0,27	
72,34	-0,29	
72,345	-0,31	
72,35	-0,33	
72,355	-0,34	
72,36	-0,35	
72,365	-0,36	
72,37	-0,37	
72,375	-0,38	
72,38	-0,39	
72,385	-0,4	
72,39	-0,42	
72,395	-0,43	
72,4	-0,44	
72,405	-0,45	
72,41	-0,46	
72,415	-0,47	
72,42	-0,48	
72,425	-0,49	
72,43	-0,5	
72,435	-0,51	
72,44	-0,52	
72,445	-0,53	
72,45	-0,53	
72,455	-0,54	
72,46	-0,55	
72,465	-0,56	
72,47	-0,56	
72,475	-0,57	
72,48	-0,58	
72,485	-0,58	
72,49	-0,59	
72,495	-0,59	
72,5	-0,6	
72,505	-0,6	
72,51	-0,61	
72,515	-0,61	
72,52	-0,62	
72,525	-0,62	
72,53	-0,62	
72,535	-0,62	
72,54	-0,63	
72,545	-0,63	
72,55	-0,63	
72,555	-0,63	
72,56	-0,63	
72,565	-0,63	
72,57	-0,63	
72,575	-0,63	
72,58	-0,63	
72,585	-0,63	
72,59	-0,63	
72,595	-0,63	
72,6	-0,63	
72,605	-0,63	
72,61	-0,62	
72,615	-0,62	
72,62	-0,62	
72,625	-0,61	
72,63	-0,61	
72,635	-0,6	
72,64	-0,6	
72,645	-0,59	
72,65	-0,59	
72,655	-0,59	
72,66	-0,58	
72,665	-0,58	
72,67	-0,57	
72,675	-0,56	
72,68	-0,55	
72,685	-0,54	
72,69	-0,54	
72,695	-0,53	
72,7	-0,53	
72,705	-0,52	
72,71	-0,51	
72,715	-0,5	
72,72	-0,49	
72,725	-0,48	
72,73	-0,46	
72,735	-0,45	
72,74	-0,44	
72,745	-0,44	
72,75	-0,43	
72,755	-0,41	
72,76	-0,4	
72,765	-0,38	
72,77	-0,37	
72,775	-0,36	
72,78	-0,35	
72,785	-0,34	
72,79	-0,33	
72,795	-0,32	
72,8	-0,3	
72,805	-0,29	
72,81	-0,27	
72,815	-0,26	
72,82	-0,24	
72,825	-0,23	
72,83	-0,22	
72,835	-0,2	
72,84	-0,19	
72,845	-0,17	
72,85	-0,16	
72,855	-0,14	
72,86	-0,13	
72,865	-0,12	
72,87	-0,1	
72,875	-0,09	
72,88	-0,07	
72,885	-0,06	
72,89	-0,04	
72,895	-0,02	
72,9	-0,01	
72,905	0	
72,91	0,02	
72,915	0,03	
72,92	0,05	
72,925	0,06	
72,93	0,08	
72,935	0,1	
72,94	0,11	
72,945	0,13	
72,95	0,14	
72,955	0,15	
72,96	0,17	
72,965	0,18	
72,97	0,2	
72,975	0,21	
72,98	0,23	
72,985	0,24	
72,99	0,26	
72,995	0,27	
73,0	0,29	
73,005	0,3	
73,01	0,31	
73,015	0,32	
73,02	0,33	
73,025	0,35	
73,03	0,36	
73,035	0,37	
73,04	0,39	
73,045	0,4	
73,05	0,41	
73,055	0,42	
73,06	0,43	
73,065	0,44	
73,07	0,46	
73,075	0,47	
73,08	0,48	
73,085	0,49	
73,09	0,5	
73,095	0,5	
73,1	0,51	
73,105	0,52	
73,11	0,53	
73,115	0,54	
73,12	0,55	
73,125	0,56	
73,13	0,57	
73,135	0,57	
73,14	0,58	
73,145	0,59	
73,15	0,59	
73,155	0,59	
73,16	0,6	
73,165	0,61	
73,17	0,61	
73,175	0,62	
73,18	0,62	
73,185	0,63	
73,19	0,63	
73,195	0,63	
73,2	0,64	
73,205	0,64	
73,21	0,64	
73,215	0,64	
73,22	0,64	
73,225	0,65	
73,23	0,65	
73,235	0,65	
73,24	0,64	
73,245	0,64	
73,25	0,64	
73,255	0,63	
73,26	0,63	
73,265	0,63	
73,27	0,64	
73,275	0,64	
73,28	0,63	
73,285	0,63	
73,29	0,63	
73,295	0,62	
73,3	0,61	
73,305	0,6	
73,31	0,6	
73,315	0,6	
73,32	0,6	
73,325	0,59	
73,33	0,59	
73,335	0,58	
73,34	0,57	
73,345	0,56	
73,35	0,55	
73,355	0,54	
73,36	0,54	
73,365	0,53	
73,37	0,52	
73,375	0,52	
73,38	0,51	
73,385	0,5	
73,39	0,48	
73,395	0,47	
73,4	0,46	
73,405	0,45	
73,41	0,44	
73,415	0,43	
73,42	0,42	
73,425	0,41	
73,43	0,4	
73,435	0,38	
73,44	0,37	
73,445	0,36	
73,45	0,34	
73,455	0,33	
73,46	0,32	
73,465	0,31	
73,47	0,29	
73,475	0,28	
73,48	0,26	
73,485	0,25	
73,49	0,23	
73,495	0,22	
73,5	0,2	
73,505	0,19	
73,51	0,17	
73,515	0,16	
73,52	0,15	
73,525	0,13	
73,53	0,11	
73,535	0,1	
73,54	0,09	
73,545	0,07	
73,55	0,06	
73,555	0,04	
73,56	0,03	
73,565	0,01	
73,57	-0,01	
73,575	-0,03	
73,58	-0,04	
73,585	-0,06	
73,59	-0,07	
73,595	-0,08	
73,6	-0,1	
73,605	-0,11	
73,61	-0,12	
73,615	-0,14	
73,62	-0,16	
73,625	-0,17	
73,63	-0,19	
73,635	-0,2	
73,64	-0,22	
73,645	-0,23	
73,65	-0,24	
73,655	-0,26	
73,66	-0,27	
73,665	-0,29	
73,67	-0,3	
73,675	-0,31	
73,68	-0,32	
73,685	-0,34	
73,69	-0,35	
73,695	-0,36	
73,7	-0,37	
73,705	-0,39	
73,71	-0,4	
73,715	-0,42	
73,72	-0,43	
73,725	-0,44	
73,73	-0,45	
73,735	-0,46	
73,74	-0,47	
73,745	-0,48	
73,75	-0,49	
73,755	-0,5	
73,76	-0,52	
73,765	-0,52	
73,77	-0,53	
73,775	-0,54	
73,78	-0,55	
73,785	-0,55	
73,79	-0,56	
73,795	-0,57	
73,8	-0,58	
73,805	-0,59	
73,81	-0,59	
73,815	-0,6	
73,82	-0,6	
73,825	-0,6	
73,83	-0,61	
73,835	-0,61	
73,84	-0,62	
73,845	-0,63	
73,85	-0,63	
73,855	-0,64	
73,86	-0,64	
73,865	-0,64	
73,87	-0,64	
73,875	-0,64	
73,88	-0,65	
73,885	-0,65	
73,89	-0,65	
73,895	-0,65	
73,9	-0,65	
73,905	-0,65	
73,91	-0,65	
73,915	-0,64	
73,92	-0,64	
73,925	-0,64	
73,93	-0,64	
73,935	-0,64	
73,94	-0,64	
73,945	-0,63	
73,95	-0,63	
73,955	-0,63	
73,96	-0,62	
73,965	-0,62	
73,97	-0,61	
73,975	-0,61	
73,98	-0,61	
73,985	-0,6	
73,99	-0,6	
73,995	-0,59	
74,0	-0,58	
74,005	-0,57	
74,01	-0,57	
74,015	-0,56	
74,02	-0,55	
74,025	-0,54	
74,03	-0,53	
74,035	-0,52	
74,04	-0,51	
74,045	-0,5	
74,05	-0,49	
74,055	-0,48	
74,06	-0,47	
74,065	-0,46	
74,07	-0,45	
74,075	-0,44	
74,08	-0,43	
74,085	-0,42	
74,09	-0,4	
74,095	-0,39	
74,1	-0,38	
74,105	-0,37	
74,11	-0,36	
74,115	-0,34	
74,12	-0,33	
74,125	-0,32	
74,13	-0,3	
74,135	-0,29	
74,14	-0,27	
74,145	-0,26	
74,15	-0,24	
74,155	-0,23	
74,16	-0,22	
74,165	-0,2	
74,17	-0,19	
74,175	-0,18	
74,18	-0,16	
74,185	-0,15	
74,19	-0,13	
74,195	-0,12	
74,2	-0,1	
74,205	-0,09	
74,21	-0,07	
74,215	-0,05	
74,22	-0,04	
74,225	-0,03	
74,23	-0,01	
74,235	0,01	
74,24	0,02	
74,245	0,04	
74,25	0,05	
74,255	0,07	
74,26	0,09	
74,265	0,1	
74,27	0,11	
74,275	0,13	
74,28	0,14	
74,285	0,16	
74,29	0,17	
74,295	0,18	
74,3	0,21	
74,305	0,22	
74,31	0,24	
74,315	0,25	
74,32	0,27	
74,325	0,28	
74,33	0,29	
74,335	0,3	
74,34	0,31	
74,345	0,33	
74,35	0,34	
74,355	0,36	
74,36	0,37	
74,365	0,38	
74,37	0,4	
74,375	0,41	
74,38	0,42	
74,385	0,43	
74,39	0,45	
74,395	0,45	
74,4	0,46	
74,405	0,47	
74,41	0,49	
74,415	0,5	
74,42	0,52	
74,425	0,52	
74,43	0,53	
74,435	0,54	
74,44	0,54	
74,445	0,55	
74,45	0,56	
74,455	0,56	
74,46	0,57	
74,465	0,58	
74,47	0,59	
74,475	0,6	
74,48	0,61	
74,485	0,61	
74,49	0,61	
74,495	0,62	
74,5	0,62	
74,505	0,62	
74,51	0,63	
74,515	0,64	
74,52	0,64	
74,525	0,64	
74,53	0,65	
74,535	0,64	
74,54	0,65	
74,545	0,65	
74,55	0,65	
74,555	0,65	
74,56	0,65	
74,565	0,66	
74,57	0,66	
74,575	0,65	
74,58	0,65	
74,585	0,65	
74,59	0,65	
74,595	0,64	
74,6	0,64	
74,605	0,64	
74,61	0,64	
74,615	0,64	
74,62	0,63	
74,625	0,62	
74,63	0,62	
74,635	0,61	
74,64	0,61	
74,645	0,61	
74,65	0,6	
74,655	0,6	
74,66	0,59	
74,665	0,57	
74,67	0,57	
74,675	0,56	
74,68	0,55	
74,685	0,55	
74,69	0,54	
74,695	0,53	
74,7	0,53	
74,705	0,52	
74,71	0,5	
74,715	0,49	
74,72	0,48	
74,725	0,47	
74,73	0,46	
74,735	0,45	
74,74	0,44	
74,745	0,43	
74,75	0,42	
74,755	0,4	
74,76	0,38	
74,765	0,37	
74,77	0,36	
74,775	0,35	
74,78	0,33	
74,785	0,33	
74,79	0,31	
74,795	0,3	
74,8	0,28	
74,805	0,27	
74,81	0,26	
74,815	0,24	
74,82	0,23	
74,825	0,22	
74,83	0,2	
74,835	0,19	
74,84	0,17	
74,845	0,15	
74,85	0,13	
74,855	0,12	
74,86	0,1	
74,865	0,09	
74,87	0,07	
74,875	0,06	
74,88	0,05	
74,885	0,03	
74,89	0,01	
74,895	0	
74,9	-0,02	
74,905	-0,04	
74,91	-0,05	
74,915	-0,06	
74,92	-0,07	
74,925	-0,09	
74,93	-0,1	
74,935	-0,13	
74,94	-0,14	
74,945	-0,16	
74,95	-0,17	
74,955	-0,18	
74,96	-0,2	
74,965	-0,21	
74,97	-0,22	
74,975	-0,24	
74,98	-0,26	
74,985	-0,27	
74,99	-0,29	
74,995	-0,3	
75,0	-0,32	
75,005	-0,33	
75,01	-0,34	
75,015	-0,35	
75,02	-0,36	
75,025	-0,37	
75,03	-0,39	
75,035	-0,4	
75,04	-0,41	
75,045	-0,43	
75,05	-0,44	
75,055	-0,45	
75,06	-0,46	
75,065	-0,47	
75,07	-0,48	
75,075	-0,49	
75,08	-0,5	
75,085	-0,51	
75,09	-0,52	
75,095	-0,53	
75,1	-0,54	
75,105	-0,54	
75,11	-0,55	
75,115	-0,56	
75,12	-0,57	
75,125	-0,58	
75,13	-0,59	
75,135	-0,59	
75,14	-0,6	
75,145	-0,61	
75,15	-0,61	
75,155	-0,61	
75,16	-0,62	
75,165	-0,63	
75,17	-0,63	
75,175	-0,63	
75,18	-0,64	
75,185	-0,64	
75,19	-0,64	
75,195	-0,65	
75,2	-0,65	
75,205	-0,65	
75,21	-0,65	
75,215	-0,65	
75,22	-0,65	
75,225	-0,65	
75,23	-0,65	
75,235	-0,65	
75,24	-0,65	
75,245	-0,65	
75,25	-0,65	
75,255	-0,64	
75,26	-0,64	
75,265	-0,64	
75,27	-0,64	
75,275	-0,64	
75,28	-0,63	
75,285	-0,63	
75,29	-0,62	
75,295	-0,62	
75,3	-0,61	
75,305	-0,6	
75,31	-0,6	
75,315	-0,59	
75,32	-0,59	
75,325	-0,58	
75,33	-0,57	
75,335	-0,57	
75,34	-0,56	
75,345	-0,55	
75,35	-0,54	
75,355	-0,54	
75,36	-0,53	
75,365	-0,52	
75,37	-0,51	
75,375	-0,5	
75,38	-0,49	
75,385	-0,48	
75,39	-0,46	
75,395	-0,45	
75,4	-0,44	
75,405	-0,43	
75,41	-0,42	
75,415	-0,41	
75,42	-0,4	
75,425	-0,38	
75,43	-0,37	
75,435	-0,35	
75,44	-0,34	
75,445	-0,33	
75,45	-0,32	
75,455	-0,31	
75,46	-0,29	
75,465	-0,28	
75,47	-0,27	
75,475	-0,26	
75,48	-0,24	
75,485	-0,22	
75,49	-0,21	
75,495	-0,19	
75,5	-0,18	
75,505	-0,16	
75,51	-0,15	
75,515	-0,14	
75,52	-0,12	
75,525	-0,11	
75,53	-0,09	
75,535	-0,07	
75,54	-0,06	
75,545	-0,04	
75,55	-0,03	
75,555	-0,01	
75,56	0,01	
75,565	0,02	
75,57	0,04	
75,575	0,06	
75,58	0,07	
75,585	0,08	
75,59	0,09	
75,595	0,11	
75,6	0,13	
75,605	0,14	
75,61	0,16	
75,615	0,17	
75,62	0,19	
75,625	0,2	
75,63	0,21	
75,635	0,23	
75,64	0,24	
75,645	0,26	
75,65	0,27	
75,655	0,29	
75,66	0,3	
75,665	0,32	
75,67	0,33	
75,675	0,34	
75,68	0,35	
75,685	0,36	
75,69	0,37	
75,695	0,39	
75,7	0,4	
75,705	0,42	
75,71	0,43	
75,715	0,44	
75,72	0,45	
75,725	0,46	
75,73	0,47	
75,735	0,48	
75,74	0,49	
75,745	0,5	
75,75	0,51	
75,755	0,53	
75,76	0,54	
75,765	0,54	
75,77	0,55	
75,775	0,55	
75,78	0,56	
75,785	0,57	
75,79	0,58	
75,795	0,59	
75,8	0,6	
75,805	0,6	
75,81	0,6	
75,815	0,61	
75,82	0,61	
75,825	0,61	
75,83	0,62	
75,835	0,62	
75,84	0,63	
75,845	0,63	
75,85	0,64	
75,855	0,64	
75,86	0,64	
75,865	0,64	
75,87	0,64	
75,875	0,64	
75,88	0,65	
75,885	0,65	
75,89	0,65	
75,895	0,65	
75,9	0,64	
75,905	0,64	
75,91	0,64	
75,915	0,64	
75,92	0,64	
75,925	0,64	
75,93	0,64	
75,935	0,64	
75,94	0,64	
75,945	0,63	
75,95	0,63	
75,955	0,62	
75,96	0,61	
75,965	0,6	
75,97	0,59	
75,975	0,59	
75,98	0,59	
75,985	0,58	
75,99	0,58	
75,995	0,57	
76,0	0,56	
76,005	0,55	
76,01	0,54	
76,015	0,53	
76,02	0,53	
76,025	0,52	
76,03	0,51	
76,035	0,5	
76,04	0,49	
76,045	0,48	
76,05	0,47	
76,055	0,46	
76,06	0,45	
76,065	0,44	
76,07	0,43	
76,075	0,41	
76,08	0,4	
76,085	0,39	
76,09	0,38	
76,095	0,37	
76,1	0,35	
76,105	0,34	
76,11	0,33	
76,115	0,32	
76,12	0,29	
76,125	0,28	
76,13	0,27	
76,135	0,25	
76,14	0,24	
76,145	0,22	
76,15	0,21	
76,155	0,2	
76,16	0,19	
76,165	0,17	
76,17	0,15	
76,175	0,14	
76,18	0,12	
76,185	0,11	
76,19	0,1	
76,195	0,08	
76,2	0,07	
76,205	0,06	
76,21	0,04	
76,215	0,02	
76,22	0	
76,225	-0,01	
76,23	-0,03	
76,235	-0,04	
76,24	-0,06	
76,245	-0,07	
76,25	-0,08	
76,255	-0,1	
76,26	-0,11	
76,265	-0,13	
76,27	-0,14	
76,275	-0,16	
76,28	-0,17	
76,285	-0,19	
76,29	-0,2	
76,295	-0,21	
76,3	-0,23	
76,305	-0,25	
76,31	-0,26	
76,315	-0,27	
76,32	-0,29	
76,325	-0,3	
76,33	-0,31	
76,335	-0,32	
76,34	-0,33	
76,345	-0,35	
76,35	-0,36	
76,355	-0,38	
76,36	-0,39	
76,365	-0,4	
76,37	-0,41	
76,375	-0,42	
76,38	-0,43	
76,385	-0,45	
76,39	-0,45	
76,395	-0,47	
76,4	-0,47	
76,405	-0,48	
76,41	-0,49	
76,415	-0,5	
76,42	-0,52	
76,425	-0,52	
76,43	-0,53	
76,435	-0,54	
76,44	-0,55	
76,445	-0,56	
76,45	-0,57	
76,455	-0,57	
76,46	-0,58	
76,465	-0,59	
76,47	-0,59	
76,475	-0,59	
76,48	-0,6	
76,485	-0,6	
76,49	-0,61	
76,495	-0,61	
76,5	-0,62	
76,505	-0,62	
76,51	-0,63	
76,515	-0,63	
76,52	-0,63	
76,525	-0,63	
76,53	-0,63	
76,535	-0,63	
76,54	-0,63	
76,545	-0,64	
76,55	-0,64	
76,555	-0,64	
76,56	-0,64	
76,565	-0,64	
76,57	-0,64	
76,575	-0,63	
76,58	-0,63	
76,585	-0,63	
76,59	-0,63	
76,595	-0,63	
76,6	-0,62	
76,605	-0,62	
76,61	-0,62	
76,615	-0,61	
76,62	-0,6	
76,625	-0,6	
76,63	-0,59	
76,635	-0,59	
76,64	-0,59	
76,645	-0,58	
76,65	-0,57	
76,655	-0,57	
76,66	-0,56	
76,665	-0,55	
76,67	-0,54	
76,675	-0,54	
76,68	-0,53	
76,685	-0,52	
76,69	-0,51	
76,695	-0,5	
76,7	-0,49	
76,705	-0,48	
76,71	-0,47	
76,715	-0,46	
76,72	-0,45	
76,725	-0,44	
76,73	-0,43	
76,735	-0,42	
76,74	-0,41	
76,745	-0,4	
76,75	-0,38	
76,755	-0,36	
76,76	-0,35	
76,765	-0,34	
76,77	-0,33	
76,775	-0,32	
76,78	-0,31	
76,785	-0,3	
76,79	-0,28	
76,795	-0,27	
76,8	-0,25	
76,805	-0,23	
76,81	-0,22	
76,815	-0,21	
76,82	-0,2	
76,825	-0,19	
76,83	-0,17	
76,835	-0,16	
76,84	-0,15	
76,845	-0,13	
76,85	-0,11	
76,855	-0,09	
76,86	-0,07	
76,865	-0,06	
76,87	-0,05	
76,875	-0,04	
76,88	-0,03	
76,885	-0,02	
76,89	0	
76,895	0,03	
76,9	0,04	
76,905	0,06	
76,91	0,07	
76,915	0,09	
76,92	0,1	
76,925	0,11	
76,93	0,13	
76,935	0,14	
76,94	0,16	
76,945	0,18	
76,95	0,19	
76,955	0,21	
76,96	0,22	
76,965	0,23	
76,97	0,24	
76,975	0,25	
76,98	0,27	
76,985	0,29	
76,99	0,3	
76,995	0,31	
77,0	0,32	
77,005	0,34	
77,01	0,35	
77,015	0,36	
77,02	0,37	
77,025	0,38	
77,03	0,4	
77,035	0,41	
77,04	0,42	
77,045	0,43	
77,05	0,44	
77,055	0,45	
77,06	0,46	
77,065	0,47	
77,07	0,48	
77,075	0,49	
77,08	0,5	
77,085	0,51	
77,09	0,52	
77,095	0,53	
77,1	0,53	
77,105	0,54	
77,11	0,55	
77,115	0,55	
77,12	0,57	
77,125	0,57	
77,13	0,58	
77,135	0,58	
77,14	0,59	
77,145	0,59	
77,15	0,6	
77,155	0,6	
77,16	0,61	
77,165	0,61	
77,17	0,62	
77,175	0,62	
77,18	0,62	
77,185	0,62	
77,19	0,62	
77,195	0,62	
77,2	0,62	
77,205	0,63	
77,21	0,63	
77,215	0,63	
77,22	0,63	
77,225	0,62	
77,23	0,63	
77,235	0,62	
77,24	0,62	
77,245	0,62	
77,25	0,62	
77,255	0,62	
77,26	0,62	
77,265	0,61	
77,27	0,61	
77,275	0,6	
77,28	0,6	
77,285	0,6	
77,29	0,59	
77,295	0,59	
77,3	0,59	
77,305	0,58	
77,31	0,57	
77,315	0,56	
77,32	0,56	
77,325	0,55	
77,33	0,54	
77,335	0,53	
77,34	0,53	
77,345	0,52	
77,35	0,51	
77,355	0,5	
77,36	0,49	
77,365	0,48	
77,37	0,47	
77,375	0,46	
77,38	0,45	
77,385	0,44	
77,39	0,43	
77,395	0,42	
77,4	0,41	
77,405	0,4	
77,41	0,39	
77,415	0,37	
77,42	0,36	
77,425	0,35	
77,43	0,34	
77,435	0,33	
77,44	0,31	
77,445	0,3	
77,45	0,29	
77,455	0,27	
77,46	0,26	
77,465	0,25	
77,47	0,23	
77,475	0,22	
77,48	0,21	
77,485	0,19	
77,49	0,18	
77,495	0,17	
77,5	0,15	
77,505	0,14	
77,51	0,12	
77,515	0,11	
77,52	0,09	
77,525	0,08	
77,53	0,06	
77,535	0,05	
77,54	0,04	
77,545	0,02	
77,55	0,01	
77,555	-0,01	
77,56	-0,02	
77,565	-0,04	
77,57	-0,05	
77,575	-0,07	
77,58	-0,08	
77,585	-0,09	
77,59	-0,11	
77,595	-0,12	
77,6	-0,14	
77,605	-0,15	
77,61	-0,17	
77,615	-0,18	
77,62	-0,2	
77,625	-0,21	
77,63	-0,22	
77,635	-0,23	
77,64	-0,25	
77,645	-0,26	
77,65	-0,28	
77,655	-0,29	
77,66	-0,3	
77,665	-0,32	
77,67	-0,33	
77,675	-0,34	
77,68	-0,35	
77,685	-0,36	
77,69	-0,38	
77,695	-0,39	
77,7	-0,4	
77,705	-0,42	
77,71	-0,43	
77,715	-0,44	
77,72	-0,44	
77,725	-0,45	
77,73	-0,46	
77,735	-0,47	
77,74	-0,48	
77,745	-0,49	
77,75	-0,5	
77,755	-0,51	
77,76	-0,51	
77,765	-0,52	
77,77	-0,53	
77,775	-0,53	
77,78	-0,54	
77,785	-0,55	
77,79	-0,56	
77,795	-0,56	
77,8	-0,57	
77,805	-0,58	
77,81	-0,58	
77,815	-0,58	
77,82	-0,59	
77,825	-0,59	
77,83	-0,6	
77,835	-0,6	
77,84	-0,6	
77,845	-0,61	
77,85	-0,61	
77,855	-0,61	
77,86	-0,61	
77,865	-0,61	
77,87	-0,61	
77,875	-0,61	
77,88	-0,62	
77,885	-0,62	
77,89	-0,62	
77,895	-0,61	
77,9	-0,61	
77,905	-0,61	
77,91	-0,61	
77,915	-0,6	
77,92	-0,6	
77,925	-0,6	
77,93	-0,6	
77,935	-0,6	
77,94	-0,6	
77,945	-0,59	
77,95	-0,58	
77,955	-0,58	
77,96	-0,57	
77,965	-0,57	
77,97	-0,57	
77,975	-0,56	
77,98	-0,56	
77,985	-0,55	
77,99	-0,54	
77,995	-0,53	
78,0	-0,53	
78,005	-0,52	
78,01	-0,51	
78,015	-0,5	
78,02	-0,5	
78,025	-0,49	
78,03	-0,47	
78,035	-0,46	
78,04	-0,45	
78,045	-0,44	
78,05	-0,43	
78,055	-0,43	
78,06	-0,42	
78,065	-0,41	
78,07	-0,4	
78,075	-0,38	
78,08	-0,37	
78,085	-0,36	
78,09	-0,35	
78,095	-0,33	
78,1	-0,32	
78,105	-0,31	
78,11	-0,3	
78,115	-0,29	
78,12	-0,27	
78,125	-0,25	
78,13	-0,24	
78,135	-0,23	
78,14	-0,22	
78,145	-0,21	
78,15	-0,2	
78,155	-0,18	
78,16	-0,17	
78,165	-0,15	
78,17	-0,13	
78,175	-0,12	
78,18	-0,11	
78,185	-0,09	
78,19	-0,08	
78,195	-0,07	
78,2	-0,06	
78,205	-0,04	
78,21	-0,03	
78,215	-0,01	
78,22	0,01	
78,225	0,02	
78,23	0,04	
78,235	0,05	
78,24	0,06	
78,245	0,07	
78,25	0,08	
78,255	0,1	
78,26	0,12	
78,265	0,14	
78,27	0,16	
78,275	0,17	
78,28	0,18	
78,285	0,19	
78,29	0,2	
78,295	0,21	
78,3	0,22	
78,305	0,24	
78,31	0,25	
78,315	0,27	
78,32	0,29	
78,325	0,3	
78,33	0,31	
78,335	0,32	
78,34	0,33	
78,345	0,34	
78,35	0,35	
78,355	0,36	
78,36	0,38	
78,365	0,39	
78,37	0,4	
78,375	0,41	
78,38	0,42	
78,385	0,42	
78,39	0,43	
78,395	0,44	
78,4	0,45	
78,405	0,46	
78,41	0,48	
78,415	0,49	
78,42	0,49	
78,425	0,5	
78,43	0,51	
78,435	0,51	
78,44	0,52	
78,445	0,53	
78,45	0,53	
78,455	0,54	
78,46	0,55	
78,465	0,56	
78,47	0,56	
78,475	0,57	
78,48	0,57	
78,485	0,58	
78,49	0,58	
78,495	0,59	
78,5	0,59	
78,505	0,59	
78,51	0,59	
78,515	0,59	
78,52	0,59	
78,525	0,6	
78,53	0,6	
78,535	0,6	
78,54	0,6	
78,545	0,6	
78,55	0,6	
78,555	0,6	
78,56	0,6	
78,565	0,6	
78,57	0,6	
78,575	0,6	
78,58	0,6	
78,585	0,6	
78,59	0,59	
78,595	0,59	
78,6	0,59	
78,605	0,58	
78,61	0,58	
78,615	0,58	
78,62	0,57	
78,625	0,57	
78,63	0,56	
78,635	0,56	
78,64	0,55	
78,645	0,55	
78,65	0,54	
78,655	0,53	
78,66	0,52	
78,665	0,52	
78,67	0,51	
78,675	0,5	
78,68	0,49	
78,685	0,49	
78,69	0,48	
78,695	0,47	
78,7	0,46	
78,705	0,45	
78,71	0,44	
78,715	0,43	
78,72	0,42	
78,725	0,41	
78,73	0,4	
78,735	0,39	
78,74	0,38	
78,745	0,37	
78,75	0,36	
78,755	0,35	
78,76	0,33	
78,765	0,32	
78,77	0,31	
78,775	0,3	
78,78	0,29	
78,785	0,28	
78,79	0,26	
78,795	0,25	
78,8	0,24	
78,805	0,22	
78,81	0,21	
78,815	0,2	
78,82	0,19	
78,825	0,18	
78,83	0,16	
78,835	0,15	
78,84	0,13	
78,845	0,12	
78,85	0,09	
78,855	0,08	
78,86	0,07	
78,865	0,06	
78,87	0,05	
78,875	0,04	
78,88	0,02	
78,885	0	
78,89	-0,01	
78,895	-0,04	
78,9	-0,05	
78,905	-0,06	
78,91	-0,07	
78,915	-0,08	
78,92	-0,09	
78,925	-0,1	
78,93	-0,12	
78,935	-0,14	
78,94	-0,16	
78,945	-0,17	
78,95	-0,18	
78,955	-0,19	
78,96	-0,2	
78,965	-0,21	
78,97	-0,22	
78,975	-0,24	
78,98	-0,26	
78,985	-0,28	
78,99	-0,29	
78,995	-0,3	
79,0	-0,31	
79,005	-0,32	
79,01	-0,33	
79,015	-0,34	
79,02	-0,35	
79,025	-0,36	
79,03	-0,38	
79,035	-0,39	
79,04	-0,4	
79,045	-0,41	
79,05	-0,42	
79,055	-0,42	
79,06	-0,43	
79,065	-0,44	
79,07	-0,45	
79,075	-0,46	
79,08	-0,47	
79,085	-0,48	
79,09	-0,49	
79,095	-0,49	
79,1	-0,5	
79,105	-0,5	
79,11	-0,51	
79,115	-0,52	
79,12	-0,53	
79,125	-0,54	
79,13	-0,55	
79,135	-0,55	
79,14	-0,55	
79,145	-0,55	
79,15	-0,56	
79,155	-0,56	
79,16	-0,57	
79,165	-0,58	
79,17	-0,58	
79,175	-0,59	
79,18	-0,59	
79,185	-0,59	
79,19	-0,59	
79,195	-0,59	
79,2	-0,59	
79,205	-0,59	
79,21	-0,59	
79,215	-0,59	
79,22	-0,59	
79,225	-0,6	
79,23	-0,59	
79,235	-0,59	
79,24	-0,59	
79,245	-0,58	
79,25	-0,58	
79,255	-0,58	
79,26	-0,58	
79,265	-0,58	
79,27	-0,58	
79,275	-0,57	
79,28	-0,57	
79,285	-0,56	
79,29	-0,56	
79,295	-0,56	
79,3	-0,55	
79,305	-0,55	
79,31	-0,54	
79,315	-0,53	
79,32	-0,53	
79,325	-0,52	
79,33	-0,52	
79,335	-0,51	
79,34	-0,5	
79,345	-0,5	
79,35	-0,48	
79,355	-0,47	
79,36	-0,47	
79,365	-0,46	
79,37	-0,45	
79,375	-0,44	
79,38	-0,43	
79,385	-0,42	
79,39	-0,41	
79,395	-0,4	
79,4	-0,39	
79,405	-0,38	
79,41	-0,37	
79,415	-0,36	
79,42	-0,35	
79,425	-0,34	
79,43	-0,33	
79,435	-0,32	
79,44	-0,31	
79,445	-0,29	
79,45	-0,28	
79,455	-0,27	
79,46	-0,25	
79,465	-0,24	
79,47	-0,23	
79,475	-0,22	
79,48	-0,21	
79,485	-0,19	
79,49	-0,18	
79,495	-0,16	
79,5	-0,15	
79,505	-0,13	
79,51	-0,12	
79,515	-0,1	
79,52	-0,09	
79,525	-0,08	
79,53	-0,07	
79,535	-0,06	
79,54	-0,05	
79,545	-0,03	
79,55	-0,01	
79,555	0	
79,56	0,01	
79,565	0,03	
79,57	0,04	
79,575	0,05	
79,58	0,06	
79,585	0,08	
79,59	0,09	
79,595	0,11	
79,6	0,13	
79,605	0,14	
79,61	0,15	
79,615	0,16	
79,62	0,17	
79,625	0,19	
79,63	0,2	
79,635	0,21	
79,64	0,23	
79,645	0,24	
79,65	0,26	
79,655	0,27	
79,66	0,28	
79,665	0,29	
79,67	0,3	
79,675	0,31	
79,68	0,32	
79,685	0,33	
79,69	0,35	
79,695	0,36	
79,7	0,37	
79,705	0,38	
79,71	0,39	
79,715	0,4	
79,72	0,41	
79,725	0,42	
79,73	0,43	
79,735	0,44	
79,74	0,45	
79,745	0,46	
79,75	0,47	
79,755	0,48	
79,76	0,48	
79,765	0,49	
79,77	0,49	
79,775	0,5	
79,78	0,51	
79,785	0,52	
79,79	0,52	
79,795	0,53	
79,8	0,53	
79,805	0,54	
79,81	0,54	
79,815	0,54	
79,82	0,55	
79,825	0,56	
79,83	0,56	
79,835	0,57	
79,84	0,57	
79,845	0,57	
79,85	0,57	
79,855	0,58	
79,86	0,58	
79,865	0,58	
79,87	0,58	
79,875	0,58	
79,88	0,58	
79,885	0,58	
79,89	0,58	
79,895	0,58	
79,9	0,58	
79,905	0,58	
79,91	0,58	
79,915	0,58	
79,92	0,58	
79,925	0,58	
79,93	0,57	
79,935	0,57	
79,94	0,56	
79,945	0,56	
79,95	0,56	
79,955	0,56	
79,96	0,55	
79,965	0,55	
79,97	0,55	
79,975	0,54	
79,98	0,54	
79,985	0,52	
79,99	0,51	
79,995	0,51	
80,0	0,5	
80,005	0,5	
80,01	0,5	
80,015	0,49	
80,02	0,48	
80,025	0,47	
80,03	0,45	
80,035	0,44	
80,04	0,43	
80,045	0,43	
80,05	0,42	
80,055	0,42	
80,06	0,41	
80,065	0,4	
80,07	0,39	
80,075	0,38	
80,08	0,36	
80,085	0,35	
80,09	0,34	
80,095	0,33	
80,1	0,32	
80,105	0,31	
80,11	0,3	
80,115	0,29	
80,12	0,28	
80,125	0,25	
80,13	0,24	
80,135	0,23	
80,14	0,22	
80,145	0,21	
80,15	0,2	
80,155	0,19	
80,16	0,18	
80,165	0,17	
80,17	0,14	
80,175	0,13	
80,18	0,12	
80,185	0,1	
80,19	0,1	
80,195	0,09	
80,2	0,07	
80,205	0,06	
80,21	0,05	
80,215	0,02	
80,22	0,01	
80,225	-0,01	
80,23	-0,02	
80,235	-0,03	
80,24	-0,04	
80,245	-0,05	
80,25	-0,06	
80,255	-0,07	
80,26	-0,1	
80,265	-0,11	
80,27	-0,12	
80,275	-0,14	
80,28	-0,15	
80,285	-0,15	
80,29	-0,16	
80,295	-0,18	
80,3	-0,19	
80,305	-0,22	
80,31	-0,23	
80,315	-0,25	
80,32	-0,26	
80,325	-0,26	
80,33	-0,27	
80,335	-0,28	
80,34	-0,29	
80,345	-0,3	
80,35	-0,32	
80,355	-0,34	
80,36	-0,35	
80,365	-0,36	
80,37	-0,37	
80,375	-0,37	
80,38	-0,38	
80,385	-0,39	
80,39	-0,4	
80,395	-0,41	
80,4	-0,42	
80,405	-0,43	
80,41	-0,44	
80,415	-0,45	
80,42	-0,46	
80,425	-0,46	
80,43	-0,47	
80,435	-0,48	
80,44	-0,49	
80,445	-0,49	
80,45	-0,5	
80,455	-0,51	
80,46	-0,51	
80,465	-0,52	
80,47	-0,53	
80,475	-0,53	
80,48	-0,54	
80,485	-0,55	
80,49	-0,55	
80,495	-0,55	
80,5	-0,55	
80,505	-0,56	
80,51	-0,56	
80,515	-0,56	
80,52	-0,57	
80,525	-0,57	
80,53	-0,58	
80,535	-0,58	
80,54	-0,58	
80,545	-0,58	
80,55	-0,58	
80,555	-0,58	
80,56	-0,58	
80,565	-0,58	
80,57	-0,58	
80,575	-0,58	
80,58	-0,58	
80,585	-0,58	
80,59	-0,57	
80,595	-0,57	
80,6	-0,57	
80,605	-0,56	
80,61	-0,56	
80,615	-0,56	
80,62	-0,56	
80,625	-0,55	
80,63	-0,55	
80,635	-0,55	
80,64	-0,54	
80,645	-0,53	
80,65	-0,52	
80,655	-0,52	
80,66	-0,51	
80,665	-0,51	
80,67	-0,5	
80,675	-0,5	
80,68	-0,49	
80,685	-0,48	
80,69	-0,47	
80,695	-0,46	
80,7	-0,46	
80,705	-0,44	
80,71	-0,44	
80,715	-0,43	
80,72	-0,42	
80,725	-0,41	
80,73	-0,41	
80,735	-0,39	
80,74	-0,38	
80,745	-0,37	
80,75	-0,36	
80,755	-0,35	
80,76	-0,34	
80,765	-0,34	
80,77	-0,33	
80,775	-0,31	
80,78	-0,3	
80,785	-0,29	
80,79	-0,27	
80,795	-0,25	
80,8	-0,25	
80,805	-0,23	
80,81	-0,23	
80,815	-0,22	
80,82	-0,2	
80,825	-0,19	
80,83	-0,18	
80,835	-0,16	
80,84	-0,15	
80,845	-0,14	
80,85	-0,13	
80,855	-0,12	
80,86	-0,11	
80,865	-0,09	
80,87	-0,08	
80,875	-0,06	
80,88	-0,04	
80,885	-0,02	
80,89	-0,01	
80,895	0,01	
80,9	0,01	
80,905	0,02	
80,91	0,03	
80,915	0,04	
80,92	0,05	
80,925	0,07	
80,93	0,09	
80,935	0,1	
80,94	0,09	
80,945	0,14	
80,95	0,15	
80,955	0,16	
80,96	0,17	
80,965	0,18	
80,97	0,19	
80,975	0,2	
80,98	0,22	
80,985	0,23	
80,99	0,25	
80,995	0,26	
81,0	0,27	
81,005	0,28	
81,01	0,29	
81,015	0,3	
81,02	0,31	
81,025	0,32	
81,03	0,34	
81,035	0,35	
81,04	0,36	
81,045	0,37	
81,05	0,38	
81,055	0,39	
81,06	0,4	
81,065	0,41	
81,07	0,42	
81,075	0,42	
81,08	0,44	
81,085	0,45	
81,09	0,45	
81,095	0,46	
81,1	0,47	
81,105	0,48	
81,11	0,48	
81,115	0,49	
81,12	0,5	
81,125	0,51	
81,13	0,51	
81,135	0,52	
81,14	0,52	
81,145	0,53	
81,15	0,53	
81,155	0,54	
81,16	0,54	
81,165	0,55	
81,17	0,55	
81,175	0,56	
81,18	0,56	
81,185	0,56	
81,19	0,56	
81,195	0,57	
81,2	0,57	
81,205	0,57	
81,21	0,58	
81,215	0,58	
81,22	0,58	
81,225	0,58	
81,23	0,58	
81,235	0,58	
81,24	0,57	
81,245	0,57	
81,25	0,57	
81,255	0,57	
81,26	0,57	
81,265	0,57	
81,27	0,57	
81,275	0,57	
81,28	0,56	
81,285	0,56	
81,29	0,56	
81,295	0,56	
81,3	0,55	
81,305	0,54	
81,31	0,54	
81,315	0,53	
81,32	0,53	
81,325	0,52	
81,33	0,52	
81,335	0,51	
81,34	0,51	
81,345	0,5	
81,35	0,49	
81,355	0,48	
81,36	0,47	
81,365	0,46	
81,37	0,46	
81,375	0,45	
81,38	0,45	
81,385	0,44	
81,39	0,43	
81,395	0,42	
81,4	0,4	
81,405	0,39	
81,41	0,38	
81,415	0,37	
81,42	0,36	
81,425	0,35	
81,43	0,35	
81,435	0,33	
81,44	0,33	
81,445	0,31	
81,45	0,3	
81,455	0,28	
81,46	0,27	
81,465	0,26	
81,47	0,26	
81,475	0,25	
81,48	0,24	
81,485	0,23	
81,49	0,21	
81,495	0,19	
81,5	0,18	
81,505	0,16	
81,51	0,15	
81,515	0,13	
81,52	0,12	
81,525	0,11	
81,53	0,11	
81,535	0,09	
81,54	0,07	
81,545	0,06	
81,55	0,04	
81,555	0,02	
81,56	0,01	
81,565	-0,01	
81,57	-0,02	
81,575	-0,03	
81,58	-0,04	
81,585	-0,05	
81,59	-0,06	
81,595	-0,07	
81,6	-0,08	
81,605	-0,1	
81,61	-0,11	
81,615	-0,13	
81,62	-0,14	
81,625	-0,17	
81,63	-0,18	
81,635	-0,19	
81,64	-0,2	
81,645	-0,21	
81,65	-0,22	
81,655	-0,23	
81,66	-0,24	
81,665	-0,26	
81,67	-0,28	
81,675	-0,29	
81,68	-0,3	
81,685	-0,31	
81,69	-0,32	
81,695	-0,32	
81,7	-0,33	
81,705	-0,34	
81,71	-0,35	
81,715	-0,37	
81,72	-0,39	
81,725	-0,39	
81,73	-0,4	
81,735	-0,41	
81,74	-0,41	
81,745	-0,42	
81,75	-0,43	
81,755	-0,44	
81,76	-0,46	
81,765	-0,48	
81,77	-0,49	
81,775	-0,49	
81,78	-0,49	
81,785	-0,49	
81,79	-0,49	
81,795	-0,49	
81,8	-0,5	
81,805	-0,52	
81,81	-0,53	
81,815	-0,54	
81,82	-0,55	
81,825	-0,55	
81,83	-0,54	
81,835	-0,54	
81,84	-0,54	
81,845	-0,55	
81,85	-0,56	
81,855	-0,58	
81,86	-0,58	
81,865	-0,59	
81,87	-0,59	
81,875	-0,58	
81,88	-0,57	
81,885	-0,56	
81,89	-0,56	
81,895	-0,56	
81,9	-0,57	
81,905	-0,58	
81,91	-0,59	
81,915	-0,59	
81,92	-0,59	
81,925	-0,58	
81,93	-0,57	
81,935	-0,56	
81,94	-0,56	
81,945	-0,57	
81,95	-0,57	
81,955	-0,58	
81,96	-0,58	
81,965	-0,57	
81,97	-0,56	
81,975	-0,55	
81,98	-0,53	
81,985	-0,52	
81,99	-0,52	
81,995	-0,53	
82,0	-0,53	
82,005	-0,53	
82,01	-0,53	
82,015	-0,51	
82,02	-0,49	
82,025	-0,48	
82,03	-0,46	
82,035	-0,45	
82,04	-0,45	
82,045	-0,46	
82,05	-0,46	
82,055	-0,46	
82,06	-0,45	
82,065	-0,44	
82,07	-0,42	
82,075	-0,4	
82,08	-0,38	
82,085	-0,36	
82,09	-0,36	
82,095	-0,36	
82,1	-0,35	
82,105	-0,35	
82,11	-0,34	
82,115	-0,32	
82,12	-0,3	
82,125	-0,27	
82,13	-0,26	
82,135	-0,25	
82,14	-0,25	
82,145	-0,24	
82,15	-0,24	
82,155	-0,23	
82,16	-0,22	
82,165	-0,21	
82,17	-0,18	
82,175	-0,16	
82,18	-0,14	
82,185	-0,13	
82,19	-0,12	
82,195	-0,12	
82,2	-0,11	
82,205	-0,1	
82,21	-0,08	
82,215	-0,06	
82,22	-0,04	
82,225	-0,02	
82,23	0	
82,235	0,01	
82,24	0,02	
82,245	0,02	
82,25	0,03	
82,255	0,04	
82,26	0,06	
82,265	0,07	
82,27	0,09	
82,275	0,11	
82,28	0,12	
82,285	0,13	
82,29	0,14	
82,295	0,15	
82,3	0,17	
82,305	0,18	
82,31	0,2	
82,315	0,21	
82,32	0,23	
82,325	0,25	
82,33	0,26	
82,335	0,27	
82,34	0,27	
82,345	0,28	
82,35	0,28	
82,355	0,3	
82,36	0,31	
82,365	0,32	
82,37	0,34	
82,375	0,35	
82,38	0,37	
82,385	0,38	
82,39	0,38	
82,395	0,39	
82,4	0,4	
82,405	0,41	
82,41	0,42	
82,415	0,44	
82,42	0,45	
82,425	0,46	
82,43	0,47	
82,435	0,48	
82,44	0,48	
82,445	0,48	
82,45	0,49	
82,455	0,49	
82,46	0,5	
82,465	0,51	
82,47	0,53	
82,475	0,53	
82,48	0,54	
82,485	0,54	
82,49	0,54	
82,495	0,54	
82,5	0,54	
82,505	0,55	
82,51	0,56	
82,515	0,57	
82,52	0,58	
82,525	0,59	
82,53	0,59	
82,535	0,58	
82,54	0,58	
82,545	0,57	
82,55	0,57	
82,555	0,58	
82,56	0,58	
82,565	0,59	
82,57	0,59	
82,575	0,59	
82,58	0,59	
82,585	0,58	
82,59	0,57	
82,595	0,57	
82,6	0,57	
82,605	0,57	
82,61	0,58	
82,615	0,58	
82,62	0,59	
82,625	0,58	
82,63	0,58	
82,635	0,56	
82,64	0,55	
82,645	0,54	
82,65	0,54	
82,655	0,54	
82,66	0,54	
82,665	0,54	
82,67	0,54	
82,675	0,53	
82,68	0,51	
82,685	0,5	
82,69	0,49	
82,695	0,47	
82,7	0,47	
82,705	0,47	
82,71	0,47	
82,715	0,47	
82,72	0,47	
82,725	0,46	
82,73	0,44	
82,735	0,42	
82,74	0,41	
82,745	0,4	
82,75	0,39	
82,755	0,38	
82,76	0,37	
82,765	0,37	
82,77	0,36	
82,775	0,35	
82,78	0,33	
82,785	0,31	
82,79	0,29	
82,795	0,28	
82,8	0,27	
82,805	0,26	
82,81	0,26	
82,815	0,25	
82,82	0,24	
82,825	0,23	
82,83	0,21	
82,835	0,19	
82,84	0,18	
82,845	0,16	
82,85	0,15	
82,855	0,13	
82,86	0,12	
82,865	0,11	
82,87	0,1	
82,875	0,08	
82,88	0,06	
82,885	0,05	
82,89	0,03	
82,895	0,02	
82,9	0,01	
82,905	0	
82,91	-0,01	
82,915	-0,02	
82,92	-0,04	
82,925	-0,05	
82,93	-0,07	
82,935	-0,08	
82,94	-0,1	
82,945	-0,11	
82,95	-0,12	
82,955	-0,13	
82,96	-0,14	
82,965	-0,16	
82,97	-0,17	
82,975	-0,19	
82,98	-0,21	
82,985	-0,22	
82,99	-0,24	
82,995	-0,25	
83,0	-0,26	
83,005	-0,27	
83,01	-0,28	
83,015	-0,29	
83,02	-0,3	
83,025	-0,31	
83,03	-0,33	
83,035	-0,35	
83,04	-0,36	
83,045	-0,36	
83,05	-0,37	
83,055	-0,38	
83,06	-0,39	
83,065	-0,4	
83,07	-0,41	
83,075	-0,42	
83,08	-0,44	
83,085	-0,45	
83,09	-0,46	
83,095	-0,47	
83,1	-0,47	
83,105	-0,47	
83,11	-0,48	
83,115	-0,48	
83,12	-0,49	
83,125	-0,51	
83,13	-0,52	
83,135	-0,53	
83,14	-0,53	
83,145	-0,54	
83,15	-0,54	
83,155	-0,55	
83,16	-0,55	
83,165	-0,55	
83,17	-0,56	
83,175	-0,57	
83,18	-0,58	
83,185	-0,58	
83,19	-0,58	
83,195	-0,59	
83,2	-0,59	
83,205	-0,58	
83,21	-0,59	
83,215	-0,59	
83,22	-0,59	
83,225	-0,59	
83,23	-0,6	
83,235	-0,6	
83,24	-0,6	
83,245	-0,59	
83,25	-0,59	
83,255	-0,59	
83,26	-0,58	
83,265	-0,58	
83,27	-0,59	
83,275	-0,59	
83,28	-0,59	
83,285	-0,59	
83,29	-0,58	
83,295	-0,58	
83,3	-0,57	
83,305	-0,56	
83,31	-0,56	
83,315	-0,56	
83,32	-0,56	
83,325	-0,55	
83,33	-0,55	
83,335	-0,54	
83,34	-0,53	
83,345	-0,52	
83,35	-0,51	
83,355	-0,5	
83,36	-0,49	
83,365	-0,49	
83,37	-0,49	
83,375	-0,48	
83,38	-0,48	
83,385	-0,47	
83,39	-0,46	
83,395	-0,44	
83,4	-0,43	
83,405	-0,42	
83,41	-0,41	
83,415	-0,4	
83,42	-0,39	
83,425	-0,39	
83,43	-0,38	
83,435	-0,37	
83,44	-0,35	
83,445	-0,33	
83,45	-0,31	
83,455	-0,31	
83,46	-0,3	
83,465	-0,29	
83,47	-0,28	
83,475	-0,28	
83,48	-0,27	
83,485	-0,25	
83,49	-0,23	
83,495	-0,21	
83,5	-0,19	
83,505	-0,18	
83,51	-0,17	
83,515	-0,16	
83,52	-0,15	
83,525	-0,14	
83,53	-0,13	
83,535	-0,1	
83,54	-0,09	
83,545	-0,07	
83,55	-0,06	
83,555	-0,04	
83,56	-0,04	
83,565	-0,03	
83,57	-0,01	
83,575	0	
83,58	0,02	
83,585	0,04	
83,59	0,06	
83,595	0,07	
83,6	0,08	
83,605	0,09	
83,61	0,1	
83,615	0,11	
83,62	0,12	
83,625	0,15	
83,63	0,16	
83,635	0,18	
83,64	0,19	
83,645	0,21	
83,65	0,22	
83,655	0,23	
83,66	0,25	
83,665	0,26	
83,67	0,27	
83,675	0,28	
83,68	0,29	
83,685	0,3	
83,69	0,32	
83,695	0,33	
83,7	0,34	
83,705	0,35	
83,71	0,36	
83,715	0,37	
83,72	0,39	
83,725	0,39	
83,73	0,4	
83,735	0,41	
83,74	0,43	
83,745	0,44	
83,75	0,45	
83,755	0,46	
83,76	0,47	
83,765	0,48	
83,77	0,48	
83,775	0,49	
83,78	0,5	
83,785	0,5	
83,79	0,51	
83,795	0,52	
83,8	0,52	
83,805	0,53	
83,81	0,54	
83,815	0,55	
83,82	0,55	
83,825	0,56	
83,83	0,56	
83,835	0,57	
83,84	0,58	
83,845	0,58	
83,85	0,59	
83,855	0,59	
83,86	0,59	
83,865	0,59	
83,87	0,59	
83,875	0,59	
83,88	0,6	
83,885	0,6	
83,89	0,6	
83,895	0,6	
83,9	0,6	
83,905	0,6	
83,91	0,6	
83,915	0,6	
83,92	0,6	
83,925	0,6	
83,93	0,6	
83,935	0,6	
83,94	0,6	
83,945	0,6	
83,95	0,59	
83,955	0,59	
83,96	0,58	
83,965	0,58	
83,97	0,58	
83,975	0,57	
83,98	0,57	
83,985	0,57	
83,99	0,56	
83,995	0,55	
84,0	0,54	
84,005	0,53	
84,01	0,52	
84,015	0,52	
84,02	0,51	
84,025	0,51	
84,03	0,51	
84,035	0,5	
84,04	0,49	
84,045	0,48	
84,05	0,47	
84,055	0,46	
84,06	0,45	
84,065	0,44	
84,07	0,43	
84,075	0,43	
84,08	0,42	
84,085	0,41	
84,09	0,4	
84,095	0,38	
84,1	0,36	
84,105	0,35	
84,11	0,33	
84,115	0,33	
84,12	0,32	
84,125	0,31	
84,13	0,3	
84,135	0,29	
84,14	0,28	
84,145	0,26	
84,15	0,25	
84,155	0,23	
84,16	0,22	
84,165	0,21	
84,17	0,19	
84,175	0,18	
84,18	0,17	
84,185	0,16	
84,19	0,14	
84,195	0,13	
84,2	0,11	
84,205	0,09	
84,21	0,07	
84,215	0,06	
84,22	0,05	
84,225	0,04	
84,23	0,03	
84,235	0,02	
84,24	0	
84,245	-0,02	
84,25	-0,03	
84,255	-0,05	
84,26	-0,06	
84,265	-0,08	
84,27	-0,09	
84,275	-0,1	
84,28	-0,11	
84,285	-0,13	
84,29	-0,14	
84,295	-0,16	
84,3	-0,18	
84,305	-0,19	
84,31	-0,21	
84,315	-0,22	
84,32	-0,23	
84,325	-0,24	
84,33	-0,25	
84,335	-0,26	
84,34	-0,28	
84,345	-0,29	
84,35	-0,3	
84,355	-0,32	
84,36	-0,33	
84,365	-0,34	
84,37	-0,35	
84,375	-0,36	
84,38	-0,38	
84,385	-0,39	
84,39	-0,4	
84,395	-0,41	
84,4	-0,43	
84,405	-0,43	
84,41	-0,44	
84,415	-0,45	
84,42	-0,46	
84,425	-0,47	
84,43	-0,48	
84,435	-0,49	
84,44	-0,5	
84,445	-0,51	
84,45	-0,51	
84,455	-0,51	
84,46	-0,52	
84,465	-0,53	
84,47	-0,54	
84,475	-0,55	
84,48	-0,55	
84,485	-0,56	
84,49	-0,57	
84,495	-0,57	
84,5	-0,58	
84,505	-0,59	
84,51	-0,59	
84,515	-0,59	
84,52	-0,6	
84,525	-0,6	
84,53	-0,6	
84,535	-0,6	
84,54	-0,61	
84,545	-0,61	
84,55	-0,61	
84,555	-0,61	
84,56	-0,61	
84,565	-0,61	
84,57	-0,61	
84,575	-0,61	
84,58	-0,61	
84,585	-0,61	
84,59	-0,61	
84,595	-0,61	
84,6	-0,61	
84,605	-0,61	
84,61	-0,61	
84,615	-0,61	
84,62	-0,6	
84,625	-0,59	
84,63	-0,59	
84,635	-0,59	
84,64	-0,58	
84,645	-0,58	
84,65	-0,57	
84,655	-0,57	
84,66	-0,56	
84,665	-0,55	
84,67	-0,55	
84,675	-0,54	
84,68	-0,53	
84,685	-0,52	
84,69	-0,52	
84,695	-0,51	
84,7	-0,51	
84,705	-0,5	
84,71	-0,49	
84,715	-0,48	
84,72	-0,47	
84,725	-0,46	
84,73	-0,45	
84,735	-0,44	
84,74	-0,43	
84,745	-0,42	
84,75	-0,41	
84,755	-0,4	
84,76	-0,39	
84,765	-0,37	
84,77	-0,35	
84,775	-0,34	
84,78	-0,33	
84,785	-0,32	
84,79	-0,32	
84,795	-0,3	
84,8	-0,3	
84,805	-0,28	
84,81	-0,26	
84,815	-0,25	
84,82	-0,23	
84,825	-0,22	
84,83	-0,21	
84,835	-0,2	
84,84	-0,19	
84,845	-0,18	
84,85	-0,16	
84,855	-0,14	
84,86	-0,12	
84,865	-0,11	
84,87	-0,09	
84,875	-0,08	
84,88	-0,06	
84,885	-0,05	
84,89	-0,04	
84,895	-0,03	
84,9	-0,01	
84,905	0,01	
84,91	0,02	
84,915	0,03	
84,92	0,05	
84,925	0,06	
84,93	0,07	
84,935	0,09	
84,94	0,1	
84,945	0,12	
84,95	0,14	
84,955	0,15	
84,96	0,17	
84,965	0,18	
84,97	0,19	
84,975	0,21	
84,98	0,22	
84,985	0,23	
84,99	0,25	
84,995	0,26	
85,0	0,27	
85,005	0,28	
85,01	0,3	
85,015	0,31	
85,02	0,32	
85,025	0,33	
85,03	0,34	
85,035	0,36	
85,04	0,37	
85,045	0,38	
85,05	0,4	
85,055	0,41	
85,06	0,42	
85,065	0,43	
85,07	0,44	
85,075	0,45	
85,08	0,46	
85,085	0,47	
85,09	0,48	
85,095	0,49	
85,1	0,5	
85,105	0,5	
85,11	0,51	
85,115	0,52	
85,12	0,52	
85,125	0,53	
85,13	0,54	
85,135	0,55	
85,14	0,56	
85,145	0,57	
85,15	0,58	
85,155	0,58	
85,16	0,59	
85,165	0,59	
85,17	0,59	
85,175	0,59	
85,18	0,59	
85,185	0,6	
85,19	0,6	
85,195	0,61	
85,2	0,61	
85,205	0,61	
85,21	0,61	
85,215	0,62	
85,22	0,62	
85,225	0,62	
85,23	0,62	
85,235	0,62	
85,24	0,62	
85,245	0,62	
85,25	0,62	
85,255	0,62	
85,26	0,62	
85,265	0,62	
85,27	0,62	
85,275	0,61	
85,28	0,61	
85,285	0,6	
85,29	0,6	
85,295	0,59	
85,3	0,59	
85,305	0,58	
85,31	0,58	
85,315	0,58	
85,32	0,57	
85,325	0,56	
85,33	0,56	
85,335	0,55	
85,34	0,54	
85,345	0,54	
85,35	0,53	
85,355	0,52	
85,36	0,51	
85,365	0,51	
85,37	0,5	
85,375	0,49	
85,38	0,48	
85,385	0,47	
85,39	0,46	
85,395	0,45	
85,4	0,43	
85,405	0,43	
85,41	0,42	
85,415	0,41	
85,42	0,4	
85,425	0,39	
85,43	0,38	
85,435	0,36	
85,44	0,35	
85,445	0,33	
85,45	0,32	
85,455	0,31	
85,46	0,3	
85,465	0,29	
85,47	0,28	
85,475	0,26	
85,48	0,25	
85,485	0,24	
85,49	0,22	
85,495	0,2	
85,5	0,19	
85,505	0,18	
85,51	0,17	
85,515	0,15	
85,52	0,14	
85,525	0,12	
85,53	0,11	
85,535	0,08	
85,54	0,07	
85,545	0,06	
85,55	0,05	
85,555	0,03	
85,56	0,02	
85,565	0,01	
85,57	-0,01	
85,575	-0,02	
85,58	-0,03	
85,585	-0,05	
85,59	-0,06	
85,595	-0,07	
85,6	-0,09	
85,605	-0,1	
85,61	-0,12	
85,615	-0,13	
85,62	-0,15	
85,625	-0,17	
85,63	-0,19	
85,635	-0,2	
85,64	-0,21	
85,645	-0,22	
85,65	-0,23	
85,655	-0,24	
85,66	-0,26	
85,665	-0,27	
85,67	-0,29	
85,675	-0,31	
85,68	-0,32	
85,685	-0,33	
85,69	-0,34	
85,695	-0,35	
85,7	-0,36	
85,705	-0,37	
85,71	-0,39	
85,715	-0,4	
85,72	-0,42	
85,725	-0,43	
85,73	-0,44	
85,735	-0,45	
85,74	-0,45	
85,745	-0,46	
85,75	-0,47	
85,755	-0,48	
85,76	-0,49	
85,765	-0,5	
85,77	-0,51	
85,775	-0,52	
85,78	-0,52	
85,785	-0,53	
85,79	-0,53	
85,795	-0,54	
85,8	-0,55	
85,805	-0,56	
85,81	-0,57	
85,815	-0,58	
85,82	-0,58	
85,825	-0,59	
85,83	-0,59	
85,835	-0,59	
85,84	-0,59	
85,845	-0,59	
85,85	-0,6	
85,855	-0,61	
85,86	-0,61	
85,865	-0,61	
85,87	-0,62	
85,875	-0,62	
85,88	-0,62	
85,885	-0,62	
