t, ñ	wz	
0,0	-0,01	
0,005	0	
0,01	0,01	
0,015	0,01	
0,02	0,01	
0,025	0,02	
0,03	0,02	
0,035	0,02	
0,04	0,02	
0,045	0,02	
0,05	0,02	
0,055	0,01	
0,06	0,01	
0,065	0,01	
0,07	0	
0,075	0	
0,08	-0,01	
0,085	-0,01	
0,09	-0,01	
0,095	-0,01	
0,1	-0,01	
0,105	-0,01	
0,11	0	
0,115	0	
0,12	0,01	
0,125	0,01	
0,13	0,02	
0,135	0,02	
0,14	0,02	
0,145	0,02	
0,15	0,02	
0,155	0,02	
0,16	0,01	
0,165	0,01	
0,17	0,01	
0,175	0	
0,18	0	
0,185	-0,01	
0,19	-0,01	
0,195	-0,01	
0,2	-0,01	
0,205	-0,01	
0,21	-0,01	
0,215	-0,01	
0,22	-0,01	
0,225	0	
0,23	0,01	
0,235	0,02	
0,24	0,02	
0,245	0,02	
0,25	0,02	
0,255	0,02	
0,26	0,01	
0,265	0,01	
0,27	0,01	
0,275	0,01	
0,28	0	
0,285	-0,01	
0,29	-0,01	
0,295	-0,01	
0,3	-0,01	
0,305	-0,01	
0,31	-0,01	
0,315	-0,01	
0,32	0	
0,325	0	
0,33	0,01	
0,335	0,01	
0,34	0,01	
0,345	0,02	
0,35	0,01	
0,355	0,01	
0,36	0,02	
0,365	0,01	
0,37	0,01	
0,375	0,01	
0,38	0	
0,385	0	
0,39	0	
0,395	0	
0,4	0	
0,405	0	
0,41	0	
0,415	0	
0,42	0	
0,425	0	
0,43	0	
0,435	0,01	
0,44	0,01	
0,445	0,01	
0,45	0,01	
0,455	0,01	
0,46	0,01	
0,465	0,01	
0,47	0,01	
0,475	0,01	
0,48	0,01	
0,485	0	
0,49	0	
0,495	0	
0,5	0	
0,505	0	
0,51	0	
0,515	0	
0,52	0	
0,525	0	
0,53	0	
0,535	0	
0,54	0,01	
0,545	0,01	
0,55	0,01	
0,555	0,01	
0,56	0,01	
0,565	0,01	
0,57	0,01	
0,575	0,01	
0,58	0,01	
0,585	0	
0,59	0	
0,595	0	
0,6	0	
0,605	0	
0,61	0	
0,615	0	
0,62	0	
0,625	0	
0,63	0	
0,635	0,01	
0,64	0,01	
0,645	0,01	
0,65	0,01	
0,655	0,01	
0,66	0,01	
0,665	0,01	
0,67	0,01	
0,675	0,01	
0,68	0,01	
0,685	0	
0,69	0	
0,695	0	
0,7	0	
0,705	0	
0,71	0	
0,715	0	
0,72	0	
0,725	0	
0,73	0,01	
0,735	0,01	
0,74	0,01	
0,745	0,01	
0,75	0,01	
0,755	0,01	
0,76	0,01	
0,765	0,01	
0,77	0,01	
0,775	0,01	
0,78	0,01	
0,785	0	
0,79	0	
0,795	0	
0,8	0	
0,805	0	
0,81	0	
0,815	0	
0,82	0	
0,825	-0,01	
0,83	0	
0,835	0	
0,84	0	
0,845	0	
0,85	0	
0,855	0,01	
0,86	0,01	
0,865	0,01	
0,87	0,01	
0,875	0,01	
0,88	0,01	
0,885	0,01	
0,89	0	
0,895	0	
0,9	0	
0,905	0	
0,91	0	
0,915	0	
0,92	0	
0,925	0	
0,93	0	
0,935	0	
0,94	0	
0,945	0	
0,95	0	
0,955	0	
0,96	-0,01	
0,965	-0,01	
0,97	-0,02	
0,975	-0,03	
0,98	-0,03	
0,985	-0,01	
0,99	0	
0,995	0	
1,0	0	
1,005	0,06	
1,01	0,12	
1,015	0,19	
1,02	0,25	
1,025	0,28	
1,03	0,26	
1,035	0,21	
1,04	0,2	
1,045	0,23	
1,05	0,3	
1,055	0,37	
1,06	0,42	
1,065	0,43	
1,07	0,39	
1,075	0,37	
1,08	0,37	
1,085	0,4	
1,09	0,45	
1,095	0,53	
1,1	0,58	
1,105	0,57	
1,11	0,54	
1,115	0,52	
1,12	0,52	
1,125	0,55	
1,13	0,59	
1,135	0,66	
1,14	0,7	
1,145	0,68	
1,15	0,66	
1,155	0,63	
1,16	0,64	
1,165	0,65	
1,17	0,71	
1,175	0,77	
1,18	0,79	
1,185	0,75	
1,19	0,72	
1,195	0,7	
1,2	0,7	
1,205	0,72	
1,21	0,79	
1,215	0,83	
1,22	0,84	
1,225	0,81	
1,23	0,76	
1,235	0,74	
1,24	0,73	
1,245	0,78	
1,25	0,82	
1,255	0,85	
1,26	0,84	
1,265	0,81	
1,27	0,77	
1,275	0,73	
1,28	0,73	
1,285	0,77	
1,29	0,81	
1,295	0,82	
1,3	0,79	
1,305	0,76	
1,31	0,71	
1,315	0,68	
1,32	0,67	
1,325	0,72	
1,33	0,75	
1,335	0,74	
1,34	0,72	
1,345	0,68	
1,35	0,63	
1,355	0,59	
1,36	0,59	
1,365	0,62	
1,37	0,64	
1,375	0,64	
1,38	0,6	
1,385	0,55	
1,39	0,5	
1,395	0,46	
1,4	0,48	
1,405	0,49	
1,41	0,51	
1,415	0,5	
1,42	0,45	
1,425	0,4	
1,43	0,34	
1,435	0,33	
1,44	0,34	
1,445	0,36	
1,45	0,37	
1,455	0,35	
1,46	0,28	
1,465	0,21	
1,47	0,17	
1,475	0,17	
1,48	0,18	
1,485	0,2	
1,49	0,19	
1,495	0,17	
1,5	0,12	
1,505	0,02	
1,51	-0,01	
1,515	-0,01	
1,52	0,01	
1,525	0,01	
1,53	0,01	
1,535	-0,02	
1,54	-0,08	
1,545	-0,14	
1,55	-0,19	
1,555	-0,19	
1,56	-0,18	
1,565	-0,17	
1,57	-0,17	
1,575	-0,21	
1,58	-0,27	
1,585	-0,33	
1,59	-0,36	
1,595	-0,37	
1,6	-0,35	
1,605	-0,34	
1,61	-0,35	
1,615	-0,39	
1,62	-0,45	
1,625	-0,5	
1,63	-0,52	
1,635	-0,52	
1,64	-0,49	
1,645	-0,48	
1,65	-0,5	
1,655	-0,55	
1,66	-0,61	
1,665	-0,65	
1,67	-0,66	
1,675	-0,65	
1,68	-0,63	
1,685	-0,61	
1,69	-0,63	
1,695	-0,69	
1,7	-0,73	
1,705	-0,76	
1,71	-0,77	
1,715	-0,75	
1,72	-0,72	
1,725	-0,7	
1,73	-0,72	
1,735	-0,78	
1,74	-0,82	
1,745	-0,84	
1,75	-0,83	
1,755	-0,81	
1,76	-0,77	
1,765	-0,77	
1,77	-0,78	
1,775	-0,82	
1,78	-0,87	
1,785	-0,88	
1,79	-0,87	
1,795	-0,83	
1,8	-0,8	
1,805	-0,79	
1,81	-0,81	
1,815	-0,84	
1,82	-0,87	
1,825	-0,88	
1,83	-0,85	
1,835	-0,8	
1,84	-0,77	
1,845	-0,77	
1,85	-0,78	
1,855	-0,81	
1,86	-0,84	
1,865	-0,84	
1,87	-0,79	
1,875	-0,74	
1,88	-0,71	
1,885	-0,71	
1,89	-0,72	
1,895	-0,75	
1,9	-0,77	
1,905	-0,76	
1,91	-0,72	
1,915	-0,65	
1,92	-0,63	
1,925	-0,62	
1,93	-0,64	
1,935	-0,66	
1,94	-0,67	
1,945	-0,65	
1,95	-0,6	
1,955	-0,55	
1,96	-0,51	
1,965	-0,5	
1,97	-0,52	
1,975	-0,53	
1,98	-0,53	
1,985	-0,49	
1,99	-0,45	
1,995	-0,41	
2,0	-0,37	
2,005	-0,36	
2,01	-0,38	
2,015	-0,39	
2,02	-0,37	
2,025	-0,33	
2,03	-0,28	
2,035	-0,24	
2,04	-0,2	
2,045	-0,19	
2,05	-0,21	
2,055	-0,22	
2,06	-0,2	
2,065	-0,16	
2,07	-0,1	
2,075	-0,06	
2,08	-0,03	
2,085	-0,03	
2,09	-0,04	
2,095	-0,04	
2,1	-0,02	
2,105	0,02	
2,11	0,07	
2,115	0,11	
2,12	0,13	
2,125	0,12	
2,13	0,11	
2,135	0,11	
2,14	0,15	
2,145	0,2	
2,15	0,25	
2,155	0,28	
2,16	0,29	
2,165	0,28	
2,17	0,27	
2,175	0,28	
2,18	0,3	
2,185	0,34	
2,19	0,41	
2,195	0,43	
2,2	0,43	
2,205	0,42	
2,21	0,41	
2,215	0,41	
2,22	0,43	
2,225	0,47	
2,23	0,51	
2,235	0,54	
2,24	0,54	
2,245	0,52	
2,25	0,51	
2,255	0,52	
2,26	0,54	
2,265	0,58	
2,27	0,62	
2,275	0,63	
2,28	0,62	
2,285	0,6	
2,29	0,59	
2,295	0,59	
2,3	0,62	
2,305	0,65	
2,31	0,68	
2,315	0,69	
2,32	0,67	
2,325	0,64	
2,33	0,63	
2,335	0,63	
2,34	0,66	
2,345	0,69	
2,35	0,71	
2,355	0,71	
2,36	0,69	
2,365	0,66	
2,37	0,63	
2,375	0,64	
2,38	0,67	
2,385	0,69	
2,39	0,69	
2,395	0,68	
2,4	0,66	
2,405	0,63	
2,41	0,61	
2,415	0,61	
2,42	0,63	
2,425	0,64	
2,43	0,64	
2,435	0,62	
2,44	0,6	
2,445	0,56	
2,45	0,55	
2,455	0,55	
2,46	0,56	
2,465	0,57	
2,47	0,56	
2,475	0,54	
2,48	0,5	
2,485	0,47	
2,49	0,45	
2,495	0,45	
2,5	0,46	
2,505	0,47	
2,51	0,45	
2,515	0,42	
2,52	0,38	
2,525	0,35	
2,53	0,33	
2,535	0,33	
2,54	0,34	
2,545	0,35	
2,55	0,32	
2,555	0,28	
2,56	0,24	
2,565	0,21	
2,57	0,2	
2,575	0,21	
2,58	0,21	
2,585	0,21	
2,59	0,19	
2,595	0,13	
2,6	0,09	
2,605	0,06	
2,61	0,05	
2,615	0,06	
2,62	0,06	
2,625	0,05	
2,63	0,02	
2,635	-0,02	
2,64	-0,05	
2,645	-0,08	
2,65	-0,09	
2,655	-0,08	
2,66	-0,08	
2,665	-0,1	
2,67	-0,13	
2,675	-0,16	
2,68	-0,2	
2,685	-0,22	
2,69	-0,23	
2,695	-0,22	
2,7	-0,22	
2,705	-0,24	
2,71	-0,27	
2,715	-0,31	
2,72	-0,34	
2,725	-0,36	
2,73	-0,36	
2,735	-0,35	
2,74	-0,35	
2,745	-0,37	
2,75	-0,4	
2,755	-0,43	
2,76	-0,46	
2,765	-0,47	
2,77	-0,46	
2,775	-0,45	
2,78	-0,45	
2,785	-0,47	
2,79	-0,5	
2,795	-0,54	
2,8	-0,56	
2,805	-0,56	
2,81	-0,55	
2,815	-0,53	
2,82	-0,53	
2,825	-0,56	
2,83	-0,59	
2,835	-0,61	
2,84	-0,62	
2,845	-0,61	
2,85	-0,59	
2,855	-0,58	
2,86	-0,58	
2,865	-0,59	
2,87	-0,62	
2,875	-0,64	
2,88	-0,64	
2,885	-0,63	
2,89	-0,61	
2,895	-0,6	
2,9	-0,59	
2,905	-0,6	
2,91	-0,62	
2,915	-0,64	
2,92	-0,63	
2,925	-0,62	
2,93	-0,6	
2,935	-0,58	
2,94	-0,58	
2,945	-0,59	
2,95	-0,61	
2,955	-0,62	
2,96	-0,6	
2,965	-0,57	
2,97	-0,54	
2,975	-0,53	
2,98	-0,53	
2,985	-0,55	
2,99	-0,56	
2,995	-0,56	
3,0	-0,55	
3,005	-0,5	
3,01	-0,47	
3,015	-0,46	
3,02	-0,46	
3,025	-0,47	
3,03	-0,48	
3,035	-0,47	
3,04	-0,45	
3,045	-0,42	
3,05	-0,38	
3,055	-0,37	
3,06	-0,37	
3,065	-0,37	
3,07	-0,38	
3,075	-0,37	
3,08	-0,34	
3,085	-0,31	
3,09	-0,28	
3,095	-0,26	
3,1	-0,25	
3,105	-0,26	
3,11	-0,26	
3,115	-0,24	
3,12	-0,22	
3,125	-0,18	
3,13	-0,16	
3,135	-0,14	
3,14	-0,13	
3,145	-0,14	
3,15	-0,13	
3,155	-0,11	
3,16	-0,08	
3,165	-0,05	
3,17	-0,02	
3,175	0	
3,18	0	
3,185	-0,01	
3,19	-0,01	
3,195	0,02	
3,2	0,05	
3,205	0,08	
3,21	0,11	
3,215	0,12	
3,22	0,11	
3,225	0,11	
3,23	0,11	
3,235	0,15	
3,24	0,18	
3,245	0,21	
3,25	0,23	
3,255	0,23	
3,26	0,22	
3,265	0,22	
3,27	0,23	
3,275	0,25	
3,28	0,29	
3,285	0,31	
3,29	0,32	
3,295	0,32	
3,3	0,31	
3,305	0,31	
3,31	0,32	
3,315	0,34	
3,32	0,37	
3,325	0,4	
3,33	0,4	
3,335	0,4	
3,34	0,39	
3,345	0,38	
3,35	0,39	
3,355	0,41	
3,36	0,43	
3,365	0,45	
3,37	0,46	
3,375	0,45	
3,38	0,43	
3,385	0,43	
3,39	0,43	
3,395	0,45	
3,4	0,47	
3,405	0,48	
3,41	0,48	
3,415	0,46	
3,42	0,44	
3,425	0,44	
3,43	0,44	
3,435	0,46	
3,44	0,48	
3,445	0,48	
3,45	0,48	
3,455	0,46	
3,46	0,43	
3,465	0,43	
3,47	0,44	
3,475	0,46	
3,48	0,47	
3,485	0,46	
3,49	0,44	
3,495	0,42	
3,5	0,4	
3,505	0,39	
3,51	0,4	
3,515	0,41	
3,52	0,41	
3,525	0,4	
3,53	0,39	
3,535	0,36	
3,54	0,34	
3,545	0,33	
3,55	0,33	
3,555	0,34	
3,56	0,33	
3,565	0,32	
3,57	0,3	
3,575	0,27	
3,58	0,26	
3,585	0,25	
3,59	0,25	
3,595	0,25	
3,6	0,25	
3,605	0,23	
3,61	0,2	
3,615	0,17	
3,62	0,15	
3,625	0,14	
3,63	0,15	
3,635	0,15	
3,64	0,15	
3,645	0,12	
3,65	0,09	
3,655	0,06	
3,66	0,04	
3,665	0,04	
3,67	0,04	
3,675	0,05	
3,68	0,04	
3,685	0,02	
3,69	-0,03	
3,695	-0,05	
3,7	-0,06	
3,705	-0,07	
3,71	-0,06	
3,715	-0,07	
3,72	-0,08	
3,725	-0,1	
3,73	-0,13	
3,735	-0,17	
3,74	-0,17	
3,745	-0,17	
3,75	-0,17	
3,755	-0,17	
3,76	-0,18	
3,765	-0,21	
3,77	-0,23	
3,775	-0,25	
3,78	-0,26	
3,785	-0,26	
3,79	-0,26	
3,795	-0,26	
3,8	-0,27	
3,805	-0,29	
3,81	-0,32	
3,815	-0,34	
3,82	-0,34	
3,825	-0,34	
3,83	-0,33	
3,835	-0,34	
3,84	-0,35	
3,845	-0,37	
3,85	-0,39	
3,855	-0,4	
3,86	-0,41	
3,865	-0,4	
3,87	-0,38	
3,875	-0,39	
3,88	-0,4	
3,885	-0,42	
3,89	-0,43	
3,895	-0,44	
3,9	-0,43	
3,905	-0,42	
3,91	-0,41	
3,915	-0,42	
3,92	-0,43	
3,925	-0,45	
3,93	-0,46	
3,935	-0,45	
3,94	-0,45	
3,945	-0,43	
3,95	-0,42	
3,955	-0,42	
3,96	-0,42	
3,965	-0,44	
3,97	-0,44	
3,975	-0,43	
3,98	-0,42	
3,985	-0,4	
3,99	-0,39	
3,995	-0,39	
4,0	-0,4	
4,005	-0,41	
4,01	-0,41	
4,015	-0,4	
4,02	-0,38	
4,025	-0,36	
4,03	-0,35	
4,035	-0,34	
4,04	-0,35	
4,045	-0,35	
4,05	-0,36	
4,055	-0,34	
4,06	-0,31	
4,065	-0,29	
4,07	-0,28	
4,075	-0,27	
4,08	-0,27	
4,085	-0,28	
4,09	-0,27	
4,095	-0,26	
4,1	-0,22	
4,105	-0,2	
4,11	-0,19	
4,115	-0,19	
4,12	-0,2	
4,125	-0,2	
4,13	-0,19	
4,135	-0,17	
4,14	-0,14	
4,145	-0,11	
4,15	-0,1	
4,155	-0,09	
4,16	-0,1	
4,165	-0,09	
4,17	-0,08	
4,175	-0,06	
4,18	-0,03	
4,185	-0,01	
4,19	0,01	
4,195	0,01	
4,2	0,01	
4,205	0,02	
4,21	0,03	
4,215	0,05	
4,22	0,07	
4,225	0,09	
4,23	0,1	
4,235	0,11	
4,24	0,11	
4,245	0,12	
4,25	0,13	
4,255	0,15	
4,26	0,17	
4,265	0,19	
4,27	0,2	
4,275	0,21	
4,28	0,21	
4,285	0,21	
4,29	0,23	
4,295	0,25	
4,3	0,27	
4,305	0,28	
4,31	0,29	
4,315	0,28	
4,32	0,28	
4,325	0,29	
4,33	0,31	
4,335	0,33	
4,34	0,34	
4,345	0,35	
4,35	0,35	
4,355	0,34	
4,36	0,34	
4,365	0,34	
4,37	0,37	
4,375	0,39	
4,38	0,4	
4,385	0,4	
4,39	0,39	
4,395	0,38	
4,4	0,38	
4,405	0,38	
4,41	0,39	
4,415	0,4	
4,42	0,42	
4,425	0,42	
4,43	0,41	
4,435	0,4	
4,44	0,39	
4,445	0,39	
4,45	0,4	
4,455	0,41	
4,46	0,42	
4,465	0,42	
4,47	0,4	
4,475	0,39	
4,48	0,38	
4,485	0,39	
4,49	0,39	
4,495	0,4	
4,5	0,4	
4,505	0,39	
4,51	0,37	
4,515	0,35	
4,52	0,34	
4,525	0,34	
4,53	0,34	
4,535	0,35	
4,54	0,34	
4,545	0,33	
4,55	0,31	
4,555	0,29	
4,56	0,28	
4,565	0,28	
4,57	0,28	
4,575	0,28	
4,58	0,27	
4,585	0,26	
4,59	0,24	
4,595	0,22	
4,6	0,2	
4,605	0,2	
4,61	0,2	
4,615	0,19	
4,62	0,17	
4,625	0,15	
4,63	0,13	
4,635	0,12	
4,64	0,1	
4,645	0,1	
4,65	0,09	
4,655	0,09	
4,66	0,07	
4,665	0,05	
4,67	0,03	
4,675	0,01	
4,68	0	
4,685	-0,01	
4,69	-0,01	
4,695	-0,02	
4,7	-0,04	
4,705	-0,06	
4,71	-0,09	
4,715	-0,11	
4,72	-0,12	
4,725	-0,12	
4,73	-0,12	
4,735	-0,14	
4,74	-0,16	
4,745	-0,18	
4,75	-0,2	
4,755	-0,22	
4,76	-0,22	
4,765	-0,22	
4,77	-0,23	
4,775	-0,24	
4,78	-0,27	
4,785	-0,29	
4,79	-0,3	
4,795	-0,31	
4,8	-0,32	
4,805	-0,32	
4,81	-0,32	
4,815	-0,33	
4,82	-0,36	
4,825	-0,38	
4,83	-0,4	
4,835	-0,4	
4,84	-0,4	
4,845	-0,4	
4,85	-0,41	
4,855	-0,42	
4,86	-0,43	
4,865	-0,45	
4,87	-0,46	
4,875	-0,47	
4,88	-0,46	
4,885	-0,46	
4,89	-0,46	
4,895	-0,47	
4,9	-0,49	
4,905	-0,5	
4,91	-0,51	
4,915	-0,5	
4,92	-0,49	
4,925	-0,48	
4,93	-0,49	
4,935	-0,5	
4,94	-0,51	
4,945	-0,52	
4,95	-0,52	
4,955	-0,52	
4,96	-0,5	
4,965	-0,49	
4,97	-0,49	
4,975	-0,5	
4,98	-0,51	
4,985	-0,51	
4,99	-0,5	
4,995	-0,49	
5,0	-0,48	
5,005	-0,47	
5,01	-0,47	
5,015	-0,47	
5,02	-0,48	
5,025	-0,47	
5,03	-0,46	
5,035	-0,44	
5,04	-0,43	
5,045	-0,42	
5,05	-0,42	
5,055	-0,42	
5,06	-0,42	
5,065	-0,41	
5,07	-0,39	
5,075	-0,37	
5,08	-0,35	
5,085	-0,34	
5,09	-0,33	
5,095	-0,33	
5,1	-0,33	
5,105	-0,31	
5,11	-0,29	
5,115	-0,27	
5,12	-0,25	
5,125	-0,24	
5,13	-0,23	
5,135	-0,23	
5,14	-0,23	
5,145	-0,21	
5,15	-0,19	
5,155	-0,17	
5,16	-0,14	
5,165	-0,13	
5,17	-0,12	
5,175	-0,12	
5,18	-0,11	
5,185	-0,09	
5,19	-0,06	
5,195	-0,04	
5,2	-0,01	
5,205	0	
5,21	0,01	
5,215	0,01	
5,22	0,03	
5,225	0,04	
5,23	0,06	
5,235	0,1	
5,24	0,12	
5,245	0,13	
5,25	0,13	
5,255	0,14	
5,26	0,16	
5,265	0,17	
5,27	0,19	
5,275	0,21	
5,28	0,24	
5,285	0,25	
5,29	0,26	
5,295	0,27	
5,3	0,28	
5,305	0,3	
5,31	0,32	
5,315	0,34	
5,32	0,35	
5,325	0,36	
5,33	0,37	
5,335	0,38	
5,34	0,39	
5,345	0,41	
5,35	0,43	
5,355	0,45	
5,36	0,46	
5,365	0,46	
5,37	0,47	
5,375	0,47	
5,38	0,48	
5,385	0,5	
5,39	0,51	
5,395	0,52	
5,4	0,53	
5,405	0,53	
5,41	0,53	
5,415	0,53	
5,42	0,55	
5,425	0,56	
5,43	0,57	
5,435	0,58	
5,44	0,58	
5,445	0,58	
5,45	0,57	
5,455	0,57	
5,46	0,58	
5,465	0,59	
5,47	0,6	
5,475	0,6	
5,48	0,6	
5,485	0,59	
5,49	0,58	
5,495	0,58	
5,5	0,58	
5,505	0,59	
5,51	0,59	
5,515	0,59	
5,52	0,58	
5,525	0,57	
5,53	0,56	
5,535	0,56	
5,54	0,56	
5,545	0,55	
5,55	0,55	
5,555	0,54	
5,56	0,53	
5,565	0,52	
5,57	0,5	
5,575	0,49	
5,58	0,49	
5,585	0,49	
5,59	0,49	
5,595	0,48	
5,6	0,46	
5,605	0,44	
5,61	0,42	
5,615	0,41	
5,62	0,4	
5,625	0,4	
5,63	0,39	
5,635	0,38	
5,64	0,36	
5,645	0,32	
5,65	0,31	
5,655	0,29	
5,66	0,28	
5,665	0,28	
5,67	0,27	
5,675	0,25	
5,68	0,23	
5,685	0,21	
5,69	0,18	
5,695	0,17	
5,7	0,15	
5,705	0,14	
5,71	0,13	
5,715	0,11	
5,72	0,09	
5,725	0,07	
5,73	0,05	
5,735	0,02	
5,74	0,01	
5,745	0	
5,75	-0,02	
5,755	-0,05	
5,76	-0,07	
5,765	-0,09	
5,77	-0,11	
5,775	-0,13	
5,78	-0,14	
5,785	-0,16	
5,79	-0,18	
5,795	-0,2	
5,8	-0,22	
5,805	-0,24	
5,81	-0,26	
5,815	-0,27	
5,82	-0,28	
5,825	-0,3	
5,83	-0,32	
5,835	-0,34	
5,84	-0,36	
5,845	-0,38	
5,85	-0,4	
5,855	-0,41	
5,86	-0,42	
5,865	-0,43	
5,87	-0,44	
5,875	-0,47	
5,88	-0,49	
5,885	-0,51	
5,89	-0,52	
5,895	-0,53	
5,9	-0,54	
5,905	-0,55	
5,91	-0,56	
5,915	-0,57	
5,92	-0,6	
5,925	-0,61	
5,93	-0,61	
5,935	-0,62	
5,94	-0,63	
5,945	-0,63	
5,95	-0,64	
5,955	-0,65	
5,96	-0,67	
5,965	-0,68	
5,97	-0,68	
5,975	-0,68	
5,98	-0,69	
5,985	-0,69	
5,99	-0,69	
5,995	-0,7	
6,0	-0,71	
6,005	-0,71	
6,01	-0,71	
6,015	-0,71	
6,02	-0,71	
6,025	-0,71	
6,03	-0,71	
6,035	-0,72	
6,04	-0,72	
6,045	-0,72	
6,05	-0,71	
6,055	-0,7	
6,06	-0,69	
6,065	-0,69	
6,07	-0,69	
6,075	-0,69	
6,08	-0,69	
6,085	-0,68	
6,09	-0,67	
6,095	-0,66	
6,1	-0,64	
6,105	-0,64	
6,11	-0,63	
6,115	-0,63	
6,12	-0,62	
6,125	-0,61	
6,13	-0,59	
6,135	-0,58	
6,14	-0,57	
6,145	-0,56	
6,15	-0,55	
6,155	-0,54	
6,16	-0,52	
6,165	-0,51	
6,17	-0,49	
6,175	-0,46	
6,18	-0,45	
6,185	-0,44	
6,19	-0,42	
6,195	-0,41	
6,2	-0,39	
6,205	-0,37	
6,21	-0,35	
6,215	-0,32	
6,22	-0,31	
6,225	-0,29	
6,23	-0,28	
6,235	-0,27	
6,24	-0,25	
6,245	-0,22	
6,25	-0,19	
6,255	-0,17	
6,26	-0,15	
6,265	-0,13	
6,27	-0,12	
6,275	-0,1	
6,28	-0,08	
6,285	-0,05	
6,29	-0,02	
6,295	0	
6,3	0,02	
6,305	0,04	
6,31	0,05	
6,315	0,06	
6,32	0,08	
6,325	0,11	
6,33	0,15	
6,335	0,16	
6,34	0,18	
6,345	0,2	
6,35	0,21	
6,355	0,23	
6,36	0,26	
6,365	0,28	
6,37	0,3	
6,375	0,33	
6,38	0,35	
6,385	0,36	
6,39	0,37	
6,395	0,39	
6,4	0,41	
6,405	0,43	
6,41	0,46	
6,415	0,47	
6,42	0,49	
6,425	0,5	
6,43	0,51	
6,435	0,53	
6,44	0,55	
6,445	0,57	
6,45	0,58	
6,455	0,6	
6,46	0,61	
6,465	0,62	
6,47	0,63	
6,475	0,64	
6,48	0,66	
6,485	0,67	
6,49	0,68	
6,495	0,7	
6,5	0,7	
6,505	0,71	
6,51	0,72	
6,515	0,73	
6,52	0,74	
6,525	0,75	
6,53	0,75	
6,535	0,76	
6,54	0,76	
6,545	0,76	
6,55	0,76	
6,555	0,77	
6,56	0,77	
6,565	0,78	
6,57	0,78	
6,575	0,78	
6,58	0,78	
6,585	0,77	
6,59	0,77	
6,595	0,77	
6,6	0,77	
6,605	0,78	
6,61	0,77	
6,615	0,77	
6,62	0,76	
6,625	0,74	
6,63	0,73	
6,635	0,73	
6,64	0,73	
6,645	0,73	
6,65	0,72	
6,655	0,71	
6,66	0,7	
6,665	0,68	
6,67	0,67	
6,675	0,66	
6,68	0,65	
6,685	0,65	
6,69	0,64	
6,695	0,62	
6,7	0,59	
6,705	0,58	
6,71	0,56	
6,715	0,55	
6,72	0,54	
6,725	0,53	
6,73	0,51	
6,735	0,49	
6,74	0,46	
6,745	0,45	
6,75	0,43	
6,755	0,42	
6,76	0,4	
6,765	0,39	
6,77	0,37	
6,775	0,34	
6,78	0,32	
6,785	0,29	
6,79	0,27	
6,795	0,26	
6,8	0,24	
6,805	0,22	
6,81	0,2	
6,815	0,18	
6,82	0,15	
6,825	0,13	
6,83	0,1	
6,835	0,09	
6,84	0,07	
6,845	0,04	
6,85	0,02	
6,855	-0,01	
6,86	-0,03	
6,865	-0,05	
6,87	-0,07	
6,875	-0,09	
6,88	-0,11	
6,885	-0,14	
6,89	-0,16	
6,895	-0,19	
6,9	-0,21	
6,905	-0,23	
6,91	-0,25	
6,915	-0,27	
6,92	-0,29	
6,925	-0,31	
6,93	-0,34	
6,935	-0,36	
6,94	-0,38	
6,945	-0,4	
6,95	-0,42	
6,955	-0,43	
6,96	-0,45	
6,965	-0,48	
6,97	-0,5	
6,975	-0,52	
6,98	-0,54	
6,985	-0,55	
6,99	-0,57	
6,995	-0,57	
7,0	-0,59	
7,005	-0,6	
7,01	-0,63	
7,015	-0,65	
7,02	-0,66	
7,025	-0,67	
7,03	-0,68	
7,035	-0,69	
7,04	-0,7	
7,045	-0,71	
7,05	-0,73	
7,055	-0,75	
7,06	-0,76	
7,065	-0,77	
7,07	-0,77	
7,075	-0,77	
7,08	-0,78	
7,085	-0,78	
7,09	-0,8	
7,095	-0,8	
7,1	-0,81	
7,105	-0,82	
7,11	-0,81	
7,115	-0,82	
7,12	-0,82	
7,125	-0,82	
7,13	-0,83	
7,135	-0,83	
7,14	-0,83	
7,145	-0,83	
7,15	-0,82	
7,155	-0,81	
7,16	-0,81	
7,165	-0,81	
7,17	-0,81	
7,175	-0,81	
7,18	-0,81	
7,185	-0,8	
7,19	-0,78	
7,195	-0,77	
7,2	-0,76	
7,205	-0,76	
7,21	-0,76	
7,215	-0,75	
7,22	-0,74	
7,225	-0,73	
7,23	-0,71	
7,235	-0,7	
7,24	-0,68	
7,245	-0,68	
7,25	-0,66	
7,255	-0,65	
7,26	-0,64	
7,265	-0,62	
7,27	-0,6	
7,275	-0,58	
7,28	-0,57	
7,285	-0,55	
7,29	-0,54	
7,295	-0,52	
7,3	-0,5	
7,305	-0,48	
7,31	-0,45	
7,315	-0,44	
7,32	-0,42	
7,325	-0,41	
7,33	-0,38	
7,335	-0,36	
7,34	-0,34	
7,345	-0,32	
7,35	-0,3	
7,355	-0,27	
7,36	-0,26	
7,365	-0,24	
7,37	-0,22	
7,375	-0,19	
7,38	-0,16	
7,385	-0,13	
7,39	-0,11	
7,395	-0,09	
7,4	-0,08	
7,405	-0,06	
7,41	-0,04	
7,415	-0,02	
7,42	0,02	
7,425	0,05	
7,43	0,07	
7,435	0,09	
7,44	0,1	
7,445	0,13	
7,45	0,15	
7,455	0,17	
7,46	0,2	
7,465	0,23	
7,47	0,25	
7,475	0,27	
7,48	0,29	
7,485	0,3	
7,49	0,32	
7,495	0,34	
7,5	0,36	
7,505	0,38	
7,51	0,41	
7,515	0,43	
7,52	0,44	
7,525	0,46	
7,53	0,48	
7,535	0,5	
7,54	0,52	
7,545	0,53	
7,55	0,55	
7,555	0,57	
7,56	0,58	
7,565	0,6	
7,57	0,61	
7,575	0,63	
7,58	0,65	
7,585	0,66	
7,59	0,67	
7,595	0,68	
7,6	0,69	
7,605	0,7	
7,61	0,72	
7,615	0,73	
7,62	0,74	
7,625	0,75	
7,63	0,76	
7,635	0,76	
7,64	0,76	
7,645	0,77	
7,65	0,78	
7,655	0,79	
7,66	0,79	
7,665	0,8	
7,67	0,8	
7,675	0,8	
7,68	0,8	
7,685	0,8	
7,69	0,8	
7,695	0,81	
7,7	0,81	
7,705	0,81	
7,71	0,8	
7,715	0,79	
7,72	0,79	
7,725	0,79	
7,73	0,79	
7,735	0,79	
7,74	0,79	
7,745	0,78	
7,75	0,77	
7,755	0,75	
7,76	0,74	
7,765	0,74	
7,77	0,73	
7,775	0,73	
7,78	0,72	
7,785	0,7	
7,79	0,69	
7,795	0,67	
7,8	0,66	
7,805	0,65	
7,81	0,64	
7,815	0,63	
7,82	0,62	
7,825	0,6	
7,83	0,58	
7,835	0,56	
7,84	0,54	
7,845	0,53	
7,85	0,51	
7,855	0,5	
7,86	0,48	
7,865	0,46	
7,87	0,44	
7,875	0,41	
7,88	0,4	
7,885	0,38	
7,89	0,37	
7,895	0,35	
7,9	0,33	
7,905	0,31	
7,91	0,29	
7,915	0,26	
7,92	0,23	
7,925	0,22	
7,93	0,2	
7,935	0,18	
7,94	0,16	
7,945	0,14	
7,95	0,11	
7,955	0,09	
7,96	0,07	
7,965	0,04	
7,97	0,02	
7,975	0	
7,98	-0,02	
7,985	-0,05	
7,99	-0,07	
7,995	-0,09	
8,0	-0,11	
8,005	-0,13	
8,01	-0,15	
8,015	-0,17	
8,02	-0,19	
8,025	-0,22	
8,03	-0,24	
8,035	-0,26	
8,04	-0,28	
8,045	-0,29	
8,05	-0,31	
8,055	-0,33	
8,06	-0,35	
8,065	-0,38	
8,07	-0,4	
8,075	-0,41	
8,08	-0,43	
8,085	-0,44	
8,09	-0,46	
8,095	-0,47	
8,1	-0,49	
8,105	-0,52	
8,11	-0,53	
8,115	-0,55	
8,12	-0,56	
8,125	-0,57	
8,13	-0,58	
8,135	-0,6	
8,14	-0,61	
8,145	-0,63	
8,15	-0,64	
8,155	-0,65	
8,16	-0,66	
8,165	-0,66	
8,17	-0,67	
8,175	-0,68	
8,18	-0,7	
8,185	-0,71	
8,19	-0,72	
8,195	-0,73	
8,2	-0,73	
8,205	-0,73	
8,21	-0,73	
8,215	-0,73	
8,22	-0,74	
8,225	-0,75	
8,23	-0,75	
8,235	-0,75	
8,24	-0,75	
8,245	-0,75	
8,25	-0,75	
8,255	-0,75	
8,26	-0,76	
8,265	-0,76	
8,27	-0,76	
8,275	-0,75	
8,28	-0,75	
8,285	-0,73	
8,29	-0,73	
8,295	-0,73	
8,3	-0,72	
8,305	-0,72	
8,31	-0,71	
8,315	-0,71	
8,32	-0,7	
8,325	-0,69	
8,33	-0,67	
8,335	-0,66	
8,34	-0,66	
8,345	-0,65	
8,35	-0,64	
8,355	-0,63	
8,36	-0,61	
8,365	-0,6	
8,37	-0,58	
8,375	-0,57	
8,38	-0,55	
8,385	-0,54	
8,39	-0,53	
8,395	-0,52	
8,4	-0,5	
8,405	-0,48	
8,41	-0,47	
8,415	-0,45	
8,42	-0,43	
8,425	-0,42	
8,43	-0,4	
8,435	-0,38	
8,44	-0,36	
8,445	-0,35	
8,45	-0,33	
8,455	-0,31	
8,46	-0,3	
8,465	-0,27	
8,47	-0,26	
8,475	-0,23	
8,48	-0,21	
8,485	-0,19	
8,49	-0,17	
8,495	-0,15	
8,5	-0,14	
8,505	-0,12	
8,51	-0,1	
8,515	-0,07	
8,52	-0,05	
8,525	-0,03	
8,53	-0,01	
8,535	0,01	
8,54	0,02	
8,545	0,04	
8,55	0,06	
8,555	0,08	
8,56	0,11	
8,565	0,13	
8,57	0,15	
8,575	0,17	
8,58	0,18	
8,585	0,2	
8,59	0,22	
8,595	0,24	
8,6	0,26	
8,605	0,28	
8,61	0,3	
8,615	0,31	
8,62	0,32	
8,625	0,34	
8,63	0,36	
8,635	0,37	
8,64	0,39	
8,645	0,4	
8,65	0,43	
8,655	0,44	
8,66	0,45	
8,665	0,47	
8,67	0,48	
8,675	0,5	
8,68	0,51	
8,685	0,52	
8,69	0,52	
8,695	0,54	
8,7	0,55	
8,705	0,56	
8,71	0,57	
8,715	0,59	
8,72	0,59	
8,725	0,6	
8,73	0,61	
8,735	0,61	
8,74	0,61	
8,745	0,62	
8,75	0,63	
8,755	0,64	
8,76	0,64	
8,765	0,65	
8,77	0,65	
8,775	0,65	
8,78	0,65	
8,785	0,65	
8,79	0,66	
8,795	0,66	
8,8	0,66	
8,805	0,66	
8,81	0,66	
8,815	0,65	
8,82	0,65	
8,825	0,65	
8,83	0,65	
8,835	0,64	
8,84	0,64	
8,845	0,63	
8,85	0,63	
8,855	0,62	
8,86	0,61	
8,865	0,61	
8,87	0,6	
8,875	0,59	
8,88	0,58	
8,885	0,57	
8,89	0,56	
8,895	0,55	
8,9	0,54	
8,905	0,54	
8,91	0,53	
8,915	0,52	
8,92	0,5	
8,925	0,49	
8,93	0,48	
8,935	0,46	
8,94	0,45	
8,945	0,44	
8,95	0,42	
8,955	0,41	
8,96	0,4	
8,965	0,39	
8,97	0,37	
8,975	0,36	
8,98	0,34	
8,985	0,32	
8,99	0,3	
8,995	0,29	
9,0	0,28	
9,005	0,26	
9,01	0,25	
9,015	0,22	
9,02	0,2	
9,025	0,19	
9,03	0,17	
9,035	0,15	
9,04	0,14	
9,045	0,12	
9,05	0,11	
9,055	0,09	
9,06	0,06	
9,065	0,05	
9,07	0,03	
9,075	0,01	
9,08	0	
9,085	-0,02	
9,09	-0,04	
9,095	-0,05	
9,1	-0,07	
9,105	-0,09	
9,11	-0,11	
9,115	-0,12	
9,12	-0,14	
9,125	-0,16	
9,13	-0,18	
9,135	-0,19	
9,14	-0,21	
9,145	-0,22	
9,15	-0,24	
9,155	-0,26	
9,16	-0,27	
9,165	-0,29	
9,17	-0,3	
9,175	-0,31	
9,18	-0,33	
9,185	-0,34	
9,19	-0,35	
9,195	-0,37	
9,2	-0,38	
9,205	-0,39	
9,21	-0,4	
9,215	-0,41	
9,22	-0,42	
9,225	-0,43	
9,23	-0,44	
9,235	-0,45	
9,24	-0,46	
9,245	-0,47	
9,25	-0,48	
9,255	-0,49	
9,26	-0,49	
9,265	-0,5	
9,27	-0,51	
9,275	-0,51	
9,28	-0,52	
9,285	-0,53	
9,29	-0,53	
9,295	-0,53	
9,3	-0,53	
9,305	-0,54	
9,31	-0,54	
9,315	-0,54	
9,32	-0,54	
9,325	-0,55	
9,33	-0,55	
9,335	-0,55	
9,34	-0,55	
9,345	-0,55	
9,35	-0,55	
9,355	-0,55	
9,36	-0,55	
9,365	-0,54	
9,37	-0,54	
9,375	-0,53	
9,38	-0,53	
9,385	-0,53	
9,39	-0,52	
9,395	-0,52	
9,4	-0,51	
9,405	-0,51	
9,41	-0,5	
9,415	-0,5	
9,42	-0,49	
9,425	-0,48	
9,43	-0,47	
9,435	-0,46	
9,44	-0,45	
9,445	-0,44	
9,45	-0,44	
9,455	-0,43	
9,46	-0,41	
9,465	-0,41	
9,47	-0,39	
9,475	-0,38	
9,48	-0,37	
9,485	-0,36	
9,49	-0,35	
9,495	-0,34	
9,5	-0,32	
9,505	-0,31	
9,51	-0,3	
9,515	-0,28	
9,52	-0,27	
9,525	-0,25	
9,53	-0,24	
9,535	-0,23	
9,54	-0,21	
9,545	-0,2	
9,55	-0,18	
9,555	-0,17	
9,56	-0,15	
9,565	-0,14	
9,57	-0,12	
9,575	-0,11	
9,58	-0,09	
9,585	-0,08	
9,59	-0,07	
9,595	-0,06	
9,6	-0,04	
9,605	-0,02	
9,61	-0,01	
9,615	0,01	
9,62	0,02	
9,625	0,03	
9,63	0,05	
9,635	0,06	
9,64	0,07	
9,645	0,09	
9,65	0,11	
9,655	0,13	
9,66	0,14	
9,665	0,15	
9,67	0,17	
9,675	0,18	
9,68	0,19	
9,685	0,2	
9,69	0,22	
9,695	0,23	
9,7	0,24	
9,705	0,25	
9,71	0,26	
9,715	0,27	
9,72	0,28	
9,725	0,29	
9,73	0,31	
9,735	0,32	
9,74	0,33	
9,745	0,33	
9,75	0,34	
9,755	0,35	
9,76	0,36	
9,765	0,37	
9,77	0,38	
9,775	0,39	
9,78	0,39	
9,785	0,4	
9,79	0,4	
9,795	0,41	
9,8	0,41	
9,805	0,42	
9,81	0,43	
9,815	0,43	
9,82	0,43	
9,825	0,43	
9,83	0,44	
9,835	0,44	
9,84	0,44	
9,845	0,45	
9,85	0,45	
9,855	0,45	
9,86	0,45	
9,865	0,44	
9,87	0,44	
9,875	0,44	
9,88	0,44	
9,885	0,44	
9,89	0,44	
9,895	0,44	
9,9	0,44	
9,905	0,43	
9,91	0,43	
9,915	0,42	
9,92	0,42	
9,925	0,41	
9,93	0,41	
9,935	0,4	
9,94	0,39	
9,945	0,39	
9,95	0,38	
9,955	0,37	
9,96	0,37	
9,965	0,36	
9,97	0,35	
9,975	0,34	
9,98	0,33	
9,985	0,32	
9,99	0,31	
9,995	0,3	
10,0	0,3	
10,005	0,29	
10,01	0,28	
10,015	0,26	
10,02	0,25	
10,025	0,24	
10,03	0,23	
10,035	0,22	
10,04	0,21	
10,045	0,2	
10,05	0,19	
10,055	0,17	
10,06	0,15	
10,065	0,14	
10,07	0,13	
10,075	0,12	
10,08	0,11	
10,085	0,1	
10,09	0,08	
10,095	0,07	
10,1	0,06	
10,105	0,04	
10,11	0,03	
10,115	0,02	
10,12	0	
10,125	-0,01	
10,13	-0,02	
10,135	-0,03	
10,14	-0,05	
10,145	-0,06	
10,15	-0,08	
10,155	-0,09	
10,16	-0,1	
10,165	-0,11	
10,17	-0,12	
10,175	-0,13	
10,18	-0,15	
10,185	-0,16	
10,19	-0,17	
10,195	-0,19	
10,2	-0,19	
10,205	-0,21	
10,21	-0,22	
10,215	-0,23	
10,22	-0,24	
10,225	-0,25	
10,23	-0,26	
10,235	-0,27	
10,24	-0,27	
10,245	-0,28	
10,25	-0,29	
10,255	-0,3	
10,26	-0,31	
10,265	-0,32	
10,27	-0,33	
10,275	-0,33	
10,28	-0,34	
10,285	-0,34	
10,29	-0,35	
10,295	-0,36	
10,3	-0,37	
10,305	-0,37	
10,31	-0,37	
10,315	-0,37	
10,32	-0,38	
10,325	-0,38	
10,33	-0,39	
10,335	-0,39	
10,34	-0,39	
10,345	-0,4	
10,35	-0,4	
10,355	-0,4	
10,36	-0,4	
10,365	-0,4	
10,37	-0,4	
10,375	-0,4	
10,38	-0,4	
10,385	-0,4	
10,39	-0,39	
10,395	-0,39	
10,4	-0,39	
10,405	-0,39	
10,41	-0,38	
10,415	-0,38	
10,42	-0,38	
10,425	-0,37	
10,43	-0,37	
10,435	-0,36	
10,44	-0,35	
10,445	-0,35	
10,45	-0,35	
10,455	-0,34	
10,46	-0,34	
10,465	-0,33	
10,47	-0,32	
10,475	-0,31	
10,48	-0,31	
10,485	-0,3	
10,49	-0,29	
10,495	-0,28	
10,5	-0,27	
10,505	-0,26	
10,51	-0,25	
10,515	-0,23	
10,52	-0,23	
10,525	-0,22	
10,53	-0,21	
10,535	-0,2	
10,54	-0,19	
10,545	-0,18	
10,55	-0,17	
10,555	-0,15	
10,56	-0,14	
10,565	-0,12	
10,57	-0,12	
10,575	-0,11	
10,58	-0,1	
10,585	-0,09	
10,59	-0,07	
10,595	-0,06	
10,6	-0,04	
10,605	-0,02	
10,61	-0,01	
10,615	0	
10,62	0,01	
10,625	0,02	
10,63	0,03	
10,635	0,04	
10,64	0,06	
10,645	0,07	
10,65	0,09	
10,655	0,1	
10,66	0,11	
10,665	0,12	
10,67	0,13	
10,675	0,14	
10,68	0,16	
10,685	0,17	
10,69	0,18	
10,695	0,2	
10,7	0,21	
10,705	0,22	
10,71	0,23	
10,715	0,24	
10,72	0,24	
10,725	0,25	
10,73	0,27	
10,735	0,28	
10,74	0,29	
10,745	0,3	
10,75	0,3	
10,755	0,31	
10,76	0,32	
10,765	0,32	
10,77	0,33	
10,775	0,34	
10,78	0,35	
10,785	0,35	
10,79	0,37	
10,795	0,37	
10,8	0,37	
10,805	0,38	
10,81	0,39	
10,815	0,39	
10,82	0,4	
10,825	0,4	
10,83	0,41	
10,835	0,41	
10,84	0,41	
10,845	0,41	
10,85	0,42	
10,855	0,42	
10,86	0,42	
10,865	0,42	
10,87	0,42	
10,875	0,42	
10,88	0,42	
10,885	0,41	
10,89	0,41	
10,895	0,41	
10,9	0,41	
10,905	0,41	
10,91	0,41	
10,915	0,4	
10,92	0,4	
10,925	0,4	
10,93	0,39	
10,935	0,39	
10,94	0,39	
10,945	0,38	
10,95	0,37	
10,955	0,37	
10,96	0,36	
10,965	0,35	
10,97	0,34	
10,975	0,34	
10,98	0,33	
10,985	0,32	
10,99	0,31	
10,995	0,3	
11,0	0,29	
11,005	0,28	
11,01	0,27	
11,015	0,26	
11,02	0,26	
11,025	0,24	
11,03	0,23	
11,035	0,22	
11,04	0,21	
11,045	0,19	
11,05	0,18	
11,055	0,17	
11,06	0,16	
11,065	0,14	
11,07	0,13	
11,075	0,12	
11,08	0,1	
11,085	0,09	
11,09	0,08	
11,095	0,07	
11,1	0,06	
11,105	0,04	
11,11	0,02	
11,115	0,01	
11,12	-0,01	
11,125	-0,02	
11,13	-0,03	
11,135	-0,04	
11,14	-0,06	
11,145	-0,07	
11,15	-0,09	
11,155	-0,11	
11,16	-0,12	
11,165	-0,13	
11,17	-0,15	
11,175	-0,16	
11,18	-0,17	
11,185	-0,18	
11,19	-0,2	
11,195	-0,21	
11,2	-0,23	
11,205	-0,24	
11,21	-0,25	
11,215	-0,26	
11,22	-0,27	
11,225	-0,28	
11,23	-0,29	
11,235	-0,31	
11,24	-0,32	
11,245	-0,34	
11,25	-0,34	
11,255	-0,35	
11,26	-0,36	
11,265	-0,37	
11,27	-0,38	
11,275	-0,39	
11,28	-0,4	
11,285	-0,41	
11,29	-0,42	
11,295	-0,43	
11,3	-0,43	
11,305	-0,44	
11,31	-0,45	
11,315	-0,46	
11,32	-0,46	
11,325	-0,47	
11,33	-0,47	
11,335	-0,48	
11,34	-0,48	
11,345	-0,49	
11,35	-0,49	
11,355	-0,5	
11,36	-0,5	
11,365	-0,5	
11,37	-0,5	
11,375	-0,5	
11,38	-0,5	
11,385	-0,51	
11,39	-0,5	
11,395	-0,5	
11,4	-0,5	
11,405	-0,5	
11,41	-0,49	
11,415	-0,49	
11,42	-0,49	
11,425	-0,49	
11,43	-0,49	
11,435	-0,48	
11,44	-0,48	
11,445	-0,47	
11,45	-0,47	
11,455	-0,46	
11,46	-0,45	
11,465	-0,45	
11,47	-0,44	
11,475	-0,44	
11,48	-0,43	
11,485	-0,42	
11,49	-0,41	
11,495	-0,4	
11,5	-0,39	
11,505	-0,39	
11,51	-0,38	
11,515	-0,36	
11,52	-0,35	
11,525	-0,34	
11,53	-0,33	
11,535	-0,31	
11,54	-0,3	
11,545	-0,29	
11,55	-0,28	
11,555	-0,27	
11,56	-0,25	
11,565	-0,24	
11,57	-0,22	
11,575	-0,21	
11,58	-0,2	
11,585	-0,18	
11,59	-0,17	
11,595	-0,15	
11,6	-0,14	
11,605	-0,12	
11,61	-0,11	
11,615	-0,09	
11,62	-0,08	
11,625	-0,06	
11,63	-0,05	
11,635	-0,03	
11,64	-0,01	
11,645	0	
11,65	0,02	
11,655	0,04	
11,66	0,05	
11,665	0,07	
11,67	0,09	
11,675	0,1	
11,68	0,12	
11,685	0,13	
11,69	0,15	
11,695	0,16	
11,7	0,18	
11,705	0,2	
11,71	0,21	
11,715	0,23	
11,72	0,25	
11,725	0,26	
11,73	0,28	
11,735	0,29	
11,74	0,3	
11,745	0,32	
11,75	0,34	
11,755	0,35	
11,76	0,36	
11,765	0,37	
11,77	0,39	
11,775	0,4	
11,78	0,41	
11,785	0,42	
11,79	0,44	
11,795	0,45	
11,8	0,47	
11,805	0,48	
11,81	0,49	
11,815	0,49	
11,82	0,5	
11,825	0,51	
11,83	0,52	
11,835	0,53	
11,84	0,54	
11,845	0,55	
11,85	0,55	
11,855	0,56	
11,86	0,56	
11,865	0,57	
11,87	0,57	
11,875	0,58	
11,88	0,59	
11,885	0,59	
11,89	0,6	
11,895	0,6	
11,9	0,6	
11,905	0,6	
11,91	0,6	
11,915	0,6	
11,92	0,6	
11,925	0,61	
11,93	0,61	
11,935	0,61	
11,94	0,61	
11,945	0,6	
11,95	0,6	
11,955	0,6	
11,96	0,59	
11,965	0,59	
11,97	0,58	
11,975	0,58	
11,98	0,57	
11,985	0,56	
11,99	0,56	
11,995	0,55	
12,0	0,55	
12,005	0,54	
12,01	0,53	
12,015	0,52	
12,02	0,51	
12,025	0,5	
12,03	0,49	
12,035	0,48	
12,04	0,47	
12,045	0,46	
12,05	0,45	
12,055	0,44	
12,06	0,42	
12,065	0,41	
12,07	0,39	
12,075	0,38	
12,08	0,36	
12,085	0,35	
12,09	0,34	
12,095	0,32	
12,1	0,31	
12,105	0,29	
12,11	0,27	
12,115	0,26	
12,12	0,24	
12,125	0,22	
12,13	0,2	
12,135	0,19	
12,14	0,17	
12,145	0,15	
12,15	0,14	
12,155	0,11	
12,16	0,09	
12,165	0,08	
12,17	0,06	
12,175	0,04	
12,18	0,02	
12,185	0,01	
12,19	-0,01	
12,195	-0,03	
12,2	-0,05	
12,205	-0,07	
12,21	-0,09	
12,215	-0,11	
12,22	-0,12	
12,225	-0,14	
12,23	-0,16	
12,235	-0,18	
12,24	-0,19	
12,245	-0,22	
12,25	-0,24	
12,255	-0,26	
12,26	-0,28	
12,265	-0,29	
12,27	-0,31	
12,275	-0,33	
12,28	-0,35	
12,285	-0,36	
12,29	-0,38	
12,295	-0,4	
12,3	-0,41	
12,305	-0,43	
12,31	-0,44	
12,315	-0,46	
12,32	-0,47	
12,325	-0,48	
12,33	-0,5	
12,335	-0,51	
12,34	-0,52	
12,345	-0,54	
12,35	-0,55	
12,355	-0,57	
12,36	-0,58	
12,365	-0,59	
12,37	-0,6	
12,375	-0,61	
12,38	-0,62	
12,385	-0,63	
12,39	-0,64	
12,395	-0,64	
12,4	-0,65	
12,405	-0,66	
12,41	-0,67	
12,415	-0,67	
12,42	-0,68	
12,425	-0,68	
12,43	-0,69	
12,435	-0,69	
12,44	-0,7	
12,445	-0,7	
12,45	-0,7	
12,455	-0,7	
12,46	-0,71	
12,465	-0,7	
12,47	-0,71	
12,475	-0,71	
12,48	-0,7	
12,485	-0,7	
12,49	-0,7	
12,495	-0,7	
12,5	-0,7	
12,505	-0,69	
12,51	-0,69	
12,515	-0,68	
12,52	-0,67	
12,525	-0,67	
12,53	-0,66	
12,535	-0,65	
12,54	-0,64	
12,545	-0,63	
12,55	-0,63	
12,555	-0,62	
12,56	-0,61	
12,565	-0,6	
12,57	-0,59	
12,575	-0,58	
12,58	-0,57	
12,585	-0,55	
12,59	-0,54	
12,595	-0,53	
12,6	-0,52	
12,605	-0,51	
12,61	-0,49	
12,615	-0,47	
12,62	-0,45	
12,625	-0,44	
12,63	-0,42	
12,635	-0,41	
12,64	-0,39	
12,645	-0,38	
12,65	-0,36	
12,655	-0,33	
12,66	-0,32	
12,665	-0,3	
12,67	-0,28	
12,675	-0,26	
12,68	-0,25	
12,685	-0,23	
12,69	-0,21	
12,695	-0,19	
12,7	-0,16	
12,705	-0,14	
12,71	-0,12	
12,715	-0,11	
12,72	-0,09	
12,725	-0,07	
12,73	-0,05	
12,735	-0,03	
12,74	0	
12,745	0,03	
12,75	0,05	
12,755	0,06	
12,76	0,08	
12,765	0,1	
12,77	0,12	
12,775	0,15	
12,78	0,17	
12,785	0,19	
12,79	0,22	
12,795	0,24	
12,8	0,25	
12,805	0,27	
12,81	0,29	
12,815	0,3	
12,82	0,32	
12,825	0,34	
12,83	0,36	
12,835	0,39	
12,84	0,4	
12,845	0,42	
12,85	0,44	
12,855	0,46	
12,86	0,47	
12,865	0,49	
12,87	0,5	
12,875	0,52	
12,88	0,54	
12,885	0,55	
12,89	0,57	
12,895	0,58	
12,9	0,6	
12,905	0,61	
12,91	0,62	
12,915	0,63	
12,92	0,64	
12,925	0,66	
12,93	0,67	
12,935	0,68	
12,94	0,69	
12,945	0,7	
12,95	0,71	
12,955	0,71	
12,96	0,72	
12,965	0,73	
12,97	0,73	
12,975	0,74	
12,98	0,75	
12,985	0,75	
12,99	0,75	
12,995	0,76	
13,0	0,76	
13,005	0,76	
13,01	0,77	
13,015	0,77	
13,02	0,77	
13,025	0,77	
13,03	0,77	
13,035	0,77	
13,04	0,76	
13,045	0,76	
13,05	0,76	
13,055	0,76	
13,06	0,75	
13,065	0,74	
13,07	0,74	
13,075	0,73	
13,08	0,73	
13,085	0,72	
13,09	0,72	
13,095	0,71	
13,1	0,7	
13,105	0,69	
13,11	0,67	
13,115	0,66	
13,12	0,65	
13,125	0,64	
13,13	0,63	
13,135	0,62	
13,14	0,61	
13,145	0,6	
13,15	0,58	
13,155	0,56	
13,16	0,54	
13,165	0,53	
13,17	0,52	
13,175	0,5	
13,18	0,48	
13,185	0,47	
13,19	0,45	
13,195	0,43	
13,2	0,41	
13,205	0,39	
13,21	0,37	
13,215	0,35	
13,22	0,33	
13,225	0,32	
13,23	0,3	
13,235	0,28	
13,24	0,26	
13,245	0,23	
13,25	0,21	
13,255	0,19	
13,26	0,17	
13,265	0,15	
13,27	0,13	
13,275	0,11	
13,28	0,09	
13,285	0,07	
13,29	0,04	
13,295	0,02	
13,3	-0,01	
13,305	-0,03	
13,31	-0,05	
13,315	-0,07	
13,32	-0,09	
13,325	-0,11	
13,33	-0,13	
13,335	-0,16	
13,34	-0,18	
13,345	-0,21	
13,35	-0,23	
13,355	-0,24	
13,36	-0,26	
13,365	-0,28	
13,37	-0,3	
13,375	-0,32	
13,38	-0,35	
13,385	-0,37	
13,39	-0,39	
13,395	-0,41	
13,4	-0,42	
13,405	-0,44	
13,41	-0,45	
13,415	-0,47	
13,42	-0,49	
13,425	-0,52	
13,43	-0,54	
13,435	-0,55	
13,44	-0,56	
13,445	-0,57	
13,45	-0,59	
13,455	-0,6	
13,46	-0,62	
13,465	-0,64	
13,47	-0,65	
13,475	-0,66	
13,48	-0,67	
13,485	-0,68	
13,49	-0,69	
13,495	-0,7	
13,5	-0,72	
13,505	-0,73	
13,51	-0,74	
13,515	-0,74	
13,52	-0,75	
13,525	-0,75	
13,53	-0,76	
13,535	-0,77	
13,54	-0,77	
13,545	-0,78	
13,55	-0,78	
13,555	-0,79	
13,56	-0,79	
13,565	-0,79	
13,57	-0,79	
13,575	-0,79	
13,58	-0,79	
13,585	-0,79	
13,59	-0,79	
13,595	-0,79	
13,6	-0,78	
13,605	-0,78	
13,61	-0,78	
13,615	-0,78	
13,62	-0,78	
13,625	-0,77	
13,63	-0,76	
13,635	-0,75	
13,64	-0,75	
13,645	-0,74	
13,65	-0,73	
13,655	-0,73	
13,66	-0,72	
13,665	-0,71	
13,67	-0,7	
13,675	-0,68	
13,68	-0,67	
13,685	-0,65	
13,69	-0,65	
13,695	-0,63	
13,7	-0,62	
13,705	-0,61	
13,71	-0,59	
13,715	-0,57	
13,72	-0,56	
13,725	-0,54	
13,73	-0,53	
13,735	-0,52	
13,74	-0,5	
13,745	-0,48	
13,75	-0,46	
13,755	-0,44	
13,76	-0,42	
13,765	-0,4	
13,77	-0,39	
13,775	-0,37	
13,78	-0,35	
13,785	-0,33	
13,79	-0,3	
13,795	-0,28	
13,8	-0,25	
13,805	-0,24	
13,81	-0,22	
13,815	-0,2	
13,82	-0,18	
13,825	-0,16	
13,83	-0,14	
13,835	-0,11	
13,84	-0,09	
13,845	-0,07	
13,85	-0,05	
13,855	-0,03	
13,86	-0,01	
13,865	0,02	
13,87	0,04	
13,875	0,06	
13,88	0,09	
13,885	0,11	
13,89	0,13	
13,895	0,15	
13,9	0,18	
13,905	0,2	
13,91	0,22	
13,915	0,24	
13,92	0,25	
13,925	0,27	
13,93	0,3	
13,935	0,32	
13,94	0,34	
13,945	0,36	
13,95	0,38	
13,955	0,39	
13,96	0,41	
13,965	0,42	
13,97	0,44	
13,975	0,47	
13,98	0,48	
13,985	0,5	
13,99	0,52	
13,995	0,54	
14,0	0,55	
14,005	0,56	
14,01	0,57	
14,015	0,59	
14,02	0,61	
14,025	0,62	
14,03	0,64	
14,035	0,65	
14,04	0,66	
14,045	0,67	
14,05	0,68	
14,055	0,69	
14,06	0,7	
14,065	0,71	
14,07	0,72	
14,075	0,72	
14,08	0,73	
14,085	0,73	
14,09	0,74	
14,095	0,75	
14,1	0,75	
14,105	0,76	
14,11	0,76	
14,115	0,77	
14,12	0,77	
14,125	0,77	
14,13	0,77	
14,135	0,77	
14,14	0,77	
14,145	0,78	
14,15	0,77	
14,155	0,77	
14,16	0,76	
14,165	0,76	
14,17	0,76	
14,175	0,75	
14,18	0,75	
14,185	0,74	
14,19	0,74	
14,195	0,73	
14,2	0,72	
14,205	0,71	
14,21	0,71	
14,215	0,7	
14,22	0,69	
14,225	0,68	
14,23	0,67	
14,235	0,66	
14,24	0,65	
14,245	0,63	
14,25	0,62	
14,255	0,61	
14,26	0,6	
14,265	0,58	
14,27	0,57	
14,275	0,55	
14,28	0,53	
14,285	0,52	
14,29	0,5	
14,295	0,48	
14,3	0,47	
14,305	0,45	
14,31	0,44	
14,315	0,42	
14,32	0,4	
14,325	0,39	
14,33	0,37	
14,335	0,34	
14,34	0,33	
14,345	0,31	
14,35	0,29	
14,355	0,27	
14,36	0,25	
14,365	0,23	
14,37	0,21	
14,375	0,19	
14,38	0,17	
14,385	0,14	
14,39	0,12	
14,395	0,1	
14,4	0,08	
14,405	0,06	
14,41	0,04	
14,415	0,03	
14,42	0,01	
14,425	-0,01	
14,43	-0,04	
14,435	-0,06	
14,44	-0,08	
14,445	-0,1	
14,45	-0,12	
14,455	-0,14	
14,46	-0,16	
14,465	-0,18	
14,47	-0,2	
14,475	-0,23	
14,48	-0,25	
14,485	-0,27	
14,49	-0,28	
14,495	-0,3	
14,5	-0,32	
14,505	-0,33	
14,51	-0,35	
14,515	-0,37	
14,52	-0,4	
14,525	-0,41	
14,53	-0,43	
14,535	-0,44	
14,54	-0,46	
14,545	-0,47	
14,55	-0,49	
14,555	-0,5	
14,56	-0,51	
14,565	-0,54	
14,57	-0,55	
14,575	-0,56	
14,58	-0,57	
14,585	-0,58	
14,59	-0,59	
14,595	-0,61	
14,6	-0,61	
14,605	-0,62	
14,61	-0,63	
14,615	-0,64	
14,62	-0,65	
14,625	-0,66	
14,63	-0,66	
14,635	-0,67	
14,64	-0,67	
14,645	-0,68	
14,65	-0,68	
14,655	-0,69	
14,66	-0,69	
14,665	-0,7	
14,67	-0,7	
14,675	-0,7	
14,68	-0,7	
14,685	-0,7	
14,69	-0,7	
14,695	-0,7	
14,7	-0,7	
14,705	-0,71	
14,71	-0,7	
14,715	-0,7	
14,72	-0,7	
14,725	-0,69	
14,73	-0,69	
14,735	-0,69	
14,74	-0,68	
14,745	-0,68	
14,75	-0,67	
14,755	-0,66	
14,76	-0,65	
14,765	-0,64	
14,77	-0,63	
14,775	-0,62	
14,78	-0,62	
14,785	-0,61	
14,79	-0,6	
14,795	-0,59	
14,8	-0,58	
14,805	-0,57	
14,81	-0,55	
14,815	-0,54	
14,82	-0,53	
14,825	-0,52	
14,83	-0,5	
14,835	-0,49	
14,84	-0,47	
14,845	-0,45	
14,85	-0,44	
14,855	-0,43	
14,86	-0,41	
14,865	-0,4	
14,87	-0,39	
14,875	-0,37	
14,88	-0,35	
14,885	-0,33	
14,89	-0,31	
14,895	-0,29	
14,9	-0,28	
14,905	-0,26	
14,91	-0,24	
14,915	-0,23	
14,92	-0,21	
14,925	-0,19	
14,93	-0,16	
14,935	-0,15	
14,94	-0,13	
14,945	-0,11	
14,95	-0,1	
14,955	-0,08	
14,96	-0,06	
14,965	-0,04	
14,97	-0,02	
14,975	0,01	
14,98	0,02	
14,985	0,04	
14,99	0,06	
14,995	0,08	
15,0	0,09	
15,005	0,11	
15,01	0,13	
15,015	0,15	
15,02	0,17	
15,025	0,19	
15,03	0,2	
15,035	0,22	
15,04	0,24	
15,045	0,25	
15,05	0,27	
15,055	0,29	
15,06	0,3	
15,065	0,32	
15,07	0,33	
15,075	0,35	
15,08	0,37	
15,085	0,38	
15,09	0,39	
15,095	0,4	
15,1	0,41	
15,105	0,42	
15,11	0,44	
15,115	0,46	
15,12	0,47	
15,125	0,48	
15,13	0,49	
15,135	0,5	
15,14	0,51	
15,145	0,52	
15,15	0,53	
15,155	0,54	
15,16	0,55	
15,165	0,56	
15,17	0,56	
15,175	0,57	
15,18	0,57	
15,185	0,58	
15,19	0,58	
15,195	0,59	
15,2	0,6	
15,205	0,6	
15,21	0,6	
15,215	0,6	
15,22	0,61	
15,225	0,61	
15,23	0,61	
15,235	0,61	
15,24	0,61	
15,245	0,61	
15,25	0,61	
15,255	0,61	
15,26	0,6	
15,265	0,6	
15,27	0,6	
15,275	0,6	
15,28	0,6	
15,285	0,59	
15,29	0,59	
15,295	0,58	
15,3	0,57	
15,305	0,57	
15,31	0,56	
15,315	0,55	
15,32	0,54	
15,325	0,54	
15,33	0,53	
15,335	0,52	
15,34	0,51	
15,345	0,5	
15,35	0,49	
15,355	0,48	
15,36	0,47	
15,365	0,46	
15,37	0,45	
15,375	0,44	
15,38	0,43	
15,385	0,41	
15,39	0,4	
15,395	0,39	
15,4	0,37	
15,405	0,36	
15,41	0,35	
15,415	0,33	
15,42	0,31	
15,425	0,3	
15,43	0,28	
15,435	0,27	
15,44	0,25	
15,445	0,24	
15,45	0,22	
15,455	0,21	
15,46	0,19	
15,465	0,18	
15,47	0,16	
15,475	0,14	
15,48	0,13	
15,485	0,11	
15,49	0,09	
15,495	0,08	
15,5	0,06	
15,505	0,05	
15,51	0,03	
15,515	0,02	
15,52	-0,01	
15,525	-0,02	
15,53	-0,04	
15,535	-0,06	
15,54	-0,07	
15,545	-0,08	
15,55	-0,1	
15,555	-0,11	
15,56	-0,13	
15,565	-0,16	
15,57	-0,17	
15,575	-0,18	
15,58	-0,2	
15,585	-0,21	
15,59	-0,22	
15,595	-0,23	
15,6	-0,24	
15,605	-0,26	
15,61	-0,28	
15,615	-0,29	
15,62	-0,3	
15,625	-0,31	
15,63	-0,32	
15,635	-0,33	
15,64	-0,35	
15,645	-0,36	
15,65	-0,37	
15,655	-0,38	
15,66	-0,39	
15,665	-0,4	
15,67	-0,41	
15,675	-0,41	
15,68	-0,42	
15,685	-0,44	
15,69	-0,44	
15,695	-0,45	
15,7	-0,45	
15,705	-0,46	
15,71	-0,47	
15,715	-0,48	
15,72	-0,48	
15,725	-0,49	
15,73	-0,49	
15,735	-0,49	
15,74	-0,49	
15,745	-0,49	
15,75	-0,5	
15,755	-0,5	
15,76	-0,51	
15,765	-0,51	
15,77	-0,51	
15,775	-0,51	
15,78	-0,5	
15,785	-0,5	
15,79	-0,5	
15,795	-0,5	
15,8	-0,5	
15,805	-0,49	
15,81	-0,49	
15,815	-0,49	
15,82	-0,49	
15,825	-0,48	
15,83	-0,48	
15,835	-0,47	
15,84	-0,46	
15,845	-0,46	
15,85	-0,45	
15,855	-0,45	
15,86	-0,44	
15,865	-0,43	
15,87	-0,42	
15,875	-0,42	
15,88	-0,41	
15,885	-0,4	
15,89	-0,39	
15,895	-0,38	
15,9	-0,37	
15,905	-0,36	
15,91	-0,35	
15,915	-0,34	
15,92	-0,33	
15,925	-0,32	
15,93	-0,31	
15,935	-0,29	
15,94	-0,28	
15,945	-0,27	
15,95	-0,26	
15,955	-0,25	
15,96	-0,24	
15,965	-0,23	
15,97	-0,21	
15,975	-0,19	
15,98	-0,18	
15,985	-0,16	
15,99	-0,15	
15,995	-0,14	
16,0	-0,13	
16,005	-0,12	
16,01	-0,1	
16,015	-0,09	
16,02	-0,07	
16,025	-0,06	
16,03	-0,04	
16,035	-0,03	
16,04	-0,02	
16,045	0	
16,05	0,01	
16,055	0,02	
16,06	0,04	
16,065	0,05	
16,07	0,07	
16,075	0,08	
16,08	0,09	
16,085	0,1	
16,09	0,12	
16,095	0,13	
16,1	0,14	
16,105	0,15	
16,11	0,17	
16,115	0,18	
16,12	0,19	
16,125	0,2	
16,13	0,22	
16,135	0,23	
16,14	0,24	
16,145	0,25	
16,15	0,26	
16,155	0,27	
16,16	0,28	
16,165	0,29	
16,17	0,3	
16,175	0,31	
16,18	0,32	
16,185	0,32	
16,19	0,33	
16,195	0,34	
16,2	0,34	
16,205	0,36	
16,21	0,36	
16,215	0,37	
16,22	0,37	
16,225	0,38	
16,23	0,38	
16,235	0,39	
16,24	0,39	
16,245	0,4	
16,25	0,4	
16,255	0,41	
16,26	0,41	
16,265	0,41	
16,27	0,41	
16,275	0,41	
16,28	0,41	
16,285	0,42	
16,29	0,42	
16,295	0,42	
16,3	0,42	
16,305	0,41	
16,31	0,41	
16,315	0,41	
16,32	0,41	
16,325	0,41	
16,33	0,41	
16,335	0,4	
16,34	0,4	
16,345	0,39	
16,35	0,39	
16,355	0,39	
16,36	0,38	
16,365	0,38	
16,37	0,37	
16,375	0,37	
16,38	0,36	
16,385	0,35	
16,39	0,34	
16,395	0,34	
16,4	0,33	
16,405	0,32	
16,41	0,32	
16,415	0,31	
16,42	0,29	
16,425	0,29	
16,43	0,28	
16,435	0,27	
16,44	0,26	
16,445	0,25	
16,45	0,24	
16,455	0,23	
16,46	0,21	
16,465	0,2	
16,47	0,19	
16,475	0,18	
16,48	0,17	
16,485	0,16	
16,49	0,15	
16,495	0,14	
16,5	0,13	
16,505	0,12	
16,51	0,1	
16,515	0,09	
16,52	0,08	
16,525	0,06	
16,53	0,05	
16,535	0,04	
16,54	0,03	
16,545	0,01	
16,55	0	
16,555	-0,01	
16,56	-0,02	
16,565	-0,04	
16,57	-0,05	
16,575	-0,06	
16,58	-0,08	
16,585	-0,09	
16,59	-0,1	
16,595	-0,11	
16,6	-0,11	
16,605	-0,13	
16,61	-0,14	
16,615	-0,16	
16,62	-0,17	
16,625	-0,18	
16,63	-0,19	
16,635	-0,2	
16,64	-0,2	
16,645	-0,21	
16,65	-0,22	
16,655	-0,23	
16,66	-0,25	
16,665	-0,26	
16,67	-0,27	
16,675	-0,28	
16,68	-0,28	
16,685	-0,29	
16,69	-0,3	
16,695	-0,31	
16,7	-0,31	
16,705	-0,33	
16,71	-0,33	
16,715	-0,34	
16,72	-0,34	
16,725	-0,34	
16,73	-0,35	
16,735	-0,36	
16,74	-0,36	
16,745	-0,37	
16,75	-0,37	
16,755	-0,37	
16,76	-0,37	
16,765	-0,37	
16,77	-0,37	
16,775	-0,38	
16,78	-0,38	
16,785	-0,38	
16,79	-0,38	
16,795	-0,39	
16,8	-0,38	
16,805	-0,38	
16,81	-0,38	
16,815	-0,38	
16,82	-0,38	
16,825	-0,38	
16,83	-0,37	
16,835	-0,37	
16,84	-0,37	
16,845	-0,37	
16,85	-0,36	
16,855	-0,36	
16,86	-0,36	
16,865	-0,35	
16,87	-0,35	
16,875	-0,34	
16,88	-0,33	
16,885	-0,32	
16,89	-0,32	
16,895	-0,31	
16,9	-0,31	
16,905	-0,3	
16,91	-0,29	
16,915	-0,28	
16,92	-0,27	
16,925	-0,27	
16,93	-0,26	
16,935	-0,25	
16,94	-0,24	
16,945	-0,23	
16,95	-0,22	
16,955	-0,21	
16,96	-0,2	
16,965	-0,19	
16,97	-0,18	
16,975	-0,17	
16,98	-0,16	
16,985	-0,15	
16,99	-0,13	
16,995	-0,12	
17,0	-0,11	
17,005	-0,1	
17,01	-0,09	
17,015	-0,08	
17,02	-0,06	
17,025	-0,05	
17,03	-0,04	
17,035	-0,02	
17,04	-0,01	
17,045	0	
17,05	0,01	
17,055	0,02	
17,06	0,03	
17,065	0,04	
17,07	0,07	
17,075	0,08	
17,08	0,09	
17,085	0,1	
17,09	0,11	
17,095	0,12	
17,1	0,13	
17,105	0,15	
17,11	0,16	
17,115	0,18	
17,12	0,19	
17,125	0,2	
17,13	0,2	
17,135	0,21	
17,14	0,22	
17,145	0,23	
17,15	0,24	
17,155	0,26	
17,16	0,28	
17,165	0,28	
17,17	0,29	
17,175	0,29	
17,18	0,3	
17,185	0,31	
17,19	0,32	
17,195	0,33	
17,2	0,34	
17,205	0,35	
17,21	0,35	
17,215	0,36	
17,22	0,37	
17,225	0,37	
17,23	0,38	
17,235	0,38	
17,24	0,39	
17,245	0,39	
17,25	0,4	
17,255	0,4	
17,26	0,41	
17,265	0,41	
17,27	0,42	
17,275	0,42	
17,28	0,42	
17,285	0,42	
17,29	0,42	
17,295	0,42	
17,3	0,42	
17,305	0,42	
17,31	0,42	
17,315	0,42	
17,32	0,42	
17,325	0,42	
17,33	0,42	
17,335	0,42	
17,34	0,41	
17,345	0,41	
17,35	0,4	
17,355	0,4	
17,36	0,39	
17,365	0,39	
17,37	0,38	
17,375	0,38	
17,38	0,38	
17,385	0,37	
17,39	0,37	
17,395	0,36	
17,4	0,35	
17,405	0,34	
17,41	0,34	
17,415	0,33	
17,42	0,32	
17,425	0,31	
17,43	0,3	
17,435	0,29	
17,44	0,28	
17,445	0,27	
17,45	0,26	
17,455	0,24	
17,46	0,24	
17,465	0,23	
17,47	0,22	
17,475	0,2	
17,48	0,19	
17,485	0,18	
17,49	0,17	
17,495	0,15	
17,5	0,14	
17,505	0,13	
17,51	0,12	
17,515	0,1	
17,52	0,09	
17,525	0,08	
17,53	0,06	
17,535	0,05	
17,54	0,04	
17,545	0,03	
17,55	0,01	
17,555	0	
17,56	-0,02	
17,565	-0,03	
17,57	-0,06	
17,575	-0,07	
17,58	-0,08	
17,585	-0,09	
17,59	-0,1	
17,595	-0,12	
17,6	-0,13	
17,605	-0,15	
17,61	-0,16	
17,615	-0,18	
17,62	-0,19	
17,625	-0,2	
17,63	-0,21	
17,635	-0,23	
17,64	-0,24	
17,645	-0,25	
17,65	-0,26	
17,655	-0,27	
17,66	-0,29	
17,665	-0,3	
17,67	-0,31	
17,675	-0,33	
17,68	-0,34	
17,685	-0,35	
17,69	-0,36	
17,695	-0,37	
17,7	-0,38	
17,705	-0,39	
17,71	-0,4	
17,715	-0,41	
17,72	-0,42	
17,725	-0,43	
17,73	-0,43	
17,735	-0,44	
17,74	-0,45	
17,745	-0,45	
17,75	-0,46	
17,755	-0,47	
17,76	-0,47	
17,765	-0,48	
17,77	-0,48	
17,775	-0,49	
17,78	-0,49	
17,785	-0,5	
17,79	-0,5	
17,795	-0,5	
17,8	-0,5	
17,805	-0,51	
17,81	-0,51	
17,815	-0,51	
17,82	-0,51	
17,825	-0,51	
17,83	-0,51	
17,835	-0,51	
17,84	-0,51	
17,845	-0,51	
17,85	-0,51	
17,855	-0,5	
17,86	-0,5	
17,865	-0,5	
17,87	-0,49	
17,875	-0,49	
17,88	-0,49	
17,885	-0,47	
17,89	-0,47	
17,895	-0,46	
17,9	-0,46	
17,905	-0,45	
17,91	-0,45	
17,915	-0,44	
17,92	-0,44	
17,925	-0,43	
17,93	-0,41	
17,935	-0,4	
17,94	-0,39	
17,945	-0,38	
17,95	-0,37	
17,955	-0,36	
17,96	-0,35	
17,965	-0,34	
17,97	-0,33	
17,975	-0,32	
17,98	-0,3	
17,985	-0,29	
17,99	-0,28	
17,995	-0,26	
18,0	-0,25	
18,005	-0,24	
18,01	-0,22	
18,015	-0,21	
18,02	-0,2	
18,025	-0,18	
18,03	-0,16	
18,035	-0,15	
18,04	-0,14	
18,045	-0,12	
18,05	-0,1	
18,055	-0,09	
18,06	-0,07	
18,065	-0,06	
18,07	-0,03	
18,075	-0,02	
18,08	0	
18,085	0,02	
18,09	0,03	
18,095	0,04	
18,1	0,06	
18,105	0,08	
18,11	0,09	
18,115	0,11	
18,12	0,13	
18,125	0,14	
18,13	0,16	
18,135	0,17	
18,14	0,19	
18,145	0,2	
18,15	0,22	
18,155	0,23	
18,16	0,26	
18,165	0,27	
18,17	0,28	
18,175	0,3	
18,18	0,31	
18,185	0,32	
18,19	0,34	
18,195	0,35	
18,2	0,37	
18,205	0,39	
18,21	0,4	
18,215	0,41	
18,22	0,42	
18,225	0,43	
18,23	0,44	
18,235	0,45	
18,24	0,47	
18,245	0,48	
18,25	0,49	
18,255	0,51	
18,26	0,51	
18,265	0,52	
18,27	0,53	
18,275	0,54	
18,28	0,54	
18,285	0,55	
18,29	0,56	
18,295	0,57	
18,3	0,57	
18,305	0,58	
18,31	0,58	
18,315	0,59	
18,32	0,6	
18,325	0,6	
18,33	0,61	
18,335	0,61	
18,34	0,61	
18,345	0,61	
18,35	0,61	
18,355	0,61	
18,36	0,61	
18,365	0,61	
18,37	0,61	
18,375	0,61	
18,38	0,61	
18,385	0,61	
18,39	0,6	
18,395	0,6	
18,4	0,6	
18,405	0,59	
18,41	0,59	
18,415	0,59	
18,42	0,58	
18,425	0,58	
18,43	0,57	
18,435	0,56	
18,44	0,55	
18,445	0,55	
18,45	0,53	
18,455	0,53	
18,46	0,52	
18,465	0,51	
18,47	0,5	
18,475	0,49	
18,48	0,47	
18,485	0,46	
18,49	0,45	
18,495	0,44	
18,5	0,42	
18,505	0,41	
18,51	0,39	
18,515	0,38	
18,52	0,37	
18,525	0,35	
18,53	0,34	
18,535	0,32	
18,54	0,31	
18,545	0,29	
18,55	0,28	
18,555	0,26	
18,56	0,25	
18,565	0,23	
18,57	0,21	
18,575	0,19	
18,58	0,17	
18,585	0,16	
18,59	0,14	
18,595	0,13	
18,6	0,11	
18,605	0,09	
18,61	0,08	
18,615	0,05	
18,62	0,03	
18,625	0,01	
18,63	-0,01	
18,635	-0,03	
18,64	-0,04	
18,645	-0,06	
18,65	-0,08	
18,655	-0,1	
18,66	-0,13	
18,665	-0,14	
18,67	-0,16	
18,675	-0,18	
18,68	-0,19	
18,685	-0,21	
18,69	-0,23	
18,695	-0,24	
18,7	-0,26	
18,705	-0,29	
18,71	-0,31	
18,715	-0,32	
18,72	-0,34	
18,725	-0,35	
18,73	-0,37	
18,735	-0,38	
18,74	-0,4	
18,745	-0,41	
18,75	-0,43	
18,755	-0,45	
18,76	-0,46	
18,765	-0,47	
18,77	-0,49	
18,775	-0,5	
18,78	-0,52	
18,785	-0,53	
18,79	-0,54	
18,795	-0,56	
18,8	-0,57	
18,805	-0,58	
18,81	-0,59	
18,815	-0,6	
18,82	-0,61	
18,825	-0,62	
18,83	-0,62	
18,835	-0,63	
18,84	-0,64	
18,845	-0,64	
18,85	-0,66	
18,855	-0,66	
18,86	-0,67	
18,865	-0,68	
18,87	-0,68	
18,875	-0,68	
18,88	-0,68	
18,885	-0,69	
18,89	-0,69	
18,895	-0,69	
18,9	-0,7	
18,905	-0,7	
18,91	-0,7	
18,915	-0,7	
18,92	-0,7	
18,925	-0,69	
18,93	-0,69	
18,935	-0,69	
18,94	-0,69	
18,945	-0,68	
18,95	-0,68	
18,955	-0,68	
18,96	-0,67	
18,965	-0,67	
18,97	-0,66	
18,975	-0,65	
18,98	-0,64	
18,985	-0,64	
18,99	-0,63	
18,995	-0,62	
19,0	-0,61	
19,005	-0,6	
19,01	-0,59	
19,015	-0,58	
19,02	-0,57	
19,025	-0,55	
19,03	-0,54	
19,035	-0,53	
19,04	-0,52	
19,045	-0,5	
19,05	-0,49	
19,055	-0,48	
19,06	-0,46	
19,065	-0,45	
19,07	-0,42	
19,075	-0,4	
19,08	-0,39	
19,085	-0,38	
19,09	-0,36	
19,095	-0,35	
19,1	-0,33	
19,105	-0,31	
19,11	-0,3	
19,115	-0,27	
19,12	-0,25	
19,125	-0,23	
19,13	-0,22	
19,135	-0,2	
19,14	-0,18	
19,145	-0,16	
19,15	-0,14	
19,155	-0,12	
19,16	-0,09	
19,165	-0,08	
19,17	-0,06	
19,175	-0,04	
19,18	-0,02	
19,185	0	
19,19	0,02	
19,195	0,04	
19,2	0,06	
19,205	0,09	
19,21	0,11	
19,215	0,13	
19,22	0,15	
19,225	0,17	
19,23	0,19	
19,235	0,21	
19,24	0,23	
19,245	0,25	
19,25	0,27	
19,255	0,29	
19,26	0,31	
19,265	0,33	
19,27	0,34	
19,275	0,36	
19,28	0,38	
19,285	0,39	
19,29	0,41	
19,295	0,44	
19,3	0,45	
19,305	0,47	
19,31	0,49	
19,315	0,5	
19,32	0,51	
19,325	0,53	
19,33	0,54	
19,335	0,55	
19,34	0,57	
19,345	0,59	
19,35	0,6	
19,355	0,61	
19,36	0,62	
19,365	0,63	
19,37	0,64	
19,375	0,65	
19,38	0,67	
19,385	0,67	
19,39	0,69	
19,395	0,7	
19,4	0,7	
19,405	0,71	
19,41	0,71	
19,415	0,72	
19,42	0,73	
19,425	0,73	
19,43	0,74	
19,435	0,74	
19,44	0,74	
19,445	0,75	
19,45	0,75	
19,455	0,75	
19,46	0,75	
19,465	0,76	
19,47	0,76	
19,475	0,76	
19,48	0,75	
19,485	0,75	
19,49	0,74	
19,495	0,74	
19,5	0,74	
19,505	0,74	
19,51	0,73	
19,515	0,73	
19,52	0,72	
19,525	0,71	
19,53	0,7	
19,535	0,7	
19,54	0,69	
19,545	0,68	
19,55	0,67	
19,555	0,66	
19,56	0,64	
19,565	0,63	
19,57	0,62	
19,575	0,62	
19,58	0,6	
19,585	0,59	
19,59	0,57	
19,595	0,56	
19,6	0,54	
19,605	0,53	
19,61	0,52	
19,615	0,5	
19,62	0,49	
19,625	0,47	
19,63	0,46	
19,635	0,44	
19,64	0,42	
19,645	0,4	
19,65	0,38	
19,655	0,37	
19,66	0,34	
19,665	0,33	
19,67	0,3	
19,675	0,28	
19,68	0,26	
19,685	0,24	
19,69	0,22	
19,695	0,21	
19,7	0,19	
19,705	0,16	
19,71	0,14	
19,715	0,12	
19,72	0,1	
19,725	0,08	
19,73	0,06	
19,735	0,04	
19,74	0,02	
19,745	0	
19,75	-0,03	
19,755	-0,06	
19,76	-0,08	
19,765	-0,1	
19,77	-0,11	
19,775	-0,13	
19,78	-0,15	
19,785	-0,17	
19,79	-0,19	
19,795	-0,22	
19,8	-0,24	
19,805	-0,26	
19,81	-0,28	
19,815	-0,3	
19,82	-0,32	
19,825	-0,34	
19,83	-0,36	
19,835	-0,38	
19,84	-0,39	
19,845	-0,42	
19,85	-0,43	
19,855	-0,44	
19,86	-0,46	
19,865	-0,48	
19,87	-0,49	
19,875	-0,51	
19,88	-0,53	
19,885	-0,54	
19,89	-0,56	
19,895	-0,58	
19,9	-0,59	
19,905	-0,6	
19,91	-0,61	
19,915	-0,63	
19,92	-0,64	
19,925	-0,65	
19,93	-0,66	
19,935	-0,67	
19,94	-0,68	
19,945	-0,69	
19,95	-0,71	
19,955	-0,71	
19,96	-0,72	
19,965	-0,72	
19,97	-0,73	
19,975	-0,73	
19,98	-0,74	
19,985	-0,75	
19,99	-0,76	
19,995	-0,76	
20,0	-0,76	
20,005	-0,76	
20,01	-0,76	
20,015	-0,76	
20,02	-0,76	
20,025	-0,76	
20,03	-0,76	
20,035	-0,76	
20,04	-0,76	
20,045	-0,75	
20,05	-0,75	
20,055	-0,75	
20,06	-0,74	
20,065	-0,74	
20,07	-0,73	
20,075	-0,73	
20,08	-0,72	
20,085	-0,72	
20,09	-0,71	
20,095	-0,7	
20,1	-0,7	
20,105	-0,69	
20,11	-0,68	
20,115	-0,66	
20,12	-0,65	
20,125	-0,64	
20,13	-0,63	
20,135	-0,61	
20,14	-0,6	
20,145	-0,59	
20,15	-0,58	
20,155	-0,57	
20,16	-0,55	
20,165	-0,53	
20,17	-0,51	
20,175	-0,5	
20,18	-0,49	
20,185	-0,47	
20,19	-0,45	
20,195	-0,44	
20,2	-0,42	
20,205	-0,39	
20,21	-0,38	
20,215	-0,36	
20,22	-0,34	
20,225	-0,33	
20,23	-0,31	
20,235	-0,29	
20,24	-0,27	
20,245	-0,25	
20,25	-0,23	
20,255	-0,2	
20,26	-0,18	
20,265	-0,16	
20,27	-0,14	
20,275	-0,12	
20,28	-0,1	
20,285	-0,08	
20,29	-0,06	
20,295	-0,04	
20,3	-0,01	
20,305	0,01	
20,31	0,02	
20,315	0,04	
20,32	0,06	
20,325	0,08	
20,33	0,1	
20,335	0,12	
20,34	0,15	
20,345	0,18	
20,35	0,2	
20,355	0,21	
20,36	0,23	
20,365	0,25	
20,37	0,27	
20,375	0,29	
20,38	0,3	
20,385	0,32	
20,39	0,35	
20,395	0,36	
20,4	0,38	
20,405	0,4	
20,41	0,41	
20,415	0,43	
20,42	0,45	
20,425	0,47	
20,43	0,48	
20,435	0,5	
20,44	0,52	
20,445	0,53	
20,45	0,54	
20,455	0,56	
20,46	0,57	
20,465	0,58	
20,47	0,59	
20,475	0,61	
20,48	0,62	
20,485	0,63	
20,49	0,64	
20,495	0,65	
20,5	0,66	
20,505	0,66	
20,51	0,67	
20,515	0,68	
20,52	0,68	
20,525	0,69	
20,53	0,7	
20,535	0,7	
20,54	0,71	
20,545	0,72	
20,55	0,72	
20,555	0,72	
20,56	0,73	
20,565	0,73	
20,57	0,73	
20,575	0,73	
20,58	0,73	
20,585	0,73	
20,59	0,73	
20,595	0,73	
20,6	0,73	
20,605	0,73	
20,61	0,72	
20,615	0,72	
20,62	0,72	
20,625	0,71	
20,63	0,7	
20,635	0,7	
20,64	0,69	
20,645	0,68	
20,65	0,67	
20,655	0,67	
20,66	0,66	
20,665	0,65	
20,67	0,64	
20,675	0,63	
20,68	0,62	
20,685	0,61	
20,69	0,59	
20,695	0,58	
20,7	0,57	
20,705	0,56	
20,71	0,54	
20,715	0,53	
20,72	0,52	
20,725	0,5	
20,73	0,49	
20,735	0,47	
20,74	0,46	
20,745	0,44	
20,75	0,43	
20,755	0,4	
20,76	0,39	
20,765	0,37	
20,77	0,35	
20,775	0,34	
20,78	0,32	
20,785	0,31	
20,79	0,29	
20,795	0,27	
20,8	0,25	
20,805	0,23	
20,81	0,21	
20,815	0,19	
20,82	0,17	
20,825	0,15	
20,83	0,13	
20,835	0,11	
20,84	0,09	
20,845	0,07	
20,85	0,05	
20,855	0,03	
20,86	0,01	
20,865	-0,01	
20,87	-0,03	
20,875	-0,05	
20,88	-0,07	
20,885	-0,09	
20,89	-0,11	
20,895	-0,13	
20,9	-0,15	
20,905	-0,17	
20,91	-0,19	
20,915	-0,21	
20,92	-0,22	
20,925	-0,24	
20,93	-0,26	
20,935	-0,28	
20,94	-0,29	
20,945	-0,31	
20,95	-0,33	
20,955	-0,34	
20,96	-0,36	
20,965	-0,37	
20,97	-0,39	
20,975	-0,4	
20,98	-0,42	
20,985	-0,44	
20,99	-0,45	
20,995	-0,46	
21,0	-0,48	
21,005	-0,49	
21,01	-0,5	
21,015	-0,52	
21,02	-0,53	
21,025	-0,54	
21,03	-0,55	
21,035	-0,56	
21,04	-0,57	
21,045	-0,57	
21,05	-0,58	
21,055	-0,59	
21,06	-0,6	
21,065	-0,61	
21,07	-0,62	
21,075	-0,63	
21,08	-0,63	
21,085	-0,64	
21,09	-0,64	
21,095	-0,64	
21,1	-0,65	
21,105	-0,65	
21,11	-0,65	
21,115	-0,65	
21,12	-0,66	
21,125	-0,66	
21,13	-0,66	
21,135	-0,66	
21,14	-0,66	
21,145	-0,66	
21,15	-0,66	
21,155	-0,65	
21,16	-0,65	
21,165	-0,65	
21,17	-0,65	
21,175	-0,65	
21,18	-0,64	
21,185	-0,63	
21,19	-0,63	
21,195	-0,62	
21,2	-0,61	
21,205	-0,6	
21,21	-0,59	
21,215	-0,59	
21,22	-0,58	
21,225	-0,57	
21,23	-0,56	
21,235	-0,56	
21,24	-0,55	
21,245	-0,54	
21,25	-0,53	
21,255	-0,51	
21,26	-0,5	
21,265	-0,49	
21,27	-0,47	
21,275	-0,46	
21,28	-0,45	
21,285	-0,43	
21,29	-0,42	
21,295	-0,41	
21,3	-0,39	
21,305	-0,37	
21,31	-0,35	
21,315	-0,34	
21,32	-0,33	
21,325	-0,31	
21,33	-0,3	
21,335	-0,28	
21,34	-0,27	
21,345	-0,24	
21,35	-0,23	
21,355	-0,21	
21,36	-0,19	
21,365	-0,18	
21,37	-0,16	
21,375	-0,14	
21,38	-0,13	
21,385	-0,11	
21,39	-0,08	
21,395	-0,07	
21,4	-0,05	
21,405	-0,04	
21,41	-0,02	
21,415	0	
21,42	0,01	
21,425	0,03	
21,43	0,04	
21,435	0,07	
21,44	0,09	
21,445	0,1	
21,45	0,12	
21,455	0,14	
21,46	0,15	
21,465	0,16	
21,47	0,18	
21,475	0,2	
21,48	0,22	
21,485	0,24	
21,49	0,25	
21,495	0,26	
21,5	0,28	
21,505	0,29	
21,51	0,3	
21,515	0,32	
21,52	0,33	
21,525	0,35	
21,53	0,37	
21,535	0,38	
21,54	0,39	
21,545	0,4	
21,55	0,41	
21,555	0,42	
21,56	0,43	
21,565	0,44	
21,57	0,45	
21,575	0,46	
21,58	0,47	
21,585	0,48	
21,59	0,49	
21,595	0,5	
21,6	0,51	
21,605	0,52	
21,61	0,52	
21,615	0,52	
21,62	0,53	
21,625	0,54	
21,63	0,54	
21,635	0,55	
21,64	0,55	
21,645	0,56	
21,65	0,56	
21,655	0,56	
21,66	0,56	
21,665	0,56	
21,67	0,56	
21,675	0,56	
21,68	0,56	
21,685	0,56	
21,69	0,56	
21,695	0,56	
21,7	0,56	
21,705	0,56	
21,71	0,56	
21,715	0,55	
21,72	0,55	
21,725	0,54	
21,73	0,54	
21,735	0,53	
21,74	0,53	
21,745	0,52	
21,75	0,52	
21,755	0,51	
21,76	0,5	
21,765	0,49	
21,77	0,49	
21,775	0,48	
21,78	0,47	
21,785	0,46	
21,79	0,46	
21,795	0,44	
21,8	0,43	
21,805	0,42	
21,81	0,4	
21,815	0,4	
21,82	0,39	
21,825	0,37	
21,83	0,36	
21,835	0,35	
21,84	0,34	
21,845	0,32	
21,85	0,31	
21,855	0,3	
21,86	0,28	
21,865	0,27	
21,87	0,26	
21,875	0,25	
21,88	0,23	
21,885	0,22	
21,89	0,19	
21,895	0,18	
21,9	0,16	
21,905	0,15	
21,91	0,13	
21,915	0,12	
21,92	0,11	
21,925	0,1	
21,93	0,08	
21,935	0,06	
21,94	0,04	
21,945	0,02	
21,95	0,01	
21,955	0	
21,96	-0,01	
21,965	-0,03	
21,97	-0,04	
21,975	-0,06	
21,98	-0,08	
21,985	-0,09	
21,99	-0,11	
21,995	-0,12	
22,0	-0,13	
22,005	-0,15	
22,01	-0,16	
22,015	-0,17	
22,02	-0,18	
22,025	-0,19	
22,03	-0,21	
22,035	-0,22	
22,04	-0,24	
22,045	-0,25	
22,05	-0,26	
22,055	-0,27	
22,06	-0,28	
22,065	-0,29	
22,07	-0,3	
22,075	-0,32	
22,08	-0,32	
22,085	-0,33	
22,09	-0,34	
22,095	-0,35	
22,1	-0,36	
22,105	-0,37	
22,11	-0,38	
22,115	-0,39	
22,12	-0,4	
22,125	-0,4	
22,13	-0,41	
22,135	-0,41	
22,14	-0,42	
22,145	-0,43	
22,15	-0,43	
22,155	-0,44	
22,16	-0,44	
22,165	-0,45	
22,17	-0,45	
22,175	-0,45	
22,18	-0,46	
22,185	-0,46	
22,19	-0,46	
22,195	-0,46	
22,2	-0,46	
22,205	-0,46	
22,21	-0,47	
22,215	-0,46	
22,22	-0,46	
22,225	-0,46	
22,23	-0,46	
22,235	-0,46	
22,24	-0,46	
22,245	-0,45	
22,25	-0,45	
22,255	-0,44	
22,26	-0,44	
22,265	-0,44	
22,27	-0,43	
22,275	-0,43	
22,28	-0,42	
22,285	-0,41	
22,29	-0,41	
22,295	-0,4	
22,3	-0,39	
22,305	-0,39	
22,31	-0,38	
22,315	-0,37	
22,32	-0,36	
22,325	-0,35	
22,33	-0,35	
22,335	-0,34	
22,34	-0,33	
22,345	-0,32	
22,35	-0,31	
22,355	-0,3	
22,36	-0,29	
22,365	-0,28	
22,37	-0,27	
22,375	-0,26	
22,38	-0,24	
22,385	-0,23	
22,39	-0,22	
22,395	-0,21	
22,4	-0,2	
22,405	-0,19	
22,41	-0,18	
22,415	-0,16	
22,42	-0,15	
22,425	-0,14	
22,43	-0,13	
22,435	-0,11	
22,44	-0,1	
22,445	-0,09	
22,45	-0,07	
22,455	-0,06	
22,46	-0,05	
22,465	-0,03	
22,47	-0,02	
22,475	-0,01	
22,48	0	
22,485	0,02	
22,49	0,04	
22,495	0,05	
22,5	0,06	
22,505	0,07	
22,51	0,08	
22,515	0,09	
22,52	0,1	
22,525	0,12	
22,53	0,14	
22,535	0,15	
22,54	0,16	
22,545	0,17	
22,55	0,18	
22,555	0,19	
22,56	0,2	
22,565	0,21	
22,57	0,22	
22,575	0,23	
22,58	0,24	
22,585	0,25	
22,59	0,25	
22,595	0,27	
22,6	0,28	
22,605	0,29	
22,61	0,3	
22,615	0,31	
22,62	0,32	
22,625	0,32	
22,63	0,33	
22,635	0,33	
22,64	0,34	
22,645	0,34	
22,65	0,35	
22,655	0,35	
22,66	0,35	
22,665	0,36	
22,67	0,36	
22,675	0,37	
22,68	0,37	
22,685	0,38	
22,69	0,38	
22,695	0,38	
22,7	0,38	
22,705	0,38	
22,71	0,38	
22,715	0,39	
22,72	0,39	
22,725	0,39	
22,73	0,39	
22,735	0,39	
22,74	0,39	
22,745	0,39	
22,75	0,39	
22,755	0,39	
22,76	0,38	
22,765	0,38	
22,77	0,37	
22,775	0,37	
22,78	0,36	
22,785	0,36	
22,79	0,36	
22,795	0,35	
22,8	0,35	
22,805	0,34	
22,81	0,33	
22,815	0,33	
22,82	0,32	
22,825	0,32	
22,83	0,31	
22,835	0,3	
22,84	0,29	
22,845	0,28	
22,85	0,28	
22,855	0,27	
22,86	0,26	
22,865	0,25	
22,87	0,24	
22,875	0,23	
22,88	0,22	
22,885	0,21	
22,89	0,2	
22,895	0,19	
22,9	0,18	
22,905	0,17	
22,91	0,16	
22,915	0,15	
22,92	0,14	
22,925	0,13	
22,93	0,12	
22,935	0,1	
22,94	0,09	
22,945	0,08	
22,95	0,07	
22,955	0,06	
22,96	0,05	
22,965	0,03	
22,97	0,02	
22,975	0,01	
22,98	-0,01	
22,985	-0,02	
22,99	-0,03	
22,995	-0,04	
23,0	-0,05	
23,005	-0,06	
23,01	-0,07	
23,015	-0,09	
23,02	-0,1	
23,025	-0,11	
23,03	-0,13	
23,035	-0,13	
23,04	-0,14	
23,045	-0,16	
23,05	-0,17	
23,055	-0,18	
23,06	-0,19	
23,065	-0,19	
23,07	-0,2	
23,075	-0,21	
23,08	-0,22	
23,085	-0,24	
23,09	-0,25	
23,095	-0,26	
23,1	-0,27	
23,105	-0,27	
23,11	-0,28	
23,115	-0,28	
23,12	-0,29	
23,125	-0,3	
23,13	-0,31	
23,135	-0,32	
23,14	-0,32	
23,145	-0,33	
23,15	-0,33	
23,155	-0,33	
23,16	-0,34	
23,165	-0,35	
23,17	-0,35	
23,175	-0,36	
23,18	-0,36	
23,185	-0,36	
23,19	-0,36	
23,195	-0,37	
23,2	-0,37	
23,205	-0,38	
23,21	-0,37	
23,215	-0,38	
23,22	-0,37	
23,225	-0,37	
23,23	-0,37	
23,235	-0,37	
23,24	-0,37	
23,245	-0,37	
23,25	-0,37	
23,255	-0,37	
23,26	-0,36	
23,265	-0,36	
23,27	-0,36	
23,275	-0,36	
23,28	-0,35	
23,285	-0,35	
23,29	-0,35	
23,295	-0,34	
23,3	-0,33	
23,305	-0,33	
23,31	-0,32	
23,315	-0,32	
23,32	-0,32	
23,325	-0,31	
23,33	-0,3	
23,335	-0,29	
23,34	-0,28	
23,345	-0,27	
23,35	-0,26	
23,355	-0,26	
23,36	-0,25	
23,365	-0,24	
23,37	-0,23	
23,375	-0,23	
23,38	-0,22	
23,385	-0,2	
23,39	-0,2	
23,395	-0,18	
23,4	-0,17	
23,405	-0,16	
23,41	-0,15	
23,415	-0,14	
23,42	-0,13	
23,425	-0,11	
23,43	-0,1	
23,435	-0,1	
23,44	-0,08	
23,445	-0,06	
23,45	-0,06	
23,455	-0,05	
23,46	-0,03	
23,465	-0,02	
23,47	-0,01	
23,475	0	
23,48	0,01	
23,485	0,03	
23,49	0,04	
23,495	0,05	
23,5	0,06	
23,505	0,08	
23,51	0,09	
23,515	0,1	
23,52	0,11	
23,525	0,12	
23,53	0,14	
23,535	0,15	
23,54	0,16	
23,545	0,18	
23,55	0,19	
23,555	0,2	
23,56	0,21	
23,565	0,22	
23,57	0,23	
23,575	0,24	
23,58	0,25	
23,585	0,26	
23,59	0,27	
23,595	0,28	
23,6	0,29	
23,605	0,29	
23,61	0,3	
23,615	0,32	
23,62	0,33	
23,625	0,34	
23,63	0,35	
23,635	0,35	
23,64	0,36	
23,645	0,37	
23,65	0,37	
23,655	0,38	
23,66	0,38	
23,665	0,39	
23,67	0,39	
23,675	0,39	
23,68	0,4	
23,685	0,4	
23,69	0,41	
23,695	0,42	
23,7	0,42	
23,705	0,42	
23,71	0,42	
23,715	0,42	
23,72	0,42	
23,725	0,42	
23,73	0,42	
23,735	0,42	
23,74	0,43	
23,745	0,43	
23,75	0,43	
23,755	0,42	
23,76	0,42	
23,765	0,42	
23,77	0,42	
23,775	0,42	
23,78	0,41	
23,785	0,41	
23,79	0,4	
23,795	0,4	
23,8	0,39	
23,805	0,38	
23,81	0,38	
23,815	0,38	
23,82	0,37	
23,825	0,37	
23,83	0,36	
23,835	0,35	
23,84	0,34	
23,845	0,33	
23,85	0,32	
23,855	0,31	
23,86	0,31	
23,865	0,3	
23,87	0,29	
23,875	0,28	
23,88	0,27	
23,885	0,26	
23,89	0,25	
23,895	0,24	
23,9	0,23	
23,905	0,22	
23,91	0,2	
23,915	0,19	
23,92	0,18	
23,925	0,17	
23,93	0,16	
23,935	0,14	
23,94	0,12	
23,945	0,11	
23,95	0,1	
23,955	0,09	
23,96	0,07	
23,965	0,06	
23,97	0,05	
23,975	0,03	
23,98	0,02	
23,985	0	
23,99	-0,02	
23,995	-0,03	
24,0	-0,04	
24,005	-0,06	
24,01	-0,07	
24,015	-0,08	
24,02	-0,09	
24,025	-0,11	
24,03	-0,13	
24,035	-0,14	
24,04	-0,15	
24,045	-0,16	
24,05	-0,18	
24,055	-0,19	
24,06	-0,2	
24,065	-0,21	
24,07	-0,23	
24,075	-0,25	
24,08	-0,26	
24,085	-0,27	
24,09	-0,28	
24,095	-0,29	
24,1	-0,31	
24,105	-0,32	
24,11	-0,33	
24,115	-0,34	
24,12	-0,36	
24,125	-0,37	
24,13	-0,37	
24,135	-0,38	
24,14	-0,39	
24,145	-0,4	
24,15	-0,41	
24,155	-0,42	
24,16	-0,43	
24,165	-0,44	
24,17	-0,45	
24,175	-0,45	
24,18	-0,46	
24,185	-0,47	
24,19	-0,47	
24,195	-0,48	
24,2	-0,48	
24,205	-0,49	
24,21	-0,49	
24,215	-0,49	
24,22	-0,5	
24,225	-0,5	
24,23	-0,51	
24,235	-0,51	
24,24	-0,51	
24,245	-0,51	
24,25	-0,52	
24,255	-0,51	
24,26	-0,52	
24,265	-0,52	
24,27	-0,52	
24,275	-0,52	
24,28	-0,52	
24,285	-0,51	
24,29	-0,51	
24,295	-0,51	
24,3	-0,5	
24,305	-0,5	
24,31	-0,49	
24,315	-0,49	
24,32	-0,48	
24,325	-0,48	
24,33	-0,47	
24,335	-0,47	
24,34	-0,46	
24,345	-0,46	
24,35	-0,45	
24,355	-0,44	
24,36	-0,43	
24,365	-0,42	
24,37	-0,41	
24,375	-0,4	
24,38	-0,39	
24,385	-0,38	
24,39	-0,38	
24,395	-0,36	
24,4	-0,35	
24,405	-0,34	
24,41	-0,32	
24,415	-0,31	
24,42	-0,3	
24,425	-0,29	
24,43	-0,28	
24,435	-0,26	
24,44	-0,25	
24,445	-0,23	
24,45	-0,22	
24,455	-0,21	
24,46	-0,19	
24,465	-0,18	
24,47	-0,16	
24,475	-0,15	
24,48	-0,13	
24,485	-0,11	
24,49	-0,09	
24,495	-0,08	
24,5	-0,06	
24,505	-0,05	
24,51	-0,04	
24,515	-0,02	
24,52	-0,01	
24,525	0,01	
24,53	0,03	
24,535	0,05	
24,54	0,07	
24,545	0,08	
24,55	0,1	
24,555	0,11	
24,56	0,13	
24,565	0,14	
24,57	0,16	
24,575	0,18	
24,58	0,2	
24,585	0,21	
24,59	0,22	
24,595	0,24	
24,6	0,26	
24,605	0,27	
24,61	0,29	
24,615	0,3	
24,62	0,32	
24,625	0,34	
24,63	0,35	
24,635	0,36	
24,64	0,38	
24,645	0,39	
24,65	0,4	
24,655	0,41	
24,66	0,42	
24,665	0,44	
24,67	0,45	
24,675	0,46	
24,68	0,47	
24,685	0,49	
24,69	0,5	
24,695	0,5	
24,7	0,51	
24,705	0,52	
24,71	0,53	
24,715	0,54	
24,72	0,55	
24,725	0,55	
24,73	0,56	
24,735	0,57	
24,74	0,57	
24,745	0,58	
24,75	0,59	
24,755	0,59	
24,76	0,6	
24,765	0,6	
24,77	0,6	
24,775	0,61	
24,78	0,61	
24,785	0,61	
24,79	0,61	
24,795	0,61	
24,8	0,62	
24,805	0,62	
24,81	0,62	
24,815	0,62	
24,82	0,61	
24,825	0,61	
24,83	0,6	
24,835	0,6	
24,84	0,6	
24,845	0,6	
24,85	0,59	
24,855	0,58	
24,86	0,58	
24,865	0,57	
24,87	0,57	
24,875	0,56	
24,88	0,55	
24,885	0,55	
24,89	0,54	
24,895	0,53	
24,9	0,52	
24,905	0,51	
24,91	0,5	
24,915	0,49	
24,92	0,48	
24,925	0,47	
24,93	0,46	
24,935	0,44	
24,94	0,42	
24,945	0,41	
24,95	0,4	
24,955	0,39	
24,96	0,38	
24,965	0,36	
24,97	0,35	
24,975	0,33	
24,98	0,31	
24,985	0,29	
24,99	0,28	
24,995	0,26	
25,0	0,25	
25,005	0,23	
25,01	0,21	
25,015	0,2	
25,02	0,18	
25,025	0,16	
25,03	0,14	
25,035	0,12	
25,04	0,11	
25,045	0,09	
25,05	0,07	
25,055	0,05	
25,06	0,04	
25,065	0,02	
25,07	0	
25,075	-0,03	
25,08	-0,04	
25,085	-0,06	
25,09	-0,08	
25,095	-0,1	
25,1	-0,11	
25,105	-0,13	
25,11	-0,15	
25,115	-0,17	
25,12	-0,19	
25,125	-0,21	
25,13	-0,23	
25,135	-0,25	
25,14	-0,26	
25,145	-0,28	
25,15	-0,29	
25,155	-0,31	
25,16	-0,33	
25,165	-0,35	
25,17	-0,37	
25,175	-0,38	
25,18	-0,4	
25,185	-0,41	
25,19	-0,42	
25,195	-0,44	
25,2	-0,45	
25,205	-0,46	
25,21	-0,48	
25,215	-0,5	
25,22	-0,51	
25,225	-0,52	
25,23	-0,53	
25,235	-0,54	
25,24	-0,55	
25,245	-0,57	
25,25	-0,58	
25,255	-0,59	
25,26	-0,6	
25,265	-0,61	
25,27	-0,62	
25,275	-0,62	
25,28	-0,63	
25,285	-0,64	
25,29	-0,65	
25,295	-0,66	
25,3	-0,66	
25,305	-0,67	
25,31	-0,67	
25,315	-0,67	
25,32	-0,68	
25,325	-0,68	
25,33	-0,69	
25,335	-0,69	
25,34	-0,69	
25,345	-0,69	
25,35	-0,69	
25,355	-0,69	
25,36	-0,69	
25,365	-0,69	
25,37	-0,69	
25,375	-0,69	
25,38	-0,68	
25,385	-0,68	
25,39	-0,67	
25,395	-0,67	
25,4	-0,66	
25,405	-0,66	
25,41	-0,65	
25,415	-0,65	
25,42	-0,64	
25,425	-0,64	
25,43	-0,63	
25,435	-0,62	
25,44	-0,61	
25,445	-0,6	
25,45	-0,59	
25,455	-0,58	
25,46	-0,57	
25,465	-0,56	
25,47	-0,55	
25,475	-0,53	
25,48	-0,52	
25,485	-0,5	
25,49	-0,49	
25,495	-0,48	
25,5	-0,46	
25,505	-0,45	
25,51	-0,43	
25,515	-0,42	
25,52	-0,4	
25,525	-0,39	
25,53	-0,36	
25,535	-0,34	
25,54	-0,33	
25,545	-0,31	
25,55	-0,29	
25,555	-0,28	
25,56	-0,26	
25,565	-0,25	
25,57	-0,23	
25,575	-0,2	
25,58	-0,19	
25,585	-0,16	
25,59	-0,15	
25,595	-0,13	
25,6	-0,11	
25,605	-0,09	
25,61	-0,07	
25,615	-0,05	
25,62	-0,02	
25,625	0	
25,63	0,02	
25,635	0,04	
25,64	0,06	
25,645	0,07	
25,65	0,09	
25,655	0,11	
25,66	0,13	
25,665	0,15	
25,67	0,18	
25,675	0,2	
25,68	0,22	
25,685	0,23	
25,69	0,25	
25,695	0,27	
25,7	0,29	
25,705	0,31	
25,71	0,32	
25,715	0,35	
25,72	0,36	
25,725	0,38	
25,73	0,39	
25,735	0,41	
25,74	0,43	
25,745	0,45	
25,75	0,46	
25,755	0,48	
25,76	0,5	
25,765	0,51	
25,77	0,52	
25,775	0,54	
25,78	0,55	
25,785	0,57	
25,79	0,58	
25,795	0,59	
25,8	0,6	
25,805	0,62	
25,81	0,63	
25,815	0,64	
25,82	0,65	
25,825	0,66	
25,83	0,66	
25,835	0,67	
25,84	0,68	
25,845	0,69	
25,85	0,7	
25,855	0,7	
25,86	0,71	
25,865	0,71	
25,87	0,72	
25,875	0,72	
25,88	0,72	
25,885	0,73	
25,89	0,73	
25,895	0,73	
25,9	0,73	
25,905	0,73	
25,91	0,73	
25,915	0,73	
25,92	0,73	
25,925	0,73	
25,93	0,73	
25,935	0,73	
25,94	0,72	
25,945	0,72	
25,95	0,71	
25,955	0,71	
25,96	0,7	
25,965	0,7	
25,97	0,69	
25,975	0,68	
25,98	0,68	
25,985	0,66	
25,99	0,66	
25,995	0,65	
26,0	0,64	
26,005	0,63	
26,01	0,62	
26,015	0,61	
26,02	0,6	
26,025	0,58	
26,03	0,57	
26,035	0,55	
26,04	0,54	
26,045	0,53	
26,05	0,51	
26,055	0,5	
26,06	0,48	
26,065	0,47	
26,07	0,45	
26,075	0,43	
26,08	0,41	
26,085	0,4	
26,09	0,38	
26,095	0,36	
26,1	0,35	
26,105	0,33	
26,11	0,31	
26,115	0,29	
26,12	0,27	
26,125	0,25	
26,13	0,23	
26,135	0,21	
26,14	0,19	
26,145	0,17	
26,15	0,15	
26,155	0,14	
26,16	0,12	
26,165	0,1	
26,17	0,07	
26,175	0,05	
26,18	0,03	
26,185	0,01	
26,19	-0,01	
26,195	-0,03	
26,2	-0,05	
26,205	-0,07	
26,21	-0,09	
26,215	-0,12	
26,22	-0,14	
26,225	-0,16	
26,23	-0,18	
26,235	-0,2	
26,24	-0,22	
26,245	-0,24	
26,25	-0,25	
26,255	-0,27	
26,26	-0,3	
26,265	-0,32	
26,27	-0,34	
26,275	-0,35	
26,28	-0,37	
26,285	-0,39	
26,29	-0,4	
26,295	-0,41	
26,3	-0,43	
26,305	-0,45	
26,31	-0,47	
26,315	-0,49	
26,32	-0,5	
26,325	-0,51	
26,33	-0,53	
26,335	-0,54	
26,34	-0,56	
26,345	-0,57	
26,35	-0,59	
26,355	-0,6	
26,36	-0,61	
26,365	-0,62	
26,37	-0,63	
26,375	-0,64	
26,38	-0,65	
26,385	-0,66	
26,39	-0,67	
26,395	-0,68	
26,4	-0,69	
26,405	-0,69	
26,41	-0,7	
26,415	-0,71	
26,42	-0,71	
26,425	-0,72	
26,43	-0,72	
26,435	-0,72	
26,44	-0,73	
26,445	-0,73	
26,45	-0,73	
26,455	-0,73	
26,46	-0,73	
26,465	-0,73	
26,47	-0,74	
26,475	-0,73	
26,48	-0,73	
26,485	-0,73	
26,49	-0,73	
26,495	-0,72	
26,5	-0,72	
26,505	-0,72	
26,51	-0,71	
26,515	-0,71	
26,52	-0,7	
26,525	-0,69	
26,53	-0,68	
26,535	-0,67	
26,54	-0,67	
26,545	-0,66	
26,55	-0,65	
26,555	-0,65	
26,56	-0,64	
26,565	-0,62	
26,57	-0,61	
26,575	-0,6	
26,58	-0,58	
26,585	-0,57	
26,59	-0,56	
26,595	-0,55	
26,6	-0,53	
26,605	-0,52	
26,61	-0,51	
26,615	-0,49	
26,62	-0,48	
26,625	-0,46	
26,63	-0,44	
26,635	-0,42	
26,64	-0,41	
26,645	-0,39	
26,65	-0,38	
26,655	-0,36	
26,66	-0,34	
26,665	-0,33	
26,67	-0,3	
26,675	-0,28	
26,68	-0,27	
26,685	-0,25	
26,69	-0,23	
26,695	-0,21	
26,7	-0,2	
26,705	-0,18	
26,71	-0,16	
26,715	-0,13	
26,72	-0,11	
26,725	-0,09	
26,73	-0,07	
26,735	-0,05	
26,74	-0,03	
26,745	-0,01	
26,75	0,01	
26,755	0,03	
26,76	0,06	
26,765	0,07	
26,77	0,09	
26,775	0,11	
26,78	0,13	
26,785	0,15	
26,79	0,17	
26,795	0,19	
26,8	0,21	
26,805	0,23	
26,81	0,25	
26,815	0,26	
26,82	0,28	
26,825	0,29	
26,83	0,31	
26,835	0,33	
26,84	0,35	
26,845	0,37	
26,85	0,39	
26,855	0,4	
26,86	0,42	
26,865	0,43	
26,87	0,45	
26,875	0,46	
26,88	0,48	
26,885	0,49	
26,89	0,51	
26,895	0,52	
26,9	0,54	
26,905	0,55	
26,91	0,56	
26,915	0,57	
26,92	0,58	
26,925	0,59	
26,93	0,6	
26,935	0,61	
26,94	0,63	
26,945	0,63	
26,95	0,64	
26,955	0,65	
26,96	0,65	
26,965	0,66	
26,97	0,66	
26,975	0,67	
26,98	0,68	
26,985	0,68	
26,99	0,69	
26,995	0,69	
27,0	0,69	
27,005	0,69	
27,01	0,69	
27,015	0,69	
27,02	0,69	
27,025	0,69	
27,03	0,69	
27,035	0,69	
27,04	0,69	
27,045	0,69	
27,05	0,68	
27,055	0,68	
27,06	0,68	
27,065	0,68	
27,07	0,67	
27,075	0,67	
27,08	0,66	
27,085	0,65	
27,09	0,64	
27,095	0,63	
27,1	0,63	
27,105	0,62	
27,11	0,61	
27,115	0,6	
27,12	0,59	
27,125	0,57	
27,13	0,56	
27,135	0,55	
27,14	0,54	
27,145	0,53	
27,15	0,52	
27,155	0,51	
27,16	0,49	
27,165	0,48	
27,17	0,46	
27,175	0,45	
27,18	0,44	
27,185	0,42	
27,19	0,41	
27,195	0,39	
27,2	0,37	
27,205	0,36	
27,21	0,34	
27,215	0,32	
27,22	0,31	
27,225	0,29	
27,23	0,28	
27,235	0,26	
27,24	0,24	
27,245	0,22	
27,25	0,2	
27,255	0,19	
27,26	0,16	
27,265	0,14	
27,27	0,12	
27,275	0,11	
27,28	0,09	
27,285	0,08	
27,29	0,06	
27,295	0,04	
27,3	0,02	
27,305	-0,01	
27,31	-0,03	
27,315	-0,05	
27,32	-0,06	
27,325	-0,08	
27,33	-0,1	
27,335	-0,11	
27,34	-0,13	
27,345	-0,14	
27,35	-0,17	
27,355	-0,19	
27,36	-0,21	
27,365	-0,22	
27,37	-0,24	
27,375	-0,25	
27,38	-0,27	
27,385	-0,28	
27,39	-0,3	
27,395	-0,32	
27,4	-0,33	
27,405	-0,35	
27,41	-0,36	
27,415	-0,37	
27,42	-0,39	
27,425	-0,4	
27,43	-0,42	
27,435	-0,43	
27,44	-0,44	
27,445	-0,46	
27,45	-0,47	
27,455	-0,48	
27,46	-0,49	
27,465	-0,5	
27,47	-0,51	
27,475	-0,52	
27,48	-0,53	
27,485	-0,54	
27,49	-0,55	
27,495	-0,55	
27,5	-0,56	
27,505	-0,57	
27,51	-0,58	
27,515	-0,58	
27,52	-0,59	
27,525	-0,59	
27,53	-0,6	
27,535	-0,6	
27,54	-0,61	
27,545	-0,61	
27,55	-0,61	
27,555	-0,61	
27,56	-0,61	
27,565	-0,61	
27,57	-0,61	
27,575	-0,62	
27,58	-0,62	
27,585	-0,62	
27,59	-0,62	
27,595	-0,61	
27,6	-0,61	
27,605	-0,6	
27,61	-0,6	
27,615	-0,6	
27,62	-0,59	
27,625	-0,59	
27,63	-0,59	
27,635	-0,58	
27,64	-0,57	
27,645	-0,57	
27,65	-0,56	
27,655	-0,55	
27,66	-0,55	
27,665	-0,54	
27,67	-0,53	
27,675	-0,52	
27,68	-0,51	
27,685	-0,5	
27,69	-0,49	
27,695	-0,48	
27,7	-0,47	
27,705	-0,46	
27,71	-0,45	
27,715	-0,43	
27,72	-0,42	
27,725	-0,4	
27,73	-0,39	
27,735	-0,38	
27,74	-0,37	
27,745	-0,35	
27,75	-0,34	
27,755	-0,32	
27,76	-0,3	
27,765	-0,28	
27,77	-0,27	
27,775	-0,26	
27,78	-0,24	
27,785	-0,23	
27,79	-0,21	
27,795	-0,2	
27,8	-0,19	
27,805	-0,16	
27,81	-0,14	
27,815	-0,13	
27,82	-0,12	
27,825	-0,1	
27,83	-0,09	
27,835	-0,07	
27,84	-0,05	
27,845	-0,03	
27,85	-0,01	
27,855	0	
27,86	0,02	
27,865	0,03	
27,87	0,05	
27,875	0,07	
27,88	0,08	
27,885	0,1	
27,89	0,11	
27,895	0,13	
27,9	0,15	
27,905	0,16	
27,91	0,18	
27,915	0,19	
27,92	0,2	
27,925	0,22	
27,93	0,23	
27,935	0,25	
27,94	0,26	
27,945	0,28	
27,95	0,29	
27,955	0,3	
27,96	0,31	
27,965	0,33	
27,97	0,34	
27,975	0,35	
27,98	0,36	
27,985	0,37	
27,99	0,38	
27,995	0,39	
28,0	0,4	
28,005	0,41	
28,01	0,42	
28,015	0,43	
28,02	0,43	
28,025	0,44	
28,03	0,45	
28,035	0,46	
28,04	0,47	
28,045	0,48	
28,05	0,48	
28,055	0,48	
28,06	0,49	
28,065	0,49	
28,07	0,5	
28,075	0,5	
28,08	0,51	
28,085	0,51	
28,09	0,51	
28,095	0,51	
28,1	0,51	
28,105	0,52	
28,11	0,52	
28,115	0,52	
28,12	0,52	
28,125	0,52	
28,13	0,52	
28,135	0,51	
28,14	0,51	
28,145	0,51	
28,15	0,51	
28,155	0,5	
28,16	0,5	
28,165	0,5	
28,17	0,49	
28,175	0,49	
28,18	0,48	
28,185	0,47	
28,19	0,47	
28,195	0,46	
28,2	0,46	
28,205	0,45	
28,21	0,44	
28,215	0,43	
28,22	0,42	
28,225	0,41	
28,23	0,4	
28,235	0,4	
28,24	0,39	
28,245	0,38	
28,25	0,37	
28,255	0,36	
28,26	0,34	
28,265	0,33	
28,27	0,32	
28,275	0,31	
28,28	0,3	
28,285	0,29	
28,29	0,27	
28,295	0,26	
28,3	0,25	
28,305	0,23	
28,31	0,22	
28,315	0,21	
28,32	0,2	
28,325	0,19	
28,33	0,17	
28,335	0,16	
28,34	0,14	
28,345	0,13	
28,35	0,12	
28,355	0,1	
28,36	0,09	
28,365	0,07	
28,37	0,06	
28,375	0,05	
28,38	0,04	
28,385	0,02	
28,39	0	
28,395	-0,01	
28,4	-0,03	
28,405	-0,04	
28,41	-0,05	
28,415	-0,07	
28,42	-0,08	
28,425	-0,09	
28,43	-0,11	
28,435	-0,12	
28,44	-0,13	
28,445	-0,15	
28,45	-0,16	
28,455	-0,17	
28,46	-0,19	
28,465	-0,2	
28,47	-0,21	
28,475	-0,22	
28,48	-0,23	
28,485	-0,24	
28,49	-0,25	
28,495	-0,26	
28,5	-0,27	
28,505	-0,28	
28,51	-0,29	
28,515	-0,3	
28,52	-0,31	
28,525	-0,32	
28,53	-0,33	
28,535	-0,34	
28,54	-0,34	
28,545	-0,35	
28,55	-0,36	
28,555	-0,37	
28,56	-0,37	
28,565	-0,38	
28,57	-0,38	
28,575	-0,39	
28,58	-0,4	
28,585	-0,4	
28,59	-0,41	
28,595	-0,41	
28,6	-0,41	
28,605	-0,41	
28,61	-0,42	
28,615	-0,42	
28,62	-0,42	
28,625	-0,43	
28,63	-0,43	
28,635	-0,43	
28,64	-0,43	
28,645	-0,43	
28,65	-0,43	
28,655	-0,43	
28,66	-0,43	
28,665	-0,42	
28,67	-0,42	
28,675	-0,42	
28,68	-0,41	
28,685	-0,41	
28,69	-0,4	
28,695	-0,4	
28,7	-0,4	
28,705	-0,39	
28,71	-0,39	
28,715	-0,38	
28,72	-0,38	
28,725	-0,37	
28,73	-0,37	
28,735	-0,36	
28,74	-0,35	
28,745	-0,35	
28,75	-0,34	
28,755	-0,33	
28,76	-0,32	
28,765	-0,31	
28,77	-0,31	
28,775	-0,3	
28,78	-0,29	
28,785	-0,28	
28,79	-0,27	
28,795	-0,26	
28,8	-0,25	
28,805	-0,24	
28,81	-0,22	
28,815	-0,21	
28,82	-0,2	
28,825	-0,19	
28,83	-0,18	
28,835	-0,17	
28,84	-0,16	
28,845	-0,15	
28,85	-0,14	
28,855	-0,12	
28,86	-0,11	
28,865	-0,1	
28,87	-0,09	
28,875	-0,08	
28,88	-0,07	
28,885	-0,06	
28,89	-0,05	
28,895	-0,03	
28,9	-0,01	
28,905	0	
28,91	0,01	
28,915	0,02	
28,92	0,03	
28,925	0,04	
28,93	0,05	
28,935	0,07	
28,94	0,08	
28,945	0,09	
28,95	0,1	
28,955	0,11	
28,96	0,12	
28,965	0,13	
28,97	0,14	
28,975	0,16	
28,98	0,17	
28,985	0,18	
28,99	0,19	
28,995	0,2	
29,0	0,21	
29,005	0,22	
29,01	0,23	
29,015	0,23	
29,02	0,24	
29,025	0,25	
29,03	0,26	
29,035	0,27	
29,04	0,28	
29,045	0,28	
29,05	0,29	
29,055	0,3	
29,06	0,3	
29,065	0,31	
29,07	0,31	
29,075	0,32	
29,08	0,33	
29,085	0,33	
29,09	0,34	
29,095	0,35	
29,1	0,35	
29,105	0,35	
29,11	0,35	
29,115	0,35	
29,12	0,36	
29,125	0,36	
29,13	0,36	
29,135	0,37	
29,14	0,37	
29,145	0,37	
29,15	0,36	
29,155	0,36	
29,16	0,36	
29,165	0,36	
29,17	0,36	
29,175	0,36	
29,18	0,36	
29,185	0,36	
29,19	0,36	
29,195	0,35	
29,2	0,35	
29,205	0,35	
29,21	0,34	
29,215	0,34	
29,22	0,34	
29,225	0,33	
29,23	0,32	
29,235	0,31	
29,24	0,31	
29,245	0,3	
29,25	0,3	
29,255	0,3	
29,26	0,29	
29,265	0,28	
29,27	0,27	
29,275	0,27	
29,28	0,26	
29,285	0,25	
29,29	0,24	
29,295	0,23	
29,3	0,22	
29,305	0,21	
29,31	0,2	
29,315	0,19	
29,32	0,18	
29,325	0,17	
29,33	0,17	
29,335	0,16	
29,34	0,15	
29,345	0,14	
29,35	0,13	
29,355	0,11	
29,36	0,09	
29,365	0,08	
29,37	0,08	
29,375	0,06	
29,38	0,05	
29,385	0,05	
29,39	0,04	
29,395	0,03	
29,4	0,01	
29,405	0	
29,41	-0,01	
29,415	-0,02	
29,42	-0,04	
29,425	-0,05	
29,43	-0,06	
29,435	-0,07	
29,44	-0,08	
29,445	-0,1	
29,45	-0,11	
29,455	-0,12	
29,46	-0,13	
29,465	-0,14	
29,47	-0,15	
29,475	-0,16	
29,48	-0,17	
29,485	-0,18	
29,49	-0,19	
29,495	-0,2	
29,5	-0,21	
29,505	-0,22	
29,51	-0,23	
29,515	-0,24	
29,52	-0,25	
29,525	-0,25	
29,53	-0,26	
29,535	-0,27	
29,54	-0,28	
29,545	-0,29	
29,55	-0,29	
29,555	-0,3	
29,56	-0,3	
29,565	-0,31	
29,57	-0,32	
29,575	-0,32	
29,58	-0,33	
29,585	-0,34	
29,59	-0,34	
29,595	-0,34	
29,6	-0,35	
29,605	-0,35	
29,61	-0,35	
29,615	-0,36	
29,62	-0,36	
29,625	-0,36	
29,63	-0,37	
29,635	-0,37	
29,64	-0,37	
29,645	-0,37	
29,65	-0,37	
29,655	-0,37	
29,66	-0,37	
29,665	-0,37	
29,67	-0,37	
29,675	-0,36	
29,68	-0,36	
29,685	-0,36	
29,69	-0,36	
29,695	-0,36	
29,7	-0,36	
29,705	-0,35	
29,71	-0,35	
29,715	-0,35	
29,72	-0,34	
29,725	-0,33	
29,73	-0,33	
29,735	-0,32	
29,74	-0,32	
29,745	-0,31	
29,75	-0,31	
29,755	-0,3	
29,76	-0,29	
29,765	-0,28	
29,77	-0,28	
29,775	-0,27	
29,78	-0,26	
29,785	-0,25	
29,79	-0,25	
29,795	-0,24	
29,8	-0,23	
29,805	-0,22	
29,81	-0,21	
29,815	-0,2	
29,82	-0,19	
29,825	-0,18	
29,83	-0,17	
29,835	-0,16	
29,84	-0,15	
29,845	-0,14	
29,85	-0,13	
29,855	-0,11	
29,86	-0,1	
29,865	-0,09	
29,87	-0,08	
29,875	-0,06	
29,88	-0,05	
29,885	-0,04	
29,89	-0,03	
29,895	-0,02	
29,9	0	
29,905	0,01	
29,91	0,02	
29,915	0,03	
29,92	0,04	
29,925	0,06	
29,93	0,07	
29,935	0,08	
29,94	0,09	
29,945	0,11	
29,95	0,12	
29,955	0,13	
29,96	0,14	
29,965	0,16	
29,97	0,17	
29,975	0,18	
29,98	0,19	
29,985	0,2	
29,99	0,21	
29,995	0,22	
30,0	0,23	
30,005	0,24	
30,01	0,26	
30,015	0,26	
30,02	0,27	
30,025	0,28	
30,03	0,29	
30,035	0,3	
30,04	0,31	
30,045	0,32	
30,05	0,33	
30,055	0,34	
30,06	0,34	
30,065	0,35	
30,07	0,36	
30,075	0,36	
30,08	0,38	
30,085	0,38	
30,09	0,39	
30,095	0,39	
30,1	0,4	
30,105	0,4	
30,11	0,41	
30,115	0,41	
30,12	0,41	
30,125	0,42	
30,13	0,42	
30,135	0,42	
30,14	0,43	
30,145	0,42	
30,15	0,43	
30,155	0,43	
30,16	0,43	
30,165	0,43	
30,17	0,43	
30,175	0,43	
30,18	0,43	
30,185	0,43	
30,19	0,43	
30,195	0,43	
30,2	0,42	
30,205	0,42	
30,21	0,42	
30,215	0,42	
30,22	0,41	
30,225	0,41	
30,23	0,4	
30,235	0,4	
30,24	0,39	
30,245	0,39	
30,25	0,38	
30,255	0,38	
30,26	0,37	
30,265	0,36	
30,27	0,35	
30,275	0,34	
30,28	0,33	
30,285	0,33	
30,29	0,32	
30,295	0,31	
30,3	0,3	
30,305	0,29	
30,31	0,28	
30,315	0,27	
30,32	0,26	
30,325	0,25	
30,33	0,24	
30,335	0,22	
30,34	0,21	
30,345	0,2	
30,35	0,19	
30,355	0,17	
30,36	0,16	
30,365	0,15	
30,37	0,14	
30,375	0,12	
30,38	0,11	
30,385	0,1	
30,39	0,09	
30,395	0,07	
30,4	0,05	
30,405	0,04	
30,41	0,03	
30,415	0,01	
30,42	0	
30,425	-0,01	
30,43	-0,03	
30,435	-0,04	
30,44	-0,05	
30,445	-0,07	
30,45	-0,09	
30,455	-0,1	
30,46	-0,11	
30,465	-0,13	
30,47	-0,14	
30,475	-0,15	
30,48	-0,17	
30,485	-0,18	
30,49	-0,2	
30,495	-0,21	
30,5	-0,22	
30,505	-0,24	
30,51	-0,25	
30,515	-0,26	
30,52	-0,27	
30,525	-0,28	
30,53	-0,3	
30,535	-0,32	
30,54	-0,33	
30,545	-0,34	
30,55	-0,35	
30,555	-0,36	
30,56	-0,37	
30,565	-0,38	
30,57	-0,39	
30,575	-0,39	
30,58	-0,41	
30,585	-0,42	
30,59	-0,43	
30,595	-0,43	
30,6	-0,44	
30,605	-0,45	
30,61	-0,46	
30,615	-0,47	
30,62	-0,47	
30,625	-0,48	
30,63	-0,48	
30,635	-0,48	
30,64	-0,49	
30,645	-0,5	
30,65	-0,5	
30,655	-0,51	
30,66	-0,51	
30,665	-0,51	
30,67	-0,51	
30,675	-0,52	
30,68	-0,52	
30,685	-0,52	
30,69	-0,53	
30,695	-0,53	
30,7	-0,53	
30,705	-0,53	
30,71	-0,52	
30,715	-0,52	
30,72	-0,52	
30,725	-0,52	
30,73	-0,52	
30,735	-0,51	
30,74	-0,51	
30,745	-0,5	
30,75	-0,5	
30,755	-0,5	
30,76	-0,49	
30,765	-0,48	
30,77	-0,48	
30,775	-0,47	
30,78	-0,47	
30,785	-0,46	
30,79	-0,45	
30,795	-0,44	
30,8	-0,43	
30,805	-0,43	
30,81	-0,41	
30,815	-0,4	
30,82	-0,39	
30,825	-0,38	
30,83	-0,37	
30,835	-0,36	
30,84	-0,35	
30,845	-0,34	
30,85	-0,33	
30,855	-0,31	
30,86	-0,3	
30,865	-0,28	
30,87	-0,27	
30,875	-0,26	
30,88	-0,25	
30,885	-0,24	
30,89	-0,23	
30,895	-0,21	
30,9	-0,19	
30,905	-0,17	
30,91	-0,15	
30,915	-0,14	
30,92	-0,12	
30,925	-0,11	
30,93	-0,09	
30,935	-0,08	
30,94	-0,06	
30,945	-0,04	
30,95	-0,03	
30,955	-0,01	
30,96	0,01	
30,965	0,02	
30,97	0,03	
30,975	0,05	
30,98	0,06	
30,985	0,08	
30,99	0,1	
30,995	0,12	
31,0	0,14	
31,005	0,15	
31,01	0,17	
31,015	0,18	
31,02	0,2	
31,025	0,22	
31,03	0,23	
31,035	0,25	
31,04	0,26	
31,045	0,28	
31,05	0,29	
31,055	0,3	
31,06	0,32	
31,065	0,33	
31,07	0,35	
31,075	0,36	
31,08	0,37	
31,085	0,39	
31,09	0,4	
31,095	0,42	
31,1	0,43	
31,105	0,44	
31,11	0,45	
31,115	0,46	
31,12	0,47	
31,125	0,48	
31,13	0,5	
31,135	0,51	
31,14	0,52	
31,145	0,53	
31,15	0,53	
31,155	0,54	
31,16	0,55	
31,165	0,56	
31,17	0,56	
31,175	0,57	
31,18	0,58	
31,185	0,58	
31,19	0,59	
31,195	0,59	
31,2	0,6	
31,205	0,6	
31,21	0,6	
31,215	0,61	
31,22	0,61	
31,225	0,61	
31,23	0,61	
31,235	0,61	
31,24	0,61	
31,245	0,61	
31,25	0,61	
31,255	0,61	
31,26	0,61	
31,265	0,61	
31,27	0,61	
31,275	0,6	
31,28	0,6	
31,285	0,59	
31,29	0,59	
31,295	0,58	
31,3	0,58	
31,305	0,58	
31,31	0,57	
31,315	0,56	
31,32	0,55	
31,325	0,54	
31,33	0,53	
31,335	0,53	
31,34	0,52	
31,345	0,51	
31,35	0,5	
31,355	0,49	
31,36	0,48	
31,365	0,46	
31,37	0,45	
31,375	0,44	
31,38	0,43	
31,385	0,42	
31,39	0,41	
31,395	0,39	
31,4	0,37	
31,405	0,36	
31,41	0,35	
31,415	0,33	
31,42	0,32	
31,425	0,3	
31,43	0,29	
31,435	0,27	
31,44	0,26	
31,445	0,23	
31,45	0,22	
31,455	0,2	
31,46	0,18	
31,465	0,17	
31,47	0,15	
31,475	0,13	
31,48	0,11	
31,485	0,09	
31,49	0,07	
31,495	0,05	
31,5	0,04	
31,505	0,02	
31,51	0	
31,515	-0,02	
31,52	-0,03	
31,525	-0,05	
31,53	-0,07	
31,535	-0,08	
31,54	-0,11	
31,545	-0,13	
31,55	-0,15	
31,555	-0,16	
31,56	-0,18	
31,565	-0,2	
31,57	-0,21	
31,575	-0,23	
31,58	-0,25	
31,585	-0,27	
31,59	-0,29	
31,595	-0,31	
31,6	-0,32	
31,605	-0,34	
31,61	-0,35	
31,615	-0,37	
31,62	-0,38	
31,625	-0,4	
31,63	-0,42	
31,635	-0,43	
31,64	-0,45	
31,645	-0,46	
31,65	-0,47	
31,655	-0,48	
31,66	-0,5	
31,665	-0,51	
31,67	-0,52	
31,675	-0,54	
31,68	-0,55	
31,685	-0,56	
31,69	-0,57	
31,695	-0,58	
31,7	-0,59	
31,705	-0,6	
31,71	-0,61	
31,715	-0,62	
31,72	-0,63	
31,725	-0,63	
31,73	-0,64	
31,735	-0,64	
31,74	-0,65	
31,745	-0,65	
31,75	-0,66	
31,755	-0,67	
31,76	-0,67	
31,765	-0,67	
31,77	-0,68	
31,775	-0,68	
31,78	-0,68	
31,785	-0,68	
31,79	-0,68	
31,795	-0,68	
31,8	-0,68	
31,805	-0,68	
31,81	-0,68	
31,815	-0,68	
31,82	-0,67	
31,825	-0,67	
31,83	-0,67	
31,835	-0,67	
31,84	-0,66	
31,845	-0,65	
31,85	-0,64	
31,855	-0,63	
31,86	-0,63	
31,865	-0,62	
31,87	-0,62	
31,875	-0,61	
31,88	-0,6	
31,885	-0,59	
31,89	-0,58	
31,895	-0,57	
31,9	-0,56	
31,905	-0,55	
31,91	-0,54	
31,915	-0,52	
31,92	-0,51	
31,925	-0,5	
31,93	-0,49	
31,935	-0,48	
31,94	-0,46	
31,945	-0,44	
31,95	-0,42	
31,955	-0,41	
31,96	-0,4	
31,965	-0,38	
31,97	-0,37	
31,975	-0,35	
31,98	-0,33	
31,985	-0,32	
31,99	-0,3	
31,995	-0,28	
32,0	-0,26	
32,005	-0,24	
32,01	-0,23	
32,015	-0,21	
32,02	-0,19	
32,025	-0,17	
32,03	-0,15	
32,035	-0,13	
32,04	-0,11	
32,045	-0,09	
32,05	-0,07	
32,055	-0,06	
32,06	-0,04	
32,065	-0,02	
32,07	0	
32,075	0,02	
32,08	0,04	
32,085	0,06	
32,09	0,08	
32,095	0,1	
32,1	0,12	
32,105	0,14	
32,11	0,16	
32,115	0,18	
32,12	0,2	
32,125	0,21	
32,13	0,24	
32,135	0,26	
32,14	0,27	
32,145	0,29	
32,15	0,31	
32,155	0,33	
32,16	0,34	
32,165	0,36	
32,17	0,37	
32,175	0,4	
32,18	0,41	
32,185	0,43	
32,19	0,45	
32,195	0,46	
32,2	0,47	
32,205	0,49	
32,21	0,5	
32,215	0,51	
32,22	0,53	
32,225	0,55	
32,23	0,56	
32,235	0,57	
32,24	0,58	
32,245	0,59	
32,25	0,6	
32,255	0,61	
32,26	0,62	
32,265	0,63	
32,27	0,64	
32,275	0,65	
32,28	0,66	
32,285	0,67	
32,29	0,67	
32,295	0,68	
32,3	0,69	
32,305	0,69	
32,31	0,7	
32,315	0,7	
32,32	0,7	
32,325	0,71	
32,33	0,71	
32,335	0,71	
32,34	0,71	
32,345	0,71	
32,35	0,71	
32,355	0,71	
32,36	0,71	
32,365	0,71	
32,37	0,71	
32,375	0,7	
32,38	0,7	
32,385	0,7	
32,39	0,7	
32,395	0,69	
32,4	0,68	
32,405	0,67	
32,41	0,67	
32,415	0,66	
32,42	0,66	
32,425	0,65	
32,43	0,64	
32,435	0,63	
32,44	0,63	
32,445	0,62	
32,45	0,6	
32,455	0,59	
32,46	0,58	
32,465	0,57	
32,47	0,56	
32,475	0,55	
32,48	0,53	
32,485	0,52	
32,49	0,51	
32,495	0,49	
32,5	0,47	
32,505	0,46	
32,51	0,44	
32,515	0,43	
32,52	0,42	
32,525	0,4	
32,53	0,38	
32,535	0,36	
32,54	0,34	
32,545	0,32	
32,55	0,3	
32,555	0,29	
32,56	0,27	
32,565	0,26	
32,57	0,24	
32,575	0,22	
32,58	0,2	
32,585	0,17	
32,59	0,15	
32,595	0,13	
32,6	0,11	
32,605	0,1	
32,61	0,08	
32,615	0,06	
32,62	0,04	
32,625	0,02	
32,63	-0,01	
32,635	-0,03	
32,64	-0,05	
32,645	-0,06	
32,65	-0,08	
32,655	-0,1	
32,66	-0,12	
32,665	-0,14	
32,67	-0,16	
32,675	-0,19	
32,68	-0,2	
32,685	-0,22	
32,69	-0,24	
32,695	-0,26	
32,7	-0,27	
32,705	-0,29	
32,71	-0,31	
32,715	-0,33	
32,72	-0,35	
32,725	-0,37	
32,73	-0,38	
32,735	-0,4	
32,74	-0,41	
32,745	-0,43	
32,75	-0,44	
32,755	-0,46	
32,76	-0,47	
32,765	-0,49	
32,77	-0,51	
32,775	-0,52	
32,78	-0,53	
32,785	-0,54	
32,79	-0,55	
32,795	-0,56	
32,8	-0,57	
32,805	-0,59	
32,81	-0,6	
32,815	-0,61	
32,82	-0,62	
32,825	-0,63	
32,83	-0,64	
32,835	-0,65	
32,84	-0,65	
32,845	-0,66	
32,85	-0,66	
32,855	-0,67	
32,86	-0,68	
32,865	-0,69	
32,87	-0,69	
32,875	-0,69	
32,88	-0,69	
32,885	-0,7	
32,89	-0,7	
32,895	-0,7	
32,9	-0,7	
32,905	-0,7	
32,91	-0,7	
32,915	-0,7	
32,92	-0,7	
32,925	-0,7	
32,93	-0,7	
32,935	-0,69	
32,94	-0,69	
32,945	-0,69	
32,95	-0,68	
32,955	-0,68	
32,96	-0,67	
32,965	-0,66	
32,97	-0,66	
32,975	-0,65	
32,98	-0,65	
32,985	-0,64	
32,99	-0,63	
32,995	-0,62	
33,0	-0,6	
33,005	-0,59	
33,01	-0,59	
33,015	-0,58	
33,02	-0,57	
33,025	-0,56	
33,03	-0,55	
33,035	-0,53	
33,04	-0,51	
33,045	-0,5	
33,05	-0,48	
33,055	-0,47	
33,06	-0,46	
33,065	-0,45	
33,07	-0,43	
33,075	-0,41	
33,08	-0,4	
33,085	-0,38	
33,09	-0,37	
33,095	-0,35	
33,1	-0,34	
33,105	-0,32	
33,11	-0,3	
33,115	-0,28	
33,12	-0,26	
33,125	-0,25	
33,13	-0,22	
33,135	-0,21	
33,14	-0,19	
33,145	-0,17	
33,15	-0,15	
33,155	-0,13	
33,16	-0,11	
33,165	-0,09	
33,17	-0,08	
33,175	-0,05	
33,18	-0,03	
33,185	-0,02	
33,19	0,01	
33,195	0,02	
33,2	0,04	
33,205	0,06	
33,21	0,08	
33,215	0,09	
33,22	0,12	
33,225	0,14	
33,23	0,16	
33,235	0,17	
33,24	0,19	
33,245	0,21	
33,25	0,23	
33,255	0,24	
33,26	0,26	
33,265	0,29	
33,27	0,3	
33,275	0,32	
33,28	0,33	
33,285	0,35	
33,29	0,36	
33,295	0,37	
33,3	0,38	
33,305	0,4	
33,31	0,41	
33,315	0,43	
33,32	0,45	
33,325	0,46	
33,33	0,47	
33,335	0,49	
33,34	0,5	
33,345	0,51	
33,35	0,52	
33,355	0,53	
33,36	0,55	
33,365	0,55	
33,37	0,56	
33,375	0,57	
33,38	0,58	
33,385	0,59	
33,39	0,6	
33,395	0,61	
33,4	0,61	
33,405	0,62	
33,41	0,62	
33,415	0,63	
33,42	0,63	
33,425	0,64	
33,43	0,64	
33,435	0,65	
33,44	0,65	
33,445	0,65	
33,45	0,65	
33,455	0,65	
33,46	0,66	
33,465	0,66	
33,47	0,65	
33,475	0,65	
33,48	0,65	
33,485	0,65	
33,49	0,64	
33,495	0,64	
33,5	0,64	
33,505	0,64	
33,51	0,63	
33,515	0,63	
33,52	0,62	
33,525	0,61	
33,53	0,61	
33,535	0,6	
33,54	0,59	
33,545	0,59	
33,55	0,58	
33,555	0,57	
33,56	0,56	
33,565	0,55	
33,57	0,53	
33,575	0,53	
33,58	0,52	
33,585	0,5	
33,59	0,49	
33,595	0,48	
33,6	0,47	
33,605	0,45	
33,61	0,44	
33,615	0,43	
33,62	0,42	
33,625	0,41	
33,63	0,39	
33,635	0,37	
33,64	0,35	
33,645	0,34	
33,65	0,33	
33,655	0,31	
33,66	0,29	
33,665	0,28	
33,67	0,26	
33,675	0,24	
33,68	0,22	
33,685	0,21	
33,69	0,19	
33,695	0,18	
33,7	0,16	
33,705	0,14	
33,71	0,13	
33,715	0,11	
33,72	0,08	
33,725	0,07	
33,73	0,05	
33,735	0,04	
33,74	0,02	
33,745	0	
33,75	-0,02	
33,755	-0,03	
33,76	-0,05	
33,765	-0,07	
33,77	-0,09	
33,775	-0,11	
33,78	-0,12	
33,785	-0,14	
33,79	-0,16	
33,795	-0,17	
33,8	-0,19	
33,805	-0,2	
33,81	-0,21	
33,815	-0,23	
33,82	-0,25	
33,825	-0,27	
33,83	-0,28	
33,835	-0,3	
33,84	-0,31	
33,845	-0,33	
33,85	-0,34	
33,855	-0,35	
33,86	-0,36	
33,865	-0,38	
33,87	-0,39	
33,875	-0,41	
33,88	-0,42	
33,885	-0,43	
33,89	-0,44	
33,895	-0,45	
33,9	-0,46	
33,905	-0,48	
33,91	-0,48	
33,915	-0,49	
33,92	-0,5	
33,925	-0,5	
33,93	-0,51	
33,935	-0,51	
33,94	-0,52	
33,945	-0,53	
33,95	-0,54	
33,955	-0,54	
33,96	-0,55	
33,965	-0,55	
33,97	-0,55	
33,975	-0,55	
33,98	-0,56	
33,985	-0,56	
33,99	-0,56	
33,995	-0,57	
34,0	-0,57	
34,005	-0,57	
34,01	-0,57	
34,015	-0,57	
34,02	-0,57	
34,025	-0,57	
34,03	-0,57	
34,035	-0,56	
34,04	-0,56	
34,045	-0,56	
34,05	-0,55	
34,055	-0,55	
34,06	-0,55	
34,065	-0,55	
34,07	-0,54	
34,075	-0,53	
34,08	-0,53	
34,085	-0,52	
34,09	-0,51	
34,095	-0,51	
34,1	-0,5	
34,105	-0,49	
34,11	-0,48	
34,115	-0,48	
34,12	-0,47	
34,125	-0,46	
34,13	-0,45	
34,135	-0,44	
34,14	-0,43	
34,145	-0,42	
34,15	-0,41	
34,155	-0,39	
34,16	-0,38	
34,165	-0,37	
34,17	-0,36	
34,175	-0,34	
34,18	-0,33	
34,185	-0,32	
34,19	-0,3	
34,195	-0,29	
34,2	-0,28	
34,205	-0,26	
34,21	-0,25	
34,215	-0,24	
34,22	-0,22	
34,225	-0,21	
34,23	-0,19	
34,235	-0,18	
34,24	-0,16	
34,245	-0,15	
34,25	-0,13	
34,255	-0,12	
34,26	-0,1	
34,265	-0,09	
34,27	-0,07	
34,275	-0,05	
34,28	-0,04	
34,285	-0,02	
34,29	-0,01	
34,295	0,01	
34,3	0,02	
34,305	0,03	
34,31	0,05	
34,315	0,07	
34,32	0,08	
34,325	0,1	
34,33	0,12	
34,335	0,13	
34,34	0,14	
34,345	0,15	
34,35	0,17	
34,355	0,18	
34,36	0,2	
34,365	0,21	
34,37	0,23	
34,375	0,23	
34,38	0,25	
34,385	0,26	
34,39	0,27	
34,395	0,28	
34,4	0,29	
34,405	0,31	
34,41	0,32	
34,415	0,33	
34,42	0,34	
34,425	0,35	
34,43	0,36	
34,435	0,37	
34,44	0,37	
34,445	0,39	
34,45	0,4	
34,455	0,41	
34,46	0,41	
34,465	0,42	
34,47	0,42	
34,475	0,43	
34,48	0,43	
34,485	0,44	
34,49	0,44	
34,495	0,45	
34,5	0,46	
34,505	0,46	
34,51	0,46	
34,515	0,46	
34,52	0,47	
34,525	0,47	
34,53	0,47	
34,535	0,47	
34,54	0,48	
34,545	0,48	
34,55	0,48	
34,555	0,48	
34,56	0,47	
34,565	0,47	
34,57	0,47	
34,575	0,47	
34,58	0,47	
34,585	0,46	
34,59	0,46	
34,595	0,46	
34,6	0,46	
34,605	0,46	
34,61	0,45	
34,615	0,45	
34,62	0,44	
34,625	0,43	
34,63	0,42	
34,635	0,42	
34,64	0,41	
34,645	0,41	
34,65	0,4	
34,655	0,39	
34,66	0,38	
34,665	0,37	
34,67	0,36	
34,675	0,35	
34,68	0,34	
34,685	0,33	
34,69	0,32	
34,695	0,31	
34,7	0,3	
34,705	0,29	
34,71	0,28	
34,715	0,28	
34,72	0,27	
34,725	0,25	
34,73	0,24	
34,735	0,23	
34,74	0,21	
34,745	0,2	
34,75	0,19	
34,755	0,18	
34,76	0,17	
34,765	0,16	
34,77	0,14	
34,775	0,13	
34,78	0,12	
34,785	0,1	
34,79	0,09	
34,795	0,08	
34,8	0,07	
34,805	0,06	
34,81	0,04	
34,815	0,02	
34,82	0,01	
34,825	-0,01	
34,83	-0,02	
34,835	-0,03	
34,84	-0,04	
34,845	-0,05	
34,85	-0,06	
34,855	-0,07	
34,86	-0,09	
34,865	-0,1	
34,87	-0,12	
34,875	-0,13	
34,88	-0,14	
34,885	-0,15	
34,89	-0,16	
34,895	-0,17	
34,9	-0,18	
34,905	-0,2	
34,91	-0,21	
34,915	-0,22	
34,92	-0,23	
34,925	-0,24	
34,93	-0,25	
34,935	-0,26	
34,94	-0,27	
34,945	-0,27	
34,95	-0,28	
34,955	-0,29	
34,96	-0,29	
34,965	-0,3	
34,97	-0,31	
34,975	-0,32	
34,98	-0,33	
34,985	-0,34	
34,99	-0,34	
34,995	-0,35	
35,0	-0,35	
35,005	-0,35	
35,01	-0,36	
35,015	-0,36	
35,02	-0,37	
35,025	-0,37	
35,03	-0,37	
35,035	-0,37	
35,04	-0,38	
35,045	-0,38	
35,05	-0,38	
35,055	-0,39	
35,06	-0,39	
35,065	-0,39	
35,07	-0,39	
35,075	-0,39	
35,08	-0,39	
35,085	-0,39	
35,09	-0,39	
35,095	-0,4	
35,1	-0,4	
35,105	-0,39	
35,11	-0,39	
35,115	-0,38	
35,12	-0,37	
35,125	-0,37	
35,13	-0,36	
35,135	-0,36	
35,14	-0,35	
35,145	-0,35	
35,15	-0,34	
35,155	-0,34	
35,16	-0,33	
35,165	-0,33	
35,17	-0,32	
35,175	-0,32	
35,18	-0,31	
35,185	-0,31	
35,19	-0,3	
35,195	-0,29	
35,2	-0,28	
35,205	-0,27	
35,21	-0,26	
35,215	-0,25	
35,22	-0,25	
35,225	-0,23	
35,23	-0,22	
35,235	-0,21	
35,24	-0,2	
35,245	-0,2	
35,25	-0,18	
35,255	-0,17	
35,26	-0,16	
35,265	-0,16	
35,27	-0,14	
35,275	-0,13	
35,28	-0,12	
35,285	-0,11	
35,29	-0,1	
35,295	-0,09	
35,3	-0,08	
35,305	-0,07	
35,31	-0,06	
35,315	-0,05	
35,32	-0,04	
35,325	-0,03	
35,33	-0,01	
35,335	0	
35,34	0,01	
35,345	0,02	
35,35	0,03	
35,355	0,05	
35,36	0,06	
35,365	0,07	
35,37	0,08	
35,375	0,09	
35,38	0,1	
35,385	0,11	
35,39	0,12	
35,395	0,13	
35,4	0,14	
35,405	0,15	
35,41	0,17	
35,415	0,17	
35,42	0,18	
35,425	0,19	
35,43	0,2	
35,435	0,21	
35,44	0,22	
35,445	0,22	
35,45	0,24	
35,455	0,24	
35,46	0,25	
35,465	0,26	
35,47	0,26	
35,475	0,27	
35,48	0,28	
35,485	0,28	
35,49	0,29	
35,495	0,3	
35,5	0,3	
35,505	0,31	
35,51	0,32	
35,515	0,32	
35,52	0,32	
35,525	0,32	
35,53	0,33	
35,535	0,33	
35,54	0,34	
35,545	0,34	
35,55	0,34	
35,555	0,34	
35,56	0,34	
35,565	0,34	
35,57	0,35	
35,575	0,35	
35,58	0,35	
35,585	0,35	
35,59	0,35	
35,595	0,35	
35,6	0,34	
35,605	0,34	
35,61	0,34	
35,615	0,34	
35,62	0,34	
35,625	0,34	
35,63	0,33	
35,635	0,33	
35,64	0,32	
35,645	0,32	
35,65	0,31	
35,655	0,31	
35,66	0,31	
35,665	0,3	
35,67	0,3	
35,675	0,29	
35,68	0,28	
35,685	0,27	
35,69	0,26	
35,695	0,26	
35,7	0,25	
35,705	0,24	
35,71	0,24	
35,715	0,23	
35,72	0,22	
35,725	0,21	
35,73	0,2	
35,735	0,19	
35,74	0,19	
35,745	0,18	
35,75	0,17	
35,755	0,16	
35,76	0,15	
35,765	0,14	
35,77	0,13	
35,775	0,12	
35,78	0,11	
35,785	0,1	
35,79	0,09	
35,795	0,07	
35,8	0,06	
35,805	0,05	
35,81	0,04	
35,815	0,03	
35,82	0,02	
35,825	0,01	
35,83	0	
35,835	-0,02	
35,84	-0,03	
35,845	-0,04	
35,85	-0,05	
35,855	-0,06	
35,86	-0,07	
35,865	-0,08	
35,87	-0,09	
35,875	-0,1	
35,88	-0,11	
35,885	-0,12	
35,89	-0,13	
35,895	-0,14	
35,9	-0,15	
35,905	-0,17	
35,91	-0,17	
35,915	-0,18	
35,92	-0,19	
35,925	-0,2	
35,93	-0,21	
35,935	-0,22	
35,94	-0,23	
35,945	-0,24	
35,95	-0,25	
35,955	-0,26	
35,96	-0,27	
35,965	-0,27	
35,97	-0,28	
35,975	-0,28	
35,98	-0,29	
35,985	-0,29	
35,99	-0,3	
35,995	-0,31	
36,0	-0,32	
36,005	-0,32	
36,01	-0,33	
36,015	-0,33	
36,02	-0,34	
36,025	-0,34	
36,03	-0,35	
36,035	-0,35	
36,04	-0,35	
36,045	-0,35	
36,05	-0,36	
36,055	-0,36	
36,06	-0,36	
36,065	-0,36	
36,07	-0,36	
36,075	-0,36	
36,08	-0,36	
36,085	-0,36	
36,09	-0,36	
36,095	-0,36	
36,1	-0,36	
36,105	-0,37	
36,11	-0,36	
36,115	-0,36	
36,12	-0,36	
36,125	-0,35	
36,13	-0,35	
36,135	-0,35	
36,14	-0,34	
36,145	-0,34	
36,15	-0,34	
36,155	-0,33	
36,16	-0,33	
36,165	-0,32	
36,17	-0,32	
36,175	-0,31	
36,18	-0,3	
36,185	-0,3	
36,19	-0,29	
36,195	-0,28	
36,2	-0,28	
36,205	-0,27	
36,21	-0,26	
36,215	-0,25	
36,22	-0,24	
36,225	-0,23	
36,23	-0,22	
36,235	-0,21	
36,24	-0,2	
36,245	-0,19	
36,25	-0,19	
36,255	-0,18	
36,26	-0,17	
36,265	-0,16	
36,27	-0,14	
36,275	-0,13	
36,28	-0,12	
36,285	-0,11	
36,29	-0,1	
36,295	-0,09	
36,3	-0,08	
36,305	-0,07	
36,31	-0,06	
36,315	-0,04	
36,32	-0,03	
36,325	-0,01	
36,33	0	
36,335	0,01	
36,34	0,02	
36,345	0,03	
36,35	0,04	
36,355	0,05	
36,36	0,07	
36,365	0,09	
36,37	0,1	
36,375	0,11	
36,38	0,12	
36,385	0,13	
36,39	0,14	
36,395	0,15	
36,4	0,17	
36,405	0,18	
36,41	0,19	
36,415	0,2	
36,42	0,21	
36,425	0,22	
36,43	0,23	
36,435	0,24	
36,44	0,25	
36,445	0,27	
36,45	0,28	
36,455	0,29	
36,46	0,3	
36,465	0,3	
36,47	0,31	
36,475	0,31	
36,48	0,33	
36,485	0,33	
36,49	0,34	
36,495	0,35	
36,5	0,36	
36,505	0,37	
36,51	0,37	
36,515	0,38	
36,52	0,39	
36,525	0,39	
36,53	0,4	
36,535	0,4	
36,54	0,4	
36,545	0,41	
36,55	0,41	
36,555	0,42	
36,56	0,42	
36,565	0,42	
36,57	0,43	
36,575	0,43	
36,58	0,43	
36,585	0,43	
36,59	0,44	
36,595	0,44	
36,6	0,44	
36,605	0,44	
36,61	0,44	
36,615	0,44	
36,62	0,44	
36,625	0,44	
36,63	0,43	
36,635	0,43	
36,64	0,43	
36,645	0,42	
36,65	0,42	
36,655	0,42	
36,66	0,41	
36,665	0,4	
36,67	0,4	
36,675	0,39	
36,68	0,39	
36,685	0,38	
36,69	0,37	
36,695	0,36	
36,7	0,36	
36,705	0,35	
36,71	0,35	
36,715	0,34	
36,72	0,33	
36,725	0,32	
36,73	0,31	
36,735	0,3	
36,74	0,29	
36,745	0,28	
36,75	0,27	
36,755	0,26	
36,76	0,25	
36,765	0,24	
36,77	0,22	
36,775	0,21	
36,78	0,2	
36,785	0,19	
36,79	0,18	
36,795	0,17	
36,8	0,15	
36,805	0,14	
36,81	0,13	
36,815	0,11	
36,82	0,1	
36,825	0,09	
36,83	0,07	
36,835	0,06	
36,84	0,05	
36,845	0,03	
36,85	0,02	
36,855	0	
36,86	-0,02	
36,865	-0,03	
36,87	-0,04	
36,875	-0,06	
36,88	-0,07	
36,885	-0,08	
36,89	-0,1	
36,895	-0,11	
36,9	-0,12	
36,905	-0,14	
36,91	-0,16	
36,915	-0,17	
36,92	-0,18	
36,925	-0,19	
36,93	-0,21	
36,935	-0,22	
36,94	-0,23	
36,945	-0,24	
36,95	-0,26	
36,955	-0,28	
36,96	-0,29	
36,965	-0,3	
36,97	-0,31	
36,975	-0,33	
36,98	-0,34	
36,985	-0,35	
36,99	-0,36	
36,995	-0,37	
37,0	-0,38	
37,005	-0,39	
37,01	-0,4	
37,015	-0,41	
37,02	-0,42	
37,025	-0,43	
37,03	-0,43	
37,035	-0,44	
37,04	-0,45	
37,045	-0,46	
37,05	-0,47	
37,055	-0,48	
37,06	-0,48	
37,065	-0,49	
37,07	-0,49	
37,075	-0,5	
37,08	-0,5	
37,085	-0,51	
37,09	-0,51	
37,095	-0,51	
37,1	-0,52	
37,105	-0,52	
37,11	-0,52	
37,115	-0,52	
37,12	-0,52	
37,125	-0,53	
37,13	-0,53	
37,135	-0,53	
37,14	-0,53	
37,145	-0,53	
37,15	-0,53	
37,155	-0,52	
37,16	-0,52	
37,165	-0,52	
37,17	-0,52	
37,175	-0,52	
37,18	-0,51	
37,185	-0,51	
37,19	-0,5	
37,195	-0,49	
37,2	-0,49	
37,205	-0,49	
37,21	-0,48	
37,215	-0,47	
37,22	-0,47	
37,225	-0,45	
37,23	-0,44	
37,235	-0,44	
37,24	-0,43	
37,245	-0,42	
37,25	-0,41	
37,255	-0,4	
37,26	-0,39	
37,265	-0,38	
37,27	-0,36	
37,275	-0,36	
37,28	-0,35	
37,285	-0,34	
37,29	-0,32	
37,295	-0,31	
37,3	-0,3	
37,305	-0,28	
37,31	-0,27	
37,315	-0,25	
37,32	-0,24	
37,325	-0,23	
37,33	-0,21	
37,335	-0,2	
37,34	-0,18	
37,345	-0,17	
37,35	-0,15	
37,355	-0,14	
37,36	-0,12	
37,365	-0,11	
37,37	-0,09	
37,375	-0,08	
37,38	-0,06	
37,385	-0,04	
37,39	-0,02	
37,395	-0,01	
37,4	0	
37,405	0,02	
37,41	0,04	
37,415	0,06	
37,42	0,07	
37,425	0,09	
37,43	0,11	
37,435	0,12	
37,44	0,14	
37,445	0,15	
37,45	0,16	
37,455	0,19	
37,46	0,2	
37,465	0,22	
37,47	0,23	
37,475	0,24	
37,48	0,26	
37,485	0,27	
37,49	0,29	
37,495	0,3	
37,5	0,33	
37,505	0,34	
37,51	0,35	
37,515	0,37	
37,52	0,38	
37,525	0,39	
37,53	0,4	
37,535	0,42	
37,54	0,43	
37,545	0,44	
37,55	0,45	
37,555	0,46	
37,56	0,47	
37,565	0,48	
37,57	0,49	
37,575	0,5	
37,58	0,51	
37,585	0,52	
37,59	0,53	
37,595	0,54	
37,6	0,55	
37,605	0,56	
37,61	0,57	
37,615	0,57	
37,62	0,58	
37,625	0,58	
37,63	0,59	
37,635	0,59	
37,64	0,6	
37,645	0,6	
37,65	0,61	
37,655	0,61	
37,66	0,61	
37,665	0,61	
37,67	0,61	
37,675	0,61	
37,68	0,61	
37,685	0,61	
37,69	0,61	
37,695	0,61	
37,7	0,61	
37,705	0,61	
37,71	0,61	
37,715	0,6	
37,72	0,6	
37,725	0,59	
37,73	0,59	
37,735	0,58	
37,74	0,58	
37,745	0,57	
37,75	0,57	
37,755	0,56	
37,76	0,55	
37,765	0,54	
37,77	0,53	
37,775	0,52	
37,78	0,51	
37,785	0,5	
37,79	0,49	
37,795	0,48	
37,8	0,47	
37,805	0,46	
37,81	0,45	
37,815	0,44	
37,82	0,43	
37,825	0,41	
37,83	0,4	
37,835	0,39	
37,84	0,37	
37,845	0,36	
37,85	0,34	
37,855	0,33	
37,86	0,32	
37,865	0,3	
37,87	0,28	
37,875	0,27	
37,88	0,25	
37,885	0,24	
37,89	0,22	
37,895	0,2	
37,9	0,19	
37,905	0,17	
37,91	0,15	
37,915	0,13	
37,92	0,12	
37,925	0,1	
37,93	0,08	
37,935	0,06	
37,94	0,05	
37,945	0,03	
37,95	0,01	
37,955	-0,01	
37,96	-0,03	
37,965	-0,05	
37,97	-0,07	
37,975	-0,08	
37,98	-0,1	
37,985	-0,12	
37,99	-0,14	
37,995	-0,16	
38,0	-0,18	
38,005	-0,2	
38,01	-0,21	
38,015	-0,23	
38,02	-0,24	
38,025	-0,26	
38,03	-0,28	
38,035	-0,29	
38,04	-0,31	
38,045	-0,33	
38,05	-0,35	
38,055	-0,36	
38,06	-0,38	
38,065	-0,39	
38,07	-0,4	
38,075	-0,41	
38,08	-0,43	
38,085	-0,45	
38,09	-0,46	
38,095	-0,48	
38,1	-0,49	
38,105	-0,5	
38,11	-0,51	
38,115	-0,52	
38,12	-0,53	
38,125	-0,55	
38,13	-0,55	
38,135	-0,57	
38,14	-0,58	
38,145	-0,59	
38,15	-0,6	
38,155	-0,6	
38,16	-0,61	
38,165	-0,62	
38,17	-0,63	
38,175	-0,63	
38,18	-0,65	
38,185	-0,65	
38,19	-0,65	
38,195	-0,66	
38,2	-0,66	
38,205	-0,66	
38,21	-0,66	
38,215	-0,66	
38,22	-0,67	
38,225	-0,67	
38,23	-0,66	
38,235	-0,66	
38,24	-0,67	
38,245	-0,66	
38,25	-0,67	
38,255	-0,67	
38,26	-0,67	
38,265	-0,66	
38,27	-0,66	
38,275	-0,65	
38,28	-0,64	
38,285	-0,64	
38,29	-0,63	
38,295	-0,63	
38,3	-0,62	
38,305	-0,61	
38,31	-0,61	
38,315	-0,6	
38,32	-0,59	
38,325	-0,58	
38,33	-0,57	
38,335	-0,56	
38,34	-0,56	
38,345	-0,54	
38,35	-0,53	
38,355	-0,52	
38,36	-0,51	
38,365	-0,49	
38,37	-0,48	
38,375	-0,46	
38,38	-0,45	
38,385	-0,44	
38,39	-0,43	
38,395	-0,41	
38,4	-0,4	
38,405	-0,38	
38,41	-0,36	
38,415	-0,34	
38,42	-0,33	
38,425	-0,31	
38,43	-0,3	
38,435	-0,28	
38,44	-0,27	
38,445	-0,25	
38,45	-0,24	
38,455	-0,21	
38,46	-0,19	
38,465	-0,17	
38,47	-0,15	
38,475	-0,13	
38,48	-0,11	
38,485	-0,1	
38,49	-0,08	
38,495	-0,06	
38,5	-0,05	
38,505	-0,02	
38,51	0	
38,515	0,02	
38,52	0,04	
38,525	0,06	
38,53	0,07	
38,535	0,09	
38,54	0,11	
38,545	0,13	
38,55	0,15	
38,555	0,17	
38,56	0,18	
38,565	0,2	
38,57	0,22	
38,575	0,24	
38,58	0,25	
38,585	0,27	
38,59	0,3	
38,595	0,32	
38,6	0,33	
38,605	0,35	
38,61	0,36	
38,615	0,38	
38,62	0,39	
38,625	0,41	
38,63	0,42	
38,635	0,44	
38,64	0,46	
38,645	0,47	
38,65	0,49	
38,655	0,5	
38,66	0,51	
38,665	0,52	
38,67	0,54	
38,675	0,55	
38,68	0,56	
38,685	0,57	
38,69	0,58	
38,695	0,59	
38,7	0,6	
38,705	0,61	
38,71	0,62	
38,715	0,63	
38,72	0,64	
38,725	0,64	
38,73	0,65	
38,735	0,66	
38,74	0,66	
38,745	0,67	
38,75	0,67	
38,755	0,68	
38,76	0,68	
38,765	0,68	
38,77	0,68	
38,775	0,69	
38,78	0,69	
38,785	0,69	
38,79	0,69	
38,795	0,69	
38,8	0,69	
38,805	0,69	
38,81	0,68	
38,815	0,68	
38,82	0,68	
38,825	0,68	
38,83	0,67	
38,835	0,67	
38,84	0,66	
38,845	0,66	
38,85	0,65	
38,855	0,65	
38,86	0,64	
38,865	0,63	
38,87	0,62	
38,875	0,61	
38,88	0,6	
38,885	0,59	
38,89	0,58	
38,895	0,57	
38,9	0,56	
38,905	0,55	
38,91	0,54	
38,915	0,53	
38,92	0,51	
38,925	0,5	
38,93	0,49	
38,935	0,48	
38,94	0,46	
38,945	0,45	
38,95	0,44	
38,955	0,41	
38,96	0,4	
38,965	0,38	
38,97	0,37	
38,975	0,35	
38,98	0,33	
38,985	0,32	
38,99	0,3	
38,995	0,28	
39,0	0,26	
39,005	0,25	
39,01	0,23	
39,015	0,21	
39,02	0,2	
39,025	0,18	
39,03	0,16	
39,035	0,14	
39,04	0,12	
39,045	0,11	
39,05	0,08	
39,055	0,06	
39,06	0,04	
39,065	0,02	
39,07	0	
39,075	-0,02	
39,08	-0,04	
39,085	-0,05	
39,09	-0,08	
39,095	-0,09	
39,1	-0,11	
39,105	-0,13	
39,11	-0,15	
39,115	-0,17	
39,12	-0,19	
39,125	-0,21	
39,13	-0,22	
39,135	-0,24	
39,14	-0,26	
39,145	-0,28	
39,15	-0,29	
39,155	-0,31	
39,16	-0,33	
39,165	-0,34	
39,17	-0,35	
39,175	-0,37	
39,18	-0,38	
39,185	-0,4	
39,19	-0,42	
39,195	-0,43	
39,2	-0,45	
39,205	-0,46	
39,21	-0,47	
39,215	-0,49	
39,22	-0,5	
39,225	-0,51	
39,23	-0,53	
39,235	-0,54	
39,24	-0,55	
39,245	-0,56	
39,25	-0,57	
39,255	-0,58	
39,26	-0,59	
39,265	-0,6	
39,27	-0,61	
39,275	-0,62	
39,28	-0,62	
39,285	-0,63	
39,29	-0,63	
39,295	-0,64	
39,3	-0,64	
39,305	-0,65	
39,31	-0,66	
39,315	-0,66	
39,32	-0,66	
39,325	-0,66	
39,33	-0,66	
39,335	-0,67	
39,34	-0,67	
39,345	-0,67	
39,35	-0,67	
39,355	-0,67	
39,36	-0,67	
39,365	-0,66	
39,37	-0,66	
39,375	-0,66	
39,38	-0,65	
39,385	-0,65	
39,39	-0,65	
39,395	-0,65	
39,4	-0,64	
39,405	-0,64	
39,41	-0,63	
39,415	-0,62	
39,42	-0,61	
39,425	-0,61	
39,43	-0,6	
39,435	-0,59	
39,44	-0,58	
39,445	-0,57	
39,45	-0,56	
39,455	-0,55	
39,46	-0,54	
39,465	-0,53	
39,47	-0,52	
39,475	-0,51	
39,48	-0,49	
39,485	-0,48	
39,49	-0,47	
39,495	-0,46	
39,5	-0,44	
39,505	-0,43	
39,51	-0,41	
39,515	-0,4	
39,52	-0,38	
39,525	-0,36	
39,53	-0,35	
39,535	-0,33	
39,54	-0,32	
39,545	-0,3	
39,55	-0,28	
39,555	-0,27	
39,56	-0,25	
39,565	-0,23	
39,57	-0,22	
39,575	-0,2	
39,58	-0,19	
39,585	-0,17	
39,59	-0,14	
39,595	-0,13	
39,6	-0,11	
39,605	-0,09	
39,61	-0,08	
39,615	-0,06	
39,62	-0,05	
39,625	-0,03	
39,63	-0,01	
39,635	0,01	
39,64	0,04	
39,645	0,06	
39,65	0,07	
39,655	0,09	
39,66	0,11	
39,665	0,12	
39,67	0,14	
39,675	0,16	
39,68	0,17	
39,685	0,2	
39,69	0,21	
39,695	0,23	
39,7	0,24	
39,705	0,26	
39,71	0,28	
39,715	0,29	
39,72	0,31	
39,725	0,32	
39,73	0,34	
39,735	0,35	
39,74	0,37	
39,745	0,38	
39,75	0,39	
39,755	0,41	
39,76	0,42	
39,765	0,43	
39,77	0,44	
39,775	0,46	
39,78	0,47	
39,785	0,48	
39,79	0,49	
39,795	0,5	
39,8	0,51	
39,805	0,52	
39,81	0,53	
39,815	0,54	
39,82	0,55	
39,825	0,55	
39,83	0,56	
39,835	0,57	
39,84	0,57	
39,845	0,58	
39,85	0,59	
39,855	0,59	
39,86	0,6	
39,865	0,6	
39,87	0,6	
39,875	0,6	
39,88	0,61	
39,885	0,61	
39,89	0,61	
39,895	0,61	
39,9	0,61	
39,905	0,61	
39,91	0,61	
39,915	0,61	
39,92	0,61	
39,925	0,61	
39,93	0,6	
39,935	0,6	
39,94	0,59	
39,945	0,59	
39,95	0,59	
39,955	0,59	
39,96	0,58	
39,965	0,57	
39,97	0,57	
39,975	0,56	
39,98	0,56	
39,985	0,55	
39,99	0,54	
39,995	0,53	
40,0	0,52	
40,005	0,51	
40,01	0,5	
40,015	0,49	
40,02	0,48	
40,025	0,47	
40,03	0,46	
40,035	0,45	
40,04	0,44	
40,045	0,42	
40,05	0,41	
40,055	0,4	
40,06	0,39	
40,065	0,37	
40,07	0,36	
40,075	0,34	
40,08	0,33	
40,085	0,32	
40,09	0,3	
40,095	0,29	
40,1	0,27	
40,105	0,26	
40,11	0,24	
40,115	0,23	
40,12	0,21	
40,125	0,19	
40,13	0,18	
40,135	0,17	
40,14	0,14	
40,145	0,13	
40,15	0,11	
40,155	0,1	
40,16	0,08	
40,165	0,07	
40,17	0,05	
40,175	0,04	
40,18	0,02	
40,185	0	
40,19	-0,02	
40,195	-0,03	
40,2	-0,05	
40,205	-0,06	
40,21	-0,08	
40,215	-0,09	
40,22	-0,11	
40,225	-0,13	
40,23	-0,15	
40,235	-0,16	
40,24	-0,18	
40,245	-0,19	
40,25	-0,2	
40,255	-0,21	
40,26	-0,23	
40,265	-0,25	
40,27	-0,26	
40,275	-0,28	
40,28	-0,29	
40,285	-0,3	
40,29	-0,31	
40,295	-0,32	
40,3	-0,34	
40,305	-0,35	
40,31	-0,36	
40,315	-0,37	
40,32	-0,39	
40,325	-0,4	
40,33	-0,41	
40,335	-0,42	
40,34	-0,43	
40,345	-0,44	
40,35	-0,44	
40,355	-0,45	
40,36	-0,46	
40,365	-0,47	
40,37	-0,48	
40,375	-0,48	
40,38	-0,49	
40,385	-0,49	
40,39	-0,5	
40,395	-0,5	
40,4	-0,51	
40,405	-0,51	
40,41	-0,52	
40,415	-0,52	
40,42	-0,52	
40,425	-0,52	
40,43	-0,53	
40,435	-0,53	
40,44	-0,53	
40,445	-0,53	
40,45	-0,53	
40,455	-0,53	
40,46	-0,53	
40,465	-0,53	
40,47	-0,53	
40,475	-0,53	
40,48	-0,52	
40,485	-0,52	
40,49	-0,51	
40,495	-0,51	
40,5	-0,51	
40,505	-0,51	
40,51	-0,5	
40,515	-0,5	
40,52	-0,49	
40,525	-0,48	
40,53	-0,47	
40,535	-0,47	
40,54	-0,46	
40,545	-0,45	
40,55	-0,44	
40,555	-0,44	
40,56	-0,43	
40,565	-0,42	
40,57	-0,41	
40,575	-0,4	
40,58	-0,39	
40,585	-0,38	
40,59	-0,37	
40,595	-0,35	
40,6	-0,35	
40,605	-0,33	
40,61	-0,32	
40,615	-0,31	
40,62	-0,3	
40,625	-0,29	
40,63	-0,28	
40,635	-0,26	
40,64	-0,24	
40,645	-0,23	
40,65	-0,22	
40,655	-0,21	
40,66	-0,19	
40,665	-0,18	
40,67	-0,17	
40,675	-0,16	
40,68	-0,14	
40,685	-0,12	
40,69	-0,11	
40,695	-0,1	
40,7	-0,08	
40,705	-0,07	
40,71	-0,05	
40,715	-0,04	
40,72	-0,03	
40,725	-0,02	
40,73	0,01	
40,735	0,02	
40,74	0,03	
40,745	0,05	
40,75	0,06	
40,755	0,07	
40,76	0,09	
40,765	0,1	
40,77	0,11	
40,775	0,13	
40,78	0,14	
40,785	0,15	
40,79	0,17	
40,795	0,18	
40,8	0,19	
40,805	0,21	
40,81	0,22	
40,815	0,22	
40,82	0,24	
40,825	0,25	
40,83	0,26	
40,835	0,27	
40,84	0,28	
40,845	0,29	
40,85	0,3	
40,855	0,31	
40,86	0,31	
40,865	0,33	
40,87	0,34	
40,875	0,34	
40,88	0,35	
40,885	0,36	
40,89	0,37	
40,895	0,37	
40,9	0,38	
40,905	0,38	
40,91	0,39	
40,915	0,4	
40,92	0,41	
40,925	0,41	
40,93	0,42	
40,935	0,42	
40,94	0,43	
40,945	0,43	
40,95	0,43	
40,955	0,43	
40,96	0,43	
40,965	0,44	
40,97	0,44	
40,975	0,44	
40,98	0,44	
40,985	0,44	
40,99	0,43	
40,995	0,43	
41,0	0,43	
41,005	0,43	
41,01	0,43	
41,015	0,43	
41,02	0,43	
41,025	0,42	
41,03	0,42	
41,035	0,42	
41,04	0,41	
41,045	0,41	
41,05	0,4	
41,055	0,4	
41,06	0,39	
41,065	0,39	
41,07	0,38	
41,075	0,38	
41,08	0,37	
41,085	0,37	
41,09	0,36	
41,095	0,34	
41,1	0,34	
41,105	0,33	
41,11	0,32	
41,115	0,31	
41,12	0,31	
41,125	0,3	
41,13	0,29	
41,135	0,28	
41,14	0,26	
41,145	0,25	
41,15	0,24	
41,155	0,24	
41,16	0,23	
41,165	0,22	
41,17	0,21	
41,175	0,19	
41,18	0,18	
41,185	0,17	
41,19	0,16	
41,195	0,15	
41,2	0,14	
41,205	0,12	
41,21	0,11	
41,215	0,1	
41,22	0,09	
41,225	0,07	
41,23	0,06	
41,235	0,05	
41,24	0,04	
41,245	0,03	
41,25	0,01	
41,255	0	
41,26	-0,01	
41,265	-0,02	
41,27	-0,03	
41,275	-0,05	
41,28	-0,06	
41,285	-0,07	
41,29	-0,08	
41,295	-0,09	
41,3	-0,1	
41,305	-0,12	
41,31	-0,13	
41,315	-0,13	
41,32	-0,15	
41,325	-0,16	
41,33	-0,17	
41,335	-0,18	
41,34	-0,19	
41,345	-0,2	
41,35	-0,21	
41,355	-0,21	
41,36	-0,23	
41,365	-0,24	
41,37	-0,25	
41,375	-0,26	
41,38	-0,27	
41,385	-0,27	
41,39	-0,28	
41,395	-0,28	
41,4	-0,29	
41,405	-0,3	
41,41	-0,31	
41,415	-0,31	
41,42	-0,32	
41,425	-0,32	
41,43	-0,32	
41,435	-0,33	
41,44	-0,33	
41,445	-0,34	
41,45	-0,34	
41,455	-0,35	
41,46	-0,35	
41,465	-0,35	
41,47	-0,35	
41,475	-0,35	
41,48	-0,36	
41,485	-0,36	
41,49	-0,36	
41,495	-0,36	
41,5	-0,36	
41,505	-0,36	
41,51	-0,36	
41,515	-0,36	
41,52	-0,36	
41,525	-0,36	
41,53	-0,36	
41,535	-0,35	
41,54	-0,35	
41,545	-0,35	
41,55	-0,35	
41,555	-0,34	
41,56	-0,34	
41,565	-0,34	
41,57	-0,33	
41,575	-0,33	
41,58	-0,32	
41,585	-0,32	
41,59	-0,31	
41,595	-0,3	
41,6	-0,3	
41,605	-0,29	
41,61	-0,29	
41,615	-0,28	
41,62	-0,27	
41,625	-0,26	
41,63	-0,26	
41,635	-0,25	
41,64	-0,24	
41,645	-0,23	
41,65	-0,22	
41,655	-0,21	
41,66	-0,2	
41,665	-0,19	
41,67	-0,19	
41,675	-0,18	
41,68	-0,17	
41,685	-0,16	
41,69	-0,15	
41,695	-0,14	
41,7	-0,13	
41,705	-0,12	
41,71	-0,11	
41,715	-0,09	
41,72	-0,09	
41,725	-0,08	
41,73	-0,06	
41,735	-0,05	
41,74	-0,04	
41,745	-0,03	
41,75	-0,02	
41,755	-0,01	
41,76	0	
41,765	0,01	
41,77	0,02	
41,775	0,03	
41,78	0,04	
41,785	0,05	
41,79	0,07	
41,795	0,08	
41,8	0,09	
41,805	0,1	
41,81	0,1	
41,815	0,11	
41,82	0,13	
41,825	0,13	
41,83	0,14	
41,835	0,15	
41,84	0,16	
41,845	0,17	
41,85	0,18	
41,855	0,19	
41,86	0,2	
41,865	0,21	
41,87	0,22	
41,875	0,22	
41,88	0,23	
41,885	0,24	
41,89	0,25	
41,895	0,25	
41,9	0,26	
41,905	0,27	
41,91	0,27	
41,915	0,28	
41,92	0,29	
41,925	0,29	
41,93	0,29	
41,935	0,3	
41,94	0,3	
41,945	0,31	
41,95	0,31	
41,955	0,32	
41,96	0,32	
41,965	0,32	
41,97	0,32	
41,975	0,33	
41,98	0,33	
41,985	0,33	
41,99	0,33	
41,995	0,33	
42,0	0,33	
42,005	0,33	
42,01	0,33	
42,015	0,33	
42,02	0,33	
42,025	0,33	
42,03	0,33	
42,035	0,33	
42,04	0,33	
42,045	0,33	
42,05	0,32	
42,055	0,32	
42,06	0,31	
42,065	0,31	
42,07	0,31	
42,075	0,3	
42,08	0,3	
42,085	0,3	
42,09	0,29	
42,095	0,29	
42,1	0,28	
42,105	0,27	
42,11	0,26	
42,115	0,26	
42,12	0,25	
42,125	0,25	
42,13	0,24	
42,135	0,23	
42,14	0,22	
42,145	0,22	
42,15	0,21	
42,155	0,2	
42,16	0,19	
42,165	0,19	
42,17	0,18	
42,175	0,17	
42,18	0,16	
42,185	0,14	
42,19	0,13	
42,195	0,12	
42,2	0,11	
42,205	0,11	
42,21	0,1	
42,215	0,09	
42,22	0,08	
42,225	0,06	
42,23	0,05	
42,235	0,04	
42,24	0,03	
42,245	0,02	
42,25	0,01	
42,255	0	
42,26	-0,01	
42,265	-0,02	
42,27	-0,03	
42,275	-0,04	
42,28	-0,06	
42,285	-0,07	
42,29	-0,08	
42,295	-0,09	
42,3	-0,1	
42,305	-0,11	
42,31	-0,12	
42,315	-0,13	
42,32	-0,14	
42,325	-0,15	
42,33	-0,16	
42,335	-0,17	
42,34	-0,18	
42,345	-0,19	
42,35	-0,2	
42,355	-0,21	
42,36	-0,21	
42,365	-0,22	
42,37	-0,23	
42,375	-0,24	
42,38	-0,25	
42,385	-0,26	
42,39	-0,27	
42,395	-0,28	
42,4	-0,28	
42,405	-0,29	
42,41	-0,29	
42,415	-0,3	
42,42	-0,31	
42,425	-0,31	
42,43	-0,32	
42,435	-0,32	
42,44	-0,33	
42,445	-0,34	
42,45	-0,34	
42,455	-0,34	
42,46	-0,35	
42,465	-0,35	
42,47	-0,35	
42,475	-0,36	
42,48	-0,36	
42,485	-0,36	
42,49	-0,36	
42,495	-0,36	
42,5	-0,37	
42,505	-0,37	
42,51	-0,37	
42,515	-0,37	
42,52	-0,36	
42,525	-0,36	
42,53	-0,36	
42,535	-0,36	
42,54	-0,36	
42,545	-0,36	
42,55	-0,35	
42,555	-0,35	
42,56	-0,35	
42,565	-0,34	
42,57	-0,34	
42,575	-0,34	
42,58	-0,34	
42,585	-0,33	
42,59	-0,33	
42,595	-0,32	
42,6	-0,32	
42,605	-0,31	
42,61	-0,31	
42,615	-0,3	
42,62	-0,29	
42,625	-0,29	
42,63	-0,28	
42,635	-0,27	
42,64	-0,26	
42,645	-0,25	
42,65	-0,24	
42,655	-0,23	
42,66	-0,23	
42,665	-0,21	
42,67	-0,2	
42,675	-0,19	
42,68	-0,18	
42,685	-0,17	
42,69	-0,16	
42,695	-0,15	
42,7	-0,14	
42,705	-0,13	
42,71	-0,12	
42,715	-0,11	
42,72	-0,1	
42,725	-0,09	
42,73	-0,07	
42,735	-0,06	
42,74	-0,05	
42,745	-0,04	
42,75	-0,03	
42,755	-0,01	
42,76	0	
42,765	0,01	
42,77	0,02	
42,775	0,04	
42,78	0,05	
42,785	0,06	
42,79	0,07	
42,795	0,08	
42,8	0,1	
42,805	0,11	
42,81	0,12	
42,815	0,13	
42,82	0,14	
42,825	0,15	
42,83	0,17	
42,835	0,18	
42,84	0,19	
42,845	0,2	
42,85	0,21	
42,855	0,22	
42,86	0,23	
42,865	0,24	
42,87	0,25	
42,875	0,27	
42,88	0,28	
42,885	0,28	
42,89	0,29	
42,895	0,3	
42,9	0,31	
42,905	0,31	
42,91	0,33	
42,915	0,34	
42,92	0,35	
42,925	0,35	
42,93	0,36	
42,935	0,37	
42,94	0,37	
42,945	0,38	
42,95	0,38	
42,955	0,39	
42,96	0,4	
42,965	0,41	
42,97	0,41	
42,975	0,42	
42,98	0,42	
42,985	0,42	
42,99	0,43	
42,995	0,43	
43,0	0,44	
43,005	0,44	
43,01	0,44	
43,015	0,44	
43,02	0,44	
43,025	0,44	
43,03	0,44	
43,035	0,44	
43,04	0,45	
43,045	0,45	
43,05	0,44	
43,055	0,44	
43,06	0,44	
43,065	0,43	
43,07	0,43	
43,075	0,43	
43,08	0,43	
43,085	0,42	
43,09	0,42	
43,095	0,41	
43,1	0,41	
43,105	0,4	
43,11	0,39	
43,115	0,39	
43,12	0,39	
43,125	0,38	
43,13	0,37	
43,135	0,37	
43,14	0,36	
43,145	0,35	
43,15	0,34	
43,155	0,33	
43,16	0,33	
43,165	0,32	
43,17	0,31	
43,175	0,3	
43,18	0,29	
43,185	0,27	
43,19	0,26	
43,195	0,25	
43,2	0,24	
43,205	0,23	
43,21	0,21	
43,215	0,2	
43,22	0,19	
43,225	0,18	
43,23	0,16	
43,235	0,15	
43,24	0,14	
43,245	0,13	
43,25	0,11	
43,255	0,1	
43,26	0,09	
43,265	0,07	
43,27	0,06	
43,275	0,05	
43,28	0,03	
43,285	0,01	
43,29	0	
43,295	-0,02	
43,3	-0,03	
43,305	-0,04	
43,31	-0,05	
43,315	-0,07	
43,32	-0,08	
43,325	-0,1	
43,33	-0,11	
43,335	-0,13	
43,34	-0,14	
43,345	-0,15	
43,35	-0,16	
43,355	-0,18	
43,36	-0,19	
43,365	-0,21	
43,37	-0,23	
43,375	-0,24	
43,38	-0,25	
43,385	-0,26	
43,39	-0,27	
43,395	-0,28	
43,4	-0,3	
43,405	-0,31	
43,41	-0,32	
43,415	-0,34	
43,42	-0,35	
43,425	-0,36	
43,43	-0,37	
43,435	-0,38	
43,44	-0,39	
43,445	-0,4	
43,45	-0,41	
43,455	-0,42	
43,46	-0,43	
43,465	-0,44	
43,47	-0,45	
43,475	-0,46	
43,48	-0,46	
43,485	-0,47	
43,49	-0,47	
43,495	-0,48	
43,5	-0,49	
43,505	-0,49	
43,51	-0,5	
43,515	-0,5	
43,52	-0,51	
43,525	-0,51	
43,53	-0,52	
43,535	-0,52	
43,54	-0,52	
43,545	-0,53	
43,55	-0,53	
43,555	-0,53	
43,56	-0,53	
43,565	-0,53	
43,57	-0,53	
43,575	-0,53	
43,58	-0,53	
43,585	-0,53	
43,59	-0,53	
43,595	-0,53	
43,6	-0,53	
43,605	-0,52	
43,61	-0,52	
43,615	-0,52	
43,62	-0,51	
43,625	-0,51	
43,63	-0,5	
43,635	-0,5	
43,64	-0,49	
43,645	-0,48	
43,65	-0,48	
43,655	-0,47	
43,66	-0,46	
43,665	-0,45	
43,67	-0,44	
43,675	-0,44	
43,68	-0,43	
43,685	-0,42	
43,69	-0,41	
43,695	-0,39	
43,7	-0,39	
43,705	-0,38	
43,71	-0,37	
43,715	-0,36	
43,72	-0,35	
43,725	-0,33	
43,73	-0,32	
43,735	-0,3	
43,74	-0,29	
43,745	-0,28	
43,75	-0,27	
43,755	-0,25	
43,76	-0,24	
43,765	-0,22	
43,77	-0,21	
43,775	-0,2	
43,78	-0,17	
43,785	-0,16	
43,79	-0,15	
43,795	-0,13	
43,8	-0,12	
43,805	-0,11	
43,81	-0,09	
43,815	-0,08	
43,82	-0,06	
43,825	-0,04	
43,83	-0,02	
43,835	0	
43,84	0,01	
43,845	0,03	
43,85	0,04	
43,855	0,06	
43,86	0,07	
43,865	0,09	
43,87	0,11	
43,875	0,12	
43,88	0,14	
43,885	0,16	
43,89	0,17	
43,895	0,19	
43,9	0,2	
43,905	0,22	
43,91	0,23	
43,915	0,25	
43,92	0,26	
43,925	0,28	
43,93	0,29	
43,935	0,31	
43,94	0,32	
43,945	0,33	
43,95	0,35	
43,955	0,36	
43,96	0,38	
43,965	0,39	
43,97	0,41	
43,975	0,42	
43,98	0,43	
43,985	0,44	
43,99	0,45	
43,995	0,46	
44,0	0,47	
44,005	0,49	
44,01	0,49	
44,015	0,5	
44,02	0,52	
44,025	0,52	
44,03	0,53	
44,035	0,54	
44,04	0,55	
44,045	0,55	
44,05	0,56	
44,055	0,57	
44,06	0,58	
44,065	0,58	
44,07	0,59	
44,075	0,59	
44,08	0,59	
44,085	0,59	
44,09	0,6	
44,095	0,6	
44,1	0,6	
44,105	0,6	
44,11	0,6	
44,115	0,61	
44,12	0,6	
44,125	0,61	
44,13	0,61	
44,135	0,61	
44,14	0,6	
44,145	0,6	
44,15	0,59	
44,155	0,59	
44,16	0,59	
44,165	0,58	
44,17	0,58	
44,175	0,58	
44,18	0,58	
44,185	0,57	
44,19	0,56	
44,195	0,55	
44,2	0,54	
44,205	0,53	
44,21	0,52	
44,215	0,52	
44,22	0,51	
44,225	0,5	
44,23	0,49	
44,235	0,48	
44,24	0,47	
44,245	0,46	
44,25	0,45	
44,255	0,44	
44,26	0,43	
44,265	0,42	
44,27	0,4	
44,275	0,39	
44,28	0,37	
44,285	0,35	
44,29	0,34	
44,295	0,32	
44,3	0,31	
44,305	0,3	
44,31	0,28	
44,315	0,27	
44,32	0,25	
44,325	0,23	
44,33	0,22	
44,335	0,2	
44,34	0,18	
44,345	0,17	
44,35	0,15	
44,355	0,13	
44,36	0,12	
44,365	0,1	
44,37	0,08	
44,375	0,06	
44,38	0,04	
44,385	0,03	
44,39	0,01	
44,395	-0,01	
44,4	-0,03	
44,405	-0,04	
44,41	-0,06	
44,415	-0,09	
44,42	-0,1	
44,425	-0,12	
44,43	-0,13	
44,435	-0,15	
44,44	-0,17	
44,445	-0,19	
44,45	-0,2	
44,455	-0,22	
44,46	-0,24	
44,465	-0,26	
44,47	-0,27	
44,475	-0,29	
44,48	-0,3	
44,485	-0,32	
44,49	-0,33	
44,495	-0,35	
44,5	-0,36	
44,505	-0,38	
44,51	-0,4	
44,515	-0,42	
44,52	-0,43	
44,525	-0,44	
44,53	-0,45	
44,535	-0,46	
44,54	-0,47	
44,545	-0,48	
44,55	-0,5	
44,555	-0,51	
44,56	-0,52	
44,565	-0,53	
44,57	-0,54	
44,575	-0,55	
44,58	-0,56	
44,585	-0,57	
44,59	-0,58	
44,595	-0,59	
44,6	-0,6	
44,605	-0,6	
44,61	-0,61	
44,615	-0,62	
44,62	-0,62	
44,625	-0,63	
44,63	-0,63	
44,635	-0,64	
44,64	-0,64	
44,645	-0,64	
44,65	-0,64	
44,655	-0,64	
44,66	-0,65	
44,665	-0,65	
44,67	-0,65	
44,675	-0,65	
44,68	-0,66	
44,685	-0,65	
44,69	-0,65	
44,695	-0,65	
44,7	-0,64	
44,705	-0,64	
44,71	-0,64	
44,715	-0,64	
44,72	-0,63	
44,725	-0,63	
44,73	-0,62	
44,735	-0,61	
44,74	-0,61	
44,745	-0,6	
44,75	-0,59	
44,755	-0,59	
44,76	-0,58	
44,765	-0,57	
44,77	-0,56	
44,775	-0,55	
44,78	-0,54	
44,785	-0,53	
44,79	-0,52	
44,795	-0,51	
44,8	-0,5	
44,805	-0,48	
44,81	-0,47	
44,815	-0,46	
44,82	-0,45	
44,825	-0,43	
44,83	-0,42	
44,835	-0,4	
44,84	-0,39	
44,845	-0,37	
44,85	-0,36	
44,855	-0,34	
44,86	-0,33	
44,865	-0,32	
44,87	-0,29	
44,875	-0,28	
44,88	-0,26	
44,885	-0,24	
44,89	-0,23	
44,895	-0,21	
44,9	-0,19	
44,905	-0,17	
44,91	-0,15	
44,915	-0,13	
44,92	-0,11	
44,925	-0,1	
44,93	-0,08	
44,935	-0,06	
44,94	-0,05	
44,945	-0,03	
44,95	-0,01	
44,955	0,01	
44,96	0,04	
44,965	0,06	
44,97	0,07	
44,975	0,09	
44,98	0,1	
44,985	0,12	
44,99	0,14	
44,995	0,16	
45,0	0,17	
45,005	0,2	
45,01	0,21	
45,015	0,23	
45,02	0,25	
45,025	0,27	
45,03	0,28	
45,035	0,3	
45,04	0,31	
45,045	0,33	
45,05	0,34	
45,055	0,36	
45,06	0,38	
45,065	0,39	
45,07	0,41	
45,075	0,43	
45,08	0,44	
45,085	0,45	
45,09	0,46	
45,095	0,47	
45,1	0,49	
45,105	0,5	
45,11	0,52	
45,115	0,53	
45,12	0,54	
45,125	0,55	
45,13	0,55	
45,135	0,56	
45,14	0,58	
45,145	0,59	
45,15	0,6	
45,155	0,61	
45,16	0,61	
45,165	0,62	
45,17	0,62	
45,175	0,63	
45,18	0,63	
45,185	0,64	
45,19	0,65	
45,195	0,65	
45,2	0,65	
45,205	0,65	
45,21	0,66	
45,215	0,66	
45,22	0,66	
45,225	0,66	
45,23	0,66	
45,235	0,66	
45,24	0,66	
45,245	0,66	
45,25	0,66	
45,255	0,65	
45,26	0,65	
45,265	0,65	
45,27	0,65	
45,275	0,64	
45,28	0,64	
45,285	0,64	
45,29	0,63	
45,295	0,63	
45,3	0,62	
45,305	0,61	
45,31	0,61	
45,315	0,6	
45,32	0,59	
45,325	0,57	
45,33	0,56	
45,335	0,56	
45,34	0,55	
45,345	0,54	
45,35	0,53	
45,355	0,51	
45,36	0,5	
45,365	0,49	
45,37	0,47	
45,375	0,46	
45,38	0,44	
45,385	0,43	
45,39	0,42	
45,395	0,4	
45,4	0,39	
45,405	0,37	
45,41	0,36	
45,415	0,34	
45,42	0,32	
45,425	0,31	
45,43	0,29	
45,435	0,27	
45,44	0,26	
45,445	0,24	
45,45	0,22	
45,455	0,21	
45,46	0,19	
45,465	0,17	
45,47	0,15	
45,475	0,14	
45,48	0,12	
45,485	0,1	
45,49	0,08	
45,495	0,07	
45,5	0,05	
45,505	0,03	
45,51	0,01	
45,515	-0,01	
45,52	-0,03	
45,525	-0,04	
45,53	-0,06	
45,535	-0,08	
45,54	-0,1	
45,545	-0,12	
45,55	-0,14	
45,555	-0,16	
45,56	-0,18	
45,565	-0,19	
45,57	-0,21	
45,575	-0,23	
45,58	-0,24	
45,585	-0,25	
45,59	-0,27	
45,595	-0,29	
45,6	-0,31	
45,605	-0,33	
45,61	-0,34	
45,615	-0,36	
45,62	-0,37	
45,625	-0,38	
45,63	-0,39	
45,635	-0,41	
45,64	-0,42	
45,645	-0,44	
45,65	-0,45	
45,655	-0,47	
45,66	-0,48	
45,665	-0,49	
45,67	-0,5	
45,675	-0,51	
45,68	-0,52	
45,685	-0,53	
45,69	-0,54	
45,695	-0,55	
45,7	-0,56	
45,705	-0,57	
45,71	-0,57	
45,715	-0,58	
45,72	-0,59	
45,725	-0,6	
45,73	-0,6	
45,735	-0,61	
45,74	-0,61	
45,745	-0,62	
45,75	-0,62	
45,755	-0,62	
45,76	-0,63	
45,765	-0,63	
45,77	-0,63	
45,775	-0,63	
45,78	-0,63	
45,785	-0,63	
45,79	-0,63	
45,795	-0,63	
45,8	-0,63	
45,805	-0,63	
45,81	-0,63	
45,815	-0,63	
45,82	-0,63	
45,825	-0,62	
45,83	-0,62	
45,835	-0,61	
45,84	-0,61	
45,845	-0,6	
45,85	-0,59	
45,855	-0,59	
45,86	-0,58	
45,865	-0,58	
45,87	-0,57	
45,875	-0,56	
45,88	-0,55	
45,885	-0,54	
45,89	-0,53	
45,895	-0,52	
45,9	-0,51	
45,905	-0,5	
45,91	-0,49	
45,915	-0,47	
45,92	-0,46	
45,925	-0,45	
45,93	-0,44	
45,935	-0,43	
45,94	-0,42	
45,945	-0,4	
45,95	-0,39	
45,955	-0,38	
45,96	-0,36	
45,965	-0,34	
45,97	-0,33	
45,975	-0,32	
45,98	-0,3	
45,985	-0,29	
45,99	-0,28	
45,995	-0,26	
46,0	-0,25	
46,005	-0,23	
46,01	-0,2	
46,015	-0,19	
46,02	-0,17	
46,025	-0,15	
46,03	-0,14	
46,035	-0,12	
46,04	-0,1	
46,045	-0,09	
46,05	-0,07	
46,055	-0,05	
46,06	-0,04	
46,065	-0,02	
46,07	-0,01	
46,075	0,01	
46,08	0,03	
46,085	0,04	
46,09	0,06	
46,095	0,08	
46,1	0,1	
46,105	0,12	
46,11	0,13	
46,115	0,15	
46,12	0,17	
46,125	0,18	
46,13	0,19	
46,135	0,21	
46,14	0,22	
46,145	0,25	
46,15	0,26	
46,155	0,28	
46,16	0,3	
46,165	0,31	
46,17	0,32	
46,175	0,33	
46,18	0,34	
46,185	0,35	
46,19	0,37	
46,195	0,39	
46,2	0,4	
46,205	0,41	
46,21	0,42	
46,215	0,43	
46,22	0,44	
46,225	0,45	
46,23	0,46	
46,235	0,47	
46,24	0,48	
46,245	0,49	
46,25	0,5	
46,255	0,51	
46,26	0,51	
46,265	0,52	
46,27	0,52	
46,275	0,53	
46,28	0,54	
46,285	0,54	
46,29	0,55	
46,295	0,55	
46,3	0,56	
46,305	0,56	
46,31	0,56	
46,315	0,57	
46,32	0,57	
46,325	0,57	
46,33	0,57	
46,335	0,57	
46,34	0,57	
46,345	0,57	
46,35	0,57	
46,355	0,57	
46,36	0,57	
46,365	0,57	
46,37	0,57	
46,375	0,56	
46,38	0,56	
46,385	0,55	
46,39	0,55	
46,395	0,55	
46,4	0,54	
46,405	0,54	
46,41	0,53	
46,415	0,52	
46,42	0,51	
46,425	0,51	
46,43	0,5	
46,435	0,49	
46,44	0,49	
46,445	0,48	
46,45	0,47	
46,455	0,46	
46,46	0,45	
46,465	0,43	
46,47	0,43	
46,475	0,42	
46,48	0,41	
46,485	0,39	
46,49	0,38	
46,495	0,37	
46,5	0,36	
46,505	0,35	
46,51	0,33	
46,515	0,32	
46,52	0,3	
46,525	0,29	
46,53	0,28	
46,535	0,27	
46,54	0,25	
46,545	0,24	
46,55	0,22	
46,555	0,2	
46,56	0,19	
46,565	0,17	
46,57	0,16	
46,575	0,15	
46,58	0,13	
46,585	0,12	
46,59	0,1	
46,595	0,09	
46,6	0,07	
46,605	0,05	
46,61	0,03	
46,615	0,02	
46,62	0,01	
46,625	-0,01	
46,63	-0,02	
46,635	-0,04	
46,64	-0,05	
46,645	-0,07	
46,65	-0,09	
46,655	-0,1	
46,66	-0,12	
46,665	-0,13	
46,67	-0,14	
46,675	-0,16	
46,68	-0,17	
46,685	-0,18	
46,69	-0,2	
46,695	-0,21	
46,7	-0,22	
46,705	-0,23	
46,71	-0,25	
46,715	-0,26	
46,72	-0,27	
46,725	-0,28	
46,73	-0,29	
46,735	-0,31	
46,74	-0,32	
46,745	-0,34	
46,75	-0,35	
46,755	-0,36	
46,76	-0,37	
46,765	-0,37	
46,77	-0,38	
46,775	-0,39	
46,78	-0,4	
46,785	-0,41	
46,79	-0,42	
46,795	-0,42	
46,8	-0,43	
46,805	-0,44	
46,81	-0,44	
46,815	-0,44	
46,82	-0,45	
46,825	-0,46	
46,83	-0,46	
46,835	-0,47	
46,84	-0,47	
46,845	-0,47	
46,85	-0,48	
46,855	-0,48	
46,86	-0,48	
46,865	-0,48	
46,87	-0,49	
46,875	-0,49	
46,88	-0,48	
46,885	-0,49	
46,89	-0,49	
46,895	-0,49	
46,9	-0,49	
46,905	-0,49	
46,91	-0,49	
46,915	-0,48	
46,92	-0,48	
46,925	-0,47	
46,93	-0,47	
46,935	-0,46	
46,94	-0,46	
46,945	-0,46	
46,95	-0,45	
46,955	-0,45	
46,96	-0,44	
46,965	-0,43	
46,97	-0,43	
46,975	-0,42	
46,98	-0,41	
46,985	-0,41	
46,99	-0,4	
46,995	-0,39	
47,0	-0,39	
47,005	-0,37	
47,01	-0,36	
47,015	-0,35	
47,02	-0,34	
47,025	-0,34	
47,03	-0,33	
47,035	-0,32	
47,04	-0,31	
47,045	-0,3	
47,05	-0,29	
47,055	-0,27	
47,06	-0,26	
47,065	-0,25	
47,07	-0,24	
47,075	-0,23	
47,08	-0,22	
47,085	-0,2	
47,09	-0,19	
47,095	-0,18	
47,1	-0,16	
47,105	-0,15	
47,11	-0,14	
47,115	-0,13	
47,12	-0,12	
47,125	-0,1	
47,13	-0,09	
47,135	-0,07	
47,14	-0,06	
47,145	-0,04	
47,15	-0,03	
47,155	-0,02	
47,16	-0,01	
47,165	0	
47,17	0,02	
47,175	0,03	
47,18	0,04	
47,185	0,05	
47,19	0,07	
47,195	0,08	
47,2	0,09	
47,205	0,11	
47,21	0,12	
47,215	0,13	
47,22	0,14	
47,225	0,15	
47,23	0,16	
47,235	0,18	
47,24	0,19	
47,245	0,2	
47,25	0,21	
47,255	0,22	
47,26	0,23	
47,265	0,24	
47,27	0,25	
47,275	0,26	
47,28	0,27	
47,285	0,28	
47,29	0,29	
47,295	0,29	
47,3	0,3	
47,305	0,31	
47,31	0,32	
47,315	0,32	
47,32	0,33	
47,325	0,34	
47,33	0,35	
47,335	0,36	
47,34	0,36	
47,345	0,36	
47,35	0,37	
47,355	0,37	
47,36	0,37	
47,365	0,38	
47,37	0,39	
47,375	0,39	
47,38	0,39	
47,385	0,4	
47,39	0,4	
47,395	0,4	
47,4	0,4	
47,405	0,4	
47,41	0,4	
47,415	0,4	
47,42	0,4	
47,425	0,4	
47,43	0,4	
47,435	0,4	
47,44	0,39	
47,445	0,39	
47,45	0,39	
47,455	0,39	
47,46	0,39	
47,465	0,38	
47,47	0,38	
47,475	0,38	
47,48	0,37	
47,485	0,37	
47,49	0,36	
47,495	0,36	
47,5	0,35	
47,505	0,34	
47,51	0,33	
47,515	0,33	
47,52	0,32	
47,525	0,31	
47,53	0,31	
47,535	0,3	
47,54	0,29	
47,545	0,29	
47,55	0,28	
47,555	0,27	
47,56	0,26	
47,565	0,25	
47,57	0,24	
47,575	0,23	
47,58	0,22	
47,585	0,21	
47,59	0,21	
47,595	0,2	
47,6	0,18	
47,605	0,17	
47,61	0,16	
47,615	0,15	
47,62	0,14	
47,625	0,13	
47,63	0,12	
47,635	0,11	
47,64	0,1	
47,645	0,09	
47,65	0,08	
47,655	0,07	
47,66	0,06	
47,665	0,04	
47,67	0,03	
47,675	0,02	
47,68	0,01	
47,685	0	
47,69	-0,02	
47,695	-0,02	
47,7	-0,03	
47,705	-0,05	
47,71	-0,06	
47,715	-0,07	
47,72	-0,08	
47,725	-0,09	
47,73	-0,1	
47,735	-0,11	
47,74	-0,12	
47,745	-0,13	
47,75	-0,14	
47,755	-0,15	
47,76	-0,16	
47,765	-0,17	
47,77	-0,18	
47,775	-0,19	
47,78	-0,19	
47,785	-0,2	
47,79	-0,21	
47,795	-0,22	
47,8	-0,23	
47,805	-0,23	
47,81	-0,24	
47,815	-0,25	
47,82	-0,26	
47,825	-0,26	
47,83	-0,27	
47,835	-0,28	
47,84	-0,28	
47,845	-0,29	
47,85	-0,3	
47,855	-0,3	
47,86	-0,3	
47,865	-0,31	
47,87	-0,31	
47,875	-0,32	
47,88	-0,32	
47,885	-0,32	
47,89	-0,33	
47,895	-0,33	
47,9	-0,33	
47,905	-0,33	
47,91	-0,33	
47,915	-0,33	
47,92	-0,33	
47,925	-0,33	
47,93	-0,33	
47,935	-0,33	
47,94	-0,33	
47,945	-0,33	
47,95	-0,33	
47,955	-0,33	
47,96	-0,33	
47,965	-0,32	
47,97	-0,32	
47,975	-0,32	
47,98	-0,32	
47,985	-0,31	
47,99	-0,31	
47,995	-0,31	
48,0	-0,3	
48,005	-0,3	
48,01	-0,29	
48,015	-0,29	
48,02	-0,28	
48,025	-0,27	
48,03	-0,27	
48,035	-0,27	
48,04	-0,26	
48,045	-0,26	
48,05	-0,25	
48,055	-0,24	
48,06	-0,23	
48,065	-0,22	
48,07	-0,22	
48,075	-0,21	
48,08	-0,2	
48,085	-0,19	
48,09	-0,18	
48,095	-0,18	
48,1	-0,16	
48,105	-0,15	
48,11	-0,15	
48,115	-0,14	
48,12	-0,13	
48,125	-0,12	
48,13	-0,11	
48,135	-0,1	
48,14	-0,09	
48,145	-0,08	
48,15	-0,07	
48,155	-0,06	
48,16	-0,05	
48,165	-0,04	
48,17	-0,03	
48,175	-0,02	
48,18	-0,01	
48,185	0	
48,19	0,01	
48,195	0,02	
48,2	0,03	
48,205	0,04	
48,21	0,05	
48,215	0,06	
48,22	0,08	
48,225	0,08	
48,23	0,09	
48,235	0,1	
48,24	0,11	
48,245	0,12	
48,25	0,13	
48,255	0,14	
48,26	0,15	
48,265	0,16	
48,27	0,17	
48,275	0,18	
48,28	0,18	
48,285	0,2	
48,29	0,2	
48,295	0,21	
48,3	0,22	
48,305	0,22	
48,31	0,23	
48,315	0,24	
48,32	0,24	
48,325	0,25	
48,33	0,26	
48,335	0,26	
48,34	0,27	
48,345	0,28	
48,35	0,28	
48,355	0,28	
48,36	0,29	
48,365	0,29	
48,37	0,3	
48,375	0,3	
48,38	0,31	
48,385	0,31	
48,39	0,31	
48,395	0,31	
48,4	0,32	
48,405	0,32	
48,41	0,32	
48,415	0,32	
48,42	0,32	
48,425	0,32	
48,43	0,32	
48,435	0,32	
48,44	0,32	
48,445	0,32	
48,45	0,32	
48,455	0,32	
48,46	0,32	
48,465	0,32	
48,47	0,32	
48,475	0,31	
48,48	0,31	
48,485	0,31	
48,49	0,31	
48,495	0,31	
48,5	0,3	
48,505	0,3	
48,51	0,29	
48,515	0,28	
48,52	0,27	
48,525	0,27	
48,53	0,26	
48,535	0,26	
48,54	0,25	
48,545	0,25	
48,55	0,24	
48,555	0,23	
48,56	0,22	
48,565	0,21	
48,57	0,21	
48,575	0,2	
48,58	0,2	
48,585	0,19	
48,59	0,18	
48,595	0,17	
48,6	0,16	
48,605	0,15	
48,61	0,14	
48,615	0,13	
48,62	0,12	
48,625	0,12	
48,63	0,1	
48,635	0,09	
48,64	0,09	
48,645	0,07	
48,65	0,06	
48,655	0,05	
48,66	0,04	
48,665	0,03	
48,67	0,02	
48,675	0,01	
48,68	-0,01	
48,685	-0,01	
48,69	-0,02	
48,695	-0,03	
48,7	-0,04	
48,705	-0,05	
48,71	-0,07	
48,715	-0,08	
48,72	-0,09	
48,725	-0,1	
48,73	-0,11	
48,735	-0,12	
48,74	-0,13	
48,745	-0,14	
48,75	-0,15	
48,755	-0,16	
48,76	-0,17	
48,765	-0,18	
48,77	-0,19	
48,775	-0,2	
48,78	-0,2	
48,785	-0,22	
48,79	-0,22	
48,795	-0,23	
48,8	-0,24	
48,805	-0,25	
48,81	-0,25	
48,815	-0,26	
48,82	-0,27	
48,825	-0,28	
48,83	-0,29	
48,835	-0,3	
48,84	-0,3	
48,845	-0,31	
48,85	-0,31	
48,855	-0,32	
48,86	-0,32	
48,865	-0,33	
48,87	-0,34	
48,875	-0,35	
48,88	-0,35	
48,885	-0,35	
48,89	-0,35	
48,895	-0,36	
48,9	-0,36	
48,905	-0,36	
48,91	-0,36	
48,915	-0,36	
48,92	-0,37	
48,925	-0,36	
48,93	-0,37	
48,935	-0,37	
48,94	-0,37	
48,945	-0,37	
48,95	-0,37	
48,955	-0,37	
48,96	-0,37	
48,965	-0,36	
48,97	-0,36	
48,975	-0,36	
48,98	-0,36	
48,985	-0,36	
48,99	-0,35	
48,995	-0,35	
49,0	-0,35	
49,005	-0,34	
49,01	-0,34	
49,015	-0,33	
49,02	-0,33	
49,025	-0,32	
49,03	-0,32	
49,035	-0,31	
49,04	-0,31	
49,045	-0,3	
49,05	-0,29	
49,055	-0,28	
49,06	-0,27	
49,065	-0,27	
49,07	-0,26	
49,075	-0,25	
49,08	-0,24	
49,085	-0,23	
49,09	-0,22	
49,095	-0,22	
49,1	-0,2	
49,105	-0,2	
49,11	-0,19	
49,115	-0,18	
49,12	-0,16	
49,125	-0,15	
49,13	-0,14	
49,135	-0,13	
49,14	-0,12	
49,145	-0,11	
49,15	-0,1	
49,155	-0,09	
49,16	-0,08	
49,165	-0,06	
49,17	-0,05	
49,175	-0,04	
49,18	-0,03	
49,185	-0,02	
49,19	-0,01	
49,195	0,01	
49,2	0,02	
49,205	0,03	
49,21	0,04	
49,215	0,05	
49,22	0,06	
49,225	0,08	
49,23	0,09	
49,235	0,1	
49,24	0,12	
49,245	0,13	
49,25	0,14	
49,255	0,15	
49,26	0,16	
49,265	0,18	
49,27	0,19	
49,275	0,2	
49,28	0,21	
49,285	0,22	
49,29	0,23	
49,295	0,24	
49,3	0,25	
49,305	0,26	
49,31	0,27	
49,315	0,28	
49,32	0,29	
49,325	0,3	
49,33	0,31	
49,335	0,32	
49,34	0,33	
49,345	0,34	
49,35	0,35	
49,355	0,35	
49,36	0,36	
49,365	0,37	
49,37	0,37	
49,375	0,38	
49,38	0,39	
49,385	0,4	
49,39	0,41	
49,395	0,41	
49,4	0,41	
49,405	0,42	
49,41	0,42	
49,415	0,42	
49,42	0,43	
49,425	0,43	
49,43	0,44	
49,435	0,44	
49,44	0,44	
49,445	0,44	
49,45	0,45	
49,455	0,45	
49,46	0,45	
49,465	0,45	
49,47	0,45	
49,475	0,45	
49,48	0,45	
49,485	0,45	
49,49	0,44	
49,495	0,44	
49,5	0,44	
49,505	0,43	
49,51	0,44	
49,515	0,43	
49,52	0,43	
49,525	0,42	
49,53	0,42	
49,535	0,41	
49,54	0,41	
49,545	0,41	
49,55	0,4	
49,555	0,39	
49,56	0,38	
49,565	0,37	
49,57	0,36	
49,575	0,36	
49,58	0,35	
49,585	0,34	
49,59	0,33	
49,595	0,33	
49,6	0,32	
49,605	0,3	
49,61	0,29	
49,615	0,28	
49,62	0,27	
49,625	0,26	
49,63	0,26	
49,635	0,25	
49,64	0,24	
49,645	0,23	
49,65	0,21	
49,655	0,19	
49,66	0,18	
49,665	0,17	
49,67	0,16	
49,675	0,14	
49,68	0,13	
49,685	0,12	
49,69	0,1	
49,695	0,08	
49,7	0,07	
49,705	0,06	
49,71	0,04	
49,715	0,03	
49,72	0,02	
49,725	0	
49,73	-0,01	
49,735	-0,02	
49,74	-0,04	
49,745	-0,05	
49,75	-0,07	
49,755	-0,08	
49,76	-0,09	
49,765	-0,11	
49,77	-0,12	
49,775	-0,13	
49,78	-0,15	
49,785	-0,17	
49,79	-0,18	
49,795	-0,2	
49,8	-0,21	
49,805	-0,22	
49,81	-0,23	
49,815	-0,25	
49,82	-0,26	
49,825	-0,27	
49,83	-0,29	
49,835	-0,3	
49,84	-0,31	
49,845	-0,33	
49,85	-0,34	
49,855	-0,35	
49,86	-0,35	
49,865	-0,36	
49,87	-0,37	
49,875	-0,38	
49,88	-0,4	
49,885	-0,41	
49,89	-0,42	
49,895	-0,43	
49,9	-0,43	
49,905	-0,44	
49,91	-0,45	
49,915	-0,46	
49,92	-0,47	
49,925	-0,48	
49,93	-0,48	
49,935	-0,49	
49,94	-0,49	
49,945	-0,5	
49,95	-0,5	
49,955	-0,51	
49,96	-0,51	
49,965	-0,52	
49,97	-0,52	
49,975	-0,53	
49,98	-0,53	
49,985	-0,53	
49,99	-0,53	
49,995	-0,53	
50,0	-0,53	
50,005	-0,53	
50,01	-0,54	
50,015	-0,53	
50,02	-0,53	
50,025	-0,53	
50,03	-0,53	
50,035	-0,52	
50,04	-0,52	
50,045	-0,52	
50,05	-0,52	
50,055	-0,51	
50,06	-0,5	
50,065	-0,5	
50,07	-0,5	
50,075	-0,49	
50,08	-0,49	
50,085	-0,49	
50,09	-0,48	
50,095	-0,47	
50,1	-0,46	
50,105	-0,45	
50,11	-0,44	
50,115	-0,43	
50,12	-0,42	
50,125	-0,42	
50,13	-0,41	
50,135	-0,39	
50,14	-0,38	
50,145	-0,37	
50,15	-0,36	
50,155	-0,35	
50,16	-0,34	
50,165	-0,33	
50,17	-0,31	
50,175	-0,3	
50,18	-0,28	
50,185	-0,27	
50,19	-0,26	
50,195	-0,24	
50,2	-0,23	
50,205	-0,22	
50,21	-0,2	
50,215	-0,19	
50,22	-0,17	
50,225	-0,16	
50,23	-0,15	
50,235	-0,14	
50,24	-0,11	
50,245	-0,1	
50,25	-0,08	
50,255	-0,07	
50,26	-0,05	
50,265	-0,04	
50,27	-0,02	
50,275	-0,01	
50,28	0,01	
50,285	0,03	
50,29	0,05	
50,295	0,06	
50,3	0,08	
50,305	0,1	
50,31	0,11	
50,315	0,13	
50,32	0,14	
50,325	0,15	
50,33	0,18	
50,335	0,19	
50,34	0,2	
50,345	0,22	
50,35	0,23	
50,355	0,25	
50,36	0,26	
50,365	0,28	
50,37	0,29	
50,375	0,31	
50,38	0,32	
50,385	0,34	
50,39	0,35	
50,395	0,36	
50,4	0,37	
50,405	0,39	
50,41	0,4	
50,415	0,41	
50,42	0,43	
50,425	0,44	
50,43	0,45	
50,435	0,46	
50,44	0,47	
50,445	0,48	
50,45	0,49	
50,455	0,5	
50,46	0,51	
50,465	0,52	
50,47	0,53	
50,475	0,53	
50,48	0,54	
50,485	0,55	
50,49	0,55	
50,495	0,56	
50,5	0,57	
50,505	0,57	
50,51	0,57	
50,515	0,58	
50,52	0,59	
50,525	0,59	
50,53	0,6	
50,535	0,6	
50,54	0,6	
50,545	0,6	
50,55	0,6	
50,555	0,6	
50,56	0,6	
50,565	0,6	
50,57	0,6	
50,575	0,6	
50,58	0,59	
50,585	0,59	
50,59	0,59	
50,595	0,58	
50,6	0,58	
50,605	0,58	
50,61	0,57	
50,615	0,57	
50,62	0,57	
50,625	0,56	
50,63	0,55	
50,635	0,54	
50,64	0,54	
50,645	0,53	
50,65	0,52	
50,655	0,51	
50,66	0,5	
50,665	0,49	
50,67	0,48	
50,675	0,47	
50,68	0,46	
50,685	0,46	
50,69	0,44	
50,695	0,42	
50,7	0,41	
50,705	0,4	
50,71	0,39	
50,715	0,38	
50,72	0,37	
50,725	0,36	
50,73	0,34	
50,735	0,33	
50,74	0,3	
50,745	0,29	
50,75	0,27	
50,755	0,26	
50,76	0,25	
50,765	0,23	
50,77	0,22	
50,775	0,2	
50,78	0,18	
50,785	0,16	
50,79	0,14	
50,795	0,13	
50,8	0,11	
50,805	0,1	
50,81	0,08	
50,815	0,06	
50,82	0,05	
50,825	0,03	
50,83	0,01	
50,835	-0,01	
50,84	-0,02	
50,845	-0,04	
50,85	-0,06	
50,855	-0,07	
50,86	-0,09	
50,865	-0,11	
50,87	-0,12	
50,875	-0,15	
50,88	-0,17	
50,885	-0,18	
50,89	-0,2	
50,895	-0,21	
50,9	-0,23	
50,905	-0,25	
50,91	-0,26	
50,915	-0,27	
50,92	-0,3	
50,925	-0,31	
50,93	-0,32	
50,935	-0,34	
50,94	-0,36	
50,945	-0,37	
50,95	-0,39	
50,955	-0,4	
50,96	-0,41	
50,965	-0,42	
50,97	-0,44	
50,975	-0,46	
50,98	-0,47	
50,985	-0,48	
50,99	-0,49	
50,995	-0,5	
51,0	-0,51	
51,005	-0,52	
51,01	-0,53	
51,015	-0,54	
51,02	-0,55	
51,025	-0,56	
51,03	-0,57	
51,035	-0,57	
51,04	-0,58	
51,045	-0,59	
51,05	-0,59	
51,055	-0,6	
51,06	-0,61	
51,065	-0,61	
51,07	-0,62	
51,075	-0,62	
51,08	-0,63	
51,085	-0,63	
51,09	-0,63	
51,095	-0,63	
51,1	-0,64	
51,105	-0,64	
51,11	-0,64	
51,115	-0,63	
51,12	-0,63	
51,125	-0,63	
51,13	-0,63	
51,135	-0,64	
51,14	-0,63	
51,145	-0,63	
51,15	-0,62	
51,155	-0,62	
51,16	-0,61	
51,165	-0,61	
51,17	-0,6	
51,175	-0,6	
51,18	-0,59	
51,185	-0,59	
51,19	-0,58	
51,195	-0,57	
51,2	-0,56	
51,205	-0,55	
51,21	-0,55	
51,215	-0,54	
51,22	-0,53	
51,225	-0,52	
51,23	-0,51	
51,235	-0,5	
51,24	-0,48	
51,245	-0,47	
51,25	-0,46	
51,255	-0,45	
51,26	-0,43	
51,265	-0,42	
51,27	-0,41	
51,275	-0,39	
51,28	-0,38	
51,285	-0,36	
51,29	-0,34	
51,295	-0,33	
51,3	-0,32	
51,305	-0,3	
51,31	-0,28	
51,315	-0,27	
51,32	-0,26	
51,325	-0,24	
51,33	-0,22	
51,335	-0,2	
51,34	-0,19	
51,345	-0,17	
51,35	-0,15	
51,355	-0,13	
51,36	-0,11	
51,365	-0,1	
51,37	-0,08	
51,375	-0,07	
51,38	-0,04	
51,385	-0,02	
51,39	-0,01	
51,395	0,01	
51,4	0,02	
51,405	0,04	
51,41	0,06	
51,415	0,08	
51,42	0,09	
51,425	0,12	
51,43	0,14	
51,435	0,15	
51,44	0,17	
51,445	0,18	
51,45	0,2	
51,455	0,21	
51,46	0,23	
51,465	0,25	
51,47	0,27	
51,475	0,29	
51,48	0,3	
51,485	0,32	
51,49	0,33	
51,495	0,35	
51,5	0,36	
51,505	0,38	
51,51	0,39	
51,515	0,41	
51,52	0,42	
51,525	0,43	
51,53	0,44	
51,535	0,46	
51,54	0,47	
51,545	0,48	
51,55	0,49	
51,555	0,5	
51,56	0,52	
51,565	0,52	
51,57	0,54	
51,575	0,54	
51,58	0,55	
51,585	0,56	
51,59	0,57	
51,595	0,58	
51,6	0,58	
51,605	0,59	
51,61	0,6	
51,615	0,61	
51,62	0,61	
51,625	0,62	
51,63	0,62	
51,635	0,62	
51,64	0,62	
51,645	0,63	
51,65	0,63	
51,655	0,63	
51,66	0,63	
51,665	0,64	
51,67	0,64	
51,675	0,64	
51,68	0,63	
51,685	0,63	
51,69	0,63	
51,695	0,63	
51,7	0,62	
51,705	0,62	
51,71	0,62	
51,715	0,62	
51,72	0,61	
51,725	0,61	
51,73	0,6	
51,735	0,59	
51,74	0,59	
51,745	0,58	
51,75	0,57	
51,755	0,56	
51,76	0,56	
51,765	0,55	
51,77	0,54	
51,775	0,53	
51,78	0,52	
51,785	0,51	
51,79	0,5	
51,795	0,49	
51,8	0,48	
51,805	0,46	
51,81	0,45	
51,815	0,44	
51,82	0,43	
51,825	0,42	
51,83	0,4	
51,835	0,38	
51,84	0,37	
51,845	0,35	
51,85	0,34	
51,855	0,33	
51,86	0,32	
51,865	0,3	
51,87	0,28	
51,875	0,27	
51,88	0,25	
51,885	0,23	
51,89	0,22	
51,895	0,2	
51,9	0,18	
51,905	0,17	
51,91	0,15	
51,915	0,13	
51,92	0,12	
51,925	0,09	
51,93	0,08	
51,935	0,06	
51,94	0,05	
51,945	0,03	
51,95	0,01	
51,955	-0,01	
51,96	-0,02	
51,965	-0,04	
51,97	-0,06	
51,975	-0,08	
51,98	-0,09	
51,985	-0,11	
51,99	-0,13	
51,995	-0,14	
52,0	-0,16	
52,005	-0,18	
52,01	-0,19	
52,015	-0,22	
52,02	-0,23	
52,025	-0,25	
52,03	-0,26	
52,035	-0,28	
52,04	-0,29	
52,045	-0,31	
52,05	-0,32	
52,055	-0,33	
52,06	-0,35	
52,065	-0,37	
52,07	-0,38	
52,075	-0,39	
52,08	-0,4	
52,085	-0,41	
52,09	-0,42	
52,095	-0,43	
52,1	-0,45	
52,105	-0,46	
52,11	-0,47	
52,115	-0,48	
52,12	-0,49	
52,125	-0,5	
52,13	-0,51	
52,135	-0,52	
52,14	-0,52	
52,145	-0,53	
52,15	-0,55	
52,155	-0,55	
52,16	-0,56	
52,165	-0,57	
52,17	-0,57	
52,175	-0,57	
52,18	-0,58	
52,185	-0,58	
52,19	-0,58	
52,195	-0,59	
52,2	-0,59	
52,205	-0,59	
52,21	-0,59	
52,215	-0,59	
52,22	-0,59	
52,225	-0,6	
52,23	-0,6	
52,235	-0,6	
52,24	-0,6	
52,245	-0,59	
52,25	-0,59	
52,255	-0,59	
52,26	-0,59	
52,265	-0,59	
52,27	-0,58	
52,275	-0,58	
52,28	-0,57	
52,285	-0,57	
52,29	-0,56	
52,295	-0,55	
52,3	-0,55	
52,305	-0,54	
52,31	-0,54	
52,315	-0,53	
52,32	-0,52	
52,325	-0,51	
52,33	-0,5	
52,335	-0,49	
52,34	-0,48	
52,345	-0,47	
52,35	-0,46	
52,355	-0,45	
52,36	-0,44	
52,365	-0,43	
52,37	-0,41	
52,375	-0,4	
52,38	-0,39	
52,385	-0,38	
52,39	-0,37	
52,395	-0,36	
52,4	-0,34	
52,405	-0,33	
52,41	-0,32	
52,415	-0,3	
52,42	-0,29	
52,425	-0,27	
52,43	-0,25	
52,435	-0,23	
52,44	-0,22	
52,445	-0,21	
52,45	-0,19	
52,455	-0,18	
52,46	-0,17	
52,465	-0,15	
52,47	-0,13	
52,475	-0,11	
52,48	-0,09	
52,485	-0,08	
52,49	-0,06	
52,495	-0,05	
52,5	-0,03	
52,505	-0,02	
52,51	0	
52,515	0,02	
52,52	0,04	
52,525	0,05	
52,53	0,06	
52,535	0,08	
52,54	0,09	
52,545	0,1	
52,55	0,12	
52,555	0,14	
52,56	0,16	
52,565	0,17	
52,57	0,19	
52,575	0,2	
52,58	0,21	
52,585	0,23	
52,59	0,24	
52,595	0,26	
52,6	0,27	
52,605	0,29	
52,61	0,3	
52,615	0,31	
52,62	0,32	
52,625	0,33	
52,63	0,35	
52,635	0,36	
52,64	0,37	
52,645	0,38	
52,65	0,4	
52,655	0,4	
52,66	0,41	
52,665	0,42	
52,67	0,43	
52,675	0,44	
52,68	0,45	
52,685	0,46	
52,69	0,46	
52,695	0,47	
52,7	0,48	
52,705	0,48	
52,71	0,49	
52,715	0,5	
52,72	0,5	
52,725	0,51	
52,73	0,51	
52,735	0,51	
52,74	0,52	
52,745	0,52	
52,75	0,53	
52,755	0,53	
52,76	0,53	
52,765	0,53	
52,77	0,53	
52,775	0,53	
52,78	0,53	
52,785	0,53	
52,79	0,53	
52,795	0,53	
52,8	0,52	
52,805	0,52	
52,81	0,52	
52,815	0,51	
52,82	0,51	
52,825	0,51	
52,83	0,51	
52,835	0,51	
52,84	0,5	
52,845	0,49	
52,85	0,48	
52,855	0,48	
52,86	0,47	
52,865	0,47	
52,87	0,46	
52,875	0,46	
52,88	0,44	
52,885	0,43	
52,89	0,42	
52,895	0,41	
52,9	0,41	
52,905	0,4	
52,91	0,39	
52,915	0,38	
52,92	0,37	
52,925	0,35	
52,93	0,34	
52,935	0,33	
52,94	0,32	
52,945	0,31	
52,95	0,3	
52,955	0,29	
52,96	0,28	
52,965	0,26	
52,97	0,24	
52,975	0,23	
52,98	0,22	
52,985	0,21	
52,99	0,2	
52,995	0,18	
53,0	0,17	
53,005	0,16	
53,01	0,14	
53,015	0,12	
53,02	0,11	
53,025	0,1	
53,03	0,08	
53,035	0,07	
53,04	0,05	
53,045	0,04	
53,05	0,02	
53,055	0,01	
53,06	-0,01	
53,065	-0,02	
53,07	-0,03	
53,075	-0,04	
53,08	-0,06	
53,085	-0,07	
53,09	-0,09	
53,095	-0,1	
53,1	-0,12	
53,105	-0,13	
53,11	-0,14	
53,115	-0,15	
53,12	-0,16	
53,125	-0,18	
53,13	-0,19	
53,135	-0,2	
53,14	-0,21	
53,145	-0,22	
53,15	-0,24	
53,155	-0,25	
53,16	-0,27	
53,165	-0,28	
53,17	-0,29	
53,175	-0,3	
53,18	-0,3	
53,185	-0,31	
53,19	-0,32	
53,195	-0,33	
53,2	-0,34	
53,205	-0,35	
53,21	-0,36	
53,215	-0,37	
53,22	-0,37	
53,225	-0,38	
53,23	-0,39	
53,235	-0,39	
53,24	-0,4	
53,245	-0,41	
53,25	-0,41	
53,255	-0,42	
53,26	-0,42	
53,265	-0,42	
53,27	-0,43	
53,275	-0,43	
53,28	-0,43	
53,285	-0,44	
53,29	-0,44	
53,295	-0,44	
53,3	-0,44	
53,305	-0,45	
53,31	-0,45	
53,315	-0,45	
53,32	-0,45	
53,325	-0,45	
53,33	-0,45	
53,335	-0,44	
53,34	-0,44	
53,345	-0,44	
53,35	-0,44	
53,355	-0,44	
53,36	-0,44	
53,365	-0,44	
53,37	-0,43	
53,375	-0,43	
53,38	-0,42	
53,385	-0,41	
53,39	-0,41	
53,395	-0,41	
53,4	-0,4	
53,405	-0,39	
53,41	-0,39	
53,415	-0,38	
53,42	-0,37	
53,425	-0,36	
53,43	-0,36	
53,435	-0,35	
53,44	-0,34	
53,445	-0,34	
53,45	-0,33	
53,455	-0,32	
53,46	-0,31	
53,465	-0,3	
53,47	-0,29	
53,475	-0,28	
53,48	-0,27	
53,485	-0,26	
53,49	-0,25	
53,495	-0,23	
53,5	-0,22	
53,505	-0,21	
53,51	-0,2	
53,515	-0,19	
53,52	-0,18	
53,525	-0,17	
53,53	-0,16	
53,535	-0,14	
53,54	-0,13	
53,545	-0,12	
53,55	-0,11	
53,555	-0,1	
53,56	-0,08	
53,565	-0,07	
53,57	-0,06	
53,575	-0,05	
53,58	-0,03	
53,585	-0,02	
53,59	-0,01	
53,595	0	
53,6	0,01	
53,605	0,02	
53,61	0,03	
53,615	0,04	
53,62	0,05	
53,625	0,07	
53,63	0,08	
53,635	0,09	
53,64	0,1	
53,645	0,11	
53,65	0,12	
53,655	0,14	
53,66	0,15	
53,665	0,16	
53,67	0,17	
53,675	0,18	
53,68	0,18	
53,685	0,2	
53,69	0,21	
53,695	0,22	
53,7	0,23	
53,705	0,24	
53,71	0,25	
53,715	0,25	
53,72	0,26	
53,725	0,27	
53,73	0,27	
53,735	0,28	
53,74	0,29	
53,745	0,3	
53,75	0,31	
53,755	0,31	
53,76	0,32	
53,765	0,32	
53,77	0,33	
53,775	0,33	
53,78	0,34	
53,785	0,34	
53,79	0,35	
53,795	0,35	
53,8	0,35	
53,805	0,35	
53,81	0,36	
53,815	0,36	
53,82	0,36	
53,825	0,37	
53,83	0,36	
53,835	0,36	
53,84	0,36	
53,845	0,36	
53,85	0,36	
53,855	0,36	
53,86	0,36	
53,865	0,36	
53,87	0,36	
53,875	0,36	
53,88	0,35	
53,885	0,35	
53,89	0,35	
53,895	0,35	
53,9	0,35	
53,905	0,34	
53,91	0,34	
53,915	0,33	
53,92	0,33	
53,925	0,32	
53,93	0,32	
53,935	0,31	
53,94	0,31	
53,945	0,3	
53,95	0,3	
53,955	0,29	
53,96	0,29	
53,965	0,28	
53,97	0,27	
53,975	0,26	
53,98	0,26	
53,985	0,25	
53,99	0,24	
53,995	0,23	
54,0	0,22	
54,005	0,22	
54,01	0,21	
54,015	0,19	
54,02	0,18	
54,025	0,17	
54,03	0,16	
54,035	0,15	
54,04	0,15	
54,045	0,14	
54,05	0,13	
54,055	0,12	
54,06	0,11	
54,065	0,1	
54,07	0,08	
54,075	0,08	
54,08	0,06	
54,085	0,05	
54,09	0,04	
54,095	0,03	
54,1	0,02	
54,105	0,01	
54,11	0	
54,115	-0,01	
54,12	-0,02	
54,125	-0,03	
54,13	-0,04	
54,135	-0,05	
54,14	-0,06	
54,145	-0,07	
54,15	-0,08	
54,155	-0,1	
54,16	-0,1	
54,165	-0,11	
54,17	-0,12	
54,175	-0,13	
54,18	-0,14	
54,185	-0,15	
54,19	-0,16	
54,195	-0,17	
54,2	-0,18	
54,205	-0,18	
54,21	-0,19	
54,215	-0,19	
54,22	-0,2	
54,225	-0,21	
54,23	-0,22	
54,235	-0,23	
54,24	-0,23	
54,245	-0,24	
54,25	-0,24	
54,255	-0,25	
54,26	-0,26	
54,265	-0,26	
54,27	-0,27	
54,275	-0,27	
54,28	-0,28	
54,285	-0,28	
54,29	-0,29	
54,295	-0,29	
54,3	-0,29	
54,305	-0,3	
54,31	-0,3	
54,315	-0,3	
54,32	-0,3	
54,325	-0,3	
54,33	-0,31	
54,335	-0,31	
54,34	-0,32	
54,345	-0,32	
54,35	-0,31	
54,355	-0,31	
54,36	-0,31	
54,365	-0,31	
54,37	-0,31	
54,375	-0,31	
54,38	-0,31	
54,385	-0,31	
54,39	-0,31	
54,395	-0,31	
54,4	-0,3	
54,405	-0,3	
54,41	-0,29	
54,415	-0,29	
54,42	-0,29	
54,425	-0,29	
54,43	-0,28	
54,435	-0,28	
54,44	-0,27	
54,445	-0,27	
54,45	-0,26	
54,455	-0,26	
54,46	-0,25	
54,465	-0,25	
54,47	-0,24	
54,475	-0,23	
54,48	-0,22	
54,485	-0,22	
54,49	-0,21	
54,495	-0,21	
54,5	-0,2	
54,505	-0,19	
54,51	-0,18	
54,515	-0,16	
54,52	-0,16	
54,525	-0,15	
54,53	-0,14	
54,535	-0,14	
54,54	-0,13	
54,545	-0,12	
54,55	-0,11	
54,555	-0,1	
54,56	-0,09	
54,565	-0,07	
54,57	-0,07	
54,575	-0,06	
54,58	-0,05	
54,585	-0,05	
54,59	-0,04	
54,595	-0,03	
54,6	-0,02	
54,605	-0,01	
54,61	0,01	
54,615	0,02	
54,62	0,03	
54,625	0,04	
54,63	0,05	
54,635	0,06	
54,64	0,07	
54,645	0,07	
54,65	0,08	
54,655	0,09	
54,66	0,1	
54,665	0,11	
54,67	0,12	
54,675	0,13	
54,68	0,14	
54,685	0,15	
54,69	0,15	
54,695	0,16	
54,7	0,17	
54,705	0,18	
54,71	0,19	
54,715	0,19	
54,72	0,2	
54,725	0,21	
54,73	0,22	
54,735	0,23	
54,74	0,23	
54,745	0,24	
54,75	0,24	
54,755	0,25	
54,76	0,26	
54,765	0,26	
54,77	0,27	
54,775	0,28	
54,78	0,28	
54,785	0,28	
54,79	0,29	
54,795	0,29	
54,8	0,3	
54,805	0,3	
54,81	0,31	
54,815	0,31	
54,82	0,31	
54,825	0,31	
54,83	0,31	
54,835	0,32	
54,84	0,32	
54,845	0,32	
54,85	0,32	
54,855	0,32	
54,86	0,32	
54,865	0,32	
54,87	0,32	
54,875	0,32	
54,88	0,32	
54,885	0,31	
54,89	0,31	
54,895	0,31	
54,9	0,31	
54,905	0,3	
54,91	0,3	
54,915	0,3	
54,92	0,3	
54,925	0,29	
54,93	0,29	
54,935	0,28	
54,94	0,28	
54,945	0,27	
54,95	0,27	
54,955	0,26	
54,96	0,26	
54,965	0,25	
54,97	0,24	
54,975	0,23	
54,98	0,23	
54,985	0,23	
54,99	0,22	
54,995	0,21	
55,0	0,21	
55,005	0,2	
55,01	0,19	
55,015	0,18	
55,02	0,17	
55,025	0,15	
55,03	0,15	
55,035	0,14	
55,04	0,13	
55,045	0,12	
55,05	0,11	
55,055	0,1	
55,06	0,09	
55,065	0,08	
55,07	0,07	
55,075	0,07	
55,08	0,06	
55,085	0,04	
55,09	0,04	
55,095	0,02	
55,1	0,01	
55,105	0	
55,11	-0,01	
55,115	-0,02	
55,12	-0,03	
55,125	-0,04	
55,13	-0,05	
55,135	-0,07	
55,14	-0,07	
55,145	-0,08	
55,15	-0,09	
55,155	-0,11	
55,16	-0,12	
55,165	-0,13	
55,17	-0,14	
55,175	-0,15	
55,18	-0,16	
55,185	-0,16	
55,19	-0,17	
55,195	-0,18	
55,2	-0,2	
55,205	-0,2	
55,21	-0,21	
55,215	-0,22	
55,22	-0,23	
55,225	-0,23	
55,23	-0,24	
55,235	-0,25	
55,24	-0,26	
55,245	-0,27	
55,25	-0,28	
55,255	-0,29	
55,26	-0,29	
55,265	-0,3	
55,27	-0,31	
55,275	-0,31	
55,28	-0,31	
55,285	-0,32	
55,29	-0,33	
55,295	-0,33	
55,3	-0,34	
55,305	-0,34	
55,31	-0,34	
55,315	-0,35	
55,32	-0,35	
55,325	-0,36	
55,33	-0,36	
55,335	-0,37	
55,34	-0,37	
55,345	-0,37	
55,35	-0,37	
55,355	-0,37	
55,36	-0,37	
55,365	-0,37	
55,37	-0,37	
55,375	-0,37	
55,38	-0,37	
55,385	-0,37	
55,39	-0,37	
55,395	-0,37	
55,4	-0,37	
55,405	-0,37	
55,41	-0,36	
55,415	-0,36	
55,42	-0,36	
55,425	-0,35	
55,43	-0,35	
55,435	-0,34	
55,44	-0,34	
55,445	-0,34	
55,45	-0,33	
55,455	-0,33	
55,46	-0,32	
55,465	-0,31	
55,47	-0,31	
55,475	-0,3	
55,48	-0,3	
55,485	-0,29	
55,49	-0,28	
55,495	-0,27	
55,5	-0,26	
55,505	-0,26	
55,51	-0,25	
55,515	-0,24	
55,52	-0,23	
55,525	-0,22	
55,53	-0,21	
55,535	-0,2	
55,54	-0,19	
55,545	-0,18	
55,55	-0,17	
55,555	-0,16	
55,56	-0,15	
55,565	-0,14	
55,57	-0,13	
55,575	-0,12	
55,58	-0,11	
55,585	-0,1	
55,59	-0,08	
55,595	-0,07	
55,6	-0,06	
55,605	-0,05	
55,61	-0,04	
55,615	-0,02	
55,62	-0,01	
55,625	0	
55,63	0,01	
55,635	0,02	
55,64	0,03	
55,645	0,05	
55,65	0,05	
55,655	0,07	
55,66	0,09	
55,665	0,1	
55,67	0,12	
55,675	0,13	
55,68	0,14	
55,685	0,15	
55,69	0,16	
55,695	0,17	
55,7	0,19	
55,705	0,2	
55,71	0,21	
55,715	0,22	
55,72	0,23	
55,725	0,23	
55,73	0,24	
55,735	0,26	
55,74	0,27	
55,745	0,28	
55,75	0,29	
55,755	0,3	
55,76	0,31	
55,765	0,32	
55,77	0,33	
55,775	0,33	
55,78	0,34	
55,785	0,35	
55,79	0,36	
55,795	0,37	
55,8	0,37	
55,805	0,38	
55,81	0,39	
55,815	0,4	
55,82	0,4	
55,825	0,41	
55,83	0,41	
55,835	0,42	
55,84	0,42	
55,845	0,42	
55,85	0,43	
55,855	0,43	
55,86	0,44	
55,865	0,44	
55,87	0,45	
55,875	0,45	
55,88	0,45	
55,885	0,45	
55,89	0,45	
55,895	0,45	
55,9	0,45	
55,905	0,45	
55,91	0,45	
55,915	0,45	
55,92	0,45	
55,925	0,45	
55,93	0,45	
55,935	0,45	
55,94	0,44	
55,945	0,44	
55,95	0,44	
55,955	0,43	
55,96	0,43	
55,965	0,43	
55,97	0,42	
55,975	0,41	
55,98	0,4	
55,985	0,4	
55,99	0,39	
55,995	0,39	
56,0	0,38	
56,005	0,38	
56,01	0,37	
56,015	0,36	
56,02	0,35	
56,025	0,34	
56,03	0,33	
56,035	0,32	
56,04	0,31	
56,045	0,3	
56,05	0,29	
56,055	0,28	
56,06	0,27	
56,065	0,25	
56,07	0,24	
56,075	0,23	
56,08	0,22	
56,085	0,21	
56,09	0,2	
56,095	0,18	
56,1	0,18	
56,105	0,16	
56,11	0,14	
56,115	0,13	
56,12	0,12	
56,125	0,11	
56,13	0,09	
56,135	0,08	
56,14	0,07	
56,145	0,05	
56,15	0,04	
56,155	0,02	
56,16	0	
56,165	-0,01	
56,17	-0,02	
56,175	-0,04	
56,18	-0,05	
56,185	-0,06	
56,19	-0,07	
56,195	-0,09	
56,2	-0,11	
56,205	-0,13	
56,21	-0,14	
56,215	-0,15	
56,22	-0,16	
56,225	-0,18	
56,23	-0,18	
56,235	-0,2	
56,24	-0,21	
56,245	-0,23	
56,25	-0,24	
56,255	-0,26	
56,26	-0,27	
56,265	-0,28	
56,27	-0,29	
56,275	-0,31	
56,28	-0,32	
56,285	-0,33	
56,29	-0,34	
56,295	-0,36	
56,3	-0,37	
56,305	-0,37	
56,31	-0,39	
56,315	-0,39	
56,32	-0,4	
56,325	-0,41	
56,33	-0,42	
56,335	-0,43	
56,34	-0,44	
56,345	-0,45	
56,35	-0,46	
56,355	-0,46	
56,36	-0,47	
56,365	-0,48	
56,37	-0,48	
56,375	-0,49	
56,38	-0,5	
56,385	-0,5	
56,39	-0,51	
56,395	-0,51	
56,4	-0,51	
56,405	-0,52	
56,41	-0,52	
56,415	-0,53	
56,42	-0,53	
56,425	-0,53	
56,43	-0,53	
56,435	-0,53	
56,44	-0,53	
56,445	-0,53	
56,45	-0,53	
56,455	-0,53	
56,46	-0,53	
56,465	-0,53	
56,47	-0,52	
56,475	-0,52	
56,48	-0,52	
56,485	-0,52	
56,49	-0,51	
56,495	-0,51	
56,5	-0,51	
56,505	-0,5	
56,51	-0,5	
56,515	-0,49	
56,52	-0,48	
56,525	-0,47	
56,53	-0,47	
56,535	-0,46	
56,54	-0,45	
56,545	-0,45	
56,55	-0,44	
56,555	-0,43	
56,56	-0,42	
56,565	-0,41	
56,57	-0,4	
56,575	-0,39	
56,58	-0,38	
56,585	-0,37	
56,59	-0,36	
56,595	-0,34	
56,6	-0,33	
56,605	-0,32	
56,61	-0,3	
56,615	-0,29	
56,62	-0,28	
56,625	-0,27	
56,63	-0,26	
56,635	-0,25	
56,64	-0,23	
56,645	-0,22	
56,65	-0,2	
56,655	-0,18	
56,66	-0,16	
56,665	-0,15	
56,67	-0,13	
56,675	-0,12	
56,68	-0,11	
56,685	-0,09	
56,69	-0,08	
56,695	-0,07	
56,7	-0,04	
56,705	-0,03	
56,71	-0,01	
56,715	0	
56,72	0,02	
56,725	0,03	
56,73	0,05	
56,735	0,06	
56,74	0,08	
56,745	0,1	
56,75	0,11	
56,755	0,13	
56,76	0,15	
56,765	0,16	
56,77	0,18	
56,775	0,19	
56,78	0,21	
56,785	0,22	
56,79	0,24	
56,795	0,26	
56,8	0,27	
56,805	0,28	
56,81	0,3	
56,815	0,31	
56,82	0,33	
56,825	0,34	
56,83	0,35	
56,835	0,37	
56,84	0,38	
56,845	0,39	
56,85	0,4	
56,855	0,41	
56,86	0,43	
56,865	0,44	
56,87	0,45	
56,875	0,46	
56,88	0,47	
56,885	0,48	
56,89	0,49	
56,895	0,49	
56,9	0,5	
56,905	0,51	
56,91	0,52	
56,915	0,52	
56,92	0,53	
56,925	0,54	
56,93	0,55	
56,935	0,55	
56,94	0,56	
56,945	0,56	
56,95	0,57	
56,955	0,57	
56,96	0,58	
56,965	0,58	
56,97	0,58	
56,975	0,59	
56,98	0,59	
56,985	0,59	
56,99	0,59	
56,995	0,59	
57,0	0,59	
57,005	0,59	
57,01	0,59	
57,015	0,59	
57,02	0,59	
57,025	0,58	
57,03	0,58	
57,035	0,58	
57,04	0,57	
57,045	0,57	
57,05	0,57	
57,055	0,56	
57,06	0,56	
57,065	0,55	
57,07	0,54	
57,075	0,54	
57,08	0,53	
57,085	0,52	
57,09	0,51	
57,095	0,5	
57,1	0,49	
57,105	0,48	
57,11	0,47	
57,115	0,46	
57,12	0,46	
57,125	0,45	
57,13	0,43	
57,135	0,42	
57,14	0,41	
57,145	0,4	
57,15	0,39	
57,155	0,37	
57,16	0,36	
57,165	0,34	
57,17	0,33	
57,175	0,31	
57,18	0,3	
57,185	0,28	
57,19	0,27	
57,195	0,26	
57,2	0,24	
57,205	0,22	
57,21	0,21	
57,215	0,19	
57,22	0,17	
57,225	0,16	
57,23	0,14	
57,235	0,13	
57,24	0,11	
57,245	0,09	
57,25	0,07	
57,255	0,05	
57,26	0,04	
57,265	0,02	
57,27	0,01	
57,275	-0,01	
57,28	-0,02	
57,285	-0,04	
57,29	-0,06	
57,295	-0,08	
57,3	-0,1	
57,305	-0,11	
57,31	-0,13	
57,315	-0,14	
57,32	-0,15	
57,325	-0,17	
57,33	-0,19	
57,335	-0,21	
57,34	-0,23	
57,345	-0,25	
57,35	-0,26	
57,355	-0,28	
57,36	-0,29	
57,365	-0,3	
57,37	-0,32	
57,375	-0,33	
57,38	-0,34	
57,385	-0,37	
57,39	-0,38	
57,395	-0,39	
57,4	-0,4	
57,405	-0,42	
57,41	-0,43	
57,415	-0,44	
57,42	-0,45	
57,425	-0,46	
57,43	-0,47	
57,435	-0,49	
57,44	-0,5	
57,445	-0,51	
57,45	-0,51	
57,455	-0,52	
57,46	-0,53	
57,465	-0,54	
57,47	-0,55	
57,475	-0,56	
57,48	-0,56	
57,485	-0,57	
57,49	-0,57	
57,495	-0,58	
57,5	-0,59	
57,505	-0,59	
57,51	-0,59	
57,515	-0,6	
57,52	-0,61	
57,525	-0,61	
57,53	-0,61	
57,535	-0,61	
57,54	-0,61	
57,545	-0,61	
57,55	-0,61	
57,555	-0,61	
57,56	-0,61	
57,565	-0,62	
57,57	-0,61	
57,575	-0,61	
57,58	-0,61	
57,585	-0,6	
57,59	-0,6	
57,595	-0,6	
57,6	-0,59	
57,605	-0,59	
57,61	-0,58	
57,615	-0,58	
57,62	-0,57	
57,625	-0,56	
57,63	-0,56	
57,635	-0,55	
57,64	-0,54	
57,645	-0,54	
57,65	-0,53	
57,655	-0,51	
57,66	-0,5	
57,665	-0,49	
57,67	-0,48	
57,675	-0,47	
57,68	-0,46	
57,685	-0,45	
57,69	-0,45	
57,695	-0,43	
57,7	-0,42	
57,705	-0,4	
57,71	-0,39	
57,715	-0,38	
57,72	-0,36	
57,725	-0,35	
57,73	-0,33	
57,735	-0,32	
57,74	-0,31	
57,745	-0,29	
57,75	-0,27	
57,755	-0,26	
57,76	-0,24	
57,765	-0,23	
57,77	-0,21	
57,775	-0,2	
57,78	-0,19	
57,785	-0,17	
57,79	-0,15	
57,795	-0,13	
57,8	-0,11	
57,805	-0,09	
57,81	-0,08	
57,815	-0,06	
57,82	-0,04	
57,825	-0,03	
57,83	-0,01	
57,835	0	
57,84	0,03	
57,845	0,05	
57,85	0,06	
57,855	0,08	
57,86	0,1	
57,865	0,11	
57,87	0,13	
57,875	0,14	
57,88	0,16	
57,885	0,18	
57,89	0,2	
57,895	0,21	
57,9	0,23	
57,905	0,24	
57,91	0,26	
57,915	0,27	
57,92	0,29	
57,925	0,3	
57,93	0,32	
57,935	0,33	
57,94	0,35	
57,945	0,36	
57,95	0,37	
57,955	0,39	
57,96	0,4	
57,965	0,41	
57,97	0,42	
57,975	0,44	
57,98	0,45	
57,985	0,46	
57,99	0,47	
57,995	0,48	
58,0	0,49	
58,005	0,5	
58,01	0,51	
58,015	0,52	
58,02	0,53	
58,025	0,54	
58,03	0,55	
58,035	0,55	
58,04	0,56	
58,045	0,57	
58,05	0,57	
58,055	0,57	
58,06	0,58	
58,065	0,59	
58,07	0,59	
58,075	0,59	
58,08	0,6	
58,085	0,6	
58,09	0,6	
58,095	0,6	
58,1	0,61	
58,105	0,61	
58,11	0,61	
58,115	0,61	
58,12	0,61	
58,125	0,6	
58,13	0,6	
58,135	0,6	
58,14	0,6	
58,145	0,6	
58,15	0,59	
58,155	0,59	
58,16	0,58	
58,165	0,58	
58,17	0,57	
58,175	0,57	
58,18	0,56	
58,185	0,55	
58,19	0,55	
58,195	0,54	
58,2	0,53	
58,205	0,52	
58,21	0,51	
58,215	0,5	
58,22	0,5	
58,225	0,49	
58,23	0,48	
58,235	0,47	
58,24	0,46	
58,245	0,44	
58,25	0,43	
58,255	0,41	
58,26	0,4	
58,265	0,39	
58,27	0,38	
58,275	0,36	
58,28	0,35	
58,285	0,34	
58,29	0,32	
58,295	0,3	
58,3	0,29	
58,305	0,28	
58,31	0,27	
58,315	0,25	
58,32	0,24	
58,325	0,22	
58,33	0,21	
58,335	0,19	
58,34	0,17	
58,345	0,15	
58,35	0,14	
58,355	0,13	
58,36	0,11	
58,365	0,09	
58,37	0,08	
58,375	0,06	
58,38	0,04	
58,385	0,02	
58,39	0,01	
58,395	-0,01	
58,4	-0,03	
58,405	-0,04	
58,41	-0,06	
58,415	-0,07	
58,42	-0,09	
58,425	-0,11	
58,43	-0,13	
58,435	-0,15	
58,44	-0,16	
58,445	-0,17	
58,45	-0,19	
58,455	-0,2	
58,46	-0,22	
58,465	-0,23	
58,47	-0,25	
58,475	-0,27	
58,48	-0,28	
58,485	-0,29	
58,49	-0,31	
58,495	-0,32	
58,5	-0,33	
58,505	-0,34	
58,51	-0,35	
58,515	-0,37	
58,52	-0,38	
58,525	-0,4	
58,53	-0,41	
58,535	-0,42	
58,54	-0,43	
58,545	-0,44	
58,55	-0,45	
58,555	-0,46	
58,56	-0,46	
58,565	-0,48	
58,57	-0,48	
58,575	-0,49	
58,58	-0,5	
58,585	-0,5	
58,59	-0,51	
58,595	-0,52	
58,6	-0,53	
58,605	-0,53	
58,61	-0,54	
58,615	-0,54	
58,62	-0,55	
58,625	-0,55	
58,63	-0,55	
58,635	-0,56	
58,64	-0,56	
58,645	-0,56	
58,65	-0,56	
58,655	-0,56	
58,66	-0,56	
58,665	-0,56	
58,67	-0,56	
58,675	-0,56	
58,68	-0,56	
58,685	-0,56	
58,69	-0,56	
58,695	-0,56	
58,7	-0,55	
58,705	-0,55	
58,71	-0,55	
58,715	-0,54	
58,72	-0,54	
58,725	-0,53	
58,73	-0,53	
58,735	-0,52	
58,74	-0,52	
58,745	-0,51	
58,75	-0,5	
58,755	-0,49	
58,76	-0,48	
58,765	-0,48	
58,77	-0,47	
58,775	-0,46	
58,78	-0,45	
58,785	-0,44	
58,79	-0,43	
58,795	-0,42	
58,8	-0,4	
58,805	-0,39	
58,81	-0,38	
58,815	-0,38	
58,82	-0,36	
58,825	-0,35	
58,83	-0,34	
58,835	-0,33	
58,84	-0,31	
58,845	-0,29	
58,85	-0,28	
58,855	-0,27	
58,86	-0,26	
58,865	-0,25	
58,87	-0,23	
58,875	-0,22	
58,88	-0,21	
58,885	-0,19	
58,89	-0,17	
58,895	-0,16	
58,9	-0,14	
58,905	-0,13	
58,91	-0,11	
58,915	-0,1	
58,92	-0,08	
58,925	-0,07	
58,93	-0,05	
58,935	-0,03	
58,94	-0,02	
58,945	-0,01	
58,95	0,01	
58,955	0,02	
58,96	0,03	
58,965	0,05	
58,97	0,06	
58,975	0,08	
58,98	0,1	
58,985	0,11	
58,99	0,12	
58,995	0,14	
59,0	0,15	
59,005	0,17	
59,01	0,18	
59,015	0,19	
59,02	0,21	
59,025	0,22	
59,03	0,23	
59,035	0,25	
59,04	0,26	
59,045	0,27	
59,05	0,28	
59,055	0,29	
59,06	0,31	
59,065	0,32	
59,07	0,33	
59,075	0,35	
59,08	0,35	
59,085	0,36	
59,09	0,37	
59,095	0,38	
59,1	0,39	
59,105	0,4	
59,11	0,4	
59,115	0,42	
59,12	0,42	
59,125	0,43	
59,13	0,43	
59,135	0,44	
59,14	0,45	
59,145	0,45	
59,15	0,46	
59,155	0,47	
59,16	0,47	
59,165	0,48	
59,17	0,48	
59,175	0,48	
59,18	0,48	
59,185	0,49	
59,19	0,49	
59,195	0,49	
59,2	0,49	
59,205	0,49	
59,21	0,49	
59,215	0,49	
59,22	0,49	
59,225	0,49	
59,23	0,49	
59,235	0,49	
59,24	0,49	
59,245	0,48	
59,25	0,48	
59,255	0,48	
59,26	0,48	
59,265	0,47	
59,27	0,47	
