t, ñ	wz	
0,0	0	
0,005	0	
0,01	-0,01	
0,015	0	
0,02	0	
0,025	0	
0,03	0	
0,035	0	
0,04	0,01	
0,045	0	
0,05	0	
0,055	0	
0,06	0	
0,065	0	
0,07	0	
0,075	0	
0,08	0	
0,085	0	
0,09	0	
0,095	0	
0,1	0	
0,105	0	
0,11	0	
0,115	0	
0,12	0	
0,125	0	
0,13	0	
0,135	0	
0,14	0	
0,145	0	
0,15	0	
0,155	0	
0,16	0	
0,165	0	
0,17	0	
0,175	0	
0,18	0	
0,185	0	
0,19	0	
0,195	0	
0,2	0	
0,205	0	
0,21	0	
0,215	0	
0,22	0	
0,225	-0,01	
0,23	0	
0,235	0	
0,24	0	
0,245	0	
0,25	0	
0,255	0	
0,26	0	
0,265	0	
0,27	0	
0,275	0	
0,28	0	
0,285	0	
0,29	0	
0,295	0	
0,3	0	
0,305	0	
0,31	0	
0,315	0	
0,32	0	
0,325	0	
0,33	0	
0,335	0	
0,34	-0,01	
0,345	0	
0,35	0	
0,355	0	
0,36	0	
0,365	0	
0,37	0	
0,375	0	
0,38	0	
0,385	0	
0,39	0	
0,395	0	
0,4	-0,01	
0,405	0	
0,41	0	
0,415	0	
0,42	0	
0,425	0	
0,43	0	
0,435	0	
0,44	0	
0,445	0	
0,45	0	
0,455	0	
0,46	0	
0,465	0	
0,47	-0,01	
0,475	0	
0,48	0	
0,485	0	
0,49	0	
0,495	0	
0,5	0	
0,505	0	
0,51	0	
0,515	0	
0,52	0	
0,525	0	
0,53	0	
0,535	0	
0,54	0	
0,545	0,01	
0,55	0,01	
0,555	0,01	
0,56	0	
0,565	0	
0,57	0	
0,575	0	
0,58	0	
0,585	0	
0,59	0	
0,595	0	
0,6	0	
0,605	0	
0,61	0	
0,615	0	
0,62	0	
0,625	0	
0,63	0	
0,635	0,01	
0,64	0,03	
0,645	0,05	
0,65	0,07	
0,655	0,06	
0,66	0	
0,665	-0,07	
0,67	-0,14	
0,675	-0,2	
0,68	-0,23	
0,685	-0,23	
0,69	-0,2	
0,695	-0,16	
0,7	-0,15	
0,705	-0,17	
0,71	-0,22	
0,715	-0,29	
0,72	-0,35	
0,725	-0,39	
0,73	-0,39	
0,735	-0,37	
0,74	-0,33	
0,745	-0,32	
0,75	-0,35	
0,755	-0,4	
0,76	-0,46	
0,765	-0,5	
0,77	-0,52	
0,775	-0,52	
0,78	-0,5	
0,785	-0,48	
0,79	-0,47	
0,795	-0,49	
0,8	-0,52	
0,805	-0,57	
0,81	-0,61	
0,815	-0,63	
0,82	-0,62	
0,825	-0,6	
0,83	-0,58	
0,835	-0,58	
0,84	-0,6	
0,845	-0,63	
0,85	-0,68	
0,855	-0,7	
0,86	-0,71	
0,865	-0,7	
0,87	-0,67	
0,875	-0,64	
0,88	-0,63	
0,885	-0,64	
0,89	-0,67	
0,895	-0,71	
0,9	-0,75	
0,905	-0,75	
0,91	-0,73	
0,915	-0,68	
0,92	-0,65	
0,925	-0,63	
0,93	-0,64	
0,935	-0,68	
0,94	-0,72	
0,945	-0,76	
0,95	-0,76	
0,955	-0,73	
0,96	-0,68	
0,965	-0,63	
0,97	-0,59	
0,975	-0,59	
0,98	-0,6	
0,985	-0,69	
0,99	-0,72	
0,995	-0,72	
1,0	-0,68	
1,005	-0,62	
1,01	-0,55	
1,015	-0,52	
1,02	-0,51	
1,025	-0,54	
1,03	-0,58	
1,035	-0,61	
1,04	-0,61	
1,045	-0,59	
1,05	-0,53	
1,055	-0,47	
1,06	-0,41	
1,065	-0,41	
1,07	-0,43	
1,075	-0,46	
1,08	-0,47	
1,085	-0,47	
1,09	-0,44	
1,095	-0,39	
1,1	-0,34	
1,105	-0,29	
1,11	-0,27	
1,115	-0,27	
1,12	-0,29	
1,125	-0,3	
1,13	-0,31	
1,135	-0,29	
1,14	-0,24	
1,145	-0,17	
1,15	-0,13	
1,155	-0,11	
1,16	-0,11	
1,165	-0,12	
1,17	-0,13	
1,175	-0,12	
1,18	-0,09	
1,185	-0,05	
1,19	0	
1,195	0,04	
1,2	0,07	
1,205	0,07	
1,21	0,06	
1,215	0,05	
1,22	0,05	
1,225	0,1	
1,23	0,14	
1,235	0,19	
1,24	0,23	
1,245	0,25	
1,25	0,24	
1,255	0,22	
1,26	0,21	
1,265	0,22	
1,27	0,25	
1,275	0,3	
1,28	0,36	
1,285	0,4	
1,29	0,42	
1,295	0,42	
1,3	0,39	
1,305	0,37	
1,31	0,38	
1,315	0,41	
1,32	0,46	
1,325	0,51	
1,33	0,55	
1,335	0,56	
1,34	0,56	
1,345	0,53	
1,35	0,51	
1,355	0,51	
1,36	0,53	
1,365	0,57	
1,37	0,62	
1,375	0,66	
1,38	0,68	
1,385	0,67	
1,39	0,64	
1,395	0,61	
1,4	0,61	
1,405	0,63	
1,41	0,66	
1,415	0,71	
1,42	0,74	
1,425	0,76	
1,43	0,75	
1,435	0,72	
1,44	0,69	
1,445	0,68	
1,45	0,67	
1,455	0,69	
1,46	0,73	
1,465	0,78	
1,47	0,79	
1,475	0,78	
1,48	0,75	
1,485	0,72	
1,49	0,69	
1,495	0,68	
1,5	0,7	
1,505	0,74	
1,51	0,77	
1,515	0,78	
1,52	0,77	
1,525	0,75	
1,53	0,71	
1,535	0,68	
1,54	0,66	
1,545	0,68	
1,55	0,7	
1,555	0,72	
1,56	0,73	
1,565	0,71	
1,57	0,67	
1,575	0,64	
1,58	0,61	
1,585	0,6	
1,59	0,61	
1,595	0,63	
1,6	0,65	
1,605	0,64	
1,61	0,62	
1,615	0,58	
1,62	0,54	
1,625	0,51	
1,63	0,5	
1,635	0,51	
1,64	0,52	
1,645	0,53	
1,65	0,52	
1,655	0,48	
1,66	0,43	
1,665	0,4	
1,67	0,37	
1,675	0,36	
1,68	0,37	
1,685	0,38	
1,69	0,38	
1,695	0,37	
1,7	0,34	
1,705	0,31	
1,71	0,25	
1,715	0,22	
1,72	0,21	
1,725	0,22	
1,73	0,23	
1,735	0,23	
1,74	0,22	
1,745	0,18	
1,75	0,13	
1,755	0,08	
1,76	0,05	
1,765	0,03	
1,77	0,03	
1,775	0,04	
1,78	0,05	
1,785	0,05	
1,79	0,01	
1,795	-0,03	
1,8	-0,08	
1,805	-0,11	
1,81	-0,13	
1,815	-0,13	
1,82	-0,11	
1,825	-0,1	
1,83	-0,1	
1,835	-0,12	
1,84	-0,16	
1,845	-0,21	
1,85	-0,25	
1,855	-0,28	
1,86	-0,29	
1,865	-0,27	
1,87	-0,25	
1,875	-0,25	
1,88	-0,27	
1,885	-0,31	
1,89	-0,35	
1,895	-0,39	
1,9	-0,4	
1,905	-0,4	
1,91	-0,39	
1,915	-0,38	
1,92	-0,38	
1,925	-0,39	
1,93	-0,42	
1,935	-0,45	
1,94	-0,48	
1,945	-0,49	
1,95	-0,49	
1,955	-0,48	
1,96	-0,48	
1,965	-0,48	
1,97	-0,49	
1,975	-0,52	
1,98	-0,54	
1,985	-0,56	
1,99	-0,56	
1,995	-0,56	
2,0	-0,54	
2,005	-0,53	
2,01	-0,53	
2,015	-0,54	
2,02	-0,56	
2,025	-0,57	
2,03	-0,59	
2,035	-0,59	
2,04	-0,57	
2,045	-0,56	
2,05	-0,55	
2,055	-0,55	
2,06	-0,56	
2,065	-0,57	
2,07	-0,59	
2,075	-0,6	
2,08	-0,59	
2,085	-0,58	
2,09	-0,56	
2,095	-0,53	
2,1	-0,52	
2,105	-0,52	
2,11	-0,54	
2,115	-0,56	
2,12	-0,56	
2,125	-0,55	
2,13	-0,52	
2,135	-0,49	
2,14	-0,46	
2,145	-0,45	
2,15	-0,46	
2,155	-0,47	
2,16	-0,49	
2,165	-0,5	
2,17	-0,49	
2,175	-0,46	
2,18	-0,43	
2,185	-0,39	
2,19	-0,37	
2,195	-0,37	
2,2	-0,38	
2,205	-0,4	
2,21	-0,4	
2,215	-0,39	
2,22	-0,36	
2,225	-0,32	
2,23	-0,28	
2,235	-0,26	
2,24	-0,25	
2,245	-0,25	
2,25	-0,26	
2,255	-0,27	
2,26	-0,26	
2,265	-0,24	
2,27	-0,21	
2,275	-0,16	
2,28	-0,13	
2,285	-0,12	
2,29	-0,12	
2,295	-0,13	
2,3	-0,13	
2,305	-0,12	
2,31	-0,09	
2,315	-0,07	
2,32	-0,03	
2,325	-0,01	
2,33	0	
2,335	0,01	
2,34	0,01	
2,345	0,01	
2,35	0,02	
2,355	0,05	
2,36	0,08	
2,365	0,1	
2,37	0,12	
2,375	0,14	
2,38	0,13	
2,385	0,13	
2,39	0,14	
2,395	0,15	
2,4	0,17	
2,405	0,2	
2,41	0,22	
2,415	0,24	
2,42	0,25	
2,425	0,25	
2,43	0,25	
2,435	0,26	
2,44	0,27	
2,445	0,3	
2,45	0,32	
2,455	0,35	
2,46	0,35	
2,465	0,35	
2,47	0,35	
2,475	0,34	
2,48	0,34	
2,485	0,36	
2,49	0,38	
2,495	0,41	
2,5	0,43	
2,505	0,44	
2,51	0,45	
2,515	0,43	
2,52	0,42	
2,525	0,42	
2,53	0,43	
2,535	0,44	
2,54	0,47	
2,545	0,49	
2,55	0,5	
2,555	0,5	
2,56	0,48	
2,565	0,47	
2,57	0,46	
2,575	0,46	
2,58	0,47	
2,585	0,49	
2,59	0,51	
2,595	0,52	
2,6	0,52	
2,605	0,5	
2,61	0,49	
2,615	0,47	
2,62	0,46	
2,625	0,47	
2,63	0,48	
2,635	0,49	
2,64	0,5	
2,645	0,5	
2,65	0,49	
2,655	0,48	
2,66	0,46	
2,665	0,44	
2,67	0,44	
2,675	0,45	
2,68	0,46	
2,685	0,46	
2,69	0,46	
2,695	0,45	
2,7	0,42	
2,705	0,41	
2,71	0,39	
2,715	0,39	
2,72	0,39	
2,725	0,4	
2,73	0,4	
2,735	0,4	
2,74	0,38	
2,745	0,36	
2,75	0,34	
2,755	0,33	
2,76	0,32	
2,765	0,32	
2,77	0,32	
2,775	0,32	
2,78	0,3	
2,785	0,29	
2,79	0,26	
2,795	0,24	
2,8	0,24	
2,805	0,23	
2,81	0,23	
2,815	0,23	
2,82	0,22	
2,825	0,21	
2,83	0,19	
2,835	0,17	
2,84	0,14	
2,845	0,13	
2,85	0,13	
2,855	0,13	
2,86	0,12	
2,865	0,12	
2,87	0,1	
2,875	0,08	
2,88	0,06	
2,885	0,04	
2,89	0,02	
2,895	0,02	
2,9	0,02	
2,905	0,02	
2,91	0,02	
2,915	0,01	
2,92	-0,02	
2,925	-0,04	
2,93	-0,06	
2,935	-0,08	
2,94	-0,09	
2,945	-0,08	
2,95	-0,08	
2,955	-0,08	
2,96	-0,09	
2,965	-0,1	
2,97	-0,12	
2,975	-0,15	
2,98	-0,17	
2,985	-0,18	
2,99	-0,18	
2,995	-0,17	
3,0	-0,16	
3,005	-0,16	
3,01	-0,18	
3,015	-0,2	
3,02	-0,22	
3,025	-0,24	
3,03	-0,25	
3,035	-0,25	
3,04	-0,24	
3,045	-0,23	
3,05	-0,23	
3,055	-0,23	
3,06	-0,25	
3,065	-0,27	
3,07	-0,29	
3,075	-0,29	
3,08	-0,29	
3,085	-0,29	
3,09	-0,28	
3,095	-0,28	
3,1	-0,28	
3,105	-0,29	
3,11	-0,3	
3,115	-0,31	
3,12	-0,31	
3,125	-0,31	
3,13	-0,3	
3,135	-0,29	
3,14	-0,29	
3,145	-0,29	
3,15	-0,3	
3,155	-0,3	
3,16	-0,3	
3,165	-0,3	
3,17	-0,3	
3,175	-0,29	
3,18	-0,29	
3,185	-0,29	
3,19	-0,29	
3,195	-0,29	
3,2	-0,29	
3,205	-0,29	
3,21	-0,28	
3,215	-0,27	
3,22	-0,26	
3,225	-0,25	
3,23	-0,25	
3,235	-0,25	
3,24	-0,25	
3,245	-0,26	
3,25	-0,25	
3,255	-0,24	
3,26	-0,23	
3,265	-0,21	
3,27	-0,2	
3,275	-0,19	
3,28	-0,19	
3,285	-0,2	
3,29	-0,21	
3,295	-0,21	
3,3	-0,2	
3,305	-0,18	
3,31	-0,16	
3,315	-0,14	
3,32	-0,13	
3,325	-0,12	
3,33	-0,13	
3,335	-0,14	
3,34	-0,14	
3,345	-0,12	
3,35	-0,11	
3,355	-0,08	
3,36	-0,06	
3,365	-0,05	
3,37	-0,04	
3,375	-0,05	
3,38	-0,05	
3,385	-0,06	
3,39	-0,05	
3,395	-0,04	
3,4	-0,02	
3,405	0,01	
3,41	0,03	
3,415	0,03	
3,42	0,03	
3,425	0,02	
3,43	0,03	
3,435	0,03	
3,44	0,04	
3,445	0,06	
3,45	0,07	
3,455	0,08	
3,46	0,09	
3,465	0,09	
3,47	0,09	
3,475	0,1	
3,48	0,1	
3,485	0,11	
3,49	0,12	
3,495	0,13	
3,5	0,14	
3,505	0,15	
3,51	0,15	
3,515	0,15	
3,52	0,15	
3,525	0,16	
3,53	0,17	
3,535	0,17	
3,54	0,18	
3,545	0,19	
3,55	0,19	
3,555	0,19	
3,56	0,19	
3,565	0,19	
3,57	0,19	
3,575	0,2	
3,58	0,21	
3,585	0,22	
3,59	0,22	
3,595	0,22	
3,6	0,22	
3,605	0,21	
3,61	0,21	
3,615	0,21	
3,62	0,22	
3,625	0,23	
3,63	0,23	
3,635	0,23	
3,64	0,23	
3,645	0,23	
3,65	0,21	
3,655	0,21	
3,66	0,21	
3,665	0,22	
3,67	0,23	
3,675	0,23	
3,68	0,23	
3,685	0,22	
3,69	0,21	
3,695	0,19	
3,7	0,19	
3,705	0,19	
3,71	0,19	
3,715	0,2	
3,72	0,2	
3,725	0,2	
3,73	0,19	
3,735	0,18	
3,74	0,17	
3,745	0,16	
3,75	0,16	
3,755	0,16	
3,76	0,16	
3,765	0,16	
3,77	0,16	
3,775	0,15	
3,78	0,14	
3,785	0,12	
3,79	0,11	
3,795	0,1	
3,8	0,1	
3,805	0,1	
3,81	0,1	
3,815	0,1	
3,82	0,09	
3,825	0,08	
3,83	0,07	
3,835	0,06	
3,84	0,05	
3,845	0,04	
3,85	0,04	
3,855	0,04	
3,86	0,04	
3,865	0,04	
3,87	0,03	
3,875	0,01	
3,88	0	
3,885	-0,01	
3,89	-0,02	
3,895	-0,02	
3,9	-0,02	
3,905	-0,03	
3,91	-0,03	
3,915	-0,04	
3,92	-0,05	
3,925	-0,06	
3,93	-0,06	
3,935	-0,06	
3,94	-0,07	
3,945	-0,08	
3,95	-0,08	
3,955	-0,09	
3,96	-0,1	
3,965	-0,1	
3,97	-0,11	
3,975	-0,11	
3,98	-0,11	
3,985	-0,11	
3,99	-0,12	
3,995	-0,13	
4,0	-0,14	
4,005	-0,15	
4,01	-0,16	
4,015	-0,16	
4,02	-0,15	
4,025	-0,15	
4,03	-0,14	
4,035	-0,15	
4,04	-0,16	
4,045	-0,16	
4,05	-0,17	
4,055	-0,18	
4,06	-0,18	
4,065	-0,17	
4,07	-0,17	
4,075	-0,17	
4,08	-0,17	
4,085	-0,17	
4,09	-0,18	
4,095	-0,19	
4,1	-0,2	
4,105	-0,2	
4,11	-0,19	
4,115	-0,18	
4,12	-0,17	
4,125	-0,17	
4,13	-0,16	
4,135	-0,17	
4,14	-0,17	
4,145	-0,18	
4,15	-0,18	
4,155	-0,17	
4,16	-0,17	
4,165	-0,16	
4,17	-0,16	
4,175	-0,15	
4,18	-0,15	
4,185	-0,15	
4,19	-0,15	
4,195	-0,15	
4,2	-0,15	
4,205	-0,14	
4,21	-0,13	
4,215	-0,12	
4,22	-0,12	
4,225	-0,11	
4,23	-0,11	
4,235	-0,11	
4,24	-0,1	
4,245	-0,1	
4,25	-0,09	
4,255	-0,08	
4,26	-0,08	
4,265	-0,07	
4,27	-0,06	
4,275	-0,06	
4,28	-0,05	
4,285	-0,04	
4,29	-0,04	
4,295	-0,02	
4,3	-0,02	
4,305	-0,01	
4,31	0	
4,315	0	
4,32	0,01	
4,325	0,02	
4,33	0,03	
4,335	0,04	
4,34	0,05	
4,345	0,06	
4,35	0,06	
4,355	0,06	
4,36	0,07	
4,365	0,08	
4,37	0,08	
4,375	0,1	
4,38	0,11	
4,385	0,12	
4,39	0,13	
4,395	0,14	
4,4	0,14	
4,405	0,15	
4,41	0,15	
4,415	0,16	
4,42	0,16	
4,425	0,17	
4,43	0,19	
4,435	0,2	
4,44	0,2	
4,445	0,21	
4,45	0,21	
4,455	0,21	
4,46	0,22	
4,465	0,22	
4,47	0,23	
4,475	0,24	
4,48	0,25	
4,485	0,26	
4,49	0,27	
4,495	0,27	
4,5	0,27	
4,505	0,27	
4,51	0,27	
4,515	0,27	
4,52	0,28	
4,525	0,28	
4,53	0,29	
4,535	0,3	
4,54	0,3	
4,545	0,3	
4,55	0,3	
4,555	0,3	
4,56	0,3	
4,565	0,3	
4,57	0,3	
4,575	0,31	
4,58	0,31	
4,585	0,31	
4,59	0,31	
4,595	0,31	
4,6	0,3	
4,605	0,3	
4,61	0,3	
4,615	0,3	
4,62	0,3	
4,625	0,3	
4,63	0,3	
4,635	0,31	
4,64	0,3	
4,645	0,3	
4,65	0,29	
4,655	0,29	
4,66	0,28	
4,665	0,28	
4,67	0,27	
4,675	0,27	
4,68	0,27	
4,685	0,26	
4,69	0,26	
4,695	0,25	
4,7	0,24	
4,705	0,23	
4,71	0,22	
4,715	0,22	
4,72	0,21	
4,725	0,2	
4,73	0,2	
4,735	0,19	
4,74	0,18	
4,745	0,17	
4,75	0,17	
4,755	0,16	
4,76	0,15	
4,765	0,14	
4,77	0,13	
4,775	0,11	
4,78	0,1	
4,785	0,09	
4,79	0,08	
4,795	0,08	
4,8	0,08	
4,805	0,06	
4,81	0,06	
4,815	0,04	
4,82	0,03	
4,825	0,01	
4,83	0,01	
4,835	0	
4,84	-0,01	
4,845	-0,01	
4,85	-0,02	
4,855	-0,03	
4,86	-0,05	
4,865	-0,07	
4,87	-0,08	
4,875	-0,09	
4,88	-0,1	
4,885	-0,11	
4,89	-0,11	
4,895	-0,12	
4,9	-0,13	
4,905	-0,15	
4,91	-0,16	
4,915	-0,18	
4,92	-0,2	
4,925	-0,21	
4,93	-0,21	
4,935	-0,21	
4,94	-0,21	
4,945	-0,22	
4,95	-0,23	
4,955	-0,24	
4,96	-0,26	
4,965	-0,28	
4,97	-0,29	
4,975	-0,29	
4,98	-0,3	
4,985	-0,3	
4,99	-0,31	
4,995	-0,31	
5,0	-0,33	
5,005	-0,34	
5,01	-0,35	
5,015	-0,36	
5,02	-0,37	
5,025	-0,37	
5,03	-0,37	
5,035	-0,37	
5,04	-0,38	
5,045	-0,38	
5,05	-0,39	
5,055	-0,4	
5,06	-0,41	
5,065	-0,41	
5,07	-0,41	
5,075	-0,41	
5,08	-0,41	
5,085	-0,41	
5,09	-0,42	
5,095	-0,42	
5,1	-0,43	
5,105	-0,43	
5,11	-0,44	
5,115	-0,43	
5,12	-0,43	
5,125	-0,43	
5,13	-0,43	
5,135	-0,43	
5,14	-0,43	
5,145	-0,43	
5,15	-0,43	
5,155	-0,42	
5,16	-0,42	
5,165	-0,41	
5,17	-0,41	
5,175	-0,41	
5,18	-0,41	
5,185	-0,41	
5,19	-0,41	
5,195	-0,4	
5,2	-0,39	
5,205	-0,38	
5,21	-0,37	
5,215	-0,36	
5,22	-0,36	
5,225	-0,36	
5,23	-0,36	
5,235	-0,35	
5,24	-0,35	
5,245	-0,33	
5,25	-0,31	
5,255	-0,3	
5,26	-0,28	
5,265	-0,27	
5,27	-0,27	
5,275	-0,27	
5,28	-0,26	
5,285	-0,25	
5,29	-0,24	
5,295	-0,22	
5,3	-0,2	
5,305	-0,19	
5,31	-0,18	
5,315	-0,17	
5,32	-0,17	
5,325	-0,16	
5,33	-0,15	
5,335	-0,14	
5,34	-0,12	
5,345	-0,1	
5,35	-0,07	
5,355	-0,06	
5,36	-0,04	
5,365	-0,04	
5,37	-0,03	
5,375	-0,02	
5,38	0	
5,385	0,01	
5,39	0,03	
5,395	0,06	
5,4	0,07	
5,405	0,08	
5,41	0,09	
5,415	0,1	
5,42	0,11	
5,425	0,12	
5,43	0,14	
5,435	0,16	
5,44	0,18	
5,445	0,19	
5,45	0,2	
5,455	0,22	
5,46	0,23	
5,465	0,24	
5,47	0,26	
5,475	0,27	
5,48	0,28	
5,485	0,3	
5,49	0,31	
5,495	0,32	
5,5	0,33	
5,505	0,35	
5,51	0,36	
5,515	0,38	
5,52	0,39	
5,525	0,4	
5,53	0,41	
5,535	0,42	
5,54	0,43	
5,545	0,44	
5,55	0,45	
5,555	0,45	
5,56	0,46	
5,565	0,48	
5,57	0,49	
5,575	0,5	
5,58	0,51	
5,585	0,51	
5,59	0,52	
5,595	0,52	
5,6	0,53	
5,605	0,53	
5,61	0,54	
5,615	0,55	
5,62	0,56	
5,625	0,56	
5,63	0,57	
5,635	0,56	
5,64	0,56	
5,645	0,56	
5,65	0,57	
5,655	0,57	
5,66	0,58	
5,665	0,59	
5,67	0,58	
5,675	0,58	
5,68	0,58	
5,685	0,57	
5,69	0,57	
5,695	0,57	
5,7	0,58	
5,705	0,58	
5,71	0,58	
5,715	0,58	
5,72	0,57	
5,725	0,56	
5,73	0,55	
5,735	0,54	
5,74	0,54	
5,745	0,54	
5,75	0,53	
5,755	0,53	
5,76	0,53	
5,765	0,52	
5,77	0,5	
5,775	0,49	
5,78	0,48	
5,785	0,47	
5,79	0,46	
5,795	0,45	
5,8	0,45	
5,805	0,44	
5,81	0,43	
5,815	0,42	
5,82	0,4	
5,825	0,39	
5,83	0,37	
5,835	0,35	
5,84	0,34	
5,845	0,33	
5,85	0,32	
5,855	0,31	
5,86	0,29	
5,865	0,28	
5,87	0,26	
5,875	0,25	
5,88	0,23	
5,885	0,22	
5,89	0,21	
5,895	0,19	
5,9	0,17	
5,905	0,15	
5,91	0,14	
5,915	0,11	
5,92	0,09	
5,925	0,08	
5,93	0,06	
5,935	0,05	
5,94	0,03	
5,945	0,02	
5,95	0	
5,955	-0,02	
5,96	-0,03	
5,965	-0,05	
5,97	-0,07	
5,975	-0,09	
5,98	-0,11	
5,985	-0,13	
5,99	-0,14	
5,995	-0,17	
6,0	-0,18	
6,005	-0,19	
6,01	-0,2	
6,015	-0,22	
6,02	-0,24	
6,025	-0,26	
6,03	-0,28	
6,035	-0,3	
6,04	-0,32	
6,045	-0,33	
6,05	-0,34	
6,055	-0,35	
6,06	-0,36	
6,065	-0,37	
6,07	-0,39	
6,075	-0,42	
6,08	-0,43	
6,085	-0,45	
6,09	-0,46	
6,095	-0,47	
6,1	-0,48	
6,105	-0,48	
6,11	-0,5	
6,115	-0,51	
6,12	-0,52	
6,125	-0,53	
6,13	-0,55	
6,135	-0,56	
6,14	-0,57	
6,145	-0,57	
6,15	-0,58	
6,155	-0,59	
6,16	-0,6	
6,165	-0,61	
6,17	-0,61	
6,175	-0,62	
6,18	-0,63	
6,185	-0,63	
6,19	-0,64	
6,195	-0,64	
6,2	-0,65	
6,205	-0,65	
6,21	-0,66	
6,215	-0,67	
6,22	-0,67	
6,225	-0,67	
6,23	-0,67	
6,235	-0,66	
6,24	-0,66	
6,245	-0,67	
6,25	-0,67	
6,255	-0,67	
6,26	-0,67	
6,265	-0,67	
6,27	-0,66	
6,275	-0,65	
6,28	-0,64	
6,285	-0,64	
6,29	-0,63	
6,295	-0,64	
6,3	-0,64	
6,305	-0,63	
6,31	-0,62	
6,315	-0,62	
6,32	-0,6	
6,325	-0,59	
6,33	-0,58	
6,335	-0,57	
6,34	-0,57	
6,345	-0,56	
6,35	-0,55	
6,355	-0,54	
6,36	-0,53	
6,365	-0,51	
6,37	-0,49	
6,375	-0,48	
6,38	-0,47	
6,385	-0,46	
6,39	-0,45	
6,395	-0,44	
6,4	-0,42	
6,405	-0,4	
6,41	-0,38	
6,415	-0,36	
6,42	-0,34	
6,425	-0,33	
6,43	-0,32	
6,435	-0,31	
6,44	-0,3	
6,445	-0,28	
6,45	-0,26	
6,455	-0,24	
6,46	-0,22	
6,465	-0,2	
6,47	-0,18	
6,475	-0,16	
6,48	-0,14	
6,485	-0,12	
6,49	-0,11	
6,495	-0,09	
6,5	-0,07	
6,505	-0,05	
6,51	-0,03	
6,515	-0,01	
6,52	0,01	
6,525	0,03	
6,53	0,04	
6,535	0,06	
6,54	0,07	
6,545	0,1	
6,55	0,11	
6,555	0,14	
6,56	0,17	
6,565	0,18	
6,57	0,2	
6,575	0,21	
6,58	0,24	
6,585	0,26	
6,59	0,28	
6,595	0,3	
6,6	0,32	
6,605	0,33	
6,61	0,35	
6,615	0,36	
6,62	0,37	
6,625	0,39	
6,63	0,41	
6,635	0,42	
6,64	0,45	
6,645	0,47	
6,65	0,48	
6,655	0,49	
6,66	0,51	
6,665	0,52	
6,67	0,53	
6,675	0,55	
6,68	0,56	
6,685	0,57	
6,69	0,59	
6,695	0,6	
6,7	0,61	
6,705	0,61	
6,71	0,62	
6,715	0,63	
6,72	0,64	
6,725	0,66	
6,73	0,67	
6,735	0,68	
6,74	0,68	
6,745	0,68	
6,75	0,69	
6,755	0,69	
6,76	0,7	
6,765	0,7	
6,77	0,71	
6,775	0,72	
6,78	0,73	
6,785	0,73	
6,79	0,73	
6,795	0,72	
6,8	0,72	
6,805	0,72	
6,81	0,72	
6,815	0,73	
6,82	0,73	
6,825	0,74	
6,83	0,74	
6,835	0,73	
6,84	0,72	
6,845	0,71	
6,85	0,7	
6,855	0,7	
6,86	0,69	
6,865	0,69	
6,87	0,69	
6,875	0,69	
6,88	0,69	
6,885	0,67	
6,89	0,66	
6,895	0,65	
6,9	0,64	
6,905	0,63	
6,91	0,62	
6,915	0,61	
6,92	0,6	
6,925	0,59	
6,93	0,58	
6,935	0,57	
6,94	0,55	
6,945	0,54	
6,95	0,52	
6,955	0,51	
6,96	0,5	
6,965	0,48	
6,97	0,46	
6,975	0,45	
6,98	0,43	
6,985	0,42	
6,99	0,4	
6,995	0,38	
7,0	0,36	
7,005	0,34	
7,01	0,33	
7,015	0,31	
7,02	0,29	
7,025	0,27	
7,03	0,26	
7,035	0,24	
7,04	0,23	
7,045	0,2	
7,05	0,17	
7,055	0,15	
7,06	0,12	
7,065	0,1	
7,07	0,09	
7,075	0,08	
7,08	0,06	
7,085	0,05	
7,09	0,03	
7,095	0	
7,1	-0,03	
7,105	-0,05	
7,11	-0,08	
7,115	-0,1	
7,12	-0,11	
7,125	-0,13	
7,13	-0,14	
7,135	-0,16	
7,14	-0,18	
7,145	-0,2	
7,15	-0,23	
7,155	-0,25	
7,16	-0,27	
7,165	-0,28	
7,17	-0,3	
7,175	-0,31	
7,18	-0,32	
7,185	-0,34	
7,19	-0,35	
7,195	-0,37	
7,2	-0,39	
7,205	-0,42	
7,21	-0,44	
7,215	-0,45	
7,22	-0,46	
7,225	-0,47	
7,23	-0,49	
7,235	-0,5	
7,24	-0,52	
7,245	-0,53	
7,25	-0,55	
7,255	-0,56	
7,26	-0,57	
7,265	-0,58	
7,27	-0,59	
7,275	-0,6	
7,28	-0,61	
7,285	-0,62	
7,29	-0,64	
7,295	-0,64	
7,3	-0,65	
7,305	-0,66	
7,31	-0,67	
7,315	-0,67	
7,32	-0,68	
7,325	-0,69	
7,33	-0,69	
7,335	-0,7	
7,34	-0,7	
7,345	-0,7	
7,35	-0,71	
7,355	-0,7	
7,36	-0,71	
7,365	-0,72	
7,37	-0,72	
7,375	-0,73	
7,38	-0,72	
7,385	-0,72	
7,39	-0,71	
7,395	-0,7	
7,4	-0,7	
7,405	-0,7	
7,41	-0,7	
7,415	-0,71	
7,42	-0,71	
7,425	-0,71	
7,43	-0,7	
7,435	-0,69	
7,44	-0,68	
7,445	-0,66	
7,45	-0,65	
7,455	-0,65	
7,46	-0,65	
7,465	-0,64	
7,47	-0,63	
7,475	-0,62	
7,48	-0,61	
7,485	-0,6	
7,49	-0,58	
7,495	-0,57	
7,5	-0,56	
7,505	-0,55	
7,51	-0,54	
7,515	-0,53	
7,52	-0,52	
7,525	-0,51	
7,53	-0,49	
7,535	-0,47	
7,54	-0,45	
7,545	-0,43	
7,55	-0,42	
7,555	-0,4	
7,56	-0,39	
7,565	-0,38	
7,57	-0,36	
7,575	-0,34	
7,58	-0,32	
7,585	-0,31	
7,59	-0,29	
7,595	-0,27	
7,6	-0,25	
7,605	-0,24	
7,61	-0,21	
7,615	-0,19	
7,62	-0,17	
7,625	-0,15	
7,63	-0,14	
7,635	-0,12	
7,64	-0,1	
7,645	-0,09	
7,65	-0,07	
7,655	-0,04	
7,66	-0,02	
7,665	0	
7,67	0,01	
7,675	0,03	
7,68	0,05	
7,685	0,06	
7,69	0,06	
7,695	0,11	
7,7	0,13	
7,705	0,15	
7,71	0,17	
7,715	0,19	
7,72	0,2	
7,725	0,22	
7,73	0,24	
7,735	0,25	
7,74	0,27	
7,745	0,29	
7,75	0,31	
7,755	0,33	
7,76	0,34	
7,765	0,36	
7,77	0,37	
7,775	0,38	
7,78	0,4	
7,785	0,41	
7,79	0,43	
7,795	0,45	
7,8	0,46	
7,805	0,48	
7,81	0,49	
7,815	0,5	
7,82	0,51	
7,825	0,52	
7,83	0,53	
7,835	0,54	
7,84	0,55	
7,845	0,56	
7,85	0,58	
7,855	0,59	
7,86	0,6	
7,865	0,6	
7,87	0,61	
7,875	0,61	
7,88	0,62	
7,885	0,63	
7,89	0,63	
7,895	0,64	
7,9	0,65	
7,905	0,65	
7,91	0,66	
7,915	0,66	
7,92	0,66	
7,925	0,66	
7,93	0,66	
7,935	0,66	
7,94	0,66	
7,945	0,66	
7,95	0,66	
7,955	0,66	
7,96	0,66	
7,965	0,66	
7,97	0,66	
7,975	0,66	
7,98	0,65	
7,985	0,65	
7,99	0,65	
7,995	0,64	
8,0	0,63	
8,005	0,63	
8,01	0,63	
8,015	0,62	
8,02	0,62	
8,025	0,61	
8,03	0,6	
8,035	0,59	
8,04	0,58	
8,045	0,57	
8,05	0,56	
8,055	0,55	
8,06	0,55	
8,065	0,54	
8,07	0,52	
8,075	0,51	
8,08	0,5	
8,085	0,49	
8,09	0,48	
8,095	0,46	
8,1	0,44	
8,105	0,43	
8,11	0,42	
8,115	0,4	
8,12	0,39	
8,125	0,38	
8,13	0,36	
8,135	0,35	
8,14	0,33	
8,145	0,32	
8,15	0,31	
8,155	0,3	
8,16	0,28	
8,165	0,26	
8,17	0,24	
8,175	0,23	
8,18	0,2	
8,185	0,18	
8,19	0,17	
8,195	0,16	
8,2	0,14	
8,205	0,12	
8,21	0,1	
8,215	0,09	
8,22	0,07	
8,225	0,05	
8,23	0,04	
8,235	0,02	
8,24	0,01	
8,245	-0,01	
8,25	-0,03	
8,255	-0,04	
8,26	-0,07	
8,265	-0,09	
8,27	-0,1	
8,275	-0,12	
8,28	-0,14	
8,285	-0,15	
8,29	-0,16	
8,295	-0,18	
8,3	-0,19	
8,305	-0,21	
8,31	-0,22	
8,315	-0,24	
8,32	-0,25	
8,325	-0,27	
8,33	-0,28	
8,335	-0,29	
8,34	-0,32	
8,345	-0,33	
8,35	-0,34	
8,355	-0,35	
8,36	-0,36	
8,365	-0,37	
8,37	-0,38	
8,375	-0,39	
8,38	-0,41	
8,385	-0,42	
8,39	-0,43	
8,395	-0,44	
8,4	-0,45	
8,405	-0,45	
8,41	-0,46	
8,415	-0,47	
8,42	-0,48	
8,425	-0,49	
8,43	-0,5	
8,435	-0,51	
8,44	-0,52	
8,445	-0,53	
8,45	-0,53	
8,455	-0,53	
8,46	-0,53	
8,465	-0,54	
8,47	-0,54	
8,475	-0,55	
8,48	-0,55	
8,485	-0,56	
8,49	-0,56	
8,495	-0,56	
8,5	-0,56	
8,505	-0,56	
8,51	-0,56	
8,515	-0,55	
8,52	-0,55	
8,525	-0,56	
8,53	-0,56	
8,535	-0,56	
8,54	-0,56	
8,545	-0,56	
8,55	-0,55	
8,555	-0,55	
8,56	-0,54	
8,565	-0,54	
8,57	-0,53	
8,575	-0,52	
8,58	-0,52	
8,585	-0,52	
8,59	-0,51	
8,595	-0,5	
8,6	-0,5	
8,605	-0,49	
8,61	-0,48	
8,615	-0,47	
8,62	-0,46	
8,625	-0,45	
8,63	-0,44	
8,635	-0,44	
8,64	-0,43	
8,645	-0,42	
8,65	-0,41	
8,655	-0,4	
8,66	-0,39	
8,665	-0,37	
8,67	-0,36	
8,675	-0,34	
8,68	-0,33	
8,685	-0,32	
8,69	-0,31	
8,695	-0,3	
8,7	-0,29	
8,705	-0,28	
8,71	-0,27	
8,715	-0,25	
8,72	-0,23	
8,725	-0,22	
8,73	-0,21	
8,735	-0,2	
8,74	-0,19	
8,745	-0,17	
8,75	-0,16	
8,755	-0,14	
8,76	-0,13	
8,765	-0,11	
8,77	-0,09	
8,775	-0,08	
8,78	-0,07	
8,785	-0,05	
8,79	-0,04	
8,795	-0,03	
8,8	-0,02	
8,805	-0,01	
8,81	0,01	
8,815	0,03	
8,82	0,04	
8,825	0,06	
8,83	0,07	
8,835	0,09	
8,84	0,09	
8,845	0,11	
8,85	0,12	
8,855	0,14	
8,86	0,15	
8,865	0,16	
8,87	0,17	
8,875	0,18	
8,88	0,19	
8,885	0,21	
8,89	0,22	
8,895	0,23	
8,9	0,24	
8,905	0,26	
8,91	0,26	
8,915	0,27	
8,92	0,28	
8,925	0,29	
8,93	0,3	
8,935	0,31	
8,94	0,32	
8,945	0,32	
8,95	0,33	
8,955	0,34	
8,96	0,35	
8,965	0,35	
8,97	0,36	
8,975	0,37	
8,98	0,38	
8,985	0,39	
8,99	0,4	
8,995	0,4	
9,0	0,4	
9,005	0,4	
9,01	0,4	
9,015	0,4	
9,02	0,41	
9,025	0,41	
9,03	0,42	
9,035	0,42	
9,04	0,42	
9,045	0,42	
9,05	0,42	
9,055	0,43	
9,06	0,43	
9,065	0,42	
9,07	0,43	
9,075	0,43	
9,08	0,43	
9,085	0,43	
9,09	0,43	
9,095	0,42	
9,1	0,42	
9,105	0,42	
9,11	0,41	
9,115	0,41	
9,12	0,41	
9,125	0,41	
9,13	0,4	
9,135	0,4	
9,14	0,39	
9,145	0,39	
9,15	0,38	
9,155	0,37	
9,16	0,36	
9,165	0,36	
9,17	0,35	
9,175	0,35	
9,18	0,34	
9,185	0,34	
9,19	0,33	
9,195	0,32	
9,2	0,32	
9,205	0,31	
9,21	0,29	
9,215	0,28	
9,22	0,28	
9,225	0,27	
9,23	0,26	
9,235	0,25	
9,24	0,24	
9,245	0,23	
9,25	0,22	
9,255	0,21	
9,26	0,2	
9,265	0,2	
9,27	0,19	
9,275	0,18	
9,28	0,17	
9,285	0,16	
9,29	0,14	
9,295	0,13	
9,3	0,12	
9,305	0,11	
9,31	0,1	
9,315	0,09	
9,32	0,08	
9,325	0,07	
9,33	0,06	
9,335	0,05	
9,34	0,04	
9,345	0,03	
9,35	0,02	
9,355	0,01	
9,36	0	
9,365	-0,01	
9,37	-0,02	
9,375	-0,03	
9,38	-0,04	
9,385	-0,05	
9,39	-0,06	
9,395	-0,08	
9,4	-0,09	
9,405	-0,09	
9,41	-0,1	
9,415	-0,11	
9,42	-0,12	
9,425	-0,13	
9,43	-0,13	
9,435	-0,14	
9,44	-0,15	
9,445	-0,16	
9,45	-0,17	
9,455	-0,17	
9,46	-0,18	
9,465	-0,19	
9,47	-0,2	
9,475	-0,21	
9,48	-0,22	
9,485	-0,22	
9,49	-0,22	
9,495	-0,23	
9,5	-0,24	
9,505	-0,24	
9,51	-0,25	
9,515	-0,25	
9,52	-0,25	
9,525	-0,25	
9,53	-0,26	
9,535	-0,26	
9,54	-0,26	
9,545	-0,26	
9,55	-0,27	
9,555	-0,27	
9,56	-0,27	
9,565	-0,28	
9,57	-0,28	
9,575	-0,28	
9,58	-0,28	
9,585	-0,28	
9,59	-0,28	
9,595	-0,28	
9,6	-0,28	
9,605	-0,28	
9,61	-0,29	
9,615	-0,28	
9,62	-0,28	
9,625	-0,28	
9,63	-0,27	
9,635	-0,27	
9,64	-0,27	
9,645	-0,27	
9,65	-0,27	
9,655	-0,27	
9,66	-0,27	
9,665	-0,26	
9,67	-0,26	
9,675	-0,26	
9,68	-0,25	
9,685	-0,24	
9,69	-0,23	
9,695	-0,23	
9,7	-0,22	
9,705	-0,22	
9,71	-0,22	
9,715	-0,21	
9,72	-0,21	
9,725	-0,2	
9,73	-0,19	
9,735	-0,19	
9,74	-0,18	
9,745	-0,17	
9,75	-0,17	
9,755	-0,17	
9,76	-0,16	
9,765	-0,15	
9,77	-0,15	
9,775	-0,14	
9,78	-0,13	
9,785	-0,12	
9,79	-0,11	
9,795	-0,1	
9,8	-0,09	
9,805	-0,09	
9,81	-0,09	
9,815	-0,08	
9,82	-0,07	
9,825	-0,07	
9,83	-0,05	
9,835	-0,05	
9,84	-0,04	
9,845	-0,03	
9,85	-0,02	
9,855	-0,02	
9,86	-0,01	
9,865	0	
9,87	0	
9,875	0,01	
9,88	0,02	
9,885	0,03	
9,89	0,03	
9,895	0,04	
9,9	0,05	
9,905	0,06	
9,91	0,06	
9,915	0,07	
9,92	0,08	
9,925	0,08	
9,93	0,08	
9,935	0,09	
9,94	0,09	
9,945	0,1	
9,95	0,11	
9,955	0,12	
9,96	0,12	
9,965	0,13	
9,97	0,13	
9,975	0,14	
9,98	0,14	
9,985	0,14	
9,99	0,14	
9,995	0,15	
10,0	0,16	
10,005	0,16	
10,01	0,17	
10,015	0,17	
10,02	0,17	
10,025	0,17	
10,03	0,17	
10,035	0,17	
10,04	0,18	
10,045	0,18	
10,05	0,19	
10,055	0,19	
10,06	0,19	
10,065	0,19	
10,07	0,19	
10,075	0,19	
10,08	0,18	
10,085	0,18	
10,09	0,18	
10,095	0,18	
10,1	0,19	
10,105	0,19	
10,11	0,19	
10,115	0,19	
10,12	0,18	
10,125	0,17	
10,13	0,17	
10,135	0,17	
10,14	0,16	
10,145	0,17	
10,15	0,17	
10,155	0,17	
10,16	0,16	
10,165	0,16	
10,17	0,15	
10,175	0,15	
10,18	0,14	
10,185	0,14	
10,19	0,14	
10,195	0,13	
10,2	0,12	
10,205	0,12	
10,21	0,11	
10,215	0,11	
10,22	0,1	
10,225	0,1	
10,23	0,09	
10,235	0,09	
10,24	0,09	
10,245	0,08	
10,25	0,07	
10,255	0,07	
10,26	0,06	
10,265	0,05	
10,27	0,05	
10,275	0,04	
10,28	0,04	
10,285	0,04	
10,29	0,03	
10,295	0,02	
10,3	0,01	
10,305	0	
10,31	-0,01	
10,315	-0,01	
10,32	-0,01	
10,325	-0,02	
10,33	-0,02	
10,335	-0,03	
10,34	-0,04	
10,345	-0,05	
10,35	-0,06	
10,355	-0,07	
10,36	-0,08	
10,365	-0,08	
10,37	-0,08	
10,375	-0,08	
10,38	-0,08	
10,385	-0,09	
10,39	-0,1	
10,395	-0,11	
10,4	-0,12	
10,405	-0,12	
10,41	-0,13	
10,415	-0,13	
10,42	-0,13	
10,425	-0,13	
10,43	-0,14	
10,435	-0,15	
10,44	-0,16	
10,445	-0,16	
10,45	-0,17	
10,455	-0,17	
10,46	-0,16	
10,465	-0,16	
10,47	-0,16	
10,475	-0,17	
10,48	-0,18	
10,485	-0,18	
10,49	-0,19	
10,495	-0,19	
10,5	-0,19	
10,505	-0,18	
10,51	-0,18	
10,515	-0,18	
10,52	-0,19	
10,525	-0,2	
10,53	-0,2	
10,535	-0,21	
10,54	-0,2	
10,545	-0,2	
10,55	-0,19	
10,555	-0,19	
10,56	-0,19	
10,565	-0,19	
10,57	-0,19	
10,575	-0,2	
10,58	-0,2	
10,585	-0,2	
10,59	-0,2	
10,595	-0,19	
10,6	-0,18	
10,605	-0,17	
10,61	-0,17	
10,615	-0,17	
10,62	-0,17	
10,625	-0,17	
10,63	-0,17	
10,635	-0,16	
10,64	-0,15	
10,645	-0,14	
10,65	-0,14	
10,655	-0,13	
10,66	-0,14	
10,665	-0,14	
10,67	-0,13	
10,675	-0,13	
10,68	-0,12	
10,685	-0,1	
10,69	-0,09	
10,695	-0,09	
10,7	-0,08	
10,705	-0,08	
10,71	-0,08	
10,715	-0,08	
10,72	-0,07	
10,725	-0,06	
10,73	-0,05	
10,735	-0,04	
10,74	-0,03	
10,745	-0,02	
10,75	-0,02	
10,755	-0,02	
10,76	-0,02	
10,765	-0,01	
10,77	0	
10,775	0,02	
10,78	0,03	
10,785	0,04	
10,79	0,04	
10,795	0,05	
10,8	0,05	
10,805	0,05	
10,81	0,07	
10,815	0,08	
10,82	0,09	
10,825	0,11	
10,83	0,12	
10,835	0,12	
10,84	0,12	
10,845	0,13	
10,85	0,13	
10,855	0,14	
10,86	0,16	
10,865	0,17	
10,87	0,18	
10,875	0,19	
10,88	0,19	
10,885	0,19	
10,89	0,19	
10,895	0,19	
10,9	0,2	
10,905	0,21	
10,91	0,23	
10,915	0,24	
10,92	0,25	
10,925	0,25	
10,93	0,24	
10,935	0,24	
10,94	0,24	
10,945	0,25	
10,95	0,26	
10,955	0,28	
10,96	0,28	
10,965	0,29	
10,97	0,29	
10,975	0,29	
10,98	0,28	
10,985	0,28	
10,99	0,29	
10,995	0,29	
11,0	0,3	
11,005	0,31	
11,01	0,31	
11,015	0,31	
11,02	0,31	
11,025	0,3	
11,03	0,31	
11,035	0,31	
11,04	0,31	
11,045	0,31	
11,05	0,32	
11,055	0,32	
11,06	0,31	
11,065	0,31	
11,07	0,3	
11,075	0,3	
11,08	0,3	
11,085	0,3	
11,09	0,3	
11,095	0,3	
11,1	0,29	
11,105	0,29	
11,11	0,28	
11,115	0,27	
11,12	0,27	
11,125	0,27	
11,13	0,26	
11,135	0,26	
11,14	0,26	
11,145	0,26	
11,15	0,24	
11,155	0,24	
11,16	0,23	
11,165	0,22	
11,17	0,21	
11,175	0,21	
11,18	0,21	
11,185	0,2	
11,19	0,19	
11,195	0,18	
11,2	0,17	
11,205	0,15	
11,21	0,14	
11,215	0,13	
11,22	0,13	
11,225	0,12	
11,23	0,12	
11,235	0,11	
11,24	0,1	
11,245	0,08	
11,25	0,06	
11,255	0,05	
11,26	0,04	
11,265	0,04	
11,27	0,03	
11,275	0,03	
11,28	0,02	
11,285	0	
11,29	-0,01	
11,295	-0,03	
11,3	-0,04	
11,305	-0,05	
11,31	-0,06	
11,315	-0,07	
11,32	-0,07	
11,325	-0,08	
11,33	-0,1	
11,335	-0,12	
11,34	-0,13	
11,345	-0,14	
11,35	-0,15	
11,355	-0,16	
11,36	-0,17	
11,365	-0,18	
11,37	-0,19	
11,375	-0,2	
11,38	-0,22	
11,385	-0,23	
11,39	-0,24	
11,395	-0,24	
11,4	-0,25	
11,405	-0,26	
11,41	-0,27	
11,415	-0,28	
11,42	-0,29	
11,425	-0,3	
11,43	-0,31	
11,435	-0,32	
11,44	-0,32	
11,445	-0,33	
11,45	-0,33	
11,455	-0,34	
11,46	-0,35	
11,465	-0,36	
11,47	-0,38	
11,475	-0,39	
11,48	-0,39	
11,485	-0,4	
11,49	-0,4	
11,495	-0,4	
11,5	-0,4	
11,505	-0,41	
11,51	-0,42	
11,515	-0,42	
11,52	-0,43	
11,525	-0,43	
11,53	-0,43	
11,535	-0,43	
11,54	-0,44	
11,545	-0,44	
11,55	-0,45	
11,555	-0,45	
11,56	-0,45	
11,565	-0,45	
11,57	-0,45	
11,575	-0,45	
11,58	-0,44	
11,585	-0,45	
11,59	-0,45	
11,595	-0,45	
11,6	-0,45	
11,605	-0,45	
11,61	-0,44	
11,615	-0,44	
11,62	-0,43	
11,625	-0,43	
11,63	-0,42	
11,635	-0,42	
11,64	-0,42	
11,645	-0,42	
11,65	-0,42	
11,655	-0,41	
11,66	-0,4	
11,665	-0,39	
11,67	-0,38	
11,675	-0,37	
11,68	-0,37	
11,685	-0,37	
11,69	-0,36	
11,695	-0,36	
11,7	-0,35	
11,705	-0,33	
11,71	-0,32	
11,715	-0,31	
11,72	-0,3	
11,725	-0,29	
11,73	-0,28	
11,735	-0,27	
11,74	-0,27	
11,745	-0,26	
11,75	-0,24	
11,755	-0,22	
11,76	-0,21	
11,765	-0,19	
11,77	-0,18	
11,775	-0,17	
11,78	-0,17	
11,785	-0,16	
11,79	-0,15	
11,795	-0,13	
11,8	-0,12	
11,805	-0,1	
11,81	-0,09	
11,815	-0,07	
11,82	-0,05	
11,825	-0,04	
11,83	-0,03	
11,835	-0,02	
11,84	0	
11,845	0,01	
11,85	0,03	
11,855	0,04	
11,86	0,05	
11,865	0,07	
11,87	0,08	
11,875	0,1	
11,88	0,11	
11,885	0,13	
11,89	0,14	
11,895	0,17	
11,9	0,18	
11,905	0,19	
11,91	0,2	
11,915	0,22	
11,92	0,23	
11,925	0,25	
11,93	0,26	
11,935	0,28	
11,94	0,29	
11,945	0,3	
11,95	0,31	
11,955	0,32	
11,96	0,33	
11,965	0,34	
11,97	0,35	
11,975	0,37	
11,98	0,39	
11,985	0,4	
11,99	0,41	
11,995	0,42	
12,0	0,43	
12,005	0,43	
12,01	0,44	
12,015	0,45	
12,02	0,47	
12,025	0,48	
12,03	0,49	
12,035	0,5	
12,04	0,51	
12,045	0,51	
12,05	0,52	
12,055	0,52	
12,06	0,53	
12,065	0,54	
12,07	0,54	
12,075	0,55	
12,08	0,56	
12,085	0,56	
12,09	0,57	
12,095	0,57	
12,1	0,56	
12,105	0,57	
12,11	0,57	
12,115	0,57	
12,12	0,58	
12,125	0,58	
12,13	0,58	
12,135	0,58	
12,14	0,58	
12,145	0,57	
12,15	0,57	
12,155	0,57	
12,16	0,57	
12,165	0,57	
12,17	0,57	
12,175	0,56	
12,18	0,56	
12,185	0,55	
12,19	0,55	
12,195	0,54	
12,2	0,54	
12,205	0,54	
12,21	0,53	
12,215	0,52	
12,22	0,51	
12,225	0,5	
12,23	0,5	
12,235	0,49	
12,24	0,48	
12,245	0,47	
12,25	0,47	
12,255	0,46	
12,26	0,44	
12,265	0,43	
12,27	0,41	
12,275	0,4	
12,28	0,39	
12,285	0,38	
12,29	0,37	
12,295	0,36	
12,3	0,34	
12,305	0,33	
12,31	0,31	
12,315	0,3	
12,32	0,28	
12,325	0,26	
12,33	0,25	
12,335	0,24	
12,34	0,22	
12,345	0,21	
12,35	0,2	
12,355	0,18	
12,36	0,17	
12,365	0,15	
12,37	0,13	
12,375	0,12	
12,38	0,09	
12,385	0,08	
12,39	0,06	
12,395	0,05	
12,4	0,03	
12,405	0,01	
12,41	-0,01	
12,415	-0,03	
12,42	-0,05	
12,425	-0,06	
12,43	-0,08	
12,435	-0,09	
12,44	-0,11	
12,445	-0,12	
12,45	-0,14	
12,455	-0,16	
12,46	-0,18	
12,465	-0,2	
12,47	-0,22	
12,475	-0,23	
12,48	-0,25	
12,485	-0,26	
12,49	-0,28	
12,495	-0,29	
12,5	-0,31	
12,505	-0,33	
12,51	-0,34	
12,515	-0,36	
12,52	-0,37	
12,525	-0,38	
12,53	-0,4	
12,535	-0,41	
12,54	-0,42	
12,545	-0,44	
12,55	-0,45	
12,555	-0,47	
12,56	-0,48	
12,565	-0,49	
12,57	-0,5	
12,575	-0,52	
12,58	-0,53	
12,585	-0,54	
12,59	-0,55	
12,595	-0,56	
12,6	-0,57	
12,605	-0,58	
12,61	-0,58	
12,615	-0,59	
12,62	-0,6	
12,625	-0,61	
12,63	-0,62	
12,635	-0,62	
12,64	-0,63	
12,645	-0,64	
12,65	-0,65	
12,655	-0,65	
12,66	-0,65	
12,665	-0,65	
12,67	-0,66	
12,675	-0,65	
12,68	-0,66	
12,685	-0,66	
12,69	-0,67	
12,695	-0,67	
12,7	-0,67	
12,705	-0,67	
12,71	-0,67	
12,715	-0,66	
12,72	-0,66	
12,725	-0,66	
12,73	-0,66	
12,735	-0,66	
12,74	-0,65	
12,745	-0,65	
12,75	-0,65	
12,755	-0,64	
12,76	-0,63	
12,765	-0,63	
12,77	-0,62	
12,775	-0,61	
12,78	-0,61	
12,785	-0,6	
12,79	-0,59	
12,795	-0,57	
12,8	-0,56	
12,805	-0,55	
12,81	-0,54	
12,815	-0,53	
12,82	-0,52	
12,825	-0,51	
12,83	-0,5	
12,835	-0,49	
12,84	-0,48	
12,845	-0,46	
12,85	-0,45	
12,855	-0,43	
12,86	-0,42	
12,865	-0,4	
12,87	-0,38	
12,875	-0,37	
12,88	-0,36	
12,885	-0,34	
12,89	-0,33	
12,895	-0,31	
12,9	-0,29	
12,905	-0,28	
12,91	-0,26	
12,915	-0,24	
12,92	-0,23	
12,925	-0,21	
12,93	-0,19	
12,935	-0,17	
12,94	-0,16	
12,945	-0,14	
12,95	-0,11	
12,955	-0,09	
12,96	-0,07	
12,965	-0,06	
12,97	-0,04	
12,975	-0,02	
12,98	0	
12,985	0,02	
12,99	0,04	
12,995	0,05	
13,0	0,07	
13,005	0,09	
13,01	0,11	
13,015	0,13	
13,02	0,14	
13,025	0,16	
13,03	0,19	
13,035	0,21	
13,04	0,22	
13,045	0,24	
13,05	0,26	
13,055	0,27	
13,06	0,29	
13,065	0,31	
13,07	0,33	
13,075	0,35	
13,08	0,36	
13,085	0,38	
13,09	0,39	
13,095	0,4	
13,1	0,41	
13,105	0,43	
13,11	0,45	
13,115	0,47	
13,12	0,49	
13,125	0,51	
13,13	0,52	
13,135	0,53	
13,14	0,54	
13,145	0,55	
13,15	0,56	
13,155	0,57	
13,16	0,58	
13,165	0,6	
13,17	0,61	
13,175	0,62	
13,18	0,63	
13,185	0,63	
13,19	0,64	
13,195	0,65	
13,2	0,65	
13,205	0,66	
13,21	0,67	
13,215	0,67	
13,22	0,68	
13,225	0,69	
13,23	0,69	
13,235	0,69	
13,24	0,69	
13,245	0,7	
13,25	0,7	
13,255	0,7	
13,26	0,71	
13,265	0,71	
13,27	0,71	
13,275	0,7	
13,28	0,7	
13,285	0,7	
13,29	0,7	
13,295	0,7	
13,3	0,7	
13,305	0,69	
13,31	0,69	
13,315	0,69	
13,32	0,68	
13,325	0,68	
13,33	0,67	
13,335	0,66	
13,34	0,66	
13,345	0,65	
13,35	0,64	
13,355	0,63	
13,36	0,62	
13,365	0,61	
13,37	0,6	
13,375	0,59	
13,38	0,58	
13,385	0,57	
13,39	0,56	
13,395	0,55	
13,4	0,53	
13,405	0,52	
13,41	0,51	
13,415	0,49	
13,42	0,48	
13,425	0,47	
13,43	0,46	
13,435	0,43	
13,44	0,42	
13,445	0,4	
13,45	0,39	
13,455	0,37	
13,46	0,35	
13,465	0,33	
13,47	0,32	
13,475	0,3	
13,48	0,29	
13,485	0,27	
13,49	0,25	
13,495	0,24	
13,5	0,22	
13,505	0,2	
13,51	0,18	
13,515	0,15	
13,52	0,13	
13,525	0,11	
13,53	0,09	
13,535	0,08	
13,54	0,06	
13,545	0,04	
13,55	0,03	
13,555	0,01	
13,56	-0,01	
13,565	-0,03	
13,57	-0,06	
13,575	-0,08	
13,58	-0,1	
13,585	-0,12	
13,59	-0,13	
13,595	-0,15	
13,6	-0,17	
13,605	-0,19	
13,61	-0,21	
13,615	-0,23	
13,62	-0,25	
13,625	-0,27	
13,63	-0,28	
13,635	-0,29	
13,64	-0,3	
13,645	-0,32	
13,65	-0,34	
13,655	-0,36	
13,66	-0,38	
13,665	-0,4	
13,67	-0,42	
13,675	-0,43	
13,68	-0,44	
13,685	-0,45	
13,69	-0,46	
13,695	-0,49	
13,7	-0,5	
13,705	-0,52	
13,71	-0,54	
13,715	-0,55	
13,72	-0,55	
13,725	-0,56	
13,73	-0,56	
13,735	-0,57	
13,74	-0,59	
13,745	-0,6	
13,75	-0,61	
13,755	-0,63	
13,76	-0,64	
13,765	-0,64	
13,77	-0,64	
13,775	-0,64	
13,78	-0,64	
13,785	-0,65	
13,79	-0,66	
13,795	-0,67	
13,8	-0,69	
13,805	-0,69	
13,81	-0,69	
13,815	-0,69	
13,82	-0,69	
13,825	-0,69	
13,83	-0,69	
13,835	-0,7	
13,84	-0,7	
13,845	-0,7	
13,85	-0,7	
13,855	-0,7	
13,86	-0,69	
13,865	-0,68	
13,87	-0,68	
13,875	-0,68	
13,88	-0,68	
13,885	-0,67	
13,89	-0,67	
13,895	-0,67	
13,9	-0,66	
13,905	-0,65	
13,91	-0,64	
13,915	-0,63	
13,92	-0,63	
13,925	-0,62	
13,93	-0,62	
13,935	-0,61	
13,94	-0,6	
13,945	-0,58	
13,95	-0,57	
13,955	-0,55	
13,96	-0,54	
13,965	-0,53	
13,97	-0,53	
13,975	-0,52	
13,98	-0,51	
13,985	-0,5	
13,99	-0,48	
13,995	-0,46	
14,0	-0,43	
14,005	-0,42	
14,01	-0,41	
14,015	-0,4	
14,02	-0,39	
14,025	-0,38	
14,03	-0,36	
14,035	-0,34	
14,04	-0,32	
14,045	-0,3	
14,05	-0,28	
14,055	-0,26	
14,06	-0,25	
14,065	-0,24	
14,07	-0,23	
14,075	-0,21	
14,08	-0,18	
14,085	-0,16	
14,09	-0,14	
14,095	-0,12	
14,1	-0,1	
14,105	-0,09	
14,11	-0,07	
14,115	-0,06	
14,12	-0,04	
14,125	-0,02	
14,13	0	
14,135	0,02	
14,14	0,05	
14,145	0,06	
14,15	0,07	
14,155	0,09	
14,16	0,11	
14,165	0,13	
14,17	0,15	
14,175	0,17	
14,18	0,19	
14,185	0,21	
14,19	0,22	
14,195	0,24	
14,2	0,25	
14,205	0,26	
14,21	0,28	
14,215	0,3	
14,22	0,31	
14,225	0,33	
14,23	0,35	
14,235	0,36	
14,24	0,38	
14,245	0,39	
14,25	0,4	
14,255	0,42	
14,26	0,43	
14,265	0,45	
14,27	0,46	
14,275	0,47	
14,28	0,48	
14,285	0,49	
14,29	0,49	
14,295	0,51	
14,3	0,52	
14,305	0,53	
14,31	0,54	
14,315	0,55	
14,32	0,56	
14,325	0,56	
14,33	0,57	
14,335	0,57	
14,34	0,58	
14,345	0,59	
14,35	0,6	
14,355	0,61	
14,36	0,61	
14,365	0,62	
14,37	0,62	
14,375	0,62	
14,38	0,62	
14,385	0,62	
14,39	0,62	
14,395	0,62	
14,4	0,62	
14,405	0,63	
14,41	0,63	
14,415	0,63	
14,42	0,63	
14,425	0,63	
14,43	0,62	
14,435	0,62	
14,44	0,62	
14,445	0,62	
14,45	0,62	
14,455	0,61	
14,46	0,61	
14,465	0,6	
14,47	0,6	
14,475	0,59	
14,48	0,58	
14,485	0,58	
14,49	0,57	
14,495	0,57	
14,5	0,56	
14,505	0,54	
14,51	0,53	
14,515	0,52	
14,52	0,51	
14,525	0,5	
14,53	0,49	
14,535	0,49	
14,54	0,48	
14,545	0,47	
14,55	0,46	
14,555	0,44	
14,56	0,43	
14,565	0,41	
14,57	0,4	
14,575	0,39	
14,58	0,38	
14,585	0,36	
14,59	0,35	
14,595	0,33	
14,6	0,32	
14,605	0,3	
14,61	0,29	
14,615	0,28	
14,62	0,26	
14,625	0,25	
14,63	0,24	
14,635	0,22	
14,64	0,2	
14,645	0,18	
14,65	0,16	
14,655	0,14	
14,66	0,13	
14,665	0,12	
14,67	0,1	
14,675	0,09	
14,68	0,07	
14,685	0,05	
14,69	0,04	
14,695	0,02	
14,7	0,01	
14,705	-0,01	
14,71	-0,02	
14,715	-0,04	
14,72	-0,05	
14,725	-0,08	
14,73	-0,09	
14,735	-0,1	
14,74	-0,12	
14,745	-0,14	
14,75	-0,15	
14,755	-0,16	
14,76	-0,18	
14,765	-0,19	
14,77	-0,2	
14,775	-0,22	
14,78	-0,24	
14,785	-0,25	
14,79	-0,26	
14,795	-0,27	
14,8	-0,28	
14,805	-0,29	
14,81	-0,32	
14,815	-0,33	
14,82	-0,34	
14,825	-0,36	
14,83	-0,37	
14,835	-0,38	
14,84	-0,39	
14,845	-0,4	
14,85	-0,4	
14,855	-0,41	
14,86	-0,42	
14,865	-0,43	
14,87	-0,44	
14,875	-0,45	
14,88	-0,46	
14,885	-0,46	
14,89	-0,47	
14,895	-0,47	
14,9	-0,48	
14,905	-0,49	
14,91	-0,5	
14,915	-0,5	
14,92	-0,51	
14,925	-0,51	
14,93	-0,51	
14,935	-0,52	
14,94	-0,51	
14,945	-0,52	
14,95	-0,52	
14,955	-0,52	
14,96	-0,52	
14,965	-0,53	
14,97	-0,53	
14,975	-0,52	
14,98	-0,52	
14,985	-0,52	
14,99	-0,52	
14,995	-0,51	
15,0	-0,52	
15,005	-0,52	
15,01	-0,51	
15,015	-0,51	
15,02	-0,51	
15,025	-0,5	
15,03	-0,5	
15,035	-0,49	
15,04	-0,49	
15,045	-0,48	
15,05	-0,48	
15,055	-0,47	
15,06	-0,47	
15,065	-0,46	
15,07	-0,45	
15,075	-0,44	
15,08	-0,43	
15,085	-0,42	
15,09	-0,41	
15,095	-0,41	
15,1	-0,4	
15,105	-0,4	
15,11	-0,39	
15,115	-0,38	
15,12	-0,36	
15,125	-0,35	
15,13	-0,33	
15,135	-0,32	
15,14	-0,31	
15,145	-0,3	
15,15	-0,29	
15,155	-0,28	
15,16	-0,27	
15,165	-0,26	
15,17	-0,25	
15,175	-0,23	
15,18	-0,22	
15,185	-0,21	
15,19	-0,2	
15,195	-0,18	
15,2	-0,17	
15,205	-0,16	
15,21	-0,14	
15,215	-0,13	
15,22	-0,12	
15,225	-0,11	
15,23	-0,1	
15,235	-0,08	
15,24	-0,07	
15,245	-0,06	
15,25	-0,04	
15,255	-0,03	
15,26	-0,02	
15,265	-0,01	
15,27	0,01	
15,275	0,02	
15,28	0,03	
15,285	0,04	
15,29	0,06	
15,295	0,08	
15,3	0,09	
15,305	0,1	
15,31	0,11	
15,315	0,12	
15,32	0,13	
15,325	0,14	
15,33	0,16	
15,335	0,17	
15,34	0,18	
15,345	0,19	
15,35	0,2	
15,355	0,21	
15,36	0,22	
15,365	0,23	
15,37	0,24	
15,375	0,25	
15,38	0,25	
15,385	0,26	
15,39	0,27	
15,395	0,28	
15,4	0,29	
15,405	0,3	
15,41	0,31	
15,415	0,31	
15,42	0,32	
15,425	0,32	
15,43	0,32	
15,435	0,33	
15,44	0,34	
15,445	0,35	
15,45	0,36	
15,455	0,36	
15,46	0,36	
15,465	0,36	
15,47	0,36	
15,475	0,37	
15,48	0,37	
15,485	0,37	
15,49	0,38	
15,495	0,38	
15,5	0,38	
15,505	0,39	
15,51	0,39	
15,515	0,39	
15,52	0,39	
15,525	0,39	
15,53	0,39	
15,535	0,38	
15,54	0,38	
15,545	0,38	
15,55	0,38	
15,555	0,38	
15,56	0,38	
15,565	0,38	
15,57	0,37	
15,575	0,38	
15,58	0,38	
15,585	0,37	
15,59	0,36	
15,595	0,36	
15,6	0,35	
15,605	0,35	
15,61	0,34	
15,615	0,34	
15,62	0,33	
15,625	0,32	
15,63	0,32	
15,635	0,31	
15,64	0,3	
15,645	0,3	
15,65	0,29	
15,655	0,29	
15,66	0,28	
15,665	0,27	
15,67	0,27	
15,675	0,26	
15,68	0,25	
15,685	0,24	
15,69	0,23	
15,695	0,22	
15,7	0,21	
15,705	0,2	
15,71	0,19	
15,715	0,19	
15,72	0,18	
15,725	0,17	
15,73	0,16	
15,735	0,15	
15,74	0,14	
15,745	0,13	
15,75	0,13	
15,755	0,12	
15,76	0,11	
15,765	0,1	
15,77	0,09	
15,775	0,07	
15,78	0,06	
15,785	0,05	
15,79	0,04	
15,795	0,03	
15,8	0,02	
15,805	0,01	
15,81	0,01	
15,815	0	
15,82	-0,01	
15,825	-0,02	
15,83	-0,03	
15,835	-0,04	
15,84	-0,05	
15,845	-0,05	
15,85	-0,06	
15,855	-0,07	
15,86	-0,08	
15,865	-0,09	
15,87	-0,1	
15,875	-0,11	
15,88	-0,11	
15,885	-0,12	
15,89	-0,13	
15,895	-0,14	
15,9	-0,15	
15,905	-0,15	
15,91	-0,16	
15,915	-0,17	
15,92	-0,17	
15,925	-0,18	
15,93	-0,18	
15,935	-0,19	
15,94	-0,19	
15,945	-0,2	
15,95	-0,21	
15,955	-0,21	
15,96	-0,22	
15,965	-0,22	
15,97	-0,22	
15,975	-0,22	
15,98	-0,23	
15,985	-0,23	
15,99	-0,23	
15,995	-0,24	
16,0	-0,24	
16,005	-0,24	
16,01	-0,24	
16,015	-0,25	
16,02	-0,24	
16,025	-0,25	
16,03	-0,25	
16,035	-0,25	
16,04	-0,25	
16,045	-0,25	
16,05	-0,25	
16,055	-0,25	
16,06	-0,25	
16,065	-0,25	
16,07	-0,25	
16,075	-0,25	
16,08	-0,25	
16,085	-0,25	
16,09	-0,25	
16,095	-0,25	
16,1	-0,24	
16,105	-0,24	
16,11	-0,23	
16,115	-0,22	
16,12	-0,22	
16,125	-0,22	
16,13	-0,22	
16,135	-0,22	
16,14	-0,21	
16,145	-0,21	
16,15	-0,2	
16,155	-0,2	
16,16	-0,19	
16,165	-0,19	
16,17	-0,18	
16,175	-0,17	
16,18	-0,17	
16,185	-0,16	
16,19	-0,16	
16,195	-0,15	
16,2	-0,15	
16,205	-0,14	
16,21	-0,13	
16,215	-0,13	
16,22	-0,12	
16,225	-0,12	
16,23	-0,11	
16,235	-0,1	
16,24	-0,1	
16,245	-0,09	
16,25	-0,08	
16,255	-0,07	
16,26	-0,07	
16,265	-0,06	
16,27	-0,05	
16,275	-0,05	
16,28	-0,04	
16,285	-0,03	
16,29	-0,03	
16,295	-0,02	
16,3	-0,02	
16,305	-0,01	
16,31	-0,01	
16,315	0	
16,32	0,01	
16,325	0,01	
16,33	0,02	
16,335	0,03	
16,34	0,04	
16,345	0,05	
16,35	0,05	
16,355	0,06	
16,36	0,06	
16,365	0,07	
16,37	0,07	
16,375	0,08	
16,38	0,09	
16,385	0,1	
16,39	0,1	
16,395	0,1	
16,4	0,1	
16,405	0,1	
16,41	0,11	
16,415	0,12	
16,42	0,13	
16,425	0,14	
16,43	0,14	
16,435	0,15	
16,44	0,15	
16,445	0,15	
16,45	0,15	
16,455	0,15	
16,46	0,15	
16,465	0,15	
16,47	0,16	
16,475	0,16	
16,48	0,16	
16,485	0,17	
16,49	0,17	
16,495	0,17	
16,5	0,17	
16,505	0,17	
16,51	0,17	
16,515	0,17	
16,52	0,17	
16,525	0,18	
16,53	0,18	
16,535	0,17	
16,54	0,17	
16,545	0,17	
16,55	0,17	
16,555	0,16	
16,56	0,16	
16,565	0,16	
16,57	0,16	
16,575	0,16	
16,58	0,16	
16,585	0,15	
16,59	0,15	
16,595	0,14	
16,6	0,14	
16,605	0,14	
16,61	0,14	
16,615	0,14	
16,62	0,13	
16,625	0,13	
16,63	0,12	
16,635	0,12	
16,64	0,11	
16,645	0,11	
16,65	0,1	
16,655	0,1	
16,66	0,09	
16,665	0,09	
16,67	0,08	
16,675	0,07	
16,68	0,07	
16,685	0,06	
16,69	0,06	
16,695	0,06	
16,7	0,06	
16,705	0,05	
16,71	0,05	
16,715	0,04	
16,72	0,03	
16,725	0,02	
16,73	0,01	
16,735	0,01	
16,74	0	
16,745	0	
16,75	-0,01	
16,755	-0,01	
16,76	-0,02	
16,765	-0,03	
16,77	-0,04	
16,775	-0,04	
16,78	-0,05	
16,785	-0,05	
16,79	-0,06	
16,795	-0,06	
16,8	-0,07	
16,805	-0,07	
16,81	-0,08	
16,815	-0,09	
16,82	-0,1	
16,825	-0,11	
16,83	-0,12	
16,835	-0,11	
16,84	-0,12	
16,845	-0,12	
16,85	-0,13	
16,855	-0,13	
16,86	-0,14	
16,865	-0,15	
16,87	-0,15	
16,875	-0,15	
16,88	-0,15	
16,885	-0,15	
16,89	-0,15	
16,895	-0,16	
16,9	-0,17	
16,905	-0,17	
16,91	-0,18	
16,915	-0,18	
16,92	-0,18	
16,925	-0,18	
16,93	-0,18	
16,935	-0,19	
16,94	-0,19	
16,945	-0,2	
16,95	-0,2	
16,955	-0,21	
16,96	-0,2	
16,965	-0,2	
16,97	-0,2	
16,975	-0,2	
16,98	-0,2	
16,985	-0,2	
16,99	-0,2	
16,995	-0,21	
17,0	-0,21	
17,005	-0,21	
17,01	-0,2	
17,015	-0,2	
17,02	-0,2	
17,025	-0,19	
17,03	-0,2	
17,035	-0,2	
17,04	-0,2	
17,045	-0,19	
17,05	-0,19	
17,055	-0,19	
17,06	-0,18	
17,065	-0,17	
17,07	-0,17	
17,075	-0,16	
17,08	-0,16	
17,085	-0,16	
17,09	-0,16	
17,095	-0,15	
17,1	-0,15	
17,105	-0,14	
17,11	-0,13	
17,115	-0,13	
17,12	-0,12	
17,125	-0,12	
17,13	-0,12	
17,135	-0,11	
17,14	-0,11	
17,145	-0,1	
17,15	-0,09	
17,155	-0,08	
17,16	-0,07	
17,165	-0,07	
17,17	-0,06	
17,175	-0,06	
17,18	-0,05	
17,185	-0,04	
17,19	-0,03	
17,195	-0,02	
17,2	-0,01	
17,205	-0,01	
17,21	0	
17,215	0	
17,22	0,01	
17,225	0,01	
17,23	0,03	
17,235	0,05	
17,24	0,06	
17,245	0,07	
17,25	0,07	
17,255	0,08	
17,26	0,08	
17,265	0,09	
17,27	0,09	
17,275	0,1	
17,28	0,12	
17,285	0,13	
17,29	0,14	
17,295	0,14	
17,3	0,15	
17,305	0,15	
17,31	0,16	
17,315	0,17	
17,32	0,18	
17,325	0,19	
17,33	0,2	
17,335	0,2	
17,34	0,21	
17,345	0,22	
17,35	0,22	
17,355	0,22	
17,36	0,23	
17,365	0,23	
17,37	0,24	
17,375	0,25	
17,38	0,26	
17,385	0,27	
17,39	0,28	
17,395	0,28	
17,4	0,28	
17,405	0,29	
17,41	0,29	
17,415	0,29	
17,42	0,3	
17,425	0,31	
17,43	0,31	
17,435	0,31	
17,44	0,31	
17,445	0,31	
17,45	0,31	
17,455	0,31	
17,46	0,31	
17,465	0,32	
17,47	0,32	
17,475	0,32	
17,48	0,32	
17,485	0,32	
17,49	0,33	
17,495	0,33	
17,5	0,33	
17,505	0,33	
17,51	0,33	
17,515	0,33	
17,52	0,32	
17,525	0,32	
17,53	0,31	
17,535	0,31	
17,54	0,31	
17,545	0,31	
17,55	0,31	
17,555	0,3	
17,56	0,3	
17,565	0,3	
17,57	0,29	
17,575	0,29	
17,58	0,28	
17,585	0,27	
17,59	0,26	
17,595	0,26	
17,6	0,25	
17,605	0,25	
17,61	0,24	
17,615	0,24	
17,62	0,23	
17,625	0,22	
17,63	0,21	
17,635	0,2	
17,64	0,2	
17,645	0,19	
17,65	0,19	
17,655	0,18	
17,66	0,17	
17,665	0,16	
17,67	0,14	
17,675	0,13	
17,68	0,12	
17,685	0,12	
17,69	0,11	
17,695	0,1	
17,7	0,09	
17,705	0,08	
17,71	0,07	
17,715	0,06	
17,72	0,04	
17,725	0,03	
17,73	0,02	
17,735	0,01	
17,74	0	
17,745	-0,01	
17,75	-0,02	
17,755	-0,03	
17,76	-0,04	
17,765	-0,05	
17,77	-0,06	
17,775	-0,08	
17,78	-0,09	
17,785	-0,1	
17,79	-0,11	
17,795	-0,12	
17,8	-0,14	
17,805	-0,15	
17,81	-0,16	
17,815	-0,17	
17,82	-0,18	
17,825	-0,19	
17,83	-0,21	
17,835	-0,22	
17,84	-0,23	
17,845	-0,24	
17,85	-0,24	
17,855	-0,25	
17,86	-0,26	
17,865	-0,27	
17,87	-0,28	
17,875	-0,29	
17,88	-0,31	
17,885	-0,31	
17,89	-0,32	
17,895	-0,33	
17,9	-0,34	
17,905	-0,35	
17,91	-0,36	
17,915	-0,37	
17,92	-0,37	
17,925	-0,38	
17,93	-0,39	
17,935	-0,4	
17,94	-0,4	
17,945	-0,41	
17,95	-0,41	
17,955	-0,41	
17,96	-0,42	
17,965	-0,42	
17,97	-0,43	
17,975	-0,44	
17,98	-0,44	
17,985	-0,45	
17,99	-0,45	
17,995	-0,45	
18,0	-0,45	
18,005	-0,45	
18,01	-0,46	
18,015	-0,46	
18,02	-0,46	
18,025	-0,46	
18,03	-0,46	
18,035	-0,46	
18,04	-0,46	
18,045	-0,46	
18,05	-0,46	
18,055	-0,46	
18,06	-0,46	
18,065	-0,46	
18,07	-0,45	
18,075	-0,45	
18,08	-0,44	
18,085	-0,44	
18,09	-0,44	
18,095	-0,43	
18,1	-0,43	
18,105	-0,43	
18,11	-0,42	
18,115	-0,41	
18,12	-0,4	
18,125	-0,39	
18,13	-0,39	
18,135	-0,38	
18,14	-0,38	
18,145	-0,37	
18,15	-0,36	
18,155	-0,35	
18,16	-0,34	
18,165	-0,33	
18,17	-0,32	
18,175	-0,31	
18,18	-0,3	
18,185	-0,29	
18,19	-0,29	
18,195	-0,28	
18,2	-0,27	
18,205	-0,25	
18,21	-0,24	
18,215	-0,23	
18,22	-0,21	
18,225	-0,2	
18,23	-0,19	
18,235	-0,18	
18,24	-0,17	
18,245	-0,16	
18,25	-0,14	
18,255	-0,13	
18,26	-0,11	
18,265	-0,1	
18,27	-0,08	
18,275	-0,07	
18,28	-0,05	
18,285	-0,03	
18,29	-0,02	
18,295	-0,01	
18,3	0,01	
18,305	0,02	
18,31	0,04	
18,315	0,05	
18,32	0,06	
18,325	0,08	
18,33	0,09	
18,335	0,1	
18,34	0,12	
18,345	0,13	
18,35	0,15	
18,355	0,16	
18,36	0,18	
18,365	0,2	
18,37	0,21	
18,375	0,23	
18,38	0,24	
18,385	0,25	
18,39	0,27	
18,395	0,28	
18,4	0,29	
18,405	0,31	
18,41	0,32	
18,415	0,33	
18,42	0,34	
18,425	0,35	
18,43	0,36	
18,435	0,38	
18,44	0,39	
18,445	0,41	
18,45	0,42	
18,455	0,42	
18,46	0,43	
18,465	0,44	
18,47	0,45	
18,475	0,46	
18,48	0,47	
18,485	0,48	
18,49	0,49	
18,495	0,5	
18,5	0,51	
18,505	0,52	
18,51	0,52	
18,515	0,53	
18,52	0,53	
18,525	0,54	
18,53	0,55	
18,535	0,55	
18,54	0,56	
18,545	0,56	
18,55	0,57	
18,555	0,57	
18,56	0,57	
18,565	0,57	
18,57	0,58	
18,575	0,58	
18,58	0,58	
18,585	0,58	
18,59	0,58	
18,595	0,58	
18,6	0,58	
18,605	0,58	
18,61	0,58	
18,615	0,58	
18,62	0,58	
18,625	0,57	
18,63	0,57	
18,635	0,57	
18,64	0,56	
18,645	0,55	
18,65	0,54	
18,655	0,54	
18,66	0,54	
18,665	0,54	
18,67	0,53	
18,675	0,52	
18,68	0,52	
18,685	0,51	
18,69	0,49	
18,695	0,49	
18,7	0,48	
18,705	0,47	
18,71	0,46	
18,715	0,46	
18,72	0,44	
18,725	0,43	
18,73	0,42	
18,735	0,41	
18,74	0,39	
18,745	0,38	
18,75	0,37	
18,755	0,36	
18,76	0,35	
18,765	0,33	
18,77	0,31	
18,775	0,29	
18,78	0,28	
18,785	0,26	
18,79	0,25	
18,795	0,24	
18,8	0,23	
18,805	0,22	
18,81	0,2	
18,815	0,18	
18,82	0,17	
18,825	0,15	
18,83	0,13	
18,835	0,11	
18,84	0,1	
18,845	0,08	
18,85	0,06	
18,855	0,04	
18,86	0,03	
18,865	0,01	
18,87	-0,01	
18,875	-0,03	
18,88	-0,04	
18,885	-0,06	
18,89	-0,07	
18,895	-0,09	
18,9	-0,11	
18,905	-0,13	
18,91	-0,15	
18,915	-0,16	
18,92	-0,18	
18,925	-0,19	
18,93	-0,21	
18,935	-0,22	
18,94	-0,24	
18,945	-0,26	
18,95	-0,28	
18,955	-0,3	
18,96	-0,31	
18,965	-0,33	
18,97	-0,34	
18,975	-0,35	
18,98	-0,36	
18,985	-0,37	
18,99	-0,39	
18,995	-0,4	
19,0	-0,42	
19,005	-0,44	
19,01	-0,46	
19,015	-0,47	
19,02	-0,48	
19,025	-0,48	
19,03	-0,49	
19,035	-0,5	
19,04	-0,52	
19,045	-0,53	
19,05	-0,54	
19,055	-0,55	
19,06	-0,56	
19,065	-0,57	
19,07	-0,57	
19,075	-0,58	
19,08	-0,59	
19,085	-0,59	
19,09	-0,61	
19,095	-0,62	
19,1	-0,63	
19,105	-0,64	
19,11	-0,64	
19,115	-0,64	
19,12	-0,64	
19,125	-0,64	
19,13	-0,65	
19,135	-0,65	
19,14	-0,65	
19,145	-0,66	
19,15	-0,66	
19,155	-0,66	
19,16	-0,66	
19,165	-0,66	
19,17	-0,65	
19,175	-0,66	
19,18	-0,66	
19,185	-0,65	
19,19	-0,65	
19,195	-0,65	
19,2	-0,64	
19,205	-0,64	
19,21	-0,63	
19,215	-0,63	
19,22	-0,62	
19,225	-0,62	
19,23	-0,61	
19,235	-0,61	
19,24	-0,6	
19,245	-0,59	
19,25	-0,58	
19,255	-0,56	
19,26	-0,56	
19,265	-0,55	
19,27	-0,54	
19,275	-0,53	
19,28	-0,52	
19,285	-0,51	
19,29	-0,5	
19,295	-0,48	
19,3	-0,47	
19,305	-0,46	
19,31	-0,45	
19,315	-0,44	
19,32	-0,43	
19,325	-0,41	
19,33	-0,39	
19,335	-0,37	
19,34	-0,35	
19,345	-0,34	
19,35	-0,32	
19,355	-0,31	
19,36	-0,29	
19,365	-0,28	
19,37	-0,26	
19,375	-0,25	
19,38	-0,23	
19,385	-0,21	
19,39	-0,19	
19,395	-0,17	
19,4	-0,15	
19,405	-0,14	
19,41	-0,13	
19,415	-0,1	
19,42	-0,08	
19,425	-0,06	
19,43	-0,04	
19,435	-0,02	
19,44	0	
19,445	0,01	
19,45	0,03	
19,455	0,04	
19,46	0,06	
19,465	0,08	
19,47	0,1	
19,475	0,12	
19,48	0,14	
19,485	0,16	
19,49	0,18	
19,495	0,2	
19,5	0,21	
19,505	0,23	
19,51	0,24	
19,515	0,26	
19,52	0,28	
19,525	0,3	
19,53	0,32	
19,535	0,34	
19,54	0,35	
19,545	0,36	
19,55	0,37	
19,555	0,39	
19,56	0,41	
19,565	0,42	
19,57	0,44	
19,575	0,45	
19,58	0,47	
19,585	0,48	
19,59	0,5	
19,595	0,51	
19,6	0,52	
19,605	0,53	
19,61	0,54	
19,615	0,55	
19,62	0,56	
19,625	0,57	
19,63	0,58	
19,635	0,59	
19,64	0,6	
19,645	0,61	
19,65	0,62	
19,655	0,63	
19,66	0,64	
19,665	0,65	
19,67	0,65	
19,675	0,66	
19,68	0,66	
19,685	0,66	
19,69	0,67	
19,695	0,67	
19,7	0,68	
19,705	0,68	
19,71	0,69	
19,715	0,69	
19,72	0,69	
19,725	0,69	
19,73	0,68	
19,735	0,68	
19,74	0,68	
19,745	0,68	
19,75	0,68	
19,755	0,68	
19,76	0,68	
19,765	0,67	
19,77	0,67	
19,775	0,66	
19,78	0,66	
19,785	0,65	
19,79	0,65	
19,795	0,64	
19,8	0,64	
19,805	0,63	
19,81	0,63	
19,815	0,62	
19,82	0,6	
19,825	0,6	
19,83	0,59	
19,835	0,58	
19,84	0,57	
19,845	0,56	
19,85	0,55	
19,855	0,54	
19,86	0,52	
19,865	0,5	
19,87	0,49	
19,875	0,48	
19,88	0,47	
19,885	0,46	
19,89	0,45	
19,895	0,43	
19,9	0,41	
19,905	0,39	
19,91	0,38	
19,915	0,36	
19,92	0,35	
19,925	0,33	
19,93	0,32	
19,935	0,3	
19,94	0,29	
19,945	0,27	
19,95	0,25	
19,955	0,23	
19,96	0,21	
19,965	0,19	
19,97	0,18	
19,975	0,16	
19,98	0,14	
19,985	0,12	
19,99	0,1	
19,995	0,08	
20,0	0,06	
20,005	0,04	
20,01	0,02	
20,015	0	
20,02	-0,02	
20,025	-0,03	
20,03	-0,04	
20,035	-0,06	
20,04	-0,08	
20,045	-0,1	
20,05	-0,13	
20,055	-0,14	
20,06	-0,16	
20,065	-0,18	
20,07	-0,2	
20,075	-0,21	
20,08	-0,23	
20,085	-0,25	
20,09	-0,27	
20,095	-0,29	
20,1	-0,3	
20,105	-0,32	
20,11	-0,33	
20,115	-0,34	
20,12	-0,36	
20,125	-0,37	
20,13	-0,38	
20,135	-0,4	
20,14	-0,42	
20,145	-0,44	
20,15	-0,45	
20,155	-0,46	
20,16	-0,47	
20,165	-0,48	
20,17	-0,49	
20,175	-0,5	
20,18	-0,52	
20,185	-0,54	
20,19	-0,55	
20,195	-0,56	
20,2	-0,57	
20,205	-0,58	
20,21	-0,58	
20,215	-0,59	
20,22	-0,59	
20,225	-0,61	
20,23	-0,62	
20,235	-0,63	
20,24	-0,64	
20,245	-0,64	
20,25	-0,64	
20,255	-0,64	
20,26	-0,64	
20,265	-0,65	
20,27	-0,65	
20,275	-0,66	
20,28	-0,67	
20,285	-0,67	
20,29	-0,67	
20,295	-0,67	
20,3	-0,66	
20,305	-0,66	
20,31	-0,66	
20,315	-0,67	
20,32	-0,67	
20,325	-0,67	
20,33	-0,66	
20,335	-0,66	
20,34	-0,65	
20,345	-0,64	
20,35	-0,64	
20,355	-0,63	
20,36	-0,63	
20,365	-0,63	
20,37	-0,62	
20,375	-0,62	
20,38	-0,61	
20,385	-0,59	
20,39	-0,58	
20,395	-0,58	
20,4	-0,56	
20,405	-0,56	
20,41	-0,55	
20,415	-0,55	
20,42	-0,53	
20,425	-0,52	
20,43	-0,51	
20,435	-0,5	
20,44	-0,48	
20,445	-0,47	
20,45	-0,46	
20,455	-0,45	
20,46	-0,44	
20,465	-0,42	
20,47	-0,41	
20,475	-0,39	
20,48	-0,37	
20,485	-0,35	
20,49	-0,34	
20,495	-0,32	
20,5	-0,31	
20,505	-0,3	
20,51	-0,29	
20,515	-0,27	
20,52	-0,25	
20,525	-0,23	
20,53	-0,21	
20,535	-0,2	
20,54	-0,18	
20,545	-0,16	
20,55	-0,14	
20,555	-0,13	
20,56	-0,11	
20,565	-0,09	
20,57	-0,08	
20,575	-0,06	
20,58	-0,04	
20,585	-0,02	
20,59	-0,01	
20,595	0,01	
20,6	0,02	
20,605	0,04	
20,61	0,06	
20,615	0,08	
20,62	0,1	
20,625	0,11	
20,63	0,14	
20,635	0,15	
20,64	0,17	
20,645	0,18	
20,65	0,19	
20,655	0,21	
20,66	0,23	
20,665	0,25	
20,67	0,26	
20,675	0,28	
20,68	0,29	
20,685	0,3	
20,69	0,31	
20,695	0,33	
20,7	0,35	
20,705	0,36	
20,71	0,38	
20,715	0,4	
20,72	0,41	
20,725	0,42	
20,73	0,43	
20,735	0,44	
20,74	0,45	
20,745	0,46	
20,75	0,47	
20,755	0,48	
20,76	0,49	
20,765	0,5	
20,77	0,5	
20,775	0,51	
20,78	0,52	
20,785	0,53	
20,79	0,55	
20,795	0,55	
20,8	0,56	
20,805	0,57	
20,81	0,57	
20,815	0,58	
20,82	0,58	
20,825	0,58	
20,83	0,59	
20,835	0,59	
20,84	0,59	
20,845	0,6	
20,85	0,6	
20,855	0,6	
20,86	0,6	
20,865	0,59	
20,87	0,59	
20,875	0,6	
20,88	0,6	
20,885	0,6	
20,89	0,6	
20,895	0,6	
20,9	0,59	
20,905	0,59	
20,91	0,58	
20,915	0,57	
20,92	0,57	
20,925	0,57	
20,93	0,56	
20,935	0,56	
20,94	0,56	
20,945	0,55	
20,95	0,54	
20,955	0,53	
20,96	0,52	
20,965	0,51	
20,97	0,51	
20,975	0,5	
20,98	0,49	
20,985	0,48	
20,99	0,47	
20,995	0,46	
21,0	0,45	
21,005	0,44	
21,01	0,43	
21,015	0,42	
21,02	0,41	
21,025	0,39	
21,03	0,39	
21,035	0,36	
21,04	0,35	
21,045	0,34	
21,05	0,32	
21,055	0,31	
21,06	0,3	
21,065	0,29	
21,07	0,28	
21,075	0,26	
21,08	0,25	
21,085	0,23	
21,09	0,21	
21,095	0,2	
21,1	0,19	
21,105	0,18	
21,11	0,17	
21,115	0,15	
21,12	0,13	
21,125	0,12	
21,13	0,1	
21,135	0,08	
21,14	0,07	
21,145	0,05	
21,15	0,04	
21,155	0,03	
21,16	0,02	
21,165	0	
21,17	-0,01	
21,175	-0,03	
21,18	-0,05	
21,185	-0,06	
21,19	-0,08	
21,195	-0,09	
21,2	-0,11	
21,205	-0,12	
21,21	-0,14	
21,215	-0,16	
21,22	-0,17	
21,225	-0,18	
21,23	-0,2	
21,235	-0,21	
21,24	-0,22	
21,245	-0,23	
21,25	-0,24	
21,255	-0,25	
21,26	-0,26	
21,265	-0,27	
21,27	-0,29	
21,275	-0,3	
21,28	-0,32	
21,285	-0,33	
21,29	-0,34	
21,295	-0,35	
21,3	-0,36	
21,305	-0,36	
21,31	-0,37	
21,315	-0,38	
21,32	-0,39	
21,325	-0,4	
21,33	-0,41	
21,335	-0,41	
21,34	-0,42	
21,345	-0,42	
21,35	-0,43	
21,355	-0,44	
21,36	-0,45	
21,365	-0,45	
21,37	-0,46	
21,375	-0,46	
21,38	-0,46	
21,385	-0,47	
21,39	-0,47	
21,395	-0,48	
21,4	-0,48	
21,405	-0,49	
21,41	-0,49	
21,415	-0,49	
21,42	-0,49	
21,425	-0,49	
21,43	-0,49	
21,435	-0,49	
21,44	-0,49	
21,445	-0,48	
21,45	-0,48	
21,455	-0,48	
21,46	-0,48	
21,465	-0,48	
21,47	-0,48	
21,475	-0,47	
21,48	-0,47	
21,485	-0,47	
21,49	-0,46	
21,495	-0,46	
21,5	-0,45	
21,505	-0,45	
21,51	-0,44	
21,515	-0,44	
21,52	-0,43	
21,525	-0,42	
21,53	-0,41	
21,535	-0,41	
21,54	-0,4	
21,545	-0,39	
21,55	-0,38	
21,555	-0,37	
21,56	-0,36	
21,565	-0,36	
21,57	-0,35	
21,575	-0,34	
21,58	-0,33	
21,585	-0,32	
21,59	-0,31	
21,595	-0,3	
21,6	-0,28	
21,605	-0,28	
21,61	-0,27	
21,615	-0,26	
21,62	-0,25	
21,625	-0,24	
21,63	-0,23	
21,635	-0,21	
21,64	-0,2	
21,645	-0,19	
21,65	-0,18	
21,655	-0,16	
21,66	-0,15	
21,665	-0,14	
21,67	-0,13	
21,675	-0,12	
21,68	-0,1	
21,685	-0,09	
21,69	-0,08	
21,695	-0,07	
21,7	-0,06	
21,705	-0,05	
21,71	-0,04	
21,715	-0,02	
21,72	-0,01	
21,725	0	
21,73	0,01	
21,735	0,03	
21,74	0,03	
21,745	0,05	
21,75	0,06	
21,755	0,07	
21,76	0,09	
21,765	0,1	
21,77	0,1	
21,775	0,12	
21,78	0,12	
21,785	0,13	
21,79	0,14	
21,795	0,15	
21,8	0,16	
21,805	0,17	
21,81	0,18	
21,815	0,19	
21,82	0,2	
21,825	0,21	
21,83	0,22	
21,835	0,22	
21,84	0,23	
21,845	0,24	
21,85	0,25	
21,855	0,26	
21,86	0,27	
21,865	0,27	
21,87	0,28	
21,875	0,29	
21,88	0,29	
21,885	0,3	
21,89	0,3	
21,895	0,31	
21,9	0,31	
21,905	0,32	
21,91	0,33	
21,915	0,33	
21,92	0,33	
21,925	0,33	
21,93	0,33	
21,935	0,34	
21,94	0,34	
21,945	0,34	
21,95	0,34	
21,955	0,35	
21,96	0,35	
21,965	0,35	
21,97	0,35	
21,975	0,35	
21,98	0,35	
21,985	0,35	
21,99	0,34	
21,995	0,34	
22,0	0,34	
22,005	0,34	
22,01	0,34	
22,015	0,34	
22,02	0,34	
22,025	0,34	
22,03	0,33	
22,035	0,33	
22,04	0,33	
22,045	0,32	
22,05	0,32	
22,055	0,31	
22,06	0,31	
22,065	0,31	
22,07	0,3	
22,075	0,3	
22,08	0,3	
22,085	0,29	
22,09	0,28	
22,095	0,27	
22,1	0,27	
22,105	0,26	
22,11	0,25	
22,115	0,25	
22,12	0,24	
22,125	0,23	
22,13	0,23	
22,135	0,22	
22,14	0,22	
22,145	0,21	
22,15	0,2	
22,155	0,19	
22,16	0,18	
22,165	0,17	
22,17	0,16	
22,175	0,16	
22,18	0,15	
22,185	0,14	
22,19	0,13	
22,195	0,12	
22,2	0,11	
22,205	0,11	
22,21	0,1	
22,215	0,09	
22,22	0,08	
22,225	0,07	
22,23	0,06	
22,235	0,05	
22,24	0,04	
22,245	0,03	
22,25	0,03	
22,255	0,02	
22,26	0,01	
22,265	0	
22,27	-0,01	
22,275	-0,02	
22,28	-0,03	
22,285	-0,04	
22,29	-0,04	
22,295	-0,04	
22,3	-0,05	
22,305	-0,06	
22,31	-0,07	
22,315	-0,08	
22,32	-0,09	
22,325	-0,1	
22,33	-0,11	
22,335	-0,11	
22,34	-0,11	
22,345	-0,12	
22,35	-0,12	
22,355	-0,13	
22,36	-0,14	
22,365	-0,15	
22,37	-0,15	
22,375	-0,16	
22,38	-0,16	
22,385	-0,17	
22,39	-0,17	
22,395	-0,18	
22,4	-0,18	
22,405	-0,19	
22,41	-0,19	
22,415	-0,2	
22,42	-0,2	
22,425	-0,2	
22,43	-0,2	
22,435	-0,2	
22,44	-0,21	
22,445	-0,21	
22,45	-0,22	
22,455	-0,22	
22,46	-0,22	
22,465	-0,23	
22,47	-0,22	
22,475	-0,22	
22,48	-0,22	
22,485	-0,22	
22,49	-0,22	
22,495	-0,22	
22,5	-0,22	
22,505	-0,22	
22,51	-0,22	
22,515	-0,22	
22,52	-0,21	
22,525	-0,21	
22,53	-0,21	
22,535	-0,21	
22,54	-0,21	
22,545	-0,21	
22,55	-0,21	
22,555	-0,21	
22,56	-0,2	
22,565	-0,19	
22,57	-0,19	
22,575	-0,19	
22,58	-0,18	
22,585	-0,18	
22,59	-0,18	
22,595	-0,18	
22,6	-0,17	
22,605	-0,17	
22,61	-0,16	
22,615	-0,15	
22,62	-0,15	
22,625	-0,15	
22,63	-0,14	
22,635	-0,14	
22,64	-0,13	
22,645	-0,13	
22,65	-0,12	
22,655	-0,11	
22,66	-0,11	
22,665	-0,1	
22,67	-0,1	
22,675	-0,09	
22,68	-0,09	
22,685	-0,09	
22,69	-0,08	
22,695	-0,07	
22,7	-0,06	
22,705	-0,06	
22,71	-0,05	
22,715	-0,04	
22,72	-0,04	
22,725	-0,04	
22,73	-0,02	
22,735	-0,02	
22,74	-0,01	
22,745	0	
22,75	0,01	
22,755	0,01	
22,76	0,01	
22,765	0,02	
22,77	0,02	
22,775	0,03	
22,78	0,04	
22,785	0,05	
22,79	0,05	
22,795	0,06	
22,8	0,06	
22,805	0,06	
22,81	0,07	
22,815	0,08	
22,82	0,08	
22,825	0,09	
22,83	0,1	
22,835	0,1	
22,84	0,11	
22,845	0,11	
22,85	0,11	
22,855	0,12	
22,86	0,12	
22,865	0,12	
22,87	0,13	
22,875	0,13	
22,88	0,14	
22,885	0,14	
22,89	0,14	
22,895	0,15	
22,9	0,15	
22,905	0,15	
22,91	0,15	
22,915	0,15	
22,92	0,16	
22,925	0,16	
22,93	0,16	
22,935	0,17	
22,94	0,16	
22,945	0,16	
22,95	0,15	
22,955	0,15	
22,96	0,15	
22,965	0,16	
22,97	0,16	
22,975	0,17	
22,98	0,16	
22,985	0,16	
22,99	0,15	
22,995	0,15	
23,0	0,14	
23,005	0,15	
23,01	0,15	
23,015	0,16	
23,02	0,16	
23,025	0,16	
23,03	0,15	
23,035	0,14	
23,04	0,13	
23,045	0,12	
23,05	0,12	
23,055	0,12	
23,06	0,12	
23,065	0,12	
23,07	0,12	
23,075	0,11	
23,08	0,1	
23,085	0,09	
23,09	0,08	
23,095	0,08	
23,1	0,08	
23,105	0,08	
23,11	0,09	
23,115	0,08	
23,12	0,07	
23,125	0,06	
23,13	0,05	
23,135	0,04	
23,14	0,04	
23,145	0,04	
23,15	0,04	
23,155	0,04	
23,16	0,03	
23,165	0,02	
23,17	0	
23,175	-0,01	
23,18	-0,02	
23,185	-0,03	
23,19	-0,02	
23,195	-0,02	
23,2	-0,02	
23,205	-0,02	
23,21	-0,03	
23,215	-0,05	
23,22	-0,07	
23,225	-0,08	
23,23	-0,08	
23,235	-0,08	
23,24	-0,08	
23,245	-0,07	
23,25	-0,07	
23,255	-0,09	
23,26	-0,1	
23,265	-0,12	
23,27	-0,13	
23,275	-0,13	
23,28	-0,13	
23,285	-0,13	
23,29	-0,13	
23,295	-0,13	
23,3	-0,14	
23,305	-0,15	
23,31	-0,17	
23,315	-0,18	
23,32	-0,18	
23,325	-0,18	
23,33	-0,17	
23,335	-0,16	
23,34	-0,16	
23,345	-0,17	
23,35	-0,17	
23,355	-0,19	
23,36	-0,2	
23,365	-0,21	
23,37	-0,21	
23,375	-0,2	
23,38	-0,2	
23,385	-0,19	
23,39	-0,2	
23,395	-0,21	
23,4	-0,22	
23,405	-0,23	
23,41	-0,23	
23,415	-0,23	
23,42	-0,22	
23,425	-0,21	
23,43	-0,2	
23,435	-0,2	
23,44	-0,21	
23,445	-0,22	
23,45	-0,23	
23,455	-0,23	
23,46	-0,22	
23,465	-0,21	
23,47	-0,2	
23,475	-0,19	
23,48	-0,19	
23,485	-0,2	
23,49	-0,21	
23,495	-0,21	
23,5	-0,21	
23,505	-0,2	
23,51	-0,19	
23,515	-0,18	
23,52	-0,16	
23,525	-0,16	
23,53	-0,17	
23,535	-0,17	
23,54	-0,18	
23,545	-0,17	
23,55	-0,16	
23,555	-0,14	
23,56	-0,13	
23,565	-0,12	
23,57	-0,11	
23,575	-0,11	
23,58	-0,12	
23,585	-0,12	
23,59	-0,12	
23,595	-0,1	
23,6	-0,09	
23,605	-0,07	
23,61	-0,06	
23,615	-0,05	
23,62	-0,06	
23,625	-0,06	
23,63	-0,06	
23,635	-0,05	
23,64	-0,04	
23,645	-0,02	
23,65	0	
23,655	0,01	
23,66	0,02	
23,665	0,02	
23,67	0,02	
23,675	0,02	
23,68	0,02	
23,685	0,03	
23,69	0,05	
23,695	0,07	
23,7	0,09	
23,705	0,09	
23,71	0,09	
23,715	0,09	
23,72	0,09	
23,725	0,1	
23,73	0,11	
23,735	0,13	
23,74	0,14	
23,745	0,16	
23,75	0,17	
23,755	0,17	
23,76	0,17	
23,765	0,17	
23,77	0,17	
23,775	0,18	
23,78	0,21	
23,785	0,22	
23,79	0,23	
23,795	0,24	
23,8	0,23	
23,805	0,23	
23,81	0,23	
23,815	0,23	
23,82	0,24	
23,825	0,26	
23,83	0,27	
23,835	0,29	
23,84	0,29	
23,845	0,3	
23,85	0,29	
23,855	0,29	
23,86	0,29	
23,865	0,29	
23,87	0,31	
23,875	0,32	
23,88	0,33	
23,885	0,33	
23,89	0,33	
23,895	0,33	
23,9	0,32	
23,905	0,32	
23,91	0,32	
23,915	0,33	
23,92	0,34	
23,925	0,35	
23,93	0,35	
23,935	0,35	
23,94	0,34	
23,945	0,33	
23,95	0,33	
23,955	0,33	
23,96	0,34	
23,965	0,35	
23,97	0,35	
23,975	0,35	
23,98	0,34	
23,985	0,33	
23,99	0,32	
23,995	0,31	
24,0	0,31	
24,005	0,31	
24,01	0,32	
24,015	0,32	
24,02	0,32	
24,025	0,3	
24,03	0,29	
24,035	0,28	
24,04	0,27	
24,045	0,27	
24,05	0,27	
24,055	0,27	
24,06	0,27	
24,065	0,26	
24,07	0,25	
24,075	0,24	
24,08	0,23	
24,085	0,21	
24,09	0,21	
24,095	0,2	
24,1	0,2	
24,105	0,2	
24,11	0,19	
24,115	0,18	
24,12	0,16	
24,125	0,14	
24,13	0,13	
24,135	0,12	
24,14	0,11	
24,145	0,11	
24,15	0,11	
24,155	0,1	
24,16	0,09	
24,165	0,08	
24,17	0,06	
24,175	0,04	
24,18	0,03	
24,185	0,02	
24,19	0,01	
24,195	0,01	
24,2	0	
24,205	-0,02	
24,21	-0,03	
24,215	-0,05	
24,22	-0,07	
24,225	-0,08	
24,23	-0,09	
24,235	-0,09	
24,24	-0,1	
24,245	-0,11	
24,25	-0,12	
24,255	-0,13	
24,26	-0,15	
24,265	-0,17	
24,27	-0,19	
24,275	-0,19	
24,28	-0,2	
24,285	-0,2	
24,29	-0,21	
24,295	-0,22	
24,3	-0,24	
24,305	-0,25	
24,31	-0,27	
24,315	-0,28	
24,32	-0,28	
24,325	-0,29	
24,33	-0,29	
24,335	-0,3	
24,34	-0,31	
24,345	-0,33	
24,35	-0,35	
24,355	-0,36	
24,36	-0,37	
24,365	-0,37	
24,37	-0,37	
24,375	-0,37	
24,38	-0,38	
24,385	-0,39	
24,39	-0,4	
24,395	-0,41	
24,4	-0,42	
24,405	-0,42	
24,41	-0,43	
24,415	-0,43	
24,42	-0,43	
24,425	-0,43	
24,43	-0,45	
24,435	-0,45	
24,44	-0,46	
24,445	-0,47	
24,45	-0,47	
24,455	-0,46	
24,46	-0,46	
24,465	-0,46	
24,47	-0,46	
24,475	-0,46	
24,48	-0,47	
24,485	-0,47	
24,49	-0,47	
24,495	-0,47	
24,5	-0,47	
24,505	-0,47	
24,51	-0,46	
24,515	-0,46	
24,52	-0,46	
24,525	-0,46	
24,53	-0,46	
24,535	-0,46	
24,54	-0,46	
24,545	-0,45	
24,55	-0,44	
24,555	-0,43	
24,56	-0,43	
24,565	-0,42	
24,57	-0,42	
24,575	-0,42	
24,58	-0,42	
24,585	-0,41	
24,59	-0,39	
24,595	-0,38	
24,6	-0,37	
24,605	-0,37	
24,61	-0,36	
24,615	-0,36	
24,62	-0,35	
24,625	-0,34	
24,63	-0,33	
24,635	-0,32	
24,64	-0,31	
24,645	-0,29	
24,65	-0,28	
24,655	-0,27	
24,66	-0,26	
24,665	-0,26	
24,67	-0,24	
24,675	-0,23	
24,68	-0,21	
24,685	-0,2	
24,69	-0,18	
24,695	-0,17	
24,7	-0,16	
24,705	-0,15	
24,71	-0,14	
24,715	-0,13	
24,72	-0,12	
24,725	-0,1	
24,73	-0,08	
24,735	-0,07	
24,74	-0,05	
24,745	-0,04	
24,75	-0,03	
24,755	-0,01	
24,76	0	
24,765	0,01	
24,77	0,03	
24,775	0,05	
24,78	0,07	
24,785	0,09	
24,79	0,1	
24,795	0,11	
24,8	0,12	
24,805	0,13	
24,81	0,14	
24,815	0,16	
24,82	0,18	
24,825	0,2	
24,83	0,22	
24,835	0,24	
24,84	0,25	
24,845	0,25	
24,85	0,27	
24,855	0,28	
24,86	0,3	
24,865	0,31	
24,87	0,33	
24,875	0,34	
24,88	0,35	
24,885	0,36	
24,89	0,37	
24,895	0,37	
24,9	0,39	
24,905	0,4	
24,91	0,41	
24,915	0,43	
24,92	0,44	
24,925	0,45	
24,93	0,46	
24,935	0,46	
24,94	0,48	
24,945	0,49	
24,95	0,5	
24,955	0,51	
24,96	0,52	
24,965	0,53	
24,97	0,53	
24,975	0,53	
24,98	0,53	
24,985	0,54	
24,99	0,54	
24,995	0,55	
25,0	0,56	
25,005	0,57	
25,01	0,57	
25,015	0,57	
25,02	0,57	
25,025	0,57	
25,03	0,57	
25,035	0,57	
25,04	0,58	
25,045	0,58	
25,05	0,58	
25,055	0,58	
25,06	0,58	
25,065	0,58	
25,07	0,58	
25,075	0,58	
25,08	0,58	
25,085	0,57	
25,09	0,57	
25,095	0,57	
25,1	0,56	
25,105	0,55	
25,11	0,55	
25,115	0,54	
25,12	0,53	
25,125	0,53	
25,13	0,53	
25,135	0,52	
25,14	0,52	
25,145	0,51	
25,15	0,5	
25,155	0,48	
25,16	0,47	
25,165	0,46	
25,17	0,45	
25,175	0,45	
25,18	0,44	
25,185	0,43	
25,19	0,42	
25,195	0,41	
25,2	0,4	
25,205	0,38	
25,21	0,36	
25,215	0,35	
25,22	0,34	
25,225	0,33	
25,23	0,32	
25,235	0,31	
25,24	0,28	
25,245	0,26	
25,25	0,25	
25,255	0,23	
25,26	0,22	
25,265	0,21	
25,27	0,19	
25,275	0,18	
25,28	0,16	
25,285	0,15	
25,29	0,13	
25,295	0,11	
25,3	0,09	
25,305	0,08	
25,31	0,07	
25,315	0,05	
25,32	0,03	
25,325	0,01	
25,33	-0,01	
25,335	-0,03	
25,34	-0,04	
25,345	-0,06	
25,35	-0,08	
25,355	-0,09	
25,36	-0,11	
25,365	-0,12	
25,37	-0,14	
25,375	-0,15	
25,38	-0,17	
25,385	-0,19	
25,39	-0,21	
25,395	-0,22	
25,4	-0,25	
25,405	-0,26	
25,41	-0,27	
25,415	-0,29	
25,42	-0,3	
25,425	-0,32	
25,43	-0,34	
25,435	-0,36	
25,44	-0,37	
25,445	-0,38	
25,45	-0,39	
25,455	-0,4	
25,46	-0,41	
25,465	-0,42	
25,47	-0,44	
25,475	-0,46	
25,48	-0,47	
25,485	-0,48	
25,49	-0,49	
25,495	-0,5	
25,5	-0,51	
25,505	-0,52	
25,51	-0,53	
25,515	-0,55	
25,52	-0,56	
25,525	-0,56	
25,53	-0,57	
25,535	-0,58	
25,54	-0,58	
25,545	-0,58	
25,55	-0,59	
25,555	-0,61	
25,56	-0,62	
25,565	-0,63	
25,57	-0,64	
25,575	-0,64	
25,58	-0,63	
25,585	-0,63	
25,59	-0,63	
25,595	-0,64	
25,6	-0,64	
25,605	-0,65	
25,61	-0,65	
25,615	-0,65	
25,62	-0,65	
25,625	-0,65	
25,63	-0,64	
25,635	-0,64	
25,64	-0,64	
25,645	-0,64	
25,65	-0,64	
25,655	-0,64	
25,66	-0,64	
25,665	-0,63	
25,67	-0,63	
25,675	-0,62	
25,68	-0,61	
25,685	-0,61	
25,69	-0,6	
25,695	-0,6	
25,7	-0,59	
25,705	-0,58	
25,71	-0,57	
25,715	-0,56	
25,72	-0,55	
25,725	-0,54	
25,73	-0,53	
25,735	-0,52	
25,74	-0,52	
25,745	-0,5	
25,75	-0,49	
25,755	-0,48	
25,76	-0,46	
25,765	-0,45	
25,77	-0,44	
25,775	-0,42	
25,78	-0,41	
25,785	-0,4	
25,79	-0,39	
25,795	-0,37	
25,8	-0,36	
25,805	-0,33	
25,81	-0,31	
25,815	-0,3	
25,82	-0,28	
25,825	-0,27	
25,83	-0,26	
25,835	-0,24	
25,84	-0,23	
25,845	-0,21	
25,85	-0,19	
25,855	-0,17	
25,86	-0,15	
25,865	-0,14	
25,87	-0,13	
25,875	-0,11	
25,88	-0,09	
25,885	-0,07	
25,89	-0,05	
25,895	-0,03	
25,9	-0,01	
25,905	0,01	
25,91	0,03	
25,915	0,04	
25,92	0,06	
25,925	0,07	
25,93	0,09	
25,935	0,11	
25,94	0,13	
25,945	0,16	
25,95	0,17	
25,955	0,19	
25,96	0,21	
25,965	0,22	
25,97	0,24	
25,975	0,25	
25,98	0,27	
25,985	0,29	
25,99	0,31	
25,995	0,33	
26,0	0,35	
26,005	0,36	
26,01	0,37	
26,015	0,38	
26,02	0,4	
26,025	0,41	
26,03	0,43	
26,035	0,45	
26,04	0,46	
26,045	0,47	
26,05	0,48	
26,055	0,49	
26,06	0,5	
26,065	0,51	
26,07	0,53	
26,075	0,54	
26,08	0,56	
26,085	0,57	
26,09	0,58	
26,095	0,58	
26,1	0,59	
26,105	0,59	
26,11	0,6	
26,115	0,61	
26,12	0,63	
26,125	0,64	
26,13	0,65	
26,135	0,65	
26,14	0,65	
26,145	0,65	
26,15	0,65	
26,155	0,65	
26,16	0,66	
26,165	0,66	
26,17	0,67	
26,175	0,67	
26,18	0,67	
26,185	0,67	
26,19	0,67	
26,195	0,66	
26,2	0,66	
26,205	0,66	
26,21	0,66	
26,215	0,67	
26,22	0,67	
26,225	0,67	
26,23	0,66	
26,235	0,65	
26,24	0,64	
26,245	0,63	
26,25	0,63	
26,255	0,63	
26,26	0,63	
26,265	0,62	
26,27	0,61	
26,275	0,6	
26,28	0,58	
26,285	0,57	
26,29	0,56	
26,295	0,55	
26,3	0,55	
26,305	0,54	
26,31	0,53	
26,315	0,52	
26,32	0,51	
26,325	0,49	
26,33	0,48	
26,335	0,46	
26,34	0,45	
26,345	0,44	
26,35	0,43	
26,355	0,42	
26,36	0,41	
26,365	0,39	
26,37	0,36	
26,375	0,35	
26,38	0,33	
26,385	0,32	
26,39	0,31	
26,395	0,29	
26,4	0,28	
26,405	0,26	
26,41	0,24	
26,415	0,22	
26,42	0,2	
26,425	0,18	
26,43	0,17	
26,435	0,15	
26,44	0,14	
26,445	0,13	
26,45	0,1	
26,455	0,08	
26,46	0,06	
26,465	0,04	
26,47	0,02	
26,475	0,01	
26,48	-0,01	
26,485	-0,02	
26,49	-0,04	
26,495	-0,05	
26,5	-0,08	
26,505	-0,1	
26,51	-0,12	
26,515	-0,14	
26,52	-0,15	
26,525	-0,17	
26,53	-0,18	
26,535	-0,2	
26,54	-0,22	
26,545	-0,23	
26,55	-0,25	
26,555	-0,27	
26,56	-0,29	
26,565	-0,3	
26,57	-0,31	
26,575	-0,32	
26,58	-0,34	
26,585	-0,35	
26,59	-0,37	
26,595	-0,39	
26,6	-0,41	
26,605	-0,42	
26,61	-0,44	
26,615	-0,44	
26,62	-0,45	
26,625	-0,46	
26,63	-0,47	
26,635	-0,49	
26,64	-0,5	
26,645	-0,52	
26,65	-0,53	
26,655	-0,54	
26,66	-0,55	
26,665	-0,55	
26,67	-0,56	
26,675	-0,56	
26,68	-0,57	
26,685	-0,58	
26,69	-0,59	
26,695	-0,61	
26,7	-0,61	
26,705	-0,61	
26,71	-0,61	
26,715	-0,61	
26,72	-0,62	
26,725	-0,62	
26,73	-0,63	
26,735	-0,64	
26,74	-0,64	
26,745	-0,64	
26,75	-0,64	
26,755	-0,63	
26,76	-0,63	
26,765	-0,63	
26,77	-0,63	
26,775	-0,63	
26,78	-0,64	
26,785	-0,64	
26,79	-0,64	
26,795	-0,63	
26,8	-0,62	
26,805	-0,61	
26,81	-0,61	
26,815	-0,6	
26,82	-0,61	
26,825	-0,61	
26,83	-0,61	
26,835	-0,59	
26,84	-0,59	
26,845	-0,58	
26,85	-0,56	
26,855	-0,55	
26,86	-0,54	
26,865	-0,54	
26,87	-0,53	
26,875	-0,52	
26,88	-0,51	
26,885	-0,5	
26,89	-0,48	
26,895	-0,47	
26,9	-0,46	
26,905	-0,45	
26,91	-0,44	
26,915	-0,43	
26,92	-0,42	
26,925	-0,41	
26,93	-0,39	
26,935	-0,37	
26,94	-0,35	
26,945	-0,34	
26,95	-0,32	
26,955	-0,31	
26,96	-0,3	
26,965	-0,28	
26,97	-0,27	
26,975	-0,25	
26,98	-0,23	
26,985	-0,22	
26,99	-0,2	
26,995	-0,19	
27,0	-0,18	
27,005	-0,17	
27,01	-0,15	
27,015	-0,12	
27,02	-0,1	
27,025	-0,08	
27,03	-0,06	
27,035	-0,05	
27,04	-0,04	
27,045	-0,03	
27,05	-0,02	
27,055	0	
27,06	0,02	
27,065	0,04	
27,07	0,06	
27,075	0,08	
27,08	0,09	
27,085	0,11	
27,09	0,12	
27,095	0,14	
27,1	0,16	
27,105	0,17	
27,11	0,19	
27,115	0,21	
27,12	0,23	
27,125	0,24	
27,13	0,25	
27,135	0,26	
27,14	0,27	
27,145	0,28	
27,15	0,29	
27,155	0,31	
27,16	0,32	
27,165	0,34	
27,17	0,36	
27,175	0,36	
27,18	0,38	
27,185	0,39	
27,19	0,4	
27,195	0,41	
27,2	0,43	
27,205	0,44	
27,21	0,45	
27,215	0,46	
27,22	0,46	
27,225	0,48	
27,23	0,48	
27,235	0,49	
27,24	0,49	
27,245	0,5	
27,25	0,51	
27,255	0,51	
27,26	0,52	
27,265	0,52	
27,27	0,53	
27,275	0,53	
27,28	0,53	
27,285	0,54	
27,29	0,55	
27,295	0,55	
27,3	0,56	
27,305	0,56	
27,31	0,56	
27,315	0,56	
27,32	0,56	
27,325	0,56	
27,33	0,56	
27,335	0,56	
27,34	0,56	
27,345	0,56	
27,35	0,56	
27,355	0,55	
27,36	0,55	
27,365	0,54	
27,37	0,54	
27,375	0,54	
27,38	0,54	
27,385	0,54	
27,39	0,54	
27,395	0,53	
27,4	0,52	
27,405	0,51	
27,41	0,5	
27,415	0,49	
27,42	0,48	
27,425	0,48	
27,43	0,48	
27,435	0,47	
27,44	0,46	
27,445	0,45	
27,45	0,44	
27,455	0,43	
27,46	0,41	
27,465	0,41	
27,47	0,4	
27,475	0,39	
27,48	0,38	
27,485	0,38	
27,49	0,36	
27,495	0,35	
27,5	0,33	
27,505	0,32	
27,51	0,31	
27,515	0,29	
27,52	0,28	
27,525	0,27	
27,53	0,26	
27,535	0,25	
27,54	0,23	
27,545	0,22	
27,55	0,2	
27,555	0,19	
27,56	0,17	
27,565	0,16	
27,57	0,15	
27,575	0,14	
27,58	0,12	
27,585	0,1	
27,59	0,09	
27,595	0,07	
27,6	0,06	
27,605	0,05	
27,61	0,04	
27,615	0,02	
27,62	0,01	
27,625	-0,01	
27,63	-0,02	
27,635	-0,04	
27,64	-0,05	
27,645	-0,07	
27,65	-0,08	
27,655	-0,09	
27,66	-0,1	
27,665	-0,12	
27,67	-0,13	
27,675	-0,15	
27,68	-0,16	
27,685	-0,18	
27,69	-0,19	
27,695	-0,2	
27,7	-0,2	
27,705	-0,21	
27,71	-0,23	
27,715	-0,24	
27,72	-0,25	
27,725	-0,26	
27,73	-0,27	
27,735	-0,28	
27,74	-0,29	
27,745	-0,31	
27,75	-0,31	
27,755	-0,32	
27,76	-0,33	
27,765	-0,34	
27,77	-0,35	
27,775	-0,36	
27,78	-0,37	
27,785	-0,37	
27,79	-0,38	
27,795	-0,38	
27,8	-0,39	
27,805	-0,39	
27,81	-0,4	
27,815	-0,41	
27,82	-0,42	
27,825	-0,42	
27,83	-0,43	
27,835	-0,43	
27,84	-0,43	
27,845	-0,43	
27,85	-0,44	
27,855	-0,44	
27,86	-0,45	
27,865	-0,45	
27,87	-0,45	
27,875	-0,45	
27,88	-0,45	
27,885	-0,44	
27,89	-0,44	
27,895	-0,45	
27,9	-0,45	
27,905	-0,45	
27,91	-0,45	
27,915	-0,45	
27,92	-0,44	
27,925	-0,44	
27,93	-0,43	
27,935	-0,43	
27,94	-0,42	
27,945	-0,42	
27,95	-0,42	
27,955	-0,42	
27,96	-0,41	
27,965	-0,41	
27,97	-0,4	
27,975	-0,4	
27,98	-0,39	
27,985	-0,38	
27,99	-0,37	
27,995	-0,37	
28,0	-0,37	
28,005	-0,36	
28,01	-0,35	
28,015	-0,34	
28,02	-0,33	
28,025	-0,32	
28,03	-0,31	
28,035	-0,31	
28,04	-0,3	
28,045	-0,29	
28,05	-0,28	
28,055	-0,27	
28,06	-0,26	
28,065	-0,25	
28,07	-0,23	
28,075	-0,22	
28,08	-0,21	
28,085	-0,21	
28,09	-0,2	
28,095	-0,19	
28,1	-0,18	
28,105	-0,17	
28,11	-0,15	
28,115	-0,14	
28,12	-0,13	
28,125	-0,12	
28,13	-0,11	
28,135	-0,1	
28,14	-0,09	
28,145	-0,08	
28,15	-0,06	
28,155	-0,05	
28,16	-0,04	
28,165	-0,03	
28,17	-0,03	
28,175	-0,02	
28,18	-0,01	
28,185	0	
28,19	0,01	
28,195	0,03	
28,2	0,04	
28,205	0,05	
28,21	0,06	
28,215	0,07	
28,22	0,07	
28,225	0,08	
28,23	0,09	
28,235	0,11	
28,24	0,12	
28,245	0,13	
28,25	0,14	
28,255	0,15	
28,26	0,16	
28,265	0,16	
28,27	0,17	
28,275	0,18	
28,28	0,19	
28,285	0,2	
28,29	0,2	
28,295	0,21	
28,3	0,22	
28,305	0,22	
28,31	0,23	
28,315	0,24	
28,32	0,25	
28,325	0,25	
28,33	0,26	
28,335	0,26	
28,34	0,27	
28,345	0,27	
28,35	0,27	
28,355	0,28	
28,36	0,28	
28,365	0,29	
28,37	0,29	
28,375	0,3	
28,38	0,3	
28,385	0,3	
28,39	0,31	
28,395	0,31	
28,4	0,31	
28,405	0,31	
28,41	0,31	
28,415	0,31	
28,42	0,31	
28,425	0,31	
28,43	0,31	
28,435	0,31	
28,44	0,31	
28,445	0,31	
28,45	0,31	
28,455	0,31	
28,46	0,31	
28,465	0,31	
28,47	0,31	
28,475	0,3	
28,48	0,3	
28,485	0,29	
28,49	0,29	
28,495	0,29	
28,5	0,28	
28,505	0,28	
28,51	0,28	
28,515	0,28	
28,52	0,27	
28,525	0,27	
28,53	0,26	
28,535	0,26	
28,54	0,25	
28,545	0,25	
28,55	0,24	
28,555	0,23	
28,56	0,23	
28,565	0,23	
28,57	0,22	
28,575	0,21	
28,58	0,2	
28,585	0,2	
28,59	0,19	
28,595	0,18	
28,6	0,17	
28,605	0,17	
28,61	0,16	
28,615	0,15	
28,62	0,14	
28,625	0,14	
28,63	0,13	
28,635	0,12	
28,64	0,11	
28,645	0,1	
28,65	0,1	
28,655	0,1	
28,66	0,09	
28,665	0,08	
28,67	0,07	
28,675	0,06	
28,68	0,05	
28,685	0,05	
28,69	0,04	
28,695	0,03	
28,7	0,03	
28,705	0,02	
28,71	0,01	
28,715	0	
28,72	-0,01	
28,725	-0,02	
28,73	-0,02	
28,735	-0,03	
28,74	-0,04	
28,745	-0,05	
28,75	-0,05	
28,755	-0,06	
28,76	-0,07	
28,765	-0,07	
28,77	-0,08	
28,775	-0,08	
28,78	-0,09	
28,785	-0,1	
28,79	-0,11	
28,795	-0,12	
28,8	-0,12	
28,805	-0,12	
28,81	-0,13	
28,815	-0,13	
28,82	-0,13	
28,825	-0,14	
28,83	-0,15	
28,835	-0,15	
28,84	-0,16	
28,845	-0,16	
28,85	-0,16	
28,855	-0,16	
28,86	-0,17	
28,865	-0,17	
28,87	-0,17	
28,875	-0,18	
28,88	-0,18	
28,885	-0,18	
28,89	-0,18	
28,895	-0,19	
28,9	-0,19	
28,905	-0,19	
28,91	-0,19	
28,915	-0,19	
28,92	-0,19	
28,925	-0,19	
28,93	-0,19	
28,935	-0,2	
28,94	-0,2	
28,945	-0,2	
28,95	-0,2	
28,955	-0,2	
28,96	-0,2	
28,965	-0,19	
28,97	-0,19	
28,975	-0,19	
28,98	-0,19	
28,985	-0,19	
28,99	-0,19	
28,995	-0,18	
29,0	-0,18	
29,005	-0,18	
29,01	-0,17	
29,015	-0,17	
29,02	-0,17	
29,025	-0,16	
29,03	-0,16	
29,035	-0,16	
29,04	-0,15	
29,045	-0,15	
29,05	-0,14	
29,055	-0,14	
29,06	-0,13	
29,065	-0,13	
29,07	-0,12	
29,075	-0,12	
29,08	-0,12	
29,085	-0,11	
29,09	-0,11	
29,095	-0,1	
29,1	-0,1	
29,105	-0,09	
29,11	-0,09	
29,115	-0,09	
29,12	-0,08	
29,125	-0,07	
29,13	-0,06	
29,135	-0,05	
29,14	-0,05	
29,145	-0,04	
29,15	-0,04	
29,155	-0,03	
29,16	-0,03	
29,165	-0,02	
29,17	-0,02	
29,175	-0,01	
29,18	0	
29,185	0	
29,19	0,01	
29,195	0,01	
29,2	0,02	
29,205	0,02	
29,21	0,03	
29,215	0,04	
29,22	0,04	
29,225	0,05	
29,23	0,06	
29,235	0,06	
29,24	0,06	
29,245	0,07	
29,25	0,07	
29,255	0,08	
29,26	0,08	
29,265	0,09	
29,27	0,09	
29,275	0,1	
29,28	0,11	
29,285	0,11	
29,29	0,11	
29,295	0,11	
29,3	0,12	
29,305	0,12	
29,31	0,12	
29,315	0,13	
29,32	0,13	
29,325	0,14	
29,33	0,14	
29,335	0,14	
29,34	0,15	
29,345	0,15	
29,35	0,15	
29,355	0,15	
29,36	0,15	
29,365	0,15	
29,37	0,15	
29,375	0,15	
29,38	0,15	
29,385	0,15	
29,39	0,15	
29,395	0,16	
29,4	0,16	
29,405	0,16	
29,41	0,16	
29,415	0,16	
29,42	0,16	
29,425	0,16	
29,43	0,15	
29,435	0,15	
29,44	0,14	
29,445	0,14	
29,45	0,14	
29,455	0,14	
29,46	0,14	
29,465	0,14	
29,47	0,14	
29,475	0,13	
29,48	0,13	
29,485	0,12	
29,49	0,12	
29,495	0,12	
29,5	0,12	
29,505	0,11	
29,51	0,11	
29,515	0,1	
29,52	0,1	
29,525	0,09	
29,53	0,09	
29,535	0,09	
29,54	0,08	
29,545	0,08	
29,55	0,07	
29,555	0,06	
29,56	0,06	
29,565	0,05	
29,57	0,04	
29,575	0,04	
29,58	0,04	
29,585	0,03	
29,59	0,03	
29,595	0,02	
29,6	0,02	
29,605	0	
29,61	0	
29,615	-0,01	
29,62	-0,02	
29,625	-0,02	
29,63	-0,02	
29,635	-0,03	
29,64	-0,04	
29,645	-0,04	
29,65	-0,05	
29,655	-0,06	
29,66	-0,06	
29,665	-0,07	
29,67	-0,07	
29,675	-0,08	
29,68	-0,09	
29,685	-0,09	
29,69	-0,1	
29,695	-0,11	
29,7	-0,11	
29,705	-0,12	
29,71	-0,12	
29,715	-0,13	
29,72	-0,13	
29,725	-0,14	
29,73	-0,14	
29,735	-0,15	
29,74	-0,16	
29,745	-0,16	
29,75	-0,16	
29,755	-0,17	
29,76	-0,17	
29,765	-0,18	
29,77	-0,18	
29,775	-0,19	
29,78	-0,19	
29,785	-0,19	
29,79	-0,2	
29,795	-0,2	
29,8	-0,21	
29,805	-0,21	
29,81	-0,21	
29,815	-0,21	
29,82	-0,21	
29,825	-0,21	
29,83	-0,22	
29,835	-0,22	
29,84	-0,22	
29,845	-0,23	
29,85	-0,23	
29,855	-0,23	
29,86	-0,23	
29,865	-0,23	
29,87	-0,23	
29,875	-0,23	
29,88	-0,22	
29,885	-0,22	
29,89	-0,22	
29,895	-0,22	
29,9	-0,22	
29,905	-0,22	
29,91	-0,22	
29,915	-0,22	
29,92	-0,22	
29,925	-0,22	
29,93	-0,22	
29,935	-0,22	
29,94	-0,21	
29,945	-0,21	
29,95	-0,21	
29,955	-0,2	
29,96	-0,19	
29,965	-0,19	
29,97	-0,19	
29,975	-0,18	
29,98	-0,18	
29,985	-0,17	
29,99	-0,17	
29,995	-0,16	
30,0	-0,16	
30,005	-0,15	
30,01	-0,14	
30,015	-0,13	
30,02	-0,13	
30,025	-0,13	
30,03	-0,12	
30,035	-0,11	
30,04	-0,11	
30,045	-0,1	
30,05	-0,09	
30,055	-0,08	
30,06	-0,07	
30,065	-0,06	
30,07	-0,06	
30,075	-0,05	
30,08	-0,05	
30,085	-0,04	
30,09	-0,03	
30,095	-0,02	
30,1	-0,01	
30,105	0	
30,11	0,01	
30,115	0,02	
30,12	0,02	
30,125	0,03	
30,13	0,04	
30,135	0,05	
30,14	0,06	
30,145	0,07	
30,15	0,07	
30,155	0,09	
30,16	0,09	
30,165	0,1	
30,17	0,11	
30,175	0,12	
30,18	0,13	
30,185	0,14	
30,19	0,15	
30,195	0,16	
30,2	0,17	
30,205	0,17	
30,21	0,18	
30,215	0,19	
30,22	0,19	
30,225	0,2	
30,23	0,21	
30,235	0,22	
30,24	0,23	
30,245	0,24	
30,25	0,25	
30,255	0,25	
30,26	0,26	
30,265	0,26	
30,27	0,27	
30,275	0,27	
30,28	0,28	
30,285	0,29	
30,29	0,29	
30,295	0,3	
30,3	0,31	
30,305	0,31	
30,31	0,31	
30,315	0,32	
30,32	0,32	
30,325	0,32	
30,33	0,33	
30,335	0,34	
30,34	0,34	
30,345	0,34	
30,35	0,34	
30,355	0,35	
30,36	0,35	
30,365	0,35	
30,37	0,36	
30,375	0,36	
30,38	0,36	
30,385	0,36	
30,39	0,35	
30,395	0,35	
30,4	0,35	
30,405	0,35	
30,41	0,36	
30,415	0,35	
30,42	0,35	
30,425	0,35	
30,43	0,35	
30,435	0,34	
30,44	0,34	
30,445	0,34	
30,45	0,34	
30,455	0,34	
30,46	0,34	
30,465	0,33	
30,47	0,32	
30,475	0,31	
30,48	0,31	
30,485	0,3	
30,49	0,3	
30,495	0,29	
30,5	0,29	
30,505	0,29	
30,51	0,28	
30,515	0,27	
30,52	0,26	
30,525	0,25	
30,53	0,25	
30,535	0,24	
30,54	0,23	
30,545	0,22	
30,55	0,22	
30,555	0,21	
30,56	0,2	
30,565	0,19	
30,57	0,18	
30,575	0,17	
30,58	0,16	
30,585	0,15	
30,59	0,14	
30,595	0,12	
30,6	0,11	
30,605	0,1	
30,61	0,09	
30,615	0,08	
30,62	0,07	
30,625	0,06	
30,63	0,05	
30,635	0,04	
30,64	0,03	
30,645	0,02	
30,65	0,01	
30,655	-0,01	
30,66	-0,02	
30,665	-0,03	
30,67	-0,04	
30,675	-0,05	
30,68	-0,06	
30,685	-0,08	
30,69	-0,09	
30,695	-0,11	
30,7	-0,12	
30,705	-0,13	
30,71	-0,14	
30,715	-0,15	
30,72	-0,16	
30,725	-0,17	
30,73	-0,18	
30,735	-0,2	
30,74	-0,21	
30,745	-0,23	
30,75	-0,24	
30,755	-0,25	
30,76	-0,26	
30,765	-0,27	
30,77	-0,28	
30,775	-0,29	
30,78	-0,3	
30,785	-0,31	
30,79	-0,32	
30,795	-0,33	
30,8	-0,33	
30,805	-0,34	
30,81	-0,35	
30,815	-0,36	
30,82	-0,37	
30,825	-0,38	
30,83	-0,39	
30,835	-0,4	
30,84	-0,41	
30,845	-0,41	
30,85	-0,42	
30,855	-0,42	
30,86	-0,42	
30,865	-0,43	
30,87	-0,43	
30,875	-0,44	
30,88	-0,45	
30,885	-0,45	
30,89	-0,46	
30,895	-0,46	
30,9	-0,46	
30,905	-0,46	
30,91	-0,47	
30,915	-0,47	
30,92	-0,48	
30,925	-0,48	
30,93	-0,48	
30,935	-0,48	
30,94	-0,48	
30,945	-0,48	
30,95	-0,47	
30,955	-0,47	
30,96	-0,48	
30,965	-0,48	
30,97	-0,48	
30,975	-0,48	
30,98	-0,47	
30,985	-0,47	
30,99	-0,46	
30,995	-0,46	
31,0	-0,46	
31,005	-0,46	
31,01	-0,45	
31,015	-0,45	
31,02	-0,45	
31,025	-0,44	
31,03	-0,43	
31,035	-0,42	
31,04	-0,42	
31,045	-0,41	
31,05	-0,41	
31,055	-0,4	
31,06	-0,39	
31,065	-0,38	
31,07	-0,37	
31,075	-0,35	
31,08	-0,34	
31,085	-0,33	
31,09	-0,32	
31,095	-0,32	
31,1	-0,31	
31,105	-0,3	
31,11	-0,29	
31,115	-0,28	
31,12	-0,26	
31,125	-0,25	
31,13	-0,23	
31,135	-0,22	
31,14	-0,21	
31,145	-0,2	
31,15	-0,19	
31,155	-0,17	
31,16	-0,15	
31,165	-0,14	
31,17	-0,12	
31,175	-0,11	
31,18	-0,1	
31,185	-0,09	
31,19	-0,08	
31,195	-0,06	
31,2	-0,05	
31,205	-0,04	
31,21	-0,02	
31,215	0	
31,22	0,02	
31,225	0,03	
31,23	0,05	
31,235	0,06	
31,24	0,07	
31,245	0,08	
31,25	0,1	
31,255	0,12	
31,26	0,14	
31,265	0,16	
31,27	0,17	
31,275	0,18	
31,28	0,19	
31,285	0,2	
31,29	0,21	
31,295	0,23	
31,3	0,25	
31,305	0,27	
31,31	0,29	
31,315	0,3	
31,32	0,3	
31,325	0,31	
31,33	0,32	
31,335	0,33	
31,34	0,35	
31,345	0,36	
31,35	0,38	
31,355	0,39	
31,36	0,41	
31,365	0,42	
31,37	0,42	
31,375	0,43	
31,38	0,44	
31,385	0,45	
31,39	0,47	
31,395	0,48	
31,4	0,49	
31,405	0,5	
31,41	0,5	
31,415	0,51	
31,42	0,51	
31,425	0,52	
31,43	0,53	
31,435	0,54	
31,44	0,54	
31,445	0,55	
31,45	0,55	
31,455	0,55	
31,46	0,55	
31,465	0,56	
31,47	0,56	
31,475	0,57	
31,48	0,58	
31,485	0,58	
31,49	0,58	
31,495	0,58	
31,5	0,58	
31,505	0,58	
31,51	0,57	
31,515	0,57	
31,52	0,57	
31,525	0,58	
31,53	0,58	
31,535	0,58	
31,54	0,58	
31,545	0,57	
31,55	0,56	
31,555	0,56	
31,56	0,55	
31,565	0,55	
31,57	0,55	
31,575	0,55	
31,58	0,54	
31,585	0,54	
31,59	0,53	
31,595	0,51	
31,6	0,5	
31,605	0,49	
31,61	0,49	
31,615	0,48	
31,62	0,48	
31,625	0,47	
31,63	0,46	
31,635	0,44	
31,64	0,42	
31,645	0,41	
31,65	0,4	
31,655	0,39	
31,66	0,38	
31,665	0,38	
31,67	0,37	
31,675	0,35	
31,68	0,34	
31,685	0,32	
31,69	0,3	
31,695	0,29	
31,7	0,27	
31,705	0,26	
31,71	0,25	
31,715	0,23	
31,72	0,22	
31,725	0,21	
31,73	0,19	
31,735	0,17	
31,74	0,15	
31,745	0,14	
31,75	0,13	
31,755	0,11	
31,76	0,1	
31,765	0,09	
31,77	0,07	
31,775	0,05	
31,78	0,03	
31,785	0	
31,79	-0,02	
31,795	-0,03	
31,8	-0,04	
31,805	-0,06	
31,81	-0,07	
31,815	-0,09	
31,82	-0,11	
31,825	-0,13	
31,83	-0,15	
31,835	-0,17	
31,84	-0,18	
31,845	-0,19	
31,85	-0,2	
31,855	-0,22	
31,86	-0,24	
31,865	-0,26	
31,87	-0,29	
31,875	-0,3	
31,88	-0,31	
31,885	-0,32	
31,89	-0,33	
31,895	-0,34	
31,9	-0,35	
31,905	-0,37	
31,91	-0,39	
31,915	-0,41	
31,92	-0,42	
31,925	-0,43	
31,93	-0,44	
31,935	-0,45	
31,94	-0,46	
31,945	-0,47	
31,95	-0,49	
31,955	-0,5	
31,96	-0,52	
31,965	-0,53	
31,97	-0,54	
31,975	-0,55	
31,98	-0,55	
31,985	-0,55	
31,99	-0,56	
31,995	-0,57	
32,0	-0,58	
32,005	-0,59	
32,01	-0,6	
32,015	-0,6	
32,02	-0,61	
32,025	-0,61	
32,03	-0,61	
32,035	-0,62	
32,04	-0,62	
32,045	-0,63	
32,05	-0,64	
32,055	-0,64	
32,06	-0,64	
32,065	-0,64	
32,07	-0,63	
32,075	-0,63	
32,08	-0,63	
32,085	-0,63	
32,09	-0,64	
32,095	-0,64	
32,1	-0,64	
32,105	-0,64	
32,11	-0,63	
32,115	-0,62	
32,12	-0,62	
32,125	-0,61	
32,13	-0,61	
32,135	-0,61	
32,14	-0,61	
32,145	-0,6	
32,15	-0,6	
32,155	-0,59	
32,16	-0,58	
32,165	-0,56	
32,17	-0,56	
32,175	-0,55	
32,18	-0,54	
32,185	-0,54	
32,19	-0,52	
32,195	-0,51	
32,2	-0,5	
32,205	-0,49	
32,21	-0,48	
32,215	-0,46	
32,22	-0,45	
32,225	-0,44	
32,23	-0,43	
32,235	-0,42	
32,24	-0,4	
32,245	-0,39	
32,25	-0,37	
32,255	-0,36	
32,26	-0,34	
32,265	-0,33	
32,27	-0,31	
32,275	-0,3	
32,28	-0,28	
32,285	-0,27	
32,29	-0,25	
32,295	-0,23	
32,3	-0,21	
32,305	-0,2	
32,31	-0,18	
32,315	-0,16	
32,32	-0,15	
32,325	-0,14	
32,33	-0,12	
32,335	-0,1	
32,34	-0,08	
32,345	-0,06	
32,35	-0,04	
32,355	-0,02	
32,36	0	
32,365	0,01	
32,37	0,02	
32,375	0,04	
32,38	0,06	
32,385	0,08	
32,39	0,1	
32,395	0,12	
32,4	0,13	
32,405	0,15	
32,41	0,17	
32,415	0,18	
32,42	0,2	
32,425	0,21	
32,43	0,23	
32,435	0,26	
32,44	0,27	
32,445	0,29	
32,45	0,3	
32,455	0,32	
32,46	0,33	
32,465	0,34	
32,47	0,36	
32,475	0,37	
32,48	0,39	
32,485	0,4	
32,49	0,42	
32,495	0,43	
32,5	0,44	
32,505	0,45	
32,51	0,46	
32,515	0,48	
32,52	0,49	
32,525	0,5	
32,53	0,51	
32,535	0,52	
32,54	0,54	
32,545	0,55	
32,55	0,56	
32,555	0,57	
32,56	0,57	
32,565	0,58	
32,57	0,59	
32,575	0,6	
32,58	0,6	
32,585	0,61	
32,59	0,61	
32,595	0,62	
32,6	0,63	
32,605	0,63	
32,61	0,64	
32,615	0,64	
32,62	0,64	
32,625	0,64	
32,63	0,64	
32,635	0,64	
32,64	0,65	
32,645	0,65	
32,65	0,65	
32,655	0,65	
32,66	0,65	
32,665	0,65	
32,67	0,65	
32,675	0,64	
32,68	0,64	
32,685	0,63	
32,69	0,63	
32,695	0,62	
32,7	0,62	
32,705	0,61	
32,71	0,61	
32,715	0,6	
32,72	0,6	
32,725	0,59	
32,73	0,58	
32,735	0,58	
32,74	0,57	
32,745	0,56	
32,75	0,56	
32,755	0,54	
32,76	0,53	
32,765	0,52	
32,77	0,51	
32,775	0,49	
32,78	0,48	
32,785	0,47	
32,79	0,46	
32,795	0,45	
32,8	0,44	
32,805	0,43	
32,81	0,42	
32,815	0,4	
32,82	0,38	
32,825	0,37	
32,83	0,35	
32,835	0,34	
32,84	0,32	
32,845	0,31	
32,85	0,3	
32,855	0,28	
32,86	0,26	
32,865	0,25	
32,87	0,23	
32,875	0,21	
32,88	0,19	
32,885	0,18	
32,89	0,16	
32,895	0,15	
32,9	0,13	
32,905	0,11	
32,91	0,1	
32,915	0,08	
32,92	0,06	
32,925	0,04	
32,93	0,03	
32,935	0,01	
32,94	-0,01	
32,945	-0,03	
32,95	-0,05	
32,955	-0,06	
32,96	-0,08	
32,965	-0,09	
32,97	-0,11	
32,975	-0,13	
32,98	-0,14	
32,985	-0,16	
32,99	-0,18	
32,995	-0,19	
33,0	-0,21	
33,005	-0,23	
33,01	-0,25	
33,015	-0,26	
33,02	-0,28	
33,025	-0,29	
33,03	-0,31	
33,035	-0,32	
33,04	-0,33	
33,045	-0,34	
33,05	-0,36	
33,055	-0,37	
33,06	-0,39	
33,065	-0,4	
33,07	-0,42	
33,075	-0,43	
33,08	-0,44	
33,085	-0,46	
33,09	-0,47	
33,095	-0,47	
33,1	-0,49	
33,105	-0,5	
33,11	-0,51	
33,115	-0,51	
33,12	-0,52	
33,125	-0,53	
33,13	-0,53	
33,135	-0,54	
33,14	-0,55	
33,145	-0,56	
33,15	-0,57	
33,155	-0,57	
33,16	-0,59	
33,165	-0,59	
33,17	-0,59	
33,175	-0,59	
33,18	-0,59	
33,185	-0,59	
33,19	-0,6	
33,195	-0,6	
33,2	-0,61	
33,205	-0,61	
33,21	-0,61	
33,215	-0,6	
33,22	-0,6	
33,225	-0,6	
33,23	-0,6	
33,235	-0,6	
33,24	-0,61	
33,245	-0,61	
33,25	-0,6	
33,255	-0,6	
33,26	-0,6	
33,265	-0,59	
33,27	-0,58	
33,275	-0,58	
33,28	-0,58	
33,285	-0,57	
33,29	-0,57	
33,295	-0,56	
33,3	-0,55	
33,305	-0,54	
33,31	-0,53	
33,315	-0,52	
33,32	-0,51	
33,325	-0,51	
33,33	-0,5	
33,335	-0,49	
33,34	-0,48	
33,345	-0,47	
33,35	-0,46	
33,355	-0,45	
33,36	-0,43	
33,365	-0,42	
33,37	-0,41	
33,375	-0,4	
33,38	-0,39	
33,385	-0,38	
33,39	-0,37	
33,395	-0,35	
33,4	-0,34	
33,405	-0,31	
33,41	-0,3	
33,415	-0,29	
33,42	-0,28	
33,425	-0,26	
33,43	-0,25	
33,435	-0,23	
33,44	-0,22	
33,445	-0,2	
33,45	-0,19	
33,455	-0,17	
33,46	-0,16	
33,465	-0,15	
33,47	-0,13	
33,475	-0,12	
33,48	-0,1	
33,485	-0,07	
33,49	-0,06	
33,495	-0,04	
33,5	-0,03	
33,505	-0,01	
33,51	0	
33,515	0,01	
33,52	0,03	
33,525	0,04	
33,53	0,06	
33,535	0,07	
33,54	0,09	
33,545	0,1	
33,55	0,12	
33,555	0,13	
33,56	0,15	
33,565	0,16	
33,57	0,18	
33,575	0,19	
33,58	0,21	
33,585	0,22	
33,59	0,24	
33,595	0,25	
33,6	0,26	
33,605	0,27	
33,61	0,29	
33,615	0,3	
33,62	0,31	
33,625	0,33	
33,63	0,34	
33,635	0,35	
33,64	0,36	
33,645	0,37	
33,65	0,38	
33,655	0,39	
33,66	0,4	
33,665	0,41	
33,67	0,43	
33,675	0,43	
33,68	0,44	
33,685	0,45	
33,69	0,45	
33,695	0,46	
33,7	0,46	
33,705	0,47	
33,71	0,48	
33,715	0,48	
33,72	0,49	
33,725	0,5	
33,73	0,51	
33,735	0,51	
33,74	0,51	
33,745	0,51	
33,75	0,52	
33,755	0,52	
33,76	0,53	
33,765	0,53	
33,77	0,53	
33,775	0,53	
33,78	0,53	
33,785	0,53	
33,79	0,52	
33,795	0,52	
33,8	0,52	
33,805	0,52	
33,81	0,52	
33,815	0,52	
33,82	0,51	
33,825	0,51	
33,83	0,5	
33,835	0,5	
33,84	0,49	
33,845	0,49	
33,85	0,49	
33,855	0,49	
33,86	0,49	
33,865	0,48	
33,87	0,47	
33,875	0,46	
33,88	0,45	
33,885	0,44	
33,89	0,44	
33,895	0,43	
33,9	0,42	
33,905	0,42	
33,91	0,41	
33,915	0,4	
33,92	0,39	
33,925	0,38	
33,93	0,37	
33,935	0,36	
33,94	0,36	
33,945	0,34	
33,95	0,33	
33,955	0,32	
33,96	0,3	
33,965	0,29	
33,97	0,28	
33,975	0,26	
33,98	0,26	
33,985	0,25	
33,99	0,24	
33,995	0,22	
34,0	0,21	
34,005	0,19	
34,01	0,18	
34,015	0,16	
34,02	0,15	
34,025	0,14	
34,03	0,13	
34,035	0,12	
34,04	0,11	
34,045	0,1	
34,05	0,08	
34,055	0,06	
34,06	0,05	
34,065	0,03	
34,07	0,03	
34,075	0,01	
34,08	0	
34,085	-0,01	
34,09	-0,03	
34,095	-0,04	
34,1	-0,06	
34,105	-0,07	
34,11	-0,08	
34,115	-0,09	
34,12	-0,1	
34,125	-0,11	
34,13	-0,13	
34,135	-0,14	
34,14	-0,15	
34,145	-0,16	
34,15	-0,18	
34,155	-0,19	
34,16	-0,19	
34,165	-0,2	
34,17	-0,21	
34,175	-0,22	
34,18	-0,23	
34,185	-0,24	
34,19	-0,26	
34,195	-0,27	
34,2	-0,28	
34,205	-0,28	
34,21	-0,29	
34,215	-0,3	
34,22	-0,3	
34,225	-0,31	
34,23	-0,32	
34,235	-0,33	
34,24	-0,34	
34,245	-0,34	
34,25	-0,35	
34,255	-0,35	
34,26	-0,36	
34,265	-0,37	
34,27	-0,37	
34,275	-0,38	
34,28	-0,38	
34,285	-0,39	
34,29	-0,4	
34,295	-0,4	
34,3	-0,4	
34,305	-0,4	
34,31	-0,4	
34,315	-0,41	
34,32	-0,41	
34,325	-0,41	
34,33	-0,41	
34,335	-0,41	
34,34	-0,41	
34,345	-0,41	
34,35	-0,4	
34,355	-0,4	
34,36	-0,41	
34,365	-0,41	
34,37	-0,41	
34,375	-0,4	
34,38	-0,4	
34,385	-0,39	
34,39	-0,39	
34,395	-0,38	
34,4	-0,38	
34,405	-0,38	
34,41	-0,38	
34,415	-0,38	
34,42	-0,37	
34,425	-0,37	
34,43	-0,36	
34,435	-0,35	
34,44	-0,34	
34,445	-0,34	
34,45	-0,33	
34,455	-0,33	
34,46	-0,33	
34,465	-0,32	
34,47	-0,31	
34,475	-0,3	
34,48	-0,29	
34,485	-0,28	
34,49	-0,28	
34,495	-0,27	
34,5	-0,26	
34,505	-0,26	
34,51	-0,25	
34,515	-0,24	
34,52	-0,23	
34,525	-0,22	
34,53	-0,21	
34,535	-0,2	
34,54	-0,19	
34,545	-0,18	
34,55	-0,17	
34,555	-0,16	
34,56	-0,15	
34,565	-0,14	
34,57	-0,13	
34,575	-0,11	
34,58	-0,1	
34,585	-0,1	
34,59	-0,09	
34,595	-0,08	
34,6	-0,08	
34,605	-0,07	
34,61	-0,05	
34,615	-0,07	
34,62	-0,02	
34,625	-0,01	
34,63	-0,01	
34,635	0	
34,64	0,01	
34,645	0,02	
34,65	0,03	
34,655	0,04	
34,66	0,05	
34,665	0,06	
34,67	0,07	
34,675	0,08	
34,68	0,08	
34,685	0,09	
34,69	0,1	
34,695	0,1	
34,7	0,12	
34,705	0,13	
34,71	0,14	
34,715	0,14	
34,72	0,15	
34,725	0,16	
34,73	0,16	
34,735	0,17	
34,74	0,18	
34,745	0,19	
34,75	0,2	
34,755	0,2	
34,76	0,21	
34,765	0,21	
34,77	0,21	
34,775	0,22	
34,78	0,23	
34,785	0,23	
34,79	0,23	
34,795	0,24	
34,8	0,24	
34,805	0,25	
34,81	0,25	
34,815	0,25	
34,82	0,25	
34,825	0,26	
34,83	0,26	
34,835	0,26	
34,84	0,27	
34,845	0,27	
34,85	0,28	
34,855	0,27	
34,86	0,27	
34,865	0,27	
34,87	0,27	
34,875	0,28	
34,88	0,28	
34,885	0,28	
34,89	0,28	
34,895	0,28	
34,9	0,27	
34,905	0,27	
34,91	0,27	
34,915	0,27	
34,92	0,27	
34,925	0,27	
34,93	0,27	
34,935	0,27	
34,94	0,26	
34,945	0,26	
34,95	0,25	
34,955	0,25	
34,96	0,24	
34,965	0,24	
34,97	0,24	
34,975	0,23	
34,98	0,23	
34,985	0,23	
34,99	0,22	
34,995	0,21	
35,0	0,21	
35,005	0,2	
35,01	0,2	
35,015	0,2	
35,02	0,19	
35,025	0,19	
35,03	0,18	
35,035	0,17	
35,04	0,16	
35,045	0,15	
35,05	0,15	
35,055	0,14	
35,06	0,14	
35,065	0,14	
35,07	0,13	
35,075	0,12	
35,08	0,12	
35,085	0,1	
35,09	0,1	
35,095	0,09	
35,1	0,09	
35,105	0,08	
35,11	0,08	
35,115	0,07	
35,12	0,06	
35,125	0,05	
35,13	0,04	
35,135	0,03	
35,14	0,02	
35,145	0,01	
35,15	0,01	
35,155	0,01	
35,16	0	
35,165	0	
35,17	-0,01	
35,175	-0,02	
35,18	-0,03	
35,185	-0,04	
35,19	-0,04	
35,195	-0,05	
35,2	-0,05	
35,205	-0,05	
35,21	-0,06	
35,215	-0,07	
35,22	-0,08	
35,225	-0,08	
35,23	-0,09	
35,235	-0,09	
35,24	-0,09	
35,245	-0,1	
35,25	-0,1	
35,255	-0,11	
35,26	-0,11	
35,265	-0,13	
35,27	-0,13	
35,275	-0,14	
35,28	-0,14	
35,285	-0,14	
35,29	-0,14	
35,295	-0,14	
35,3	-0,15	
35,305	-0,15	
35,31	-0,15	
35,315	-0,16	
35,32	-0,16	
35,325	-0,16	
35,33	-0,17	
35,335	-0,16	
35,34	-0,16	
35,345	-0,16	
35,35	-0,17	
35,355	-0,17	
35,36	-0,17	
35,365	-0,17	
35,37	-0,17	
35,375	-0,17	
35,38	-0,16	
35,385	-0,16	
35,39	-0,16	
35,395	-0,17	
35,4	-0,17	
35,405	-0,17	
35,41	-0,17	
35,415	-0,17	
35,42	-0,16	
35,425	-0,16	
35,43	-0,16	
35,435	-0,15	
35,44	-0,15	
35,445	-0,15	
35,45	-0,15	
35,455	-0,15	
35,46	-0,14	
35,465	-0,14	
35,47	-0,13	
35,475	-0,13	
35,48	-0,13	
35,485	-0,13	
35,49	-0,13	
35,495	-0,12	
35,5	-0,12	
35,505	-0,11	
35,51	-0,1	
35,515	-0,1	
35,52	-0,09	
35,525	-0,09	
35,53	-0,08	
35,535	-0,08	
35,54	-0,08	
35,545	-0,08	
35,55	-0,07	
35,555	-0,06	
35,56	-0,05	
35,565	-0,05	
35,57	-0,04	
35,575	-0,03	
35,58	-0,03	
35,585	-0,03	
35,59	-0,02	
35,595	-0,02	
35,6	-0,01	
35,605	0	
35,61	0	
35,615	0,01	
35,62	0,01	
35,625	0,02	
35,63	0,02	
35,635	0,02	
35,64	0,03	
35,645	0,04	
35,65	0,04	
35,655	0,05	
35,66	0,06	
35,665	0,06	
35,67	0,07	
35,675	0,07	
35,68	0,08	
35,685	0,08	
35,69	0,09	
35,695	0,09	
35,7	0,1	
35,705	0,1	
35,71	0,1	
35,715	0,1	
35,72	0,1	
35,725	0,11	
35,73	0,11	
35,735	0,12	
35,74	0,12	
35,745	0,13	
35,75	0,13	
35,755	0,13	
35,76	0,13	
35,765	0,14	
35,77	0,14	
35,775	0,14	
35,78	0,15	
35,785	0,15	
35,79	0,15	
35,795	0,15	
35,8	0,15	
35,805	0,15	
35,81	0,15	
35,815	0,15	
35,82	0,15	
35,825	0,16	
35,83	0,16	
35,835	0,16	
35,84	0,16	
35,845	0,16	
35,85	0,16	
35,855	0,15	
35,86	0,15	
35,865	0,15	
35,87	0,15	
35,875	0,15	
35,88	0,14	
35,885	0,14	
35,89	0,14	
35,895	0,14	
35,9	0,13	
35,905	0,13	
35,91	0,13	
35,915	0,13	
35,92	0,13	
35,925	0,12	
35,93	0,12	
35,935	0,12	
35,94	0,11	
35,945	0,11	
35,95	0,1	
35,955	0,1	
35,96	0,1	
35,965	0,09	
35,97	0,09	
35,975	0,09	
35,98	0,08	
35,985	0,07	
35,99	0,06	
35,995	0,05	
36,0	0,05	
36,005	0,05	
36,01	0,04	
36,015	0,04	
36,02	0,03	
36,025	0,03	
36,03	0,02	
36,035	0,01	
36,04	0	
36,045	0	
36,05	-0,01	
36,055	-0,01	
36,06	-0,02	
36,065	-0,02	
36,07	-0,03	
36,075	-0,04	
36,08	-0,04	
36,085	-0,05	
36,09	-0,06	
36,095	-0,06	
36,1	-0,07	
36,105	-0,08	
36,11	-0,08	
36,115	-0,09	
36,12	-0,09	
36,125	-0,1	
36,13	-0,11	
36,135	-0,12	
36,14	-0,12	
36,145	-0,13	
36,15	-0,13	
36,155	-0,14	
36,16	-0,14	
36,165	-0,14	
36,17	-0,15	
36,175	-0,16	
36,18	-0,16	
36,185	-0,17	
36,19	-0,17	
36,195	-0,18	
36,2	-0,18	
36,205	-0,19	
36,21	-0,19	
36,215	-0,19	
36,22	-0,2	
36,225	-0,21	
36,23	-0,21	
36,235	-0,22	
36,24	-0,22	
36,245	-0,22	
36,25	-0,22	
36,255	-0,23	
36,26	-0,23	
36,265	-0,23	
36,27	-0,24	
36,275	-0,24	
36,28	-0,24	
36,285	-0,24	
36,29	-0,24	
36,295	-0,24	
36,3	-0,24	
36,305	-0,24	
36,31	-0,24	
36,315	-0,25	
36,32	-0,25	
36,325	-0,25	
36,33	-0,24	
36,335	-0,24	
36,34	-0,24	
36,345	-0,24	
36,35	-0,24	
36,355	-0,24	
36,36	-0,24	
36,365	-0,24	
36,37	-0,24	
36,375	-0,23	
36,38	-0,22	
36,385	-0,22	
36,39	-0,22	
36,395	-0,21	
36,4	-0,21	
36,405	-0,21	
36,41	-0,2	
36,415	-0,2	
36,42	-0,19	
36,425	-0,19	
36,43	-0,18	
36,435	-0,17	
36,44	-0,17	
36,445	-0,17	
36,45	-0,17	
36,455	-0,16	
36,46	-0,16	
36,465	-0,15	
36,47	-0,14	
36,475	-0,13	
36,48	-0,12	
36,485	-0,11	
36,49	-0,11	
36,495	-0,1	
36,5	-0,09	
36,505	-0,09	
36,51	-0,07	
36,515	-0,07	
36,52	-0,06	
36,525	-0,05	
36,53	-0,05	
36,535	-0,04	
36,54	-0,03	
36,545	-0,02	
36,55	-0,01	
36,555	0,01	
36,56	0,02	
36,565	0,02	
36,57	0,03	
36,575	0,04	
36,58	0,05	
36,585	0,05	
36,59	0,06	
36,595	0,07	
36,6	0,08	
36,605	0,09	
36,61	0,1	
36,615	0,11	
36,62	0,12	
36,625	0,12	
36,63	0,13	
36,635	0,14	
36,64	0,15	
36,645	0,16	
36,65	0,18	
36,655	0,18	
36,66	0,19	
36,665	0,2	
36,67	0,2	
36,675	0,21	
36,68	0,22	
36,685	0,22	
36,69	0,23	
36,695	0,24	
36,7	0,25	
36,705	0,26	
36,71	0,26	
36,715	0,27	
36,72	0,28	
36,725	0,29	
36,73	0,29	
36,735	0,3	
36,74	0,31	
36,745	0,31	
36,75	0,32	
36,755	0,32	
36,76	0,33	
36,765	0,33	
36,77	0,34	
36,775	0,34	
36,78	0,35	
36,785	0,35	
36,79	0,35	
36,795	0,36	
36,8	0,35	
36,805	0,36	
36,81	0,36	
36,815	0,36	
36,82	0,37	
36,825	0,37	
36,83	0,37	
36,835	0,37	
36,84	0,37	
36,845	0,37	
36,85	0,37	
36,855	0,37	
36,86	0,37	
36,865	0,37	
36,87	0,37	
36,875	0,37	
36,88	0,37	
36,885	0,37	
36,89	0,36	
36,895	0,36	
36,9	0,35	
36,905	0,35	
36,91	0,35	
36,915	0,34	
36,92	0,34	
36,925	0,33	
36,93	0,33	
36,935	0,32	
36,94	0,31	
36,945	0,31	
36,95	0,3	
36,955	0,31	
36,96	0,3	
36,965	0,29	
36,97	0,28	
36,975	0,27	
36,98	0,26	
36,985	0,25	
36,99	0,24	
36,995	0,24	
37,0	0,23	
37,005	0,22	
37,01	0,21	
37,015	0,2	
37,02	0,2	
37,025	0,19	
37,03	0,18	
37,035	0,16	
37,04	0,15	
37,045	0,14	
37,05	0,13	
37,055	0,12	
37,06	0,1	
37,065	0,09	
37,07	0,08	
37,075	0,07	
37,08	0,06	
37,085	0,05	
37,09	0,04	
37,095	0,03	
37,1	0,02	
37,105	0	
37,11	-0,01	
37,115	-0,02	
37,12	-0,04	
37,125	-0,06	
37,13	-0,07	
37,135	-0,07	
37,14	-0,09	
37,145	-0,1	
37,15	-0,11	
37,155	-0,12	
37,16	-0,13	
37,165	-0,14	
37,17	-0,15	
37,175	-0,17	
37,18	-0,18	
37,185	-0,19	
37,19	-0,2	
37,195	-0,21	
37,2	-0,22	
37,205	-0,24	
37,21	-0,25	
37,215	-0,27	
37,22	-0,28	
37,225	-0,29	
37,23	-0,3	
37,235	-0,3	
37,24	-0,32	
37,245	-0,33	
37,25	-0,34	
37,255	-0,34	
37,26	-0,35	
37,265	-0,36	
37,27	-0,36	
37,275	-0,37	
37,28	-0,38	
37,285	-0,39	
37,29	-0,41	
37,295	-0,41	
37,3	-0,42	
37,305	-0,42	
37,31	-0,43	
37,315	-0,43	
37,32	-0,44	
37,325	-0,44	
37,33	-0,45	
37,335	-0,46	
37,34	-0,46	
37,345	-0,47	
37,35	-0,47	
37,355	-0,47	
37,36	-0,47	
37,365	-0,48	
37,37	-0,48	
37,375	-0,48	
37,38	-0,48	
37,385	-0,48	
37,39	-0,49	
37,395	-0,49	
37,4	-0,49	
37,405	-0,49	
37,41	-0,49	
37,415	-0,49	
37,42	-0,49	
37,425	-0,49	
37,43	-0,48	
37,435	-0,49	
37,44	-0,48	
37,445	-0,48	
37,45	-0,47	
37,455	-0,47	
37,46	-0,47	
37,465	-0,46	
37,47	-0,45	
37,475	-0,45	
37,48	-0,44	
37,485	-0,44	
37,49	-0,43	
37,495	-0,42	
37,5	-0,42	
37,505	-0,41	
37,51	-0,4	
37,515	-0,4	
37,52	-0,39	
37,525	-0,38	
37,53	-0,36	
37,535	-0,35	
37,54	-0,34	
37,545	-0,33	
37,55	-0,33	
37,555	-0,31	
37,56	-0,3	
37,565	-0,3	
37,57	-0,28	
37,575	-0,27	
37,58	-0,26	
37,585	-0,25	
37,59	-0,23	
37,595	-0,22	
37,6	-0,21	
37,605	-0,2	
37,61	-0,18	
37,615	-0,16	
37,62	-0,15	
37,625	-0,13	
37,63	-0,12	
37,635	-0,11	
37,64	-0,1	
37,645	-0,08	
37,65	-0,07	
37,655	-0,06	
37,66	-0,04	
37,665	-0,03	
37,67	-0,01	
37,675	0,01	
37,68	0,02	
37,685	0,04	
37,69	0,06	
37,695	0,07	
37,7	0,08	
37,705	0,1	
37,71	0,11	
37,715	0,13	
37,72	0,15	
37,725	0,16	
37,73	0,18	
37,735	0,19	
37,74	0,2	
37,745	0,21	
37,75	0,23	
37,755	0,24	
37,76	0,26	
37,765	0,27	
37,77	0,29	
37,775	0,3	
37,78	0,31	
37,785	0,32	
37,79	0,33	
37,795	0,35	
37,8	0,36	
37,805	0,37	
37,81	0,38	
37,815	0,4	
37,82	0,41	
37,825	0,42	
37,83	0,43	
37,835	0,44	
37,84	0,45	
37,845	0,46	
37,85	0,47	
37,855	0,47	
37,86	0,48	
37,865	0,49	
37,87	0,5	
37,875	0,51	
37,88	0,51	
37,885	0,52	
37,89	0,53	
37,895	0,54	
37,9	0,55	
37,905	0,55	
37,91	0,55	
37,915	0,55	
37,92	0,55	
37,925	0,56	
37,93	0,57	
37,935	0,57	
37,94	0,58	
37,945	0,58	
37,95	0,58	
37,955	0,58	
37,96	0,58	
37,965	0,57	
37,97	0,57	
37,975	0,57	
37,98	0,58	
37,985	0,58	
37,99	0,58	
37,995	0,58	
38,0	0,57	
38,005	0,57	
38,01	0,56	
38,015	0,55	
38,02	0,55	
38,025	0,54	
38,03	0,54	
38,035	0,54	
38,04	0,53	
38,045	0,53	
38,05	0,52	
38,055	0,51	
38,06	0,5	
38,065	0,49	
38,07	0,48	
38,075	0,48	
38,08	0,47	
38,085	0,46	
38,09	0,45	
38,095	0,43	
38,1	0,42	
38,105	0,41	
38,11	0,4	
38,115	0,39	
38,12	0,38	
38,125	0,37	
38,13	0,35	
38,135	0,34	
38,14	0,32	
38,145	0,31	
38,15	0,3	
38,155	0,28	
38,16	0,27	
38,165	0,26	
38,17	0,24	
38,175	0,22	
38,18	0,2	
38,185	0,19	
38,19	0,18	
38,195	0,16	
38,2	0,14	
38,205	0,13	
38,21	0,11	
38,215	0,1	
38,22	0,08	
38,225	0,07	
38,23	0,05	
38,235	0,04	
38,24	0,02	
38,245	0,01	
38,25	-0,01	
38,255	-0,04	
38,26	-0,05	
38,265	-0,07	
38,27	-0,09	
38,275	-0,11	
38,28	-0,12	
38,285	-0,14	
38,29	-0,16	
38,295	-0,17	
38,3	-0,18	
38,305	-0,2	
38,31	-0,21	
38,315	-0,22	
38,32	-0,24	
38,325	-0,26	
38,33	-0,27	
38,335	-0,3	
38,34	-0,31	
38,345	-0,32	
38,35	-0,34	
38,355	-0,35	
38,36	-0,36	
38,365	-0,38	
38,37	-0,39	
38,375	-0,4	
38,38	-0,42	
38,385	-0,43	
38,39	-0,44	
38,395	-0,45	
38,4	-0,46	
38,405	-0,47	
38,41	-0,48	
38,415	-0,5	
38,42	-0,51	
38,425	-0,52	
38,43	-0,53	
38,435	-0,54	
38,44	-0,54	
38,445	-0,55	
38,45	-0,56	
38,455	-0,56	
38,46	-0,57	
38,465	-0,58	
38,47	-0,59	
38,475	-0,59	
38,48	-0,6	
38,485	-0,6	
38,49	-0,61	
38,495	-0,61	
38,5	-0,61	
38,505	-0,62	
38,51	-0,62	
38,515	-0,62	
38,52	-0,62	
38,525	-0,63	
38,53	-0,63	
38,535	-0,63	
38,54	-0,63	
38,545	-0,63	
38,55	-0,63	
38,555	-0,62	
38,56	-0,62	
38,565	-0,62	
38,57	-0,62	
38,575	-0,61	
38,58	-0,6	
38,585	-0,6	
38,59	-0,59	
38,595	-0,59	
38,6	-0,58	
38,605	-0,58	
38,61	-0,57	
38,615	-0,56	
38,62	-0,56	
38,625	-0,55	
38,63	-0,54	
38,635	-0,53	
38,64	-0,53	
38,645	-0,52	
38,65	-0,51	
38,655	-0,5	
38,66	-0,49	
38,665	-0,47	
38,67	-0,46	
38,675	-0,45	
38,68	-0,44	
38,685	-0,42	
38,69	-0,41	
38,695	-0,4	
38,7	-0,39	
38,705	-0,38	
38,71	-0,36	
38,715	-0,35	
38,72	-0,33	
38,725	-0,32	
38,73	-0,3	
38,735	-0,29	
38,74	-0,26	
38,745	-0,25	
38,75	-0,23	
38,755	-0,22	
38,76	-0,2	
38,765	-0,19	
38,77	-0,17	
38,775	-0,16	
38,78	-0,14	
38,785	-0,12	
38,79	-0,11	
38,795	-0,09	
38,8	-0,07	
38,805	-0,06	
38,81	-0,04	
38,815	-0,03	
38,82	0	
38,825	0,02	
38,83	0,04	
38,835	0,06	
38,84	0,07	
38,845	0,09	
38,85	0,1	
38,855	0,12	
38,86	0,14	
38,865	0,16	
38,87	0,17	
38,875	0,19	
38,88	0,2	
38,885	0,21	
38,89	0,23	
38,895	0,25	
38,9	0,27	
38,905	0,29	
38,91	0,3	
38,915	0,32	
38,92	0,33	
38,925	0,34	
38,93	0,36	
38,935	0,37	
38,94	0,38	
38,945	0,4	
38,95	0,41	
38,955	0,43	
38,96	0,44	
38,965	0,45	
38,97	0,46	
38,975	0,47	
38,98	0,48	
38,985	0,49	
38,99	0,51	
38,995	0,52	
39,0	0,53	
39,005	0,54	
39,01	0,54	
39,015	0,55	
39,02	0,56	
39,025	0,56	
39,03	0,57	
39,035	0,58	
39,04	0,59	
39,045	0,6	
39,05	0,6	
39,055	0,61	
39,06	0,61	
39,065	0,61	
39,07	0,61	
39,075	0,62	
39,08	0,62	
39,085	0,63	
39,09	0,63	
39,095	0,63	
39,1	0,63	
39,105	0,63	
39,11	0,63	
39,115	0,62	
39,12	0,62	
39,125	0,62	
39,13	0,62	
39,135	0,62	
39,14	0,62	
39,145	0,61	
39,15	0,61	
39,155	0,6	
39,16	0,59	
39,165	0,59	
39,17	0,58	
39,175	0,57	
39,18	0,57	
39,185	0,56	
39,19	0,56	
39,195	0,55	
39,2	0,54	
39,205	0,53	
39,21	0,53	
39,215	0,52	
39,22	0,51	
39,225	0,5	
39,23	0,48	
39,235	0,47	
39,24	0,46	
39,245	0,44	
39,25	0,43	
39,255	0,42	
39,26	0,41	
39,265	0,41	
39,27	0,4	
39,275	0,38	
39,28	0,37	
39,285	0,35	
39,29	0,33	
39,295	0,32	
39,3	0,3	
39,305	0,29	
39,31	0,28	
39,315	0,26	
39,32	0,25	
39,325	0,23	
39,33	0,21	
39,335	0,19	
39,34	0,18	
39,345	0,16	
39,35	0,15	
39,355	0,14	
39,36	0,12	
39,365	0,11	
39,37	0,09	
39,375	0,07	
39,38	0,05	
39,385	0,02	
39,39	0,01	
39,395	-0,01	
39,4	-0,02	
39,405	-0,03	
39,41	-0,05	
39,415	-0,07	
39,42	-0,08	
39,425	-0,1	
39,43	-0,12	
39,435	-0,13	
39,44	-0,15	
39,445	-0,16	
39,45	-0,17	
39,455	-0,18	
39,46	-0,2	
39,465	-0,22	
39,47	-0,24	
39,475	-0,26	
39,48	-0,28	
39,485	-0,29	
39,49	-0,3	
39,495	-0,31	
39,5	-0,32	
39,505	-0,33	
39,51	-0,35	
39,515	-0,36	
39,52	-0,38	
39,525	-0,39	
39,53	-0,4	
39,535	-0,41	
39,54	-0,42	
39,545	-0,43	
39,55	-0,44	
39,555	-0,46	
39,56	-0,47	
39,565	-0,48	
39,57	-0,49	
39,575	-0,5	
39,58	-0,5	
39,585	-0,51	
39,59	-0,51	
39,595	-0,52	
39,6	-0,53	
39,605	-0,54	
39,61	-0,54	
39,615	-0,55	
39,62	-0,56	
39,625	-0,56	
39,63	-0,56	
39,635	-0,56	
39,64	-0,57	
39,645	-0,57	
39,65	-0,58	
39,655	-0,58	
39,66	-0,58	
39,665	-0,58	
39,67	-0,58	
39,675	-0,58	
39,68	-0,58	
39,685	-0,58	
39,69	-0,58	
39,695	-0,58	
39,7	-0,58	
39,705	-0,57	
39,71	-0,57	
39,715	-0,56	
39,72	-0,55	
39,725	-0,55	
39,73	-0,55	
39,735	-0,55	
39,74	-0,55	
39,745	-0,54	
39,75	-0,54	
39,755	-0,53	
39,76	-0,52	
39,765	-0,51	
39,77	-0,5	
39,775	-0,49	
39,78	-0,49	
39,785	-0,48	
39,79	-0,47	
39,795	-0,46	
39,8	-0,44	
39,805	-0,43	
39,81	-0,42	
39,815	-0,41	
39,82	-0,4	
39,825	-0,39	
39,83	-0,38	
39,835	-0,38	
39,84	-0,36	
39,845	-0,35	
39,85	-0,34	
39,855	-0,32	
39,86	-0,31	
39,865	-0,29	
39,87	-0,28	
39,875	-0,27	
39,88	-0,26	
39,885	-0,25	
39,89	-0,24	
39,895	-0,22	
39,9	-0,2	
39,905	-0,18	
39,91	-0,17	
39,915	-0,15	
39,92	-0,15	
39,925	-0,13	
39,93	-0,12	
39,935	-0,11	
39,94	-0,09	
39,945	-0,07	
39,95	-0,06	
39,955	-0,03	
39,96	-0,02	
39,965	-0,01	
39,97	0,01	
39,975	0,02	
39,98	0,03	
39,985	0,05	
39,99	0,07	
39,995	0,08	
40,0	0,09	
40,005	0,11	
40,01	0,12	
40,015	0,13	
40,02	0,15	
40,025	0,16	
40,03	0,18	
40,035	0,2	
40,04	0,22	
40,045	0,22	
40,05	0,23	
40,055	0,24	
40,06	0,25	
40,065	0,26	
40,07	0,27	
40,075	0,29	
40,08	0,3	
40,085	0,31	
40,09	0,32	
40,095	0,33	
40,1	0,34	
40,105	0,35	
40,11	0,35	
40,115	0,37	
40,12	0,38	
40,125	0,39	
40,13	0,4	
40,135	0,41	
40,14	0,41	
40,145	0,42	
40,15	0,42	
40,155	0,43	
40,16	0,43	
40,165	0,44	
40,17	0,45	
40,175	0,46	
40,18	0,47	
40,185	0,47	
40,19	0,47	
40,195	0,47	
40,2	0,47	
40,205	0,47	
40,21	0,48	
40,215	0,49	
40,22	0,49	
40,225	0,5	
40,23	0,49	
40,235	0,49	
40,24	0,49	
40,245	0,48	
40,25	0,48	
40,255	0,48	
40,26	0,48	
40,265	0,48	
40,27	0,48	
40,275	0,48	
40,28	0,48	
40,285	0,47	
40,29	0,47	
40,295	0,46	
40,3	0,46	
40,305	0,46	
40,31	0,46	
40,315	0,45	
40,32	0,45	
40,325	0,44	
40,33	0,43	
40,335	0,42	
40,34	0,42	
40,345	0,41	
40,35	0,4	
40,355	0,4	
40,36	0,39	
40,365	0,37	
40,37	0,37	
40,375	0,36	
40,38	0,35	
40,385	0,34	
40,39	0,33	
40,395	0,33	
40,4	0,31	
40,405	0,3	
40,41	0,29	
40,415	0,28	
40,42	0,27	
40,425	0,26	
40,43	0,25	
40,435	0,24	
40,44	0,23	
40,445	0,22	
40,45	0,2	
40,455	0,19	
40,46	0,18	
40,465	0,16	
40,47	0,15	
40,475	0,14	
40,48	0,14	
40,485	0,12	
40,49	0,11	
40,495	0,11	
40,5	0,09	
40,505	0,08	
40,51	0,06	
40,515	0,05	
40,52	0,03	
40,525	0,02	
40,53	0,02	
40,535	0,01	
40,54	-0,01	
40,545	-0,02	
40,55	-0,03	
40,555	-0,05	
40,56	-0,06	
40,565	-0,07	
40,57	-0,08	
40,575	-0,09	
40,58	-0,1	
40,585	-0,11	
40,59	-0,12	
40,595	-0,14	
40,6	-0,16	
40,605	-0,17	
40,61	-0,18	
40,615	-0,18	
40,62	-0,19	
40,625	-0,19	
40,63	-0,2	
40,635	-0,21	
40,64	-0,22	
40,645	-0,23	
40,65	-0,24	
40,655	-0,25	
40,66	-0,25	
40,665	-0,26	
40,67	-0,27	
40,675	-0,28	
40,68	-0,29	
40,685	-0,3	
40,69	-0,3	
40,695	-0,31	
40,7	-0,31	
40,705	-0,32	
40,71	-0,32	
40,715	-0,32	
40,72	-0,33	
40,725	-0,34	
40,73	-0,34	
40,735	-0,35	
40,74	-0,35	
40,745	-0,36	
40,75	-0,36	
40,755	-0,36	
40,76	-0,36	
40,765	-0,36	
40,77	-0,36	
40,775	-0,37	
40,78	-0,37	
40,785	-0,37	
40,79	-0,37	
40,795	-0,37	
40,8	-0,37	
40,805	-0,36	
40,81	-0,36	
40,815	-0,36	
40,82	-0,37	
40,825	-0,37	
40,83	-0,36	
40,835	-0,36	
40,84	-0,36	
40,845	-0,35	
40,85	-0,35	
40,855	-0,34	
40,86	-0,34	
40,865	-0,35	
40,87	-0,34	
40,875	-0,34	
40,88	-0,34	
40,885	-0,33	
40,89	-0,32	
40,895	-0,31	
40,9	-0,31	
40,905	-0,3	
40,91	-0,3	
40,915	-0,29	
40,92	-0,29	
40,925	-0,28	
40,93	-0,27	
40,935	-0,26	
40,94	-0,25	
40,945	-0,24	
40,95	-0,24	
40,955	-0,23	
40,96	-0,23	
40,965	-0,22	
40,97	-0,21	
40,975	-0,2	
40,98	-0,19	
40,985	-0,18	
40,99	-0,17	
40,995	-0,16	
41,0	-0,16	
41,005	-0,15	
41,01	-0,14	
41,015	-0,13	
41,02	-0,12	
41,025	-0,11	
41,03	-0,1	
41,035	-0,09	
41,04	-0,09	
41,045	-0,08	
41,05	-0,08	
41,055	-0,07	
41,06	-0,06	
41,065	-0,04	
41,07	-0,03	
41,075	-0,02	
41,08	-0,02	
41,085	-0,01	
41,09	0	
41,095	0,01	
41,1	0,02	
41,105	0,03	
41,11	0,04	
41,115	0,05	
41,12	0,06	
41,125	0,06	
41,13	0,07	
41,135	0,07	
41,14	0,09	
41,145	0,09	
41,15	0,1	
41,155	0,11	
41,16	0,12	
41,165	0,13	
41,17	0,14	
41,175	0,14	
41,18	0,14	
41,185	0,15	
41,19	0,15	
41,195	0,16	
41,2	0,17	
41,205	0,17	
41,21	0,18	
41,215	0,19	
41,22	0,19	
41,225	0,2	
41,23	0,2	
41,235	0,2	
41,24	0,21	
41,245	0,21	
41,25	0,22	
41,255	0,22	
41,26	0,22	
41,265	0,23	
41,27	0,23	
41,275	0,22	
41,28	0,23	
41,285	0,23	
41,29	0,23	
41,295	0,24	
41,3	0,24	
41,305	0,24	
41,31	0,24	
41,315	0,24	
41,32	0,24	
41,325	0,24	
41,33	0,24	
41,335	0,24	
41,34	0,24	
41,345	0,24	
41,35	0,24	
41,355	0,24	
41,36	0,24	
41,365	0,23	
41,37	0,23	
41,375	0,23	
41,38	0,23	
41,385	0,23	
41,39	0,22	
41,395	0,22	
41,4	0,22	
41,405	0,21	
41,41	0,21	
41,415	0,2	
41,42	0,2	
41,425	0,2	
41,43	0,2	
41,435	0,19	
41,44	0,19	
41,445	0,18	
41,45	0,18	
41,455	0,17	
41,46	0,16	
41,465	0,16	
41,47	0,16	
41,475	0,15	
41,48	0,15	
41,485	0,14	
41,49	0,13	
41,495	0,13	
41,5	0,12	
41,505	0,11	
41,51	0,11	
41,515	0,1	
41,52	0,1	
41,525	0,1	
41,53	0,09	
41,535	0,09	
41,54	0,08	
41,545	0,07	
41,55	0,06	
41,555	0,06	
41,56	0,05	
41,565	0,05	
41,57	0,04	
41,575	0,03	
41,58	0,02	
41,585	0,01	
41,59	0	
41,595	0	
41,6	0	
41,605	-0,01	
41,61	-0,01	
41,615	-0,02	
41,62	-0,03	
41,625	-0,03	
41,63	-0,04	
41,635	-0,05	
41,64	-0,05	
41,645	-0,06	
41,65	-0,06	
41,655	-0,06	
41,66	-0,07	
41,665	-0,07	
41,67	-0,08	
41,675	-0,08	
41,68	-0,09	
41,685	-0,1	
41,69	-0,1	
41,695	-0,1	
41,7	-0,11	
41,705	-0,11	
41,71	-0,11	
41,715	-0,12	
41,72	-0,12	
41,725	-0,12	
41,73	-0,13	
41,735	-0,13	
41,74	-0,14	
41,745	-0,14	
41,75	-0,14	
41,755	-0,14	
41,76	-0,14	
41,765	-0,14	
41,77	-0,14	
41,775	-0,15	
41,78	-0,15	
41,785	-0,15	
41,79	-0,15	
41,795	-0,15	
41,8	-0,15	
41,805	-0,15	
41,81	-0,15	
41,815	-0,16	
41,82	-0,15	
41,825	-0,15	
41,83	-0,15	
41,835	-0,15	
41,84	-0,15	
41,845	-0,15	
41,85	-0,15	
41,855	-0,15	
41,86	-0,15	
41,865	-0,14	
41,87	-0,14	
41,875	-0,14	
41,88	-0,13	
41,885	-0,13	
41,89	-0,13	
41,895	-0,12	
41,9	-0,12	
41,905	-0,12	
41,91	-0,12	
41,915	-0,11	
41,92	-0,11	
41,925	-0,11	
41,93	-0,1	
41,935	-0,1	
41,94	-0,1	
41,945	-0,09	
41,95	-0,09	
41,955	-0,09	
41,96	-0,08	
41,965	-0,07	
41,97	-0,06	
41,975	-0,06	
41,98	-0,06	
41,985	-0,05	
41,99	-0,05	
41,995	-0,05	
42,0	-0,04	
42,005	-0,03	
42,01	-0,03	
42,015	-0,02	
42,02	-0,02	
42,025	-0,01	
42,03	0	
42,035	0	
42,04	0,01	
42,045	0,01	
42,05	0,01	
42,055	0,02	
42,06	0,03	
42,065	0,03	
42,07	0,04	
42,075	0,04	
42,08	0,05	
42,085	0,05	
42,09	0,06	
42,095	0,06	
42,1	0,07	
42,105	0,08	
42,11	0,08	
42,115	0,09	
42,12	0,09	
42,125	0,09	
42,13	0,09	
42,135	0,1	
42,14	0,1	
42,145	0,11	
42,15	0,11	
42,155	0,12	
42,16	0,12	
42,165	0,12	
42,17	0,13	
42,175	0,13	
42,18	0,13	
42,185	0,14	
42,19	0,14	
42,195	0,14	
42,2	0,15	
42,205	0,15	
42,21	0,15	
42,215	0,15	
42,22	0,15	
42,225	0,16	
42,23	0,16	
42,235	0,16	
42,24	0,17	
42,245	0,17	
42,25	0,17	
42,255	0,17	
42,26	0,17	
42,265	0,16	
42,27	0,16	
42,275	0,16	
42,28	0,16	
42,285	0,16	
42,29	0,16	
42,295	0,16	
42,3	0,16	
42,305	0,16	
42,31	0,15	
42,315	0,15	
42,32	0,15	
42,325	0,15	
42,33	0,14	
42,335	0,14	
42,34	0,14	
42,345	0,14	
42,35	0,14	
42,355	0,13	
42,36	0,13	
42,365	0,13	
42,37	0,12	
42,375	0,12	
42,38	0,12	
42,385	0,11	
42,39	0,11	
42,395	0,1	
42,4	0,09	
42,405	0,09	
42,41	0,08	
42,415	0,08	
42,42	0,08	
42,425	0,07	
42,43	0,07	
42,435	0,06	
42,44	0,05	
42,445	0,05	
42,45	0,04	
42,455	0,03	
42,46	0,03	
42,465	0,02	
42,47	0,01	
42,475	0,01	
42,48	0	
42,485	0	
42,49	-0,01	
42,495	-0,02	
42,5	-0,03	
42,505	-0,03	
42,51	-0,04	
42,515	-0,04	
42,52	-0,05	
42,525	-0,05	
42,53	-0,06	
42,535	-0,07	
42,54	-0,08	
42,545	-0,09	
42,55	-0,09	
42,555	-0,1	
42,56	-0,11	
42,565	-0,11	
42,57	-0,12	
42,575	-0,13	
42,58	-0,13	
42,585	-0,14	
42,59	-0,15	
42,595	-0,15	
42,6	-0,15	
42,605	-0,16	
42,61	-0,16	
42,615	-0,17	
42,62	-0,18	
42,625	-0,18	
42,63	-0,19	
42,635	-0,19	
42,64	-0,2	
42,645	-0,2	
42,65	-0,2	
42,655	-0,21	
42,66	-0,22	
42,665	-0,22	
42,67	-0,22	
42,675	-0,23	
42,68	-0,23	
42,685	-0,24	
42,69	-0,24	
42,695	-0,24	
42,7	-0,25	
42,705	-0,25	
42,71	-0,25	
42,715	-0,25	
42,72	-0,25	
42,725	-0,25	
42,73	-0,25	
42,735	-0,25	
42,74	-0,25	
42,745	-0,25	
42,75	-0,26	
42,755	-0,26	
42,76	-0,27	
42,765	-0,26	
42,77	-0,26	
42,775	-0,26	
42,78	-0,26	
42,785	-0,26	
42,79	-0,26	
42,795	-0,26	
42,8	-0,26	
42,805	-0,26	
42,81	-0,25	
42,815	-0,25	
42,82	-0,24	
42,825	-0,24	
42,83	-0,24	
42,835	-0,24	
42,84	-0,23	
42,845	-0,23	
42,85	-0,23	
42,855	-0,22	
42,86	-0,22	
42,865	-0,21	
42,87	-0,2	
42,875	-0,2	
42,88	-0,19	
42,885	-0,19	
42,89	-0,18	
42,895	-0,17	
42,9	-0,17	
42,905	-0,16	
42,91	-0,16	
42,915	-0,15	
42,92	-0,15	
42,925	-0,14	
42,93	-0,13	
42,935	-0,12	
42,94	-0,12	
42,945	-0,1	
42,95	-0,09	
42,955	-0,08	
42,96	-0,08	
42,965	-0,07	
42,97	-0,06	
42,975	-0,05	
42,98	-0,04	
42,985	-0,04	
42,99	-0,02	
42,995	-0,02	
43,0	-0,01	
43,005	0	
43,01	0,01	
43,015	0,02	
43,02	0,03	
43,025	0,04	
43,03	0,05	
43,035	0,06	
43,04	0,07	
43,045	0,08	
43,05	0,09	
43,055	0,1	
43,06	0,11	
43,065	0,12	
43,07	0,12	
43,075	0,13	
43,08	0,14	
43,085	0,15	
43,09	0,16	
43,095	0,17	
43,1	0,18	
43,105	0,19	
43,11	0,2	
43,115	0,21	
43,12	0,21	
43,125	0,23	
43,13	0,23	
43,135	0,24	
43,14	0,25	
43,145	0,26	
43,15	0,27	
43,155	0,27	
43,16	0,27	
43,165	0,28	
43,17	0,29	
43,175	0,29	
43,18	0,3	
43,185	0,31	
43,19	0,32	
43,195	0,32	
43,2	0,33	
43,205	0,33	
43,21	0,34	
43,215	0,35	
43,22	0,35	
43,225	0,36	
43,23	0,36	
43,235	0,36	
43,24	0,37	
43,245	0,37	
43,25	0,37	
43,255	0,37	
43,26	0,38	
43,265	0,38	
43,27	0,39	
43,275	0,39	
43,28	0,39	
43,285	0,39	
43,29	0,39	
43,295	0,38	
43,3	0,38	
43,305	0,39	
43,31	0,39	
43,315	0,39	
43,32	0,39	
43,325	0,39	
43,33	0,38	
43,335	0,38	
43,34	0,37	
43,345	0,37	
43,35	0,36	
43,355	0,37	
43,36	0,36	
43,365	0,36	
43,37	0,35	
43,375	0,35	
43,38	0,34	
43,385	0,33	
43,39	0,32	
43,395	0,32	
43,4	0,31	
43,405	0,31	
43,41	0,31	
43,415	0,3	
43,42	0,29	
43,425	0,28	
43,43	0,27	
43,435	0,26	
43,44	0,25	
43,445	0,25	
43,45	0,24	
43,455	0,23	
43,46	0,22	
43,465	0,21	
43,47	0,2	
43,475	0,19	
43,48	0,18	
43,485	0,17	
43,49	0,17	
43,495	0,16	
43,5	0,15	
43,505	0,14	
43,51	0,12	
43,515	0,1	
43,52	0,09	
43,525	0,08	
43,53	0,07	
43,535	0,06	
43,54	0,05	
43,545	0,04	
43,55	0,03	
43,555	0,01	
43,56	-0,01	
43,565	-0,02	
43,57	-0,03	
43,575	-0,04	
43,58	-0,05	
43,585	-0,06	
43,59	-0,07	
43,595	-0,09	
43,6	-0,1	
43,605	-0,12	
43,61	-0,13	
43,615	-0,14	
43,62	-0,15	
43,625	-0,16	
43,63	-0,17	
43,635	-0,18	
43,64	-0,2	
43,645	-0,21	
43,65	-0,22	
43,655	-0,24	
43,66	-0,25	
43,665	-0,25	
43,67	-0,27	
43,675	-0,28	
43,68	-0,29	
43,685	-0,3	
43,69	-0,32	
43,695	-0,32	
43,7	-0,34	
43,705	-0,35	
43,71	-0,35	
43,715	-0,36	
43,72	-0,37	
43,725	-0,38	
43,73	-0,38	
43,735	-0,39	
43,74	-0,4	
43,745	-0,41	
43,75	-0,41	
43,755	-0,42	
43,76	-0,43	
43,765	-0,44	
43,77	-0,44	
43,775	-0,45	
43,78	-0,46	
43,785	-0,46	
43,79	-0,47	
43,795	-0,48	
43,8	-0,48	
43,805	-0,48	
43,81	-0,48	
43,815	-0,49	
43,82	-0,49	
43,825	-0,49	
43,83	-0,5	
43,835	-0,5	
43,84	-0,5	
43,845	-0,5	
43,85	-0,5	
43,855	-0,5	
43,86	-0,5	
43,865	-0,5	
43,87	-0,5	
43,875	-0,5	
43,88	-0,49	
43,885	-0,49	
43,89	-0,49	
43,895	-0,49	
43,9	-0,48	
43,905	-0,48	
43,91	-0,48	
43,915	-0,47	
43,92	-0,47	
43,925	-0,46	
43,93	-0,45	
43,935	-0,45	
43,94	-0,44	
43,945	-0,43	
43,95	-0,43	
43,955	-0,42	
43,96	-0,41	
43,965	-0,41	
43,97	-0,4	
43,975	-0,39	
43,98	-0,38	
43,985	-0,37	
43,99	-0,36	
43,995	-0,35	
44,0	-0,34	
44,005	-0,33	
44,01	-0,32	
44,015	-0,31	
44,02	-0,3	
44,025	-0,28	
44,03	-0,27	
44,035	-0,25	
44,04	-0,24	
44,045	-0,23	
44,05	-0,22	
44,055	-0,21	
44,06	-0,2	
44,065	-0,19	
44,07	-0,17	
44,075	-0,19	
44,08	-0,13	
44,085	-0,12	
44,09	-0,11	
44,095	-0,1	
44,1	-0,09	
44,105	-0,07	
44,11	-0,05	
44,115	-0,03	
44,12	-0,02	
44,125	0	
44,13	0,01	
44,135	0,02	
44,14	0,03	
44,145	0,05	
44,15	0,06	
44,155	0,07	
44,16	0,1	
44,165	0,11	
44,17	0,13	
44,175	0,15	
44,18	0,16	
44,185	0,17	
44,19	0,18	
44,195	0,19	
44,2	0,21	
44,205	0,22	
44,21	0,24	
44,215	0,25	
44,22	0,27	
44,225	0,28	
44,23	0,29	
44,235	0,3	
44,24	0,32	
44,245	0,33	
44,25	0,35	
44,255	0,36	
44,26	0,37	
44,265	0,39	
44,27	0,39	
44,275	0,4	
44,28	0,41	
44,285	0,42	
44,29	0,43	
44,295	0,44	
44,3	0,46	
44,305	0,47	
44,31	0,48	
44,315	0,49	
44,32	0,5	
44,325	0,5	
44,33	0,51	
44,335	0,51	
44,34	0,52	
44,345	0,53	
44,35	0,54	
44,355	0,54	
44,36	0,55	
44,365	0,55	
44,37	0,55	
44,375	0,56	
44,38	0,56	
44,385	0,57	
44,39	0,58	
44,395	0,58	
44,4	0,58	
44,405	0,58	
44,41	0,58	
44,415	0,58	
44,42	0,58	
44,425	0,58	
44,43	0,58	
44,435	0,58	
44,44	0,58	
44,445	0,58	
44,45	0,57	
44,455	0,57	
44,46	0,57	
44,465	0,56	
44,47	0,56	
44,475	0,55	
44,48	0,55	
44,485	0,55	
44,49	0,54	
44,495	0,53	
44,5	0,53	
44,505	0,52	
44,51	0,51	
44,515	0,5	
44,52	0,49	
44,525	0,48	
44,53	0,48	
44,535	0,47	
44,54	0,46	
44,545	0,45	
44,55	0,44	
44,555	0,43	
44,56	0,41	
44,565	0,4	
44,57	0,39	
44,575	0,38	
44,58	0,37	
44,585	0,35	
44,59	0,34	
44,595	0,32	
44,6	0,31	
44,605	0,29	
44,61	0,28	
44,615	0,27	
44,62	0,26	
44,625	0,24	
44,63	0,23	
44,635	0,22	
44,64	0,2	
44,645	0,18	
44,65	0,16	
44,655	0,15	
44,66	0,13	
44,665	0,12	
44,67	0,1	
44,675	0,09	
44,68	0,07	
44,685	0,05	
44,69	0,04	
44,695	0,02	
44,7	0,01	
44,705	-0,01	
44,71	-0,02	
44,715	-0,04	
44,72	-0,06	
44,725	-0,08	
44,73	-0,1	
44,735	-0,12	
44,74	-0,13	
44,745	-0,15	
44,75	-0,16	
44,755	-0,18	
44,76	-0,19	
44,765	-0,2	
44,77	-0,22	
44,775	-0,23	
44,78	-0,25	
44,785	-0,26	
44,79	-0,28	
44,795	-0,29	
44,8	-0,3	
44,805	-0,32	
44,81	-0,34	
44,815	-0,35	
44,82	-0,37	
44,825	-0,38	
44,83	-0,39	
44,835	-0,41	
44,84	-0,42	
44,845	-0,43	
44,85	-0,44	
44,855	-0,45	
44,86	-0,46	
44,865	-0,47	
44,87	-0,48	
44,875	-0,49	
44,88	-0,5	
44,885	-0,51	
44,89	-0,52	
44,895	-0,53	
44,9	-0,53	
44,905	-0,54	
44,91	-0,55	
44,915	-0,56	
44,92	-0,57	
44,925	-0,57	
44,93	-0,58	
44,935	-0,58	
44,94	-0,59	
44,945	-0,59	
44,95	-0,6	
44,955	-0,6	
44,96	-0,6	
44,965	-0,61	
44,97	-0,61	
44,975	-0,61	
44,98	-0,61	
44,985	-0,61	
44,99	-0,61	
44,995	-0,61	
45,0	-0,61	
45,005	-0,61	
45,01	-0,61	
45,015	-0,61	
45,02	-0,6	
45,025	-0,6	
45,03	-0,6	
45,035	-0,6	
45,04	-0,59	
45,045	-0,58	
45,05	-0,58	
45,055	-0,57	
45,06	-0,57	
45,065	-0,56	
45,07	-0,56	
45,075	-0,55	
45,08	-0,54	
45,085	-0,53	
45,09	-0,53	
45,095	-0,51	
45,1	-0,51	
45,105	-0,5	
45,11	-0,49	
45,115	-0,48	
45,12	-0,47	
45,125	-0,46	
45,13	-0,44	
45,135	-0,43	
45,14	-0,42	
45,145	-0,4	
45,15	-0,39	
45,155	-0,38	
45,16	-0,36	
45,165	-0,35	
45,17	-0,34	
45,175	-0,33	
45,18	-0,31	
45,185	-0,3	
45,19	-0,28	
45,195	-0,27	
45,2	-0,25	
45,205	-0,24	
45,21	-0,22	
45,215	-0,2	
45,22	-0,19	
45,225	-0,17	
45,23	-0,16	
45,235	-0,14	
45,24	-0,13	
45,245	-0,11	
45,25	-0,09	
45,255	-0,08	
45,26	-0,06	
45,265	-0,04	
45,27	-0,03	
45,275	-0,01	
45,28	0,01	
45,285	0,03	
45,29	0,05	
45,295	0,06	
45,3	0,08	
45,305	0,1	
45,31	0,11	
45,315	0,13	
45,32	0,15	
45,325	0,16	
45,33	0,18	
45,335	0,2	
45,34	0,21	
45,345	0,22	
45,35	0,24	
45,355	0,25	
45,36	0,27	
45,365	0,28	
45,37	0,3	
45,375	0,31	
45,38	0,33	
45,385	0,34	
45,39	0,35	
45,395	0,37	
45,4	0,38	
45,405	0,4	
45,41	0,41	
45,415	0,42	
45,42	0,43	
45,425	0,44	
45,43	0,45	
45,435	0,46	
45,44	0,47	
45,445	0,48	
45,45	0,5	
45,455	0,51	
45,46	0,51	
45,465	0,53	
45,47	0,53	
45,475	0,54	
45,48	0,54	
45,485	0,55	
45,49	0,56	
45,495	0,56	
45,5	0,57	
45,505	0,58	
45,51	0,58	
45,515	0,58	
45,52	0,58	
45,525	0,59	
45,53	0,59	
45,535	0,59	
45,54	0,6	
45,545	0,6	
45,55	0,61	
45,555	0,61	
45,56	0,6	
45,565	0,6	
45,57	0,6	
45,575	0,6	
45,58	0,6	
45,585	0,6	
45,59	0,6	
45,595	0,6	
45,6	0,59	
45,605	0,59	
45,61	0,58	
45,615	0,57	
45,62	0,57	
45,625	0,56	
45,63	0,56	
45,635	0,55	
45,64	0,55	
45,645	0,54	
45,65	0,53	
45,655	0,53	
45,66	0,52	
45,665	0,51	
45,67	0,5	
45,675	0,49	
45,68	0,48	
45,685	0,47	
45,69	0,46	
45,695	0,45	
45,7	0,44	
45,705	0,43	
45,71	0,42	
45,715	0,41	
45,72	0,39	
45,725	0,38	
45,73	0,36	
45,735	0,35	
45,74	0,33	
45,745	0,32	
45,75	0,31	
45,755	0,3	
45,76	0,29	
45,765	0,28	
45,77	0,26	
45,775	0,24	
45,78	0,22	
45,785	0,21	
45,79	0,19	
45,795	0,18	
45,8	0,16	
45,805	0,15	
45,81	0,14	
45,815	0,12	
45,82	0,11	
45,825	0,09	
45,83	0,07	
45,835	0,06	
45,84	0,04	
45,845	0,02	
45,85	0,01	
45,855	-0,01	
45,86	-0,03	
45,865	-0,04	
45,87	-0,06	
45,875	-0,07	
45,88	-0,09	
45,885	-0,11	
45,89	-0,12	
45,895	-0,13	
45,9	-0,15	
45,905	-0,16	
45,91	-0,18	
45,915	-0,19	
45,92	-0,21	
45,925	-0,22	
45,93	-0,24	
45,935	-0,26	
45,94	-0,27	
45,945	-0,29	
45,95	-0,29	
45,955	-0,31	
45,96	-0,32	
45,965	-0,33	
45,97	-0,34	
45,975	-0,35	
45,98	-0,36	
45,985	-0,37	
45,99	-0,38	
45,995	-0,4	
46,0	-0,41	
46,005	-0,42	
46,01	-0,43	
46,015	-0,44	
46,02	-0,45	
46,025	-0,46	
46,03	-0,47	
46,035	-0,47	
46,04	-0,48	
46,045	-0,49	
46,05	-0,5	
46,055	-0,5	
46,06	-0,51	
46,065	-0,51	
46,07	-0,52	
46,075	-0,52	
46,08	-0,52	
46,085	-0,53	
46,09	-0,53	
46,095	-0,53	
46,1	-0,54	
46,105	-0,55	
46,11	-0,55	
46,115	-0,55	
46,12	-0,55	
46,125	-0,55	
46,13	-0,55	
46,135	-0,54	
46,14	-0,54	
46,145	-0,55	
46,15	-0,54	
46,155	-0,54	
46,16	-0,54	
46,165	-0,54	
46,17	-0,53	
46,175	-0,53	
46,18	-0,53	
46,185	-0,52	
46,19	-0,52	
46,195	-0,51	
46,2	-0,51	
46,205	-0,51	
46,21	-0,5	
46,215	-0,49	
46,22	-0,48	
46,225	-0,47	
46,23	-0,46	
46,235	-0,46	
46,24	-0,45	
46,245	-0,45	
46,25	-0,44	
46,255	-0,43	
46,26	-0,41	
46,265	-0,4	
46,27	-0,39	
46,275	-0,39	
46,28	-0,38	
46,285	-0,37	
46,29	-0,36	
46,295	-0,34	
46,3	-0,33	
46,305	-0,32	
46,31	-0,31	
46,315	-0,3	
46,32	-0,29	
46,325	-0,27	
46,33	-0,26	
46,335	-0,25	
46,34	-0,23	
46,345	-0,21	
46,35	-0,2	
46,355	-0,19	
46,36	-0,17	
46,365	-0,16	
46,37	-0,15	
46,375	-0,14	
46,38	-0,13	
46,385	-0,11	
46,39	-0,09	
46,395	-0,08	
46,4	-0,07	
46,405	-0,05	
46,41	-0,04	
46,415	-0,03	
46,42	-0,01	
46,425	0,01	
46,43	0,02	
46,435	0,03	
46,44	0,05	
46,445	0,06	
46,45	0,07	
46,455	0,08	
46,46	0,1	
46,465	0,11	
46,47	0,12	
46,475	0,14	
46,48	0,15	
46,485	0,16	
46,49	0,17	
46,495	0,18	
46,5	0,2	
46,505	0,21	
46,51	0,22	
46,515	0,23	
46,52	0,25	
46,525	0,26	
46,53	0,27	
46,535	0,28	
46,54	0,29	
46,545	0,3	
46,55	0,3	
46,555	0,31	
46,56	0,32	
46,565	0,33	
46,57	0,34	
46,575	0,35	
46,58	0,36	
46,585	0,37	
46,59	0,37	
46,595	0,38	
46,6	0,39	
46,605	0,39	
46,61	0,4	
46,615	0,41	
46,62	0,41	
46,625	0,42	
46,63	0,42	
46,635	0,42	
46,64	0,43	
46,645	0,43	
46,65	0,44	
46,655	0,44	
46,66	0,45	
46,665	0,45	
46,67	0,45	
46,675	0,46	
46,68	0,45	
46,685	0,45	
46,69	0,45	
46,695	0,45	
46,7	0,45	
46,705	0,45	
46,71	0,45	
46,715	0,45	
46,72	0,45	
46,725	0,45	
46,73	0,45	
46,735	0,44	
46,74	0,44	
46,745	0,43	
46,75	0,43	
46,755	0,43	
46,76	0,43	
46,765	0,42	
46,77	0,42	
46,775	0,41	
46,78	0,4	
46,785	0,4	
46,79	0,39	
46,795	0,38	
46,8	0,38	
46,805	0,37	
46,81	0,36	
46,815	0,36	
46,82	0,35	
46,825	0,34	
46,83	0,34	
46,835	0,33	
46,84	0,32	
46,845	0,31	
46,85	0,3	
46,855	0,29	
46,86	0,28	
46,865	0,27	
46,87	0,26	
46,875	0,25	
46,88	0,24	
46,885	0,23	
46,89	0,22	
46,895	0,21	
46,9	0,2	
46,905	0,18	
46,91	0,17	
46,915	0,16	
46,92	0,15	
46,925	0,14	
46,93	0,13	
46,935	0,12	
46,94	0,11	
46,945	0,1	
46,95	0,09	
46,955	0,08	
46,96	0,07	
46,965	0,06	
46,97	0,04	
46,975	0,03	
46,98	0,02	
46,985	0,01	
46,99	-0,01	
46,995	-0,01	
47,0	-0,02	
47,005	-0,03	
47,01	-0,05	
47,015	-0,06	
47,02	-0,07	
47,025	-0,08	
47,03	-0,09	
47,035	-0,09	
47,04	-0,1	
47,045	-0,11	
47,05	-0,12	
47,055	-0,13	
47,06	-0,14	
47,065	-0,15	
47,07	-0,16	
47,075	-0,17	
47,08	-0,18	
47,085	-0,19	
47,09	-0,19	
47,095	-0,2	
47,1	-0,21	
47,105	-0,22	
47,11	-0,23	
47,115	-0,23	
47,12	-0,24	
47,125	-0,25	
47,13	-0,25	
47,135	-0,26	
47,14	-0,27	
47,145	-0,27	
47,15	-0,28	
47,155	-0,29	
47,16	-0,29	
47,165	-0,3	
47,17	-0,3	
47,175	-0,3	
47,18	-0,31	
47,185	-0,31	
47,19	-0,32	
47,195	-0,32	
47,2	-0,32	
47,205	-0,33	
47,21	-0,33	
47,215	-0,33	
47,22	-0,33	
47,225	-0,33	
47,23	-0,33	
47,235	-0,33	
47,24	-0,33	
47,245	-0,33	
47,25	-0,33	
47,255	-0,33	
47,26	-0,33	
47,265	-0,33	
47,27	-0,33	
47,275	-0,33	
47,28	-0,33	
47,285	-0,33	
47,29	-0,32	
47,295	-0,32	
47,3	-0,32	
47,305	-0,32	
47,31	-0,31	
47,315	-0,3	
47,32	-0,3	
47,325	-0,3	
47,33	-0,29	
47,335	-0,29	
47,34	-0,28	
47,345	-0,28	
47,35	-0,27	
47,355	-0,27	
47,36	-0,26	
47,365	-0,26	
47,37	-0,25	
47,375	-0,25	
47,38	-0,24	
47,385	-0,24	
47,39	-0,23	
47,395	-0,22	
47,4	-0,21	
47,405	-0,21	
47,41	-0,2	
47,415	-0,19	
47,42	-0,19	
47,425	-0,18	
47,43	-0,17	
47,435	-0,16	
47,44	-0,16	
47,445	-0,15	
47,45	-0,14	
47,455	-0,13	
47,46	-0,13	
47,465	-0,12	
47,47	-0,11	
47,475	-0,1	
47,48	-0,09	
47,485	-0,08	
47,49	-0,07	
47,495	-0,07	
47,5	-0,06	
47,505	-0,05	
47,51	-0,04	
47,515	-0,03	
47,52	-0,03	
47,525	-0,02	
47,53	-0,01	
47,535	-0,01	
47,54	0	
47,545	0,01	
47,55	0,02	
47,555	0,03	
47,56	0,04	
47,565	0,04	
47,57	0,04	
47,575	0,05	
47,58	0,06	
47,585	0,07	
47,59	0,08	
47,595	0,09	
47,6	0,1	
47,605	0,1	
47,61	0,11	
47,615	0,11	
47,62	0,12	
47,625	0,12	
47,63	0,13	
47,635	0,14	
47,64	0,14	
47,645	0,15	
47,65	0,15	
47,655	0,16	
47,66	0,16	
47,665	0,16	
47,67	0,17	
47,675	0,17	
47,68	0,18	
47,685	0,18	
47,69	0,19	
47,695	0,19	
47,7	0,19	
47,705	0,2	
47,71	0,2	
47,715	0,2	
47,72	0,2	
47,725	0,21	
47,73	0,21	
47,735	0,21	
47,74	0,21	
47,745	0,21	
47,75	0,21	
47,755	0,21	
47,76	0,21	
47,765	0,21	
47,77	0,21	
47,775	0,21	
47,78	0,21	
47,785	0,21	
47,79	0,21	
47,795	0,21	
47,8	0,21	
47,805	0,2	
47,81	0,2	
47,815	0,2	
47,82	0,2	
47,825	0,2	
47,83	0,2	
47,835	0,2	
47,84	0,19	
47,845	0,19	
47,85	0,18	
47,855	0,18	
47,86	0,17	
47,865	0,17	
47,87	0,17	
47,875	0,16	
47,88	0,16	
47,885	0,16	
47,89	0,15	
47,895	0,15	
47,9	0,14	
47,905	0,14	
47,91	0,14	
47,915	0,13	
47,92	0,12	
47,925	0,12	
47,93	0,12	
47,935	0,11	
47,94	0,1	
47,945	0,1	
47,95	0,09	
47,955	0,09	
47,96	0,08	
47,965	0,08	
47,97	0,07	
47,975	0,07	
47,98	0,06	
47,985	0,05	
47,99	0,05	
47,995	0,04	
48,0	0,04	
48,005	0,03	
48,01	0,02	
48,015	0,02	
48,02	0,01	
48,025	0,01	
48,03	0	
48,035	-0,01	
48,04	-0,01	
48,045	-0,01	
48,05	-0,02	
48,055	-0,02	
48,06	-0,03	
48,065	-0,04	
48,07	-0,04	
48,075	-0,04	
48,08	-0,05	
48,085	-0,05	
48,09	-0,06	
48,095	-0,06	
48,1	-0,07	
48,105	-0,07	
48,11	-0,08	
48,115	-0,08	
48,12	-0,09	
48,125	-0,09	
48,13	-0,1	
48,135	-0,1	
48,14	-0,1	
48,145	-0,1	
48,15	-0,11	
48,155	-0,11	
48,16	-0,11	
48,165	-0,11	
48,17	-0,12	
48,175	-0,12	
48,18	-0,12	
48,185	-0,12	
48,19	-0,12	
48,195	-0,12	
48,2	-0,13	
48,205	-0,13	
48,21	-0,14	
48,215	-0,14	
48,22	-0,14	
48,225	-0,14	
48,23	-0,14	
48,235	-0,14	
48,24	-0,14	
48,245	-0,14	
48,25	-0,14	
48,255	-0,14	
48,26	-0,13	
48,265	-0,13	
48,27	-0,13	
48,275	-0,13	
48,28	-0,13	
48,285	-0,13	
48,29	-0,13	
48,295	-0,13	
48,3	-0,13	
48,305	-0,13	
48,31	-0,12	
48,315	-0,12	
48,32	-0,11	
48,325	-0,11	
48,33	-0,11	
48,335	-0,11	
48,34	-0,11	
48,345	-0,1	
48,35	-0,1	
48,355	-0,09	
48,36	-0,09	
48,365	-0,08	
48,37	-0,08	
48,375	-0,08	
48,38	-0,08	
48,385	-0,07	
48,39	-0,07	
48,395	-0,06	
48,4	-0,06	
48,405	-0,05	
48,41	-0,05	
48,415	-0,04	
48,42	-0,04	
48,425	-0,03	
48,43	-0,03	
48,435	-0,02	
48,44	-0,02	
48,445	-0,01	
48,45	0	
48,455	0	
48,46	0	
48,465	0,01	
48,47	0,01	
48,475	0,02	
48,48	0,02	
48,485	0,03	
48,49	0,04	
48,495	0,04	
48,5	0,05	
48,505	0,05	
48,51	0,05	
48,515	0,05	
48,52	0,06	
48,525	0,07	
48,53	0,08	
48,535	0,08	
48,54	0,09	
48,545	0,09	
48,55	0,09	
48,555	0,1	
48,56	0,1	
48,565	0,1	
48,57	0,11	
48,575	0,12	
48,58	0,12	
48,585	0,13	
48,59	0,13	
48,595	0,14	
48,6	0,14	
48,605	0,14	
48,61	0,15	
48,615	0,15	
48,62	0,15	
48,625	0,15	
48,63	0,15	
48,635	0,15	
48,64	0,16	
48,645	0,16	
48,65	0,16	
48,655	0,17	
48,66	0,17	
48,665	0,17	
48,67	0,17	
48,675	0,17	
48,68	0,17	
48,685	0,17	
48,69	0,17	
48,695	0,17	
48,7	0,17	
48,705	0,17	
48,71	0,17	
48,715	0,17	
48,72	0,17	
48,725	0,17	
48,73	0,17	
48,735	0,17	
48,74	0,16	
48,745	0,16	
48,75	0,16	
48,755	0,16	
48,76	0,15	
48,765	0,15	
48,77	0,15	
48,775	0,15	
48,78	0,15	
48,785	0,14	
48,79	0,14	
48,795	0,13	
48,8	0,13	
48,805	0,13	
48,81	0,13	
48,815	0,12	
48,82	0,12	
48,825	0,11	
48,83	0,11	
48,835	0,1	
48,84	0,1	
48,845	0,09	
48,85	0,09	
48,855	0,08	
48,86	0,08	
48,865	0,07	
48,87	0,07	
48,875	0,06	
48,88	0,05	
48,885	0,05	
48,89	0,04	
48,895	0,03	
48,9	0,03	
48,905	0,02	
48,91	0,02	
48,915	0,01	
48,92	0	
48,925	0	
48,93	-0,02	
48,935	-0,02	
48,94	-0,03	
48,945	-0,04	
48,95	-0,04	
48,955	-0,05	
48,96	-0,05	
48,965	-0,06	
48,97	-0,07	
48,975	-0,07	
48,98	-0,08	
48,985	-0,08	
48,99	-0,09	
48,995	-0,1	
49,0	-0,11	
49,005	-0,12	
49,01	-0,13	
49,015	-0,14	
49,02	-0,14	
49,025	-0,15	
49,03	-0,15	
49,035	-0,16	
49,04	-0,16	
49,045	-0,17	
49,05	-0,17	
49,055	-0,18	
49,06	-0,18	
49,065	-0,19	
49,07	-0,19	
49,075	-0,2	
49,08	-0,21	
49,085	-0,21	
49,09	-0,22	
49,095	-0,23	
49,1	-0,23	
49,105	-0,24	
49,11	-0,24	
49,115	-0,25	
49,12	-0,25	
49,125	-0,25	
49,13	-0,25	
49,135	-0,25	
49,14	-0,26	
49,145	-0,26	
49,15	-0,27	
49,155	-0,27	
49,16	-0,27	
49,165	-0,27	
49,17	-0,27	
49,175	-0,27	
49,18	-0,27	
49,185	-0,27	
49,19	-0,28	
49,195	-0,28	
49,2	-0,28	
49,205	-0,27	
49,21	-0,27	
49,215	-0,27	
49,22	-0,27	
49,225	-0,27	
49,23	-0,28	
49,235	-0,28	
49,24	-0,27	
49,245	-0,27	
49,25	-0,27	
49,255	-0,26	
49,26	-0,26	
49,265	-0,25	
49,27	-0,25	
49,275	-0,25	
49,28	-0,25	
49,285	-0,25	
49,29	-0,25	
49,295	-0,24	
49,3	-0,24	
49,305	-0,23	
49,31	-0,22	
49,315	-0,22	
49,32	-0,22	
49,325	-0,21	
49,33	-0,21	
49,335	-0,2	
49,34	-0,19	
49,345	-0,18	
49,35	-0,17	
49,355	-0,16	
49,36	-0,16	
49,365	-0,15	
49,37	-0,15	
49,375	-0,14	
49,38	-0,13	
49,385	-0,13	
49,39	-0,12	
49,395	-0,11	
49,4	-0,1	
49,405	-0,09	
49,41	-0,08	
49,415	-0,07	
49,42	-0,06	
49,425	-0,05	
49,43	-0,04	
49,435	-0,03	
49,44	-0,02	
49,445	-0,01	
49,45	0	
49,455	0	
49,46	0,01	
49,465	0,02	
49,47	0,03	
49,475	0,04	
49,48	0,05	
49,485	0,06	
49,49	0,07	
49,495	0,09	
49,5	0,1	
49,505	0,1	
49,51	0,11	
49,515	0,12	
49,52	0,13	
49,525	0,14	
49,53	0,15	
49,535	0,16	
49,54	0,17	
49,545	0,18	
49,55	0,19	
49,555	0,2	
49,56	0,2	
49,565	0,21	
49,57	0,23	
49,575	0,24	
49,58	0,25	
49,585	0,26	
49,59	0,26	
49,595	0,27	
49,6	0,28	
49,605	0,29	
49,61	0,29	
49,615	0,3	
49,62	0,31	
49,625	0,32	
49,63	0,32	
49,635	0,32	
49,64	0,33	
49,645	0,33	
49,65	0,34	
49,655	0,35	
49,66	0,35	
49,665	0,36	
49,67	0,37	
49,675	0,38	
49,68	0,38	
49,685	0,38	
49,69	0,38	
49,695	0,38	
49,7	0,38	
49,705	0,39	
49,71	0,39	
49,715	0,4	
49,72	0,4	
49,725	0,4	
49,73	0,4	
49,735	0,4	
49,74	0,4	
49,745	0,4	
49,75	0,4	
49,755	0,4	
49,76	0,4	
49,765	0,4	
49,77	0,4	
49,775	0,39	
49,78	0,39	
49,785	0,39	
49,79	0,38	
49,795	0,38	
49,8	0,38	
49,805	0,38	
49,81	0,38	
49,815	0,37	
49,82	0,36	
49,825	0,36	
49,83	0,35	
49,835	0,34	
49,84	0,34	
49,845	0,33	
49,85	0,33	
49,855	0,33	
49,86	0,32	
49,865	0,31	
49,87	0,3	
49,875	0,3	
49,88	0,29	
49,885	0,28	
49,89	0,27	
49,895	0,27	
49,9	0,25	
49,905	0,24	
49,91	0,23	
49,915	0,22	
49,92	0,21	
49,925	0,2	
49,93	0,19	
49,935	0,18	
49,94	0,17	
49,945	0,16	
49,95	0,15	
49,955	0,14	
49,96	0,13	
49,965	0,12	
49,97	0,1	
49,975	0,09	
49,98	0,08	
49,985	0,07	
49,99	0,06	
49,995	0,04	
50,0	0,03	
50,005	0,02	
50,01	0,01	
50,015	-0,01	
50,02	-0,02	
50,025	-0,03	
50,03	-0,04	
50,035	-0,05	
50,04	-0,07	
50,045	-0,08	
50,05	-0,09	
50,055	-0,11	
50,06	-0,13	
50,065	-0,14	
50,07	-0,15	
50,075	-0,16	
50,08	-0,18	
50,085	-0,19	
50,09	-0,2	
50,095	-0,21	
50,1	-0,22	
50,105	-0,23	
50,11	-0,24	
50,115	-0,25	
50,12	-0,26	
50,125	-0,28	
50,13	-0,29	
50,135	-0,3	
50,14	-0,31	
50,145	-0,32	
50,15	-0,33	
50,155	-0,34	
50,16	-0,35	
50,165	-0,36	
50,17	-0,37	
50,175	-0,38	
50,18	-0,39	
50,185	-0,4	
50,19	-0,41	
50,195	-0,42	
50,2	-0,42	
50,205	-0,42	
50,21	-0,43	
50,215	-0,44	
50,22	-0,45	
50,225	-0,46	
50,23	-0,46	
50,235	-0,47	
50,24	-0,47	
50,245	-0,48	
50,25	-0,48	
50,255	-0,48	
50,26	-0,49	
50,265	-0,49	
50,27	-0,49	
50,275	-0,49	
50,28	-0,5	
50,285	-0,5	
50,29	-0,5	
50,295	-0,5	
50,3	-0,5	
50,305	-0,5	
50,31	-0,5	
50,315	-0,51	
50,32	-0,5	
50,325	-0,51	
50,33	-0,51	
50,335	-0,5	
50,34	-0,5	
50,345	-0,49	
50,35	-0,49	
50,355	-0,49	
50,36	-0,49	
50,365	-0,48	
50,37	-0,48	
50,375	-0,47	
50,38	-0,47	
50,385	-0,46	
50,39	-0,45	
50,395	-0,45	
50,4	-0,44	
50,405	-0,43	
50,41	-0,42	
50,415	-0,42	
50,42	-0,41	
50,425	-0,4	
50,43	-0,39	
50,435	-0,38	
50,44	-0,37	
50,445	-0,36	
50,45	-0,36	
50,455	-0,35	
50,46	-0,33	
50,465	-0,32	
50,47	-0,31	
50,475	-0,29	
50,48	-0,28	
50,485	-0,27	
50,49	-0,26	
50,495	-0,25	
50,5	-0,24	
50,505	-0,23	
50,51	-0,22	
50,515	-0,2	
50,52	-0,18	
50,525	-0,17	
50,53	-0,16	
50,535	-0,14	
50,54	-0,13	
50,545	-0,11	
50,55	-0,1	
50,555	-0,08	
50,56	-0,07	
50,565	-0,06	
50,57	-0,04	
50,575	-0,03	
50,58	-0,01	
50,585	0,01	
50,59	0,02	
50,595	0,03	
50,6	0,05	
50,605	0,06	
50,61	0,07	
50,615	0,09	
50,62	0,11	
50,625	0,13	
50,63	0,14	
50,635	0,15	
50,64	0,17	
50,645	0,18	
50,65	0,2	
50,655	0,21	
50,66	0,23	
50,665	0,24	
50,67	0,26	
50,675	0,27	
50,68	0,28	
50,685	0,29	
50,69	0,31	
50,695	0,32	
50,7	0,33	
50,705	0,35	
50,71	0,36	
50,715	0,37	
50,72	0,38	
50,725	0,39	
50,73	0,4	
50,735	0,41	
50,74	0,43	
50,745	0,44	
50,75	0,44	
50,755	0,45	
50,76	0,46	
50,765	0,47	
50,77	0,48	
50,775	0,49	
50,78	0,5	
50,785	0,51	
50,79	0,52	
50,795	0,52	
50,8	0,53	
50,805	0,53	
50,81	0,53	
50,815	0,54	
50,82	0,55	
50,825	0,55	
50,83	0,56	
50,835	0,56	
50,84	0,57	
50,845	0,57	
50,85	0,57	
50,855	0,57	
50,86	0,58	
50,865	0,58	
50,87	0,57	
50,875	0,57	
50,88	0,57	
50,885	0,57	
50,89	0,57	
50,895	0,57	
50,9	0,57	
50,905	0,56	
50,91	0,56	
50,915	0,56	
50,92	0,55	
50,925	0,55	
50,93	0,55	
50,935	0,55	
50,94	0,54	
50,945	0,53	
50,95	0,52	
50,955	0,51	
50,96	0,51	
50,965	0,5	
50,97	0,49	
50,975	0,48	
50,98	0,48	
50,985	0,47	
50,99	0,46	
50,995	0,45	
51,0	0,44	
51,005	0,43	
51,01	0,42	
51,015	0,41	
51,02	0,4	
51,025	0,39	
51,03	0,37	
51,035	0,36	
51,04	0,35	
51,045	0,34	
51,05	0,32	
51,055	0,31	
51,06	0,29	
51,065	0,28	
51,07	0,27	
51,075	0,25	
51,08	0,24	
51,085	0,23	
51,09	0,22	
51,095	0,2	
51,1	0,18	
51,105	0,17	
51,11	0,15	
51,115	0,13	
51,12	0,12	
51,125	0,1	
51,13	0,09	
51,135	0,07	
51,14	0,05	
51,145	0,04	
51,15	0,02	
51,155	0,01	
51,16	-0,01	
51,165	-0,02	
51,17	-0,04	
51,175	-0,05	
51,18	-0,06	
51,185	-0,08	
51,19	-0,1	
51,195	-0,12	
51,2	-0,14	
51,205	-0,15	
51,21	-0,17	
51,215	-0,19	
51,22	-0,2	
51,225	-0,22	
51,23	-0,23	
51,235	-0,24	
51,24	-0,26	
51,245	-0,27	
51,25	-0,29	
51,255	-0,3	
51,26	-0,31	
51,265	-0,32	
51,27	-0,34	
51,275	-0,35	
51,28	-0,36	
51,285	-0,38	
51,29	-0,39	
51,295	-0,4	
51,3	-0,42	
51,305	-0,43	
51,31	-0,44	
51,315	-0,45	
51,32	-0,46	
51,325	-0,47	
51,33	-0,48	
51,335	-0,49	
51,34	-0,5	
51,345	-0,51	
51,35	-0,52	
51,355	-0,53	
51,36	-0,54	
51,365	-0,54	
51,37	-0,54	
51,375	-0,55	
51,38	-0,56	
51,385	-0,56	
51,39	-0,57	
51,395	-0,58	
51,4	-0,58	
51,405	-0,58	
51,41	-0,59	
51,415	-0,59	
51,42	-0,59	
51,425	-0,6	
51,43	-0,6	
51,435	-0,6	
51,44	-0,6	
51,445	-0,6	
51,45	-0,6	
51,455	-0,6	
51,46	-0,6	
51,465	-0,6	
51,47	-0,59	
51,475	-0,59	
51,48	-0,59	
51,485	-0,59	
51,49	-0,58	
51,495	-0,58	
51,5	-0,57	
51,505	-0,56	
51,51	-0,56	
51,515	-0,55	
51,52	-0,55	
51,525	-0,54	
51,53	-0,53	
51,535	-0,53	
51,54	-0,52	
51,545	-0,51	
51,55	-0,5	
51,555	-0,49	
51,56	-0,49	
51,565	-0,48	
51,57	-0,47	
51,575	-0,46	
51,58	-0,45	
51,585	-0,43	
51,59	-0,42	
51,595	-0,4	
51,6	-0,39	
51,605	-0,38	
51,61	-0,37	
51,615	-0,35	
51,62	-0,34	
51,625	-0,33	
51,63	-0,32	
51,635	-0,3	
51,64	-0,29	
51,645	-0,27	
51,65	-0,26	
51,655	-0,25	
51,66	-0,24	
51,665	-0,22	
51,67	-0,21	
51,675	-0,18	
51,68	-0,17	
51,685	-0,15	
51,69	-0,13	
51,695	-0,12	
51,7	-0,11	
51,705	-0,09	
51,71	-0,08	
51,715	-0,06	
51,72	-0,04	
51,725	-0,02	
51,73	-0,01	
51,735	0,01	
51,74	0,02	
51,745	0,03	
51,75	0,05	
51,755	0,06	
51,76	0,09	
51,765	0,11	
51,77	0,12	
51,775	0,14	
51,78	0,16	
51,785	0,17	
51,79	0,18	
51,795	0,19	
51,8	0,21	
51,805	0,22	
51,81	0,24	
51,815	0,25	
51,82	0,27	
51,825	0,28	
51,83	0,3	
51,835	0,31	
51,84	0,33	
51,845	0,34	
51,85	0,35	
51,855	0,37	
51,86	0,38	
51,865	0,39	
51,87	0,4	
51,875	0,41	
51,88	0,42	
51,885	0,43	
51,89	0,44	
51,895	0,45	
51,9	0,46	
51,905	0,47	
51,91	0,48	
51,915	0,49	
51,92	0,5	
51,925	0,5	
51,93	0,51	
51,935	0,52	
51,94	0,53	
51,945	0,53	
51,95	0,54	
51,955	0,55	
51,96	0,55	
51,965	0,55	
51,97	0,56	
51,975	0,56	
51,98	0,56	
51,985	0,56	
51,99	0,57	
51,995	0,57	
52,0	0,58	
52,005	0,58	
52,01	0,58	
52,015	0,58	
52,02	0,58	
52,025	0,57	
52,03	0,57	
52,035	0,57	
52,04	0,57	
52,045	0,57	
52,05	0,57	
52,055	0,57	
52,06	0,57	
52,065	0,56	
52,07	0,56	
52,075	0,56	
52,08	0,55	
52,085	0,54	
52,09	0,54	
52,095	0,53	
52,1	0,52	
52,105	0,51	
52,11	0,51	
52,115	0,5	
52,12	0,49	
52,125	0,48	
52,13	0,47	
52,135	0,46	
52,14	0,45	
52,145	0,44	
52,15	0,43	
52,155	0,42	
52,16	0,41	
52,165	0,4	
52,17	0,39	
52,175	0,38	
52,18	0,37	
52,185	0,35	
52,19	0,34	
52,195	0,32	
52,2	0,31	
52,205	0,29	
52,21	0,28	
52,215	0,27	
52,22	0,26	
52,225	0,25	
52,23	0,23	
52,235	0,22	
52,24	0,2	
52,245	0,18	
52,25	0,17	
52,255	0,15	
52,26	0,14	
52,265	0,13	
52,27	0,11	
52,275	0,1	
52,28	0,08	
52,285	0,07	
52,29	0,06	
52,295	0,04	
52,3	0,02	
52,305	0,01	
52,31	-0,01	
52,315	-0,02	
52,32	-0,03	
52,325	-0,05	
52,33	-0,07	
52,335	-0,09	
52,34	-0,1	
52,345	-0,11	
52,35	-0,12	
52,355	-0,14	
52,36	-0,15	
52,365	-0,17	
52,37	-0,18	
52,375	-0,2	
52,38	-0,21	
52,385	-0,23	
52,39	-0,24	
52,395	-0,25	
52,4	-0,26	
52,405	-0,28	
52,41	-0,29	
52,415	-0,3	
52,42	-0,31	
52,425	-0,32	
52,43	-0,33	
52,435	-0,34	
52,44	-0,35	
52,445	-0,36	
52,45	-0,37	
52,455	-0,38	
52,46	-0,39	
52,465	-0,4	
52,47	-0,41	
52,475	-0,42	
52,48	-0,43	
52,485	-0,44	
52,49	-0,44	
52,495	-0,45	
52,5	-0,46	
52,505	-0,46	
52,51	-0,47	
52,515	-0,48	
52,52	-0,48	
52,525	-0,49	
52,53	-0,49	
52,535	-0,49	
52,54	-0,49	
52,545	-0,5	
52,55	-0,5	
52,555	-0,51	
52,56	-0,51	
52,565	-0,51	
52,57	-0,51	
52,575	-0,51	
52,58	-0,52	
52,585	-0,51	
52,59	-0,52	
52,595	-0,52	
52,6	-0,52	
52,605	-0,52	
52,61	-0,51	
52,615	-0,51	
52,62	-0,5	
52,625	-0,5	
52,63	-0,5	
52,635	-0,5	
52,64	-0,49	
52,645	-0,49	
52,65	-0,48	
52,655	-0,48	
52,66	-0,47	
52,665	-0,46	
52,67	-0,46	
52,675	-0,45	
52,68	-0,44	
52,685	-0,44	
52,69	-0,43	
52,695	-0,42	
52,7	-0,42	
52,705	-0,41	
52,71	-0,4	
52,715	-0,39	
52,72	-0,38	
52,725	-0,37	
52,73	-0,36	
52,735	-0,35	
52,74	-0,34	
52,745	-0,33	
52,75	-0,32	
52,755	-0,31	
52,76	-0,3	
52,765	-0,28	
52,77	-0,27	
52,775	-0,26	
52,78	-0,25	
52,785	-0,24	
52,79	-0,23	
52,795	-0,22	
52,8	-0,21	
52,805	-0,19	
52,81	-0,17	
52,815	-0,16	
52,82	-0,15	
52,825	-0,13	
52,83	-0,12	
52,835	-0,11	
52,84	-0,1	
52,845	-0,09	
52,85	-0,08	
52,855	-0,06	
52,86	-0,05	
52,865	-0,04	
52,87	-0,03	
52,875	-0,02	
52,88	-0,01	
52,885	0,01	
52,89	0,03	
52,895	0,04	
52,9	0,05	
52,905	0,07	
52,91	0,08	
52,915	0,09	
52,92	0,1	
52,925	0,11	
52,93	0,13	
52,935	0,14	
52,94	0,15	
52,945	0,16	
52,95	0,17	
52,955	0,18	
52,96	0,19	
52,965	0,2	
52,97	0,22	
52,975	0,24	
52,98	0,25	
52,985	0,26	
52,99	0,26	
52,995	0,27	
53,0	0,28	
53,005	0,28	
53,01	0,29	
53,015	0,3	
53,02	0,31	
53,025	0,32	
53,03	0,32	
53,035	0,33	
53,04	0,34	
53,045	0,34	
53,05	0,35	
53,055	0,36	
53,06	0,37	
53,065	0,37	
53,07	0,38	
53,075	0,38	
53,08	0,39	
53,085	0,39	
53,09	0,39	
53,095	0,4	
53,1	0,4	
53,105	0,4	
53,11	0,41	
53,115	0,41	
53,12	0,42	
53,125	0,42	
53,13	0,42	
53,135	0,41	
53,14	0,41	
53,145	0,41	
53,15	0,41	
53,155	0,41	
53,16	0,41	
53,165	0,41	
53,17	0,41	
53,175	0,41	
53,18	0,41	
53,185	0,41	
53,19	0,41	
53,195	0,4	
53,2	0,4	
53,205	0,4	
53,21	0,39	
53,215	0,38	
53,22	0,38	
53,225	0,37	
53,23	0,37	
53,235	0,36	
53,24	0,36	
53,245	0,35	
53,25	0,35	
53,255	0,34	
53,26	0,33	
53,265	0,33	
53,27	0,32	
53,275	0,31	
53,28	0,31	
53,285	0,3	
53,29	0,29	
53,295	0,29	
53,3	0,28	
53,305	0,26	
53,31	0,26	
53,315	0,25	
53,32	0,24	
53,325	0,23	
53,33	0,23	
53,335	0,22	
53,34	0,21	
53,345	0,2	
53,35	0,19	
53,355	0,17	
53,36	0,16	
53,365	0,15	
53,37	0,15	
53,375	0,14	
53,38	0,13	
53,385	0,12	
53,39	0,11	
53,395	0,1	
53,4	0,08	
53,405	0,07	
53,41	0,06	
53,415	0,06	
53,42	0,05	
53,425	0,04	
53,43	0,03	
53,435	0,03	
53,44	0,01	
53,445	0	
53,45	-0,01	
53,455	-0,03	
53,46	-0,04	
53,465	-0,04	
53,47	-0,05	
53,475	-0,06	
53,48	-0,07	
53,485	-0,08	
53,49	-0,09	
53,495	-0,1	
53,5	-0,11	
53,505	-0,12	
53,51	-0,13	
53,515	-0,13	
53,52	-0,14	
53,525	-0,15	
53,53	-0,16	
53,535	-0,17	
53,54	-0,17	
53,545	-0,18	
53,55	-0,19	
53,555	-0,19	
53,56	-0,2	
53,565	-0,21	
53,57	-0,21	
53,575	-0,22	
53,58	-0,23	
53,585	-0,24	
53,59	-0,24	
53,595	-0,25	
53,6	-0,25	
53,605	-0,25	
53,61	-0,25	
53,615	-0,26	
53,62	-0,27	
53,625	-0,27	
53,63	-0,28	
53,635	-0,28	
53,64	-0,28	
53,645	-0,28	
53,65	-0,28	
53,655	-0,28	
53,66	-0,29	
53,665	-0,29	
53,67	-0,3	
53,675	-0,3	
53,68	-0,3	
53,685	-0,29	
53,69	-0,29	
53,695	-0,29	
53,7	-0,29	
53,705	-0,29	
53,71	-0,29	
53,715	-0,29	
53,72	-0,29	
53,725	-0,29	
53,73	-0,29	
53,735	-0,28	
53,74	-0,28	
53,745	-0,28	
53,75	-0,28	
53,755	-0,28	
53,76	-0,27	
53,765	-0,27	
53,77	-0,27	
53,775	-0,26	
53,78	-0,25	
53,785	-0,25	
53,79	-0,25	
53,795	-0,25	
53,8	-0,24	
53,805	-0,24	
53,81	-0,23	
53,815	-0,23	
53,82	-0,22	
53,825	-0,21	
53,83	-0,2	
53,835	-0,2	
53,84	-0,2	
53,845	-0,19	
53,85	-0,19	
53,855	-0,19	
53,86	-0,17	
53,865	-0,17	
53,87	-0,16	
53,875	-0,15	
53,88	-0,14	
53,885	-0,14	
53,89	-0,13	
53,895	-0,13	
53,9	-0,12	
53,905	-0,12	
53,91	-0,11	
53,915	-0,1	
53,92	-0,09	
53,925	-0,08	
53,93	-0,08	
53,935	-0,07	
53,94	-0,06	
53,945	-0,06	
53,95	-0,05	
53,955	-0,04	
53,96	-0,03	
53,965	-0,02	
53,97	-0,01	
53,975	-0,01	
53,98	0	
53,985	0	
53,99	0,01	
53,995	0,02	
54,0	0,02	
54,005	0,03	
54,01	0,04	
54,015	0,04	
54,02	0,05	
54,025	0,06	
54,03	0,06	
54,035	0,07	
54,04	0,08	
54,045	0,08	
54,05	0,09	
54,055	0,09	
54,06	0,1	
54,065	0,11	
54,07	0,11	
54,075	0,11	
54,08	0,12	
54,085	0,13	
54,09	0,13	
54,095	0,14	
54,1	0,14	
54,105	0,14	
54,11	0,14	
54,115	0,14	
54,12	0,15	
54,125	0,15	
54,13	0,16	
54,135	0,17	
54,14	0,17	
54,145	0,17	
54,15	0,17	
54,155	0,17	
54,16	0,17	
54,165	0,17	
54,17	0,17	
54,175	0,18	
54,18	0,17	
54,185	0,18	
54,19	0,17	
54,195	0,18	
54,2	0,18	
54,205	0,18	
54,21	0,18	
54,215	0,18	
54,22	0,18	
54,225	0,18	
54,23	0,18	
54,235	0,18	
54,24	0,18	
54,245	0,18	
54,25	0,18	
54,255	0,17	
54,26	0,17	
54,265	0,17	
54,27	0,17	
54,275	0,16	
54,28	0,16	
54,285	0,16	
54,29	0,15	
54,295	0,15	
54,3	0,14	
54,305	0,14	
54,31	0,14	
54,315	0,14	
54,32	0,14	
54,325	0,13	
54,33	0,13	
54,335	0,12	
54,34	0,12	
54,345	0,11	
54,35	0,1	
54,355	0,1	
54,36	0,1	
54,365	0,09	
54,37	0,09	
54,375	0,08	
54,38	0,08	
54,385	0,08	
54,39	0,08	
54,395	0,07	
54,4	0,07	
54,405	0,06	
54,41	0,05	
54,415	0,05	
54,42	0,04	
54,425	0,03	
54,43	0,03	
54,435	0,03	
54,44	0,03	
54,445	0,02	
54,45	0,01	
54,455	0,01	
54,46	0	
54,465	-0,01	
54,47	-0,01	
54,475	-0,01	
54,48	-0,02	
54,485	-0,02	
54,49	-0,03	
54,495	-0,04	
54,5	-0,04	
54,505	-0,05	
54,51	-0,05	
54,515	-0,06	
54,52	-0,06	
54,525	-0,06	
54,53	-0,07	
54,535	-0,07	
54,54	-0,07	
54,545	-0,08	
54,55	-0,08	
54,555	-0,09	
54,56	-0,09	
54,565	-0,09	
54,57	-0,09	
54,575	-0,09	
54,58	-0,1	
54,585	-0,1	
54,59	-0,11	
54,595	-0,11	
54,6	-0,11	
54,605	-0,12	
54,61	-0,12	
54,615	-0,12	
54,62	-0,12	
54,625	-0,12	
54,63	-0,12	
54,635	-0,13	
54,64	-0,13	
54,645	-0,13	
54,65	-0,13	
54,655	-0,13	
54,66	-0,13	
54,665	-0,13	
54,67	-0,12	
54,675	-0,12	
54,68	-0,13	
54,685	-0,13	
54,69	-0,13	
54,695	-0,13	
54,7	-0,13	
54,705	-0,13	
54,71	-0,12	
54,715	-0,12	
54,72	-0,12	
54,725	-0,11	
54,73	-0,11	
54,735	-0,11	
54,74	-0,11	
54,745	-0,11	
54,75	-0,11	
54,755	-0,1	
54,76	-0,1	
54,765	-0,1	
54,77	-0,1	
54,775	-0,09	
54,78	-0,09	
54,785	-0,09	
54,79	-0,08	
54,795	-0,08	
54,8	-0,08	
54,805	-0,08	
54,81	-0,07	
54,815	-0,06	
54,82	-0,06	
54,825	-0,05	
54,83	-0,04	
54,835	-0,04	
54,84	-0,04	
54,845	-0,04	
54,85	-0,03	
54,855	-0,03	
54,86	-0,02	
54,865	-0,02	
54,87	-0,01	
54,875	-0,01	
54,88	0	
54,885	0	
54,89	0,01	
54,895	0,01	
54,9	0,02	
54,905	0,02	
54,91	0,03	
54,915	0,04	
54,92	0,05	
54,925	0,05	
54,93	0,06	
54,935	0,06	
54,94	0,07	
54,945	0,07	
54,95	0,08	
54,955	0,08	
54,96	0,08	
54,965	0,09	
54,97	0,09	
54,975	0,1	
54,98	0,1	
54,985	0,11	
54,99	0,11	
54,995	0,12	
55,0	0,12	
55,005	0,12	
55,01	0,13	
55,015	0,13	
55,02	0,14	
55,025	0,14	
55,03	0,15	
55,035	0,15	
55,04	0,15	
55,045	0,15	
55,05	0,16	
55,055	0,16	
55,06	0,17	
55,065	0,17	
55,07	0,17	
55,075	0,18	
55,08	0,18	
55,085	0,18	
55,09	0,18	
55,095	0,18	
55,1	0,18	
55,105	0,18	
55,11	0,18	
55,115	0,18	
55,12	0,18	
55,125	0,18	
55,13	0,18	
55,135	0,19	
55,14	0,19	
55,145	0,19	
55,15	0,19	
55,155	0,18	
55,16	0,18	
55,165	0,18	
55,17	0,17	
55,175	0,17	
55,18	0,17	
55,185	0,17	
55,19	0,17	
55,195	0,17	
55,2	0,16	
55,205	0,16	
55,21	0,16	
55,215	0,15	
55,22	0,15	
55,225	0,15	
55,23	0,15	
55,235	0,14	
55,24	0,14	
55,245	0,14	
55,25	0,14	
55,255	0,13	
55,26	0,13	
55,265	0,12	
55,27	0,12	
55,275	0,11	
55,28	0,1	
55,285	0,1	
55,29	0,09	
55,295	0,09	
55,3	0,08	
55,305	0,08	
55,31	0,07	
55,315	0,06	
55,32	0,05	
55,325	0,04	
55,33	0,04	
55,335	0,03	
55,34	0,03	
55,345	0,02	
55,35	0,02	
55,355	0,01	
55,36	0	
55,365	-0,01	
55,37	-0,02	
55,375	-0,03	
55,38	-0,03	
55,385	-0,04	
55,39	-0,04	
55,395	-0,05	
55,4	-0,05	
55,405	-0,06	
55,41	-0,08	
55,415	-0,09	
55,42	-0,09	
55,425	-0,1	
55,43	-0,1	
55,435	-0,11	
55,44	-0,12	
55,445	-0,12	
55,45	-0,13	
55,455	-0,14	
55,46	-0,15	
55,465	-0,16	
55,47	-0,16	
55,475	-0,17	
55,48	-0,18	
55,485	-0,19	
55,49	-0,19	
55,495	-0,2	
55,5	-0,2	
55,505	-0,21	
55,51	-0,21	
55,515	-0,22	
55,52	-0,22	
55,525	-0,22	
55,53	-0,23	
55,535	-0,23	
55,54	-0,24	
55,545	-0,25	
55,55	-0,25	
55,555	-0,26	
55,56	-0,26	
55,565	-0,26	
55,57	-0,26	
55,575	-0,27	
55,58	-0,27	
55,585	-0,27	
55,59	-0,28	
55,595	-0,28	
55,6	-0,29	
55,605	-0,29	
55,61	-0,29	
55,615	-0,29	
55,62	-0,29	
55,625	-0,29	
55,63	-0,3	
55,635	-0,3	
55,64	-0,3	
55,645	-0,3	
55,65	-0,3	
55,655	-0,3	
55,66	-0,3	
55,665	-0,29	
55,67	-0,29	
55,675	-0,29	
55,68	-0,29	
55,685	-0,29	
55,69	-0,29	
55,695	-0,29	
55,7	-0,29	
55,705	-0,29	
55,71	-0,29	
55,715	-0,28	
55,72	-0,27	
55,725	-0,26	
55,73	-0,26	
55,735	-0,26	
55,74	-0,26	
55,745	-0,25	
55,75	-0,25	
55,755	-0,24	
55,76	-0,23	
55,765	-0,23	
55,77	-0,22	
55,775	-0,22	
55,78	-0,22	
55,785	-0,22	
55,79	-0,21	
55,795	-0,2	
55,8	-0,19	
55,805	-0,17	
55,81	-0,16	
55,815	-0,15	
55,82	-0,15	
55,825	-0,14	
55,83	-0,14	
55,835	-0,13	
55,84	-0,12	
55,845	-0,11	
55,85	-0,09	
55,855	-0,08	
55,86	-0,07	
55,865	-0,07	
55,87	-0,06	
55,875	-0,06	
55,88	-0,05	
55,885	-0,03	
55,89	-0,02	
55,895	-0,01	
55,9	0	
55,905	0,01	
55,91	0,02	
55,915	0,02	
55,92	0,03	
55,925	0,04	
55,93	0,05	
55,935	0,06	
55,94	0,08	
55,945	0,1	
55,95	0,11	
55,955	0,12	
55,96	0,12	
55,965	0,13	
55,97	0,14	
55,975	0,14	
55,98	0,16	
55,985	0,17	
55,99	0,18	
55,995	0,19	
56,0	0,2	
56,005	0,21	
56,01	0,21	
56,015	0,22	
56,02	0,22	
56,025	0,24	
56,03	0,25	
56,035	0,26	
56,04	0,28	
56,045	0,28	
56,05	0,28	
56,055	0,28	
56,06	0,29	
56,065	0,3	
56,07	0,31	
56,075	0,32	
56,08	0,33	
56,085	0,34	
56,09	0,35	
56,095	0,35	
56,1	0,35	
56,105	0,35	
56,11	0,36	
56,115	0,37	
56,12	0,38	
56,125	0,39	
56,13	0,39	
56,135	0,39	
56,14	0,39	
56,145	0,39	
56,15	0,39	
56,155	0,4	
56,16	0,4	
56,165	0,41	
56,17	0,42	
56,175	0,42	
56,18	0,42	
56,185	0,42	
56,19	0,41	
56,195	0,4	
56,2	0,4	
56,205	0,41	
56,21	0,41	
56,215	0,41	
56,22	0,41	
56,225	0,41	
56,23	0,4	
56,235	0,4	
56,24	0,4	
56,245	0,39	
56,25	0,39	
56,255	0,4	
56,26	0,4	
56,265	0,39	
56,27	0,39	
56,275	0,38	
56,28	0,37	
56,285	0,36	
56,29	0,35	
56,295	0,35	
56,3	0,35	
56,305	0,34	
56,31	0,34	
56,315	0,33	
56,32	0,32	
56,325	0,3	
56,33	0,29	
56,335	0,28	
56,34	0,27	
56,345	0,27	
56,35	0,27	
56,355	0,27	
56,36	0,26	
56,365	0,24	
56,37	0,22	
56,375	0,2	
56,38	0,19	
56,385	0,18	
56,39	0,18	
56,395	0,17	
56,4	0,17	
56,405	0,16	
56,41	0,14	
56,415	0,13	
56,42	0,11	
56,425	0,09	
56,43	0,08	
56,435	0,07	
56,44	0,07	
56,445	0,06	
56,45	0,04	
56,455	0,02	
56,46	0,01	
56,465	-0,01	
56,47	-0,02	
56,475	-0,03	
56,48	-0,04	
56,485	-0,05	
56,49	-0,06	
56,495	-0,07	
56,5	-0,09	
56,505	-0,11	
56,51	-0,13	
56,515	-0,14	
56,52	-0,15	
56,525	-0,16	
56,53	-0,16	
56,535	-0,17	
56,54	-0,18	
56,545	-0,2	
56,55	-0,22	
56,555	-0,24	
56,56	-0,25	
56,565	-0,26	
56,57	-0,27	
56,575	-0,27	
56,58	-0,28	
56,585	-0,29	
56,59	-0,3	
56,595	-0,31	
56,6	-0,33	
56,605	-0,34	
56,61	-0,36	
56,615	-0,37	
56,62	-0,37	
56,625	-0,38	
56,63	-0,38	
56,635	-0,39	
56,64	-0,4	
56,645	-0,42	
56,65	-0,43	
56,655	-0,44	
56,66	-0,44	
56,665	-0,44	
56,67	-0,44	
56,675	-0,45	
56,68	-0,45	
56,685	-0,46	
56,69	-0,48	
56,695	-0,48	
56,7	-0,49	
56,705	-0,49	
56,71	-0,49	
56,715	-0,49	
56,72	-0,49	
56,725	-0,5	
56,73	-0,5	
56,735	-0,51	
56,74	-0,51	
56,745	-0,51	
56,75	-0,51	
56,755	-0,51	
56,76	-0,5	
56,765	-0,5	
56,77	-0,5	
56,775	-0,5	
56,78	-0,5	
56,785	-0,51	
56,79	-0,5	
56,795	-0,5	
56,8	-0,49	
56,805	-0,49	
56,81	-0,48	
56,815	-0,48	
56,82	-0,48	
56,825	-0,48	
56,83	-0,48	
56,835	-0,47	
56,84	-0,46	
56,845	-0,46	
56,85	-0,44	
56,855	-0,43	
56,86	-0,43	
56,865	-0,43	
56,87	-0,42	
56,875	-0,41	
56,88	-0,41	
56,885	-0,39	
56,89	-0,38	
56,895	-0,36	
56,9	-0,35	
56,905	-0,34	
56,91	-0,34	
56,915	-0,33	
56,92	-0,33	
56,925	-0,32	
56,93	-0,31	
56,935	-0,28	
56,94	-0,26	
56,945	-0,25	
56,95	-0,23	
56,955	-0,23	
56,96	-0,22	
56,965	-0,21	
56,97	-0,2	
56,975	-0,18	
56,98	-0,17	
56,985	-0,14	
56,99	-0,13	
56,995	-0,11	
57,0	-0,1	
57,005	-0,09	
57,01	-0,08	
57,015	-0,07	
57,02	-0,05	
57,025	-0,04	
57,03	-0,02	
57,035	0	
57,04	0,01	
57,045	0,03	
57,05	0,04	
57,055	0,05	
57,06	0,07	
57,065	0,08	
57,07	0,1	
57,075	0,12	
57,08	0,13	
57,085	0,15	
57,09	0,16	
57,095	0,17	
57,1	0,19	
57,105	0,2	
57,11	0,22	
57,115	0,23	
57,12	0,25	
57,125	0,27	
57,13	0,28	
57,135	0,29	
57,14	0,29	
57,145	0,3	
57,15	0,31	
57,155	0,33	
57,16	0,34	
57,165	0,36	
57,17	0,37	
57,175	0,39	
57,18	0,4	
57,185	0,41	
57,19	0,41	
57,195	0,42	
57,2	0,43	
57,205	0,44	
57,21	0,45	
57,215	0,47	
57,22	0,47	
57,225	0,48	
57,23	0,48	
57,235	0,49	
57,24	0,49	
57,245	0,5	
57,25	0,51	
57,255	0,52	
57,26	0,53	
57,265	0,54	
57,27	0,54	
57,275	0,54	
57,28	0,54	
57,285	0,55	
57,29	0,55	
57,295	0,56	
57,3	0,57	
57,305	0,57	
57,31	0,57	
57,315	0,57	
57,32	0,56	
57,325	0,56	
57,33	0,56	
57,335	0,56	
57,34	0,57	
57,345	0,57	
57,35	0,57	
57,355	0,56	
57,36	0,56	
57,365	0,55	
57,37	0,55	
57,375	0,54	
57,38	0,54	
57,385	0,54	
57,39	0,54	
57,395	0,54	
57,4	0,53	
57,405	0,52	
57,41	0,52	
57,415	0,5	
57,42	0,49	
57,425	0,48	
57,43	0,48	
57,435	0,47	
57,44	0,47	
57,445	0,46	
57,45	0,45	
57,455	0,44	
57,46	0,42	
57,465	0,41	
57,47	0,4	
57,475	0,39	
57,48	0,39	
57,485	0,38	
57,49	0,37	
57,495	0,35	
57,5	0,32	
57,505	0,31	
57,51	0,3	
57,515	0,28	
57,52	0,27	
57,525	0,26	
57,53	0,25	
57,535	0,24	
57,54	0,22	
57,545	0,2	
57,55	0,19	
57,555	0,17	
57,56	0,16	
57,565	0,15	
57,57	0,14	
57,575	0,13	
57,58	0,1	
57,585	0,09	
57,59	0,06	
57,595	0,04	
57,6	0,03	
57,605	0,02	
57,61	0	
57,615	-0,01	
57,62	-0,02	
57,625	-0,04	
57,63	-0,06	
57,635	-0,08	
57,64	-0,09	
57,645	-0,11	
57,65	-0,12	
57,655	-0,14	
57,66	-0,16	
57,665	-0,17	
57,67	-0,18	
57,675	-0,2	
57,68	-0,21	
57,685	-0,23	
57,69	-0,24	
57,695	-0,26	
57,7	-0,27	
57,705	-0,28	
57,71	-0,29	
57,715	-0,3	
57,72	-0,32	
57,725	-0,33	
57,73	-0,35	
57,735	-0,37	
57,74	-0,39	
57,745	-0,39	
57,75	-0,4	
57,755	-0,41	
57,76	-0,42	
57,765	-0,43	
57,77	-0,44	
57,775	-0,46	
57,78	-0,47	
57,785	-0,48	
57,79	-0,48	
57,795	-0,49	
57,8	-0,49	
57,805	-0,49	
57,81	-0,5	
57,815	-0,51	
57,82	-0,53	
57,825	-0,54	
57,83	-0,55	
57,835	-0,55	
57,84	-0,55	
57,845	-0,55	
57,85	-0,56	
57,855	-0,56	
57,86	-0,57	
57,865	-0,58	
57,87	-0,58	
57,875	-0,58	
57,88	-0,58	
57,885	-0,58	
57,89	-0,57	
57,895	-0,57	
57,9	-0,57	
57,905	-0,58	
57,91	-0,58	
57,915	-0,58	
57,92	-0,58	
57,925	-0,58	
57,93	-0,58	
57,935	-0,57	
57,94	-0,57	
57,945	-0,56	
57,95	-0,56	
57,955	-0,56	
57,96	-0,55	
57,965	-0,55	
57,97	-0,54	
57,975	-0,53	
57,98	-0,52	
57,985	-0,51	
57,99	-0,51	
57,995	-0,5	
58,0	-0,49	
58,005	-0,49	
58,01	-0,48	
58,015	-0,47	
58,02	-0,46	
58,025	-0,45	
58,03	-0,44	
58,035	-0,42	
58,04	-0,42	
58,045	-0,41	
58,05	-0,4	
58,055	-0,39	
58,06	-0,38	
58,065	-0,35	
58,07	-0,34	
58,075	-0,32	
58,08	-0,31	
58,085	-0,3	
58,09	-0,29	
58,095	-0,28	
58,1	-0,27	
58,105	-0,25	
58,11	-0,24	
58,115	-0,22	
58,12	-0,2	
58,125	-0,19	
58,13	-0,18	
58,135	-0,17	
58,14	-0,16	
58,145	-0,14	
58,15	-0,12	
58,155	-0,1	
58,16	-0,09	
58,165	-0,07	
58,17	-0,05	
58,175	-0,04	
58,18	-0,02	
58,185	-0,01	
58,19	0	
58,195	0,02	
58,2	0,04	
58,205	0,05	
58,21	0,07	
58,215	0,09	
58,22	0,1	
58,225	0,12	
58,23	0,13	
58,235	0,15	
58,24	0,16	
58,245	0,17	
58,25	0,19	
58,255	0,2	
58,26	0,22	
58,265	0,24	
58,27	0,25	
58,275	0,26	
58,28	0,27	
58,285	0,29	
58,29	0,3	
58,295	0,31	
58,3	0,33	
58,305	0,35	
58,31	0,35	
58,315	0,36	
58,32	0,37	
58,325	0,38	
58,33	0,4	
58,335	0,4	
58,34	0,41	
58,345	0,43	
58,35	0,44	
58,355	0,44	
58,36	0,45	
58,365	0,46	
58,37	0,47	
58,375	0,47	
58,38	0,48	
58,385	0,49	
58,39	0,5	
58,395	0,51	
58,4	0,51	
58,405	0,52	
58,41	0,52	
58,415	0,52	
58,42	0,53	
58,425	0,53	
58,43	0,54	
58,435	0,54	
58,44	0,54	
58,445	0,54	
58,45	0,54	
58,455	0,54	
58,46	0,54	
58,465	0,55	
58,47	0,55	
58,475	0,55	
58,48	0,55	
58,485	0,55	
58,49	0,55	
58,495	0,55	
58,5	0,55	
58,505	0,54	
58,51	0,54	
58,515	0,53	
58,52	0,53	
58,525	0,53	
58,53	0,53	
58,535	0,52	
58,54	0,51	
58,545	0,51	
58,55	0,5	
58,555	0,49	
58,56	0,49	
58,565	0,48	
58,57	0,48	
58,575	0,47	
58,58	0,45	
58,585	0,45	
58,59	0,43	
58,595	0,42	
58,6	0,42	
58,605	0,41	
58,61	0,4	
58,615	0,4	
58,62	0,39	
58,625	0,37	
58,63	0,35	
58,635	0,34	
58,64	0,32	
58,645	0,31	
58,65	0,3	
58,655	0,29	
58,66	0,28	
58,665	0,27	
58,67	0,26	
58,675	0,24	
58,68	0,23	
58,685	0,22	
58,69	0,2	
58,695	0,2	
58,7	0,18	
58,705	0,17	
58,71	0,15	
58,715	0,13	
58,72	0,12	
58,725	0,11	
58,73	0,09	
58,735	0,08	
58,74	0,06	
58,745	0,05	
58,75	0,04	
58,755	0,02	
58,76	0	
58,765	-0,01	
58,77	-0,03	
58,775	-0,05	
58,78	-0,06	
58,785	-0,07	
58,79	-0,08	
58,795	-0,09	
58,8	-0,1	
58,805	-0,11	
58,81	-0,13	
58,815	-0,14	
58,82	-0,16	
58,825	-0,17	
58,83	-0,19	
58,835	-0,2	
58,84	-0,21	
58,845	-0,22	
58,85	-0,23	
58,855	-0,25	
58,86	-0,26	
58,865	-0,27	
58,87	-0,29	
58,875	-0,3	
58,88	-0,31	
58,885	-0,32	
58,89	-0,32	
58,895	-0,34	
58,9	-0,34	
58,905	-0,36	
58,91	-0,36	
58,915	-0,37	
58,92	-0,38	
58,925	-0,38	
58,93	-0,39	
58,935	-0,4	
58,94	-0,41	
58,945	-0,42	
58,95	-0,43	
58,955	-0,44	
58,96	-0,44	
58,965	-0,45	
58,97	-0,45	
58,975	-0,45	
58,98	-0,45	
58,985	-0,46	
58,99	-0,46	
58,995	-0,47	
59,0	-0,47	
59,005	-0,47	
59,01	-0,47	
59,015	-0,47	
59,02	-0,47	
59,025	-0,47	
59,03	-0,48	
59,035	-0,48	
59,04	-0,48	
59,045	-0,49	
59,05	-0,49	
59,055	-0,49	
59,06	-0,49	
59,065	-0,48	
59,07	-0,48	
59,075	-0,47	
59,08	-0,46	
59,085	-0,46	
59,09	-0,46	
59,095	-0,45	
59,1	-0,45	
59,105	-0,45	
59,11	-0,44	
59,115	-0,43	
59,12	-0,43	
59,125	-0,42	
59,13	-0,41	
59,135	-0,41	
59,14	-0,41	
59,145	-0,4	
59,15	-0,4	
59,155	-0,39	
59,16	-0,38	
59,165	-0,37	
59,17	-0,36	
59,175	-0,35	
59,18	-0,34	
59,185	-0,33	
59,19	-0,33	
59,195	-0,31	
59,2	-0,3	
59,205	-0,29	
59,21	-0,28	
59,215	-0,26	
59,22	-0,25	
59,225	-0,24	
59,23	-0,23	
59,235	-0,22	
59,24	-0,22	
59,245	-0,21	
59,25	-0,19	
59,255	-0,18	
59,26	-0,17	
59,265	-0,16	
59,27	-0,15	
59,275	-0,14	
59,28	-0,13	
59,285	-0,11	
59,29	-0,1	
59,295	-0,09	
59,3	-0,07	
59,305	-0,06	
59,31	-0,05	
59,315	-0,04	
59,32	-0,03	
59,325	-0,02	
59,33	-0,01	
59,335	0,01	
59,34	0,02	
59,345	0,03	
59,35	0,04	
59,355	0,05	
59,36	0,07	
59,365	0,08	
59,37	0,09	
59,375	0,1	
59,38	0,11	
59,385	0,12	
59,39	0,13	
59,395	0,14	
59,4	0,16	
59,405	0,17	
59,41	0,18	
59,415	0,19	
