t, ñ	wz	
0,0	-0,01	
0,005	-0,01	
0,01	-0,01	
0,015	-0,02	
0,02	-0,02	
0,025	-0,02	
0,03	-0,02	
0,035	-0,01	
0,04	0	
0,045	0	
0,05	0,01	
0,055	0,01	
0,06	0,02	
0,065	0,02	
0,07	0,02	
0,075	0,02	
0,08	0,02	
0,085	0,01	
0,09	0,01	
0,095	0	
0,1	0	
0,105	-0,01	
0,11	-0,01	
0,115	-0,02	
0,12	-0,02	
0,125	-0,02	
0,13	-0,02	
0,135	-0,02	
0,14	-0,01	
0,145	-0,01	
0,15	0	
0,155	0	
0,16	0,01	
0,165	0,01	
0,17	0,01	
0,175	0,02	
0,18	0,02	
0,185	0,02	
0,19	0,02	
0,195	0,01	
0,2	0,01	
0,205	0,01	
0,21	0	
0,215	0	
0,22	-0,01	
0,225	-0,01	
0,23	-0,02	
0,235	-0,02	
0,24	-0,02	
0,245	-0,01	
0,25	-0,01	
0,255	-0,01	
0,26	0	
0,265	0	
0,27	0,01	
0,275	0,01	
0,28	0,01	
0,285	0,01	
0,29	0,01	
0,295	0,01	
0,3	0,01	
0,305	0,01	
0,31	0	
0,315	0	
0,32	0	
0,325	0	
0,33	0	
0,335	-0,01	
0,34	-0,01	
0,345	-0,01	
0,35	-0,01	
0,355	-0,01	
0,36	-0,01	
0,365	-0,01	
0,37	0	
0,375	0	
0,38	0	
0,385	0,01	
0,39	0,01	
0,395	0,01	
0,4	0,01	
0,405	0,01	
0,41	0,01	
0,415	0,01	
0,42	0,01	
0,425	0	
0,43	0	
0,435	0	
0,44	0	
0,445	0	
0,45	-0,01	
0,455	-0,01	
0,46	-0,01	
0,465	-0,01	
0,47	-0,01	
0,475	0	
0,48	0	
0,485	0	
0,49	0	
0,495	0	
0,5	0	
0,505	0	
0,51	0	
0,515	0	
0,52	0	
0,525	0	
0,53	0,01	
0,535	0,01	
0,54	0,01	
0,545	0,01	
0,55	0,01	
0,555	0	
0,56	0,01	
0,565	0	
0,57	0	
0,575	0	
0,58	0	
0,585	-0,01	
0,59	-0,01	
0,595	-0,01	
0,6	-0,01	
0,605	-0,01	
0,61	-0,01	
0,615	-0,01	
0,62	0	
0,625	0	
0,63	0	
0,635	0	
0,64	0	
0,645	0,01	
0,65	0,01	
0,655	0,01	
0,66	0,01	
0,665	0,01	
0,67	0,01	
0,675	0,01	
0,68	0,01	
0,685	0,01	
0,69	0	
0,695	-0,01	
0,7	-0,01	
0,705	-0,01	
0,71	-0,01	
0,715	-0,01	
0,72	-0,01	
0,725	-0,01	
0,73	0	
0,735	0	
0,74	0	
0,745	0	
0,75	0,01	
0,755	0,01	
0,76	0,01	
0,765	0,01	
0,77	0,01	
0,775	0,01	
0,78	0,01	
0,785	0,01	
0,79	0	
0,795	0	
0,8	0	
0,805	0	
0,81	-0,01	
0,815	-0,01	
0,82	-0,01	
0,825	-0,01	
0,83	-0,01	
0,835	-0,01	
0,84	0	
0,845	0	
0,85	0	
0,855	0	
0,86	0,01	
0,865	0	
0,87	-0,04	
0,875	-0,06	
0,88	-0,04	
0,885	0,02	
0,89	0,1	
0,895	0,18	
0,9	0,25	
0,905	0,22	
0,91	0,14	
0,915	0,11	
0,92	0,12	
0,925	0,19	
0,93	0,26	
0,935	0,34	
0,94	0,39	
0,945	0,33	
0,95	0,27	
0,955	0,25	
0,96	0,28	
0,965	0,34	
0,97	0,41	
0,975	0,5	
0,98	0,52	
0,985	0,48	
0,99	0,4	
0,995	0,38	
1,0	0,4	
1,005	0,45	
1,01	0,55	
1,015	0,61	
1,02	0,61	
1,025	0,56	
1,03	0,51	
1,035	0,49	
1,04	0,5	
1,045	0,57	
1,05	0,66	
1,055	0,7	
1,06	0,69	
1,065	0,64	
1,07	0,6	
1,075	0,57	
1,08	0,6	
1,085	0,67	
1,09	0,73	
1,095	0,75	
1,1	0,72	
1,105	0,67	
1,11	0,63	
1,115	0,61	
1,12	0,63	
1,125	0,7	
1,13	0,78	
1,135	0,78	
1,14	0,74	
1,145	0,69	
1,15	0,64	
1,155	0,63	
1,16	0,67	
1,165	0,74	
1,17	0,78	
1,175	0,77	
1,18	0,74	
1,185	0,67	
1,19	0,62	
1,195	0,62	
1,2	0,67	
1,205	0,73	
1,21	0,76	
1,215	0,76	
1,22	0,7	
1,225	0,63	
1,23	0,58	
1,235	0,58	
1,24	0,63	
1,245	0,68	
1,25	0,7	
1,255	0,69	
1,26	0,65	
1,265	0,55	
1,27	0,51	
1,275	0,53	
1,28	0,57	
1,285	0,61	
1,29	0,63	
1,295	0,61	
1,3	0,55	
1,305	0,48	
1,31	0,43	
1,315	0,45	
1,32	0,49	
1,325	0,52	
1,33	0,52	
1,335	0,49	
1,34	0,41	
1,345	0,35	
1,35	0,31	
1,355	0,34	
1,36	0,38	
1,365	0,4	
1,37	0,4	
1,375	0,35	
1,38	0,27	
1,385	0,21	
1,39	0,19	
1,395	0,2	
1,4	0,25	
1,405	0,27	
1,41	0,25	
1,415	0,19	
1,42	0,12	
1,425	0,06	
1,43	0,05	
1,435	0,07	
1,44	0,1	
1,445	0,13	
1,45	0,09	
1,455	0,02	
1,46	-0,05	
1,465	-0,09	
1,47	-0,1	
1,475	-0,07	
1,48	-0,04	
1,485	-0,01	
1,49	-0,07	
1,495	-0,15	
1,5	-0,21	
1,505	-0,25	
1,51	-0,25	
1,515	-0,21	
1,52	-0,17	
1,525	-0,16	
1,53	-0,21	
1,535	-0,31	
1,54	-0,37	
1,545	-0,4	
1,55	-0,38	
1,555	-0,35	
1,56	-0,31	
1,565	-0,31	
1,57	-0,36	
1,575	-0,42	
1,58	-0,48	
1,585	-0,52	
1,59	-0,5	
1,595	-0,46	
1,6	-0,44	
1,605	-0,45	
1,61	-0,49	
1,615	-0,55	
1,62	-0,6	
1,625	-0,63	
1,63	-0,6	
1,635	-0,56	
1,64	-0,55	
1,645	-0,56	
1,65	-0,62	
1,655	-0,67	
1,66	-0,71	
1,665	-0,72	
1,67	-0,7	
1,675	-0,64	
1,68	-0,63	
1,685	-0,66	
1,69	-0,71	
1,695	-0,76	
1,7	-0,8	
1,705	-0,79	
1,71	-0,75	
1,715	-0,71	
1,72	-0,69	
1,725	-0,72	
1,73	-0,77	
1,735	-0,82	
1,74	-0,84	
1,745	-0,82	
1,75	-0,77	
1,755	-0,74	
1,76	-0,72	
1,765	-0,76	
1,77	-0,81	
1,775	-0,85	
1,78	-0,86	
1,785	-0,82	
1,79	-0,77	
1,795	-0,74	
1,8	-0,73	
1,805	-0,75	
1,81	-0,81	
1,815	-0,84	
1,82	-0,83	
1,825	-0,78	
1,83	-0,73	
1,835	-0,7	
1,84	-0,7	
1,845	-0,72	
1,85	-0,77	
1,855	-0,81	
1,86	-0,78	
1,865	-0,74	
1,87	-0,69	
1,875	-0,65	
1,88	-0,64	
1,885	-0,67	
1,89	-0,71	
1,895	-0,73	
1,9	-0,7	
1,905	-0,66	
1,91	-0,61	
1,915	-0,57	
1,92	-0,57	
1,925	-0,6	
1,93	-0,63	
1,935	-0,64	
1,94	-0,61	
1,945	-0,54	
1,95	-0,49	
1,955	-0,46	
1,96	-0,47	
1,965	-0,5	
1,97	-0,53	
1,975	-0,52	
1,98	-0,48	
1,985	-0,43	
1,99	-0,36	
1,995	-0,35	
2,0	-0,37	
2,005	-0,4	
2,01	-0,41	
2,015	-0,39	
2,02	-0,35	
2,025	-0,29	
2,03	-0,24	
2,035	-0,21	
2,04	-0,24	
2,045	-0,27	
2,05	-0,27	
2,055	-0,25	
2,06	-0,2	
2,065	-0,14	
2,07	-0,09	
2,075	-0,07	
2,08	-0,09	
2,085	-0,12	
2,09	-0,13	
2,095	-0,1	
2,1	-0,05	
2,105	0,01	
2,11	0,05	
2,115	0,06	
2,12	0,04	
2,125	0,02	
2,13	0,02	
2,135	0,06	
2,14	0,11	
2,145	0,16	
2,15	0,19	
2,155	0,19	
2,16	0,17	
2,165	0,15	
2,17	0,15	
2,175	0,2	
2,18	0,26	
2,185	0,31	
2,19	0,33	
2,195	0,32	
2,2	0,3	
2,205	0,28	
2,21	0,28	
2,215	0,31	
2,22	0,39	
2,225	0,43	
2,23	0,44	
2,235	0,43	
2,24	0,41	
2,245	0,39	
2,25	0,4	
2,255	0,43	
2,26	0,48	
2,265	0,53	
2,27	0,53	
2,275	0,52	
2,28	0,49	
2,285	0,48	
2,29	0,5	
2,295	0,54	
2,3	0,58	
2,305	0,61	
2,31	0,61	
2,315	0,58	
2,32	0,55	
2,325	0,55	
2,33	0,57	
2,335	0,61	
2,34	0,65	
2,345	0,67	
2,35	0,67	
2,355	0,63	
2,36	0,6	
2,365	0,59	
2,37	0,61	
2,375	0,65	
2,38	0,68	
2,385	0,7	
2,39	0,69	
2,395	0,66	
2,4	0,62	
2,405	0,61	
2,41	0,63	
2,415	0,67	
2,42	0,69	
2,425	0,7	
2,43	0,68	
2,435	0,65	
2,44	0,62	
2,445	0,6	
2,45	0,63	
2,455	0,66	
2,46	0,68	
2,465	0,67	
2,47	0,65	
2,475	0,61	
2,48	0,58	
2,485	0,57	
2,49	0,58	
2,495	0,62	
2,5	0,63	
2,505	0,62	
2,51	0,59	
2,515	0,55	
2,52	0,52	
2,525	0,51	
2,53	0,53	
2,535	0,55	
2,54	0,57	
2,545	0,55	
2,55	0,5	
2,555	0,46	
2,56	0,43	
2,565	0,43	
2,57	0,45	
2,575	0,47	
2,58	0,48	
2,585	0,44	
2,59	0,39	
2,595	0,35	
2,6	0,33	
2,605	0,34	
2,61	0,36	
2,615	0,38	
2,62	0,38	
2,625	0,35	
2,63	0,28	
2,635	0,24	
2,64	0,23	
2,645	0,23	
2,65	0,25	
2,655	0,27	
2,66	0,26	
2,665	0,22	
2,67	0,17	
2,675	0,11	
2,68	0,1	
2,685	0,11	
2,69	0,13	
2,695	0,14	
2,7	0,12	
2,705	0,08	
2,71	0,03	
2,715	-0,01	
2,72	-0,02	
2,725	-0,01	
2,73	0,01	
2,735	0,02	
2,74	-0,01	
2,745	-0,05	
2,75	-0,1	
2,755	-0,13	
2,76	-0,15	
2,765	-0,13	
2,77	-0,11	
2,775	-0,11	
2,78	-0,14	
2,785	-0,18	
2,79	-0,22	
2,795	-0,25	
2,8	-0,26	
2,805	-0,25	
2,81	-0,23	
2,815	-0,24	
2,82	-0,27	
2,825	-0,31	
2,83	-0,35	
2,835	-0,38	
2,84	-0,37	
2,845	-0,35	
2,85	-0,33	
2,855	-0,34	
2,86	-0,37	
2,865	-0,42	
2,87	-0,46	
2,875	-0,47	
2,88	-0,46	
2,885	-0,44	
2,89	-0,42	
2,895	-0,43	
2,9	-0,46	
2,905	-0,52	
2,91	-0,55	
2,915	-0,55	
2,92	-0,53	
2,925	-0,51	
2,93	-0,5	
2,935	-0,51	
2,94	-0,54	
2,945	-0,57	
2,95	-0,61	
2,955	-0,6	
2,96	-0,58	
2,965	-0,56	
2,97	-0,55	
2,975	-0,56	
2,98	-0,6	
2,985	-0,63	
2,99	-0,65	
2,995	-0,64	
3,0	-0,61	
3,005	-0,59	
3,01	-0,58	
3,015	-0,59	
3,02	-0,63	
3,025	-0,66	
3,03	-0,67	
3,035	-0,67	
3,04	-0,62	
3,045	-0,59	
3,05	-0,59	
3,055	-0,61	
3,06	-0,64	
3,065	-0,66	
3,07	-0,67	
3,075	-0,66	
3,08	-0,62	
3,085	-0,59	
3,09	-0,58	
3,095	-0,6	
3,1	-0,63	
3,105	-0,64	
3,11	-0,64	
3,115	-0,62	
3,12	-0,59	
3,125	-0,56	
3,13	-0,56	
3,135	-0,57	
3,14	-0,6	
3,145	-0,6	
3,15	-0,59	
3,155	-0,57	
3,16	-0,53	
3,165	-0,51	
3,17	-0,5	
3,175	-0,52	
3,18	-0,54	
3,185	-0,54	
3,19	-0,53	
3,195	-0,5	
3,2	-0,46	
3,205	-0,44	
3,21	-0,44	
3,215	-0,45	
3,22	-0,47	
3,225	-0,46	
3,23	-0,44	
3,235	-0,4	
3,24	-0,37	
3,245	-0,35	
3,25	-0,35	
3,255	-0,36	
3,26	-0,37	
3,265	-0,37	
3,27	-0,34	
3,275	-0,3	
3,28	-0,27	
3,285	-0,26	
3,29	-0,26	
3,295	-0,27	
3,3	-0,28	
3,305	-0,27	
3,31	-0,23	
3,315	-0,19	
3,32	-0,16	
3,325	-0,15	
3,33	-0,16	
3,335	-0,17	
3,34	-0,18	
3,345	-0,17	
3,35	-0,14	
3,355	-0,09	
3,36	-0,05	
3,365	-0,04	
3,37	-0,05	
3,375	-0,06	
3,38	-0,07	
3,385	-0,06	
3,39	-0,02	
3,395	0,02	
3,4	0,04	
3,405	0,06	
3,41	0,05	
3,415	0,04	
3,42	0,04	
3,425	0,06	
3,43	0,09	
3,435	0,13	
3,44	0,15	
3,445	0,16	
3,45	0,15	
3,455	0,14	
3,46	0,15	
3,465	0,17	
3,47	0,2	
3,475	0,23	
3,48	0,25	
3,485	0,25	
3,49	0,24	
3,495	0,23	
3,5	0,24	
3,505	0,27	
3,51	0,3	
3,515	0,33	
3,52	0,34	
3,525	0,33	
3,53	0,32	
3,535	0,3	
3,54	0,32	
3,545	0,35	
3,55	0,39	
3,555	0,41	
3,56	0,42	
3,565	0,41	
3,57	0,38	
3,575	0,38	
3,58	0,38	
3,585	0,42	
3,59	0,45	
3,595	0,47	
3,6	0,47	
3,605	0,45	
3,61	0,44	
3,615	0,43	
3,62	0,44	
3,625	0,46	
3,63	0,5	
3,635	0,51	
3,64	0,51	
3,645	0,49	
3,65	0,47	
3,655	0,47	
3,66	0,47	
3,665	0,49	
3,67	0,52	
3,675	0,53	
3,68	0,52	
3,685	0,5	
3,69	0,48	
3,695	0,48	
3,7	0,49	
3,705	0,51	
3,71	0,53	
3,715	0,54	
3,72	0,52	
3,725	0,5	
3,73	0,48	
3,735	0,47	
3,74	0,48	
3,745	0,5	
3,75	0,52	
3,755	0,52	
3,76	0,51	
3,765	0,48	
3,77	0,46	
3,775	0,46	
3,78	0,47	
3,785	0,49	
3,79	0,5	
3,795	0,49	
3,8	0,47	
3,805	0,45	
3,81	0,42	
3,815	0,43	
3,82	0,44	
3,825	0,46	
3,83	0,46	
3,835	0,45	
3,84	0,43	
3,845	0,4	
3,85	0,37	
3,855	0,37	
3,86	0,39	
3,865	0,4	
3,87	0,4	
3,875	0,38	
3,88	0,36	
3,885	0,33	
3,89	0,31	
3,895	0,31	
3,9	0,31	
3,905	0,33	
3,91	0,33	
3,915	0,31	
3,92	0,28	
3,925	0,25	
3,93	0,24	
3,935	0,24	
3,94	0,24	
3,945	0,25	
3,95	0,24	
3,955	0,22	
3,96	0,19	
3,965	0,17	
3,97	0,16	
3,975	0,16	
3,98	0,17	
3,985	0,17	
3,99	0,16	
3,995	0,12	
4,0	0,09	
4,005	0,07	
4,01	0,07	
4,015	0,07	
4,02	0,08	
4,025	0,08	
4,03	0,07	
4,035	0,04	
4,04	-0,01	
4,045	-0,03	
4,05	-0,03	
4,055	-0,02	
4,06	-0,01	
4,065	-0,02	
4,07	-0,03	
4,075	-0,06	
4,08	-0,09	
4,085	-0,11	
4,09	-0,11	
4,095	-0,1	
4,1	-0,09	
4,105	-0,1	
4,11	-0,12	
4,115	-0,15	
4,12	-0,18	
4,125	-0,19	
4,13	-0,2	
4,135	-0,19	
4,14	-0,18	
4,145	-0,19	
4,15	-0,22	
4,155	-0,25	
4,16	-0,27	
4,165	-0,28	
4,17	-0,28	
4,175	-0,26	
4,18	-0,26	
4,185	-0,27	
4,19	-0,3	
4,195	-0,32	
4,2	-0,34	
4,205	-0,36	
4,21	-0,35	
4,215	-0,34	
4,22	-0,34	
4,225	-0,35	
4,23	-0,37	
4,235	-0,39	
4,24	-0,41	
4,245	-0,42	
4,25	-0,41	
4,255	-0,4	
4,26	-0,39	
4,265	-0,4	
4,27	-0,43	
4,275	-0,45	
4,28	-0,46	
4,285	-0,46	
4,29	-0,45	
4,295	-0,44	
4,3	-0,43	
4,305	-0,45	
4,31	-0,46	
4,315	-0,49	
4,32	-0,5	
4,325	-0,49	
4,33	-0,48	
4,335	-0,47	
4,34	-0,47	
4,345	-0,48	
4,35	-0,5	
4,355	-0,52	
4,36	-0,52	
4,365	-0,51	
4,37	-0,49	
4,375	-0,48	
4,38	-0,48	
4,385	-0,5	
4,39	-0,51	
4,395	-0,53	
4,4	-0,53	
4,405	-0,51	
4,41	-0,49	
4,415	-0,48	
4,42	-0,49	
4,425	-0,5	
4,43	-0,51	
4,435	-0,52	
4,44	-0,52	
4,445	-0,5	
4,45	-0,47	
4,455	-0,47	
4,46	-0,47	
4,465	-0,48	
4,47	-0,49	
4,475	-0,5	
4,48	-0,49	
4,485	-0,47	
4,49	-0,45	
4,495	-0,44	
4,5	-0,44	
4,505	-0,45	
4,51	-0,46	
4,515	-0,46	
4,52	-0,44	
4,525	-0,42	
4,53	-0,4	
4,535	-0,39	
4,54	-0,4	
4,545	-0,41	
4,55	-0,41	
4,555	-0,41	
4,56	-0,39	
4,565	-0,37	
4,57	-0,35	
4,575	-0,33	
4,58	-0,33	
4,585	-0,34	
4,59	-0,34	
4,595	-0,33	
4,6	-0,31	
4,605	-0,29	
4,61	-0,27	
4,615	-0,27	
4,62	-0,27	
4,625	-0,27	
4,63	-0,26	
4,635	-0,25	
4,64	-0,23	
4,645	-0,21	
4,65	-0,19	
4,655	-0,19	
4,66	-0,19	
4,665	-0,2	
4,67	-0,19	
4,675	-0,17	
4,68	-0,14	
4,685	-0,12	
4,69	-0,1	
4,695	-0,1	
4,7	-0,1	
4,705	-0,11	
4,71	-0,1	
4,715	-0,09	
4,72	-0,06	
4,725	-0,02	
4,73	-0,01	
4,735	-0,01	
4,74	-0,01	
4,745	-0,01	
4,75	-0,01	
4,755	0,01	
4,76	0,03	
4,765	0,05	
4,77	0,07	
4,775	0,07	
4,78	0,07	
4,785	0,08	
4,79	0,09	
4,795	0,11	
4,8	0,13	
4,805	0,15	
4,81	0,16	
4,815	0,16	
4,82	0,16	
4,825	0,16	
4,83	0,18	
4,835	0,2	
4,84	0,22	
4,845	0,24	
4,85	0,25	
4,855	0,25	
4,86	0,25	
4,865	0,25	
4,87	0,26	
4,875	0,29	
4,88	0,31	
4,885	0,32	
4,89	0,33	
4,895	0,33	
4,9	0,33	
4,905	0,33	
4,91	0,35	
4,915	0,37	
4,92	0,38	
4,925	0,39	
4,93	0,4	
4,935	0,39	
4,94	0,39	
4,945	0,39	
4,95	0,41	
4,955	0,43	
4,96	0,44	
4,965	0,45	
4,97	0,45	
4,975	0,44	
4,98	0,44	
4,985	0,44	
4,99	0,46	
4,995	0,48	
5,0	0,49	
5,005	0,5	
5,01	0,49	
5,015	0,49	
5,02	0,48	
5,025	0,48	
5,03	0,49	
5,035	0,51	
5,04	0,52	
5,045	0,52	
5,05	0,51	
5,055	0,5	
5,06	0,5	
5,065	0,5	
5,07	0,51	
5,075	0,52	
5,08	0,53	
5,085	0,53	
5,09	0,52	
5,095	0,51	
5,1	0,5	
5,105	0,51	
5,11	0,51	
5,115	0,52	
5,12	0,53	
5,125	0,52	
5,13	0,5	
5,135	0,49	
5,14	0,49	
5,145	0,49	
5,15	0,5	
5,155	0,5	
5,16	0,5	
5,165	0,48	
5,17	0,47	
5,175	0,46	
5,18	0,45	
5,185	0,46	
5,19	0,46	
5,195	0,46	
5,2	0,46	
5,205	0,44	
5,21	0,42	
5,215	0,41	
5,22	0,4	
5,225	0,4	
5,23	0,41	
5,235	0,41	
5,24	0,4	
5,245	0,38	
5,25	0,36	
5,255	0,35	
5,26	0,34	
5,265	0,33	
5,27	0,33	
5,275	0,32	
5,28	0,31	
5,285	0,29	
5,29	0,28	
5,295	0,26	
5,3	0,26	
5,305	0,26	
5,31	0,26	
5,315	0,25	
5,32	0,23	
5,325	0,21	
5,33	0,18	
5,335	0,17	
5,34	0,16	
5,345	0,16	
5,35	0,16	
5,355	0,15	
5,36	0,13	
5,365	0,1	
5,37	0,08	
5,375	0,07	
5,38	0,06	
5,385	0,06	
5,39	0,05	
5,395	0,04	
5,4	0,03	
5,405	0	
5,41	-0,02	
5,415	-0,04	
5,42	-0,04	
5,425	-0,05	
5,43	-0,05	
5,435	-0,07	
5,44	-0,08	
5,445	-0,1	
5,45	-0,13	
5,455	-0,14	
5,46	-0,15	
5,465	-0,15	
5,47	-0,16	
5,475	-0,18	
5,48	-0,2	
5,485	-0,22	
5,49	-0,24	
5,495	-0,25	
5,5	-0,25	
5,505	-0,26	
5,51	-0,26	
5,515	-0,28	
5,52	-0,3	
5,525	-0,32	
5,53	-0,33	
5,535	-0,34	
5,54	-0,34	
5,545	-0,35	
5,55	-0,36	
5,555	-0,38	
5,56	-0,4	
5,565	-0,42	
5,57	-0,43	
5,575	-0,43	
5,58	-0,44	
5,585	-0,44	
5,59	-0,45	
5,595	-0,47	
5,6	-0,48	
5,605	-0,5	
5,61	-0,5	
5,615	-0,51	
5,62	-0,5	
5,625	-0,5	
5,63	-0,51	
5,635	-0,53	
5,64	-0,54	
5,645	-0,56	
5,65	-0,56	
5,655	-0,56	
5,66	-0,56	
5,665	-0,56	
5,67	-0,57	
5,675	-0,58	
5,68	-0,6	
5,685	-0,61	
5,69	-0,61	
5,695	-0,6	
5,7	-0,6	
5,705	-0,6	
5,71	-0,6	
5,715	-0,61	
5,72	-0,62	
5,725	-0,62	
5,73	-0,62	
5,735	-0,62	
5,74	-0,61	
5,745	-0,6	
5,75	-0,61	
5,755	-0,61	
5,76	-0,62	
5,765	-0,62	
5,77	-0,61	
5,775	-0,6	
5,78	-0,59	
5,785	-0,59	
5,79	-0,6	
5,795	-0,6	
5,8	-0,6	
5,805	-0,6	
5,81	-0,59	
5,815	-0,57	
5,82	-0,56	
5,825	-0,56	
5,83	-0,56	
5,835	-0,56	
5,84	-0,56	
5,845	-0,55	
5,85	-0,53	
5,855	-0,52	
5,86	-0,51	
5,865	-0,51	
5,87	-0,51	
5,875	-0,5	
5,88	-0,5	
5,885	-0,49	
5,89	-0,47	
5,895	-0,45	
5,9	-0,44	
5,905	-0,43	
5,91	-0,42	
5,915	-0,42	
5,92	-0,41	
5,925	-0,39	
5,93	-0,37	
5,935	-0,36	
5,94	-0,35	
5,945	-0,33	
5,95	-0,33	
5,955	-0,32	
5,96	-0,31	
5,965	-0,29	
5,97	-0,27	
5,975	-0,25	
5,98	-0,24	
5,985	-0,23	
5,99	-0,22	
5,995	-0,21	
6,0	-0,19	
6,005	-0,17	
6,01	-0,15	
6,015	-0,13	
6,02	-0,12	
6,025	-0,11	
6,03	-0,1	
6,035	-0,1	
6,04	-0,07	
6,045	-0,05	
6,05	-0,02	
6,055	0	
6,06	0,01	
6,065	0,02	
6,07	0,03	
6,075	0,04	
6,08	0,05	
6,085	0,07	
6,09	0,1	
6,095	0,12	
6,1	0,14	
6,105	0,14	
6,11	0,15	
6,115	0,17	
6,12	0,19	
6,125	0,2	
6,13	0,23	
6,135	0,25	
6,14	0,26	
6,145	0,27	
6,15	0,28	
6,155	0,29	
6,16	0,31	
6,165	0,33	
6,17	0,35	
6,175	0,36	
6,18	0,37	
6,185	0,38	
6,19	0,39	
6,195	0,4	
6,2	0,41	
6,205	0,43	
6,21	0,45	
6,215	0,47	
6,22	0,47	
6,225	0,48	
6,23	0,49	
6,235	0,5	
6,24	0,51	
6,245	0,53	
6,25	0,54	
6,255	0,55	
6,26	0,56	
6,265	0,56	
6,27	0,57	
6,275	0,58	
6,28	0,59	
6,285	0,61	
6,29	0,61	
6,295	0,62	
6,3	0,63	
6,305	0,63	
6,31	0,63	
6,315	0,64	
6,32	0,65	
6,325	0,66	
6,33	0,66	
6,335	0,66	
6,34	0,66	
6,345	0,66	
6,35	0,66	
6,355	0,67	
6,36	0,68	
6,365	0,68	
6,37	0,69	
6,375	0,68	
6,38	0,68	
6,385	0,67	
6,39	0,67	
6,395	0,67	
6,4	0,67	
6,405	0,68	
6,41	0,68	
6,415	0,67	
6,42	0,66	
6,425	0,65	
6,43	0,65	
6,435	0,65	
6,44	0,65	
6,445	0,65	
6,45	0,64	
6,455	0,63	
6,46	0,62	
6,465	0,61	
6,47	0,6	
6,475	0,6	
6,48	0,61	
6,485	0,6	
6,49	0,59	
6,495	0,57	
6,5	0,55	
6,505	0,54	
6,51	0,53	
6,515	0,53	
6,52	0,53	
6,525	0,52	
6,53	0,51	
6,535	0,49	
6,54	0,47	
6,545	0,45	
6,55	0,44	
6,555	0,44	
6,56	0,43	
6,565	0,42	
6,57	0,4	
6,575	0,38	
6,58	0,36	
6,585	0,34	
6,59	0,33	
6,595	0,32	
6,6	0,31	
6,605	0,3	
6,61	0,28	
6,615	0,25	
6,62	0,23	
6,625	0,22	
6,63	0,21	
6,635	0,19	
6,64	0,18	
6,645	0,17	
6,65	0,14	
6,655	0,12	
6,66	0,1	
6,665	0,09	
6,67	0,08	
6,675	0,07	
6,68	0,04	
6,685	0,02	
6,69	0	
6,695	-0,03	
6,7	-0,05	
6,705	-0,06	
6,71	-0,07	
6,715	-0,08	
6,72	-0,09	
6,725	-0,12	
6,73	-0,14	
6,735	-0,16	
6,74	-0,18	
6,745	-0,2	
6,75	-0,21	
6,755	-0,22	
6,76	-0,23	
6,765	-0,25	
6,77	-0,28	
6,775	-0,3	
6,78	-0,32	
6,785	-0,33	
6,79	-0,34	
6,795	-0,35	
6,8	-0,37	
6,805	-0,39	
6,81	-0,41	
6,815	-0,44	
6,82	-0,45	
6,825	-0,46	
6,83	-0,47	
6,835	-0,47	
6,84	-0,49	
6,845	-0,5	
6,85	-0,52	
6,855	-0,54	
6,86	-0,56	
6,865	-0,56	
6,87	-0,56	
6,875	-0,57	
6,88	-0,58	
6,885	-0,6	
6,89	-0,61	
6,895	-0,63	
6,9	-0,64	
6,905	-0,64	
6,91	-0,64	
6,915	-0,65	
6,92	-0,66	
6,925	-0,67	
6,93	-0,68	
6,935	-0,69	
6,94	-0,69	
6,945	-0,69	
6,95	-0,7	
6,955	-0,7	
6,96	-0,71	
6,965	-0,72	
6,97	-0,73	
6,975	-0,74	
6,98	-0,74	
6,985	-0,73	
6,99	-0,73	
6,995	-0,73	
7,0	-0,74	
7,005	-0,74	
7,01	-0,75	
7,015	-0,75	
7,02	-0,74	
7,025	-0,73	
7,03	-0,73	
7,035	-0,73	
7,04	-0,73	
7,045	-0,73	
7,05	-0,73	
7,055	-0,73	
7,06	-0,71	
7,065	-0,7	
7,07	-0,69	
7,075	-0,69	
7,08	-0,69	
7,085	-0,69	
7,09	-0,69	
7,095	-0,68	
7,1	-0,67	
7,105	-0,65	
7,11	-0,64	
7,115	-0,63	
7,12	-0,63	
7,125	-0,62	
7,13	-0,62	
7,135	-0,6	
7,14	-0,58	
7,145	-0,56	
7,15	-0,55	
7,155	-0,55	
7,16	-0,54	
7,165	-0,53	
7,17	-0,52	
7,175	-0,5	
7,18	-0,47	
7,185	-0,45	
7,19	-0,44	
7,195	-0,43	
7,2	-0,43	
7,205	-0,42	
7,21	-0,4	
7,215	-0,38	
7,22	-0,36	
7,225	-0,34	
7,23	-0,32	
7,235	-0,3	
7,24	-0,29	
7,245	-0,28	
7,25	-0,26	
7,255	-0,24	
7,26	-0,23	
7,265	-0,21	
7,27	-0,18	
7,275	-0,17	
7,28	-0,15	
7,285	-0,14	
7,29	-0,12	
7,295	-0,1	
7,3	-0,07	
7,305	-0,05	
7,31	-0,04	
7,315	-0,02	
7,32	-0,01	
7,325	0,01	
7,33	0,03	
7,335	0,06	
7,34	0,08	
7,345	0,1	
7,35	0,11	
7,355	0,12	
7,36	0,14	
7,365	0,15	
7,37	0,18	
7,375	0,2	
7,38	0,23	
7,385	0,25	
7,39	0,26	
7,395	0,27	
7,4	0,29	
7,405	0,3	
7,41	0,32	
7,415	0,34	
7,42	0,36	
7,425	0,38	
7,43	0,39	
7,435	0,41	
7,44	0,42	
7,445	0,43	
7,45	0,45	
7,455	0,47	
7,46	0,49	
7,465	0,5	
7,47	0,52	
7,475	0,53	
7,48	0,54	
7,485	0,55	
7,49	0,56	
7,495	0,58	
7,5	0,6	
7,505	0,6	
7,51	0,61	
7,515	0,61	
7,52	0,62	
7,525	0,63	
7,53	0,65	
7,535	0,66	
7,54	0,67	
7,545	0,68	
7,55	0,68	
7,555	0,69	
7,56	0,69	
7,565	0,7	
7,57	0,71	
7,575	0,72	
7,58	0,72	
7,585	0,72	
7,59	0,73	
7,595	0,73	
7,6	0,73	
7,605	0,74	
7,61	0,74	
7,615	0,74	
7,62	0,75	
7,625	0,75	
7,63	0,74	
7,635	0,74	
7,64	0,74	
7,645	0,74	
7,65	0,74	
7,655	0,74	
7,66	0,74	
7,665	0,73	
7,67	0,73	
7,675	0,72	
7,68	0,72	
7,685	0,72	
7,69	0,72	
7,695	0,71	
7,7	0,71	
7,705	0,7	
7,71	0,69	
7,715	0,67	
7,72	0,67	
7,725	0,66	
7,73	0,66	
7,735	0,65	
7,74	0,64	
7,745	0,62	
7,75	0,61	
7,755	0,6	
7,76	0,59	
7,765	0,58	
7,77	0,57	
7,775	0,56	
7,78	0,54	
7,785	0,52	
7,79	0,51	
7,795	0,5	
7,8	0,49	
7,805	0,48	
7,81	0,47	
7,815	0,44	
7,82	0,42	
7,825	0,41	
7,83	0,39	
7,835	0,38	
7,84	0,37	
7,845	0,36	
7,85	0,35	
7,855	0,33	
7,86	0,31	
7,865	0,28	
7,87	0,27	
7,875	0,25	
7,88	0,24	
7,885	0,23	
7,89	0,21	
7,895	0,19	
7,9	0,17	
7,905	0,15	
7,91	0,11	
7,915	0,1	
7,92	0,08	
7,925	0,07	
7,93	0,06	
7,935	0,04	
7,94	0,02	
7,945	0	
7,95	-0,02	
7,955	-0,05	
7,96	-0,06	
7,965	-0,07	
7,97	-0,09	
7,975	-0,11	
7,98	-0,13	
7,985	-0,15	
7,99	-0,17	
7,995	-0,18	
8,0	-0,2	
8,005	-0,22	
8,01	-0,24	
8,015	-0,26	
8,02	-0,28	
8,025	-0,3	
8,03	-0,31	
8,035	-0,32	
8,04	-0,33	
8,045	-0,35	
8,05	-0,37	
8,055	-0,39	
8,06	-0,41	
8,065	-0,42	
8,07	-0,43	
8,075	-0,45	
8,08	-0,46	
8,085	-0,47	
8,09	-0,49	
8,095	-0,5	
8,1	-0,52	
8,105	-0,53	
8,11	-0,54	
8,115	-0,55	
8,12	-0,56	
8,125	-0,57	
8,13	-0,58	
8,135	-0,6	
8,14	-0,61	
8,145	-0,62	
8,15	-0,63	
8,155	-0,63	
8,16	-0,63	
8,165	-0,64	
8,17	-0,65	
8,175	-0,66	
8,18	-0,68	
8,185	-0,69	
8,19	-0,69	
8,195	-0,69	
8,2	-0,69	
8,205	-0,69	
8,21	-0,7	
8,215	-0,71	
8,22	-0,72	
8,225	-0,72	
8,23	-0,72	
8,235	-0,72	
8,24	-0,72	
8,245	-0,72	
8,25	-0,72	
8,255	-0,72	
8,26	-0,73	
8,265	-0,72	
8,27	-0,72	
8,275	-0,72	
8,28	-0,71	
8,285	-0,71	
8,29	-0,71	
8,295	-0,71	
8,3	-0,71	
8,305	-0,71	
8,31	-0,7	
8,315	-0,69	
8,32	-0,68	
8,325	-0,68	
8,33	-0,68	
8,335	-0,67	
8,34	-0,66	
8,345	-0,65	
8,35	-0,64	
8,355	-0,63	
8,36	-0,62	
8,365	-0,61	
8,37	-0,61	
8,375	-0,6	
8,38	-0,59	
8,385	-0,58	
8,39	-0,57	
8,395	-0,55	
8,4	-0,54	
8,405	-0,53	
8,41	-0,52	
8,415	-0,51	
8,42	-0,5	
8,425	-0,48	
8,43	-0,47	
8,435	-0,45	
8,44	-0,44	
8,445	-0,43	
8,45	-0,42	
8,455	-0,4	
8,46	-0,38	
8,465	-0,36	
8,47	-0,35	
8,475	-0,33	
8,48	-0,32	
8,485	-0,3	
8,49	-0,29	
8,495	-0,27	
8,5	-0,25	
8,505	-0,23	
8,51	-0,22	
8,515	-0,2	
8,52	-0,19	
8,525	-0,17	
8,53	-0,16	
8,535	-0,15	
8,54	-0,13	
8,545	-0,1	
8,55	-0,08	
8,555	-0,06	
8,56	-0,04	
8,565	-0,03	
8,57	-0,02	
8,575	-0,01	
8,58	0,01	
8,585	0,03	
8,59	0,06	
8,595	0,08	
8,6	0,09	
8,605	0,1	
8,61	0,12	
8,615	0,13	
8,62	0,15	
8,625	0,17	
8,63	0,19	
8,635	0,21	
8,64	0,22	
8,645	0,23	
8,65	0,25	
8,655	0,27	
8,66	0,28	
8,665	0,3	
8,67	0,31	
8,675	0,33	
8,68	0,34	
8,685	0,35	
8,69	0,37	
8,695	0,38	
8,7	0,4	
8,705	0,41	
8,71	0,43	
8,715	0,44	
8,72	0,44	
8,725	0,46	
8,73	0,47	
8,735	0,48	
8,74	0,49	
8,745	0,51	
8,75	0,52	
8,755	0,53	
8,76	0,53	
8,765	0,54	
8,77	0,55	
8,775	0,56	
8,78	0,57	
8,785	0,58	
8,79	0,59	
8,795	0,6	
8,8	0,6	
8,805	0,6	
8,81	0,61	
8,815	0,61	
8,82	0,62	
8,825	0,63	
8,83	0,64	
8,835	0,64	
8,84	0,64	
8,845	0,64	
8,85	0,64	
8,855	0,64	
8,86	0,65	
8,865	0,66	
8,87	0,66	
8,875	0,65	
8,88	0,65	
8,885	0,65	
8,89	0,65	
8,895	0,65	
8,9	0,65	
8,905	0,65	
8,91	0,65	
8,915	0,64	
8,92	0,64	
8,925	0,64	
8,93	0,63	
8,935	0,63	
8,94	0,63	
8,945	0,63	
8,95	0,62	
8,955	0,61	
8,96	0,61	
8,965	0,6	
8,97	0,59	
8,975	0,59	
8,98	0,59	
8,985	0,58	
8,99	0,57	
8,995	0,56	
9,0	0,54	
9,005	0,53	
9,01	0,53	
9,015	0,52	
9,02	0,52	
9,025	0,51	
9,03	0,5	
9,035	0,49	
9,04	0,47	
9,045	0,46	
9,05	0,45	
9,055	0,44	
9,06	0,43	
9,065	0,42	
9,07	0,4	
9,075	0,39	
9,08	0,37	
9,085	0,36	
9,09	0,34	
9,095	0,33	
9,1	0,32	
9,105	0,31	
9,11	0,29	
9,115	0,28	
9,12	0,27	
9,125	0,25	
9,13	0,24	
9,135	0,23	
9,14	0,21	
9,145	0,2	
9,15	0,18	
9,155	0,16	
9,16	0,15	
9,165	0,14	
9,17	0,13	
9,175	0,12	
9,18	0,09	
9,185	0,08	
9,19	0,06	
9,195	0,04	
9,2	0,03	
9,205	0,02	
9,21	0,01	
9,215	-0,01	
9,22	-0,02	
9,225	-0,04	
9,23	-0,06	
9,235	-0,08	
9,24	-0,09	
9,245	-0,11	
9,25	-0,12	
9,255	-0,13	
9,26	-0,14	
9,265	-0,15	
9,27	-0,17	
9,275	-0,19	
9,28	-0,21	
9,285	-0,22	
9,29	-0,23	
9,295	-0,24	
9,3	-0,25	
9,305	-0,26	
9,31	-0,28	
9,315	-0,29	
9,32	-0,31	
9,325	-0,32	
9,33	-0,33	
9,335	-0,34	
9,34	-0,36	
9,345	-0,37	
9,35	-0,38	
9,355	-0,39	
9,36	-0,4	
9,365	-0,41	
9,37	-0,42	
9,375	-0,43	
9,38	-0,44	
9,385	-0,45	
9,39	-0,46	
9,395	-0,47	
9,4	-0,48	
9,405	-0,48	
9,41	-0,49	
9,415	-0,49	
9,42	-0,5	
9,425	-0,51	
9,43	-0,52	
9,435	-0,53	
9,44	-0,53	
9,445	-0,53	
9,45	-0,54	
9,455	-0,54	
9,46	-0,54	
9,465	-0,55	
9,47	-0,56	
9,475	-0,56	
9,48	-0,56	
9,485	-0,57	
9,49	-0,57	
9,495	-0,57	
9,5	-0,57	
9,505	-0,58	
9,51	-0,58	
9,515	-0,58	
9,52	-0,58	
9,525	-0,58	
9,53	-0,58	
9,535	-0,57	
9,54	-0,58	
9,545	-0,58	
9,55	-0,58	
9,555	-0,57	
9,56	-0,57	
9,565	-0,56	
9,57	-0,56	
9,575	-0,56	
9,58	-0,56	
9,585	-0,56	
9,59	-0,56	
9,595	-0,55	
9,6	-0,54	
9,605	-0,53	
9,61	-0,53	
9,615	-0,52	
9,62	-0,52	
9,625	-0,51	
9,63	-0,51	
9,635	-0,5	
9,64	-0,49	
9,645	-0,49	
9,65	-0,48	
9,655	-0,47	
9,66	-0,47	
9,665	-0,46	
9,67	-0,45	
9,675	-0,44	
9,68	-0,43	
9,685	-0,42	
9,69	-0,41	
9,695	-0,4	
9,7	-0,4	
9,705	-0,39	
9,71	-0,38	
9,715	-0,36	
9,72	-0,35	
9,725	-0,34	
9,73	-0,32	
9,735	-0,32	
9,74	-0,31	
9,745	-0,3	
9,75	-0,29	
9,755	-0,28	
9,76	-0,27	
9,765	-0,25	
9,77	-0,24	
9,775	-0,22	
9,78	-0,21	
9,785	-0,2	
9,79	-0,19	
9,795	-0,18	
9,8	-0,17	
9,805	-0,16	
9,81	-0,15	
9,815	-0,13	
9,82	-0,11	
9,825	-0,1	
9,83	-0,08	
9,835	-0,07	
9,84	-0,06	
9,845	-0,05	
9,85	-0,04	
9,855	-0,03	
9,86	-0,02	
9,865	0	
9,87	0,01	
9,875	0,03	
9,88	0,04	
9,885	0,05	
9,89	0,06	
9,895	0,07	
9,9	0,09	
9,905	0,09	
9,91	0,11	
9,915	0,13	
9,92	0,14	
9,925	0,15	
9,93	0,16	
9,935	0,17	
9,94	0,18	
9,945	0,19	
9,95	0,2	
9,955	0,22	
9,96	0,23	
9,965	0,24	
9,97	0,25	
9,975	0,26	
9,98	0,27	
9,985	0,28	
9,99	0,29	
9,995	0,29	
10,0	0,31	
10,005	0,32	
10,01	0,33	
10,015	0,34	
10,02	0,35	
10,025	0,35	
10,03	0,36	
10,035	0,37	
10,04	0,38	
10,045	0,39	
10,05	0,39	
10,055	0,4	
10,06	0,4	
10,065	0,42	
10,07	0,42	
10,075	0,43	
10,08	0,43	
10,085	0,44	
10,09	0,45	
10,095	0,45	
10,1	0,45	
10,105	0,45	
10,11	0,46	
10,115	0,47	
10,12	0,47	
10,125	0,48	
10,13	0,48	
10,135	0,49	
10,14	0,49	
10,145	0,49	
10,15	0,49	
10,155	0,49	
10,16	0,49	
10,165	0,5	
10,17	0,5	
10,175	0,5	
10,18	0,5	
10,185	0,5	
10,19	0,5	
10,195	0,5	
10,2	0,5	
10,205	0,5	
10,21	0,5	
10,215	0,49	
10,22	0,49	
10,225	0,49	
10,23	0,49	
10,235	0,49	
10,24	0,49	
10,245	0,49	
10,25	0,49	
10,255	0,48	
10,26	0,48	
10,265	0,48	
10,27	0,47	
10,275	0,46	
10,28	0,46	
10,285	0,46	
10,29	0,45	
10,295	0,44	
10,3	0,44	
10,305	0,43	
10,31	0,43	
10,315	0,42	
10,32	0,42	
10,325	0,41	
10,33	0,4	
10,335	0,4	
10,34	0,39	
10,345	0,39	
10,35	0,38	
10,355	0,37	
10,36	0,36	
10,365	0,36	
10,37	0,35	
10,375	0,34	
10,38	0,33	
10,385	0,32	
10,39	0,31	
10,395	0,3	
10,4	0,3	
10,405	0,29	
10,41	0,27	
10,415	0,26	
10,42	0,25	
10,425	0,24	
10,43	0,23	
10,435	0,23	
10,44	0,22	
10,445	0,21	
10,45	0,19	
10,455	0,18	
10,46	0,17	
10,465	0,16	
10,47	0,15	
10,475	0,14	
10,48	0,13	
10,485	0,12	
10,49	0,11	
10,495	0,1	
10,5	0,09	
10,505	0,08	
10,51	0,07	
10,515	0,06	
10,52	0,04	
10,525	0,03	
10,53	0,02	
10,535	0,01	
10,54	0	
10,545	-0,01	
10,55	-0,02	
10,555	-0,03	
10,56	-0,05	
10,565	-0,06	
10,57	-0,07	
10,575	-0,08	
10,58	-0,09	
10,585	-0,09	
10,59	-0,11	
10,595	-0,12	
10,6	-0,13	
10,605	-0,15	
10,61	-0,16	
10,615	-0,17	
10,62	-0,18	
10,625	-0,19	
10,63	-0,2	
10,635	-0,21	
10,64	-0,22	
10,645	-0,23	
10,65	-0,24	
10,655	-0,25	
10,66	-0,25	
10,665	-0,26	
10,67	-0,27	
10,675	-0,28	
10,68	-0,28	
10,685	-0,29	
10,69	-0,3	
10,695	-0,31	
10,7	-0,32	
10,705	-0,33	
10,71	-0,34	
10,715	-0,35	
10,72	-0,36	
10,725	-0,36	
10,73	-0,37	
10,735	-0,38	
10,74	-0,38	
10,745	-0,39	
10,75	-0,39	
10,755	-0,4	
10,76	-0,41	
10,765	-0,42	
10,77	-0,42	
10,775	-0,43	
10,78	-0,43	
10,785	-0,43	
10,79	-0,44	
10,795	-0,44	
10,8	-0,45	
10,805	-0,45	
10,81	-0,45	
10,815	-0,46	
10,82	-0,46	
10,825	-0,47	
10,83	-0,47	
10,835	-0,47	
10,84	-0,47	
10,845	-0,47	
10,85	-0,48	
10,855	-0,48	
10,86	-0,48	
10,865	-0,48	
10,87	-0,48	
10,875	-0,48	
10,88	-0,48	
10,885	-0,48	
10,89	-0,48	
10,895	-0,48	
10,9	-0,48	
10,905	-0,48	
10,91	-0,48	
10,915	-0,47	
10,92	-0,47	
10,925	-0,47	
10,93	-0,47	
10,935	-0,47	
10,94	-0,47	
10,945	-0,46	
10,95	-0,46	
10,955	-0,45	
10,96	-0,45	
10,965	-0,45	
10,97	-0,44	
10,975	-0,44	
10,98	-0,43	
10,985	-0,43	
10,99	-0,43	
10,995	-0,42	
11,0	-0,41	
11,005	-0,41	
11,01	-0,41	
11,015	-0,4	
11,02	-0,39	
11,025	-0,39	
11,03	-0,38	
11,035	-0,37	
11,04	-0,36	
11,045	-0,36	
11,05	-0,35	
11,055	-0,35	
11,06	-0,34	
11,065	-0,33	
11,07	-0,32	
11,075	-0,31	
11,08	-0,31	
11,085	-0,29	
11,09	-0,29	
11,095	-0,27	
11,1	-0,26	
11,105	-0,25	
11,11	-0,24	
11,115	-0,23	
11,12	-0,22	
11,125	-0,21	
11,13	-0,21	
11,135	-0,2	
11,14	-0,18	
11,145	-0,17	
11,15	-0,16	
11,155	-0,15	
11,16	-0,14	
11,165	-0,13	
11,17	-0,12	
11,175	-0,11	
11,18	-0,1	
11,185	-0,08	
11,19	-0,07	
11,195	-0,06	
11,2	-0,05	
11,205	-0,04	
11,21	-0,03	
11,215	-0,02	
11,22	-0,01	
11,225	0	
11,23	0,02	
11,235	0,03	
11,24	0,04	
11,245	0,05	
11,25	0,06	
11,255	0,07	
11,26	0,08	
11,265	0,09	
11,27	0,1	
11,275	0,12	
11,28	0,13	
11,285	0,14	
11,29	0,15	
11,295	0,16	
11,3	0,17	
11,305	0,19	
11,31	0,2	
11,315	0,21	
11,32	0,22	
11,325	0,23	
11,33	0,24	
11,335	0,25	
11,34	0,26	
11,345	0,27	
11,35	0,28	
11,355	0,29	
11,36	0,3	
11,365	0,32	
11,37	0,32	
11,375	0,33	
11,38	0,34	
11,385	0,35	
11,39	0,36	
11,395	0,37	
11,4	0,37	
11,405	0,38	
11,41	0,39	
11,415	0,4	
11,42	0,41	
11,425	0,42	
11,43	0,42	
11,435	0,43	
11,44	0,43	
11,445	0,44	
11,45	0,45	
11,455	0,46	
11,46	0,47	
11,465	0,48	
11,47	0,48	
11,475	0,48	
11,48	0,49	
11,485	0,49	
11,49	0,49	
11,495	0,5	
11,5	0,5	
11,505	0,51	
11,51	0,51	
11,515	0,51	
11,52	0,52	
11,525	0,52	
11,53	0,52	
11,535	0,53	
11,54	0,53	
11,545	0,53	
11,55	0,53	
11,555	0,53	
11,56	0,53	
11,565	0,53	
11,57	0,53	
11,575	0,53	
11,58	0,53	
11,585	0,53	
11,59	0,53	
11,595	0,52	
11,6	0,52	
11,605	0,52	
11,61	0,52	
11,615	0,52	
11,62	0,51	
11,625	0,51	
11,63	0,5	
11,635	0,5	
11,64	0,49	
11,645	0,49	
11,65	0,49	
11,655	0,49	
11,66	0,48	
11,665	0,48	
11,67	0,47	
11,675	0,46	
11,68	0,46	
11,685	0,45	
11,69	0,44	
11,695	0,44	
11,7	0,43	
11,705	0,42	
11,71	0,41	
11,715	0,4	
11,72	0,4	
11,725	0,39	
11,73	0,38	
11,735	0,37	
11,74	0,36	
11,745	0,35	
11,75	0,34	
11,755	0,33	
11,76	0,31	
11,765	0,31	
11,77	0,3	
11,775	0,28	
11,78	0,27	
11,785	0,26	
11,79	0,25	
11,795	0,24	
11,8	0,23	
11,805	0,22	
11,81	0,21	
11,815	0,2	
11,82	0,18	
11,825	0,16	
11,83	0,15	
11,835	0,14	
11,84	0,13	
11,845	0,12	
11,85	0,11	
11,855	0,1	
11,86	0,08	
11,865	0,06	
11,87	0,04	
11,875	0,03	
11,88	0,02	
11,885	0	
11,89	-0,01	
11,895	-0,02	
11,9	-0,04	
11,905	-0,05	
11,91	-0,07	
11,915	-0,08	
11,92	-0,09	
11,925	-0,1	
11,93	-0,12	
11,935	-0,13	
11,94	-0,14	
11,945	-0,16	
11,95	-0,17	
11,955	-0,18	
11,96	-0,2	
11,965	-0,21	
11,97	-0,23	
11,975	-0,24	
11,98	-0,25	
11,985	-0,26	
11,99	-0,28	
11,995	-0,28	
12,0	-0,29	
12,005	-0,31	
12,01	-0,32	
12,015	-0,33	
12,02	-0,35	
12,025	-0,36	
12,03	-0,37	
12,035	-0,38	
12,04	-0,39	
12,045	-0,4	
12,05	-0,41	
12,055	-0,42	
12,06	-0,43	
12,065	-0,45	
12,07	-0,46	
12,075	-0,46	
12,08	-0,47	
12,085	-0,48	
12,09	-0,49	
12,095	-0,5	
12,1	-0,51	
12,105	-0,52	
12,11	-0,53	
12,115	-0,53	
12,12	-0,54	
12,125	-0,54	
12,13	-0,55	
12,135	-0,55	
12,14	-0,57	
12,145	-0,57	
12,15	-0,57	
12,155	-0,58	
12,16	-0,58	
12,165	-0,59	
12,17	-0,59	
12,175	-0,59	
12,18	-0,6	
12,185	-0,6	
12,19	-0,61	
12,195	-0,61	
12,2	-0,61	
12,205	-0,61	
12,21	-0,61	
12,215	-0,61	
12,22	-0,61	
12,225	-0,61	
12,23	-0,61	
12,235	-0,61	
12,24	-0,61	
12,245	-0,6	
12,25	-0,6	
12,255	-0,6	
12,26	-0,6	
12,265	-0,59	
12,27	-0,59	
12,275	-0,59	
12,28	-0,58	
12,285	-0,58	
12,29	-0,58	
12,295	-0,57	
12,3	-0,57	
12,305	-0,56	
12,31	-0,55	
12,315	-0,55	
12,32	-0,54	
12,325	-0,53	
12,33	-0,52	
12,335	-0,52	
12,34	-0,51	
12,345	-0,5	
12,35	-0,49	
12,355	-0,48	
12,36	-0,47	
12,365	-0,46	
12,37	-0,45	
12,375	-0,44	
12,38	-0,43	
12,385	-0,42	
12,39	-0,41	
12,395	-0,4	
12,4	-0,39	
12,405	-0,38	
12,41	-0,36	
12,415	-0,34	
12,42	-0,33	
12,425	-0,32	
12,43	-0,31	
12,435	-0,29	
12,44	-0,28	
12,445	-0,27	
12,45	-0,25	
12,455	-0,24	
12,46	-0,22	
12,465	-0,21	
12,47	-0,19	
12,475	-0,18	
12,48	-0,17	
12,485	-0,15	
12,49	-0,13	
12,495	-0,12	
12,5	-0,11	
12,505	-0,09	
12,51	-0,07	
12,515	-0,06	
12,52	-0,04	
12,525	-0,02	
12,53	0	
12,535	0,01	
12,54	0,03	
12,545	0,04	
12,55	0,05	
12,555	0,07	
12,56	0,09	
12,565	0,1	
12,57	0,12	
12,575	0,14	
12,58	0,16	
12,585	0,17	
12,59	0,18	
12,595	0,2	
12,6	0,22	
12,605	0,23	
12,61	0,25	
12,615	0,26	
12,62	0,27	
12,625	0,29	
12,63	0,3	
12,635	0,31	
12,64	0,34	
12,645	0,35	
12,65	0,37	
12,655	0,38	
12,66	0,39	
12,665	0,4	
12,67	0,41	
12,675	0,43	
12,68	0,44	
12,685	0,46	
12,69	0,47	
12,695	0,48	
12,7	0,49	
12,705	0,5	
12,71	0,51	
12,715	0,52	
12,72	0,53	
12,725	0,54	
12,73	0,56	
12,735	0,57	
12,74	0,58	
12,745	0,58	
12,75	0,59	
12,755	0,6	
12,76	0,61	
12,765	0,61	
12,77	0,62	
12,775	0,63	
12,78	0,64	
12,785	0,64	
12,79	0,65	
12,795	0,65	
12,8	0,66	
12,805	0,66	
12,81	0,67	
12,815	0,67	
12,82	0,67	
12,825	0,67	
12,83	0,67	
12,835	0,67	
12,84	0,68	
12,845	0,68	
12,85	0,68	
12,855	0,68	
12,86	0,68	
12,865	0,68	
12,87	0,68	
12,875	0,68	
12,88	0,68	
12,885	0,68	
12,89	0,67	
12,895	0,67	
12,9	0,66	
12,905	0,66	
12,91	0,65	
12,915	0,65	
12,92	0,64	
12,925	0,64	
12,93	0,63	
12,935	0,63	
12,94	0,62	
12,945	0,61	
12,95	0,61	
12,955	0,6	
12,96	0,59	
12,965	0,58	
12,97	0,57	
12,975	0,56	
12,98	0,55	
12,985	0,54	
12,99	0,53	
12,995	0,52	
13,0	0,51	
13,005	0,49	
13,01	0,48	
13,015	0,47	
13,02	0,46	
13,025	0,45	
13,03	0,43	
13,035	0,42	
13,04	0,41	
13,045	0,39	
13,05	0,37	
13,055	0,36	
13,06	0,34	
13,065	0,33	
13,07	0,32	
13,075	0,31	
13,08	0,29	
13,085	0,27	
13,09	0,26	
13,095	0,23	
13,1	0,22	
13,105	0,2	
13,11	0,19	
13,115	0,17	
13,12	0,16	
13,125	0,14	
13,13	0,12	
13,135	0,1	
13,14	0,08	
13,145	0,07	
13,15	0,05	
13,155	0,03	
13,16	0,02	
13,165	0	
13,17	-0,02	
13,175	-0,03	
13,18	-0,05	
13,185	-0,08	
13,19	-0,09	
13,195	-0,11	
13,2	-0,13	
13,205	-0,15	
13,21	-0,16	
13,215	-0,18	
13,22	-0,2	
13,225	-0,21	
13,23	-0,23	
13,235	-0,25	
13,24	-0,26	
13,245	-0,28	
13,25	-0,3	
13,255	-0,31	
13,26	-0,33	
13,265	-0,34	
13,27	-0,35	
13,275	-0,37	
13,28	-0,39	
13,285	-0,4	
13,29	-0,42	
13,295	-0,44	
13,3	-0,45	
13,305	-0,46	
13,31	-0,48	
13,315	-0,49	
13,32	-0,5	
13,325	-0,52	
13,33	-0,53	
13,335	-0,54	
13,34	-0,55	
13,345	-0,56	
13,35	-0,57	
13,355	-0,59	
13,36	-0,6	
13,365	-0,61	
13,37	-0,62	
13,375	-0,63	
13,38	-0,64	
13,385	-0,64	
13,39	-0,65	
13,395	-0,65	
13,4	-0,66	
13,405	-0,67	
13,41	-0,67	
13,415	-0,68	
13,42	-0,69	
13,425	-0,69	
13,43	-0,7	
13,435	-0,7	
13,44	-0,7	
13,445	-0,71	
13,45	-0,71	
13,455	-0,72	
13,46	-0,72	
13,465	-0,72	
13,47	-0,73	
13,475	-0,73	
13,48	-0,72	
13,485	-0,73	
13,49	-0,72	
13,495	-0,72	
13,5	-0,72	
13,505	-0,71	
13,51	-0,71	
13,515	-0,71	
13,52	-0,71	
13,525	-0,71	
13,53	-0,7	
13,535	-0,7	
13,54	-0,69	
13,545	-0,69	
13,55	-0,68	
13,555	-0,67	
13,56	-0,66	
13,565	-0,66	
13,57	-0,65	
13,575	-0,64	
13,58	-0,63	
13,585	-0,62	
13,59	-0,61	
13,595	-0,6	
13,6	-0,59	
13,605	-0,58	
13,61	-0,57	
13,615	-0,56	
13,62	-0,55	
13,625	-0,54	
13,63	-0,53	
13,635	-0,52	
13,64	-0,5	
13,645	-0,49	
13,65	-0,48	
13,655	-0,46	
13,66	-0,45	
13,665	-0,43	
13,67	-0,42	
13,675	-0,41	
13,68	-0,39	
13,685	-0,37	
13,69	-0,35	
13,695	-0,34	
13,7	-0,32	
13,705	-0,3	
13,71	-0,29	
13,715	-0,27	
13,72	-0,26	
13,725	-0,25	
13,73	-0,23	
13,735	-0,2	
13,74	-0,18	
13,745	-0,17	
13,75	-0,15	
13,755	-0,13	
13,76	-0,12	
13,765	-0,1	
13,77	-0,08	
13,775	-0,07	
13,78	-0,04	
13,785	-0,02	
13,79	0	
13,795	0,01	
13,8	0,03	
13,805	0,04	
13,81	0,06	
13,815	0,08	
13,82	0,1	
13,825	0,13	
13,83	0,15	
13,835	0,16	
13,84	0,18	
13,845	0,2	
13,85	0,21	
13,855	0,23	
13,86	0,25	
13,865	0,26	
13,87	0,28	
13,875	0,3	
13,88	0,32	
13,885	0,33	
13,89	0,35	
13,895	0,36	
13,9	0,38	
13,905	0,39	
13,91	0,41	
13,915	0,43	
13,92	0,44	
13,925	0,46	
13,93	0,47	
13,935	0,48	
13,94	0,5	
13,945	0,51	
13,95	0,53	
13,955	0,54	
13,96	0,55	
13,965	0,57	
13,97	0,58	
13,975	0,59	
13,98	0,59	
13,985	0,6	
13,99	0,61	
13,995	0,62	
14,0	0,63	
14,005	0,64	
14,01	0,65	
14,015	0,66	
14,02	0,66	
14,025	0,67	
14,03	0,68	
14,035	0,69	
14,04	0,69	
14,045	0,7	
14,05	0,7	
14,055	0,71	
14,06	0,71	
14,065	0,71	
14,07	0,72	
14,075	0,72	
14,08	0,72	
14,085	0,72	
14,09	0,72	
14,095	0,73	
14,1	0,73	
14,105	0,73	
14,11	0,73	
14,115	0,73	
14,12	0,72	
14,125	0,72	
14,13	0,71	
14,135	0,71	
14,14	0,71	
14,145	0,71	
14,15	0,71	
14,155	0,7	
14,16	0,7	
14,165	0,69	
14,17	0,68	
14,175	0,68	
14,18	0,67	
14,185	0,66	
14,19	0,65	
14,195	0,65	
14,2	0,64	
14,205	0,63	
14,21	0,62	
14,215	0,61	
14,22	0,6	
14,225	0,59	
14,23	0,58	
14,235	0,57	
14,24	0,56	
14,245	0,55	
14,25	0,53	
14,255	0,52	
14,26	0,51	
14,265	0,5	
14,27	0,49	
14,275	0,47	
14,28	0,45	
14,285	0,44	
14,29	0,42	
14,295	0,41	
14,3	0,4	
14,305	0,38	
14,31	0,37	
14,315	0,35	
14,32	0,34	
14,325	0,31	
14,33	0,29	
14,335	0,28	
14,34	0,26	
14,345	0,25	
14,35	0,23	
14,355	0,22	
14,36	0,2	
14,365	0,18	
14,37	0,16	
14,375	0,15	
14,38	0,13	
14,385	0,11	
14,39	0,1	
14,395	0,08	
14,4	0,06	
14,405	0,05	
14,41	0,03	
14,415	0,01	
14,42	-0,01	
14,425	-0,02	
14,43	-0,04	
14,435	-0,06	
14,44	-0,08	
14,445	-0,1	
14,45	-0,12	
14,455	-0,13	
14,46	-0,15	
14,465	-0,17	
14,47	-0,19	
14,475	-0,21	
14,48	-0,22	
14,485	-0,24	
14,49	-0,26	
14,495	-0,27	
14,5	-0,28	
14,505	-0,3	
14,51	-0,32	
14,515	-0,33	
14,52	-0,35	
14,525	-0,36	
14,53	-0,38	
14,535	-0,39	
14,54	-0,4	
14,545	-0,42	
14,55	-0,43	
14,555	-0,45	
14,56	-0,46	
14,565	-0,47	
14,57	-0,48	
14,575	-0,5	
14,58	-0,51	
14,585	-0,52	
14,59	-0,53	
14,595	-0,55	
14,6	-0,56	
14,605	-0,57	
14,61	-0,58	
14,615	-0,58	
14,62	-0,59	
14,625	-0,6	
14,63	-0,61	
14,635	-0,62	
14,64	-0,63	
14,645	-0,64	
14,65	-0,65	
14,655	-0,65	
14,66	-0,66	
14,665	-0,66	
14,67	-0,67	
14,675	-0,67	
14,68	-0,68	
14,685	-0,68	
14,69	-0,68	
14,695	-0,69	
14,7	-0,69	
14,705	-0,69	
14,71	-0,69	
14,715	-0,69	
14,72	-0,69	
14,725	-0,69	
14,73	-0,69	
14,735	-0,69	
14,74	-0,69	
14,745	-0,68	
14,75	-0,69	
14,755	-0,68	
14,76	-0,68	
14,765	-0,68	
14,77	-0,68	
14,775	-0,67	
14,78	-0,67	
14,785	-0,66	
14,79	-0,66	
14,795	-0,65	
14,8	-0,65	
14,805	-0,64	
14,81	-0,63	
14,815	-0,62	
14,82	-0,62	
14,825	-0,61	
14,83	-0,6	
14,835	-0,6	
14,84	-0,59	
14,845	-0,58	
14,85	-0,57	
14,855	-0,56	
14,86	-0,55	
14,865	-0,54	
14,87	-0,52	
14,875	-0,51	
14,88	-0,5	
14,885	-0,49	
14,89	-0,47	
14,895	-0,46	
14,9	-0,45	
14,905	-0,44	
14,91	-0,43	
14,915	-0,41	
14,92	-0,4	
14,925	-0,38	
14,93	-0,37	
14,935	-0,35	
14,94	-0,34	
14,945	-0,33	
14,95	-0,31	
14,955	-0,3	
14,96	-0,28	
14,965	-0,26	
14,97	-0,25	
14,975	-0,23	
14,98	-0,22	
14,985	-0,2	
14,99	-0,19	
14,995	-0,17	
15,0	-0,16	
15,005	-0,13	
15,01	-0,12	
15,015	-0,1	
15,02	-0,08	
15,025	-0,07	
15,03	-0,05	
15,035	-0,04	
15,04	-0,02	
15,045	-0,01	
15,05	0,01	
15,055	0,03	
15,06	0,04	
15,065	0,05	
15,07	0,07	
15,075	0,08	
15,08	0,1	
15,085	0,12	
15,09	0,14	
15,095	0,15	
15,1	0,17	
15,105	0,19	
15,11	0,2	
15,115	0,21	
15,12	0,23	
15,125	0,25	
15,13	0,26	
15,135	0,27	
15,14	0,29	
15,145	0,3	
15,15	0,31	
15,155	0,33	
15,16	0,34	
15,165	0,36	
15,17	0,37	
15,175	0,39	
15,18	0,39	
15,185	0,4	
15,19	0,42	
15,195	0,43	
15,2	0,44	
15,205	0,45	
15,21	0,47	
15,215	0,48	
15,22	0,48	
15,225	0,49	
15,23	0,5	
15,235	0,51	
15,24	0,53	
15,245	0,54	
15,25	0,54	
15,255	0,55	
15,26	0,56	
15,265	0,56	
15,27	0,57	
15,275	0,58	
15,28	0,58	
15,285	0,59	
15,29	0,59	
15,295	0,6	
15,3	0,6	
15,305	0,6	
15,31	0,6	
15,315	0,61	
15,32	0,61	
15,325	0,62	
15,33	0,62	
15,335	0,62	
15,34	0,62	
15,345	0,62	
15,35	0,62	
15,355	0,62	
15,36	0,62	
15,365	0,62	
15,37	0,62	
15,375	0,62	
15,38	0,62	
15,385	0,62	
15,39	0,62	
15,395	0,61	
15,4	0,61	
15,405	0,61	
15,41	0,61	
15,415	0,6	
15,42	0,59	
15,425	0,58	
15,43	0,58	
15,435	0,58	
15,44	0,58	
15,445	0,57	
15,45	0,57	
15,455	0,56	
15,46	0,54	
15,465	0,54	
15,47	0,53	
15,475	0,52	
15,48	0,52	
15,485	0,51	
15,49	0,5	
15,495	0,49	
15,5	0,48	
15,505	0,46	
15,51	0,46	
15,515	0,45	
15,52	0,44	
15,525	0,42	
15,53	0,41	
15,535	0,4	
15,54	0,39	
15,545	0,38	
15,55	0,37	
15,555	0,36	
15,56	0,35	
15,565	0,34	
15,57	0,32	
15,575	0,31	
15,58	0,3	
15,585	0,28	
15,59	0,27	
15,595	0,26	
15,6	0,24	
15,605	0,23	
15,61	0,22	
15,615	0,2	
15,62	0,19	
15,625	0,18	
15,63	0,16	
15,635	0,15	
15,64	0,14	
15,645	0,12	
15,65	0,1	
15,655	0,09	
15,66	0,08	
15,665	0,06	
15,67	0,05	
15,675	0,04	
15,68	0,02	
15,685	0,01	
15,69	-0,02	
15,695	-0,03	
15,7	-0,04	
15,705	-0,05	
15,71	-0,07	
15,715	-0,08	
15,72	-0,09	
15,725	-0,1	
15,73	-0,12	
15,735	-0,14	
15,74	-0,15	
15,745	-0,16	
15,75	-0,18	
15,755	-0,19	
15,76	-0,2	
15,765	-0,21	
15,77	-0,22	
15,775	-0,23	
15,78	-0,25	
15,785	-0,26	
15,79	-0,28	
15,795	-0,28	
15,8	-0,29	
15,805	-0,3	
15,81	-0,31	
15,815	-0,33	
15,82	-0,34	
15,825	-0,35	
15,83	-0,36	
15,835	-0,37	
15,84	-0,38	
15,845	-0,39	
15,85	-0,4	
15,855	-0,41	
15,86	-0,41	
15,865	-0,42	
15,87	-0,43	
15,875	-0,44	
15,88	-0,45	
15,885	-0,46	
15,89	-0,47	
15,895	-0,47	
15,9	-0,48	
15,905	-0,48	
15,91	-0,49	
15,915	-0,5	
15,92	-0,5	
15,925	-0,51	
15,93	-0,51	
15,935	-0,52	
15,94	-0,52	
15,945	-0,52	
15,95	-0,52	
15,955	-0,53	
15,96	-0,53	
15,965	-0,54	
15,97	-0,54	
15,975	-0,54	
15,98	-0,54	
15,985	-0,54	
15,99	-0,54	
15,995	-0,54	
16,0	-0,54	
16,005	-0,55	
16,01	-0,55	
16,015	-0,55	
16,02	-0,54	
16,025	-0,54	
16,03	-0,53	
16,035	-0,53	
16,04	-0,53	
16,045	-0,53	
16,05	-0,53	
16,055	-0,53	
16,06	-0,52	
16,065	-0,52	
16,07	-0,52	
16,075	-0,51	
16,08	-0,51	
16,085	-0,51	
16,09	-0,5	
16,095	-0,49	
16,1	-0,48	
16,105	-0,48	
16,11	-0,47	
16,115	-0,46	
16,12	-0,46	
16,125	-0,46	
16,13	-0,45	
16,135	-0,44	
16,14	-0,43	
16,145	-0,42	
16,15	-0,41	
16,155	-0,41	
16,16	-0,4	
16,165	-0,4	
16,17	-0,39	
16,175	-0,38	
16,18	-0,37	
16,185	-0,36	
16,19	-0,35	
16,195	-0,34	
16,2	-0,33	
16,205	-0,32	
16,21	-0,31	
16,215	-0,3	
16,22	-0,29	
16,225	-0,28	
16,23	-0,27	
16,235	-0,25	
16,24	-0,24	
16,245	-0,23	
16,25	-0,22	
16,255	-0,21	
16,26	-0,2	
16,265	-0,19	
16,27	-0,18	
16,275	-0,17	
16,28	-0,15	
16,285	-0,14	
16,29	-0,13	
16,295	-0,12	
16,3	-0,11	
16,305	-0,1	
16,31	-0,09	
16,315	-0,08	
16,32	-0,07	
16,325	-0,05	
16,33	-0,03	
16,335	-0,02	
16,34	-0,01	
16,345	0	
16,35	0,01	
16,355	0,02	
16,36	0,03	
16,365	0,04	
16,37	0,06	
16,375	0,07	
16,38	0,08	
16,385	0,09	
16,39	0,1	
16,395	0,11	
16,4	0,12	
16,405	0,13	
16,41	0,15	
16,415	0,16	
16,42	0,17	
16,425	0,18	
16,43	0,19	
16,435	0,2	
16,44	0,21	
16,445	0,22	
16,45	0,23	
16,455	0,25	
16,46	0,26	
16,465	0,27	
16,47	0,28	
16,475	0,28	
16,48	0,29	
16,485	0,29	
16,49	0,31	
16,495	0,32	
16,5	0,32	
16,505	0,33	
16,51	0,35	
16,515	0,35	
16,52	0,36	
16,525	0,36	
16,53	0,37	
16,535	0,38	
16,54	0,38	
16,545	0,39	
16,55	0,39	
16,555	0,4	
16,56	0,41	
16,565	0,41	
16,57	0,42	
16,575	0,43	
16,58	0,43	
16,585	0,43	
16,59	0,44	
16,595	0,44	
16,6	0,45	
16,605	0,45	
16,61	0,46	
16,615	0,46	
16,62	0,47	
16,625	0,46	
16,63	0,46	
16,635	0,47	
16,64	0,47	
16,645	0,47	
16,65	0,48	
16,655	0,48	
16,66	0,48	
16,665	0,47	
16,67	0,47	
16,675	0,47	
16,68	0,47	
16,685	0,48	
16,69	0,48	
16,695	0,48	
16,7	0,48	
16,705	0,47	
16,71	0,47	
16,715	0,47	
16,72	0,47	
16,725	0,47	
16,73	0,47	
16,735	0,46	
16,74	0,46	
16,745	0,45	
16,75	0,45	
16,755	0,45	
16,76	0,45	
16,765	0,44	
16,77	0,44	
16,775	0,43	
16,78	0,42	
16,785	0,42	
16,79	0,41	
16,795	0,41	
16,8	0,41	
16,805	0,4	
16,81	0,4	
16,815	0,39	
16,82	0,38	
16,825	0,37	
16,83	0,36	
16,835	0,36	
16,84	0,36	
16,845	0,35	
16,85	0,34	
16,855	0,33	
16,86	0,32	
16,865	0,31	
16,87	0,3	
16,875	0,3	
16,88	0,29	
16,885	0,28	
16,89	0,27	
16,895	0,26	
16,9	0,25	
16,905	0,24	
16,91	0,23	
16,915	0,23	
16,92	0,22	
16,925	0,21	
16,93	0,2	
16,935	0,19	
16,94	0,17	
16,945	0,16	
16,95	0,16	
16,955	0,15	
16,96	0,14	
16,965	0,13	
16,97	0,12	
16,975	0,1	
16,98	0,09	
16,985	0,08	
16,99	0,07	
16,995	0,06	
17,0	0,06	
17,005	0,05	
17,01	0,03	
17,015	0,02	
17,02	0,01	
17,025	0	
17,03	-0,01	
17,035	-0,02	
17,04	-0,03	
17,045	-0,04	
17,05	-0,05	
17,055	-0,07	
17,06	-0,08	
17,065	-0,09	
17,07	-0,1	
17,075	-0,11	
17,08	-0,12	
17,085	-0,13	
17,09	-0,14	
17,095	-0,15	
17,1	-0,16	
17,105	-0,17	
17,11	-0,18	
17,115	-0,19	
17,12	-0,2	
17,125	-0,21	
17,13	-0,22	
17,135	-0,23	
17,14	-0,24	
17,145	-0,25	
17,15	-0,26	
17,155	-0,26	
17,16	-0,27	
17,165	-0,28	
17,17	-0,29	
17,175	-0,29	
17,18	-0,3	
17,185	-0,31	
17,19	-0,32	
17,195	-0,33	
17,2	-0,34	
17,205	-0,35	
17,21	-0,35	
17,215	-0,36	
17,22	-0,37	
17,225	-0,37	
17,23	-0,37	
17,235	-0,38	
17,24	-0,39	
17,245	-0,39	
17,25	-0,4	
17,255	-0,41	
17,26	-0,42	
17,265	-0,42	
17,27	-0,43	
17,275	-0,43	
17,28	-0,43	
17,285	-0,44	
17,29	-0,44	
17,295	-0,45	
17,3	-0,45	
17,305	-0,45	
17,31	-0,45	
17,315	-0,46	
17,32	-0,46	
17,325	-0,46	
17,33	-0,47	
17,335	-0,47	
17,34	-0,47	
17,345	-0,47	
17,35	-0,47	
17,355	-0,47	
17,36	-0,47	
17,365	-0,47	
17,37	-0,47	
17,375	-0,48	
17,38	-0,48	
17,385	-0,47	
17,39	-0,47	
17,395	-0,47	
17,4	-0,47	
17,405	-0,47	
17,41	-0,47	
17,415	-0,47	
17,42	-0,47	
17,425	-0,46	
17,43	-0,46	
17,435	-0,45	
17,44	-0,45	
17,445	-0,44	
17,45	-0,45	
17,455	-0,44	
17,46	-0,44	
17,465	-0,43	
17,47	-0,42	
17,475	-0,42	
17,48	-0,41	
17,485	-0,41	
17,49	-0,41	
17,495	-0,4	
17,5	-0,4	
17,505	-0,39	
17,51	-0,38	
17,515	-0,37	
17,52	-0,36	
17,525	-0,36	
17,53	-0,35	
17,535	-0,35	
17,54	-0,34	
17,545	-0,33	
17,55	-0,32	
17,555	-0,31	
17,56	-0,3	
17,565	-0,3	
17,57	-0,29	
17,575	-0,28	
17,58	-0,27	
17,585	-0,26	
17,59	-0,25	
17,595	-0,23	
17,6	-0,22	
17,605	-0,22	
17,61	-0,21	
17,615	-0,2	
17,62	-0,19	
17,625	-0,18	
17,63	-0,17	
17,635	-0,16	
17,64	-0,15	
17,645	-0,14	
17,65	-0,13	
17,655	-0,12	
17,66	-0,1	
17,665	-0,09	
17,67	-0,08	
17,675	-0,07	
17,68	-0,06	
17,685	-0,05	
17,69	-0,03	
17,695	-0,03	
17,7	-0,01	
17,705	0	
17,71	0,01	
17,715	0,02	
17,72	0,04	
17,725	0,04	
17,73	0,05	
17,735	0,07	
17,74	0,08	
17,745	0,1	
17,75	0,11	
17,755	0,12	
17,76	0,13	
17,765	0,14	
17,77	0,15	
17,775	0,16	
17,78	0,17	
17,785	0,19	
17,79	0,2	
17,795	0,21	
17,8	0,22	
17,805	0,23	
17,81	0,24	
17,815	0,25	
17,82	0,26	
17,825	0,27	
17,83	0,29	
17,835	0,3	
17,84	0,31	
17,845	0,31	
17,85	0,32	
17,855	0,33	
17,86	0,34	
17,865	0,35	
17,87	0,36	
17,875	0,38	
17,88	0,38	
17,885	0,39	
17,89	0,4	
17,895	0,41	
17,9	0,41	
17,905	0,42	
17,91	0,43	
17,915	0,43	
17,92	0,44	
17,925	0,45	
17,93	0,46	
17,935	0,47	
17,94	0,47	
17,945	0,47	
17,95	0,48	
17,955	0,48	
17,96	0,48	
17,965	0,49	
17,97	0,5	
17,975	0,5	
17,98	0,51	
17,985	0,51	
17,99	0,52	
17,995	0,52	
18,0	0,52	
18,005	0,52	
18,01	0,53	
18,015	0,53	
18,02	0,53	
18,025	0,53	
18,03	0,53	
18,035	0,53	
18,04	0,53	
18,045	0,53	
18,05	0,53	
18,055	0,53	
18,06	0,53	
18,065	0,53	
18,07	0,53	
18,075	0,52	
18,08	0,52	
18,085	0,52	
18,09	0,52	
18,095	0,52	
18,1	0,52	
18,105	0,52	
18,11	0,51	
18,115	0,5	
18,12	0,5	
18,125	0,5	
18,13	0,49	
18,135	0,49	
18,14	0,48	
18,145	0,47	
18,15	0,46	
18,155	0,46	
18,16	0,45	
18,165	0,45	
18,17	0,44	
18,175	0,44	
18,18	0,43	
18,185	0,42	
18,19	0,41	
18,195	0,4	
18,2	0,4	
18,205	0,39	
18,21	0,38	
18,215	0,37	
18,22	0,36	
18,225	0,35	
18,23	0,34	
18,235	0,32	
18,24	0,31	
18,245	0,3	
18,25	0,29	
18,255	0,28	
18,26	0,27	
18,265	0,26	
18,27	0,25	
18,275	0,23	
18,28	0,22	
18,285	0,21	
18,29	0,2	
18,295	0,19	
18,3	0,18	
18,305	0,16	
18,31	0,15	
18,315	0,14	
18,32	0,12	
18,325	0,11	
18,33	0,1	
18,335	0,08	
18,34	0,07	
18,345	0,05	
18,35	0,04	
18,355	0,03	
18,36	0,01	
18,365	0	
18,37	-0,02	
18,375	-0,04	
18,38	-0,05	
18,385	-0,06	
18,39	-0,07	
18,395	-0,08	
18,4	-0,09	
18,405	-0,11	
18,41	-0,12	
18,415	-0,14	
18,42	-0,16	
18,425	-0,17	
18,43	-0,18	
18,435	-0,2	
18,44	-0,21	
18,445	-0,22	
18,45	-0,23	
18,455	-0,24	
18,46	-0,25	
18,465	-0,28	
18,47	-0,29	
18,475	-0,3	
18,48	-0,32	
18,485	-0,33	
18,49	-0,34	
18,495	-0,35	
18,5	-0,36	
18,505	-0,37	
18,51	-0,38	
18,515	-0,39	
18,52	-0,4	
18,525	-0,41	
18,53	-0,42	
18,535	-0,44	
18,54	-0,44	
18,545	-0,46	
18,55	-0,47	
18,555	-0,48	
18,56	-0,49	
18,565	-0,49	
18,57	-0,5	
18,575	-0,52	
18,58	-0,52	
18,585	-0,53	
18,59	-0,54	
18,595	-0,54	
18,6	-0,55	
18,605	-0,56	
18,61	-0,56	
18,615	-0,57	
18,62	-0,57	
18,625	-0,58	
18,63	-0,58	
18,635	-0,59	
18,64	-0,59	
18,645	-0,6	
18,65	-0,59	
18,655	-0,6	
18,66	-0,6	
18,665	-0,6	
18,67	-0,61	
18,675	-0,61	
18,68	-0,61	
18,685	-0,61	
18,69	-0,61	
18,695	-0,61	
18,7	-0,61	
18,705	-0,61	
18,71	-0,61	
18,715	-0,61	
18,72	-0,61	
18,725	-0,6	
18,73	-0,6	
18,735	-0,6	
18,74	-0,6	
18,745	-0,6	
18,75	-0,59	
18,755	-0,59	
18,76	-0,58	
18,765	-0,58	
18,77	-0,57	
18,775	-0,57	
18,78	-0,56	
18,785	-0,55	
18,79	-0,55	
18,795	-0,54	
18,8	-0,53	
18,805	-0,52	
18,81	-0,52	
18,815	-0,51	
18,82	-0,5	
18,825	-0,49	
18,83	-0,48	
18,835	-0,47	
18,84	-0,46	
18,845	-0,45	
18,85	-0,44	
18,855	-0,43	
18,86	-0,42	
18,865	-0,41	
18,87	-0,4	
18,875	-0,38	
18,88	-0,36	
18,885	-0,35	
18,89	-0,34	
18,895	-0,33	
18,9	-0,32	
18,905	-0,31	
18,91	-0,29	
18,915	-0,28	
18,92	-0,26	
18,925	-0,25	
18,93	-0,23	
18,935	-0,22	
18,94	-0,21	
18,945	-0,19	
18,95	-0,18	
18,955	-0,16	
18,96	-0,15	
18,965	-0,13	
18,97	-0,11	
18,975	-0,1	
18,98	-0,09	
18,985	-0,07	
18,99	-0,05	
18,995	-0,04	
19,0	-0,02	
19,005	-0,01	
19,01	0,02	
19,015	0,03	
19,02	0,05	
19,025	0,06	
19,03	0,08	
19,035	0,09	
19,04	0,11	
19,045	0,12	
19,05	0,14	
19,055	0,16	
19,06	0,18	
19,065	0,19	
19,07	0,21	
19,075	0,22	
19,08	0,24	
19,085	0,25	
19,09	0,26	
19,095	0,28	
19,1	0,3	
19,105	0,31	
19,11	0,33	
19,115	0,34	
19,12	0,36	
19,125	0,37	
19,13	0,38	
19,135	0,39	
19,14	0,4	
19,145	0,41	
19,15	0,43	
19,155	0,45	
19,16	0,46	
19,165	0,47	
19,17	0,48	
19,175	0,49	
19,18	0,51	
19,185	0,51	
19,19	0,52	
19,195	0,54	
19,2	0,55	
19,205	0,56	
19,21	0,57	
19,215	0,58	
19,22	0,58	
19,225	0,59	
19,23	0,6	
19,235	0,6	
19,24	0,61	
19,245	0,62	
19,25	0,63	
19,255	0,64	
19,26	0,64	
19,265	0,64	
19,27	0,65	
19,275	0,65	
19,28	0,65	
19,285	0,66	
19,29	0,66	
19,295	0,66	
19,3	0,66	
19,305	0,67	
19,31	0,67	
19,315	0,67	
19,32	0,68	
19,325	0,68	
19,33	0,67	
19,335	0,67	
19,34	0,67	
19,345	0,67	
19,35	0,67	
19,355	0,67	
19,36	0,66	
19,365	0,66	
19,37	0,65	
19,375	0,65	
19,38	0,65	
19,385	0,65	
19,39	0,64	
19,395	0,64	
19,4	0,63	
19,405	0,62	
19,41	0,62	
19,415	0,61	
19,42	0,6	
19,425	0,59	
19,43	0,58	
19,435	0,58	
19,44	0,57	
19,445	0,56	
19,45	0,55	
19,455	0,54	
19,46	0,53	
19,465	0,52	
19,47	0,51	
19,475	0,5	
19,48	0,49	
19,485	0,47	
19,49	0,46	
19,495	0,45	
19,5	0,43	
19,505	0,42	
19,51	0,4	
19,515	0,39	
19,52	0,38	
19,525	0,36	
19,53	0,35	
19,535	0,34	
19,54	0,32	
19,545	0,31	
19,55	0,29	
19,555	0,27	
19,56	0,25	
19,565	0,24	
19,57	0,22	
19,575	0,21	
19,58	0,19	
19,585	0,18	
19,59	0,16	
19,595	0,15	
19,6	0,13	
19,605	0,11	
19,61	0,09	
19,615	0,07	
19,62	0,06	
19,625	0,04	
19,63	0,02	
19,635	0	
19,64	-0,01	
19,645	-0,03	
19,65	-0,06	
19,655	-0,07	
19,66	-0,09	
19,665	-0,1	
19,67	-0,12	
19,675	-0,14	
19,68	-0,16	
19,685	-0,17	
19,69	-0,18	
19,695	-0,21	
19,7	-0,22	
19,705	-0,24	
19,71	-0,25	
19,715	-0,27	
19,72	-0,29	
19,725	-0,3	
19,73	-0,32	
19,735	-0,33	
19,74	-0,35	
19,745	-0,37	
19,75	-0,38	
19,755	-0,4	
19,76	-0,41	
19,765	-0,43	
19,77	-0,44	
19,775	-0,45	
19,78	-0,46	
19,785	-0,48	
19,79	-0,49	
19,795	-0,51	
19,8	-0,52	
19,805	-0,53	
19,81	-0,54	
19,815	-0,55	
19,82	-0,56	
19,825	-0,57	
19,83	-0,58	
19,835	-0,59	
19,84	-0,6	
19,845	-0,61	
19,85	-0,62	
19,855	-0,63	
19,86	-0,63	
19,865	-0,64	
19,87	-0,65	
19,875	-0,66	
19,88	-0,67	
19,885	-0,67	
19,89	-0,68	
19,895	-0,68	
19,9	-0,69	
19,905	-0,69	
19,91	-0,69	
19,915	-0,7	
19,92	-0,7	
19,925	-0,7	
19,93	-0,7	
19,935	-0,71	
19,94	-0,71	
19,945	-0,71	
19,95	-0,71	
19,955	-0,71	
19,96	-0,71	
19,965	-0,7	
19,97	-0,71	
19,975	-0,7	
19,98	-0,7	
19,985	-0,69	
19,99	-0,69	
19,995	-0,69	
20,0	-0,69	
20,005	-0,68	
20,01	-0,67	
20,015	-0,67	
20,02	-0,66	
20,025	-0,66	
20,03	-0,65	
20,035	-0,64	
20,04	-0,64	
20,045	-0,63	
20,05	-0,62	
20,055	-0,61	
20,06	-0,6	
20,065	-0,59	
20,07	-0,58	
20,075	-0,57	
20,08	-0,56	
20,085	-0,55	
20,09	-0,54	
20,095	-0,53	
20,1	-0,52	
20,105	-0,5	
20,11	-0,49	
20,115	-0,48	
20,12	-0,46	
20,125	-0,45	
20,13	-0,44	
20,135	-0,42	
20,14	-0,41	
20,145	-0,4	
20,15	-0,38	
20,155	-0,37	
20,16	-0,35	
20,165	-0,33	
20,17	-0,32	
20,175	-0,3	
20,18	-0,29	
20,185	-0,27	
20,19	-0,25	
20,195	-0,23	
20,2	-0,22	
20,205	-0,2	
20,21	-0,18	
20,215	-0,17	
20,22	-0,15	
20,225	-0,13	
20,23	-0,12	
20,235	-0,1	
20,24	-0,07	
20,245	-0,06	
20,25	-0,04	
20,255	-0,03	
20,26	-0,01	
20,265	0	
20,27	0,02	
20,275	0,04	
20,28	0,06	
20,285	0,08	
20,29	0,1	
20,295	0,12	
20,3	0,14	
20,305	0,15	
20,31	0,17	
20,315	0,19	
20,32	0,2	
20,325	0,22	
20,33	0,25	
20,335	0,26	
20,34	0,28	
20,345	0,29	
20,35	0,3	
20,355	0,32	
20,36	0,33	
20,365	0,35	
20,37	0,36	
20,375	0,39	
20,38	0,4	
20,385	0,42	
20,39	0,43	
20,395	0,44	
20,4	0,46	
20,405	0,47	
20,41	0,48	
20,415	0,49	
20,42	0,51	
20,425	0,52	
20,43	0,53	
20,435	0,55	
20,44	0,56	
20,445	0,56	
20,45	0,57	
20,455	0,58	
20,46	0,59	
20,465	0,6	
20,47	0,61	
20,475	0,62	
20,48	0,63	
20,485	0,63	
20,49	0,64	
20,495	0,65	
20,5	0,66	
20,505	0,66	
20,51	0,67	
20,515	0,68	
20,52	0,68	
20,525	0,68	
20,53	0,68	
20,535	0,69	
20,54	0,69	
20,545	0,7	
20,55	0,7	
20,555	0,7	
20,56	0,7	
20,565	0,7	
20,57	0,7	
20,575	0,7	
20,58	0,7	
20,585	0,7	
20,59	0,7	
20,595	0,7	
20,6	0,7	
20,605	0,69	
20,61	0,69	
20,615	0,69	
20,62	0,68	
20,625	0,68	
20,63	0,68	
20,635	0,67	
20,64	0,67	
20,645	0,66	
20,65	0,65	
20,655	0,64	
20,66	0,64	
20,665	0,63	
20,67	0,62	
20,675	0,61	
20,68	0,6	
20,685	0,59	
20,69	0,58	
20,695	0,57	
20,7	0,56	
20,705	0,56	
20,71	0,54	
20,715	0,53	
20,72	0,52	
20,725	0,51	
20,73	0,5	
20,735	0,49	
20,74	0,47	
20,745	0,46	
20,75	0,44	
20,755	0,43	
20,76	0,41	
20,765	0,39	
20,77	0,38	
20,775	0,37	
20,78	0,36	
20,785	0,34	
20,79	0,33	
20,795	0,31	
20,8	0,29	
20,805	0,27	
20,81	0,26	
20,815	0,25	
20,82	0,23	
20,825	0,22	
20,83	0,19	
20,835	0,18	
20,84	0,16	
20,845	0,15	
20,85	0,13	
20,855	0,12	
20,86	0,1	
20,865	0,08	
20,87	0,06	
20,875	0,04	
20,88	0,02	
20,885	0,01	
20,89	-0,01	
20,895	-0,02	
20,9	-0,04	
20,905	-0,05	
20,91	-0,07	
20,915	-0,09	
20,92	-0,12	
20,925	-0,13	
20,93	-0,15	
20,935	-0,16	
20,94	-0,17	
20,945	-0,19	
20,95	-0,2	
20,955	-0,22	
20,96	-0,24	
20,965	-0,25	
20,97	-0,27	
20,975	-0,29	
20,98	-0,3	
20,985	-0,32	
20,99	-0,33	
20,995	-0,35	
21,0	-0,36	
21,005	-0,37	
21,01	-0,39	
21,015	-0,4	
21,02	-0,41	
21,025	-0,43	
21,03	-0,44	
21,035	-0,45	
21,04	-0,46	
21,045	-0,47	
21,05	-0,48	
21,055	-0,5	
21,06	-0,51	
21,065	-0,52	
21,07	-0,53	
21,075	-0,54	
21,08	-0,55	
21,085	-0,56	
21,09	-0,57	
21,095	-0,57	
21,1	-0,58	
21,105	-0,59	
21,11	-0,6	
21,115	-0,6	
21,12	-0,61	
21,125	-0,62	
21,13	-0,62	
21,135	-0,63	
21,14	-0,63	
21,145	-0,64	
21,15	-0,65	
21,155	-0,65	
21,16	-0,65	
21,165	-0,65	
21,17	-0,65	
21,175	-0,65	
21,18	-0,66	
21,185	-0,66	
21,19	-0,67	
21,195	-0,67	
21,2	-0,67	
21,205	-0,66	
21,21	-0,66	
21,215	-0,66	
21,22	-0,65	
21,225	-0,66	
21,23	-0,66	
21,235	-0,65	
21,24	-0,65	
21,245	-0,64	
21,25	-0,64	
21,255	-0,63	
21,26	-0,63	
21,265	-0,62	
21,27	-0,62	
21,275	-0,61	
21,28	-0,61	
21,285	-0,6	
21,29	-0,59	
21,295	-0,58	
21,3	-0,58	
21,305	-0,57	
21,31	-0,56	
21,315	-0,55	
21,32	-0,54	
21,325	-0,53	
21,33	-0,52	
21,335	-0,51	
21,34	-0,5	
21,345	-0,5	
21,35	-0,48	
21,355	-0,47	
21,36	-0,46	
21,365	-0,45	
21,37	-0,44	
21,375	-0,42	
21,38	-0,41	
21,385	-0,4	
21,39	-0,38	
21,395	-0,37	
21,4	-0,36	
21,405	-0,35	
21,41	-0,33	
21,415	-0,32	
21,42	-0,31	
21,425	-0,29	
21,43	-0,27	
21,435	-0,26	
21,44	-0,24	
21,445	-0,23	
21,45	-0,21	
21,455	-0,2	
21,46	-0,19	
21,465	-0,18	
21,47	-0,15	
21,475	-0,14	
21,48	-0,12	
21,485	-0,11	
21,49	-0,09	
21,495	-0,08	
21,5	-0,06	
21,505	-0,05	
21,51	-0,03	
21,515	-0,01	
21,52	0	
21,525	0,02	
21,53	0,03	
21,535	0,05	
21,54	0,06	
21,545	0,07	
21,55	0,09	
21,555	0,11	
21,56	0,13	
21,565	0,14	
21,57	0,16	
21,575	0,17	
21,58	0,18	
21,585	0,19	
21,59	0,21	
21,595	0,22	
21,6	0,24	
21,605	0,26	
21,61	0,28	
21,615	0,29	
21,62	0,3	
21,625	0,31	
21,63	0,32	
21,635	0,33	
21,64	0,34	
21,645	0,35	
21,65	0,37	
21,655	0,38	
21,66	0,39	
21,665	0,4	
21,67	0,41	
21,675	0,42	
21,68	0,43	
21,685	0,44	
21,69	0,45	
21,695	0,47	
21,7	0,47	
21,705	0,48	
21,71	0,49	
21,715	0,5	
21,72	0,51	
21,725	0,51	
21,73	0,52	
21,735	0,52	
21,74	0,53	
21,745	0,54	
21,75	0,54	
21,755	0,55	
21,76	0,56	
21,765	0,56	
21,77	0,57	
21,775	0,57	
21,78	0,57	
21,785	0,57	
21,79	0,58	
21,795	0,58	
21,8	0,59	
21,805	0,59	
21,81	0,59	
21,815	0,59	
21,82	0,59	
21,825	0,59	
21,83	0,59	
21,835	0,59	
21,84	0,6	
21,845	0,6	
21,85	0,59	
21,855	0,59	
21,86	0,59	
21,865	0,58	
21,87	0,58	
21,875	0,58	
21,88	0,58	
21,885	0,57	
21,89	0,57	
21,895	0,56	
21,9	0,56	
21,905	0,55	
21,91	0,55	
21,915	0,55	
21,92	0,54	
21,925	0,53	
21,93	0,52	
21,935	0,52	
21,94	0,51	
21,945	0,5	
21,95	0,5	
21,955	0,49	
21,96	0,48	
21,965	0,47	
21,97	0,46	
21,975	0,45	
21,98	0,44	
21,985	0,44	
21,99	0,43	
21,995	0,42	
22,0	0,41	
22,005	0,4	
22,01	0,38	
22,015	0,37	
22,02	0,36	
22,025	0,35	
22,03	0,34	
22,035	0,33	
22,04	0,32	
22,045	0,31	
22,05	0,29	
22,055	0,28	
22,06	0,26	
22,065	0,25	
22,07	0,24	
22,075	0,23	
22,08	0,22	
22,085	0,21	
22,09	0,19	
22,095	0,18	
22,1	0,17	
22,105	0,15	
22,11	0,14	
22,115	0,13	
22,12	0,11	
22,125	0,1	
22,13	0,09	
22,135	0,08	
22,14	0,06	
22,145	0,05	
22,15	0,03	
22,155	0,02	
22,16	0,01	
22,165	-0,01	
22,17	-0,02	
22,175	-0,04	
22,18	-0,05	
22,185	-0,06	
22,19	-0,07	
22,195	-0,09	
22,2	-0,1	
22,205	-0,11	
22,21	-0,13	
22,215	-0,14	
22,22	-0,15	
22,225	-0,16	
22,23	-0,17	
22,235	-0,18	
22,24	-0,2	
22,245	-0,21	
22,25	-0,22	
22,255	-0,23	
22,26	-0,24	
22,265	-0,25	
22,27	-0,26	
22,275	-0,27	
22,28	-0,29	
22,285	-0,3	
22,29	-0,31	
22,295	-0,32	
22,3	-0,33	
22,305	-0,33	
22,31	-0,34	
22,315	-0,35	
22,32	-0,36	
22,325	-0,37	
22,33	-0,38	
22,335	-0,39	
22,34	-0,4	
22,345	-0,41	
22,35	-0,41	
22,355	-0,42	
22,36	-0,43	
22,365	-0,44	
22,37	-0,44	
22,375	-0,45	
22,38	-0,46	
22,385	-0,46	
22,39	-0,46	
22,395	-0,47	
22,4	-0,47	
22,405	-0,48	
22,41	-0,48	
22,415	-0,49	
22,42	-0,49	
22,425	-0,49	
22,43	-0,5	
22,435	-0,5	
22,44	-0,5	
22,445	-0,51	
22,45	-0,51	
22,455	-0,51	
22,46	-0,51	
22,465	-0,51	
22,47	-0,51	
22,475	-0,51	
22,48	-0,51	
22,485	-0,51	
22,49	-0,51	
22,495	-0,51	
22,5	-0,5	
22,505	-0,5	
22,51	-0,5	
22,515	-0,5	
22,52	-0,5	
22,525	-0,5	
22,53	-0,5	
22,535	-0,5	
22,54	-0,5	
22,545	-0,49	
22,55	-0,49	
22,555	-0,49	
22,56	-0,48	
22,565	-0,48	
22,57	-0,47	
22,575	-0,46	
22,58	-0,46	
22,585	-0,45	
22,59	-0,45	
22,595	-0,44	
22,6	-0,44	
22,605	-0,43	
22,61	-0,42	
22,615	-0,41	
22,62	-0,4	
22,625	-0,4	
22,63	-0,39	
22,635	-0,39	
22,64	-0,38	
22,645	-0,37	
22,65	-0,36	
22,655	-0,35	
22,66	-0,34	
22,665	-0,33	
22,67	-0,33	
22,675	-0,32	
22,68	-0,31	
22,685	-0,31	
22,69	-0,3	
22,695	-0,28	
22,7	-0,27	
22,705	-0,26	
22,71	-0,25	
22,715	-0,24	
22,72	-0,24	
22,725	-0,22	
22,73	-0,22	
22,735	-0,2	
22,74	-0,2	
22,745	-0,18	
22,75	-0,17	
22,755	-0,16	
22,76	-0,15	
22,765	-0,14	
22,77	-0,13	
22,775	-0,12	
22,78	-0,1	
22,785	-0,09	
22,79	-0,08	
22,795	-0,07	
22,8	-0,06	
22,805	-0,05	
22,81	-0,04	
22,815	-0,03	
22,82	-0,01	
22,825	0	
22,83	0,01	
22,835	0,03	
22,84	0,04	
22,845	0,05	
22,85	0,06	
22,855	0,07	
22,86	0,08	
22,865	0,08	
22,87	0,1	
22,875	0,1	
22,88	0,12	
22,885	0,13	
22,89	0,14	
22,895	0,15	
22,9	0,16	
22,905	0,17	
22,91	0,19	
22,915	0,19	
22,92	0,2	
22,925	0,21	
22,93	0,22	
22,935	0,23	
22,94	0,24	
22,945	0,25	
22,95	0,25	
22,955	0,26	
22,96	0,27	
22,965	0,28	
22,97	0,29	
22,975	0,3	
22,98	0,31	
22,985	0,32	
22,99	0,32	
22,995	0,33	
23,0	0,34	
23,005	0,35	
23,01	0,35	
23,015	0,36	
23,02	0,37	
23,025	0,37	
23,03	0,38	
23,035	0,38	
23,04	0,39	
23,045	0,4	
23,05	0,4	
23,055	0,41	
23,06	0,41	
23,065	0,41	
23,07	0,42	
23,075	0,42	
23,08	0,43	
23,085	0,43	
23,09	0,43	
23,095	0,44	
23,1	0,44	
23,105	0,45	
23,11	0,45	
23,115	0,45	
23,12	0,45	
23,125	0,46	
23,13	0,46	
23,135	0,45	
23,14	0,45	
23,145	0,45	
23,15	0,45	
23,155	0,46	
23,16	0,46	
23,165	0,46	
23,17	0,46	
23,175	0,46	
23,18	0,46	
23,185	0,46	
23,19	0,45	
23,195	0,45	
23,2	0,45	
23,205	0,45	
23,21	0,45	
23,215	0,45	
23,22	0,44	
23,225	0,44	
23,23	0,43	
23,235	0,43	
23,24	0,43	
23,245	0,43	
23,25	0,42	
23,255	0,42	
23,26	0,42	
23,265	0,41	
23,27	0,41	
23,275	0,4	
23,28	0,4	
23,285	0,4	
23,29	0,39	
23,295	0,38	
23,3	0,37	
23,305	0,36	
23,31	0,36	
23,315	0,35	
23,32	0,35	
23,325	0,34	
23,33	0,34	
23,335	0,32	
23,34	0,31	
23,345	0,3	
23,35	0,3	
23,355	0,29	
23,36	0,29	
23,365	0,28	
23,37	0,27	
23,375	0,26	
23,38	0,25	
23,385	0,24	
23,39	0,23	
23,395	0,23	
23,4	0,22	
23,405	0,21	
23,41	0,2	
23,415	0,19	
23,42	0,18	
23,425	0,17	
23,43	0,16	
23,435	0,15	
23,44	0,14	
23,445	0,13	
23,45	0,12	
23,455	0,11	
23,46	0,1	
23,465	0,09	
23,47	0,08	
23,475	0,07	
23,48	0,06	
23,485	0,05	
23,49	0,04	
23,495	0,03	
23,5	0,02	
23,505	0,01	
23,51	0	
23,515	-0,02	
23,52	-0,02	
23,525	-0,04	
23,53	-0,05	
23,535	-0,06	
23,54	-0,07	
23,545	-0,08	
23,55	-0,09	
23,555	-0,1	
23,56	-0,11	
23,565	-0,12	
23,57	-0,13	
23,575	-0,14	
23,58	-0,15	
23,585	-0,16	
23,59	-0,17	
23,595	-0,18	
23,6	-0,19	
23,605	-0,2	
23,61	-0,21	
23,615	-0,22	
23,62	-0,23	
23,625	-0,24	
23,63	-0,25	
23,635	-0,25	
23,64	-0,26	
23,645	-0,27	
23,65	-0,27	
23,655	-0,29	
23,66	-0,3	
23,665	-0,3	
23,67	-0,31	
23,675	-0,32	
23,68	-0,33	
23,685	-0,33	
23,69	-0,34	
23,695	-0,35	
23,7	-0,36	
23,705	-0,36	
23,71	-0,37	
23,715	-0,37	
23,72	-0,38	
23,725	-0,39	
23,73	-0,4	
23,735	-0,4	
23,74	-0,41	
23,745	-0,41	
23,75	-0,42	
23,755	-0,42	
23,76	-0,43	
23,765	-0,43	
23,77	-0,44	
23,775	-0,44	
23,78	-0,44	
23,785	-0,44	
23,79	-0,45	
23,795	-0,45	
23,8	-0,46	
23,805	-0,46	
23,81	-0,47	
23,815	-0,47	
23,82	-0,47	
23,825	-0,46	
23,83	-0,47	
23,835	-0,47	
23,84	-0,47	
23,845	-0,47	
23,85	-0,47	
23,855	-0,47	
23,86	-0,47	
23,865	-0,47	
23,87	-0,47	
23,875	-0,47	
23,88	-0,47	
23,885	-0,47	
23,89	-0,47	
23,895	-0,47	
23,9	-0,46	
23,905	-0,46	
23,91	-0,46	
23,915	-0,45	
23,92	-0,45	
23,925	-0,45	
23,93	-0,44	
23,935	-0,44	
23,94	-0,43	
23,945	-0,43	
23,95	-0,42	
23,955	-0,42	
23,96	-0,42	
23,965	-0,41	
23,97	-0,41	
23,975	-0,4	
23,98	-0,39	
23,985	-0,39	
23,99	-0,38	
23,995	-0,37	
24,0	-0,37	
24,005	-0,36	
24,01	-0,35	
24,015	-0,34	
24,02	-0,33	
24,025	-0,32	
24,03	-0,32	
24,035	-0,31	
24,04	-0,31	
24,045	-0,3	
24,05	-0,29	
24,055	-0,28	
24,06	-0,27	
24,065	-0,26	
24,07	-0,25	
24,075	-0,24	
24,08	-0,23	
24,085	-0,22	
24,09	-0,21	
24,095	-0,2	
24,1	-0,19	
24,105	-0,19	
24,11	-0,17	
24,115	-0,16	
24,12	-0,15	
24,125	-0,14	
24,13	-0,13	
24,135	-0,12	
24,14	-0,11	
24,145	-0,09	
24,15	-0,08	
24,155	-0,07	
24,16	-0,06	
24,165	-0,04	
24,17	-0,03	
24,175	-0,02	
24,18	-0,01	
24,185	0,01	
24,19	0,01	
24,195	0,02	
24,2	0,04	
24,205	0,05	
24,21	0,06	
24,215	0,07	
24,22	0,08	
24,225	0,1	
24,23	0,11	
24,235	0,12	
24,24	0,13	
24,245	0,15	
24,25	0,16	
24,255	0,17	
24,26	0,18	
24,265	0,19	
24,27	0,2	
24,275	0,21	
24,28	0,22	
24,285	0,23	
24,29	0,25	
24,295	0,26	
24,3	0,27	
24,305	0,28	
24,31	0,29	
24,315	0,3	
24,32	0,31	
24,325	0,31	
24,33	0,32	
24,335	0,34	
24,34	0,34	
24,345	0,35	
24,35	0,36	
24,355	0,37	
24,36	0,38	
24,365	0,39	
24,37	0,4	
24,375	0,41	
24,38	0,42	
24,385	0,43	
24,39	0,43	
24,395	0,44	
24,4	0,45	
24,405	0,45	
24,41	0,45	
24,415	0,46	
24,42	0,47	
24,425	0,48	
24,43	0,49	
24,435	0,49	
24,44	0,49	
24,445	0,5	
24,45	0,5	
24,455	0,5	
24,46	0,51	
24,465	0,51	
24,47	0,52	
24,475	0,52	
24,48	0,52	
24,485	0,52	
24,49	0,52	
24,495	0,53	
24,5	0,53	
24,505	0,53	
24,51	0,53	
24,515	0,53	
24,52	0,53	
24,525	0,53	
24,53	0,53	
24,535	0,53	
24,54	0,53	
24,545	0,53	
24,55	0,53	
24,555	0,53	
24,56	0,53	
24,565	0,53	
24,57	0,52	
24,575	0,52	
24,58	0,52	
24,585	0,51	
24,59	0,51	
24,595	0,51	
24,6	0,5	
24,605	0,5	
24,61	0,49	
24,615	0,48	
24,62	0,48	
24,625	0,47	
24,63	0,47	
24,635	0,46	
24,64	0,45	
24,645	0,44	
24,65	0,44	
24,655	0,43	
24,66	0,42	
24,665	0,41	
24,67	0,4	
24,675	0,39	
24,68	0,39	
24,685	0,38	
24,69	0,37	
24,695	0,36	
24,7	0,35	
24,705	0,34	
24,71	0,33	
24,715	0,32	
24,72	0,31	
24,725	0,29	
24,73	0,29	
24,735	0,27	
24,74	0,26	
24,745	0,24	
24,75	0,23	
24,755	0,22	
24,76	0,21	
24,765	0,19	
24,77	0,18	
24,775	0,17	
24,78	0,16	
24,785	0,15	
24,79	0,13	
24,795	0,12	
24,8	0,11	
24,805	0,1	
24,81	0,09	
24,815	0,07	
24,82	0,06	
24,825	0,04	
24,83	0,03	
24,835	0,01	
24,84	-0,01	
24,845	-0,02	
24,85	-0,03	
24,855	-0,04	
24,86	-0,06	
24,865	-0,07	
24,87	-0,08	
24,875	-0,1	
24,88	-0,12	
24,885	-0,13	
24,89	-0,14	
24,895	-0,15	
24,9	-0,17	
24,905	-0,18	
24,91	-0,2	
24,915	-0,21	
24,92	-0,22	
24,925	-0,24	
24,93	-0,25	
24,935	-0,26	
24,94	-0,28	
24,945	-0,29	
24,95	-0,3	
24,955	-0,31	
24,96	-0,32	
24,965	-0,33	
24,97	-0,35	
24,975	-0,36	
24,98	-0,37	
24,985	-0,38	
24,99	-0,4	
24,995	-0,41	
25,0	-0,42	
25,005	-0,43	
25,01	-0,44	
25,015	-0,45	
25,02	-0,46	
25,025	-0,47	
25,03	-0,48	
25,035	-0,49	
25,04	-0,5	
25,045	-0,5	
25,05	-0,51	
25,055	-0,52	
25,06	-0,52	
25,065	-0,54	
25,07	-0,54	
25,075	-0,55	
25,08	-0,55	
25,085	-0,56	
25,09	-0,57	
25,095	-0,57	
25,1	-0,58	
25,105	-0,58	
25,11	-0,58	
25,115	-0,59	
25,12	-0,59	
25,125	-0,59	
25,13	-0,6	
25,135	-0,6	
25,14	-0,61	
25,145	-0,61	
25,15	-0,61	
25,155	-0,61	
25,16	-0,61	
25,165	-0,61	
25,17	-0,61	
25,175	-0,61	
25,18	-0,61	
25,185	-0,61	
25,19	-0,61	
25,195	-0,6	
25,2	-0,6	
25,205	-0,6	
25,21	-0,6	
25,215	-0,59	
25,22	-0,59	
25,225	-0,59	
25,23	-0,58	
25,235	-0,58	
25,24	-0,57	
25,245	-0,57	
25,25	-0,56	
25,255	-0,56	
25,26	-0,55	
25,265	-0,54	
25,27	-0,53	
25,275	-0,53	
25,28	-0,52	
25,285	-0,51	
25,29	-0,5	
25,295	-0,49	
25,3	-0,48	
25,305	-0,47	
25,31	-0,46	
25,315	-0,45	
25,32	-0,44	
25,325	-0,43	
25,33	-0,42	
25,335	-0,4	
25,34	-0,4	
25,345	-0,39	
25,35	-0,37	
25,355	-0,36	
25,36	-0,35	
25,365	-0,33	
25,37	-0,32	
25,375	-0,31	
25,38	-0,29	
25,385	-0,28	
25,39	-0,26	
25,395	-0,25	
25,4	-0,24	
25,405	-0,23	
25,41	-0,21	
25,415	-0,2	
25,42	-0,19	
25,425	-0,16	
25,43	-0,15	
25,435	-0,13	
25,44	-0,12	
25,445	-0,1	
25,45	-0,09	
25,455	-0,07	
25,46	-0,06	
25,465	-0,04	
25,47	-0,03	
25,475	0	
25,48	0,02	
25,485	0,03	
25,49	0,04	
25,495	0,06	
25,5	0,07	
25,505	0,08	
25,51	0,1	
25,515	0,12	
25,52	0,14	
25,525	0,16	
25,53	0,17	
25,535	0,18	
25,54	0,2	
25,545	0,21	
25,55	0,23	
25,555	0,24	
25,56	0,26	
25,565	0,28	
25,57	0,29	
25,575	0,31	
25,58	0,32	
25,585	0,34	
25,59	0,35	
25,595	0,36	
25,6	0,37	
25,605	0,38	
25,61	0,4	
25,615	0,41	
25,62	0,43	
25,625	0,44	
25,63	0,46	
25,635	0,47	
25,64	0,48	
25,645	0,49	
25,65	0,49	
25,655	0,51	
25,66	0,52	
25,665	0,53	
25,67	0,54	
25,675	0,55	
25,68	0,56	
25,685	0,57	
25,69	0,58	
25,695	0,58	
25,7	0,59	
25,705	0,6	
25,71	0,61	
25,715	0,61	
25,72	0,62	
25,725	0,62	
25,73	0,63	
25,735	0,63	
25,74	0,63	
25,745	0,64	
25,75	0,65	
25,755	0,65	
25,76	0,65	
25,765	0,66	
25,77	0,66	
25,775	0,66	
25,78	0,66	
25,785	0,67	
25,79	0,67	
25,795	0,67	
25,8	0,67	
25,805	0,67	
25,81	0,66	
25,815	0,66	
25,82	0,66	
25,825	0,66	
25,83	0,65	
25,835	0,65	
25,84	0,65	
25,845	0,65	
25,85	0,64	
25,855	0,63	
25,86	0,63	
25,865	0,63	
25,87	0,62	
25,875	0,62	
25,88	0,61	
25,885	0,6	
25,89	0,59	
25,895	0,58	
25,9	0,58	
25,905	0,57	
25,91	0,56	
25,915	0,55	
25,92	0,54	
25,925	0,53	
25,93	0,51	
25,935	0,5	
25,94	0,49	
25,945	0,48	
25,95	0,48	
25,955	0,47	
25,96	0,45	
25,965	0,44	
25,97	0,43	
25,975	0,41	
25,98	0,4	
25,985	0,39	
25,99	0,38	
25,995	0,36	
26,0	0,35	
26,005	0,33	
26,01	0,32	
26,015	0,3	
26,02	0,28	
26,025	0,27	
26,03	0,26	
26,035	0,24	
26,04	0,23	
26,045	0,21	
26,05	0,19	
26,055	0,17	
26,06	0,16	
26,065	0,14	
26,07	0,12	
26,075	0,11	
26,08	0,09	
26,085	0,07	
26,09	0,06	
26,095	0,04	
26,1	0,02	
26,105	0,01	
26,11	-0,02	
26,115	-0,04	
26,12	-0,05	
26,125	-0,07	
26,13	-0,09	
26,135	-0,1	
26,14	-0,12	
26,145	-0,13	
26,15	-0,15	
26,155	-0,17	
26,16	-0,19	
26,165	-0,2	
26,17	-0,22	
26,175	-0,24	
26,18	-0,25	
26,185	-0,26	
26,19	-0,28	
26,195	-0,29	
26,2	-0,32	
26,205	-0,33	
26,21	-0,34	
26,215	-0,36	
26,22	-0,37	
26,225	-0,39	
26,23	-0,4	
26,235	-0,41	
26,24	-0,43	
26,245	-0,45	
26,25	-0,46	
26,255	-0,47	
26,26	-0,48	
26,265	-0,49	
26,27	-0,5	
26,275	-0,52	
26,28	-0,53	
26,285	-0,54	
26,29	-0,55	
26,295	-0,56	
26,3	-0,57	
26,305	-0,58	
26,31	-0,59	
26,315	-0,6	
26,32	-0,61	
26,325	-0,62	
26,33	-0,62	
26,335	-0,63	
26,34	-0,64	
26,345	-0,64	
26,35	-0,65	
26,355	-0,65	
26,36	-0,66	
26,365	-0,67	
26,37	-0,67	
26,375	-0,68	
26,38	-0,68	
26,385	-0,68	
26,39	-0,68	
26,395	-0,69	
26,4	-0,69	
26,405	-0,69	
26,41	-0,69	
26,415	-0,7	
26,42	-0,69	
26,425	-0,69	
26,43	-0,69	
26,435	-0,69	
26,44	-0,69	
26,445	-0,68	
26,45	-0,68	
26,455	-0,68	
26,46	-0,68	
26,465	-0,67	
26,47	-0,67	
26,475	-0,66	
26,48	-0,66	
26,485	-0,66	
26,49	-0,65	
26,495	-0,64	
26,5	-0,63	
26,505	-0,63	
26,51	-0,62	
26,515	-0,61	
26,52	-0,6	
26,525	-0,59	
26,53	-0,59	
26,535	-0,57	
26,54	-0,57	
26,545	-0,55	
26,55	-0,55	
26,555	-0,54	
26,56	-0,53	
26,565	-0,52	
26,57	-0,5	
26,575	-0,49	
26,58	-0,48	
26,585	-0,47	
26,59	-0,45	
26,595	-0,44	
26,6	-0,43	
26,605	-0,41	
26,61	-0,39	
26,615	-0,37	
26,62	-0,36	
26,625	-0,35	
26,63	-0,34	
26,635	-0,32	
26,64	-0,31	
26,645	-0,29	
26,65	-0,28	
26,655	-0,26	
26,66	-0,24	
26,665	-0,23	
26,67	-0,21	
26,675	-0,2	
26,68	-0,17	
26,685	-0,16	
26,69	-0,14	
26,695	-0,13	
26,7	-0,1	
26,705	-0,09	
26,71	-0,07	
26,715	-0,06	
26,72	-0,04	
26,725	-0,02	
26,73	0	
26,735	0,01	
26,74	0,03	
26,745	0,05	
26,75	0,06	
26,755	0,08	
26,76	0,1	
26,765	0,11	
26,77	0,13	
26,775	0,15	
26,78	0,16	
26,785	0,18	
26,79	0,16	
26,795	0,22	
26,8	0,23	
26,805	0,25	
26,81	0,26	
26,815	0,28	
26,82	0,29	
26,825	0,31	
26,83	0,32	
26,835	0,34	
26,84	0,36	
26,845	0,37	
26,85	0,39	
26,855	0,4	
26,86	0,41	
26,865	0,43	
26,87	0,44	
26,875	0,45	
26,88	0,46	
26,885	0,48	
26,89	0,49	
26,895	0,5	
26,9	0,51	
26,905	0,52	
26,91	0,53	
26,915	0,55	
26,92	0,56	
26,925	0,57	
26,93	0,58	
26,935	0,59	
26,94	0,59	
26,945	0,6	
26,95	0,6	
26,955	0,61	
26,96	0,62	
26,965	0,63	
26,97	0,64	
26,975	0,64	
26,98	0,65	
26,985	0,65	
26,99	0,66	
26,995	0,66	
27,0	0,66	
27,005	0,67	
27,01	0,67	
27,015	0,67	
27,02	0,68	
27,025	0,68	
27,03	0,68	
27,035	0,68	
27,04	0,68	
27,045	0,68	
27,05	0,68	
27,055	0,68	
27,06	0,68	
27,065	0,67	
27,07	0,67	
27,075	0,67	
27,08	0,67	
27,085	0,67	
27,09	0,66	
27,095	0,66	
27,1	0,65	
27,105	0,64	
27,11	0,64	
27,115	0,63	
27,12	0,63	
27,125	0,62	
27,13	0,62	
27,135	0,61	
27,14	0,6	
27,145	0,59	
27,15	0,58	
27,155	0,57	
27,16	0,56	
27,165	0,56	
27,17	0,55	
27,175	0,53	
27,18	0,52	
27,185	0,51	
27,19	0,5	
27,195	0,49	
27,2	0,47	
27,205	0,46	
27,21	0,45	
27,215	0,44	
27,22	0,42	
27,225	0,41	
27,23	0,4	
27,235	0,39	
27,24	0,38	
27,245	0,36	
27,25	0,34	
27,255	0,33	
27,26	0,31	
27,265	0,3	
27,27	0,28	
27,275	0,27	
27,28	0,26	
27,285	0,24	
27,29	0,22	
27,295	0,2	
27,3	0,18	
27,305	0,17	
27,31	0,15	
27,315	0,14	
27,32	0,13	
27,325	0,11	
27,33	0,1	
27,335	0,08	
27,34	0,05	
27,345	0,04	
27,35	0,02	
27,355	0,01	
27,36	-0,01	
27,365	-0,02	
27,37	-0,04	
27,375	-0,05	
27,38	-0,07	
27,385	-0,09	
27,39	-0,1	
27,395	-0,12	
27,4	-0,14	
27,405	-0,15	
27,41	-0,17	
27,415	-0,18	
27,42	-0,2	
27,425	-0,21	
27,43	-0,23	
27,435	-0,25	
27,44	-0,27	
27,445	-0,28	
27,45	-0,29	
27,455	-0,31	
27,46	-0,32	
27,465	-0,33	
27,47	-0,34	
27,475	-0,36	
27,48	-0,37	
27,485	-0,38	
27,49	-0,4	
27,495	-0,41	
27,5	-0,42	
27,505	-0,43	
27,51	-0,44	
27,515	-0,45	
27,52	-0,47	
27,525	-0,48	
27,53	-0,49	
27,535	-0,5	
27,54	-0,51	
27,545	-0,52	
27,55	-0,52	
27,555	-0,53	
27,56	-0,54	
27,565	-0,55	
27,57	-0,56	
27,575	-0,57	
27,58	-0,58	
27,585	-0,58	
27,59	-0,59	
27,595	-0,59	
27,6	-0,59	
27,605	-0,6	
27,61	-0,61	
27,615	-0,61	
27,62	-0,62	
27,625	-0,62	
27,63	-0,62	
27,635	-0,63	
27,64	-0,63	
27,645	-0,63	
27,65	-0,63	
27,655	-0,63	
27,66	-0,63	
27,665	-0,63	
27,67	-0,63	
27,675	-0,63	
27,68	-0,63	
27,685	-0,63	
27,69	-0,63	
27,695	-0,63	
27,7	-0,63	
27,705	-0,62	
27,71	-0,61	
27,715	-0,61	
27,72	-0,61	
27,725	-0,61	
27,73	-0,6	
27,735	-0,6	
27,74	-0,59	
27,745	-0,59	
27,75	-0,58	
27,755	-0,57	
27,76	-0,56	
27,765	-0,56	
27,77	-0,55	
27,775	-0,54	
27,78	-0,53	
27,785	-0,53	
27,79	-0,52	
27,795	-0,5	
27,8	-0,5	
27,805	-0,49	
27,81	-0,48	
27,815	-0,47	
27,82	-0,46	
27,825	-0,45	
27,83	-0,44	
27,835	-0,43	
27,84	-0,42	
27,845	-0,41	
27,85	-0,4	
27,855	-0,38	
27,86	-0,37	
27,865	-0,35	
27,87	-0,34	
27,875	-0,33	
27,88	-0,32	
27,885	-0,3	
27,89	-0,29	
27,895	-0,28	
27,9	-0,26	
27,905	-0,25	
27,91	-0,24	
27,915	-0,22	
27,92	-0,21	
27,925	-0,2	
27,93	-0,18	
27,935	-0,16	
27,94	-0,15	
27,945	-0,13	
27,95	-0,12	
27,955	-0,11	
27,96	-0,1	
27,965	-0,08	
27,97	-0,07	
27,975	-0,05	
27,98	-0,03	
27,985	-0,01	
27,99	0	
27,995	0,01	
28,0	0,02	
28,005	0,04	
28,01	0,05	
28,015	0,06	
28,02	0,09	
28,025	0,1	
28,03	0,11	
28,035	0,12	
28,04	0,14	
28,045	0,15	
28,05	0,16	
28,055	0,17	
28,06	0,19	
28,065	0,21	
28,07	0,23	
28,075	0,24	
28,08	0,24	
28,085	0,25	
28,09	0,27	
28,095	0,28	
28,1	0,29	
28,105	0,31	
28,11	0,33	
28,115	0,33	
28,12	0,34	
28,125	0,35	
28,13	0,36	
28,135	0,37	
28,14	0,39	
28,145	0,4	
28,15	0,4	
28,155	0,41	
28,16	0,42	
28,165	0,43	
28,17	0,44	
28,175	0,45	
28,18	0,46	
28,185	0,48	
28,19	0,48	
28,195	0,48	
28,2	0,48	
28,205	0,49	
28,21	0,49	
28,215	0,5	
28,22	0,51	
28,225	0,52	
28,23	0,52	
28,235	0,53	
28,24	0,53	
28,245	0,53	
28,25	0,54	
28,255	0,55	
28,26	0,55	
28,265	0,55	
28,27	0,55	
28,275	0,55	
28,28	0,55	
28,285	0,55	
28,29	0,55	
28,295	0,56	
28,3	0,56	
28,305	0,56	
28,31	0,56	
28,315	0,56	
28,32	0,56	
28,325	0,56	
28,33	0,56	
28,335	0,56	
28,34	0,55	
28,345	0,55	
28,35	0,55	
28,355	0,54	
28,36	0,54	
28,365	0,53	
28,37	0,53	
28,375	0,53	
28,38	0,53	
28,385	0,52	
28,39	0,51	
28,395	0,5	
28,4	0,5	
28,405	0,49	
28,41	0,49	
28,415	0,48	
28,42	0,48	
28,425	0,47	
28,43	0,45	
28,435	0,44	
28,44	0,44	
28,445	0,43	
28,45	0,42	
28,455	0,42	
28,46	0,41	
28,465	0,4	
28,47	0,39	
28,475	0,37	
28,48	0,37	
28,485	0,36	
28,49	0,35	
28,495	0,34	
28,5	0,34	
28,505	0,32	
28,51	0,31	
28,515	0,3	
28,52	0,28	
28,525	0,27	
28,53	0,27	
28,535	0,26	
28,54	0,25	
28,545	0,23	
28,55	0,22	
28,555	0,2	
28,56	0,19	
28,565	0,18	
28,57	0,17	
28,575	0,16	
28,58	0,14	
28,585	0,13	
28,59	0,12	
28,595	0,1	
28,6	0,09	
28,605	0,08	
28,61	0,07	
28,615	0,06	
28,62	0,05	
28,625	0,03	
28,63	0,02	
28,635	0,01	
28,64	-0,01	
28,645	-0,02	
28,65	-0,03	
28,655	-0,04	
28,66	-0,06	
28,665	-0,07	
28,67	-0,08	
28,675	-0,1	
28,68	-0,1	
28,685	-0,11	
28,69	-0,12	
28,695	-0,13	
28,7	-0,15	
28,705	-0,17	
28,71	-0,18	
28,715	-0,19	
28,72	-0,2	
28,725	-0,2	
28,73	-0,21	
28,735	-0,22	
28,74	-0,23	
28,745	-0,24	
28,75	-0,26	
28,755	-0,27	
28,76	-0,28	
28,765	-0,28	
28,77	-0,29	
28,775	-0,3	
28,78	-0,31	
28,785	-0,32	
28,79	-0,33	
28,795	-0,35	
28,8	-0,35	
28,805	-0,36	
28,81	-0,36	
28,815	-0,37	
28,82	-0,38	
28,825	-0,39	
28,83	-0,4	
28,835	-0,4	
28,84	-0,41	
28,845	-0,41	
28,85	-0,42	
28,855	-0,42	
28,86	-0,43	
28,865	-0,43	
28,87	-0,44	
28,875	-0,44	
28,88	-0,45	
28,885	-0,45	
28,89	-0,46	
28,895	-0,46	
28,9	-0,47	
28,905	-0,47	
28,91	-0,47	
28,915	-0,48	
28,92	-0,48	
28,925	-0,48	
28,93	-0,48	
28,935	-0,49	
28,94	-0,49	
28,945	-0,49	
28,95	-0,49	
28,955	-0,48	
28,96	-0,48	
28,965	-0,48	
28,97	-0,48	
28,975	-0,49	
28,98	-0,49	
28,985	-0,49	
28,99	-0,49	
28,995	-0,48	
29,0	-0,48	
29,005	-0,47	
29,01	-0,47	
29,015	-0,47	
29,02	-0,47	
29,025	-0,47	
29,03	-0,46	
29,035	-0,45	
29,04	-0,45	
29,045	-0,44	
29,05	-0,44	
29,055	-0,44	
29,06	-0,43	
29,065	-0,43	
29,07	-0,42	
29,075	-0,41	
29,08	-0,41	
29,085	-0,4	
29,09	-0,4	
29,095	-0,39	
29,1	-0,39	
29,105	-0,38	
29,11	-0,38	
29,115	-0,36	
29,12	-0,35	
29,125	-0,35	
29,13	-0,34	
29,135	-0,33	
29,14	-0,33	
29,145	-0,32	
29,15	-0,31	
29,155	-0,3	
29,16	-0,29	
29,165	-0,28	
29,17	-0,27	
29,175	-0,27	
29,18	-0,26	
29,185	-0,25	
29,19	-0,24	
29,195	-0,23	
29,2	-0,22	
29,205	-0,21	
29,21	-0,2	
29,215	-0,19	
29,22	-0,17	
29,225	-0,17	
29,23	-0,16	
29,235	-0,15	
29,24	-0,14	
29,245	-0,13	
29,25	-0,12	
29,255	-0,11	
29,26	-0,1	
29,265	-0,09	
29,27	-0,08	
29,275	-0,06	
29,28	-0,05	
29,285	-0,04	
29,29	-0,03	
29,295	-0,02	
29,3	-0,01	
29,305	0	
29,31	0,01	
29,315	0,02	
29,32	0,03	
29,325	0,04	
29,33	0,05	
29,335	0,06	
29,34	0,07	
29,345	0,08	
29,35	0,09	
29,355	0,1	
29,36	0,11	
29,365	0,12	
29,37	0,13	
29,375	0,14	
29,38	0,15	
29,385	0,16	
29,39	0,17	
29,395	0,18	
29,4	0,19	
29,405	0,2	
29,41	0,21	
29,415	0,22	
29,42	0,23	
29,425	0,23	
29,43	0,25	
29,435	0,26	
29,44	0,26	
29,445	0,27	
29,45	0,27	
29,455	0,28	
29,46	0,29	
29,465	0,31	
29,47	0,31	
29,475	0,32	
29,48	0,33	
29,485	0,33	
29,49	0,34	
29,495	0,34	
29,5	0,35	
29,505	0,36	
29,51	0,36	
29,515	0,37	
29,52	0,37	
29,525	0,38	
29,53	0,38	
29,535	0,39	
29,54	0,39	
29,545	0,4	
29,55	0,4	
29,555	0,4	
29,56	0,41	
29,565	0,41	
29,57	0,41	
29,575	0,42	
29,58	0,42	
29,585	0,43	
29,59	0,43	
29,595	0,43	
29,6	0,43	
29,605	0,43	
29,61	0,43	
29,615	0,44	
29,62	0,44	
29,625	0,45	
29,63	0,45	
29,635	0,45	
29,64	0,44	
29,645	0,45	
29,65	0,44	
29,655	0,44	
29,66	0,45	
29,665	0,44	
29,67	0,44	
29,675	0,44	
29,68	0,44	
29,685	0,44	
29,69	0,44	
29,695	0,43	
29,7	0,43	
29,705	0,42	
29,71	0,42	
29,715	0,42	
29,72	0,42	
29,725	0,41	
29,73	0,41	
29,735	0,41	
29,74	0,41	
29,745	0,41	
29,75	0,4	
29,755	0,39	
29,76	0,39	
29,765	0,38	
29,77	0,37	
29,775	0,37	
29,78	0,37	
29,785	0,36	
29,79	0,36	
29,795	0,35	
29,8	0,34	
29,805	0,33	
29,81	0,33	
29,815	0,32	
29,82	0,31	
29,825	0,31	
29,83	0,3	
29,835	0,29	
29,84	0,28	
29,845	0,28	
29,85	0,27	
29,855	0,26	
29,86	0,26	
29,865	0,25	
29,87	0,24	
29,875	0,23	
29,88	0,22	
29,885	0,21	
29,89	0,2	
29,895	0,19	
29,9	0,18	
29,905	0,17	
29,91	0,16	
29,915	0,15	
29,92	0,15	
29,925	0,13	
29,93	0,12	
29,935	0,11	
29,94	0,1	
29,945	0,09	
29,95	0,08	
29,955	0,07	
29,96	0,06	
29,965	0,05	
29,97	0,04	
29,975	0,03	
29,98	0,02	
29,985	0,01	
29,99	0	
29,995	-0,01	
30,0	-0,02	
30,005	-0,03	
30,01	-0,04	
30,015	-0,05	
30,02	-0,06	
30,025	-0,07	
30,03	-0,08	
30,035	-0,09	
30,04	-0,11	
30,045	-0,11	
30,05	-0,12	
30,055	-0,13	
30,06	-0,14	
30,065	-0,15	
30,07	-0,16	
30,075	-0,18	
30,08	-0,18	
30,085	-0,19	
30,09	-0,2	
30,095	-0,21	
30,1	-0,22	
30,105	-0,23	
30,11	-0,24	
30,115	-0,25	
30,12	-0,26	
30,125	-0,27	
30,13	-0,28	
30,135	-0,28	
30,14	-0,29	
30,145	-0,3	
30,15	-0,31	
30,155	-0,32	
30,16	-0,33	
30,165	-0,34	
30,17	-0,34	
30,175	-0,35	
30,18	-0,35	
30,185	-0,36	
30,19	-0,37	
30,195	-0,37	
30,2	-0,38	
30,205	-0,39	
30,21	-0,4	
30,215	-0,4	
30,22	-0,41	
30,225	-0,41	
30,23	-0,42	
30,235	-0,42	
30,24	-0,42	
30,245	-0,43	
30,25	-0,43	
30,255	-0,43	
30,26	-0,44	
30,265	-0,44	
30,27	-0,45	
30,275	-0,45	
30,28	-0,46	
30,285	-0,46	
30,29	-0,46	
30,295	-0,46	
30,3	-0,46	
30,305	-0,46	
30,31	-0,46	
30,315	-0,47	
30,32	-0,47	
30,325	-0,46	
30,33	-0,46	
30,335	-0,47	
30,34	-0,47	
30,345	-0,47	
30,35	-0,47	
30,355	-0,47	
30,36	-0,47	
30,365	-0,47	
30,37	-0,47	
30,375	-0,47	
30,38	-0,46	
30,385	-0,46	
30,39	-0,46	
30,395	-0,45	
30,4	-0,45	
30,405	-0,44	
30,41	-0,44	
30,415	-0,44	
30,42	-0,43	
30,425	-0,43	
30,43	-0,42	
30,435	-0,42	
30,44	-0,41	
30,445	-0,41	
30,45	-0,4	
30,455	-0,4	
30,46	-0,39	
30,465	-0,39	
30,47	-0,38	
30,475	-0,38	
30,48	-0,37	
30,485	-0,36	
30,49	-0,35	
30,495	-0,34	
30,5	-0,34	
30,505	-0,33	
30,51	-0,32	
30,515	-0,31	
30,52	-0,3	
30,525	-0,29	
30,53	-0,28	
30,535	-0,28	
30,54	-0,27	
30,545	-0,26	
30,55	-0,25	
30,555	-0,24	
30,56	-0,23	
30,565	-0,22	
30,57	-0,2	
30,575	-0,19	
30,58	-0,18	
30,585	-0,17	
30,59	-0,16	
30,595	-0,15	
30,6	-0,14	
30,605	-0,13	
30,61	-0,13	
30,615	-0,11	
30,62	-0,1	
30,625	-0,09	
30,63	-0,08	
30,635	-0,06	
30,64	-0,05	
30,645	-0,04	
30,65	-0,03	
30,655	-0,02	
30,66	-0,01	
30,665	0	
30,67	0,02	
30,675	0,03	
30,68	0,04	
30,685	0,05	
30,69	0,06	
30,695	0,08	
30,7	0,09	
30,705	0,11	
30,71	0,12	
30,715	0,13	
30,72	0,15	
30,725	0,15	
30,73	0,16	
30,735	0,17	
30,74	0,18	
30,745	0,19	
30,75	0,21	
30,755	0,22	
30,76	0,23	
30,765	0,24	
30,77	0,25	
30,775	0,26	
30,78	0,27	
30,785	0,28	
30,79	0,29	
30,795	0,31	
30,8	0,32	
30,805	0,32	
30,81	0,33	
30,815	0,35	
30,82	0,35	
30,825	0,36	
30,83	0,37	
30,835	0,38	
30,84	0,4	
30,845	0,4	
30,85	0,41	
30,855	0,42	
30,86	0,43	
30,865	0,43	
30,87	0,44	
30,875	0,45	
30,88	0,45	
30,885	0,46	
30,89	0,47	
30,895	0,47	
30,9	0,48	
30,905	0,48	
30,91	0,49	
30,915	0,49	
30,92	0,5	
30,925	0,5	
30,93	0,51	
30,935	0,51	
30,94	0,52	
30,945	0,52	
30,95	0,53	
30,955	0,53	
30,96	0,53	
30,965	0,53	
30,97	0,53	
30,975	0,54	
30,98	0,54	
30,985	0,54	
30,99	0,54	
30,995	0,54	
31,0	0,54	
31,005	0,54	
31,01	0,54	
31,015	0,54	
31,02	0,54	
31,025	0,54	
31,03	0,53	
31,035	0,53	
31,04	0,53	
31,045	0,53	
31,05	0,52	
31,055	0,52	
31,06	0,51	
31,065	0,51	
31,07	0,5	
31,075	0,5	
31,08	0,5	
31,085	0,49	
31,09	0,49	
31,095	0,48	
31,1	0,47	
31,105	0,46	
31,11	0,46	
31,115	0,45	
31,12	0,44	
31,125	0,44	
31,13	0,43	
31,135	0,42	
31,14	0,42	
31,145	0,41	
31,15	0,4	
31,155	0,39	
31,16	0,38	
31,165	0,37	
31,17	0,36	
31,175	0,35	
31,18	0,34	
31,185	0,33	
31,19	0,32	
31,195	0,31	
31,2	0,29	
31,205	0,28	
31,21	0,27	
31,215	0,26	
31,22	0,25	
31,225	0,24	
31,23	0,22	
31,235	0,21	
31,24	0,2	
31,245	0,19	
31,25	0,17	
31,255	0,16	
31,26	0,15	
31,265	0,13	
31,27	0,12	
31,275	0,1	
31,28	0,09	
31,285	0,08	
31,29	0,06	
31,295	0,04	
31,3	0,03	
31,305	0,02	
31,31	0	
31,315	-0,01	
31,32	-0,03	
31,325	-0,04	
31,33	-0,05	
31,335	-0,06	
31,34	-0,07	
31,345	-0,09	
31,35	-0,11	
31,355	-0,12	
31,36	-0,14	
31,365	-0,15	
31,37	-0,16	
31,375	-0,17	
31,38	-0,19	
31,385	-0,2	
31,39	-0,22	
31,395	-0,23	
31,4	-0,24	
31,405	-0,26	
31,41	-0,27	
31,415	-0,28	
31,42	-0,29	
31,425	-0,31	
31,43	-0,32	
31,435	-0,34	
31,44	-0,35	
31,445	-0,36	
31,45	-0,37	
31,455	-0,38	
31,46	-0,39	
31,465	-0,4	
31,47	-0,41	
31,475	-0,42	
31,48	-0,43	
31,485	-0,44	
31,49	-0,45	
31,495	-0,46	
31,5	-0,47	
31,505	-0,48	
31,51	-0,49	
31,515	-0,5	
31,52	-0,51	
31,525	-0,52	
31,53	-0,53	
31,535	-0,53	
31,54	-0,54	
31,545	-0,54	
31,55	-0,55	
31,555	-0,56	
31,56	-0,57	
31,565	-0,57	
31,57	-0,58	
31,575	-0,58	
31,58	-0,59	
31,585	-0,59	
31,59	-0,6	
31,595	-0,6	
31,6	-0,6	
31,605	-0,6	
31,61	-0,6	
31,615	-0,61	
31,62	-0,61	
31,625	-0,61	
31,63	-0,61	
31,635	-0,61	
31,64	-0,61	
31,645	-0,61	
31,65	-0,61	
31,655	-0,6	
31,66	-0,6	
31,665	-0,6	
31,67	-0,6	
31,675	-0,6	
31,68	-0,6	
31,685	-0,59	
31,69	-0,59	
31,695	-0,59	
31,7	-0,58	
31,705	-0,58	
31,71	-0,57	
31,715	-0,56	
31,72	-0,56	
31,725	-0,55	
31,73	-0,55	
31,735	-0,54	
31,74	-0,53	
31,745	-0,52	
31,75	-0,51	
31,755	-0,5	
31,76	-0,5	
31,765	-0,49	
31,77	-0,48	
31,775	-0,47	
31,78	-0,46	
31,785	-0,45	
31,79	-0,44	
31,795	-0,43	
31,8	-0,42	
31,805	-0,41	
31,81	-0,4	
31,815	-0,38	
31,82	-0,37	
31,825	-0,36	
31,83	-0,35	
31,835	-0,34	
31,84	-0,32	
31,845	-0,3	
31,85	-0,29	
31,855	-0,28	
31,86	-0,26	
31,865	-0,25	
31,87	-0,24	
31,875	-0,22	
31,88	-0,21	
31,885	-0,2	
31,89	-0,18	
31,895	-0,17	
31,9	-0,15	
31,905	-0,14	
31,91	-0,12	
31,915	-0,1	
31,92	-0,09	
31,925	-0,08	
31,93	-0,07	
31,935	-0,04	
31,94	-0,03	
31,945	-0,01	
31,95	0,01	
31,955	0,03	
31,96	0,04	
31,965	0,06	
31,97	0,07	
31,975	0,08	
31,98	0,11	
31,985	0,12	
31,99	0,14	
31,995	0,15	
32,0	0,17	
32,005	0,18	
32,01	0,19	
32,015	0,21	
32,02	0,22	
32,025	0,25	
32,03	0,26	
32,035	0,28	
32,04	0,29	
32,045	0,3	
32,05	0,32	
32,055	0,33	
32,06	0,34	
32,065	0,36	
32,07	0,38	
32,075	0,39	
32,08	0,4	
32,085	0,41	
32,09	0,42	
32,095	0,43	
32,1	0,44	
32,105	0,46	
32,11	0,47	
32,115	0,49	
32,12	0,5	
32,125	0,5	
32,13	0,51	
32,135	0,52	
32,14	0,54	
32,145	0,55	
32,15	0,56	
32,155	0,56	
32,16	0,57	
32,165	0,58	
32,17	0,58	
32,175	0,59	
32,18	0,6	
32,185	0,61	
32,19	0,61	
32,195	0,62	
32,2	0,62	
32,205	0,63	
32,21	0,64	
32,215	0,64	
32,22	0,65	
32,225	0,65	
32,23	0,65	
32,235	0,65	
32,24	0,65	
32,245	0,65	
32,25	0,65	
32,255	0,66	
32,26	0,66	
32,265	0,66	
32,27	0,66	
32,275	0,66	
32,28	0,66	
32,285	0,65	
32,29	0,65	
32,295	0,65	
32,3	0,65	
32,305	0,65	
32,31	0,65	
32,315	0,64	
32,32	0,63	
32,325	0,63	
32,33	0,62	
32,335	0,62	
32,34	0,61	
32,345	0,61	
32,35	0,6	
32,355	0,59	
32,36	0,58	
32,365	0,58	
32,37	0,57	
32,375	0,56	
32,38	0,55	
32,385	0,54	
32,39	0,53	
32,395	0,52	
32,4	0,5	
32,405	0,5	
32,41	0,49	
32,415	0,48	
32,42	0,47	
32,425	0,46	
32,43	0,45	
32,435	0,43	
32,44	0,42	
32,445	0,4	
32,45	0,39	
32,455	0,38	
32,46	0,37	
32,465	0,35	
32,47	0,34	
32,475	0,33	
32,48	0,3	
32,485	0,29	
32,49	0,28	
32,495	0,26	
32,5	0,25	
32,505	0,23	
32,51	0,22	
32,515	0,2	
32,52	0,18	
32,525	0,16	
32,53	0,15	
32,535	0,13	
32,54	0,12	
32,545	0,1	
32,55	0,09	
32,555	0,07	
32,56	0,05	
32,565	0,04	
32,57	0,01	
32,575	0	
32,58	-0,02	
32,585	-0,03	
32,59	-0,05	
32,595	-0,07	
32,6	-0,09	
32,605	-0,1	
32,61	-0,11	
32,615	-0,14	
32,62	-0,15	
32,625	-0,17	
32,63	-0,19	
32,635	-0,2	
32,64	-0,22	
32,645	-0,23	
32,65	-0,25	
32,655	-0,26	
32,66	-0,28	
32,665	-0,3	
32,67	-0,31	
32,675	-0,32	
32,68	-0,34	
32,685	-0,35	
32,69	-0,36	
32,695	-0,38	
32,7	-0,39	
32,705	-0,4	
32,71	-0,43	
32,715	-0,44	
32,72	-0,45	
32,725	-0,46	
32,73	-0,47	
32,735	-0,48	
32,74	-0,49	
32,745	-0,51	
32,75	-0,52	
32,755	-0,53	
32,76	-0,54	
32,765	-0,55	
32,77	-0,56	
32,775	-0,57	
32,78	-0,58	
32,785	-0,59	
32,79	-0,59	
32,795	-0,6	
32,8	-0,61	
32,805	-0,61	
32,81	-0,62	
32,815	-0,63	
32,82	-0,63	
32,825	-0,64	
32,83	-0,64	
32,835	-0,65	
32,84	-0,65	
32,845	-0,66	
32,85	-0,66	
32,855	-0,67	
32,86	-0,67	
32,865	-0,67	
32,87	-0,67	
32,875	-0,67	
32,88	-0,67	
32,885	-0,67	
32,89	-0,67	
32,895	-0,67	
32,9	-0,68	
32,905	-0,68	
32,91	-0,67	
32,915	-0,67	
32,92	-0,67	
32,925	-0,67	
32,93	-0,66	
32,935	-0,66	
32,94	-0,65	
32,945	-0,65	
32,95	-0,64	
32,955	-0,64	
32,96	-0,63	
32,965	-0,62	
32,97	-0,62	
32,975	-0,61	
32,98	-0,6	
32,985	-0,6	
32,99	-0,59	
32,995	-0,58	
33,0	-0,57	
33,005	-0,56	
33,01	-0,55	
33,015	-0,54	
33,02	-0,53	
33,025	-0,51	
33,03	-0,51	
33,035	-0,49	
33,04	-0,48	
33,045	-0,47	
33,05	-0,46	
33,055	-0,45	
33,06	-0,44	
33,065	-0,43	
33,07	-0,4	
33,075	-0,39	
33,08	-0,37	
33,085	-0,36	
33,09	-0,35	
33,095	-0,34	
33,1	-0,32	
33,105	-0,31	
33,11	-0,29	
33,115	-0,28	
33,12	-0,26	
33,125	-0,24	
33,13	-0,23	
33,135	-0,21	
33,14	-0,2	
33,145	-0,18	
33,15	-0,17	
33,155	-0,15	
33,16	-0,14	
33,165	-0,12	
33,17	-0,1	
33,175	-0,09	
33,18	-0,07	
33,185	-0,05	
33,19	-0,04	
33,195	-0,02	
33,2	0	
33,205	0,01	
33,21	0,04	
33,215	0,05	
33,22	0,07	
33,225	0,08	
33,23	0,1	
33,235	0,12	
33,24	0,13	
33,245	0,15	
33,25	0,17	
33,255	0,19	
33,26	0,2	
33,265	0,22	
33,27	0,23	
33,275	0,25	
33,28	0,26	
33,285	0,28	
33,29	0,29	
33,295	0,3	
33,3	0,32	
33,305	0,34	
33,31	0,35	
33,315	0,36	
33,32	0,38	
33,325	0,39	
33,33	0,4	
33,335	0,41	
33,34	0,42	
33,345	0,44	
33,35	0,45	
33,355	0,47	
33,36	0,47	
33,365	0,48	
33,37	0,49	
33,375	0,5	
33,38	0,51	
33,385	0,53	
33,39	0,54	
33,395	0,55	
33,4	0,56	
33,405	0,57	
33,41	0,57	
33,415	0,58	
33,42	0,59	
33,425	0,59	
33,43	0,6	
33,435	0,61	
33,44	0,62	
33,445	0,62	
33,45	0,62	
33,455	0,62	
33,46	0,63	
33,465	0,63	
33,47	0,64	
33,475	0,65	
33,48	0,65	
33,485	0,65	
33,49	0,65	
33,495	0,65	
33,5	0,65	
33,505	0,65	
33,51	0,65	
33,515	0,65	
33,52	0,65	
33,525	0,65	
33,53	0,65	
33,535	0,65	
33,54	0,64	
33,545	0,65	
33,55	0,65	
33,555	0,64	
33,56	0,64	
33,565	0,63	
33,57	0,62	
33,575	0,61	
33,58	0,61	
33,585	0,61	
33,59	0,6	
33,595	0,6	
33,6	0,59	
33,605	0,58	
33,61	0,57	
33,615	0,56	
33,62	0,55	
33,625	0,55	
33,63	0,54	
33,635	0,53	
33,64	0,52	
33,645	0,51	
33,65	0,5	
33,655	0,49	
33,66	0,48	
33,665	0,47	
33,67	0,46	
33,675	0,45	
33,68	0,43	
33,685	0,42	
33,69	0,41	
33,695	0,4	
33,7	0,38	
33,705	0,37	
33,71	0,35	
33,715	0,34	
33,72	0,32	
33,725	0,31	
33,73	0,29	
33,735	0,28	
33,74	0,27	
33,745	0,26	
33,75	0,24	
33,755	0,22	
33,76	0,21	
33,765	0,19	
33,77	0,17	
33,775	0,16	
33,78	0,15	
33,785	0,14	
33,79	0,12	
33,795	0,11	
33,8	0,08	
33,805	0,07	
33,81	0,05	
33,815	0,04	
33,82	0,02	
33,825	0,01	
33,83	0	
33,835	-0,02	
33,84	-0,03	
33,845	-0,06	
33,85	-0,08	
33,855	-0,09	
33,86	-0,1	
33,865	-0,12	
33,87	-0,13	
33,875	-0,15	
33,88	-0,16	
33,885	-0,18	
33,89	-0,2	
33,895	-0,21	
33,9	-0,22	
33,905	-0,23	
33,91	-0,25	
33,915	-0,26	
33,92	-0,28	
33,925	-0,29	
33,93	-0,3	
33,935	-0,32	
33,94	-0,33	
33,945	-0,34	
33,95	-0,36	
33,955	-0,37	
33,96	-0,38	
33,965	-0,39	
33,97	-0,4	
33,975	-0,41	
33,98	-0,43	
33,985	-0,43	
33,99	-0,45	
33,995	-0,46	
34,0	-0,47	
34,005	-0,48	
34,01	-0,49	
34,015	-0,49	
34,02	-0,5	
34,025	-0,5	
34,03	-0,52	
34,035	-0,52	
34,04	-0,53	
34,045	-0,54	
34,05	-0,54	
34,055	-0,55	
34,06	-0,55	
34,065	-0,56	
34,07	-0,56	
34,075	-0,57	
34,08	-0,58	
34,085	-0,58	
34,09	-0,59	
34,095	-0,59	
34,1	-0,59	
34,105	-0,59	
34,11	-0,6	
34,115	-0,6	
34,12	-0,6	
34,125	-0,6	
34,13	-0,6	
34,135	-0,6	
34,14	-0,6	
34,145	-0,6	
34,15	-0,6	
34,155	-0,6	
34,16	-0,6	
34,165	-0,6	
34,17	-0,59	
34,175	-0,59	
34,18	-0,59	
34,185	-0,58	
34,19	-0,58	
34,195	-0,58	
34,2	-0,58	
34,205	-0,57	
34,21	-0,56	
34,215	-0,55	
34,22	-0,55	
34,225	-0,54	
34,23	-0,54	
34,235	-0,53	
34,24	-0,52	
34,245	-0,51	
34,25	-0,5	
34,255	-0,49	
34,26	-0,48	
34,265	-0,48	
34,27	-0,48	
34,275	-0,47	
34,28	-0,46	
34,285	-0,45	
34,29	-0,44	
34,295	-0,43	
34,3	-0,42	
34,305	-0,41	
34,31	-0,4	
34,315	-0,39	
34,32	-0,38	
34,325	-0,37	
34,33	-0,35	
34,335	-0,34	
34,34	-0,33	
34,345	-0,32	
34,35	-0,31	
34,355	-0,3	
34,36	-0,28	
34,365	-0,27	
34,37	-0,25	
34,375	-0,24	
34,38	-0,23	
34,385	-0,22	
34,39	-0,21	
34,395	-0,19	
34,4	-0,18	
34,405	-0,16	
34,41	-0,15	
34,415	-0,13	
34,42	-0,12	
34,425	-0,11	
34,43	-0,1	
34,435	-0,08	
34,44	-0,06	
34,445	-0,05	
34,45	-0,03	
34,455	-0,02	
34,46	-0,01	
34,465	0	
34,47	0,02	
34,475	0,03	
34,48	0,04	
34,485	0,06	
34,49	0,08	
34,495	0,09	
34,5	0,1	
34,505	0,11	
34,51	0,12	
34,515	0,14	
34,52	0,15	
34,525	0,17	
34,53	0,19	
34,535	0,2	
34,54	0,21	
34,545	0,22	
34,55	0,23	
34,555	0,24	
34,56	0,25	
34,565	0,26	
34,57	0,27	
34,575	0,29	
34,58	0,3	
34,585	0,31	
34,59	0,32	
34,595	0,33	
34,6	0,34	
34,605	0,35	
34,61	0,36	
34,615	0,36	
34,62	0,37	
34,625	0,38	
34,63	0,39	
34,635	0,4	
34,64	0,41	
34,645	0,42	
34,65	0,43	
34,655	0,44	
34,66	0,44	
34,665	0,45	
34,67	0,45	
34,675	0,46	
34,68	0,47	
34,685	0,47	
34,69	0,48	
34,695	0,48	
34,7	0,49	
34,705	0,49	
34,71	0,5	
34,715	0,5	
34,72	0,51	
34,725	0,51	
34,73	0,51	
34,735	0,51	
34,74	0,52	
34,745	0,52	
34,75	0,52	
34,755	0,53	
34,76	0,53	
34,765	0,52	
34,77	0,52	
34,775	0,52	
34,78	0,52	
34,785	0,52	
34,79	0,52	
34,795	0,53	
34,8	0,52	
34,805	0,52	
34,81	0,52	
34,815	0,52	
34,82	0,51	
34,825	0,51	
34,83	0,51	
34,835	0,51	
34,84	0,51	
34,845	0,5	
34,85	0,49	
34,855	0,49	
34,86	0,49	
34,865	0,48	
34,87	0,48	
34,875	0,47	
34,88	0,47	
34,885	0,46	
34,89	0,45	
34,895	0,44	
34,9	0,43	
34,905	0,43	
34,91	0,42	
34,915	0,42	
34,92	0,41	
34,925	0,4	
34,93	0,39	
34,935	0,39	
34,94	0,37	
34,945	0,37	
34,95	0,36	
34,955	0,35	
34,96	0,34	
34,965	0,33	
34,97	0,33	
34,975	0,32	
34,98	0,3	
34,985	0,29	
34,99	0,28	
34,995	0,27	
35,0	0,26	
35,005	0,25	
35,01	0,24	
35,015	0,23	
35,02	0,22	
35,025	0,21	
35,03	0,2	
35,035	0,19	
35,04	0,17	
35,045	0,16	
35,05	0,15	
35,055	0,13	
35,06	0,12	
35,065	0,11	
35,07	0,1	
35,075	0,09	
35,08	0,08	
35,085	0,07	
35,09	0,06	
35,095	0,05	
35,1	0,04	
35,105	0,02	
35,11	0,01	
35,115	0	
35,12	-0,02	
35,125	-0,03	
35,13	-0,04	
35,135	-0,05	
35,14	-0,06	
35,145	-0,07	
35,15	-0,08	
35,155	-0,09	
35,16	-0,1	
35,165	-0,12	
35,17	-0,13	
35,175	-0,14	
35,18	-0,15	
35,185	-0,16	
35,19	-0,17	
35,195	-0,18	
35,2	-0,19	
35,205	-0,2	
35,21	-0,21	
35,215	-0,22	
35,22	-0,23	
35,225	-0,24	
35,23	-0,25	
35,235	-0,26	
35,24	-0,27	
35,245	-0,28	
35,25	-0,29	
35,255	-0,3	
35,26	-0,3	
35,265	-0,31	
35,27	-0,32	
35,275	-0,32	
35,28	-0,33	
35,285	-0,33	
35,29	-0,34	
35,295	-0,35	
35,3	-0,36	
35,305	-0,37	
35,31	-0,38	
35,315	-0,39	
35,32	-0,39	
35,325	-0,4	
35,33	-0,4	
35,335	-0,4	
35,34	-0,4	
35,345	-0,41	
35,35	-0,41	
35,355	-0,42	
35,36	-0,42	
35,365	-0,43	
35,37	-0,43	
35,375	-0,43	
35,38	-0,43	
35,385	-0,44	
35,39	-0,44	
35,395	-0,45	
35,4	-0,45	
35,405	-0,45	
35,41	-0,45	
35,415	-0,45	
35,42	-0,45	
35,425	-0,45	
35,43	-0,45	
35,435	-0,46	
35,44	-0,46	
35,445	-0,46	
35,45	-0,46	
35,455	-0,45	
35,46	-0,45	
35,465	-0,45	
35,47	-0,45	
35,475	-0,45	
35,48	-0,45	
35,485	-0,45	
35,49	-0,44	
35,495	-0,44	
35,5	-0,44	
35,505	-0,43	
35,51	-0,43	
35,515	-0,43	
35,52	-0,43	
35,525	-0,42	
35,53	-0,42	
35,535	-0,41	
35,54	-0,41	
35,545	-0,4	
35,55	-0,4	
35,555	-0,4	
35,56	-0,39	
35,565	-0,39	
35,57	-0,38	
35,575	-0,37	
35,58	-0,37	
35,585	-0,36	
35,59	-0,35	
35,595	-0,35	
35,6	-0,34	
35,605	-0,33	
35,61	-0,32	
35,615	-0,31	
35,62	-0,31	
35,625	-0,3	
35,63	-0,29	
35,635	-0,29	
35,64	-0,28	
35,645	-0,27	
35,65	-0,26	
35,655	-0,25	
35,66	-0,24	
35,665	-0,23	
35,67	-0,23	
35,675	-0,22	
35,68	-0,21	
35,685	-0,2	
35,69	-0,19	
35,695	-0,18	
35,7	-0,17	
35,705	-0,16	
35,71	-0,15	
35,715	-0,15	
35,72	-0,14	
35,725	-0,13	
35,73	-0,12	
35,735	-0,11	
35,74	-0,1	
35,745	-0,09	
35,75	-0,08	
35,755	-0,07	
35,76	-0,06	
35,765	-0,04	
35,77	-0,03	
35,775	-0,02	
35,78	-0,01	
35,785	0	
35,79	0,01	
35,795	0,01	
35,8	0,03	
35,805	0,04	
35,81	0,04	
35,815	0,05	
35,82	0,06	
35,825	0,07	
35,83	0,08	
35,835	0,09	
35,84	0,1	
35,845	0,11	
35,85	0,13	
35,855	0,13	
35,86	0,14	
35,865	0,15	
35,87	0,16	
35,875	0,17	
35,88	0,18	
35,885	0,18	
35,89	0,19	
35,895	0,21	
35,9	0,22	
35,905	0,22	
35,91	0,23	
35,915	0,24	
35,92	0,24	
35,925	0,25	
35,93	0,26	
35,935	0,27	
35,94	0,28	
35,945	0,29	
35,95	0,29	
35,955	0,3	
35,96	0,31	
35,965	0,31	
35,97	0,32	
35,975	0,33	
35,98	0,33	
35,985	0,34	
35,99	0,34	
35,995	0,35	
36,0	0,35	
36,005	0,36	
36,01	0,37	
36,015	0,37	
36,02	0,38	
36,025	0,38	
36,03	0,39	
36,035	0,4	
36,04	0,4	
36,045	0,4	
36,05	0,4	
36,055	0,4	
36,06	0,41	
36,065	0,41	
36,07	0,41	
36,075	0,41	
36,08	0,42	
36,085	0,42	
36,09	0,43	
36,095	0,43	
36,1	0,43	
36,105	0,43	
36,11	0,43	
36,115	0,43	
36,12	0,43	
36,125	0,43	
36,13	0,43	
36,135	0,43	
36,14	0,43	
36,145	0,43	
36,15	0,43	
36,155	0,43	
36,16	0,43	
36,165	0,43	
36,17	0,42	
36,175	0,42	
36,18	0,42	
36,185	0,41	
36,19	0,41	
36,195	0,41	
36,2	0,41	
36,205	0,41	
36,21	0,4	
36,215	0,4	
36,22	0,4	
36,225	0,39	
36,23	0,39	
36,235	0,38	
36,24	0,38	
36,245	0,38	
36,25	0,38	
36,255	0,37	
36,26	0,36	
36,265	0,36	
36,27	0,35	
36,275	0,34	
36,28	0,34	
36,285	0,33	
36,29	0,33	
36,295	0,32	
36,3	0,31	
36,305	0,3	
36,31	0,29	
36,315	0,29	
36,32	0,28	
36,325	0,28	
36,33	0,27	
36,335	0,26	
36,34	0,25	
36,345	0,24	
36,35	0,23	
36,355	0,22	
36,36	0,22	
36,365	0,21	
36,37	0,2	
36,375	0,19	
36,38	0,18	
36,385	0,17	
36,39	0,16	
36,395	0,15	
36,4	0,14	
36,405	0,13	
36,41	0,12	
36,415	0,11	
36,42	0,1	
36,425	0,09	
36,43	0,08	
36,435	0,07	
36,44	0,06	
36,445	0,05	
36,45	0,04	
36,455	0,03	
36,46	0,02	
36,465	0,01	
36,47	0	
36,475	-0,01	
36,48	-0,02	
36,485	-0,03	
36,49	-0,04	
36,495	-0,05	
36,5	-0,06	
36,505	-0,07	
36,51	-0,08	
36,515	-0,09	
36,52	-0,1	
36,525	-0,11	
36,53	-0,13	
36,535	-0,14	
36,54	-0,15	
36,545	-0,16	
36,55	-0,17	
36,555	-0,17	
36,56	-0,18	
36,565	-0,19	
36,57	-0,2	
36,575	-0,22	
36,58	-0,22	
36,585	-0,23	
36,59	-0,24	
36,595	-0,25	
36,6	-0,25	
36,605	-0,26	
36,61	-0,27	
36,615	-0,27	
36,62	-0,29	
36,625	-0,3	
36,63	-0,31	
36,635	-0,32	
36,64	-0,32	
36,645	-0,33	
36,65	-0,33	
36,655	-0,34	
36,66	-0,35	
36,665	-0,36	
36,67	-0,37	
36,675	-0,37	
36,68	-0,38	
36,685	-0,39	
36,69	-0,39	
36,695	-0,4	
36,7	-0,4	
36,705	-0,4	
36,71	-0,41	
36,715	-0,42	
36,72	-0,42	
36,725	-0,43	
36,73	-0,44	
36,735	-0,44	
36,74	-0,44	
36,745	-0,45	
36,75	-0,45	
36,755	-0,45	
36,76	-0,46	
36,765	-0,46	
36,77	-0,46	
36,775	-0,46	
36,78	-0,46	
36,785	-0,46	
36,79	-0,46	
36,795	-0,47	
36,8	-0,47	
36,805	-0,47	
36,81	-0,47	
36,815	-0,47	
36,82	-0,46	
36,825	-0,47	
36,83	-0,47	
36,835	-0,47	
36,84	-0,47	
36,845	-0,47	
36,85	-0,47	
36,855	-0,46	
36,86	-0,46	
36,865	-0,46	
36,87	-0,46	
36,875	-0,45	
36,88	-0,45	
36,885	-0,45	
36,89	-0,45	
36,895	-0,44	
36,9	-0,43	
36,905	-0,43	
36,91	-0,42	
36,915	-0,42	
36,92	-0,42	
36,925	-0,41	
36,93	-0,41	
36,935	-0,4	
36,94	-0,39	
36,945	-0,38	
36,95	-0,38	
36,955	-0,37	
36,96	-0,37	
36,965	-0,36	
36,97	-0,35	
36,975	-0,34	
36,98	-0,33	
36,985	-0,32	
36,99	-0,31	
36,995	-0,31	
37,0	-0,3	
37,005	-0,3	
37,01	-0,29	
37,015	-0,28	
37,02	-0,26	
37,025	-0,25	
37,03	-0,24	
37,035	-0,23	
37,04	-0,23	
37,045	-0,21	
37,05	-0,21	
37,055	-0,19	
37,06	-0,18	
37,065	-0,17	
37,07	-0,16	
37,075	-0,15	
37,08	-0,14	
37,085	-0,13	
37,09	-0,11	
37,095	-0,1	
37,1	-0,09	
37,105	-0,07	
37,11	-0,07	
37,115	-0,06	
37,12	-0,04	
37,125	-0,03	
37,13	-0,01	
37,135	0	
37,14	0,01	
37,145	0,02	
37,15	0,03	
37,155	0,04	
37,16	0,04	
37,165	0,06	
37,17	0,08	
37,175	0,09	
37,18	0,11	
37,185	0,12	
37,19	0,12	
37,195	0,13	
37,2	0,14	
37,205	0,15	
37,21	0,17	
37,215	0,19	
37,22	0,2	
37,225	0,21	
37,23	0,22	
37,235	0,23	
37,24	0,24	
37,245	0,25	
37,25	0,26	
37,255	0,27	
37,26	0,29	
37,265	0,3	
37,27	0,31	
37,275	0,32	
37,28	0,32	
37,285	0,33	
37,29	0,35	
37,295	0,36	
37,3	0,37	
37,305	0,38	
37,31	0,38	
37,315	0,39	
37,32	0,4	
37,325	0,41	
37,33	0,42	
37,335	0,43	
37,34	0,44	
37,345	0,44	
37,35	0,45	
37,355	0,46	
37,36	0,46	
37,365	0,47	
37,37	0,48	
37,375	0,49	
37,38	0,49	
37,385	0,49	
37,39	0,5	
37,395	0,5	
37,4	0,5	
37,405	0,51	
37,41	0,52	
37,415	0,52	
37,42	0,52	
37,425	0,53	
37,43	0,53	
37,435	0,53	
37,44	0,54	
37,445	0,54	
37,45	0,54	
37,455	0,54	
37,46	0,54	
37,465	0,54	
37,47	0,54	
37,475	0,54	
37,48	0,54	
37,485	0,54	
37,49	0,55	
37,495	0,55	
37,5	0,54	
37,505	0,54	
37,51	0,53	
37,515	0,53	
37,52	0,53	
37,525	0,53	
37,53	0,52	
37,535	0,52	
37,54	0,51	
37,545	0,51	
37,55	0,5	
37,555	0,49	
37,56	0,49	
37,565	0,48	
37,57	0,48	
37,575	0,47	
37,58	0,47	
37,585	0,46	
37,59	0,45	
37,595	0,44	
37,6	0,44	
37,605	0,43	
37,61	0,42	
37,615	0,41	
37,62	0,39	
37,625	0,39	
37,63	0,38	
37,635	0,37	
37,64	0,36	
37,645	0,35	
37,65	0,35	
37,655	0,34	
37,66	0,32	
37,665	0,31	
37,67	0,29	
37,675	0,28	
37,68	0,27	
37,685	0,26	
37,69	0,25	
37,695	0,24	
37,7	0,23	
37,705	0,22	
37,71	0,21	
37,715	0,19	
37,72	0,18	
37,725	0,16	
37,73	0,15	
37,735	0,14	
37,74	0,12	
37,745	0,11	
37,75	0,1	
37,755	0,08	
37,76	0,07	
37,765	0,05	
37,77	0,04	
37,775	0,03	
37,78	0,01	
37,785	-0,01	
37,79	-0,02	
37,795	-0,03	
37,8	-0,05	
37,805	-0,06	
37,81	-0,08	
37,815	-0,09	
37,82	-0,11	
37,825	-0,12	
37,83	-0,14	
37,835	-0,14	
37,84	-0,16	
37,845	-0,17	
37,85	-0,18	
37,855	-0,2	
37,86	-0,21	
37,865	-0,23	
37,87	-0,24	
37,875	-0,25	
37,88	-0,26	
37,885	-0,27	
37,89	-0,29	
37,895	-0,31	
37,9	-0,32	
37,905	-0,34	
37,91	-0,35	
37,915	-0,36	
37,92	-0,37	
37,925	-0,37	
37,93	-0,39	
37,935	-0,4	
37,94	-0,42	
37,945	-0,43	
37,95	-0,43	
37,955	-0,44	
37,96	-0,45	
37,965	-0,46	
37,97	-0,47	
37,975	-0,48	
37,98	-0,49	
37,985	-0,5	
37,99	-0,51	
37,995	-0,52	
38,0	-0,53	
38,005	-0,53	
38,01	-0,54	
38,015	-0,55	
38,02	-0,56	
38,025	-0,56	
38,03	-0,57	
38,035	-0,57	
38,04	-0,57	
38,045	-0,58	
38,05	-0,58	
38,055	-0,59	
38,06	-0,59	
38,065	-0,6	
38,07	-0,6	
38,075	-0,6	
38,08	-0,6	
38,085	-0,6	
38,09	-0,61	
38,095	-0,61	
38,1	-0,61	
38,105	-0,61	
38,11	-0,61	
38,115	-0,61	
38,12	-0,61	
38,125	-0,61	
38,13	-0,61	
38,135	-0,6	
38,14	-0,6	
38,145	-0,59	
38,15	-0,59	
38,155	-0,58	
38,16	-0,58	
38,165	-0,58	
38,17	-0,58	
38,175	-0,57	
38,18	-0,57	
38,185	-0,56	
38,19	-0,56	
38,195	-0,55	
38,2	-0,54	
38,205	-0,53	
38,21	-0,53	
38,215	-0,52	
38,22	-0,51	
38,225	-0,5	
38,23	-0,49	
38,235	-0,49	
38,24	-0,48	
38,245	-0,47	
38,25	-0,46	
38,255	-0,45	
38,26	-0,43	
38,265	-0,42	
38,27	-0,41	
38,275	-0,4	
38,28	-0,39	
38,285	-0,38	
38,29	-0,37	
38,295	-0,36	
38,3	-0,35	
38,305	-0,33	
38,31	-0,31	
38,315	-0,3	
38,32	-0,29	
38,325	-0,27	
38,33	-0,26	
38,335	-0,25	
38,34	-0,24	
38,345	-0,22	
38,35	-0,2	
38,355	-0,19	
38,36	-0,17	
38,365	-0,16	
38,37	-0,15	
38,375	-0,14	
38,38	-0,12	
38,385	-0,1	
38,39	-0,08	
38,395	-0,06	
38,4	-0,04	
38,405	-0,03	
38,41	-0,02	
38,415	-0,01	
38,42	0,01	
38,425	0,02	
38,43	0,04	
38,435	0,06	
38,44	0,08	
38,445	0,09	
38,45	0,11	
38,455	0,13	
38,46	0,14	
38,465	0,16	
38,47	0,17	
38,475	0,19	
38,48	0,2	
38,485	0,22	
38,49	0,23	
38,495	0,25	
38,5	0,26	
38,505	0,28	
38,51	0,29	
38,515	0,31	
38,52	0,32	
38,525	0,33	
38,53	0,34	
38,535	0,36	
38,54	0,37	
38,545	0,38	
38,55	0,4	
38,555	0,41	
38,56	0,42	
38,565	0,43	
38,57	0,44	
38,575	0,45	
38,58	0,47	
38,585	0,48	
38,59	0,49	
38,595	0,5	
38,6	0,51	
38,605	0,52	
38,61	0,53	
38,615	0,54	
38,62	0,55	
38,625	0,56	
38,63	0,57	
38,635	0,57	
38,64	0,58	
38,645	0,59	
38,65	0,59	
38,655	0,6	
38,66	0,61	
38,665	0,61	
38,67	0,62	
38,675	0,62	
38,68	0,62	
38,685	0,63	
38,69	0,63	
38,695	0,63	
38,7	0,64	
38,705	0,64	
38,71	0,65	
38,715	0,65	
38,72	0,65	
38,725	0,65	
38,73	0,65	
38,735	0,65	
38,74	0,65	
38,745	0,65	
38,75	0,64	
38,755	0,64	
38,76	0,64	
38,765	0,64	
38,77	0,63	
38,775	0,63	
38,78	0,63	
38,785	0,63	
38,79	0,63	
38,795	0,62	
38,8	0,61	
38,805	0,6	
38,81	0,6	
38,815	0,59	
38,82	0,59	
38,825	0,58	
38,83	0,57	
38,835	0,57	
38,84	0,56	
38,845	0,55	
38,85	0,53	
38,855	0,52	
38,86	0,52	
38,865	0,51	
38,87	0,49	
38,875	0,48	
38,88	0,47	
38,885	0,46	
38,89	0,45	
38,895	0,44	
38,9	0,43	
38,905	0,41	
38,91	0,4	
38,915	0,39	
38,92	0,38	
38,925	0,36	
38,93	0,35	
38,935	0,34	
38,94	0,32	
38,945	0,31	
38,95	0,29	
38,955	0,28	
38,96	0,27	
38,965	0,25	
38,97	0,24	
38,975	0,23	
38,98	0,21	
38,985	0,2	
38,99	0,17	
38,995	0,15	
39,0	0,14	
39,005	0,12	
39,01	0,11	
39,015	0,09	
39,02	0,08	
39,025	0,06	
39,03	0,04	
39,035	0,02	
39,04	0	
39,045	-0,01	
39,05	-0,03	
39,055	-0,04	
39,06	-0,05	
39,065	-0,07	
39,07	-0,09	
39,075	-0,1	
39,08	-0,13	
39,085	-0,14	
39,09	-0,16	
39,095	-0,17	
39,1	-0,18	
39,105	-0,2	
39,11	-0,21	
39,115	-0,23	
39,12	-0,24	
39,125	-0,27	
39,13	-0,28	
39,135	-0,3	
39,14	-0,31	
39,145	-0,32	
39,15	-0,34	
39,155	-0,35	
39,16	-0,36	
39,165	-0,37	
39,17	-0,39	
39,175	-0,41	
39,18	-0,42	
39,185	-0,43	
39,19	-0,45	
39,195	-0,46	
39,2	-0,47	
39,205	-0,48	
39,21	-0,49	
39,215	-0,5	
39,22	-0,51	
39,225	-0,52	
39,23	-0,53	
39,235	-0,54	
39,24	-0,55	
39,245	-0,56	
39,25	-0,57	
39,255	-0,57	
39,26	-0,58	
39,265	-0,59	
39,27	-0,59	
39,275	-0,6	
39,28	-0,61	
39,285	-0,61	
39,29	-0,62	
39,295	-0,63	
39,3	-0,63	
39,305	-0,63	
39,31	-0,64	
39,315	-0,64	
39,32	-0,64	
39,325	-0,65	
39,33	-0,65	
39,335	-0,65	
39,34	-0,65	
39,345	-0,65	
39,35	-0,65	
39,355	-0,65	
39,36	-0,65	
39,365	-0,65	
39,37	-0,65	
39,375	-0,65	
39,38	-0,65	
39,385	-0,65	
39,39	-0,65	
39,395	-0,65	
39,4	-0,64	
39,405	-0,63	
39,41	-0,62	
39,415	-0,62	
39,42	-0,62	
39,425	-0,61	
39,43	-0,61	
39,435	-0,61	
39,44	-0,6	
39,445	-0,59	
39,45	-0,58	
39,455	-0,57	
39,46	-0,57	
39,465	-0,56	
39,47	-0,55	
39,475	-0,54	
39,48	-0,53	
39,485	-0,52	
39,49	-0,51	
39,495	-0,49	
39,5	-0,48	
39,505	-0,47	
39,51	-0,46	
39,515	-0,45	
39,52	-0,44	
39,525	-0,43	
39,53	-0,41	
39,535	-0,4	
39,54	-0,39	
39,545	-0,38	
39,55	-0,37	
39,555	-0,35	
39,56	-0,34	
39,565	-0,32	
39,57	-0,31	
39,575	-0,3	
39,58	-0,28	
39,585	-0,26	
39,59	-0,25	
39,595	-0,23	
39,6	-0,22	
39,605	-0,2	
39,61	-0,18	
39,615	-0,17	
39,62	-0,16	
39,625	-0,13	
39,63	-0,12	
39,635	-0,1	
39,64	-0,09	
39,645	-0,07	
39,65	-0,06	
39,655	-0,04	
39,66	-0,03	
39,665	-0,01	
39,67	0,01	
39,675	0,02	
39,68	0,04	
39,685	0,06	
39,69	0,07	
39,695	0,09	
39,7	0,1	
39,705	0,12	
39,71	0,13	
39,715	0,16	
39,72	0,17	
39,725	0,19	
39,73	0,2	
39,735	0,21	
39,74	0,23	
39,745	0,24	
39,75	0,25	
39,755	0,27	
39,76	0,29	
39,765	0,3	
39,77	0,31	
39,775	0,33	
39,78	0,34	
39,785	0,35	
39,79	0,37	
39,795	0,38	
39,8	0,4	
39,805	0,41	
39,81	0,42	
39,815	0,43	
39,82	0,44	
39,825	0,45	
39,83	0,46	
39,835	0,48	
39,84	0,48	
39,845	0,49	
39,85	0,51	
39,855	0,51	
39,86	0,52	
39,865	0,53	
39,87	0,54	
39,875	0,55	
39,88	0,56	
39,885	0,56	
39,89	0,57	
39,895	0,58	
39,9	0,59	
39,905	0,59	
39,91	0,59	
39,915	0,6	
39,92	0,6	
39,925	0,6	
39,93	0,61	
39,935	0,61	
39,94	0,61	
39,945	0,62	
39,95	0,62	
39,955	0,62	
39,96	0,62	
39,965	0,62	
39,97	0,62	
39,975	0,62	
39,98	0,62	
39,985	0,62	
39,99	0,62	
39,995	0,62	
40,0	0,62	
40,005	0,62	
40,01	0,62	
40,015	0,61	
40,02	0,61	
40,025	0,61	
40,03	0,61	
40,035	0,6	
40,04	0,6	
40,045	0,59	
40,05	0,58	
40,055	0,58	
40,06	0,57	
40,065	0,57	
40,07	0,56	
40,075	0,55	
40,08	0,54	
40,085	0,54	
40,09	0,53	
40,095	0,52	
40,1	0,52	
40,105	0,51	
40,11	0,5	
40,115	0,49	
40,12	0,48	
40,125	0,46	
40,13	0,46	
40,135	0,44	
40,14	0,43	
40,145	0,42	
40,15	0,41	
40,155	0,4	
40,16	0,38	
40,165	0,37	
40,17	0,35	
40,175	0,34	
40,18	0,33	
40,185	0,32	
40,19	0,31	
40,195	0,29	
40,2	0,28	
40,205	0,27	
40,21	0,26	
40,215	0,24	
40,22	0,23	
40,225	0,21	
40,23	0,2	
40,235	0,18	
40,24	0,17	
40,245	0,15	
40,25	0,14	
40,255	0,13	
40,26	0,11	
40,265	0,09	
40,27	0,08	
40,275	0,07	
40,28	0,05	
40,285	0,03	
40,29	0,02	
40,295	0,01	
40,3	-0,01	
40,305	-0,03	
40,31	-0,05	
40,315	-0,06	
40,32	-0,07	
40,325	-0,08	
40,33	-0,1	
40,335	-0,11	
40,34	-0,13	
40,345	-0,14	
40,35	-0,15	
40,355	-0,17	
40,36	-0,19	
40,365	-0,2	
40,37	-0,21	
40,375	-0,22	
40,38	-0,24	
40,385	-0,25	
40,39	-0,26	
40,395	-0,27	
40,4	-0,29	
40,405	-0,31	
40,41	-0,32	
40,415	-0,33	
40,42	-0,34	
40,425	-0,35	
40,43	-0,36	
40,435	-0,37	
40,44	-0,38	
40,445	-0,39	
40,45	-0,4	
40,455	-0,41	
40,46	-0,42	
40,465	-0,43	
40,47	-0,44	
40,475	-0,45	
40,48	-0,46	
40,485	-0,47	
40,49	-0,48	
40,495	-0,48	
40,5	-0,49	
40,505	-0,5	
40,51	-0,51	
40,515	-0,51	
40,52	-0,52	
40,525	-0,52	
40,53	-0,53	
40,535	-0,53	
40,54	-0,54	
40,545	-0,54	
40,55	-0,55	
40,555	-0,55	
40,56	-0,55	
40,565	-0,56	
40,57	-0,56	
40,575	-0,56	
40,58	-0,57	
40,585	-0,57	
40,59	-0,57	
40,595	-0,57	
40,6	-0,57	
40,605	-0,57	
40,61	-0,57	
40,615	-0,57	
40,62	-0,57	
40,625	-0,57	
40,63	-0,57	
40,635	-0,57	
40,64	-0,56	
40,645	-0,56	
40,65	-0,56	
40,655	-0,55	
40,66	-0,55	
40,665	-0,54	
40,67	-0,54	
40,675	-0,54	
40,68	-0,53	
40,685	-0,53	
40,69	-0,52	
40,695	-0,52	
40,7	-0,51	
40,705	-0,5	
40,71	-0,5	
40,715	-0,49	
40,72	-0,48	
40,725	-0,48	
40,73	-0,47	
40,735	-0,46	
40,74	-0,45	
40,745	-0,44	
40,75	-0,44	
40,755	-0,43	
40,76	-0,41	
40,765	-0,41	
40,77	-0,4	
40,775	-0,39	
40,78	-0,38	
40,785	-0,37	
40,79	-0,36	
40,795	-0,35	
40,8	-0,34	
40,805	-0,33	
40,81	-0,31	
40,815	-0,3	
40,82	-0,29	
40,825	-0,28	
40,83	-0,27	
40,835	-0,26	
40,84	-0,25	
40,845	-0,24	
40,85	-0,23	
40,855	-0,21	
40,86	-0,19	
40,865	-0,18	
40,87	-0,17	
40,875	-0,16	
40,88	-0,15	
40,885	-0,13	
40,89	-0,12	
40,895	-0,11	
40,9	-0,09	
40,905	-0,08	
40,91	-0,06	
40,915	-0,05	
40,92	-0,04	
40,925	-0,02	
40,93	-0,01	
40,935	0	
40,94	0,01	
40,945	0,03	
40,95	0,04	
40,955	0,05	
40,96	0,06	
40,965	0,08	
40,97	0,09	
40,975	0,1	
40,98	0,12	
40,985	0,13	
40,99	0,14	
40,995	0,16	
41,0	0,17	
41,005	0,18	
41,01	0,19	
41,015	0,2	
41,02	0,21	
41,025	0,22	
41,03	0,23	
41,035	0,25	
41,04	0,26	
41,045	0,27	
41,05	0,28	
41,055	0,29	
41,06	0,29	
41,065	0,31	
41,07	0,31	
41,075	0,32	
41,08	0,34	
41,085	0,34	
41,09	0,35	
41,095	0,36	
41,1	0,37	
41,105	0,37	
41,11	0,38	
41,115	0,39	
41,12	0,4	
41,125	0,41	
41,13	0,41	
41,135	0,42	
41,14	0,42	
41,145	0,43	
41,15	0,44	
41,155	0,44	
41,16	0,44	
41,165	0,45	
41,17	0,46	
41,175	0,46	
41,18	0,47	
41,185	0,47	
41,19	0,47	
41,195	0,48	
41,2	0,47	
41,205	0,48	
41,21	0,48	
41,215	0,48	
41,22	0,49	
41,225	0,49	
41,23	0,49	
41,235	0,49	
41,24	0,49	
41,245	0,5	
41,25	0,5	
41,255	0,5	
41,26	0,49	
41,265	0,49	
41,27	0,49	
41,275	0,49	
41,28	0,49	
41,285	0,49	
41,29	0,49	
41,295	0,48	
41,3	0,48	
41,305	0,48	
41,31	0,48	
41,315	0,47	
41,32	0,47	
41,325	0,47	
41,33	0,46	
41,335	0,46	
41,34	0,45	
41,345	0,45	
41,35	0,44	
41,355	0,43	
41,36	0,43	
41,365	0,42	
41,37	0,42	
41,375	0,41	
41,38	0,41	
41,385	0,4	
41,39	0,39	
41,395	0,39	
41,4	0,37	
41,405	0,36	
41,41	0,35	
41,415	0,35	
41,42	0,34	
41,425	0,33	
41,43	0,33	
41,435	0,32	
41,44	0,31	
41,445	0,3	
41,45	0,29	
41,455	0,29	
41,46	0,28	
41,465	0,27	
41,47	0,26	
41,475	0,25	
41,48	0,24	
41,485	0,23	
41,49	0,21	
41,495	0,21	
41,5	0,2	
41,505	0,19	
41,51	0,17	
41,515	0,16	
41,52	0,15	
41,525	0,14	
41,53	0,13	
41,535	0,12	
41,54	0,11	
41,545	0,1	
41,55	0,09	
41,555	0,08	
41,56	0,07	
41,565	0,06	
41,57	0,05	
41,575	0,04	
41,58	0,02	
41,585	0,01	
41,59	0	
41,595	-0,01	
41,6	-0,02	
41,605	-0,03	
41,61	-0,04	
41,615	-0,05	
41,62	-0,06	
41,625	-0,07	
41,63	-0,09	
41,635	-0,1	
41,64	-0,11	
41,645	-0,12	
41,65	-0,13	
41,655	-0,14	
41,66	-0,15	
41,665	-0,16	
41,67	-0,17	
41,675	-0,18	
41,68	-0,19	
41,685	-0,19	
41,69	-0,2	
41,695	-0,21	
41,7	-0,22	
41,705	-0,23	
41,71	-0,24	
41,715	-0,25	
41,72	-0,26	
41,725	-0,26	
41,73	-0,27	
41,735	-0,28	
41,74	-0,28	
41,745	-0,29	
41,75	-0,31	
41,755	-0,31	
41,76	-0,32	
41,765	-0,33	
41,77	-0,33	
41,775	-0,33	
41,78	-0,34	
41,785	-0,35	
41,79	-0,36	
41,795	-0,37	
41,8	-0,37	
41,805	-0,38	
41,81	-0,38	
41,815	-0,38	
41,82	-0,38	
41,825	-0,39	
41,83	-0,4	
41,835	-0,4	
41,84	-0,41	
41,845	-0,41	
41,85	-0,41	
41,855	-0,41	
41,86	-0,41	
41,865	-0,42	
41,87	-0,42	
41,875	-0,43	
41,88	-0,43	
41,885	-0,43	
41,89	-0,43	
41,895	-0,43	
41,9	-0,43	
41,905	-0,43	
41,91	-0,43	
41,915	-0,43	
41,92	-0,43	
41,925	-0,43	
41,93	-0,43	
41,935	-0,43	
41,94	-0,43	
41,945	-0,44	
41,95	-0,44	
41,955	-0,44	
41,96	-0,43	
41,965	-0,43	
41,97	-0,42	
41,975	-0,42	
41,98	-0,42	
41,985	-0,42	
41,99	-0,41	
41,995	-0,41	
42,0	-0,4	
42,005	-0,4	
42,01	-0,39	
42,015	-0,39	
42,02	-0,39	
42,025	-0,39	
42,03	-0,39	
42,035	-0,38	
42,04	-0,37	
42,045	-0,36	
42,05	-0,35	
42,055	-0,35	
42,06	-0,35	
42,065	-0,35	
42,07	-0,34	
42,075	-0,34	
42,08	-0,32	
42,085	-0,31	
42,09	-0,3	
42,095	-0,3	
42,1	-0,3	
42,105	-0,29	
42,11	-0,29	
42,115	-0,28	
42,12	-0,27	
42,125	-0,26	
42,13	-0,25	
42,135	-0,24	
42,14	-0,24	
42,145	-0,24	
42,15	-0,23	
42,155	-0,22	
42,16	-0,21	
42,165	-0,19	
42,17	-0,18	
42,175	-0,17	
42,18	-0,17	
42,185	-0,16	
42,19	-0,15	
42,195	-0,14	
42,2	-0,13	
42,205	-0,12	
42,21	-0,11	
42,215	-0,1	
42,22	-0,1	
42,225	-0,09	
42,23	-0,08	
42,235	-0,07	
42,24	-0,05	
42,245	-0,04	
42,25	-0,04	
42,255	-0,03	
42,26	-0,03	
42,265	-0,01	
42,27	0	
42,275	0,01	
42,28	0,02	
42,285	0,03	
42,29	0,04	
42,295	0,05	
42,3	0,06	
42,305	0,06	
42,31	0,08	
42,315	0,09	
42,32	0,1	
42,325	0,11	
42,33	0,12	
42,335	0,12	
42,34	0,13	
42,345	0,14	
42,35	0,15	
42,355	0,16	
42,36	0,18	
42,365	0,18	
42,37	0,19	
42,375	0,2	
42,38	0,2	
42,385	0,21	
42,39	0,22	
42,395	0,23	
42,4	0,25	
42,405	0,25	
42,41	0,26	
42,415	0,26	
42,42	0,27	
42,425	0,27	
42,43	0,28	
42,435	0,29	
42,44	0,3	
42,445	0,31	
42,45	0,31	
42,455	0,31	
42,46	0,32	
42,465	0,32	
42,47	0,33	
42,475	0,34	
42,48	0,35	
42,485	0,35	
42,49	0,36	
42,495	0,36	
42,5	0,36	
42,505	0,37	
42,51	0,38	
42,515	0,38	
42,52	0,39	
42,525	0,39	
42,53	0,39	
42,535	0,39	
42,54	0,39	
42,545	0,4	
42,55	0,41	
42,555	0,41	
42,56	0,42	
42,565	0,42	
42,57	0,42	
42,575	0,42	
42,58	0,42	
42,585	0,43	
42,59	0,43	
42,595	0,44	
42,6	0,43	
42,605	0,42	
42,61	0,41	
42,615	0,4	
42,62	0,4	
42,625	0,41	
42,63	0,44	
42,635	0,45	
42,64	0,45	
42,645	0,44	
42,65	0,42	
42,655	0,4	
42,66	0,4	
42,665	0,4	
42,67	0,41	
42,675	0,42	
42,68	0,42	
42,685	0,41	
42,69	0,4	
42,695	0,39	
42,7	0,39	
42,705	0,39	
42,71	0,39	
42,715	0,39	
42,72	0,38	
42,725	0,37	
42,73	0,35	
42,735	0,34	
42,74	0,34	
42,745	0,35	
42,75	0,35	
42,755	0,35	
42,76	0,35	
42,765	0,32	
42,77	0,31	
42,775	0,3	
42,78	0,3	
42,785	0,3	
42,79	0,3	
42,795	0,3	
42,8	0,29	
42,805	0,27	
42,81	0,25	
42,815	0,24	
42,82	0,24	
42,825	0,24	
42,83	0,24	
42,835	0,23	
42,84	0,22	
42,845	0,2	
42,85	0,18	
42,855	0,16	
42,86	0,16	
42,865	0,17	
42,87	0,17	
42,875	0,17	
42,88	0,15	
42,885	0,13	
42,89	0,11	
42,895	0,1	
42,9	0,09	
42,905	0,09	
42,91	0,09	
42,915	0,08	
42,92	0,07	
42,925	0,05	
42,93	0,03	
42,935	0,02	
42,94	0,01	
42,945	0,01	
42,95	0,01	
42,955	-0,01	
42,96	-0,02	
42,965	-0,04	
42,97	-0,05	
42,975	-0,06	
42,98	-0,06	
42,985	-0,07	
42,99	-0,08	
42,995	-0,09	
43,0	-0,11	
43,005	-0,12	
43,01	-0,14	
43,015	-0,15	
43,02	-0,15	
43,025	-0,15	
43,03	-0,16	
43,035	-0,17	
43,04	-0,19	
43,045	-0,21	
43,05	-0,22	
43,055	-0,22	
43,06	-0,22	
43,065	-0,22	
43,07	-0,23	
43,075	-0,24	
43,08	-0,26	
43,085	-0,28	
43,09	-0,29	
43,095	-0,29	
43,1	-0,29	
43,105	-0,29	
43,11	-0,3	
43,115	-0,31	
43,12	-0,33	
43,125	-0,34	
43,13	-0,35	
43,135	-0,35	
43,14	-0,35	
43,145	-0,35	
43,15	-0,36	
43,155	-0,38	
43,16	-0,39	
43,165	-0,4	
43,17	-0,4	
43,175	-0,4	
43,18	-0,4	
43,185	-0,4	
43,19	-0,41	
43,195	-0,42	
43,2	-0,43	
43,205	-0,44	
43,21	-0,44	
43,215	-0,44	
43,22	-0,44	
43,225	-0,44	
43,23	-0,45	
43,235	-0,46	
43,24	-0,47	
43,245	-0,47	
43,25	-0,47	
43,255	-0,47	
43,26	-0,46	
43,265	-0,47	
43,27	-0,47	
43,275	-0,48	
43,28	-0,48	
43,285	-0,48	
43,29	-0,47	
43,295	-0,47	
43,3	-0,46	
43,305	-0,47	
43,31	-0,47	
43,315	-0,48	
43,32	-0,48	
43,325	-0,48	
43,33	-0,47	
43,335	-0,46	
43,34	-0,45	
43,345	-0,45	
43,35	-0,46	
43,355	-0,46	
43,36	-0,46	
43,365	-0,45	
43,37	-0,44	
43,375	-0,43	
43,38	-0,42	
43,385	-0,42	
43,39	-0,42	
43,395	-0,42	
43,4	-0,42	
43,405	-0,41	
43,41	-0,4	
43,415	-0,39	
43,42	-0,38	
43,425	-0,38	
43,43	-0,37	
43,435	-0,38	
43,44	-0,37	
43,445	-0,36	
43,45	-0,34	
43,455	-0,33	
43,46	-0,32	
43,465	-0,32	
43,47	-0,31	
43,475	-0,31	
43,48	-0,3	
43,485	-0,29	
43,49	-0,27	
43,495	-0,25	
43,5	-0,24	
43,505	-0,24	
43,51	-0,24	
43,515	-0,23	
43,52	-0,22	
43,525	-0,21	
43,53	-0,19	
43,535	-0,17	
43,54	-0,16	
43,545	-0,15	
43,55	-0,15	
43,555	-0,14	
43,56	-0,13	
43,565	-0,12	
43,57	-0,1	
43,575	-0,08	
43,58	-0,07	
43,585	-0,06	
43,59	-0,05	
43,595	-0,04	
43,6	-0,03	
43,605	-0,02	
43,61	0	
43,615	0,02	
43,62	0,03	
43,625	0,03	
43,63	0,04	
43,635	0,05	
43,64	0,07	
43,645	0,09	
43,65	0,1	
43,655	0,12	
43,66	0,12	
43,665	0,13	
43,67	0,14	
43,675	0,15	
43,68	0,17	
43,685	0,19	
43,69	0,2	
43,695	0,21	
43,7	0,22	
43,705	0,23	
43,71	0,23	
43,715	0,24	
43,72	0,26	
43,725	0,28	
43,73	0,29	
43,735	0,3	
43,74	0,31	
43,745	0,31	
43,75	0,32	
43,755	0,33	
43,76	0,34	
43,765	0,37	
43,77	0,38	
43,775	0,38	
43,78	0,39	
43,785	0,39	
43,79	0,39	
43,795	0,4	
43,8	0,42	
43,805	0,43	
43,81	0,45	
43,815	0,45	
43,82	0,45	
43,825	0,45	
43,83	0,46	
43,835	0,46	
43,84	0,48	
43,845	0,49	
43,85	0,5	
43,855	0,5	
43,86	0,5	
43,865	0,5	
43,87	0,51	
43,875	0,51	
43,88	0,52	
43,885	0,53	
43,89	0,53	
43,895	0,54	
43,9	0,53	
43,905	0,53	
43,91	0,53	
43,915	0,53	
43,92	0,54	
43,925	0,54	
43,93	0,55	
43,935	0,55	
43,94	0,54	
43,945	0,54	
43,95	0,54	
43,955	0,54	
43,96	0,54	
43,965	0,54	
43,97	0,54	
43,975	0,54	
43,98	0,53	
43,985	0,53	
43,99	0,53	
43,995	0,53	
44,0	0,52	
44,005	0,52	
44,01	0,52	
44,015	0,51	
44,02	0,5	
44,025	0,49	
44,03	0,49	
44,035	0,49	
44,04	0,49	
44,045	0,48	
44,05	0,48	
44,055	0,47	
44,06	0,45	
44,065	0,44	
44,07	0,44	
44,075	0,43	
44,08	0,43	
44,085	0,42	
44,09	0,41	
44,095	0,39	
44,1	0,38	
44,105	0,37	
44,11	0,36	
44,115	0,36	
44,12	0,35	
44,125	0,34	
44,13	0,32	
44,135	0,31	
44,14	0,29	
44,145	0,28	
44,15	0,27	
44,155	0,27	
44,16	0,26	
44,165	0,25	
44,17	0,24	
44,175	0,21	
44,18	0,2	
44,185	0,18	
44,19	0,17	
44,195	0,16	
44,2	0,15	
44,205	0,14	
44,21	0,12	
44,215	0,11	
44,22	0,08	
44,225	0,07	
44,23	0,06	
44,235	0,06	
44,24	0,04	
44,245	0,03	
44,25	0,01	
44,255	-0,01	
44,26	-0,02	
44,265	-0,04	
44,27	-0,05	
44,275	-0,06	
44,28	-0,07	
44,285	-0,09	
44,29	-0,1	
44,295	-0,12	
44,3	-0,14	
44,305	-0,15	
44,31	-0,16	
44,315	-0,17	
44,32	-0,18	
44,325	-0,2	
