t, ñ	wz	
0,0	0	
0,005	0	
0,01	0	
0,015	0	
0,02	0	
0,025	0	
0,03	0,01	
0,035	0	
0,04	0	
0,045	0	
0,05	0	
0,055	0	
0,06	0	
0,065	0	
0,07	0	
0,075	0	
0,08	0	
0,085	0	
0,09	0	
0,095	0	
0,1	0	
0,105	0	
0,11	0	
0,115	0	
0,12	0	
0,125	0	
0,13	0	
0,135	0	
0,14	0	
0,145	-0,01	
0,15	-0,01	
0,155	0	
0,16	0	
0,165	0	
0,17	0	
0,175	0	
0,18	0	
0,185	0	
0,19	0	
0,195	0	
0,2	0	
0,205	0	
0,21	0	
0,215	0	
0,22	-0,01	
0,225	-0,01	
0,23	-0,01	
0,235	0	
0,24	0	
0,245	0	
0,25	0	
0,255	0	
0,26	0	
0,265	0	
0,27	0	
0,275	0	
0,28	0,01	
0,285	0	
0,29	0	
0,295	0	
0,3	0	
0,305	0	
0,31	0	
0,315	0	
0,32	0	
0,325	0	
0,33	0	
0,335	0	
0,34	0	
0,345	0	
0,35	0	
0,355	0	
0,36	0	
0,365	0	
0,37	0	
0,375	0	
0,38	0	
0,385	0	
0,39	0	
0,395	0	
0,4	0	
0,405	0,01	
0,41	0	
0,415	0	
0,42	0	
0,425	0	
0,43	-0,01	
0,435	-0,01	
0,44	0	
0,445	-0,01	
0,45	0	
0,455	0	
0,46	0	
0,465	0,01	
0,47	0,01	
0,475	0,01	
0,48	0,01	
0,485	0,01	
0,49	0	
0,495	0	
0,5	0	
0,505	0	
0,51	0	
0,515	0	
0,52	0	
0,525	0	
0,53	0	
0,535	0	
0,54	0,01	
0,545	0	
0,55	0	
0,555	0	
0,56	0	
0,565	0	
0,57	0	
0,575	0	
0,58	0	
0,585	0	
0,59	0	
0,595	0	
0,6	0	
0,605	0,01	
0,61	0,01	
0,615	0	
0,62	0	
0,625	0	
0,63	0	
0,635	0	
0,64	0	
0,645	0,01	
0,65	0	
0,655	0	
0,66	0	
0,665	0	
0,67	-0,01	
0,675	0	
0,68	0	
0,685	0	
0,69	0	
0,695	0,01	
0,7	0,01	
0,705	0,01	
0,71	0,01	
0,715	0	
0,72	0	
0,725	0	
0,73	0	
0,735	0	
0,74	0	
0,745	0	
0,75	0	
0,755	0	
0,76	0	
0,765	0	
0,77	0	
0,775	0	
0,78	0	
0,785	0	
0,79	0,01	
0,795	0	
0,8	0	
0,805	0	
0,81	0	
0,815	-0,01	
0,82	0	
0,825	0	
0,83	0	
0,835	0	
0,84	0	
0,845	0	
0,85	0	
0,855	0	
0,86	0	
0,865	0	
0,87	0	
0,875	0	
0,88	0	
0,885	-0,01	
0,89	-0,01	
0,895	0	
0,9	-0,01	
0,905	0	
0,91	0	
0,915	0	
0,92	0	
0,925	0	
0,93	0	
0,935	0,01	
0,94	0	
0,945	0	
0,95	0	
0,955	-0,01	
0,96	-0,01	
0,965	-0,01	
0,97	-0,01	
0,975	-0,01	
0,98	-0,01	
0,985	-0,01	
0,99	-0,01	
0,995	-0,01	
1,0	-0,01	
1,005	-0,01	
1,01	0	
1,015	0	
1,02	0	
1,025	0	
1,03	0	
1,035	0	
1,04	-0,01	
1,045	-0,01	
1,05	-0,01	
1,055	-0,01	
1,06	-0,01	
1,065	0	
1,07	0	
1,075	0	
1,08	0	
1,085	0,01	
1,09	0,01	
1,095	0,01	
1,1	0,01	
1,105	0	
1,11	0	
1,115	0	
1,12	-0,01	
1,125	0	
1,13	0	
1,135	0	
1,14	0	
1,145	0	
1,15	0	
1,155	0	
1,16	0	
1,165	0	
1,17	0	
1,175	0	
1,18	0	
1,185	0	
1,19	0	
1,195	0	
1,2	0	
1,205	0	
1,21	0	
1,215	0	
1,22	0	
1,225	-0,01	
1,23	0	
1,235	0	
1,24	0	
1,245	0	
1,25	0	
1,255	0	
1,26	0	
1,265	0	
1,27	0	
1,275	0	
1,28	0	
1,285	0	
1,29	0	
1,295	0	
1,3	0	
1,305	0	
1,31	0	
1,315	0	
1,32	0,01	
1,325	0,04	
1,33	0,07	
1,335	0,1	
1,34	0,09	
1,345	0	
1,35	-0,09	
1,355	-0,19	
1,36	-0,26	
1,365	-0,26	
1,37	-0,2	
1,375	-0,14	
1,38	-0,1	
1,385	-0,09	
1,39	-0,13	
1,395	-0,21	
1,4	-0,32	
1,405	-0,39	
1,41	-0,4	
1,415	-0,37	
1,42	-0,33	
1,425	-0,25	
1,43	-0,25	
1,435	-0,3	
1,44	-0,39	
1,445	-0,47	
1,45	-0,51	
1,455	-0,52	
1,46	-0,5	
1,465	-0,44	
1,47	-0,39	
1,475	-0,39	
1,48	-0,43	
1,485	-0,49	
1,49	-0,55	
1,495	-0,61	
1,5	-0,62	
1,505	-0,57	
1,51	-0,51	
1,515	-0,49	
1,52	-0,49	
1,525	-0,53	
1,53	-0,6	
1,535	-0,67	
1,54	-0,71	
1,545	-0,7	
1,55	-0,65	
1,555	-0,6	
1,56	-0,56	
1,565	-0,55	
1,57	-0,58	
1,575	-0,65	
1,58	-0,72	
1,585	-0,76	
1,59	-0,74	
1,595	-0,69	
1,6	-0,63	
1,605	-0,58	
1,61	-0,57	
1,615	-0,62	
1,62	-0,68	
1,625	-0,74	
1,63	-0,78	
1,635	-0,77	
1,64	-0,72	
1,645	-0,64	
1,65	-0,57	
1,655	-0,55	
1,66	-0,57	
1,665	-0,63	
1,67	-0,73	
1,675	-0,76	
1,68	-0,74	
1,685	-0,67	
1,69	-0,59	
1,695	-0,53	
1,7	-0,51	
1,705	-0,53	
1,71	-0,59	
1,715	-0,65	
1,72	-0,69	
1,725	-0,68	
1,73	-0,63	
1,735	-0,56	
1,74	-0,48	
1,745	-0,43	
1,75	-0,46	
1,755	-0,51	
1,76	-0,56	
1,765	-0,58	
1,77	-0,57	
1,775	-0,52	
1,78	-0,44	
1,785	-0,37	
1,79	-0,33	
1,795	-0,34	
1,8	-0,38	
1,805	-0,43	
1,81	-0,46	
1,815	-0,46	
1,82	-0,41	
1,825	-0,33	
1,83	-0,23	
1,835	-0,2	
1,84	-0,21	
1,845	-0,25	
1,85	-0,3	
1,855	-0,32	
1,86	-0,3	
1,865	-0,24	
1,87	-0,17	
1,875	-0,1	
1,88	-0,06	
1,885	-0,05	
1,89	-0,1	
1,895	-0,14	
1,9	-0,16	
1,905	-0,16	
1,91	-0,08	
1,915	0,01	
1,92	0,07	
1,925	0,1	
1,93	0,09	
1,935	0,06	
1,94	0,02	
1,945	0	
1,95	0,02	
1,955	0,07	
1,96	0,15	
1,965	0,22	
1,97	0,25	
1,975	0,26	
1,98	0,23	
1,985	0,19	
1,99	0,15	
1,995	0,18	
2,0	0,24	
2,005	0,31	
2,01	0,37	
2,015	0,41	
2,02	0,4	
2,025	0,36	
2,03	0,32	
2,035	0,3	
2,04	0,31	
2,045	0,36	
2,05	0,43	
2,055	0,5	
2,06	0,54	
2,065	0,55	
2,07	0,51	
2,075	0,44	
2,08	0,42	
2,085	0,43	
2,09	0,48	
2,095	0,56	
2,1	0,63	
2,105	0,66	
2,11	0,65	
2,115	0,62	
2,12	0,57	
2,125	0,53	
2,13	0,53	
2,135	0,57	
2,14	0,64	
2,145	0,7	
2,15	0,74	
2,155	0,73	
2,16	0,68	
2,165	0,63	
2,17	0,6	
2,175	0,61	
2,18	0,64	
2,185	0,7	
2,19	0,76	
2,195	0,79	
2,2	0,78	
2,205	0,74	
2,21	0,69	
2,215	0,65	
2,22	0,63	
2,225	0,66	
2,23	0,71	
2,235	0,79	
2,24	0,81	
2,245	0,79	
2,25	0,75	
2,255	0,7	
2,26	0,65	
2,265	0,64	
2,27	0,67	
2,275	0,71	
2,28	0,76	
2,285	0,78	
2,29	0,78	
2,295	0,74	
2,3	0,68	
2,305	0,63	
2,31	0,61	
2,315	0,64	
2,32	0,68	
2,325	0,72	
2,33	0,73	
2,335	0,71	
2,34	0,67	
2,345	0,61	
2,35	0,57	
2,355	0,56	
2,36	0,57	
2,365	0,6	
2,37	0,64	
2,375	0,65	
2,38	0,63	
2,385	0,58	
2,39	0,53	
2,395	0,46	
2,4	0,45	
2,405	0,47	
2,41	0,51	
2,415	0,54	
2,42	0,55	
2,425	0,52	
2,43	0,47	
2,435	0,41	
2,44	0,36	
2,445	0,34	
2,45	0,35	
2,455	0,38	
2,46	0,42	
2,465	0,43	
2,47	0,41	
2,475	0,32	
2,48	0,26	
2,485	0,21	
2,49	0,19	
2,495	0,21	
2,5	0,24	
2,505	0,28	
2,51	0,29	
2,515	0,26	
2,52	0,21	
2,525	0,14	
2,53	0,08	
2,535	0,05	
2,54	0,05	
2,545	0,08	
2,55	0,12	
2,555	0,14	
2,56	0,11	
2,565	0,06	
2,57	-0,01	
2,575	-0,07	
2,58	-0,1	
2,585	-0,09	
2,59	-0,07	
2,595	-0,04	
2,6	-0,02	
2,605	-0,03	
2,61	-0,08	
2,615	-0,13	
2,62	-0,19	
2,625	-0,22	
2,63	-0,23	
2,635	-0,21	
2,64	-0,17	
2,645	-0,16	
2,65	-0,18	
2,655	-0,22	
2,66	-0,27	
2,665	-0,32	
2,67	-0,35	
2,675	-0,35	
2,68	-0,32	
2,685	-0,3	
2,69	-0,29	
2,695	-0,31	
2,7	-0,34	
2,705	-0,39	
2,71	-0,43	
2,715	-0,46	
2,72	-0,44	
2,725	-0,42	
2,73	-0,39	
2,735	-0,38	
2,74	-0,4	
2,745	-0,44	
2,75	-0,49	
2,755	-0,53	
2,76	-0,55	
2,765	-0,53	
2,77	-0,5	
2,775	-0,47	
2,78	-0,46	
2,785	-0,46	
2,79	-0,5	
2,795	-0,55	
2,8	-0,61	
2,805	-0,61	
2,81	-0,59	
2,815	-0,55	
2,82	-0,52	
2,825	-0,5	
2,83	-0,51	
2,835	-0,55	
2,84	-0,59	
2,845	-0,63	
2,85	-0,64	
2,855	-0,63	
2,86	-0,59	
2,865	-0,55	
2,87	-0,52	
2,875	-0,52	
2,88	-0,56	
2,885	-0,61	
2,89	-0,64	
2,895	-0,65	
2,9	-0,63	
2,905	-0,59	
2,91	-0,54	
2,915	-0,51	
2,92	-0,5	
2,925	-0,52	
2,93	-0,56	
2,935	-0,6	
2,94	-0,61	
2,945	-0,6	
2,95	-0,56	
2,955	-0,51	
2,96	-0,47	
2,965	-0,46	
2,97	-0,48	
2,975	-0,51	
2,98	-0,54	
2,985	-0,55	
2,99	-0,53	
2,995	-0,49	
3,0	-0,44	
3,005	-0,41	
3,01	-0,4	
3,015	-0,41	
3,02	-0,43	
3,025	-0,46	
3,03	-0,47	
3,035	-0,45	
3,04	-0,41	
3,045	-0,34	
3,05	-0,31	
3,055	-0,3	
3,06	-0,32	
3,065	-0,34	
3,07	-0,36	
3,075	-0,36	
3,08	-0,34	
3,085	-0,3	
3,09	-0,25	
3,095	-0,22	
3,1	-0,2	
3,105	-0,21	
3,11	-0,23	
3,115	-0,26	
3,12	-0,26	
3,125	-0,22	
3,13	-0,17	
3,135	-0,12	
3,14	-0,09	
3,145	-0,08	
3,15	-0,09	
3,155	-0,11	
3,16	-0,13	
3,165	-0,13	
3,17	-0,1	
3,175	-0,06	
3,18	-0,01	
3,185	0,03	
3,19	0,05	
3,195	0,04	
3,2	0,02	
3,205	-0,02	
3,21	-0,01	
3,215	0,02	
3,22	0,06	
3,225	0,11	
3,23	0,15	
3,235	0,17	
3,24	0,16	
3,245	0,14	
3,25	0,12	
3,255	0,11	
3,26	0,13	
3,265	0,17	
3,27	0,23	
3,275	0,27	
3,28	0,29	
3,285	0,27	
3,29	0,24	
3,295	0,22	
3,3	0,22	
3,305	0,24	
3,31	0,29	
3,315	0,33	
3,32	0,37	
3,325	0,38	
3,33	0,38	
3,335	0,36	
3,34	0,33	
3,345	0,32	
3,35	0,33	
3,355	0,37	
3,36	0,41	
3,365	0,46	
3,37	0,47	
3,375	0,45	
3,38	0,43	
3,385	0,41	
3,39	0,4	
3,395	0,41	
3,4	0,44	
3,405	0,48	
3,41	0,52	
3,415	0,53	
3,42	0,52	
3,425	0,5	
3,43	0,47	
3,435	0,46	
3,44	0,47	
3,445	0,49	
3,45	0,55	
3,455	0,57	
3,46	0,58	
3,465	0,56	
3,47	0,54	
3,475	0,51	
3,48	0,49	
3,485	0,5	
3,49	0,52	
3,495	0,55	
3,5	0,58	
3,505	0,59	
3,51	0,58	
3,515	0,55	
3,52	0,52	
3,525	0,5	
3,53	0,51	
3,535	0,53	
3,54	0,56	
3,545	0,58	
3,55	0,59	
3,555	0,56	
3,56	0,54	
3,565	0,51	
3,57	0,49	
3,575	0,49	
3,58	0,51	
3,585	0,54	
3,59	0,56	
3,595	0,56	
3,6	0,54	
3,605	0,51	
3,61	0,46	
3,615	0,44	
3,62	0,45	
3,625	0,47	
3,63	0,5	
3,635	0,51	
3,64	0,51	
3,645	0,49	
3,65	0,45	
3,655	0,42	
3,66	0,39	
3,665	0,39	
3,67	0,4	
3,675	0,43	
3,68	0,45	
3,685	0,45	
3,69	0,42	
3,695	0,37	
3,7	0,34	
3,705	0,31	
3,71	0,31	
3,715	0,32	
3,72	0,34	
3,725	0,36	
3,73	0,36	
3,735	0,34	
3,74	0,3	
3,745	0,26	
3,75	0,23	
3,755	0,22	
3,76	0,23	
3,765	0,25	
3,77	0,26	
3,775	0,26	
3,78	0,24	
3,785	0,2	
3,79	0,16	
3,795	0,13	
3,8	0,12	
3,805	0,13	
3,81	0,14	
3,815	0,16	
3,82	0,16	
3,825	0,14	
3,83	0,11	
3,835	0,07	
3,84	0,04	
3,845	0,02	
3,85	0,03	
3,855	0,05	
3,86	0,06	
3,865	0,05	
3,87	0,03	
3,875	0	
3,88	-0,03	
3,885	-0,06	
3,89	-0,07	
3,895	-0,07	
3,9	-0,06	
3,905	-0,05	
3,91	-0,05	
3,915	-0,07	
3,92	-0,1	
3,925	-0,14	
3,93	-0,16	
3,935	-0,17	
3,94	-0,16	
3,945	-0,14	
3,95	-0,14	
3,955	-0,14	
3,96	-0,16	
3,965	-0,2	
3,97	-0,23	
3,975	-0,25	
3,98	-0,26	
3,985	-0,25	
3,99	-0,23	
3,995	-0,22	
4,0	-0,22	
4,005	-0,24	
4,01	-0,27	
4,015	-0,32	
4,02	-0,34	
4,025	-0,34	
4,03	-0,33	
4,035	-0,31	
4,04	-0,29	
4,045	-0,29	
4,05	-0,31	
4,055	-0,34	
4,06	-0,37	
4,065	-0,4	
4,07	-0,4	
4,075	-0,39	
4,08	-0,37	
4,085	-0,35	
4,09	-0,34	
4,095	-0,37	
4,1	-0,4	
4,105	-0,43	
4,11	-0,45	
4,115	-0,45	
4,12	-0,44	
4,125	-0,41	
4,13	-0,39	
4,135	-0,38	
4,14	-0,39	
4,145	-0,41	
4,15	-0,44	
4,155	-0,46	
4,16	-0,47	
4,165	-0,46	
4,17	-0,44	
4,175	-0,41	
4,18	-0,4	
4,185	-0,41	
4,19	-0,43	
4,195	-0,46	
4,2	-0,47	
4,205	-0,47	
4,21	-0,46	
4,215	-0,44	
4,22	-0,42	
4,225	-0,41	
4,23	-0,41	
4,235	-0,42	
4,24	-0,44	
4,245	-0,45	
4,25	-0,45	
4,255	-0,44	
4,26	-0,41	
4,265	-0,39	
4,27	-0,38	
4,275	-0,39	
4,28	-0,4	
4,285	-0,42	
4,29	-0,43	
4,295	-0,43	
4,3	-0,41	
4,305	-0,38	
4,31	-0,36	
4,315	-0,35	
4,32	-0,35	
4,325	-0,36	
4,33	-0,38	
4,335	-0,39	
4,34	-0,38	
4,345	-0,35	
4,35	-0,32	
4,355	-0,3	
4,36	-0,29	
4,365	-0,29	
4,37	-0,3	
4,375	-0,32	
4,38	-0,33	
4,385	-0,32	
4,39	-0,3	
4,395	-0,27	
4,4	-0,24	
4,405	-0,22	
4,41	-0,22	
4,415	-0,23	
4,42	-0,25	
4,425	-0,25	
4,43	-0,25	
4,435	-0,22	
4,44	-0,18	
4,445	-0,16	
4,45	-0,14	
4,455	-0,14	
4,46	-0,15	
4,465	-0,16	
4,47	-0,17	
4,475	-0,17	
4,48	-0,14	
4,485	-0,11	
4,49	-0,08	
4,495	-0,06	
4,5	-0,05	
4,505	-0,06	
4,51	-0,07	
4,515	-0,08	
4,52	-0,07	
4,525	-0,04	
4,53	-0,02	
4,535	0,02	
4,54	0,04	
4,545	0,05	
4,55	0,04	
4,555	0,03	
4,56	0,02	
4,565	0,03	
4,57	0,04	
4,575	0,07	
4,58	0,11	
4,585	0,13	
4,59	0,13	
4,595	0,12	
4,6	0,11	
4,605	0,11	
4,61	0,11	
4,615	0,13	
4,62	0,16	
4,625	0,19	
4,63	0,21	
4,635	0,22	
4,64	0,22	
4,645	0,21	
4,65	0,2	
4,655	0,2	
4,66	0,23	
4,665	0,26	
4,67	0,28	
4,675	0,3	
4,68	0,3	
4,685	0,29	
4,69	0,27	
4,695	0,27	
4,7	0,27	
4,705	0,29	
4,71	0,32	
4,715	0,35	
4,72	0,36	
4,725	0,37	
4,73	0,36	
4,735	0,36	
4,74	0,35	
4,745	0,35	
4,75	0,37	
4,755	0,39	
4,76	0,41	
4,765	0,43	
4,77	0,43	
4,775	0,42	
4,78	0,41	
4,785	0,4	
4,79	0,4	
4,795	0,41	
4,8	0,43	
4,805	0,45	
4,81	0,46	
4,815	0,47	
4,82	0,45	
4,825	0,44	
4,83	0,43	
4,835	0,43	
4,84	0,45	
4,845	0,47	
4,85	0,49	
4,855	0,5	
4,86	0,5	
4,865	0,49	
4,87	0,47	
4,875	0,45	
4,88	0,45	
4,885	0,45	
4,89	0,47	
4,895	0,49	
4,9	0,5	
4,905	0,5	
4,91	0,49	
4,915	0,46	
4,92	0,45	
4,925	0,44	
4,93	0,45	
4,935	0,46	
4,94	0,49	
4,945	0,5	
4,95	0,5	
4,955	0,48	
4,96	0,46	
4,965	0,44	
4,97	0,43	
4,975	0,42	
4,98	0,44	
4,985	0,46	
4,99	0,46	
4,995	0,46	
5,0	0,44	
5,005	0,41	
5,01	0,39	
5,015	0,38	
5,02	0,38	
5,025	0,39	
5,03	0,4	
5,035	0,41	
5,04	0,4	
5,045	0,39	
5,05	0,37	
5,055	0,35	
5,06	0,34	
5,065	0,33	
5,07	0,34	
5,075	0,34	
5,08	0,34	
5,085	0,33	
5,09	0,31	
5,095	0,28	
5,1	0,26	
5,105	0,25	
5,11	0,25	
5,115	0,25	
5,12	0,25	
5,125	0,25	
5,13	0,24	
5,135	0,23	
5,14	0,2	
5,145	0,17	
5,15	0,16	
5,155	0,16	
5,16	0,17	
5,165	0,17	
5,17	0,17	
5,175	0,15	
5,18	0,13	
5,185	0,1	
5,19	0,08	
5,195	0,06	
5,2	0,06	
5,205	0,06	
5,21	0,07	
5,215	0,06	
5,22	0,06	
5,225	0,02	
5,23	-0,01	
5,235	-0,04	
5,24	-0,05	
5,245	-0,05	
5,25	-0,05	
5,255	-0,04	
5,26	-0,04	
5,265	-0,05	
5,27	-0,07	
5,275	-0,1	
5,28	-0,13	
5,285	-0,14	
5,29	-0,15	
5,295	-0,15	
5,3	-0,15	
5,305	-0,15	
5,31	-0,16	
5,315	-0,18	
5,32	-0,21	
5,325	-0,24	
5,33	-0,25	
5,335	-0,25	
5,34	-0,25	
5,345	-0,24	
5,35	-0,24	
5,355	-0,25	
5,36	-0,27	
5,365	-0,29	
5,37	-0,32	
5,375	-0,33	
5,38	-0,34	
5,385	-0,34	
5,39	-0,34	
5,395	-0,34	
5,4	-0,35	
5,405	-0,36	
5,41	-0,38	
5,415	-0,4	
5,42	-0,41	
5,425	-0,42	
5,43	-0,42	
5,435	-0,41	
5,44	-0,41	
5,445	-0,42	
5,45	-0,43	
5,455	-0,44	
5,46	-0,46	
5,465	-0,47	
5,47	-0,48	
5,475	-0,47	
5,48	-0,47	
5,485	-0,46	
5,49	-0,47	
5,495	-0,49	
5,5	-0,5	
5,505	-0,51	
5,51	-0,52	
5,515	-0,52	
5,52	-0,51	
5,525	-0,5	
5,53	-0,5	
5,535	-0,5	
5,54	-0,51	
5,545	-0,52	
5,55	-0,53	
5,555	-0,53	
5,56	-0,53	
5,565	-0,51	
5,57	-0,5	
5,575	-0,49	
5,58	-0,5	
5,585	-0,5	
5,59	-0,52	
5,595	-0,53	
5,6	-0,54	
5,605	-0,53	
5,61	-0,52	
5,615	-0,5	
5,62	-0,49	
5,625	-0,48	
5,63	-0,49	
5,635	-0,5	
5,64	-0,51	
5,645	-0,51	
5,65	-0,5	
5,655	-0,48	
5,66	-0,46	
5,665	-0,44	
5,67	-0,44	
5,675	-0,44	
5,68	-0,44	
5,685	-0,45	
5,69	-0,45	
5,695	-0,44	
5,7	-0,42	
5,705	-0,4	
5,71	-0,38	
5,715	-0,37	
5,72	-0,38	
5,725	-0,38	
5,73	-0,39	
5,735	-0,38	
5,74	-0,36	
5,745	-0,35	
5,75	-0,32	
5,755	-0,3	
5,76	-0,29	
5,765	-0,28	
5,77	-0,28	
5,775	-0,28	
5,78	-0,28	
5,785	-0,27	
5,79	-0,24	
5,795	-0,21	
5,8	-0,19	
5,805	-0,18	
5,81	-0,18	
5,815	-0,18	
5,82	-0,17	
5,825	-0,17	
5,83	-0,15	
5,835	-0,13	
5,84	-0,11	
5,845	-0,09	
5,85	-0,07	
5,855	-0,06	
5,86	-0,06	
5,865	-0,05	
5,87	-0,05	
5,875	-0,02	
5,88	0	
5,885	0,02	
5,89	0,05	
5,895	0,06	
5,9	0,07	
5,905	0,07	
5,91	0,07	
5,915	0,08	
5,92	0,09	
5,925	0,12	
5,93	0,14	
5,935	0,16	
5,94	0,18	
5,945	0,19	
5,95	0,19	
5,955	0,2	
5,96	0,21	
5,965	0,23	
5,97	0,25	
5,975	0,27	
5,98	0,3	
5,985	0,31	
5,99	0,31	
5,995	0,31	
6,0	0,31	
6,005	0,32	
6,01	0,33	
6,015	0,35	
6,02	0,37	
6,025	0,4	
6,03	0,41	
6,035	0,42	
6,04	0,41	
6,045	0,41	
6,05	0,42	
6,055	0,44	
6,06	0,46	
6,065	0,49	
6,07	0,5	
6,075	0,51	
6,08	0,51	
6,085	0,51	
6,09	0,5	
6,095	0,5	
6,1	0,51	
6,105	0,53	
6,11	0,54	
6,115	0,57	
6,12	0,57	
6,125	0,57	
6,13	0,57	
6,135	0,56	
6,14	0,57	
6,145	0,57	
6,15	0,59	
6,155	0,6	
6,16	0,62	
6,165	0,63	
6,17	0,62	
6,175	0,62	
6,18	0,61	
6,185	0,6	
6,19	0,6	
6,195	0,61	
6,2	0,62	
6,205	0,63	
6,21	0,64	
6,215	0,63	
6,22	0,62	
6,225	0,62	
6,23	0,61	
6,235	0,6	
6,24	0,61	
6,245	0,62	
6,25	0,62	
6,255	0,62	
6,26	0,62	
6,265	0,61	
6,27	0,59	
6,275	0,58	
6,28	0,58	
6,285	0,58	
6,29	0,58	
6,295	0,58	
6,3	0,58	
6,305	0,56	
6,31	0,55	
6,315	0,54	
6,32	0,52	
6,325	0,52	
6,33	0,52	
6,335	0,52	
6,34	0,52	
6,345	0,51	
6,35	0,5	
6,355	0,48	
6,36	0,45	
6,365	0,43	
6,37	0,42	
6,375	0,42	
6,38	0,42	
6,385	0,42	
6,39	0,41	
6,395	0,39	
6,4	0,36	
6,405	0,34	
6,41	0,32	
6,415	0,31	
6,42	0,31	
6,425	0,3	
6,43	0,3	
6,435	0,29	
6,44	0,26	
6,445	0,24	
6,45	0,21	
6,455	0,19	
6,46	0,18	
6,465	0,18	
6,47	0,17	
6,475	0,17	
6,48	0,16	
6,485	0,14	
6,49	0,11	
6,495	0,08	
6,5	0,06	
6,505	0,04	
6,51	0,03	
6,515	0,03	
6,52	0,02	
6,525	0,01	
6,53	-0,02	
6,535	-0,04	
6,54	-0,07	
6,545	-0,09	
6,55	-0,1	
6,555	-0,11	
6,56	-0,12	
6,565	-0,12	
6,57	-0,13	
6,575	-0,15	
6,58	-0,18	
6,585	-0,2	
6,59	-0,22	
6,595	-0,24	
6,6	-0,26	
6,605	-0,26	
6,61	-0,27	
6,615	-0,28	
6,62	-0,3	
6,625	-0,32	
6,63	-0,34	
6,635	-0,36	
6,64	-0,38	
6,645	-0,38	
6,65	-0,39	
6,655	-0,39	
6,66	-0,4	
6,665	-0,42	
6,67	-0,44	
6,675	-0,45	
6,68	-0,48	
6,685	-0,49	
6,69	-0,49	
6,695	-0,49	
6,7	-0,5	
6,705	-0,51	
6,71	-0,52	
6,715	-0,54	
6,72	-0,57	
6,725	-0,58	
6,73	-0,59	
6,735	-0,59	
6,74	-0,59	
6,745	-0,59	
6,75	-0,59	
6,755	-0,6	
6,76	-0,61	
6,765	-0,63	
6,77	-0,64	
6,775	-0,64	
6,78	-0,64	
6,785	-0,63	
6,79	-0,63	
6,795	-0,63	
6,8	-0,64	
6,805	-0,66	
6,81	-0,67	
6,815	-0,68	
6,82	-0,68	
6,825	-0,68	
6,83	-0,67	
6,835	-0,66	
6,84	-0,66	
6,845	-0,66	
6,85	-0,67	
6,855	-0,68	
6,86	-0,69	
6,865	-0,68	
6,87	-0,67	
6,875	-0,66	
6,88	-0,64	
6,885	-0,64	
6,89	-0,64	
6,895	-0,64	
6,9	-0,65	
6,905	-0,65	
6,91	-0,65	
6,915	-0,64	
6,92	-0,62	
6,925	-0,6	
6,93	-0,59	
6,935	-0,59	
6,94	-0,59	
6,945	-0,58	
6,95	-0,58	
6,955	-0,57	
6,96	-0,56	
6,965	-0,54	
6,97	-0,52	
6,975	-0,51	
6,98	-0,5	
6,985	-0,49	
6,99	-0,49	
6,995	-0,48	
7,0	-0,47	
7,005	-0,45	
7,01	-0,43	
7,015	-0,41	
7,02	-0,4	
7,025	-0,39	
7,03	-0,38	
7,035	-0,37	
7,04	-0,36	
7,045	-0,35	
7,05	-0,33	
7,055	-0,31	
7,06	-0,28	
7,065	-0,27	
7,07	-0,25	
7,075	-0,24	
7,08	-0,23	
7,085	-0,22	
7,09	-0,2	
7,095	-0,18	
7,1	-0,16	
7,105	-0,13	
7,11	-0,12	
7,115	-0,1	
7,12	-0,09	
7,125	-0,09	
7,13	-0,07	
7,135	-0,06	
7,14	-0,03	
7,145	-0,01	
7,15	0,02	
7,155	0,04	
7,16	0,05	
7,165	0,07	
7,17	0,08	
7,175	0,09	
7,18	0,11	
7,185	0,14	
7,19	0,16	
7,195	0,18	
7,2	0,2	
7,205	0,22	
7,21	0,22	
7,215	0,23	
7,22	0,24	
7,225	0,25	
7,23	0,28	
7,235	0,3	
7,24	0,32	
7,245	0,35	
7,25	0,37	
7,255	0,37	
7,26	0,38	
7,265	0,39	
7,27	0,4	
7,275	0,42	
7,28	0,44	
7,285	0,47	
7,29	0,48	
7,295	0,49	
7,3	0,5	
7,305	0,5	
7,31	0,51	
7,315	0,51	
7,32	0,53	
7,325	0,55	
7,33	0,57	
7,335	0,59	
7,34	0,59	
7,345	0,6	
7,35	0,6	
7,355	0,61	
7,36	0,61	
7,365	0,63	
7,37	0,64	
7,375	0,66	
7,38	0,67	
7,385	0,67	
7,39	0,68	
7,395	0,67	
7,4	0,67	
7,405	0,68	
7,41	0,69	
7,415	0,7	
7,42	0,71	
7,425	0,71	
7,43	0,71	
7,435	0,71	
7,44	0,7	
7,445	0,69	
7,45	0,7	
7,455	0,7	
7,46	0,71	
7,465	0,72	
7,47	0,72	
7,475	0,72	
7,48	0,71	
7,485	0,7	
7,49	0,69	
7,495	0,69	
7,5	0,69	
7,505	0,7	
7,51	0,7	
7,515	0,7	
7,52	0,69	
7,525	0,67	
7,53	0,66	
7,535	0,65	
7,54	0,64	
7,545	0,64	
7,55	0,64	
7,555	0,64	
7,56	0,64	
7,565	0,63	
7,57	0,61	
7,575	0,59	
7,58	0,58	
7,585	0,57	
7,59	0,56	
7,595	0,56	
7,6	0,56	
7,605	0,55	
7,61	0,53	
7,615	0,51	
7,62	0,49	
7,625	0,47	
7,63	0,46	
7,635	0,45	
7,64	0,44	
7,645	0,44	
7,65	0,42	
7,655	0,4	
7,66	0,39	
7,665	0,36	
7,67	0,34	
7,675	0,32	
7,68	0,31	
7,685	0,3	
7,69	0,29	
7,695	0,28	
7,7	0,26	
7,705	0,24	
7,71	0,22	
7,715	0,2	
7,72	0,18	
7,725	0,16	
7,73	0,15	
7,735	0,13	
7,74	0,12	
7,745	0,1	
7,75	0,08	
7,755	0,05	
7,76	0,04	
7,765	0,02	
7,77	0	
7,775	-0,01	
7,78	-0,02	
7,785	-0,04	
7,79	-0,05	
7,795	-0,07	
7,8	-0,09	
7,805	-0,12	
7,81	-0,14	
7,815	-0,16	
7,82	-0,18	
7,825	-0,19	
7,83	-0,2	
7,835	-0,22	
7,84	-0,24	
7,845	-0,26	
7,85	-0,27	
7,855	-0,29	
7,86	-0,31	
7,865	-0,32	
7,87	-0,33	
7,875	-0,34	
7,88	-0,36	
7,885	-0,37	
7,89	-0,39	
7,895	-0,42	
7,9	-0,43	
7,905	-0,44	
7,91	-0,45	
7,915	-0,46	
7,92	-0,47	
7,925	-0,48	
7,93	-0,5	
7,935	-0,51	
7,94	-0,53	
7,945	-0,54	
7,95	-0,55	
7,955	-0,56	
7,96	-0,56	
7,965	-0,57	
7,97	-0,58	
7,975	-0,6	
7,98	-0,61	
7,985	-0,63	
7,99	-0,63	
7,995	-0,64	
8,0	-0,64	
8,005	-0,64	
8,01	-0,65	
8,015	-0,65	
8,02	-0,66	
8,025	-0,67	
8,03	-0,68	
8,035	-0,69	
8,04	-0,69	
8,045	-0,69	
8,05	-0,69	
8,055	-0,68	
8,06	-0,68	
8,065	-0,69	
8,07	-0,69	
8,075	-0,7	
8,08	-0,7	
8,085	-0,7	
8,09	-0,7	
8,095	-0,69	
8,1	-0,68	
8,105	-0,68	
8,11	-0,68	
8,115	-0,67	
8,12	-0,68	
8,125	-0,68	
8,13	-0,67	
8,135	-0,67	
8,14	-0,66	
8,145	-0,65	
8,15	-0,64	
8,155	-0,64	
8,16	-0,64	
8,165	-0,63	
8,17	-0,62	
8,175	-0,62	
8,18	-0,61	
8,185	-0,6	
8,19	-0,59	
8,195	-0,58	
8,2	-0,57	
8,205	-0,56	
8,21	-0,56	
8,215	-0,55	
8,22	-0,53	
8,225	-0,51	
8,23	-0,5	
8,235	-0,49	
8,24	-0,48	
8,245	-0,47	
8,25	-0,46	
8,255	-0,45	
8,26	-0,43	
8,265	-0,42	
8,27	-0,4	
8,275	-0,38	
8,28	-0,37	
8,285	-0,36	
8,29	-0,34	
8,295	-0,33	
8,3	-0,31	
8,305	-0,29	
8,31	-0,28	
8,315	-0,26	
8,32	-0,24	
8,325	-0,23	
8,33	-0,21	
8,335	-0,2	
8,34	-0,19	
8,345	-0,18	
8,35	-0,16	
8,355	-0,14	
8,36	-0,12	
8,365	-0,1	
8,37	-0,08	
8,375	-0,06	
8,38	-0,04	
8,385	-0,03	
8,39	-0,01	
8,395	0	
8,4	0,02	
8,405	0,04	
8,41	0,06	
8,415	0,08	
8,42	0,1	
8,425	0,11	
8,43	0,12	
8,435	0,13	
8,44	0,15	
8,445	0,16	
8,45	0,18	
8,455	0,2	
8,46	0,23	
8,465	0,24	
8,47	0,25	
8,475	0,27	
8,48	0,28	
8,485	0,29	
8,49	0,3	
8,495	0,32	
8,5	0,34	
8,505	0,36	
8,51	0,37	
8,515	0,38	
8,52	0,39	
8,525	0,4	
8,53	0,41	
8,535	0,43	
8,54	0,45	
8,545	0,46	
8,55	0,47	
8,555	0,48	
8,56	0,49	
8,565	0,5	
8,57	0,51	
8,575	0,52	
8,58	0,53	
8,585	0,54	
8,59	0,55	
8,595	0,56	
8,6	0,57	
8,605	0,57	
8,61	0,58	
8,615	0,59	
8,62	0,6	
8,625	0,6	
8,63	0,61	
8,635	0,62	
8,64	0,62	
8,645	0,63	
8,65	0,63	
8,655	0,63	
8,66	0,63	
8,665	0,64	
8,67	0,64	
8,675	0,65	
8,68	0,65	
8,685	0,65	
8,69	0,65	
8,695	0,65	
8,7	0,65	
8,705	0,65	
8,71	0,65	
8,715	0,65	
8,72	0,65	
8,725	0,65	
8,73	0,65	
8,735	0,65	
8,74	0,64	
8,745	0,64	
8,75	0,63	
8,755	0,62	
8,76	0,62	
8,765	0,62	
8,77	0,62	
8,775	0,61	
8,78	0,61	
8,785	0,6	
8,79	0,59	
8,795	0,58	
8,8	0,56	
8,805	0,56	
8,81	0,56	
8,815	0,55	
8,82	0,55	
8,825	0,54	
8,83	0,53	
8,835	0,52	
8,84	0,51	
8,845	0,49	
8,85	0,48	
8,855	0,48	
8,86	0,47	
8,865	0,46	
8,87	0,45	
8,875	0,43	
8,88	0,42	
8,885	0,4	
8,89	0,39	
8,895	0,37	
8,9	0,36	
8,905	0,36	
8,91	0,35	
8,915	0,33	
8,92	0,32	
8,925	0,31	
8,93	0,29	
8,935	0,27	
8,94	0,26	
8,945	0,24	
8,95	0,23	
8,955	0,22	
8,96	0,21	
8,965	0,19	
8,97	0,17	
8,975	0,15	
8,98	0,14	
8,985	0,12	
8,99	0,11	
8,995	0,1	
9,0	0,09	
9,005	0,07	
9,01	0,05	
9,015	0,03	
9,02	0,02	
9,025	-0,01	
9,03	-0,02	
9,035	-0,03	
9,04	-0,04	
9,045	-0,06	
9,05	-0,07	
9,055	-0,09	
9,06	-0,1	
9,065	-0,12	
9,07	-0,13	
9,075	-0,14	
9,08	-0,16	
9,085	-0,17	
9,09	-0,18	
9,095	-0,19	
9,1	-0,21	
9,105	-0,2	
9,11	-0,25	
9,115	-0,26	
9,12	-0,27	
9,125	-0,28	
9,13	-0,29	
9,135	-0,3	
9,14	-0,31	
9,145	-0,33	
9,15	-0,35	
9,155	-0,36	
9,16	-0,37	
9,165	-0,38	
9,17	-0,39	
9,175	-0,39	
9,18	-0,4	
9,185	-0,41	
9,19	-0,42	
9,195	-0,44	
9,2	-0,45	
9,205	-0,46	
9,21	-0,47	
9,215	-0,48	
9,22	-0,48	
9,225	-0,49	
9,23	-0,49	
9,235	-0,5	
9,24	-0,51	
9,245	-0,52	
9,25	-0,52	
9,255	-0,53	
9,26	-0,54	
9,265	-0,54	
9,27	-0,54	
9,275	-0,54	
9,28	-0,54	
9,285	-0,55	
9,29	-0,56	
9,295	-0,56	
9,3	-0,56	
9,305	-0,57	
9,31	-0,57	
9,315	-0,57	
9,32	-0,57	
9,325	-0,57	
9,33	-0,57	
9,335	-0,58	
9,34	-0,58	
9,345	-0,58	
9,35	-0,57	
9,355	-0,57	
9,36	-0,56	
9,365	-0,56	
9,37	-0,56	
9,375	-0,56	
9,38	-0,56	
9,385	-0,56	
9,39	-0,55	
9,395	-0,55	
9,4	-0,54	
9,405	-0,54	
9,41	-0,53	
9,415	-0,52	
9,42	-0,52	
9,425	-0,52	
9,43	-0,51	
9,435	-0,5	
9,44	-0,5	
9,445	-0,49	
9,45	-0,48	
9,455	-0,48	
9,46	-0,47	
9,465	-0,47	
9,47	-0,46	
9,475	-0,45	
9,48	-0,44	
9,485	-0,43	
9,49	-0,42	
9,495	-0,4	
9,5	-0,4	
9,505	-0,39	
9,51	-0,38	
9,515	-0,37	
9,52	-0,36	
9,525	-0,35	
9,53	-0,33	
9,535	-0,32	
9,54	-0,31	
9,545	-0,3	
9,55	-0,29	
9,555	-0,28	
9,56	-0,27	
9,565	-0,26	
9,57	-0,25	
9,575	-0,24	
9,58	-0,22	
9,585	-0,21	
9,59	-0,2	
9,595	-0,18	
9,6	-0,17	
9,605	-0,16	
9,61	-0,15	
9,615	-0,14	
9,62	-0,12	
9,625	-0,11	
9,63	-0,1	
9,635	-0,08	
9,64	-0,07	
9,645	-0,06	
9,65	-0,05	
9,655	-0,04	
9,66	-0,03	
9,665	-0,02	
9,67	0	
9,675	0,03	
9,68	0,04	
9,685	0,05	
9,69	0,06	
9,695	0,07	
9,7	0,08	
9,705	0,09	
9,71	0,1	
9,715	0,11	
9,72	0,13	
9,725	0,14	
9,73	0,15	
9,735	0,16	
9,74	0,17	
9,745	0,18	
9,75	0,19	
9,755	0,21	
9,76	0,23	
9,765	0,24	
9,77	0,25	
9,775	0,26	
9,78	0,26	
9,785	0,27	
9,79	0,28	
9,795	0,29	
9,8	0,3	
9,805	0,31	
9,81	0,32	
9,815	0,33	
9,82	0,34	
9,825	0,34	
9,83	0,35	
9,835	0,36	
9,84	0,37	
9,845	0,38	
9,85	0,39	
9,855	0,4	
9,86	0,4	
9,865	0,41	
9,87	0,41	
9,875	0,41	
9,88	0,42	
9,885	0,43	
9,89	0,44	
9,895	0,45	
9,9	0,45	
9,905	0,46	
9,91	0,46	
9,915	0,46	
9,92	0,47	
9,925	0,47	
9,93	0,47	
9,935	0,48	
9,94	0,48	
9,945	0,48	
9,95	0,49	
9,955	0,48	
9,96	0,49	
9,965	0,49	
9,97	0,49	
9,975	0,49	
9,98	0,49	
9,985	0,49	
9,99	0,49	
9,995	0,49	
10,0	0,49	
10,005	0,49	
10,01	0,49	
10,015	0,48	
10,02	0,48	
10,025	0,48	
10,03	0,48	
10,035	0,48	
10,04	0,48	
10,045	0,48	
10,05	0,47	
10,055	0,47	
10,06	0,46	
10,065	0,46	
10,07	0,45	
10,075	0,45	
10,08	0,45	
10,085	0,45	
10,09	0,44	
10,095	0,43	
10,1	0,43	
10,105	0,42	
10,11	0,41	
10,115	0,41	
10,12	0,4	
10,125	0,4	
10,13	0,39	
10,135	0,39	
10,14	0,38	
10,145	0,37	
10,15	0,35	
10,155	0,35	
10,16	0,34	
10,165	0,33	
10,17	0,33	
10,175	0,32	
10,18	0,31	
10,185	0,31	
10,19	0,3	
10,195	0,29	
10,2	0,28	
10,205	0,27	
10,21	0,26	
10,215	0,25	
10,22	0,24	
10,225	0,23	
10,23	0,22	
10,235	0,21	
10,24	0,19	
10,245	0,19	
10,25	0,18	
10,255	0,17	
10,26	0,16	
10,265	0,15	
10,27	0,14	
10,275	0,13	
10,28	0,12	
10,285	0,11	
10,29	0,1	
10,295	0,09	
10,3	0,08	
10,305	0,07	
10,31	0,06	
10,315	0,05	
10,32	0,04	
10,325	0,02	
10,33	0,01	
10,335	0	
10,34	-0,01	
10,345	-0,02	
10,35	-0,03	
10,355	-0,04	
10,36	-0,05	
10,365	-0,06	
10,37	-0,07	
10,375	-0,08	
10,38	-0,09	
10,385	-0,1	
10,39	-0,11	
10,395	-0,12	
10,4	-0,13	
10,405	-0,14	
10,41	-0,15	
10,415	-0,16	
10,42	-0,17	
10,425	-0,18	
10,43	-0,2	
10,435	-0,2	
10,44	-0,21	
10,445	-0,22	
10,45	-0,22	
10,455	-0,23	
10,46	-0,24	
10,465	-0,25	
10,47	-0,26	
10,475	-0,27	
10,48	-0,28	
10,485	-0,28	
10,49	-0,29	
10,495	-0,29	
10,5	-0,3	
10,505	-0,31	
10,51	-0,32	
10,515	-0,33	
10,52	-0,34	
10,525	-0,34	
10,53	-0,35	
10,535	-0,35	
10,54	-0,36	
10,545	-0,36	
10,55	-0,36	
10,555	-0,36	
10,56	-0,37	
10,565	-0,39	
10,57	-0,39	
10,575	-0,4	
10,58	-0,4	
10,585	-0,4	
10,59	-0,4	
10,595	-0,4	
10,6	-0,41	
10,605	-0,41	
10,61	-0,42	
10,615	-0,42	
10,62	-0,42	
10,625	-0,43	
10,63	-0,43	
10,635	-0,43	
10,64	-0,44	
10,645	-0,44	
10,65	-0,44	
10,655	-0,44	
10,66	-0,44	
10,665	-0,43	
10,67	-0,43	
10,675	-0,43	
10,68	-0,43	
10,685	-0,44	
10,69	-0,44	
10,695	-0,44	
10,7	-0,44	
10,705	-0,44	
10,71	-0,43	
10,715	-0,43	
10,72	-0,43	
10,725	-0,43	
10,73	-0,43	
10,735	-0,43	
10,74	-0,42	
10,745	-0,42	
10,75	-0,41	
10,755	-0,41	
10,76	-0,4	
10,765	-0,4	
10,77	-0,4	
10,775	-0,39	
10,78	-0,39	
10,785	-0,39	
10,79	-0,39	
10,795	-0,38	
10,8	-0,37	
10,805	-0,36	
10,81	-0,36	
10,815	-0,35	
10,82	-0,35	
10,825	-0,34	
10,83	-0,34	
10,835	-0,33	
10,84	-0,32	
10,845	-0,31	
10,85	-0,31	
10,855	-0,3	
10,86	-0,29	
10,865	-0,29	
10,87	-0,28	
10,875	-0,27	
10,88	-0,27	
10,885	-0,26	
10,89	-0,25	
10,895	-0,24	
10,9	-0,23	
10,905	-0,22	
10,91	-0,21	
10,915	-0,2	
10,92	-0,19	
10,925	-0,19	
10,93	-0,18	
10,935	-0,17	
10,94	-0,16	
10,945	-0,15	
10,95	-0,15	
10,955	-0,13	
10,96	-0,13	
10,965	-0,11	
10,97	-0,1	
10,975	-0,09	
10,98	-0,08	
10,985	-0,07	
10,99	-0,06	
10,995	-0,05	
11,0	-0,04	
11,005	-0,03	
11,01	-0,02	
11,015	-0,01	
11,02	0	
11,025	0,01	
11,03	0,02	
11,035	0,03	
11,04	0,04	
11,045	0,04	
11,05	0,06	
11,055	0,06	
11,06	0,08	
11,065	0,09	
11,07	0,1	
11,075	0,11	
11,08	0,12	
11,085	0,13	
11,09	0,14	
11,095	0,15	
11,1	0,16	
11,105	0,16	
11,11	0,17	
11,115	0,18	
11,12	0,19	
11,125	0,2	
11,13	0,21	
11,135	0,22	
11,14	0,23	
11,145	0,24	
11,15	0,25	
11,155	0,26	
11,16	0,27	
11,165	0,28	
11,17	0,29	
11,175	0,3	
11,18	0,3	
11,185	0,31	
11,19	0,31	
11,195	0,32	
11,2	0,32	
11,205	0,33	
11,21	0,35	
11,215	0,36	
11,22	0,36	
11,225	0,37	
11,23	0,37	
11,235	0,37	
11,24	0,38	
11,245	0,39	
11,25	0,39	
11,255	0,4	
11,26	0,41	
11,265	0,41	
11,27	0,41	
11,275	0,41	
11,28	0,42	
11,285	0,42	
11,29	0,43	
11,295	0,43	
11,3	0,44	
11,305	0,44	
11,31	0,44	
11,315	0,44	
11,32	0,45	
11,325	0,45	
11,33	0,45	
11,335	0,45	
11,34	0,46	
11,345	0,46	
11,35	0,46	
11,355	0,46	
11,36	0,46	
11,365	0,46	
11,37	0,46	
11,375	0,46	
11,38	0,46	
11,385	0,47	
11,39	0,46	
11,395	0,46	
11,4	0,46	
11,405	0,45	
11,41	0,45	
11,415	0,45	
11,42	0,45	
11,425	0,45	
11,43	0,45	
11,435	0,45	
11,44	0,45	
11,445	0,44	
11,45	0,43	
11,455	0,42	
11,46	0,42	
11,465	0,41	
11,47	0,41	
11,475	0,41	
11,48	0,41	
11,485	0,4	
11,49	0,4	
11,495	0,39	
11,5	0,38	
11,505	0,37	
11,51	0,36	
11,515	0,36	
11,52	0,35	
11,525	0,35	
11,53	0,34	
11,535	0,33	
11,54	0,32	
11,545	0,31	
11,55	0,3	
11,555	0,3	
11,56	0,29	
11,565	0,28	
11,57	0,28	
11,575	0,27	
11,58	0,26	
11,585	0,25	
11,59	0,24	
11,595	0,23	
11,6	0,22	
11,605	0,21	
11,61	0,2	
11,615	0,19	
11,62	0,18	
11,625	0,17	
11,63	0,15	
11,635	0,14	
11,64	0,12	
11,645	0,11	
11,65	0,11	
11,655	0,1	
11,66	0,09	
11,665	0,08	
11,67	0,07	
11,675	0,06	
11,68	0,04	
11,685	0,03	
11,69	0,01	
11,695	0	
11,7	-0,01	
11,705	-0,02	
11,71	-0,03	
11,715	-0,04	
11,72	-0,05	
11,725	-0,06	
11,73	-0,08	
11,735	-0,09	
11,74	-0,1	
11,745	-0,11	
11,75	-0,12	
11,755	-0,14	
11,76	-0,15	
11,765	-0,16	
11,77	-0,17	
11,775	-0,19	
11,78	-0,2	
11,785	-0,2	
11,79	-0,21	
11,795	-0,23	
11,8	-0,24	
11,805	-0,25	
11,81	-0,26	
11,815	-0,27	
11,82	-0,28	
11,825	-0,29	
11,83	-0,3	
11,835	-0,31	
11,84	-0,32	
11,845	-0,33	
11,85	-0,34	
11,855	-0,35	
11,86	-0,36	
11,865	-0,37	
11,87	-0,38	
11,875	-0,39	
11,88	-0,4	
11,885	-0,4	
11,89	-0,41	
11,895	-0,42	
11,9	-0,42	
11,905	-0,43	
11,91	-0,44	
11,915	-0,45	
11,92	-0,45	
11,925	-0,46	
11,93	-0,46	
11,935	-0,47	
11,94	-0,48	
11,945	-0,49	
11,95	-0,5	
11,955	-0,5	
11,96	-0,5	
11,965	-0,51	
11,97	-0,51	
11,975	-0,51	
11,98	-0,51	
11,985	-0,52	
11,99	-0,52	
11,995	-0,52	
12,0	-0,53	
12,005	-0,53	
12,01	-0,53	
12,015	-0,53	
12,02	-0,53	
12,025	-0,53	
12,03	-0,53	
12,035	-0,54	
12,04	-0,53	
12,045	-0,53	
12,05	-0,53	
12,055	-0,53	
12,06	-0,53	
12,065	-0,53	
12,07	-0,52	
12,075	-0,52	
12,08	-0,52	
12,085	-0,52	
12,09	-0,52	
12,095	-0,51	
12,1	-0,51	
12,105	-0,5	
12,11	-0,5	
12,115	-0,5	
12,12	-0,49	
12,125	-0,49	
12,13	-0,48	
12,135	-0,48	
12,14	-0,47	
12,145	-0,46	
12,15	-0,45	
12,155	-0,44	
12,16	-0,44	
12,165	-0,43	
12,17	-0,42	
12,175	-0,41	
12,18	-0,4	
12,185	-0,4	
12,19	-0,39	
12,195	-0,38	
12,2	-0,36	
12,205	-0,35	
12,21	-0,35	
12,215	-0,34	
12,22	-0,33	
12,225	-0,32	
12,23	-0,31	
12,235	-0,3	
12,24	-0,28	
12,245	-0,27	
12,25	-0,26	
12,255	-0,25	
12,26	-0,23	
12,265	-0,22	
12,27	-0,21	
12,275	-0,2	
12,28	-0,19	
12,285	-0,17	
12,29	-0,16	
12,295	-0,15	
12,3	-0,13	
12,305	-0,12	
12,31	-0,11	
12,315	-0,09	
12,32	-0,08	
12,325	-0,06	
12,33	-0,05	
12,335	-0,04	
12,34	-0,02	
12,345	-0,01	
12,35	0,01	
12,355	0,02	
12,36	0,04	
12,365	0,05	
12,37	0,06	
12,375	0,08	
12,38	0,09	
12,385	0,11	
12,39	0,12	
12,395	0,13	
12,4	0,15	
12,405	0,16	
12,41	0,17	
12,415	0,19	
12,42	0,21	
12,425	0,22	
12,43	0,24	
12,435	0,25	
12,44	0,26	
12,445	0,27	
12,45	0,29	
12,455	0,3	
12,46	0,31	
12,465	0,32	
12,47	0,33	
12,475	0,35	
12,48	0,36	
12,485	0,37	
12,49	0,38	
12,495	0,39	
12,5	0,4	
12,505	0,42	
12,51	0,42	
12,515	0,44	
12,52	0,45	
12,525	0,46	
12,53	0,47	
12,535	0,48	
12,54	0,49	
12,545	0,5	
12,55	0,51	
12,555	0,51	
12,56	0,52	
12,565	0,53	
12,57	0,53	
12,575	0,53	
12,58	0,54	
12,585	0,55	
12,59	0,56	
12,595	0,57	
12,6	0,57	
12,605	0,58	
12,61	0,58	
12,615	0,59	
12,62	0,59	
12,625	0,59	
12,63	0,6	
12,635	0,6	
12,64	0,6	
12,645	0,61	
12,65	0,61	
12,655	0,61	
12,66	0,62	
12,665	0,62	
12,67	0,62	
12,675	0,61	
12,68	0,61	
12,685	0,61	
12,69	0,61	
12,695	0,61	
12,7	0,61	
12,705	0,61	
12,71	0,6	
12,715	0,6	
12,72	0,6	
12,725	0,6	
12,73	0,59	
12,735	0,59	
12,74	0,58	
12,745	0,57	
12,75	0,57	
12,755	0,56	
12,76	0,56	
12,765	0,55	
12,77	0,54	
12,775	0,54	
12,78	0,53	
12,785	0,52	
12,79	0,51	
12,795	0,51	
12,8	0,5	
12,805	0,49	
12,81	0,48	
12,815	0,47	
12,82	0,46	
12,825	0,44	
12,83	0,43	
12,835	0,42	
12,84	0,41	
12,845	0,39	
12,85	0,38	
12,855	0,37	
12,86	0,36	
12,865	0,35	
12,87	0,34	
12,875	0,33	
12,88	0,31	
12,885	0,3	
12,89	0,29	
12,895	0,27	
12,9	0,26	
12,905	0,25	
12,91	0,22	
12,915	0,21	
12,92	0,19	
12,925	0,18	
12,93	0,16	
12,935	0,15	
12,94	0,14	
12,945	0,12	
12,95	0,1	
12,955	0,09	
12,96	0,07	
12,965	0,05	
12,97	0,04	
12,975	0,03	
12,98	0,01	
12,985	-0,01	
12,99	-0,03	
12,995	-0,05	
13,0	-0,07	
13,005	-0,08	
13,01	-0,1	
13,015	-0,11	
13,02	-0,12	
13,025	-0,14	
13,03	-0,15	
13,035	-0,17	
13,04	-0,18	
13,045	-0,2	
13,05	-0,21	
13,055	-0,23	
13,06	-0,24	
13,065	-0,26	
13,07	-0,28	
13,075	-0,3	
13,08	-0,32	
13,085	-0,33	
13,09	-0,34	
13,095	-0,35	
13,1	-0,37	
13,105	-0,38	
13,11	-0,39	
13,115	-0,4	
13,12	-0,41	
13,125	-0,43	
13,13	-0,44	
13,135	-0,45	
13,14	-0,46	
13,145	-0,48	
13,15	-0,49	
13,155	-0,51	
13,16	-0,52	
13,165	-0,53	
13,17	-0,54	
13,175	-0,55	
13,18	-0,56	
13,185	-0,56	
13,19	-0,57	
13,195	-0,57	
13,2	-0,58	
13,205	-0,59	
13,21	-0,6	
13,215	-0,61	
13,22	-0,61	
13,225	-0,62	
13,23	-0,63	
13,235	-0,63	
13,24	-0,64	
13,245	-0,64	
13,25	-0,65	
13,255	-0,65	
13,26	-0,65	
13,265	-0,66	
13,27	-0,66	
13,275	-0,66	
13,28	-0,66	
13,285	-0,67	
13,29	-0,67	
13,295	-0,67	
13,3	-0,67	
13,305	-0,66	
13,31	-0,66	
13,315	-0,66	
13,32	-0,66	
13,325	-0,66	
13,33	-0,66	
13,335	-0,66	
13,34	-0,65	
13,345	-0,65	
13,35	-0,65	
13,355	-0,64	
13,36	-0,64	
13,365	-0,63	
13,37	-0,62	
13,375	-0,62	
13,38	-0,61	
13,385	-0,6	
13,39	-0,59	
13,395	-0,59	
13,4	-0,58	
13,405	-0,57	
13,41	-0,56	
13,415	-0,55	
13,42	-0,54	
13,425	-0,54	
13,43	-0,52	
13,435	-0,52	
13,44	-0,51	
13,445	-0,5	
13,45	-0,48	
13,455	-0,47	
13,46	-0,46	
13,465	-0,45	
13,47	-0,43	
13,475	-0,41	
13,48	-0,4	
13,485	-0,39	
13,49	-0,37	
13,495	-0,36	
13,5	-0,34	
13,505	-0,33	
13,51	-0,32	
13,515	-0,3	
13,52	-0,29	
13,525	-0,27	
13,53	-0,26	
13,535	-0,24	
13,54	-0,22	
13,545	-0,21	
13,55	-0,2	
13,555	-0,17	
13,56	-0,16	
13,565	-0,14	
13,57	-0,13	
13,575	-0,11	
13,58	-0,09	
13,585	-0,08	
13,59	-0,06	
13,595	-0,04	
13,6	-0,02	
13,605	-0,01	
13,61	0,01	
13,615	0,02	
13,62	0,04	
13,625	0,06	
13,63	0,08	
13,635	0,1	
13,64	0,12	
13,645	0,13	
13,65	0,15	
13,655	0,16	
13,66	0,18	
13,665	0,2	
13,67	0,21	
13,675	0,22	
13,68	0,24	
13,685	0,26	
13,69	0,28	
13,695	0,29	
13,7	0,31	
13,705	0,32	
13,71	0,34	
13,715	0,36	
13,72	0,37	
13,725	0,38	
13,73	0,4	
13,735	0,41	
13,74	0,43	
13,745	0,44	
13,75	0,45	
13,755	0,46	
13,76	0,48	
13,765	0,49	
13,77	0,5	
13,775	0,51	
13,78	0,52	
13,785	0,53	
13,79	0,54	
13,795	0,56	
13,8	0,57	
13,805	0,58	
13,81	0,59	
13,815	0,6	
13,82	0,6	
13,825	0,61	
13,83	0,62	
13,835	0,62	
13,84	0,63	
13,845	0,64	
13,85	0,64	
13,855	0,65	
13,86	0,66	
13,865	0,66	
13,87	0,67	
13,875	0,67	
13,88	0,67	
13,885	0,67	
13,89	0,68	
13,895	0,68	
13,9	0,68	
13,905	0,68	
13,91	0,69	
13,915	0,69	
13,92	0,69	
13,925	0,69	
13,93	0,69	
13,935	0,69	
13,94	0,68	
13,945	0,68	
13,95	0,68	
13,955	0,67	
13,96	0,67	
13,965	0,67	
13,97	0,66	
13,975	0,66	
13,98	0,65	
13,985	0,65	
13,99	0,64	
13,995	0,64	
14,0	0,63	
14,005	0,62	
14,01	0,62	
14,015	0,61	
14,02	0,6	
14,025	0,59	
14,03	0,59	
14,035	0,58	
14,04	0,56	
14,045	0,55	
14,05	0,54	
14,055	0,53	
14,06	0,51	
14,065	0,5	
14,07	0,49	
14,075	0,48	
14,08	0,47	
14,085	0,46	
14,09	0,45	
14,095	0,44	
14,1	0,42	
14,105	0,41	
14,11	0,4	
14,115	0,38	
14,12	0,36	
14,125	0,35	
14,13	0,33	
14,135	0,32	
14,14	0,3	
14,145	0,28	
14,15	0,27	
14,155	0,25	
14,16	0,24	
14,165	0,22	
14,17	0,21	
14,175	0,19	
14,18	0,18	
14,185	0,16	
14,19	0,14	
14,195	0,13	
14,2	0,1	
14,205	0,09	
14,21	0,07	
14,215	0,06	
14,22	0,04	
14,225	0,02	
14,23	0	
14,235	-0,01	
14,24	-0,03	
14,245	-0,05	
14,25	-0,07	
14,255	-0,08	
14,26	-0,1	
14,265	-0,11	
14,27	-0,13	
14,275	-0,15	
14,28	-0,18	
14,285	-0,2	
14,29	-0,21	
14,295	-0,23	
14,3	-0,24	
14,305	-0,25	
14,31	-0,26	
14,315	-0,28	
14,32	-0,3	
14,325	-0,31	
14,33	-0,33	
14,335	-0,34	
14,34	-0,36	
14,345	-0,37	
14,35	-0,38	
14,355	-0,4	
14,36	-0,41	
14,365	-0,43	
14,37	-0,44	
14,375	-0,45	
14,38	-0,47	
14,385	-0,48	
14,39	-0,49	
14,395	-0,5	
14,4	-0,51	
14,405	-0,52	
14,41	-0,53	
14,415	-0,54	
14,42	-0,55	
14,425	-0,56	
14,43	-0,56	
14,435	-0,57	
14,44	-0,58	
14,445	-0,59	
14,45	-0,6	
14,455	-0,61	
14,46	-0,62	
14,465	-0,62	
14,47	-0,63	
14,475	-0,63	
14,48	-0,64	
14,485	-0,64	
14,49	-0,64	
14,495	-0,65	
14,5	-0,65	
14,505	-0,66	
14,51	-0,66	
14,515	-0,67	
14,52	-0,66	
14,525	-0,66	
14,53	-0,66	
14,535	-0,66	
14,54	-0,66	
14,545	-0,66	
14,55	-0,67	
14,555	-0,67	
14,56	-0,66	
14,565	-0,66	
14,57	-0,65	
14,575	-0,65	
14,58	-0,65	
14,585	-0,64	
14,59	-0,64	
14,595	-0,64	
14,6	-0,64	
14,605	-0,63	
14,61	-0,63	
14,615	-0,62	
14,62	-0,61	
14,625	-0,6	
14,63	-0,6	
14,635	-0,59	
14,64	-0,58	
14,645	-0,58	
14,65	-0,57	
14,655	-0,56	
14,66	-0,55	
14,665	-0,54	
14,67	-0,53	
14,675	-0,52	
14,68	-0,51	
14,685	-0,5	
14,69	-0,48	
14,695	-0,47	
14,7	-0,46	
14,705	-0,45	
14,71	-0,43	
14,715	-0,42	
14,72	-0,41	
14,725	-0,39	
14,73	-0,38	
14,735	-0,37	
14,74	-0,36	
14,745	-0,35	
14,75	-0,33	
14,755	-0,32	
14,76	-0,3	
14,765	-0,31	
14,77	-0,26	
14,775	-0,25	
14,78	-0,24	
14,785	-0,23	
14,79	-0,21	
14,795	-0,19	
14,8	-0,18	
14,805	-0,16	
14,81	-0,14	
14,815	-0,13	
14,82	-0,12	
14,825	-0,1	
14,83	-0,09	
14,835	-0,07	
14,84	-0,06	
14,845	-0,04	
14,85	-0,01	
14,855	0	
14,86	0,02	
14,865	0,03	
14,87	0,05	
14,875	0,06	
14,88	0,08	
14,885	0,1	
14,89	0,11	
14,895	0,13	
14,9	0,14	
14,905	0,15	
14,91	0,17	
14,915	0,18	
14,92	0,2	
14,925	0,21	
14,93	0,24	
14,935	0,25	
14,94	0,27	
14,945	0,28	
14,95	0,29	
14,955	0,31	
14,96	0,32	
14,965	0,33	
14,97	0,34	
14,975	0,36	
14,98	0,37	
14,985	0,38	
14,99	0,4	
14,995	0,41	
15,0	0,42	
15,005	0,43	
15,01	0,44	
15,015	0,45	
15,02	0,46	
15,025	0,47	
15,03	0,48	
15,035	0,49	
15,04	0,5	
15,045	0,51	
15,05	0,51	
15,055	0,52	
15,06	0,52	
15,065	0,53	
15,07	0,54	
15,075	0,55	
15,08	0,56	
15,085	0,57	
15,09	0,57	
15,095	0,57	
15,1	0,57	
15,105	0,58	
15,11	0,58	
15,115	0,59	
15,12	0,6	
15,125	0,61	
15,13	0,61	
15,135	0,61	
15,14	0,61	
15,145	0,61	
15,15	0,6	
15,155	0,61	
15,16	0,61	
15,165	0,61	
15,17	0,61	
15,175	0,61	
15,18	0,61	
15,185	0,61	
15,19	0,6	
15,195	0,6	
15,2	0,6	
15,205	0,6	
15,21	0,6	
15,215	0,6	
15,22	0,59	
15,225	0,59	
15,23	0,58	
15,235	0,58	
15,24	0,57	
15,245	0,56	
15,25	0,55	
15,255	0,55	
15,26	0,54	
15,265	0,54	
15,27	0,53	
15,275	0,52	
15,28	0,51	
15,285	0,5	
15,29	0,49	
15,295	0,49	
15,3	0,48	
15,305	0,47	
15,31	0,46	
15,315	0,45	
15,32	0,44	
15,325	0,43	
15,33	0,42	
15,335	0,4	
15,34	0,39	
15,345	0,38	
15,35	0,37	
15,355	0,36	
15,36	0,35	
15,365	0,34	
15,37	0,32	
15,375	0,31	
15,38	0,3	
15,385	0,29	
15,39	0,28	
15,395	0,27	
15,4	0,25	
15,405	0,24	
15,41	0,23	
15,415	0,2	
15,42	0,19	
15,425	0,17	
15,43	0,16	
15,435	0,15	
15,44	0,14	
15,445	0,12	
15,45	0,11	
15,455	0,09	
15,46	0,08	
15,465	0,06	
15,47	0,05	
15,475	0,04	
15,48	0,02	
15,485	0,01	
15,49	0	
15,495	-0,02	
15,5	-0,04	
15,505	-0,05	
15,51	-0,06	
15,515	-0,07	
15,52	-0,09	
15,525	-0,1	
15,53	-0,11	
15,535	-0,13	
15,54	-0,14	
15,545	-0,16	
15,55	-0,17	
15,555	-0,19	
15,56	-0,2	
15,565	-0,21	
15,57	-0,22	
15,575	-0,24	
15,58	-0,25	
15,585	-0,26	
15,59	-0,27	
15,595	-0,28	
15,6	-0,29	
15,605	-0,31	
15,61	-0,32	
15,615	-0,33	
15,62	-0,34	
15,625	-0,35	
15,63	-0,36	
15,635	-0,37	
15,64	-0,38	
15,645	-0,39	
15,65	-0,39	
15,655	-0,41	
15,66	-0,42	
15,665	-0,42	
15,67	-0,43	
15,675	-0,43	
15,68	-0,44	
15,685	-0,45	
15,69	-0,45	
15,695	-0,46	
15,7	-0,47	
15,705	-0,47	
15,71	-0,48	
15,715	-0,48	
15,72	-0,49	
15,725	-0,49	
15,73	-0,5	
15,735	-0,51	
15,74	-0,51	
15,745	-0,51	
15,75	-0,52	
15,755	-0,52	
15,76	-0,52	
15,765	-0,53	
15,77	-0,53	
15,775	-0,53	
15,78	-0,53	
15,785	-0,53	
15,79	-0,53	
15,795	-0,53	
15,8	-0,53	
15,805	-0,53	
15,81	-0,54	
15,815	-0,53	
15,82	-0,53	
15,825	-0,53	
15,83	-0,52	
15,835	-0,52	
15,84	-0,52	
15,845	-0,51	
15,85	-0,51	
15,855	-0,51	
15,86	-0,51	
15,865	-0,51	
15,87	-0,5	
15,875	-0,5	
15,88	-0,49	
15,885	-0,49	
15,89	-0,48	
15,895	-0,47	
15,9	-0,47	
15,905	-0,46	
15,91	-0,46	
15,915	-0,46	
15,92	-0,45	
15,925	-0,44	
15,93	-0,44	
15,935	-0,43	
15,94	-0,42	
15,945	-0,41	
15,95	-0,4	
15,955	-0,39	
15,96	-0,39	
15,965	-0,38	
15,97	-0,37	
15,975	-0,36	
15,98	-0,34	
15,985	-0,33	
15,99	-0,32	
15,995	-0,31	
16,0	-0,3	
16,005	-0,29	
16,01	-0,28	
16,015	-0,28	
16,02	-0,27	
16,025	-0,26	
16,03	-0,25	
16,035	-0,24	
16,04	-0,23	
16,045	-0,21	
16,05	-0,2	
16,055	-0,19	
16,06	-0,17	
16,065	-0,16	
16,07	-0,15	
16,075	-0,14	
16,08	-0,13	
16,085	-0,12	
16,09	-0,11	
16,095	-0,1	
16,1	-0,09	
16,105	-0,08	
16,11	-0,07	
16,115	-0,06	
16,12	-0,04	
16,125	-0,03	
16,13	-0,02	
16,135	-0,01	
16,14	0,01	
16,145	0,02	
16,15	0,03	
16,155	0,04	
16,16	0,05	
16,165	0,06	
16,17	0,07	
16,175	0,08	
16,18	0,1	
16,185	0,11	
16,19	0,13	
16,195	0,14	
16,2	0,15	
16,205	0,16	
16,21	0,16	
16,215	0,17	
16,22	0,18	
16,225	0,2	
16,23	0,21	
16,235	0,22	
16,24	0,23	
16,245	0,24	
16,25	0,25	
16,255	0,26	
16,26	0,26	
16,265	0,27	
16,27	0,28	
16,275	0,29	
16,28	0,3	
16,285	0,31	
16,29	0,31	
16,295	0,32	
16,3	0,33	
16,305	0,34	
16,31	0,35	
16,315	0,35	
16,32	0,36	
16,325	0,37	
16,33	0,38	
16,335	0,38	
16,34	0,39	
16,345	0,39	
16,35	0,39	
16,355	0,4	
16,36	0,41	
16,365	0,41	
16,37	0,42	
16,375	0,42	
16,38	0,42	
16,385	0,43	
16,39	0,43	
16,395	0,43	
16,4	0,44	
16,405	0,44	
16,41	0,45	
16,415	0,45	
16,42	0,45	
16,425	0,45	
16,43	0,45	
16,435	0,45	
16,44	0,44	
16,445	0,45	
16,45	0,45	
16,455	0,45	
16,46	0,45	
16,465	0,45	
16,47	0,45	
16,475	0,45	
16,48	0,45	
16,485	0,45	
16,49	0,45	
16,495	0,45	
16,5	0,45	
16,505	0,45	
16,51	0,45	
16,515	0,44	
16,52	0,44	
16,525	0,43	
16,53	0,43	
16,535	0,42	
16,54	0,42	
16,545	0,42	
16,55	0,42	
16,555	0,42	
16,56	0,42	
16,565	0,41	
16,57	0,4	
16,575	0,39	
16,58	0,38	
16,585	0,38	
16,59	0,37	
16,595	0,37	
16,6	0,36	
16,605	0,36	
16,61	0,35	
16,615	0,35	
16,62	0,34	
16,625	0,33	
16,63	0,32	
16,635	0,31	
16,64	0,31	
16,645	0,3	
16,65	0,29	
16,655	0,28	
16,66	0,28	
16,665	0,27	
16,67	0,26	
16,675	0,25	
16,68	0,25	
16,685	0,24	
16,69	0,24	
16,695	0,23	
16,7	0,22	
16,705	0,21	
16,71	0,19	
16,715	0,18	
16,72	0,18	
16,725	0,17	
16,73	0,16	
16,735	0,15	
16,74	0,14	
16,745	0,13	
16,75	0,12	
16,755	0,11	
16,76	0,1	
16,765	0,09	
16,77	0,08	
16,775	0,07	
16,78	0,06	
16,785	0,06	
16,79	0,04	
16,795	0,03	
16,8	0,02	
16,805	0,01	
16,81	0	
16,815	-0,01	
16,82	-0,02	
16,825	-0,03	
16,83	-0,04	
16,835	-0,05	
16,84	-0,06	
16,845	-0,07	
16,85	-0,08	
16,855	-0,09	
16,86	-0,1	
16,865	-0,1	
16,87	-0,11	
16,875	-0,12	
16,88	-0,13	
16,885	-0,14	
16,89	-0,15	
16,895	-0,16	
16,9	-0,17	
16,905	-0,18	
16,91	-0,19	
16,915	-0,2	
16,92	-0,2	
16,925	-0,21	
16,93	-0,22	
16,935	-0,23	
16,94	-0,25	
16,945	-0,25	
16,95	-0,26	
16,955	-0,27	
16,96	-0,27	
16,965	-0,28	
16,97	-0,28	
16,975	-0,29	
16,98	-0,3	
16,985	-0,31	
16,99	-0,31	
16,995	-0,32	
17,0	-0,32	
17,005	-0,33	
17,01	-0,33	
17,015	-0,34	
17,02	-0,35	
17,025	-0,36	
17,03	-0,36	
17,035	-0,37	
17,04	-0,37	
17,045	-0,37	
17,05	-0,38	
17,055	-0,38	
17,06	-0,38	
17,065	-0,39	
17,07	-0,39	
17,075	-0,39	
17,08	-0,4	
17,085	-0,4	
17,09	-0,41	
17,095	-0,41	
17,1	-0,41	
17,105	-0,42	
17,11	-0,42	
17,115	-0,42	
17,12	-0,42	
17,125	-0,42	
17,13	-0,43	
17,135	-0,42	
17,14	-0,42	
17,145	-0,43	
17,15	-0,42	
17,155	-0,42	
17,16	-0,43	
17,165	-0,42	
17,17	-0,43	
17,175	-0,42	
17,18	-0,42	
17,185	-0,42	
17,19	-0,42	
17,195	-0,41	
17,2	-0,41	
17,205	-0,41	
17,21	-0,41	
17,215	-0,41	
17,22	-0,41	
17,225	-0,4	
17,23	-0,4	
17,235	-0,4	
17,24	-0,39	
17,245	-0,39	
17,25	-0,38	
17,255	-0,38	
17,26	-0,37	
17,265	-0,37	
17,27	-0,36	
17,275	-0,35	
17,28	-0,35	
17,285	-0,34	
17,29	-0,34	
17,295	-0,33	
17,3	-0,33	
17,305	-0,33	
17,31	-0,32	
17,315	-0,31	
17,32	-0,31	
17,325	-0,3	
17,33	-0,29	
17,335	-0,29	
17,34	-0,28	
17,345	-0,28	
17,35	-0,27	
17,355	-0,26	
17,36	-0,25	
17,365	-0,24	
17,37	-0,23	
17,375	-0,22	
17,38	-0,22	
17,385	-0,21	
17,39	-0,2	
17,395	-0,19	
17,4	-0,18	
17,405	-0,17	
17,41	-0,16	
17,415	-0,15	
17,42	-0,15	
17,425	-0,14	
17,43	-0,13	
17,435	-0,12	
17,44	-0,11	
17,445	-0,1	
17,45	-0,09	
17,455	-0,08	
17,46	-0,07	
17,465	-0,06	
17,47	-0,05	
17,475	-0,04	
17,48	-0,03	
17,485	-0,02	
17,49	-0,02	
17,495	-0,01	
17,5	0,01	
17,505	0,02	
17,51	0,03	
17,515	0,04	
17,52	0,05	
17,525	0,06	
17,53	0,07	
17,535	0,08	
17,54	0,09	
17,545	0,1	
17,55	0,11	
17,555	0,12	
17,56	0,13	
17,565	0,14	
17,57	0,15	
17,575	0,16	
17,58	0,17	
17,585	0,18	
17,59	0,18	
17,595	0,2	
17,6	0,21	
17,605	0,22	
17,61	0,22	
17,615	0,23	
17,62	0,24	
17,625	0,24	
17,63	0,25	
17,635	0,26	
17,64	0,27	
17,645	0,28	
17,65	0,29	
17,655	0,3	
17,66	0,3	
17,665	0,31	
17,67	0,32	
17,675	0,32	
17,68	0,34	
17,685	0,35	
17,69	0,35	
17,695	0,36	
17,7	0,37	
17,705	0,38	
17,71	0,38	
17,715	0,38	
17,72	0,39	
17,725	0,39	
17,73	0,4	
17,735	0,4	
17,74	0,41	
17,745	0,41	
17,75	0,41	
17,755	0,42	
17,76	0,42	
17,765	0,43	
17,77	0,43	
17,775	0,43	
17,78	0,44	
17,785	0,44	
17,79	0,45	
17,795	0,45	
17,8	0,46	
17,805	0,46	
17,81	0,46	
17,815	0,46	
17,82	0,46	
17,825	0,46	
17,83	0,46	
17,835	0,46	
17,84	0,46	
17,845	0,46	
17,85	0,46	
17,855	0,46	
17,86	0,46	
17,865	0,46	
17,87	0,46	
17,875	0,46	
17,88	0,46	
17,885	0,45	
17,89	0,45	
17,895	0,45	
17,9	0,44	
17,905	0,44	
17,91	0,44	
17,915	0,44	
17,92	0,44	
17,925	0,43	
17,93	0,42	
17,935	0,42	
17,94	0,42	
17,945	0,41	
17,95	0,41	
17,955	0,4	
17,96	0,4	
17,965	0,39	
17,97	0,38	
17,975	0,38	
17,98	0,37	
17,985	0,37	
17,99	0,36	
17,995	0,35	
18,0	0,34	
18,005	0,33	
18,01	0,32	
18,015	0,31	
18,02	0,31	
18,025	0,3	
18,03	0,29	
18,035	0,28	
18,04	0,27	
18,045	0,26	
18,05	0,25	
18,055	0,24	
18,06	0,24	
18,065	0,23	
18,07	0,22	
18,075	0,21	
18,08	0,19	
18,085	0,18	
18,09	0,17	
18,095	0,16	
18,1	0,15	
18,105	0,14	
18,11	0,13	
18,115	0,12	
18,12	0,1	
18,125	0,09	
18,13	0,08	
18,135	0,07	
18,14	0,06	
18,145	0,05	
18,15	0,04	
18,155	0,03	
18,16	0,01	
18,165	0	
18,17	-0,01	
18,175	-0,03	
18,18	-0,04	
18,185	-0,05	
18,19	-0,06	
18,195	-0,07	
18,2	-0,08	
18,205	-0,09	
18,21	-0,11	
18,215	-0,12	
18,22	-0,13	
18,225	-0,14	
18,23	-0,16	
18,235	-0,16	
18,24	-0,17	
18,245	-0,19	
18,25	-0,2	
18,255	-0,21	
18,26	-0,22	
18,265	-0,24	
18,27	-0,25	
18,275	-0,26	
18,28	-0,27	
18,285	-0,28	
18,29	-0,28	
18,295	-0,29	
18,3	-0,31	
18,305	-0,32	
18,31	-0,33	
18,315	-0,34	
18,32	-0,35	
18,325	-0,36	
18,33	-0,37	
18,335	-0,38	
18,34	-0,39	
18,345	-0,4	
18,35	-0,41	
18,355	-0,42	
18,36	-0,42	
18,365	-0,43	
18,37	-0,43	
18,375	-0,44	
18,38	-0,44	
18,385	-0,45	
18,39	-0,46	
18,395	-0,47	
18,4	-0,47	
18,405	-0,48	
18,41	-0,49	
18,415	-0,49	
18,42	-0,49	
18,425	-0,5	
18,43	-0,5	
18,435	-0,51	
18,44	-0,52	
18,445	-0,52	
18,45	-0,52	
18,455	-0,52	
18,46	-0,53	
18,465	-0,53	
18,47	-0,53	
18,475	-0,53	
18,48	-0,54	
18,485	-0,54	
18,49	-0,54	
18,495	-0,54	
18,5	-0,53	
18,505	-0,53	
18,51	-0,53	
18,515	-0,53	
18,52	-0,53	
18,525	-0,54	
18,53	-0,54	
18,535	-0,53	
18,54	-0,53	
18,545	-0,52	
18,55	-0,52	
18,555	-0,52	
18,56	-0,51	
18,565	-0,51	
18,57	-0,5	
18,575	-0,5	
18,58	-0,5	
18,585	-0,49	
18,59	-0,49	
18,595	-0,48	
18,6	-0,47	
18,605	-0,47	
18,61	-0,46	
18,615	-0,46	
18,62	-0,45	
18,625	-0,44	
18,63	-0,43	
18,635	-0,42	
18,64	-0,41	
18,645	-0,4	
18,65	-0,39	
18,655	-0,38	
18,66	-0,38	
18,665	-0,37	
18,67	-0,36	
18,675	-0,35	
18,68	-0,33	
18,685	-0,32	
18,69	-0,31	
18,695	-0,3	
18,7	-0,29	
18,705	-0,29	
18,71	-0,27	
18,715	-0,26	
18,72	-0,25	
18,725	-0,23	
18,73	-0,22	
18,735	-0,2	
18,74	-0,19	
18,745	-0,18	
18,75	-0,17	
18,755	-0,15	
18,76	-0,14	
18,765	-0,13	
18,77	-0,11	
18,775	-0,1	
18,78	-0,08	
18,785	-0,07	
18,79	-0,06	
18,795	-0,05	
18,8	-0,03	
18,805	-0,02	
18,81	0	
18,815	0,01	
18,82	0,03	
18,825	0,04	
18,83	0,06	
18,835	0,07	
18,84	0,08	
18,845	0,09	
18,85	0,11	
18,855	0,12	
18,86	0,14	
18,865	0,16	
18,87	0,17	
18,875	0,19	
18,88	0,2	
18,885	0,21	
18,89	0,23	
18,895	0,24	
18,9	0,26	
18,905	0,27	
18,91	0,28	
18,915	0,3	
18,92	0,31	
18,925	0,31	
18,93	0,32	
18,935	0,34	
18,94	0,35	
18,945	0,36	
18,95	0,37	
18,955	0,39	
18,96	0,4	
18,965	0,41	
18,97	0,43	
18,975	0,43	
18,98	0,44	
18,985	0,45	
18,99	0,47	
18,995	0,48	
19,0	0,48	
19,005	0,49	
19,01	0,5	
19,015	0,51	
19,02	0,51	
19,025	0,52	
19,03	0,52	
19,035	0,53	
19,04	0,54	
19,045	0,55	
19,05	0,56	
19,055	0,57	
19,06	0,57	
19,065	0,58	
19,07	0,58	
19,075	0,59	
19,08	0,59	
19,085	0,59	
19,09	0,6	
19,095	0,6	
19,1	0,6	
19,105	0,6	
19,11	0,6	
19,115	0,61	
19,12	0,6	
19,125	0,61	
19,13	0,61	
19,135	0,6	
19,14	0,6	
19,145	0,6	
19,15	0,6	
19,155	0,6	
19,16	0,6	
19,165	0,6	
19,17	0,6	
19,175	0,59	
19,18	0,59	
19,185	0,59	
19,19	0,58	
19,195	0,58	
19,2	0,57	
19,205	0,56	
19,21	0,56	
19,215	0,55	
19,22	0,55	
19,225	0,55	
19,23	0,54	
19,235	0,54	
19,24	0,52	
19,245	0,52	
19,25	0,51	
19,255	0,5	
19,26	0,49	
19,265	0,48	
19,27	0,48	
19,275	0,46	
19,28	0,46	
19,285	0,45	
19,29	0,43	
19,295	0,41	
19,3	0,4	
19,305	0,39	
19,31	0,38	
19,315	0,37	
19,32	0,36	
19,325	0,35	
19,33	0,33	
19,335	0,32	
19,34	0,31	
19,345	0,29	
19,35	0,28	
19,355	0,27	
19,36	0,25	
19,365	0,24	
19,37	0,22	
19,375	0,2	
19,38	0,19	
19,385	0,17	
19,39	0,16	
19,395	0,14	
19,4	0,13	
19,405	0,12	
19,41	0,1	
19,415	0,09	
19,42	0,07	
19,425	0,05	
19,43	0,04	
19,435	0,02	
19,44	0,01	
19,445	-0,01	
19,45	-0,02	
19,455	-0,05	
19,46	-0,06	
19,465	-0,08	
19,47	-0,09	
19,475	-0,1	
19,48	-0,12	
19,485	-0,14	
19,49	-0,15	
19,495	-0,17	
19,5	-0,18	
19,505	-0,2	
19,51	-0,21	
19,515	-0,23	
19,52	-0,24	
19,525	-0,25	
19,53	-0,27	
19,535	-0,29	
19,54	-0,3	
19,545	-0,32	
19,55	-0,33	
19,555	-0,35	
19,56	-0,36	
19,565	-0,38	
19,57	-0,39	
19,575	-0,4	
19,58	-0,42	
19,585	-0,43	
19,59	-0,44	
19,595	-0,45	
19,6	-0,46	
19,605	-0,47	
19,61	-0,48	
19,615	-0,49	
19,62	-0,5	
19,625	-0,51	
19,63	-0,53	
19,635	-0,54	
19,64	-0,55	
19,645	-0,55	
19,65	-0,56	
19,655	-0,57	
19,66	-0,58	
19,665	-0,59	
19,67	-0,59	
19,675	-0,6	
19,68	-0,6	
19,685	-0,6	
19,69	-0,61	
19,695	-0,62	
19,7	-0,63	
19,705	-0,63	
19,71	-0,64	
19,715	-0,64	
19,72	-0,64	
19,725	-0,64	
19,73	-0,64	
19,735	-0,64	
19,74	-0,64	
19,745	-0,65	
19,75	-0,65	
19,755	-0,65	
19,76	-0,65	
19,765	-0,65	
19,77	-0,65	
19,775	-0,65	
19,78	-0,65	
19,785	-0,65	
19,79	-0,65	
19,795	-0,64	
19,8	-0,63	
19,805	-0,63	
19,81	-0,63	
19,815	-0,62	
19,82	-0,61	
19,825	-0,61	
19,83	-0,6	
19,835	-0,6	
19,84	-0,6	
19,845	-0,59	
19,85	-0,59	
19,855	-0,58	
19,86	-0,56	
19,865	-0,55	
19,87	-0,55	
19,875	-0,54	
19,88	-0,53	
19,885	-0,52	
19,89	-0,51	
19,895	-0,5	
19,9	-0,49	
19,905	-0,48	
19,91	-0,46	
19,915	-0,46	
19,92	-0,45	
19,925	-0,43	
19,93	-0,42	
19,935	-0,4	
19,94	-0,38	
19,945	-0,37	
19,95	-0,36	
19,955	-0,35	
19,96	-0,34	
19,965	-0,32	
19,97	-0,31	
19,975	-0,29	
19,98	-0,28	
19,985	-0,26	
19,99	-0,25	
19,995	-0,23	
20,0	-0,21	
20,005	-0,2	
20,01	-0,18	
20,015	-0,17	
20,02	-0,16	
20,025	-0,13	
20,03	-0,12	
20,035	-0,1	
20,04	-0,08	
20,045	-0,07	
20,05	-0,05	
20,055	-0,04	
20,06	-0,02	
20,065	-0,01	
20,07	0,01	
20,075	0,03	
20,08	0,04	
20,085	0,06	
20,09	0,08	
20,095	0,09	
20,1	0,1	
20,105	0,13	
20,11	0,14	
20,115	0,17	
20,12	0,18	
20,125	0,2	
20,13	0,21	
20,135	0,23	
20,14	0,24	
20,145	0,25	
20,15	0,27	
20,155	0,29	
20,16	0,3	
20,165	0,32	
20,17	0,33	
20,175	0,35	
20,18	0,36	
20,185	0,37	
20,19	0,39	
20,195	0,4	
20,2	0,42	
20,205	0,43	
20,21	0,44	
20,215	0,45	
20,22	0,46	
20,225	0,47	
20,23	0,48	
20,235	0,49	
20,24	0,51	
20,245	0,52	
20,25	0,53	
20,255	0,54	
20,26	0,56	
20,265	0,57	
20,27	0,57	
20,275	0,58	
20,28	0,58	
20,285	0,59	
20,29	0,6	
20,295	0,61	
20,3	0,62	
20,305	0,62	
20,31	0,63	
20,315	0,63	
20,32	0,63	
20,325	0,64	
20,33	0,64	
20,335	0,65	
20,34	0,65	
20,345	0,65	
20,35	0,66	
20,355	0,66	
20,36	0,66	
20,365	0,66	
20,37	0,66	
20,375	0,66	
20,38	0,66	
20,385	0,66	
20,39	0,66	
20,395	0,66	
20,4	0,66	
20,405	0,65	
20,41	0,65	
20,415	0,65	
20,42	0,65	
20,425	0,65	
20,43	0,64	
20,435	0,64	
20,44	0,63	
20,445	0,62	
20,45	0,61	
20,455	0,61	
20,46	0,6	
20,465	0,59	
20,47	0,59	
20,475	0,58	
20,48	0,58	
20,485	0,57	
20,49	0,56	
20,495	0,55	
20,5	0,54	
20,505	0,53	
20,51	0,52	
20,515	0,51	
20,52	0,5	
20,525	0,49	
20,53	0,48	
20,535	0,46	
20,54	0,45	
20,545	0,43	
20,55	0,42	
20,555	0,41	
20,56	0,4	
20,565	0,39	
20,57	0,38	
20,575	0,36	
20,58	0,34	
20,585	0,33	
20,59	0,31	
20,595	0,29	
20,6	0,28	
20,605	0,27	
20,61	0,25	
20,615	0,24	
20,62	0,22	
20,625	0,21	
20,63	0,19	
20,635	0,17	
20,64	0,16	
20,645	0,14	
20,65	0,13	
20,655	0,11	
20,66	0,1	
20,665	0,08	
20,67	0,06	
20,675	0,04	
20,68	0,03	
20,685	0,01	
20,69	-0,01	
20,695	-0,02	
20,7	-0,04	
20,705	-0,05	
20,71	-0,07	
20,715	-0,08	
20,72	-0,1	
20,725	-0,11	
20,73	-0,13	
20,735	-0,15	
20,74	-0,16	
20,745	-0,18	
20,75	-0,2	
20,755	-0,22	
20,76	-0,23	
20,765	-0,24	
20,77	-0,26	
20,775	-0,27	
20,78	-0,29	
20,785	-0,3	
20,79	-0,32	
20,795	-0,33	
20,8	-0,34	
20,805	-0,35	
20,81	-0,36	
20,815	-0,38	
20,82	-0,39	
20,825	-0,4	
20,83	-0,42	
20,835	-0,44	
20,84	-0,44	
20,845	-0,46	
20,85	-0,47	
20,855	-0,48	
20,86	-0,48	
20,865	-0,49	
20,87	-0,5	
20,875	-0,51	
20,88	-0,52	
20,885	-0,53	
20,89	-0,54	
20,895	-0,55	
20,9	-0,56	
20,905	-0,57	
20,91	-0,58	
20,915	-0,58	
20,92	-0,59	
20,925	-0,6	
20,93	-0,6	
20,935	-0,6	
20,94	-0,61	
20,945	-0,61	
20,95	-0,61	
20,955	-0,62	
20,96	-0,62	
20,965	-0,62	
20,97	-0,63	
20,975	-0,63	
20,98	-0,63	
20,985	-0,62	
20,99	-0,63	
20,995	-0,63	
21,0	-0,63	
21,005	-0,63	
21,01	-0,63	
21,015	-0,63	
21,02	-0,63	
21,025	-0,63	
21,03	-0,62	
21,035	-0,62	
21,04	-0,61	
21,045	-0,61	
21,05	-0,61	
21,055	-0,61	
21,06	-0,61	
21,065	-0,6	
21,07	-0,59	
21,075	-0,58	
21,08	-0,58	
21,085	-0,57	
21,09	-0,57	
21,095	-0,56	
21,1	-0,55	
21,105	-0,54	
21,11	-0,53	
21,115	-0,53	
21,12	-0,52	
21,125	-0,51	
21,13	-0,5	
21,135	-0,49	
21,14	-0,48	
21,145	-0,47	
21,15	-0,46	
21,155	-0,44	
21,16	-0,43	
21,165	-0,42	
21,17	-0,4	
21,175	-0,39	
21,18	-0,38	
21,185	-0,37	
21,19	-0,36	
21,195	-0,35	
21,2	-0,34	
21,205	-0,32	
21,21	-0,31	
21,215	-0,29	
21,22	-0,28	
21,225	-0,27	
21,23	-0,25	
21,235	-0,23	
21,24	-0,22	
21,245	-0,21	
21,25	-0,19	
21,255	-0,18	
21,26	-0,16	
21,265	-0,15	
21,27	-0,14	
21,275	-0,12	
21,28	-0,11	
21,285	-0,09	
21,29	-0,08	
21,295	-0,06	
21,3	-0,05	
21,305	-0,03	
21,31	-0,02	
21,315	0	
21,32	0,02	
21,325	0,03	
21,33	0,05	
21,335	0,06	
21,34	0,08	
21,345	0,09	
21,35	0,1	
21,355	0,12	
21,36	0,13	
21,365	0,14	
21,37	0,16	
21,375	0,18	
21,38	0,19	
21,385	0,21	
21,39	0,22	
21,395	0,24	
21,4	0,24	
21,405	0,26	
21,41	0,27	
21,415	0,28	
21,42	0,3	
21,425	0,31	
21,43	0,32	
21,435	0,34	
21,44	0,35	
21,445	0,36	
21,45	0,37	
21,455	0,37	
21,46	0,38	
21,465	0,39	
21,47	0,4	
21,475	0,42	
21,48	0,43	
21,485	0,44	
21,49	0,45	
21,495	0,46	
21,5	0,46	
21,505	0,47	
21,51	0,48	
21,515	0,49	
21,52	0,5	
21,525	0,5	
21,53	0,51	
21,535	0,51	
21,54	0,52	
21,545	0,52	
21,55	0,53	
21,555	0,53	
21,56	0,54	
21,565	0,55	
21,57	0,56	
21,575	0,56	
21,58	0,56	
21,585	0,57	
21,59	0,57	
21,595	0,57	
21,6	0,57	
21,605	0,57	
21,61	0,57	
21,615	0,57	
21,62	0,57	
21,625	0,57	
21,63	0,57	
21,635	0,57	
21,64	0,57	
21,645	0,57	
21,65	0,57	
21,655	0,57	
21,66	0,56	
21,665	0,56	
21,67	0,56	
21,675	0,55	
21,68	0,55	
21,685	0,54	
21,69	0,54	
21,695	0,53	
21,7	0,53	
21,705	0,53	
21,71	0,52	
21,715	0,52	
21,72	0,51	
21,725	0,5	
21,73	0,5	
21,735	0,48	
21,74	0,48	
21,745	0,47	
21,75	0,46	
21,755	0,45	
21,76	0,44	
21,765	0,43	
21,77	0,43	
21,775	0,42	
21,78	0,41	
21,785	0,4	
21,79	0,4	
21,795	0,39	
21,8	0,37	
21,805	0,36	
21,81	0,35	
21,815	0,34	
21,82	0,33	
21,825	0,32	
21,83	0,3	
21,835	0,29	
21,84	0,28	
21,845	0,27	
21,85	0,26	
21,855	0,25	
21,86	0,24	
21,865	0,23	
21,87	0,21	
21,875	0,2	
21,88	0,18	
21,885	0,17	
21,89	0,15	
21,895	0,14	
21,9	0,13	
21,905	0,12	
21,91	0,11	
21,915	0,09	
21,92	0,08	
21,925	0,07	
21,93	0,06	
21,935	0,05	
21,94	0,03	
21,945	0,02	
21,95	0	
21,955	-0,01	
21,96	-0,02	
21,965	-0,04	
21,97	-0,05	
21,975	-0,06	
21,98	-0,08	
21,985	-0,08	
21,99	-0,1	
21,995	-0,11	
22,0	-0,12	
22,005	-0,14	
22,01	-0,15	
22,015	-0,16	
22,02	-0,17	
22,025	-0,18	
22,03	-0,2	
22,035	-0,21	
22,04	-0,22	
22,045	-0,23	
22,05	-0,24	
22,055	-0,25	
22,06	-0,26	
22,065	-0,27	
22,07	-0,28	
22,075	-0,29	
22,08	-0,3	
22,085	-0,31	
22,09	-0,33	
22,095	-0,33	
22,1	-0,34	
22,105	-0,35	
22,11	-0,36	
22,115	-0,36	
22,12	-0,37	
22,125	-0,38	
22,13	-0,39	
22,135	-0,4	
22,14	-0,41	
22,145	-0,42	
22,15	-0,42	
22,155	-0,43	
22,16	-0,43	
22,165	-0,44	
22,17	-0,44	
22,175	-0,45	
22,18	-0,45	
22,185	-0,46	
22,19	-0,46	
22,195	-0,46	
22,2	-0,46	
22,205	-0,47	
22,21	-0,47	
22,215	-0,48	
22,22	-0,48	
22,225	-0,49	
22,23	-0,49	
22,235	-0,49	
22,24	-0,49	
22,245	-0,49	
22,25	-0,49	
22,255	-0,49	
22,26	-0,49	
22,265	-0,49	
22,27	-0,5	
22,275	-0,5	
22,28	-0,5	
22,285	-0,49	
22,29	-0,49	
22,295	-0,49	
22,3	-0,48	
22,305	-0,48	
22,31	-0,48	
22,315	-0,48	
22,32	-0,48	
22,325	-0,48	
22,33	-0,47	
22,335	-0,47	
22,34	-0,46	
22,345	-0,45	
22,35	-0,45	
22,355	-0,45	
22,36	-0,44	
22,365	-0,44	
22,37	-0,44	
22,375	-0,43	
22,38	-0,42	
22,385	-0,41	
22,39	-0,41	
22,395	-0,4	
22,4	-0,39	
22,405	-0,39	
22,41	-0,38	
22,415	-0,37	
22,42	-0,37	
22,425	-0,36	
22,43	-0,35	
22,435	-0,35	
22,44	-0,34	
22,445	-0,33	
22,45	-0,32	
22,455	-0,31	
22,46	-0,3	
22,465	-0,3	
22,47	-0,28	
22,475	-0,27	
22,48	-0,26	
22,485	-0,25	
22,49	-0,24	
22,495	-0,23	
22,5	-0,22	
22,505	-0,21	
22,51	-0,2	
22,515	-0,19	
22,52	-0,18	
22,525	-0,18	
22,53	-0,16	
22,535	-0,15	
22,54	-0,14	
22,545	-0,13	
22,55	-0,12	
22,555	-0,11	
22,56	-0,09	
22,565	-0,08	
22,57	-0,08	
22,575	-0,07	
22,58	-0,06	
22,585	-0,05	
22,59	-0,04	
22,595	-0,02	
22,6	-0,01	
22,605	0	
22,61	0,02	
22,615	0,03	
22,62	0,04	
22,625	0,04	
22,63	0,05	
22,635	0,06	
22,64	0,07	
22,645	0,08	
22,65	0,09	
22,655	0,1	
22,66	0,12	
22,665	0,12	
22,67	0,13	
22,675	0,14	
22,68	0,15	
22,685	0,15	
22,69	0,17	
22,695	0,18	
22,7	0,2	
22,705	0,21	
22,71	0,22	
22,715	0,22	
22,72	0,23	
22,725	0,23	
22,73	0,24	
22,735	0,24	
22,74	0,26	
22,745	0,27	
22,75	0,28	
22,755	0,28	
22,76	0,29	
22,765	0,3	
22,77	0,3	
22,775	0,31	
22,78	0,32	
22,785	0,33	
22,79	0,33	
22,795	0,34	
22,8	0,35	
22,805	0,35	
22,81	0,36	
22,815	0,36	
22,82	0,37	
22,825	0,37	
22,83	0,38	
22,835	0,38	
22,84	0,39	
22,845	0,39	
22,85	0,39	
22,855	0,39	
22,86	0,4	
22,865	0,4	
22,87	0,4	
22,875	0,41	
22,88	0,41	
22,885	0,41	
22,89	0,42	
22,895	0,42	
22,9	0,42	
22,905	0,42	
22,91	0,42	
22,915	0,42	
22,92	0,42	
22,925	0,43	
22,93	0,43	
22,935	0,43	
22,94	0,42	
22,945	0,42	
22,95	0,42	
22,955	0,42	
22,96	0,42	
22,965	0,42	
22,97	0,42	
22,975	0,41	
22,98	0,42	
22,985	0,41	
22,99	0,41	
22,995	0,41	
23,0	0,41	
23,005	0,4	
23,01	0,4	
23,015	0,4	
23,02	0,39	
23,025	0,39	
23,03	0,39	
23,035	0,38	
23,04	0,37	
23,045	0,37	
23,05	0,37	
23,055	0,36	
23,06	0,36	
23,065	0,36	
23,07	0,35	
23,075	0,34	
23,08	0,33	
23,085	0,33	
23,09	0,32	
23,095	0,31	
23,1	0,31	
23,105	0,3	
23,11	0,3	
23,115	0,3	
23,12	0,29	
23,125	0,28	
23,13	0,27	
23,135	0,26	
23,14	0,25	
23,145	0,25	
23,15	0,24	
23,155	0,23	
23,16	0,23	
23,165	0,22	
23,17	0,21	
23,175	0,2	
23,18	0,19	
23,185	0,18	
23,19	0,17	
23,195	0,16	
23,2	0,15	
23,205	0,15	
23,21	0,14	
23,215	0,13	
23,22	0,12	
23,225	0,11	
23,23	0,1	
23,235	0,09	
23,24	0,08	
23,245	0,08	
23,25	0,07	
23,255	0,06	
23,26	0,05	
23,265	0,03	
23,27	0,03	
23,275	0,01	
23,28	0,01	
23,285	0	
23,29	-0,01	
23,295	-0,02	
23,3	-0,03	
23,305	-0,04	
23,31	-0,05	
23,315	-0,06	
23,32	-0,06	
23,325	-0,07	
23,33	-0,08	
23,335	-0,09	
23,34	-0,11	
23,345	-0,12	
23,35	-0,12	
23,355	-0,13	
23,36	-0,14	
23,365	-0,14	
23,37	-0,15	
23,375	-0,16	
23,38	-0,17	
23,385	-0,18	
23,39	-0,19	
23,395	-0,2	
23,4	-0,2	
23,405	-0,21	
23,41	-0,22	
23,415	-0,23	
23,42	-0,24	
23,425	-0,25	
23,43	-0,26	
23,435	-0,26	
23,44	-0,27	
23,445	-0,28	
23,45	-0,28	
23,455	-0,29	
23,46	-0,29	
23,465	-0,3	
23,47	-0,3	
23,475	-0,31	
23,48	-0,32	
23,485	-0,32	
23,49	-0,33	
23,495	-0,34	
23,5	-0,34	
23,505	-0,34	
23,51	-0,35	
23,515	-0,35	
23,52	-0,36	
23,525	-0,36	
23,53	-0,37	
23,535	-0,38	
23,54	-0,38	
23,545	-0,38	
23,55	-0,38	
23,555	-0,38	
23,56	-0,38	
23,565	-0,38	
23,57	-0,39	
23,575	-0,39	
23,58	-0,4	
23,585	-0,4	
23,59	-0,4	
23,595	-0,4	
23,6	-0,4	
23,605	-0,4	
23,61	-0,4	
23,615	-0,41	
23,62	-0,41	
23,625	-0,41	
23,63	-0,41	
23,635	-0,41	
23,64	-0,41	
23,645	-0,41	
23,65	-0,41	
23,655	-0,41	
23,66	-0,41	
23,665	-0,41	
23,67	-0,41	
23,675	-0,41	
23,68	-0,4	
23,685	-0,4	
23,69	-0,39	
23,695	-0,39	
23,7	-0,39	
23,705	-0,39	
23,71	-0,39	
23,715	-0,39	
23,72	-0,38	
23,725	-0,38	
23,73	-0,37	
23,735	-0,37	
23,74	-0,36	
23,745	-0,36	
23,75	-0,35	
23,755	-0,35	
23,76	-0,34	
23,765	-0,34	
23,77	-0,33	
23,775	-0,32	
23,78	-0,32	
23,785	-0,31	
23,79	-0,31	
23,795	-0,3	
23,8	-0,3	
23,805	-0,29	
23,81	-0,28	
23,815	-0,28	
23,82	-0,27	
23,825	-0,26	
23,83	-0,25	
23,835	-0,24	
23,84	-0,24	
23,845	-0,23	
23,85	-0,22	
23,855	-0,22	
23,86	-0,21	
23,865	-0,2	
23,87	-0,19	
23,875	-0,18	
23,88	-0,17	
23,885	-0,16	
23,89	-0,15	
23,895	-0,14	
23,9	-0,14	
23,905	-0,12	
23,91	-0,11	
23,915	-0,1	
23,92	-0,09	
23,925	-0,08	
23,93	-0,08	
23,935	-0,07	
23,94	-0,06	
23,945	-0,06	
23,95	-0,04	
23,955	-0,03	
23,96	-0,02	
23,965	-0,01	
23,97	0	
23,975	0,01	
23,98	0,02	
23,985	0,03	
23,99	0,04	
23,995	0,05	
24,0	0,06	
24,005	0,07	
24,01	0,09	
24,015	0,1	
24,02	0,11	
24,025	0,11	
24,03	0,12	
24,035	0,13	
24,04	0,14	
24,045	0,15	
24,05	0,16	
24,055	0,17	
24,06	0,18	
24,065	0,19	
24,07	0,2	
24,075	0,21	
24,08	0,22	
24,085	0,23	
24,09	0,24	
24,095	0,25	
24,1	0,26	
24,105	0,27	
24,11	0,27	
24,115	0,28	
24,12	0,29	
24,125	0,3	
24,13	0,3	
24,135	0,31	
24,14	0,32	
24,145	0,33	
24,15	0,34	
24,155	0,34	
24,16	0,35	
24,165	0,36	
24,17	0,36	
24,175	0,37	
24,18	0,38	
24,185	0,38	
24,19	0,39	
24,195	0,39	
24,2	0,4	
24,205	0,4	
24,21	0,4	
24,215	0,41	
24,22	0,42	
24,225	0,42	
24,23	0,43	
24,235	0,43	
24,24	0,43	
24,245	0,44	
24,25	0,44	
24,255	0,44	
24,26	0,45	
24,265	0,45	
24,27	0,45	
24,275	0,46	
24,28	0,46	
24,285	0,46	
24,29	0,46	
24,295	0,47	
24,3	0,47	
24,305	0,47	
24,31	0,46	
24,315	0,47	
24,32	0,47	
24,325	0,47	
24,33	0,46	
24,335	0,46	
24,34	0,46	
24,345	0,46	
24,35	0,46	
24,355	0,46	
24,36	0,45	
24,365	0,45	
24,37	0,45	
24,375	0,45	
24,38	0,44	
24,385	0,44	
24,39	0,43	
24,395	0,43	
24,4	0,43	
24,405	0,42	
24,41	0,41	
24,415	0,41	
24,42	0,41	
24,425	0,4	
24,43	0,39	
24,435	0,39	
24,44	0,38	
24,445	0,37	
24,45	0,37	
24,455	0,36	
24,46	0,35	
24,465	0,35	
24,47	0,34	
24,475	0,33	
24,48	0,32	
24,485	0,31	
24,49	0,3	
24,495	0,29	
24,5	0,28	
24,505	0,28	
24,51	0,27	
24,515	0,26	
24,52	0,25	
24,525	0,24	
24,53	0,23	
24,535	0,22	
24,54	0,21	
24,545	0,2	
24,55	0,18	
24,555	0,17	
24,56	0,16	
24,565	0,15	
24,57	0,14	
24,575	0,13	
24,58	0,12	
24,585	0,11	
24,59	0,1	
24,595	0,09	
24,6	0,08	
24,605	0,06	
24,61	0,05	
24,615	0,03	
24,62	0,02	
24,625	0,01	
24,63	0	
24,635	-0,01	
24,64	-0,02	
24,645	-0,03	
24,65	-0,04	
24,655	-0,05	
24,66	-0,07	
24,665	-0,08	
24,67	-0,09	
24,675	-0,1	
24,68	-0,11	
24,685	-0,13	
24,69	-0,14	
24,695	-0,15	
24,7	-0,16	
24,705	-0,17	
24,71	-0,19	
24,715	-0,2	
24,72	-0,22	
24,725	-0,23	
24,73	-0,24	
24,735	-0,25	
24,74	-0,26	
24,745	-0,27	
24,75	-0,27	
24,755	-0,29	
24,76	-0,3	
24,765	-0,31	
24,77	-0,32	
24,775	-0,33	
24,78	-0,34	
24,785	-0,35	
24,79	-0,36	
24,795	-0,37	
24,8	-0,38	
24,805	-0,39	
24,81	-0,4	
24,815	-0,41	
24,82	-0,42	
24,825	-0,43	
24,83	-0,43	
24,835	-0,44	
24,84	-0,44	
24,845	-0,45	
24,85	-0,46	
24,855	-0,46	
24,86	-0,47	
24,865	-0,48	
24,87	-0,49	
24,875	-0,49	
24,88	-0,5	
24,885	-0,5	
24,89	-0,5	
24,895	-0,51	
24,9	-0,51	
24,905	-0,52	
24,91	-0,52	
24,915	-0,53	
24,92	-0,53	
24,925	-0,53	
24,93	-0,53	
24,935	-0,53	
24,94	-0,53	
24,945	-0,54	
24,95	-0,54	
24,955	-0,54	
24,96	-0,54	
24,965	-0,54	
24,97	-0,54	
24,975	-0,54	
24,98	-0,53	
24,985	-0,53	
24,99	-0,53	
24,995	-0,53	
25,0	-0,53	
25,005	-0,53	
25,01	-0,53	
25,015	-0,52	
25,02	-0,52	
25,025	-0,51	
25,03	-0,51	
25,035	-0,5	
25,04	-0,5	
25,045	-0,5	
25,05	-0,49	
25,055	-0,48	
25,06	-0,48	
25,065	-0,47	
25,07	-0,46	
25,075	-0,45	
25,08	-0,45	
25,085	-0,44	
25,09	-0,43	
25,095	-0,43	
25,1	-0,42	
25,105	-0,41	
25,11	-0,4	
25,115	-0,42	
25,12	-0,37	
25,125	-0,37	
25,13	-0,36	
25,135	-0,35	
25,14	-0,34	
25,145	-0,33	
25,15	-0,32	
25,155	-0,31	
25,16	-0,29	
25,165	-0,28	
25,17	-0,27	
25,175	-0,26	
25,18	-0,25	
25,185	-0,24	
25,19	-0,22	
25,195	-0,2	
25,2	-0,19	
25,205	-0,18	
25,21	-0,16	
25,215	-0,16	
25,22	-0,14	
25,225	-0,13	
25,23	-0,12	
25,235	-0,11	
25,24	-0,09	
25,245	-0,08	
25,25	-0,06	
25,255	-0,05	
25,26	-0,03	
25,265	-0,02	
25,27	-0,01	
25,275	0	
25,28	0,02	
25,285	0,04	
25,29	0,05	
25,295	0,07	
25,3	0,08	
25,305	0,09	
25,31	0,11	
25,315	0,12	
25,32	0,13	
25,325	0,15	
25,33	0,16	
25,335	0,18	
25,34	0,19	
25,345	0,2	
25,35	0,21	
25,355	0,23	
25,36	0,25	
25,365	0,26	
25,37	0,27	
25,375	0,29	
25,38	0,3	
25,385	0,31	
25,39	0,32	
25,395	0,34	
25,4	0,35	
25,405	0,36	
25,41	0,37	
25,415	0,38	
25,42	0,39	
25,425	0,4	
25,43	0,41	
25,435	0,42	
25,44	0,43	
25,445	0,44	
25,45	0,46	
25,455	0,46	
25,46	0,47	
25,465	0,49	
25,47	0,49	
25,475	0,5	
25,48	0,51	
25,485	0,52	
25,49	0,52	
25,495	0,53	
25,5	0,53	
25,505	0,54	
25,51	0,54	
25,515	0,55	
25,52	0,56	
25,525	0,57	
25,53	0,57	
25,535	0,58	
25,54	0,58	
25,545	0,58	
25,55	0,59	
25,555	0,59	
25,56	0,59	
25,565	0,6	
25,57	0,6	
25,575	0,59	
25,58	0,6	
25,585	0,6	
25,59	0,6	
25,595	0,6	
25,6	0,6	
25,605	0,6	
25,61	0,6	
25,615	0,6	
25,62	0,6	
25,625	0,59	
25,63	0,59	
25,635	0,58	
25,64	0,58	
25,645	0,58	
25,65	0,58	
25,655	0,57	
25,66	0,57	
25,665	0,56	
25,67	0,55	
25,675	0,55	
25,68	0,54	
25,685	0,53	
25,69	0,53	
25,695	0,52	
25,7	0,52	
25,705	0,51	
25,71	0,5	
25,715	0,49	
25,72	0,48	
25,725	0,47	
25,73	0,46	
25,735	0,45	
25,74	0,45	
25,745	0,44	
25,75	0,43	
25,755	0,41	
25,76	0,4	
25,765	0,38	
25,77	0,37	
25,775	0,36	
25,78	0,35	
25,785	0,34	
25,79	0,33	
25,795	0,31	
25,8	0,3	
25,805	0,28	
25,81	0,27	
25,815	0,26	
25,82	0,24	
25,825	0,23	
25,83	0,22	
25,835	0,2	
25,84	0,19	
25,845	0,17	
25,85	0,15	
25,855	0,13	
25,86	0,12	
25,865	0,1	
25,87	0,09	
25,875	0,08	
25,88	0,06	
25,885	0,05	
25,89	0,03	
25,895	0,02	
25,9	0	
25,905	-0,01	
25,91	-0,03	
25,915	-0,04	
25,92	-0,06	
25,925	-0,08	
25,93	-0,09	
25,935	-0,11	
25,94	-0,13	
25,945	-0,14	
25,95	-0,16	
25,955	-0,17	
25,96	-0,19	
25,965	-0,2	
25,97	-0,21	
25,975	-0,22	
25,98	-0,24	
25,985	-0,25	
25,99	-0,27	
25,995	-0,29	
26,0	-0,3	
26,005	-0,32	
26,01	-0,33	
26,015	-0,35	
26,02	-0,36	
26,025	-0,37	
26,03	-0,39	
26,035	-0,4	
26,04	-0,41	
26,045	-0,42	
26,05	-0,43	
26,055	-0,44	
26,06	-0,45	
26,065	-0,46	
26,07	-0,47	
26,075	-0,48	
26,08	-0,49	
26,085	-0,51	
26,09	-0,52	
26,095	-0,52	
26,1	-0,53	
26,105	-0,54	
26,11	-0,54	
26,115	-0,55	
26,12	-0,57	
26,125	-0,58	
26,13	-0,59	
26,135	-0,59	
26,14	-0,6	
26,145	-0,6	
26,15	-0,6	
26,155	-0,6	
26,16	-0,61	
26,165	-0,61	
26,17	-0,62	
26,175	-0,63	
26,18	-0,63	
26,185	-0,63	
26,19	-0,63	
26,195	-0,63	
26,2	-0,64	
26,205	-0,64	
26,21	-0,64	
26,215	-0,64	
26,22	-0,64	
26,225	-0,64	
26,23	-0,64	
26,235	-0,63	
26,24	-0,63	
26,245	-0,63	
26,25	-0,63	
26,255	-0,62	
26,26	-0,62	
26,265	-0,61	
26,27	-0,61	
26,275	-0,61	
26,28	-0,6	
26,285	-0,59	
26,29	-0,59	
26,295	-0,58	
26,3	-0,58	
26,305	-0,57	
26,31	-0,57	
26,315	-0,56	
26,32	-0,55	
26,325	-0,54	
26,33	-0,52	
26,335	-0,52	
26,34	-0,51	
26,345	-0,5	
26,35	-0,5	
26,355	-0,49	
26,36	-0,47	
26,365	-0,46	
26,37	-0,45	
26,375	-0,44	
26,38	-0,43	
26,385	-0,42	
26,39	-0,4	
26,395	-0,39	
26,4	-0,38	
26,405	-0,37	
26,41	-0,34	
26,415	-0,33	
26,42	-0,31	
26,425	-0,3	
26,43	-0,29	
26,435	-0,28	
26,44	-0,27	
26,445	-0,25	
26,45	-0,23	
26,455	-0,22	
26,46	-0,2	
26,465	-0,18	
26,47	-0,17	
26,475	-0,16	
26,48	-0,14	
26,485	-0,13	
26,49	-0,12	
26,495	-0,1	
26,5	-0,08	
26,505	-0,06	
26,51	-0,05	
26,515	-0,03	
26,52	-0,01	
26,525	0,01	
26,53	0,02	
26,535	0,04	
26,54	0,05	
26,545	0,07	
26,55	0,08	
26,555	0,1	
26,56	0,12	
26,565	0,14	
26,57	0,16	
26,575	0,17	
26,58	0,18	
26,585	0,2	
26,59	0,21	
26,595	0,22	
26,6	0,24	
26,605	0,25	
26,61	0,27	
26,615	0,28	
26,62	0,3	
26,625	0,31	
26,63	0,33	
26,635	0,34	
26,64	0,35	
26,645	0,36	
26,65	0,38	
26,655	0,4	
26,66	0,41	
26,665	0,42	
26,67	0,43	
26,675	0,44	
26,68	0,45	
26,685	0,46	
26,69	0,47	
26,695	0,49	
26,7	0,49	
26,705	0,5	
26,71	0,51	
26,715	0,52	
26,72	0,53	
26,725	0,54	
26,73	0,55	
26,735	0,56	
26,74	0,57	
26,745	0,58	
26,75	0,58	
26,755	0,59	
26,76	0,59	
26,765	0,6	
26,77	0,61	
26,775	0,61	
26,78	0,61	
26,785	0,62	
26,79	0,62	
26,795	0,62	
26,8	0,63	
26,805	0,63	
26,81	0,63	
26,815	0,63	
26,82	0,63	
26,825	0,64	
26,83	0,64	
26,835	0,64	
26,84	0,64	
26,845	0,64	
26,85	0,63	
26,855	0,63	
26,86	0,63	
26,865	0,63	
26,87	0,63	
26,875	0,62	
26,88	0,62	
26,885	0,62	
26,89	0,61	
26,895	0,61	
26,9	0,6	
26,905	0,59	
26,91	0,59	
26,915	0,58	
26,92	0,57	
26,925	0,57	
26,93	0,57	
26,935	0,56	
26,94	0,55	
26,945	0,54	
26,95	0,53	
26,955	0,52	
26,96	0,51	
26,965	0,5	
26,97	0,5	
26,975	0,49	
26,98	0,47	
26,985	0,46	
26,99	0,45	
26,995	0,43	
27,0	0,42	
27,005	0,41	
27,01	0,4	
27,015	0,39	
27,02	0,38	
27,025	0,37	
27,03	0,35	
27,035	0,34	
27,04	0,32	
27,045	0,31	
27,05	0,3	
27,055	0,28	
27,06	0,26	
27,065	0,25	
27,07	0,23	
27,075	0,22	
27,08	0,2	
27,085	0,19	
27,09	0,18	
27,095	0,16	
27,1	0,15	
27,105	0,13	
27,11	0,11	
27,115	0,1	
27,12	0,09	
27,125	0,07	
27,13	0,06	
27,135	0,04	
27,14	0,02	
27,145	0	
27,15	-0,01	
27,155	-0,02	
27,16	-0,04	
27,165	-0,05	
27,17	-0,07	
27,175	-0,09	
27,18	-0,1	
27,185	-0,12	
27,19	-0,13	
27,195	-0,14	
27,2	-0,16	
27,205	-0,18	
27,21	-0,19	
27,215	-0,2	
27,22	-0,22	
27,225	-0,23	
27,23	-0,25	
27,235	-0,26	
27,24	-0,28	
27,245	-0,29	
27,25	-0,31	
27,255	-0,32	
27,26	-0,33	
27,265	-0,35	
27,27	-0,36	
27,275	-0,37	
27,28	-0,38	
27,285	-0,39	
27,29	-0,4	
27,295	-0,41	
27,3	-0,42	
27,305	-0,44	
27,31	-0,45	
27,315	-0,46	
27,32	-0,47	
27,325	-0,48	
27,33	-0,48	
27,335	-0,49	
27,34	-0,5	
27,345	-0,51	
27,35	-0,52	
27,355	-0,53	
27,36	-0,54	
27,365	-0,54	
27,37	-0,55	
27,375	-0,55	
27,38	-0,56	
27,385	-0,56	
27,39	-0,57	
27,395	-0,57	
27,4	-0,58	
27,405	-0,58	
27,41	-0,59	
27,415	-0,59	
27,42	-0,59	
27,425	-0,6	
27,43	-0,6	
27,435	-0,6	
27,44	-0,6	
27,445	-0,6	
27,45	-0,6	
27,455	-0,6	
27,46	-0,6	
27,465	-0,6	
27,47	-0,6	
27,475	-0,6	
27,48	-0,6	
27,485	-0,59	
27,49	-0,59	
27,495	-0,59	
27,5	-0,59	
27,505	-0,58	
27,51	-0,58	
27,515	-0,57	
27,52	-0,57	
27,525	-0,56	
27,53	-0,56	
27,535	-0,55	
27,54	-0,54	
27,545	-0,54	
27,55	-0,53	
27,555	-0,53	
27,56	-0,52	
27,565	-0,52	
27,57	-0,51	
27,575	-0,5	
27,58	-0,49	
27,585	-0,48	
27,59	-0,47	
27,595	-0,46	
27,6	-0,45	
27,605	-0,44	
27,61	-0,43	
27,615	-0,42	
27,62	-0,41	
27,625	-0,4	
27,63	-0,39	
27,635	-0,38	
27,64	-0,37	
27,645	-0,35	
27,65	-0,34	
27,655	-0,33	
27,66	-0,32	
27,665	-0,3	
27,67	-0,29	
27,675	-0,28	
27,68	-0,27	
27,685	-0,25	
27,69	-0,24	
27,695	-0,23	
27,7	-0,21	
27,705	-0,19	
27,71	-0,18	
27,715	-0,17	
27,72	-0,16	
27,725	-0,15	
27,73	-0,13	
27,735	-0,11	
27,74	-0,1	
27,745	-0,08	
27,75	-0,07	
27,755	-0,06	
27,76	-0,04	
27,765	-0,03	
27,77	-0,02	
27,775	0	
27,78	0,01	
27,785	0,02	
27,79	0,05	
27,795	0,06	
27,8	0,07	
27,805	0,09	
27,81	0,1	
27,815	0,11	
27,82	0,13	
27,825	0,14	
27,83	0,15	
27,835	0,16	
27,84	0,17	
27,845	0,19	
27,85	0,2	
27,855	0,21	
27,86	0,23	
27,865	0,24	
27,87	0,26	
27,875	0,27	
27,88	0,28	
27,885	0,29	
27,89	0,3	
27,895	0,31	
27,9	0,32	
27,905	0,34	
27,91	0,35	
27,915	0,36	
27,92	0,37	
27,925	0,38	
27,93	0,38	
27,935	0,39	
27,94	0,4	
27,945	0,41	
27,95	0,42	
27,955	0,43	
27,96	0,43	
27,965	0,44	
27,97	0,45	
27,975	0,46	
27,98	0,46	
27,985	0,47	
27,99	0,47	
27,995	0,48	
28,0	0,49	
28,005	0,49	
28,01	0,5	
28,015	0,51	
28,02	0,51	
28,025	0,51	
28,03	0,51	
28,035	0,51	
28,04	0,52	
28,045	0,52	
28,05	0,53	
28,055	0,53	
28,06	0,54	
28,065	0,54	
28,07	0,54	
28,075	0,53	
28,08	0,53	
28,085	0,53	
28,09	0,52	
28,095	0,52	
28,1	0,53	
28,105	0,53	
28,11	0,53	
28,115	0,53	
28,12	0,53	
28,125	0,52	
28,13	0,52	
28,135	0,52	
28,14	0,52	
28,145	0,51	
28,15	0,51	
28,155	0,51	
28,16	0,5	
28,165	0,49	
28,17	0,49	
28,175	0,48	
28,18	0,47	
28,185	0,47	
28,19	0,46	
28,195	0,46	
28,2	0,45	
28,205	0,44	
28,21	0,44	
28,215	0,43	
28,22	0,42	
28,225	0,41	
28,23	0,4	
28,235	0,4	
28,24	0,39	
28,245	0,38	
28,25	0,37	
28,255	0,36	
28,26	0,35	
28,265	0,34	
28,27	0,33	
28,275	0,32	
28,28	0,31	
28,285	0,3	
28,29	0,29	
28,295	0,28	
28,3	0,27	
28,305	0,26	
28,31	0,25	
28,315	0,24	
28,32	0,23	
28,325	0,22	
28,33	0,2	
28,335	0,19	
28,34	0,18	
28,345	0,17	
28,35	0,15	
28,355	0,14	
28,36	0,13	
28,365	0,12	
28,37	0,11	
28,375	0,1	
28,38	0,08	
28,385	0,07	
28,39	0,06	
28,395	0,04	
28,4	0,03	
28,405	0,02	
28,41	0,01	
28,415	0	
28,42	-0,01	
28,425	-0,02	
28,43	-0,04	
28,435	-0,05	
28,44	-0,06	
28,445	-0,07	
28,45	-0,09	
28,455	-0,1	
28,46	-0,11	
28,465	-0,12	
28,47	-0,13	
28,475	-0,14	
28,48	-0,15	
28,485	-0,16	
28,49	-0,17	
28,495	-0,18	
28,5	-0,19	
28,505	-0,2	
28,51	-0,21	
28,515	-0,22	
28,52	-0,23	
28,525	-0,24	
28,53	-0,25	
28,535	-0,26	
28,54	-0,27	
28,545	-0,28	
28,55	-0,29	
28,555	-0,3	
28,56	-0,31	
28,565	-0,31	
28,57	-0,33	
28,575	-0,33	
28,58	-0,35	
28,585	-0,35	
28,59	-0,36	
28,595	-0,37	
28,6	-0,37	
28,605	-0,37	
28,61	-0,38	
28,615	-0,39	
28,62	-0,39	
28,625	-0,4	
28,63	-0,41	
28,635	-0,41	
28,64	-0,42	
28,645	-0,42	
28,65	-0,42	
28,655	-0,43	
28,66	-0,43	
28,665	-0,44	
28,67	-0,44	
28,675	-0,44	
28,68	-0,44	
28,685	-0,45	
28,69	-0,45	
28,695	-0,45	
28,7	-0,45	
28,705	-0,45	
28,71	-0,45	
28,715	-0,45	
28,72	-0,46	
28,725	-0,45	
28,73	-0,46	
28,735	-0,46	
28,74	-0,46	
28,745	-0,46	
28,75	-0,46	
28,755	-0,45	
28,76	-0,45	
28,765	-0,45	
28,77	-0,45	
28,775	-0,44	
28,78	-0,44	
28,785	-0,44	
28,79	-0,44	
28,795	-0,44	
28,8	-0,44	
28,805	-0,43	
28,81	-0,43	
28,815	-0,43	
28,82	-0,42	
28,825	-0,41	
28,83	-0,41	
28,835	-0,4	
28,84	-0,4	
28,845	-0,39	
28,85	-0,39	
28,855	-0,38	
28,86	-0,37	
28,865	-0,37	
28,87	-0,36	
28,875	-0,35	
28,88	-0,34	
28,885	-0,34	
28,89	-0,33	
28,895	-0,33	
28,9	-0,32	
28,905	-0,32	
28,91	-0,31	
28,915	-0,3	
28,92	-0,29	
28,925	-0,28	
28,93	-0,27	
28,935	-0,26	
28,94	-0,26	
28,945	-0,25	
28,95	-0,24	
28,955	-0,23	
28,96	-0,23	
28,965	-0,22	
28,97	-0,21	
28,975	-0,2	
28,98	-0,19	
28,985	-0,18	
28,99	-0,17	
28,995	-0,16	
29,0	-0,14	
29,005	-0,14	
29,01	-0,13	
29,015	-0,12	
29,02	-0,11	
29,025	-0,1	
29,03	-0,09	
29,035	-0,08	
29,04	-0,07	
29,045	-0,06	
29,05	-0,05	
29,055	-0,04	
29,06	-0,03	
29,065	-0,02	
29,07	-0,01	
29,075	0	
29,08	0,01	
29,085	0,03	
29,09	0,03	
29,095	0,04	
29,1	0,05	
29,105	0,06	
29,11	0,06	
29,115	0,08	
29,12	0,09	
29,125	0,1	
29,13	0,11	
29,135	0,12	
29,14	0,12	
29,145	0,13	
29,15	0,14	
29,155	0,15	
29,16	0,16	
29,165	0,17	
29,17	0,19	
29,175	0,2	
29,18	0,2	
29,185	0,21	
29,19	0,21	
29,195	0,22	
29,2	0,23	
29,205	0,23	
29,21	0,24	
29,215	0,25	
29,22	0,25	
29,225	0,26	
29,23	0,27	
29,235	0,28	
29,24	0,29	
29,245	0,29	
29,25	0,3	
29,255	0,3	
29,26	0,31	
29,265	0,31	
29,27	0,32	
29,275	0,33	
29,28	0,33	
29,285	0,34	
29,29	0,34	
29,295	0,35	
29,3	0,35	
29,305	0,36	
29,31	0,36	
29,315	0,37	
29,32	0,37	
29,325	0,37	
29,33	0,38	
29,335	0,37	
29,34	0,37	
29,345	0,38	
29,35	0,38	
29,355	0,38	
29,36	0,39	
29,365	0,39	
29,37	0,39	
29,375	0,4	
29,38	0,4	
29,385	0,4	
29,39	0,4	
29,395	0,4	
29,4	0,4	
29,405	0,4	
29,41	0,4	
29,415	0,4	
29,42	0,4	
29,425	0,39	
29,43	0,4	
29,435	0,39	
29,44	0,39	
29,445	0,4	
29,45	0,4	
29,455	0,39	
29,46	0,39	
29,465	0,39	
29,47	0,39	
29,475	0,38	
29,48	0,38	
29,485	0,38	
29,49	0,37	
29,495	0,37	
29,5	0,37	
29,505	0,37	
29,51	0,36	
29,515	0,36	
29,52	0,35	
29,525	0,35	
29,53	0,35	
29,535	0,34	
29,54	0,34	
29,545	0,33	
29,55	0,32	
29,555	0,32	
29,56	0,31	
29,565	0,31	
29,57	0,3	
29,575	0,3	
29,58	0,29	
29,585	0,29	
29,59	0,28	
29,595	0,27	
29,6	0,26	
29,605	0,25	
29,61	0,25	
29,615	0,24	
29,62	0,23	
29,625	0,23	
29,63	0,22	
29,635	0,22	
29,64	0,21	
29,645	0,2	
29,65	0,19	
29,655	0,18	
29,66	0,17	
29,665	0,16	
29,67	0,16	
29,675	0,15	
29,68	0,14	
29,685	0,13	
29,69	0,13	
29,695	0,12	
29,7	0,11	
29,705	0,1	
29,71	0,09	
29,715	0,08	
29,72	0,07	
29,725	0,06	
29,73	0,05	
29,735	0,04	
29,74	0,04	
29,745	0,03	
29,75	0,02	
29,755	0,01	
29,76	0	
29,765	-0,01	
29,77	-0,02	
29,775	-0,03	
29,78	-0,04	
29,785	-0,04	
29,79	-0,05	
29,795	-0,06	
29,8	-0,07	
29,805	-0,09	
29,81	-0,1	
29,815	-0,1	
29,82	-0,11	
29,825	-0,12	
29,83	-0,13	
29,835	-0,13	
29,84	-0,14	
29,845	-0,15	
29,85	-0,16	
29,855	-0,17	
29,86	-0,18	
29,865	-0,19	
29,87	-0,19	
29,875	-0,2	
29,88	-0,2	
29,885	-0,22	
29,89	-0,22	
29,895	-0,23	
29,9	-0,24	
29,905	-0,25	
29,91	-0,26	
29,915	-0,26	
29,92	-0,27	
29,925	-0,27	
29,93	-0,28	
29,935	-0,28	
29,94	-0,29	
29,945	-0,3	
29,95	-0,31	
29,955	-0,31	
29,96	-0,32	
29,965	-0,32	
29,97	-0,33	
29,975	-0,34	
29,98	-0,34	
29,985	-0,34	
29,99	-0,35	
29,995	-0,35	
30,0	-0,36	
30,005	-0,36	
30,01	-0,36	
30,015	-0,37	
30,02	-0,37	
30,025	-0,37	
30,03	-0,38	
30,035	-0,38	
30,04	-0,38	
30,045	-0,39	
30,05	-0,39	
30,055	-0,39	
30,06	-0,4	
30,065	-0,39	
30,07	-0,39	
30,075	-0,4	
30,08	-0,4	
30,085	-0,4	
30,09	-0,4	
30,095	-0,4	
30,1	-0,4	
30,105	-0,41	
30,11	-0,41	
30,115	-0,41	
30,12	-0,41	
30,125	-0,41	
30,13	-0,4	
30,135	-0,4	
30,14	-0,4	
30,145	-0,4	
30,15	-0,4	
30,155	-0,4	
30,16	-0,4	
30,165	-0,39	
30,17	-0,39	
30,175	-0,39	
30,18	-0,39	
30,185	-0,38	
30,19	-0,38	
30,195	-0,37	
30,2	-0,37	
30,205	-0,37	
30,21	-0,36	
30,215	-0,36	
30,22	-0,35	
30,225	-0,35	
30,23	-0,35	
30,235	-0,34	
30,24	-0,33	
30,245	-0,33	
30,25	-0,32	
30,255	-0,31	
30,26	-0,31	
30,265	-0,3	
30,27	-0,3	
30,275	-0,29	
30,28	-0,29	
30,285	-0,28	
30,29	-0,27	
30,295	-0,26	
30,3	-0,25	
30,305	-0,24	
30,31	-0,23	
30,315	-0,23	
30,32	-0,22	
30,325	-0,22	
30,33	-0,21	
30,335	-0,2	
30,34	-0,19	
30,345	-0,19	
30,35	-0,17	
30,355	-0,17	
30,36	-0,16	
30,365	-0,15	
30,37	-0,14	
30,375	-0,13	
30,38	-0,12	
30,385	-0,11	
30,39	-0,09	
30,395	-0,09	
30,4	-0,08	
30,405	-0,07	
30,41	-0,07	
30,415	-0,06	
30,42	-0,04	
30,425	-0,03	
30,43	-0,02	
30,435	-0,01	
30,44	0	
30,445	0,01	
30,45	0,01	
30,455	0,03	
30,46	0,04	
30,465	0,05	
30,47	0,06	
30,475	0,07	
30,48	0,08	
30,485	0,09	
30,49	0,1	
30,495	0,11	
30,5	0,12	
30,505	0,13	
30,51	0,14	
30,515	0,15	
30,52	0,16	
30,525	0,17	
30,53	0,18	
30,535	0,19	
30,54	0,2	
30,545	0,21	
30,55	0,22	
30,555	0,23	
30,56	0,24	
30,565	0,25	
30,57	0,26	
30,575	0,26	
30,58	0,27	
30,585	0,29	
30,59	0,29	
30,595	0,3	
30,6	0,3	
30,605	0,31	
30,61	0,32	
30,615	0,33	
30,62	0,34	
30,625	0,35	
30,63	0,35	
30,635	0,36	
30,64	0,36	
30,645	0,37	
30,65	0,37	
30,655	0,38	
30,66	0,39	
30,665	0,39	
30,67	0,4	
30,675	0,4	
30,68	0,41	
30,685	0,41	
30,69	0,42	
30,695	0,43	
30,7	0,44	
30,705	0,44	
30,71	0,44	
30,715	0,44	
30,72	0,44	
30,725	0,45	
30,73	0,45	
30,735	0,45	
30,74	0,46	
30,745	0,46	
30,75	0,46	
30,755	0,46	
30,76	0,46	
30,765	0,46	
30,77	0,46	
30,775	0,46	
30,78	0,46	
30,785	0,47	
30,79	0,46	
30,795	0,46	
30,8	0,46	
30,805	0,46	
30,81	0,46	
30,815	0,46	
30,82	0,46	
30,825	0,45	
30,83	0,45	
30,835	0,44	
30,84	0,44	
30,845	0,44	
30,85	0,44	
30,855	0,43	
30,86	0,43	
30,865	0,42	
30,87	0,42	
30,875	0,41	
30,88	0,41	
30,885	0,4	
30,89	0,4	
30,895	0,39	
30,9	0,39	
30,905	0,38	
30,91	0,37	
30,915	0,37	
30,92	0,36	
30,925	0,35	
30,93	0,35	
30,935	0,34	
30,94	0,33	
30,945	0,32	
30,95	0,31	
30,955	0,3	
30,96	0,3	
30,965	0,29	
30,97	0,28	
30,975	0,28	
30,98	0,26	
30,985	0,25	
30,99	0,24	
30,995	0,23	
31,0	0,22	
31,005	0,22	
31,01	0,21	
31,015	0,19	
31,02	0,18	
31,025	0,16	
31,03	0,15	
31,035	0,14	
31,04	0,13	
31,045	0,11	
31,05	0,11	
31,055	0,1	
31,06	0,09	
31,065	0,08	
31,07	0,07	
31,075	0,05	
31,08	0,04	
31,085	0,03	
31,09	0,02	
31,095	0	
31,1	-0,02	
31,105	-0,03	
31,11	-0,04	
31,115	-0,05	
31,12	-0,06	
31,125	-0,07	
31,13	-0,08	
31,135	-0,1	
31,14	-0,11	
31,145	-0,12	
31,15	-0,14	
31,155	-0,15	
31,16	-0,16	
31,165	-0,17	
31,17	-0,18	
31,175	-0,19	
31,18	-0,21	
31,185	-0,22	
31,19	-0,23	
31,195	-0,24	
31,2	-0,25	
31,205	-0,26	
31,21	-0,27	
31,215	-0,28	
31,22	-0,3	
31,225	-0,31	
31,23	-0,32	
31,235	-0,33	
31,24	-0,34	
31,245	-0,35	
31,25	-0,36	
31,255	-0,36	
31,26	-0,37	
31,265	-0,38	
31,27	-0,39	
31,275	-0,4	
31,28	-0,41	
31,285	-0,42	
31,29	-0,43	
31,295	-0,43	
31,3	-0,44	
31,305	-0,45	
31,31	-0,45	
31,315	-0,46	
31,32	-0,47	
31,325	-0,47	
31,33	-0,48	
31,335	-0,49	
31,34	-0,49	
31,345	-0,5	
31,35	-0,5	
31,355	-0,5	
31,36	-0,51	
31,365	-0,52	
31,37	-0,52	
31,375	-0,52	
31,38	-0,53	
31,385	-0,53	
31,39	-0,53	
31,395	-0,53	
31,4	-0,53	
31,405	-0,53	
31,41	-0,54	
31,415	-0,54	
31,42	-0,54	
31,425	-0,54	
31,43	-0,54	
31,435	-0,53	
31,44	-0,53	
31,445	-0,53	
31,45	-0,53	
31,455	-0,53	
31,46	-0,53	
31,465	-0,53	
31,47	-0,52	
31,475	-0,52	
31,48	-0,52	
31,485	-0,51	
31,49	-0,51	
31,495	-0,51	
31,5	-0,5	
31,505	-0,49	
31,51	-0,49	
31,515	-0,48	
31,52	-0,48	
31,525	-0,47	
31,53	-0,46	
31,535	-0,45	
31,54	-0,45	
31,545	-0,44	
31,55	-0,43	
31,555	-0,43	
31,56	-0,42	
31,565	-0,41	
31,57	-0,4	
31,575	-0,39	
31,58	-0,38	
31,585	-0,37	
31,59	-0,36	
31,595	-0,35	
31,6	-0,34	
31,605	-0,33	
31,61	-0,32	
31,615	-0,31	
31,62	-0,3	
31,625	-0,29	
31,63	-0,27	
31,635	-0,26	
31,64	-0,25	
31,645	-0,24	
31,65	-0,23	
31,655	-0,21	
31,66	-0,2	
31,665	-0,18	
31,67	-0,16	
31,675	-0,15	
31,68	-0,14	
31,685	-0,13	
31,69	-0,12	
31,695	-0,11	
31,7	-0,09	
31,705	-0,08	
31,71	-0,06	
31,715	-0,04	
31,72	-0,03	
31,725	-0,02	
31,73	-0,01	
31,735	0	
31,74	0,01	
31,745	0,03	
31,75	0,05	
31,755	0,07	
31,76	0,08	
31,765	0,1	
31,77	0,11	
31,775	0,12	
31,78	0,13	
31,785	0,15	
31,79	0,16	
31,795	0,17	
31,8	0,19	
31,805	0,21	
31,81	0,22	
31,815	0,23	
31,82	0,25	
31,825	0,26	
31,83	0,27	
31,835	0,28	
31,84	0,3	
31,845	0,31	
31,85	0,32	
31,855	0,34	
31,86	0,35	
31,865	0,36	
31,87	0,37	
31,875	0,38	
31,88	0,39	
31,885	0,4	
31,89	0,41	
31,895	0,43	
31,9	0,44	
31,905	0,45	
31,91	0,46	
31,915	0,47	
31,92	0,47	
31,925	0,48	
31,93	0,49	
31,935	0,5	
31,94	0,51	
31,945	0,51	
31,95	0,52	
31,955	0,52	
31,96	0,53	
31,965	0,53	
31,97	0,54	
31,975	0,55	
31,98	0,55	
31,985	0,56	
31,99	0,57	
31,995	0,57	
32,0	0,58	
32,005	0,58	
32,01	0,58	
32,015	0,58	
32,02	0,58	
32,025	0,59	
32,03	0,59	
32,035	0,59	
32,04	0,59	
32,045	0,59	
32,05	0,59	
32,055	0,59	
32,06	0,6	
32,065	0,6	
32,07	0,6	
32,075	0,59	
32,08	0,59	
32,085	0,59	
32,09	0,58	
32,095	0,58	
32,1	0,57	
32,105	0,57	
32,11	0,57	
32,115	0,56	
32,12	0,56	
32,125	0,55	
32,13	0,54	
32,135	0,54	
32,14	0,53	
32,145	0,52	
32,15	0,51	
32,155	0,51	
32,16	0,5	
32,165	0,5	
32,17	0,49	
32,175	0,48	
32,18	0,47	
32,185	0,46	
32,19	0,45	
32,195	0,44	
32,2	0,43	
32,205	0,42	
32,21	0,41	
32,215	0,4	
32,22	0,39	
32,225	0,38	
32,23	0,36	
32,235	0,35	
32,24	0,34	
32,245	0,32	
32,25	0,31	
32,255	0,3	
32,26	0,29	
32,265	0,28	
32,27	0,26	
32,275	0,25	
32,28	0,24	
32,285	0,22	
32,29	0,21	
32,295	0,19	
32,3	0,18	
32,305	0,16	
32,31	0,15	
32,315	0,13	
32,32	0,11	
32,325	0,1	
32,33	0,09	
32,335	0,07	
32,34	0,06	
32,345	0,04	
32,35	0,03	
32,355	0,01	
32,36	-0,01	
32,365	-0,02	
32,37	-0,03	
32,375	-0,05	
32,38	-0,06	
32,385	-0,07	
32,39	-0,08	
32,395	-0,11	
32,4	-0,13	
32,405	-0,14	
32,41	-0,16	
32,415	-0,17	
32,42	-0,19	
32,425	-0,2	
32,43	-0,21	
32,435	-0,23	
32,44	-0,24	
32,445	-0,26	
32,45	-0,27	
32,455	-0,29	
32,46	-0,3	
32,465	-0,31	
32,47	-0,32	
32,475	-0,34	
32,48	-0,35	
32,485	-0,36	
32,49	-0,38	
32,495	-0,39	
32,5	-0,4	
32,505	-0,41	
32,51	-0,43	
32,515	-0,44	
32,52	-0,44	
32,525	-0,45	
32,53	-0,46	
32,535	-0,48	
32,54	-0,49	
32,545	-0,5	
32,55	-0,51	
32,555	-0,52	
32,56	-0,53	
32,565	-0,53	
32,57	-0,54	
32,575	-0,55	
32,58	-0,55	
32,585	-0,56	
32,59	-0,57	
32,595	-0,58	
32,6	-0,58	
32,605	-0,58	
32,61	-0,59	
32,615	-0,59	
32,62	-0,6	
32,625	-0,6	
32,63	-0,61	
32,635	-0,61	
32,64	-0,61	
32,645	-0,61	
32,65	-0,61	
32,655	-0,61	
32,66	-0,61	
32,665	-0,61	
32,67	-0,62	
32,675	-0,61	
32,68	-0,62	
32,685	-0,62	
32,69	-0,62	
32,695	-0,61	
32,7	-0,61	
32,705	-0,61	
32,71	-0,61	
32,715	-0,6	
32,72	-0,6	
32,725	-0,6	
32,73	-0,59	
32,735	-0,59	
32,74	-0,58	
32,745	-0,58	
32,75	-0,57	
32,755	-0,57	
32,76	-0,56	
32,765	-0,55	
32,77	-0,55	
32,775	-0,54	
32,78	-0,53	
32,785	-0,52	
32,79	-0,51	
32,795	-0,5	
32,8	-0,49	
32,805	-0,48	
32,81	-0,47	
32,815	-0,46	
32,82	-0,46	
32,825	-0,44	
32,83	-0,43	
32,835	-0,42	
32,84	-0,41	
32,845	-0,39	
32,85	-0,38	
32,855	-0,37	
32,86	-0,36	
32,865	-0,35	
32,87	-0,33	
32,875	-0,32	
32,88	-0,3	
32,885	-0,29	
32,89	-0,27	
32,895	-0,26	
32,9	-0,25	
32,905	-0,24	
32,91	-0,22	
32,915	-0,2	
32,92	-0,19	
32,925	-0,17	
32,93	-0,16	
32,935	-0,15	
32,94	-0,13	
32,945	-0,11	
32,95	-0,1	
32,955	-0,09	
32,96	-0,06	
32,965	-0,05	
32,97	-0,04	
32,975	-0,02	
32,98	0	
32,985	0,01	
32,99	0,03	
32,995	0,04	
33,0	0,05	
33,005	0,07	
33,01	0,09	
33,015	0,1	
33,02	0,11	
33,025	0,14	
33,03	0,15	
33,035	0,16	
33,04	0,18	
33,045	0,19	
33,05	0,21	
33,055	0,22	
33,06	0,24	
33,065	0,25	
33,07	0,27	
33,075	0,28	
33,08	0,29	
33,085	0,31	
33,09	0,32	
33,095	0,33	
33,1	0,34	
33,105	0,35	
33,11	0,36	
33,115	0,38	
33,12	0,39	
33,125	0,41	
33,13	0,42	
33,135	0,43	
33,14	0,44	
33,145	0,45	
33,15	0,46	
33,155	0,47	
33,16	0,48	
33,165	0,49	
33,17	0,5	
33,175	0,51	
33,18	0,51	
33,185	0,52	
33,19	0,53	
33,195	0,54	
33,2	0,55	
33,205	0,55	
33,21	0,56	
33,215	0,57	
33,22	0,57	
33,225	0,58	
33,23	0,58	
33,235	0,59	
33,24	0,59	
33,245	0,59	
33,25	0,6	
33,255	0,6	
33,26	0,6	
33,265	0,6	
33,27	0,6	
33,275	0,6	
33,28	0,6	
33,285	0,6	
33,29	0,61	
33,295	0,61	
33,3	0,61	
33,305	0,61	
33,31	0,61	
33,315	0,6	
33,32	0,6	
33,325	0,6	
33,33	0,59	
33,335	0,59	
33,34	0,59	
33,345	0,59	
33,35	0,58	
33,355	0,58	
33,36	0,57	
33,365	0,56	
33,37	0,55	
33,375	0,55	
33,38	0,55	
33,385	0,54	
33,39	0,53	
33,395	0,53	
33,4	0,52	
33,405	0,51	
33,41	0,5	
33,415	0,49	
33,42	0,49	
33,425	0,48	
33,43	0,47	
33,435	0,46	
33,44	0,45	
33,445	0,43	
33,45	0,42	
33,455	0,41	
33,46	0,4	
33,465	0,39	
33,47	0,38	
33,475	0,37	
33,48	0,35	
33,485	0,34	
33,49	0,33	
33,495	0,31	
33,5	0,3	
33,505	0,29	
33,51	0,28	
33,515	0,26	
33,52	0,25	
33,525	0,23	
33,53	0,22	
33,535	0,21	
33,54	0,19	
33,545	0,17	
33,55	0,16	
33,555	0,15	
33,56	0,13	
33,565	0,12	
33,57	0,11	
33,575	0,09	
33,58	0,08	
33,585	0,06	
33,59	0,05	
33,595	0,04	
33,6	0,02	
33,605	0	
33,61	-0,02	
33,615	-0,03	
33,62	-0,05	
33,625	-0,06	
33,63	-0,07	
33,635	-0,08	
33,64	-0,1	
33,645	-0,11	
33,65	-0,13	
33,655	-0,14	
33,66	-0,16	
33,665	-0,17	
33,67	-0,18	
33,675	-0,19	
33,68	-0,21	
33,685	-0,23	
33,69	-0,24	
33,695	-0,26	
33,7	-0,27	
33,705	-0,28	
33,71	-0,29	
33,715	-0,31	
33,72	-0,32	
33,725	-0,33	
33,73	-0,34	
33,735	-0,35	
33,74	-0,36	
33,745	-0,37	
33,75	-0,38	
33,755	-0,39	
33,76	-0,4	
33,765	-0,41	
33,77	-0,43	
33,775	-0,44	
33,78	-0,45	
33,785	-0,45	
33,79	-0,46	
33,795	-0,47	
33,8	-0,48	
33,805	-0,48	
33,81	-0,49	
33,815	-0,5	
33,82	-0,51	
33,825	-0,51	
33,83	-0,52	
33,835	-0,52	
33,84	-0,52	
33,845	-0,53	
33,85	-0,54	
33,855	-0,54	
33,86	-0,55	
33,865	-0,55	
33,87	-0,55	
33,875	-0,56	
33,88	-0,56	
33,885	-0,56	
33,89	-0,56	
33,895	-0,56	
33,9	-0,56	
33,905	-0,56	
33,91	-0,56	
33,915	-0,56	
33,92	-0,56	
33,925	-0,56	
33,93	-0,56	
33,935	-0,56	
33,94	-0,56	
33,945	-0,55	
33,95	-0,56	
33,955	-0,55	
33,96	-0,55	
33,965	-0,55	
33,97	-0,55	
33,975	-0,54	
33,98	-0,53	
33,985	-0,53	
33,99	-0,52	
33,995	-0,52	
34,0	-0,51	
34,005	-0,51	
34,01	-0,5	
34,015	-0,49	
34,02	-0,49	
34,025	-0,48	
34,03	-0,47	
34,035	-0,46	
34,04	-0,46	
34,045	-0,45	
34,05	-0,44	
34,055	-0,43	
34,06	-0,42	
34,065	-0,41	
34,07	-0,4	
34,075	-0,39	
34,08	-0,38	
34,085	-0,37	
34,09	-0,36	
34,095	-0,35	
34,1	-0,34	
34,105	-0,33	
34,11	-0,31	
34,115	-0,3	
34,12	-0,29	
34,125	-0,28	
34,13	-0,27	
34,135	-0,26	
34,14	-0,25	
34,145	-0,24	
34,15	-0,22	
34,155	-0,21	
34,16	-0,2	
34,165	-0,18	
34,17	-0,16	
34,175	-0,15	
34,18	-0,15	
34,185	-0,13	
34,19	-0,12	
34,195	-0,11	
34,2	-0,09	
34,205	-0,08	
34,21	-0,06	
34,215	-0,05	
34,22	-0,04	
34,225	-0,03	
34,23	-0,02	
34,235	-0,01	
34,24	0,01	
34,245	0,02	
34,25	0,04	
34,255	0,06	
34,26	0,07	
34,265	0,08	
34,27	0,09	
34,275	0,1	
34,28	0,12	
34,285	0,13	
34,29	0,14	
34,295	0,15	
34,3	0,16	
34,305	0,17	
34,31	0,18	
34,315	0,2	
34,32	0,21	
34,325	0,22	
34,33	0,24	
34,335	0,25	
34,34	0,26	
34,345	0,27	
34,35	0,28	
34,355	0,29	
34,36	0,3	
34,365	0,31	
34,37	0,32	
34,375	0,33	
34,38	0,34	
34,385	0,34	
34,39	0,35	
34,395	0,36	
34,4	0,37	
34,405	0,38	
34,41	0,39	
34,415	0,4	
34,42	0,41	
34,425	0,42	
34,43	0,42	
34,435	0,43	
34,44	0,43	
34,445	0,44	
34,45	0,44	
34,455	0,45	
34,46	0,46	
34,465	0,46	
34,47	0,47	
34,475	0,47	
34,48	0,47	
34,485	0,47	
34,49	0,47	
34,495	0,47	
34,5	0,48	
34,505	0,49	
34,51	0,49	
34,515	0,5	
34,52	0,5	
34,525	0,5	
34,53	0,5	
34,535	0,49	
34,54	0,49	
34,545	0,49	
34,55	0,49	
34,555	0,49	
34,56	0,5	
34,565	0,5	
34,57	0,5	
34,575	0,49	
34,58	0,49	
34,585	0,48	
34,59	0,48	
34,595	0,48	
34,6	0,48	
34,605	0,48	
34,61	0,48	
34,615	0,47	
34,62	0,47	
34,625	0,46	
34,63	0,45	
34,635	0,44	
34,64	0,44	
34,645	0,43	
34,65	0,43	
34,655	0,42	
34,66	0,42	
34,665	0,41	
34,67	0,41	
34,675	0,4	
34,68	0,39	
34,685	0,38	
34,69	0,38	
34,695	0,37	
34,7	0,37	
34,705	0,36	
34,71	0,35	
34,715	0,33	
34,72	0,33	
34,725	0,32	
34,73	0,31	
34,735	0,31	
34,74	0,3	
34,745	0,29	
34,75	0,28	
34,755	0,27	
34,76	0,26	
34,765	0,25	
34,77	0,24	
34,775	0,23	
34,78	0,22	
34,785	0,21	
34,79	0,2	
34,795	0,18	
34,8	0,17	
34,805	0,16	
34,81	0,14	
34,815	0,14	
34,82	0,13	
34,825	0,12	
34,83	0,11	
34,835	0,1	
34,84	0,09	
34,845	0,08	
34,85	0,06	
34,855	0,05	
34,86	0,04	
34,865	0,03	
34,87	0,02	
34,875	0,01	
34,88	0	
34,885	-0,01	
34,89	-0,02	
34,895	-0,03	
34,9	-0,05	
34,905	-0,06	
34,91	-0,07	
34,915	-0,08	
34,92	-0,09	
34,925	-0,1	
34,93	-0,11	
34,935	-0,12	
34,94	-0,14	
34,945	-0,14	
34,95	-0,15	
34,955	-0,16	
34,96	-0,17	
34,965	-0,18	
34,97	-0,19	
34,975	-0,2	
34,98	-0,21	
34,985	-0,22	
34,99	-0,23	
34,995	-0,24	
35,0	-0,24	
35,005	-0,25	
35,01	-0,26	
35,015	-0,27	
35,02	-0,28	
35,025	-0,29	
35,03	-0,3	
35,035	-0,3	
35,04	-0,31	
35,045	-0,31	
35,05	-0,31	
35,055	-0,32	
35,06	-0,33	
35,065	-0,34	
35,07	-0,35	
35,075	-0,35	
35,08	-0,35	
35,085	-0,36	
35,09	-0,36	
35,095	-0,37	
35,1	-0,38	
35,105	-0,38	
35,11	-0,39	
35,115	-0,39	
35,12	-0,4	
35,125	-0,4	
35,13	-0,4	
35,135	-0,41	
35,14	-0,41	
35,145	-0,41	
35,15	-0,42	
35,155	-0,42	
35,16	-0,42	
35,165	-0,42	
35,17	-0,42	
35,175	-0,42	
35,18	-0,42	
35,185	-0,42	
35,19	-0,42	
35,195	-0,42	
35,2	-0,42	
35,205	-0,42	
35,21	-0,42	
35,215	-0,42	
35,22	-0,41	
35,225	-0,41	
35,23	-0,41	
35,235	-0,41	
35,24	-0,41	
35,245	-0,41	
35,25	-0,41	
35,255	-0,41	
35,26	-0,41	
35,265	-0,4	
35,27	-0,4	
35,275	-0,39	
35,28	-0,39	
35,285	-0,39	
35,29	-0,39	
35,295	-0,39	
35,3	-0,38	
35,305	-0,37	
35,31	-0,37	
35,315	-0,36	
35,32	-0,35	
35,325	-0,35	
35,33	-0,34	
35,335	-0,34	
35,34	-0,34	
35,345	-0,33	
35,35	-0,33	
35,355	-0,32	
35,36	-0,31	
35,365	-0,3	
35,37	-0,29	
35,375	-0,29	
35,38	-0,28	
35,385	-0,28	
35,39	-0,27	
35,395	-0,26	
35,4	-0,25	
35,405	-0,24	
35,41	-0,23	
35,415	-0,22	
35,42	-0,22	
35,425	-0,22	
35,43	-0,21	
35,435	-0,2	
35,44	-0,2	
35,445	-0,19	
35,45	-0,18	
35,455	-0,17	
35,46	-0,16	
35,465	-0,15	
35,47	-0,14	
35,475	-0,13	
35,48	-0,13	
35,485	-0,12	
35,49	-0,1	
35,495	-0,09	
35,5	-0,08	
35,505	-0,07	
35,51	-0,07	
35,515	-0,06	
35,52	-0,05	
35,525	-0,04	
35,53	-0,03	
35,535	-0,02	
35,54	-0,01	
35,545	0	
35,55	0,01	
35,555	0,02	
35,56	0,02	
35,565	0,03	
35,57	0,04	
35,575	0,05	
35,58	0,06	
35,585	0,07	
35,59	0,08	
35,595	0,09	
35,6	0,09	
35,605	0,1	
35,61	0,1	
35,615	0,11	
35,62	0,12	
35,625	0,13	
35,63	0,15	
35,635	0,16	
35,64	0,17	
35,645	0,18	
35,65	0,18	
35,655	0,18	
35,66	0,19	
35,665	0,2	
35,67	0,21	
35,675	0,22	
35,68	0,23	
35,685	0,23	
35,69	0,24	
35,695	0,24	
35,7	0,25	
35,705	0,25	
35,71	0,26	
35,715	0,27	
35,72	0,28	
35,725	0,29	
35,73	0,3	
35,735	0,3	
35,74	0,3	
35,745	0,31	
35,75	0,31	
35,755	0,31	
35,76	0,31	
35,765	0,32	
35,77	0,33	
35,775	0,33	
35,78	0,34	
35,785	0,34	
35,79	0,34	
35,795	0,35	
35,8	0,35	
35,805	0,35	
35,81	0,36	
35,815	0,36	
35,82	0,36	
35,825	0,36	
35,83	0,37	
35,835	0,37	
35,84	0,37	
35,845	0,37	
35,85	0,38	
35,855	0,38	
35,86	0,38	
35,865	0,38	
35,87	0,38	
35,875	0,38	
35,88	0,38	
35,885	0,38	
35,89	0,38	
35,895	0,38	
35,9	0,38	
35,905	0,38	
35,91	0,38	
35,915	0,38	
35,92	0,38	
35,925	0,37	
35,93	0,37	
35,935	0,37	
35,94	0,37	
35,945	0,37	
35,95	0,36	
35,955	0,36	
35,96	0,36	
35,965	0,36	
35,97	0,35	
35,975	0,35	
35,98	0,35	
35,985	0,34	
35,99	0,34	
35,995	0,34	
36,0	0,33	
36,005	0,33	
36,01	0,32	
36,015	0,32	
36,02	0,31	
36,025	0,3	
36,03	0,3	
36,035	0,29	
36,04	0,29	
36,045	0,29	
36,05	0,29	
36,055	0,28	
36,06	0,27	
36,065	0,26	
36,07	0,25	
36,075	0,25	
36,08	0,24	
36,085	0,24	
36,09	0,24	
36,095	0,23	
36,1	0,22	
36,105	0,21	
36,11	0,2	
36,115	0,19	
36,12	0,19	
36,125	0,18	
36,13	0,18	
36,135	0,17	
36,14	0,16	
36,145	0,15	
36,15	0,14	
36,155	0,13	
36,16	0,12	
36,165	0,11	
36,17	0,11	
36,175	0,11	
36,18	0,1	
36,185	0,09	
36,19	0,08	
36,195	0,06	
36,2	0,05	
36,205	0,04	
36,21	0,04	
36,215	0,03	
36,22	0,02	
36,225	0,01	
36,23	0,01	
36,235	0	
36,24	-0,01	
36,245	-0,02	
36,25	-0,03	
36,255	-0,04	
36,26	-0,04	
36,265	-0,05	
36,27	-0,06	
36,275	-0,08	
36,28	-0,09	
36,285	-0,1	
36,29	-0,1	
36,295	-0,11	
36,3	-0,12	
36,305	-0,13	
36,31	-0,14	
36,315	-0,14	
36,32	-0,15	
36,325	-0,16	
36,33	-0,17	
36,335	-0,18	
36,34	-0,19	
36,345	-0,19	
36,35	-0,2	
36,355	-0,21	
36,36	-0,22	
36,365	-0,22	
36,37	-0,24	
36,375	-0,24	
36,38	-0,25	
36,385	-0,26	
36,39	-0,26	
36,395	-0,26	
36,4	-0,27	
36,405	-0,27	
36,41	-0,28	
36,415	-0,29	
36,42	-0,3	
36,425	-0,31	
36,43	-0,31	
36,435	-0,32	
36,44	-0,32	
36,445	-0,32	
36,45	-0,33	
36,455	-0,33	
36,46	-0,34	
36,465	-0,35	
36,47	-0,35	
36,475	-0,36	
36,48	-0,36	
36,485	-0,36	
36,49	-0,36	
36,495	-0,36	
36,5	-0,37	
36,505	-0,38	
36,51	-0,38	
36,515	-0,39	
36,52	-0,39	
36,525	-0,39	
36,53	-0,39	
36,535	-0,39	
36,54	-0,39	
36,545	-0,39	
36,55	-0,4	
36,555	-0,4	
36,56	-0,4	
36,565	-0,4	
36,57	-0,4	
36,575	-0,4	
36,58	-0,4	
36,585	-0,4	
36,59	-0,41	
36,595	-0,4	
36,6	-0,4	
36,605	-0,4	
36,61	-0,4	
36,615	-0,4	
36,62	-0,4	
36,625	-0,4	
36,63	-0,39	
36,635	-0,39	
36,64	-0,39	
36,645	-0,38	
36,65	-0,38	
36,655	-0,38	
36,66	-0,38	
36,665	-0,37	
36,67	-0,37	
36,675	-0,36	
36,68	-0,35	
36,685	-0,35	
36,69	-0,35	
36,695	-0,35	
36,7	-0,34	
36,705	-0,34	
36,71	-0,33	
36,715	-0,32	
36,72	-0,31	
36,725	-0,31	
36,73	-0,3	
36,735	-0,3	
36,74	-0,29	
36,745	-0,29	
36,75	-0,28	
36,755	-0,27	
36,76	-0,26	
36,765	-0,26	
36,77	-0,25	
36,775	-0,24	
36,78	-0,24	
36,785	-0,23	
36,79	-0,23	
36,795	-0,22	
36,8	-0,21	
36,805	-0,2	
36,81	-0,19	
36,815	-0,18	
36,82	-0,17	
36,825	-0,17	
36,83	-0,16	
36,835	-0,15	
36,84	-0,13	
36,845	-0,12	
36,85	-0,11	
36,855	-0,1	
36,86	-0,09	
36,865	-0,08	
36,87	-0,08	
36,875	-0,07	
36,88	-0,06	
36,885	-0,05	
36,89	-0,04	
36,895	-0,03	
36,9	-0,01	
36,905	-0,01	
36,91	0	
36,915	0,01	
36,92	0,03	
36,925	0,04	
36,93	0,05	
36,935	0,06	
36,94	0,07	
36,945	0,09	
36,95	0,09	
36,955	0,1	
36,96	0,11	
36,965	0,12	
36,97	0,13	
36,975	0,14	
36,98	0,15	
36,985	0,16	
36,99	0,17	
36,995	0,17	
37,0	0,19	
37,005	0,2	
37,01	0,21	
37,015	0,22	
37,02	0,23	
37,025	0,24	
37,03	0,25	
37,035	0,26	
37,04	0,26	
37,045	0,27	
37,05	0,28	
37,055	0,29	
37,06	0,29	
37,065	0,3	
37,07	0,31	
37,075	0,32	
37,08	0,33	
37,085	0,34	
37,09	0,35	
37,095	0,36	
37,1	0,36	
37,105	0,37	
37,11	0,37	
37,115	0,38	
37,12	0,39	
37,125	0,39	
37,13	0,4	
37,135	0,4	
37,14	0,41	
37,145	0,41	
37,15	0,41	
37,155	0,42	
37,16	0,42	
37,165	0,43	
37,17	0,44	
37,175	0,44	
37,18	0,45	
37,185	0,45	
37,19	0,45	
37,195	0,45	
37,2	0,45	
37,205	0,46	
37,21	0,46	
37,215	0,46	
37,22	0,47	
37,225	0,47	
37,23	0,47	
37,235	0,47	
37,24	0,46	
37,245	0,46	
37,25	0,46	
37,255	0,46	
37,26	0,46	
37,265	0,46	
37,27	0,46	
37,275	0,46	
37,28	0,46	
37,285	0,46	
37,29	0,46	
37,295	0,45	
37,3	0,45	
37,305	0,45	
37,31	0,44	
37,315	0,44	
37,32	0,43	
37,325	0,43	
37,33	0,42	
37,335	0,42	
37,34	0,41	
37,345	0,41	
37,35	0,41	
37,355	0,4	
37,36	0,4	
37,365	0,39	
37,37	0,38	
37,375	0,38	
37,38	0,37	
37,385	0,36	
37,39	0,36	
37,395	0,35	
37,4	0,34	
37,405	0,33	
37,41	0,32	
37,415	0,31	
37,42	0,3	
37,425	0,29	
37,43	0,29	
37,435	0,28	
37,44	0,27	
37,445	0,26	
37,45	0,25	
37,455	0,24	
37,46	0,22	
37,465	0,21	
37,47	0,2	
37,475	0,2	
37,48	0,19	
37,485	0,17	
37,49	0,16	
37,495	0,15	
37,5	0,14	
37,505	0,13	
37,51	0,11	
37,515	0,1	
37,52	0,09	
37,525	0,08	
37,53	0,07	
37,535	0,06	
37,54	0,05	
37,545	0,03	
37,55	0,02	
37,555	0	
37,56	-0,01	
37,565	-0,02	
37,57	-0,03	
37,575	-0,04	
37,58	-0,05	
37,585	-0,06	
37,59	-0,08	
37,595	-0,1	
37,6	-0,11	
37,605	-0,12	
37,61	-0,14	
37,615	-0,15	
37,62	-0,15	
37,625	-0,17	
37,63	-0,18	
37,635	-0,18	
37,64	-0,19	
37,645	-0,21	
37,65	-0,23	
37,655	-0,24	
37,66	-0,25	
37,665	-0,26	
37,67	-0,27	
37,675	-0,28	
37,68	-0,29	
37,685	-0,31	
37,69	-0,32	
37,695	-0,33	
37,7	-0,33	
37,705	-0,34	
37,71	-0,35	
37,715	-0,36	
37,72	-0,36	
37,725	-0,37	
37,73	-0,39	
37,735	-0,4	
37,74	-0,42	
37,745	-0,42	
37,75	-0,43	
37,755	-0,43	
37,76	-0,44	
37,765	-0,44	
37,77	-0,45	
37,775	-0,46	
37,78	-0,47	
37,785	-0,48	
37,79	-0,48	
37,795	-0,49	
37,8	-0,49	
37,805	-0,49	
37,81	-0,5	
37,815	-0,51	
37,82	-0,51	
37,825	-0,51	
37,83	-0,52	
37,835	-0,52	
37,84	-0,52	
37,845	-0,52	
37,85	-0,53	
37,855	-0,53	
37,86	-0,53	
37,865	-0,53	
37,87	-0,53	
37,875	-0,53	
37,88	-0,53	
37,885	-0,54	
37,89	-0,53	
37,895	-0,53	
37,9	-0,53	
37,905	-0,53	
37,91	-0,53	
37,915	-0,53	
37,92	-0,53	
37,925	-0,53	
37,93	-0,52	
37,935	-0,52	
37,94	-0,51	
37,945	-0,51	
37,95	-0,5	
37,955	-0,5	
37,96	-0,5	
37,965	-0,49	
37,97	-0,49	
37,975	-0,48	
37,98	-0,47	
37,985	-0,47	
37,99	-0,46	
37,995	-0,45	
38,0	-0,44	
38,005	-0,44	
38,01	-0,43	
38,015	-0,42	
38,02	-0,41	
38,025	-0,4	
38,03	-0,39	
38,035	-0,38	
38,04	-0,37	
38,045	-0,36	
38,05	-0,36	
38,055	-0,34	
38,06	-0,34	
38,065	-0,32	
38,07	-0,31	
38,075	-0,3	
38,08	-0,29	
38,085	-0,28	
38,09	-0,27	
38,095	-0,26	
38,1	-0,25	
38,105	-0,24	
38,11	-0,22	
38,115	-0,2	
38,12	-0,19	
38,125	-0,18	
38,13	-0,16	
38,135	-0,15	
38,14	-0,13	
38,145	-0,12	
38,15	-0,11	
38,155	-0,1	
38,16	-0,08	
38,165	-0,07	
38,17	-0,05	
38,175	-0,04	
38,18	-0,02	
38,185	-0,02	
38,19	-0,01	
38,195	0,01	
38,2	0,02	
38,205	0,03	
38,21	0,05	
38,215	0,07	
38,22	0,09	
38,225	0,1	
38,23	0,12	
38,235	0,13	
38,24	0,14	
38,245	0,15	
38,25	0,16	
38,255	0,18	
38,26	0,19	
38,265	0,2	
38,27	0,22	
38,275	0,23	
38,28	0,24	
38,285	0,25	
38,29	0,27	
38,295	0,28	
38,3	0,3	
38,305	0,31	
38,31	0,33	
38,315	0,34	
38,32	0,35	
38,325	0,35	
38,33	0,36	
38,335	0,37	
38,34	0,38	
38,345	0,39	
38,35	0,41	
38,355	0,42	
38,36	0,42	
38,365	0,43	
38,37	0,44	
38,375	0,46	
38,38	0,47	
38,385	0,48	
38,39	0,49	
38,395	0,49	
38,4	0,5	
38,405	0,5	
38,41	0,51	
38,415	0,51	
38,42	0,52	
38,425	0,53	
38,43	0,54	
38,435	0,55	
38,44	0,55	
38,445	0,56	
38,45	0,56	
38,455	0,56	
38,46	0,56	
38,465	0,56	
38,47	0,57	
38,475	0,57	
38,48	0,57	
38,485	0,58	
38,49	0,58	
38,495	0,58	
38,5	0,58	
38,505	0,58	
38,51	0,58	
38,515	0,58	
38,52	0,58	
38,525	0,58	
38,53	0,58	
38,535	0,58	
38,54	0,57	
38,545	0,57	
38,55	0,56	
38,555	0,56	
38,56	0,56	
38,565	0,56	
38,57	0,55	
38,575	0,55	
38,58	0,55	
38,585	0,54	
38,59	0,53	
38,595	0,53	
38,6	0,52	
38,605	0,52	
38,61	0,51	
38,615	0,51	
38,62	0,49	
38,625	0,48	
38,63	0,47	
38,635	0,46	
38,64	0,45	
38,645	0,44	
38,65	0,43	
38,655	0,42	
38,66	0,41	
38,665	0,4	
38,67	0,39	
38,675	0,38	
38,68	0,37	
38,685	0,36	
38,69	0,35	
38,695	0,34	
38,7	0,32	
38,705	0,31	
38,71	0,3	
38,715	0,29	
38,72	0,28	
38,725	0,26	
38,73	0,25	
38,735	0,23	
38,74	0,22	
38,745	0,2	
38,75	0,19	
38,755	0,18	
38,76	0,17	
38,765	0,15	
38,77	0,13	
38,775	0,12	
38,78	0,1	
38,785	0,08	
38,79	0,07	
38,795	0,06	
38,8	0,05	
38,805	0,03	
38,81	0,02	
38,815	0	
38,82	-0,01	
38,825	-0,03	
38,83	-0,04	
38,835	-0,05	
38,84	-0,06	
38,845	-0,08	
38,85	-0,1	
38,855	-0,11	
38,86	-0,14	
38,865	-0,15	
38,87	-0,17	
38,875	-0,18	
38,88	-0,19	
38,885	-0,2	
38,89	-0,22	
38,895	-0,23	
38,9	-0,24	
38,905	-0,26	
38,91	-0,27	
38,915	-0,29	
38,92	-0,3	
38,925	-0,31	
38,93	-0,32	
38,935	-0,33	
38,94	-0,34	
38,945	-0,36	
38,95	-0,38	
38,955	-0,39	
38,96	-0,4	
38,965	-0,41	
38,97	-0,42	
38,975	-0,43	
38,98	-0,44	
38,985	-0,45	
38,99	-0,46	
38,995	-0,47	
39,0	-0,48	
39,005	-0,49	
39,01	-0,49	
39,015	-0,5	
39,02	-0,5	
39,025	-0,51	
39,03	-0,52	
39,035	-0,53	
39,04	-0,54	
39,045	-0,54	
39,05	-0,55	
39,055	-0,55	
39,06	-0,56	
39,065	-0,57	
39,07	-0,57	
39,075	-0,57	
39,08	-0,58	
39,085	-0,58	
39,09	-0,58	
39,095	-0,59	
39,1	-0,59	
39,105	-0,59	
39,11	-0,59	
39,115	-0,6	
39,12	-0,59	
39,125	-0,59	
39,13	-0,59	
39,135	-0,59	
39,14	-0,59	
39,145	-0,59	
39,15	-0,59	
39,155	-0,59	
39,16	-0,59	
39,165	-0,58	
39,17	-0,58	
39,175	-0,58	
39,18	-0,58	
39,185	-0,57	
39,19	-0,57	
39,195	-0,56	
39,2	-0,55	
39,205	-0,54	
39,21	-0,54	
39,215	-0,53	
39,22	-0,53	
39,225	-0,52	
39,23	-0,52	
39,235	-0,51	
39,24	-0,5	
39,245	-0,5	
39,25	-0,49	
39,255	-0,48	
39,26	-0,47	
39,265	-0,45	
39,27	-0,45	
39,275	-0,43	
39,28	-0,43	
39,285	-0,41	
39,29	-0,4	
39,295	-0,39	
39,3	-0,38	
39,305	-0,37	
39,31	-0,36	
39,315	-0,35	
39,32	-0,34	
39,325	-0,32	
39,33	-0,31	
39,335	-0,29	
39,34	-0,28	
39,345	-0,26	
39,35	-0,25	
39,355	-0,24	
39,36	-0,23	
39,365	-0,22	
39,37	-0,2	
39,375	-0,19	
39,38	-0,17	
39,385	-0,16	
39,39	-0,14	
39,395	-0,13	
39,4	-0,12	
39,405	-0,1	
39,41	-0,09	
39,415	-0,08	
39,42	-0,06	
39,425	-0,05	
39,43	-0,02	
39,435	-0,01	
39,44	0,01	
39,445	0,02	
39,45	0,03	
39,455	0,05	
39,46	0,07	
39,465	0,08	
39,47	0,1	
39,475	0,11	
39,48	0,12	
39,485	0,14	
39,49	0,15	
39,495	0,17	
39,5	0,18	
39,505	0,19	
39,51	0,21	
39,515	0,22	
39,52	0,24	
39,525	0,26	
39,53	0,27	
39,535	0,28	
39,54	0,29	
39,545	0,3	
39,55	0,31	
39,555	0,32	
39,56	0,33	
39,565	0,35	
39,57	0,36	
39,575	0,37	
39,58	0,38	
39,585	0,39	
39,59	0,41	
39,595	0,42	
39,6	0,43	
39,605	0,44	
39,61	0,45	
39,615	0,46	
39,62	0,47	
39,625	0,48	
39,63	0,48	
39,635	0,49	
39,64	0,49	
39,645	0,5	
39,65	0,51	
39,655	0,52	
39,66	0,53	
39,665	0,53	
39,67	0,54	
39,675	0,54	
39,68	0,54	
39,685	0,55	
39,69	0,55	
39,695	0,56	
39,7	0,57	
39,705	0,57	
39,71	0,57	
39,715	0,57	
39,72	0,57	
39,725	0,57	
39,73	0,57	
39,735	0,57	
39,74	0,57	
39,745	0,58	
39,75	0,58	
39,755	0,58	
39,76	0,58	
39,765	0,58	
39,77	0,58	
39,775	0,57	
39,78	0,57	
39,785	0,57	
39,79	0,57	
39,795	0,57	
39,8	0,56	
39,805	0,56	
39,81	0,55	
39,815	0,55	
39,82	0,54	
39,825	0,53	
39,83	0,52	
39,835	0,52	
39,84	0,51	
39,845	0,51	
39,85	0,51	
39,855	0,5	
39,86	0,49	
39,865	0,48	
39,87	0,47	
39,875	0,46	
39,88	0,45	
39,885	0,45	
39,89	0,44	
39,895	0,43	
39,9	0,42	
39,905	0,41	
39,91	0,39	
39,915	0,38	
39,92	0,37	
39,925	0,36	
39,93	0,35	
39,935	0,34	
39,94	0,33	
39,945	0,32	
39,95	0,31	
39,955	0,29	
39,96	0,28	
39,965	0,27	
39,97	0,26	
39,975	0,25	
39,98	0,24	
39,985	0,22	
39,99	0,2	
39,995	0,18	
40,0	0,17	
40,005	0,15	
40,01	0,14	
40,015	0,14	
40,02	0,12	
40,025	0,11	
40,03	0,1	
40,035	0,08	
40,04	0,06	
40,045	0,05	
40,05	0,03	
40,055	0,02	
40,06	0,01	
40,065	0	
40,07	-0,01	
40,075	-0,03	
40,08	-0,04	
40,085	-0,06	
40,09	-0,08	
40,095	-0,1	
40,1	-0,11	
40,105	-0,12	
40,11	-0,13	
40,115	-0,14	
40,12	-0,15	
40,125	-0,16	
40,13	-0,18	
40,135	-0,19	
40,14	-0,2	
40,145	-0,22	
40,15	-0,23	
40,155	-0,24	
40,16	-0,26	
40,165	-0,27	
40,17	-0,28	
40,175	-0,29	
40,18	-0,3	
40,185	-0,32	
40,19	-0,32	
40,195	-0,33	
40,2	-0,34	
40,205	-0,35	
40,21	-0,36	
40,215	-0,37	
40,22	-0,38	
40,225	-0,39	
40,23	-0,4	
40,235	-0,41	
40,24	-0,42	
40,245	-0,43	
40,25	-0,43	
40,255	-0,43	
40,26	-0,44	
40,265	-0,45	
40,27	-0,46	
40,275	-0,47	
40,28	-0,48	
40,285	-0,48	
40,29	-0,49	
40,295	-0,49	
40,3	-0,49	
40,305	-0,5	
40,31	-0,5	
40,315	-0,47	
40,32	-0,52	
40,325	-0,52	
40,33	-0,53	
40,335	-0,52	
40,34	-0,52	
40,345	-0,52	
40,35	-0,52	
40,355	-0,52	
40,36	-0,53	
40,365	-0,53	
40,37	-0,53	
40,375	-0,53	
40,38	-0,53	
40,385	-0,53	
40,39	-0,52	
40,395	-0,52	
40,4	-0,52	
40,405	-0,52	
40,41	-0,52	
40,415	-0,51	
40,42	-0,51	
40,425	-0,51	
40,43	-0,5	
40,435	-0,5	
40,44	-0,49	
40,445	-0,49	
40,45	-0,49	
40,455	-0,48	
40,46	-0,48	
40,465	-0,48	
40,47	-0,47	
40,475	-0,46	
40,48	-0,45	
40,485	-0,44	
40,49	-0,44	
40,495	-0,43	
40,5	-0,42	
40,505	-0,42	
40,51	-0,41	
40,515	-0,4	
40,52	-0,39	
40,525	-0,38	
40,53	-0,37	
40,535	-0,36	
40,54	-0,35	
40,545	-0,35	
40,55	-0,34	
40,555	-0,33	
40,56	-0,31	
40,565	-0,3	
40,57	-0,29	
40,575	-0,28	
40,58	-0,27	
40,585	-0,26	
40,59	-0,26	
40,595	-0,25	
40,6	-0,24	
40,605	-0,22	
40,61	-0,21	
40,615	-0,19	
40,62	-0,18	
40,625	-0,17	
40,63	-0,16	
40,635	-0,15	
40,64	-0,13	
40,645	-0,12	
40,65	-0,11	
40,655	-0,1	
40,66	-0,08	
40,665	-0,07	
40,67	-0,06	
40,675	-0,05	
40,68	-0,04	
40,685	-0,03	
40,69	-0,02	
40,695	0	
40,7	0,01	
40,705	0,02	
40,71	0,04	
40,715	0,05	
40,72	0,06	
40,725	0,07	
40,73	0,08	
40,735	0,09	
40,74	0,1	
40,745	0,12	
40,75	0,14	
40,755	0,15	
40,76	0,16	
40,765	0,17	
40,77	0,18	
40,775	0,18	
40,78	0,19	
40,785	0,2	
40,79	0,21	
40,795	0,22	
40,8	0,24	
40,805	0,25	
40,81	0,26	
40,815	0,27	
40,82	0,27	
40,825	0,28	
40,83	0,29	
40,835	0,3	
40,84	0,31	
40,845	0,32	
40,85	0,33	
40,855	0,33	
40,86	0,34	
40,865	0,35	
40,87	0,35	
40,875	0,36	
40,88	0,37	
40,885	0,38	
40,89	0,38	
40,895	0,39	
40,9	0,39	
40,905	0,4	
40,91	0,4	
40,915	0,41	
40,92	0,42	
40,925	0,42	
40,93	0,43	
40,935	0,43	
40,94	0,44	
40,945	0,44	
40,95	0,44	
40,955	0,44	
40,96	0,44	
40,965	0,45	
40,97	0,45	
40,975	0,46	
40,98	0,46	
40,985	0,46	
40,99	0,46	
40,995	0,46	
41,0	0,46	
41,005	0,45	
41,01	0,46	
41,015	0,46	
41,02	0,46	
41,025	0,46	
41,03	0,46	
41,035	0,46	
41,04	0,46	
41,045	0,45	
41,05	0,45	
41,055	0,45	
41,06	0,45	
41,065	0,45	
41,07	0,45	
41,075	0,44	
41,08	0,44	
41,085	0,43	
41,09	0,42	
41,095	0,41	
41,1	0,41	
41,105	0,41	
41,11	0,4	
41,115	0,4	
41,12	0,4	
41,125	0,39	
41,13	0,38	
41,135	0,37	
41,14	0,36	
41,145	0,36	
41,15	0,36	
41,155	0,35	
41,16	0,35	
41,165	0,34	
41,17	0,33	
41,175	0,32	
41,18	0,31	
41,185	0,3	
41,19	0,3	
41,195	0,29	
41,2	0,29	
41,205	0,28	
41,21	0,26	
41,215	0,25	
41,22	0,24	
41,225	0,23	
41,23	0,22	
41,235	0,21	
41,24	0,2	
41,245	0,2	
41,25	0,19	
41,255	0,18	
41,26	0,17	
41,265	0,16	
41,27	0,15	
41,275	0,14	
41,28	0,13	
41,285	0,12	
41,29	0,11	
41,295	0,11	
41,3	0,1	
41,305	0,08	
41,31	0,07	
41,315	0,06	
41,32	0,05	
41,325	0,04	
41,33	0,03	
41,335	0,02	
41,34	0,01	
41,345	0,01	
41,35	0	
41,355	-0,02	
41,36	-0,03	
41,365	-0,04	
41,37	-0,05	
41,375	-0,06	
41,38	-0,07	
41,385	-0,08	
41,39	-0,09	
41,395	-0,1	
41,4	-0,11	
41,405	-0,12	
41,41	-0,13	
41,415	-0,14	
41,42	-0,14	
41,425	-0,15	
41,43	-0,16	
41,435	-0,17	
41,44	-0,17	
41,445	-0,19	
41,45	-0,2	
41,455	-0,21	
41,46	-0,22	
41,465	-0,22	
41,47	-0,23	
41,475	-0,23	
41,48	-0,24	
41,485	-0,25	
41,49	-0,26	
41,495	-0,27	
41,5	-0,28	
41,505	-0,28	
41,51	-0,29	
41,515	-0,29	
41,52	-0,29	
41,525	-0,3	
41,53	-0,31	
41,535	-0,32	
41,54	-0,32	
41,545	-0,33	
41,55	-0,33	
41,555	-0,33	
41,56	-0,34	
41,565	-0,34	
41,57	-0,35	
41,575	-0,35	
41,58	-0,35	
41,585	-0,36	
41,59	-0,36	
41,595	-0,36	
41,6	-0,37	
41,605	-0,37	
41,61	-0,37	
41,615	-0,38	
41,62	-0,38	
41,625	-0,38	
41,63	-0,39	
41,635	-0,39	
41,64	-0,39	
41,645	-0,39	
41,65	-0,39	
41,655	-0,39	
41,66	-0,39	
41,665	-0,39	
41,67	-0,39	
41,675	-0,39	
41,68	-0,39	
41,685	-0,39	
41,69	-0,39	
41,695	-0,39	
41,7	-0,38	
41,705	-0,38	
41,71	-0,39	
41,715	-0,39	
41,72	-0,39	
41,725	-0,38	
41,73	-0,38	
41,735	-0,37	
41,74	-0,37	
41,745	-0,37	
41,75	-0,36	
41,755	-0,36	
41,76	-0,36	
41,765	-0,36	
41,77	-0,35	
41,775	-0,35	
41,78	-0,34	
41,785	-0,33	
41,79	-0,33	
41,795	-0,32	
41,8	-0,32	
41,805	-0,32	
41,81	-0,32	
41,815	-0,32	
41,82	-0,31	
41,825	-0,3	
41,83	-0,29	
41,835	-0,28	
41,84	-0,28	
41,845	-0,27	
41,85	-0,26	
41,855	-0,26	
41,86	-0,25	
41,865	-0,25	
41,87	-0,24	
41,875	-0,23	
41,88	-0,23	
41,885	-0,22	
41,89	-0,21	
41,895	-0,2	
41,9	-0,2	
41,905	-0,19	
41,91	-0,19	
41,915	-0,18	
41,92	-0,17	
41,925	-0,16	
41,93	-0,14	
41,935	-0,13	
41,94	-0,13	
41,945	-0,12	
41,95	-0,12	
41,955	-0,11	
41,96	-0,1	
41,965	-0,09	
41,97	-0,08	
41,975	-0,07	
41,98	-0,07	
41,985	-0,06	
41,99	-0,05	
41,995	-0,05	
42,0	-0,04	
42,005	-0,04	
42,01	-0,02	
42,015	0	
42,02	0,01	
42,025	0,02	
42,03	0,02	
42,035	0,03	
42,04	0,03	
42,045	0,04	
42,05	0,05	
42,055	0,06	
42,06	0,07	
42,065	0,08	
42,07	0,09	
42,075	0,09	
42,08	0,1	
42,085	0,11	
42,09	0,11	
42,095	0,12	
42,1	0,13	
42,105	0,14	
42,11	0,15	
42,115	0,16	
42,12	0,17	
42,125	0,17	
42,13	0,18	
42,135	0,19	
42,14	0,2	
42,145	0,2	
42,15	0,21	
42,155	0,22	
42,16	0,22	
42,165	0,22	
42,17	0,23	
42,175	0,24	
42,18	0,24	
42,185	0,25	
42,19	0,26	
42,195	0,27	
42,2	0,27	
42,205	0,28	
42,21	0,28	
42,215	0,28	
42,22	0,29	
42,225	0,29	
42,23	0,3	
42,235	0,3	
42,24	0,31	
42,245	0,32	
42,25	0,32	
42,255	0,32	
42,26	0,33	
42,265	0,33	
42,27	0,34	
42,275	0,34	
42,28	0,34	
42,285	0,35	
42,29	0,35	
42,295	0,35	
42,3	0,36	
42,305	0,36	
42,31	0,35	
42,315	0,35	
42,32	0,35	
42,325	0,36	
42,33	0,36	
42,335	0,36	
42,34	0,37	
42,345	0,37	
42,35	0,37	
42,355	0,37	
42,36	0,36	
42,365	0,36	
42,37	0,36	
42,375	0,37	
42,38	0,37	
42,385	0,37	
42,39	0,37	
42,395	0,37	
42,4	0,36	
42,405	0,36	
42,41	0,35	
42,415	0,35	
42,42	0,35	
42,425	0,35	
42,43	0,35	
42,435	0,34	
42,44	0,34	
42,445	0,34	
42,45	0,34	
42,455	0,34	
42,46	0,33	
42,465	0,33	
42,47	0,32	
42,475	0,32	
42,48	0,31	
42,485	0,31	
42,49	0,31	
42,495	0,3	
42,5	0,3	
42,505	0,29	
42,51	0,29	
42,515	0,28	
42,52	0,28	
42,525	0,27	
42,53	0,26	
42,535	0,26	
42,54	0,25	
42,545	0,25	
42,55	0,24	
42,555	0,24	
42,56	0,24	
42,565	0,23	
42,57	0,22	
42,575	0,21	
42,58	0,2	
42,585	0,19	
42,59	0,19	
42,595	0,18	
42,6	0,17	
42,605	0,17	
42,61	0,16	
42,615	0,15	
42,62	0,14	
42,625	0,13	
42,63	0,12	
42,635	0,11	
42,64	0,11	
42,645	0,1	
42,65	0,1	
42,655	0,09	
42,66	0,08	
42,665	0,07	
42,67	0,06	
42,675	0,05	
42,68	0,04	
42,685	0,03	
42,69	0,03	
42,695	0,02	
42,7	0,01	
42,705	0	
42,71	-0,01	
42,715	-0,02	
42,72	-0,03	
42,725	-0,03	
42,73	-0,04	
42,735	-0,05	
42,74	-0,06	
42,745	-0,07	
42,75	-0,08	
42,755	-0,09	
42,76	-0,1	
42,765	-0,11	
42,77	-0,12	
42,775	-0,12	
42,78	-0,13	
42,785	-0,13	
42,79	-0,14	
42,795	-0,15	
42,8	-0,16	
42,805	-0,17	
42,81	-0,18	
42,815	-0,19	
42,82	-0,19	
42,825	-0,2	
42,83	-0,21	
42,835	-0,22	
42,84	-0,22	
42,845	-0,23	
42,85	-0,24	
42,855	-0,25	
42,86	-0,26	
42,865	-0,26	
42,87	-0,27	
42,875	-0,27	
42,88	-0,28	
42,885	-0,29	
42,89	-0,29	
42,895	-0,3	
42,9	-0,31	
42,905	-0,31	
42,91	-0,32	
42,915	-0,32	
42,92	-0,33	
42,925	-0,33	
42,93	-0,34	
42,935	-0,35	
42,94	-0,35	
42,945	-0,36	
42,95	-0,36	
42,955	-0,36	
42,96	-0,36	
42,965	-0,36	
42,97	-0,37	
42,975	-0,37	
42,98	-0,38	
42,985	-0,38	
42,99	-0,39	
42,995	-0,39	
43,0	-0,39	
43,005	-0,39	
43,01	-0,39	
43,015	-0,4	
43,02	-0,4	
43,025	-0,4	
43,03	-0,4	
43,035	-0,4	
43,04	-0,4	
43,045	-0,4	
43,05	-0,4	
43,055	-0,4	
43,06	-0,4	
43,065	-0,4	
43,07	-0,4	
43,075	-0,4	
43,08	-0,4	
43,085	-0,4	
43,09	-0,4	
43,095	-0,39	
43,1	-0,39	
43,105	-0,39	
43,11	-0,39	
43,115	-0,39	
43,12	-0,38	
43,125	-0,38	
43,13	-0,38	
43,135	-0,37	
43,14	-0,37	
43,145	-0,36	
43,15	-0,36	
43,155	-0,35	
43,16	-0,35	
43,165	-0,35	
43,17	-0,34	
43,175	-0,34	
43,18	-0,33	
43,185	-0,32	
43,19	-0,32	
43,195	-0,31	
43,2	-0,31	
43,205	-0,3	
43,21	-0,3	
43,215	-0,29	
43,22	-0,28	
43,225	-0,27	
43,23	-0,26	
43,235	-0,25	
43,24	-0,24	
43,245	-0,24	
43,25	-0,23	
43,255	-0,23	
43,26	-0,22	
43,265	-0,21	
43,27	-0,2	
43,275	-0,2	
43,28	-0,18	
43,285	-0,17	
43,29	-0,17	
43,295	-0,16	
43,3	-0,15	
43,305	-0,14	
43,31	-0,13	
43,315	-0,11	
43,32	-0,11	
43,325	-0,09	
43,33	-0,09	
43,335	-0,08	
43,34	-0,07	
43,345	-0,06	
43,35	-0,05	
43,355	-0,04	
43,36	-0,03	
43,365	-0,02	
43,37	-0,01	
43,375	0	
43,38	0,01	
43,385	0,02	
43,39	0,03	
43,395	0,05	
43,4	0,06	
43,405	0,07	
43,41	0,08	
43,415	0,09	
43,42	0,1	
43,425	0,11	
43,43	0,12	
43,435	0,13	
43,44	0,14	
43,445	0,15	
43,45	0,15	
43,455	0,17	
43,46	0,17	
43,465	0,19	
43,47	0,2	
43,475	0,21	
43,48	0,22	
43,485	0,22	
43,49	0,24	
43,495	0,25	
43,5	0,26	
43,505	0,27	
43,51	0,28	
43,515	0,29	
43,52	0,29	
43,525	0,3	
43,53	0,31	
43,535	0,31	
43,54	0,32	
43,545	0,33	
43,55	0,34	
43,555	0,35	
43,56	0,36	
43,565	0,36	
43,57	0,37	
43,575	0,37	
43,58	0,38	
43,585	0,38	
43,59	0,39	
43,595	0,4	
43,6	0,41	
43,605	0,42	
43,61	0,42	
43,615	0,43	
43,62	0,43	
43,625	0,43	
43,63	0,43	
43,635	0,44	
43,64	0,44	
43,645	0,45	
43,65	0,45	
43,655	0,45	
43,66	0,46	
43,665	0,46	
43,67	0,46	
43,675	0,46	
43,68	0,46	
43,685	0,47	
43,69	0,47	
43,695	0,47	
43,7	0,47	
43,705	0,47	
43,71	0,47	
43,715	0,46	
43,72	0,46	
43,725	0,47	
43,73	0,47	
43,735	0,47	
43,74	0,47	
43,745	0,46	
43,75	0,46	
43,755	0,45	
43,76	0,45	
43,765	0,45	
43,77	0,45	
43,775	0,45	
43,78	0,44	
43,785	0,44	
43,79	0,43	
43,795	0,42	
43,8	0,42	
43,805	0,41	
43,81	0,41	
43,815	0,4	
43,82	0,4	
43,825	0,39	
43,83	0,38	
43,835	0,38	
43,84	0,37	
43,845	0,36	
43,85	0,35	
43,855	0,35	
43,86	0,34	
43,865	0,34	
43,87	0,33	
43,875	0,31	
43,88	0,3	
43,885	0,29	
43,89	0,28	
43,895	0,27	
43,9	0,27	
43,905	0,26	
43,91	0,25	
43,915	0,25	
43,92	0,23	
43,925	0,22	
43,93	0,21	
43,935	0,2	
43,94	0,18	
43,945	0,17	
43,95	0,16	
43,955	0,15	
43,96	0,14	
43,965	0,12	
43,97	0,11	
43,975	0,1	
43,98	0,09	
43,985	0,08	
43,99	0,07	
43,995	0,05	
44,0	0,04	
44,005	0,04	
44,01	0,02	
44,015	0,01	
44,02	0	
44,025	-0,02	
44,03	-0,03	
44,035	-0,05	
44,04	-0,06	
44,045	-0,06	
44,05	-0,07	
44,055	-0,09	
44,06	-0,1	
44,065	-0,12	
44,07	-0,13	
44,075	-0,15	
44,08	-0,15	
44,085	-0,17	
44,09	-0,18	
44,095	-0,19	
44,1	-0,2	
44,105	-0,21	
44,11	-0,23	
44,115	-0,24	
44,12	-0,25	
44,125	-0,26	
44,13	-0,27	
44,135	-0,28	
44,14	-0,29	
44,145	-0,3	
44,15	-0,31	
44,155	-0,32	
44,16	-0,33	
44,165	-0,35	
44,17	-0,36	
44,175	-0,36	
44,18	-0,37	
44,185	-0,38	
44,19	-0,39	
44,195	-0,4	
44,2	-0,41	
44,205	-0,42	
44,21	-0,43	
44,215	-0,43	
44,22	-0,44	
44,225	-0,44	
44,23	-0,45	
44,235	-0,45	
44,24	-0,46	
44,245	-0,47	
44,25	-0,47	
44,255	-0,48	
44,26	-0,49	
44,265	-0,49	
44,27	-0,49	
44,275	-0,5	
44,28	-0,5	
44,285	-0,51	
44,29	-0,51	
44,295	-0,52	
44,3	-0,52	
44,305	-0,52	
44,31	-0,52	
44,315	-0,52	
44,32	-0,53	
44,325	-0,53	
44,33	-0,53	
44,335	-0,53	
44,34	-0,54	
44,345	-0,53	
44,35	-0,53	
44,355	-0,53	
44,36	-0,52	
44,365	-0,52	
44,37	-0,52	
44,375	-0,52	
44,38	-0,52	
44,385	-0,52	
44,39	-0,52	
44,395	-0,51	
44,4	-0,5	
44,405	-0,5	
44,41	-0,49	
44,415	-0,49	
44,42	-0,49	
44,425	-0,49	
44,43	-0,48	
44,435	-0,48	
44,44	-0,46	
44,445	-0,46	
44,45	-0,44	
44,455	-0,44	
44,46	-0,43	
44,465	-0,43	
44,47	-0,42	
44,475	-0,41	
44,48	-0,41	
44,485	-0,39	
44,49	-0,38	
44,495	-0,37	
44,5	-0,36	
44,505	-0,35	
44,51	-0,35	
44,515	-0,34	
44,52	-0,32	
44,525	-0,31	
44,53	-0,3	
44,535	-0,29	
44,54	-0,28	
44,545	-0,27	
44,55	-0,26	
44,555	-0,25	
44,56	-0,24	
44,565	-0,23	
44,57	-0,21	
44,575	-0,2	
44,58	-0,19	
44,585	-0,17	
44,59	-0,16	
44,595	-0,15	
44,6	-0,14	
44,605	-0,12	
44,61	-0,11	
44,615	-0,09	
44,62	-0,08	
44,625	-0,06	
44,63	-0,05	
44,635	-0,03	
44,64	-0,02	
44,645	-0,01	
44,65	0	
44,655	0,01	
44,66	0,03	
44,665	0,04	
44,67	0,05	
44,675	0,07	
44,68	0,09	
44,685	0,11	
44,69	0,12	
44,695	0,13	
44,7	0,14	
44,705	0,16	
44,71	0,17	
44,715	0,18	
44,72	0,2	
44,725	0,21	
44,73	0,23	
44,735	0,24	
44,74	0,25	
44,745	0,26	
44,75	0,27	
44,755	0,28	
44,76	0,3	
44,765	0,32	
44,77	0,33	
44,775	0,34	
44,78	0,35	
44,785	0,35	
44,79	0,36	
44,795	0,37	
44,8	0,39	
44,805	0,4	
44,81	0,41	
44,815	0,42	
44,82	0,43	
44,825	0,44	
44,83	0,45	
44,835	0,46	
44,84	0,46	
44,845	0,47	
44,85	0,48	
44,855	0,48	
44,86	0,49	
44,865	0,5	
44,87	0,51	
44,875	0,51	
44,88	0,52	
44,885	0,52	
44,89	0,53	
44,895	0,53	
44,9	0,54	
44,905	0,54	
44,91	0,55	
44,915	0,55	
44,92	0,55	
44,925	0,55	
44,93	0,56	
44,935	0,56	
44,94	0,56	
44,945	0,56	
44,95	0,56	
44,955	0,57	
44,96	0,56	
44,965	0,56	
44,97	0,56	
44,975	0,56	
44,98	0,56	
44,985	0,56	
44,99	0,56	
44,995	0,56	
45,0	0,55	
45,005	0,55	
45,01	0,55	
45,015	0,54	
45,02	0,54	
45,025	0,54	
45,03	0,54	
45,035	0,53	
45,04	0,53	
45,045	0,52	
45,05	0,51	
45,055	0,51	
45,06	0,5	
45,065	0,49	
45,07	0,48	
45,075	0,48	
45,08	0,47	
45,085	0,47	
45,09	0,46	
45,095	0,45	
45,1	0,44	
45,105	0,42	
45,11	0,41	
45,115	0,4	
45,12	0,39	
45,125	0,38	
45,13	0,38	
45,135	0,37	
45,14	0,36	
45,145	0,35	
45,15	0,34	
45,155	0,32	
45,16	0,31	
45,165	0,29	
45,17	0,27	
45,175	0,27	
45,18	0,26	
45,185	0,24	
45,19	0,23	
45,195	0,22	
45,2	0,2	
45,205	0,19	
45,21	0,18	
45,215	0,17	
45,22	0,15	
45,225	0,14	
45,23	0,12	
45,235	0,11	
45,24	0,09	
45,245	0,08	
45,25	0,06	
45,255	0,05	
45,26	0,03	
45,265	0,02	
45,27	0	
45,275	-0,02	
45,28	-0,03	
45,285	-0,04	
45,29	-0,05	
45,295	-0,07	
45,3	-0,08	
45,305	-0,09	
45,31	-0,1	
45,315	-0,12	
45,32	-0,14	
45,325	-0,15	
45,33	-0,18	
45,335	-0,19	
45,34	-0,2	
45,345	-0,21	
45,35	-0,22	
45,355	-0,23	
45,36	-0,25	
45,365	-0,26	
45,37	-0,27	
45,375	-0,29	
45,38	-0,3	
45,385	-0,31	
45,39	-0,32	
45,395	-0,33	
45,4	-0,34	
45,405	-0,35	
45,41	-0,37	
45,415	-0,38	
45,42	-0,39	
45,425	-0,4	
45,43	-0,41	
45,435	-0,42	
45,44	-0,43	
45,445	-0,44	
45,45	-0,45	
45,455	-0,46	
45,46	-0,47	
45,465	-0,48	
45,47	-0,49	
45,475	-0,5	
45,48	-0,5	
45,485	-0,51	
45,49	-0,51	
45,495	-0,52	
45,5	-0,52	
45,505	-0,53	
45,51	-0,54	
45,515	-0,54	
45,52	-0,55	
45,525	-0,55	
45,53	-0,56	
45,535	-0,56	
45,54	-0,56	
45,545	-0,57	
45,55	-0,57	
45,555	-0,57	
45,56	-0,57	
45,565	-0,57	
45,57	-0,57	
45,575	-0,57	
45,58	-0,57	
45,585	-0,57	
45,59	-0,57	
45,595	-0,57	
45,6	-0,57	
45,605	-0,57	
45,61	-0,57	
45,615	-0,56	
45,62	-0,56	
45,625	-0,56	
45,63	-0,55	
45,635	-0,55	
45,64	-0,55	
45,645	-0,55	
45,65	-0,54	
45,655	-0,54	
45,66	-0,53	
45,665	-0,52	
45,67	-0,52	
45,675	-0,51	
45,68	-0,51	
45,685	-0,5	
45,69	-0,49	
45,695	-0,49	
45,7	-0,48	
45,705	-0,46	
45,71	-0,46	
45,715	-0,45	
45,72	-0,44	
45,725	-0,44	
45,73	-0,43	
45,735	-0,41	
45,74	-0,4	
45,745	-0,39	
45,75	-0,37	
45,755	-0,36	
45,76	-0,35	
45,765	-0,34	
45,77	-0,34	
45,775	-0,33	
45,78	-0,32	
45,785	-0,3	
45,79	-0,29	
45,795	-0,28	
45,8	-0,26	
45,805	-0,25	
45,81	-0,24	
45,815	-0,22	
45,82	-0,21	
45,825	-0,2	
45,83	-0,18	
45,835	-0,17	
45,84	-0,16	
45,845	-0,14	
45,85	-0,13	
45,855	-0,11	
45,86	-0,1	
45,865	-0,09	
45,87	-0,07	
45,875	-0,06	
45,88	-0,05	
45,885	-0,03	
45,89	-0,02	
45,895	0,01	
45,9	0,02	
45,905	0,03	
45,91	0,05	
45,915	0,06	
45,92	0,07	
45,925	0,09	
45,93	0,1	
45,935	0,11	
45,94	0,13	
45,945	0,14	
45,95	0,16	
45,955	0,16	
45,96	0,17	
45,965	0,19	
45,97	0,2	
45,975	0,22	
45,98	0,24	
45,985	0,25	
45,99	0,26	
45,995	0,27	
46,0	0,28	
46,005	0,29	
46,01	0,3	
46,015	0,32	
46,02	0,33	
46,025	0,34	
46,03	0,35	
46,035	0,36	
46,04	0,37	
46,045	0,38	
46,05	0,39	
46,055	0,4	
46,06	0,41	
46,065	0,42	
46,07	0,43	
46,075	0,44	
46,08	0,45	
46,085	0,45	
46,09	0,46	
46,095	0,47	
46,1	0,47	
46,105	0,48	
46,11	0,48	
46,115	0,49	
46,12	0,5	
46,125	0,5	
46,13	0,51	
46,135	0,51	
46,14	0,52	
46,145	0,52	
46,15	0,53	
46,155	0,53	
46,16	0,54	
46,165	0,54	
46,17	0,54	
46,175	0,54	
46,18	0,54	
46,185	0,54	
46,19	0,54	
46,195	0,55	
46,2	0,55	
46,205	0,55	
46,21	0,55	
46,215	0,55	
46,22	0,55	
46,225	0,55	
46,23	0,54	
46,235	0,54	
46,24	0,54	
46,245	0,54	
46,25	0,54	
46,255	0,53	
46,26	0,53	
46,265	0,53	
46,27	0,52	
46,275	0,51	
46,28	0,5	
46,285	0,5	
46,29	0,49	
46,295	0,49	
46,3	0,49	
46,305	0,48	
46,31	0,47	
46,315	0,46	
46,32	0,45	
46,325	0,44	
46,33	0,44	
46,335	0,43	
46,34	0,43	
46,345	0,42	
46,35	0,41	
46,355	0,4	
46,36	0,39	
46,365	0,38	
46,37	0,37	
46,375	0,35	
46,38	0,34	
46,385	0,33	
46,39	0,32	
46,395	0,31	
46,4	0,3	
46,405	0,29	
46,41	0,28	
46,415	0,27	
46,42	0,26	
46,425	0,24	
46,43	0,23	
46,435	0,22	
46,44	0,21	
46,445	0,2	
46,45	0,18	
46,455	0,17	
46,46	0,15	
46,465	0,14	
46,47	0,13	
46,475	0,12	
46,48	0,11	
46,485	0,1	
46,49	0,08	
46,495	0,07	
46,5	0,06	
46,505	0,04	
46,51	0,03	
46,515	0,02	
46,52	0,01	
46,525	-0,01	
46,53	-0,02	
46,535	-0,03	
46,54	-0,04	
46,545	-0,06	
46,55	-0,07	
46,555	-0,09	
46,56	-0,1	
46,565	-0,11	
46,57	-0,12	
46,575	-0,13	
46,58	-0,15	
46,585	-0,16	
46,59	-0,18	
46,595	-0,19	
46,6	-0,2	
46,605	-0,21	
46,61	-0,22	
46,615	-0,23	
46,62	-0,24	
46,625	-0,26	
46,63	-0,27	
46,635	-0,28	
46,64	-0,29	
46,645	-0,3	
46,65	-0,31	
46,655	-0,32	
46,66	-0,32	
46,665	-0,33	
46,67	-0,34	
46,675	-0,35	
46,68	-0,36	
46,685	-0,37	
46,69	-0,38	
46,695	-0,39	
46,7	-0,39	
46,705	-0,41	
46,71	-0,41	
46,715	-0,42	
46,72	-0,42	
46,725	-0,43	
46,73	-0,43	
46,735	-0,44	
46,74	-0,44	
46,745	-0,45	
46,75	-0,45	
46,755	-0,46	
46,76	-0,46	
46,765	-0,47	
46,77	-0,47	
46,775	-0,48	
46,78	-0,48	
46,785	-0,48	
46,79	-0,48	
46,795	-0,49	
46,8	-0,49	
46,805	-0,49	
46,81	-0,49	
46,815	-0,49	
46,82	-0,49	
46,825	-0,49	
46,83	-0,49	
46,835	-0,49	
46,84	-0,49	
46,845	-0,49	
46,85	-0,49	
46,855	-0,49	
46,86	-0,49	
46,865	-0,49	
46,87	-0,49	
46,875	-0,48	
46,88	-0,48	
46,885	-0,48	
46,89	-0,47	
46,895	-0,47	
46,9	-0,47	
46,905	-0,46	
46,91	-0,46	
46,915	-0,45	
46,92	-0,45	
46,925	-0,44	
46,93	-0,43	
46,935	-0,42	
46,94	-0,42	
46,945	-0,41	
46,95	-0,41	
46,955	-0,4	
46,96	-0,39	
46,965	-0,38	
46,97	-0,37	
46,975	-0,37	
46,98	-0,36	
46,985	-0,35	
46,99	-0,35	
46,995	-0,34	
47,0	-0,33	
47,005	-0,33	
47,01	-0,32	
47,015	-0,31	
47,02	-0,3	
47,025	-0,29	
47,03	-0,28	
47,035	-0,27	
47,04	-0,26	
47,045	-0,25	
47,05	-0,24	
47,055	-0,23	
47,06	-0,22	
47,065	-0,21	
47,07	-0,19	
47,075	-0,19	
47,08	-0,17	
47,085	-0,16	
47,09	-0,15	
47,095	-0,15	
47,1	-0,13	
47,105	-0,12	
47,11	-0,11	
47,115	-0,09	
47,12	-0,08	
47,125	-0,07	
47,13	-0,06	
47,135	-0,05	
47,14	-0,04	
47,145	-0,03	
47,15	-0,02	
47,155	-0,01	
47,16	0,01	
47,165	0,02	
47,17	0,03	
47,175	0,04	
47,18	0,05	
47,185	0,06	
47,19	0,07	
47,195	0,08	
47,2	0,09	
47,205	0,11	
47,21	0,12	
47,215	0,13	
47,22	0,14	
47,225	0,15	
47,23	0,16	
47,235	0,16	
47,24	0,18	
47,245	0,18	
47,25	0,19	
47,255	0,2	
47,26	0,22	
47,265	0,22	
47,27	0,23	
47,275	0,24	
47,28	0,25	
47,285	0,26	
47,29	0,26	
47,295	0,28	
47,3	0,29	
47,305	0,29	
47,31	0,3	
47,315	0,31	
47,32	0,31	
47,325	0,32	
47,33	0,32	
47,335	0,33	
47,34	0,34	
47,345	0,34	
47,35	0,35	
47,355	0,36	
47,36	0,36	
47,365	0,37	
47,37	0,37	
47,375	0,38	
47,38	0,39	
47,385	0,39	
47,39	0,39	
47,395	0,4	
47,4	0,4	
47,405	0,4	
47,41	0,4	
47,415	0,4	
47,42	0,41	
47,425	0,41	
47,43	0,42	
47,435	0,42	
47,44	0,42	
47,445	0,42	
47,45	0,42	
47,455	0,42	
47,46	0,42	
47,465	0,42	
47,47	0,42	
47,475	0,42	
47,48	0,42	
47,485	0,42	
47,49	0,42	
47,495	0,42	
47,5	0,42	
47,505	0,42	
47,51	0,42	
47,515	0,41	
47,52	0,41	
47,525	0,41	
47,53	0,41	
47,535	0,41	
47,54	0,4	
47,545	0,4	
47,55	0,39	
47,555	0,39	
47,56	0,38	
47,565	0,38	
47,57	0,38	
47,575	0,38	
47,58	0,38	
47,585	0,37	
47,59	0,36	
47,595	0,35	
47,6	0,34	
47,605	0,34	
47,61	0,33	
47,615	0,33	
47,62	0,33	
47,625	0,32	
47,63	0,31	
47,635	0,31	
47,64	0,29	
47,645	0,29	
47,65	0,28	
47,655	0,28	
47,66	0,27	
47,665	0,27	
47,67	0,26	
47,675	0,25	
47,68	0,24	
47,685	0,23	
47,69	0,21	
47,695	0,21	
47,7	0,2	
47,705	0,19	
47,71	0,19	
47,715	0,18	
47,72	0,17	
47,725	0,16	
47,73	0,15	
47,735	0,14	
47,74	0,13	
47,745	0,13	
47,75	0,12	
47,755	0,11	
47,76	0,1	
47,765	0,09	
47,77	0,08	
47,775	0,07	
47,78	0,06	
47,785	0,05	
47,79	0,04	
47,795	0,03	
47,8	0,02	
47,805	0,02	
47,81	0,01	
47,815	0	
47,82	-0,01	
47,825	-0,02	
47,83	-0,03	
47,835	-0,04	
47,84	-0,05	
47,845	-0,06	
47,85	-0,07	
47,855	-0,08	
47,86	-0,09	
47,865	-0,1	
47,87	-0,11	
47,875	-0,12	
47,88	-0,12	
47,885	-0,13	
47,89	-0,13	
47,895	-0,14	
47,9	-0,15	
47,905	-0,16	
47,91	-0,17	
47,915	-0,18	
47,92	-0,19	
47,925	-0,19	
47,93	-0,19	
47,935	-0,2	
47,94	-0,21	
47,945	-0,22	
47,95	-0,23	
47,955	-0,24	
47,96	-0,24	
47,965	-0,25	
47,97	-0,25	
47,975	-0,25	
47,98	-0,26	
47,985	-0,27	
47,99	-0,27	
47,995	-0,28	
48,0	-0,29	
48,005	-0,3	
48,01	-0,3	
48,015	-0,31	
48,02	-0,31	
48,025	-0,31	
48,03	-0,32	
48,035	-0,32	
48,04	-0,33	
48,045	-0,33	
48,05	-0,33	
48,055	-0,34	
48,06	-0,34	
48,065	-0,34	
48,07	-0,34	
48,075	-0,35	
48,08	-0,35	
48,085	-0,35	
48,09	-0,36	
48,095	-0,36	
48,1	-0,36	
48,105	-0,36	
48,11	-0,36	
48,115	-0,36	
48,12	-0,36	
48,125	-0,37	
48,13	-0,37	
48,135	-0,37	
48,14	-0,37	
48,145	-0,37	
48,15	-0,36	
48,155	-0,36	
48,16	-0,36	
48,165	-0,36	
48,17	-0,36	
48,175	-0,36	
48,18	-0,36	
48,185	-0,36	
48,19	-0,36	
48,195	-0,36	
48,2	-0,36	
48,205	-0,35	
48,21	-0,35	
48,215	-0,35	
48,22	-0,34	
48,225	-0,34	
48,23	-0,34	
48,235	-0,34	
48,24	-0,33	
48,245	-0,33	
48,25	-0,32	
48,255	-0,32	
48,26	-0,32	
48,265	-0,31	
48,27	-0,31	
48,275	-0,31	
48,28	-0,3	
48,285	-0,29	
48,29	-0,29	
48,295	-0,28	
48,3	-0,27	
48,305	-0,27	
48,31	-0,27	
48,315	-0,26	
48,32	-0,26	
48,325	-0,25	
48,33	-0,24	
48,335	-0,23	
48,34	-0,23	
48,345	-0,21	
48,35	-0,21	
48,355	-0,21	
48,36	-0,2	
48,365	-0,2	
48,37	-0,19	
48,375	-0,19	
48,38	-0,18	
48,385	-0,17	
48,39	-0,16	
48,395	-0,15	
48,4	-0,14	
48,405	-0,14	
48,41	-0,13	
48,415	-0,12	
48,42	-0,12	
48,425	-0,11	
48,43	-0,1	
48,435	-0,09	
48,44	-0,08	
48,445	-0,08	
48,45	-0,07	
48,455	-0,06	
48,46	-0,06	
48,465	-0,05	
48,47	-0,03	
48,475	-0,03	
48,48	-0,02	
48,485	-0,01	
48,49	0	
48,495	0	
48,5	0,01	
48,505	0,02	
48,51	0,03	
48,515	0,04	
48,52	0,04	
48,525	0,05	
48,53	0,06	
48,535	0,06	
48,54	0,07	
48,545	0,08	
48,55	0,09	
48,555	0,09	
48,56	0,1	
48,565	0,11	
48,57	0,12	
48,575	0,13	
48,58	0,13	
48,585	0,14	
48,59	0,15	
48,595	0,16	
48,6	0,17	
48,605	0,18	
48,61	0,19	
48,615	0,19	
48,62	0,2	
48,625	0,2	
48,63	0,21	
48,635	0,21	
48,64	0,22	
48,645	0,23	
48,65	0,24	
48,655	0,24	
48,66	0,25	
48,665	0,25	
48,67	0,26	
48,675	0,26	
48,68	0,27	
48,685	0,27	
48,69	0,28	
48,695	0,29	
48,7	0,3	
48,705	0,3	
48,71	0,3	
48,715	0,3	
48,72	0,3	
48,725	0,31	
48,73	0,31	
48,735	0,32	
48,74	0,32	
48,745	0,33	
48,75	0,33	
48,755	0,33	
48,76	0,34	
48,765	0,33	
48,77	0,34	
48,775	0,34	
48,78	0,34	
48,785	0,34	
48,79	0,35	
48,795	0,35	
48,8	0,36	
48,805	0,35	
48,81	0,35	
48,815	0,35	
48,82	0,35	
48,825	0,35	
48,83	0,35	
48,835	0,35	
48,84	0,35	
48,845	0,36	
48,85	0,35	
48,855	0,35	
48,86	0,35	
48,865	0,35	
48,87	0,35	
48,875	0,36	
48,88	0,36	
48,885	0,36	
48,89	0,35	
48,895	0,35	
48,9	0,34	
48,905	0,34	
48,91	0,33	
48,915	0,33	
48,92	0,33	
48,925	0,33	
48,93	0,33	
48,935	0,33	
48,94	0,32	
48,945	0,31	
48,95	0,31	
48,955	0,31	
48,96	0,3	
48,965	0,3	
48,97	0,3	
48,975	0,29	
48,98	0,28	
48,985	0,28	
48,99	0,27	
48,995	0,27	
49,0	0,26	
49,005	0,26	
49,01	0,26	
49,015	0,25	
49,02	0,25	
49,025	0,24	
49,03	0,23	
49,035	0,22	
49,04	0,21	
49,045	0,21	
49,05	0,2	
49,055	0,2	
49,06	0,19	
49,065	0,18	
49,07	0,18	
49,075	0,16	
49,08	0,16	
49,085	0,15	
49,09	0,14	
49,095	0,14	
49,1	0,14	
49,105	0,13	
49,11	0,12	
49,115	0,11	
49,12	0,1	
49,125	0,09	
49,13	0,08	
49,135	0,07	
49,14	0,06	
49,145	0,05	
49,15	0,04	
49,155	0,04	
49,16	0,03	
49,165	0,02	
49,17	0,01	
49,175	0	
49,18	-0,01	
49,185	-0,02	
49,19	-0,02	
49,195	-0,03	
49,2	-0,04	
49,205	-0,05	
49,21	-0,06	
49,215	-0,07	
49,22	-0,08	
49,225	-0,09	
49,23	-0,1	
49,235	-0,1	
49,24	-0,11	
49,245	-0,12	
49,25	-0,13	
49,255	-0,14	
49,26	-0,15	
49,265	-0,15	
49,27	-0,16	
49,275	-0,17	
49,28	-0,18	
49,285	-0,18	
49,29	-0,2	
49,295	-0,2	
49,3	-0,21	
49,305	-0,22	
49,31	-0,23	
49,315	-0,23	
49,32	-0,24	
49,325	-0,25	
49,33	-0,25	
49,335	-0,26	
49,34	-0,27	
49,345	-0,27	
49,35	-0,28	
49,355	-0,29	
49,36	-0,3	
49,365	-0,3	
49,37	-0,31	
49,375	-0,31	
49,38	-0,31	
49,385	-0,32	
49,39	-0,33	
49,395	-0,33	
49,4	-0,34	
49,405	-0,35	
49,41	-0,35	
49,415	-0,36	
49,42	-0,36	
49,425	-0,37	
49,43	-0,37	
49,435	-0,37	
49,44	-0,38	
49,445	-0,39	
49,45	-0,39	
49,455	-0,39	
49,46	-0,39	
49,465	-0,39	
49,47	-0,39	
49,475	-0,39	
49,48	-0,4	
49,485	-0,4	
49,49	-0,4	
49,495	-0,4	
49,5	-0,4	
49,505	-0,4	
49,51	-0,4	
49,515	-0,4	
49,52	-0,4	
49,525	-0,4	
49,53	-0,4	
49,535	-0,41	
49,54	-0,41	
49,545	-0,4	
49,55	-0,4	
49,555	-0,4	
49,56	-0,39	
49,565	-0,39	
49,57	-0,39	
49,575	-0,39	
49,58	-0,39	
49,585	-0,38	
49,59	-0,38	
49,595	-0,37	
49,6	-0,37	
49,605	-0,36	
49,61	-0,36	
49,615	-0,35	
49,62	-0,35	
49,625	-0,35	
49,63	-0,35	
49,635	-0,34	
49,64	-0,34	
49,645	-0,33	
49,65	-0,32	
49,655	-0,32	
49,66	-0,31	
49,665	-0,31	
49,67	-0,31	
49,675	-0,3	
49,68	-0,29	
49,685	-0,29	
49,69	-0,28	
49,695	-0,26	
49,7	-0,26	
49,705	-0,25	
49,71	-0,24	
49,715	-0,23	
49,72	-0,23	
49,725	-0,22	
49,73	-0,21	
49,735	-0,2	
49,74	-0,19	
49,745	-0,18	
49,75	-0,18	
49,755	-0,17	
49,76	-0,16	
49,765	-0,15	
49,77	-0,14	
49,775	-0,13	
49,78	-0,12	
49,785	-0,11	
49,79	-0,1	
49,795	-0,09	
49,8	-0,08	
49,805	-0,07	
49,81	-0,06	
49,815	-0,05	
49,82	-0,03	
49,825	-0,03	
49,83	-0,01	
49,835	0	
49,84	0	
49,845	0,01	
49,85	0,02	
49,855	0,03	
49,86	0,05	
49,865	0,06	
49,87	0,07	
49,875	0,08	
49,88	0,1	
49,885	0,1	
49,89	0,11	
49,895	0,12	
49,9	0,13	
49,905	0,14	
49,91	0,15	
49,915	0,16	
49,92	0,17	
49,925	0,19	
49,93	0,19	
49,935	0,2	
49,94	0,21	
49,945	0,22	
49,95	0,23	
49,955	0,24	
49,96	0,25	
49,965	0,26	
49,97	0,27	
49,975	0,28	
49,98	0,29	
49,985	0,29	
49,99	0,3	
49,995	0,31	
50,0	0,32	
50,005	0,33	
50,01	0,34	
50,015	0,35	
50,02	0,36	
50,025	0,36	
50,03	0,37	
50,035	0,37	
50,04	0,38	
50,045	0,39	
50,05	0,39	
50,055	0,4	
50,06	0,41	
50,065	0,41	
50,07	0,42	
50,075	0,42	
50,08	0,42	
50,085	0,43	
50,09	0,43	
50,095	0,44	
50,1	0,45	
50,105	0,45	
50,11	0,45	
50,115	0,45	
50,12	0,46	
50,125	0,46	
50,13	0,46	
50,135	0,46	
50,14	0,47	
50,145	0,47	
50,15	0,47	
50,155	0,47	
50,16	0,47	
50,165	0,47	
50,17	0,47	
50,175	0,46	
50,18	0,47	
50,185	0,47	
50,19	0,47	
50,195	0,46	
50,2	0,47	
50,205	0,46	
50,21	0,46	
50,215	0,45	
50,22	0,45	
50,225	0,45	
50,23	0,45	
50,235	0,44	
50,24	0,44	
50,245	0,43	
50,25	0,43	
50,255	0,42	
50,26	0,41	
50,265	0,41	
50,27	0,41	
50,275	0,41	
50,28	0,4	
50,285	0,4	
50,29	0,39	
50,295	0,37	
50,3	0,36	
50,305	0,35	
50,31	0,35	
50,315	0,34	
50,32	0,34	
50,325	0,34	
50,33	0,33	
50,335	0,32	
50,34	0,3	
50,345	0,28	
50,35	0,28	
50,355	0,27	
50,36	0,26	
50,365	0,26	
50,37	0,25	
50,375	0,24	
50,38	0,23	
50,385	0,22	
50,39	0,21	
50,395	0,19	
50,4	0,18	
50,405	0,17	
50,41	0,16	
50,415	0,15	
50,42	0,14	
50,425	0,13	
50,43	0,12	
50,435	0,1	
50,44	0,09	
50,445	0,08	
50,45	0,06	
50,455	0,05	
50,46	0,04	
50,465	0,03	
50,47	0,02	
50,475	0,01	
50,48	-0,01	
50,485	-0,02	
50,49	-0,04	
50,495	-0,05	
50,5	-0,05	
50,505	-0,07	
50,51	-0,08	
50,515	-0,1	
50,52	-0,11	
50,525	-0,13	
50,53	-0,14	
50,535	-0,15	
50,54	-0,16	
50,545	-0,16	
50,55	-0,17	
50,555	-0,18	
50,56	-0,2	
50,565	-0,21	
50,57	-0,23	
50,575	-0,24	
50,58	-0,26	
50,585	-0,27	
50,59	-0,28	
50,595	-0,28	
50,6	-0,29	
50,605	-0,31	
50,61	-0,31	
50,615	-0,33	
50,62	-0,34	
50,625	-0,35	
50,63	-0,35	
50,635	-0,36	
50,64	-0,36	
50,645	-0,37	
50,65	-0,38	
50,655	-0,4	
50,66	-0,41	
50,665	-0,42	
50,67	-0,43	
50,675	-0,43	
50,68	-0,43	
50,685	-0,43	
50,69	-0,44	
50,695	-0,45	
50,7	-0,46	
50,705	-0,47	
50,71	-0,48	
50,715	-0,49	
50,72	-0,48	
50,725	-0,48	
50,73	-0,49	
50,735	-0,49	
50,74	-0,49	
50,745	-0,51	
50,75	-0,51	
50,755	-0,52	
50,76	-0,52	
50,765	-0,52	
50,77	-0,51	
50,775	-0,51	
50,78	-0,51	
50,785	-0,51	
50,79	-0,52	
50,795	-0,53	
50,8	-0,53	
50,805	-0,53	
50,81	-0,52	
50,815	-0,52	
50,82	-0,52	
50,825	-0,51	
50,83	-0,51	
50,835	-0,51	
50,84	-0,51	
50,845	-0,51	
50,85	-0,51	
50,855	-0,5	
50,86	-0,49	
50,865	-0,49	
50,87	-0,48	
50,875	-0,48	
50,88	-0,48	
50,885	-0,48	
50,89	-0,47	
50,895	-0,47	
50,9	-0,46	
50,905	-0,45	
50,91	-0,44	
50,915	-0,43	
50,92	-0,43	
50,925	-0,42	
50,93	-0,41	
50,935	-0,4	
50,94	-0,39	
50,945	-0,38	
50,95	-0,36	
50,955	-0,35	
50,96	-0,35	
50,965	-0,34	
50,97	-0,33	
50,975	-0,33	
50,98	-0,32	
50,985	-0,31	
50,99	-0,29	
50,995	-0,28	
51,0	-0,26	
51,005	-0,25	
51,01	-0,24	
51,015	-0,23	
51,02	-0,22	
51,025	-0,21	
51,03	-0,2	
51,035	-0,18	
51,04	-0,17	
51,045	-0,16	
51,05	-0,14	
51,055	-0,13	
51,06	-0,12	
51,065	-0,11	
51,07	-0,1	
51,075	-0,08	
51,08	-0,06	
51,085	-0,05	
51,09	-0,04	
51,095	-0,02	
51,1	-0,01	
51,105	-0,01	
51,11	0,01	
51,115	0,02	
51,12	0,03	
51,125	0,05	
51,13	0,07	
51,135	0,09	
51,14	0,1	
51,145	0,11	
51,15	0,13	
51,155	0,13	
51,16	0,14	
51,165	0,16	
51,17	0,17	
51,175	0,19	
51,18	0,21	
51,185	0,22	
51,19	0,23	
51,195	0,24	
51,2	0,24	
51,205	0,25	
51,21	0,27	
51,215	0,28	
51,22	0,29	
51,225	0,31	
51,23	0,32	
51,235	0,34	
51,24	0,35	
51,245	0,36	
51,25	0,37	
51,255	0,37	
51,26	0,38	
51,265	0,4	
51,27	0,41	
51,275	0,42	
51,28	0,42	
51,285	0,43	
51,29	0,44	
51,295	0,44	
51,3	0,44	
51,305	0,46	
51,31	0,46	
51,315	0,48	
51,32	0,49	
51,325	0,49	
51,33	0,5	
51,335	0,5	
51,34	0,5	
51,345	0,51	
51,35	0,52	
51,355	0,53	
51,36	0,53	
51,365	0,54	
51,37	0,54	
51,375	0,54	
51,38	0,54	
51,385	0,54	
51,39	0,54	
51,395	0,55	
51,4	0,55	
51,405	0,55	
51,41	0,55	
51,415	0,55	
51,42	0,55	
51,425	0,55	
51,43	0,54	
51,435	0,54	
51,44	0,54	
51,445	0,55	
51,45	0,55	
51,455	0,55	
51,46	0,55	
51,465	0,54	
51,47	0,54	
51,475	0,53	
51,48	0,53	
51,485	0,52	
51,49	0,52	
51,495	0,52	
51,5	0,51	
51,505	0,5	
51,51	0,49	
51,515	0,48	
51,52	0,47	
51,525	0,47	
51,53	0,46	
51,535	0,46	
51,54	0,46	
51,545	0,45	
51,55	0,44	
51,555	0,43	
51,56	0,41	
51,565	0,4	
51,57	0,39	
51,575	0,38	
51,58	0,38	
51,585	0,37	
51,59	0,36	
51,595	0,35	
51,6	0,34	
51,605	0,32	
51,61	0,31	
51,615	0,3	
51,62	0,29	
51,625	0,28	
51,63	0,26	
51,635	0,25	
51,64	0,24	
51,645	0,22	
51,65	0,21	
51,655	0,2	
51,66	0,18	
51,665	0,17	
51,67	0,16	
51,675	0,15	
51,68	0,14	
51,685	0,12	
51,69	0,11	
51,695	0,09	
51,7	0,08	
51,705	0,06	
51,71	0,05	
51,715	0,04	
51,72	0,02	
51,725	0,01	
51,73	0	
51,735	-0,02	
51,74	-0,04	
51,745	-0,05	
51,75	-0,07	
51,755	-0,08	
51,76	-0,09	
51,765	-0,1	
51,77	-0,11	
51,775	-0,13	
51,78	-0,14	
51,785	-0,16	
51,79	-0,17	
51,795	-0,19	
51,8	-0,2	
51,805	-0,21	
51,81	-0,22	
51,815	-0,23	
51,82	-0,25	
51,825	-0,26	
51,83	-0,28	
51,835	-0,29	
51,84	-0,3	
51,845	-0,31	
51,85	-0,32	
51,855	-0,32	
51,86	-0,33	
51,865	-0,34	
51,87	-0,35	
51,875	-0,36	
51,88	-0,38	
51,885	-0,4	
51,89	-0,4	
51,895	-0,41	
51,9	-0,42	
51,905	-0,43	
51,91	-0,44	
51,915	-0,45	
51,92	-0,46	
51,925	-0,46	
51,93	-0,47	
51,935	-0,48	
51,94	-0,48	
51,945	-0,49	
51,95	-0,49	
51,955	-0,5	
51,96	-0,51	
51,965	-0,52	
51,97	-0,52	
51,975	-0,53	
51,98	-0,53	
51,985	-0,54	
51,99	-0,54	
51,995	-0,54	
52,0	-0,54	
52,005	-0,54	
52,01	-0,54	
52,015	-0,55	
52,02	-0,55	
52,025	-0,55	
52,03	-0,55	
52,035	-0,54	
52,04	-0,55	
52,045	-0,54	
52,05	-0,54	
52,055	-0,55	
52,06	-0,55	
52,065	-0,54	
52,07	-0,54	
52,075	-0,54	
52,08	-0,53	
52,085	-0,53	
52,09	-0,53	
52,095	-0,52	
52,1	-0,52	
52,105	-0,52	
52,11	-0,51	
52,115	-0,51	
52,12	-0,5	
52,125	-0,49	
52,13	-0,49	
52,135	-0,48	
52,14	-0,48	
52,145	-0,47	
52,15	-0,47	
52,155	-0,46	
52,16	-0,45	
52,165	-0,44	
52,17	-0,43	
52,175	-0,42	
52,18	-0,41	
52,185	-0,41	
52,19	-0,4	
52,195	-0,39	
52,2	-0,38	
52,205	-0,36	
52,21	-0,35	
52,215	-0,34	
52,22	-0,33	
52,225	-0,32	
52,23	-0,31	
52,235	-0,3	
52,24	-0,29	
52,245	-0,28	
52,25	-0,27	
52,255	-0,26	
52,26	-0,24	
52,265	-0,23	
52,27	-0,21	
52,275	-0,2	
52,28	-0,19	
52,285	-0,18	
52,29	-0,17	
52,295	-0,15	
52,3	-0,14	
52,305	-0,13	
52,31	-0,11	
52,315	-0,1	
52,32	-0,09	
52,325	-0,07	
52,33	-0,06	
52,335	-0,05	
52,34	-0,03	
52,345	-0,02	
52,35	0	
52,355	0,01	
52,36	0,03	
52,365	0,05	
52,37	0,06	
52,375	0,07	
52,38	0,08	
52,385	0,1	
52,39	0,11	
52,395	0,12	
52,4	0,14	
52,405	0,15	
52,41	0,16	
52,415	0,16	
52,42	0,17	
52,425	0,19	
52,43	0,2	
52,435	0,21	
52,44	0,23	
52,445	0,25	
52,45	0,26	
52,455	0,27	
52,46	0,28	
52,465	0,29	
52,47	0,3	
52,475	0,31	
52,48	0,32	
52,485	0,33	
52,49	0,34	
52,495	0,35	
52,5	0,36	
52,505	0,37	
52,51	0,37	
52,515	0,38	
52,52	0,39	
52,525	0,4	
52,53	0,41	
52,535	0,42	
52,54	0,43	
52,545	0,43	
52,55	0,44	
52,555	0,44	
52,56	0,45	
52,565	0,46	
52,57	0,47	
52,575	0,47	
52,58	0,48	
52,585	0,48	
52,59	0,49	
52,595	0,49	
52,6	0,49	
52,605	0,49	
52,61	0,5	
52,615	0,51	
52,62	0,51	
52,625	0,51	
52,63	0,51	
52,635	0,51	
52,64	0,51	
52,645	0,51	
52,65	0,51	
52,655	0,51	
52,66	0,51	
52,665	0,51	
52,67	0,51	
52,675	0,51	
52,68	0,51	
52,685	0,51	
52,69	0,5	
52,695	0,5	
52,7	0,5	
52,705	0,5	
52,71	0,5	
52,715	0,5	
52,72	0,49	
52,725	0,49	
52,73	0,48	
52,735	0,48	
52,74	0,47	
52,745	0,47	
52,75	0,46	
52,755	0,46	
52,76	0,46	
52,765	0,45	
52,77	0,44	
52,775	0,43	
52,78	0,42	
52,785	0,41	
52,79	0,41	
52,795	0,4	
52,8	0,39	
52,805	0,39	
52,81	0,38	
52,815	0,37	
52,82	0,36	
52,825	0,35	
52,83	0,34	
52,835	0,33	
52,84	0,32	
52,845	0,31	
52,85	0,3	
52,855	0,29	
52,86	0,28	
52,865	0,26	
52,87	0,25	
52,875	0,24	
52,88	0,23	
52,885	0,22	
52,89	0,21	
52,895	0,2	
52,9	0,19	
52,905	0,18	
52,91	0,16	
52,915	0,15	
52,92	0,14	
52,925	0,13	
52,93	0,13	
52,935	0,11	
52,94	0,1	
52,945	0,09	
52,95	0,07	
52,955	0,06	
52,96	0,04	
52,965	0,03	
52,97	0,02	
52,975	0,01	
52,98	0,01	
52,985	0	
52,99	-0,02	
52,995	-0,03	
53,0	-0,05	
53,005	-0,06	
53,01	-0,08	
53,015	-0,08	
53,02	-0,09	
53,025	-0,1	
53,03	-0,11	
53,035	-0,13	
53,04	-0,15	
53,045	-0,16	
53,05	-0,17	
53,055	-0,19	
53,06	-0,19	
53,065	-0,2	
53,07	-0,2	
53,075	-0,21	
53,08	-0,22	
53,085	-0,23	
53,09	-0,26	
53,095	-0,27	
53,1	-0,28	
53,105	-0,29	
53,11	-0,29	
53,115	-0,3	
53,12	-0,3	
53,125	-0,31	
53,13	-0,32	
53,135	-0,33	
53,14	-0,34	
53,145	-0,35	
53,15	-0,35	
53,155	-0,36	
53,16	-0,36	
53,165	-0,37	
53,17	-0,38	
53,175	-0,39	
53,18	-0,4	
53,185	-0,4	
53,19	-0,41	
53,195	-0,41	
53,2	-0,42	
53,205	-0,42	
53,21	-0,42	
53,215	-0,43	
53,22	-0,43	
53,225	-0,43	
53,23	-0,44	
53,235	-0,44	
53,24	-0,44	
53,245	-0,44	
53,25	-0,45	
53,255	-0,45	
53,26	-0,45	
53,265	-0,46	
53,27	-0,46	
53,275	-0,47	
53,28	-0,47	
53,285	-0,46	
53,29	-0,46	
53,295	-0,46	
53,3	-0,46	
53,305	-0,46	
53,31	-0,45	
53,315	-0,46	
53,32	-0,46	
53,325	-0,46	
53,33	-0,45	
53,335	-0,45	
53,34	-0,44	
53,345	-0,44	
53,35	-0,43	
53,355	-0,44	
53,36	-0,43	
53,365	-0,43	
53,37	-0,42	
53,375	-0,42	
53,38	-0,41	
53,385	-0,4	
53,39	-0,4	
53,395	-0,4	
53,4	-0,39	
53,405	-0,39	
53,41	-0,39	
53,415	-0,38	
53,42	-0,37	
53,425	-0,36	
53,43	-0,35	
53,435	-0,34	
53,44	-0,33	
53,445	-0,32	
53,45	-0,32	
53,455	-0,31	
53,46	-0,31	
53,465	-0,3	
53,47	-0,29	
53,475	-0,28	
53,48	-0,27	
53,485	-0,26	
53,49	-0,26	
53,495	-0,25	
53,5	-0,24	
53,505	-0,23	
53,51	-0,22	
53,515	-0,21	
53,52	-0,2	
53,525	-0,19	
53,53	-0,18	
53,535	-0,17	
53,54	-0,16	
53,545	-0,16	
53,55	-0,15	
53,555	-0,14	
53,56	-0,12	
53,565	-0,11	
53,57	-0,1	
53,575	-0,09	
53,58	-0,08	
53,585	-0,07	
53,59	-0,06	
53,595	-0,06	
53,6	-0,04	
53,605	-0,03	
53,61	-0,02	
53,615	-0,01	
53,62	0,01	
53,625	0,01	
53,63	0,02	
53,635	0,02	
53,64	0,03	
53,645	0,04	
53,65	0,05	
53,655	0,07	
53,66	0,09	
53,665	0,1	
53,67	0,11	
53,675	0,11	
53,68	0,12	
53,685	0,13	
53,69	0,14	
53,695	0,14	
53,7	0,15	
53,705	0,16	
53,71	0,17	
53,715	0,18	
53,72	0,19	
53,725	0,2	
53,73	0,2	
53,735	0,21	
53,74	0,23	
53,745	0,24	
53,75	0,25	
53,755	0,25	
53,76	0,26	
53,765	0,26	
53,77	0,27	
53,775	0,27	
53,78	0,28	
53,785	0,29	
53,79	0,3	
53,795	0,31	
53,8	0,31	
53,805	0,32	
53,81	0,32	
53,815	0,33	
53,82	0,33	
53,825	0,34	
53,83	0,34	
53,835	0,35	
53,84	0,36	
53,845	0,36	
53,85	0,36	
53,855	0,36	
53,86	0,37	
53,865	0,37	
53,87	0,37	
53,875	0,38	
53,88	0,38	
53,885	0,38	
53,89	0,38	
53,895	0,38	
53,9	0,38	
53,905	0,38	
53,91	0,38	
53,915	0,39	
53,92	0,39	
53,925	0,39	
53,93	0,4	
53,935	0,4	
53,94	0,4	
53,945	0,39	
53,95	0,39	
53,955	0,39	
53,96	0,39	
53,965	0,39	
53,97	0,39	
53,975	0,39	
53,98	0,38	
53,985	0,38	
53,99	0,37	
53,995	0,37	
54,0	0,37	
54,005	0,37	
54,01	0,37	
54,015	0,37	
54,02	0,36	
54,025	0,36	
54,03	0,35	
54,035	0,35	
54,04	0,35	
54,045	0,34	
54,05	0,34	
54,055	0,33	
54,06	0,33	
54,065	0,32	
54,07	0,32	
54,075	0,31	
54,08	0,3	
54,085	0,3	
54,09	0,29	
54,095	0,28	
54,1	0,28	
54,105	0,28	
54,11	0,27	
54,115	0,26	
54,12	0,26	
54,125	0,25	
54,13	0,24	
54,135	0,23	
54,14	0,23	
54,145	0,22	
54,15	0,21	
54,155	0,21	
54,16	0,2	
54,165	0,19	
54,17	0,18	
54,175	0,17	
54,18	0,17	
54,185	0,16	
54,19	0,16	
54,195	0,15	
54,2	0,14	
54,205	0,13	
54,21	0,12	
54,215	0,11	
54,22	0,1	
54,225	0,09	
54,23	0,08	
54,235	0,08	
54,24	0,07	
54,245	0,06	
54,25	0,05	
54,255	0,04	
54,26	0,03	
54,265	0,02	
54,27	0,02	
54,275	0,01	
54,28	0	
54,285	0	
54,29	-0,01	
54,295	-0,02	
54,3	-0,02	
54,305	-0,04	
54,31	-0,05	
54,315	-0,06	
54,32	-0,07	
54,325	-0,08	
54,33	-0,08	
54,335	-0,09	
54,34	-0,1	
54,345	-0,1	
54,35	-0,11	
54,355	-0,12	
54,36	-0,13	
54,365	-0,13	
54,37	-0,14	
54,375	-0,15	
54,38	-0,16	
54,385	-0,17	
54,39	-0,18	
54,395	-0,19	
54,4	-0,19	
54,405	-0,2	
54,41	-0,21	
54,415	-0,21	
54,42	-0,22	
54,425	-0,22	
54,43	-0,22	
54,435	-0,23	
54,44	-0,23	
54,445	-0,24	
54,45	-0,25	
54,455	-0,25	
54,46	-0,26	
54,465	-0,27	
54,47	-0,27	
54,475	-0,28	
54,48	-0,28	
54,485	-0,29	
54,49	-0,29	
54,495	-0,29	
54,5	-0,3	
54,505	-0,3	
54,51	-0,31	
54,515	-0,31	
54,52	-0,31	
54,525	-0,31	
54,53	-0,32	
54,535	-0,32	
54,54	-0,32	
54,545	-0,32	
54,55	-0,33	
54,555	-0,33	
54,56	-0,33	
54,565	-0,33	
54,57	-0,33	
54,575	-0,34	
54,58	-0,34	
54,585	-0,34	
54,59	-0,34	
54,595	-0,34	
54,6	-0,34	
54,605	-0,34	
54,61	-0,34	
54,615	-0,34	
54,62	-0,34	
54,625	-0,34	
54,63	-0,35	
54,635	-0,34	
54,64	-0,34	
54,645	-0,34	
54,65	-0,33	
54,655	-0,33	
54,66	-0,33	
54,665	-0,33	
54,67	-0,33	
54,675	-0,33	
54,68	-0,33	
54,685	-0,32	
54,69	-0,32	
54,695	-0,32	
54,7	-0,32	
54,705	-0,32	
54,71	-0,31	
54,715	-0,31	
54,72	-0,3	
54,725	-0,3	
54,73	-0,3	
54,735	-0,29	
54,74	-0,29	
54,745	-0,28	
54,75	-0,28	
54,755	-0,27	
54,76	-0,27	
54,765	-0,27	
54,77	-0,26	
54,775	-0,26	
54,78	-0,26	
54,785	-0,25	
54,79	-0,24	
54,795	-0,24	
54,8	-0,23	
54,805	-0,23	
54,81	-0,22	
54,815	-0,22	
54,82	-0,21	
54,825	-0,2	
54,83	-0,2	
54,835	-0,19	
54,84	-0,18	
54,845	-0,18	
54,85	-0,17	
54,855	-0,17	
54,86	-0,16	
54,865	-0,15	
54,87	-0,14	
54,875	-0,13	
54,88	-0,12	
54,885	-0,12	
54,89	-0,11	
54,895	-0,11	
54,9	-0,1	
54,905	-0,09	
54,91	-0,09	
54,915	-0,08	
54,92	-0,07	
54,925	-0,06	
54,93	-0,05	
54,935	-0,05	
54,94	-0,04	
54,945	-0,04	
54,95	-0,02	
54,955	-0,01	
54,96	-0,01	
54,965	0,01	
54,97	0,01	
54,975	0,02	
54,98	0,03	
54,985	0,03	
54,99	0,04	
54,995	0,04	
55,0	0,05	
55,005	0,06	
55,01	0,07	
55,015	0,07	
55,02	0,08	
55,025	0,09	
55,03	0,1	
55,035	0,11	
55,04	0,11	
55,045	0,12	
55,05	0,13	
55,055	0,14	
55,06	0,15	
55,065	0,16	
55,07	0,16	
55,075	0,17	
55,08	0,17	
55,085	0,17	
55,09	0,18	
55,095	0,19	
55,1	0,2	
55,105	0,2	
55,11	0,21	
55,115	0,22	
55,12	0,22	
55,125	0,22	
55,13	0,23	
55,135	0,24	
55,14	0,25	
55,145	0,25	
55,15	0,26	
55,155	0,27	
55,16	0,27	
55,165	0,28	
55,17	0,28	
55,175	0,28	
55,18	0,29	
55,185	0,29	
55,19	0,29	
55,195	0,3	
55,2	0,3	
55,205	0,31	
55,21	0,31	
55,215	0,31	
55,22	0,32	
55,225	0,32	
55,23	0,33	
55,235	0,33	
55,24	0,33	
55,245	0,33	
55,25	0,34	
55,255	0,34	
55,26	0,34	
55,265	0,34	
55,27	0,35	
55,275	0,35	
55,28	0,36	
55,285	0,35	
55,29	0,35	
55,295	0,35	
55,3	0,35	
55,305	0,35	
55,31	0,35	
55,315	0,35	
55,32	0,35	
55,325	0,35	
55,33	0,35	
55,335	0,35	
55,34	0,35	
55,345	0,35	
55,35	0,34	
55,355	0,34	
55,36	0,34	
55,365	0,34	
55,37	0,34	
55,375	0,34	
55,38	0,34	
55,385	0,33	
55,39	0,33	
55,395	0,33	
55,4	0,32	
55,405	0,32	
55,41	0,31	
55,415	0,31	
55,42	0,31	
55,425	0,31	
55,43	0,3	
55,435	0,29	
55,44	0,29	
55,445	0,28	
55,45	0,28	
55,455	0,27	
55,46	0,27	
55,465	0,27	
55,47	0,26	
55,475	0,26	
55,48	0,25	
55,485	0,25	
55,49	0,24	
55,495	0,23	
55,5	0,23	
55,505	0,22	
55,51	0,21	
55,515	0,21	
55,52	0,2	
55,525	0,19	
55,53	0,18	
55,535	0,18	
55,54	0,17	
55,545	0,16	
55,55	0,16	
55,555	0,15	
55,56	0,14	
55,565	0,14	
55,57	0,13	
55,575	0,12	
55,58	0,11	
55,585	0,1	
55,59	0,1	
55,595	0,09	
55,6	0,08	
55,605	0,07	
55,61	0,06	
55,615	0,05	
55,62	0,04	
55,625	0,03	
55,63	0,03	
55,635	0,02	
55,64	0,01	
55,645	0	
55,65	-0,01	
55,655	-0,02	
55,66	-0,03	
55,665	-0,03	
55,67	-0,04	
55,675	-0,05	
55,68	-0,06	
55,685	-0,07	
55,69	-0,08	
55,695	-0,09	
55,7	-0,1	
55,705	-0,11	
55,71	-0,12	
55,715	-0,13	
55,72	-0,13	
55,725	-0,14	
55,73	-0,15	
55,735	-0,16	
55,74	-0,16	
55,745	-0,17	
55,75	-0,18	
55,755	-0,19	
55,76	-0,2	
55,765	-0,21	
55,77	-0,21	
55,775	-0,22	
55,78	-0,23	
55,785	-0,24	
55,79	-0,25	
55,795	-0,25	
55,8	-0,26	
55,805	-0,27	
55,81	-0,28	
55,815	-0,28	
55,82	-0,29	
55,825	-0,29	
55,83	-0,3	
55,835	-0,3	
55,84	-0,32	
55,845	-0,32	
55,85	-0,32	
55,855	-0,33	
55,86	-0,33	
55,865	-0,33	
55,87	-0,34	
55,875	-0,34	
55,88	-0,35	
55,885	-0,36	
55,89	-0,36	
55,895	-0,36	
55,9	-0,37	
55,905	-0,37	
55,91	-0,37	
55,915	-0,38	
55,92	-0,38	
55,925	-0,39	
55,93	-0,39	
55,935	-0,39	
55,94	-0,39	
55,945	-0,39	
55,95	-0,39	
55,955	-0,39	
55,96	-0,39	
55,965	-0,4	
55,97	-0,4	
55,975	-0,4	
55,98	-0,4	
55,985	-0,4	
55,99	-0,4	
55,995	-0,4	
56,0	-0,4	
56,005	-0,4	
56,01	-0,4	
56,015	-0,4	
56,02	-0,4	
56,025	-0,4	
56,03	-0,4	
56,035	-0,4	
56,04	-0,39	
56,045	-0,39	
56,05	-0,39	
56,055	-0,38	
56,06	-0,38	
56,065	-0,37	
56,07	-0,37	
56,075	-0,37	
56,08	-0,36	
56,085	-0,35	
56,09	-0,35	
56,095	-0,34	
56,1	-0,34	
56,105	-0,34	
56,11	-0,33	
56,115	-0,33	
56,12	-0,32	
56,125	-0,32	
56,13	-0,31	
56,135	-0,31	
56,14	-0,3	
56,145	-0,29	
56,15	-0,28	
56,155	-0,27	
56,16	-0,27	
56,165	-0,25	
56,17	-0,24	
56,175	-0,24	
56,18	-0,23	
56,185	-0,22	
56,19	-0,21	
56,195	-0,21	
56,2	-0,2	
56,205	-0,19	
56,21	-0,18	
56,215	-0,17	
56,22	-0,16	
56,225	-0,15	
56,23	-0,14	
56,235	-0,14	
56,24	-0,13	
56,245	-0,12	
56,25	-0,11	
56,255	-0,09	
56,26	-0,08	
56,265	-0,07	
56,27	-0,06	
56,275	-0,04	
56,28	-0,04	
56,285	-0,03	
56,29	-0,02	
56,295	-0,01	
56,3	0	
56,305	0,01	
56,31	0,02	
56,315	0,03	
56,32	0,04	
56,325	0,05	
56,33	0,07	
56,335	0,07	
56,34	0,08	
56,345	0,09	
56,35	0,11	
56,355	0,12	
56,36	0,13	
56,365	0,14	
56,37	0,15	
56,375	0,16	
56,38	0,17	
56,385	0,18	
56,39	0,18	
56,395	0,19	
56,4	0,2	
56,405	0,22	
56,41	0,23	
56,415	0,24	
56,42	0,25	
56,425	0,26	
56,43	0,27	
56,435	0,27	
56,44	0,28	
56,445	0,29	
56,45	0,3	
56,455	0,31	
56,46	0,32	
56,465	0,33	
56,47	0,33	
56,475	0,34	
56,48	0,35	
56,485	0,36	
56,49	0,37	
56,495	0,38	
56,5	0,38	
56,505	0,38	
56,51	0,39	
56,515	0,39	
56,52	0,4	
56,525	0,4	
56,53	0,41	
56,535	0,42	
56,54	0,42	
56,545	0,43	
56,55	0,43	
56,555	0,43	
56,56	0,44	
56,565	0,44	
56,57	0,45	
56,575	0,45	
56,58	0,46	
56,585	0,46	
56,59	0,46	
56,595	0,46	
56,6	0,46	
56,605	0,46	
56,61	0,46	
56,615	0,46	
56,62	0,46	
56,625	0,46	
56,63	0,47	
56,635	0,47	
56,64	0,47	
56,645	0,46	
56,65	0,46	
56,655	0,46	
56,66	0,46	
56,665	0,46	
56,67	0,46	
56,675	0,46	
56,68	0,46	
56,685	0,45	
56,69	0,45	
56,695	0,44	
56,7	0,44	
56,705	0,43	
56,71	0,42	
56,715	0,42	
56,72	0,42	
56,725	0,41	
56,73	0,4	
56,735	0,4	
56,74	0,39	
56,745	0,38	
56,75	0,37	
56,755	0,37	
56,76	0,36	
56,765	0,36	
56,77	0,35	
56,775	0,34	
56,78	0,34	
56,785	0,33	
56,79	0,32	
56,795	0,31	
56,8	0,3	
56,805	0,29	
56,81	0,28	
56,815	0,27	
56,82	0,26	
56,825	0,25	
56,83	0,24	
56,835	0,23	
56,84	0,22	
56,845	0,21	
56,85	0,2	
56,855	0,19	
56,86	0,18	
56,865	0,17	
56,87	0,16	
56,875	0,15	
56,88	0,14	
56,885	0,12	
56,89	0,11	
56,895	0,1	
56,9	0,09	
56,905	0,08	
56,91	0,06	
56,915	0,05	
56,92	0,04	
56,925	0,02	
56,93	0,01	
56,935	0	
56,94	-0,01	
56,945	-0,02	
56,95	-0,03	
56,955	-0,05	
56,96	-0,06	
56,965	-0,07	
56,97	-0,08	
56,975	-0,1	
56,98	-0,11	
56,985	-0,12	
56,99	-0,13	
56,995	-0,15	
57,0	-0,16	
57,005	-0,17	
57,01	-0,18	
57,015	-0,19	
57,02	-0,21	
57,025	-0,22	
57,03	-0,23	
57,035	-0,24	
57,04	-0,25	
57,045	-0,26	
57,05	-0,27	
57,055	-0,29	
57,06	-0,3	
57,065	-0,31	
57,07	-0,32	
57,075	-0,32	
57,08	-0,33	
57,085	-0,34	
57,09	-0,35	
57,095	-0,36	
57,1	-0,37	
57,105	-0,37	
57,11	-0,38	
57,115	-0,39	
57,12	-0,4	
57,125	-0,41	
57,13	-0,41	
57,135	-0,42	
57,14	-0,43	
57,145	-0,44	
57,15	-0,45	
57,155	-0,46	
57,16	-0,46	
57,165	-0,47	
57,17	-0,47	
57,175	-0,47	
57,18	-0,47	
57,185	-0,48	
57,19	-0,49	
57,195	-0,49	
57,2	-0,49	
57,205	-0,5	
57,21	-0,5	
57,215	-0,5	
57,22	-0,5	
57,225	-0,51	
57,23	-0,51	
57,235	-0,51	
57,24	-0,51	
57,245	-0,51	
57,25	-0,51	
57,255	-0,51	
57,26	-0,52	
57,265	-0,52	
57,27	-0,51	
57,275	-0,51	
57,28	-0,5	
57,285	-0,5	
57,29	-0,5	
57,295	-0,5	
57,3	-0,5	
57,305	-0,49	
57,31	-0,49	
57,315	-0,49	
57,32	-0,48	
57,325	-0,48	
57,33	-0,48	
57,335	-0,47	
57,34	-0,47	
57,345	-0,46	
57,35	-0,45	
57,355	-0,44	
57,36	-0,44	
57,365	-0,43	
57,37	-0,43	
57,375	-0,43	
57,38	-0,41	
57,385	-0,4	
57,39	-0,39	
57,395	-0,38	
57,4	-0,37	
57,405	-0,37	
57,41	-0,36	
57,415	-0,35	
57,42	-0,35	
57,425	-0,34	
57,43	-0,32	
57,435	-0,31	
57,44	-0,3	
57,445	-0,28	
57,45	-0,27	
57,455	-0,26	
57,46	-0,25	
57,465	-0,24	
57,47	-0,23	
57,475	-0,22	
57,48	-0,21	
57,485	-0,2	
57,49	-0,18	
57,495	-0,17	
57,5	-0,16	
57,505	-0,15	
57,51	-0,14	
57,515	-0,12	
57,52	-0,11	
57,525	-0,1	
57,53	-0,09	
57,535	-0,07	
57,54	-0,05	
57,545	-0,04	
57,55	-0,03	
57,555	-0,02	
57,56	0	
57,565	0,01	
57,57	0,02	
57,575	0,04	
57,58	0,05	
57,585	0,06	
57,59	0,08	
57,595	0,09	
57,6	0,1	
57,605	0,11	
57,61	0,13	
57,615	0,14	
57,62	0,16	
57,625	0,17	
57,63	0,18	
57,635	0,19	
57,64	0,21	
57,645	0,22	
57,65	0,23	
57,655	0,24	
57,66	0,25	
57,665	0,26	
57,67	0,27	
57,675	0,28	
57,68	0,29	
57,685	0,31	
57,69	0,32	
57,695	0,33	
57,7	0,35	
57,705	0,35	
57,71	0,36	
57,715	0,37	
57,72	0,38	
57,725	0,39	
57,73	0,4	
57,735	0,41	
57,74	0,42	
57,745	0,42	
57,75	0,43	
57,755	0,44	
57,76	0,45	
57,765	0,45	
57,77	0,46	
57,775	0,46	
57,78	0,47	
57,785	0,48	
57,79	0,49	
57,795	0,49	
57,8	0,5	
57,805	0,5	
57,81	0,51	
57,815	0,51	
57,82	0,51	
57,825	0,51	
57,83	0,52	
57,835	0,52	
57,84	0,52	
57,845	0,53	
57,85	0,53	
57,855	0,54	
57,86	0,54	
57,865	0,54	
57,87	0,54	
57,875	0,54	
57,88	0,54	
57,885	0,54	
57,89	0,54	
57,895	0,53	
57,9	0,53	
57,905	0,53	
57,91	0,52	
57,915	0,52	
57,92	0,51	
57,925	0,51	
57,93	0,5	
57,935	0,5	
57,94	0,5	
57,945	0,49	
57,95	0,49	
57,955	0,48	
57,96	0,48	
57,965	0,47	
57,97	0,47	
57,975	0,46	
57,98	0,46	
57,985	0,45	
57,99	0,44	
57,995	0,44	
58,0	0,43	
58,005	0,42	
58,01	0,41	
58,015	0,4	
58,02	0,39	
58,025	0,38	
58,03	0,37	
58,035	0,36	
58,04	0,35	
58,045	0,34	
58,05	0,33	
58,055	0,32	
58,06	0,31	
58,065	0,3	
58,07	0,29	
58,075	0,28	
58,08	0,27	
58,085	0,26	
58,09	0,25	
58,095	0,24	
58,1	0,22	
58,105	0,21	
58,11	0,2	
58,115	0,18	
58,12	0,17	
58,125	0,15	
58,13	0,14	
58,135	0,12	
58,14	0,11	
58,145	0,1	
58,15	0,08	
58,155	0,08	
58,16	0,06	
58,165	0,05	
58,17	0,04	
58,175	0,02	
58,18	0,01	
58,185	-0,01	
58,19	-0,02	
58,195	-0,03	
58,2	-0,05	
58,205	-0,06	
58,21	-0,07	
58,215	-0,08	
58,22	-0,09	
58,225	-0,11	
58,23	-0,12	
58,235	-0,14	
58,24	-0,15	
58,245	-0,16	
58,25	-0,17	
58,255	-0,18	
58,26	-0,2	
58,265	-0,21	
58,27	-0,23	
58,275	-0,24	
58,28	-0,26	
58,285	-0,27	
58,29	-0,27	
58,295	-0,28	
58,3	-0,29	
58,305	-0,3	
58,31	-0,31	
58,315	-0,32	
58,32	-0,33	
58,325	-0,35	
58,33	-0,35	
58,335	-0,36	
58,34	-0,37	
58,345	-0,38	
58,35	-0,39	
58,355	-0,4	
58,36	-0,41	
58,365	-0,42	
58,37	-0,43	
58,375	-0,43	
58,38	-0,44	
58,385	-0,45	
58,39	-0,45	
58,395	-0,46	
58,4	-0,46	
58,405	-0,47	
58,41	-0,48	
58,415	-0,49	
58,42	-0,49	
58,425	-0,49	
58,43	-0,5	
58,435	-0,5	
58,44	-0,51	
58,445	-0,51	
58,45	-0,51	
58,455	-0,52	
58,46	-0,52	
58,465	-0,52	
58,47	-0,52	
58,475	-0,52	
58,48	-0,52	
58,485	-0,52	
58,49	-0,52	
58,495	-0,52	
58,5	-0,53	
58,505	-0,53	
58,51	-0,52	
58,515	-0,52	
58,52	-0,52	
58,525	-0,51	
58,53	-0,51	
58,535	-0,51	
58,54	-0,51	
58,545	-0,51	
58,55	-0,5	
58,555	-0,5	
58,56	-0,5	
58,565	-0,49	
58,57	-0,48	
58,575	-0,47	
58,58	-0,47	
58,585	-0,47	
58,59	-0,46	
58,595	-0,46	
58,6	-0,45	
58,605	-0,44	
58,61	-0,44	
58,615	-0,43	
58,62	-0,42	
58,625	-0,41	
58,63	-0,41	
58,635	-0,4	
58,64	-0,39	
58,645	-0,38	
58,65	-0,37	
58,655	-0,36	
58,66	-0,35	
58,665	-0,34	
58,67	-0,32	
58,675	-0,31	
58,68	-0,3	
58,685	-0,3	
58,69	-0,29	
58,695	-0,28	
58,7	-0,26	
58,705	-0,25	
58,71	-0,24	
58,715	-0,23	
58,72	-0,22	
58,725	-0,21	
58,73	-0,2	
58,735	-0,19	
58,74	-0,18	
58,745	-0,16	
58,75	-0,14	
58,755	-0,13	
58,76	-0,12	
58,765	-0,11	
58,77	-0,1	
58,775	-0,08	
58,78	-0,07	
58,785	-0,06	
58,79	-0,05	
58,795	-0,03	
58,8	-0,02	
58,805	-0,01	
58,81	0	
58,815	0,02	
58,82	0,03	
58,825	0,04	
58,83	0,06	
58,835	0,07	
58,84	0,09	
58,845	0,1	
58,85	0,11	
58,855	0,12	
58,86	0,13	
58,865	0,15	
58,87	0,16	
58,875	0,17	
58,88	0,18	
58,885	0,19	
58,89	0,2	
58,895	0,21	
58,9	0,22	
58,905	0,23	
58,91	0,24	
58,915	0,26	
58,92	0,27	
58,925	0,28	
58,93	0,29	
58,935	0,3	
58,94	0,31	
58,945	0,32	
58,95	0,32	
58,955	0,34	
58,96	0,34	
58,965	0,36	
58,97	0,36	
58,975	0,37	
58,98	0,38	
58,985	0,38	
58,99	0,39	
58,995	0,4	
59,0	0,4	
59,005	0,41	
59,01	0,41	
59,015	0,42	
59,02	0,43	
59,025	0,43	
59,03	0,44	
59,035	0,44	
59,04	0,45	
59,045	0,45	
59,05	0,46	
59,055	0,46	
59,06	0,46	
59,065	0,47	
59,07	0,47	
59,075	0,47	
59,08	0,48	
59,085	0,48	
59,09	0,48	
59,095	0,48	
59,1	0,48	
59,105	0,48	
59,11	0,48	
59,115	0,48	
59,12	0,48	
59,125	0,48	
59,13	0,48	
59,135	0,48	
59,14	0,48	
59,145	0,48	
59,15	0,47	
59,155	0,47	
59,16	0,47	
59,165	0,47	
59,17	0,46	
59,175	0,46	
59,18	0,46	
59,185	0,45	
59,19	0,45	
59,195	0,45	
59,2	0,44	
59,205	0,44	
59,21	0,44	
59,215	0,43	
59,22	0,43	
59,225	0,42	
59,23	0,41	
59,235	0,4	
59,24	0,39	
59,245	0,38	
59,25	0,37	
59,255	0,37	
59,26	0,36	
59,265	0,35	
59,27	0,35	
59,275	0,34	
59,28	0,33	
59,285	0,33	
59,29	0,31	
59,295	0,3	
59,3	0,29	
59,305	0,29	
59,31	0,27	
59,315	0,27	
59,32	0,25	
59,325	0,24	
59,33	0,23	
59,335	0,22	
59,34	0,21	
59,345	0,2	
59,35	0,19	
59,355	0,18	
59,36	0,17	
59,365	0,16	
59,37	0,15	
59,375	0,14	
59,38	0,13	
59,385	0,12	
59,39	0,11	
59,395	0,1	
59,4	0,08	
59,405	0,07	
59,41	0,06	
59,415	0,05	
59,42	0,03	
59,425	0,03	
59,43	0,02	
59,435	0,01	
59,44	0	
59,445	-0,01	
59,45	-0,03	
59,455	-0,04	
59,46	-0,05	
59,465	-0,06	
59,47	-0,07	
59,475	-0,08	
59,48	-0,09	
59,485	-0,11	
59,49	-0,12	
59,495	-0,13	
59,5	-0,14	
59,505	-0,15	
59,51	-0,16	
59,515	-0,17	
59,52	-0,18	
59,525	-0,19	
59,53	-0,19	
59,535	-0,2	
59,54	-0,21	
59,545	-0,22	
59,55	-0,23	
59,555	-0,24	
59,56	-0,25	
59,565	-0,26	
59,57	-0,27	
59,575	-0,28	
59,58	-0,29	
59,585	-0,29	
59,59	-0,3	
59,595	-0,31	
59,6	-0,31	
59,605	-0,32	
59,61	-0,33	
59,615	-0,33	
59,62	-0,34	
59,625	-0,35	
59,63	-0,35	
59,635	-0,36	
59,64	-0,37	
59,645	-0,37	
59,65	-0,37	
59,655	-0,38	
59,66	-0,38	
59,665	-0,39	
59,67	-0,39	
59,675	-0,4	
59,68	-0,4	
59,685	-0,4	
59,69	-0,4	
59,695	-0,41	
59,7	-0,41	
59,705	-0,41	
59,71	-0,42	
59,715	-0,42	
59,72	-0,42	
59,725	-0,42	
59,73	-0,42	
59,735	-0,42	
59,74	-0,42	
59,745	-0,42	
59,75	-0,42	
59,755	-0,42	
59,76	-0,42	
59,765	-0,42	
59,77	-0,42	
59,775	-0,42	
59,78	-0,42	
59,785	-0,42	
59,79	-0,41	
59,795	-0,41	
59,8	-0,41	
59,805	-0,4	
59,81	-0,4	
59,815	-0,4	
59,82	-0,4	
59,825	-0,4	
59,83	-0,39	
59,835	-0,39	
59,84	-0,38	
59,845	-0,38	
59,85	-0,37	
59,855	-0,37	
59,86	-0,37	
59,865	-0,36	
59,87	-0,35	
59,875	-0,35	
59,88	-0,34	
59,885	-0,33	
59,89	-0,33	
59,895	-0,32	
59,9	-0,32	
59,905	-0,31	
59,91	-0,3	
59,915	-0,29	
59,92	-0,28	
59,925	-0,28	
59,93	-0,27	
59,935	-0,26	
59,94	-0,26	
59,945	-0,25	
59,95	-0,24	
59,955	-0,23	
59,96	-0,23	
59,965	-0,21	
59,97	-0,21	
59,975	-0,2	
59,98	-0,19	
59,985	-0,18	
59,99	-0,17	
59,995	-0,16	
60,0	-0,15	
60,005	-0,15	
60,01	-0,14	
60,015	-0,13	
60,02	-0,12	
60,025	-0,11	
60,03	-0,1	
60,035	-0,09	
60,04	-0,08	
60,045	-0,07	
60,05	-0,05	
60,055	-0,04	
60,06	-0,03	
60,065	-0,03	
60,07	-0,02	
60,075	-0,01	
60,08	0	
60,085	0	
60,09	0,01	
60,095	0,02	
60,1	0,03	
60,105	0,04	
60,11	0,05	
60,115	0,06	
60,12	0,07	
60,125	0,08	
60,13	0,09	
60,135	0,09	
60,14	0,11	
60,145	0,11	
60,15	0,12	
60,155	0,13	
60,16	0,13	
60,165	0,14	
60,17	0,15	
60,175	0,16	
60,18	0,17	
60,185	0,18	
60,19	0,19	
60,195	0,19	
60,2	0,2	
60,205	0,21	
60,21	0,21	
60,215	0,22	
60,22	0,23	
60,225	0,24	
60,23	0,24	
60,235	0,25	
60,24	0,26	
60,245	0,26	
60,25	0,27	
60,255	0,27	
60,26	0,28	
60,265	0,28	
60,27	0,29	
60,275	0,29	
60,28	0,3	
60,285	0,3	
60,29	0,31	
60,295	0,31	
60,3	0,32	
60,305	0,32	
60,31	0,33	
60,315	0,33	
60,32	0,33	
60,325	0,34	
60,33	0,34	
60,335	0,35	
60,34	0,35	
60,345	0,35	
60,35	0,35	
60,355	0,35	
60,36	0,35	
60,365	0,36	
60,37	0,36	
60,375	0,36	
60,38	0,36	
60,385	0,36	
60,39	0,36	
60,395	0,36	
60,4	0,36	
60,405	0,36	
60,41	0,36	
60,415	0,36	
60,42	0,36	
60,425	0,36	
60,43	0,36	
60,435	0,36	
60,44	0,36	
60,445	0,36	
60,45	0,35	
60,455	0,35	
60,46	0,35	
60,465	0,34	
60,47	0,34	
60,475	0,34	
60,48	0,34	
60,485	0,34	
60,49	0,33	
60,495	0,33	
60,5	0,33	
60,505	0,33	
60,51	0,32	
60,515	0,32	
60,52	0,31	
60,525	0,31	
60,53	0,3	
60,535	0,3	
60,54	0,29	
60,545	0,29	
60,55	0,28	
60,555	0,28	
60,56	0,27	
60,565	0,27	
60,57	0,26	
60,575	0,25	
60,58	0,25	
60,585	0,24	
60,59	0,24	
60,595	0,23	
60,6	0,23	
60,605	0,22	
60,61	0,21	
60,615	0,2	
60,62	0,19	
60,625	0,19	
60,63	0,18	
60,635	0,17	
60,64	0,17	
60,645	0,16	
60,65	0,15	
60,655	0,15	
60,66	0,14	
60,665	0,13	
60,67	0,12	
60,675	0,12	
60,68	0,11	
60,685	0,1	
60,69	0,1	
60,695	0,09	
60,7	0,08	
60,705	0,07	
60,71	0,07	
60,715	0,06	
60,72	0,05	
60,725	0,04	
60,73	0,03	
60,735	0,03	
60,74	0,02	
60,745	0,01	
60,75	0	
60,755	0	
60,76	-0,01	
60,765	-0,02	
60,77	-0,03	
60,775	-0,03	
60,78	-0,04	
60,785	-0,05	
60,79	-0,06	
60,795	-0,07	
60,8	-0,08	
60,805	-0,09	
60,81	-0,09	
60,815	-0,1	
60,82	-0,1	
60,825	-0,1	
60,83	-0,11	
60,835	-0,12	
60,84	-0,13	
60,845	-0,14	
60,85	-0,15	
60,855	-0,16	
60,86	-0,16	
60,865	-0,17	
60,87	-0,17	
60,875	-0,18	
60,88	-0,19	
60,885	-0,19	
60,89	-0,2	
60,895	-0,2	
60,9	-0,21	
60,905	-0,21	
60,91	-0,22	
60,915	-0,22	
60,92	-0,22	
60,925	-0,23	
60,93	-0,24	
60,935	-0,25	
60,94	-0,25	
60,945	-0,26	
60,95	-0,26	
60,955	-0,26	
60,96	-0,27	
60,965	-0,27	
60,97	-0,28	
60,975	-0,28	
60,98	-0,29	
60,985	-0,29	
60,99	-0,29	
60,995	-0,29	
61,0	-0,3	
61,005	-0,3	
61,01	-0,3	
61,015	-0,31	
61,02	-0,32	
61,025	-0,32	
61,03	-0,32	
61,035	-0,32	
61,04	-0,32	
61,045	-0,32	
61,05	-0,32	
61,055	-0,32	
61,06	-0,33	
61,065	-0,32	
61,07	-0,33	
61,075	-0,33	
61,08	-0,33	
61,085	-0,33	
61,09	-0,33	
61,095	-0,32	
61,1	-0,32	
61,105	-0,33	
61,11	-0,33	
61,115	-0,33	
61,12	-0,32	
61,125	-0,32	
61,13	-0,32	
61,135	-0,31	
61,14	-0,31	
61,145	-0,31	
61,15	-0,31	
61,155	-0,32	
61,16	-0,31	
61,165	-0,31	
61,17	-0,31	
61,175	-0,3	
61,18	-0,3	
61,185	-0,3	
61,19	-0,29	
61,195	-0,29	
61,2	-0,29	
61,205	-0,29	
61,21	-0,28	
61,215	-0,28	
61,22	-0,27	
61,225	-0,27	
61,23	-0,27	
61,235	-0,26	
61,24	-0,26	
61,245	-0,26	
61,25	-0,25	
61,255	-0,25	
61,26	-0,24	
61,265	-0,23	
61,27	-0,23	
61,275	-0,22	
61,28	-0,21	
61,285	-0,21	
61,29	-0,2	
61,295	-0,2	
61,3	-0,2	
61,305	-0,19	
61,31	-0,18	
61,315	-0,18	
61,32	-0,17	
61,325	-0,16	
61,33	-0,16	
61,335	-0,15	
61,34	-0,14	
61,345	-0,13	
61,35	-0,13	
61,355	-0,12	
61,36	-0,11	
61,365	-0,1	
61,37	-0,1	
61,375	-0,09	
61,38	-0,08	
61,385	-0,08	
61,39	-0,07	
61,395	-0,06	
61,4	-0,06	
61,405	-0,05	
61,41	-0,04	
61,415	-0,03	
61,42	-0,02	
61,425	-0,02	
61,43	-0,01	
61,435	-0,01	
61,44	0	
61,445	0,01	
61,45	0,02	
61,455	0,03	
61,46	0,04	
61,465	0,05	
61,47	0,05	
61,475	0,06	
61,48	0,07	
61,485	0,07	
61,49	0,08	
61,495	0,08	
61,5	0,1	
61,505	0,11	
61,51	0,11	
61,515	0,12	
61,52	0,13	
61,525	0,13	
61,53	0,14	
61,535	0,15	
61,54	0,15	
61,545	0,16	
61,55	0,17	
61,555	0,17	
61,56	0,18	
61,565	0,18	
61,57	0,19	
61,575	0,2	
61,58	0,21	
61,585	0,21	
61,59	0,22	
61,595	0,22	
61,6	0,23	
61,605	0,24	
61,61	0,24	
61,615	0,25	
61,62	0,25	
61,625	0,26	
61,63	0,26	
61,635	0,26	
61,64	0,27	
61,645	0,27	
61,65	0,28	
61,655	0,28	
61,66	0,29	
61,665	0,3	
61,67	0,3	
61,675	0,31	
61,68	0,31	
61,685	0,32	
61,69	0,32	
61,695	0,32	
61,7	0,32	
61,705	0,32	
61,71	0,32	
61,715	0,33	
61,72	0,33	
61,725	0,33	
61,73	0,33	
61,735	0,34	
61,74	0,34	
61,745	0,34	
61,75	0,35	
61,755	0,35	
61,76	0,35	
61,765	0,35	
61,77	0,35	
61,775	0,35	
61,78	0,35	
61,785	0,35	
61,79	0,35	
61,795	0,34	
61,8	0,34	
61,805	0,34	
61,81	0,34	
61,815	0,35	
61,82	0,35	
61,825	0,34	
61,83	0,34	
61,835	0,34	
61,84	0,33	
61,845	0,33	
61,85	0,33	
61,855	0,33	
61,86	0,33	
61,865	0,33	
61,87	0,33	
61,875	0,32	
61,88	0,32	
61,885	0,31	
61,89	0,3	
61,895	0,31	
61,9	0,3	
61,905	0,3	
61,91	0,29	
61,915	0,29	
61,92	0,28	
61,925	0,27	
61,93	0,27	
61,935	0,27	
61,94	0,26	
61,945	0,26	
61,95	0,25	
61,955	0,25	
61,96	0,24	
61,965	0,23	
61,97	0,23	
61,975	0,22	
61,98	0,22	
61,985	0,21	
61,99	0,2	
61,995	0,19	
62,0	0,18	
62,005	0,17	
62,01	0,16	
62,015	0,16	
62,02	0,15	
62,025	0,15	
62,03	0,14	
62,035	0,13	
62,04	0,13	
62,045	0,12	
62,05	0,11	
62,055	0,09	
62,06	0,09	
62,065	0,07	
62,07	0,07	
62,075	0,06	
62,08	0,05	
62,085	0,04	
62,09	0,04	
62,095	0,03	
62,1	0,02	
62,105	0,01	
62,11	0	
62,115	-0,01	
62,12	-0,02	
62,125	-0,03	
62,13	-0,03	
62,135	-0,04	
62,14	-0,05	
62,145	-0,06	
62,15	-0,07	
62,155	-0,08	
62,16	-0,1	
62,165	-0,1	
62,17	-0,11	
62,175	-0,12	
62,18	-0,12	
62,185	-0,13	
62,19	-0,13	
62,195	-0,14	
62,2	-0,16	
62,205	-0,17	
62,21	-0,17	
62,215	-0,18	
62,22	-0,19	
62,225	-0,2	
62,23	-0,21	
62,235	-0,22	
62,24	-0,23	
62,245	-0,23	
62,25	-0,24	
62,255	-0,25	
62,26	-0,25	
62,265	-0,26	
62,27	-0,27	
62,275	-0,27	
62,28	-0,28	
62,285	-0,29	
62,29	-0,3	
62,295	-0,31	
62,3	-0,31	
62,305	-0,32	
62,31	-0,33	
62,315	-0,33	
62,32	-0,34	
62,325	-0,34	
62,33	-0,34	
62,335	-0,34	
62,34	-0,35	
62,345	-0,35	
62,35	-0,36	
62,355	-0,36	
62,36	-0,36	
62,365	-0,37	
62,37	-0,37	
62,375	-0,38	
62,38	-0,38	
62,385	-0,39	
62,39	-0,39	
62,395	-0,39	
62,4	-0,39	
62,405	-0,39	
62,41	-0,39	
62,415	-0,4	
62,42	-0,4	
62,425	-0,4	
62,43	-0,41	
62,435	-0,4	
62,44	-0,4	
62,445	-0,4	
62,45	-0,4	
62,455	-0,4	
62,46	-0,4	
62,465	-0,41	
62,47	-0,41	
62,475	-0,4	
62,48	-0,4	
62,485	-0,4	
62,49	-0,4	
62,495	-0,39	
62,5	-0,39	
62,505	-0,39	
62,51	-0,38	
62,515	-0,38	
62,52	-0,38	
62,525	-0,38	
62,53	-0,37	
62,535	-0,37	
62,54	-0,36	
62,545	-0,36	
62,55	-0,35	
62,555	-0,35	
62,56	-0,34	
62,565	-0,34	
62,57	-0,34	
62,575	-0,33	
62,58	-0,32	
62,585	-0,32	
62,59	-0,31	
62,595	-0,3	
62,6	-0,29	
62,605	-0,28	
62,61	-0,28	
62,615	-0,28	
62,62	-0,27	
62,625	-0,26	
62,63	-0,25	
62,635	-0,24	
62,64	-0,23	
62,645	-0,23	
62,65	-0,22	
62,655	-0,21	
62,66	-0,2	
62,665	-0,19	
62,67	-0,18	
62,675	-0,17	
62,68	-0,16	
62,685	-0,15	
62,69	-0,14	
62,695	-0,13	
62,7	-0,13	
62,705	-0,12	
62,71	-0,11	
62,715	-0,09	
62,72	-0,08	
62,725	-0,07	
62,73	-0,06	
62,735	-0,05	
62,74	-0,04	
62,745	-0,03	
62,75	-0,02	
62,755	-0,01	
62,76	0	
62,765	0,01	
62,77	0,02	
62,775	0,03	
62,78	0,04	
62,785	0,05	
62,79	0,06	
62,795	0,08	
62,8	0,09	
62,805	0,1	
62,81	0,11	
62,815	0,12	
62,82	0,13	
62,825	0,14	
62,83	0,15	
62,835	0,16	
62,84	0,17	
62,845	0,18	
62,85	0,19	
62,855	0,2	
62,86	0,2	
62,865	0,22	
62,87	0,23	
62,875	0,24	
62,88	0,25	
62,885	0,26	
62,89	0,27	
62,895	0,28	
62,9	0,29	
62,905	0,29	
62,91	0,3	
62,915	0,31	
62,92	0,32	
62,925	0,32	
62,93	0,33	
62,935	0,34	
62,94	0,35	
62,945	0,35	
62,95	0,36	
62,955	0,37	
62,96	0,38	
62,965	0,38	
62,97	0,39	
62,975	0,4	
62,98	0,41	
62,985	0,41	
62,99	0,42	
62,995	0,42	
63,0	0,43	
63,005	0,43	
63,01	0,43	
63,015	0,43	
63,02	0,44	
63,025	0,44	
63,03	0,45	
63,035	0,45	
63,04	0,46	
63,045	0,46	
63,05	0,45	
63,055	0,45	
63,06	0,45	
63,065	0,45	
63,07	0,45	
63,075	0,46	
63,08	0,47	
63,085	0,46	
63,09	0,46	
63,095	0,46	
63,1	0,46	
63,105	0,45	
63,11	0,45	
63,115	0,45	
63,12	0,46	
63,125	0,46	
63,13	0,45	
63,135	0,45	
63,14	0,45	
63,145	0,44	
63,15	0,44	
63,155	0,43	
63,16	0,43	
63,165	0,42	
63,17	0,42	
63,175	0,41	
63,18	0,41	
63,185	0,4	
63,19	0,4	
63,195	0,39	
63,2	0,38	
63,205	0,38	
63,21	0,37	
63,215	0,36	
63,22	0,36	
63,225	0,35	
63,23	0,34	
63,235	0,33	
63,24	0,33	
63,245	0,32	
63,25	0,31	
63,255	0,3	
63,26	0,29	
63,265	0,28	
63,27	0,27	
63,275	0,26	
63,28	0,25	
63,285	0,24	
63,29	0,23	
63,295	0,22	
63,3	0,21	
63,305	0,21	
63,31	0,19	
63,315	0,18	
63,32	0,17	
63,325	0,15	
63,33	0,14	
63,335	0,13	
63,34	0,12	
63,345	0,11	
63,35	0,1	
63,355	0,09	
63,36	0,07	
63,365	0,06	
63,37	0,05	
63,375	0,04	
63,38	0,03	
63,385	0,01	
63,39	0	
63,395	-0,01	
63,4	-0,02	
63,405	-0,03	
63,41	-0,04	
63,415	-0,05	
63,42	-0,07	
63,425	-0,08	
63,43	-0,09	
63,435	-0,1	
63,44	-0,12	
63,445	-0,13	
63,45	-0,14	
63,455	-0,15	
63,46	-0,16	
63,465	-0,18	
63,47	-0,19	
63,475	-0,2	
63,48	-0,21	
63,485	-0,22	
63,49	-0,23	
63,495	-0,24	
63,5	-0,25	
63,505	-0,26	
63,51	-0,27	
63,515	-0,28	
63,52	-0,29	
63,525	-0,31	
63,53	-0,32	
63,535	-0,32	
63,54	-0,33	
63,545	-0,34	
63,55	-0,35	
63,555	-0,36	
63,56	-0,37	
63,565	-0,38	
63,57	-0,39	
63,575	-0,39	
63,58	-0,4	
63,585	-0,41	
63,59	-0,42	
63,595	-0,42	
63,6	-0,43	
63,605	-0,44	
63,61	-0,44	
63,615	-0,45	
63,62	-0,45	
63,625	-0,46	
63,63	-0,46	
63,635	-0,47	
63,64	-0,47	
63,645	-0,47	
63,65	-0,48	
63,655	-0,48	
63,66	-0,48	
63,665	-0,49	
63,67	-0,49	
63,675	-0,49	
63,68	-0,49	
63,685	-0,5	
63,69	-0,5	
63,695	-0,5	
63,7	-0,5	
63,705	-0,5	
63,71	-0,5	
63,715	-0,5	
63,72	-0,5	
63,725	-0,5	
63,73	-0,5	
63,735	-0,5	
63,74	-0,49	
63,745	-0,49	
63,75	-0,49	
63,755	-0,48	
63,76	-0,48	
63,765	-0,47	
63,77	-0,47	
63,775	-0,47	
63,78	-0,47	
63,785	-0,47	
63,79	-0,46	
63,795	-0,46	
63,8	-0,45	
63,805	-0,44	
63,81	-0,43	
63,815	-0,43	
63,82	-0,42	
63,825	-0,42	
63,83	-0,41	
63,835	-0,41	
63,84	-0,4	
63,845	-0,39	
63,85	-0,38	
63,855	-0,37	
63,86	-0,36	
63,865	-0,35	
63,87	-0,34	
63,875	-0,33	
63,88	-0,32	
63,885	-0,31	
63,89	-0,3	
63,895	-0,29	
63,9	-0,28	
63,905	-0,27	
63,91	-0,26	
63,915	-0,25	
63,92	-0,24	
63,925	-0,23	
63,93	-0,22	
63,935	-0,21	
63,94	-0,19	
63,945	-0,18	
63,95	-0,16	
63,955	-0,15	
63,96	-0,14	
63,965	-0,13	
63,97	-0,12	
63,975	-0,11	
63,98	-0,1	
63,985	-0,08	
63,99	-0,07	
63,995	-0,05	
64,0	-0,04	
64,005	-0,03	
64,01	-0,01	
64,015	0	
64,02	0,01	
64,025	0,02	
64,03	0,04	
64,035	0,05	
64,04	0,06	
64,045	0,07	
64,05	0,09	
64,055	0,1	
64,06	0,11	
64,065	0,13	
64,07	0,14	
64,075	0,15	
64,08	0,16	
64,085	0,17	
64,09	0,19	
64,095	0,2	
64,1	0,21	
64,105	0,22	
64,11	0,23	
64,115	0,25	
64,12	0,26	
64,125	0,27	
64,13	0,28	
64,135	0,29	
64,14	0,3	
64,145	0,31	
64,15	0,32	
64,155	0,33	
64,16	0,34	
64,165	0,35	
64,17	0,36	
64,175	0,37	
64,18	0,37	
64,185	0,38	
64,19	0,4	
64,195	0,4	
64,2	0,41	
64,205	0,42	
64,21	0,43	
64,215	0,43	
64,22	0,44	
64,225	0,44	
64,23	0,45	
64,235	0,46	
64,24	0,46	
64,245	0,46	
64,25	0,47	
64,255	0,48	
64,26	0,48	
64,265	0,49	
64,27	0,49	
64,275	0,5	
64,28	0,5	
64,285	0,5	
64,29	0,5	
64,295	0,51	
64,3	0,51	
64,305	0,51	
64,31	0,51	
64,315	0,51	
64,32	0,51	
64,325	0,51	
64,33	0,51	
64,335	0,51	
64,34	0,51	
64,345	0,51	
64,35	0,5	
64,355	0,5	
64,36	0,51	
64,365	0,5	
64,37	0,5	
64,375	0,5	
64,38	0,49	
64,385	0,49	
64,39	0,49	
64,395	0,49	
64,4	0,48	
64,405	0,48	
64,41	0,47	
64,415	0,47	
64,42	0,46	
64,425	0,45	
64,43	0,45	
64,435	0,44	
64,44	0,43	
64,445	0,42	
64,45	0,42	
64,455	0,4	
64,46	0,4	
64,465	0,39	
64,47	0,38	
64,475	0,38	
64,48	0,37	
64,485	0,37	
64,49	0,36	
64,495	0,34	
64,5	0,33	
64,505	0,31	
64,51	0,31	
64,515	0,3	
64,52	0,29	
64,525	0,28	
64,53	0,27	
64,535	0,26	
64,54	0,24	
64,545	0,23	
64,55	0,22	
64,555	0,21	
64,56	0,2	
64,565	0,19	
64,57	0,18	
64,575	0,17	
64,58	0,15	
64,585	0,13	
64,59	0,12	
64,595	0,1	
64,6	0,09	
64,605	0,08	
64,61	0,07	
64,615	0,06	
64,62	0,05	
64,625	0,04	
64,63	0,02	
64,635	0,01	
64,64	0	
64,645	-0,01	
64,65	-0,03	
64,655	-0,04	
64,66	-0,05	
64,665	-0,06	
64,67	-0,07	
64,675	-0,09	
64,68	-0,1	
64,685	-0,12	
64,69	-0,13	
64,695	-0,14	
64,7	-0,15	
64,705	-0,16	
64,71	-0,17	
64,715	-0,19	
64,72	-0,2	
64,725	-0,21	
64,73	-0,23	
64,735	-0,24	
64,74	-0,26	
64,745	-0,26	
64,75	-0,27	
64,755	-0,28	
64,76	-0,29	
64,765	-0,3	
64,77	-0,31	
64,775	-0,32	
64,78	-0,33	
64,785	-0,34	
64,79	-0,35	
64,795	-0,35	
64,8	-0,36	
64,805	-0,37	
64,81	-0,38	
64,815	-0,4	
64,82	-0,4	
64,825	-0,41	
64,83	-0,41	
64,835	-0,42	
64,84	-0,42	
64,845	-0,43	
64,85	-0,44	
64,855	-0,44	
64,86	-0,45	
64,865	-0,46	
64,87	-0,46	
64,875	-0,46	
64,88	-0,46	
64,885	-0,47	
64,89	-0,47	
64,895	-0,47	
64,9	-0,48	
64,905	-0,49	
64,91	-0,49	
64,915	-0,49	
64,92	-0,49	
64,925	-0,49	
64,93	-0,49	
64,935	-0,49	
64,94	-0,49	
64,945	-0,5	
64,95	-0,5	
64,955	-0,5	
64,96	-0,5	
64,965	-0,5	
64,97	-0,49	
64,975	-0,49	
64,98	-0,48	
64,985	-0,48	
64,99	-0,48	
64,995	-0,48	
65,0	-0,48	
65,005	-0,48	
65,01	-0,47	
65,015	-0,47	
65,02	-0,46	
65,025	-0,46	
65,03	-0,45	
65,035	-0,45	
65,04	-0,45	
65,045	-0,44	
65,05	-0,44	
65,055	-0,43	
65,06	-0,42	
65,065	-0,4	
65,07	-0,4	
65,075	-0,39	
65,08	-0,38	
65,085	-0,38	
65,09	-0,37	
65,095	-0,36	
65,1	-0,36	
65,105	-0,35	
65,11	-0,34	
65,115	-0,33	
65,12	-0,32	
65,125	-0,31	
65,13	-0,3	
65,135	-0,29	
65,14	-0,28	
65,145	-0,27	
65,15	-0,26	
65,155	-0,25	
65,16	-0,24	
65,165	-0,22	
65,17	-0,22	
65,175	-0,21	
65,18	-0,2	
65,185	-0,19	
65,19	-0,18	
65,195	-0,17	
65,2	-0,15	
65,205	-0,14	
65,21	-0,13	
65,215	-0,12	
65,22	-0,1	
65,225	-0,09	
65,23	-0,08	
65,235	-0,07	
65,24	-0,06	
65,245	-0,05	
65,25	-0,03	
65,255	-0,02	
65,26	-0,01	
65,265	0	
65,27	0,01	
65,275	0,02	
65,28	0,04	
65,285	0,05	
65,29	0,06	
65,295	0,07	
65,3	0,09	
65,305	0,1	
65,31	0,11	
65,315	0,11	
65,32	0,13	
65,325	0,14	
65,33	0,15	
65,335	0,16	
65,34	0,18	
65,345	0,19	
65,35	0,2	
65,355	0,21	
65,36	0,21	
65,365	0,22	
65,37	0,23	
65,375	0,24	
65,38	0,26	
65,385	0,27	
65,39	0,28	
65,395	0,29	
65,4	0,29	
65,405	0,3	
65,41	0,31	
65,415	0,32	
65,42	0,33	
65,425	0,34	
65,43	0,35	
65,435	0,35	
65,44	0,36	
65,445	0,36	
65,45	0,37	
65,455	0,37	
65,46	0,38	
65,465	0,39	
65,47	0,39	
65,475	0,4	
65,48	0,41	
65,485	0,41	
65,49	0,42	
65,495	0,42	
65,5	0,42	
65,505	0,42	
65,51	0,43	
65,515	0,44	
65,52	0,44	
65,525	0,44	
65,53	0,44	
65,535	0,44	
65,54	0,44	
65,545	0,45	
65,55	0,45	
65,555	0,45	
65,56	0,46	
65,565	0,46	
65,57	0,46	
65,575	0,46	
65,58	0,45	
65,585	0,45	
65,59	0,45	
65,595	0,45	
65,6	0,45	
65,605	0,45	
65,61	0,44	
65,615	0,44	
65,62	0,44	
65,625	0,43	
65,63	0,43	
65,635	0,43	
65,64	0,43	
65,645	0,42	
65,65	0,42	
65,655	0,41	
65,66	0,41	
65,665	0,4	
65,67	0,4	
65,675	0,39	
65,68	0,39	
65,685	0,38	
65,69	0,38	
65,695	0,37	
65,7	0,37	
65,705	0,35	
65,71	0,35	
65,715	0,34	
65,72	0,33	
65,725	0,33	
65,73	0,32	
65,735	0,31	
65,74	0,31	
65,745	0,3	
65,75	0,29	
65,755	0,28	
65,76	0,27	
65,765	0,26	
65,77	0,25	
65,775	0,24	
65,78	0,24	
65,785	0,23	
65,79	0,22	
65,795	0,21	
65,8	0,2	
65,805	0,18	
65,81	0,17	
65,815	0,17	
65,82	0,15	
65,825	0,14	
65,83	0,14	
65,835	0,13	
65,84	0,12	
65,845	0,11	
65,85	0,1	
65,855	0,09	
65,86	0,08	
65,865	0,06	
65,87	0,05	
65,875	0,04	
65,88	0,03	
65,885	0,03	
65,89	0,01	
65,895	0	
65,9	-0,01	
65,905	-0,02	
65,91	-0,03	
65,915	-0,04	
65,92	-0,05	
65,925	-0,06	
65,93	-0,06	
65,935	-0,07	
65,94	-0,09	
65,945	-0,1	
65,95	-0,11	
65,955	-0,12	
65,96	-0,13	
65,965	-0,14	
65,97	-0,15	
65,975	-0,15	
65,98	-0,16	
65,985	-0,17	
65,99	-0,18	
65,995	-0,19	
66,0	-0,2	
66,005	-0,21	
66,01	-0,21	
66,015	-0,22	
66,02	-0,23	
66,025	-0,24	
66,03	-0,25	
66,035	-0,26	
66,04	-0,26	
66,045	-0,27	
66,05	-0,28	
66,055	-0,29	
66,06	-0,29	
66,065	-0,29	
66,07	-0,3	
66,075	-0,31	
66,08	-0,32	
66,085	-0,33	
66,09	-0,34	
66,095	-0,34	
66,1	-0,34	
66,105	-0,34	
66,11	-0,34	
66,115	-0,35	
66,12	-0,35	
66,125	-0,36	
66,13	-0,37	
66,135	-0,37	
66,14	-0,37	
66,145	-0,37	
66,15	-0,37	
66,155	-0,38	
66,16	-0,38	
66,165	-0,38	
66,17	-0,39	
66,175	-0,39	
66,18	-0,39	
66,185	-0,39	
66,19	-0,39	
66,195	-0,39	
66,2	-0,39	
66,205	-0,39	
66,21	-0,39	
66,215	-0,39	
66,22	-0,39	
66,225	-0,39	
66,23	-0,39	
66,235	-0,39	
66,24	-0,39	
66,245	-0,38	
66,25	-0,38	
66,255	-0,38	
66,26	-0,38	
66,265	-0,38	
66,27	-0,38	
66,275	-0,37	
66,28	-0,37	
66,285	-0,36	
66,29	-0,36	
66,295	-0,36	
66,3	-0,35	
66,305	-0,35	
66,31	-0,35	
66,315	-0,34	
66,32	-0,34	
66,325	-0,33	
66,33	-0,33	
66,335	-0,32	
66,34	-0,32	
66,345	-0,32	
66,35	-0,31	
66,355	-0,3	
66,36	-0,29	
66,365	-0,29	
66,37	-0,28	
66,375	-0,27	
66,38	-0,27	
66,385	-0,26	
66,39	-0,26	
66,395	-0,25	
66,4	-0,25	
66,405	-0,24	
66,41	-0,23	
66,415	-0,22	
66,42	-0,21	
66,425	-0,2	
66,43	-0,2	
66,435	-0,19	
66,44	-0,18	
66,445	-0,18	
66,45	-0,17	
66,455	-0,16	
66,46	-0,15	
66,465	-0,14	
66,47	-0,13	
66,475	-0,12	
66,48	-0,11	
66,485	-0,11	
66,49	-0,11	
66,495	-0,1	
66,5	-0,09	
66,505	-0,08	
66,51	-0,07	
66,515	-0,05	
66,52	-0,05	
66,525	-0,04	
66,53	-0,03	
66,535	-0,02	
66,54	-0,02	
66,545	-0,01	
66,55	0	
66,555	0,01	
66,56	0,02	
66,565	0,03	
66,57	0,04	
66,575	0,05	
66,58	0,06	
66,585	0,07	
66,59	0,07	
66,595	0,09	
66,6	0,1	
66,605	0,1	
66,61	0,11	
66,615	0,11	
66,62	0,12	
66,625	0,12	
66,63	0,13	
66,635	0,14	
66,64	0,15	
66,645	0,16	
66,65	0,17	
66,655	0,17	
66,66	0,18	
66,665	0,18	
66,67	0,19	
66,675	0,2	
66,68	0,21	
66,685	0,21	
66,69	0,22	
66,695	0,23	
66,7	0,23	
66,705	0,24	
66,71	0,24	
66,715	0,24	
66,72	0,25	
66,725	0,25	
66,73	0,26	
66,735	0,27	
66,74	0,27	
66,745	0,28	
66,75	0,28	
66,755	0,29	
66,76	0,29	
66,765	0,29	
66,77	0,3	
66,775	0,31	
66,78	0,31	
66,785	0,31	
66,79	0,31	
66,795	0,31	
66,8	0,31	
66,805	0,31	
66,81	0,31	
66,815	0,32	
66,82	0,32	
66,825	0,33	
66,83	0,33	
66,835	0,33	
66,84	0,33	
66,845	0,33	
66,85	0,33	
66,855	0,33	
66,86	0,33	
66,865	0,33	
66,87	0,33	
66,875	0,33	
66,88	0,33	
66,885	0,33	
66,89	0,33	
66,895	0,33	
66,9	0,33	
66,905	0,33	
66,91	0,33	
66,915	0,33	
66,92	0,33	
66,925	0,32	
66,93	0,32	
66,935	0,32	
66,94	0,31	
66,945	0,31	
66,95	0,31	
66,955	0,31	
66,96	0,31	
66,965	0,31	
66,97	0,3	
66,975	0,3	
66,98	0,29	
66,985	0,29	
66,99	0,28	
66,995	0,28	
67,0	0,27	
67,005	0,27	
67,01	0,27	
67,015	0,27	
67,02	0,26	
67,025	0,26	
67,03	0,25	
67,035	0,25	
67,04	0,24	
67,045	0,24	
67,05	0,23	
67,055	0,23	
67,06	0,22	
67,065	0,21	
67,07	0,21	
67,075	0,2	
67,08	0,2	
67,085	0,19	
67,09	0,19	
67,095	0,18	
67,1	0,18	
67,105	0,17	
67,11	0,16	
67,115	0,15	
67,12	0,14	
67,125	0,14	
67,13	0,13	
67,135	0,12	
67,14	0,12	
67,145	0,12	
67,15	0,11	
67,155	0,1	
67,16	0,08	
67,165	0,08	
67,17	0,07	
67,175	0,07	
67,18	0,06	
67,185	0,06	
67,19	0,05	
67,195	0,04	
67,2	0,03	
67,205	0,02	
67,21	0,01	
67,215	0,01	
67,22	0	
67,225	0	
67,23	-0,01	
67,235	-0,02	
67,24	-0,03	
67,245	-0,04	
67,25	-0,04	
67,255	-0,05	
67,26	-0,06	
67,265	-0,07	
67,27	-0,07	
67,275	-0,08	
67,28	-0,08	
67,285	-0,09	
67,29	-0,1	
67,295	-0,1	
67,3	-0,11	
67,305	-0,12	
67,31	-0,13	
67,315	-0,13	
67,32	-0,14	
67,325	-0,14	
67,33	-0,15	
67,335	-0,15	
67,34	-0,16	
67,345	-0,16	
67,35	-0,17	
67,355	-0,18	
67,36	-0,18	
67,365	-0,19	
67,37	-0,2	
67,375	-0,2	
67,38	-0,21	
67,385	-0,22	
67,39	-0,22	
67,395	-0,23	
67,4	-0,23	
67,405	-0,23	
67,41	-0,23	
67,415	-0,24	
67,42	-0,24	
67,425	-0,25	
67,43	-0,26	
67,435	-0,27	
67,44	-0,27	
67,445	-0,27	
67,45	-0,27	
67,455	-0,27	
67,46	-0,27	
67,465	-0,28	
67,47	-0,28	
67,475	-0,29	
67,48	-0,29	
67,485	-0,3	
67,49	-0,3	
67,495	-0,3	
67,5	-0,3	
67,505	-0,31	
67,51	-0,31	
67,515	-0,3	
67,52	-0,31	
67,525	-0,31	
67,53	-0,31	
67,535	-0,31	
67,54	-0,31	
67,545	-0,31	
67,55	-0,31	
67,555	-0,31	
67,56	-0,31	
67,565	-0,32	
67,57	-0,32	
67,575	-0,32	
67,58	-0,32	
67,585	-0,32	
67,59	-0,31	
67,595	-0,31	
67,6	-0,31	
67,605	-0,31	
67,61	-0,31	
67,615	-0,31	
67,62	-0,31	
67,625	-0,3	
67,63	-0,3	
67,635	-0,3	
67,64	-0,3	
67,645	-0,3	
67,65	-0,3	
67,655	-0,29	
67,66	-0,29	
67,665	-0,29	
67,67	-0,28	
67,675	-0,28	
67,68	-0,27	
67,685	-0,27	
67,69	-0,26	
67,695	-0,26	
67,7	-0,26	
67,705	-0,26	
67,71	-0,25	
67,715	-0,25	
67,72	-0,24	
67,725	-0,24	
67,73	-0,23	
67,735	-0,23	
67,74	-0,22	
67,745	-0,22	
67,75	-0,21	
67,755	-0,21	
67,76	-0,2	
67,765	-0,2	
67,77	-0,19	
67,775	-0,18	
67,78	-0,18	
67,785	-0,17	
67,79	-0,17	
67,795	-0,16	
67,8	-0,16	
67,805	-0,15	
67,81	-0,14	
67,815	-0,13	
67,82	-0,12	
67,825	-0,12	
67,83	-0,11	
67,835	-0,11	
67,84	-0,1	
67,845	-0,1	
67,85	-0,09	
67,855	-0,08	
67,86	-0,07	
67,865	-0,07	
67,87	-0,06	
67,875	-0,05	
67,88	-0,04	
67,885	-0,04	
67,89	-0,03	
67,895	-0,02	
67,9	-0,02	
67,905	-0,01	
67,91	0	
67,915	0,01	
67,92	0,02	
67,925	0,03	
67,93	0,03	
67,935	0,04	
67,94	0,05	
67,945	0,05	
67,95	0,06	
67,955	0,07	
67,96	0,07	
67,965	0,08	
67,97	0,09	
67,975	0,1	
67,98	0,11	
67,985	0,12	
67,99	0,12	
67,995	0,13	
68,0	0,14	
68,005	0,14	
68,01	0,15	
68,015	0,16	
68,02	0,16	
68,025	0,17	
68,03	0,17	
68,035	0,18	
68,04	0,19	
68,045	0,19	
68,05	0,2	
68,055	0,21	
68,06	0,21	
68,065	0,22	
68,07	0,22	
68,075	0,23	
68,08	0,24	
68,085	0,24	
68,09	0,25	
68,095	0,26	
68,1	0,26	
68,105	0,26	
68,11	0,27	
68,115	0,27	
68,12	0,28	
68,125	0,28	
68,13	0,29	
68,135	0,3	
68,14	0,3	
68,145	0,3	
68,15	0,31	
68,155	0,31	
68,16	0,31	
68,165	0,31	
68,17	0,32	
68,175	0,32	
68,18	0,33	
68,185	0,33	
68,19	0,33	
68,195	0,33	
68,2	0,34	
68,205	0,34	
68,21	0,34	
68,215	0,34	
68,22	0,35	
68,225	0,35	
68,23	0,35	
68,235	0,35	
68,24	0,35	
68,245	0,34	
68,25	0,34	
68,255	0,35	
68,26	0,35	
68,265	0,35	
68,27	0,35	
68,275	0,35	
68,28	0,35	
68,285	0,34	
68,29	0,34	
68,295	0,34	
68,3	0,34	
68,305	0,34	
68,31	0,34	
68,315	0,33	
68,32	0,33	
68,325	0,33	
68,33	0,33	
68,335	0,32	
68,34	0,32	
68,345	0,31	
68,35	0,31	
68,355	0,31	
68,36	0,3	
68,365	0,3	
68,37	0,29	
68,375	0,29	
68,38	0,28	
68,385	0,28	
68,39	0,27	
68,395	0,27	
68,4	0,27	
68,405	0,26	
68,41	0,26	
68,415	0,25	
68,42	0,25	
68,425	0,24	
68,43	0,23	
68,435	0,22	
68,44	0,22	
68,445	0,21	
68,45	0,2	
68,455	0,2	
68,46	0,19	
68,465	0,18	
68,47	0,18	
68,475	0,17	
68,48	0,16	
68,485	0,15	
68,49	0,15	
68,495	0,14	
68,5	0,13	
68,505	0,12	
68,51	0,11	
68,515	0,1	
68,52	0,09	
68,525	0,09	
68,53	0,08	
68,535	0,07	
68,54	0,07	
68,545	0,06	
68,55	0,05	
68,555	0,04	
68,56	0,03	
68,565	0,01	
68,57	0,01	
68,575	0	
68,58	-0,01	
68,585	-0,02	
68,59	-0,03	
68,595	-0,03	
68,6	-0,04	
68,605	-0,06	
68,61	-0,07	
68,615	-0,08	
68,62	-0,08	
68,625	-0,1	
68,63	-0,1	
68,635	-0,11	
68,64	-0,12	
68,645	-0,12	
68,65	-0,13	
68,655	-0,14	
68,66	-0,15	
68,665	-0,16	
68,67	-0,17	
68,675	-0,18	
68,68	-0,18	
68,685	-0,19	
68,69	-0,2	
68,695	-0,21	
68,7	-0,22	
68,705	-0,23	
68,71	-0,24	
68,715	-0,25	
68,72	-0,26	
68,725	-0,26	
68,73	-0,26	
68,735	-0,27	
68,74	-0,27	
68,745	-0,28	
68,75	-0,29	
68,755	-0,3	
68,76	-0,31	
68,765	-0,31	
68,77	-0,32	
68,775	-0,32	
68,78	-0,33	
68,785	-0,33	
68,79	-0,34	
68,795	-0,34	
68,8	-0,35	
68,805	-0,35	
68,81	-0,36	
68,815	-0,36	
68,82	-0,37	
68,825	-0,37	
68,83	-0,37	
68,835	-0,38	
68,84	-0,38	
68,845	-0,39	
68,85	-0,39	
68,855	-0,39	
68,86	-0,39	
68,865	-0,39	
68,87	-0,4	
68,875	-0,4	
68,88	-0,4	
68,885	-0,4	
68,89	-0,4	
68,895	-0,4	
68,9	-0,4	
68,905	-0,4	
68,91	-0,4	
68,915	-0,4	
68,92	-0,4	
68,925	-0,4	
68,93	-0,4	
68,935	-0,4	
68,94	-0,4	
68,945	-0,4	
68,95	-0,39	
68,955	-0,39	
68,96	-0,38	
68,965	-0,38	
68,97	-0,38	
68,975	-0,38	
68,98	-0,38	
68,985	-0,38	
68,99	-0,38	
68,995	-0,37	
69,0	-0,36	
69,005	-0,36	
69,01	-0,35	
69,015	-0,35	
69,02	-0,34	
69,025	-0,34	
69,03	-0,33	
69,035	-0,33	
69,04	-0,32	
69,045	-0,31	
69,05	-0,3	
69,055	-0,3	
69,06	-0,29	
69,065	-0,29	
69,07	-0,28	
69,075	-0,28	
69,08	-0,27	
69,085	-0,26	
69,09	-0,25	
69,095	-0,24	
69,1	-0,23	
69,105	-0,22	
69,11	-0,21	
69,115	-0,2	
69,12	-0,19	
69,125	-0,18	
69,13	-0,18	
69,135	-0,17	
69,14	-0,15	
69,145	-0,15	
69,15	-0,14	
69,155	-0,13	
69,16	-0,12	
69,165	-0,11	
69,17	-0,1	
69,175	-0,09	
69,18	-0,07	
69,185	-0,06	
69,19	-0,06	
69,195	-0,04	
69,2	-0,04	
69,205	-0,03	
69,21	-0,02	
69,215	-0,01	
69,22	0	
69,225	0,01	
69,23	0,02	
69,235	0,03	
69,24	0,04	
69,245	0,05	
69,25	0,07	
69,255	0,08	
69,26	0,08	
69,265	0,1	
69,27	0,12	
69,275	0,12	
69,28	0,14	
69,285	0,15	
69,29	0,16	
69,295	0,16	
69,3	0,17	
69,305	0,18	
69,31	0,19	
69,315	0,2	
69,32	0,22	
69,325	0,23	
69,33	0,24	
69,335	0,25	
69,34	0,26	
69,345	0,27	
69,35	0,27	
69,355	0,28	
69,36	0,29	
69,365	0,3	
69,37	0,31	
69,375	0,32	
69,38	0,32	
69,385	0,33	
69,39	0,34	
69,395	0,34	
69,4	0,35	
69,405	0,36	
69,41	0,36	
69,415	0,37	
69,42	0,38	
69,425	0,39	
69,43	0,39	
69,435	0,4	
69,44	0,4	
69,445	0,41	
69,45	0,41	
69,455	0,42	
69,46	0,42	
69,465	0,43	
69,47	0,43	
69,475	0,43	
69,48	0,43	
69,485	0,43	
69,49	0,44	
69,495	0,44	
69,5	0,45	
69,505	0,45	
69,51	0,46	
69,515	0,46	
69,52	0,45	
69,525	0,45	
69,53	0,46	
69,535	0,46	
69,54	0,46	
69,545	0,45	
69,55	0,45	
69,555	0,45	
69,56	0,45	
69,565	0,45	
69,57	0,45	
69,575	0,45	
69,58	0,45	
69,585	0,45	
69,59	0,44	
69,595	0,44	
69,6	0,43	
69,605	0,43	
69,61	0,43	
69,615	0,42	
69,62	0,42	
69,625	0,41	
69,63	0,41	
69,635	0,41	
69,64	0,4	
69,645	0,4	
69,65	0,39	
69,655	0,38	
69,66	0,38	
69,665	0,37	
69,67	0,36	
69,675	0,35	
69,68	0,34	
69,685	0,33	
69,69	0,33	
69,695	0,32	
69,7	0,31	
69,705	0,31	
69,71	0,3	
69,715	0,29	
69,72	0,28	
69,725	0,27	
69,73	0,26	
69,735	0,25	
69,74	0,24	
69,745	0,23	
69,75	0,22	
69,755	0,21	
69,76	0,2	
69,765	0,19	
69,77	0,18	
69,775	0,17	
69,78	0,16	
69,785	0,14	
69,79	0,13	
69,795	0,12	
69,8	0,11	
69,805	0,1	
69,81	0,09	
69,815	0,08	
69,82	0,07	
69,825	0,06	
69,83	0,04	
69,835	0,03	
69,84	0,02	
69,845	0,01	
69,85	0	
69,855	-0,02	
69,86	-0,03	
69,865	-0,04	
69,87	-0,06	
69,875	-0,07	
69,88	-0,08	
69,885	-0,09	
69,89	-0,1	
69,895	-0,11	
69,9	-0,13	
69,905	-0,13	
69,91	-0,15	
69,915	-0,16	
69,92	-0,17	
69,925	-0,18	
69,93	-0,19	
69,935	-0,21	
69,94	-0,22	
69,945	-0,22	
69,95	-0,24	
69,955	-0,25	
69,96	-0,26	
69,965	-0,27	
69,97	-0,28	
69,975	-0,29	
69,98	-0,29	
69,985	-0,3	
69,99	-0,32	
69,995	-0,32	
70,0	-0,33	
70,005	-0,34	
70,01	-0,35	
70,015	-0,36	
70,02	-0,37	
70,025	-0,37	
70,03	-0,38	
70,035	-0,39	
70,04	-0,4	
70,045	-0,41	
70,05	-0,42	
70,055	-0,42	
70,06	-0,42	
70,065	-0,43	
70,07	-0,44	
70,075	-0,44	
70,08	-0,45	
70,085	-0,45	
70,09	-0,45	
70,095	-0,46	
70,1	-0,46	
70,105	-0,47	
70,11	-0,47	
70,115	-0,47	
70,12	-0,48	
70,125	-0,48	
70,13	-0,48	
70,135	-0,48	
70,14	-0,48	
70,145	-0,48	
70,15	-0,49	
70,155	-0,48	
70,16	-0,48	
70,165	-0,48	
70,17	-0,48	
70,175	-0,48	
70,18	-0,48	
70,185	-0,49	
70,19	-0,48	
70,195	-0,48	
70,2	-0,48	
70,205	-0,47	
70,21	-0,47	
70,215	-0,47	
70,22	-0,47	
70,225	-0,46	
70,23	-0,46	
70,235	-0,45	
70,24	-0,45	
70,245	-0,44	
70,25	-0,44	
70,255	-0,43	
70,26	-0,43	
70,265	-0,42	
70,27	-0,42	
70,275	-0,41	
70,28	-0,4	
70,285	-0,39	
70,29	-0,39	
70,295	-0,38	
70,3	-0,37	
70,305	-0,37	
70,31	-0,36	
70,315	-0,35	
70,32	-0,34	
70,325	-0,33	
70,33	-0,32	
70,335	-0,31	
70,34	-0,3	
70,345	-0,29	
70,35	-0,28	
70,355	-0,27	
70,36	-0,26	
70,365	-0,25	
70,37	-0,24	
70,375	-0,23	
70,38	-0,22	
70,385	-0,21	
70,39	-0,2	
70,395	-0,18	
70,4	-0,17	
70,405	-0,16	
70,41	-0,15	
70,415	-0,14	
70,42	-0,12	
70,425	-0,11	
70,43	-0,1	
70,435	-0,09	
70,44	-0,08	
70,445	-0,06	
70,45	-0,05	
70,455	-0,04	
70,46	-0,03	
70,465	-0,02	
70,47	-0,01	
70,475	0,02	
70,48	0,03	
70,485	0,04	
70,49	0,05	
70,495	0,06	
70,5	0,07	
70,505	0,08	
70,51	0,09	
70,515	0,11	
70,52	0,12	
70,525	0,13	
70,53	0,15	
70,535	0,16	
70,54	0,17	
70,545	0,18	
70,55	0,19	
70,555	0,21	
70,56	0,22	
70,565	0,23	
70,57	0,24	
70,575	0,25	
70,58	0,26	
70,585	0,27	
70,59	0,28	
70,595	0,29	
70,6	0,3	
70,605	0,31	
70,61	0,32	
70,615	0,33	
70,62	0,34	
70,625	0,34	
70,63	0,35	
70,635	0,36	
70,64	0,37	
70,645	0,38	
70,65	0,39	
70,655	0,4	
70,66	0,41	
70,665	0,41	
70,67	0,42	
70,675	0,42	
70,68	0,43	
70,685	0,43	
70,69	0,43	
70,695	0,44	
70,7	0,45	
70,705	0,46	
70,71	0,46	
70,715	0,46	
70,72	0,47	
70,725	0,47	
70,73	0,48	
70,735	0,48	
70,74	0,49	
70,745	0,49	
70,75	0,49	
70,755	0,49	
70,76	0,49	
70,765	0,49	
70,77	0,49	
70,775	0,49	
70,78	0,49	
70,785	0,49	
70,79	0,49	
70,795	0,49	
70,8	0,49	
70,805	0,49	
70,81	0,49	
70,815	0,48	
70,82	0,48	
70,825	0,48	
70,83	0,48	
70,835	0,47	
70,84	0,47	
70,845	0,46	
70,85	0,46	
70,855	0,45	
70,86	0,45	
70,865	0,44	
70,87	0,44	
70,875	0,44	
70,88	0,43	
70,885	0,43	
70,89	0,42	
70,895	0,41	
70,9	0,4	
70,905	0,39	
70,91	0,39	
70,915	0,38	
70,92	0,37	
70,925	0,37	
70,93	0,36	
70,935	0,35	
70,94	0,34	
70,945	0,33	
70,95	0,32	
70,955	0,31	
70,96	0,3	
70,965	0,29	
70,97	0,28	
70,975	0,27	
70,98	0,27	
70,985	0,26	
70,99	0,24	
70,995	0,23	
71,0	0,22	
71,005	0,21	
71,01	0,2	
71,015	0,19	
71,02	0,18	
71,025	0,17	
71,03	0,16	
71,035	0,14	
71,04	0,12	
71,045	0,11	
71,05	0,1	
71,055	0,09	
71,06	0,08	
71,065	0,07	
71,07	0,06	
71,075	0,05	
71,08	0,03	
71,085	0,02	
71,09	0,01	
71,095	0	
71,1	-0,01	
71,105	-0,02	
71,11	-0,04	
71,115	-0,05	
71,12	-0,06	
71,125	-0,08	
71,13	-0,09	
71,135	-0,11	
71,14	-0,12	
71,145	-0,12	
71,15	-0,13	
71,155	-0,14	
71,16	-0,16	
71,165	-0,16	
71,17	-0,18	
71,175	-0,19	
71,18	-0,2	
71,185	-0,21	
71,19	-0,22	
71,195	-0,23	
71,2	-0,24	
71,205	-0,25	
71,21	-0,26	
71,215	-0,27	
71,22	-0,28	
71,225	-0,29	
71,23	-0,3	
71,235	-0,31	
71,24	-0,32	
71,245	-0,32	
71,25	-0,33	
71,255	-0,34	
71,26	-0,35	
71,265	-0,36	
71,27	-0,37	
71,275	-0,37	
71,28	-0,38	
71,285	-0,39	
71,29	-0,39	
71,295	-0,4	
71,3	-0,4	
71,305	-0,41	
71,31	-0,42	
71,315	-0,43	
71,32	-0,43	
71,325	-0,44	
71,33	-0,44	
71,335	-0,44	
71,34	-0,44	
71,345	-0,44	
71,35	-0,45	
71,355	-0,45	
71,36	-0,45	
71,365	-0,46	
71,37	-0,46	
71,375	-0,46	
71,38	-0,46	
71,385	-0,46	
71,39	-0,46	
71,395	-0,46	
71,4	-0,46	
71,405	-0,46	
71,41	-0,46	
71,415	-0,47	
71,42	-0,47	
71,425	-0,47	
71,43	-0,46	
71,435	-0,46	
71,44	-0,46	
71,445	-0,45	
71,45	-0,46	
71,455	-0,45	
71,46	-0,45	
71,465	-0,45	
71,47	-0,44	
71,475	-0,44	
71,48	-0,43	
71,485	-0,42	
71,49	-0,42	
71,495	-0,41	
71,5	-0,41	
71,505	-0,41	
71,51	-0,4	
71,515	-0,39	
71,52	-0,38	
71,525	-0,37	
71,53	-0,37	
71,535	-0,36	
71,54	-0,35	
71,545	-0,35	
71,55	-0,34	
71,555	-0,33	
71,56	-0,33	
71,565	-0,31	
71,57	-0,31	
71,575	-0,3	
71,58	-0,3	
71,585	-0,29	
71,59	-0,28	
71,595	-0,27	
71,6	-0,26	
71,605	-0,25	
71,61	-0,24	
71,615	-0,23	
71,62	-0,22	
71,625	-0,21	
71,63	-0,2	
71,635	-0,19	
71,64	-0,18	
71,645	-0,16	
71,65	-0,15	
71,655	-0,14	
71,66	-0,13	
71,665	-0,12	
71,67	-0,11	
71,675	-0,1	
71,68	-0,09	
71,685	-0,08	
71,69	-0,06	
71,695	-0,05	
71,7	-0,04	
71,705	-0,03	
71,71	-0,01	
71,715	-0,01	
71,72	0,01	
71,725	0,01	
71,73	0,02	
71,735	0,03	
71,74	0,04	
71,745	0,05	
71,75	0,06	
71,755	0,08	
71,76	0,09	
71,765	0,09	
71,77	0,11	
71,775	0,12	
71,78	0,13	
71,785	0,14	
71,79	0,15	
71,795	0,16	
71,8	0,17	
71,805	0,18	
71,81	0,19	
71,815	0,2	
71,82	0,21	
71,825	0,22	
71,83	0,23	
71,835	0,24	
71,84	0,25	
71,845	0,25	
71,85	0,26	
71,855	0,27	
71,86	0,28	
71,865	0,28	
71,87	0,29	
71,875	0,3	
71,88	0,31	
71,885	0,32	
71,89	0,32	
71,895	0,33	
71,9	0,34	
71,905	0,34	
71,91	0,35	
71,915	0,35	
71,92	0,36	
71,925	0,36	
71,93	0,37	
71,935	0,37	
71,94	0,38	
71,945	0,38	
71,95	0,38	
71,955	0,39	
71,96	0,39	
71,965	0,4	
71,97	0,4	
71,975	0,41	
71,98	0,41	
71,985	0,41	
71,99	0,41	
71,995	0,41	
72,0	0,41	
72,005	0,42	
72,01	0,42	
72,015	0,42	
72,02	0,42	
72,025	0,42	
72,03	0,42	
72,035	0,42	
72,04	0,42	
72,045	0,42	
72,05	0,42	
72,055	0,42	
72,06	0,42	
72,065	0,42	
72,07	0,41	
72,075	0,41	
72,08	0,41	
72,085	0,4	
72,09	0,4	
72,095	0,39	
72,1	0,39	
72,105	0,39	
72,11	0,39	
72,115	0,38	
72,12	0,38	
72,125	0,37	
72,13	0,36	
72,135	0,35	
72,14	0,35	
72,145	0,35	
72,15	0,34	
72,155	0,34	
72,16	0,34	
72,165	0,33	
72,17	0,32	
72,175	0,31	
72,18	0,3	
72,185	0,3	
72,19	0,29	
72,195	0,28	
72,2	0,28	
72,205	0,27	
72,21	0,26	
72,215	0,26	
72,22	0,25	
72,225	0,24	
72,23	0,24	
72,235	0,23	
72,24	0,22	
72,245	0,21	
72,25	0,2	
72,255	0,19	
72,26	0,18	
72,265	0,17	
72,27	0,16	
72,275	0,15	
72,28	0,15	
72,285	0,13	
72,29	0,13	
72,295	0,11	
72,3	0,11	
72,305	0,1	
72,31	0,09	
72,315	0,08	
72,32	0,07	
72,325	0,06	
72,33	0,05	
72,335	0,04	
72,34	0,03	
72,345	0,02	
72,35	0,01	
72,355	0	
72,36	-0,01	
72,365	-0,02	
72,37	-0,03	
72,375	-0,04	
72,38	-0,05	
72,385	-0,06	
72,39	-0,07	
72,395	-0,07	
72,4	-0,08	
72,405	-0,08	
72,41	-0,09	
72,415	-0,1	
72,42	-0,12	
72,425	-0,12	
72,43	-0,13	
72,435	-0,14	
72,44	-0,15	
72,445	-0,15	
72,45	-0,16	
72,455	-0,17	
72,46	-0,18	
72,465	-0,19	
72,47	-0,2	
72,475	-0,21	
72,48	-0,22	
72,485	-0,23	
72,49	-0,23	
72,495	-0,2	
72,5	-0,24	
72,505	-0,25	
72,51	-0,25	
72,515	-0,26	
72,52	-0,26	
72,525	-0,27	
72,53	-0,28	
72,535	-0,28	
72,54	-0,29	
72,545	-0,29	
72,55	-0,3	
72,555	-0,3	
72,56	-0,3	
72,565	-0,31	
72,57	-0,32	
72,575	-0,32	
72,58	-0,33	
72,585	-0,33	
72,59	-0,34	
72,595	-0,34	
72,6	-0,34	
72,605	-0,34	
72,61	-0,34	
72,615	-0,35	
72,62	-0,35	
72,625	-0,35	
72,63	-0,35	
72,635	-0,35	
72,64	-0,35	
72,645	-0,35	
72,65	-0,35	
72,655	-0,35	
72,66	-0,36	
72,665	-0,36	
72,67	-0,36	
72,675	-0,36	
72,68	-0,36	
72,685	-0,36	
72,69	-0,36	
72,695	-0,35	
72,7	-0,35	
72,705	-0,35	
72,71	-0,35	
72,715	-0,35	
72,72	-0,34	
72,725	-0,35	
72,73	-0,34	
72,735	-0,34	
72,74	-0,34	
72,745	-0,33	
72,75	-0,33	
72,755	-0,33	
72,76	-0,33	
72,765	-0,32	
72,77	-0,32	
72,775	-0,31	
72,78	-0,31	
72,785	-0,31	
72,79	-0,3	
72,795	-0,3	
72,8	-0,3	
72,805	-0,29	
72,81	-0,29	
72,815	-0,28	
72,82	-0,27	
72,825	-0,27	
72,83	-0,26	
72,835	-0,25	
72,84	-0,25	
72,845	-0,25	
72,85	-0,24	
72,855	-0,23	
72,86	-0,23	
72,865	-0,22	
72,87	-0,21	
72,875	-0,2	
72,88	-0,2	
72,885	-0,19	
72,89	-0,19	
72,895	-0,18	
72,9	-0,18	
72,905	-0,16	
72,91	-0,16	
72,915	-0,15	
72,92	-0,14	
72,925	-0,13	
72,93	-0,13	
72,935	-0,12	
72,94	-0,11	
72,945	-0,11	
72,95	-0,1	
72,955	-0,09	
72,96	-0,08	
72,965	-0,07	
72,97	-0,07	
72,975	-0,06	
72,98	-0,05	
72,985	-0,04	
72,99	-0,04	
72,995	-0,03	
73,0	-0,02	
73,005	-0,01	
73,01	0	
73,015	0,01	
73,02	0,01	
73,025	0,02	
73,03	0,03	
73,035	0,04	
73,04	0,04	
73,045	0,05	
73,05	0,05	
73,055	0,06	
73,06	0,07	
73,065	0,08	
73,07	0,09	
73,075	0,09	
73,08	0,1	
73,085	0,11	
73,09	0,12	
73,095	0,12	
73,1	0,13	
73,105	0,14	
73,11	0,14	
73,115	0,15	
73,12	0,16	
73,125	0,16	
73,13	0,17	
73,135	0,17	
73,14	0,18	
73,145	0,19	
73,15	0,19	
73,155	0,2	
73,16	0,2	
73,165	0,21	
73,17	0,21	
73,175	0,22	
73,18	0,23	
73,185	0,23	
73,19	0,23	
73,195	0,24	
73,2	0,24	
73,205	0,25	
73,21	0,25	
73,215	0,25	
73,22	0,26	
73,225	0,27	
73,23	0,27	
73,235	0,28	
73,24	0,28	
73,245	0,28	
73,25	0,29	
73,255	0,29	
73,26	0,29	
73,265	0,29	
73,27	0,29	
73,275	0,29	
73,28	0,29	
73,285	0,3	
73,29	0,3	
73,295	0,3	
73,3	0,3	
73,305	0,3	
73,31	0,3	
73,315	0,31	
73,32	0,31	
73,325	0,31	
73,33	0,31	
73,335	0,31	
73,34	0,31	
73,345	0,31	
73,35	0,31	
73,355	0,31	
73,36	0,31	
73,365	0,31	
73,37	0,31	
73,375	0,31	
73,38	0,31	
73,385	0,31	
73,39	0,31	
73,395	0,31	
73,4	0,3	
73,405	0,3	
73,41	0,3	
73,415	0,3	
73,42	0,3	
73,425	0,29	
73,43	0,29	
73,435	0,29	
73,44	0,28	
73,445	0,28	
73,45	0,28	
73,455	0,27	
73,46	0,27	
73,465	0,27	
73,47	0,26	
73,475	0,26	
73,48	0,25	
73,485	0,25	
73,49	0,25	
73,495	0,25	
73,5	0,24	
73,505	0,24	
73,51	0,23	
73,515	0,22	
73,52	0,21	
73,525	0,21	
73,53	0,2	
73,535	0,2	
73,54	0,2	
73,545	0,2	
73,55	0,19	
73,555	0,18	
73,56	0,18	
73,565	0,17	
73,57	0,17	
73,575	0,16	
73,58	0,15	
73,585	0,15	
73,59	0,14	
73,595	0,13	
73,6	0,13	
73,605	0,12	
73,61	0,11	
73,615	0,11	
73,62	0,1	
73,625	0,09	
73,63	0,09	
73,635	0,08	
73,64	0,07	
73,645	0,07	
73,65	0,06	
73,655	0,05	
73,66	0,05	
73,665	0,04	
73,67	0,03	
73,675	0,03	
73,68	0,02	
73,685	0,02	
73,69	0,01	
73,695	0	
73,7	-0,01	
73,705	-0,01	
73,71	-0,03	
73,715	-0,03	
73,72	-0,04	
73,725	-0,05	
73,73	-0,05	
73,735	-0,06	
73,74	-0,06	
73,745	-0,07	
73,75	-0,08	
73,755	-0,08	
73,76	-0,09	
73,765	-0,1	
73,77	-0,1	
73,775	-0,11	
73,78	-0,11	
73,785	-0,12	
73,79	-0,13	
73,795	-0,14	
73,8	-0,15	
73,805	-0,15	
73,81	-0,15	
73,815	-0,16	
73,82	-0,16	
73,825	-0,17	
73,83	-0,18	
73,835	-0,18	
73,84	-0,19	
73,845	-0,19	
73,85	-0,19	
73,855	-0,19	
73,86	-0,2	
73,865	-0,2	
73,87	-0,21	
73,875	-0,22	
73,88	-0,23	
73,885	-0,24	
73,89	-0,24	
73,895	-0,25	
73,9	-0,25	
73,905	-0,25	
73,91	-0,25	
73,915	-0,26	
73,92	-0,26	
73,925	-0,26	
73,93	-0,27	
73,935	-0,27	
73,94	-0,27	
73,945	-0,27	
73,95	-0,27	
73,955	-0,28	
73,96	-0,28	
73,965	-0,29	
73,97	-0,29	
73,975	-0,3	
73,98	-0,3	
73,985	-0,3	
73,99	-0,3	
73,995	-0,3	
74,0	-0,3	
74,005	-0,3	
74,01	-0,3	
74,015	-0,3	
74,02	-0,31	
74,025	-0,31	
74,03	-0,31	
74,035	-0,3	
74,04	-0,3	
74,045	-0,3	
74,05	-0,3	
74,055	-0,3	
74,06	-0,31	
74,065	-0,3	
74,07	-0,31	
74,075	-0,3	
74,08	-0,3	
74,085	-0,3	
74,09	-0,3	
74,095	-0,3	
74,1	-0,3	
74,105	-0,3	
74,11	-0,29	
74,115	-0,29	
74,12	-0,29	
74,125	-0,28	
74,13	-0,28	
74,135	-0,28	
74,14	-0,28	
74,145	-0,27	
74,15	-0,27	
74,155	-0,27	
74,16	-0,27	
74,165	-0,26	
74,17	-0,25	
74,175	-0,25	
74,18	-0,25	
74,185	-0,24	
74,19	-0,24	
74,195	-0,24	
74,2	-0,23	
74,205	-0,23	
74,21	-0,22	
74,215	-0,22	
74,22	-0,21	
74,225	-0,2	
74,23	-0,2	
74,235	-0,2	
74,24	-0,19	
74,245	-0,18	
74,25	-0,18	
74,255	-0,18	
74,26	-0,17	
74,265	-0,16	
74,27	-0,16	
74,275	-0,15	
74,28	-0,14	
74,285	-0,13	
74,29	-0,12	
74,295	-0,12	
74,3	-0,11	
74,305	-0,1	
74,31	-0,1	
74,315	-0,09	
74,32	-0,09	
74,325	-0,08	
74,33	-0,07	
74,335	-0,07	
74,34	-0,06	
74,345	-0,05	
74,35	-0,05	
74,355	-0,07	
74,36	-0,03	
74,365	-0,02	
74,37	-0,01	
74,375	-0,01	
74,38	0	
74,385	0,01	
74,39	0,02	
74,395	0,03	
74,4	0,04	
74,405	0,05	
74,41	0,06	
74,415	0,06	
74,42	0,06	
74,425	0,07	
74,43	0,08	
74,435	0,08	
74,44	0,1	
74,445	0,11	
74,45	0,11	
74,455	0,12	
74,46	0,13	
74,465	0,13	
74,47	0,14	
74,475	0,15	
74,48	0,15	
74,485	0,16	
74,49	0,17	
74,495	0,17	
74,5	0,18	
74,505	0,18	
74,51	0,19	
74,515	0,2	
74,52	0,21	
74,525	0,21	
74,53	0,22	
74,535	0,23	
74,54	0,24	
74,545	0,24	
74,55	0,25	
74,555	0,25	
74,56	0,25	
74,565	0,26	
74,57	0,26	
74,575	0,27	
74,58	0,27	
74,585	0,28	
74,59	0,29	
74,595	0,29	
74,6	0,29	
74,605	0,29	
74,61	0,3	
74,615	0,3	
74,62	0,31	
74,625	0,31	
74,63	0,31	
74,635	0,32	
74,64	0,32	
74,645	0,33	
74,65	0,33	
74,655	0,33	
74,66	0,34	
74,665	0,34	
74,67	0,34	
74,675	0,34	
74,68	0,34	
74,685	0,34	
74,69	0,34	
74,695	0,34	
74,7	0,35	
74,705	0,35	
74,71	0,35	
74,715	0,35	
74,72	0,35	
74,725	0,35	
74,73	0,35	
74,735	0,35	
74,74	0,35	
74,745	0,35	
74,75	0,35	
74,755	0,35	
74,76	0,35	
74,765	0,34	
74,77	0,34	
74,775	0,33	
74,78	0,33	
74,785	0,33	
74,79	0,33	
74,795	0,33	
74,8	0,33	
74,805	0,32	
74,81	0,32	
74,815	0,31	
74,82	0,31	
74,825	0,3	
74,83	0,3	
74,835	0,3	
74,84	0,29	
74,845	0,29	
74,85	0,28	
74,855	0,28	
74,86	0,27	
74,865	0,26	
74,87	0,26	
74,875	0,26	
74,88	0,25	
74,885	0,25	
74,89	0,24	
74,895	0,23	
74,9	0,23	
74,905	0,22	
74,91	0,21	
74,915	0,2	
74,92	0,2	
74,925	0,19	
74,93	0,18	
74,935	0,17	
74,94	0,16	
74,945	0,16	
74,95	0,15	
74,955	0,14	
74,96	0,13	
74,965	0,13	
74,97	0,12	
74,975	0,11	
74,98	0,1	
74,985	0,09	
74,99	0,09	
74,995	0,08	
75,0	0,07	
75,005	0,05	
75,01	0,04	
75,015	0,03	
75,02	0,03	
75,025	0,02	
75,03	0,01	
75,035	0	
75,04	-0,01	
75,045	-0,01	
75,05	-0,02	
75,055	-0,03	
75,06	-0,04	
75,065	-0,05	
75,07	-0,06	
75,075	-0,07	
75,08	-0,08	
75,085	-0,09	
75,09	-0,1	
75,095	-0,11	
75,1	-0,11	
75,105	-0,12	
75,11	-0,13	
75,115	-0,14	
75,12	-0,15	
75,125	-0,16	
75,13	-0,17	
75,135	-0,18	
75,14	-0,19	
75,145	-0,19	
75,15	-0,2	
75,155	-0,21	
75,16	-0,21	
75,165	-0,23	
75,17	-0,24	
75,175	-0,24	
75,18	-0,25	
75,185	-0,26	
75,19	-0,26	
75,195	-0,27	
75,2	-0,27	
75,205	-0,28	
75,21	-0,29	
75,215	-0,29	
75,22	-0,31	
75,225	-0,31	
75,23	-0,32	
75,235	-0,32	
75,24	-0,33	
75,245	-0,34	
75,25	-0,34	
75,255	-0,35	
75,26	-0,35	
75,265	-0,36	
75,27	-0,36	
75,275	-0,37	
75,28	-0,37	
75,285	-0,37	
75,29	-0,37	
75,295	-0,38	
75,3	-0,38	
75,305	-0,38	
75,31	-0,39	
75,315	-0,39	
75,32	-0,39	
75,325	-0,4	
75,33	-0,4	
75,335	-0,4	
75,34	-0,4	
75,345	-0,4	
75,35	-0,41	
75,355	-0,41	
75,36	-0,41	
75,365	-0,41	
75,37	-0,41	
75,375	-0,41	
75,38	-0,41	
75,385	-0,4	
75,39	-0,4	
75,395	-0,4	
75,4	-0,4	
75,405	-0,4	
75,41	-0,39	
75,415	-0,39	
75,42	-0,39	
75,425	-0,38	
75,43	-0,38	
75,435	-0,38	
75,44	-0,38	
75,445	-0,37	
75,45	-0,37	
75,455	-0,37	
75,46	-0,36	
75,465	-0,36	
75,47	-0,35	
75,475	-0,35	
75,48	-0,34	
75,485	-0,34	
75,49	-0,33	
75,495	-0,33	
75,5	-0,32	
75,505	-0,31	
75,51	-0,3	
75,515	-0,29	
75,52	-0,29	
75,525	-0,28	
75,53	-0,28	
75,535	-0,27	
75,54	-0,26	
75,545	-0,26	
75,55	-0,25	
75,555	-0,24	
75,56	-0,23	
75,565	-0,22	
75,57	-0,21	
75,575	-0,2	
75,58	-0,19	
75,585	-0,19	
75,59	-0,18	
75,595	-0,17	
75,6	-0,16	
75,605	-0,14	
75,61	-0,13	
75,615	-0,12	
75,62	-0,12	
75,625	-0,11	
75,63	-0,1	
75,635	-0,09	
75,64	-0,07	
75,645	-0,06	
75,65	-0,05	
75,655	-0,04	
75,66	-0,03	
75,665	-0,02	
75,67	-0,01	
75,675	0	
75,68	0,01	
75,685	0,02	
75,69	0,03	
75,695	0,04	
75,7	0,05	
75,705	0,06	
75,71	0,07	
75,715	0,08	
75,72	0,09	
75,725	0,1	
75,73	0,12	
75,735	0,13	
75,74	0,14	
75,745	0,15	
75,75	0,16	
75,755	0,16	
75,76	0,18	
75,765	0,18	
75,77	0,19	
75,775	0,2	
75,78	0,22	
75,785	0,22	
75,79	0,23	
75,795	0,24	
75,8	0,25	
75,805	0,26	
75,81	0,28	
75,815	0,29	
75,82	0,29	
75,825	0,3	
75,83	0,31	
75,835	0,32	
75,84	0,32	
75,845	0,33	
75,85	0,34	
75,855	0,35	
75,86	0,35	
75,865	0,36	
75,87	0,37	
75,875	0,37	
75,88	0,38	
75,885	0,39	
75,89	0,39	
75,895	0,39	
75,9	0,4	
75,905	0,4	
75,91	0,41	
75,915	0,41	
75,92	0,42	
75,925	0,42	
75,93	0,43	
75,935	0,43	
75,94	0,43	
75,945	0,43	
75,95	0,44	
75,955	0,44	
75,96	0,44	
75,965	0,44	
75,97	0,45	
75,975	0,45	
75,98	0,45	
75,985	0,45	
75,99	0,45	
75,995	0,45	
76,0	0,45	
76,005	0,45	
76,01	0,45	
76,015	0,45	
76,02	0,45	
76,025	0,44	
76,03	0,44	
76,035	0,44	
76,04	0,44	
76,045	0,43	
76,05	0,43	
76,055	0,43	
76,06	0,42	
76,065	0,41	
76,07	0,41	
76,075	0,41	
76,08	0,4	
76,085	0,4	
76,09	0,4	
76,095	0,39	
76,1	0,39	
76,105	0,38	
76,11	0,38	
76,115	0,37	
76,12	0,36	
76,125	0,35	
76,13	0,35	
76,135	0,33	
76,14	0,32	
76,145	0,32	
76,15	0,31	
76,155	0,3	
76,16	0,3	
76,165	0,29	
76,17	0,28	
76,175	0,27	
76,18	0,26	
76,185	0,26	
76,19	0,25	
76,195	0,24	
76,2	0,22	
76,205	0,21	
76,21	0,2	
76,215	0,19	
76,22	0,18	
76,225	0,17	
76,23	0,17	
76,235	0,16	
76,24	0,14	
76,245	0,13	
76,25	0,12	
76,255	0,11	
76,26	0,1	
76,265	0,09	
76,27	0,08	
76,275	0,07	
76,28	0,06	
76,285	0,05	
76,29	0,03	
76,295	0,02	
76,3	0	
76,305	-0,01	
76,31	-0,03	
76,315	-0,04	
76,32	-0,04	
76,325	-0,05	
76,33	-0,07	
76,335	-0,08	
76,34	-0,09	
76,345	-0,1	
76,35	-0,11	
76,355	-0,12	
76,36	-0,14	
76,365	-0,14	
76,37	-0,15	
76,375	-0,16	
76,38	-0,18	
76,385	-0,19	
76,39	-0,2	
76,395	-0,21	
76,4	-0,22	
76,405	-0,23	
76,41	-0,24	
76,415	-0,25	
76,42	-0,25	
76,425	-0,26	
76,43	-0,27	
76,435	-0,29	
76,44	-0,3	
76,445	-0,31	
76,45	-0,32	
76,455	-0,32	
76,46	-0,33	
76,465	-0,34	
76,47	-0,35	
76,475	-0,35	
76,48	-0,37	
76,485	-0,37	
76,49	-0,38	
76,495	-0,39	
76,5	-0,39	
76,505	-0,4	
76,51	-0,4	
76,515	-0,4	
76,52	-0,41	
76,525	-0,42	
76,53	-0,42	
76,535	-0,43	
76,54	-0,44	
76,545	-0,45	
76,55	-0,45	
76,555	-0,45	
76,56	-0,45	
76,565	-0,46	
76,57	-0,46	
76,575	-0,46	
76,58	-0,47	
76,585	-0,47	
76,59	-0,47	
76,595	-0,47	
76,6	-0,47	
76,605	-0,47	
76,61	-0,47	
76,615	-0,47	
76,62	-0,47	
76,625	-0,47	
76,63	-0,47	
76,635	-0,47	
76,64	-0,47	
76,645	-0,46	
76,65	-0,46	
76,655	-0,46	
76,66	-0,46	
76,665	-0,46	
76,67	-0,46	
76,675	-0,45	
76,68	-0,45	
76,685	-0,44	
76,69	-0,44	
76,695	-0,43	
76,7	-0,43	
76,705	-0,43	
76,71	-0,42	
76,715	-0,42	
76,72	-0,41	
76,725	-0,4	
76,73	-0,39	
76,735	-0,39	
76,74	-0,38	
76,745	-0,37	
76,75	-0,37	
76,755	-0,36	
76,76	-0,36	
76,765	-0,35	
76,77	-0,34	
76,775	-0,33	
76,78	-0,32	
76,785	-0,3	
76,79	-0,3	
76,795	-0,29	
76,8	-0,28	
76,805	-0,27	
76,81	-0,26	
76,815	-0,25	
76,82	-0,24	
76,825	-0,23	
76,83	-0,22	
76,835	-0,21	
76,84	-0,2	
76,845	-0,19	
76,85	-0,18	
76,855	-0,16	
76,86	-0,15	
76,865	-0,14	
76,87	-0,12	
76,875	-0,11	
76,88	-0,1	
76,885	-0,09	
76,89	-0,08	
76,895	-0,08	
76,9	-0,06	
76,905	-0,05	
76,91	-0,04	
76,915	-0,03	
76,92	-0,02	
76,925	0	
76,93	0,01	
76,935	0,02	
76,94	0,03	
76,945	0,05	
76,95	0,06	
76,955	0,07	
76,96	0,09	
76,965	0,1	
76,97	0,11	
76,975	0,12	
76,98	0,13	
76,985	0,14	
76,99	0,15	
76,995	0,16	
77,0	0,18	
77,005	0,18	
77,01	0,2	
77,015	0,21	
77,02	0,22	
77,025	0,23	
77,03	0,24	
77,035	0,25	
77,04	0,26	
77,045	0,27	
77,05	0,28	
77,055	0,29	
77,06	0,3	
77,065	0,31	
77,07	0,32	
77,075	0,32	
77,08	0,33	
77,085	0,34	
77,09	0,34	
77,095	0,35	
77,1	0,36	
77,105	0,37	
77,11	0,37	
77,115	0,38	
77,12	0,39	
77,125	0,39	
77,13	0,41	
77,135	0,41	
77,14	0,42	
77,145	0,42	
77,15	0,42	
77,155	0,43	
77,16	0,43	
77,165	0,43	
77,17	0,44	
77,175	0,44	
77,18	0,45	
77,185	0,45	
77,19	0,46	
77,195	0,46	
77,2	0,46	
77,205	0,46	
77,21	0,47	
77,215	0,47	
77,22	0,47	
77,225	0,46	
77,23	0,47	
77,235	0,47	
77,24	0,47	
77,245	0,47	
77,25	0,47	
77,255	0,47	
77,26	0,47	
77,265	0,46	
77,27	0,46	
77,275	0,46	
77,28	0,45	
77,285	0,45	
77,29	0,45	
77,295	0,45	
