t, ñ	wz	
0,0	0	
0,005	0	
0,01	0	
0,015	0	
0,02	0	
0,025	0	
0,03	0	
0,035	0	
0,04	0	
0,045	0	
0,05	0	
0,055	0	
0,06	0	
0,065	0	
0,07	0,01	
0,075	0,01	
0,08	0,01	
0,085	0	
0,09	0	
0,095	0	
0,1	0	
0,105	0	
0,11	0	
0,115	-0,01	
0,12	0	
0,125	0	
0,13	0	
0,135	0	
0,14	0	
0,145	0	
0,15	0	
0,155	0	
0,16	0,01	
0,165	0,01	
0,17	0,01	
0,175	0,01	
0,18	0,01	
0,185	0,01	
0,19	0,01	
0,195	0	
0,2	0	
0,205	0	
0,21	0	
0,215	0	
0,22	-0,01	
0,225	-0,01	
0,23	-0,01	
0,235	-0,01	
0,24	-0,01	
0,245	-0,01	
0,25	0	
0,255	0	
0,26	0	
0,265	0	
0,27	0	
0,275	0	
0,28	0	
0,285	0	
0,29	0	
0,295	0	
0,3	0	
0,305	0	
0,31	0	
0,315	0	
0,32	0	
0,325	0,01	
0,33	0,01	
0,335	0,01	
0,34	0	
0,345	0	
0,35	0	
0,355	0	
0,36	0	
0,365	0	
0,37	0	
0,375	0	
0,38	0	
0,385	0	
0,39	0	
0,395	0	
0,4	0	
0,405	0,01	
0,41	0,01	
0,415	0	
0,42	0,01	
0,425	0,01	
0,43	0	
0,435	0	
0,44	0	
0,445	0	
0,45	0	
0,455	0	
0,46	0	
0,465	0	
0,47	0	
0,475	0	
0,48	0	
0,485	0	
0,49	0	
0,495	0	
0,5	0	
0,505	0	
0,51	0	
0,515	0	
0,52	0	
0,525	0	
0,53	0	
0,535	0	
0,54	0	
0,545	0	
0,55	0	
0,555	0	
0,56	0	
0,565	0	
0,57	0	
0,575	0	
0,58	0	
0,585	0	
0,59	-0,01	
0,595	0	
0,6	0	
0,605	0	
0,61	0	
0,615	0	
0,62	-0,01	
0,625	-0,01	
0,63	-0,01	
0,635	-0,02	
0,64	-0,03	
0,645	-0,06	
0,65	-0,06	
0,655	-0,08	
0,66	-0,05	
0,665	-0,01	
0,67	0,09	
0,675	0,16	
0,68	0,23	
0,685	0,25	
0,69	0,23	
0,695	0,21	
0,7	0,19	
0,705	0,24	
0,71	0,3	
0,715	0,37	
0,72	0,42	
0,725	0,42	
0,73	0,42	
0,735	0,38	
0,74	0,38	
0,745	0,44	
0,75	0,5	
0,755	0,56	
0,76	0,58	
0,765	0,59	
0,77	0,55	
0,775	0,53	
0,78	0,56	
0,785	0,6	
0,79	0,68	
0,795	0,72	
0,8	0,74	
0,805	0,72	
0,81	0,68	
0,815	0,65	
0,82	0,64	
0,825	0,73	
0,83	0,79	
0,835	0,84	
0,84	0,85	
0,845	0,81	
0,85	0,77	
0,855	0,72	
0,86	0,73	
0,865	0,77	
0,87	0,85	
0,875	0,9	
0,88	0,89	
0,885	0,85	
0,89	0,79	
0,895	0,76	
0,9	0,77	
0,905	0,8	
0,91	0,86	
0,915	0,89	
0,92	0,87	
0,925	0,82	
0,93	0,76	
0,935	0,75	
0,94	0,75	
0,945	0,8	
0,95	0,82	
0,955	0,85	
0,96	0,82	
0,965	0,73	
0,97	0,7	
0,975	0,67	
0,98	0,69	
0,985	0,72	
0,99	0,76	
0,995	0,77	
1,0	0,72	
1,005	0,66	
1,01	0,58	
1,015	0,56	
1,02	0,58	
1,025	0,6	
1,03	0,63	
1,035	0,61	
1,04	0,57	
1,045	0,5	
1,05	0,45	
1,055	0,41	
1,06	0,42	
1,065	0,46	
1,07	0,46	
1,075	0,44	
1,08	0,38	
1,085	0,31	
1,09	0,26	
1,095	0,23	
1,1	0,26	
1,105	0,29	
1,11	0,28	
1,115	0,24	
1,12	0,16	
1,125	0,1	
1,13	0,04	
1,135	0,03	
1,14	0,04	
1,145	0,08	
1,15	0,07	
1,155	0,01	
1,16	-0,06	
1,165	-0,13	
1,17	-0,18	
1,175	-0,19	
1,18	-0,17	
1,185	-0,14	
1,19	-0,16	
1,195	-0,21	
1,2	-0,27	
1,205	-0,34	
1,21	-0,38	
1,215	-0,39	
1,22	-0,36	
1,225	-0,36	
1,23	-0,36	
1,235	-0,42	
1,24	-0,49	
1,245	-0,54	
1,25	-0,57	
1,255	-0,56	
1,26	-0,54	
1,265	-0,53	
1,27	-0,55	
1,275	-0,6	
1,28	-0,69	
1,285	-0,73	
1,29	-0,74	
1,295	-0,71	
1,3	-0,69	
1,305	-0,68	
1,31	-0,71	
1,315	-0,75	
1,32	-0,82	
1,325	-0,88	
1,33	-0,87	
1,335	-0,84	
1,34	-0,8	
1,345	-0,8	
1,35	-0,82	
1,355	-0,88	
1,36	-0,94	
1,365	-0,97	
1,37	-0,97	
1,375	-0,92	
1,38	-0,88	
1,385	-0,88	
1,39	-0,9	
1,395	-0,95	
1,4	-0,99	
1,405	-1,02	
1,41	-0,99	
1,415	-0,96	
1,42	-0,91	
1,425	-0,9	
1,43	-0,94	
1,435	-0,98	
1,44	-1,02	
1,445	-1,02	
1,45	-0,99	
1,455	-0,94	
1,46	-0,9	
1,465	-0,89	
1,47	-0,92	
1,475	-0,95	
1,48	-0,98	
1,485	-0,96	
1,49	-0,92	
1,495	-0,86	
1,5	-0,82	
1,505	-0,79	
1,51	-0,83	
1,515	-0,86	
1,52	-0,87	
1,525	-0,85	
1,53	-0,8	
1,535	-0,74	
1,54	-0,69	
1,545	-0,68	
1,55	-0,7	
1,555	-0,73	
1,56	-0,73	
1,565	-0,7	
1,57	-0,64	
1,575	-0,58	
1,58	-0,54	
1,585	-0,53	
1,59	-0,54	
1,595	-0,55	
1,6	-0,53	
1,605	-0,49	
1,61	-0,43	
1,615	-0,37	
1,62	-0,34	
1,625	-0,34	
1,63	-0,35	
1,635	-0,36	
1,64	-0,34	
1,645	-0,27	
1,65	-0,2	
1,655	-0,15	
1,66	-0,13	
1,665	-0,13	
1,67	-0,14	
1,675	-0,15	
1,68	-0,13	
1,685	-0,07	
1,69	0,03	
1,695	0,07	
1,7	0,1	
1,705	0,1	
1,71	0,08	
1,715	0,08	
1,72	0,11	
1,725	0,16	
1,73	0,23	
1,735	0,31	
1,74	0,32	
1,745	0,32	
1,75	0,31	
1,755	0,31	
1,76	0,34	
1,765	0,39	
1,77	0,46	
1,775	0,5	
1,78	0,52	
1,785	0,51	
1,79	0,5	
1,795	0,51	
1,8	0,54	
1,805	0,6	
1,81	0,65	
1,815	0,69	
1,82	0,7	
1,825	0,69	
1,83	0,67	
1,835	0,68	
1,84	0,72	
1,845	0,77	
1,85	0,81	
1,855	0,84	
1,86	0,84	
1,865	0,83	
1,87	0,81	
1,875	0,82	
1,88	0,85	
1,885	0,89	
1,89	0,93	
1,895	0,94	
1,9	0,93	
1,905	0,91	
1,91	0,89	
1,915	0,9	
1,92	0,93	
1,925	0,97	
1,93	0,99	
1,935	0,99	
1,94	0,97	
1,945	0,94	
1,95	0,93	
1,955	0,93	
1,96	0,95	
1,965	0,99	
1,97	1	
1,975	0,99	
1,98	0,96	
1,985	0,92	
1,99	0,9	
1,995	0,91	
2,0	0,93	
2,005	0,95	
2,01	0,96	
2,015	0,93	
2,02	0,89	
2,025	0,85	
2,03	0,82	
2,035	0,83	
2,04	0,84	
2,045	0,86	
2,05	0,87	
2,055	0,83	
2,06	0,78	
2,065	0,74	
2,07	0,71	
2,075	0,71	
2,08	0,72	
2,085	0,72	
2,09	0,71	
2,095	0,68	
2,1	0,61	
2,105	0,57	
2,11	0,55	
2,115	0,54	
2,12	0,55	
2,125	0,54	
2,13	0,52	
2,135	0,48	
2,14	0,43	
2,145	0,36	
2,15	0,34	
2,155	0,34	
2,16	0,34	
2,165	0,33	
2,17	0,3	
2,175	0,25	
2,18	0,19	
2,185	0,14	
2,19	0,11	
2,195	0,11	
2,2	0,11	
2,205	0,09	
2,21	0,06	
2,215	0	
2,22	-0,05	
2,225	-0,1	
2,23	-0,12	
2,235	-0,13	
2,24	-0,13	
2,245	-0,15	
2,25	-0,19	
2,255	-0,25	
2,26	-0,3	
2,265	-0,34	
2,27	-0,35	
2,275	-0,35	
2,28	-0,36	
2,285	-0,4	
2,29	-0,45	
2,295	-0,5	
2,3	-0,55	
2,305	-0,57	
2,31	-0,58	
2,315	-0,58	
2,32	-0,58	
2,325	-0,59	
2,33	-0,66	
2,335	-0,71	
2,34	-0,75	
2,345	-0,77	
2,35	-0,78	
2,355	-0,77	
2,36	-0,77	
2,365	-0,79	
2,37	-0,83	
2,375	-0,9	
2,38	-0,93	
2,385	-0,94	
2,39	-0,94	
2,395	-0,93	
2,4	-0,92	
2,405	-0,94	
2,41	-0,97	
2,415	-1,01	
2,42	-1,05	
2,425	-1,06	
2,43	-1,04	
2,435	-1,03	
2,44	-1,03	
2,445	-1,05	
2,45	-1,08	
2,455	-1,11	
2,46	-1,13	
2,465	-1,12	
2,47	-1,1	
2,475	-1,08	
2,48	-1,08	
2,485	-1,1	
2,49	-1,13	
2,495	-1,15	
2,5	-1,15	
2,505	-1,14	
2,51	-1,09	
2,515	-1,07	
2,52	-1,07	
2,525	-1,08	
2,53	-1,11	
2,535	-1,12	
2,54	-1,12	
2,545	-1,09	
2,55	-1,06	
2,555	-1,02	
2,56	-1,01	
2,565	-1,02	
2,57	-1,03	
2,575	-1,03	
2,58	-1,01	
2,585	-0,98	
2,59	-0,93	
2,595	-0,9	
2,6	-0,89	
2,605	-0,89	
2,61	-0,9	
2,615	-0,89	
2,62	-0,86	
2,625	-0,82	
2,63	-0,77	
2,635	-0,73	
2,64	-0,72	
2,645	-0,71	
2,65	-0,71	
2,655	-0,7	
2,66	-0,66	
2,665	-0,61	
2,67	-0,56	
2,675	-0,52	
2,68	-0,51	
2,685	-0,51	
2,69	-0,5	
2,695	-0,48	
2,7	-0,44	
2,705	-0,38	
2,71	-0,33	
2,715	-0,29	
2,72	-0,27	
2,725	-0,27	
2,73	-0,26	
2,735	-0,24	
2,74	-0,17	
2,745	-0,12	
2,75	-0,08	
2,755	-0,05	
2,76	-0,03	
2,765	-0,02	
2,77	0	
2,775	0,03	
2,78	0,07	
2,785	0,14	
2,79	0,19	
2,795	0,21	
2,8	0,22	
2,805	0,23	
2,81	0,25	
2,815	0,28	
2,82	0,33	
2,825	0,39	
2,83	0,45	
2,835	0,47	
2,84	0,47	
2,845	0,47	
2,85	0,49	
2,855	0,53	
2,86	0,57	
2,865	0,63	
2,87	0,67	
2,875	0,69	
2,88	0,69	
2,885	0,7	
2,89	0,72	
2,895	0,75	
2,9	0,79	
2,905	0,83	
2,91	0,86	
2,915	0,87	
2,92	0,88	
2,925	0,88	
2,93	0,9	
2,935	0,93	
2,94	0,97	
2,945	1	
2,95	1,02	
2,955	1,02	
2,96	1,01	
2,965	1,02	
2,97	1,03	
2,975	1,07	
2,98	1,09	
2,985	1,12	
2,99	1,12	
2,995	1,12	
3,0	1,1	
3,005	1,09	
3,01	1,11	
3,015	1,13	
3,02	1,15	
3,025	1,17	
3,03	1,17	
3,035	1,15	
3,04	1,13	
3,045	1,12	
3,05	1,12	
3,055	1,14	
3,06	1,15	
3,065	1,16	
3,07	1,15	
3,075	1,12	
3,08	1,1	
3,085	1,08	
3,09	1,08	
3,095	1,09	
3,1	1,1	
3,105	1,09	
3,11	1,06	
3,115	1,02	
3,12	1	
3,125	0,98	
3,13	0,98	
3,135	0,98	
3,14	0,98	
3,145	0,96	
3,15	0,92	
3,155	0,87	
3,16	0,84	
3,165	0,82	
3,17	0,81	
3,175	0,81	
3,18	0,81	
3,185	0,79	
3,19	0,75	
3,195	0,69	
3,2	0,65	
3,205	0,63	
3,21	0,62	
3,215	0,61	
3,22	0,59	
3,225	0,57	
3,23	0,52	
3,235	0,48	
3,24	0,42	
3,245	0,4	
3,25	0,38	
3,255	0,37	
3,26	0,35	
3,265	0,31	
3,27	0,26	
3,275	0,22	
3,28	0,18	
3,285	0,14	
3,29	0,13	
3,295	0,11	
3,3	0,08	
3,305	0,04	
3,31	-0,01	
3,315	-0,06	
3,32	-0,1	
3,325	-0,12	
3,33	-0,14	
3,335	-0,16	
3,34	-0,19	
3,345	-0,24	
3,35	-0,29	
3,355	-0,34	
3,36	-0,38	
3,365	-0,39	
3,37	-0,4	
3,375	-0,43	
3,38	-0,46	
3,385	-0,5	
3,39	-0,55	
3,395	-0,6	
3,4	-0,62	
3,405	-0,64	
3,41	-0,65	
3,415	-0,67	
3,42	-0,71	
3,425	-0,75	
3,43	-0,79	
3,435	-0,82	
3,44	-0,84	
3,445	-0,85	
3,45	-0,85	
3,455	-0,87	
3,46	-0,9	
3,465	-0,95	
3,47	-0,99	
3,475	-1,01	
3,48	-1,02	
3,485	-1,02	
3,49	-1,02	
3,495	-1,03	
3,5	-1,05	
3,505	-1,08	
3,51	-1,13	
3,515	-1,15	
3,52	-1,15	
3,525	-1,15	
3,53	-1,14	
3,535	-1,14	
3,54	-1,16	
3,545	-1,19	
3,55	-1,21	
3,555	-1,23	
3,56	-1,22	
3,565	-1,21	
3,57	-1,2	
3,575	-1,2	
3,58	-1,22	
3,585	-1,23	
3,59	-1,24	
3,595	-1,24	
3,6	-1,22	
3,605	-1,2	
3,61	-1,19	
3,615	-1,19	
3,62	-1,2	
3,625	-1,21	
3,63	-1,21	
3,635	-1,2	
3,64	-1,18	
3,645	-1,15	
3,65	-1,13	
3,655	-1,12	
3,66	-1,12	
3,665	-1,13	
3,67	-1,12	
3,675	-1,1	
3,68	-1,07	
3,685	-1,03	
3,69	-1,01	
3,695	-0,98	
3,7	-0,98	
3,705	-0,97	
3,71	-0,96	
3,715	-0,93	
3,72	-0,9	
3,725	-0,86	
3,73	-0,83	
3,735	-0,81	
3,74	-0,79	
3,745	-0,78	
3,75	-0,75	
3,755	-0,72	
3,76	-0,68	
3,765	-0,64	
3,77	-0,61	
3,775	-0,59	
3,78	-0,57	
3,785	-0,55	
3,79	-0,52	
3,795	-0,47	
3,8	-0,43	
3,805	-0,39	
3,81	-0,35	
3,815	-0,33	
3,82	-0,32	
3,825	-0,3	
3,83	-0,25	
3,835	-0,21	
3,84	-0,16	
3,845	-0,11	
3,85	-0,08	
3,855	-0,06	
3,86	-0,05	
3,865	-0,03	
3,87	0,01	
3,875	0,07	
3,88	0,12	
3,885	0,16	
3,89	0,19	
3,895	0,21	
3,9	0,23	
3,905	0,26	
3,91	0,29	
3,915	0,33	
3,92	0,39	
3,925	0,43	
3,93	0,45	
3,935	0,47	
3,94	0,49	
3,945	0,52	
3,95	0,55	
3,955	0,59	
3,96	0,63	
3,965	0,67	
3,97	0,69	
3,975	0,7	
3,98	0,72	
3,985	0,74	
3,99	0,78	
3,995	0,82	
4,0	0,85	
4,005	0,88	
4,01	0,89	
4,015	0,9	
4,02	0,91	
4,025	0,93	
4,03	0,97	
4,035	1	
4,04	1,02	
4,045	1,04	
4,05	1,05	
4,055	1,06	
4,06	1,06	
4,065	1,08	
4,07	1,1	
4,075	1,12	
4,08	1,14	
4,085	1,15	
4,09	1,15	
4,095	1,15	
4,1	1,15	
4,105	1,16	
4,11	1,18	
4,115	1,19	
4,12	1,2	
4,125	1,2	
4,13	1,2	
4,135	1,19	
4,14	1,18	
4,145	1,18	
4,15	1,19	
4,155	1,2	
4,16	1,2	
4,165	1,19	
4,17	1,18	
4,175	1,16	
4,18	1,15	
4,185	1,14	
4,19	1,14	
4,195	1,14	
4,2	1,13	
4,205	1,12	
4,21	1,09	
4,215	1,07	
4,22	1,05	
4,225	1,04	
4,23	1,04	
4,235	1,03	
4,24	1,01	
4,245	0,98	
4,25	0,95	
4,255	0,92	
4,26	0,9	
4,265	0,89	
4,27	0,87	
4,275	0,86	
4,28	0,84	
4,285	0,79	
4,29	0,76	
4,295	0,72	
4,3	0,7	
4,305	0,68	
4,31	0,67	
4,315	0,64	
4,32	0,62	
4,325	0,58	
4,33	0,52	
4,335	0,49	
4,34	0,47	
4,345	0,45	
4,35	0,43	
4,355	0,41	
4,36	0,37	
4,365	0,33	
4,37	0,29	
4,375	0,23	
4,38	0,2	
4,385	0,18	
4,39	0,16	
4,395	0,13	
4,4	0,09	
4,405	0,05	
4,41	0,01	
4,415	-0,02	
4,42	-0,06	
4,425	-0,09	
4,43	-0,11	
4,435	-0,14	
4,44	-0,18	
4,445	-0,22	
4,45	-0,26	
4,455	-0,29	
4,46	-0,32	
4,465	-0,34	
4,47	-0,37	
4,475	-0,4	
4,48	-0,44	
4,485	-0,48	
4,49	-0,52	
4,495	-0,55	
4,5	-0,57	
4,505	-0,59	
4,51	-0,6	
4,515	-0,65	
4,52	-0,68	
4,525	-0,72	
4,53	-0,75	
4,535	-0,78	
4,54	-0,79	
4,545	-0,8	
4,55	-0,82	
4,555	-0,84	
4,56	-0,88	
4,565	-0,91	
4,57	-0,94	
4,575	-0,96	
4,58	-0,97	
4,585	-0,98	
4,59	-0,99	
4,595	-1,01	
4,6	-1,03	
4,605	-1,07	
4,61	-1,08	
4,615	-1,09	
4,62	-1,09	
4,625	-1,09	
4,63	-1,1	
4,635	-1,12	
4,64	-1,14	
4,645	-1,15	
4,65	-1,16	
4,655	-1,16	
4,66	-1,16	
4,665	-1,15	
4,67	-1,15	
4,675	-1,17	
4,68	-1,18	
4,685	-1,19	
4,69	-1,19	
4,695	-1,18	
4,7	-1,17	
4,705	-1,16	
4,71	-1,15	
4,715	-1,15	
4,72	-1,16	
4,725	-1,16	
4,73	-1,15	
4,735	-1,14	
4,74	-1,11	
4,745	-1,09	
4,75	-1,08	
4,755	-1,08	
4,76	-1,08	
4,765	-1,07	
4,77	-1,06	
4,775	-1,03	
4,78	-1,01	
4,785	-0,98	
4,79	-0,96	
4,795	-0,96	
4,8	-0,95	
4,805	-0,93	
4,81	-0,91	
4,815	-0,88	
4,82	-0,84	
4,825	-0,82	
4,83	-0,79	
4,835	-0,78	
4,84	-0,77	
4,845	-0,74	
4,85	-0,71	
4,855	-0,68	
4,86	-0,64	
4,865	-0,61	
4,87	-0,59	
4,875	-0,57	
4,88	-0,54	
4,885	-0,52	
4,89	-0,48	
4,895	-0,44	
4,9	-0,41	
4,905	-0,38	
4,91	-0,35	
4,915	-0,33	
4,92	-0,3	
4,925	-0,26	
4,93	-0,23	
4,935	-0,18	
4,94	-0,15	
4,945	-0,12	
4,95	-0,1	
4,955	-0,07	
4,96	-0,05	
4,965	-0,02	
4,97	0,04	
4,975	0,08	
4,98	0,11	
4,985	0,13	
4,99	0,15	
4,995	0,18	
5,0	0,2	
5,005	0,23	
5,01	0,27	
5,015	0,33	
5,02	0,36	
5,025	0,39	
5,03	0,41	
5,035	0,43	
5,04	0,45	
5,045	0,48	
5,05	0,52	
5,055	0,55	
5,06	0,59	
5,065	0,61	
5,07	0,63	
5,075	0,65	
5,08	0,67	
5,085	0,69	
5,09	0,73	
5,095	0,75	
5,1	0,77	
5,105	0,8	
5,11	0,81	
5,115	0,82	
5,12	0,85	
5,125	0,87	
5,13	0,9	
5,135	0,92	
5,14	0,94	
5,145	0,94	
5,15	0,95	
5,155	0,96	
5,16	0,98	
5,165	1	
5,17	1,02	
5,175	1,03	
5,18	1,04	
5,185	1,04	
5,19	1,04	
5,195	1,04	
5,2	1,05	
5,205	1,06	
5,21	1,07	
5,215	1,08	
5,22	1,09	
5,225	1,08	
5,23	1,08	
5,235	1,08	
5,24	1,08	
5,245	1,08	
5,25	1,09	
5,255	1,09	
5,26	1,08	
5,265	1,07	
5,27	1,05	
5,275	1,04	
5,28	1,03	
5,285	1,03	
5,29	1,03	
5,295	1,02	
5,3	1,01	
5,305	0,99	
5,31	0,96	
5,315	0,95	
5,32	0,94	
5,325	0,93	
5,33	0,92	
5,335	0,9	
5,34	0,88	
5,345	0,86	
5,35	0,84	
5,355	0,81	
5,36	0,8	
5,365	0,79	
5,37	0,77	
5,375	0,74	
5,38	0,71	
5,385	0,68	
5,39	0,65	
5,395	0,63	
5,4	0,61	
5,405	0,59	
5,41	0,57	
5,415	0,54	
5,42	0,52	
5,425	0,47	
5,43	0,44	
5,435	0,42	
5,44	0,4	
5,445	0,38	
5,45	0,35	
5,455	0,32	
5,46	0,28	
5,465	0,25	
5,47	0,21	
5,475	0,18	
5,48	0,16	
5,485	0,13	
5,49	0,11	
5,495	0,07	
5,5	0,04	
5,505	0,01	
5,51	-0,03	
5,515	-0,07	
5,52	-0,09	
5,525	-0,11	
5,53	-0,13	
5,535	-0,16	
5,54	-0,2	
5,545	-0,23	
5,55	-0,26	
5,555	-0,29	
5,56	-0,32	
5,565	-0,34	
5,57	-0,37	
5,575	-0,4	
5,58	-0,43	
5,585	-0,46	
5,59	-0,49	
5,595	-0,51	
5,6	-0,53	
5,605	-0,56	
5,61	-0,58	
5,615	-0,61	
5,62	-0,63	
5,625	-0,66	
5,63	-0,67	
5,635	-0,69	
5,64	-0,7	
5,645	-0,72	
5,65	-0,76	
5,655	-0,78	
5,66	-0,8	
5,665	-0,82	
5,67	-0,84	
5,675	-0,85	
5,68	-0,85	
5,685	-0,86	
5,69	-0,88	
5,695	-0,9	
5,7	-0,93	
5,705	-0,94	
5,71	-0,95	
5,715	-0,95	
5,72	-0,95	
5,725	-0,95	
5,73	-0,96	
5,735	-0,97	
5,74	-0,99	
5,745	-0,99	
5,75	-1	
5,755	-0,99	
5,76	-0,99	
5,765	-0,99	
5,77	-1	
5,775	-1	
5,78	-1,01	
5,785	-1,01	
5,79	-1	
5,795	-0,99	
5,8	-0,98	
5,805	-0,98	
5,81	-0,98	
5,815	-0,98	
5,82	-0,97	
5,825	-0,97	
5,83	-0,94	
5,835	-0,92	
5,84	-0,91	
5,845	-0,9	
5,85	-0,89	
5,855	-0,89	
5,86	-0,88	
5,865	-0,87	
5,87	-0,85	
5,875	-0,83	
5,88	-0,8	
5,885	-0,78	
5,89	-0,77	
5,895	-0,76	
5,9	-0,75	
5,905	-0,73	
5,91	-0,7	
5,915	-0,68	
5,92	-0,66	
5,925	-0,63	
5,93	-0,61	
5,935	-0,59	
5,94	-0,57	
5,945	-0,54	
5,95	-0,52	
5,955	-0,49	
5,96	-0,46	
5,965	-0,44	
5,97	-0,41	
5,975	-0,39	
5,98	-0,36	
5,985	-0,33	
5,99	-0,3	
5,995	-0,27	
6,0	-0,25	
6,005	-0,22	
6,01	-0,2	
6,015	-0,17	
6,02	-0,15	
6,025	-0,12	
6,03	-0,09	
6,035	-0,05	
6,04	-0,03	
6,045	0	
6,05	0,02	
6,055	0,04	
6,06	0,08	
6,065	0,11	
6,07	0,14	
6,075	0,17	
6,08	0,2	
6,085	0,22	
6,09	0,24	
6,095	0,26	
6,1	0,29	
6,105	0,33	
6,11	0,35	
6,115	0,38	
6,12	0,4	
6,125	0,42	
6,13	0,44	
6,135	0,46	
6,14	0,48	
6,145	0,51	
6,15	0,55	
6,155	0,57	
6,16	0,59	
6,165	0,6	
6,17	0,62	
6,175	0,63	
6,18	0,65	
6,185	0,67	
6,19	0,7	
6,195	0,73	
6,2	0,74	
6,205	0,75	
6,21	0,75	
6,215	0,77	
6,22	0,78	
6,225	0,8	
6,23	0,81	
6,235	0,83	
6,24	0,84	
6,245	0,85	
6,25	0,85	
6,255	0,86	
6,26	0,86	
6,265	0,87	
6,27	0,88	
6,275	0,88	
6,28	0,89	
6,285	0,89	
6,29	0,89	
6,295	0,9	
6,3	0,9	
6,305	0,91	
6,31	0,91	
6,315	0,9	
6,32	0,89	
6,325	0,89	
6,33	0,88	
6,335	0,88	
6,34	0,88	
6,345	0,88	
6,35	0,88	
6,355	0,87	
6,36	0,85	
6,365	0,84	
6,37	0,83	
6,375	0,82	
6,38	0,81	
6,385	0,8	
6,39	0,79	
6,395	0,78	
6,4	0,76	
6,405	0,74	
6,41	0,73	
6,415	0,71	
6,42	0,7	
6,425	0,68	
6,43	0,66	
6,435	0,64	
6,44	0,62	
6,445	0,6	
6,45	0,58	
6,455	0,57	
6,46	0,55	
6,465	0,53	
6,47	0,5	
6,475	0,47	
6,48	0,44	
6,485	0,42	
6,49	0,4	
6,495	0,39	
6,5	0,37	
6,505	0,35	
6,51	0,33	
6,515	0,28	
6,52	0,25	
6,525	0,23	
6,53	0,2	
6,535	0,18	
6,54	0,16	
6,545	0,14	
6,55	0,12	
6,555	0,09	
6,56	0,04	
6,565	0,02	
6,57	-0,01	
6,575	-0,03	
6,58	-0,05	
6,585	-0,07	
6,59	-0,1	
6,595	-0,12	
6,6	-0,15	
6,605	-0,19	
6,61	-0,21	
6,615	-0,23	
6,62	-0,26	
6,625	-0,28	
6,63	-0,3	
6,635	-0,33	
6,64	-0,36	
6,645	-0,38	
6,65	-0,41	
6,655	-0,42	
6,66	-0,44	
6,665	-0,47	
6,67	-0,49	
6,675	-0,51	
6,68	-0,54	
6,685	-0,56	
6,69	-0,57	
6,695	-0,59	
6,7	-0,61	
6,705	-0,63	
6,71	-0,64	
6,715	-0,67	
6,72	-0,68	
6,725	-0,7	
6,73	-0,71	
6,735	-0,72	
6,74	-0,74	
6,745	-0,75	
6,75	-0,76	
6,755	-0,78	
6,76	-0,79	
6,765	-0,8	
6,77	-0,8	
6,775	-0,81	
6,78	-0,81	
6,785	-0,82	
6,79	-0,83	
6,795	-0,84	
6,8	-0,85	
6,805	-0,85	
6,81	-0,85	
6,815	-0,85	
6,82	-0,85	
6,825	-0,85	
6,83	-0,86	
6,835	-0,86	
6,84	-0,86	
6,845	-0,86	
6,85	-0,85	
6,855	-0,84	
6,86	-0,84	
6,865	-0,83	
6,87	-0,83	
6,875	-0,83	
6,88	-0,82	
6,885	-0,81	
6,89	-0,8	
6,895	-0,79	
6,9	-0,77	
6,905	-0,77	
6,91	-0,76	
6,915	-0,76	
6,92	-0,75	
6,925	-0,72	
6,93	-0,71	
6,935	-0,69	
6,94	-0,67	
6,945	-0,66	
6,95	-0,64	
6,955	-0,63	
6,96	-0,62	
6,965	-0,6	
6,97	-0,57	
6,975	-0,55	
6,98	-0,53	
6,985	-0,51	
6,99	-0,5	
6,995	-0,48	
7,0	-0,46	
7,005	-0,43	
7,01	-0,41	
7,015	-0,37	
7,02	-0,36	
7,025	-0,34	
7,03	-0,32	
7,035	-0,3	
7,04	-0,27	
7,045	-0,24	
7,05	-0,21	
7,055	-0,19	
7,06	-0,16	
7,065	-0,14	
7,07	-0,12	
7,075	-0,09	
7,08	-0,06	
7,085	-0,03	
7,09	-0,01	
7,095	0,02	
7,1	0,04	
7,105	0,07	
7,11	0,1	
7,115	0,12	
7,12	0,14	
7,125	0,17	
7,13	0,2	
7,135	0,22	
7,14	0,25	
7,145	0,27	
7,15	0,3	
7,155	0,32	
7,16	0,34	
7,165	0,37	
7,17	0,39	
7,175	0,41	
7,18	0,43	
7,185	0,45	
7,19	0,46	
7,195	0,49	
7,2	0,51	
7,205	0,54	
7,21	0,56	
7,215	0,58	
7,22	0,59	
7,225	0,61	
7,23	0,62	
7,235	0,64	
7,24	0,65	
7,245	0,68	
7,25	0,7	
7,255	0,71	
7,26	0,72	
7,265	0,73	
7,27	0,74	
7,275	0,75	
7,28	0,76	
7,285	0,77	
7,29	0,79	
7,295	0,8	
7,3	0,8	
7,305	0,81	
7,31	0,81	
7,315	0,82	
7,32	0,83	
7,325	0,84	
7,33	0,84	
7,335	0,85	
7,34	0,85	
7,345	0,85	
7,35	0,85	
7,355	0,84	
7,36	0,85	
7,365	0,85	
7,37	0,85	
7,375	0,84	
7,38	0,83	
7,385	0,82	
7,39	0,82	
7,395	0,81	
7,4	0,81	
7,405	0,8	
7,41	0,8	
7,415	0,79	
7,42	0,78	
7,425	0,76	
7,43	0,75	
7,435	0,73	
7,44	0,73	
7,445	0,72	
7,45	0,71	
7,455	0,69	
7,46	0,68	
7,465	0,66	
7,47	0,64	
7,475	0,62	
7,48	0,61	
7,485	0,59	
7,49	0,57	
7,495	0,55	
7,5	0,53	
7,505	0,51	
7,51	0,49	
7,515	0,46	
7,52	0,45	
7,525	0,42	
7,53	0,4	
7,535	0,38	
7,54	0,35	
7,545	0,33	
7,55	0,31	
7,555	0,29	
7,56	0,26	
7,565	0,24	
7,57	0,21	
7,575	0,18	
7,58	0,15	
7,585	0,13	
7,59	0,1	
7,595	0,08	
7,6	0,06	
7,605	0,02	
7,61	-0,01	
7,615	-0,03	
7,62	-0,06	
7,625	-0,08	
7,63	-0,1	
7,635	-0,12	
7,64	-0,15	
7,645	-0,17	
7,65	-0,21	
7,655	-0,24	
7,66	-0,26	
7,665	-0,28	
7,67	-0,3	
7,675	-0,32	
7,68	-0,35	
7,685	-0,37	
7,69	-0,4	
7,695	-0,42	
7,7	-0,46	
7,705	-0,48	
7,71	-0,49	
7,715	-0,51	
7,72	-0,53	
7,725	-0,55	
7,73	-0,57	
7,735	-0,6	
7,74	-0,62	
7,745	-0,65	
7,75	-0,66	
7,755	-0,68	
7,76	-0,69	
7,765	-0,7	
7,77	-0,72	
7,775	-0,74	
7,78	-0,75	
7,785	-0,76	
7,79	-0,78	
7,795	-0,8	
7,8	-0,81	
7,805	-0,82	
7,81	-0,84	
7,815	-0,85	
7,82	-0,85	
7,825	-0,86	
7,83	-0,86	
7,835	-0,87	
7,84	-0,88	
7,845	-0,89	
7,85	-0,89	
7,855	-0,9	
7,86	-0,9	
7,865	-0,9	
7,87	-0,89	
7,875	-0,9	
7,88	-0,9	
7,885	-0,9	
7,89	-0,9	
7,895	-0,9	
7,9	-0,9	
7,905	-0,89	
7,91	-0,88	
7,915	-0,88	
7,92	-0,87	
7,925	-0,87	
7,93	-0,86	
7,935	-0,85	
7,94	-0,84	
7,945	-0,83	
7,95	-0,82	
7,955	-0,81	
7,96	-0,79	
7,965	-0,78	
7,97	-0,77	
7,975	-0,75	
7,98	-0,73	
7,985	-0,72	
7,99	-0,7	
7,995	-0,68	
8,0	-0,67	
8,005	-0,65	
8,01	-0,64	
8,015	-0,61	
8,02	-0,59	
8,025	-0,57	
8,03	-0,55	
8,035	-0,53	
8,04	-0,51	
8,045	-0,49	
8,05	-0,47	
8,055	-0,45	
8,06	-0,41	
8,065	-0,39	
8,07	-0,36	
8,075	-0,34	
8,08	-0,31	
8,085	-0,29	
8,09	-0,27	
8,095	-0,24	
8,1	-0,22	
8,105	-0,22	
8,11	-0,16	
8,115	-0,13	
8,12	-0,11	
8,125	-0,08	
8,13	-0,05	
8,135	-0,03	
8,14	0	
8,145	0,03	
8,15	0,05	
8,155	0,09	
8,16	0,12	
8,165	0,15	
8,17	0,17	
8,175	0,2	
8,18	0,22	
8,185	0,25	
8,19	0,28	
8,195	0,3	
8,2	0,34	
8,205	0,36	
8,21	0,38	
8,215	0,41	
8,22	0,43	
8,225	0,46	
8,23	0,48	
8,235	0,5	
8,24	0,52	
8,245	0,56	
8,25	0,58	
8,255	0,6	
8,26	0,62	
8,265	0,65	
8,27	0,67	
8,275	0,69	
8,28	0,71	
8,285	0,72	
8,29	0,74	
8,295	0,76	
8,3	0,77	
8,305	0,79	
8,31	0,81	
8,315	0,83	
8,32	0,84	
8,325	0,86	
8,33	0,87	
8,335	0,88	
8,34	0,89	
8,345	0,9	
8,35	0,92	
8,355	0,93	
8,36	0,93	
8,365	0,94	
8,37	0,95	
8,375	0,95	
8,38	0,96	
8,385	0,97	
8,39	0,97	
8,395	0,97	
8,4	0,97	
8,405	0,97	
8,41	0,97	
8,415	0,97	
8,42	0,97	
8,425	0,98	
8,43	0,98	
8,435	0,97	
8,44	0,97	
8,445	0,96	
8,45	0,95	
8,455	0,95	
8,46	0,94	
8,465	0,93	
8,47	0,92	
8,475	0,91	
8,48	0,9	
8,485	0,89	
8,49	0,87	
8,495	0,86	
8,5	0,85	
8,505	0,83	
8,51	0,82	
8,515	0,79	
8,52	0,78	
8,525	0,76	
8,53	0,74	
8,535	0,73	
8,54	0,71	
8,545	0,69	
8,55	0,68	
8,555	0,65	
8,56	0,62	
8,565	0,6	
8,57	0,57	
8,575	0,55	
8,58	0,53	
8,585	0,51	
8,59	0,49	
8,595	0,46	
8,6	0,43	
8,605	0,4	
8,61	0,36	
8,615	0,34	
8,62	0,32	
8,625	0,3	
8,63	0,27	
8,635	0,24	
8,64	0,21	
8,645	0,18	
8,65	0,15	
8,655	0,12	
8,66	0,09	
8,665	0,06	
8,67	0,03	
8,675	0	
8,68	-0,03	
8,685	-0,06	
8,69	-0,09	
8,695	-0,11	
8,7	-0,15	
8,705	-0,18	
8,71	-0,21	
8,715	-0,24	
8,72	-0,27	
8,725	-0,3	
8,73	-0,33	
8,735	-0,35	
8,74	-0,37	
8,745	-0,41	
8,75	-0,44	
8,755	-0,47	
8,76	-0,49	
8,765	-0,52	
8,77	-0,55	
8,775	-0,57	
8,78	-0,59	
8,785	-0,61	
8,79	-0,65	
8,795	-0,67	
8,8	-0,7	
8,805	-0,72	
8,81	-0,74	
8,815	-0,76	
8,82	-0,78	
8,825	-0,8	
8,83	-0,82	
8,835	-0,85	
8,84	-0,87	
8,845	-0,88	
8,85	-0,9	
8,855	-0,91	
8,86	-0,92	
8,865	-0,94	
8,87	-0,96	
8,875	-0,97	
8,88	-0,99	
8,885	-1	
8,89	-1,01	
8,895	-1,01	
8,9	-1,02	
8,905	-1,03	
8,91	-1,04	
8,915	-1,05	
8,92	-1,06	
8,925	-1,06	
8,93	-1,07	
8,935	-1,06	
8,94	-1,06	
8,945	-1,07	
8,95	-1,07	
8,955	-1,07	
8,96	-1,07	
8,965	-1,07	
8,97	-1,06	
8,975	-1,05	
8,98	-1,05	
8,985	-1,05	
8,99	-1,04	
8,995	-1,04	
9,0	-1,03	
9,005	-1,02	
9,01	-1,01	
9,015	-0,99	
9,02	-0,98	
9,025	-0,97	
9,03	-0,96	
9,035	-0,95	
9,04	-0,93	
9,045	-0,91	
9,05	-0,89	
9,055	-0,88	
9,06	-0,86	
9,065	-0,84	
9,07	-0,82	
9,075	-0,81	
9,08	-0,78	
9,085	-0,76	
9,09	-0,74	
9,095	-0,71	
9,1	-0,69	
9,105	-0,67	
9,11	-0,64	
9,115	-0,62	
9,12	-0,59	
9,125	-0,56	
9,13	-0,53	
9,135	-0,51	
9,14	-0,48	
9,145	-0,46	
9,15	-0,43	
9,155	-0,39	
9,16	-0,36	
9,165	-0,34	
9,17	-0,31	
9,175	-0,28	
9,18	-0,25	
9,185	-0,22	
9,19	-0,19	
9,195	-0,16	
9,2	-0,12	
9,205	-0,09	
9,21	-0,06	
9,215	-0,03	
9,22	0	
9,225	0,03	
9,23	0,06	
9,235	0,09	
9,24	0,12	
9,245	0,17	
9,25	0,2	
9,255	0,23	
9,26	0,26	
9,265	0,29	
9,27	0,31	
9,275	0,34	
9,28	0,37	
9,285	0,4	
9,29	0,45	
9,295	0,47	
9,3	0,5	
9,305	0,52	
9,31	0,55	
9,315	0,57	
9,32	0,6	
9,325	0,63	
9,33	0,65	
9,335	0,69	
9,34	0,71	
9,345	0,73	
9,35	0,75	
9,355	0,78	
9,36	0,8	
9,365	0,82	
9,37	0,85	
9,375	0,87	
9,38	0,9	
9,385	0,91	
9,39	0,93	
9,395	0,95	
9,4	0,96	
9,405	0,98	
9,41	1	
9,415	1,01	
9,42	1,03	
9,425	1,04	
9,43	1,05	
9,435	1,07	
9,44	1,08	
9,445	1,09	
9,45	1,1	
9,455	1,1	
9,46	1,11	
9,465	1,11	
9,47	1,12	
9,475	1,13	
9,48	1,13	
9,485	1,13	
9,49	1,14	
9,495	1,14	
9,5	1,13	
9,505	1,13	
9,51	1,13	
9,515	1,13	
9,52	1,13	
9,525	1,12	
9,53	1,11	
9,535	1,11	
9,54	1,1	
9,545	1,09	
9,55	1,08	
9,555	1,07	
9,56	1,06	
9,565	1,05	
9,57	1,03	
9,575	1,02	
9,58	1	
9,585	0,99	
9,59	0,98	
9,595	0,96	
9,6	0,95	
9,605	0,93	
9,61	0,9	
9,615	0,88	
9,62	0,86	
9,625	0,84	
9,63	0,82	
9,635	0,8	
9,64	0,77	
9,645	0,75	
9,65	0,73	
9,655	0,69	
9,66	0,66	
9,665	0,64	
9,67	0,61	
9,675	0,59	
9,68	0,56	
9,685	0,53	
9,69	0,5	
9,695	0,47	
9,7	0,43	
9,705	0,4	
9,71	0,37	
9,715	0,35	
9,72	0,32	
9,725	0,29	
9,73	0,26	
9,735	0,23	
9,74	0,2	
9,745	0,15	
9,75	0,12	
9,755	0,09	
9,76	0,06	
9,765	0,02	
9,77	-0,01	
9,775	-0,04	
9,78	-0,07	
9,785	-0,1	
9,79	-0,15	
9,795	-0,18	
9,8	-0,21	
9,805	-0,24	
9,81	-0,27	
9,815	-0,3	
9,82	-0,33	
9,825	-0,36	
9,83	-0,39	
9,835	-0,43	
9,84	-0,47	
9,845	-0,5	
9,85	-0,52	
9,855	-0,55	
9,86	-0,58	
9,865	-0,61	
9,87	-0,63	
9,875	-0,66	
9,88	-0,7	
9,885	-0,72	
9,89	-0,75	
9,895	-0,77	
9,9	-0,79	
9,905	-0,82	
9,91	-0,84	
9,915	-0,86	
9,92	-0,88	
9,925	-0,91	
9,93	-0,93	
9,935	-0,95	
9,94	-0,97	
9,945	-0,98	
9,95	-1	
9,955	-1,02	
9,96	-1,03	
9,965	-1,05	
9,97	-1,06	
9,975	-1,08	
9,98	-1,09	
9,985	-1,1	
9,99	-1,12	
9,995	-1,12	
10,0	-1,13	
10,005	-1,14	
10,01	-1,15	
10,015	-1,15	
10,02	-1,16	
10,025	-1,16	
10,03	-1,17	
10,035	-1,17	
10,04	-1,17	
10,045	-1,18	
10,05	-1,17	
10,055	-1,17	
10,06	-1,17	
10,065	-1,16	
10,07	-1,16	
10,075	-1,15	
10,08	-1,15	
10,085	-1,14	
10,09	-1,14	
10,095	-1,13	
10,1	-1,12	
10,105	-1,11	
10,11	-1,1	
10,115	-1,08	
10,12	-1,07	
10,125	-1,05	
10,13	-1,04	
10,135	-1,03	
10,14	-1,01	
10,145	-0,99	
10,15	-0,97	
10,155	-0,94	
10,16	-0,92	
10,165	-0,91	
10,17	-0,89	
10,175	-0,86	
10,18	-0,85	
10,185	-0,82	
10,19	-0,8	
10,195	-0,77	
10,2	-0,74	
10,205	-0,71	
10,21	-0,69	
10,215	-0,66	
10,22	-0,64	
10,225	-0,61	
10,23	-0,58	
10,235	-0,55	
10,24	-0,52	
10,245	-0,48	
10,25	-0,46	
10,255	-0,43	
10,26	-0,4	
10,265	-0,37	
10,27	-0,33	
10,275	-0,3	
10,28	-0,27	
10,285	-0,24	
10,29	-0,19	
10,295	-0,16	
10,3	-0,13	
10,305	-0,1	
10,31	-0,07	
10,315	-0,04	
10,32	-0,01	
10,325	0,02	
10,33	0,05	
10,335	0,1	
10,34	0,13	
10,345	0,16	
10,35	0,2	
10,355	0,23	
10,36	0,26	
10,365	0,29	
10,37	0,32	
10,375	0,35	
10,38	0,38	
10,385	0,43	
10,39	0,46	
10,395	0,48	
10,4	0,51	
10,405	0,54	
10,41	0,57	
10,415	0,59	
10,42	0,62	
10,425	0,65	
10,43	0,69	
10,435	0,71	
10,44	0,74	
10,445	0,76	
10,45	0,78	
10,455	0,81	
10,46	0,83	
10,465	0,85	
10,47	0,87	
10,475	0,9	
10,48	0,92	
10,485	0,94	
10,49	0,96	
10,495	0,98	
10,5	0,99	
10,505	1,01	
10,51	1,03	
10,515	1,04	
10,52	1,06	
10,525	1,07	
10,53	1,08	
10,535	1,09	
10,54	1,1	
10,545	1,11	
10,55	1,12	
10,555	1,13	
10,56	1,14	
10,565	1,15	
10,57	1,15	
10,575	1,16	
10,58	1,16	
10,585	1,17	
10,59	1,17	
10,595	1,17	
10,6	1,16	
10,605	1,16	
10,61	1,15	
10,615	1,15	
10,62	1,15	
10,625	1,15	
10,63	1,14	
10,635	1,14	
10,64	1,12	
10,645	1,11	
10,65	1,1	
10,655	1,09	
10,66	1,08	
10,665	1,07	
10,67	1,06	
10,675	1,05	
10,68	1,03	
10,685	1,01	
10,69	1	
10,695	0,98	
10,7	0,96	
10,705	0,95	
10,71	0,93	
10,715	0,91	
10,72	0,88	
10,725	0,86	
10,73	0,84	
10,735	0,82	
10,74	0,8	
10,745	0,76	
10,75	0,74	
10,755	0,71	
10,76	0,68	
10,765	0,66	
10,77	0,63	
10,775	0,61	
10,78	0,59	
10,785	0,56	
10,79	0,52	
10,795	0,49	
10,8	0,45	
10,805	0,42	
10,81	0,39	
10,815	0,37	
10,82	0,34	
10,825	0,31	
10,83	0,28	
10,835	0,25	
10,84	0,2	
10,845	0,16	
10,85	0,14	
10,855	0,11	
10,86	0,08	
10,865	0,05	
10,87	0,02	
10,875	-0,02	
10,88	-0,05	
10,885	-0,1	
10,89	-0,12	
10,895	-0,15	
10,9	-0,18	
10,905	-0,21	
10,91	-0,24	
10,915	-0,28	
10,92	-0,31	
10,925	-0,34	
10,93	-0,38	
10,935	-0,4	
10,94	-0,43	
10,945	-0,46	
10,95	-0,49	
10,955	-0,52	
10,96	-0,54	
10,965	-0,57	
10,97	-0,59	
10,975	-0,63	
10,98	-0,65	
10,985	-0,68	
10,99	-0,71	
10,995	-0,73	
11,0	-0,76	
11,005	-0,78	
11,01	-0,8	
11,015	-0,82	
11,02	-0,85	
11,025	-0,87	
11,03	-0,89	
11,035	-0,91	
11,04	-0,93	
11,045	-0,94	
11,05	-0,95	
11,055	-0,96	
11,06	-0,98	
11,065	-1,01	
11,07	-1,03	
11,075	-1,04	
11,08	-1,05	
11,085	-1,05	
11,09	-1,06	
11,095	-1,07	
11,1	-1,08	
11,105	-1,09	
11,11	-1,1	
11,115	-1,11	
11,12	-1,11	
11,125	-1,11	
11,13	-1,11	
11,135	-1,11	
11,14	-1,11	
11,145	-1,11	
11,15	-1,12	
11,155	-1,12	
11,16	-1,12	
11,165	-1,11	
11,17	-1,11	
11,175	-1,1	
11,18	-1,09	
11,185	-1,09	
11,19	-1,08	
11,195	-1,07	
11,2	-1,05	
11,205	-1,04	
11,21	-1,03	
11,215	-1,02	
11,22	-1,01	
11,225	-1	
11,23	-0,99	
11,235	-0,97	
11,24	-0,95	
11,245	-0,93	
11,25	-0,91	
11,255	-0,89	
11,26	-0,88	
11,265	-0,86	
11,27	-0,84	
11,275	-0,82	
11,28	-0,8	
11,285	-0,77	
11,29	-0,75	
11,295	-0,72	
11,3	-0,7	
11,305	-0,68	
11,31	-0,65	
11,315	-0,63	
11,32	-0,6	
11,325	-0,58	
11,33	-0,55	
11,335	-0,52	
11,34	-0,49	
11,345	-0,46	
11,35	-0,43	
11,355	-0,41	
11,36	-0,37	
11,365	-0,34	
11,37	-0,31	
11,375	-0,29	
11,38	-0,26	
11,385	-0,22	
11,39	-0,19	
11,395	-0,16	
11,4	-0,13	
11,405	-0,1	
11,41	-0,07	
11,415	-0,04	
11,42	-0,01	
11,425	0,02	
11,43	0,06	
11,435	0,09	
11,44	0,12	
11,445	0,15	
11,45	0,18	
11,455	0,21	
11,46	0,23	
11,465	0,26	
11,47	0,29	
11,475	0,33	
11,48	0,36	
11,485	0,39	
11,49	0,42	
11,495	0,44	
11,5	0,47	
11,505	0,49	
11,51	0,52	
11,515	0,54	
11,52	0,58	
11,525	0,6	
11,53	0,62	
11,535	0,65	
11,54	0,67	
11,545	0,69	
11,55	0,71	
11,555	0,73	
11,56	0,75	
11,565	0,78	
11,57	0,8	
11,575	0,82	
11,58	0,83	
11,585	0,85	
11,59	0,87	
11,595	0,89	
11,6	0,9	
11,605	0,92	
11,61	0,93	
11,615	0,94	
11,62	0,95	
11,625	0,96	
11,63	0,97	
11,635	0,98	
11,64	1	
11,645	1	
11,65	1,01	
11,655	1,02	
11,66	1,02	
11,665	1,03	
11,67	1,04	
11,675	1,04	
11,68	1,04	
11,685	1,04	
11,69	1,04	
11,695	1,03	
11,7	1,03	
11,705	1,02	
11,71	1,02	
11,715	1,02	
11,72	1,02	
11,725	1,02	
11,73	1,01	
11,735	1	
11,74	0,99	
11,745	0,98	
11,75	0,97	
11,755	0,96	
11,76	0,95	
11,765	0,94	
11,77	0,92	
11,775	0,91	
11,78	0,89	
11,785	0,88	
11,79	0,87	
11,795	0,85	
11,8	0,83	
11,805	0,81	
11,81	0,79	
11,815	0,77	
11,82	0,74	
11,825	0,73	
11,83	0,71	
11,835	0,7	
11,84	0,66	
11,845	0,64	
11,85	0,62	
11,855	0,59	
11,86	0,56	
11,865	0,54	
11,87	0,53	
11,875	0,51	
11,88	0,48	
11,885	0,44	
11,89	0,41	
11,895	0,38	
11,9	0,36	
11,905	0,33	
11,91	0,31	
11,915	0,28	
11,92	0,25	
11,925	0,23	
11,93	0,18	
11,935	0,15	
11,94	0,13	
11,945	0,1	
11,95	0,08	
11,955	0,06	
11,96	0,03	
11,965	-0,01	
11,97	-0,04	
11,975	-0,08	
11,98	-0,1	
11,985	-0,13	
11,99	-0,15	
11,995	-0,18	
12,0	-0,2	
12,005	-0,23	
12,01	-0,26	
12,015	-0,29	
12,02	-0,32	
12,025	-0,35	
12,03	-0,37	
12,035	-0,39	
12,04	-0,42	
12,045	-0,45	
12,05	-0,47	
12,055	-0,5	
12,06	-0,52	
12,065	-0,55	
12,07	-0,57	
12,075	-0,59	
12,08	-0,61	
12,085	-0,64	
12,09	-0,66	
12,095	-0,68	
12,1	-0,69	
12,105	-0,71	
12,11	-0,73	
12,115	-0,75	
12,12	-0,77	
12,125	-0,79	
12,13	-0,8	
12,135	-0,82	
12,14	-0,83	
12,145	-0,83	
12,15	-0,84	
12,155	-0,86	
12,16	-0,87	
12,165	-0,89	
12,17	-0,9	
12,175	-0,9	
12,18	-0,9	
12,185	-0,91	
12,19	-0,91	
12,195	-0,92	
12,2	-0,93	
12,205	-0,94	
12,21	-0,94	
12,215	-0,94	
12,22	-0,94	
12,225	-0,94	
12,23	-0,94	
12,235	-0,94	
12,24	-0,94	
12,245	-0,94	
12,25	-0,94	
12,255	-0,93	
12,26	-0,92	
12,265	-0,91	
12,27	-0,91	
12,275	-0,9	
12,28	-0,9	
12,285	-0,89	
12,29	-0,88	
12,295	-0,87	
12,3	-0,85	
12,305	-0,84	
12,31	-0,83	
12,315	-0,82	
12,32	-0,81	
12,325	-0,8	
12,33	-0,79	
12,335	-0,77	
12,34	-0,73	
12,345	-0,72	
12,35	-0,7	
12,355	-0,69	
12,36	-0,67	
12,365	-0,66	
12,37	-0,64	
12,375	-0,61	
12,38	-0,59	
12,385	-0,56	
12,39	-0,54	
12,395	-0,52	
12,4	-0,5	
12,405	-0,48	
12,41	-0,46	
12,415	-0,44	
12,42	-0,41	
12,425	-0,39	
12,43	-0,36	
12,435	-0,33	
12,44	-0,31	
12,445	-0,29	
12,45	-0,26	
12,455	-0,23	
12,46	-0,21	
12,465	-0,18	
12,47	-0,16	
12,475	-0,12	
12,48	-0,1	
12,485	-0,07	
12,49	-0,05	
12,495	-0,02	
12,5	0,01	
12,505	0,04	
12,51	0,06	
12,515	0,08	
12,52	0,12	
12,525	0,14	
12,53	0,17	
12,535	0,2	
12,54	0,23	
12,545	0,25	
12,55	0,27	
12,555	0,29	
12,56	0,31	
12,565	0,34	
12,57	0,37	
12,575	0,39	
12,58	0,42	
12,585	0,44	
12,59	0,46	
12,595	0,47	
12,6	0,5	
12,605	0,51	
12,61	0,55	
12,615	0,57	
12,62	0,59	
12,625	0,6	
12,63	0,62	
12,635	0,63	
12,64	0,65	
12,645	0,66	
12,65	0,68	
12,655	0,7	
12,66	0,72	
12,665	0,73	
12,67	0,74	
12,675	0,75	
12,68	0,76	
12,685	0,78	
12,69	0,79	
12,695	0,8	
12,7	0,81	
12,705	0,82	
12,71	0,83	
12,715	0,83	
12,72	0,84	
12,725	0,85	
12,73	0,85	
12,735	0,86	
12,74	0,86	
12,745	0,86	
12,75	0,86	
12,755	0,86	
12,76	0,86	
12,765	0,86	
12,77	0,86	
12,775	0,86	
12,78	0,86	
12,785	0,85	
12,79	0,85	
12,795	0,84	
12,8	0,83	
12,805	0,83	
12,81	0,82	
12,815	0,82	
12,82	0,81	
12,825	0,8	
12,83	0,79	
12,835	0,78	
12,84	0,76	
12,845	0,75	
12,85	0,74	
12,855	0,72	
12,86	0,71	
12,865	0,7	
12,87	0,68	
12,875	0,66	
12,88	0,65	
12,885	0,63	
12,89	0,61	
12,895	0,59	
12,9	0,57	
12,905	0,55	
12,91	0,53	
12,915	0,51	
12,92	0,49	
12,925	0,48	
12,93	0,45	
12,935	0,43	
12,94	0,41	
12,945	0,39	
12,95	0,36	
12,955	0,34	
12,96	0,32	
12,965	0,29	
12,97	0,27	
12,975	0,24	
12,98	0,21	
12,985	0,19	
12,99	0,17	
12,995	0,14	
13,0	0,12	
13,005	0,1	
13,01	0,08	
13,015	0,05	
13,02	0,02	
13,025	-0,01	
13,03	-0,03	
13,035	-0,06	
13,04	-0,08	
13,045	-0,1	
13,05	-0,13	
13,055	-0,15	
13,06	-0,18	
13,065	-0,18	
13,07	-0,24	
13,075	-0,26	
13,08	-0,28	
13,085	-0,3	
13,09	-0,32	
13,095	-0,35	
13,1	-0,37	
13,105	-0,39	
13,11	-0,41	
13,115	-0,44	
13,12	-0,46	
13,125	-0,48	
13,13	-0,5	
13,135	-0,51	
13,14	-0,53	
13,145	-0,55	
13,15	-0,57	
13,155	-0,58	
13,16	-0,61	
13,165	-0,62	
13,17	-0,64	
13,175	-0,65	
13,18	-0,67	
13,185	-0,68	
13,19	-0,69	
13,195	-0,71	
13,2	-0,71	
13,205	-0,73	
13,21	-0,74	
13,215	-0,75	
13,22	-0,77	
13,225	-0,77	
13,23	-0,78	
13,235	-0,79	
13,24	-0,79	
13,245	-0,79	
13,25	-0,81	
13,255	-0,81	
13,26	-0,82	
13,265	-0,82	
13,27	-0,82	
13,275	-0,82	
13,28	-0,82	
13,285	-0,82	
13,29	-0,82	
13,295	-0,81	
13,3	-0,81	
13,305	-0,81	
13,31	-0,81	
13,315	-0,8	
13,32	-0,8	
13,325	-0,79	
13,33	-0,78	
13,335	-0,78	
13,34	-0,77	
13,345	-0,77	
13,35	-0,75	
13,355	-0,74	
13,36	-0,73	
13,365	-0,72	
13,37	-0,71	
13,375	-0,7	
13,38	-0,69	
13,385	-0,67	
13,39	-0,65	
13,395	-0,63	
13,4	-0,62	
13,405	-0,6	
13,41	-0,59	
13,415	-0,58	
13,42	-0,56	
13,425	-0,54	
13,43	-0,51	
13,435	-0,49	
13,44	-0,47	
13,445	-0,45	
13,45	-0,43	
13,455	-0,42	
13,46	-0,4	
13,465	-0,38	
13,47	-0,35	
13,475	-0,32	
13,48	-0,3	
13,485	-0,28	
13,49	-0,26	
13,495	-0,24	
13,5	-0,22	
13,505	-0,19	
13,51	-0,17	
13,515	-0,14	
13,52	-0,12	
13,525	-0,08	
13,53	-0,06	
13,535	-0,04	
13,54	-0,02	
13,545	0,01	
13,55	0,03	
13,555	0,06	
13,56	0,08	
13,565	0,1	
13,57	0,13	
13,575	0,16	
13,58	0,18	
13,585	0,21	
13,59	0,23	
13,595	0,26	
13,6	0,28	
13,605	0,3	
13,61	0,32	
13,615	0,35	
13,62	0,37	
13,625	0,39	
13,63	0,42	
13,635	0,44	
13,64	0,46	
13,645	0,47	
13,65	0,48	
13,655	0,5	
13,66	0,52	
13,665	0,55	
13,67	0,57	
13,675	0,59	
13,68	0,6	
13,685	0,62	
13,69	0,63	
13,695	0,64	
13,7	0,66	
13,705	0,68	
13,71	0,7	
13,715	0,71	
13,72	0,72	
13,725	0,73	
13,73	0,74	
13,735	0,75	
13,74	0,76	
13,745	0,77	
13,75	0,78	
13,755	0,79	
13,76	0,79	
13,765	0,8	
13,77	0,8	
13,775	0,81	
13,78	0,81	
13,785	0,82	
13,79	0,82	
13,795	0,82	
13,8	0,82	
13,805	0,82	
13,81	0,82	
13,815	0,82	
13,82	0,82	
13,825	0,82	
13,83	0,82	
13,835	0,81	
13,84	0,8	
13,845	0,79	
13,85	0,79	
13,855	0,78	
13,86	0,78	
13,865	0,77	
13,87	0,77	
13,875	0,76	
13,88	0,75	
13,885	0,73	
13,89	0,72	
13,895	0,71	
13,9	0,7	
13,905	0,69	
13,91	0,67	
13,915	0,65	
13,92	0,64	
13,925	0,62	
13,93	0,6	
13,935	0,58	
13,94	0,57	
13,945	0,55	
13,95	0,53	
13,955	0,51	
13,96	0,49	
13,965	0,47	
13,97	0,45	
13,975	0,43	
13,98	0,41	
13,985	0,39	
13,99	0,36	
13,995	0,34	
14,0	0,32	
14,005	0,29	
14,01	0,27	
14,015	0,25	
14,02	0,23	
14,025	0,19	
14,03	0,17	
14,035	0,14	
14,04	0,12	
14,045	0,1	
14,05	0,07	
14,055	0,05	
14,06	0,03	
14,065	0	
14,07	-0,04	
14,075	-0,06	
14,08	-0,09	
14,085	-0,11	
14,09	-0,13	
14,095	-0,16	
14,1	-0,17	
14,105	-0,2	
14,11	-0,22	
14,115	-0,26	
14,12	-0,29	
14,125	-0,31	
14,13	-0,33	
14,135	-0,35	
14,14	-0,37	
14,145	-0,39	
14,15	-0,42	
14,155	-0,44	
14,16	-0,48	
14,165	-0,5	
14,17	-0,51	
14,175	-0,53	
14,18	-0,55	
14,185	-0,57	
14,19	-0,59	
14,195	-0,61	
14,2	-0,63	
14,205	-0,65	
14,21	-0,66	
14,215	-0,68	
14,22	-0,69	
14,225	-0,71	
14,23	-0,73	
14,235	-0,75	
14,24	-0,76	
14,245	-0,77	
14,25	-0,79	
14,255	-0,8	
14,26	-0,8	
14,265	-0,82	
14,27	-0,82	
14,275	-0,83	
14,28	-0,84	
14,285	-0,85	
14,29	-0,85	
14,295	-0,86	
14,3	-0,86	
14,305	-0,87	
14,31	-0,88	
14,315	-0,88	
14,32	-0,88	
14,325	-0,88	
14,33	-0,88	
14,335	-0,88	
14,34	-0,88	
14,345	-0,88	
14,35	-0,88	
14,355	-0,88	
14,36	-0,87	
14,365	-0,87	
14,37	-0,86	
14,375	-0,85	
14,38	-0,85	
14,385	-0,84	
14,39	-0,83	
14,395	-0,82	
14,4	-0,81	
14,405	-0,8	
14,41	-0,79	
14,415	-0,77	
14,42	-0,76	
14,425	-0,75	
14,43	-0,74	
14,435	-0,72	
14,44	-0,7	
14,445	-0,69	
14,45	-0,67	
14,455	-0,65	
14,46	-0,63	
14,465	-0,62	
14,47	-0,6	
14,475	-0,59	
14,48	-0,56	
14,485	-0,54	
14,49	-0,51	
14,495	-0,49	
14,5	-0,47	
14,505	-0,45	
14,51	-0,43	
14,515	-0,41	
14,52	-0,39	
14,525	-0,35	
14,53	-0,33	
14,535	-0,3	
14,54	-0,28	
14,545	-0,26	
14,55	-0,23	
14,555	-0,21	
14,56	-0,18	
14,565	-0,16	
14,57	-0,11	
14,575	-0,09	
14,58	-0,07	
14,585	-0,04	
14,59	-0,02	
14,595	0,01	
14,6	0,03	
14,605	0,06	
14,61	0,09	
14,615	0,12	
14,62	0,15	
14,625	0,18	
14,63	0,2	
14,635	0,23	
14,64	0,25	
14,645	0,28	
14,65	0,3	
14,655	0,33	
14,66	0,36	
14,665	0,38	
14,67	0,41	
14,675	0,43	
14,68	0,45	
14,685	0,48	
14,69	0,5	
14,695	0,52	
14,7	0,55	
14,705	0,58	
14,71	0,6	
14,715	0,62	
14,72	0,64	
14,725	0,66	
14,73	0,68	
14,735	0,7	
14,74	0,71	
14,745	0,73	
14,75	0,75	
14,755	0,77	
14,76	0,78	
14,765	0,8	
14,77	0,82	
14,775	0,83	
14,78	0,84	
14,785	0,85	
14,79	0,86	
14,795	0,88	
14,8	0,89	
14,805	0,91	
14,81	0,92	
14,815	0,92	
14,82	0,93	
14,825	0,94	
14,83	0,94	
14,835	0,94	
14,84	0,95	
14,845	0,96	
14,85	0,96	
14,855	0,96	
14,86	0,96	
14,865	0,97	
14,87	0,96	
14,875	0,97	
14,88	0,97	
14,885	0,97	
14,89	0,96	
14,895	0,95	
14,9	0,95	
14,905	0,94	
14,91	0,93	
14,915	0,92	
14,92	0,92	
14,925	0,91	
14,93	0,9	
14,935	0,89	
14,94	0,87	
14,945	0,86	
14,95	0,85	
14,955	0,84	
14,96	0,83	
14,965	0,81	
14,97	0,8	
14,975	0,78	
14,98	0,75	
14,985	0,74	
14,99	0,72	
14,995	0,7	
15,0	0,69	
15,005	0,67	
15,01	0,65	
15,015	0,63	
15,02	0,6	
15,025	0,57	
15,03	0,55	
15,035	0,53	
15,04	0,51	
15,045	0,48	
15,05	0,46	
15,055	0,43	
15,06	0,4	
15,065	0,38	
15,07	0,34	
15,075	0,32	
15,08	0,29	
15,085	0,27	
15,09	0,24	
15,095	0,21	
15,1	0,18	
15,105	0,15	
15,11	0,13	
15,115	0,09	
15,12	0,06	
15,125	0,04	
15,13	0,01	
15,135	-0,02	
15,14	-0,05	
15,145	-0,08	
15,15	-0,11	
15,155	-0,13	
15,16	-0,17	
15,165	-0,2	
15,17	-0,23	
15,175	-0,26	
15,18	-0,29	
15,185	-0,31	
15,19	-0,34	
15,195	-0,36	
15,2	-0,39	
15,205	-0,43	
15,21	-0,46	
15,215	-0,48	
15,22	-0,51	
15,225	-0,53	
15,23	-0,55	
15,235	-0,57	
15,24	-0,6	
15,245	-0,63	
15,25	-0,66	
15,255	-0,68	
15,26	-0,7	
15,265	-0,72	
15,27	-0,74	
15,275	-0,75	
15,28	-0,77	
15,285	-0,79	
15,29	-0,82	
15,295	-0,84	
15,3	-0,86	
15,305	-0,87	
15,31	-0,89	
15,315	-0,9	
15,32	-0,92	
15,325	-0,93	
15,33	-0,95	
15,335	-0,96	
15,34	-0,97	
15,345	-0,98	
15,35	-0,99	
15,355	-1	
15,36	-1	
15,365	-1,01	
15,37	-1,02	
15,375	-1,03	
15,38	-1,04	
15,385	-1,04	
15,39	-1,04	
15,395	-1,04	
15,4	-1,05	
15,405	-1,05	
15,41	-1,05	
15,415	-1,05	
15,42	-1,05	
15,425	-1,04	
15,43	-1,04	
15,435	-1,03	
15,44	-1,02	
15,445	-1,02	
15,45	-1,02	
15,455	-1,01	
15,46	-1	
15,465	-0,99	
15,47	-0,98	
15,475	-0,96	
15,48	-0,95	
15,485	-0,94	
15,49	-0,93	
15,495	-0,92	
15,5	-0,9	
15,505	-0,89	
15,51	-0,87	
15,515	-0,86	
15,52	-0,84	
15,525	-0,81	
15,53	-0,79	
15,535	-0,77	
15,54	-0,75	
15,545	-0,73	
15,55	-0,71	
15,555	-0,69	
15,56	-0,67	
15,565	-0,65	
15,57	-0,61	
15,575	-0,59	
15,58	-0,56	
15,585	-0,53	
15,59	-0,51	
15,595	-0,48	
15,6	-0,46	
15,605	-0,43	
15,61	-0,41	
15,615	-0,37	
15,62	-0,34	
15,625	-0,31	
15,63	-0,28	
15,635	-0,26	
15,64	-0,23	
15,645	-0,2	
15,65	-0,17	
15,655	-0,14	
15,66	-0,09	
15,665	-0,06	
15,67	-0,03	
15,675	0	
15,68	0,02	
15,685	0,05	
15,69	0,08	
15,695	0,11	
15,7	0,14	
15,705	0,18	
15,71	0,21	
15,715	0,24	
15,72	0,27	
15,725	0,29	
15,73	0,32	
15,735	0,35	
15,74	0,39	
15,745	0,41	
15,75	0,45	
15,755	0,48	
15,76	0,5	
15,765	0,52	
15,77	0,55	
15,775	0,58	
15,78	0,61	
15,785	0,63	
15,79	0,65	
15,795	0,68	
15,8	0,71	
15,805	0,73	
15,81	0,75	
15,815	0,78	
15,82	0,8	
15,825	0,82	
15,83	0,84	
15,835	0,86	
15,84	0,88	
15,845	0,91	
15,85	0,92	
15,855	0,94	
15,86	0,95	
15,865	0,97	
15,87	0,98	
15,875	1	
15,88	1,01	
15,885	1,02	
15,89	1,04	
15,895	1,05	
15,9	1,06	
15,905	1,07	
15,91	1,08	
15,915	1,08	
15,92	1,09	
15,925	1,1	
15,93	1,1	
15,935	1,11	
15,94	1,11	
15,945	1,1	
15,95	1,1	
15,955	1,1	
15,96	1,11	
15,965	1,11	
15,97	1,11	
15,975	1,11	
15,98	1,1	
15,985	1,09	
15,99	1,09	
15,995	1,08	
16,0	1,07	
16,005	1,06	
16,01	1,05	
16,015	1,05	
16,02	1,03	
16,025	1,02	
16,03	1,01	
16,035	0,99	
16,04	0,98	
16,045	0,96	
16,05	0,95	
16,055	0,93	
16,06	0,91	
16,065	0,89	
16,07	0,86	
16,075	0,85	
16,08	0,83	
16,085	0,81	
16,09	0,79	
16,095	0,76	
16,1	0,74	
16,105	0,72	
16,11	0,7	
16,115	0,66	
16,12	0,64	
16,125	0,62	
16,13	0,59	
16,135	0,56	
16,14	0,53	
16,145	0,5	
16,15	0,48	
16,155	0,45	
16,16	0,41	
16,165	0,38	
16,17	0,35	
16,175	0,32	
16,18	0,29	
16,185	0,26	
16,19	0,23	
16,195	0,2	
16,2	0,18	
16,205	0,13	
16,21	0,1	
16,215	0,07	
16,22	0,04	
16,225	0,01	
16,23	-0,02	
16,235	-0,05	
16,24	-0,08	
16,245	-0,11	
16,25	-0,14	
16,255	-0,19	
16,26	-0,23	
16,265	-0,26	
16,27	-0,29	
16,275	-0,31	
16,28	-0,34	
16,285	-0,37	
16,29	-0,4	
16,295	-0,43	
16,3	-0,47	
16,305	-0,5	
16,31	-0,52	
16,315	-0,55	
16,32	-0,57	
16,325	-0,6	
16,33	-0,63	
16,335	-0,66	
16,34	-0,68	
16,345	-0,72	
16,35	-0,74	
16,355	-0,76	
16,36	-0,78	
16,365	-0,8	
16,37	-0,83	
16,375	-0,85	
16,38	-0,87	
16,385	-0,89	
16,39	-0,92	
16,395	-0,93	
16,4	-0,95	
16,405	-0,97	
16,41	-0,99	
16,415	-1	
16,42	-1,02	
16,425	-1,03	
16,43	-1,04	
16,435	-1,06	
16,44	-1,07	
16,445	-1,08	
16,45	-1,09	
16,455	-1,1	
16,46	-1,1	
16,465	-1,11	
16,47	-1,12	
16,475	-1,12	
16,48	-1,12	
16,485	-1,13	
16,49	-1,14	
16,495	-1,14	
16,5	-1,14	
16,505	-1,14	
16,51	-1,14	
16,515	-1,13	
16,52	-1,13	
16,525	-1,13	
16,53	-1,13	
16,535	-1,12	
16,54	-1,12	
16,545	-1,11	
16,55	-1,1	
16,555	-1,09	
16,56	-1,08	
16,565	-1,07	
16,57	-1,05	
16,575	-1,04	
16,58	-1,03	
16,585	-1,01	
16,59	-1	
16,595	-0,98	
16,6	-0,96	
16,605	-0,95	
16,61	-0,93	
16,615	-0,91	
16,62	-0,89	
16,625	-0,87	
16,63	-0,85	
16,635	-0,82	
16,64	-0,8	
16,645	-0,78	
16,65	-0,76	
16,655	-0,74	
16,66	-0,7	
16,665	-0,68	
16,67	-0,65	
16,675	-0,63	
16,68	-0,6	
16,685	-0,58	
16,69	-0,55	
16,695	-0,52	
16,7	-0,5	
16,705	-0,47	
16,71	-0,43	
16,715	-0,4	
16,72	-0,37	
16,725	-0,34	
16,73	-0,31	
16,735	-0,28	
16,74	-0,25	
16,745	-0,22	
16,75	-0,19	
16,755	-0,14	
16,76	-0,11	
16,765	-0,08	
16,77	-0,05	
16,775	-0,02	
16,78	0,01	
16,785	0,04	
16,79	0,07	
16,795	0,1	
16,8	0,14	
16,805	0,17	
16,81	0,2	
16,815	0,24	
16,82	0,27	
16,825	0,3	
16,83	0,33	
16,835	0,35	
16,84	0,38	
16,845	0,42	
16,85	0,45	
16,855	0,48	
16,86	0,51	
16,865	0,53	
16,87	0,56	
16,875	0,58	
16,88	0,61	
16,885	0,63	
16,89	0,67	
16,895	0,7	
16,9	0,72	
16,905	0,75	
16,91	0,77	
16,915	0,79	
16,92	0,82	
16,925	0,84	
16,93	0,86	
16,935	0,89	
16,94	0,9	
16,945	0,92	
16,95	0,94	
16,955	0,95	
16,96	0,96	
16,965	0,98	
16,97	1	
16,975	1,01	
16,98	1,03	
16,985	1,04	
16,99	1,05	
16,995	1,06	
17,0	1,07	
17,005	1,08	
17,01	1,09	
17,015	1,1	
17,02	1,1	
17,025	1,11	
17,03	1,12	
17,035	1,12	
17,04	1,12	
17,045	1,13	
17,05	1,13	
17,055	1,13	
17,06	1,12	
17,065	1,12	
17,07	1,11	
17,075	1,11	
17,08	1,11	
17,085	1,11	
17,09	1,1	
17,095	1,09	
17,1	1,08	
17,105	1,07	
17,11	1,06	
17,115	1,05	
17,12	1,04	
17,125	1,03	
17,13	1,02	
17,135	1	
17,14	0,99	
17,145	0,97	
17,15	0,96	
17,155	0,94	
17,16	0,93	
17,165	0,91	
17,17	0,88	
17,175	0,86	
17,18	0,84	
17,185	0,82	
17,19	0,79	
17,195	0,78	
17,2	0,76	
17,205	0,73	
17,21	0,7	
17,215	0,67	
17,22	0,64	
17,225	0,62	
17,23	0,59	
17,235	0,57	
17,24	0,55	
17,245	0,53	
17,25	0,5	
17,255	0,46	
17,26	0,42	
17,265	0,39	
17,27	0,37	
17,275	0,34	
17,28	0,31	
17,285	0,29	
17,29	0,26	
17,295	0,22	
17,3	0,18	
17,305	0,15	
17,31	0,12	
17,315	0,09	
17,32	0,06	
17,325	0,03	
17,33	0	
17,335	-0,03	
17,34	-0,06	
17,345	-0,11	
17,35	-0,13	
17,355	-0,16	
17,36	-0,19	
17,365	-0,22	
17,37	-0,25	
17,375	-0,28	
17,38	-0,31	
17,385	-0,34	
17,39	-0,37	
17,395	-0,4	
17,4	-0,43	
17,405	-0,46	
17,41	-0,48	
17,415	-0,52	
17,42	-0,54	
17,425	-0,56	
17,43	-0,59	
17,435	-0,62	
17,44	-0,64	
17,445	-0,67	
17,45	-0,69	
17,455	-0,72	
17,46	-0,74	
17,465	-0,76	
17,47	-0,78	
17,475	-0,8	
17,48	-0,83	
17,485	-0,85	
17,49	-0,87	
17,495	-0,89	
17,5	-0,9	
17,505	-0,91	
17,51	-0,92	
17,515	-0,94	
17,52	-0,95	
17,525	-0,97	
17,53	-0,99	
17,535	-1	
17,54	-1,01	
17,545	-1,02	
17,55	-1,02	
17,555	-1,03	
17,56	-1,04	
17,565	-1,05	
17,57	-1,06	
17,575	-1,07	
17,58	-1,07	
17,585	-1,07	
17,59	-1,07	
17,595	-1,07	
17,6	-1,07	
17,605	-1,07	
17,61	-1,07	
17,615	-1,07	
17,62	-1,06	
17,625	-1,06	
17,63	-1,05	
17,635	-1,04	
17,64	-1,04	
17,645	-1,03	
17,65	-1,03	
17,655	-1,02	
17,66	-1,01	
17,665	-0,99	
17,67	-0,98	
17,675	-0,97	
17,68	-0,96	
17,685	-0,95	
17,69	-0,93	
17,695	-0,92	
17,7	-0,9	
17,705	-0,88	
17,71	-0,86	
17,715	-0,84	
17,72	-0,83	
17,725	-0,81	
17,73	-0,79	
17,735	-0,77	
17,74	-0,75	
17,745	-0,72	
17,75	-0,7	
17,755	-0,67	
17,76	-0,65	
17,765	-0,63	
17,77	-0,61	
17,775	-0,58	
17,78	-0,55	
17,785	-0,53	
17,79	-0,5	
17,795	-0,48	
17,8	-0,45	
17,805	-0,42	
17,81	-0,4	
17,815	-0,37	
17,82	-0,33	
17,825	-0,3	
17,83	-0,28	
17,835	-0,25	
17,84	-0,23	
17,845	-0,19	
17,85	-0,16	
17,855	-0,13	
17,86	-0,1	
17,865	-0,07	
17,87	-0,04	
17,875	-0,02	
17,88	0,01	
17,885	0,04	
17,89	0,08	
17,895	0,11	
17,9	0,14	
17,905	0,17	
17,91	0,19	
17,915	0,22	
17,92	0,24	
17,925	0,27	
17,93	0,3	
17,935	0,34	
17,94	0,37	
17,945	0,4	
17,95	0,42	
17,955	0,44	
17,96	0,46	
17,965	0,49	
17,97	0,51	
17,975	0,54	
17,98	0,58	
17,985	0,6	
17,99	0,62	
17,995	0,64	
18,0	0,65	
18,005	0,67	
18,01	0,69	
18,015	0,71	
18,02	0,73	
18,025	0,75	
18,03	0,78	
18,035	0,79	
18,04	0,81	
18,045	0,82	
18,05	0,84	
18,055	0,86	
18,06	0,87	
18,065	0,89	
18,07	0,9	
18,075	0,91	
18,08	0,92	
18,085	0,93	
18,09	0,94	
18,095	0,95	
18,1	0,96	
18,105	0,97	
18,11	0,97	
18,115	0,97	
18,12	0,98	
18,125	0,98	
18,13	0,99	
18,135	0,99	
18,14	0,99	
18,145	0,99	
18,15	0,99	
18,155	0,98	
18,16	0,98	
18,165	0,98	
18,17	0,98	
18,175	0,98	
18,18	0,97	
18,185	0,96	
18,19	0,95	
18,195	0,94	
18,2	0,94	
18,205	0,93	
18,21	0,92	
18,215	0,91	
18,22	0,9	
18,225	0,88	
18,23	0,87	
18,235	0,85	
18,24	0,84	
18,245	0,83	
18,25	0,82	
18,255	0,8	
18,26	0,78	
18,265	0,75	
18,27	0,73	
18,275	0,71	
18,28	0,69	
18,285	0,68	
18,29	0,66	
18,295	0,65	
18,3	0,61	
18,305	0,59	
18,31	0,57	
18,315	0,55	
18,32	0,52	
18,325	0,5	
18,33	0,48	
18,335	0,46	
18,34	0,43	
18,345	0,39	
18,35	0,37	
18,355	0,34	
18,36	0,32	
18,365	0,29	
18,37	0,27	
18,375	0,24	
18,38	0,22	
18,385	0,19	
18,39	0,15	
18,395	0,12	
18,4	0,1	
18,405	0,07	
18,41	0,05	
18,415	0,02	
18,42	-0,01	
18,425	-0,03	
18,43	-0,06	
18,435	-0,1	
18,44	-0,12	
18,445	-0,15	
18,45	-0,17	
18,455	-0,2	
18,46	-0,22	
18,465	-0,25	
18,47	-0,28	
18,475	-0,3	
18,48	-0,32	
18,485	-0,35	
18,49	-0,38	
18,495	-0,4	
18,5	-0,43	
18,505	-0,45	
18,51	-0,48	
18,515	-0,5	
18,52	-0,51	
18,525	-0,53	
18,53	-0,56	
18,535	-0,58	
18,54	-0,6	
18,545	-0,63	
18,55	-0,64	
18,555	-0,66	
18,56	-0,67	
18,565	-0,69	
18,57	-0,7	
18,575	-0,73	
18,58	-0,75	
18,585	-0,76	
18,59	-0,77	
18,595	-0,79	
18,6	-0,79	
18,605	-0,8	
18,61	-0,81	
18,615	-0,83	
18,62	-0,85	
18,625	-0,86	
18,63	-0,86	
18,635	-0,86	
18,64	-0,87	
18,645	-0,87	
18,65	-0,88	
18,655	-0,88	
18,66	-0,89	
18,665	-0,9	
18,67	-0,9	
18,675	-0,9	
18,68	-0,9	
18,685	-0,9	
18,69	-0,9	
18,695	-0,9	
18,7	-0,89	
18,705	-0,89	
18,71	-0,88	
18,715	-0,88	
18,72	-0,87	
18,725	-0,86	
18,73	-0,86	
18,735	-0,85	
18,74	-0,85	
18,745	-0,84	
18,75	-0,83	
18,755	-0,81	
18,76	-0,79	
18,765	-0,78	
18,77	-0,77	
18,775	-0,77	
18,78	-0,75	
18,785	-0,74	
18,79	-0,72	
18,795	-0,7	
18,8	-0,68	
18,805	-0,66	
18,81	-0,65	
18,815	-0,64	
18,82	-0,62	
18,825	-0,6	
18,83	-0,58	
18,835	-0,56	
18,84	-0,54	
18,845	-0,51	
18,85	-0,49	
18,855	-0,47	
18,86	-0,45	
18,865	-0,43	
18,87	-0,4	
18,875	-0,38	
18,88	-0,35	
18,885	-0,33	
18,89	-0,3	
18,895	-0,28	
18,9	-0,26	
18,905	-0,24	
18,91	-0,21	
18,915	-0,18	
18,92	-0,16	
18,925	-0,14	
18,93	-0,12	
18,935	-0,09	
18,94	-0,06	
18,945	-0,03	
18,95	-0,01	
18,955	0,02	
18,96	0,04	
18,965	0,06	
18,97	0,08	
18,975	0,11	
18,98	0,13	
18,985	0,17	
18,99	0,2	
18,995	0,22	
19,0	0,24	
19,005	0,26	
19,01	0,28	
19,015	0,31	
19,02	0,33	
19,025	0,35	
19,03	0,39	
19,035	0,41	
19,04	0,43	
19,045	0,44	
19,05	0,46	
19,055	0,48	
19,06	0,5	
19,065	0,52	
19,07	0,54	
19,075	0,57	
19,08	0,58	
19,085	0,6	
19,09	0,61	
19,095	0,63	
19,1	0,64	
19,105	0,66	
19,11	0,68	
19,115	0,69	
19,12	0,71	
19,125	0,72	
19,13	0,73	
19,135	0,74	
19,14	0,75	
19,145	0,76	
19,15	0,77	
19,155	0,78	
19,16	0,79	
19,165	0,79	
19,17	0,79	
19,175	0,8	
19,18	0,81	
19,185	0,81	
19,19	0,82	
19,195	0,82	
19,2	0,82	
19,205	0,82	
19,21	0,82	
19,215	0,82	
19,22	0,82	
19,225	0,82	
19,23	0,82	
19,235	0,82	
19,24	0,81	
19,245	0,8	
19,25	0,8	
19,255	0,8	
19,26	0,79	
19,265	0,79	
19,27	0,78	
19,275	0,77	
19,28	0,76	
19,285	0,74	
19,29	0,73	
19,295	0,72	
19,3	0,71	
19,305	0,7	
19,31	0,68	
19,315	0,67	
19,32	0,65	
19,325	0,64	
19,33	0,62	
19,335	0,61	
19,34	0,6	
19,345	0,57	
19,35	0,55	
19,355	0,53	
19,36	0,52	
19,365	0,5	
19,37	0,48	
19,375	0,46	
19,38	0,44	
19,385	0,42	
19,39	0,4	
19,395	0,37	
19,4	0,35	
19,405	0,33	
19,41	0,31	
19,415	0,29	
19,42	0,27	
19,425	0,25	
19,43	0,22	
19,435	0,2	
19,44	0,17	
19,445	0,14	
19,45	0,12	
19,455	0,1	
19,46	0,07	
19,465	0,05	
19,47	0,03	
19,475	0,01	
19,48	-0,02	
19,485	-0,05	
19,49	-0,08	
19,495	-0,09	
19,5	-0,12	
19,505	-0,14	
19,51	-0,16	
19,515	-0,19	
19,52	-0,21	
19,525	-0,24	
19,53	-0,27	
19,535	-0,28	
19,54	-0,3	
19,545	-0,32	
19,55	-0,35	
19,555	-0,37	
19,56	-0,39	
19,565	-0,41	
19,57	-0,43	
19,575	-0,45	
19,58	-0,47	
19,585	-0,49	
19,59	-0,51	
19,595	-0,53	
19,6	-0,55	
19,605	-0,56	
19,61	-0,57	
19,615	-0,58	
19,62	-0,61	
19,625	-0,62	
19,63	-0,64	
19,635	-0,65	
19,64	-0,67	
19,645	-0,68	
19,65	-0,69	
19,655	-0,7	
19,66	-0,71	
19,665	-0,72	
19,67	-0,73	
19,675	-0,74	
19,68	-0,75	
19,685	-0,76	
19,69	-0,76	
19,695	-0,77	
19,7	-0,77	
19,705	-0,77	
19,71	-0,78	
19,715	-0,79	
19,72	-0,79	
19,725	-0,79	
19,73	-0,79	
19,735	-0,79	
19,74	-0,78	
19,745	-0,79	
19,75	-0,79	
19,755	-0,79	
19,76	-0,78	
19,765	-0,78	
19,77	-0,77	
19,775	-0,77	
19,78	-0,76	
19,785	-0,75	
19,79	-0,75	
19,795	-0,74	
19,8	-0,73	
19,805	-0,72	
19,81	-0,7	
19,815	-0,69	
19,82	-0,68	
19,825	-0,67	
19,83	-0,66	
19,835	-0,66	
19,84	-0,64	
19,845	-0,62	
19,85	-0,6	
19,855	-0,58	
19,86	-0,57	
19,865	-0,55	
19,87	-0,54	
19,875	-0,52	
19,88	-0,51	
19,885	-0,49	
19,89	-0,47	
19,895	-0,44	
19,9	-0,42	
19,905	-0,41	
19,91	-0,39	
19,915	-0,37	
19,92	-0,35	
19,925	-0,33	
19,93	-0,3	
19,935	-0,28	
19,94	-0,25	
19,945	-0,23	
19,95	-0,21	
19,955	-0,19	
19,96	-0,16	
19,965	-0,14	
19,97	-0,11	
19,975	-0,09	
19,98	-0,07	
19,985	-0,04	
19,99	-0,02	
19,995	0	
20,0	0,03	
20,005	0,05	
20,01	0,07	
20,015	0,09	
20,02	0,11	
20,025	0,13	
20,03	0,17	
20,035	0,19	
20,04	0,22	
20,045	0,24	
20,05	0,26	
20,055	0,28	
20,06	0,3	
20,065	0,32	
20,07	0,34	
20,075	0,37	
20,08	0,4	
20,085	0,41	
20,09	0,43	
20,095	0,45	
20,1	0,46	
20,105	0,48	
20,11	0,5	
20,115	0,52	
20,12	0,55	
20,125	0,57	
20,13	0,58	
20,135	0,6	
20,14	0,61	
20,145	0,62	
20,15	0,64	
20,155	0,65	
20,16	0,67	
20,165	0,69	
20,17	0,7	
20,175	0,71	
20,18	0,72	
20,185	0,73	
20,19	0,74	
20,195	0,75	
20,2	0,76	
20,205	0,77	
20,21	0,78	
20,215	0,78	
20,22	0,79	
20,225	0,79	
20,23	0,8	
20,235	0,8	
20,24	0,8	
20,245	0,8	
20,25	0,8	
20,255	0,81	
20,26	0,81	
20,265	0,81	
20,27	0,81	
20,275	0,81	
20,28	0,8	
20,285	0,8	
20,29	0,79	
20,295	0,79	
20,3	0,78	
20,305	0,77	
20,31	0,77	
20,315	0,76	
20,32	0,75	
20,325	0,74	
20,33	0,73	
20,335	0,72	
20,34	0,71	
20,345	0,7	
20,35	0,69	
20,355	0,68	
20,36	0,66	
20,365	0,65	
20,37	0,63	
20,375	0,61	
20,38	0,6	
20,385	0,58	
20,39	0,57	
20,395	0,55	
20,4	0,53	
20,405	0,51	
20,41	0,49	
20,415	0,47	
20,42	0,45	
20,425	0,43	
20,43	0,42	
20,435	0,4	
20,44	0,36	
20,445	0,34	
20,45	0,32	
20,455	0,29	
20,46	0,28	
20,465	0,26	
20,47	0,24	
20,475	0,21	
20,48	0,19	
20,485	0,15	
20,49	0,13	
20,495	0,11	
20,5	0,08	
20,505	0,06	
20,51	0,03	
20,515	0,01	
20,52	-0,02	
20,525	-0,04	
20,53	-0,07	
20,535	-0,1	
20,54	-0,12	
20,545	-0,14	
20,55	-0,16	
20,555	-0,19	
20,56	-0,21	
20,565	-0,24	
20,57	-0,26	
20,575	-0,29	
20,58	-0,31	
20,585	-0,34	
20,59	-0,36	
20,595	-0,38	
20,6	-0,4	
20,605	-0,42	
20,61	-0,44	
20,615	-0,46	
20,62	-0,49	
20,625	-0,51	
20,63	-0,53	
20,635	-0,55	
20,64	-0,57	
20,645	-0,59	
20,65	-0,6	
20,655	-0,62	
20,66	-0,64	
20,665	-0,66	
20,67	-0,68	
20,675	-0,69	
20,68	-0,71	
20,685	-0,72	
20,69	-0,74	
20,695	-0,75	
20,7	-0,76	
20,705	-0,77	
20,71	-0,79	
20,715	-0,8	
20,72	-0,81	
20,725	-0,82	
20,73	-0,83	
20,735	-0,83	
20,74	-0,84	
20,745	-0,84	
20,75	-0,85	
20,755	-0,86	
20,76	-0,87	
20,765	-0,87	
20,77	-0,87	
20,775	-0,87	
20,78	-0,87	
20,785	-0,87	
20,79	-0,87	
20,795	-0,87	
20,8	-0,87	
20,805	-0,86	
20,81	-0,86	
20,815	-0,85	
20,82	-0,85	
20,825	-0,84	
20,83	-0,84	
20,835	-0,83	
20,84	-0,82	
20,845	-0,82	
20,85	-0,8	
20,855	-0,79	
20,86	-0,78	
20,865	-0,77	
20,87	-0,76	
20,875	-0,75	
20,88	-0,73	
20,885	-0,72	
20,89	-0,71	
20,895	-0,69	
20,9	-0,67	
20,905	-0,65	
20,91	-0,64	
20,915	-0,62	
20,92	-0,61	
20,925	-0,59	
20,93	-0,57	
20,935	-0,55	
20,94	-0,52	
20,945	-0,5	
20,95	-0,48	
20,955	-0,46	
20,96	-0,44	
20,965	-0,41	
20,97	-0,39	
20,975	-0,37	
20,98	-0,35	
20,985	-0,31	
20,99	-0,29	
20,995	-0,27	
21,0	-0,25	
21,005	-0,22	
21,01	-0,2	
21,015	-0,17	
21,02	-0,15	
21,025	-0,12	
21,03	-0,08	
21,035	-0,06	
21,04	-0,03	
21,045	-0,01	
21,05	0,02	
21,055	0,04	
21,06	0,07	
21,065	0,09	
21,07	0,12	
21,075	0,16	
21,08	0,18	
21,085	0,21	
21,09	0,23	
21,095	0,25	
21,1	0,28	
21,105	0,3	
21,11	0,32	
21,115	0,35	
21,12	0,39	
21,125	0,41	
21,13	0,44	
21,135	0,46	
21,14	0,48	
21,145	0,5	
21,15	0,52	
21,155	0,54	
21,16	0,56	
21,165	0,59	
21,17	0,61	
21,175	0,63	
21,18	0,65	
21,185	0,67	
21,19	0,69	
21,195	0,71	
21,2	0,72	
21,205	0,74	
21,21	0,76	
21,215	0,78	
21,22	0,79	
21,225	0,8	
21,23	0,82	
21,235	0,83	
21,24	0,84	
21,245	0,85	
21,25	0,86	
21,255	0,88	
21,26	0,89	
21,265	0,9	
21,27	0,91	
21,275	0,92	
21,28	0,92	
21,285	0,93	
21,29	0,94	
21,295	0,94	
21,3	0,94	
21,305	0,94	
21,31	0,95	
21,315	0,95	
21,32	0,95	
21,325	0,95	
21,33	0,95	
21,335	0,95	
21,34	0,95	
21,345	0,95	
21,35	0,94	
21,355	0,93	
21,36	0,93	
21,365	0,92	
21,37	0,91	
21,375	0,91	
21,38	0,9	
21,385	0,89	
21,39	0,87	
21,395	0,86	
21,4	0,85	
21,405	0,84	
21,41	0,83	
21,415	0,81	
21,42	0,8	
21,425	0,79	
21,43	0,77	
21,435	0,75	
21,44	0,73	
21,445	0,71	
21,45	0,69	
21,455	0,67	
21,46	0,65	
21,465	0,63	
21,47	0,61	
21,475	0,59	
21,48	0,57	
21,485	0,54	
21,49	0,52	
21,495	0,49	
21,5	0,47	
21,505	0,45	
21,51	0,43	
21,515	0,4	
21,52	0,38	
21,525	0,35	
21,53	0,31	
21,535	0,29	
21,54	0,26	
21,545	0,23	
21,55	0,2	
21,555	0,18	
21,56	0,15	
21,565	0,13	
21,57	0,1	
21,575	0,1	
21,58	0,03	
21,585	0,01	
21,59	-0,02	
21,595	-0,05	
21,6	-0,07	
21,605	-0,1	
21,61	-0,13	
21,615	-0,15	
21,62	-0,2	
21,625	-0,23	
21,63	-0,25	
21,635	-0,28	
21,64	-0,3	
21,645	-0,33	
21,65	-0,35	
21,655	-0,38	
21,66	-0,41	
21,665	-0,43	
21,67	-0,47	
21,675	-0,49	
21,68	-0,52	
21,685	-0,54	
21,69	-0,56	
21,695	-0,59	
21,7	-0,61	
21,705	-0,64	
21,71	-0,66	
21,715	-0,69	
21,72	-0,7	
21,725	-0,72	
21,73	-0,74	
21,735	-0,76	
21,74	-0,79	
21,745	-0,8	
21,75	-0,82	
21,755	-0,84	
21,76	-0,85	
21,765	-0,87	
21,77	-0,88	
21,775	-0,9	
21,78	-0,92	
21,785	-0,93	
21,79	-0,95	
21,795	-0,96	
21,8	-0,96	
21,805	-0,98	
21,81	-0,99	
21,815	-1	
21,82	-1	
21,825	-1,01	
21,83	-1,01	
21,835	-1,02	
21,84	-1,02	
21,845	-1,02	
21,85	-1,03	
21,855	-1,03	
21,86	-1,04	
21,865	-1,04	
21,87	-1,03	
21,875	-1,03	
21,88	-1,02	
21,885	-1,02	
21,89	-1,02	
21,895	-1,01	
21,9	-1,01	
21,905	-1	
21,91	-0,99	
21,915	-0,98	
21,92	-0,97	
21,925	-0,97	
21,93	-0,96	
21,935	-0,95	
21,94	-0,93	
21,945	-0,91	
21,95	-0,9	
21,955	-0,88	
21,96	-0,87	
21,965	-0,85	
21,97	-0,84	
21,975	-0,82	
21,98	-0,81	
21,985	-0,78	
21,99	-0,76	
21,995	-0,74	
22,0	-0,72	
22,005	-0,7	
22,01	-0,68	
22,015	-0,66	
22,02	-0,64	
22,025	-0,61	
22,03	-0,57	
22,035	-0,55	
22,04	-0,53	
22,045	-0,5	
22,05	-0,48	
22,055	-0,46	
22,06	-0,43	
22,065	-0,4	
22,07	-0,37	
22,075	-0,33	
22,08	-0,31	
22,085	-0,28	
22,09	-0,26	
22,095	-0,23	
22,1	-0,2	
22,105	-0,17	
22,11	-0,14	
22,115	-0,11	
22,12	-0,08	
22,125	-0,04	
22,13	-0,02	
22,135	0,01	
22,14	0,04	
22,145	0,07	
22,15	0,1	
22,155	0,13	
22,16	0,16	
22,165	0,19	
22,17	0,23	
22,175	0,26	
22,18	0,29	
22,185	0,32	
22,19	0,35	
22,195	0,37	
22,2	0,4	
22,205	0,42	
22,21	0,44	
22,215	0,49	
22,22	0,51	
22,225	0,54	
22,23	0,57	
22,235	0,59	
22,24	0,62	
22,245	0,64	
22,25	0,66	
22,255	0,68	
22,26	0,71	
22,265	0,74	
22,27	0,76	
22,275	0,78	
22,28	0,8	
22,285	0,82	
22,29	0,83	
22,295	0,85	
22,3	0,87	
22,305	0,9	
22,31	0,92	
22,315	0,93	
22,32	0,94	
22,325	0,95	
22,33	0,97	
22,335	0,98	
22,34	1	
22,345	1,01	
22,35	1,03	
22,355	1,03	
22,36	1,04	
22,365	1,05	
22,37	1,06	
22,375	1,07	
22,38	1,07	
22,385	1,08	
22,39	1,08	
22,395	1,08	
22,4	1,08	
22,405	1,08	
22,41	1,08	
22,415	1,08	
22,42	1,08	
22,425	1,08	
22,43	1,08	
22,435	1,07	
22,44	1,06	
22,445	1,06	
22,45	1,05	
22,455	1,05	
22,46	1,04	
22,465	1,04	
22,47	1,03	
22,475	1,01	
22,48	1	
22,485	0,98	
22,49	0,97	
22,495	0,96	
22,5	0,95	
22,505	0,93	
22,51	0,91	
22,515	0,9	
22,52	0,88	
22,525	0,86	
22,53	0,84	
22,535	0,82	
22,54	0,8	
22,545	0,77	
22,55	0,75	
22,555	0,73	
22,56	0,71	
22,565	0,69	
22,57	0,67	
22,575	0,65	
22,58	0,61	
22,585	0,58	
22,59	0,55	
22,595	0,53	
22,6	0,5	
22,605	0,47	
22,61	0,45	
22,615	0,43	
22,62	0,4	
22,625	0,35	
22,63	0,32	
22,635	0,29	
22,64	0,26	
22,645	0,23	
22,65	0,21	
22,655	0,18	
22,66	0,16	
22,665	0,13	
22,67	0,08	
22,675	0,05	
22,68	0,01	
22,685	-0,01	
22,69	-0,04	
22,695	-0,07	
22,7	-0,09	
22,705	-0,13	
22,71	-0,16	
22,715	-0,21	
22,72	-0,24	
22,725	-0,26	
22,73	-0,29	
22,735	-0,31	
22,74	-0,35	
22,745	-0,37	
22,75	-0,4	
22,755	-0,43	
22,76	-0,47	
22,765	-0,5	
22,77	-0,52	
22,775	-0,55	
22,78	-0,57	
22,785	-0,6	
22,79	-0,63	
22,795	-0,65	
22,8	-0,68	
22,805	-0,71	
22,81	-0,73	
22,815	-0,75	
22,82	-0,77	
22,825	-0,8	
22,83	-0,82	
22,835	-0,84	
22,84	-0,86	
22,845	-0,88	
22,85	-0,9	
22,855	-0,92	
22,86	-0,93	
22,865	-0,95	
22,87	-0,97	
22,875	-0,98	
22,88	-0,99	
22,885	-1	
22,89	-1,01	
22,895	-1,03	
22,9	-1,04	
22,905	-1,05	
22,91	-1,06	
22,915	-1,07	
22,92	-1,07	
22,925	-1,08	
22,93	-1,08	
22,935	-1,09	
22,94	-1,11	
22,945	-1,11	
22,95	-1,11	
22,955	-1,11	
22,96	-1,1	
22,965	-1,09	
22,97	-1,09	
22,975	-1,09	
22,98	-1,09	
22,985	-1,1	
22,99	-1,1	
22,995	-1,09	
23,0	-1,08	
23,005	-1,06	
23,01	-1,05	
23,015	-1,04	
23,02	-1,03	
23,025	-1,03	
23,03	-1,03	
23,035	-1,01	
23,04	-0,99	
23,045	-0,97	
23,05	-0,95	
23,055	-0,94	
23,06	-0,93	
23,065	-0,92	
23,07	-0,9	
23,075	-0,88	
23,08	-0,85	
23,085	-0,82	
23,09	-0,8	
23,095	-0,78	
23,1	-0,76	
23,105	-0,75	
23,11	-0,73	
23,115	-0,71	
23,12	-0,68	
23,125	-0,64	
23,13	-0,61	
23,135	-0,59	
23,14	-0,57	
23,145	-0,55	
23,15	-0,52	
23,155	-0,49	
23,16	-0,46	
23,165	-0,42	
23,17	-0,38	
23,175	-0,36	
23,18	-0,34	
23,185	-0,32	
23,19	-0,28	
23,195	-0,25	
23,2	-0,21	
23,205	-0,18	
23,21	-0,15	
23,215	-0,12	
23,22	-0,1	
23,225	-0,07	
23,23	-0,04	
23,235	0	
23,24	0,04	
23,245	0,07	
23,25	0,09	
23,255	0,11	
23,26	0,14	
23,265	0,17	
23,27	0,21	
23,275	0,24	
23,28	0,28	
23,285	0,31	
23,29	0,34	
23,295	0,36	
23,3	0,38	
23,305	0,42	
23,31	0,45	
23,315	0,48	
23,32	0,51	
23,325	0,54	
23,33	0,56	
23,335	0,58	
23,34	0,6	
23,345	0,62	
23,35	0,66	
23,355	0,69	
23,36	0,72	
23,365	0,74	
23,37	0,76	
23,375	0,78	
23,38	0,79	
23,385	0,81	
23,39	0,83	
23,395	0,87	
23,4	0,88	
23,405	0,9	
23,41	0,91	
23,415	0,92	
23,42	0,94	
23,425	0,95	
23,43	0,97	
23,435	0,99	
23,44	1	
23,445	1,01	
23,45	1,02	
23,455	1,02	
23,46	1,03	
23,465	1,04	
23,47	1,06	
23,475	1,07	
23,48	1,08	
23,485	1,08	
23,49	1,08	
23,495	1,07	
23,5	1,08	
23,505	1,08	
23,51	1,09	
23,515	1,09	
23,52	1,09	
23,525	1,08	
23,53	1,07	
23,535	1,06	
23,54	1,05	
23,545	1,05	
23,55	1,05	
23,555	1,05	
23,56	1,04	
23,565	1,03	
23,57	1,02	
23,575	1	
23,58	0,99	
23,585	0,98	
23,59	0,97	
23,595	0,96	
23,6	0,95	
23,605	0,92	
23,61	0,9	
23,615	0,89	
23,62	0,87	
23,625	0,85	
23,63	0,84	
23,635	0,82	
23,64	0,8	
23,645	0,77	
23,65	0,75	
23,655	0,72	
23,66	0,71	
23,665	0,69	
23,67	0,66	
23,675	0,63	
23,68	0,6	
23,685	0,58	
23,69	0,55	
23,695	0,52	
23,7	0,5	
23,705	0,48	
23,71	0,46	
23,715	0,42	
23,72	0,39	
23,725	0,35	
23,73	0,32	
23,735	0,3	
23,74	0,27	
23,745	0,25	
23,75	0,23	
23,755	0,2	
23,76	0,15	
23,765	0,12	
23,77	0,09	
23,775	0,06	
23,78	0,04	
23,785	0,02	
23,79	-0,01	
23,795	-0,04	
23,8	-0,08	
23,805	-0,13	
23,81	-0,17	
23,815	-0,19	
23,82	-0,21	
23,825	-0,23	
23,83	-0,25	
23,835	-0,28	
23,84	-0,31	
23,845	-0,34	
23,85	-0,39	
23,855	-0,41	
23,86	-0,43	
23,865	-0,45	
23,87	-0,48	
23,875	-0,51	
23,88	-0,53	
23,885	-0,57	
23,89	-0,59	
23,895	-0,61	
23,9	-0,64	
23,905	-0,66	
23,91	-0,68	
23,915	-0,7	
23,92	-0,72	
23,925	-0,74	
23,93	-0,76	
23,935	-0,78	
23,94	-0,79	
23,945	-0,82	
23,95	-0,83	
23,955	-0,85	
23,96	-0,87	
23,965	-0,89	
23,97	-0,91	
23,975	-0,91	
23,98	-0,92	
23,985	-0,93	
23,99	-0,95	
23,995	-0,96	
24,0	-0,98	
24,005	-0,99	
24,01	-0,99	
24,015	-1	
24,02	-1	
24,025	-1	
24,03	-1,01	
24,035	-1,02	
24,04	-1,02	
24,045	-1,03	
24,05	-1,03	
24,055	-1,02	
24,06	-1,02	
24,065	-1,01	
24,07	-1,01	
24,075	-1,01	
24,08	-1,01	
24,085	-1,01	
24,09	-1,01	
24,095	-1	
24,1	-0,99	
24,105	-0,98	
24,11	-0,97	
24,115	-0,97	
24,12	-0,96	
24,125	-0,95	
24,13	-0,93	
24,135	-0,92	
24,14	-0,9	
24,145	-0,89	
24,15	-0,87	
24,155	-0,86	
24,16	-0,85	
24,165	-0,84	
24,17	-0,81	
24,175	-0,79	
24,18	-0,77	
24,185	-0,75	
24,19	-0,73	
24,195	-0,72	
24,2	-0,7	
24,205	-0,68	
24,21	-0,65	
24,215	-0,62	
24,22	-0,6	
24,225	-0,58	
24,23	-0,56	
24,235	-0,53	
24,24	-0,51	
24,245	-0,49	
24,25	-0,46	
24,255	-0,43	
24,26	-0,4	
24,265	-0,37	
24,27	-0,35	
24,275	-0,33	
24,28	-0,3	
24,285	-0,27	
24,29	-0,24	
24,295	-0,21	
24,3	-0,19	
24,305	-0,19	
24,31	-0,13	
24,315	-0,1	
24,32	-0,07	
24,325	-0,04	
24,33	-0,01	
24,335	0,02	
24,34	0,04	
24,345	0,07	
24,35	0,09	
24,355	0,13	
24,36	0,15	
24,365	0,18	
24,37	0,22	
24,375	0,24	
24,38	0,27	
24,385	0,29	
24,39	0,31	
24,395	0,33	
24,4	0,37	
24,405	0,4	
24,41	0,43	
24,415	0,45	
24,42	0,47	
24,425	0,49	
24,43	0,51	
24,435	0,53	
24,44	0,55	
24,445	0,59	
24,45	0,62	
24,455	0,64	
24,46	0,65	
24,465	0,67	
24,47	0,68	
24,475	0,7	
24,48	0,72	
24,485	0,74	
24,49	0,76	
24,495	0,78	
24,5	0,79	
24,505	0,8	
24,51	0,81	
24,515	0,82	
24,52	0,84	
24,525	0,86	
24,53	0,87	
24,535	0,88	
24,54	0,89	
24,545	0,89	
24,55	0,9	
24,555	0,91	
24,56	0,92	
24,565	0,92	
24,57	0,93	
24,575	0,94	
24,58	0,94	
24,585	0,94	
24,59	0,94	
24,595	0,94	
24,6	0,94	
24,605	0,94	
24,61	0,94	
24,615	0,94	
24,62	0,94	
24,625	0,93	
24,63	0,92	
24,635	0,92	
24,64	0,91	
24,645	0,91	
24,65	0,91	
24,655	0,9	
24,66	0,89	
24,665	0,87	
24,67	0,85	
24,675	0,84	
24,68	0,83	
24,685	0,82	
24,69	0,81	
24,695	0,8	
24,7	0,78	
24,705	0,77	
24,71	0,75	
24,715	0,73	
24,72	0,71	
24,725	0,7	
24,73	0,68	
24,735	0,66	
24,74	0,64	
24,745	0,62	
24,75	0,6	
24,755	0,58	
24,76	0,56	
24,765	0,54	
24,77	0,52	
24,775	0,5	
24,78	0,47	
24,785	0,45	
24,79	0,42	
24,795	0,4	
24,8	0,38	
24,805	0,35	
24,81	0,32	
24,815	0,29	
24,82	0,27	
24,825	0,24	
24,83	0,22	
24,835	0,19	
24,84	0,17	
24,845	0,15	
24,85	0,12	
24,855	0,08	
24,86	0,06	
24,865	0,03	
24,87	0,01	
24,875	-0,02	
24,88	-0,04	
24,885	-0,06	
24,89	-0,08	
24,895	-0,11	
24,9	-0,15	
24,905	-0,18	
24,91	-0,2	
24,915	-0,22	
24,92	-0,24	
24,925	-0,26	
24,93	-0,29	
24,935	-0,31	
24,94	-0,34	
24,945	-0,38	
24,95	-0,39	
24,955	-0,41	
24,96	-0,43	
24,965	-0,45	
24,97	-0,47	
24,975	-0,49	
24,98	-0,52	
24,985	-0,54	
24,99	-0,57	
24,995	-0,58	
25,0	-0,59	
25,005	-0,61	
25,01	-0,63	
25,015	-0,65	
25,02	-0,67	
25,025	-0,68	
25,03	-0,7	
25,035	-0,71	
25,04	-0,72	
25,045	-0,74	
25,05	-0,75	
25,055	-0,76	
25,06	-0,78	
25,065	-0,79	
25,07	-0,79	
25,075	-0,8	
25,08	-0,81	
25,085	-0,82	
25,09	-0,83	
25,095	-0,83	
25,1	-0,84	
25,105	-0,84	
25,11	-0,85	
25,115	-0,84	
25,12	-0,85	
25,125	-0,85	
25,13	-0,85	
25,135	-0,85	
25,14	-0,85	
25,145	-0,85	
25,15	-0,85	
25,155	-0,85	
25,16	-0,84	
25,165	-0,84	
25,17	-0,83	
25,175	-0,83	
25,18	-0,82	
25,185	-0,81	
25,19	-0,8	
25,195	-0,79	
25,2	-0,78	
25,205	-0,78	
25,21	-0,77	
25,215	-0,76	
25,22	-0,75	
25,225	-0,73	
25,23	-0,71	
25,235	-0,7	
25,24	-0,68	
25,245	-0,67	
25,25	-0,66	
25,255	-0,65	
25,26	-0,64	
25,265	-0,61	
25,27	-0,59	
25,275	-0,57	
25,28	-0,55	
25,285	-0,53	
25,29	-0,52	
25,295	-0,5	
25,3	-0,48	
25,305	-0,46	
25,31	-0,43	
25,315	-0,41	
25,32	-0,39	
25,325	-0,37	
25,33	-0,35	
25,335	-0,33	
25,34	-0,31	
25,345	-0,28	
25,35	-0,26	
25,355	-0,22	
25,36	-0,2	
25,365	-0,18	
25,37	-0,16	
25,375	-0,14	
25,38	-0,12	
25,385	-0,09	
25,39	-0,07	
25,395	-0,04	
25,4	-0,01	
25,405	0,01	
25,41	0,04	
25,415	0,06	
25,42	0,08	
25,425	0,11	
25,43	0,13	
25,435	0,15	
25,44	0,17	
25,445	0,21	
25,45	0,23	
25,455	0,25	
25,46	0,27	
25,465	0,29	
25,47	0,31	
25,475	0,33	
25,48	0,36	
25,485	0,37	
25,49	0,4	
25,495	0,42	
25,5	0,44	
25,505	0,46	
25,51	0,49	
25,515	0,5	
25,52	0,52	
25,525	0,53	
25,53	0,55	
25,535	0,57	
25,54	0,58	
25,545	0,6	
25,55	0,62	
25,555	0,63	
25,56	0,65	
25,565	0,66	
25,57	0,67	
25,575	0,68	
25,58	0,7	
25,585	0,71	
25,59	0,72	
25,595	0,73	
25,6	0,74	
25,605	0,74	
25,61	0,75	
25,615	0,76	
25,62	0,76	
25,625	0,77	
25,63	0,78	
25,635	0,78	
25,64	0,78	
25,645	0,78	
25,65	0,78	
25,655	0,79	
25,66	0,79	
25,665	0,79	
25,67	0,79	
25,675	0,79	
25,68	0,78	
25,685	0,78	
25,69	0,77	
25,695	0,77	
25,7	0,76	
25,705	0,76	
25,71	0,76	
25,715	0,75	
25,72	0,74	
25,725	0,73	
25,73	0,72	
25,735	0,71	
25,74	0,7	
25,745	0,69	
25,75	0,68	
25,755	0,67	
25,76	0,66	
25,765	0,64	
25,77	0,63	
25,775	0,61	
25,78	0,6	
25,785	0,59	
25,79	0,57	
25,795	0,55	
25,8	0,54	
25,805	0,52	
25,81	0,5	
25,815	0,48	
25,82	0,46	
25,825	0,44	
25,83	0,42	
25,835	0,4	
25,84	0,38	
25,845	0,36	
25,85	0,34	
25,855	0,32	
25,86	0,3	
25,865	0,28	
25,87	0,26	
25,875	0,23	
25,88	0,21	
25,885	0,19	
25,89	0,17	
25,895	0,14	
25,9	0,11	
25,905	0,09	
25,91	0,07	
25,915	0,04	
25,92	0,02	
25,925	0	
25,93	-0,02	
25,935	-0,04	
25,94	-0,06	
25,945	-0,09	
25,95	-0,12	
25,955	-0,14	
25,96	-0,16	
25,965	-0,19	
25,97	-0,21	
25,975	-0,23	
25,98	-0,25	
25,985	-0,27	
25,99	-0,3	
25,995	-0,32	
26,0	-0,34	
26,005	-0,36	
26,01	-0,38	
26,015	-0,4	
26,02	-0,41	
26,025	-0,43	
26,03	-0,45	
26,035	-0,48	
26,04	-0,5	
26,045	-0,51	
26,05	-0,52	
26,055	-0,54	
26,06	-0,56	
26,065	-0,57	
26,07	-0,59	
26,075	-0,6	
26,08	-0,62	
26,085	-0,63	
26,09	-0,64	
26,095	-0,66	
26,1	-0,66	
26,105	-0,68	
26,11	-0,69	
26,115	-0,7	
26,12	-0,7	
26,125	-0,72	
26,13	-0,72	
26,135	-0,73	
26,14	-0,73	
26,145	-0,74	
26,15	-0,75	
26,155	-0,75	
26,16	-0,76	
26,165	-0,76	
26,17	-0,76	
26,175	-0,76	
26,18	-0,76	
26,185	-0,76	
26,19	-0,76	
26,195	-0,76	
26,2	-0,76	
26,205	-0,76	
26,21	-0,75	
26,215	-0,75	
26,22	-0,75	
26,225	-0,74	
26,23	-0,74	
26,235	-0,73	
26,24	-0,72	
26,245	-0,71	
26,25	-0,71	
26,255	-0,69	
26,26	-0,69	
26,265	-0,67	
26,27	-0,66	
26,275	-0,65	
26,28	-0,64	
26,285	-0,63	
26,29	-0,62	
26,295	-0,6	
26,3	-0,59	
26,305	-0,58	
26,31	-0,55	
26,315	-0,54	
26,32	-0,53	
26,325	-0,51	
26,33	-0,49	
26,335	-0,47	
26,34	-0,45	
26,345	-0,43	
26,35	-0,42	
26,355	-0,39	
26,36	-0,37	
26,365	-0,35	
26,37	-0,33	
26,375	-0,31	
26,38	-0,29	
26,385	-0,27	
26,39	-0,25	
26,395	-0,23	
26,4	-0,2	
26,405	-0,17	
26,41	-0,15	
26,415	-0,13	
26,42	-0,11	
26,425	-0,09	
26,43	-0,07	
26,435	-0,05	
26,44	-0,03	
26,445	0,01	
26,45	0,03	
26,455	0,05	
26,46	0,07	
26,465	0,1	
26,47	0,12	
26,475	0,14	
26,48	0,16	
26,485	0,18	
26,49	0,21	
26,495	0,23	
26,5	0,25	
26,505	0,27	
26,51	0,29	
26,515	0,32	
26,52	0,34	
26,525	0,36	
26,53	0,38	
26,535	0,4	
26,54	0,42	
26,545	0,44	
26,55	0,46	
26,555	0,48	
26,56	0,49	
26,565	0,51	
26,57	0,53	
26,575	0,55	
26,58	0,57	
26,585	0,59	
26,59	0,6	
26,595	0,62	
26,6	0,63	
26,605	0,65	
26,61	0,66	
26,615	0,67	
26,62	0,68	
26,625	0,69	
26,63	0,7	
26,635	0,71	
26,64	0,72	
26,645	0,73	
26,65	0,74	
26,655	0,75	
26,66	0,75	
26,665	0,76	
26,67	0,77	
26,675	0,78	
26,68	0,78	
26,685	0,79	
26,69	0,79	
26,695	0,79	
26,7	0,79	
26,705	0,79	
26,71	0,79	
26,715	0,79	
26,72	0,79	
26,725	0,79	
26,73	0,79	
26,735	0,78	
26,74	0,78	
26,745	0,77	
26,75	0,77	
26,755	0,76	
26,76	0,75	
26,765	0,75	
26,77	0,74	
26,775	0,73	
26,78	0,72	
26,785	0,71	
26,79	0,7	
26,795	0,69	
26,8	0,68	
26,805	0,67	
26,81	0,65	
26,815	0,63	
26,82	0,62	
26,825	0,6	
26,83	0,59	
26,835	0,58	
26,84	0,56	
26,845	0,54	
26,85	0,53	
26,855	0,5	
26,86	0,48	
26,865	0,47	
26,87	0,45	
26,875	0,43	
26,88	0,41	
26,885	0,39	
26,89	0,37	
26,895	0,35	
26,9	0,32	
26,905	0,29	
26,91	0,27	
26,915	0,25	
26,92	0,23	
26,925	0,21	
26,93	0,18	
26,935	0,16	
26,94	0,14	
26,945	0,1	
26,95	0,08	
26,955	0,06	
26,96	0,04	
26,965	0,01	
26,97	-0,01	
26,975	-0,04	
26,98	-0,06	
26,985	-0,08	
26,99	-0,11	
26,995	-0,13	
27,0	-0,16	
27,005	-0,18	
27,01	-0,21	
27,015	-0,23	
27,02	-0,25	
27,025	-0,27	
27,03	-0,29	
27,035	-0,31	
27,04	-0,35	
27,045	-0,37	
27,05	-0,39	
27,055	-0,41	
27,06	-0,43	
27,065	-0,45	
27,07	-0,47	
27,075	-0,49	
27,08	-0,51	
27,085	-0,54	
27,09	-0,56	
27,095	-0,58	
27,1	-0,59	
27,105	-0,6	
27,11	-0,62	
27,115	-0,64	
27,12	-0,65	
27,125	-0,67	
27,13	-0,7	
27,135	-0,71	
27,14	-0,72	
27,145	-0,73	
27,15	-0,74	
27,155	-0,75	
27,16	-0,76	
27,165	-0,78	
27,17	-0,79	
27,175	-0,8	
27,18	-0,81	
27,185	-0,82	
27,19	-0,83	
27,195	-0,83	
27,2	-0,84	
27,205	-0,84	
27,21	-0,85	
27,215	-0,85	
27,22	-0,85	
27,225	-0,86	
27,23	-0,86	
27,235	-0,86	
27,24	-0,86	
27,245	-0,86	
27,25	-0,86	
27,255	-0,85	
27,26	-0,84	
27,265	-0,84	
27,27	-0,83	
27,275	-0,83	
27,28	-0,83	
27,285	-0,82	
27,29	-0,82	
27,295	-0,81	
27,3	-0,8	
27,305	-0,79	
27,31	-0,77	
27,315	-0,76	
27,32	-0,75	
27,325	-0,74	
27,33	-0,73	
27,335	-0,72	
27,34	-0,7	
27,345	-0,69	
27,35	-0,67	
27,355	-0,65	
27,36	-0,64	
27,365	-0,62	
27,37	-0,6	
27,375	-0,58	
27,38	-0,56	
27,385	-0,55	
27,39	-0,53	
27,395	-0,51	
27,4	-0,48	
27,405	-0,46	
27,41	-0,44	
27,415	-0,42	
27,42	-0,4	
27,425	-0,38	
27,43	-0,35	
27,435	-0,33	
27,44	-0,31	
27,445	-0,28	
27,45	-0,25	
27,455	-0,23	
27,46	-0,2	
27,465	-0,18	
27,47	-0,15	
27,475	-0,13	
27,48	-0,11	
27,485	-0,08	
27,49	-0,06	
27,495	-0,02	
27,5	0	
27,505	0,03	
27,51	0,06	
27,515	0,08	
27,52	0,11	
27,525	0,13	
27,53	0,16	
27,535	0,18	
27,54	0,21	
27,545	0,24	
27,55	0,26	
27,555	0,29	
27,56	0,31	
27,565	0,33	
27,57	0,36	
27,575	0,38	
27,58	0,4	
27,585	0,44	
27,59	0,46	
27,595	0,48	
27,6	0,5	
27,605	0,52	
27,61	0,54	
27,615	0,56	
27,62	0,59	
27,625	0,61	
27,63	0,63	
27,635	0,65	
27,64	0,67	
27,645	0,69	
27,65	0,71	
27,655	0,72	
27,66	0,74	
27,665	0,76	
27,67	0,77	
27,675	0,79	
27,68	0,8	
27,685	0,82	
27,69	0,83	
27,695	0,84	
27,7	0,85	
27,705	0,86	
27,71	0,87	
27,715	0,88	
27,72	0,89	
27,725	0,9	
27,73	0,91	
27,735	0,91	
27,74	0,92	
27,745	0,92	
27,75	0,93	
27,755	0,93	
27,76	0,93	
27,765	0,94	
27,77	0,94	
27,775	0,94	
27,78	0,94	
27,785	0,94	
27,79	0,94	
27,795	0,93	
27,8	0,93	
27,805	0,92	
27,81	0,92	
27,815	0,91	
27,82	0,91	
27,825	0,9	
27,83	0,89	
27,835	0,88	
27,84	0,87	
27,845	0,86	
27,85	0,85	
27,855	0,83	
27,86	0,82	
27,865	0,81	
27,87	0,8	
27,875	0,78	
27,88	0,77	
27,885	0,75	
27,89	0,73	
27,895	0,72	
27,9	0,69	
27,905	0,68	
27,91	0,66	
27,915	0,64	
27,92	0,62	
27,925	0,6	
27,93	0,58	
27,935	0,56	
27,94	0,54	
27,945	0,51	
27,95	0,48	
27,955	0,45	
27,96	0,43	
27,965	0,41	
27,97	0,38	
27,975	0,36	
27,98	0,34	
27,985	0,32	
27,99	0,29	
27,995	0,25	
28,0	0,22	
28,005	0,19	
28,01	0,17	
28,015	0,14	
28,02	0,12	
28,025	0,09	
28,03	0,07	
28,035	0,04	
28,04	0	
28,045	-0,03	
28,05	-0,06	
28,055	-0,08	
28,06	-0,11	
28,065	-0,13	
28,07	-0,16	
28,075	-0,19	
28,08	-0,22	
28,085	-0,26	
28,09	-0,28	
28,095	-0,31	
28,1	-0,33	
28,105	-0,36	
28,11	-0,38	
28,115	-0,41	
28,12	-0,43	
28,125	-0,45	
28,13	-0,49	
28,135	-0,51	
28,14	-0,53	
28,145	-0,56	
28,15	-0,58	
28,155	-0,6	
28,16	-0,63	
28,165	-0,65	
28,17	-0,67	
28,175	-0,7	
28,18	-0,72	
28,185	-0,73	
28,19	-0,76	
28,195	-0,78	
28,2	-0,79	
28,205	-0,81	
28,21	-0,83	
28,215	-0,84	
28,22	-0,86	
28,225	-0,87	
28,23	-0,88	
28,235	-0,9	
28,24	-0,91	
28,245	-0,92	
28,25	-0,93	
28,255	-0,94	
28,26	-0,95	
28,265	-0,97	
28,27	-0,98	
28,275	-0,99	
28,28	-0,99	
28,285	-1	
28,29	-1	
28,295	-1	
28,3	-1,01	
28,305	-1,01	
28,31	-1,01	
28,315	-1,01	
28,32	-1,01	
28,325	-1,01	
28,33	-1,01	
28,335	-1,01	
28,34	-1	
28,345	-1	
28,35	-1	
28,355	-0,99	
28,36	-0,99	
28,365	-0,98	
28,37	-0,97	
28,375	-0,96	
28,38	-0,95	
28,385	-0,94	
28,39	-0,93	
28,395	-0,92	
28,4	-0,91	
28,405	-0,89	
28,41	-0,87	
28,415	-0,86	
28,42	-0,84	
28,425	-0,82	
28,43	-0,81	
28,435	-0,79	
28,44	-0,77	
28,445	-0,75	
28,45	-0,72	
28,455	-0,7	
28,46	-0,69	
28,465	-0,67	
28,47	-0,65	
28,475	-0,63	
28,48	-0,6	
28,485	-0,58	
28,49	-0,56	
28,495	-0,52	
28,5	-0,5	
28,505	-0,47	
28,51	-0,45	
28,515	-0,42	
28,52	-0,4	
28,525	-0,37	
28,53	-0,34	
28,535	-0,32	
28,54	-0,28	
28,545	-0,25	
28,55	-0,22	
28,555	-0,2	
28,56	-0,17	
28,565	-0,14	
28,57	-0,11	
28,575	-0,08	
28,58	-0,06	
28,585	-0,01	
28,59	0,02	
28,595	0,05	
28,6	0,07	
28,605	0,1	
28,61	0,13	
28,615	0,15	
28,62	0,18	
28,625	0,21	
28,63	0,25	
28,635	0,28	
28,64	0,31	
28,645	0,33	
28,65	0,36	
28,655	0,38	
28,66	0,41	
28,665	0,44	
28,67	0,47	
28,675	0,51	
28,68	0,53	
28,685	0,56	
28,69	0,58	
28,695	0,6	
28,7	0,63	
28,705	0,65	
28,71	0,67	
28,715	0,69	
28,72	0,72	
28,725	0,74	
28,73	0,76	
28,735	0,78	
28,74	0,8	
28,745	0,82	
28,75	0,84	
28,755	0,86	
28,76	0,87	
28,765	0,9	
28,77	0,91	
28,775	0,92	
28,78	0,93	
28,785	0,95	
28,79	0,96	
28,795	0,98	
28,8	0,99	
28,805	1	
28,81	1	
28,815	1,01	
28,82	1,02	
28,825	1,03	
28,83	1,04	
28,835	1,05	
28,84	1,05	
28,845	1,05	
28,85	1,06	
28,855	1,06	
28,86	1,06	
28,865	1,07	
28,87	1,07	
28,875	1,07	
28,88	1,06	
28,885	1,06	
28,89	1,05	
28,895	1,04	
28,9	1,04	
28,905	1,03	
28,91	1,03	
28,915	1,02	
28,92	1,01	
28,925	1	
28,93	0,99	
28,935	0,98	
28,94	0,96	
28,945	0,96	
28,95	0,93	
28,955	0,92	
28,96	0,91	
28,965	0,89	
28,97	0,87	
28,975	0,86	
28,98	0,84	
28,985	0,83	
28,99	0,81	
28,995	0,78	
29,0	0,76	
29,005	0,73	
29,01	0,71	
29,015	0,69	
29,02	0,67	
29,025	0,65	
29,03	0,63	
29,035	0,61	
29,04	0,57	
29,045	0,54	
29,05	0,51	
29,055	0,49	
29,06	0,46	
29,065	0,44	
29,07	0,42	
29,075	0,39	
29,08	0,36	
29,085	0,31	
29,09	0,28	
29,095	0,26	
29,1	0,24	
29,105	0,21	
29,11	0,18	
29,115	0,15	
29,12	0,12	
29,125	0,09	
29,13	0,04	
29,135	0,02	
29,14	-0,01	
29,145	-0,03	
29,15	-0,06	
29,155	-0,09	
29,16	-0,12	
29,165	-0,16	
29,17	-0,19	
29,175	-0,23	
29,18	-0,26	
29,185	-0,28	
29,19	-0,31	
29,195	-0,34	
29,2	-0,37	
29,205	-0,4	
29,21	-0,42	
29,215	-0,45	
29,22	-0,48	
29,225	-0,5	
29,23	-0,53	
29,235	-0,56	
29,24	-0,58	
29,245	-0,61	
29,25	-0,63	
29,255	-0,66	
29,26	-0,68	
29,265	-0,71	
29,27	-0,73	
29,275	-0,75	
29,28	-0,78	
29,285	-0,8	
29,29	-0,82	
29,295	-0,83	
29,3	-0,85	
29,305	-0,86	
29,31	-0,88	
29,315	-0,9	
29,32	-0,92	
29,325	-0,94	
29,33	-0,95	
29,335	-0,96	
29,34	-0,97	
29,345	-0,98	
29,35	-0,99	
29,355	-1,01	
29,36	-1,02	
29,365	-1,03	
29,37	-1,04	
29,375	-1,04	
29,38	-1,04	
29,385	-1,05	
29,39	-1,06	
29,395	-1,06	
29,4	-1,07	
29,405	-1,07	
29,41	-1,07	
29,415	-1,07	
29,42	-1,07	
29,425	-1,07	
29,43	-1,07	
29,435	-1,07	
29,44	-1,06	
29,445	-1,06	
29,45	-1,05	
29,455	-1,04	
29,46	-1,03	
29,465	-1,02	
29,47	-1,02	
29,475	-1,01	
29,48	-1	
29,485	-0,99	
29,49	-0,98	
29,495	-0,95	
29,5	-0,94	
29,505	-0,93	
29,51	-0,91	
29,515	-0,9	
29,52	-0,88	
29,525	-0,86	
29,53	-0,84	
29,535	-0,82	
29,54	-0,8	
29,545	-0,78	
29,55	-0,76	
29,555	-0,74	
29,56	-0,72	
29,565	-0,7	
29,57	-0,67	
29,575	-0,65	
29,58	-0,63	
29,585	-0,6	
29,59	-0,58	
29,595	-0,55	
29,6	-0,53	
29,605	-0,5	
29,61	-0,47	
29,615	-0,45	
29,62	-0,42	
29,625	-0,39	
29,63	-0,36	
29,635	-0,33	
29,64	-0,31	
29,645	-0,28	
29,65	-0,24	
29,655	-0,21	
29,66	-0,18	
29,665	-0,16	
29,67	-0,13	
29,675	-0,09	
29,68	-0,07	
29,685	-0,04	
29,69	-0,01	
29,695	0,03	
29,7	0,06	
29,705	0,08	
29,71	0,11	
29,715	0,14	
29,72	0,14	
29,725	0,21	
29,73	0,24	
29,735	0,27	
29,74	0,3	
29,745	0,32	
29,75	0,35	
29,755	0,38	
29,76	0,4	
29,765	0,43	
29,77	0,47	
29,775	0,49	
29,78	0,52	
29,785	0,54	
29,79	0,56	
29,795	0,58	
29,8	0,61	
29,805	0,63	
29,81	0,66	
29,815	0,69	
29,82	0,71	
29,825	0,73	
29,83	0,74	
29,835	0,76	
29,84	0,78	
29,845	0,81	
29,85	0,83	
29,855	0,85	
29,86	0,87	
29,865	0,88	
29,87	0,89	
29,875	0,91	
29,88	0,92	
29,885	0,94	
29,89	0,95	
29,895	0,96	
29,9	0,97	
29,905	0,99	
29,91	0,99	
29,915	1	
29,92	1,01	
29,925	1,02	
29,93	1,02	
29,935	1,03	
29,94	1,03	
29,945	1,03	
29,95	1,04	
29,955	1,04	
29,96	1,04	
29,965	1,04	
29,97	1,04	
29,975	1,04	
29,98	1,04	
29,985	1,04	
29,99	1,03	
29,995	1,03	
30,0	1,02	
30,005	1,01	
30,01	1,01	
30,015	1	
30,02	0,99	
30,025	0,98	
30,03	0,97	
30,035	0,96	
30,04	0,94	
30,045	0,93	
30,05	0,92	
30,055	0,9	
30,06	0,89	
30,065	0,87	
30,07	0,86	
30,075	0,84	
30,08	0,82	
30,085	0,79	
30,09	0,78	
30,095	0,75	
30,1	0,73	
30,105	0,72	
30,11	0,69	
30,115	0,68	
30,12	0,66	
30,125	0,63	
30,13	0,6	
30,135	0,57	
30,14	0,55	
30,145	0,53	
30,15	0,51	
30,155	0,48	
30,16	0,46	
30,165	0,44	
30,17	0,41	
30,175	0,36	
30,18	0,34	
30,185	0,32	
30,19	0,29	
30,195	0,26	
30,2	0,24	
30,205	0,21	
30,21	0,18	
30,215	0,15	
30,22	0,13	
30,225	0,08	
30,23	0,06	
30,235	0,03	
30,24	0	
30,245	-0,03	
30,25	-0,06	
30,255	-0,08	
30,26	-0,11	
30,265	-0,14	
30,27	-0,17	
30,275	-0,2	
30,28	-0,23	
30,285	-0,25	
30,29	-0,28	
30,295	-0,31	
30,3	-0,33	
30,305	-0,36	
30,31	-0,38	
30,315	-0,42	
30,32	-0,45	
30,325	-0,47	
30,33	-0,5	
30,335	-0,52	
30,34	-0,54	
30,345	-0,56	
30,35	-0,59	
30,355	-0,6	
30,36	-0,64	
30,365	-0,66	
30,37	-0,68	
30,375	-0,69	
30,38	-0,71	
30,385	-0,73	
30,39	-0,75	
30,395	-0,76	
30,4	-0,78	
30,405	-0,81	
30,41	-0,82	
30,415	-0,84	
30,42	-0,85	
30,425	-0,87	
30,43	-0,88	
30,435	-0,89	
30,44	-0,9	
30,445	-0,91	
30,45	-0,92	
30,455	-0,93	
30,46	-0,94	
30,465	-0,94	
30,47	-0,95	
30,475	-0,96	
30,48	-0,96	
30,485	-0,97	
30,49	-0,97	
30,495	-0,97	
30,5	-0,98	
30,505	-0,97	
30,51	-0,97	
30,515	-0,97	
30,52	-0,98	
30,525	-0,97	
30,53	-0,98	
30,535	-0,97	
30,54	-0,97	
30,545	-0,96	
30,55	-0,96	
30,555	-0,95	
30,56	-0,94	
30,565	-0,93	
30,57	-0,92	
30,575	-0,91	
30,58	-0,9	
30,585	-0,88	
30,59	-0,87	
30,595	-0,86	
30,6	-0,85	
30,605	-0,83	
30,61	-0,82	
30,615	-0,81	
30,62	-0,79	
30,625	-0,77	
30,63	-0,75	
30,635	-0,73	
30,64	-0,71	
30,645	-0,7	
30,65	-0,68	
30,655	-0,66	
30,66	-0,64	
30,665	-0,62	
30,67	-0,6	
30,675	-0,58	
30,68	-0,55	
30,685	-0,53	
30,69	-0,5	
30,695	-0,48	
30,7	-0,45	
30,705	-0,43	
30,71	-0,41	
30,715	-0,38	
30,72	-0,36	
30,725	-0,32	
30,73	-0,3	
30,735	-0,27	
30,74	-0,25	
30,745	-0,22	
30,75	-0,2	
30,755	-0,18	
30,76	-0,15	
30,765	-0,12	
30,77	-0,08	
30,775	-0,06	
30,78	-0,03	
30,785	0	
30,79	0,02	
30,795	0,05	
30,8	0,07	
30,805	0,1	
30,81	0,12	
30,815	0,16	
30,82	0,19	
30,825	0,21	
30,83	0,24	
30,835	0,26	
30,84	0,28	
30,845	0,31	
30,85	0,33	
30,855	0,36	
30,86	0,39	
30,865	0,41	
30,87	0,43	
30,875	0,45	
30,88	0,47	
30,885	0,5	
30,89	0,52	
30,895	0,54	
30,9	0,56	
30,905	0,59	
30,91	0,61	
30,915	0,63	
30,92	0,64	
30,925	0,66	
30,93	0,68	
30,935	0,69	
30,94	0,71	
30,945	0,72	
30,95	0,75	
30,955	0,76	
30,96	0,77	
30,965	0,79	
30,97	0,8	
30,975	0,81	
30,98	0,81	
30,985	0,82	
30,99	0,84	
30,995	0,85	
31,0	0,86	
31,005	0,86	
31,01	0,87	
31,015	0,87	
31,02	0,88	
31,025	0,88	
31,03	0,89	
31,035	0,89	
31,04	0,89	
31,045	0,89	
31,05	0,89	
31,055	0,89	
31,06	0,89	
31,065	0,89	
31,07	0,89	
31,075	0,89	
31,08	0,89	
31,085	0,88	
31,09	0,87	
31,095	0,87	
31,1	0,86	
31,105	0,85	
31,11	0,85	
31,115	0,84	
31,12	0,83	
31,125	0,82	
31,13	0,81	
31,135	0,79	
31,14	0,78	
31,145	0,77	
31,15	0,76	
31,155	0,74	
31,16	0,73	
31,165	0,71	
31,17	0,69	
31,175	0,67	
31,18	0,65	
31,185	0,63	
31,19	0,62	
31,195	0,6	
31,2	0,58	
31,205	0,56	
31,21	0,54	
31,215	0,52	
31,22	0,5	
31,225	0,47	
31,23	0,45	
31,235	0,43	
31,24	0,4	
31,245	0,38	
31,25	0,36	
31,255	0,34	
31,26	0,31	
31,265	0,29	
31,27	0,26	
31,275	0,24	
31,28	0,22	
31,285	0,19	
31,29	0,17	
31,295	0,15	
31,3	0,12	
31,305	0,1	
31,31	0,08	
31,315	0,04	
31,32	0,01	
31,325	-0,01	
31,33	-0,04	
31,335	-0,06	
31,34	-0,08	
31,345	-0,1	
31,35	-0,13	
31,355	-0,15	
31,36	-0,19	
31,365	-0,21	
31,37	-0,23	
31,375	-0,26	
31,38	-0,27	
31,385	-0,3	
31,39	-0,32	
31,395	-0,34	
31,4	-0,36	
31,405	-0,4	
31,41	-0,42	
31,415	-0,43	
31,42	-0,45	
31,425	-0,47	
31,43	-0,49	
31,435	-0,51	
31,44	-0,53	
31,445	-0,55	
31,45	-0,57	
31,455	-0,59	
31,46	-0,6	
31,465	-0,62	
31,47	-0,63	
31,475	-0,65	
31,48	-0,66	
31,485	-0,67	
31,49	-0,69	
31,495	-0,7	
31,5	-0,71	
31,505	-0,72	
31,51	-0,73	
31,515	-0,74	
31,52	-0,76	
31,525	-0,77	
31,53	-0,78	
31,535	-0,78	
31,54	-0,79	
31,545	-0,79	
31,55	-0,8	
31,555	-0,8	
31,56	-0,81	
31,565	-0,81	
31,57	-0,81	
31,575	-0,81	
31,58	-0,81	
31,585	-0,81	
31,59	-0,81	
31,595	-0,81	
31,6	-0,81	
31,605	-0,81	
31,61	-0,8	
31,615	-0,8	
31,62	-0,79	
31,625	-0,78	
31,63	-0,78	
31,635	-0,78	
31,64	-0,77	
31,645	-0,76	
31,65	-0,75	
31,655	-0,74	
31,66	-0,73	
31,665	-0,71	
31,67	-0,71	
31,675	-0,7	
31,68	-0,68	
31,685	-0,67	
31,69	-0,66	
31,695	-0,65	
31,7	-0,63	
31,705	-0,61	
31,71	-0,6	
31,715	-0,59	
31,72	-0,57	
31,725	-0,55	
31,73	-0,53	
31,735	-0,51	
31,74	-0,49	
31,745	-0,47	
31,75	-0,46	
31,755	-0,44	
31,76	-0,42	
31,765	-0,4	
31,77	-0,37	
31,775	-0,35	
31,78	-0,33	
31,785	-0,31	
31,79	-0,29	
31,795	-0,27	
31,8	-0,25	
31,805	-0,23	
31,81	-0,21	
31,815	-0,17	
31,82	-0,15	
31,825	-0,13	
31,83	-0,11	
31,835	-0,09	
31,84	-0,07	
31,845	-0,05	
31,85	-0,02	
31,855	0,01	
31,86	0,04	
31,865	0,06	
31,87	0,08	
31,875	0,1	
31,88	0,12	
31,885	0,15	
31,89	0,17	
31,895	0,19	
31,9	0,21	
31,905	0,24	
31,91	0,26	
31,915	0,28	
31,92	0,3	
31,925	0,32	
31,93	0,34	
31,935	0,36	
31,94	0,38	
31,945	0,4	
31,95	0,42	
31,955	0,44	
31,96	0,46	
31,965	0,48	
31,97	0,5	
31,975	0,51	
31,98	0,53	
31,985	0,54	
31,99	0,55	
31,995	0,57	
32,0	0,59	
32,005	0,6	
32,01	0,62	
32,015	0,63	
32,02	0,64	
32,025	0,65	
32,03	0,66	
32,035	0,67	
32,04	0,68	
32,045	0,7	
32,05	0,71	
32,055	0,72	
32,06	0,72	
32,065	0,73	
32,07	0,73	
32,075	0,73	
32,08	0,74	
32,085	0,74	
32,09	0,75	
32,095	0,75	
32,1	0,75	
32,105	0,75	
32,11	0,75	
32,115	0,75	
32,12	0,75	
32,125	0,75	
32,13	0,75	
32,135	0,75	
32,14	0,74	
32,145	0,73	
32,15	0,73	
32,155	0,73	
32,16	0,72	
32,165	0,72	
32,17	0,72	
32,175	0,71	
32,18	0,69	
32,185	0,68	
32,19	0,67	
32,195	0,66	
32,2	0,65	
32,205	0,64	
32,21	0,63	
32,215	0,62	
32,22	0,6	
32,225	0,58	
32,23	0,57	
32,235	0,55	
32,24	0,54	
32,245	0,53	
32,25	0,51	
32,255	0,49	
32,26	0,48	
32,265	0,46	
32,27	0,43	
32,275	0,42	
32,28	0,4	
32,285	0,38	
32,29	0,36	
32,295	0,34	
32,3	0,32	
32,305	0,3	
32,31	0,28	
32,315	0,25	
32,32	0,23	
32,325	0,22	
32,33	0,2	
32,335	0,18	
32,34	0,15	
32,345	0,13	
32,35	0,11	
32,355	0,09	
32,36	0,06	
32,365	0,04	
32,37	0,02	
32,375	-0,01	
32,38	-0,03	
32,385	-0,05	
32,39	-0,08	
32,395	-0,09	
32,4	-0,11	
32,405	-0,15	
32,41	-0,17	
32,415	-0,19	
32,42	-0,21	
32,425	-0,23	
32,43	-0,25	
32,435	-0,27	
32,44	-0,28	
32,445	-0,3	
32,45	-0,32	
32,455	-0,35	
32,46	-0,38	
32,465	-0,39	
32,47	-0,41	
32,475	-0,43	
32,48	-0,44	
32,485	-0,46	
32,49	-0,48	
32,495	-0,5	
32,5	-0,52	
32,505	-0,54	
32,51	-0,55	
32,515	-0,56	
32,52	-0,57	
32,525	-0,58	
32,53	-0,59	
32,535	-0,61	
32,54	-0,62	
32,545	-0,64	
32,55	-0,65	
32,555	-0,66	
32,56	-0,66	
32,565	-0,67	
32,57	-0,68	
32,575	-0,69	
32,58	-0,7	
32,585	-0,71	
32,59	-0,72	
32,595	-0,72	
32,6	-0,73	
32,605	-0,73	
32,61	-0,73	
32,615	-0,74	
32,62	-0,74	
32,625	-0,74	
32,63	-0,74	
32,635	-0,74	
32,64	-0,74	
32,645	-0,74	
32,65	-0,74	
32,655	-0,74	
32,66	-0,74	
32,665	-0,73	
32,67	-0,73	
32,675	-0,72	
32,68	-0,71	
32,685	-0,7	
32,69	-0,7	
32,695	-0,7	
32,7	-0,69	
32,705	-0,67	
32,71	-0,66	
32,715	-0,65	
32,72	-0,64	
32,725	-0,62	
32,73	-0,62	
32,735	-0,61	
32,74	-0,6	
32,745	-0,58	
32,75	-0,56	
32,755	-0,55	
32,76	-0,53	
32,765	-0,52	
32,77	-0,5	
32,775	-0,49	
32,78	-0,47	
32,785	-0,45	
32,79	-0,43	
32,795	-0,42	
32,8	-0,4	
32,805	-0,38	
32,81	-0,36	
32,815	-0,34	
32,82	-0,32	
32,825	-0,3	
32,83	-0,28	
32,835	-0,26	
32,84	-0,24	
32,845	-0,22	
32,85	-0,2	
32,855	-0,18	
32,86	-0,14	
32,865	-0,12	
32,87	-0,1	
32,875	-0,08	
32,88	-0,05	
32,885	-0,04	
32,89	-0,01	
32,895	0,01	
32,9	0,03	
32,905	0,05	
32,91	0,08	
32,915	0,1	
32,92	0,12	
32,925	0,15	
32,93	0,16	
32,935	0,19	
32,94	0,21	
32,945	0,23	
32,95	0,25	
32,955	0,28	
32,96	0,3	
32,965	0,32	
32,97	0,34	
32,975	0,36	
32,98	0,38	
32,985	0,4	
32,99	0,42	
32,995	0,44	
33,0	0,46	
33,005	0,48	
33,01	0,49	
33,015	0,51	
33,02	0,52	
33,025	0,54	
33,03	0,56	
33,035	0,57	
33,04	0,59	
33,045	0,61	
33,05	0,62	
33,055	0,63	
33,06	0,64	
33,065	0,66	
33,07	0,67	
33,075	0,68	
33,08	0,69	
33,085	0,7	
33,09	0,71	
33,095	0,72	
33,1	0,73	
33,105	0,74	
33,11	0,75	
33,115	0,75	
33,12	0,75	
33,125	0,75	
33,13	0,76	
33,135	0,76	
33,14	0,77	
33,145	0,78	
33,15	0,78	
33,155	0,78	
33,16	0,78	
33,165	0,78	
33,17	0,78	
33,175	0,77	
33,18	0,77	
33,185	0,77	
33,19	0,76	
33,195	0,76	
33,2	0,75	
33,205	0,75	
33,21	0,74	
33,215	0,73	
33,22	0,72	
33,225	0,71	
33,23	0,7	
33,235	0,69	
33,24	0,68	
33,245	0,67	
33,25	0,66	
33,255	0,65	
33,26	0,63	
33,265	0,62	
33,27	0,61	
33,275	0,59	
33,28	0,58	
33,285	0,56	
33,29	0,54	
33,295	0,53	
33,3	0,51	
33,305	0,5	
33,31	0,48	
33,315	0,45	
33,32	0,43	
33,325	0,41	
33,33	0,39	
33,335	0,38	
33,34	0,35	
33,345	0,33	
33,35	0,31	
33,355	0,29	
33,36	0,27	
33,365	0,24	
33,37	0,22	
33,375	0,2	
33,38	0,18	
33,385	0,16	
33,39	0,13	
33,395	0,11	
33,4	0,09	
33,405	0,07	
33,41	0,03	
33,415	0,01	
33,42	-0,01	
33,425	-0,04	
33,43	-0,06	
33,435	-0,08	
33,44	-0,11	
33,445	-0,13	
33,45	-0,15	
33,455	-0,19	
33,46	-0,21	
33,465	-0,23	
33,47	-0,25	
33,475	-0,27	
33,48	-0,29	
33,485	-0,31	
33,49	-0,33	
33,495	-0,35	
33,5	-0,39	
33,505	-0,41	
33,51	-0,43	
33,515	-0,45	
33,52	-0,47	
33,525	-0,49	
33,53	-0,51	
33,535	-0,53	
33,54	-0,55	
33,545	-0,57	
33,55	-0,59	
33,555	-0,6	
33,56	-0,62	
33,565	-0,64	
33,57	-0,65	
33,575	-0,67	
33,58	-0,68	
33,585	-0,7	
33,59	-0,72	
33,595	-0,73	
33,6	-0,74	
33,605	-0,75	
33,61	-0,76	
33,615	-0,77	
33,62	-0,78	
33,625	-0,79	
33,63	-0,8	
33,635	-0,81	
33,64	-0,82	
33,645	-0,82	
33,65	-0,83	
33,655	-0,83	
33,66	-0,83	
33,665	-0,84	
33,67	-0,84	
33,675	-0,84	
33,68	-0,85	
33,685	-0,85	
33,69	-0,85	
33,695	-0,84	
33,7	-0,84	
33,705	-0,84	
33,71	-0,84	
33,715	-0,84	
33,72	-0,83	
33,725	-0,82	
33,73	-0,82	
33,735	-0,81	
33,74	-0,81	
33,745	-0,8	
33,75	-0,8	
33,755	-0,78	
33,76	-0,77	
33,765	-0,76	
33,77	-0,74	
33,775	-0,73	
33,78	-0,72	
33,785	-0,71	
33,79	-0,7	
33,795	-0,68	
33,8	-0,67	
33,805	-0,65	
33,81	-0,64	
33,815	-0,62	
33,82	-0,6	
33,825	-0,58	
33,83	-0,57	
33,835	-0,55	
33,84	-0,53	
33,845	-0,51	
33,85	-0,49	
33,855	-0,47	
33,86	-0,45	
33,865	-0,42	
33,87	-0,4	
33,875	-0,38	
33,88	-0,35	
33,885	-0,33	
33,89	-0,31	
33,895	-0,28	
33,9	-0,26	
33,905	-0,24	
33,91	-0,21	
33,915	-0,18	
33,92	-0,16	
33,925	-0,13	
33,93	-0,11	
33,935	-0,08	
33,94	-0,06	
33,945	-0,03	
33,95	-0,01	
33,955	0,03	
33,96	0,05	
33,965	0,07	
33,97	0,1	
33,975	0,12	
33,98	0,15	
33,985	0,17	
33,99	0,19	
33,995	0,22	
34,0	0,25	
34,005	0,28	
34,01	0,3	
34,015	0,33	
34,02	0,35	
34,025	0,37	
34,03	0,39	
34,035	0,42	
34,04	0,44	
34,045	0,48	
34,05	0,5	
34,055	0,51	
34,06	0,53	
34,065	0,55	
34,07	0,57	
34,075	0,59	
34,08	0,61	
34,085	0,63	
34,09	0,66	
34,095	0,68	
34,1	0,69	
34,105	0,71	
34,11	0,72	
34,115	0,74	
34,12	0,75	
34,125	0,77	
34,13	0,79	
34,135	0,8	
34,14	0,81	
34,145	0,82	
34,15	0,84	
34,155	0,85	
34,16	0,86	
34,165	0,87	
34,17	0,88	
34,175	0,89	
34,18	0,89	
34,185	0,9	
34,19	0,91	
34,195	0,91	
34,2	0,92	
34,205	0,92	
34,21	0,93	
34,215	0,93	
34,22	0,93	
34,225	0,92	
34,23	0,92	
34,235	0,92	
34,24	0,92	
34,245	0,92	
34,25	0,92	
34,255	0,91	
34,26	0,91	
34,265	0,9	
34,27	0,9	
34,275	0,89	
34,28	0,89	
34,285	0,88	
34,29	0,87	
34,295	0,86	
34,3	0,85	
34,305	0,83	
34,31	0,82	
34,315	0,81	
34,32	0,79	
34,325	0,78	
34,33	0,76	
34,335	0,74	
34,34	0,73	
34,345	0,71	
34,35	0,7	
34,355	0,68	
34,36	0,67	
34,365	0,63	
34,37	0,61	
34,375	0,59	
34,38	0,57	
34,385	0,55	
34,39	0,54	
34,395	0,52	
34,4	0,5	
34,405	0,47	
34,41	0,43	
34,415	0,41	
34,42	0,39	
34,425	0,36	
34,43	0,34	
34,435	0,32	
34,44	0,3	
34,445	0,27	
34,45	0,24	
34,455	0,21	
34,46	0,18	
34,465	0,16	
34,47	0,13	
34,475	0,11	
34,48	0,08	
34,485	0,05	
34,49	0,03	
34,495	0	
34,5	-0,05	
34,505	-0,07	
34,51	-0,1	
34,515	-0,12	
34,52	-0,15	
34,525	-0,17	
34,53	-0,2	
34,535	-0,23	
34,54	-0,25	
34,545	-0,29	
34,55	-0,31	
34,555	-0,33	
34,56	-0,36	
34,565	-0,39	
34,57	-0,41	
34,575	-0,44	
34,58	-0,46	
34,585	-0,48	
34,59	-0,52	
34,595	-0,54	
34,6	-0,56	
34,605	-0,59	
34,61	-0,61	
34,615	-0,63	
34,62	-0,65	
34,625	-0,67	
34,63	-0,69	
34,635	-0,71	
34,64	-0,74	
34,645	-0,75	
34,65	-0,78	
34,655	-0,79	
34,66	-0,81	
34,665	-0,82	
34,67	-0,83	
34,675	-0,85	
34,68	-0,87	
34,685	-0,89	
34,69	-0,9	
34,695	-0,91	
34,7	-0,92	
34,705	-0,92	
34,71	-0,93	
34,715	-0,94	
34,72	-0,95	
34,725	-0,96	
34,73	-0,98	
34,735	-0,98	
34,74	-0,98	
34,745	-0,99	
34,75	-0,99	
34,755	-0,99	
34,76	-0,99	
34,765	-1	
34,77	-1	
34,775	-1	
34,78	-0,99	
34,785	-0,98	
34,79	-0,98	
34,795	-0,98	
34,8	-0,98	
34,805	-0,98	
34,81	-0,97	
34,815	-0,96	
34,82	-0,95	
34,825	-0,94	
34,83	-0,93	
34,835	-0,92	
34,84	-0,92	
34,845	-0,91	
34,85	-0,9	
34,855	-0,88	
34,86	-0,87	
34,865	-0,84	
34,87	-0,83	
34,875	-0,82	
34,88	-0,8	
34,885	-0,79	
34,89	-0,77	
34,895	-0,75	
34,9	-0,73	
34,905	-0,71	
34,91	-0,68	
34,915	-0,67	
34,92	-0,64	
34,925	-0,63	
34,93	-0,6	
34,935	-0,58	
34,94	-0,55	
34,945	-0,53	
34,95	-0,51	
34,955	-0,48	
34,96	-0,45	
34,965	-0,43	
34,97	-0,4	
34,975	-0,38	
34,98	-0,35	
34,985	-0,32	
34,99	-0,3	
34,995	-0,27	
35,0	-0,23	
35,005	-0,21	
35,01	-0,18	
35,015	-0,15	
35,02	-0,12	
35,025	-0,09	
35,03	-0,07	
35,035	-0,04	
35,04	-0,01	
35,045	0,03	
35,05	0,06	
35,055	0,09	
35,06	0,11	
35,065	0,14	
35,07	0,16	
35,075	0,19	
35,08	0,22	
35,085	0,24	
35,09	0,25	
35,095	0,32	
35,1	0,34	
35,105	0,37	
35,11	0,39	
35,115	0,42	
35,12	0,44	
35,125	0,47	
35,13	0,49	
35,135	0,53	
35,14	0,55	
35,145	0,57	
35,15	0,59	
35,155	0,61	
35,16	0,64	
35,165	0,66	
35,17	0,68	
35,175	0,71	
35,18	0,73	
35,185	0,75	
35,19	0,77	
35,195	0,79	
35,2	0,8	
35,205	0,82	
35,21	0,84	
35,215	0,86	
35,22	0,88	
35,225	0,89	
35,23	0,9	
35,235	0,92	
35,24	0,93	
35,245	0,94	
35,25	0,96	
35,255	0,97	
35,26	0,98	
35,265	0,98	
35,27	0,99	
35,275	1	
35,28	1,01	
35,285	1,02	
35,29	1,02	
35,295	1,03	
35,3	1,03	
35,305	1,03	
35,31	1,03	
35,315	1,03	
35,32	1,03	
35,325	1,03	
35,33	1,04	
35,335	1,03	
35,34	1,03	
35,345	1,02	
35,35	1,01	
35,355	1,01	
35,36	1,01	
35,365	1	
35,37	1	
35,375	0,99	
35,38	0,97	
35,385	0,96	
35,39	0,95	
35,395	0,94	
35,4	0,93	
35,405	0,92	
35,41	0,89	
35,415	0,88	
35,42	0,86	
35,425	0,84	
35,43	0,83	
35,435	0,81	
35,44	0,79	
35,445	0,78	
35,45	0,76	
35,455	0,73	
35,46	0,71	
35,465	0,69	
35,47	0,67	
35,475	0,65	
35,48	0,63	
35,485	0,61	
35,49	0,58	
35,495	0,56	
35,5	0,52	
35,505	0,49	
35,51	0,47	
35,515	0,45	
35,52	0,42	
35,525	0,4	
35,53	0,37	
35,535	0,34	
35,54	0,31	
35,545	0,27	
35,55	0,24	
35,555	0,22	
35,56	0,2	
35,565	0,17	
35,57	0,14	
35,575	0,11	
35,58	0,08	
35,585	0,05	
35,59	0,02	
35,595	-0,01	
35,6	-0,04	
35,605	-0,07	
35,61	-0,1	
35,615	-0,13	
35,62	-0,16	
35,625	-0,19	
35,63	-0,22	
35,635	-0,25	
35,64	-0,28	
35,645	-0,3	
35,65	-0,33	
35,655	-0,36	
35,66	-0,39	
35,665	-0,42	
35,67	-0,44	
35,675	-0,46	
35,68	-0,49	
35,685	-0,52	
35,69	-0,55	
35,695	-0,57	
35,7	-0,6	
35,705	-0,62	
35,71	-0,64	
35,715	-0,66	
35,72	-0,68	
35,725	-0,7	
35,73	-0,73	
35,735	-0,76	
35,74	-0,78	
35,745	-0,79	
35,75	-0,81	
35,755	-0,83	
35,76	-0,84	
35,765	-0,86	
35,77	-0,88	
35,775	-0,9	
35,78	-0,92	
35,785	-0,93	
35,79	-0,94	
35,795	-0,95	
35,8	-0,96	
35,805	-0,97	
35,81	-0,98	
35,815	-0,99	
35,82	-1	
35,825	-1,01	
35,83	-1,01	
35,835	-1,02	
35,84	-1,02	
35,845	-1,03	
35,85	-1,03	
35,855	-1,04	
35,86	-1,04	
35,865	-1,04	
35,87	-1,04	
35,875	-1,03	
35,88	-1,03	
35,885	-1,03	
35,89	-1,02	
35,895	-1,02	
35,9	-1,02	
35,905	-1,01	
35,91	-1	
35,915	-1	
35,92	-0,99	
35,925	-0,98	
35,93	-0,98	
35,935	-0,97	
35,94	-0,96	
35,945	-0,94	
35,95	-0,93	
35,955	-0,91	
35,96	-0,89	
35,965	-0,88	
35,97	-0,87	
35,975	-0,85	
35,98	-0,83	
35,985	-0,82	
35,99	-0,8	
35,995	-0,78	
36,0	-0,75	
36,005	-0,73	
36,01	-0,71	
36,015	-0,69	
36,02	-0,67	
36,025	-0,65	
36,03	-0,62	
36,035	-0,6	
36,04	-0,58	
36,045	-0,55	
36,05	-0,53	
36,055	-0,5	
36,06	-0,48	
36,065	-0,45	
36,07	-0,42	
36,075	-0,4	
36,08	-0,37	
36,085	-0,35	
36,09	-0,32	
36,095	-0,28	
36,1	-0,26	
36,105	-0,23	
36,11	-0,2	
36,115	-0,17	
36,12	-0,14	
36,125	-0,12	
36,13	-0,09	
36,135	-0,06	
36,14	-0,02	
36,145	0,01	
36,15	0,04	
36,155	0,07	
36,16	0,09	
36,165	0,12	
36,17	0,14	
36,175	0,17	
36,18	0,2	
36,185	0,24	
36,19	0,27	
36,195	0,3	
36,2	0,32	
36,205	0,34	
36,21	0,36	
36,215	0,39	
36,22	0,42	
36,225	0,45	
36,23	0,49	
36,235	0,51	
36,24	0,53	
36,245	0,55	
36,25	0,57	
36,255	0,6	
36,26	0,62	
36,265	0,64	
36,27	0,66	
36,275	0,69	
36,28	0,71	
36,285	0,73	
36,29	0,74	
36,295	0,76	
36,3	0,78	
36,305	0,8	
36,31	0,82	
36,315	0,83	
36,32	0,85	
36,325	0,87	
36,33	0,88	
36,335	0,89	
36,34	0,91	
36,345	0,92	
36,35	0,93	
36,355	0,94	
36,36	0,95	
36,365	0,96	
36,37	0,97	
36,375	0,97	
36,38	0,98	
36,385	0,99	
36,39	0,99	
36,395	1	
36,4	1	
36,405	1	
36,41	1	
36,415	1	
36,42	1	
36,425	1,01	
36,43	1	
36,435	1	
36,44	0,99	
36,445	0,99	
36,45	0,98	
36,455	0,97	
36,46	0,97	
36,465	0,96	
36,47	0,96	
36,475	0,94	
36,48	0,93	
36,485	0,92	
36,49	0,91	
36,495	0,91	
36,5	0,9	
36,505	0,88	
36,51	0,86	
36,515	0,85	
36,52	0,83	
36,525	0,81	
36,53	0,79	
36,535	0,78	
36,54	0,77	
36,545	0,75	
36,55	0,72	
36,555	0,7	
36,56	0,68	
36,565	0,66	
36,57	0,64	
36,575	0,62	
36,58	0,6	
36,585	0,58	
36,59	0,56	
36,595	0,52	
36,6	0,5	
36,605	0,47	
36,61	0,45	
36,615	0,43	
36,62	0,4	
36,625	0,38	
36,63	0,35	
36,635	0,33	
36,64	0,29	
36,645	0,26	
36,65	0,24	
36,655	0,21	
36,66	0,19	
36,665	0,16	
36,67	0,13	
36,675	0,11	
36,68	0,08	
36,685	0,04	
36,69	0,02	
36,695	-0,01	
36,7	-0,04	
36,705	-0,06	
36,71	-0,09	
36,715	-0,12	
36,72	-0,14	
36,725	-0,17	
36,73	-0,2	
36,735	-0,23	
36,74	-0,26	
36,745	-0,28	
36,75	-0,31	
36,755	-0,33	
36,76	-0,36	
36,765	-0,38	
36,77	-0,41	
36,775	-0,44	
36,78	-0,46	
36,785	-0,48	
36,79	-0,51	
36,795	-0,53	
36,8	-0,55	
36,805	-0,57	
36,81	-0,59	
36,815	-0,61	
36,82	-0,64	
36,825	-0,66	
36,83	-0,68	
36,835	-0,7	
36,84	-0,72	
36,845	-0,73	
36,85	-0,75	
36,855	-0,76	
36,86	-0,77	
36,865	-0,79	
36,87	-0,81	
36,875	-0,82	
36,88	-0,83	
36,885	-0,84	
36,89	-0,85	
36,895	-0,86	
36,9	-0,87	
36,905	-0,88	
36,91	-0,89	
36,915	-0,9	
36,92	-0,91	
36,925	-0,92	
36,93	-0,92	
36,935	-0,92	
36,94	-0,93	
36,945	-0,93	
36,95	-0,93	
36,955	-0,93	
36,96	-0,94	
36,965	-0,94	
36,97	-0,93	
36,975	-0,93	
36,98	-0,93	
36,985	-0,93	
36,99	-0,92	
36,995	-0,92	
37,0	-0,91	
37,005	-0,9	
37,01	-0,9	
37,015	-0,89	
37,02	-0,88	
37,025	-0,87	
37,03	-0,87	
37,035	-0,86	
37,04	-0,85	
37,045	-0,84	
37,05	-0,81	
37,055	-0,8	
37,06	-0,78	
37,065	-0,77	
37,07	-0,75	
37,075	-0,74	
37,08	-0,73	
37,085	-0,72	
37,09	-0,7	
37,095	-0,67	
37,1	-0,65	
37,105	-0,64	
37,11	-0,62	
37,115	-0,6	
37,12	-0,58	
37,125	-0,56	
37,13	-0,53	
37,135	-0,51	
37,14	-0,48	
37,145	-0,46	
37,15	-0,44	
37,155	-0,42	
37,16	-0,4	
37,165	-0,37	
37,17	-0,35	
37,175	-0,32	
37,18	-0,3	
37,185	-0,26	
37,19	-0,24	
37,195	-0,22	
37,2	-0,2	
37,205	-0,17	
37,21	-0,15	
37,215	-0,12	
37,22	-0,1	
37,225	-0,07	
37,23	-0,04	
37,235	-0,01	
37,24	0,01	
37,245	0,04	
37,25	0,06	
37,255	0,09	
37,26	0,11	
37,265	0,13	
37,27	0,16	
37,275	0,19	
37,28	0,22	
37,285	0,24	
37,29	0,27	
37,295	0,29	
37,3	0,32	
37,305	0,34	
37,31	0,36	
37,315	0,38	
37,32	0,41	
37,325	0,43	
37,33	0,45	
37,335	0,47	
37,34	0,49	
37,345	0,51	
37,35	0,53	
37,355	0,55	
37,36	0,57	
37,365	0,59	
37,37	0,61	
37,375	0,63	
37,38	0,64	
37,385	0,66	
37,39	0,67	
37,395	0,69	
37,4	0,7	
37,405	0,71	
37,41	0,72	
37,415	0,74	
37,42	0,75	
37,425	0,76	
37,43	0,77	
37,435	0,79	
37,44	0,8	
37,445	0,81	
37,45	0,81	
37,455	0,82	
37,46	0,82	
37,465	0,83	
37,47	0,83	
37,475	0,84	
37,48	0,84	
37,485	0,85	
37,49	0,85	
37,495	0,85	
37,5	0,85	
37,505	0,85	
37,51	0,85	
37,515	0,85	
37,52	0,85	
37,525	0,85	
37,53	0,84	
37,535	0,84	
37,54	0,83	
37,545	0,83	
37,55	0,82	
37,555	0,81	
37,56	0,81	
37,565	0,8	
37,57	0,79	
37,575	0,77	
37,58	0,76	
37,585	0,75	
37,59	0,74	
37,595	0,73	
37,6	0,72	
37,605	0,7	
37,61	0,69	
37,615	0,67	
37,62	0,66	
37,625	0,64	
37,63	0,62	
37,635	0,61	
37,64	0,59	
37,645	0,57	
37,65	0,55	
37,655	0,53	
37,66	0,51	
37,665	0,5	
37,67	0,48	
37,675	0,46	
37,68	0,44	
37,685	0,41	
37,69	0,39	
37,695	0,37	
37,7	0,35	
37,705	0,33	
37,71	0,31	
37,715	0,29	
37,72	0,27	
37,725	0,24	
37,73	0,2	
37,735	0,18	
37,74	0,15	
37,745	0,13	
37,75	0,11	
37,755	0,09	
37,76	0,07	
37,765	0,05	
37,77	0,02	
37,775	-0,02	
37,78	-0,04	
37,785	-0,06	
37,79	-0,08	
37,795	-0,1	
37,8	-0,12	
37,805	-0,14	
37,81	-0,17	
37,815	-0,19	
37,82	-0,23	
37,825	-0,25	
37,83	-0,27	
37,835	-0,28	
37,84	-0,3	
37,845	-0,32	
37,85	-0,35	
37,855	-0,37	
37,86	-0,39	
37,865	-0,4	
37,87	-0,43	
37,875	-0,45	
37,88	-0,47	
37,885	-0,49	
37,89	-0,51	
37,895	-0,52	
37,9	-0,54	
37,905	-0,55	
37,91	-0,56	
37,915	-0,58	
37,92	-0,6	
37,925	-0,62	
37,93	-0,64	
37,935	-0,65	
37,94	-0,66	
37,945	-0,67	
37,95	-0,68	
37,955	-0,68	
37,96	-0,7	
37,965	-0,71	
37,97	-0,72	
37,975	-0,73	
37,98	-0,73	
37,985	-0,74	
37,99	-0,75	
37,995	-0,75	
38,0	-0,76	
38,005	-0,77	
38,01	-0,77	
38,015	-0,77	
38,02	-0,77	
38,025	-0,77	
38,03	-0,77	
38,035	-0,77	
38,04	-0,77	
38,045	-0,78	
38,05	-0,77	
38,055	-0,77	
38,06	-0,76	
38,065	-0,76	
38,07	-0,75	
38,075	-0,75	
38,08	-0,75	
38,085	-0,74	
38,09	-0,73	
38,095	-0,72	
38,1	-0,71	
38,105	-0,7	
38,11	-0,69	
38,115	-0,68	
38,12	-0,67	
38,125	-0,66	
38,13	-0,65	
38,135	-0,64	
38,14	-0,62	
38,145	-0,61	
38,15	-0,59	
38,155	-0,58	
38,16	-0,56	
38,165	-0,55	
38,17	-0,53	
38,175	-0,52	
38,18	-0,5	
38,185	-0,47	
38,19	-0,46	
38,195	-0,44	
38,2	-0,43	
38,205	-0,41	
38,21	-0,39	
38,215	-0,37	
38,22	-0,35	
38,225	-0,33	
38,23	-0,3	
38,235	-0,28	
38,24	-0,26	
38,245	-0,24	
38,25	-0,22	
38,255	-0,2	
38,26	-0,18	
38,265	-0,16	
38,27	-0,14	
38,275	-0,11	
38,28	-0,09	
38,285	-0,07	
38,29	-0,05	
38,295	-0,02	
38,3	0	
38,305	0,02	
38,31	0,04	
38,315	0,06	
38,32	0,08	
38,325	0,11	
38,33	0,13	
38,335	0,15	
38,34	0,17	
38,345	0,2	
38,35	0,21	
38,355	0,23	
38,36	0,25	
38,365	0,27	
38,37	0,3	
38,375	0,32	
38,38	0,34	
38,385	0,36	
38,39	0,38	
38,395	0,4	
38,4	0,41	
38,405	0,42	
38,41	0,44	
38,415	0,47	
38,42	0,49	
38,425	0,51	
38,43	0,52	
38,435	0,53	
38,44	0,54	
38,445	0,56	
38,45	0,57	
38,455	0,58	
38,46	0,6	
38,465	0,62	
38,47	0,62	
38,475	0,63	
38,48	0,64	
38,485	0,65	
38,49	0,66	
38,495	0,67	
38,5	0,68	
38,505	0,69	
38,51	0,7	
38,515	0,7	
38,52	0,71	
38,525	0,71	
38,53	0,72	
38,535	0,72	
38,54	0,72	
38,545	0,73	
38,55	0,73	
38,555	0,73	
38,56	0,72	
38,565	0,73	
38,57	0,72	
38,575	0,72	
38,58	0,72	
38,585	0,72	
38,59	0,71	
38,595	0,71	
38,6	0,7	
38,605	0,69	
38,61	0,69	
38,615	0,68	
38,62	0,68	
38,625	0,67	
38,63	0,66	
38,635	0,65	
38,64	0,63	
38,645	0,62	
38,65	0,62	
38,655	0,61	
38,66	0,6	
38,665	0,58	
38,67	0,57	
38,675	0,56	
38,68	0,54	
38,685	0,52	
38,69	0,51	
38,695	0,5	
38,7	0,48	
38,705	0,46	
38,71	0,45	
38,715	0,43	
38,72	0,41	
38,725	0,4	
38,73	0,37	
38,735	0,35	
38,74	0,34	
38,745	0,31	
38,75	0,29	
38,755	0,27	
38,76	0,25	
38,765	0,24	
38,77	0,22	
38,775	0,2	
38,78	0,17	
38,785	0,15	
38,79	0,13	
38,795	0,1	
38,8	0,09	
38,805	0,07	
38,81	0,05	
38,815	0,03	
38,82	0,01	
38,825	-0,02	
38,83	-0,05	
38,835	-0,07	
38,84	-0,09	
38,845	-0,11	
38,85	-0,13	
38,855	-0,15	
38,86	-0,17	
38,865	-0,19	
38,87	-0,22	
38,875	-0,24	
38,88	-0,26	
38,885	-0,28	
38,89	-0,29	
38,895	-0,31	
38,9	-0,33	
38,905	-0,35	
38,91	-0,37	
38,915	-0,4	
38,92	-0,41	
38,925	-0,43	
38,93	-0,44	
38,935	-0,46	
38,94	-0,47	
38,945	-0,49	
38,95	-0,51	
38,955	-0,52	
38,96	-0,54	
38,965	-0,56	
38,97	-0,57	
38,975	-0,58	
38,98	-0,59	
38,985	-0,61	
38,99	-0,62	
38,995	-0,63	
39,0	-0,64	
39,005	-0,65	
39,01	-0,65	
39,015	-0,67	
39,02	-0,68	
39,025	-0,69	
39,03	-0,69	
39,035	-0,7	
39,04	-0,7	
39,045	-0,7	
39,05	-0,71	
39,055	-0,71	
39,06	-0,72	
39,065	-0,72	
39,07	-0,72	
39,075	-0,72	
39,08	-0,72	
39,085	-0,72	
39,09	-0,72	
39,095	-0,71	
39,1	-0,71	
39,105	-0,72	
39,11	-0,71	
39,115	-0,71	
39,12	-0,7	
39,125	-0,69	
39,13	-0,69	
39,135	-0,68	
39,14	-0,67	
39,145	-0,66	
39,15	-0,66	
39,155	-0,65	
39,16	-0,64	
39,165	-0,63	
39,17	-0,62	
39,175	-0,61	
39,18	-0,6	
39,185	-0,58	
39,19	-0,57	
39,195	-0,55	
39,2	-0,54	
39,205	-0,53	
39,21	-0,51	
39,215	-0,5	
39,22	-0,49	
39,225	-0,47	
39,23	-0,45	
39,235	-0,42	
39,24	-0,41	
39,245	-0,39	
39,25	-0,37	
39,255	-0,36	
39,26	-0,34	
39,265	-0,32	
39,27	-0,3	
39,275	-0,28	
39,28	-0,25	
39,285	-0,23	
39,29	-0,21	
39,295	-0,19	
39,3	-0,17	
39,305	-0,15	
39,31	-0,13	
39,315	-0,11	
39,32	-0,09	
39,325	-0,06	
39,33	-0,04	
39,335	-0,02	
39,34	0	
39,345	0,02	
39,35	0,05	
39,355	0,07	
39,36	0,09	
39,365	0,11	
39,37	0,14	
39,375	0,16	
39,38	0,18	
39,385	0,2	
39,39	0,22	
39,395	0,24	
39,4	0,26	
39,405	0,28	
39,41	0,3	
39,415	0,33	
39,42	0,35	
39,425	0,36	
39,43	0,38	
39,435	0,4	
39,44	0,42	
39,445	0,44	
39,45	0,46	
39,455	0,47	
39,46	0,5	
39,465	0,51	
39,47	0,53	
39,475	0,54	
39,48	0,56	
39,485	0,57	
39,49	0,59	
39,495	0,6	
39,5	0,61	
39,505	0,63	
39,51	0,64	
39,515	0,66	
39,52	0,67	
39,525	0,67	
39,53	0,68	
39,535	0,69	
39,54	0,7	
39,545	0,71	
39,55	0,72	
39,555	0,73	
39,56	0,74	
39,565	0,74	
39,57	0,74	
39,575	0,75	
39,58	0,75	
39,585	0,76	
39,59	0,76	
39,595	0,77	
39,6	0,77	
39,605	0,77	
39,61	0,76	
39,615	0,76	
39,62	0,76	
39,625	0,76	
39,63	0,75	
39,635	0,75	
39,64	0,74	
39,645	0,74	
39,65	0,73	
39,655	0,73	
39,66	0,72	
39,665	0,71	
39,67	0,71	
39,675	0,7	
39,68	0,69	
39,685	0,68	
39,69	0,67	
39,695	0,66	
39,7	0,65	
39,705	0,63	
39,71	0,62	
39,715	0,61	
39,72	0,6	
39,725	0,58	
39,73	0,57	
39,735	0,55	
39,74	0,53	
39,745	0,51	
39,75	0,5	
39,755	0,48	
39,76	0,47	
39,765	0,45	
39,77	0,43	
39,775	0,41	
39,78	0,38	
39,785	0,36	
39,79	0,34	
39,795	0,32	
39,8	0,3	
39,805	0,28	
39,81	0,26	
39,815	0,24	
39,82	0,22	
39,825	0,19	
39,83	0,17	
39,835	0,14	
39,84	0,12	
39,845	0,1	
39,85	0,08	
39,855	0,06	
39,86	0,03	
39,865	0,01	
39,87	-0,03	
39,875	-0,05	
39,88	-0,07	
39,885	-0,09	
39,89	-0,11	
39,895	-0,14	
39,9	-0,16	
39,905	-0,18	
39,91	-0,2	
39,915	-0,23	
39,92	-0,26	
39,925	-0,27	
39,93	-0,3	
39,935	-0,32	
39,94	-0,34	
39,945	-0,36	
39,95	-0,38	
39,955	-0,4	
39,96	-0,43	
39,965	-0,45	
39,97	-0,47	
39,975	-0,49	
39,98	-0,51	
39,985	-0,53	
39,99	-0,54	
39,995	-0,56	
40,0	-0,58	
40,005	-0,6	
40,01	-0,62	
40,015	-0,63	
40,02	-0,65	
40,025	-0,66	
40,03	-0,67	
40,035	-0,69	
40,04	-0,7	
40,045	-0,71	
40,05	-0,72	
40,055	-0,74	
40,06	-0,75	
40,065	-0,76	
40,07	-0,77	
40,075	-0,78	
40,08	-0,79	
40,085	-0,8	
40,09	-0,81	
40,095	-0,81	
40,1	-0,82	
40,105	-0,82	
40,11	-0,82	
40,115	-0,83	
40,12	-0,83	
40,125	-0,84	
40,13	-0,84	
40,135	-0,84	
40,14	-0,84	
40,145	-0,84	
40,15	-0,83	
40,155	-0,83	
40,16	-0,83	
40,165	-0,83	
40,17	-0,82	
40,175	-0,82	
40,18	-0,82	
40,185	-0,81	
40,19	-0,79	
40,195	-0,79	
40,2	-0,78	
40,205	-0,77	
40,21	-0,76	
40,215	-0,75	
40,22	-0,74	
40,225	-0,73	
40,23	-0,72	
40,235	-0,7	
40,24	-0,69	
40,245	-0,68	
40,25	-0,66	
40,255	-0,64	
40,26	-0,62	
40,265	-0,61	
40,27	-0,59	
40,275	-0,57	
40,28	-0,55	
40,285	-0,53	
40,29	-0,52	
40,295	-0,5	
40,3	-0,48	
40,305	-0,45	
40,31	-0,43	
40,315	-0,41	
40,32	-0,39	
40,325	-0,37	
40,33	-0,34	
40,335	-0,33	
40,34	-0,3	
40,345	-0,28	
40,35	-0,26	
40,355	-0,23	
40,36	-0,21	
40,365	-0,19	
40,37	-0,15	
40,375	-0,13	
40,38	-0,11	
40,385	-0,08	
40,39	-0,06	
40,395	-0,03	
40,4	-0,01	
40,405	0,01	
40,41	0,04	
40,415	0,08	
40,42	0,1	
40,425	0,12	
40,43	0,15	
40,435	0,17	
40,44	0,2	
40,445	0,22	
40,45	0,25	
40,455	0,27	
40,46	0,3	
40,465	0,33	
40,47	0,35	
40,475	0,37	
40,48	0,39	
40,485	0,41	
40,49	0,44	
40,495	0,46	
40,5	0,48	
40,505	0,51	
40,51	0,53	
40,515	0,55	
40,52	0,57	
40,525	0,59	
40,53	0,61	
40,535	0,62	
40,54	0,64	
40,545	0,66	
40,55	0,68	
40,555	0,7	
40,56	0,72	
40,565	0,73	
40,57	0,75	
40,575	0,76	
40,58	0,77	
40,585	0,79	
40,59	0,8	
40,595	0,81	
40,6	0,82	
40,605	0,83	
40,61	0,85	
40,615	0,86	
40,62	0,86	
40,625	0,87	
40,63	0,88	
40,635	0,88	
40,64	0,89	
40,645	0,9	
40,65	0,9	
40,655	0,91	
40,66	0,91	
40,665	0,91	
40,67	0,91	
40,675	0,91	
40,68	0,91	
40,685	0,91	
40,69	0,91	
40,695	0,91	
40,7	0,91	
40,705	0,9	
40,71	0,9	
40,715	0,89	
40,72	0,88	
40,725	0,88	
40,73	0,87	
40,735	0,86	
40,74	0,85	
40,745	0,84	
40,75	0,83	
40,755	0,82	
40,76	0,81	
40,765	0,8	
40,77	0,79	
40,775	0,77	
40,78	0,75	
40,785	0,73	
40,79	0,72	
40,795	0,7	
40,8	0,69	
40,805	0,67	
40,81	0,66	
40,815	0,64	
40,82	0,62	
40,825	0,59	
40,83	0,57	
40,835	0,55	
40,84	0,53	
40,845	0,51	
40,85	0,49	
40,855	0,47	
40,86	0,44	
40,865	0,42	
40,87	0,39	
40,875	0,36	
40,88	0,34	
40,885	0,32	
40,89	0,3	
40,895	0,27	
40,9	0,24	
40,905	0,22	
40,91	0,19	
40,915	0,16	
40,92	0,13	
40,925	0,11	
40,93	0,08	
40,935	0,05	
40,94	0,03	
40,945	0	
40,95	-0,03	
40,955	-0,05	
40,96	-0,05	
40,965	-0,11	
40,97	-0,14	
40,975	-0,16	
40,98	-0,19	
40,985	-0,22	
40,99	-0,24	
40,995	-0,27	
41,0	-0,29	
41,005	-0,32	
41,01	-0,36	
41,015	-0,38	
41,02	-0,4	
41,025	-0,43	
41,03	-0,45	
41,035	-0,47	
41,04	-0,49	
41,045	-0,52	
41,05	-0,54	
41,055	-0,57	
41,06	-0,59	
41,065	-0,61	
41,07	-0,63	
41,075	-0,65	
41,08	-0,67	
41,085	-0,69	
41,09	-0,71	
41,095	-0,73	
41,1	-0,76	
41,105	-0,77	
41,11	-0,78	
41,115	-0,8	
41,12	-0,81	
41,125	-0,83	
41,13	-0,84	
41,135	-0,86	
41,14	-0,87	
41,145	-0,89	
41,15	-0,9	
41,155	-0,91	
41,16	-0,92	
41,165	-0,93	
41,17	-0,93	
41,175	-0,94	
41,18	-0,95	
41,185	-0,95	
41,19	-0,96	
41,195	-0,96	
41,2	-0,97	
41,205	-0,97	
41,21	-0,97	
41,215	-0,97	
41,22	-0,97	
41,225	-0,98	
41,23	-0,97	
41,235	-0,97	
41,24	-0,96	
41,245	-0,96	
41,25	-0,96	
41,255	-0,96	
41,26	-0,95	
41,265	-0,95	
41,27	-0,94	
41,275	-0,93	
41,28	-0,92	
41,285	-0,91	
41,29	-0,9	
41,295	-0,89	
41,3	-0,88	
41,305	-0,87	
41,31	-0,85	
41,315	-0,84	
41,32	-0,83	
41,325	-0,81	
41,33	-0,79	
41,335	-0,77	
41,34	-0,76	
41,345	-0,74	
41,35	-0,72	
41,355	-0,7	
41,36	-0,69	
41,365	-0,67	
41,37	-0,64	
41,375	-0,62	
41,38	-0,6	
41,385	-0,57	
41,39	-0,55	
41,395	-0,53	
41,4	-0,51	
41,405	-0,49	
41,41	-0,47	
41,415	-0,43	
41,42	-0,41	
41,425	-0,38	
41,43	-0,35	
41,435	-0,33	
41,44	-0,3	
41,445	-0,28	
41,45	-0,25	
41,455	-0,23	
41,46	-0,2	
41,465	-0,16	
41,47	-0,13	
41,475	-0,1	
41,48	-0,07	
41,485	-0,05	
41,49	-0,03	
41,495	0	
41,5	0,03	
41,505	0,06	
41,51	0,1	
41,515	0,12	
41,52	0,15	
41,525	0,17	
41,53	0,2	
41,535	0,23	
41,54	0,26	
41,545	0,28	
41,55	0,31	
41,555	0,34	
41,56	0,37	
41,565	0,39	
41,57	0,42	
41,575	0,44	
41,58	0,47	
41,585	0,49	
41,59	0,52	
41,595	0,54	
41,6	0,57	
41,605	0,6	
41,61	0,62	
41,615	0,64	
41,62	0,66	
41,625	0,68	
41,63	0,7	
41,635	0,72	
41,64	0,74	
41,645	0,76	
41,65	0,78	
41,655	0,8	
41,66	0,82	
41,665	0,84	
41,67	0,85	
41,675	0,86	
41,68	0,87	
41,685	0,89	
41,69	0,9	
41,695	0,92	
41,7	0,93	
41,705	0,94	
41,71	0,95	
41,715	0,96	
41,72	0,96	
41,725	0,97	
41,73	0,98	
41,735	0,99	
41,74	1	
41,745	1,01	
41,75	1,01	
41,755	1,01	
41,76	1,01	
41,765	1,01	
41,77	1,01	
41,775	1,01	
41,78	1,01	
41,785	1,01	
41,79	1	
41,795	1	
41,8	0,99	
41,805	0,99	
41,81	0,98	
41,815	0,98	
41,82	0,97	
41,825	0,96	
41,83	0,95	
41,835	0,93	
41,84	0,92	
41,845	0,91	
41,85	0,9	
41,855	0,9	
41,86	0,89	
41,865	0,87	
41,87	0,85	
41,875	0,83	
41,88	0,81	
41,885	0,79	
41,89	0,78	
41,895	0,77	
41,9	0,75	
41,905	0,73	
41,91	0,71	
41,915	0,68	
41,92	0,65	
41,925	0,63	
41,93	0,61	
41,935	0,59	
41,94	0,57	
41,945	0,55	
41,95	0,53	
41,955	0,5	
41,96	0,48	
41,965	0,44	
41,97	0,42	
41,975	0,4	
41,98	0,37	
41,985	0,35	
41,99	0,32	
41,995	0,29	
42,0	0,26	
42,005	0,24	
42,01	0,2	
42,015	0,18	
42,02	0,15	
42,025	0,12	
42,03	0,09	
42,035	0,06	
42,04	0,04	
42,045	0,01	
42,05	-0,02	
42,055	-0,06	
42,06	-0,08	
42,065	-0,11	
42,07	-0,14	
42,075	-0,17	
42,08	-0,19	
42,085	-0,22	
42,09	-0,24	
42,095	-0,27	
42,1	-0,31	
42,105	-0,34	
42,11	-0,37	
42,115	-0,39	
42,12	-0,42	
42,125	-0,44	
42,13	-0,46	
42,135	-0,48	
42,14	-0,51	
42,145	-0,55	
42,15	-0,57	
42,155	-0,59	
42,16	-0,62	
42,165	-0,63	
42,17	-0,65	
42,175	-0,67	
42,18	-0,69	
42,185	-0,71	
42,19	-0,75	
42,195	-0,76	
42,2	-0,78	
42,205	-0,79	
42,21	-0,81	
42,215	-0,82	
42,22	-0,84	
42,225	-0,86	
42,23	-0,87	
42,235	-0,89	
42,24	-0,9	
42,245	-0,91	
42,25	-0,92	
42,255	-0,93	
42,26	-0,94	
42,265	-0,95	
42,27	-0,96	
42,275	-0,97	
42,28	-0,98	
42,285	-0,98	
42,29	-0,99	
42,295	-0,99	
42,3	-1	
42,305	-1	
42,31	-1	
42,315	-1	
42,32	-1	
42,325	-1	
42,33	-0,99	
42,335	-0,99	
42,34	-0,99	
42,345	-1	
42,35	-0,99	
42,355	-0,99	
42,36	-0,98	
42,365	-0,97	
42,37	-0,96	
42,375	-0,95	
42,38	-0,94	
42,385	-0,94	
42,39	-0,93	
42,395	-0,92	
42,4	-0,9	
42,405	-0,89	
42,41	-0,88	
42,415	-0,86	
42,42	-0,84	
42,425	-0,83	
42,43	-0,81	
42,435	-0,79	
42,44	-0,77	
42,445	-0,75	
42,45	-0,74	
42,455	-0,72	
42,46	-0,71	
42,465	-0,68	
42,47	-0,66	
42,475	-0,63	
42,48	-0,61	
42,485	-0,59	
42,49	-0,57	
42,495	-0,55	
42,5	-0,53	
42,505	-0,5	
42,51	-0,47	
42,515	-0,44	
42,52	-0,42	
42,525	-0,39	
42,53	-0,37	
42,535	-0,34	
42,54	-0,32	
42,545	-0,29	
42,55	-0,27	
42,555	-0,23	
42,56	-0,2	
42,565	-0,18	
42,57	-0,15	
42,575	-0,13	
42,58	-0,1	
42,585	-0,08	
42,59	-0,05	
42,595	-0,02	
42,6	0,03	
42,605	0,06	
42,61	0,08	
42,615	0,1	
42,62	0,12	
42,625	0,15	
42,63	0,18	
42,635	0,21	
42,64	0,23	
42,645	0,27	
42,65	0,29	
42,655	0,32	
42,66	0,34	
42,665	0,37	
42,67	0,39	
42,675	0,42	
42,68	0,44	
42,685	0,47	
42,69	0,5	
42,695	0,52	
42,7	0,54	
42,705	0,57	
42,71	0,59	
42,715	0,61	
42,72	0,63	
42,725	0,65	
42,73	0,67	
42,735	0,69	
42,74	0,7	
42,745	0,72	
42,75	0,75	
42,755	0,76	
42,76	0,78	
42,765	0,8	
42,77	0,81	
42,775	0,82	
42,78	0,84	
42,785	0,85	
42,79	0,86	
42,795	0,88	
42,8	0,89	
42,805	0,9	
42,81	0,91	
42,815	0,91	
42,82	0,92	
42,825	0,93	
42,83	0,94	
42,835	0,94	
42,84	0,95	
42,845	0,95	
42,85	0,95	
42,855	0,96	
42,86	0,96	
42,865	0,96	
42,87	0,96	
42,875	0,96	
42,88	0,96	
42,885	0,96	
42,89	0,96	
42,895	0,95	
42,9	0,95	
42,905	0,94	
42,91	0,93	
42,915	0,93	
42,92	0,92	
42,925	0,91	
42,93	0,9	
42,935	0,89	
42,94	0,88	
42,945	0,87	
42,95	0,86	
42,955	0,85	
42,96	0,84	
42,965	0,81	
42,97	0,8	
42,975	0,78	
42,98	0,77	
42,985	0,75	
42,99	0,74	
42,995	0,72	
43,0	0,7	
43,005	0,68	
43,01	0,65	
43,015	0,64	
43,02	0,62	
43,025	0,59	
43,03	0,58	
43,035	0,56	
43,04	0,54	
43,045	0,52	
43,05	0,5	
43,055	0,46	
43,06	0,44	
43,065	0,42	
43,07	0,39	
43,075	0,37	
43,08	0,35	
43,085	0,32	
43,09	0,3	
43,095	0,27	
43,1	0,24	
43,105	0,21	
43,11	0,19	
43,115	0,16	
43,12	0,14	
43,125	0,11	
43,13	0,08	
43,135	0,06	
43,14	0,03	
43,145	0	
43,15	-0,03	
43,155	-0,05	
43,16	-0,08	
43,165	-0,11	
43,17	-0,13	
43,175	-0,16	
43,18	-0,18	
43,185	-0,21	
43,19	-0,24	
43,195	-0,26	
43,2	-0,29	
43,205	-0,31	
43,21	-0,34	
43,215	-0,36	
43,22	-0,39	
43,225	-0,41	
43,23	-0,43	
43,235	-0,46	
43,24	-0,48	
43,245	-0,5	
43,25	-0,52	
43,255	-0,54	
43,26	-0,56	
43,265	-0,58	
43,27	-0,6	
43,275	-0,61	
43,28	-0,63	
43,285	-0,66	
43,29	-0,67	
43,295	-0,69	
43,3	-0,71	
43,305	-0,72	
43,31	-0,73	
43,315	-0,74	
43,32	-0,76	
43,325	-0,77	
43,33	-0,79	
43,335	-0,81	
43,34	-0,82	
43,345	-0,83	
43,35	-0,83	
43,355	-0,84	
43,36	-0,85	
43,365	-0,86	
43,37	-0,87	
43,375	-0,87	
43,38	-0,88	
43,385	-0,88	
43,39	-0,89	
43,395	-0,89	
43,4	-0,89	
43,405	-0,89	
43,41	-0,89	
43,415	-0,89	
43,42	-0,89	
43,425	-0,89	
43,43	-0,88	
43,435	-0,88	
43,44	-0,88	
43,445	-0,87	
43,45	-0,87	
43,455	-0,87	
43,46	-0,86	
43,465	-0,85	
43,47	-0,84	
43,475	-0,83	
43,48	-0,82	
43,485	-0,81	
43,49	-0,81	
43,495	-0,79	
43,5	-0,78	
43,505	-0,77	
43,51	-0,75	
43,515	-0,73	
43,52	-0,72	
43,525	-0,71	
43,53	-0,69	
43,535	-0,68	
43,54	-0,66	
43,545	-0,64	
43,55	-0,63	
43,555	-0,6	
43,56	-0,58	
43,565	-0,57	
43,57	-0,55	
43,575	-0,53	
43,58	-0,51	
43,585	-0,49	
43,59	-0,46	
43,595	-0,44	
43,6	-0,42	
43,605	-0,4	
43,61	-0,38	
43,615	-0,35	
43,62	-0,33	
43,625	-0,31	
43,63	-0,28	
43,635	-0,26	
43,64	-0,24	
43,645	-0,21	
43,65	-0,18	
43,655	-0,16	
43,66	-0,14	
43,665	-0,12	
43,67	-0,09	
43,675	-0,07	
43,68	-0,04	
43,685	-0,02	
43,69	-0,02	
43,695	0,04	
43,7	0,06	
43,705	0,09	
43,71	0,11	
43,715	0,13	
43,72	0,15	
43,725	0,18	
43,73	0,2	
43,735	0,22	
43,74	0,26	
43,745	0,28	
43,75	0,3	
43,755	0,32	
43,76	0,34	
43,765	0,36	
43,77	0,38	
43,775	0,4	
43,78	0,42	
43,785	0,45	
43,79	0,47	
43,795	0,49	
43,8	0,5	
43,805	0,52	
43,81	0,54	
43,815	0,56	
43,82	0,58	
43,825	0,59	
43,83	0,61	
43,835	0,62	
43,84	0,64	
43,845	0,65	
43,85	0,67	
43,855	0,68	
43,86	0,7	
43,865	0,71	
43,87	0,72	
43,875	0,73	
43,88	0,74	
43,885	0,75	
43,89	0,76	
43,895	0,77	
43,9	0,77	
43,905	0,78	
43,91	0,78	
43,915	0,79	
43,92	0,8	
43,925	0,8	
43,93	0,8	
43,935	0,81	
43,94	0,81	
43,945	0,81	
43,95	0,81	
43,955	0,81	
43,96	0,81	
43,965	0,81	
43,97	0,81	
43,975	0,81	
43,98	0,8	
43,985	0,8	
43,99	0,79	
43,995	0,78	
44,0	0,78	
44,005	0,77	
44,01	0,75	
44,015	0,75	
44,02	0,74	
44,025	0,73	
44,03	0,72	
44,035	0,71	
44,04	0,7	
44,045	0,69	
44,05	0,68	
44,055	0,66	
44,06	0,64	
44,065	0,63	
44,07	0,62	
44,075	0,61	
44,08	0,59	
44,085	0,58	
44,09	0,56	
44,095	0,54	
44,1	0,52	
44,105	0,5	
44,11	0,48	
44,115	0,46	
44,12	0,45	
44,125	0,42	
44,13	0,41	
44,135	0,39	
44,14	0,37	
44,145	0,34	
44,15	0,32	
44,155	0,3	
44,16	0,28	
44,165	0,26	
44,17	0,24	
44,175	0,21	
44,18	0,19	
44,185	0,17	
44,19	0,15	
44,195	0,12	
44,2	0,1	
44,205	0,07	
44,21	0,05	
44,215	0,03	
44,22	0,01	
44,225	-0,01	
44,23	-0,04	
44,235	-0,06	
44,24	-0,08	
44,245	-0,11	
44,25	-0,13	
44,255	-0,15	
44,26	-0,17	
44,265	-0,19	
44,27	-0,22	
44,275	-0,24	
44,28	-0,26	
44,285	-0,29	
44,29	-0,31	
44,295	-0,33	
44,3	-0,34	
44,305	-0,36	
44,31	-0,38	
44,315	-0,39	
44,32	-0,41	
44,325	-0,43	
44,33	-0,45	
44,335	-0,47	
44,34	-0,49	
44,345	-0,5	
44,35	-0,52	
44,355	-0,53	
44,36	-0,55	
44,365	-0,56	
44,37	-0,57	
44,375	-0,6	
44,38	-0,61	
44,385	-0,62	
44,39	-0,63	
44,395	-0,64	
44,4	-0,65	
44,405	-0,66	
44,41	-0,67	
44,415	-0,68	
44,42	-0,69	
44,425	-0,7	
44,43	-0,7	
44,435	-0,71	
44,44	-0,71	
44,445	-0,72	
44,45	-0,72	
44,455	-0,73	
44,46	-0,73	
44,465	-0,74	
44,47	-0,74	
44,475	-0,74	
44,48	-0,74	
44,485	-0,74	
44,49	-0,73	
44,495	-0,73	
44,5	-0,73	
44,505	-0,73	
44,51	-0,72	
44,515	-0,72	
44,52	-0,72	
44,525	-0,71	
44,53	-0,71	
44,535	-0,7	
44,54	-0,69	
44,545	-0,69	
44,55	-0,68	
44,555	-0,66	
44,56	-0,65	
44,565	-0,64	
44,57	-0,63	
44,575	-0,62	
44,58	-0,61	
44,585	-0,6	
44,59	-0,59	
44,595	-0,58	
44,6	-0,56	
44,605	-0,55	
44,61	-0,53	
44,615	-0,52	
44,62	-0,5	
44,625	-0,48	
44,63	-0,46	
44,635	-0,45	
44,64	-0,43	
44,645	-0,42	
44,65	-0,39	
44,655	-0,38	
44,66	-0,36	
44,665	-0,33	
44,67	-0,32	
44,675	-0,3	
44,68	-0,28	
44,685	-0,27	
44,69	-0,25	
44,695	-0,22	
44,7	-0,2	
44,705	-0,17	
44,71	-0,15	
44,715	-0,13	
44,72	-0,11	
44,725	-0,09	
44,73	-0,07	
44,735	-0,05	
44,74	-0,02	
44,745	0	
44,75	0,02	
44,755	0,04	
44,76	0,06	
44,765	0,08	
44,77	0,1	
44,775	0,12	
44,78	0,14	
44,785	0,17	
44,79	0,19	
44,795	0,21	
44,8	0,22	
44,805	0,24	
44,81	0,26	
44,815	0,28	
44,82	0,3	
44,825	0,32	
44,83	0,35	
44,835	0,36	
44,84	0,38	
44,845	0,4	
44,85	0,41	
44,855	0,43	
44,86	0,44	
44,865	0,46	
44,87	0,47	
44,875	0,49	
44,88	0,51	
44,885	0,52	
44,89	0,53	
44,895	0,55	
44,9	0,56	
44,905	0,57	
44,91	0,59	
44,915	0,59	
44,92	0,6	
44,925	0,62	
44,93	0,63	
44,935	0,64	
44,94	0,65	
44,945	0,65	
44,95	0,66	
44,955	0,66	
44,96	0,67	
44,965	0,67	
44,97	0,68	
44,975	0,68	
44,98	0,69	
44,985	0,69	
44,99	0,69	
44,995	0,7	
45,0	0,7	
45,005	0,7	
45,01	0,69	
45,015	0,69	
45,02	0,69	
45,025	0,69	
45,03	0,69	
45,035	0,69	
45,04	0,68	
45,045	0,68	
45,05	0,67	
45,055	0,67	
45,06	0,66	
45,065	0,65	
45,07	0,64	
45,075	0,63	
45,08	0,62	
45,085	0,62	
45,09	0,61	
45,095	0,6	
45,1	0,59	
45,105	0,57	
45,11	0,56	
45,115	0,55	
45,12	0,54	
45,125	0,52	
45,13	0,51	
45,135	0,5	
45,14	0,49	
45,145	0,47	
45,15	0,45	
45,155	0,43	
45,16	0,41	
45,165	0,4	
45,17	0,38	
45,175	0,37	
45,18	0,35	
45,185	0,33	
45,19	0,31	
45,195	0,28	
45,2	0,26	
45,205	0,24	
45,21	0,22	
45,215	0,21	
45,22	0,19	
45,225	0,17	
45,23	0,15	
45,235	0,13	
45,24	0,1	
45,245	0,08	
45,25	0,06	
45,255	0,04	
45,26	0,02	
45,265	0	
45,27	-0,02	
45,275	-0,04	
45,28	-0,06	
45,285	-0,09	
45,29	-0,11	
45,295	-0,13	
45,3	-0,15	
45,305	-0,17	
45,31	-0,19	
45,315	-0,21	
45,32	-0,23	
45,325	-0,25	
45,33	-0,28	
45,335	-0,29	
45,34	-0,31	
45,345	-0,33	
45,35	-0,34	
45,355	-0,36	
45,36	-0,38	
45,365	-0,4	
45,37	-0,41	
45,375	-0,43	
45,38	-0,45	
45,385	-0,47	
45,39	-0,48	
45,395	-0,5	
45,4	-0,51	
45,405	-0,52	
45,41	-0,54	
45,415	-0,55	
45,42	-0,57	
45,425	-0,58	
45,43	-0,6	
45,435	-0,61	
45,44	-0,61	
45,445	-0,62	
45,45	-0,63	
45,455	-0,64	
45,46	-0,65	
45,465	-0,66	
45,47	-0,67	
45,475	-0,67	
45,48	-0,68	
45,485	-0,68	
45,49	-0,69	
45,495	-0,69	
45,5	-0,69	
45,505	-0,7	
45,51	-0,7	
45,515	-0,7	
45,52	-0,7	
45,525	-0,7	
45,53	-0,7	
45,535	-0,7	
45,54	-0,7	
45,545	-0,7	
45,55	-0,7	
45,555	-0,69	
45,56	-0,69	
45,565	-0,68	
45,57	-0,68	
45,575	-0,67	
45,58	-0,67	
45,585	-0,66	
45,59	-0,66	
45,595	-0,65	
45,6	-0,64	
45,605	-0,62	
45,61	-0,61	
45,615	-0,6	
45,62	-0,59	
45,625	-0,58	
45,63	-0,57	
45,635	-0,56	
45,64	-0,54	
45,645	-0,53	
45,65	-0,51	
45,655	-0,5	
45,66	-0,48	
45,665	-0,47	
45,67	-0,45	
45,675	-0,44	
45,68	-0,42	
45,685	-0,41	
45,69	-0,39	
45,695	-0,36	
45,7	-0,35	
45,705	-0,33	
45,71	-0,31	
45,715	-0,29	
45,72	-0,27	
45,725	-0,26	
45,73	-0,24	
45,735	-0,22	
45,74	-0,19	
45,745	-0,17	
45,75	-0,15	
45,755	-0,13	
45,76	-0,1	
45,765	-0,08	
45,77	-0,06	
45,775	-0,05	
45,78	-0,03	
45,785	0	
45,79	0,02	
45,795	0,04	
45,8	0,06	
45,805	0,08	
45,81	0,1	
45,815	0,12	
45,82	0,15	
45,825	0,17	
45,83	0,2	
45,835	0,22	
45,84	0,24	
45,845	0,26	
45,85	0,28	
45,855	0,3	
45,86	0,32	
45,865	0,34	
45,87	0,36	
45,875	0,38	
45,88	0,4	
45,885	0,42	
45,89	0,44	
45,895	0,45	
45,9	0,47	
45,905	0,48	
45,91	0,5	
45,915	0,51	
45,92	0,54	
45,925	0,55	
45,93	0,57	
45,935	0,58	
45,94	0,59	
45,945	0,61	
45,95	0,62	
45,955	0,63	
45,96	0,64	
45,965	0,65	
45,97	0,67	
45,975	0,68	
45,98	0,68	
45,985	0,69	
45,99	0,7	
45,995	0,71	
46,0	0,71	
46,005	0,72	
46,01	0,73	
46,015	0,73	
46,02	0,74	
46,025	0,74	
46,03	0,75	
46,035	0,75	
46,04	0,76	
46,045	0,76	
46,05	0,76	
46,055	0,76	
46,06	0,76	
46,065	0,76	
46,07	0,75	
46,075	0,75	
46,08	0,75	
46,085	0,74	
46,09	0,74	
46,095	0,73	
46,1	0,72	
46,105	0,71	
46,11	0,71	
46,115	0,7	
46,12	0,7	
46,125	0,69	
46,13	0,68	
46,135	0,67	
46,14	0,66	
46,145	0,64	
46,15	0,63	
46,155	0,61	
46,16	0,6	
46,165	0,59	
46,17	0,58	
46,175	0,57	
46,18	0,55	
46,185	0,54	
46,19	0,52	
46,195	0,49	
46,2	0,48	
46,205	0,46	
46,21	0,44	
46,215	0,43	
46,22	0,41	
46,225	0,39	
46,23	0,37	
46,235	0,35	
46,24	0,32	
46,245	0,3	
46,25	0,28	
46,255	0,26	
46,26	0,24	
46,265	0,22	
46,27	0,2	
46,275	0,18	
46,28	0,16	
46,285	0,12	
46,29	0,1	
46,295	0,08	
46,3	0,06	
46,305	0,04	
46,31	0,01	
46,315	-0,01	
46,32	-0,03	
46,325	-0,05	
46,33	-0,08	
46,335	-0,11	
46,34	-0,13	
46,345	-0,15	
46,35	-0,17	
46,355	-0,2	
46,36	-0,22	
46,365	-0,24	
46,37	-0,26	
46,375	-0,29	
46,38	-0,31	
46,385	-0,33	
46,39	-0,35	
46,395	-0,37	
46,4	-0,39	
46,405	-0,41	
46,41	-0,43	
46,415	-0,45	
46,42	-0,47	
46,425	-0,5	
46,43	-0,52	
46,435	-0,53	
46,44	-0,55	
46,445	-0,56	
46,45	-0,58	
46,455	-0,6	
46,46	-0,61	
46,465	-0,63	
46,47	-0,65	
46,475	-0,66	
46,48	-0,68	
46,485	-0,69	
46,49	-0,7	
46,495	-0,71	
46,5	-0,73	
46,505	-0,74	
46,51	-0,75	
46,515	-0,76	
46,52	-0,77	
46,525	-0,78	
46,53	-0,79	
46,535	-0,79	
46,54	-0,8	
46,545	-0,8	
46,55	-0,81	
46,555	-0,82	
46,56	-0,82	
46,565	-0,82	
46,57	-0,83	
46,575	-0,83	
46,58	-0,83	
46,585	-0,83	
46,59	-0,83	
46,595	-0,83	
46,6	-0,83	
46,605	-0,82	
46,61	-0,82	
46,615	-0,81	
46,62	-0,81	
46,625	-0,8	
46,63	-0,8	
46,635	-0,8	
46,64	-0,79	
46,645	-0,78	
46,65	-0,77	
46,655	-0,76	
46,66	-0,75	
46,665	-0,74	
46,67	-0,73	
46,675	-0,72	
46,68	-0,71	
46,685	-0,69	
46,69	-0,68	
46,695	-0,66	
46,7	-0,64	
46,705	-0,63	
46,71	-0,61	
46,715	-0,6	
46,72	-0,58	
46,725	-0,56	
46,73	-0,55	
46,735	-0,53	
46,74	-0,51	
46,745	-0,49	
46,75	-0,47	
46,755	-0,45	
46,76	-0,43	
46,765	-0,41	
46,77	-0,39	
46,775	-0,37	
46,78	-0,35	
46,785	-0,31	
46,79	-0,29	
46,795	-0,27	
46,8	-0,25	
46,805	-0,22	
46,81	-0,2	
46,815	-0,18	
46,82	-0,15	
46,825	-0,13	
46,83	-0,09	
46,835	-0,07	
46,84	-0,05	
46,845	-0,02	
46,85	0	
46,855	0,02	
46,86	0,05	
46,865	0,07	
46,87	0,09	
46,875	0,12	
46,88	0,15	
46,885	0,18	
46,89	0,2	
46,895	0,23	
46,9	0,25	
46,905	0,27	
46,91	0,3	
46,915	0,32	
46,92	0,34	
46,925	0,37	
46,93	0,4	
46,935	0,42	
46,94	0,44	
46,945	0,46	
46,95	0,48	
46,955	0,5	
46,96	0,52	
46,965	0,54	
46,97	0,57	
46,975	0,59	
46,98	0,6	
46,985	0,62	
46,99	0,64	
46,995	0,65	
47,0	0,67	
47,005	0,68	
47,01	0,7	
47,015	0,72	
47,02	0,74	
47,025	0,75	
47,03	0,77	
47,035	0,78	
47,04	0,79	
47,045	0,8	
47,05	0,81	
47,055	0,83	
47,06	0,84	
47,065	0,85	
47,07	0,86	
47,075	0,86	
47,08	0,87	
47,085	0,87	
47,09	0,88	
47,095	0,89	
47,1	0,89	
47,105	0,9	
47,11	0,9	
47,115	0,9	
47,12	0,9	
47,125	0,9	
47,13	0,9	
47,135	0,9	
47,14	0,9	
47,145	0,9	
47,15	0,9	
47,155	0,89	
47,16	0,89	
47,165	0,88	
47,17	0,88	
47,175	0,87	
47,18	0,86	
47,185	0,85	
47,19	0,85	
47,195	0,83	
47,2	0,82	
47,205	0,81	
47,21	0,8	
47,215	0,79	
47,22	0,78	
47,225	0,76	
47,23	0,74	
47,235	0,73	
47,24	0,71	
47,245	0,69	
47,25	0,68	
47,255	0,67	
47,26	0,65	
47,265	0,63	
47,27	0,61	
47,275	0,59	
47,28	0,57	
47,285	0,54	
47,29	0,52	
47,295	0,5	
47,3	0,48	
47,305	0,46	
47,31	0,43	
47,315	0,41	
47,32	0,39	
47,325	0,37	
47,33	0,35	
47,335	0,31	
47,34	0,29	
47,345	0,26	
47,35	0,24	
47,355	0,21	
47,36	0,19	
47,365	0,16	
47,37	0,14	
47,375	0,12	
47,38	0,08	
47,385	0,05	
47,39	0,03	
47,395	0	
47,4	-0,03	
47,405	-0,05	
47,41	-0,07	
47,415	-0,1	
47,42	-0,12	
47,425	-0,16	
47,43	-0,19	
47,435	-0,22	
47,44	-0,24	
47,445	-0,26	
47,45	-0,28	
47,455	-0,31	
47,46	-0,33	
47,465	-0,36	
47,47	-0,4	
47,475	-0,42	
47,48	-0,44	
47,485	-0,46	
47,49	-0,48	
47,495	-0,5	
47,5	-0,53	
47,505	-0,55	
47,51	-0,57	
47,515	-0,6	
47,52	-0,62	
47,525	-0,64	
47,53	-0,66	
47,535	-0,68	
47,54	-0,7	
47,545	-0,72	
47,55	-0,74	
47,555	-0,75	
47,56	-0,77	
47,565	-0,79	
47,57	-0,8	
47,575	-0,81	
47,58	-0,82	
47,585	-0,84	
47,59	-0,85	
47,595	-0,87	
47,6	-0,88	
47,605	-0,89	
47,61	-0,9	
47,615	-0,9	
47,62	-0,91	
47,625	-0,92	
47,63	-0,93	
47,635	-0,94	
47,64	-0,94	
47,645	-0,95	
47,65	-0,95	
47,655	-0,96	
47,66	-0,96	
47,665	-0,96	
47,67	-0,96	
47,675	-0,96	
47,68	-0,96	
47,685	-0,95	
47,69	-0,95	
47,695	-0,95	
47,7	-0,95	
47,705	-0,94	
47,71	-0,94	
47,715	-0,93	
47,72	-0,92	
47,725	-0,91	
47,73	-0,9	
47,735	-0,9	
47,74	-0,89	
47,745	-0,88	
47,75	-0,87	
47,755	-0,85	
47,76	-0,84	
47,765	-0,82	
47,77	-0,81	
47,775	-0,79	
47,78	-0,78	
47,785	-0,77	
47,79	-0,74	
47,795	-0,72	
47,8	-0,71	
47,805	-0,69	
47,81	-0,67	
47,815	-0,65	
47,82	-0,64	
47,825	-0,62	
47,83	-0,59	
47,835	-0,56	
47,84	-0,54	
47,845	-0,52	
47,85	-0,5	
47,855	-0,48	
47,86	-0,46	
47,865	-0,43	
47,87	-0,41	
47,875	-0,38	
47,88	-0,34	
47,885	-0,32	
47,89	-0,3	
47,895	-0,28	
47,9	-0,25	
47,905	-0,23	
47,91	-0,2	
47,915	-0,17	
47,92	-0,14	
47,925	-0,11	
47,93	-0,08	
47,935	-0,06	
47,94	-0,03	
47,945	0	
47,95	0,02	
47,955	0,05	
47,96	0,08	
47,965	0,1	
47,97	0,14	
47,975	0,16	
47,98	0,19	
47,985	0,22	
47,99	0,25	
47,995	0,27	
48,0	0,3	
48,005	0,32	
48,01	0,35	
48,015	0,38	
48,02	0,4	
48,025	0,43	
48,03	0,45	
48,035	0,48	
48,04	0,5	
48,045	0,52	
48,05	0,54	
48,055	0,56	
48,06	0,6	
48,065	0,62	
48,07	0,64	
48,075	0,66	
48,08	0,68	
48,085	0,7	
48,09	0,71	
48,095	0,73	
48,1	0,75	
48,105	0,77	
48,11	0,79	
48,115	0,81	
48,12	0,83	
48,125	0,84	
48,13	0,85	
48,135	0,86	
48,14	0,87	
48,145	0,89	
48,15	0,9	
48,155	0,91	
48,16	0,92	
48,165	0,93	
48,17	0,93	
48,175	0,94	
48,18	0,95	
48,185	0,96	
48,19	0,97	
48,195	0,98	
48,2	0,98	
48,205	0,98	
48,21	0,98	
48,215	0,98	
48,22	0,98	
48,225	0,98	
48,23	0,98	
48,235	0,98	
48,24	0,97	
48,245	0,97	
48,25	0,96	
48,255	0,96	
48,26	0,95	
48,265	0,95	
48,27	0,95	
48,275	0,94	
48,28	0,93	
48,285	0,92	
48,29	0,9	
48,295	0,89	
48,3	0,88	
48,305	0,87	
48,31	0,86	
48,315	0,85	
48,32	0,83	
48,325	0,81	
48,33	0,8	
48,335	0,78	
48,34	0,76	
48,345	0,75	
48,35	0,73	
48,355	0,71	
48,36	0,69	
48,365	0,67	
48,37	0,65	
48,375	0,63	
48,38	0,6	
48,385	0,58	
48,39	0,56	
48,395	0,54	
48,4	0,51	
48,405	0,49	
48,41	0,46	
48,415	0,44	
48,42	0,42	
48,425	0,39	
48,43	0,36	
48,435	0,34	
48,44	0,31	
48,445	0,28	
48,45	0,26	
48,455	0,23	
48,46	0,21	
48,465	0,18	
48,47	0,14	
48,475	0,11	
48,48	0,09	
48,485	0,06	
48,49	0,03	
48,495	0,01	
48,5	-0,01	
48,505	-0,04	
48,51	-0,07	
48,515	-0,11	
48,52	-0,14	
48,525	-0,16	
48,53	-0,19	
48,535	-0,21	
48,54	-0,23	
48,545	-0,26	
48,55	-0,28	
48,555	-0,31	
48,56	-0,35	
48,565	-0,38	
48,57	-0,4	
48,575	-0,42	
48,58	-0,44	
48,585	-0,47	
48,59	-0,49	
48,595	-0,52	
48,6	-0,54	
48,605	-0,57	
48,61	-0,59	
48,615	-0,61	
48,62	-0,63	
48,625	-0,64	
48,63	-0,67	
48,635	-0,69	
48,64	-0,71	
48,645	-0,72	
48,65	-0,75	
48,655	-0,76	
48,66	-0,78	
48,665	-0,79	
48,67	-0,81	
48,675	-0,83	
48,68	-0,84	
48,685	-0,85	
48,69	-0,86	
48,695	-0,87	
48,7	-0,89	
48,705	-0,9	
48,71	-0,91	
48,715	-0,92	
48,72	-0,93	
48,725	-0,93	
48,73	-0,94	
48,735	-0,94	
48,74	-0,95	
48,745	-0,96	
48,75	-0,96	
48,755	-0,96	
48,76	-0,96	
48,765	-0,97	
48,77	-0,97	
48,775	-0,96	
48,78	-0,96	
48,785	-0,96	
48,79	-0,96	
48,795	-0,96	
48,8	-0,95	
48,805	-0,95	
48,81	-0,94	
48,815	-0,93	
48,82	-0,93	
48,825	-0,92	
48,83	-0,91	
48,835	-0,9	
48,84	-0,89	
48,845	-0,88	
48,85	-0,87	
48,855	-0,86	
48,86	-0,85	
48,865	-0,83	
48,87	-0,82	
48,875	-0,81	
48,88	-0,78	
48,885	-0,76	
48,89	-0,75	
48,895	-0,73	
48,9	-0,72	
48,905	-0,7	
48,91	-0,69	
48,915	-0,67	
48,92	-0,65	
48,925	-0,62	
48,93	-0,6	
48,935	-0,57	
48,94	-0,55	
48,945	-0,53	
48,95	-0,51	
48,955	-0,49	
48,96	-0,46	
48,965	-0,44	
48,97	-0,4	
48,975	-0,38	
48,98	-0,35	
48,985	-0,33	
48,99	-0,31	
48,995	-0,29	
49,0	-0,27	
49,005	-0,24	
49,01	-0,21	
49,015	-0,18	
49,02	-0,15	
49,025	-0,12	
49,03	-0,1	
49,035	-0,07	
49,04	-0,04	
49,045	-0,02	
49,05	0,01	
49,055	0,04	
49,06	0,07	
49,065	0,1	
49,07	0,12	
49,075	0,15	
49,08	0,17	
49,085	0,2	
49,09	0,22	
49,095	0,25	
49,1	0,27	
49,105	0,29	
49,11	0,33	
49,115	0,35	
49,12	0,38	
49,125	0,4	
49,13	0,43	
49,135	0,45	
49,14	0,47	
49,145	0,49	
49,15	0,51	
49,155	0,54	
49,16	0,56	
49,165	0,58	
49,17	0,6	
49,175	0,62	
49,18	0,64	
49,185	0,65	
49,19	0,67	
49,195	0,69	
49,2	0,72	
49,205	0,73	
49,21	0,75	
49,215	0,76	
49,22	0,77	
49,225	0,78	
49,23	0,8	
49,235	0,81	
49,24	0,82	
49,245	0,84	
49,25	0,85	
49,255	0,86	
49,26	0,86	
49,265	0,87	
49,27	0,88	
49,275	0,89	
49,28	0,9	
49,285	0,9	
49,29	0,91	
49,295	0,91	
49,3	0,91	
49,305	0,92	
49,31	0,92	
49,315	0,92	
49,32	0,92	
49,325	0,92	
49,33	0,92	
49,335	0,92	
49,34	0,91	
49,345	0,91	
49,35	0,9	
49,355	0,9	
49,36	0,9	
49,365	0,89	
49,37	0,89	
49,375	0,87	
49,38	0,86	
49,385	0,85	
49,39	0,84	
49,395	0,83	
49,4	0,82	
49,405	0,81	
49,41	0,8	
49,415	0,78	
49,42	0,77	
49,425	0,75	
49,43	0,73	
49,435	0,72	
49,44	0,71	
49,445	0,69	
49,45	0,67	
49,455	0,65	
49,46	0,64	
49,465	0,62	
49,47	0,59	
49,475	0,57	
49,48	0,55	
49,485	0,53	
49,49	0,51	
49,495	0,49	
49,5	0,47	
49,505	0,45	
49,51	0,42	
49,515	0,39	
49,52	0,37	
49,525	0,34	
49,53	0,32	
49,535	0,3	
49,54	0,28	
49,545	0,25	
49,55	0,23	
49,555	0,21	
49,56	0,19	
49,565	0,15	
49,57	0,13	
49,575	0,1	
49,58	0,07	
49,585	0,05	
49,59	0,03	
49,595	0	
49,6	-0,02	
49,605	-0,04	
49,61	-0,08	
49,615	-0,1	
49,62	-0,13	
49,625	-0,15	
49,63	-0,18	
49,635	-0,2	
49,64	-0,22	
49,645	-0,25	
49,65	-0,27	
49,655	-0,3	
49,66	-0,33	
49,665	-0,35	
49,67	-0,36	
49,675	-0,39	
49,68	-0,41	
49,685	-0,43	
49,69	-0,45	
49,695	-0,47	
49,7	-0,5	
49,705	-0,52	
49,71	-0,54	
49,715	-0,56	
49,72	-0,58	
49,725	-0,59	
49,73	-0,61	
49,735	-0,63	
49,74	-0,64	
49,745	-0,66	
49,75	-0,67	
49,755	-0,69	
49,76	-0,7	
49,765	-0,72	
49,77	-0,73	
49,775	-0,74	
49,78	-0,75	
49,785	-0,76	
49,79	-0,78	
49,795	-0,79	
49,8	-0,79	
49,805	-0,8	
49,81	-0,81	
49,815	-0,82	
49,82	-0,82	
49,825	-0,82	
49,83	-0,83	
49,835	-0,83	
49,84	-0,84	
49,845	-0,84	
49,85	-0,85	
49,855	-0,85	
49,86	-0,84	
49,865	-0,84	
49,87	-0,84	
49,875	-0,84	
49,88	-0,84	
49,885	-0,83	
49,89	-0,83	
49,895	-0,83	
49,9	-0,82	
49,905	-0,82	
49,91	-0,81	
49,915	-0,81	
49,92	-0,8	
49,925	-0,78	
49,93	-0,78	
49,935	-0,77	
49,94	-0,76	
49,945	-0,75	
49,95	-0,74	
49,955	-0,72	
49,96	-0,71	
49,965	-0,7	
49,97	-0,68	
49,975	-0,67	
49,98	-0,65	
49,985	-0,64	
49,99	-0,62	
49,995	-0,61	
50,0	-0,59	
50,005	-0,57	
50,01	-0,55	
50,015	-0,54	
50,02	-0,51	
50,025	-0,49	
50,03	-0,47	
50,035	-0,45	
50,04	-0,44	
50,045	-0,42	
50,05	-0,4	
50,055	-0,38	
50,06	-0,36	
50,065	-0,32	
50,07	-0,3	
50,075	-0,28	
50,08	-0,26	
50,085	-0,23	
50,09	-0,21	
50,095	-0,19	
50,1	-0,17	
50,105	-0,15	
50,11	-0,12	
50,115	-0,09	
50,12	-0,07	
50,125	-0,05	
50,13	-0,02	
50,135	0	
50,14	0,02	
50,145	0,04	
50,15	0,06	
50,155	0,09	
50,16	0,12	
50,165	0,14	
50,17	0,16	
50,175	0,18	
50,18	0,2	
50,185	0,22	
50,19	0,24	
50,195	0,26	
50,2	0,29	
50,205	0,32	
50,21	0,34	
50,215	0,36	
50,22	0,38	
50,225	0,39	
50,23	0,41	
50,235	0,43	
50,24	0,45	
50,245	0,48	
50,25	0,49	
50,255	0,51	
50,26	0,52	
50,265	0,54	
50,27	0,56	
50,275	0,57	
50,28	0,59	
50,285	0,6	
50,29	0,62	
50,295	0,63	
50,3	0,64	
50,305	0,66	
50,31	0,66	
50,315	0,67	
50,32	0,68	
50,325	0,69	
50,33	0,7	
50,335	0,71	
50,34	0,72	
50,345	0,73	
50,35	0,73	
50,355	0,74	
50,36	0,75	
50,365	0,75	
50,37	0,76	
50,375	0,76	
50,38	0,76	
50,385	0,76	
50,39	0,76	
50,395	0,77	
50,4	0,77	
50,405	0,77	
50,41	0,76	
50,415	0,76	
50,42	0,76	
50,425	0,75	
50,43	0,75	
50,435	0,74	
50,44	0,74	
50,445	0,74	
50,45	0,73	
50,455	0,73	
50,46	0,72	
50,465	0,71	
50,47	0,7	
50,475	0,69	
50,48	0,68	
50,485	0,67	
50,49	0,66	
50,495	0,65	
50,5	0,63	
50,505	0,62	
50,51	0,61	
50,515	0,59	
50,52	0,57	
50,525	0,56	
50,53	0,55	
50,535	0,53	
50,54	0,51	
50,545	0,5	
50,55	0,48	
50,555	0,47	
50,56	0,45	
50,565	0,42	
50,57	0,4	
50,575	0,38	
50,58	0,36	
50,585	0,35	
50,59	0,33	
50,595	0,31	
50,6	0,29	
50,605	0,27	
50,61	0,25	
50,615	0,22	
50,62	0,2	
50,625	0,18	
50,63	0,16	
50,635	0,14	
50,64	0,12	
50,645	0,1	
50,65	0,08	
50,655	0,05	
50,66	0,03	
50,665	0	
50,67	-0,02	
50,675	-0,04	
50,68	-0,05	
50,685	-0,07	
50,69	-0,09	
50,695	-0,11	
50,7	-0,15	
50,705	-0,17	
50,71	-0,19	
50,715	-0,21	
50,72	-0,22	
50,725	-0,24	
50,73	-0,26	
50,735	-0,28	
50,74	-0,3	
50,745	-0,33	
50,75	-0,34	
50,755	-0,36	
50,76	-0,38	
50,765	-0,39	
50,77	-0,41	
50,775	-0,43	
50,78	-0,45	
50,785	-0,46	
50,79	-0,48	
50,795	-0,5	
50,8	-0,51	
50,805	-0,52	
50,81	-0,54	
50,815	-0,55	
50,82	-0,56	
50,825	-0,58	
50,83	-0,59	
50,835	-0,6	
50,84	-0,61	
50,845	-0,62	
50,85	-0,63	
50,855	-0,64	
50,86	-0,65	
50,865	-0,65	
50,87	-0,66	
50,875	-0,67	
50,88	-0,68	
50,885	-0,68	
50,89	-0,69	
50,895	-0,69	
50,9	-0,69	
50,905	-0,7	
50,91	-0,7	
50,915	-0,7	
50,92	-0,7	
50,925	-0,7	
50,93	-0,7	
50,935	-0,7	
50,94	-0,7	
50,945	-0,69	
50,95	-0,69	
50,955	-0,69	
50,96	-0,68	
50,965	-0,68	
50,97	-0,67	
50,975	-0,67	
50,98	-0,66	
50,985	-0,65	
50,99	-0,64	
50,995	-0,64	
51,0	-0,63	
51,005	-0,62	
51,01	-0,62	
51,015	-0,61	
51,02	-0,59	
51,025	-0,58	
51,03	-0,57	
51,035	-0,56	
51,04	-0,55	
51,045	-0,54	
51,05	-0,52	
51,055	-0,51	
51,06	-0,49	
51,065	-0,47	
51,07	-0,45	
51,075	-0,44	
51,08	-0,43	
51,085	-0,41	
51,09	-0,39	
51,095	-0,38	
51,1	-0,36	
51,105	-0,34	
51,11	-0,32	
51,115	-0,3	
51,12	-0,28	
51,125	-0,26	
51,13	-0,24	
51,135	-0,22	
51,14	-0,21	
51,145	-0,19	
51,15	-0,17	
51,155	-0,14	
51,16	-0,12	
51,165	-0,1	
51,17	-0,08	
51,175	-0,06	
51,18	-0,04	
51,185	-0,02	
51,19	0	
51,195	0,02	
51,2	0,05	
51,205	0,07	
51,21	0,08	
51,215	0,1	
51,22	0,12	
51,225	0,14	
51,23	0,16	
51,235	0,18	
51,24	0,2	
51,245	0,22	
51,25	0,24	
51,255	0,26	
51,26	0,28	
51,265	0,3	
51,27	0,32	
51,275	0,33	
51,28	0,35	
51,285	0,36	
51,29	0,39	
51,295	0,41	
51,3	0,42	
51,305	0,44	
51,31	0,45	
51,315	0,46	
51,32	0,47	
51,325	0,49	
51,33	0,5	
51,335	0,52	
51,34	0,53	
51,345	0,55	
51,35	0,56	
51,355	0,57	
51,36	0,57	
51,365	0,58	
51,37	0,6	
51,375	0,6	
51,38	0,61	
51,385	0,63	
51,39	0,63	
51,395	0,64	
51,4	0,64	
51,405	0,65	
51,41	0,65	
51,415	0,66	
51,42	0,66	
51,425	0,67	
51,43	0,67	
51,435	0,67	
51,44	0,67	
51,445	0,67	
51,45	0,67	
51,455	0,67	
51,46	0,67	
51,465	0,67	
51,47	0,67	
51,475	0,66	
51,48	0,66	
51,485	0,65	
51,49	0,65	
51,495	0,64	
51,5	0,64	
51,505	0,63	
51,51	0,63	
51,515	0,62	
51,52	0,61	
51,525	0,6	
51,53	0,59	
51,535	0,58	
51,54	0,57	
51,545	0,56	
51,55	0,55	
51,555	0,54	
51,56	0,53	
51,565	0,51	
51,57	0,5	
51,575	0,49	
51,58	0,47	
51,585	0,46	
51,59	0,44	
51,595	0,43	
51,6	0,41	
51,605	0,4	
51,61	0,37	
51,615	0,36	
51,62	0,34	
51,625	0,33	
51,63	0,31	
51,635	0,29	
51,64	0,28	
51,645	0,25	
51,65	0,23	
51,655	0,21	
51,66	0,19	
51,665	0,17	
51,67	0,15	
51,675	0,14	
51,68	0,12	
51,685	0,1	
51,69	0,08	
51,695	0,06	
51,7	0,03	
51,705	0,01	
51,71	-0,01	
51,715	-0,03	
51,72	-0,05	
51,725	-0,07	
51,73	-0,09	
51,735	-0,11	
51,74	-0,12	
51,745	-0,15	
51,75	-0,17	
51,755	-0,19	
51,76	-0,21	
51,765	-0,23	
51,77	-0,25	
51,775	-0,27	
51,78	-0,28	
51,785	-0,3	
51,79	-0,33	
51,795	-0,35	
51,8	-0,36	
51,805	-0,38	
51,81	-0,4	
51,815	-0,41	
51,82	-0,43	
51,825	-0,44	
51,83	-0,46	
51,835	-0,47	
51,84	-0,49	
51,845	-0,51	
51,85	-0,52	
51,855	-0,53	
51,86	-0,54	
51,865	-0,55	
51,87	-0,57	
51,875	-0,58	
51,88	-0,59	
51,885	-0,6	
51,89	-0,61	
51,895	-0,62	
51,9	-0,63	
51,905	-0,63	
51,91	-0,64	
51,915	-0,65	
51,92	-0,65	
51,925	-0,66	
51,93	-0,67	
51,935	-0,67	
51,94	-0,67	
51,945	-0,68	
51,95	-0,68	
51,955	-0,68	
51,96	-0,69	
51,965	-0,69	
51,97	-0,69	
51,975	-0,69	
51,98	-0,69	
51,985	-0,69	
51,99	-0,69	
51,995	-0,69	
52,0	-0,68	
52,005	-0,68	
52,01	-0,67	
52,015	-0,67	
52,02	-0,66	
52,025	-0,65	
52,03	-0,65	
52,035	-0,64	
52,04	-0,63	
52,045	-0,63	
52,05	-0,61	
52,055	-0,6	
52,06	-0,59	
52,065	-0,57	
52,07	-0,56	
52,075	-0,55	
52,08	-0,54	
52,085	-0,54	
52,09	-0,52	
52,095	-0,51	
52,1	-0,49	
52,105	-0,48	
52,11	-0,46	
52,115	-0,44	
52,12	-0,43	
52,125	-0,41	
52,13	-0,39	
52,135	-0,38	
52,14	-0,36	
52,145	-0,34	
52,15	-0,33	
52,155	-0,3	
52,16	-0,28	
52,165	-0,26	
52,17	-0,25	
52,175	-0,23	
52,18	-0,21	
52,185	-0,19	
52,19	-0,17	
52,195	-0,15	
52,2	-0,12	
52,205	-0,1	
52,21	-0,08	
52,215	-0,06	
52,22	-0,04	
52,225	-0,02	
52,23	0	
52,235	0,02	
52,24	0,04	
52,245	0,07	
52,25	0,09	
52,255	0,11	
52,26	0,13	
52,265	0,15	
52,27	0,17	
52,275	0,19	
52,28	0,21	
52,285	0,23	
52,29	0,25	
52,295	0,28	
52,3	0,3	
52,305	0,32	
52,31	0,33	
52,315	0,35	
52,32	0,37	
52,325	0,39	
52,33	0,41	
52,335	0,43	
52,34	0,45	
52,345	0,47	
52,35	0,48	
52,355	0,5	
52,36	0,51	
52,365	0,52	
52,37	0,54	
52,375	0,55	
52,38	0,57	
52,385	0,58	
52,39	0,6	
52,395	0,61	
52,4	0,62	
52,405	0,63	
52,41	0,64	
52,415	0,66	
52,42	0,66	
52,425	0,67	
52,43	0,69	
52,435	0,69	
52,44	0,7	
52,445	0,71	
52,45	0,71	
52,455	0,72	
52,46	0,73	
52,465	0,73	
52,47	0,73	
52,475	0,74	
52,48	0,74	
52,485	0,74	
52,49	0,74	
52,495	0,74	
52,5	0,75	
52,505	0,75	
52,51	0,75	
52,515	0,74	
52,52	0,74	
52,525	0,74	
52,53	0,73	
52,535	0,73	
52,54	0,72	
52,545	0,72	
52,55	0,71	
52,555	0,71	
52,56	0,7	
52,565	0,69	
52,57	0,68	
52,575	0,67	
52,58	0,66	
52,585	0,65	
52,59	0,64	
52,595	0,63	
52,6	0,61	
52,605	0,6	
52,61	0,58	
52,615	0,57	
52,62	0,56	
52,625	0,55	
52,63	0,53	
52,635	0,51	
52,64	0,5	
52,645	0,48	
52,65	0,47	
52,655	0,44	
52,66	0,42	
52,665	0,41	
52,67	0,39	
52,675	0,37	
52,68	0,35	
52,685	0,33	
52,69	0,31	
52,695	0,29	
52,7	0,26	
52,705	0,24	
52,71	0,22	
52,715	0,2	
52,72	0,18	
52,725	0,16	
52,73	0,13	
52,735	0,12	
52,74	0,09	
52,745	0,07	
52,75	0,04	
52,755	0,01	
52,76	-0,01	
52,765	-0,03	
52,77	-0,05	
52,775	-0,07	
52,78	-0,09	
52,785	-0,11	
52,79	-0,14	
52,795	-0,17	
52,8	-0,19	
52,805	-0,21	
52,81	-0,23	
52,815	-0,25	
52,82	-0,28	
52,825	-0,3	
52,83	-0,32	
52,835	-0,34	
52,84	-0,36	
52,845	-0,38	
52,85	-0,4	
52,855	-0,42	
52,86	-0,44	
52,865	-0,46	
52,87	-0,48	
52,875	-0,5	
52,88	-0,52	
52,885	-0,54	
52,89	-0,56	
52,895	-0,57	
52,9	-0,59	
52,905	-0,6	
52,91	-0,62	
52,915	-0,64	
52,92	-0,65	
52,925	-0,66	
52,93	-0,68	
52,935	-0,7	
52,94	-0,71	
52,945	-0,72	
52,95	-0,73	
52,955	-0,74	
52,96	-0,75	
52,965	-0,75	
52,97	-0,76	
52,975	-0,78	
52,98	-0,79	
52,985	-0,79	
52,99	-0,8	
52,995	-0,8	
53,0	-0,81	
53,005	-0,81	
53,01	-0,81	
53,015	-0,82	
53,02	-0,82	
53,025	-0,82	
53,03	-0,82	
53,035	-0,82	
53,04	-0,82	
53,045	-0,82	
53,05	-0,81	
53,055	-0,81	
53,06	-0,81	
53,065	-0,81	
53,07	-0,8	
53,075	-0,8	
53,08	-0,79	
53,085	-0,78	
53,09	-0,78	
53,095	-0,77	
53,1	-0,76	
53,105	-0,75	
53,11	-0,73	
53,115	-0,73	
53,12	-0,71	
53,125	-0,7	
53,13	-0,69	
53,135	-0,68	
53,14	-0,66	
53,145	-0,65	
53,15	-0,63	
53,155	-0,62	
53,16	-0,6	
53,165	-0,58	
53,17	-0,57	
53,175	-0,55	
53,18	-0,53	
53,185	-0,52	
53,19	-0,5	
53,195	-0,48	
53,2	-0,46	
53,205	-0,43	
53,21	-0,41	
53,215	-0,39	
53,22	-0,37	
53,225	-0,35	
53,23	-0,33	
53,235	-0,31	
53,24	-0,29	
53,245	-0,26	
53,25	-0,23	
53,255	-0,21	
53,26	-0,19	
53,265	-0,16	
53,27	-0,14	
53,275	-0,12	
53,28	-0,1	
53,285	-0,07	
53,29	-0,05	
53,295	-0,02	
53,3	0,01	
53,305	0,03	
53,31	0,06	
53,315	0,08	
53,32	0,1	
53,325	0,12	
53,33	0,15	
53,335	0,17	
53,34	0,21	
53,345	0,23	
53,35	0,25	
53,355	0,28	
53,36	0,3	
53,365	0,33	
53,37	0,35	
53,375	0,37	
53,38	0,39	
53,385	0,42	
53,39	0,44	
53,395	0,46	
53,4	0,48	
53,405	0,5	
53,41	0,52	
53,415	0,54	
53,42	0,56	
53,425	0,58	
53,43	0,61	
53,435	0,63	
53,44	0,64	
53,445	0,66	
53,45	0,67	
53,455	0,69	
53,46	0,7	
53,465	0,72	
53,47	0,74	
53,475	0,76	
53,48	0,77	
53,485	0,77	
53,49	0,78	
53,495	0,8	
53,5	0,81	
53,505	0,82	
53,51	0,83	
53,515	0,84	
53,52	0,85	
53,525	0,85	
53,53	0,86	
53,535	0,86	
53,54	0,87	
53,545	0,88	
53,55	0,88	
53,555	0,89	
53,56	0,89	
53,565	0,89	
53,57	0,89	
53,575	0,89	
53,58	0,89	
53,585	0,89	
53,59	0,89	
53,595	0,89	
53,6	0,88	
53,605	0,88	
53,61	0,87	
53,615	0,86	
53,62	0,86	
53,625	0,86	
53,63	0,85	
53,635	0,84	
53,64	0,84	
53,645	0,82	
53,65	0,81	
53,655	0,8	
53,66	0,78	
53,665	0,77	
53,67	0,76	
53,675	0,74	
53,68	0,73	
53,685	0,71	
53,69	0,7	
53,695	0,69	
53,7	0,67	
53,705	0,65	
53,71	0,63	
53,715	0,61	
53,72	0,6	
53,725	0,58	
53,73	0,55	
53,735	0,53	
53,74	0,52	
53,745	0,49	
53,75	0,47	
53,755	0,45	
53,76	0,42	
53,765	0,4	
53,77	0,38	
53,775	0,36	
53,78	0,34	
53,785	0,31	
53,79	0,29	
53,795	0,25	
53,8	0,23	
53,805	0,2	
53,81	0,18	
53,815	0,16	
53,82	0,13	
53,825	0,11	
53,83	0,08	
53,835	0,06	
53,84	0,02	
53,845	-0,01	
53,85	-0,03	
53,855	-0,06	
53,86	-0,08	
53,865	-0,11	
53,87	-0,13	
53,875	-0,15	
53,88	-0,18	
53,885	-0,22	
53,89	-0,24	
53,895	-0,26	
53,9	-0,29	
53,905	-0,31	
53,91	-0,33	
53,915	-0,36	
53,92	-0,38	
53,925	-0,4	
53,93	-0,44	
53,935	-0,46	
53,94	-0,47	
53,945	-0,5	
53,95	-0,52	
53,955	-0,54	
53,96	-0,57	
53,965	-0,59	
53,97	-0,6	
53,975	-0,63	
53,98	-0,65	
53,985	-0,67	
53,99	-0,69	
53,995	-0,71	
54,0	-0,72	
54,005	-0,74	
54,01	-0,75	
54,015	-0,76	
54,02	-0,78	
54,025	-0,8	
54,03	-0,81	
54,035	-0,83	
54,04	-0,84	
54,045	-0,85	
54,05	-0,86	
54,055	-0,87	
54,06	-0,87	
54,065	-0,88	
54,07	-0,9	
54,075	-0,91	
54,08	-0,92	
54,085	-0,92	
54,09	-0,92	
54,095	-0,92	
54,1	-0,92	
54,105	-0,93	
54,11	-0,93	
54,115	-0,94	
54,12	-0,94	
54,125	-0,94	
54,13	-0,94	
54,135	-0,94	
54,14	-0,93	
54,145	-0,93	
54,15	-0,93	
54,155	-0,92	
54,16	-0,92	
54,165	-0,91	
54,17	-0,9	
54,175	-0,89	
54,18	-0,88	
54,185	-0,88	
54,19	-0,87	
54,195	-0,86	
54,2	-0,85	
54,205	-0,83	
54,21	-0,82	
54,215	-0,8	
54,22	-0,79	
54,225	-0,78	
54,23	-0,77	
54,235	-0,75	
54,24	-0,74	
54,245	-0,72	
54,25	-0,69	
54,255	-0,67	
54,26	-0,65	
54,265	-0,63	
54,27	-0,62	
54,275	-0,6	
54,28	-0,58	
54,285	-0,56	
54,29	-0,53	
54,295	-0,5	
54,3	-0,48	
54,305	-0,47	
54,31	-0,45	
54,315	-0,42	
54,32	-0,4	
54,325	-0,37	
54,33	-0,34	
54,335	-0,32	
54,34	-0,28	
54,345	-0,26	
54,35	-0,24	
54,355	-0,22	
54,36	-0,19	
54,365	-0,16	
54,37	-0,14	
54,375	-0,11	
54,38	-0,09	
54,385	-0,05	
54,39	-0,03	
54,395	0	
54,4	0,02	
54,405	0,05	
54,41	0,08	
54,415	0,1	
54,42	0,13	
54,425	0,15	
54,43	0,19	
54,435	0,22	
54,44	0,24	
54,445	0,27	
54,45	0,3	
54,455	0,32	
54,46	0,34	
54,465	0,36	
54,47	0,38	
54,475	0,42	
54,48	0,44	
54,485	0,47	
54,49	0,49	
54,495	0,51	
54,5	0,53	
54,505	0,55	
54,51	0,57	
54,515	0,59	
54,52	0,62	
54,525	0,65	
54,53	0,67	
54,535	0,68	
54,54	0,7	
54,545	0,71	
54,55	0,73	
54,555	0,75	
54,56	0,77	
54,565	0,78	
54,57	0,8	
54,575	0,81	
54,58	0,82	
54,585	0,84	
54,59	0,85	
54,595	0,86	
54,6	0,88	
54,605	0,88	
54,61	0,89	
54,615	0,9	
54,62	0,9	
54,625	0,91	
54,63	0,92	
54,635	0,93	
54,64	0,94	
54,645	0,95	
54,65	0,95	
54,655	0,95	
54,66	0,95	
54,665	0,95	
54,67	0,95	
54,675	0,96	
54,68	0,96	
54,685	0,95	
54,69	0,95	
54,695	0,94	
54,7	0,94	
54,705	0,93	
54,71	0,93	
54,715	0,93	
54,72	0,92	
54,725	0,91	
54,73	0,9	
54,735	0,89	
54,74	0,88	
54,745	0,87	
54,75	0,86	
54,755	0,85	
54,76	0,83	
54,765	0,82	
54,77	0,8	
54,775	0,78	
54,78	0,77	
54,785	0,75	
54,79	0,74	
54,795	0,72	
54,8	0,71	
54,805	0,69	
54,81	0,67	
54,815	0,65	
54,82	0,63	
54,825	0,61	
54,83	0,59	
54,835	0,57	
54,84	0,54	
54,845	0,52	
54,85	0,5	
54,855	0,47	
54,86	0,45	
54,865	0,43	
54,87	0,41	
54,875	0,38	
54,88	0,36	
54,885	0,32	
54,89	0,3	
54,895	0,27	
54,9	0,24	
54,905	0,22	
54,91	0,2	
54,915	0,18	
54,92	0,15	
54,925	0,12	
54,93	0,08	
54,935	0,06	
54,94	0,03	
54,945	0,01	
54,95	-0,02	
54,955	-0,04	
54,96	-0,07	
54,965	-0,09	
54,97	-0,12	
54,975	-0,15	
54,98	-0,19	
54,985	-0,21	
54,99	-0,23	
54,995	-0,26	
55,0	-0,28	
55,005	-0,3	
55,01	-0,33	
55,015	-0,35	
55,02	-0,38	
55,025	-0,41	
55,03	-0,43	
55,035	-0,45	
55,04	-0,48	
55,045	-0,5	
55,05	-0,52	
55,055	-0,54	
55,06	-0,56	
55,065	-0,58	
55,07	-0,61	
55,075	-0,63	
55,08	-0,65	
55,085	-0,67	
55,09	-0,69	
55,095	-0,7	
55,1	-0,72	
55,105	-0,73	
55,11	-0,75	
55,115	-0,77	
55,12	-0,78	
55,125	-0,8	
55,13	-0,81	
55,135	-0,82	
55,14	-0,83	
55,145	-0,84	
55,15	-0,85	
55,155	-0,86	
55,16	-0,88	
55,165	-0,89	
55,17	-0,89	
55,175	-0,9	
55,18	-0,91	
55,185	-0,91	
55,19	-0,91	
55,195	-0,92	
55,2	-0,93	
55,205	-0,93	
55,21	-0,93	
55,215	-0,93	
55,22	-0,93	
55,225	-0,93	
55,23	-0,93	
55,235	-0,93	
55,24	-0,93	
55,245	-0,92	
55,25	-0,92	
55,255	-0,91	
55,26	-0,91	
55,265	-0,9	
55,27	-0,89	
55,275	-0,88	
55,28	-0,88	
55,285	-0,87	
55,29	-0,86	
55,295	-0,84	
55,3	-0,83	
55,305	-0,81	
55,31	-0,8	
55,315	-0,79	
55,32	-0,78	
55,325	-0,77	
55,33	-0,76	
55,335	-0,74	
55,34	-0,71	
55,345	-0,69	
55,35	-0,68	
55,355	-0,67	
55,36	-0,65	
55,365	-0,64	
55,37	-0,62	
55,375	-0,59	
55,38	-0,57	
55,385	-0,54	
55,39	-0,52	
55,395	-0,5	
55,4	-0,49	
55,405	-0,47	
55,41	-0,44	
55,415	-0,41	
55,42	-0,39	
55,425	-0,37	
55,43	-0,34	
55,435	-0,32	
55,44	-0,29	
55,445	-0,27	
55,45	-0,24	
55,455	-0,21	
55,46	-0,19	
55,465	-0,16	
55,47	-0,14	
55,475	-0,12	
55,48	-0,09	
55,485	-0,06	
55,49	-0,04	
55,495	-0,01	
55,5	0,02	
55,505	0,04	
55,51	0,07	
55,515	0,09	
55,52	0,11	
55,525	0,14	
55,53	0,17	
55,535	0,2	
55,54	0,23	
55,545	0,25	
55,55	0,27	
55,555	0,29	
55,56	0,31	
55,565	0,33	
55,57	0,37	
55,575	0,4	
55,58	0,42	
55,585	0,43	
55,59	0,45	
55,595	0,47	
55,6	0,49	
55,605	0,51	
55,61	0,54	
55,615	0,57	
55,62	0,59	
55,625	0,6	
55,63	0,62	
55,635	0,63	
55,64	0,65	
55,645	0,67	
55,65	0,69	
55,655	0,71	
55,66	0,72	
55,665	0,74	
55,67	0,75	
55,675	0,76	
55,68	0,77	
55,685	0,78	
55,69	0,79	
55,695	0,8	
55,7	0,81	
55,705	0,82	
55,71	0,83	
55,715	0,84	
55,72	0,85	
55,725	0,87	
55,73	0,87	
55,735	0,87	
55,74	0,86	
55,745	0,86	
55,75	0,87	
55,755	0,88	
55,76	0,89	
55,765	0,89	
55,77	0,88	
55,775	0,87	
55,78	0,86	
55,785	0,86	
55,79	0,87	
55,795	0,88	
55,8	0,88	
55,805	0,86	
55,81	0,84	
55,815	0,83	
55,82	0,82	
55,825	0,82	
55,83	0,83	
55,835	0,83	
55,84	0,81	
55,845	0,79	
55,85	0,77	
55,855	0,75	
55,86	0,74	
55,865	0,74	
55,87	0,74	
55,875	0,73	
55,88	0,72	
55,885	0,69	
55,89	0,65	
55,895	0,63	
55,9	0,62	
55,905	0,62	
55,91	0,61	
55,915	0,6	
55,92	0,57	
55,925	0,54	
55,93	0,51	
55,935	0,48	
55,94	0,47	
55,945	0,46	
55,95	0,45	
55,955	0,43	
55,96	0,41	
55,965	0,37	
55,97	0,34	
55,975	0,32	
55,98	0,3	
55,985	0,28	
55,99	0,27	
55,995	0,25	
56,0	0,21	
56,005	0,18	
56,01	0,15	
56,015	0,12	
56,02	0,1	
56,025	0,09	
56,03	0,07	
56,035	0,05	
56,04	0,02	
56,045	-0,02	
56,05	-0,05	
56,055	-0,07	
56,06	-0,09	
56,065	-0,1	
56,07	-0,12	
56,075	-0,15	
56,08	-0,18	
56,085	-0,22	
56,09	-0,24	
56,095	-0,26	
56,1	-0,27	
56,105	-0,28	
56,11	-0,3	
56,115	-0,34	
56,12	-0,37	
56,125	-0,39	
56,13	-0,42	
56,135	-0,43	
56,14	-0,44	
56,145	-0,45	
56,15	-0,47	
56,155	-0,49	
56,16	-0,53	
56,165	-0,55	
56,17	-0,57	
56,175	-0,57	
56,18	-0,57	
56,185	-0,58	
56,19	-0,6	
56,195	-0,63	
56,2	-0,65	
56,205	-0,68	
56,21	-0,69	
56,215	-0,69	
56,22	-0,69	
56,225	-0,69	
56,23	-0,71	
56,235	-0,73	
56,24	-0,75	
56,245	-0,76	
56,25	-0,77	
56,255	-0,76	
56,26	-0,76	
56,265	-0,76	
56,27	-0,77	
56,275	-0,79	
56,28	-0,8	
56,285	-0,8	
56,29	-0,8	
56,295	-0,79	
56,3	-0,79	
56,305	-0,79	
56,31	-0,8	
56,315	-0,81	
56,32	-0,81	
56,325	-0,82	
56,33	-0,81	
56,335	-0,79	
56,34	-0,78	
56,345	-0,77	
56,35	-0,77	
56,355	-0,77	
56,36	-0,77	
56,365	-0,77	
56,37	-0,75	
56,375	-0,74	
56,38	-0,72	
56,385	-0,71	
56,39	-0,71	
56,395	-0,71	
56,4	-0,71	
56,405	-0,69	
56,41	-0,67	
56,415	-0,65	
56,42	-0,63	
56,425	-0,62	
56,43	-0,62	
56,435	-0,61	
56,44	-0,6	
56,445	-0,57	
56,45	-0,55	
56,455	-0,52	
56,46	-0,5	
56,465	-0,48	
56,47	-0,48	
56,475	-0,47	
56,48	-0,45	
56,485	-0,42	
56,49	-0,39	
56,495	-0,37	
56,5	-0,35	
56,505	-0,33	
56,51	-0,32	
56,515	-0,31	
56,52	-0,3	
56,525	-0,26	
56,53	-0,23	
56,535	-0,2	
56,54	-0,18	
56,545	-0,16	
56,55	-0,15	
56,555	-0,13	
56,56	-0,11	
56,565	-0,09	
56,57	-0,04	
56,575	-0,01	
56,58	0,01	
56,585	0,02	
56,59	0,03	
56,595	0,05	
56,6	0,07	
56,605	0,1	
56,61	0,12	
56,615	0,16	
56,62	0,18	
56,625	0,19	
56,63	0,2	
56,635	0,22	
56,64	0,24	
56,645	0,27	
56,65	0,3	
56,655	0,32	
56,66	0,35	
56,665	0,36	
56,67	0,37	
56,675	0,39	
56,68	0,41	
56,685	0,43	
56,69	0,45	
56,695	0,47	
56,7	0,48	
56,705	0,49	
56,71	0,5	
56,715	0,52	
56,72	0,54	
56,725	0,56	
56,73	0,58	
56,735	0,59	
56,74	0,6	
56,745	0,6	
56,75	0,61	
56,755	0,62	
56,76	0,64	
56,765	0,66	
56,77	0,67	
56,775	0,68	
56,78	0,68	
56,785	0,68	
56,79	0,68	
56,795	0,68	
56,8	0,7	
56,805	0,72	
56,81	0,73	
56,815	0,73	
56,82	0,72	
56,825	0,72	
56,83	0,72	
56,835	0,72	
56,84	0,72	
56,845	0,73	
56,85	0,73	
56,855	0,73	
56,86	0,72	
56,865	0,71	
56,87	0,71	
56,875	0,71	
56,88	0,71	
56,885	0,71	
56,89	0,71	
56,895	0,7	
56,9	0,69	
56,905	0,67	
56,91	0,66	
56,915	0,66	
56,92	0,66	
56,925	0,65	
56,93	0,64	
56,935	0,62	
56,94	0,6	
56,945	0,58	
56,95	0,57	
56,955	0,57	
56,96	0,56	
56,965	0,55	
56,97	0,54	
56,975	0,52	
56,98	0,49	
56,985	0,47	
56,99	0,47	
56,995	0,45	
57,0	0,44	
57,005	0,43	
57,01	0,41	
57,015	0,39	
57,02	0,36	
57,025	0,33	
57,03	0,31	
57,035	0,3	
57,04	0,29	
57,045	0,28	
57,05	0,26	
57,055	0,24	
57,06	0,22	
57,065	0,19	
57,07	0,16	
57,075	0,15	
57,08	0,13	
57,085	0,11	
57,09	0,09	
57,095	0,06	
57,1	0,04	
57,105	0,02	
57,11	0	
57,115	-0,02	
57,12	-0,03	
57,125	-0,05	
57,13	-0,08	
57,135	-0,1	
57,14	-0,12	
57,145	-0,15	
57,15	-0,16	
57,155	-0,18	
57,16	-0,2	
57,165	-0,21	
57,17	-0,23	
57,175	-0,26	
57,18	-0,28	
57,185	-0,3	
57,19	-0,32	
57,195	-0,33	
57,2	-0,34	
57,205	-0,36	
57,21	-0,38	
57,215	-0,4	
57,22	-0,42	
57,225	-0,44	
57,23	-0,45	
57,235	-0,46	
57,24	-0,46	
57,245	-0,48	
57,25	-0,5	
57,255	-0,52	
57,26	-0,54	
57,265	-0,55	
57,27	-0,56	
57,275	-0,56	
57,28	-0,57	
57,285	-0,58	
57,29	-0,59	
57,295	-0,6	
57,3	-0,62	
57,305	-0,63	
57,31	-0,63	
57,315	-0,64	
57,32	-0,64	
57,325	-0,65	
57,33	-0,65	
57,335	-0,66	
57,34	-0,67	
57,345	-0,67	
57,35	-0,67	
57,355	-0,66	
57,36	-0,66	
57,365	-0,66	
57,37	-0,66	
57,375	-0,67	
57,38	-0,67	
57,385	-0,67	
57,39	-0,67	
57,395	-0,66	
57,4	-0,65	
57,405	-0,65	
57,41	-0,65	
57,415	-0,65	
57,42	-0,65	
57,425	-0,64	
57,43	-0,63	
57,435	-0,61	
57,44	-0,6	
57,445	-0,59	
57,45	-0,59	
57,455	-0,59	
57,46	-0,58	
57,465	-0,57	
57,47	-0,55	
57,475	-0,53	
57,48	-0,51	
57,485	-0,51	
57,49	-0,5	
57,495	-0,49	
57,5	-0,48	
57,505	-0,46	
57,51	-0,44	
57,515	-0,43	
57,52	-0,41	
57,525	-0,39	
57,53	-0,38	
57,535	-0,37	
57,54	-0,36	
57,545	-0,34	
57,55	-0,31	
57,555	-0,3	
57,56	-0,28	
57,565	-0,26	
57,57	-0,24	
57,575	-0,22	
57,58	-0,2	
57,585	-0,18	
57,59	-0,16	
57,595	-0,14	
57,6	-0,12	
57,605	-0,11	
57,61	-0,1	
57,615	-0,07	
57,62	-0,05	
57,625	-0,03	
57,63	0	
57,635	0,02	
57,64	0,04	
57,645	0,05	
57,65	0,06	
57,655	0,08	
57,66	0,1	
57,665	0,14	
57,67	0,16	
57,675	0,18	
57,68	0,19	
57,685	0,2	
57,69	0,22	
57,695	0,23	
57,7	0,25	
57,705	0,27	
57,71	0,3	
57,715	0,32	
57,72	0,33	
57,725	0,34	
57,73	0,36	
57,735	0,37	
57,74	0,39	
57,745	0,41	
57,75	0,43	
57,755	0,45	
57,76	0,46	
57,765	0,47	
57,77	0,48	
57,775	0,49	
57,78	0,51	
57,785	0,53	
57,79	0,54	
57,795	0,55	
57,8	0,56	
57,805	0,56	
57,81	0,57	
57,815	0,58	
57,82	0,59	
57,825	0,6	
57,83	0,61	
57,835	0,61	
57,84	0,62	
57,845	0,62	
57,85	0,62	
57,855	0,63	
57,86	0,64	
57,865	0,65	
57,87	0,65	
57,875	0,65	
57,88	0,65	
57,885	0,65	
57,89	0,65	
57,895	0,65	
57,9	0,65	
57,905	0,66	
57,91	0,65	
57,915	0,65	
57,92	0,64	
57,925	0,63	
57,93	0,63	
57,935	0,63	
57,94	0,63	
57,945	0,62	
57,95	0,61	
57,955	0,6	
57,96	0,59	
57,965	0,58	
57,97	0,58	
57,975	0,57	
57,98	0,56	
57,985	0,55	
57,99	0,54	
57,995	0,53	
58,0	0,51	
58,005	0,5	
58,01	0,49	
58,015	0,48	
58,02	0,47	
58,025	0,45	
58,03	0,44	
58,035	0,42	
58,04	0,4	
58,045	0,38	
58,05	0,37	
58,055	0,35	
58,06	0,34	
58,065	0,33	
58,07	0,31	
58,075	0,29	
58,08	0,26	
58,085	0,25	
58,09	0,23	
58,095	0,21	
58,1	0,2	
58,105	0,19	
58,11	0,17	
58,115	0,14	
58,12	0,11	
58,125	0,09	
58,13	0,08	
58,135	0,06	
58,14	0,05	
58,145	0,02	
58,15	0	
58,155	-0,02	
58,16	-0,04	
58,165	-0,07	
58,17	-0,09	
58,175	-0,1	
58,18	-0,11	
58,185	-0,13	
58,19	-0,15	
58,195	-0,18	
58,2	-0,19	
58,205	-0,21	
58,21	-0,24	
58,215	-0,25	
58,22	-0,27	
58,225	-0,29	
58,23	-0,31	
58,235	-0,33	
58,24	-0,35	
58,245	-0,36	
58,25	-0,38	
58,255	-0,4	
58,26	-0,41	
58,265	-0,43	
58,27	-0,45	
58,275	-0,46	
58,28	-0,47	
58,285	-0,48	
58,29	-0,49	
58,295	-0,5	
58,3	-0,52	
58,305	-0,54	
58,31	-0,55	
58,315	-0,57	
58,32	-0,58	
58,325	-0,58	
58,33	-0,59	
58,335	-0,6	
58,34	-0,61	
58,345	-0,62	
58,35	-0,63	
58,355	-0,64	
58,36	-0,65	
58,365	-0,65	
58,37	-0,65	
58,375	-0,66	
58,38	-0,66	
58,385	-0,67	
58,39	-0,67	
58,395	-0,68	
58,4	-0,68	
58,405	-0,68	
58,41	-0,68	
58,415	-0,67	
58,42	-0,68	
58,425	-0,68	
58,43	-0,68	
58,435	-0,68	
58,44	-0,67	
58,445	-0,67	
58,45	-0,66	
58,455	-0,65	
58,46	-0,65	
58,465	-0,65	
58,47	-0,64	
58,475	-0,64	
58,48	-0,62	
58,485	-0,61	
58,49	-0,6	
58,495	-0,59	
58,5	-0,58	
58,505	-0,58	
58,51	-0,57	
58,515	-0,56	
58,52	-0,55	
58,525	-0,53	
58,53	-0,52	
58,535	-0,5	
58,54	-0,49	
58,545	-0,48	
58,55	-0,47	
58,555	-0,45	
58,56	-0,44	
58,565	-0,42	
58,57	-0,4	
58,575	-0,38	
58,58	-0,36	
58,585	-0,35	
58,59	-0,33	
58,595	-0,32	
58,6	-0,29	
58,605	-0,27	
58,61	-0,25	
58,615	-0,24	
58,62	-0,21	
58,625	-0,2	
58,63	-0,18	
58,635	-0,16	
58,64	-0,14	
58,645	-0,12	
58,65	-0,09	
58,655	-0,08	
58,66	-0,06	
58,665	-0,03	
58,67	-0,02	
58,675	0,01	
58,68	0,03	
58,685	0,05	
58,69	0,07	
58,695	0,09	
58,7	0,11	
58,705	0,13	
58,71	0,16	
58,715	0,18	
58,72	0,21	
58,725	0,23	
58,73	0,24	
58,735	0,26	
58,74	0,28	
58,745	0,29	
58,75	0,31	
58,755	0,34	
58,76	0,36	
58,765	0,38	
58,77	0,4	
58,775	0,41	
58,78	0,43	
58,785	0,44	
58,79	0,46	
58,795	0,48	
58,8	0,5	
58,805	0,52	
58,81	0,53	
58,815	0,54	
58,82	0,55	
58,825	0,56	
58,83	0,58	
58,835	0,59	
58,84	0,61	
58,845	0,62	
58,85	0,63	
58,855	0,64	
58,86	0,65	
58,865	0,65	
58,87	0,67	
58,875	0,68	
58,88	0,69	
58,885	0,7	
58,89	0,71	
58,895	0,71	
58,9	0,72	
58,905	0,72	
58,91	0,73	
58,915	0,73	
58,92	0,73	
58,925	0,74	
58,93	0,74	
58,935	0,73	
58,94	0,73	
58,945	0,73	
58,95	0,73	
58,955	0,73	
58,96	0,73	
58,965	0,73	
58,97	0,73	
58,975	0,72	
58,98	0,71	
58,985	0,71	
58,99	0,71	
58,995	0,71	
59,0	0,7	
59,005	0,69	
59,01	0,68	
59,015	0,67	
59,02	0,66	
59,025	0,65	
59,03	0,65	
59,035	0,64	
59,04	0,63	
59,045	0,61	
59,05	0,59	
59,055	0,58	
59,06	0,56	
59,065	0,55	
59,07	0,54	
59,075	0,52	
59,08	0,51	
59,085	0,49	
59,09	0,47	
59,095	0,45	
59,1	0,43	
59,105	0,42	
59,11	0,41	
59,115	0,4	
59,12	0,37	
59,125	0,35	
59,13	0,32	
59,135	0,3	
59,14	0,28	
59,145	0,26	
59,15	0,24	
59,155	0,22	
59,16	0,2	
59,165	0,17	
59,17	0,15	
59,175	0,13	
59,18	0,11	
59,185	0,1	
59,19	0,07	
59,195	0,05	
59,2	0,03	
59,205	0	
59,21	-0,03	
59,215	-0,05	
59,22	-0,07	
59,225	-0,09	
59,23	-0,11	
59,235	-0,13	
59,24	-0,16	
59,245	-0,18	
59,25	-0,21	
59,255	-0,24	
59,26	-0,26	
59,265	-0,27	
59,27	-0,3	
59,275	-0,32	
59,28	-0,34	
59,285	-0,36	
59,29	-0,38	
59,295	-0,4	
59,3	-0,42	
59,305	-0,44	
59,31	-0,46	
59,315	-0,47	
59,32	-0,49	
59,325	-0,51	
59,33	-0,53	
59,335	-0,55	
59,34	-0,56	
59,345	-0,59	
59,35	-0,6	
59,355	-0,61	
59,36	-0,63	
59,365	-0,65	
59,37	-0,66	
59,375	-0,67	
59,38	-0,69	
59,385	-0,69	
59,39	-0,7	
59,395	-0,71	
59,4	-0,72	
59,405	-0,73	
59,41	-0,75	
59,415	-0,75	
59,42	-0,76	
59,425	-0,76	
59,43	-0,77	
59,435	-0,78	
59,44	-0,79	
