t, ñ	wz	
0,0	0	
0,005	0	
0,01	0	
0,015	0	
0,02	0	
0,025	0	
0,03	0	
0,035	-0,01	
0,04	-0,01	
0,045	-0,01	
0,05	0	
0,055	0	
0,06	0	
0,065	0,01	
0,07	0,01	
0,075	0,01	
0,08	0	
0,085	0	
0,09	0	
0,095	0	
0,1	0	
0,105	0	
0,11	0	
0,115	0	
0,12	0,01	
0,125	0	
0,13	0	
0,135	0	
0,14	0	
0,145	0	
0,15	0	
0,155	0	
0,16	0	
0,165	0	
0,17	0	
0,175	0	
0,18	0	
0,185	0	
0,19	0	
0,195	0	
0,2	0	
0,205	0	
0,21	0	
0,215	0	
0,22	0	
0,225	0	
0,23	0	
0,235	-0,01	
0,24	-0,01	
0,245	0	
0,25	0	
0,255	0	
0,26	0	
0,265	0	
0,27	0	
0,275	0	
0,28	0	
0,285	0	
0,29	0	
0,295	0	
0,3	0	
0,305	0	
0,31	0	
0,315	0	
0,32	0	
0,325	0	
0,33	0	
0,335	0	
0,34	0	
0,345	0	
0,35	0	
0,355	0	
0,36	0	
0,365	0	
0,37	0	
0,375	0	
0,38	0	
0,385	0	
0,39	0	
0,395	0	
0,4	0	
0,405	0	
0,41	0	
0,415	0	
0,42	0	
0,425	0	
0,43	0	
0,435	0	
0,44	0	
0,445	0	
0,45	0	
0,455	0	
0,46	0	
0,465	0	
0,47	0	
0,475	0	
0,48	0	
0,485	0	
0,49	0	
0,495	0	
0,5	0	
0,505	-0,01	
0,51	-0,01	
0,515	-0,01	
0,52	0	
0,525	0	
0,53	0	
0,535	0	
0,54	0	
0,545	0	
0,55	0	
0,555	0	
0,56	0	
0,565	0	
0,57	0,01	
0,575	0,01	
0,58	0	
0,585	0	
0,59	0	
0,595	0	
0,6	0	
0,605	0	
0,61	0	
0,615	0	
0,62	0	
0,625	0	
0,63	0	
0,635	0	
0,64	0	
0,645	0	
0,65	0	
0,655	0	
0,66	0	
0,665	0	
0,67	0	
0,675	0	
0,68	0	
0,685	0	
0,69	0	
0,695	0	
0,7	0	
0,705	0	
0,71	0	
0,715	0	
0,72	0	
0,725	0	
0,73	0	
0,735	0	
0,74	0	
0,745	0	
0,75	0	
0,755	0	
0,76	0	
0,765	0	
0,77	0	
0,775	0	
0,78	0	
0,785	0	
0,79	0	
0,795	0	
0,8	-0,01	
0,805	-0,03	
0,81	-0,06	
0,815	-0,09	
0,82	-0,1	
0,825	-0,06	
0,83	0	
0,835	0,11	
0,84	0,27	
0,845	0,31	
0,85	0,32	
0,855	0,27	
0,86	0,22	
0,865	0,17	
0,87	0,16	
0,875	0,18	
0,88	0,27	
0,885	0,41	
0,89	0,47	
0,895	0,51	
0,9	0,48	
0,905	0,45	
0,91	0,39	
0,915	0,37	
0,92	0,38	
0,925	0,44	
0,93	0,51	
0,935	0,61	
0,94	0,65	
0,945	0,64	
0,95	0,61	
0,955	0,56	
0,96	0,55	
0,965	0,55	
0,97	0,6	
0,975	0,65	
0,98	0,74	
0,985	0,78	
0,99	0,76	
0,995	0,73	
1,0	0,68	
1,005	0,66	
1,01	0,65	
1,015	0,7	
1,02	0,76	
1,025	0,85	
1,03	0,88	
1,035	0,86	
1,04	0,82	
1,045	0,75	
1,05	0,71	
1,055	0,7	
1,06	0,73	
1,065	0,79	
1,07	0,9	
1,075	0,94	
1,08	0,93	
1,085	0,88	
1,09	0,8	
1,095	0,74	
1,1	0,69	
1,105	0,7	
1,11	0,75	
1,115	0,86	
1,12	0,92	
1,125	0,93	
1,13	0,91	
1,135	0,83	
1,14	0,75	
1,145	0,66	
1,15	0,63	
1,155	0,65	
1,16	0,74	
1,165	0,81	
1,17	0,85	
1,175	0,86	
1,18	0,8	
1,185	0,72	
1,19	0,63	
1,195	0,58	
1,2	0,54	
1,205	0,57	
1,21	0,63	
1,215	0,67	
1,22	0,7	
1,225	0,67	
1,23	0,63	
1,235	0,56	
1,24	0,5	
1,245	0,43	
1,25	0,42	
1,255	0,44	
1,26	0,46	
1,265	0,48	
1,27	0,47	
1,275	0,46	
1,28	0,41	
1,285	0,36	
1,29	0,31	
1,295	0,27	
1,3	0,25	
1,305	0,24	
1,31	0,24	
1,315	0,23	
1,32	0,23	
1,325	0,2	
1,33	0,18	
1,335	0,15	
1,34	0,1	
1,345	0,08	
1,35	0,04	
1,355	0,03	
1,36	0,01	
1,365	-0,01	
1,37	-0,04	
1,375	-0,05	
1,38	-0,07	
1,385	-0,08	
1,39	-0,11	
1,395	-0,14	
1,4	-0,17	
1,405	-0,21	
1,41	-0,24	
1,415	-0,27	
1,42	-0,28	
1,425	-0,3	
1,43	-0,3	
1,435	-0,31	
1,44	-0,33	
1,445	-0,36	
1,45	-0,39	
1,455	-0,42	
1,46	-0,46	
1,465	-0,48	
1,47	-0,5	
1,475	-0,51	
1,48	-0,52	
1,485	-0,54	
1,49	-0,55	
1,495	-0,57	
1,5	-0,59	
1,505	-0,62	
1,51	-0,64	
1,515	-0,66	
1,52	-0,67	
1,525	-0,69	
1,53	-0,71	
1,535	-0,72	
1,54	-0,74	
1,545	-0,75	
1,55	-0,77	
1,555	-0,77	
1,56	-0,78	
1,565	-0,78	
1,57	-0,8	
1,575	-0,82	
1,58	-0,84	
1,585	-0,87	
1,59	-0,88	
1,595	-0,89	
1,6	-0,89	
1,605	-0,87	
1,61	-0,85	
1,615	-0,85	
1,62	-0,86	
1,625	-0,89	
1,63	-0,92	
1,635	-0,96	
1,64	-0,98	
1,645	-0,97	
1,65	-0,95	
1,655	-0,91	
1,66	-0,86	
1,665	-0,85	
1,67	-0,86	
1,675	-0,9	
1,68	-0,94	
1,685	-0,98	
1,69	-0,99	
1,695	-0,98	
1,7	-0,94	
1,705	-0,86	
1,71	-0,82	
1,715	-0,81	
1,72	-0,82	
1,725	-0,85	
1,73	-0,9	
1,735	-0,93	
1,74	-0,94	
1,745	-0,91	
1,75	-0,83	
1,755	-0,77	
1,76	-0,72	
1,765	-0,7	
1,77	-0,72	
1,775	-0,76	
1,78	-0,8	
1,785	-0,82	
1,79	-0,8	
1,795	-0,74	
1,8	-0,67	
1,805	-0,61	
1,81	-0,58	
1,815	-0,57	
1,82	-0,59	
1,825	-0,61	
1,83	-0,64	
1,835	-0,64	
1,84	-0,62	
1,845	-0,53	
1,85	-0,47	
1,855	-0,43	
1,86	-0,41	
1,865	-0,41	
1,87	-0,43	
1,875	-0,45	
1,88	-0,44	
1,885	-0,42	
1,89	-0,34	
1,895	-0,28	
1,9	-0,24	
1,905	-0,21	
1,91	-0,21	
1,915	-0,22	
1,92	-0,24	
1,925	-0,23	
1,93	-0,2	
1,935	-0,13	
1,94	-0,07	
1,945	-0,03	
1,95	0	
1,955	0	
1,96	-0,01	
1,965	-0,02	
1,97	-0,02	
1,975	0	
1,98	0,07	
1,985	0,13	
1,99	0,18	
1,995	0,22	
2,0	0,23	
2,005	0,23	
2,01	0,21	
2,015	0,2	
2,02	0,21	
2,025	0,25	
2,03	0,31	
2,035	0,36	
2,04	0,41	
2,045	0,44	
2,05	0,44	
2,055	0,43	
2,06	0,42	
2,065	0,41	
2,07	0,43	
2,075	0,47	
2,08	0,52	
2,085	0,57	
2,09	0,61	
2,095	0,63	
2,1	0,62	
2,105	0,61	
2,11	0,59	
2,115	0,58	
2,12	0,61	
2,125	0,64	
2,13	0,68	
2,135	0,72	
2,14	0,75	
2,145	0,75	
2,15	0,75	
2,155	0,74	
2,16	0,72	
2,165	0,72	
2,17	0,74	
2,175	0,76	
2,18	0,79	
2,185	0,82	
2,19	0,83	
2,195	0,84	
2,2	0,83	
2,205	0,81	
2,21	0,8	
2,215	0,8	
2,22	0,81	
2,225	0,82	
2,23	0,84	
2,235	0,85	
2,24	0,85	
2,245	0,85	
2,25	0,84	
2,255	0,83	
2,26	0,82	
2,265	0,82	
2,27	0,81	
2,275	0,81	
2,28	0,81	
2,285	0,82	
2,29	0,82	
2,295	0,82	
2,3	0,8	
2,305	0,79	
2,31	0,77	
2,315	0,76	
2,32	0,75	
2,325	0,74	
2,33	0,74	
2,335	0,73	
2,34	0,73	
2,345	0,71	
2,35	0,7	
2,355	0,68	
2,36	0,66	
2,365	0,65	
2,37	0,63	
2,375	0,61	
2,38	0,6	
2,385	0,59	
2,39	0,58	
2,395	0,57	
2,4	0,55	
2,405	0,52	
2,41	0,49	
2,415	0,47	
2,42	0,45	
2,425	0,43	
2,43	0,42	
2,435	0,4	
2,44	0,39	
2,445	0,37	
2,45	0,34	
2,455	0,32	
2,46	0,29	
2,465	0,26	
2,47	0,24	
2,475	0,23	
2,48	0,21	
2,485	0,2	
2,49	0,18	
2,495	0,15	
2,5	0,12	
2,505	0,08	
2,51	0,05	
2,515	0,02	
2,52	0,01	
2,525	0	
2,53	-0,01	
2,535	-0,02	
2,54	-0,05	
2,545	-0,09	
2,55	-0,13	
2,555	-0,17	
2,56	-0,2	
2,565	-0,21	
2,57	-0,21	
2,575	-0,22	
2,58	-0,23	
2,585	-0,25	
2,59	-0,28	
2,595	-0,32	
2,6	-0,36	
2,605	-0,4	
2,61	-0,42	
2,615	-0,43	
2,62	-0,42	
2,625	-0,42	
2,63	-0,43	
2,635	-0,46	
2,64	-0,5	
2,645	-0,54	
2,65	-0,58	
2,655	-0,61	
2,66	-0,62	
2,665	-0,61	
2,67	-0,6	
2,675	-0,6	
2,68	-0,61	
2,685	-0,64	
2,69	-0,67	
2,695	-0,71	
2,7	-0,74	
2,705	-0,77	
2,71	-0,76	
2,715	-0,75	
2,72	-0,74	
2,725	-0,74	
2,73	-0,76	
2,735	-0,78	
2,74	-0,82	
2,745	-0,85	
2,75	-0,87	
2,755	-0,87	
2,76	-0,85	
2,765	-0,84	
2,77	-0,82	
2,775	-0,83	
2,78	-0,84	
2,785	-0,87	
2,79	-0,89	
2,795	-0,92	
2,8	-0,92	
2,805	-0,9	
2,81	-0,88	
2,815	-0,86	
2,82	-0,85	
2,825	-0,86	
2,83	-0,88	
2,835	-0,9	
2,84	-0,92	
2,845	-0,92	
2,85	-0,9	
2,855	-0,87	
2,86	-0,84	
2,865	-0,83	
2,87	-0,82	
2,875	-0,82	
2,88	-0,84	
2,885	-0,86	
2,89	-0,86	
2,895	-0,85	
2,9	-0,82	
2,905	-0,78	
2,91	-0,75	
2,915	-0,73	
2,92	-0,73	
2,925	-0,74	
2,93	-0,75	
2,935	-0,76	
2,94	-0,75	
2,945	-0,72	
2,95	-0,68	
2,955	-0,64	
2,96	-0,61	
2,965	-0,59	
2,97	-0,59	
2,975	-0,6	
2,98	-0,6	
2,985	-0,6	
2,99	-0,58	
2,995	-0,54	
3,0	-0,5	
3,005	-0,46	
3,01	-0,44	
3,015	-0,42	
3,02	-0,41	
3,025	-0,42	
3,03	-0,41	
3,035	-0,39	
3,04	-0,37	
3,045	-0,33	
3,05	-0,29	
3,055	-0,25	
3,06	-0,22	
3,065	-0,2	
3,07	-0,2	
3,075	-0,19	
3,08	-0,18	
3,085	-0,16	
3,09	-0,13	
3,095	-0,09	
3,1	-0,06	
3,105	-0,03	
3,11	0	
3,115	0,02	
3,12	0,03	
3,125	0,04	
3,13	0,05	
3,135	0,08	
3,14	0,11	
3,145	0,14	
3,15	0,17	
3,155	0,2	
3,16	0,23	
3,165	0,24	
3,17	0,25	
3,175	0,27	
3,18	0,28	
3,185	0,31	
3,19	0,34	
3,195	0,37	
3,2	0,4	
3,205	0,42	
3,21	0,44	
3,215	0,45	
3,22	0,46	
3,225	0,47	
3,23	0,49	
3,235	0,51	
3,24	0,53	
3,245	0,55	
3,25	0,58	
3,255	0,6	
3,26	0,61	
3,265	0,62	
3,27	0,62	
3,275	0,63	
3,28	0,64	
3,285	0,66	
3,29	0,69	
3,295	0,71	
3,3	0,73	
3,305	0,74	
3,31	0,74	
3,315	0,74	
3,32	0,74	
3,325	0,74	
3,33	0,75	
3,335	0,76	
3,34	0,78	
3,345	0,81	
3,35	0,82	
3,355	0,82	
3,36	0,82	
3,365	0,81	
3,37	0,8	
3,375	0,79	
3,38	0,79	
3,385	0,81	
3,39	0,84	
3,395	0,86	
3,4	0,86	
3,405	0,86	
3,41	0,84	
3,415	0,82	
3,42	0,8	
3,425	0,79	
3,43	0,78	
3,435	0,8	
3,44	0,82	
3,445	0,83	
3,45	0,83	
3,455	0,81	
3,46	0,78	
3,465	0,75	
3,47	0,72	
3,475	0,71	
3,48	0,71	
3,485	0,73	
3,49	0,74	
3,495	0,75	
3,5	0,74	
3,505	0,71	
3,51	0,67	
3,515	0,64	
3,52	0,6	
3,525	0,59	
3,53	0,59	
3,535	0,6	
3,54	0,61	
3,545	0,6	
3,55	0,58	
3,555	0,55	
3,56	0,51	
3,565	0,47	
3,57	0,43	
3,575	0,42	
3,58	0,42	
3,585	0,43	
3,59	0,43	
3,595	0,42	
3,6	0,39	
3,605	0,35	
3,61	0,31	
3,615	0,25	
3,62	0,24	
3,625	0,23	
3,63	0,24	
3,635	0,23	
3,64	0,22	
3,645	0,2	
3,65	0,16	
3,655	0,12	
3,66	0,08	
3,665	0,03	
3,67	0,02	
3,675	0,01	
3,68	0,01	
3,685	0,01	
3,69	-0,01	
3,695	-0,04	
3,7	-0,08	
3,705	-0,12	
3,71	-0,17	
3,715	-0,19	
3,72	-0,19	
3,725	-0,2	
3,73	-0,2	
3,735	-0,21	
3,74	-0,24	
3,745	-0,28	
3,75	-0,31	
3,755	-0,37	
3,76	-0,39	
3,765	-0,4	
3,77	-0,4	
3,775	-0,4	
3,78	-0,41	
3,785	-0,42	
3,79	-0,45	
3,795	-0,48	
3,8	-0,54	
3,805	-0,56	
3,81	-0,57	
3,815	-0,57	
3,82	-0,57	
3,825	-0,57	
3,83	-0,57	
3,835	-0,59	
3,84	-0,62	
3,845	-0,68	
3,85	-0,71	
3,855	-0,72	
3,86	-0,73	
3,865	-0,72	
3,87	-0,71	
3,875	-0,71	
3,88	-0,71	
3,885	-0,74	
3,89	-0,78	
3,895	-0,8	
3,9	-0,82	
3,905	-0,83	
3,91	-0,82	
3,915	-0,81	
3,92	-0,8	
3,925	-0,79	
3,93	-0,8	
3,935	-0,82	
3,94	-0,84	
3,945	-0,86	
3,95	-0,87	
3,955	-0,87	
3,96	-0,86	
3,965	-0,85	
3,97	-0,83	
3,975	-0,83	
3,98	-0,83	
3,985	-0,85	
3,99	-0,86	
3,995	-0,87	
4,0	-0,87	
4,005	-0,86	
4,01	-0,84	
4,015	-0,82	
4,02	-0,8	
4,025	-0,79	
4,03	-0,79	
4,035	-0,79	
4,04	-0,8	
4,045	-0,8	
4,05	-0,79	
4,055	-0,78	
4,06	-0,76	
4,065	-0,74	
4,07	-0,72	
4,075	-0,71	
4,08	-0,7	
4,085	-0,7	
4,09	-0,69	
4,095	-0,68	
4,1	-0,67	
4,105	-0,65	
4,11	-0,63	
4,115	-0,61	
4,12	-0,58	
4,125	-0,56	
4,13	-0,55	
4,135	-0,54	
4,14	-0,53	
4,145	-0,51	
4,15	-0,5	
4,155	-0,48	
4,16	-0,46	
4,165	-0,42	
4,17	-0,4	
4,175	-0,38	
4,18	-0,36	
4,185	-0,35	
4,19	-0,33	
4,195	-0,32	
4,2	-0,3	
4,205	-0,27	
4,21	-0,23	
4,215	-0,2	
4,22	-0,18	
4,225	-0,16	
4,23	-0,15	
4,235	-0,14	
4,24	-0,12	
4,245	-0,1	
4,25	-0,08	
4,255	-0,04	
4,26	-0,01	
4,265	0,02	
4,27	0,04	
4,275	0,06	
4,28	0,07	
4,285	0,08	
4,29	0,09	
4,295	0,11	
4,3	0,16	
4,305	0,19	
4,31	0,23	
4,315	0,25	
4,32	0,27	
4,325	0,28	
4,33	0,29	
4,335	0,29	
4,34	0,31	
4,345	0,34	
4,35	0,37	
4,355	0,4	
4,36	0,43	
4,365	0,46	
4,37	0,47	
4,375	0,47	
4,38	0,47	
4,385	0,47	
4,39	0,49	
4,395	0,52	
4,4	0,55	
4,405	0,59	
4,41	0,62	
4,415	0,63	
4,42	0,64	
4,425	0,64	
4,43	0,63	
4,435	0,63	
4,44	0,64	
4,445	0,67	
4,45	0,7	
4,455	0,73	
4,46	0,75	
4,465	0,75	
4,47	0,75	
4,475	0,73	
4,48	0,72	
4,485	0,72	
4,49	0,73	
4,495	0,76	
4,5	0,79	
4,505	0,81	
4,51	0,82	
4,515	0,82	
4,52	0,8	
4,525	0,78	
4,53	0,77	
4,535	0,77	
4,54	0,79	
4,545	0,81	
4,55	0,83	
4,555	0,84	
4,56	0,84	
4,565	0,82	
4,57	0,8	
4,575	0,77	
4,58	0,77	
4,585	0,77	
4,59	0,78	
4,595	0,79	
4,6	0,8	
4,605	0,79	
4,61	0,77	
4,615	0,75	
4,62	0,71	
4,625	0,69	
4,63	0,69	
4,635	0,7	
4,64	0,71	
4,645	0,72	
4,65	0,71	
4,655	0,7	
4,66	0,66	
4,665	0,61	
4,67	0,59	
4,675	0,58	
4,68	0,57	
4,685	0,58	
4,69	0,59	
4,695	0,58	
4,7	0,57	
4,705	0,54	
4,71	0,48	
4,715	0,45	
4,72	0,43	
4,725	0,42	
4,73	0,42	
4,735	0,42	
4,74	0,42	
4,745	0,41	
4,75	0,38	
4,755	0,33	
4,76	0,29	
4,765	0,25	
4,77	0,23	
4,775	0,22	
4,78	0,22	
4,785	0,22	
4,79	0,21	
4,795	0,2	
4,8	0,15	
4,805	0,11	
4,81	0,07	
4,815	0,05	
4,82	0,03	
4,825	0,02	
4,83	0,02	
4,835	0,01	
4,84	-0,01	
4,845	-0,05	
4,85	-0,08	
4,855	-0,12	
4,86	-0,15	
4,865	-0,17	
4,87	-0,19	
4,875	-0,19	
4,88	-0,2	
4,885	-0,21	
4,89	-0,24	
4,895	-0,27	
4,9	-0,3	
4,905	-0,33	
4,91	-0,36	
4,915	-0,38	
4,92	-0,39	
4,925	-0,4	
4,93	-0,41	
4,935	-0,43	
4,94	-0,45	
4,945	-0,48	
4,95	-0,5	
4,955	-0,52	
4,96	-0,53	
4,965	-0,54	
4,97	-0,55	
4,975	-0,57	
4,98	-0,59	
4,985	-0,61	
4,99	-0,63	
4,995	-0,64	
5,0	-0,66	
5,005	-0,67	
5,01	-0,68	
5,015	-0,69	
5,02	-0,69	
5,025	-0,7	
5,03	-0,73	
5,035	-0,74	
5,04	-0,75	
5,045	-0,76	
5,05	-0,77	
5,055	-0,77	
5,06	-0,77	
5,065	-0,77	
5,07	-0,78	
5,075	-0,79	
5,08	-0,8	
5,085	-0,81	
5,09	-0,82	
5,095	-0,82	
5,1	-0,82	
5,105	-0,82	
5,11	-0,82	
5,115	-0,81	
5,12	-0,82	
5,125	-0,82	
5,13	-0,82	
5,135	-0,82	
5,14	-0,82	
5,145	-0,81	
5,15	-0,81	
5,155	-0,81	
5,16	-0,8	
5,165	-0,79	
5,17	-0,79	
5,175	-0,78	
5,18	-0,77	
5,185	-0,76	
5,19	-0,76	
5,195	-0,75	
5,2	-0,74	
5,205	-0,74	
5,21	-0,73	
5,215	-0,72	
5,22	-0,71	
5,225	-0,69	
5,23	-0,67	
5,235	-0,66	
5,24	-0,64	
5,245	-0,63	
5,25	-0,62	
5,255	-0,61	
5,26	-0,6	
5,265	-0,58	
5,27	-0,57	
5,275	-0,54	
5,28	-0,52	
5,285	-0,51	
5,29	-0,49	
5,295	-0,48	
5,3	-0,47	
5,305	-0,45	
5,31	-0,43	
5,315	-0,41	
5,32	-0,39	
5,325	-0,36	
5,33	-0,34	
5,335	-0,32	
5,34	-0,3	
5,345	-0,29	
5,35	-0,27	
5,355	-0,25	
5,36	-0,23	
5,365	-0,2	
5,37	-0,16	
5,375	-0,14	
5,38	-0,12	
5,385	-0,11	
5,39	-0,09	
5,395	-0,08	
5,4	-0,06	
5,405	-0,04	
5,41	0	
5,415	0,03	
5,42	0,06	
5,425	0,09	
5,43	0,1	
5,435	0,11	
5,44	0,12	
5,445	0,14	
5,45	0,16	
5,455	0,19	
5,46	0,22	
5,465	0,26	
5,47	0,28	
5,475	0,3	
5,48	0,31	
5,485	0,32	
5,49	0,33	
5,495	0,34	
5,5	0,37	
5,505	0,4	
5,51	0,43	
5,515	0,46	
5,52	0,48	
5,525	0,49	
5,53	0,49	
5,535	0,5	
5,54	0,5	
5,545	0,52	
5,55	0,55	
5,555	0,58	
5,56	0,61	
5,565	0,63	
5,57	0,64	
5,575	0,64	
5,58	0,63	
5,585	0,63	
5,59	0,64	
5,595	0,66	
5,6	0,69	
5,605	0,71	
5,61	0,74	
5,615	0,75	
5,62	0,74	
5,625	0,73	
5,63	0,73	
5,635	0,73	
5,64	0,74	
5,645	0,75	
5,65	0,78	
5,655	0,79	
5,66	0,81	
5,665	0,8	
5,67	0,79	
5,675	0,78	
5,68	0,77	
5,685	0,77	
5,69	0,78	
5,695	0,79	
5,7	0,81	
5,705	0,82	
5,71	0,81	
5,715	0,79	
5,72	0,78	
5,725	0,76	
5,73	0,75	
5,735	0,75	
5,74	0,76	
5,745	0,77	
5,75	0,77	
5,755	0,77	
5,76	0,76	
5,765	0,74	
5,77	0,72	
5,775	0,7	
5,78	0,69	
5,785	0,68	
5,79	0,68	
5,795	0,68	
5,8	0,68	
5,805	0,66	
5,81	0,64	
5,815	0,62	
5,82	0,6	
5,825	0,58	
5,83	0,57	
5,835	0,56	
5,84	0,55	
5,845	0,54	
5,85	0,53	
5,855	0,51	
5,86	0,49	
5,865	0,46	
5,87	0,44	
5,875	0,42	
5,88	0,4	
5,885	0,39	
5,89	0,38	
5,895	0,36	
5,9	0,35	
5,905	0,33	
5,91	0,3	
5,915	0,28	
5,92	0,25	
5,925	0,23	
5,93	0,2	
5,935	0,19	
5,94	0,16	
5,945	0,15	
5,95	0,13	
5,955	0,11	
5,96	0,09	
5,965	0,07	
5,97	0,04	
5,975	0,01	
5,98	-0,01	
5,985	-0,04	
5,99	-0,05	
5,995	-0,07	
6,0	-0,09	
6,005	-0,1	
6,01	-0,12	
6,015	-0,15	
6,02	-0,17	
6,025	-0,2	
6,03	-0,24	
6,035	-0,26	
6,04	-0,27	
6,045	-0,28	
6,05	-0,3	
6,055	-0,32	
6,06	-0,34	
6,065	-0,36	
6,07	-0,39	
6,075	-0,42	
6,08	-0,44	
6,085	-0,45	
6,09	-0,46	
6,095	-0,47	
6,1	-0,49	
6,105	-0,5	
6,11	-0,52	
6,115	-0,54	
6,12	-0,58	
6,125	-0,6	
6,13	-0,61	
6,135	-0,62	
6,14	-0,63	
6,145	-0,63	
6,15	-0,64	
6,155	-0,65	
6,16	-0,67	
6,165	-0,7	
6,17	-0,71	
6,175	-0,73	
6,18	-0,73	
6,185	-0,73	
6,19	-0,73	
6,195	-0,73	
6,2	-0,74	
6,205	-0,75	
6,21	-0,78	
6,215	-0,79	
6,22	-0,8	
6,225	-0,8	
6,23	-0,8	
6,235	-0,79	
6,24	-0,79	
6,245	-0,79	
6,25	-0,79	
6,255	-0,81	
6,26	-0,82	
6,265	-0,83	
6,27	-0,83	
6,275	-0,83	
6,28	-0,82	
6,285	-0,8	
6,29	-0,79	
6,295	-0,78	
6,3	-0,8	
6,305	-0,8	
6,31	-0,81	
6,315	-0,81	
6,32	-0,8	
6,325	-0,78	
6,33	-0,76	
6,335	-0,74	
6,34	-0,72	
6,345	-0,72	
6,35	-0,73	
6,355	-0,73	
6,36	-0,73	
6,365	-0,72	
6,37	-0,7	
6,375	-0,68	
6,38	-0,65	
6,385	-0,63	
6,39	-0,62	
6,395	-0,61	
6,4	-0,61	
6,405	-0,61	
6,41	-0,6	
6,415	-0,58	
6,42	-0,55	
6,425	-0,52	
6,43	-0,5	
6,435	-0,47	
6,44	-0,46	
6,445	-0,45	
6,45	-0,45	
6,455	-0,44	
6,46	-0,42	
6,465	-0,4	
6,47	-0,37	
6,475	-0,33	
6,48	-0,31	
6,485	-0,28	
6,49	-0,27	
6,495	-0,27	
6,5	-0,26	
6,505	-0,25	
6,51	-0,22	
6,515	-0,19	
6,52	-0,15	
6,525	-0,11	
6,53	-0,08	
6,535	-0,07	
6,54	-0,06	
6,545	-0,06	
6,55	-0,05	
6,555	-0,03	
6,56	0	
6,565	0,04	
6,57	0,07	
6,575	0,12	
6,58	0,13	
6,585	0,14	
6,59	0,15	
6,595	0,15	
6,6	0,17	
6,605	0,2	
6,61	0,23	
6,615	0,26	
6,62	0,31	
6,625	0,33	
6,63	0,34	
6,635	0,35	
6,64	0,36	
6,645	0,37	
6,65	0,38	
6,655	0,4	
6,66	0,43	
6,665	0,47	
6,67	0,49	
6,675	0,51	
6,68	0,52	
6,685	0,53	
6,69	0,53	
6,695	0,54	
6,7	0,56	
6,705	0,58	
6,71	0,61	
6,715	0,63	
6,72	0,65	
6,725	0,66	
6,73	0,66	
6,735	0,67	
6,74	0,67	
6,745	0,68	
6,75	0,69	
6,755	0,72	
6,76	0,73	
6,765	0,74	
6,77	0,75	
6,775	0,75	
6,78	0,75	
6,785	0,76	
6,79	0,76	
6,795	0,77	
6,8	0,78	
6,805	0,79	
6,81	0,8	
6,815	0,8	
6,82	0,81	
6,825	0,81	
6,83	0,8	
6,835	0,8	
6,84	0,8	
6,845	0,8	
6,85	0,8	
6,855	0,8	
6,86	0,8	
6,865	0,8	
6,87	0,8	
6,875	0,79	
6,88	0,78	
6,885	0,78	
6,89	0,77	
6,895	0,76	
6,9	0,76	
6,905	0,76	
6,91	0,76	
6,915	0,75	
6,92	0,74	
6,925	0,73	
6,93	0,71	
6,935	0,7	
6,94	0,68	
6,945	0,67	
6,95	0,66	
6,955	0,65	
6,96	0,65	
6,965	0,64	
6,97	0,62	
6,975	0,61	
6,98	0,59	
6,985	0,56	
6,99	0,53	
6,995	0,52	
7,0	0,51	
7,005	0,5	
7,01	0,49	
7,015	0,48	
7,02	0,46	
7,025	0,44	
7,03	0,4	
7,035	0,38	
7,04	0,36	
7,045	0,34	
7,05	0,33	
7,055	0,32	
7,06	0,31	
7,065	0,29	
7,07	0,27	
7,075	0,23	
7,08	0,2	
7,085	0,17	
7,09	0,14	
7,095	0,13	
7,1	0,12	
7,105	0,11	
7,11	0,09	
7,115	0,07	
7,12	0,03	
7,125	0	
7,13	-0,03	
7,135	-0,06	
7,14	-0,08	
7,145	-0,09	
7,15	-0,1	
7,155	-0,12	
7,16	-0,13	
7,165	-0,16	
7,17	-0,19	
7,175	-0,22	
7,18	-0,25	
7,185	-0,28	
7,19	-0,29	
7,195	-0,31	
7,2	-0,31	
7,205	-0,32	
7,21	-0,35	
7,215	-0,37	
7,22	-0,4	
7,225	-0,43	
7,23	-0,46	
7,235	-0,47	
7,24	-0,49	
7,245	-0,49	
7,25	-0,5	
7,255	-0,51	
7,26	-0,53	
7,265	-0,56	
7,27	-0,59	
7,275	-0,61	
7,28	-0,63	
7,285	-0,64	
7,29	-0,64	
7,295	-0,65	
7,3	-0,65	
7,305	-0,66	
7,31	-0,68	
7,315	-0,7	
7,32	-0,73	
7,325	-0,74	
7,33	-0,75	
7,335	-0,76	
7,34	-0,76	
7,345	-0,75	
7,35	-0,76	
7,355	-0,77	
7,36	-0,78	
7,365	-0,79	
7,37	-0,81	
7,375	-0,82	
7,38	-0,82	
7,385	-0,81	
7,39	-0,81	
7,395	-0,8	
7,4	-0,81	
7,405	-0,81	
7,41	-0,82	
7,415	-0,83	
7,42	-0,84	
7,425	-0,84	
7,43	-0,83	
7,435	-0,82	
7,44	-0,8	
7,445	-0,8	
7,45	-0,8	
7,455	-0,8	
7,46	-0,81	
7,465	-0,81	
7,47	-0,8	
7,475	-0,79	
7,48	-0,78	
7,485	-0,76	
7,49	-0,75	
7,495	-0,74	
7,5	-0,73	
7,505	-0,73	
7,51	-0,73	
7,515	-0,72	
7,52	-0,71	
7,525	-0,7	
7,53	-0,67	
7,535	-0,65	
7,54	-0,63	
7,545	-0,61	
7,55	-0,61	
7,555	-0,6	
7,56	-0,59	
7,565	-0,57	
7,57	-0,56	
7,575	-0,53	
7,58	-0,51	
7,585	-0,49	
7,59	-0,47	
7,595	-0,45	
7,6	-0,45	
7,605	-0,43	
7,61	-0,42	
7,615	-0,4	
7,62	-0,37	
7,625	-0,34	
7,63	-0,32	
7,635	-0,29	
7,64	-0,27	
7,645	-0,26	
7,65	-0,24	
7,655	-0,23	
7,66	-0,21	
7,665	-0,17	
7,67	-0,15	
7,675	-0,12	
7,68	-0,09	
7,685	-0,07	
7,69	-0,06	
7,695	-0,04	
7,7	-0,03	
7,705	-0,02	
7,71	0,02	
7,715	0,04	
7,72	0,07	
7,725	0,1	
7,73	0,13	
7,735	0,15	
7,74	0,17	
7,745	0,19	
7,75	0,2	
7,755	0,22	
7,76	0,24	
7,765	0,26	
7,77	0,29	
7,775	0,32	
7,78	0,34	
7,785	0,37	
7,79	0,38	
7,795	0,4	
7,8	0,41	
7,805	0,43	
7,81	0,44	
7,815	0,46	
7,82	0,48	
7,825	0,51	
7,83	0,53	
7,835	0,55	
7,84	0,56	
7,845	0,58	
7,85	0,59	
7,855	0,6	
7,86	0,61	
7,865	0,63	
7,87	0,65	
7,875	0,67	
7,88	0,69	
7,885	0,7	
7,89	0,71	
7,895	0,72	
7,9	0,72	
7,905	0,73	
7,91	0,74	
7,915	0,75	
7,92	0,76	
7,925	0,78	
7,93	0,78	
7,935	0,79	
7,94	0,8	
7,945	0,8	
7,95	0,8	
7,955	0,81	
7,96	0,81	
7,965	0,82	
7,97	0,83	
7,975	0,83	
7,98	0,83	
7,985	0,83	
7,99	0,83	
7,995	0,82	
8,0	0,82	
8,005	0,82	
8,01	0,82	
8,015	0,82	
8,02	0,82	
8,025	0,82	
8,03	0,81	
8,035	0,8	
8,04	0,79	
8,045	0,79	
8,05	0,78	
8,055	0,77	
8,06	0,77	
8,065	0,77	
8,07	0,76	
8,075	0,75	
8,08	0,74	
8,085	0,72	
8,09	0,71	
8,095	0,69	
8,1	0,68	
8,105	0,67	
8,11	0,66	
8,115	0,66	
8,12	0,64	
8,125	0,62	
8,13	0,6	
8,135	0,58	
8,14	0,56	
8,145	0,54	
8,15	0,53	
8,155	0,52	
8,16	0,51	
8,165	0,49	
8,17	0,47	
8,175	0,45	
8,18	0,42	
8,185	0,4	
8,19	0,37	
8,195	0,35	
8,2	0,34	
8,205	0,32	
8,21	0,31	
8,215	0,29	
8,22	0,27	
8,225	0,25	
8,23	0,22	
8,235	0,19	
8,24	0,16	
8,245	0,14	
8,25	0,12	
8,255	0,11	
8,26	0,09	
8,265	0,07	
8,27	0,05	
8,275	0,02	
8,28	-0,01	
8,285	-0,04	
8,29	-0,06	
8,295	-0,08	
8,3	-0,1	
8,305	-0,12	
8,31	-0,13	
8,315	-0,16	
8,32	-0,18	
8,325	-0,21	
8,33	-0,23	
8,335	-0,26	
8,34	-0,28	
8,345	-0,3	
8,35	-0,32	
8,355	-0,34	
8,36	-0,35	
8,365	-0,37	
8,37	-0,39	
8,375	-0,42	
8,38	-0,44	
8,385	-0,47	
8,39	-0,48	
8,395	-0,51	
8,4	-0,52	
8,405	-0,53	
8,41	-0,54	
8,415	-0,56	
8,42	-0,57	
8,425	-0,6	
8,43	-0,62	
8,435	-0,64	
8,44	-0,66	
8,445	-0,67	
8,45	-0,67	
8,455	-0,68	
8,46	-0,69	
8,465	-0,71	
8,47	-0,72	
8,475	-0,74	
8,48	-0,75	
8,485	-0,77	
8,49	-0,78	
8,495	-0,78	
8,5	-0,78	
8,505	-0,78	
8,51	-0,79	
8,515	-0,8	
8,52	-0,81	
8,525	-0,82	
8,53	-0,83	
8,535	-0,84	
8,54	-0,83	
8,545	-0,83	
8,55	-0,83	
8,555	-0,83	
8,56	-0,84	
8,565	-0,84	
8,57	-0,84	
8,575	-0,85	
8,58	-0,85	
8,585	-0,85	
8,59	-0,84	
8,595	-0,84	
8,6	-0,83	
8,605	-0,82	
8,61	-0,82	
8,615	-0,81	
8,62	-0,81	
8,625	-0,81	
8,63	-0,81	
8,635	-0,79	
8,64	-0,78	
8,645	-0,77	
8,65	-0,76	
8,655	-0,75	
8,66	-0,74	
8,665	-0,73	
8,67	-0,72	
8,675	-0,71	
8,68	-0,7	
8,685	-0,68	
8,69	-0,67	
8,695	-0,65	
8,7	-0,63	
8,705	-0,62	
8,71	-0,61	
8,715	-0,59	
8,72	-0,58	
8,725	-0,56	
8,73	-0,55	
8,735	-0,53	
8,74	-0,5	
8,745	-0,48	
8,75	-0,46	
8,755	-0,45	
8,76	-0,42	
8,765	-0,41	
8,77	-0,39	
8,775	-0,38	
8,78	-0,35	
8,785	-0,33	
8,79	-0,3	
8,795	-0,28	
8,8	-0,26	
8,805	-0,23	
8,81	-0,22	
8,815	-0,2	
8,82	-0,18	
8,825	-0,16	
8,83	-0,13	
8,835	-0,1	
8,84	-0,08	
8,845	-0,05	
8,85	-0,03	
8,855	-0,01	
8,86	0,01	
8,865	0,03	
8,87	0,05	
8,875	0,08	
8,88	0,11	
8,885	0,13	
8,89	0,15	
8,895	0,18	
8,9	0,19	
8,905	0,21	
8,91	0,23	
8,915	0,25	
8,92	0,27	
8,925	0,3	
8,93	0,33	
8,935	0,35	
8,94	0,38	
8,945	0,4	
8,95	0,41	
8,955	0,43	
8,96	0,44	
8,965	0,46	
8,97	0,48	
8,975	0,5	
8,98	0,52	
8,985	0,55	
8,99	0,56	
8,995	0,58	
9,0	0,58	
9,005	0,6	
9,01	0,61	
9,015	0,63	
9,02	0,64	
9,025	0,66	
9,03	0,69	
9,035	0,7	
9,04	0,71	
9,045	0,72	
9,05	0,73	
9,055	0,73	
9,06	0,75	
9,065	0,76	
9,07	0,77	
9,075	0,79	
9,08	0,8	
9,085	0,8	
9,09	0,81	
9,095	0,81	
9,1	0,81	
9,105	0,82	
9,11	0,82	
9,115	0,83	
9,12	0,84	
9,125	0,84	
9,13	0,84	
9,135	0,84	
9,14	0,84	
9,145	0,84	
9,15	0,83	
9,155	0,84	
9,16	0,84	
9,165	0,84	
9,17	0,84	
9,175	0,84	
9,18	0,83	
9,185	0,83	
9,19	0,82	
9,195	0,81	
9,2	0,81	
9,205	0,8	
9,21	0,8	
9,215	0,79	
9,22	0,78	
9,225	0,77	
9,23	0,76	
9,235	0,75	
9,24	0,73	
9,245	0,72	
9,25	0,71	
9,255	0,7	
9,26	0,69	
9,265	0,68	
9,27	0,66	
9,275	0,65	
9,28	0,63	
9,285	0,61	
9,29	0,6	
9,295	0,58	
9,3	0,57	
9,305	0,55	
9,31	0,53	
9,315	0,52	
9,32	0,5	
9,325	0,48	
9,33	0,46	
9,335	0,44	
9,34	0,41	
9,345	0,39	
9,35	0,37	
9,355	0,35	
9,36	0,33	
9,365	0,32	
9,37	0,3	
9,375	0,28	
9,38	0,25	
9,385	0,23	
9,39	0,21	
9,395	0,17	
9,4	0,15	
9,405	0,13	
9,41	0,11	
9,415	0,1	
9,42	0,08	
9,425	0,06	
9,43	0,03	
9,435	0	
9,44	-0,03	
9,445	-0,06	
9,45	-0,08	
9,455	-0,1	
9,46	-0,11	
9,465	-0,13	
9,47	-0,15	
9,475	-0,17	
9,48	-0,2	
9,485	-0,24	
9,49	-0,26	
9,495	-0,28	
9,5	-0,3	
9,505	-0,32	
9,51	-0,34	
9,515	-0,35	
9,52	-0,37	
9,525	-0,39	
9,53	-0,42	
9,535	-0,44	
9,54	-0,46	
9,545	-0,48	
9,55	-0,5	
9,555	-0,51	
9,56	-0,53	
9,565	-0,54	
9,57	-0,56	
9,575	-0,58	
9,58	-0,6	
9,585	-0,62	
9,59	-0,63	
9,595	-0,65	
9,6	-0,66	
9,605	-0,67	
9,61	-0,69	
9,615	-0,7	
9,62	-0,71	
9,625	-0,73	
9,63	-0,74	
9,635	-0,75	
9,64	-0,76	
9,645	-0,77	
9,65	-0,78	
9,655	-0,78	
9,66	-0,79	
9,665	-0,8	
9,67	-0,81	
9,675	-0,82	
9,68	-0,83	
9,685	-0,83	
9,69	-0,83	
9,695	-0,84	
9,7	-0,84	
9,705	-0,84	
9,71	-0,84	
9,715	-0,85	
9,72	-0,85	
9,725	-0,85	
9,73	-0,85	
9,735	-0,85	
9,74	-0,84	
9,745	-0,84	
9,75	-0,84	
9,755	-0,84	
9,76	-0,83	
9,765	-0,83	
9,77	-0,82	
9,775	-0,82	
9,78	-0,81	
9,785	-0,81	
9,79	-0,8	
9,795	-0,79	
9,8	-0,78	
9,805	-0,76	
9,81	-0,76	
9,815	-0,75	
9,82	-0,73	
9,825	-0,73	
9,83	-0,72	
9,835	-0,7	
9,84	-0,69	
9,845	-0,68	
9,85	-0,66	
9,855	-0,64	
9,86	-0,63	
9,865	-0,62	
9,87	-0,6	
9,875	-0,58	
9,88	-0,57	
9,885	-0,55	
9,89	-0,53	
9,895	-0,51	
9,9	-0,49	
9,905	-0,48	
9,91	-0,46	
9,915	-0,44	
9,92	-0,42	
9,925	-0,4	
9,93	-0,38	
9,935	-0,35	
9,94	-0,33	
9,945	-0,31	
9,95	-0,29	
9,955	-0,27	
9,96	-0,25	
9,965	-0,23	
9,97	-0,21	
9,975	-0,18	
9,98	-0,16	
9,985	-0,12	
9,99	-0,1	
9,995	-0,08	
10,0	-0,06	
10,005	-0,05	
10,01	-0,03	
10,015	-0,01	
10,02	0,01	
10,025	0,04	
10,03	0,07	
10,035	0,1	
10,04	0,12	
10,045	0,14	
10,05	0,16	
10,055	0,18	
10,06	0,2	
10,065	0,22	
10,07	0,25	
10,075	0,27	
10,08	0,31	
10,085	0,33	
10,09	0,35	
10,095	0,36	
10,1	0,37	
10,105	0,39	
10,11	0,41	
10,115	0,43	
10,12	0,45	
10,125	0,49	
10,13	0,5	
10,135	0,52	
10,14	0,53	
10,145	0,54	
10,15	0,56	
10,155	0,58	
10,16	0,59	
10,165	0,61	
10,17	0,64	
10,175	0,66	
10,18	0,67	
10,185	0,68	
10,19	0,69	
10,195	0,69	
10,2	0,7	
10,205	0,71	
10,21	0,73	
10,215	0,75	
10,22	0,77	
10,225	0,78	
10,23	0,79	
10,235	0,79	
10,24	0,79	
10,245	0,79	
10,25	0,79	
10,255	0,8	
10,26	0,81	
10,265	0,83	
10,27	0,84	
10,275	0,84	
10,28	0,84	
10,285	0,84	
10,29	0,83	
10,295	0,83	
10,3	0,83	
10,305	0,84	
10,31	0,84	
10,315	0,85	
10,32	0,85	
10,325	0,84	
10,33	0,84	
10,335	0,83	
10,34	0,82	
10,345	0,81	
10,35	0,81	
10,355	0,8	
10,36	0,8	
10,365	0,8	
10,37	0,79	
10,375	0,79	
10,38	0,78	
10,385	0,76	
10,39	0,75	
10,395	0,73	
10,4	0,72	
10,405	0,71	
10,41	0,71	
10,415	0,7	
10,42	0,69	
10,425	0,67	
10,43	0,65	
10,435	0,64	
10,44	0,61	
10,445	0,6	
10,45	0,58	
10,455	0,57	
10,46	0,56	
10,465	0,55	
10,47	0,53	
10,475	0,51	
10,48	0,49	
10,485	0,47	
10,49	0,44	
10,495	0,42	
10,5	0,4	
10,505	0,39	
10,51	0,37	
10,515	0,36	
10,52	0,33	
10,525	0,31	
10,53	0,29	
10,535	0,25	
10,54	0,23	
10,545	0,21	
10,55	0,19	
10,555	0,17	
10,56	0,15	
10,565	0,13	
10,57	0,11	
10,575	0,09	
10,58	0,05	
10,585	0,02	
10,59	0	
10,595	-0,02	
10,6	-0,04	
10,605	-0,06	
10,61	-0,08	
10,615	-0,09	
10,62	-0,11	
10,625	-0,15	
10,63	-0,18	
10,635	-0,2	
10,64	-0,22	
10,645	-0,24	
10,65	-0,26	
10,655	-0,28	
10,66	-0,3	
10,665	-0,32	
10,67	-0,35	
10,675	-0,37	
10,68	-0,39	
10,685	-0,41	
10,69	-0,43	
10,695	-0,45	
10,7	-0,46	
10,705	-0,48	
10,71	-0,49	
10,715	-0,51	
10,72	-0,53	
10,725	-0,55	
10,73	-0,57	
10,735	-0,59	
10,74	-0,61	
10,745	-0,62	
10,75	-0,63	
10,755	-0,64	
10,76	-0,66	
10,765	-0,67	
10,77	-0,69	
10,775	-0,71	
10,78	-0,72	
10,785	-0,73	
10,79	-0,74	
10,795	-0,75	
10,8	-0,75	
10,805	-0,76	
10,81	-0,77	
10,815	-0,78	
10,82	-0,79	
10,825	-0,8	
10,83	-0,81	
10,835	-0,82	
10,84	-0,82	
10,845	-0,82	
10,85	-0,82	
10,855	-0,82	
10,86	-0,83	
10,865	-0,84	
10,87	-0,84	
10,875	-0,84	
10,88	-0,85	
10,885	-0,84	
10,89	-0,84	
10,895	-0,83	
10,9	-0,82	
10,905	-0,82	
10,91	-0,82	
10,915	-0,82	
10,92	-0,82	
10,925	-0,82	
10,93	-0,81	
10,935	-0,8	
10,94	-0,79	
10,945	-0,78	
10,95	-0,77	
10,955	-0,76	
10,96	-0,76	
10,965	-0,75	
10,97	-0,75	
10,975	-0,74	
10,98	-0,73	
10,985	-0,72	
10,99	-0,69	
10,995	-0,67	
11,0	-0,66	
11,005	-0,65	
11,01	-0,64	
11,015	-0,63	
11,02	-0,62	
11,025	-0,6	
11,03	-0,59	
11,035	-0,56	
11,04	-0,54	
11,045	-0,51	
11,05	-0,5	
11,055	-0,48	
11,06	-0,47	
11,065	-0,46	
11,07	-0,44	
11,075	-0,42	
11,08	-0,39	
11,085	-0,37	
11,09	-0,35	
11,095	-0,33	
11,1	-0,31	
11,105	-0,3	
11,11	-0,28	
11,115	-0,26	
11,12	-0,24	
11,125	-0,2	
11,13	-0,17	
11,135	-0,15	
11,14	-0,12	
11,145	-0,11	
11,15	-0,09	
11,155	-0,08	
11,16	-0,06	
11,165	-0,05	
11,17	-0,01	
11,175	0,02	
11,18	0,05	
11,185	0,07	
11,19	0,09	
11,195	0,1	
11,2	0,12	
11,205	0,14	
11,21	0,16	
11,215	0,2	
11,22	0,23	
11,225	0,25	
11,23	0,28	
11,235	0,3	
11,24	0,31	
11,245	0,32	
11,25	0,34	
11,255	0,35	
11,26	0,38	
11,265	0,41	
11,27	0,43	
11,275	0,45	
11,28	0,47	
11,285	0,49	
11,29	0,5	
11,295	0,51	
11,3	0,52	
11,305	0,54	
11,31	0,56	
11,315	0,59	
11,32	0,61	
11,325	0,63	
11,33	0,64	
11,335	0,65	
11,34	0,65	
11,345	0,66	
11,35	0,66	
11,355	0,68	
11,36	0,7	
11,365	0,72	
11,37	0,74	
11,375	0,75	
11,38	0,76	
11,385	0,77	
11,39	0,77	
11,395	0,76	
11,4	0,77	
11,405	0,77	
11,41	0,79	
11,415	0,8	
11,42	0,81	
11,425	0,82	
11,43	0,83	
11,435	0,82	
11,44	0,81	
11,445	0,8	
11,45	0,8	
11,455	0,81	
11,46	0,82	
11,465	0,83	
11,47	0,83	
11,475	0,83	
11,48	0,83	
11,485	0,82	
11,49	0,8	
11,495	0,79	
11,5	0,78	
11,505	0,78	
11,51	0,78	
11,515	0,79	
11,52	0,79	
11,525	0,79	
11,53	0,78	
11,535	0,75	
11,54	0,73	
11,545	0,72	
11,55	0,71	
11,555	0,7	
11,56	0,7	
11,565	0,7	
11,57	0,69	
11,575	0,68	
11,58	0,65	
11,585	0,63	
11,59	0,6	
11,595	0,59	
11,6	0,58	
11,605	0,57	
11,61	0,56	
11,615	0,55	
11,62	0,55	
11,625	0,52	
11,63	0,49	
11,635	0,47	
11,64	0,44	
11,645	0,42	
11,65	0,4	
11,655	0,39	
11,66	0,38	
11,665	0,37	
11,67	0,34	
11,675	0,32	
11,68	0,29	
11,685	0,26	
11,69	0,23	
11,695	0,21	
11,7	0,2	
11,705	0,19	
11,71	0,18	
11,715	0,16	
11,72	0,13	
11,725	0,11	
11,73	0,07	
11,735	0,04	
11,74	0,02	
11,745	0	
11,75	-0,02	
11,755	-0,03	
11,76	-0,05	
11,765	-0,07	
11,77	-0,1	
11,775	-0,12	
11,78	-0,15	
11,785	-0,18	
11,79	-0,2	
11,795	-0,22	
11,8	-0,23	
11,805	-0,24	
11,81	-0,26	
11,815	-0,28	
11,82	-0,31	
11,825	-0,33	
11,83	-0,36	
11,835	-0,39	
11,84	-0,41	
11,845	-0,42	
11,85	-0,43	
11,855	-0,44	
11,86	-0,45	
11,865	-0,47	
11,87	-0,5	
11,875	-0,53	
11,88	-0,55	
11,885	-0,57	
11,89	-0,58	
11,895	-0,59	
11,9	-0,59	
11,905	-0,6	
11,91	-0,61	
11,915	-0,63	
11,92	-0,65	
11,925	-0,67	
11,93	-0,69	
11,935	-0,7	
11,94	-0,71	
11,945	-0,72	
11,95	-0,71	
11,955	-0,72	
11,96	-0,73	
11,965	-0,74	
11,97	-0,75	
11,975	-0,77	
11,98	-0,78	
11,985	-0,79	
11,99	-0,79	
11,995	-0,79	
12,0	-0,78	
12,005	-0,78	
12,01	-0,79	
12,015	-0,8	
12,02	-0,81	
12,025	-0,82	
12,03	-0,82	
12,035	-0,82	
12,04	-0,81	
12,045	-0,8	
12,05	-0,79	
12,055	-0,79	
12,06	-0,79	
12,065	-0,8	
12,07	-0,8	
12,075	-0,8	
12,08	-0,79	
12,085	-0,78	
12,09	-0,77	
12,095	-0,75	
12,1	-0,74	
12,105	-0,74	
12,11	-0,74	
12,115	-0,74	
12,12	-0,73	
12,125	-0,73	
12,13	-0,71	
12,135	-0,69	
12,14	-0,67	
12,145	-0,65	
12,15	-0,64	
12,155	-0,63	
12,16	-0,63	
12,165	-0,63	
12,17	-0,62	
12,175	-0,6	
12,18	-0,57	
12,185	-0,55	
12,19	-0,52	
12,195	-0,5	
12,2	-0,48	
12,205	-0,48	
12,21	-0,47	
12,215	-0,46	
12,22	-0,45	
12,225	-0,43	
12,23	-0,4	
12,235	-0,37	
12,24	-0,34	
12,245	-0,32	
12,25	-0,3	
12,255	-0,29	
12,26	-0,28	
12,265	-0,26	
12,27	-0,25	
12,275	-0,22	
12,28	-0,19	
12,285	-0,16	
12,29	-0,12	
12,295	-0,1	
12,3	-0,08	
12,305	-0,07	
12,31	-0,07	
12,315	-0,06	
12,32	-0,04	
12,325	-0,01	
12,33	0,03	
12,335	0,06	
12,34	0,09	
12,345	0,11	
12,35	0,12	
12,355	0,14	
12,36	0,14	
12,365	0,16	
12,37	0,19	
12,375	0,22	
12,38	0,25	
12,385	0,28	
12,39	0,3	
12,395	0,32	
12,4	0,33	
12,405	0,33	
12,41	0,35	
12,415	0,36	
12,42	0,39	
12,425	0,42	
12,43	0,45	
12,435	0,47	
12,44	0,49	
12,445	0,51	
12,45	0,51	
12,455	0,52	
12,46	0,52	
12,465	0,54	
12,47	0,56	
12,475	0,59	
12,48	0,61	
12,485	0,63	
12,49	0,65	
12,495	0,65	
12,5	0,65	
12,505	0,65	
12,51	0,66	
12,515	0,67	
12,52	0,69	
12,525	0,71	
12,53	0,73	
12,535	0,75	
12,54	0,75	
12,545	0,75	
12,55	0,74	
12,555	0,74	
12,56	0,74	
12,565	0,75	
12,57	0,77	
12,575	0,79	
12,58	0,81	
12,585	0,81	
12,59	0,81	
12,595	0,8	
12,6	0,79	
12,605	0,78	
12,61	0,78	
12,615	0,79	
12,62	0,8	
12,625	0,81	
12,63	0,81	
12,635	0,81	
12,64	0,79	
12,645	0,78	
12,65	0,76	
12,655	0,75	
12,66	0,75	
12,665	0,75	
12,67	0,77	
12,675	0,77	
12,68	0,76	
12,685	0,75	
12,69	0,73	
12,695	0,7	
12,7	0,68	
12,705	0,67	
12,71	0,66	
12,715	0,66	
12,72	0,67	
12,725	0,66	
12,73	0,65	
12,735	0,63	
12,74	0,6	
12,745	0,57	
12,75	0,55	
12,755	0,53	
12,76	0,52	
12,765	0,52	
12,77	0,52	
12,775	0,51	
12,78	0,5	
12,785	0,47	
12,79	0,44	
12,795	0,4	
12,8	0,38	
12,805	0,37	
12,81	0,35	
12,815	0,35	
12,82	0,35	
12,825	0,33	
12,83	0,31	
12,835	0,27	
12,84	0,24	
12,845	0,21	
12,85	0,18	
12,855	0,16	
12,86	0,16	
12,865	0,15	
12,87	0,14	
12,875	0,12	
12,88	0,09	
12,885	0,06	
12,89	0,03	
12,895	-0,01	
12,9	-0,03	
12,905	-0,05	
12,91	-0,05	
12,915	-0,06	
12,92	-0,07	
12,925	-0,1	
12,93	-0,13	
12,935	-0,16	
12,94	-0,19	
12,945	-0,23	
12,95	-0,24	
12,955	-0,25	
12,96	-0,26	
12,965	-0,27	
12,97	-0,28	
12,975	-0,31	
12,98	-0,34	
12,985	-0,37	
12,99	-0,4	
12,995	-0,42	
13,0	-0,43	
13,005	-0,43	
13,01	-0,44	
13,015	-0,45	
13,02	-0,47	
13,025	-0,49	
13,03	-0,52	
13,035	-0,56	
13,04	-0,57	
13,045	-0,58	
13,05	-0,59	
13,055	-0,59	
13,06	-0,59	
13,065	-0,6	
13,07	-0,62	
13,075	-0,64	
13,08	-0,68	
13,085	-0,69	
13,09	-0,7	
13,095	-0,71	
13,1	-0,71	
13,105	-0,7	
13,11	-0,7	
13,115	-0,71	
13,12	-0,73	
13,125	-0,75	
13,13	-0,77	
13,135	-0,78	
13,14	-0,78	
13,145	-0,77	
13,15	-0,77	
13,155	-0,76	
13,16	-0,76	
13,165	-0,77	
13,17	-0,78	
13,175	-0,79	
13,18	-0,8	
13,185	-0,8	
13,19	-0,8	
13,195	-0,78	
13,2	-0,77	
13,205	-0,76	
13,21	-0,76	
13,215	-0,76	
13,22	-0,77	
13,225	-0,78	
13,23	-0,78	
13,235	-0,77	
13,24	-0,76	
13,245	-0,74	
13,25	-0,73	
13,255	-0,71	
13,26	-0,7	
13,265	-0,7	
13,27	-0,7	
13,275	-0,7	
13,28	-0,7	
13,285	-0,69	
13,29	-0,67	
13,295	-0,65	
13,3	-0,63	
13,305	-0,61	
13,31	-0,59	
13,315	-0,59	
13,32	-0,58	
13,325	-0,58	
13,33	-0,57	
13,335	-0,55	
13,34	-0,53	
13,345	-0,5	
13,35	-0,48	
13,355	-0,45	
13,36	-0,44	
13,365	-0,43	
13,37	-0,42	
13,375	-0,41	
13,38	-0,4	
13,385	-0,37	
13,39	-0,35	
13,395	-0,32	
13,4	-0,28	
13,405	-0,26	
13,41	-0,25	
13,415	-0,23	
13,42	-0,22	
13,425	-0,21	
13,43	-0,19	
13,435	-0,17	
13,44	-0,14	
13,445	-0,1	
13,45	-0,07	
13,455	-0,05	
13,46	-0,04	
13,465	-0,03	
13,47	-0,02	
13,475	-0,01	
13,48	0,02	
13,485	0,05	
13,49	0,09	
13,495	0,12	
13,5	0,14	
13,505	0,15	
13,51	0,17	
13,515	0,18	
13,52	0,19	
13,525	0,21	
13,53	0,24	
13,535	0,28	
13,54	0,3	
13,545	0,32	
13,55	0,34	
13,555	0,35	
13,56	0,36	
13,565	0,37	
13,57	0,38	
13,575	0,4	
13,58	0,44	
13,585	0,46	
13,59	0,49	
13,595	0,5	
13,6	0,51	
13,605	0,52	
13,61	0,53	
13,615	0,54	
13,62	0,55	
13,625	0,57	
13,63	0,6	
13,635	0,62	
13,64	0,64	
13,645	0,66	
13,65	0,66	
13,655	0,66	
13,66	0,66	
13,665	0,66	
13,67	0,67	
13,675	0,69	
13,68	0,72	
13,685	0,74	
13,69	0,75	
13,695	0,75	
13,7	0,74	
13,705	0,74	
13,71	0,73	
13,715	0,73	
13,72	0,75	
13,725	0,76	
13,73	0,78	
13,735	0,79	
13,74	0,79	
13,745	0,79	
13,75	0,78	
13,755	0,77	
13,76	0,76	
13,765	0,76	
13,77	0,76	
13,775	0,78	
13,78	0,79	
13,785	0,79	
13,79	0,79	
13,795	0,78	
13,8	0,76	
13,805	0,74	
13,81	0,72	
13,815	0,71	
13,82	0,72	
13,825	0,73	
13,83	0,73	
13,835	0,73	
13,84	0,72	
13,845	0,71	
13,85	0,68	
13,855	0,65	
13,86	0,64	
13,865	0,63	
13,87	0,63	
13,875	0,64	
13,88	0,63	
13,885	0,62	
13,89	0,6	
13,895	0,58	
13,9	0,54	
13,905	0,51	
13,91	0,5	
13,915	0,49	
13,92	0,49	
13,925	0,49	
13,93	0,48	
13,935	0,46	
13,94	0,44	
13,945	0,4	
13,95	0,37	
13,955	0,34	
13,96	0,33	
13,965	0,32	
13,97	0,31	
13,975	0,31	
13,98	0,29	
13,985	0,27	
13,99	0,23	
13,995	0,2	
14,0	0,17	
14,005	0,15	
14,01	0,13	
14,015	0,12	
14,02	0,11	
14,025	0,1	
14,03	0,08	
14,035	0,04	
14,04	0,02	
14,045	-0,01	
14,05	-0,04	
14,055	-0,06	
14,06	-0,07	
14,065	-0,08	
14,07	-0,09	
14,075	-0,11	
14,08	-0,13	
14,085	-0,17	
14,09	-0,2	
14,095	-0,23	
14,1	-0,25	
14,105	-0,27	
14,11	-0,28	
14,115	-0,29	
14,12	-0,3	
14,125	-0,32	
14,13	-0,35	
14,135	-0,38	
14,14	-0,41	
14,145	-0,43	
14,15	-0,44	
14,155	-0,45	
14,16	-0,46	
14,165	-0,46	
14,17	-0,47	
14,175	-0,5	
14,18	-0,52	
14,185	-0,55	
14,19	-0,57	
14,195	-0,59	
14,2	-0,6	
14,205	-0,6	
14,21	-0,61	
14,215	-0,61	
14,22	-0,63	
14,225	-0,64	
14,23	-0,66	
14,235	-0,68	
14,24	-0,7	
14,245	-0,71	
14,25	-0,71	
14,255	-0,71	
14,26	-0,71	
14,265	-0,72	
14,27	-0,72	
14,275	-0,73	
14,28	-0,75	
14,285	-0,76	
14,29	-0,77	
14,295	-0,77	
14,3	-0,78	
14,305	-0,77	
14,31	-0,76	
14,315	-0,77	
14,32	-0,77	
14,325	-0,78	
14,33	-0,79	
14,335	-0,79	
14,34	-0,79	
14,345	-0,79	
14,35	-0,78	
14,355	-0,76	
14,36	-0,75	
14,365	-0,75	
14,37	-0,75	
14,375	-0,75	
14,38	-0,75	
14,385	-0,75	
14,39	-0,75	
14,395	-0,74	
14,4	-0,72	
14,405	-0,71	
14,41	-0,7	
14,415	-0,69	
14,42	-0,68	
14,425	-0,68	
14,43	-0,68	
14,435	-0,67	
14,44	-0,66	
14,445	-0,64	
14,45	-0,62	
14,455	-0,6	
14,46	-0,58	
14,465	-0,57	
14,47	-0,56	
14,475	-0,55	
14,48	-0,55	
14,485	-0,54	
14,49	-0,51	
14,495	-0,49	
14,5	-0,46	
14,505	-0,44	
14,51	-0,42	
14,515	-0,41	
14,52	-0,39	
14,525	-0,39	
14,53	-0,38	
14,535	-0,36	
14,54	-0,33	
14,545	-0,31	
14,55	-0,28	
14,555	-0,25	
14,56	-0,23	
14,565	-0,21	
14,57	-0,2	
14,575	-0,18	
14,58	-0,17	
14,585	-0,15	
14,59	-0,12	
14,595	-0,09	
14,6	-0,06	
14,605	-0,04	
14,61	-0,02	
14,615	-0,01	
14,62	0	
14,625	0,01	
14,63	0,04	
14,635	0,06	
14,64	0,09	
14,645	0,12	
14,65	0,15	
14,655	0,17	
14,66	0,18	
14,665	0,2	
14,67	0,21	
14,675	0,23	
14,68	0,25	
14,685	0,28	
14,69	0,31	
14,695	0,33	
14,7	0,35	
14,705	0,37	
14,71	0,38	
14,715	0,39	
14,72	0,4	
14,725	0,42	
14,73	0,44	
14,735	0,47	
14,74	0,49	
14,745	0,51	
14,75	0,53	
14,755	0,55	
14,76	0,55	
14,765	0,56	
14,77	0,57	
14,775	0,58	
14,78	0,6	
14,785	0,62	
14,79	0,64	
14,795	0,66	
14,8	0,67	
14,805	0,68	
14,81	0,68	
14,815	0,68	
14,82	0,68	
14,825	0,7	
14,83	0,71	
14,835	0,73	
14,84	0,75	
14,845	0,76	
14,85	0,76	
14,855	0,76	
14,86	0,75	
14,865	0,75	
14,87	0,75	
14,875	0,76	
14,88	0,77	
14,885	0,79	
14,89	0,8	
14,895	0,8	
14,9	0,8	
14,905	0,79	
14,91	0,77	
14,915	0,76	
14,92	0,76	
14,925	0,76	
14,93	0,77	
14,935	0,78	
14,94	0,78	
14,945	0,78	
14,95	0,76	
14,955	0,75	
14,96	0,73	
14,965	0,72	
14,97	0,72	
14,975	0,72	
14,98	0,73	
14,985	0,73	
14,99	0,73	
14,995	0,71	
15,0	0,68	
15,005	0,66	
15,01	0,64	
15,015	0,62	
15,02	0,62	
15,025	0,61	
15,03	0,62	
15,035	0,61	
15,04	0,6	
15,045	0,58	
15,05	0,55	
15,055	0,53	
15,06	0,5	
15,065	0,49	
15,07	0,47	
15,075	0,47	
15,08	0,46	
15,085	0,45	
15,09	0,43	
15,095	0,41	
15,1	0,38	
15,105	0,35	
15,11	0,32	
15,115	0,31	
15,12	0,29	
15,125	0,29	
15,13	0,27	
15,135	0,26	
15,14	0,23	
15,145	0,2	
15,15	0,17	
15,155	0,14	
15,16	0,12	
15,165	0,11	
15,17	0,09	
15,175	0,07	
15,18	0,06	
15,185	0,04	
15,19	0,02	
15,195	-0,01	
15,2	-0,04	
15,205	-0,07	
15,21	-0,09	
15,215	-0,1	
15,22	-0,12	
15,225	-0,13	
15,23	-0,15	
15,235	-0,17	
15,24	-0,2	
15,245	-0,23	
15,25	-0,26	
15,255	-0,28	
15,26	-0,3	
15,265	-0,31	
15,27	-0,32	
15,275	-0,33	
15,28	-0,35	
15,285	-0,37	
15,29	-0,4	
15,295	-0,43	
15,3	-0,45	
15,305	-0,47	
15,31	-0,48	
15,315	-0,49	
15,32	-0,5	
15,325	-0,51	
15,33	-0,53	
15,335	-0,55	
15,34	-0,57	
15,345	-0,59	
15,35	-0,61	
15,355	-0,63	
15,36	-0,63	
15,365	-0,64	
15,37	-0,64	
15,375	-0,65	
15,38	-0,67	
15,385	-0,68	
15,39	-0,7	
15,395	-0,72	
15,4	-0,73	
15,405	-0,74	
15,41	-0,73	
15,415	-0,73	
15,42	-0,73	
15,425	-0,74	
15,43	-0,75	
15,435	-0,76	
15,44	-0,78	
15,445	-0,79	
15,45	-0,79	
15,455	-0,79	
15,46	-0,78	
15,465	-0,78	
15,47	-0,77	
15,475	-0,78	
15,48	-0,78	
15,485	-0,79	
15,49	-0,8	
15,495	-0,81	
15,5	-0,8	
15,505	-0,79	
15,51	-0,78	
15,515	-0,77	
15,52	-0,76	
15,525	-0,75	
15,53	-0,76	
15,535	-0,76	
15,54	-0,76	
15,545	-0,76	
15,55	-0,75	
15,555	-0,73	
15,56	-0,71	
15,565	-0,7	
15,57	-0,68	
15,575	-0,67	
15,58	-0,67	
15,585	-0,67	
15,59	-0,66	
15,595	-0,66	
15,6	-0,64	
15,605	-0,62	
15,61	-0,6	
15,615	-0,57	
15,62	-0,56	
15,625	-0,55	
15,63	-0,54	
15,635	-0,53	
15,64	-0,52	
15,645	-0,51	
15,65	-0,48	
15,655	-0,46	
15,66	-0,43	
15,665	-0,41	
15,67	-0,39	
15,675	-0,37	
15,68	-0,36	
15,685	-0,35	
15,69	-0,33	
15,695	-0,31	
15,7	-0,29	
15,705	-0,26	
15,71	-0,23	
15,715	-0,21	
15,72	-0,19	
15,725	-0,18	
15,73	-0,17	
15,735	-0,15	
15,74	-0,13	
15,745	-0,11	
15,75	-0,08	
15,755	-0,05	
15,76	-0,02	
15,765	0,01	
15,77	0,02	
15,775	0,03	
15,78	0,04	
15,785	0,06	
15,79	0,09	
15,795	0,12	
15,8	0,15	
15,805	0,18	
15,81	0,2	
15,815	0,22	
15,82	0,22	
15,825	0,23	
15,83	0,25	
15,835	0,27	
15,84	0,3	
15,845	0,33	
15,85	0,36	
15,855	0,4	
15,86	0,4	
15,865	0,41	
15,87	0,41	
15,875	0,42	
15,88	0,43	
15,885	0,46	
15,89	0,49	
15,895	0,51	
15,9	0,54	
15,905	0,57	
15,91	0,58	
15,915	0,58	
15,92	0,58	
15,925	0,59	
15,93	0,6	
15,935	0,62	
15,94	0,64	
15,945	0,67	
15,95	0,69	
15,955	0,7	
15,96	0,71	
15,965	0,71	
15,97	0,7	
15,975	0,7	
15,98	0,71	
15,985	0,73	
15,99	0,75	
15,995	0,77	
16,0	0,78	
16,005	0,79	
16,01	0,78	
16,015	0,78	
16,02	0,77	
16,025	0,77	
16,03	0,78	
16,035	0,79	
16,04	0,81	
16,045	0,82	
16,05	0,82	
16,055	0,82	
16,06	0,8	
16,065	0,79	
16,07	0,78	
16,075	0,78	
16,08	0,78	
16,085	0,79	
16,09	0,79	
16,095	0,79	
16,1	0,79	
16,105	0,78	
16,11	0,77	
16,115	0,75	
16,12	0,74	
16,125	0,73	
16,13	0,73	
16,135	0,73	
16,14	0,73	
16,145	0,73	
16,15	0,71	
16,155	0,7	
16,16	0,67	
16,165	0,65	
16,17	0,63	
16,175	0,62	
16,18	0,62	
16,185	0,61	
16,19	0,61	
16,195	0,6	
16,2	0,58	
16,205	0,55	
16,21	0,53	
16,215	0,5	
16,22	0,48	
16,225	0,47	
16,23	0,46	
16,235	0,45	
16,24	0,44	
16,245	0,43	
16,25	0,4	
16,255	0,37	
16,26	0,35	
16,265	0,31	
16,27	0,29	
16,275	0,28	
16,28	0,27	
16,285	0,26	
16,29	0,25	
16,295	0,23	
16,3	0,2	
16,305	0,17	
16,31	0,12	
16,315	0,1	
16,32	0,08	
16,325	0,07	
16,33	0,06	
16,335	0,05	
16,34	0,04	
16,345	0,01	
16,35	-0,02	
16,355	-0,05	
16,36	-0,1	
16,365	-0,12	
16,37	-0,13	
16,375	-0,14	
16,38	-0,15	
16,385	-0,16	
16,39	-0,18	
16,395	-0,21	
16,4	-0,23	
16,405	-0,28	
16,41	-0,3	
16,415	-0,32	
16,42	-0,34	
16,425	-0,35	
16,43	-0,36	
16,435	-0,37	
16,44	-0,39	
16,445	-0,41	
16,45	-0,46	
16,455	-0,48	
16,46	-0,5	
16,465	-0,51	
16,47	-0,52	
16,475	-0,52	
16,48	-0,53	
16,485	-0,54	
16,49	-0,56	
16,495	-0,6	
16,5	-0,62	
16,505	-0,64	
16,51	-0,66	
16,515	-0,66	
16,52	-0,67	
16,525	-0,67	
16,53	-0,67	
16,535	-0,69	
16,54	-0,71	
16,545	-0,73	
16,55	-0,75	
16,555	-0,76	
16,56	-0,76	
16,565	-0,76	
16,57	-0,76	
16,575	-0,76	
16,58	-0,76	
16,585	-0,77	
16,59	-0,79	
16,595	-0,8	
16,6	-0,81	
16,605	-0,82	
16,61	-0,82	
16,615	-0,81	
16,62	-0,8	
16,625	-0,8	
16,63	-0,79	
16,635	-0,8	
16,64	-0,81	
16,645	-0,82	
16,65	-0,83	
16,655	-0,82	
16,66	-0,81	
16,665	-0,8	
16,67	-0,78	
16,675	-0,77	
16,68	-0,77	
16,685	-0,77	
16,69	-0,77	
16,695	-0,78	
16,7	-0,77	
16,705	-0,76	
16,71	-0,75	
16,715	-0,73	
16,72	-0,7	
16,725	-0,69	
16,73	-0,69	
16,735	-0,68	
16,74	-0,68	
16,745	-0,68	
16,75	-0,67	
16,755	-0,65	
16,76	-0,63	
16,765	-0,59	
16,77	-0,57	
16,775	-0,56	
16,78	-0,56	
16,785	-0,55	
16,79	-0,54	
16,795	-0,53	
16,8	-0,52	
16,805	-0,49	
16,81	-0,47	
16,815	-0,43	
16,82	-0,4	
16,825	-0,39	
16,83	-0,38	
16,835	-0,37	
16,84	-0,36	
16,845	-0,34	
16,85	-0,33	
16,855	-0,3	
16,86	-0,26	
16,865	-0,23	
16,87	-0,2	
16,875	-0,18	
16,88	-0,17	
16,885	-0,16	
16,89	-0,15	
16,895	-0,13	
16,9	-0,11	
16,905	-0,06	
16,91	-0,03	
16,915	0	
16,92	0,01	
16,925	0,02	
16,93	0,03	
16,935	0,04	
16,94	0,06	
16,945	0,08	
16,95	0,13	
16,955	0,16	
16,96	0,19	
16,965	0,22	
16,97	0,23	
16,975	0,24	
16,98	0,25	
16,985	0,26	
16,99	0,27	
16,995	0,31	
17,0	0,35	
17,005	0,37	
17,01	0,4	
17,015	0,42	
17,02	0,43	
17,025	0,43	
17,03	0,44	
17,035	0,45	
17,04	0,48	
17,045	0,51	
17,05	0,53	
17,055	0,56	
17,06	0,58	
17,065	0,59	
17,07	0,6	
17,075	0,6	
17,08	0,6	
17,085	0,62	
17,09	0,64	
17,095	0,66	
17,1	0,69	
17,105	0,71	
17,11	0,72	
17,115	0,72	
17,12	0,72	
17,125	0,72	
17,13	0,72	
17,135	0,74	
17,14	0,75	
17,145	0,77	
17,15	0,79	
17,155	0,8	
17,16	0,81	
17,165	0,81	
17,17	0,8	
17,175	0,79	
17,18	0,8	
17,185	0,8	
17,19	0,81	
17,195	0,82	
17,2	0,84	
17,205	0,84	
17,21	0,84	
17,215	0,83	
17,22	0,82	
17,225	0,81	
17,23	0,8	
17,235	0,8	
17,24	0,81	
17,245	0,82	
17,25	0,82	
17,255	0,82	
17,26	0,8	
17,265	0,79	
17,27	0,76	
17,275	0,75	
17,28	0,74	
17,285	0,74	
17,29	0,74	
17,295	0,74	
17,3	0,74	
17,305	0,73	
17,31	0,71	
17,315	0,68	
17,32	0,66	
17,325	0,64	
17,33	0,63	
17,335	0,63	
17,34	0,63	
17,345	0,62	
17,35	0,61	
17,355	0,6	
17,36	0,56	
17,365	0,53	
17,37	0,51	
17,375	0,49	
17,38	0,48	
17,385	0,47	
17,39	0,47	
17,395	0,46	
17,4	0,45	
17,405	0,41	
17,41	0,38	
17,415	0,35	
17,42	0,32	
17,425	0,3	
17,43	0,29	
17,435	0,28	
17,44	0,27	
17,445	0,26	
17,45	0,23	
17,455	0,2	
17,46	0,17	
17,465	0,13	
17,47	0,11	
17,475	0,09	
17,48	0,07	
17,485	0,06	
17,49	0,06	
17,495	0,03	
17,5	0,01	
17,505	-0,02	
17,51	-0,06	
17,515	-0,09	
17,52	-0,12	
17,525	-0,13	
17,53	-0,14	
17,535	-0,15	
17,54	-0,17	
17,545	-0,19	
17,55	-0,22	
17,555	-0,25	
17,56	-0,28	
17,565	-0,3	
17,57	-0,32	
17,575	-0,34	
17,58	-0,35	
17,585	-0,36	
17,59	-0,37	
17,595	-0,4	
17,6	-0,42	
17,605	-0,45	
17,61	-0,48	
17,615	-0,5	
17,62	-0,52	
17,625	-0,53	
17,63	-0,54	
17,635	-0,54	
17,64	-0,55	
17,645	-0,57	
17,65	-0,6	
17,655	-0,62	
17,66	-0,64	
17,665	-0,66	
17,67	-0,67	
17,675	-0,67	
17,68	-0,67	
17,685	-0,68	
17,69	-0,69	
17,695	-0,71	
17,7	-0,73	
17,705	-0,75	
17,71	-0,76	
17,715	-0,77	
17,72	-0,77	
17,725	-0,77	
17,73	-0,77	
17,735	-0,77	
17,74	-0,78	
17,745	-0,8	
17,75	-0,81	
17,755	-0,82	
17,76	-0,83	
17,765	-0,83	
17,77	-0,82	
17,775	-0,81	
17,78	-0,81	
17,785	-0,81	
17,79	-0,81	
17,795	-0,82	
17,8	-0,83	
17,805	-0,84	
17,81	-0,83	
17,815	-0,82	
17,82	-0,81	
17,825	-0,8	
17,83	-0,78	
17,835	-0,78	
17,84	-0,78	
17,845	-0,78	
17,85	-0,79	
17,855	-0,78	
17,86	-0,77	
17,865	-0,75	
17,87	-0,74	
17,875	-0,72	
17,88	-0,71	
17,885	-0,7	
17,89	-0,7	
17,895	-0,69	
17,9	-0,69	
17,905	-0,68	
17,91	-0,66	
17,915	-0,64	
17,92	-0,61	
17,925	-0,59	
17,93	-0,57	
17,935	-0,56	
17,94	-0,56	
17,945	-0,55	
17,95	-0,54	
17,955	-0,52	
17,96	-0,5	
17,965	-0,47	
17,97	-0,45	
17,975	-0,42	
17,98	-0,4	
17,985	-0,39	
17,99	-0,38	
17,995	-0,37	
18,0	-0,35	
18,005	-0,33	
18,01	-0,31	
18,015	-0,28	
18,02	-0,25	
18,025	-0,22	
18,03	-0,2	
18,035	-0,18	
18,04	-0,17	
18,045	-0,15	
18,05	-0,14	
18,055	-0,11	
18,06	-0,08	
18,065	-0,05	
18,07	-0,03	
18,075	0	
18,08	0,02	
18,085	0,04	
18,09	0,05	
18,095	0,07	
18,1	0,09	
18,105	0,12	
18,11	0,15	
18,115	0,18	
18,12	0,2	
18,125	0,22	
18,13	0,23	
18,135	0,24	
18,14	0,25	
18,145	0,27	
18,15	0,3	
18,155	0,33	
18,16	0,36	
18,165	0,39	
18,17	0,41	
18,175	0,42	
18,18	0,43	
18,185	0,44	
18,19	0,45	
18,195	0,47	
18,2	0,49	
18,205	0,52	
18,21	0,55	
18,215	0,57	
18,22	0,59	
18,225	0,6	
18,23	0,6	
18,235	0,61	
18,24	0,62	
18,245	0,63	
18,25	0,65	
18,255	0,68	
18,26	0,7	
18,265	0,71	
18,27	0,73	
18,275	0,72	
18,28	0,72	
18,285	0,73	
18,29	0,73	
18,295	0,74	
18,3	0,76	
18,305	0,78	
18,31	0,79	
18,315	0,8	
18,32	0,8	
18,325	0,8	
18,33	0,8	
18,335	0,79	
18,34	0,79	
18,345	0,8	
18,35	0,81	
18,355	0,82	
18,36	0,84	
18,365	0,84	
18,37	0,83	
18,375	0,82	
18,38	0,8	
18,385	0,8	
18,39	0,8	
18,395	0,8	
18,4	0,81	
18,405	0,82	
18,41	0,82	
18,415	0,81	
18,42	0,79	
18,425	0,78	
18,43	0,76	
18,435	0,75	
18,44	0,75	
18,445	0,75	
18,45	0,75	
18,455	0,74	
18,46	0,73	
18,465	0,72	
18,47	0,7	
18,475	0,68	
18,48	0,66	
18,485	0,65	
18,49	0,64	
18,495	0,63	
18,5	0,63	
18,505	0,62	
18,51	0,6	
18,515	0,58	
18,52	0,55	
18,525	0,53	
18,53	0,51	
18,535	0,49	
18,54	0,48	
18,545	0,47	
18,55	0,46	
18,555	0,45	
18,56	0,43	
18,565	0,4	
18,57	0,37	
18,575	0,34	
18,58	0,32	
18,585	0,29	
18,59	0,28	
18,595	0,27	
18,6	0,26	
18,605	0,24	
18,61	0,22	
18,615	0,19	
18,62	0,16	
18,625	0,13	
18,63	0,11	
18,635	0,08	
18,64	0,07	
18,645	0,06	
18,65	0,05	
18,655	0,03	
18,66	0	
18,665	-0,03	
18,67	-0,06	
18,675	-0,09	
18,68	-0,12	
18,685	-0,13	
18,69	-0,14	
18,695	-0,15	
18,7	-0,17	
18,705	-0,2	
18,71	-0,23	
18,715	-0,26	
18,72	-0,29	
18,725	-0,32	
18,73	-0,33	
18,735	-0,34	
18,74	-0,35	
18,745	-0,36	
18,75	-0,38	
18,755	-0,4	
18,76	-0,43	
18,765	-0,46	
18,77	-0,49	
18,775	-0,51	
18,78	-0,52	
18,785	-0,52	
18,79	-0,53	
18,795	-0,54	
18,8	-0,56	
18,805	-0,58	
18,81	-0,6	
18,815	-0,64	
18,82	-0,65	
18,825	-0,66	
18,83	-0,67	
18,835	-0,67	
18,84	-0,67	
18,845	-0,68	
18,85	-0,7	
18,855	-0,71	
18,86	-0,74	
18,865	-0,75	
18,87	-0,76	
18,875	-0,77	
18,88	-0,76	
18,885	-0,76	
18,89	-0,76	
18,895	-0,77	
18,9	-0,78	
18,905	-0,8	
18,91	-0,81	
18,915	-0,82	
18,92	-0,82	
18,925	-0,82	
18,93	-0,81	
18,935	-0,8	
18,94	-0,8	
18,945	-0,8	
18,95	-0,81	
18,955	-0,82	
18,96	-0,82	
18,965	-0,82	
18,97	-0,82	
18,975	-0,81	
18,98	-0,8	
18,985	-0,79	
18,99	-0,78	
18,995	-0,78	
19,0	-0,78	
19,005	-0,78	
19,01	-0,78	
19,015	-0,77	
19,02	-0,76	
19,025	-0,74	
19,03	-0,72	
19,035	-0,71	
19,04	-0,7	
19,045	-0,69	
19,05	-0,69	
19,055	-0,69	
19,06	-0,68	
19,065	-0,66	
19,07	-0,64	
19,075	-0,62	
19,08	-0,6	
19,085	-0,58	
19,09	-0,56	
19,095	-0,55	
19,1	-0,55	
19,105	-0,54	
19,11	-0,52	
19,115	-0,5	
19,12	-0,48	
19,125	-0,46	
19,13	-0,43	
19,135	-0,4	
19,14	-0,39	
19,145	-0,38	
19,15	-0,37	
19,155	-0,36	
19,16	-0,34	
19,165	-0,32	
19,17	-0,29	
19,175	-0,26	
19,18	-0,22	
19,185	-0,2	
19,19	-0,18	
19,195	-0,17	
19,2	-0,16	
19,205	-0,15	
19,21	-0,13	
19,215	-0,1	
19,22	-0,07	
19,225	-0,03	
19,23	0	
19,235	0,01	
19,24	0,03	
19,245	0,04	
19,25	0,05	
19,255	0,07	
19,26	0,1	
19,265	0,13	
19,27	0,17	
19,275	0,19	
19,28	0,21	
19,285	0,23	
19,29	0,23	
19,295	0,25	
19,3	0,26	
19,305	0,28	
19,31	0,3	
19,315	0,35	
19,32	0,38	
19,325	0,4	
19,33	0,42	
19,335	0,42	
19,34	0,43	
19,345	0,44	
19,35	0,45	
19,355	0,47	
19,36	0,51	
19,365	0,53	
19,37	0,55	
19,375	0,57	
19,38	0,58	
19,385	0,58	
19,39	0,59	
19,395	0,6	
19,4	0,61	
19,405	0,64	
19,41	0,66	
19,415	0,68	
19,42	0,7	
19,425	0,71	
19,43	0,71	
19,435	0,71	
19,44	0,71	
19,445	0,72	
19,45	0,73	
19,455	0,75	
19,46	0,77	
19,465	0,78	
19,47	0,79	
19,475	0,79	
19,48	0,79	
19,485	0,79	
19,49	0,78	
19,495	0,78	
19,5	0,78	
19,505	0,79	
19,51	0,8	
19,515	0,81	
19,52	0,82	
19,525	0,81	
19,53	0,81	
19,535	0,8	
19,54	0,79	
19,545	0,79	
19,55	0,79	
19,555	0,79	
19,56	0,8	
19,565	0,79	
19,57	0,79	
19,575	0,78	
19,58	0,76	
19,585	0,75	
19,59	0,74	
19,595	0,73	
19,6	0,73	
19,605	0,73	
19,61	0,73	
19,615	0,72	
19,62	0,71	
19,625	0,69	
19,63	0,67	
19,635	0,65	
19,64	0,64	
19,645	0,63	
19,65	0,62	
19,655	0,61	
19,66	0,6	
19,665	0,59	
19,67	0,57	
19,675	0,55	
19,68	0,52	
19,685	0,5	
19,69	0,48	
19,695	0,47	
19,7	0,46	
19,705	0,45	
19,71	0,44	
19,715	0,42	
19,72	0,39	
19,725	0,36	
19,73	0,33	
19,735	0,31	
19,74	0,3	
19,745	0,29	
19,75	0,28	
19,755	0,26	
19,76	0,25	
19,765	0,22	
19,77	0,18	
19,775	0,15	
19,78	0,12	
19,785	0,11	
19,79	0,09	
19,795	0,08	
19,8	0,07	
19,805	0,05	
19,81	0,03	
19,815	-0,01	
19,82	-0,04	
19,825	-0,07	
19,83	-0,09	
19,835	-0,11	
19,84	-0,13	
19,845	-0,14	
19,85	-0,15	
19,855	-0,17	
19,86	-0,2	
19,865	-0,22	
19,87	-0,25	
19,875	-0,28	
19,88	-0,3	
19,885	-0,32	
19,89	-0,33	
19,895	-0,34	
19,9	-0,35	
19,905	-0,37	
19,91	-0,39	
19,915	-0,42	
19,92	-0,45	
19,925	-0,47	
19,93	-0,49	
19,935	-0,51	
19,94	-0,51	
19,945	-0,52	
19,95	-0,53	
19,955	-0,55	
19,96	-0,57	
19,965	-0,59	
19,97	-0,61	
19,975	-0,63	
19,98	-0,65	
19,985	-0,65	
19,99	-0,66	
19,995	-0,66	
20,0	-0,67	
20,005	-0,68	
20,01	-0,7	
20,015	-0,71	
20,02	-0,73	
20,025	-0,74	
20,03	-0,74	
20,035	-0,75	
20,04	-0,75	
20,045	-0,75	
20,05	-0,75	
20,055	-0,76	
20,06	-0,77	
20,065	-0,78	
20,07	-0,79	
20,075	-0,79	
20,08	-0,79	
20,085	-0,79	
20,09	-0,78	
20,095	-0,78	
20,1	-0,78	
20,105	-0,78	
20,11	-0,79	
20,115	-0,79	
20,12	-0,8	
20,125	-0,79	
20,13	-0,79	
20,135	-0,77	
20,14	-0,77	
20,145	-0,76	
20,15	-0,75	
20,155	-0,75	
20,16	-0,75	
20,165	-0,75	
20,17	-0,75	
20,175	-0,73	
20,18	-0,72	
20,185	-0,7	
20,19	-0,69	
20,195	-0,68	
20,2	-0,66	
20,205	-0,66	
20,21	-0,65	
20,215	-0,65	
20,22	-0,64	
20,225	-0,61	
20,23	-0,59	
20,235	-0,57	
20,24	-0,56	
20,245	-0,54	
20,25	-0,53	
20,255	-0,53	
20,26	-0,52	
20,265	-0,51	
20,27	-0,48	
20,275	-0,46	
20,28	-0,43	
20,285	-0,41	
20,29	-0,39	
20,295	-0,37	
20,3	-0,36	
20,305	-0,35	
20,31	-0,34	
20,315	-0,32	
20,32	-0,3	
20,325	-0,27	
20,33	-0,24	
20,335	-0,22	
20,34	-0,19	
20,345	-0,18	
20,35	-0,17	
20,355	-0,16	
20,36	-0,13	
20,365	-0,11	
20,37	-0,09	
20,375	-0,06	
20,38	-0,03	
20,385	-0,01	
20,39	0,01	
20,395	0,03	
20,4	0,04	
20,405	0,06	
20,41	0,08	
20,415	0,1	
20,42	0,13	
20,425	0,16	
20,43	0,18	
20,435	0,21	
20,44	0,22	
20,445	0,23	
20,45	0,24	
20,455	0,26	
20,46	0,28	
20,465	0,31	
20,47	0,34	
20,475	0,36	
20,48	0,38	
20,485	0,4	
20,49	0,41	
20,495	0,42	
20,5	0,43	
20,505	0,45	
20,51	0,46	
20,515	0,49	
20,52	0,51	
20,525	0,53	
20,53	0,55	
20,535	0,56	
20,54	0,57	
20,545	0,58	
20,55	0,59	
20,555	0,6	
20,56	0,62	
20,565	0,63	
20,57	0,66	
20,575	0,67	
20,58	0,69	
20,585	0,69	
20,59	0,69	
20,595	0,7	
20,6	0,7	
20,605	0,71	
20,61	0,72	
20,615	0,73	
20,62	0,75	
20,625	0,76	
20,63	0,76	
20,635	0,77	
20,64	0,76	
20,645	0,76	
20,65	0,76	
20,655	0,76	
20,66	0,77	
20,665	0,78	
20,67	0,79	
20,675	0,79	
20,68	0,78	
20,685	0,78	
20,69	0,77	
20,695	0,76	
20,7	0,76	
20,705	0,76	
20,71	0,76	
20,715	0,76	
20,72	0,76	
20,725	0,75	
20,73	0,74	
20,735	0,73	
20,74	0,72	
20,745	0,71	
20,75	0,71	
20,755	0,7	
20,76	0,7	
20,765	0,69	
20,77	0,68	
20,775	0,67	
20,78	0,66	
20,785	0,64	
20,79	0,63	
20,795	0,61	
20,8	0,6	
20,805	0,59	
20,81	0,58	
20,815	0,57	
20,82	0,55	
20,825	0,53	
20,83	0,51	
20,835	0,5	
20,84	0,48	
20,845	0,46	
20,85	0,45	
20,855	0,44	
20,86	0,41	
20,865	0,4	
20,87	0,38	
20,875	0,36	
20,88	0,34	
20,885	0,32	
20,89	0,3	
20,895	0,28	
20,9	0,26	
20,905	0,25	
20,91	0,23	
20,915	0,21	
20,92	0,19	
20,925	0,17	
20,93	0,14	
20,935	0,12	
20,94	0,1	
20,945	0,08	
20,95	0,07	
20,955	0,04	
20,96	0,02	
20,965	0	
20,97	-0,02	
20,975	-0,05	
20,98	-0,07	
20,985	-0,09	
20,99	-0,11	
20,995	-0,13	
21,0	-0,15	
21,005	-0,17	
21,01	-0,18	
21,015	-0,2	
21,02	-0,23	
21,025	-0,25	
21,03	-0,28	
21,035	-0,3	
21,04	-0,32	
21,045	-0,34	
21,05	-0,35	
21,055	-0,36	
21,06	-0,38	
21,065	-0,39	
21,07	-0,42	
21,075	-0,44	
21,08	-0,46	
21,085	-0,48	
21,09	-0,5	
21,095	-0,51	
21,1	-0,52	
21,105	-0,53	
21,11	-0,54	
21,115	-0,56	
21,12	-0,57	
21,125	-0,59	
21,13	-0,61	
21,135	-0,63	
21,14	-0,64	
21,145	-0,65	
21,15	-0,65	
21,155	-0,65	
21,16	-0,66	
21,165	-0,67	
21,17	-0,68	
21,175	-0,7	
21,18	-0,72	
21,185	-0,73	
21,19	-0,73	
21,195	-0,74	
21,2	-0,73	
21,205	-0,73	
21,21	-0,74	
21,215	-0,74	
21,22	-0,75	
21,225	-0,77	
21,23	-0,77	
21,235	-0,78	
21,24	-0,77	
21,245	-0,77	
21,25	-0,76	
21,255	-0,76	
21,26	-0,75	
21,265	-0,76	
21,27	-0,76	
21,275	-0,77	
21,28	-0,77	
21,285	-0,76	
21,29	-0,75	
21,295	-0,74	
21,3	-0,73	
21,305	-0,72	
21,31	-0,72	
21,315	-0,72	
21,32	-0,71	
21,325	-0,71	
21,33	-0,7	
21,335	-0,69	
21,34	-0,68	
21,345	-0,66	
21,35	-0,65	
21,355	-0,63	
21,36	-0,63	
21,365	-0,62	
21,37	-0,61	
21,375	-0,6	
21,38	-0,59	
21,385	-0,57	
21,39	-0,55	
21,395	-0,53	
21,4	-0,52	
21,405	-0,51	
21,41	-0,49	
21,415	-0,48	
21,42	-0,47	
21,425	-0,45	
21,43	-0,43	
21,435	-0,41	
21,44	-0,38	
21,445	-0,36	
21,45	-0,35	
21,455	-0,33	
21,46	-0,32	
21,465	-0,3	
21,47	-0,28	
21,475	-0,26	
21,48	-0,24	
21,485	-0,22	
21,49	-0,19	
21,495	-0,17	
21,5	-0,15	
21,505	-0,13	
21,51	-0,12	
21,515	-0,1	
21,52	-0,08	
21,525	-0,06	
21,53	-0,04	
21,535	-0,01	
21,54	0,01	
21,545	0,04	
21,55	0,06	
21,555	0,07	
21,56	0,08	
21,565	0,1	
21,57	0,12	
21,575	0,15	
21,58	0,18	
21,585	0,2	
21,59	0,23	
21,595	0,25	
21,6	0,26	
21,605	0,27	
21,61	0,28	
21,615	0,29	
21,62	0,32	
21,625	0,34	
21,63	0,37	
21,635	0,4	
21,64	0,42	
21,645	0,43	
21,65	0,44	
21,655	0,45	
21,66	0,46	
21,665	0,47	
21,67	0,49	
21,675	0,51	
21,68	0,55	
21,685	0,56	
21,69	0,58	
21,695	0,58	
21,7	0,59	
21,705	0,59	
21,71	0,6	
21,715	0,61	
21,72	0,63	
21,725	0,65	
21,73	0,67	
21,735	0,68	
21,74	0,69	
21,745	0,69	
21,75	0,7	
21,755	0,7	
21,76	0,7	
21,765	0,71	
21,77	0,73	
21,775	0,74	
21,78	0,75	
21,785	0,75	
21,79	0,75	
21,795	0,75	
21,8	0,75	
21,805	0,75	
21,81	0,75	
21,815	0,75	
21,82	0,76	
21,825	0,76	
21,83	0,76	
21,835	0,76	
21,84	0,76	
21,845	0,75	
21,85	0,75	
21,855	0,75	
21,86	0,74	
21,865	0,74	
21,87	0,73	
21,875	0,73	
21,88	0,72	
21,885	0,72	
21,89	0,71	
21,895	0,7	
21,9	0,7	
21,905	0,69	
21,91	0,67	
21,915	0,67	
21,92	0,66	
21,925	0,64	
21,93	0,64	
21,935	0,63	
21,94	0,61	
21,945	0,6	
21,95	0,59	
21,955	0,57	
21,96	0,56	
21,965	0,55	
21,97	0,53	
21,975	0,52	
21,98	0,5	
21,985	0,48	
21,99	0,47	
21,995	0,45	
22,0	0,43	
22,005	0,42	
22,01	0,4	
22,015	0,38	
22,02	0,37	
22,025	0,34	
22,03	0,32	
22,035	0,3	
22,04	0,28	
22,045	0,26	
22,05	0,24	
22,055	0,22	
22,06	0,21	
22,065	0,19	
22,07	0,17	
22,075	0,15	
22,08	0,13	
22,085	0,12	
22,09	0,08	
22,095	0,06	
22,1	0,04	
22,105	0,03	
22,11	0,01	
22,115	-0,01	
22,12	-0,03	
22,125	-0,05	
22,13	-0,07	
22,135	-0,1	
22,14	-0,12	
22,145	-0,14	
22,15	-0,16	
22,155	-0,18	
22,16	-0,2	
22,165	-0,21	
22,17	-0,23	
22,175	-0,25	
22,18	-0,28	
22,185	-0,3	
22,19	-0,32	
22,195	-0,34	
22,2	-0,36	
22,205	-0,37	
22,21	-0,38	
22,215	-0,4	
22,22	-0,41	
22,225	-0,43	
22,23	-0,46	
22,235	-0,48	
22,24	-0,5	
22,245	-0,52	
22,25	-0,53	
22,255	-0,54	
22,26	-0,55	
22,265	-0,56	
22,27	-0,57	
22,275	-0,59	
22,28	-0,6	
22,285	-0,62	
22,29	-0,63	
22,295	-0,65	
22,3	-0,65	
22,305	-0,66	
22,31	-0,66	
22,315	-0,67	
22,32	-0,68	
22,325	-0,69	
22,33	-0,7	
22,335	-0,71	
22,34	-0,72	
22,345	-0,73	
22,35	-0,73	
22,355	-0,73	
22,36	-0,73	
22,365	-0,74	
22,37	-0,74	
22,375	-0,75	
22,38	-0,75	
22,385	-0,76	
22,39	-0,76	
22,395	-0,76	
22,4	-0,76	
22,405	-0,75	
22,41	-0,75	
22,415	-0,75	
22,42	-0,75	
22,425	-0,75	
22,43	-0,75	
22,435	-0,75	
22,44	-0,74	
22,445	-0,74	
22,45	-0,73	
22,455	-0,71	
22,46	-0,71	
22,465	-0,7	
22,47	-0,69	
22,475	-0,69	
22,48	-0,69	
22,485	-0,68	
22,49	-0,66	
22,495	-0,65	
22,5	-0,63	
22,505	-0,62	
22,51	-0,61	
22,515	-0,6	
22,52	-0,59	
22,525	-0,58	
22,53	-0,57	
22,535	-0,56	
22,54	-0,54	
22,545	-0,52	
22,55	-0,5	
22,555	-0,49	
22,56	-0,47	
22,565	-0,46	
22,57	-0,45	
22,575	-0,44	
22,58	-0,42	
22,585	-0,4	
22,59	-0,37	
22,595	-0,35	
22,6	-0,33	
22,605	-0,31	
22,61	-0,3	
22,615	-0,29	
22,62	-0,27	
22,625	-0,26	
22,63	-0,24	
22,635	-0,2	
22,64	-0,18	
22,645	-0,16	
22,65	-0,13	
22,655	-0,12	
22,66	-0,11	
22,665	-0,09	
22,67	-0,07	
22,675	-0,06	
22,68	-0,04	
22,685	0	
22,69	0,02	
22,695	0,04	
22,7	0,07	
22,705	0,08	
22,71	0,1	
22,715	0,12	
22,72	0,13	
22,725	0,15	
22,73	0,19	
22,735	0,21	
22,74	0,23	
22,745	0,25	
22,75	0,27	
22,755	0,29	
22,76	0,3	
22,765	0,31	
22,77	0,33	
22,775	0,35	
22,78	0,37	
22,785	0,4	
22,79	0,41	
22,795	0,43	
22,8	0,45	
22,805	0,46	
22,81	0,47	
22,815	0,49	
22,82	0,51	
22,825	0,52	
22,83	0,54	
22,835	0,55	
22,84	0,57	
22,845	0,59	
22,85	0,6	
22,855	0,61	
22,86	0,62	
22,865	0,63	
22,87	0,64	
22,875	0,65	
22,88	0,66	
22,885	0,67	
22,89	0,68	
22,895	0,69	
22,9	0,7	
22,905	0,71	
22,91	0,71	
22,915	0,72	
22,92	0,72	
22,925	0,73	
22,93	0,73	
22,935	0,74	
22,94	0,75	
22,945	0,75	
22,95	0,76	
22,955	0,76	
22,96	0,76	
22,965	0,76	
22,97	0,76	
22,975	0,76	
22,98	0,76	
22,985	0,76	
22,99	0,76	
22,995	0,75	
23,0	0,75	
23,005	0,75	
23,01	0,74	
23,015	0,73	
23,02	0,73	
23,025	0,72	
23,03	0,72	
23,035	0,71	
23,04	0,71	
23,045	0,7	
23,05	0,69	
23,055	0,68	
23,06	0,67	
23,065	0,66	
23,07	0,65	
23,075	0,64	
23,08	0,63	
23,085	0,62	
23,09	0,6	
23,095	0,59	
23,1	0,58	
23,105	0,57	
23,11	0,55	
23,115	0,54	
23,12	0,52	
23,125	0,5	
23,13	0,49	
23,135	0,47	
23,14	0,45	
23,145	0,44	
23,15	0,43	
23,155	0,41	
23,16	0,4	
23,165	0,38	
23,17	0,36	
23,175	0,34	
23,18	0,32	
23,185	0,29	
23,19	0,28	
23,195	0,26	
23,2	0,24	
23,205	0,22	
23,21	0,2	
23,215	0,18	
23,22	0,16	
23,225	0,14	
23,23	0,11	
23,235	0,1	
23,24	0,07	
23,245	0,05	
23,25	0,04	
23,255	0,02	
23,26	-0,01	
23,265	-0,02	
23,27	-0,04	
23,275	-0,07	
23,28	-0,09	
23,285	-0,11	
23,29	-0,13	
23,295	-0,15	
23,3	-0,17	
23,305	-0,19	
23,31	-0,21	
23,315	-0,23	
23,32	-0,25	
23,325	-0,27	
23,33	-0,29	
23,335	-0,31	
23,34	-0,32	
23,345	-0,35	
23,35	-0,37	
23,355	-0,39	
23,36	-0,4	
23,365	-0,42	
23,37	-0,43	
23,375	-0,45	
23,38	-0,46	
23,385	-0,48	
23,39	-0,5	
23,395	-0,51	
23,4	-0,53	
23,405	-0,55	
23,41	-0,57	
23,415	-0,58	
23,42	-0,59	
23,425	-0,6	
23,43	-0,61	
23,435	-0,62	
23,44	-0,64	
23,445	-0,65	
23,45	-0,66	
23,455	-0,68	
23,46	-0,69	
23,465	-0,69	
23,47	-0,7	
23,475	-0,7	
23,48	-0,71	
23,485	-0,71	
23,49	-0,72	
23,495	-0,73	
23,5	-0,74	
23,505	-0,75	
23,51	-0,75	
23,515	-0,75	
23,52	-0,75	
23,525	-0,75	
23,53	-0,76	
23,535	-0,76	
23,54	-0,77	
23,545	-0,77	
23,55	-0,77	
23,555	-0,77	
23,56	-0,76	
23,565	-0,76	
23,57	-0,76	
23,575	-0,75	
23,58	-0,75	
23,585	-0,75	
23,59	-0,74	
23,595	-0,74	
23,6	-0,73	
23,605	-0,72	
23,61	-0,72	
23,615	-0,71	
23,62	-0,7	
23,625	-0,69	
23,63	-0,69	
23,635	-0,68	
23,64	-0,66	
23,645	-0,65	
23,65	-0,64	
23,655	-0,63	
23,66	-0,62	
23,665	-0,61	
23,67	-0,6	
23,675	-0,58	
23,68	-0,57	
23,685	-0,55	
23,69	-0,53	
23,695	-0,52	
23,7	-0,51	
23,705	-0,49	
23,71	-0,48	
23,715	-0,46	
23,72	-0,44	
23,725	-0,43	
23,73	-0,41	
23,735	-0,39	
23,74	-0,37	
23,745	-0,36	
23,75	-0,34	
23,755	-0,32	
23,76	-0,3	
23,765	-0,28	
23,77	-0,26	
23,775	-0,23	
23,78	-0,22	
23,785	-0,2	
23,79	-0,18	
23,795	-0,16	
23,8	-0,14	
23,805	-0,11	
23,81	-0,1	
23,815	-0,08	
23,82	-0,05	
23,825	-0,03	
23,83	-0,02	
23,835	0	
23,84	0,02	
23,845	0,04	
23,85	0,06	
23,855	0,09	
23,86	0,11	
23,865	0,14	
23,87	0,16	
23,875	0,18	
23,88	0,19	
23,885	0,21	
23,89	0,23	
23,895	0,25	
23,9	0,27	
23,905	0,29	
23,91	0,32	
23,915	0,34	
23,92	0,36	
23,925	0,37	
23,93	0,39	
23,935	0,4	
23,94	0,42	
23,945	0,44	
23,95	0,46	
23,955	0,48	
23,96	0,5	
23,965	0,51	
23,97	0,52	
23,975	0,54	
23,98	0,55	
23,985	0,56	
23,99	0,58	
23,995	0,59	
24,0	0,62	
24,005	0,63	
24,01	0,64	
24,015	0,65	
24,02	0,66	
24,025	0,67	
24,03	0,67	
24,035	0,68	
24,04	0,69	
24,045	0,7	
24,05	0,71	
24,055	0,72	
24,06	0,73	
24,065	0,74	
24,07	0,74	
24,075	0,75	
24,08	0,75	
24,085	0,75	
24,09	0,76	
24,095	0,76	
24,1	0,77	
24,105	0,77	
24,11	0,78	
24,115	0,78	
24,12	0,78	
24,125	0,77	
24,13	0,77	
24,135	0,77	
24,14	0,76	
24,145	0,76	
24,15	0,76	
24,155	0,76	
24,16	0,76	
24,165	0,75	
24,17	0,74	
24,175	0,74	
24,18	0,73	
24,185	0,72	
24,19	0,72	
24,195	0,71	
24,2	0,71	
24,205	0,7	
24,21	0,69	
24,215	0,68	
24,22	0,67	
24,225	0,66	
24,23	0,64	
24,235	0,63	
24,24	0,62	
24,245	0,6	
24,25	0,59	
24,255	0,58	
24,26	0,57	
24,265	0,55	
24,27	0,54	
24,275	0,51	
24,28	0,5	
24,285	0,48	
24,29	0,47	
24,295	0,45	
24,3	0,44	
24,305	0,42	
24,31	0,4	
24,315	0,39	
24,32	0,36	
24,325	0,34	
24,33	0,32	
24,335	0,3	
24,34	0,28	
24,345	0,27	
24,35	0,25	
24,355	0,23	
24,36	0,21	
24,365	0,18	
24,37	0,16	
24,375	0,14	
24,38	0,12	
24,385	0,1	
24,39	0,08	
24,395	0,07	
24,4	0,05	
24,405	0,03	
24,41	-0,01	
24,415	-0,03	
24,42	-0,05	
24,425	-0,07	
24,43	-0,09	
24,435	-0,11	
24,44	-0,13	
24,445	-0,14	
24,45	-0,16	
24,455	-0,19	
24,46	-0,22	
24,465	-0,24	
24,47	-0,26	
24,475	-0,28	
24,48	-0,3	
24,485	-0,31	
24,49	-0,33	
24,495	-0,34	
24,5	-0,36	
24,505	-0,39	
24,51	-0,41	
24,515	-0,43	
24,52	-0,45	
24,525	-0,47	
24,53	-0,48	
24,535	-0,49	
24,54	-0,5	
24,545	-0,51	
24,55	-0,54	
24,555	-0,56	
24,56	-0,58	
24,565	-0,6	
24,57	-0,61	
24,575	-0,62	
24,58	-0,63	
24,585	-0,64	
24,59	-0,65	
24,595	-0,66	
24,6	-0,67	
24,605	-0,68	
24,61	-0,69	
24,615	-0,71	
24,62	-0,72	
24,625	-0,73	
24,63	-0,73	
24,635	-0,73	
24,64	-0,74	
24,645	-0,75	
24,65	-0,75	
24,655	-0,76	
24,66	-0,77	
24,665	-0,77	
24,67	-0,77	
24,675	-0,78	
24,68	-0,78	
24,685	-0,78	
24,69	-0,78	
24,695	-0,78	
24,7	-0,78	
24,705	-0,79	
24,71	-0,79	
24,715	-0,78	
24,72	-0,78	
24,725	-0,77	
24,73	-0,76	
24,735	-0,76	
24,74	-0,75	
24,745	-0,75	
24,75	-0,75	
24,755	-0,75	
24,76	-0,74	
24,765	-0,74	
24,77	-0,73	
24,775	-0,71	
24,78	-0,7	
24,785	-0,69	
24,79	-0,68	
24,795	-0,67	
24,8	-0,67	
24,805	-0,66	
24,81	-0,65	
24,815	-0,64	
24,82	-0,62	
24,825	-0,6	
24,83	-0,58	
24,835	-0,57	
24,84	-0,56	
24,845	-0,54	
24,85	-0,53	
24,855	-0,52	
24,86	-0,5	
24,865	-0,48	
24,87	-0,46	
24,875	-0,44	
24,88	-0,43	
24,885	-0,41	
24,89	-0,39	
24,895	-0,38	
24,9	-0,36	
24,905	-0,34	
24,91	-0,31	
24,915	-0,29	
24,92	-0,27	
24,925	-0,26	
24,93	-0,23	
24,935	-0,22	
24,94	-0,19	
24,945	-0,17	
24,95	-0,16	
24,955	-0,14	
24,96	-0,11	
24,965	-0,08	
24,97	-0,06	
24,975	-0,04	
24,98	-0,02	
24,985	0	
24,99	0,02	
24,995	0,03	
25,0	0,05	
25,005	0,08	
25,01	0,1	
25,015	0,12	
25,02	0,14	
25,025	0,17	
25,03	0,19	
25,035	0,21	
25,04	0,22	
25,045	0,24	
25,05	0,26	
25,055	0,29	
25,06	0,31	
25,065	0,33	
25,07	0,35	
25,075	0,37	
25,08	0,39	
25,085	0,4	
25,09	0,42	
25,095	0,44	
25,1	0,45	
25,105	0,47	
25,11	0,49	
25,115	0,51	
25,12	0,53	
25,125	0,54	
25,13	0,56	
25,135	0,57	
25,14	0,59	
25,145	0,6	
25,15	0,61	
25,155	0,63	
25,16	0,64	
25,165	0,66	
25,17	0,67	
25,175	0,68	
25,18	0,69	
25,185	0,7	
25,19	0,7	
25,195	0,71	
25,2	0,72	
25,205	0,73	
25,21	0,74	
25,215	0,75	
25,22	0,76	
25,225	0,77	
25,23	0,78	
25,235	0,78	
25,24	0,78	
25,245	0,77	
25,25	0,78	
25,255	0,78	
25,26	0,79	
25,265	0,8	
25,27	0,8	
25,275	0,8	
25,28	0,79	
25,285	0,79	
25,29	0,79	
25,295	0,78	
25,3	0,78	
25,305	0,78	
25,31	0,78	
25,315	0,78	
25,32	0,77	
25,325	0,76	
25,33	0,76	
25,335	0,74	
25,34	0,73	
25,345	0,73	
25,35	0,72	
25,355	0,71	
25,36	0,71	
25,365	0,7	
25,37	0,69	
25,375	0,68	
25,38	0,67	
25,385	0,65	
25,39	0,64	
25,395	0,63	
25,4	0,61	
25,405	0,6	
25,41	0,59	
25,415	0,57	
25,42	0,56	
25,425	0,54	
25,43	0,53	
25,435	0,51	
25,44	0,49	
25,445	0,48	
25,45	0,46	
25,455	0,45	
25,46	0,43	
25,465	0,41	
25,47	0,39	
25,475	0,37	
25,48	0,35	
25,485	0,33	
25,49	0,31	
25,495	0,29	
25,5	0,28	
25,505	0,25	
25,51	0,23	
25,515	0,21	
25,52	0,19	
25,525	0,17	
25,53	0,14	
25,535	0,12	
25,54	0,1	
25,545	0,08	
25,55	0,06	
25,555	0,04	
25,56	0,02	
25,565	0	
25,57	-0,02	
25,575	-0,05	
25,58	-0,07	
25,585	-0,09	
25,59	-0,11	
25,595	-0,13	
25,6	-0,15	
25,605	-0,17	
25,61	-0,19	
25,615	-0,22	
25,62	-0,24	
25,625	-0,27	
25,63	-0,29	
25,635	-0,31	
25,64	-0,33	
25,645	-0,34	
25,65	-0,36	
25,655	-0,37	
25,66	-0,39	
25,665	-0,41	
25,67	-0,43	
25,675	-0,45	
25,68	-0,47	
25,685	-0,5	
25,69	-0,51	
25,695	-0,52	
25,7	-0,53	
25,705	-0,54	
25,71	-0,56	
25,715	-0,58	
25,72	-0,6	
25,725	-0,62	
25,73	-0,64	
25,735	-0,65	
25,74	-0,66	
25,745	-0,66	
25,75	-0,67	
25,755	-0,68	
25,76	-0,69	
25,765	-0,7	
25,77	-0,72	
25,775	-0,74	
25,78	-0,75	
25,785	-0,75	
25,79	-0,75	
25,795	-0,75	
25,8	-0,75	
25,805	-0,76	
25,81	-0,77	
25,815	-0,78	
25,82	-0,79	
25,825	-0,8	
25,83	-0,8	
25,835	-0,8	
25,84	-0,8	
25,845	-0,79	
25,85	-0,79	
25,855	-0,79	
25,86	-0,79	
25,865	-0,79	
25,87	-0,8	
25,875	-0,8	
25,88	-0,8	
25,885	-0,79	
25,89	-0,78	
25,895	-0,77	
25,9	-0,77	
25,905	-0,76	
25,91	-0,76	
25,915	-0,75	
25,92	-0,75	
25,925	-0,74	
25,93	-0,73	
25,935	-0,72	
25,94	-0,71	
25,945	-0,7	
25,95	-0,69	
25,955	-0,68	
25,96	-0,67	
25,965	-0,66	
25,97	-0,65	
25,975	-0,63	
25,98	-0,62	
25,985	-0,6	
25,99	-0,59	
25,995	-0,57	
26,0	-0,56	
26,005	-0,54	
26,01	-0,53	
26,015	-0,51	
26,02	-0,49	
26,025	-0,47	
26,03	-0,45	
26,035	-0,44	
26,04	-0,42	
26,045	-0,4	
26,05	-0,38	
26,055	-0,37	
26,06	-0,35	
26,065	-0,33	
26,07	-0,31	
26,075	-0,29	
26,08	-0,27	
26,085	-0,24	
26,09	-0,22	
26,095	-0,2	
26,1	-0,18	
26,105	-0,17	
26,11	-0,15	
26,115	-0,13	
26,12	-0,1	
26,125	-0,08	
26,13	-0,06	
26,135	-0,03	
26,14	0	
26,145	0,02	
26,15	0,03	
26,155	0,05	
26,16	0,06	
26,165	0,08	
26,17	0,1	
26,175	0,13	
26,18	0,16	
26,185	0,2	
26,19	0,22	
26,195	0,23	
26,2	0,25	
26,205	0,26	
26,21	0,27	
26,215	0,29	
26,22	0,32	
26,225	0,35	
26,23	0,39	
26,235	0,4	
26,24	0,42	
26,245	0,43	
26,25	0,44	
26,255	0,45	
26,26	0,46	
26,265	0,48	
26,27	0,5	
26,275	0,53	
26,28	0,55	
26,285	0,57	
26,29	0,58	
26,295	0,59	
26,3	0,6	
26,305	0,6	
26,31	0,62	
26,315	0,63	
26,32	0,65	
26,325	0,68	
26,33	0,69	
26,335	0,7	
26,34	0,7	
26,345	0,71	
26,35	0,71	
26,355	0,71	
26,36	0,72	
26,365	0,73	
26,37	0,76	
26,375	0,77	
26,38	0,78	
26,385	0,78	
26,39	0,78	
26,395	0,78	
26,4	0,78	
26,405	0,78	
26,41	0,78	
26,415	0,79	
26,42	0,8	
26,425	0,81	
26,43	0,81	
26,435	0,81	
26,44	0,81	
26,445	0,8	
26,45	0,79	
26,455	0,78	
26,46	0,78	
26,465	0,78	
26,47	0,78	
26,475	0,78	
26,48	0,78	
26,485	0,77	
26,49	0,76	
26,495	0,75	
26,5	0,74	
26,505	0,73	
26,51	0,73	
26,515	0,72	
26,52	0,71	
26,525	0,71	
26,53	0,7	
26,535	0,68	
26,54	0,67	
26,545	0,66	
26,55	0,63	
26,555	0,62	
26,56	0,61	
26,565	0,6	
26,57	0,59	
26,575	0,57	
26,58	0,56	
26,585	0,54	
26,59	0,52	
26,595	0,5	
26,6	0,48	
26,605	0,47	
26,61	0,45	
26,615	0,44	
26,62	0,42	
26,625	0,41	
26,63	0,39	
26,635	0,37	
26,64	0,34	
26,645	0,32	
26,65	0,3	
26,655	0,28	
26,66	0,27	
26,665	0,24	
26,67	0,23	
26,675	0,2	
26,68	0,18	
26,685	0,15	
26,69	0,13	
26,695	0,11	
26,7	0,09	
26,705	0,07	
26,71	0,06	
26,715	0,04	
26,72	0,02	
26,725	-0,01	
26,73	-0,05	
26,735	-0,07	
26,74	-0,09	
26,745	-0,11	
26,75	-0,13	
26,755	-0,14	
26,76	-0,15	
26,765	-0,17	
26,77	-0,19	
26,775	-0,22	
26,78	-0,26	
26,785	-0,29	
26,79	-0,31	
26,795	-0,32	
26,8	-0,34	
26,805	-0,34	
26,81	-0,35	
26,815	-0,37	
26,82	-0,39	
26,825	-0,43	
26,83	-0,45	
26,835	-0,48	
26,84	-0,49	
26,845	-0,5	
26,85	-0,51	
26,855	-0,52	
26,86	-0,53	
26,865	-0,54	
26,87	-0,57	
26,875	-0,59	
26,88	-0,61	
26,885	-0,63	
26,89	-0,64	
26,895	-0,65	
26,9	-0,66	
26,905	-0,67	
26,91	-0,67	
26,915	-0,68	
26,92	-0,7	
26,925	-0,71	
26,93	-0,73	
26,935	-0,74	
26,94	-0,75	
26,945	-0,75	
26,95	-0,76	
26,955	-0,75	
26,96	-0,75	
26,965	-0,76	
26,97	-0,77	
26,975	-0,78	
26,98	-0,79	
26,985	-0,79	
26,99	-0,8	
26,995	-0,8	
27,0	-0,79	
27,005	-0,79	
27,01	-0,79	
27,015	-0,79	
27,02	-0,79	
27,025	-0,79	
27,03	-0,8	
27,035	-0,8	
27,04	-0,79	
27,045	-0,79	
27,05	-0,78	
27,055	-0,76	
27,06	-0,76	
27,065	-0,75	
27,07	-0,75	
27,075	-0,74	
27,08	-0,74	
27,085	-0,74	
27,09	-0,73	
27,095	-0,71	
27,1	-0,69	
27,105	-0,68	
27,11	-0,67	
27,115	-0,67	
27,12	-0,66	
27,125	-0,66	
27,13	-0,64	
27,135	-0,63	
27,14	-0,61	
27,145	-0,59	
27,15	-0,57	
27,155	-0,56	
27,16	-0,55	
27,165	-0,53	
27,17	-0,52	
27,175	-0,5	
27,18	-0,49	
27,185	-0,46	
27,19	-0,44	
27,195	-0,42	
27,2	-0,4	
27,205	-0,39	
27,21	-0,37	
27,215	-0,36	
27,22	-0,34	
27,225	-0,33	
27,23	-0,3	
27,235	-0,27	
27,24	-0,25	
27,245	-0,22	
27,25	-0,2	
27,255	-0,19	
27,26	-0,17	
27,265	-0,16	
27,27	-0,14	
27,275	-0,12	
27,28	-0,08	
27,285	-0,06	
27,29	-0,03	
27,295	-0,01	
27,3	0,01	
27,305	0,02	
27,31	0,04	
27,315	0,05	
27,32	0,07	
27,325	0,1	
27,33	0,13	
27,335	0,16	
27,34	0,18	
27,345	0,21	
27,35	0,22	
27,355	0,23	
27,36	0,24	
27,365	0,26	
27,37	0,28	
27,375	0,31	
27,38	0,33	
27,385	0,36	
27,39	0,39	
27,395	0,4	
27,4	0,42	
27,405	0,43	
27,41	0,44	
27,415	0,45	
27,42	0,47	
27,425	0,49	
27,43	0,51	
27,435	0,53	
27,44	0,56	
27,445	0,57	
27,45	0,58	
27,455	0,59	
27,46	0,59	
27,465	0,6	
27,47	0,62	
27,475	0,63	
27,48	0,66	
27,485	0,68	
27,49	0,69	
27,495	0,7	
27,5	0,7	
27,505	0,7	
27,51	0,7	
27,515	0,71	
27,52	0,72	
27,525	0,73	
27,53	0,75	
27,535	0,76	
27,54	0,77	
27,545	0,78	
27,55	0,77	
27,555	0,77	
27,56	0,77	
27,565	0,77	
27,57	0,77	
27,575	0,78	
27,58	0,79	
27,585	0,79	
27,59	0,8	
27,595	0,79	
27,6	0,79	
27,605	0,78	
27,61	0,77	
27,615	0,77	
27,62	0,77	
27,625	0,77	
27,63	0,77	
27,635	0,77	
27,64	0,76	
27,645	0,75	
27,65	0,74	
27,655	0,73	
27,66	0,72	
27,665	0,71	
27,67	0,71	
27,675	0,7	
27,68	0,69	
27,685	0,68	
27,69	0,67	
27,695	0,66	
27,7	0,65	
27,705	0,64	
27,71	0,62	
27,715	0,61	
27,72	0,59	
27,725	0,58	
27,73	0,57	
27,735	0,55	
27,74	0,53	
27,745	0,52	
27,75	0,5	
27,755	0,48	
27,76	0,47	
27,765	0,46	
27,77	0,44	
27,775	0,42	
27,78	0,4	
27,785	0,38	
27,79	0,36	
27,795	0,34	
27,8	0,32	
27,805	0,3	
27,81	0,29	
27,815	0,27	
27,82	0,25	
27,825	0,22	
27,83	0,2	
27,835	0,18	
27,84	0,16	
27,845	0,13	
27,85	0,11	
27,855	0,09	
27,86	0,08	
27,865	0,06	
27,87	0,04	
27,875	0,02	
27,88	0	
27,885	-0,02	
27,89	-0,05	
27,895	-0,07	
27,9	-0,1	
27,905	-0,11	
27,91	-0,13	
27,915	-0,15	
27,92	-0,17	
27,925	-0,18	
27,93	-0,21	
27,935	-0,23	
27,94	-0,26	
27,945	-0,28	
27,95	-0,31	
27,955	-0,32	
27,96	-0,34	
27,965	-0,36	
27,97	-0,37	
27,975	-0,38	
27,98	-0,4	
27,985	-0,42	
27,99	-0,45	
27,995	-0,47	
28,0	-0,49	
28,005	-0,51	
28,01	-0,52	
28,015	-0,52	
28,02	-0,53	
28,025	-0,54	
28,03	-0,56	
28,035	-0,58	
28,04	-0,6	
28,045	-0,62	
28,05	-0,64	
28,055	-0,65	
28,06	-0,66	
28,065	-0,66	
28,07	-0,66	
28,075	-0,67	
28,08	-0,68	
28,085	-0,69	
28,09	-0,71	
28,095	-0,73	
28,1	-0,74	
28,105	-0,74	
28,11	-0,74	
28,115	-0,73	
28,12	-0,73	
28,125	-0,74	
28,13	-0,75	
28,135	-0,76	
28,14	-0,77	
28,145	-0,78	
28,15	-0,78	
28,155	-0,78	
28,16	-0,77	
28,165	-0,77	
28,17	-0,76	
28,175	-0,76	
28,18	-0,77	
28,185	-0,77	
28,19	-0,77	
28,195	-0,77	
28,2	-0,76	
28,205	-0,75	
28,21	-0,74	
28,215	-0,74	
28,22	-0,73	
28,225	-0,73	
28,23	-0,73	
28,235	-0,72	
28,24	-0,72	
28,245	-0,71	
28,25	-0,7	
28,255	-0,68	
28,26	-0,67	
28,265	-0,66	
28,27	-0,65	
28,275	-0,64	
28,28	-0,63	
28,285	-0,62	
28,29	-0,61	
28,295	-0,59	
28,3	-0,57	
28,305	-0,56	
28,31	-0,54	
28,315	-0,53	
28,32	-0,52	
28,325	-0,5	
28,33	-0,49	
28,335	-0,47	
28,34	-0,45	
28,345	-0,43	
28,35	-0,41	
28,355	-0,39	
28,36	-0,38	
28,365	-0,36	
28,37	-0,34	
28,375	-0,33	
28,38	-0,31	
28,385	-0,29	
28,39	-0,27	
28,395	-0,25	
28,4	-0,22	
28,405	-0,2	
28,41	-0,18	
28,415	-0,16	
28,42	-0,14	
28,425	-0,13	
28,43	-0,11	
28,435	-0,09	
28,44	-0,07	
28,445	-0,04	
28,45	-0,02	
28,455	0,01	
28,46	0,04	
28,465	0,05	
28,47	0,06	
28,475	0,07	
28,48	0,09	
28,485	0,11	
28,49	0,13	
28,495	0,16	
28,5	0,19	
28,505	0,22	
28,51	0,24	
28,515	0,25	
28,52	0,26	
28,525	0,27	
28,53	0,29	
28,535	0,31	
28,54	0,34	
28,545	0,36	
28,55	0,4	
28,555	0,41	
28,56	0,43	
28,565	0,43	
28,57	0,44	
28,575	0,45	
28,58	0,46	
28,585	0,48	
28,59	0,5	
28,595	0,52	
28,6	0,55	
28,605	0,56	
28,61	0,57	
28,615	0,58	
28,62	0,59	
28,625	0,6	
28,63	0,61	
28,635	0,63	
28,64	0,64	
28,645	0,67	
28,65	0,68	
28,655	0,69	
28,66	0,69	
28,665	0,7	
28,67	0,7	
28,675	0,7	
28,68	0,7	
28,685	0,71	
28,69	0,73	
28,695	0,74	
28,7	0,75	
28,705	0,75	
28,71	0,75	
28,715	0,75	
28,72	0,75	
28,725	0,75	
28,73	0,75	
28,735	0,76	
28,74	0,77	
28,745	0,77	
28,75	0,77	
28,755	0,77	
28,76	0,76	
28,765	0,75	
28,77	0,75	
28,775	0,75	
28,78	0,74	
28,785	0,74	
28,79	0,74	
28,795	0,73	
28,8	0,73	
28,805	0,72	
28,81	0,71	
28,815	0,7	
28,82	0,69	
28,825	0,68	
28,83	0,67	
28,835	0,67	
28,84	0,66	
28,845	0,65	
28,85	0,64	
28,855	0,63	
28,86	0,61	
28,865	0,6	
28,87	0,58	
28,875	0,57	
28,88	0,56	
28,885	0,55	
28,89	0,53	
28,895	0,52	
28,9	0,5	
28,905	0,48	
28,91	0,46	
28,915	0,43	
28,92	0,42	
28,925	0,41	
28,93	0,39	
28,935	0,38	
28,94	0,36	
28,945	0,34	
28,95	0,32	
28,955	0,3	
28,96	0,27	
28,965	0,25	
28,97	0,24	
28,975	0,22	
28,98	0,21	
28,985	0,19	
28,99	0,18	
28,995	0,15	
29,0	0,13	
29,005	0,09	
29,01	0,07	
29,015	0,05	
29,02	0,03	
29,025	0,02	
29,03	0	
29,035	-0,01	
29,04	-0,03	
29,045	-0,05	
29,05	-0,07	
29,055	-0,1	
29,06	-0,13	
29,065	-0,15	
29,07	-0,16	
29,075	-0,18	
29,08	-0,2	
29,085	-0,21	
29,09	-0,23	
29,095	-0,25	
29,1	-0,29	
29,105	-0,31	
29,11	-0,33	
29,115	-0,35	
29,12	-0,36	
29,125	-0,37	
29,13	-0,38	
29,135	-0,39	
29,14	-0,41	
29,145	-0,44	
29,15	-0,46	
29,155	-0,48	
29,16	-0,5	
29,165	-0,51	
29,17	-0,53	
29,175	-0,53	
29,18	-0,54	
29,185	-0,55	
29,19	-0,57	
29,195	-0,59	
29,2	-0,6	
29,205	-0,62	
29,21	-0,63	
29,215	-0,64	
29,22	-0,65	
29,225	-0,66	
29,23	-0,66	
29,235	-0,67	
29,24	-0,68	
29,245	-0,69	
29,25	-0,7	
29,255	-0,71	
29,26	-0,72	
29,265	-0,72	
29,27	-0,72	
29,275	-0,72	
29,28	-0,73	
29,285	-0,73	
29,29	-0,74	
29,295	-0,74	
29,3	-0,75	
29,305	-0,75	
29,31	-0,75	
29,315	-0,75	
29,32	-0,75	
29,325	-0,74	
29,33	-0,74	
29,335	-0,74	
29,34	-0,74	
29,345	-0,74	
29,35	-0,74	
29,355	-0,73	
29,36	-0,73	
29,365	-0,72	
29,37	-0,71	
29,375	-0,7	
29,38	-0,7	
29,385	-0,7	
29,39	-0,7	
29,395	-0,69	
29,4	-0,68	
29,405	-0,67	
29,41	-0,65	
29,415	-0,63	
29,42	-0,62	
29,425	-0,61	
29,43	-0,61	
29,435	-0,6	
29,44	-0,59	
29,445	-0,58	
29,45	-0,57	
29,455	-0,55	
29,46	-0,52	
29,465	-0,5	
29,47	-0,49	
29,475	-0,48	
29,48	-0,47	
29,485	-0,46	
29,49	-0,45	
29,495	-0,43	
29,5	-0,41	
29,505	-0,39	
29,51	-0,36	
29,515	-0,34	
29,52	-0,32	
29,525	-0,31	
29,53	-0,3	
29,535	-0,28	
29,54	-0,27	
29,545	-0,25	
29,55	-0,23	
29,555	-0,19	
29,56	-0,17	
29,565	-0,15	
29,57	-0,13	
29,575	-0,12	
29,58	-0,1	
29,585	-0,09	
29,59	-0,07	
29,595	-0,05	
29,6	-0,02	
29,605	0,01	
29,61	0,03	
29,615	0,05	
29,62	0,06	
29,625	0,08	
29,63	0,09	
29,635	0,11	
29,64	0,12	
29,645	0,16	
29,65	0,18	
29,655	0,2	
29,66	0,23	
29,665	0,25	
29,67	0,26	
29,675	0,28	
29,68	0,29	
29,685	0,3	
29,69	0,33	
29,695	0,34	
29,7	0,37	
29,705	0,39	
29,71	0,41	
29,715	0,43	
29,72	0,44	
29,725	0,45	
29,73	0,46	
29,735	0,48	
29,74	0,49	
29,745	0,5	
29,75	0,52	
29,755	0,54	
29,76	0,56	
29,765	0,57	
29,77	0,59	
29,775	0,59	
29,78	0,6	
29,785	0,61	
29,79	0,62	
29,795	0,63	
29,8	0,65	
29,805	0,66	
29,81	0,67	
29,815	0,68	
29,82	0,69	
29,825	0,7	
29,83	0,7	
29,835	0,7	
29,84	0,71	
29,845	0,71	
29,85	0,72	
29,855	0,73	
29,86	0,73	
29,865	0,73	
29,87	0,73	
29,875	0,73	
29,88	0,73	
29,885	0,73	
29,89	0,73	
29,895	0,73	
29,9	0,74	
29,905	0,74	
29,91	0,74	
29,915	0,73	
29,92	0,73	
29,925	0,72	
29,93	0,72	
29,935	0,71	
29,94	0,71	
29,945	0,71	
29,95	0,7	
29,955	0,7	
29,96	0,69	
29,965	0,68	
29,97	0,67	
29,975	0,66	
29,98	0,65	
29,985	0,64	
29,99	0,64	
29,995	0,63	
30,0	0,62	
30,005	0,61	
30,01	0,59	
30,015	0,57	
30,02	0,56	
30,025	0,55	
30,03	0,53	
30,035	0,52	
30,04	0,51	
30,045	0,5	
30,05	0,48	
30,055	0,46	
30,06	0,44	
30,065	0,42	
30,07	0,4	
30,075	0,39	
30,08	0,37	
30,085	0,36	
30,09	0,35	
30,095	0,34	
30,1	0,31	
30,105	0,29	
30,11	0,27	
30,115	0,24	
30,12	0,22	
30,125	0,21	
30,13	0,19	
30,135	0,18	
30,14	0,17	
30,145	0,14	
30,15	0,12	
30,155	0,1	
30,16	0,07	
30,165	0,05	
30,17	0,03	
30,175	0,01	
30,18	-0,01	
30,185	-0,02	
30,19	-0,04	
30,195	-0,06	
30,2	-0,08	
30,205	-0,1	
30,21	-0,13	
30,215	-0,15	
30,22	-0,17	
30,225	-0,19	
30,23	-0,21	
30,235	-0,23	
30,24	-0,24	
30,245	-0,26	
30,25	-0,27	
30,255	-0,3	
30,26	-0,32	
30,265	-0,34	
30,27	-0,36	
30,275	-0,38	
30,28	-0,4	
30,285	-0,41	
30,29	-0,42	
30,295	-0,43	
30,3	-0,45	
30,305	-0,47	
30,31	-0,49	
30,315	-0,5	
30,32	-0,52	
30,325	-0,53	
30,33	-0,54	
30,335	-0,56	
30,34	-0,57	
30,345	-0,58	
30,35	-0,59	
30,355	-0,61	
30,36	-0,62	
30,365	-0,63	
30,37	-0,65	
30,375	-0,65	
30,38	-0,66	
30,385	-0,66	
30,39	-0,67	
30,395	-0,68	
30,4	-0,68	
30,405	-0,69	
30,41	-0,7	
30,415	-0,71	
30,42	-0,71	
30,425	-0,72	
30,43	-0,72	
30,435	-0,72	
30,44	-0,72	
30,445	-0,73	
30,45	-0,73	
30,455	-0,73	
30,46	-0,73	
30,465	-0,73	
30,47	-0,73	
30,475	-0,73	
30,48	-0,73	
30,485	-0,73	
30,49	-0,73	
30,495	-0,73	
30,5	-0,72	
30,505	-0,72	
30,51	-0,71	
30,515	-0,7	
30,52	-0,7	
30,525	-0,69	
30,53	-0,68	
30,535	-0,68	
30,54	-0,67	
30,545	-0,67	
30,55	-0,66	
30,555	-0,65	
30,56	-0,63	
30,565	-0,62	
30,57	-0,61	
30,575	-0,6	
30,58	-0,58	
30,585	-0,58	
30,59	-0,57	
30,595	-0,56	
30,6	-0,55	
30,605	-0,53	
30,61	-0,52	
30,615	-0,5	
30,62	-0,48	
30,625	-0,46	
30,63	-0,45	
30,635	-0,44	
30,64	-0,43	
30,645	-0,41	
30,65	-0,39	
30,655	-0,38	
30,66	-0,36	
30,665	-0,34	
30,67	-0,32	
30,675	-0,3	
30,68	-0,28	
30,685	-0,26	
30,69	-0,24	
30,695	-0,22	
30,7	-0,21	
30,705	-0,19	
30,71	-0,17	
30,715	-0,15	
30,72	-0,13	
30,725	-0,1	
30,73	-0,09	
30,735	-0,06	
30,74	-0,04	
30,745	-0,03	
30,75	-0,01	
30,755	0,01	
30,76	0,03	
30,765	0,05	
30,77	0,07	
30,775	0,09	
30,78	0,12	
30,785	0,14	
30,79	0,15	
30,795	0,17	
30,8	0,19	
30,805	0,21	
30,81	0,23	
30,815	0,25	
30,82	0,27	
30,825	0,29	
30,83	0,31	
30,835	0,32	
30,84	0,34	
30,845	0,35	
30,85	0,37	
30,855	0,38	
30,86	0,4	
30,865	0,42	
30,87	0,44	
30,875	0,46	
30,88	0,48	
30,885	0,49	
30,89	0,5	
30,895	0,51	
30,9	0,52	
30,905	0,53	
30,91	0,55	
30,915	0,56	
30,92	0,59	
30,925	0,6	
30,93	0,61	
30,935	0,62	
30,94	0,63	
30,945	0,64	
30,95	0,64	
30,955	0,65	
30,96	0,66	
30,965	0,68	
30,97	0,69	
30,975	0,69	
30,98	0,7	
30,985	0,7	
30,99	0,71	
30,995	0,71	
31,0	0,71	
31,005	0,72	
31,01	0,73	
31,015	0,73	
31,02	0,74	
31,025	0,74	
31,03	0,74	
31,035	0,73	
31,04	0,73	
31,045	0,73	
31,05	0,73	
31,055	0,73	
31,06	0,73	
31,065	0,73	
31,07	0,73	
31,075	0,72	
31,08	0,71	
31,085	0,71	
31,09	0,7	
31,095	0,7	
31,1	0,69	
31,105	0,69	
31,11	0,68	
31,115	0,67	
31,12	0,67	
31,125	0,66	
31,13	0,64	
31,135	0,63	
31,14	0,62	
31,145	0,61	
31,15	0,6	
31,155	0,6	
31,16	0,58	
31,165	0,57	
31,17	0,56	
31,175	0,54	
31,18	0,52	
31,185	0,51	
31,19	0,49	
31,195	0,48	
31,2	0,46	
31,205	0,45	
31,21	0,44	
31,215	0,42	
31,22	0,4	
31,225	0,38	
31,23	0,36	
31,235	0,34	
31,24	0,32	
31,245	0,31	
31,25	0,3	
31,255	0,28	
31,26	0,26	
31,265	0,24	
31,27	0,22	
31,275	0,2	
31,28	0,17	
31,285	0,15	
31,29	0,14	
31,295	0,12	
31,3	0,1	
31,305	0,09	
31,31	0,07	
31,315	0,05	
31,32	0,02	
31,325	0	
31,33	-0,03	
31,335	-0,05	
31,34	-0,06	
31,345	-0,08	
31,35	-0,1	
31,355	-0,11	
31,36	-0,13	
31,365	-0,15	
31,37	-0,18	
31,375	-0,21	
31,38	-0,23	
31,385	-0,24	
31,39	-0,26	
31,395	-0,27	
31,4	-0,29	
31,405	-0,31	
31,41	-0,33	
31,415	-0,34	
31,42	-0,37	
31,425	-0,39	
31,43	-0,41	
31,435	-0,42	
31,44	-0,43	
31,445	-0,45	
31,45	-0,46	
31,455	-0,47	
31,46	-0,49	
31,465	-0,52	
31,47	-0,53	
31,475	-0,55	
31,48	-0,56	
31,485	-0,57	
31,49	-0,58	
31,495	-0,59	
31,5	-0,6	
31,505	-0,61	
31,51	-0,63	
31,515	-0,64	
31,52	-0,65	
31,525	-0,66	
31,53	-0,67	
31,535	-0,67	
31,54	-0,68	
31,545	-0,69	
31,55	-0,69	
31,555	-0,7	
31,56	-0,71	
31,565	-0,71	
31,57	-0,72	
31,575	-0,72	
31,58	-0,73	
31,585	-0,73	
31,59	-0,73	
31,595	-0,73	
31,6	-0,74	
31,605	-0,74	
31,61	-0,74	
31,615	-0,74	
31,62	-0,74	
31,625	-0,74	
31,63	-0,74	
31,635	-0,74	
31,64	-0,73	
31,645	-0,73	
31,65	-0,72	
31,655	-0,72	
31,66	-0,71	
31,665	-0,71	
31,67	-0,7	
31,675	-0,7	
31,68	-0,69	
31,685	-0,68	
31,69	-0,67	
31,695	-0,66	
31,7	-0,66	
31,705	-0,65	
31,71	-0,64	
31,715	-0,63	
31,72	-0,62	
31,725	-0,6	
31,73	-0,59	
31,735	-0,58	
31,74	-0,56	
31,745	-0,55	
31,75	-0,54	
31,755	-0,52	
31,76	-0,51	
31,765	-0,49	
31,77	-0,48	
31,775	-0,47	
31,78	-0,45	
31,785	-0,43	
31,79	-0,41	
31,795	-0,4	
31,8	-0,38	
31,805	-0,36	
31,81	-0,35	
31,815	-0,33	
31,82	-0,32	
31,825	-0,3	
31,83	-0,27	
31,835	-0,25	
31,84	-0,23	
31,845	-0,21	
31,85	-0,2	
31,855	-0,18	
31,86	-0,16	
31,865	-0,15	
31,87	-0,12	
31,875	-0,09	
31,88	-0,07	
31,885	-0,05	
31,89	-0,04	
31,895	-0,02	
31,9	0	
31,905	0,02	
31,91	0,04	
31,915	0,05	
31,92	0,08	
31,925	0,11	
31,93	0,13	
31,935	0,15	
31,94	0,17	
31,945	0,19	
31,95	0,2	
31,955	0,22	
31,96	0,23	
31,965	0,26	
31,97	0,28	
31,975	0,3	
31,98	0,32	
31,985	0,34	
31,99	0,35	
31,995	0,37	
32,0	0,38	
32,005	0,39	
32,01	0,42	
32,015	0,43	
32,02	0,45	
32,025	0,48	
32,03	0,49	
32,035	0,51	
32,04	0,52	
32,045	0,53	
32,05	0,54	
32,055	0,56	
32,06	0,57	
32,065	0,58	
32,07	0,6	
32,075	0,62	
32,08	0,63	
32,085	0,64	
32,09	0,64	
32,095	0,65	
32,1	0,66	
32,105	0,67	
32,11	0,68	
32,115	0,69	
32,12	0,7	
32,125	0,71	
32,13	0,71	
32,135	0,72	
32,14	0,72	
32,145	0,72	
32,15	0,72	
32,155	0,73	
32,16	0,74	
32,165	0,74	
32,17	0,75	
32,175	0,75	
32,18	0,75	
32,185	0,75	
32,19	0,74	
32,195	0,74	
32,2	0,74	
32,205	0,74	
32,21	0,74	
32,215	0,74	
32,22	0,74	
32,225	0,74	
32,23	0,73	
32,235	0,72	
32,24	0,71	
32,245	0,71	
32,25	0,7	
32,255	0,69	
32,26	0,69	
32,265	0,68	
32,27	0,67	
32,275	0,66	
32,28	0,65	
32,285	0,64	
32,29	0,63	
32,295	0,62	
32,3	0,61	
32,305	0,6	
32,31	0,59	
32,315	0,57	
32,32	0,56	
32,325	0,55	
32,33	0,53	
32,335	0,52	
32,34	0,5	
32,345	0,49	
32,35	0,47	
32,355	0,46	
32,36	0,44	
32,365	0,43	
32,37	0,41	
32,375	0,39	
32,38	0,37	
32,385	0,35	
32,39	0,33	
32,395	0,31	
32,4	0,3	
32,405	0,28	
32,41	0,26	
32,415	0,24	
32,42	0,21	
32,425	0,19	
32,43	0,17	
32,435	0,15	
32,44	0,14	
32,445	0,12	
32,45	0,1	
32,455	0,08	
32,46	0,06	
32,465	0,03	
32,47	0,01	
32,475	-0,01	
32,48	-0,03	
32,485	-0,05	
32,49	-0,07	
32,495	-0,08	
32,5	-0,1	
32,505	-0,12	
32,51	-0,15	
32,515	-0,17	
32,52	-0,19	
32,525	-0,21	
32,53	-0,23	
32,535	-0,25	
32,54	-0,26	
32,545	-0,28	
32,55	-0,3	
32,555	-0,32	
32,56	-0,34	
32,565	-0,36	
32,57	-0,37	
32,575	-0,39	
32,58	-0,41	
32,585	-0,43	
32,59	-0,45	
32,595	-0,46	
32,6	-0,48	
32,605	-0,5	
32,61	-0,51	
32,615	-0,53	
32,62	-0,54	
32,625	-0,56	
32,63	-0,57	
32,635	-0,58	
32,64	-0,59	
32,645	-0,61	
32,65	-0,62	
32,655	-0,63	
32,66	-0,64	
32,665	-0,65	
32,67	-0,66	
32,675	-0,67	
32,68	-0,68	
32,685	-0,69	
32,69	-0,7	
32,695	-0,71	
32,7	-0,71	
32,705	-0,72	
32,71	-0,72	
32,715	-0,73	
32,72	-0,74	
32,725	-0,74	
32,73	-0,74	
32,735	-0,75	
32,74	-0,75	
32,745	-0,76	
32,75	-0,75	
32,755	-0,76	
32,76	-0,76	
32,765	-0,76	
32,77	-0,76	
32,775	-0,76	
32,78	-0,76	
32,785	-0,75	
32,79	-0,75	
32,795	-0,74	
32,8	-0,74	
32,805	-0,73	
32,81	-0,73	
32,815	-0,72	
32,82	-0,72	
32,825	-0,72	
32,83	-0,7	
32,835	-0,7	
32,84	-0,69	
32,845	-0,68	
32,85	-0,67	
32,855	-0,66	
32,86	-0,66	
32,865	-0,65	
32,87	-0,64	
32,875	-0,62	
32,88	-0,61	
32,885	-0,6	
32,89	-0,59	
32,895	-0,57	
32,9	-0,55	
32,905	-0,54	
32,91	-0,53	
32,915	-0,51	
32,92	-0,5	
32,925	-0,48	
32,93	-0,46	
32,935	-0,45	
32,94	-0,43	
32,945	-0,41	
32,95	-0,39	
32,955	-0,38	
32,96	-0,37	
32,965	-0,34	
32,97	-0,33	
32,975	-0,31	
32,98	-0,29	
32,985	-0,26	
32,99	-0,24	
32,995	-0,22	
33,0	-0,21	
33,005	-0,19	
33,01	-0,17	
33,015	-0,15	
33,02	-0,13	
33,025	-0,11	
33,03	-0,09	
33,035	-0,06	
33,04	-0,04	
33,045	-0,02	
33,05	0	
33,055	0,02	
33,06	0,04	
33,065	0,06	
33,07	0,08	
33,075	0,1	
33,08	0,12	
33,085	0,14	
33,09	0,16	
33,095	0,18	
33,1	0,2	
33,105	0,23	
33,11	0,24	
33,115	0,26	
33,12	0,28	
33,125	0,3	
33,13	0,32	
33,135	0,34	
33,14	0,36	
33,145	0,38	
33,15	0,4	
33,155	0,41	
33,16	0,43	
33,165	0,44	
33,17	0,46	
33,175	0,48	
33,18	0,49	
33,185	0,51	
33,19	0,53	
33,195	0,54	
33,2	0,56	
33,205	0,57	
33,21	0,57	
33,215	0,59	
33,22	0,6	
33,225	0,62	
33,23	0,63	
33,235	0,65	
33,24	0,66	
33,245	0,67	
33,25	0,67	
33,255	0,68	
33,26	0,69	
33,265	0,7	
33,27	0,71	
33,275	0,72	
33,28	0,72	
33,285	0,73	
33,29	0,74	
33,295	0,74	
33,3	0,75	
33,305	0,75	
33,31	0,75	
33,315	0,76	
33,32	0,76	
33,325	0,76	
33,33	0,77	
33,335	0,77	
33,34	0,77	
33,345	0,77	
33,35	0,76	
33,355	0,76	
33,36	0,76	
33,365	0,76	
33,37	0,76	
33,375	0,75	
33,38	0,75	
33,385	0,74	
33,39	0,74	
33,395	0,73	
33,4	0,73	
33,405	0,72	
33,41	0,71	
33,415	0,7	
33,42	0,69	
33,425	0,68	
33,43	0,67	
33,435	0,67	
33,44	0,65	
33,445	0,64	
33,45	0,63	
33,455	0,62	
33,46	0,61	
33,465	0,6	
33,47	0,58	
33,475	0,57	
33,48	0,56	
33,485	0,54	
33,49	0,52	
33,495	0,51	
33,5	0,49	
33,505	0,48	
33,51	0,45	
33,515	0,44	
33,52	0,42	
33,525	0,41	
33,53	0,39	
33,535	0,38	
33,54	0,36	
33,545	0,34	
33,55	0,32	
33,555	0,3	
33,56	0,27	
33,565	0,25	
33,57	0,23	
33,575	0,22	
33,58	0,2	
33,585	0,18	
33,59	0,16	
33,595	0,14	
33,6	0,12	
33,605	0,09	
33,61	0,07	
33,615	0,05	
33,62	0,03	
33,625	0,02	
33,63	-0,01	
33,635	-0,03	
33,64	-0,05	
33,645	-0,07	
33,65	-0,1	
33,655	-0,12	
33,66	-0,14	
33,665	-0,16	
33,67	-0,17	
33,675	-0,19	
33,68	-0,21	
33,685	-0,23	
33,69	-0,25	
33,695	-0,28	
33,7	-0,3	
33,705	-0,31	
33,71	-0,33	
33,715	-0,35	
33,72	-0,36	
33,725	-0,38	
33,73	-0,4	
33,735	-0,42	
33,74	-0,44	
33,745	-0,46	
33,75	-0,48	
33,755	-0,5	
33,76	-0,51	
33,765	-0,52	
33,77	-0,53	
33,775	-0,55	
33,78	-0,56	
33,785	-0,59	
33,79	-0,6	
33,795	-0,62	
33,8	-0,63	
33,805	-0,64	
33,81	-0,64	
33,815	-0,65	
33,82	-0,66	
33,825	-0,67	
33,83	-0,69	
33,835	-0,7	
33,84	-0,71	
33,845	-0,72	
33,85	-0,72	
33,855	-0,73	
33,86	-0,73	
33,865	-0,74	
33,87	-0,74	
33,875	-0,75	
33,88	-0,75	
33,885	-0,76	
33,89	-0,77	
33,895	-0,77	
33,9	-0,77	
33,905	-0,77	
33,91	-0,77	
33,915	-0,77	
33,92	-0,77	
33,925	-0,77	
33,93	-0,77	
33,935	-0,77	
33,94	-0,77	
33,945	-0,77	
33,95	-0,76	
33,955	-0,75	
33,96	-0,75	
33,965	-0,74	
33,97	-0,74	
33,975	-0,73	
33,98	-0,73	
33,985	-0,72	
33,99	-0,71	
33,995	-0,7	
34,0	-0,7	
34,005	-0,68	
34,01	-0,67	
34,015	-0,66	
34,02	-0,65	
34,025	-0,64	
34,03	-0,64	
34,035	-0,62	
34,04	-0,61	
34,045	-0,59	
34,05	-0,58	
34,055	-0,56	
34,06	-0,54	
34,065	-0,53	
34,07	-0,52	
34,075	-0,51	
34,08	-0,49	
34,085	-0,48	
34,09	-0,46	
34,095	-0,44	
34,1	-0,42	
34,105	-0,39	
34,11	-0,38	
34,115	-0,36	
34,12	-0,35	
34,125	-0,33	
34,13	-0,32	
34,135	-0,29	
34,14	-0,28	
34,145	-0,26	
34,15	-0,23	
34,155	-0,21	
34,16	-0,19	
34,165	-0,18	
34,17	-0,16	
34,175	-0,14	
34,18	-0,12	
34,185	-0,1	
34,19	-0,08	
34,195	-0,04	
34,2	-0,02	
34,205	0	
34,21	0,02	
34,215	0,04	
34,22	0,06	
34,225	0,08	
34,23	0,09	
34,235	0,11	
34,24	0,14	
34,245	0,16	
34,25	0,18	
34,255	0,2	
34,26	0,22	
34,265	0,24	
34,27	0,26	
34,275	0,28	
34,28	0,3	
34,285	0,33	
34,29	0,34	
34,295	0,36	
34,3	0,38	
34,305	0,39	
34,31	0,41	
34,315	0,43	
34,32	0,45	
34,325	0,46	
34,33	0,49	
34,335	0,5	
34,34	0,52	
34,345	0,53	
34,35	0,54	
34,355	0,56	
34,36	0,57	
34,365	0,58	
34,37	0,6	
34,375	0,62	
34,38	0,63	
34,385	0,64	
34,39	0,65	
34,395	0,66	
34,4	0,67	
34,405	0,68	
34,41	0,69	
34,415	0,7	
34,42	0,72	
34,425	0,72	
34,43	0,73	
34,435	0,74	
34,44	0,74	
34,445	0,75	
34,45	0,75	
34,455	0,75	
34,46	0,76	
34,465	0,76	
34,47	0,76	
34,475	0,77	
34,48	0,77	
34,485	0,77	
34,49	0,78	
34,495	0,78	
34,5	0,78	
34,505	0,78	
34,51	0,77	
34,515	0,77	
34,52	0,76	
34,525	0,76	
34,53	0,76	
34,535	0,76	
34,54	0,76	
34,545	0,75	
34,55	0,74	
34,555	0,73	
34,56	0,72	
34,565	0,72	
34,57	0,71	
34,575	0,7	
34,58	0,7	
34,585	0,69	
34,59	0,68	
34,595	0,67	
34,6	0,66	
34,605	0,64	
34,61	0,63	
34,615	0,61	
34,62	0,6	
34,625	0,59	
34,63	0,58	
34,635	0,57	
34,64	0,56	
34,645	0,55	
34,65	0,52	
34,655	0,5	
34,66	0,49	
34,665	0,47	
34,67	0,45	
34,675	0,44	
34,68	0,42	
34,685	0,41	
34,69	0,39	
34,695	0,36	
34,7	0,35	
34,705	0,32	
34,71	0,3	
34,715	0,28	
34,72	0,26	
34,725	0,25	
34,73	0,23	
34,735	0,21	
34,74	0,19	
34,745	0,17	
34,75	0,15	
34,755	0,12	
34,76	0,1	
34,765	0,08	
34,77	0,06	
34,775	0,04	
34,78	0,02	
34,785	-0,01	
34,79	-0,02	
34,795	-0,04	
34,8	-0,07	
34,805	-0,08	
34,81	-0,11	
34,815	-0,13	
34,82	-0,14	
34,825	-0,16	
34,83	-0,19	
34,835	-0,21	
34,84	-0,23	
34,845	-0,25	
34,85	-0,27	
34,855	-0,29	
34,86	-0,31	
34,865	-0,32	
34,87	-0,34	
34,875	-0,37	
34,88	-0,38	
34,885	-0,4	
34,89	-0,42	
34,895	-0,44	
34,9	-0,46	
34,905	-0,47	
34,91	-0,48	
34,915	-0,5	
34,92	-0,51	
34,925	-0,53	
34,93	-0,55	
34,935	-0,56	
34,94	-0,58	
34,945	-0,6	
34,95	-0,61	
34,955	-0,62	
34,96	-0,63	
34,965	-0,64	
34,97	-0,65	
34,975	-0,66	
34,98	-0,68	
34,985	-0,68	
34,99	-0,7	
34,995	-0,7	
35,0	-0,72	
35,005	-0,72	
35,01	-0,73	
35,015	-0,74	
35,02	-0,74	
35,025	-0,74	
35,03	-0,75	
35,035	-0,75	
35,04	-0,76	
35,045	-0,77	
35,05	-0,77	
35,055	-0,77	
35,06	-0,77	
35,065	-0,77	
35,07	-0,77	
35,075	-0,77	
35,08	-0,77	
35,085	-0,77	
35,09	-0,77	
35,095	-0,77	
35,1	-0,77	
35,105	-0,77	
35,11	-0,76	
35,115	-0,75	
35,12	-0,75	
35,125	-0,74	
35,13	-0,74	
35,135	-0,74	
35,14	-0,73	
35,145	-0,72	
35,15	-0,71	
35,155	-0,69	
35,16	-0,68	
35,165	-0,67	
35,17	-0,66	
35,175	-0,66	
35,18	-0,65	
35,185	-0,64	
35,19	-0,63	
35,195	-0,62	
35,2	-0,6	
35,205	-0,59	
35,21	-0,57	
35,215	-0,55	
35,22	-0,54	
35,225	-0,52	
35,23	-0,51	
35,235	-0,5	
35,24	-0,48	
35,245	-0,47	
35,25	-0,45	
35,255	-0,43	
35,26	-0,41	
35,265	-0,39	
35,27	-0,37	
35,275	-0,35	
35,28	-0,34	
35,285	-0,31	
35,29	-0,3	
35,295	-0,28	
35,3	-0,26	
35,305	-0,24	
35,31	-0,22	
35,315	-0,2	
35,32	-0,18	
35,325	-0,16	
35,33	-0,13	
35,335	-0,12	
35,34	-0,1	
35,345	-0,08	
35,35	-0,06	
35,355	-0,04	
35,36	-0,02	
35,365	0,01	
35,37	0,03	
35,375	0,04	
35,38	0,07	
35,385	0,09	
35,39	0,11	
35,395	0,13	
35,4	0,15	
35,405	0,17	
35,41	0,19	
35,415	0,21	
35,42	0,23	
35,425	0,25	
35,43	0,27	
35,435	0,29	
35,44	0,31	
35,445	0,32	
35,45	0,34	
35,455	0,36	
35,46	0,38	
35,465	0,4	
35,47	0,42	
35,475	0,44	
35,48	0,45	
35,485	0,47	
35,49	0,48	
35,495	0,5	
35,5	0,51	
35,505	0,53	
35,51	0,54	
35,515	0,57	
35,52	0,58	
35,525	0,59	
35,53	0,6	
35,535	0,61	
35,54	0,62	
35,545	0,63	
35,55	0,64	
35,555	0,66	
35,56	0,67	
35,565	0,68	
35,57	0,69	
35,575	0,7	
35,58	0,71	
35,585	0,72	
35,59	0,72	
35,595	0,73	
35,6	0,74	
35,605	0,75	
35,61	0,75	
35,615	0,75	
35,62	0,76	
35,625	0,76	
35,63	0,76	
35,635	0,76	
35,64	0,77	
35,645	0,77	
35,65	0,77	
35,655	0,77	
35,66	0,77	
35,665	0,77	
35,67	0,76	
35,675	0,76	
35,68	0,76	
35,685	0,76	
35,69	0,75	
35,695	0,75	
35,7	0,75	
35,705	0,74	
35,71	0,73	
35,715	0,72	
35,72	0,71	
35,725	0,71	
35,73	0,7	
35,735	0,69	
35,74	0,68	
35,745	0,67	
35,75	0,66	
35,755	0,65	
35,76	0,64	
35,765	0,63	
35,77	0,61	
35,775	0,6	
35,78	0,59	
35,785	0,57	
35,79	0,56	
35,795	0,55	
35,8	0,53	
35,805	0,52	
35,81	0,5	
35,815	0,49	
35,82	0,47	
35,825	0,46	
35,83	0,44	
35,835	0,42	
35,84	0,4	
35,845	0,39	
35,85	0,37	
35,855	0,35	
35,86	0,33	
35,865	0,32	
35,87	0,3	
35,875	0,27	
35,88	0,25	
35,885	0,23	
35,89	0,21	
35,895	0,19	
35,9	0,18	
35,905	0,16	
35,91	0,14	
35,915	0,12	
35,92	0,1	
35,925	0,06	
35,93	0,05	
35,935	0,03	
35,94	0,01	
35,945	-0,01	
35,95	-0,03	
35,955	-0,05	
35,96	-0,07	
35,965	-0,09	
35,97	-0,12	
35,975	-0,14	
35,98	-0,16	
35,985	-0,18	
35,99	-0,2	
35,995	-0,22	
36,0	-0,24	
36,005	-0,26	
36,01	-0,27	
36,015	-0,3	
36,02	-0,32	
36,025	-0,33	
36,03	-0,35	
36,035	-0,37	
36,04	-0,39	
36,045	-0,4	
36,05	-0,42	
36,055	-0,44	
36,06	-0,46	
36,065	-0,47	
36,07	-0,49	
36,075	-0,5	
36,08	-0,52	
36,085	-0,53	
36,09	-0,55	
36,095	-0,56	
36,1	-0,57	
36,105	-0,6	
36,11	-0,61	
36,115	-0,62	
36,12	-0,63	
36,125	-0,64	
36,13	-0,65	
36,135	-0,66	
36,14	-0,67	
36,145	-0,68	
36,15	-0,69	
36,155	-0,7	
36,16	-0,71	
36,165	-0,72	
36,17	-0,72	
36,175	-0,72	
36,18	-0,73	
36,185	-0,73	
36,19	-0,74	
36,195	-0,75	
36,2	-0,75	
36,205	-0,75	
36,21	-0,75	
36,215	-0,75	
36,22	-0,76	
36,225	-0,75	
36,23	-0,76	
36,235	-0,76	
36,24	-0,76	
36,245	-0,75	
36,25	-0,76	
36,255	-0,75	
36,26	-0,75	
36,265	-0,74	
36,27	-0,74	
36,275	-0,73	
36,28	-0,73	
36,285	-0,72	
36,29	-0,71	
36,295	-0,71	
36,3	-0,71	
36,305	-0,7	
36,31	-0,69	
36,315	-0,68	
36,32	-0,67	
36,325	-0,66	
36,33	-0,65	
36,335	-0,63	
36,34	-0,62	
36,345	-0,61	
36,35	-0,6	
36,355	-0,59	
36,36	-0,58	
36,365	-0,56	
36,37	-0,55	
36,375	-0,54	
36,38	-0,51	
36,385	-0,5	
36,39	-0,49	
36,395	-0,48	
36,4	-0,46	
36,405	-0,44	
36,41	-0,43	
36,415	-0,41	
36,42	-0,39	
36,425	-0,36	
36,43	-0,35	
36,435	-0,33	
36,44	-0,31	
36,445	-0,3	
36,45	-0,28	
36,455	-0,26	
36,46	-0,24	
36,465	-0,22	
36,47	-0,2	
36,475	-0,18	
36,48	-0,16	
36,485	-0,14	
36,49	-0,12	
36,495	-0,11	
36,5	-0,08	
36,505	-0,06	
36,51	-0,04	
36,515	-0,01	
36,52	0,01	
36,525	0,03	
36,53	0,04	
36,535	0,06	
36,54	0,08	
36,545	0,1	
36,55	0,12	
36,555	0,14	
36,56	0,17	
36,565	0,19	
36,57	0,21	
36,575	0,23	
36,58	0,25	
36,585	0,26	
36,59	0,28	
36,595	0,29	
36,6	0,31	
36,605	0,34	
36,61	0,36	
36,615	0,37	
36,62	0,39	
36,625	0,4	
36,63	0,42	
36,635	0,43	
36,64	0,45	
36,645	0,47	
36,65	0,49	
36,655	0,51	
36,66	0,52	
36,665	0,53	
36,67	0,54	
36,675	0,56	
36,68	0,57	
36,685	0,58	
36,69	0,59	
36,695	0,61	
36,7	0,62	
36,705	0,64	
36,71	0,65	
36,715	0,66	
36,72	0,67	
36,725	0,68	
36,73	0,68	
36,735	0,69	
36,74	0,69	
36,745	0,7	
36,75	0,71	
36,755	0,72	
36,76	0,72	
36,765	0,72	
36,77	0,73	
36,775	0,73	
36,78	0,73	
36,785	0,74	
36,79	0,74	
36,795	0,75	
36,8	0,75	
36,805	0,74	
36,81	0,74	
36,815	0,74	
36,82	0,74	
36,825	0,74	
36,83	0,74	
36,835	0,74	
36,84	0,73	
36,845	0,73	
36,85	0,73	
36,855	0,72	
36,86	0,72	
36,865	0,71	
36,87	0,7	
36,875	0,69	
36,88	0,68	
36,885	0,67	
36,89	0,67	
36,895	0,66	
36,9	0,65	
36,905	0,64	
36,91	0,63	
36,915	0,62	
36,92	0,61	
36,925	0,59	
36,93	0,58	
36,935	0,56	
36,94	0,55	
36,945	0,54	
36,95	0,53	
36,955	0,52	
36,96	0,5	
36,965	0,49	
36,97	0,47	
36,975	0,45	
36,98	0,43	
36,985	0,42	
36,99	0,4	
36,995	0,39	
37,0	0,37	
37,005	0,36	
37,01	0,34	
37,015	0,31	
37,02	0,29	
37,025	0,27	
37,03	0,25	
37,035	0,23	
37,04	0,22	
37,045	0,2	
37,05	0,18	
37,055	0,17	
37,06	0,14	
37,065	0,12	
37,07	0,1	
37,075	0,08	
37,08	0,06	
37,085	0,04	
37,09	0,02	
37,095	0	
37,1	-0,02	
37,105	-0,04	
37,11	-0,06	
37,115	-0,08	
37,12	-0,1	
37,125	-0,12	
37,13	-0,14	
37,135	-0,16	
37,14	-0,18	
37,145	-0,19	
37,15	-0,22	
37,155	-0,24	
37,16	-0,26	
37,165	-0,28	
37,17	-0,3	
37,175	-0,31	
37,18	-0,33	
37,185	-0,35	
37,19	-0,36	
37,195	-0,38	
37,2	-0,4	
37,205	-0,42	
37,21	-0,43	
37,215	-0,45	
37,22	-0,46	
37,225	-0,48	
37,23	-0,49	
37,235	-0,51	
37,24	-0,52	
37,245	-0,53	
37,25	-0,55	
37,255	-0,56	
37,26	-0,57	
37,265	-0,59	
37,27	-0,6	
37,275	-0,61	
37,28	-0,62	
37,285	-0,63	
37,29	-0,64	
37,295	-0,65	
37,3	-0,66	
37,305	-0,67	
37,31	-0,68	
37,315	-0,68	
37,32	-0,69	
37,325	-0,7	
37,33	-0,7	
37,335	-0,71	
37,34	-0,71	
37,345	-0,72	
37,35	-0,72	
37,355	-0,73	
37,36	-0,74	
37,365	-0,74	
37,37	-0,73	
37,375	-0,73	
37,38	-0,73	
37,385	-0,73	
37,39	-0,73	
37,395	-0,73	
37,4	-0,73	
37,405	-0,73	
37,41	-0,73	
37,415	-0,72	
37,42	-0,72	
37,425	-0,71	
37,43	-0,7	
37,435	-0,7	
37,44	-0,69	
37,445	-0,69	
37,45	-0,68	
37,455	-0,68	
37,46	-0,67	
37,465	-0,66	
37,47	-0,65	
37,475	-0,63	
37,48	-0,63	
37,485	-0,62	
37,49	-0,61	
37,495	-0,6	
37,5	-0,59	
37,505	-0,58	
37,51	-0,57	
37,515	-0,55	
37,52	-0,53	
37,525	-0,52	
37,53	-0,5	
37,535	-0,49	
37,54	-0,47	
37,545	-0,46	
37,55	-0,45	
37,555	-0,43	
37,56	-0,41	
37,565	-0,39	
37,57	-0,38	
37,575	-0,36	
37,58	-0,35	
37,585	-0,33	
37,59	-0,31	
37,595	-0,3	
37,6	-0,28	
37,605	-0,25	
37,61	-0,23	
37,615	-0,21	
37,62	-0,19	
37,625	-0,17	
37,63	-0,16	
37,635	-0,14	
37,64	-0,12	
37,645	-0,1	
37,65	-0,08	
37,655	-0,05	
37,66	-0,04	
37,665	-0,02	
37,67	0	
37,675	0,02	
37,68	0,04	
37,685	0,05	
37,69	0,07	
37,695	0,09	
37,7	0,12	
37,705	0,14	
37,71	0,16	
37,715	0,18	
37,72	0,2	
37,725	0,21	
37,73	0,23	
37,735	0,25	
37,74	0,27	
37,745	0,29	
37,75	0,31	
37,755	0,33	
37,76	0,35	
37,765	0,36	
37,77	0,38	
37,775	0,39	
37,78	0,4	
37,785	0,42	
37,79	0,44	
37,795	0,46	
37,8	0,47	
37,805	0,49	
37,81	0,5	
37,815	0,51	
37,82	0,53	
37,825	0,54	
37,83	0,55	
37,835	0,57	
37,84	0,58	
37,845	0,59	
37,85	0,6	
37,855	0,61	
37,86	0,62	
37,865	0,63	
37,87	0,64	
37,875	0,65	
37,88	0,66	
37,885	0,67	
37,89	0,67	
37,895	0,68	
37,9	0,69	
37,905	0,69	
37,91	0,7	
37,915	0,7	
37,92	0,7	
37,925	0,71	
37,93	0,71	
37,935	0,72	
37,94	0,72	
37,945	0,72	
37,95	0,72	
37,955	0,72	
37,96	0,72	
37,965	0,72	
37,97	0,72	
37,975	0,72	
37,98	0,72	
37,985	0,72	
37,99	0,71	
37,995	0,71	
38,0	0,7	
38,005	0,69	
38,01	0,69	
38,015	0,68	
38,02	0,68	
38,025	0,67	
38,03	0,67	
38,035	0,66	
38,04	0,65	
38,045	0,64	
38,05	0,63	
38,055	0,62	
38,06	0,61	
38,065	0,6	
38,07	0,59	
38,075	0,57	
38,08	0,56	
38,085	0,55	
38,09	0,54	
38,095	0,52	
38,1	0,51	
38,105	0,5	
38,11	0,48	
38,115	0,47	
38,12	0,45	
38,125	0,44	
38,13	0,42	
38,135	0,41	
38,14	0,39	
38,145	0,37	
38,15	0,36	
38,155	0,34	
38,16	0,32	
38,165	0,31	
38,17	0,29	
38,175	0,27	
38,18	0,25	
38,185	0,23	
38,19	0,21	
38,195	0,19	
38,2	0,17	
38,205	0,16	
38,21	0,14	
38,215	0,12	
38,22	0,1	
38,225	0,08	
38,23	0,05	
38,235	0,04	
38,24	0,02	
38,245	-0,01	
38,25	-0,02	
38,255	-0,04	
38,26	-0,06	
38,265	-0,08	
38,27	-0,09	
38,275	-0,12	
38,28	-0,14	
38,285	-0,16	
38,29	-0,19	
38,295	-0,2	
38,3	-0,22	
38,305	-0,24	
38,31	-0,25	
38,315	-0,27	
38,32	-0,29	
38,325	-0,31	
38,33	-0,33	
38,335	-0,35	
38,34	-0,36	
38,345	-0,38	
38,35	-0,39	
38,355	-0,41	
38,36	-0,42	
38,365	-0,44	
38,37	-0,45	
38,375	-0,46	
38,38	-0,49	
38,385	-0,5	
38,39	-0,51	
38,395	-0,53	
38,4	-0,54	
38,405	-0,55	
38,41	-0,56	
38,415	-0,57	
38,42	-0,58	
38,425	-0,6	
38,43	-0,61	
38,435	-0,62	
38,44	-0,63	
38,445	-0,64	
38,45	-0,65	
38,455	-0,65	
38,46	-0,66	
38,465	-0,67	
38,47	-0,68	
38,475	-0,68	
38,48	-0,69	
38,485	-0,69	
38,49	-0,69	
38,495	-0,7	
38,5	-0,7	
38,505	-0,71	
38,51	-0,71	
38,515	-0,71	
38,52	-0,71	
38,525	-0,71	
38,53	-0,71	
38,535	-0,71	
38,54	-0,71	
38,545	-0,71	
38,55	-0,71	
38,555	-0,71	
38,56	-0,71	
38,565	-0,7	
38,57	-0,7	
38,575	-0,69	
38,58	-0,69	
38,585	-0,68	
38,59	-0,68	
38,595	-0,67	
38,6	-0,67	
38,605	-0,66	
38,61	-0,65	
38,615	-0,64	
38,62	-0,63	
38,625	-0,62	
38,63	-0,61	
38,635	-0,6	
38,64	-0,59	
38,645	-0,58	
38,65	-0,57	
38,655	-0,55	
38,66	-0,54	
38,665	-0,53	
38,67	-0,52	
38,675	-0,5	
38,68	-0,49	
38,685	-0,47	
38,69	-0,46	
38,695	-0,44	
38,7	-0,42	
38,705	-0,41	
38,71	-0,39	
38,715	-0,37	
38,72	-0,36	
38,725	-0,34	
38,73	-0,33	
38,735	-0,31	
38,74	-0,3	
38,745	-0,27	
38,75	-0,26	
38,755	-0,24	
38,76	-0,22	
38,765	-0,2	
38,77	-0,18	
38,775	-0,16	
38,78	-0,15	
38,785	-0,13	
38,79	-0,1	
38,795	-0,09	
38,8	-0,07	
38,805	-0,05	
38,81	-0,03	
38,815	-0,01	
38,82	0,01	
38,825	0,02	
38,83	0,04	
38,835	0,07	
38,84	0,09	
38,845	0,11	
38,85	0,13	
38,855	0,14	
38,86	0,16	
38,865	0,18	
38,87	0,2	
38,875	0,22	
38,88	0,25	
38,885	0,26	
38,89	0,28	
38,895	0,3	
38,9	0,31	
38,905	0,33	
38,91	0,35	
38,915	0,36	
38,92	0,38	
38,925	0,4	
38,93	0,41	
38,935	0,43	
38,94	0,45	
38,945	0,46	
38,95	0,47	
38,955	0,49	
38,96	0,5	
38,965	0,52	
38,97	0,53	
38,975	0,54	
38,98	0,56	
38,985	0,57	
38,99	0,58	
38,995	0,59	
39,0	0,6	
39,005	0,61	
39,01	0,61	
39,015	0,62	
39,02	0,64	
39,025	0,65	
39,03	0,66	
39,035	0,66	
39,04	0,67	
39,045	0,67	
39,05	0,68	
39,055	0,69	
39,06	0,69	
39,065	0,69	
39,07	0,7	
39,075	0,7	
39,08	0,7	
39,085	0,7	
39,09	0,71	
39,095	0,71	
39,1	0,71	
39,105	0,71	
39,11	0,71	
39,115	0,71	
39,12	0,71	
39,125	0,71	
39,13	0,71	
39,135	0,71	
39,14	0,7	
39,145	0,7	
39,15	0,7	
39,155	0,68	
39,16	0,68	
39,165	0,67	
39,17	0,66	
39,175	0,66	
39,18	0,65	
39,185	0,65	
39,19	0,64	
39,195	0,63	
39,2	0,61	
39,205	0,6	
39,21	0,59	
39,215	0,58	
39,22	0,57	
39,225	0,56	
39,23	0,55	
39,235	0,54	
39,24	0,53	
39,245	0,51	
39,25	0,49	
39,255	0,48	
39,26	0,47	
39,265	0,45	
39,27	0,44	
39,275	0,42	
39,28	0,41	
39,285	0,39	
39,29	0,37	
39,295	0,35	
39,3	0,34	
39,305	0,32	
39,31	0,31	
39,315	0,29	
39,32	0,27	
39,325	0,25	
39,33	0,23	
39,335	0,2	
39,34	0,18	
39,345	0,17	
39,35	0,16	
39,355	0,14	
39,36	0,12	
39,365	0,11	
39,37	0,09	
39,375	0,06	
39,38	0,03	
39,385	0,01	
39,39	-0,01	
39,395	-0,02	
39,4	-0,04	
39,405	-0,05	
39,41	-0,07	
39,415	-0,09	
39,42	-0,11	
39,425	-0,13	
39,43	-0,15	
39,435	-0,17	
39,44	-0,19	
39,445	-0,21	
39,45	-0,23	
39,455	-0,25	
39,46	-0,27	
39,465	-0,28	
39,47	-0,3	
39,475	-0,33	
39,48	-0,34	
39,485	-0,36	
39,49	-0,38	
39,495	-0,39	
39,5	-0,4	
39,505	-0,42	
39,51	-0,43	
39,515	-0,45	
39,52	-0,47	
39,525	-0,48	
39,53	-0,5	
39,535	-0,51	
39,54	-0,52	
39,545	-0,53	
39,55	-0,55	
39,555	-0,55	
39,56	-0,57	
39,565	-0,59	
39,57	-0,6	
39,575	-0,61	
39,58	-0,62	
39,585	-0,63	
39,59	-0,63	
39,595	-0,64	
39,6	-0,65	
39,605	-0,66	
39,61	-0,67	
39,615	-0,67	
39,62	-0,68	
39,625	-0,68	
39,63	-0,69	
39,635	-0,69	
39,64	-0,7	
39,645	-0,7	
39,65	-0,7	
39,655	-0,71	
39,66	-0,71	
39,665	-0,71	
39,67	-0,72	
39,675	-0,71	
39,68	-0,71	
39,685	-0,71	
39,69	-0,71	
39,695	-0,71	
39,7	-0,71	
39,705	-0,71	
39,71	-0,71	
39,715	-0,7	
39,72	-0,7	
39,725	-0,69	
39,73	-0,68	
39,735	-0,68	
39,74	-0,67	
39,745	-0,67	
39,75	-0,66	
39,755	-0,66	
39,76	-0,65	
39,765	-0,64	
39,77	-0,63	
39,775	-0,62	
39,78	-0,61	
39,785	-0,6	
39,79	-0,58	
39,795	-0,57	
39,8	-0,56	
39,805	-0,55	
39,81	-0,53	
39,815	-0,52	
39,82	-0,51	
39,825	-0,49	
39,83	-0,48	
39,835	-0,46	
39,84	-0,45	
39,845	-0,43	
39,85	-0,42	
39,855	-0,4	
39,86	-0,39	
39,865	-0,37	
39,87	-0,35	
39,875	-0,34	
39,88	-0,31	
39,885	-0,29	
39,89	-0,28	
39,895	-0,26	
39,9	-0,25	
39,905	-0,23	
39,91	-0,21	
39,915	-0,19	
39,92	-0,17	
39,925	-0,15	
39,93	-0,13	
39,935	-0,11	
39,94	-0,09	
39,945	-0,08	
39,95	-0,06	
39,955	-0,04	
39,96	-0,02	
39,965	0	
39,97	0,02	
39,975	0,05	
39,98	0,06	
39,985	0,08	
39,99	0,1	
39,995	0,12	
40,0	0,14	
40,005	0,16	
40,01	0,18	
40,015	0,2	
40,02	0,22	
40,025	0,24	
40,03	0,26	
40,035	0,27	
40,04	0,29	
40,045	0,31	
40,05	0,33	
40,055	0,34	
40,06	0,36	
40,065	0,38	
40,07	0,4	
40,075	0,41	
40,08	0,43	
40,085	0,44	
40,09	0,46	
40,095	0,47	
40,1	0,49	
40,105	0,5	
40,11	0,52	
40,115	0,53	
40,12	0,54	
40,125	0,55	
40,13	0,56	
40,135	0,58	
40,14	0,59	
40,145	0,6	
40,15	0,61	
40,155	0,62	
40,16	0,63	
40,165	0,64	
40,17	0,64	
40,175	0,65	
40,18	0,66	
40,185	0,67	
40,19	0,68	
40,195	0,69	
40,2	0,69	
40,205	0,7	
40,21	0,7	
40,215	0,7	
40,22	0,71	
40,225	0,71	
40,23	0,72	
40,235	0,72	
40,24	0,72	
40,245	0,72	
40,25	0,72	
40,255	0,72	
40,26	0,72	
40,265	0,72	
40,27	0,71	
40,275	0,72	
40,28	0,72	
40,285	0,71	
40,29	0,7	
40,295	0,7	
40,3	0,69	
40,305	0,68	
40,31	0,68	
40,315	0,68	
40,32	0,67	
40,325	0,66	
40,33	0,66	
40,335	0,64	
40,34	0,63	
40,345	0,62	
40,35	0,61	
40,355	0,6	
40,36	0,6	
40,365	0,59	
40,37	0,58	
40,375	0,57	
40,38	0,56	
40,385	0,54	
40,39	0,52	
40,395	0,51	
40,4	0,49	
40,405	0,48	
40,41	0,47	
40,415	0,45	
40,42	0,44	
40,425	0,43	
40,43	0,4	
40,435	0,39	
40,44	0,37	
40,445	0,35	
40,45	0,34	
40,455	0,32	
40,46	0,31	
40,465	0,29	
40,47	0,27	
40,475	0,25	
40,48	0,23	
40,485	0,21	
40,49	0,19	
40,495	0,17	
40,5	0,15	
40,505	0,13	
40,51	0,12	
40,515	0,1	
40,52	0,07	
40,525	0,05	
40,53	0,03	
40,535	0,01	
40,54	-0,01	
40,545	-0,03	
40,55	-0,05	
40,555	-0,06	
40,56	-0,08	
40,565	-0,11	
40,57	-0,13	
40,575	-0,15	
40,58	-0,17	
40,585	-0,19	
40,59	-0,2	
40,595	-0,22	
40,6	-0,24	
40,605	-0,25	
40,61	-0,28	
40,615	-0,3	
40,62	-0,32	
40,625	-0,34	
40,63	-0,35	
40,635	-0,37	
40,64	-0,38	
40,645	-0,4	
40,65	-0,42	
40,655	-0,44	
40,66	-0,45	
40,665	-0,47	
40,67	-0,48	
40,675	-0,49	
40,68	-0,51	
40,685	-0,52	
40,69	-0,54	
40,695	-0,55	
40,7	-0,57	
40,705	-0,58	
40,71	-0,59	
40,715	-0,6	
40,72	-0,61	
40,725	-0,62	
40,73	-0,63	
40,735	-0,64	
40,74	-0,65	
40,745	-0,66	
40,75	-0,67	
40,755	-0,68	
40,76	-0,69	
40,765	-0,69	
40,77	-0,7	
40,775	-0,7	
40,78	-0,71	
40,785	-0,71	
40,79	-0,72	
40,795	-0,72	
40,8	-0,73	
40,805	-0,73	
40,81	-0,73	
40,815	-0,73	
40,82	-0,73	
40,825	-0,73	
40,83	-0,73	
40,835	-0,73	
40,84	-0,73	
40,845	-0,73	
40,85	-0,73	
40,855	-0,72	
40,86	-0,72	
40,865	-0,72	
40,87	-0,71	
40,875	-0,71	
40,88	-0,7	
40,885	-0,69	
40,89	-0,68	
40,895	-0,68	
40,9	-0,67	
40,905	-0,66	
40,91	-0,66	
40,915	-0,65	
40,92	-0,64	
40,925	-0,63	
40,93	-0,61	
40,935	-0,6	
40,94	-0,59	
40,945	-0,58	
40,95	-0,58	
40,955	-0,56	
40,96	-0,55	
40,965	-0,54	
40,97	-0,52	
40,975	-0,5	
40,98	-0,49	
40,985	-0,47	
40,99	-0,46	
40,995	-0,45	
41,0	-0,43	
41,005	-0,41	
41,01	-0,39	
41,015	-0,38	
41,02	-0,35	
41,025	-0,34	
41,03	-0,32	
41,035	-0,31	
41,04	-0,29	
41,045	-0,27	
41,05	-0,25	
41,055	-0,24	
41,06	-0,21	
41,065	-0,19	
41,07	-0,17	
41,075	-0,15	
41,08	-0,13	
41,085	-0,12	
41,09	-0,1	
41,095	-0,07	
41,1	-0,06	
41,105	-0,04	
41,11	-0,01	
41,115	0,01	
41,12	0,03	
41,125	0,05	
41,13	0,07	
41,135	0,08	
41,14	0,1	
41,145	0,12	
41,15	0,14	
41,155	0,17	
41,16	0,19	
41,165	0,2	
41,17	0,22	
41,175	0,23	
41,18	0,25	
41,185	0,27	
41,19	0,29	
41,195	0,31	
41,2	0,34	
41,205	0,35	
41,21	0,37	
41,215	0,38	
41,22	0,39	
41,225	0,41	
41,23	0,43	
41,235	0,45	
41,24	0,47	
41,245	0,49	
41,25	0,51	
41,255	0,52	
41,26	0,53	
41,265	0,54	
41,27	0,55	
41,275	0,56	
41,28	0,58	
41,285	0,59	
41,29	0,6	
41,295	0,62	
41,3	0,63	
41,305	0,64	
41,31	0,64	
41,315	0,65	
41,32	0,66	
41,325	0,67	
41,33	0,68	
41,335	0,69	
41,34	0,7	
41,345	0,71	
41,35	0,72	
41,355	0,72	
41,36	0,72	
41,365	0,73	
41,37	0,73	
41,375	0,73	
41,38	0,73	
41,385	0,74	
41,39	0,74	
41,395	0,74	
41,4	0,74	
41,405	0,74	
41,41	0,73	
41,415	0,73	
41,42	0,73	
41,425	0,73	
41,43	0,73	
41,435	0,73	
41,44	0,73	
41,445	0,72	
41,45	0,72	
41,455	0,71	
41,46	0,71	
41,465	0,7	
41,47	0,7	
41,475	0,69	
41,48	0,68	
41,485	0,67	
41,49	0,65	
41,495	0,65	
41,5	0,64	
41,505	0,63	
41,51	0,62	
41,515	0,61	
41,52	0,59	
41,525	0,58	
41,53	0,57	
41,535	0,55	
41,54	0,54	
41,545	0,53	
41,55	0,51	
41,555	0,5	
41,56	0,49	
41,565	0,47	
41,57	0,45	
41,575	0,43	
41,58	0,42	
41,585	0,4	
41,59	0,38	
41,595	0,37	
41,6	0,35	
41,605	0,34	
41,61	0,31	
41,615	0,3	
41,62	0,28	
41,625	0,26	
41,63	0,24	
41,635	0,22	
41,64	0,21	
41,645	0,19	
41,65	0,17	
41,655	0,15	
41,66	0,13	
41,665	0,11	
41,67	0,09	
41,675	0,06	
41,68	0,04	
41,685	0,02	
41,69	0,01	
41,695	-0,01	
41,7	-0,04	
41,705	-0,06	
41,71	-0,08	
41,715	-0,1	
41,72	-0,12	
41,725	-0,14	
41,73	-0,16	
41,735	-0,18	
41,74	-0,2	
41,745	-0,21	
41,75	-0,24	
41,755	-0,26	
41,76	-0,28	
41,765	-0,3	
41,77	-0,31	
41,775	-0,33	
41,78	-0,35	
41,785	-0,36	
41,79	-0,38	
41,795	-0,41	
41,8	-0,42	
41,805	-0,44	
41,81	-0,45	
41,815	-0,47	
41,82	-0,48	
41,825	-0,5	
41,83	-0,51	
41,835	-0,52	
41,84	-0,54	
41,845	-0,55	
41,85	-0,57	
41,855	-0,58	
41,86	-0,6	
41,865	-0,61	
41,87	-0,62	
41,875	-0,63	
41,88	-0,64	
41,885	-0,65	
41,89	-0,66	
41,895	-0,68	
41,9	-0,68	
41,905	-0,69	
41,91	-0,7	
41,915	-0,7	
41,92	-0,7	
41,925	-0,71	
41,93	-0,72	
41,935	-0,72	
41,94	-0,73	
41,945	-0,74	
41,95	-0,74	
41,955	-0,74	
41,96	-0,75	
41,965	-0,75	
41,97	-0,74	
41,975	-0,75	
41,98	-0,74	
41,985	-0,74	
41,99	-0,75	
41,995	-0,75	
42,0	-0,75	
42,005	-0,74	
42,01	-0,74	
42,015	-0,73	
42,02	-0,73	
42,025	-0,72	
42,03	-0,72	
42,035	-0,71	
42,04	-0,71	
42,045	-0,7	
42,05	-0,69	
42,055	-0,69	
42,06	-0,68	
42,065	-0,66	
42,07	-0,65	
42,075	-0,64	
42,08	-0,64	
42,085	-0,63	
42,09	-0,62	
42,095	-0,61	
42,1	-0,6	
42,105	-0,58	
42,11	-0,56	
42,115	-0,55	
42,12	-0,54	
42,125	-0,52	
42,13	-0,51	
42,135	-0,5	
42,14	-0,48	
42,145	-0,47	
42,15	-0,46	
42,155	-0,43	
42,16	-0,41	
42,165	-0,4	
42,17	-0,38	
42,175	-0,37	
42,18	-0,35	
42,185	-0,33	
42,19	-0,32	
42,195	-0,3	
42,2	-0,28	
42,205	-0,25	
42,21	-0,23	
42,215	-0,22	
42,22	-0,2	
42,225	-0,18	
42,23	-0,16	
42,235	-0,15	
42,24	-0,12	
42,245	-0,1	
42,25	-0,07	
42,255	-0,05	
42,26	-0,03	
42,265	-0,01	
42,27	0	
42,275	0,02	
42,28	0,04	
42,285	0,06	
42,29	0,08	
42,295	0,11	
42,3	0,13	
42,305	0,15	
42,31	0,17	
42,315	0,19	
42,32	0,21	
42,325	0,23	
42,33	0,24	
42,335	0,26	
42,34	0,29	
42,345	0,31	
42,35	0,33	
42,355	0,34	
42,36	0,36	
42,365	0,37	
42,37	0,39	
42,375	0,4	
42,38	0,42	
42,385	0,45	
42,39	0,47	
42,395	0,48	
42,4	0,49	
42,405	0,5	
42,41	0,52	
42,415	0,53	
42,42	0,54	
42,425	0,56	
42,43	0,58	
42,435	0,59	
42,44	0,61	
42,445	0,62	
42,45	0,63	
42,455	0,64	
42,46	0,65	
42,465	0,65	
42,47	0,66	
42,475	0,68	
42,48	0,69	
42,485	0,7	
42,49	0,7	
42,495	0,71	
42,5	0,71	
42,505	0,72	
42,51	0,72	
42,515	0,73	
42,52	0,74	
42,525	0,74	
42,53	0,75	
42,535	0,75	
42,54	0,75	
42,545	0,75	
42,55	0,75	
42,555	0,75	
42,56	0,75	
42,565	0,75	
42,57	0,75	
42,575	0,75	
42,58	0,75	
42,585	0,74	
42,59	0,74	
42,595	0,74	
42,6	0,74	
42,605	0,73	
42,61	0,72	
42,615	0,72	
42,62	0,71	
42,625	0,71	
42,63	0,7	
42,635	0,69	
42,64	0,68	
42,645	0,67	
42,65	0,66	
42,655	0,66	
42,66	0,64	
42,665	0,63	
42,67	0,62	
42,675	0,61	
42,68	0,6	
42,685	0,58	
42,69	0,57	
42,695	0,56	
42,7	0,54	
42,705	0,53	
42,71	0,51	
42,715	0,5	
42,72	0,48	
42,725	0,46	
42,73	0,44	
42,735	0,43	
42,74	0,42	
42,745	0,4	
42,75	0,38	
42,755	0,36	
42,76	0,34	
42,765	0,32	
42,77	0,31	
42,775	0,29	
42,78	0,27	
42,785	0,25	
42,79	0,23	
42,795	0,21	
42,8	0,19	
42,805	0,17	
42,81	0,15	
42,815	0,13	
42,82	0,11	
42,825	0,09	
42,83	0,07	
42,835	0,05	
42,84	0,02	
42,845	0	
42,85	-0,02	
42,855	-0,04	
42,86	-0,05	
42,865	-0,07	
42,87	-0,09	
42,875	-0,11	
42,88	-0,13	
42,885	-0,15	
42,89	-0,18	
42,895	-0,2	
42,9	-0,22	
42,905	-0,23	
42,91	-0,25	
42,915	-0,27	
42,92	-0,29	
42,925	-0,31	
42,93	-0,33	
42,935	-0,35	
42,94	-0,36	
42,945	-0,38	
42,95	-0,4	
42,955	-0,42	
42,96	-0,44	
42,965	-0,45	
42,97	-0,47	
42,975	-0,49	
42,98	-0,5	
42,985	-0,51	
42,99	-0,53	
42,995	-0,54	
43,0	-0,55	
43,005	-0,57	
43,01	-0,58	
43,015	-0,59	
43,02	-0,61	
43,025	-0,62	
43,03	-0,63	
43,035	-0,64	
43,04	-0,65	
43,045	-0,66	
43,05	-0,67	
43,055	-0,68	
43,06	-0,69	
43,065	-0,7	
43,07	-0,71	
43,075	-0,71	
43,08	-0,71	
43,085	-0,72	
43,09	-0,73	
43,095	-0,73	
43,1	-0,74	
43,105	-0,74	
43,11	-0,75	
43,115	-0,75	
43,12	-0,75	
43,125	-0,75	
43,13	-0,75	
43,135	-0,75	
43,14	-0,75	
43,145	-0,75	
43,15	-0,75	
43,155	-0,75	
43,16	-0,75	
43,165	-0,74	
43,17	-0,74	
43,175	-0,73	
43,18	-0,73	
43,185	-0,73	
43,19	-0,72	
43,195	-0,72	
43,2	-0,71	
43,205	-0,7	
43,21	-0,69	
43,215	-0,68	
43,22	-0,68	
43,225	-0,67	
43,23	-0,66	
43,235	-0,65	
43,24	-0,64	
43,245	-0,63	
43,25	-0,61	
43,255	-0,6	
43,26	-0,59	
43,265	-0,57	
43,27	-0,56	
43,275	-0,55	
43,28	-0,54	
43,285	-0,52	
43,29	-0,51	
43,295	-0,48	
43,3	-0,47	
43,305	-0,46	
43,31	-0,44	
43,315	-0,43	
43,32	-0,42	
43,325	-0,4	
43,33	-0,38	
43,335	-0,36	
43,34	-0,33	
43,345	-0,32	
43,35	-0,3	
43,355	-0,28	
43,36	-0,27	
43,365	-0,25	
43,37	-0,23	
43,375	-0,21	
43,38	-0,19	
43,385	-0,17	
43,39	-0,15	
43,395	-0,13	
43,4	-0,11	
43,405	-0,09	
43,41	-0,07	
43,415	-0,05	
43,42	-0,03	
43,425	-0,01	
43,43	0,02	
43,435	0,04	
43,44	0,06	
43,445	0,08	
43,45	0,1	
43,455	0,11	
43,46	0,13	
43,465	0,15	
43,47	0,17	
43,475	0,21	
43,48	0,23	
43,485	0,24	
43,49	0,26	
43,495	0,28	
43,5	0,29	
43,505	0,31	
43,51	0,32	
43,515	0,34	
43,52	0,37	
43,525	0,39	
43,53	0,41	
43,535	0,42	
43,54	0,44	
43,545	0,45	
43,55	0,47	
43,555	0,48	
43,56	0,5	
43,565	0,51	
43,57	0,53	
43,575	0,54	
43,58	0,55	
43,585	0,56	
43,59	0,58	
43,595	0,59	
43,6	0,61	
43,605	0,62	
43,61	0,64	
43,615	0,65	
43,62	0,66	
43,625	0,66	
43,63	0,66	
43,635	0,67	
43,64	0,68	
43,645	0,69	
43,65	0,7	
43,655	0,72	
43,66	0,73	
43,665	0,73	
43,67	0,73	
43,675	0,73	
43,68	0,73	
43,685	0,72	
43,69	0,73	
43,695	0,73	
43,7	0,74	
43,705	0,75	
43,71	0,76	
43,715	0,76	
43,72	0,75	
43,725	0,74	
43,73	0,74	
43,735	0,73	
43,74	0,73	
43,745	0,73	
43,75	0,74	
43,755	0,74	
43,76	0,74	
43,765	0,73	
43,77	0,72	
43,775	0,71	
43,78	0,7	
43,785	0,69	
43,79	0,68	
43,795	0,67	
43,8	0,67	
43,805	0,67	
43,81	0,66	
43,815	0,65	
43,82	0,63	
43,825	0,62	
43,83	0,6	
43,835	0,59	
43,84	0,57	
43,845	0,57	
43,85	0,56	
43,855	0,55	
43,86	0,53	
43,865	0,52	
43,87	0,5	
43,875	0,48	
43,88	0,46	
43,885	0,44	
43,89	0,43	
43,895	0,42	
43,9	0,41	
43,905	0,39	
43,91	0,38	
43,915	0,35	
43,92	0,33	
43,925	0,31	
43,93	0,28	
43,935	0,26	
43,94	0,25	
43,945	0,24	
43,95	0,23	
43,955	0,21	
43,96	0,19	
43,965	0,16	
43,97	0,14	
43,975	0,12	
43,98	0,09	
43,985	0,07	
43,99	0,06	
43,995	0,04	
44,0	0,03	
44,005	0,01	
44,01	-0,02	
44,015	-0,04	
44,02	-0,07	
44,025	-0,09	
44,03	-0,11	
44,035	-0,13	
44,04	-0,14	
44,045	-0,16	
44,05	-0,18	
44,055	-0,19	
44,06	-0,22	
44,065	-0,24	
44,07	-0,27	
44,075	-0,29	
44,08	-0,3	
44,085	-0,32	
44,09	-0,33	
44,095	-0,35	
44,1	-0,36	
44,105	-0,38	
44,11	-0,4	
44,115	-0,43	
44,12	-0,45	
44,125	-0,46	
44,13	-0,47	
44,135	-0,48	
44,14	-0,49	
44,145	-0,5	
44,15	-0,52	
44,155	-0,54	
44,16	-0,57	
44,165	-0,58	
44,17	-0,59	
44,175	-0,6	
44,18	-0,61	
44,185	-0,61	
44,19	-0,62	
44,195	-0,63	
44,2	-0,64	
44,205	-0,67	
44,21	-0,68	
44,215	-0,69	
44,22	-0,7	
44,225	-0,7	
44,23	-0,69	
44,235	-0,69	
44,24	-0,7	
44,245	-0,7	
44,25	-0,72	
44,255	-0,73	
44,26	-0,74	
44,265	-0,74	
44,27	-0,74	
44,275	-0,74	
44,28	-0,74	
44,285	-0,73	
44,29	-0,73	
44,295	-0,73	
44,3	-0,73	
44,305	-0,74	
44,31	-0,74	
44,315	-0,74	
44,32	-0,74	
44,325	-0,73	
44,33	-0,72	
44,335	-0,71	
44,34	-0,7	
44,345	-0,7	
44,35	-0,7	
44,355	-0,7	
44,36	-0,7	
44,365	-0,69	
44,37	-0,68	
44,375	-0,67	
44,38	-0,65	
44,385	-0,64	
44,39	-0,63	
44,395	-0,62	
44,4	-0,62	
44,405	-0,61	
44,41	-0,61	
44,415	-0,6	
44,42	-0,58	
44,425	-0,56	
44,43	-0,54	
44,435	-0,52	
44,44	-0,5	
44,445	-0,49	
44,45	-0,48	
44,455	-0,47	
44,46	-0,46	
44,465	-0,44	
44,47	-0,42	
44,475	-0,4	
44,48	-0,37	
44,485	-0,36	
44,49	-0,34	
44,495	-0,33	
44,5	-0,32	
44,505	-0,31	
44,51	-0,29	
44,515	-0,27	
44,52	-0,25	
44,525	-0,22	
44,53	-0,2	
44,535	-0,18	
44,54	-0,16	
44,545	-0,15	
44,55	-0,13	
44,555	-0,12	
44,56	-0,1	
44,565	-0,07	
44,57	-0,04	
44,575	-0,01	
44,58	0,01	
44,585	0,03	
44,59	0,04	
44,595	0,05	
44,6	0,06	
44,605	0,08	
44,61	0,1	
44,615	0,13	
44,62	0,16	
44,625	0,18	
44,63	0,2	
44,635	0,21	
44,64	0,23	
44,645	0,24	
44,65	0,25	
44,655	0,27	
44,66	0,3	
44,665	0,33	
44,67	0,35	
44,675	0,37	
