t, ñ	wz	
0,0	0	
0,005	0	
0,01	0	
0,015	0	
0,02	0	
0,025	0	
0,03	0	
0,035	0	
0,04	0	
0,045	0	
0,05	0	
0,055	0	
0,06	-0,01	
0,065	0	
0,07	0	
0,075	0	
0,08	0	
0,085	0	
0,09	0	
0,095	0	
0,1	0	
0,105	0	
0,11	0	
0,115	0,01	
0,12	0	
0,125	0	
0,13	0	
0,135	0	
0,14	0	
0,145	0	
0,15	0	
0,155	0	
0,16	0	
0,165	0	
0,17	0,01	
0,175	0	
0,18	0	
0,185	0	
0,19	0	
0,195	0	
0,2	0	
0,205	0	
0,21	0	
0,215	0	
0,22	0	
0,225	0	
0,23	0	
0,235	0	
0,24	0	
0,245	0	
0,25	0	
0,255	0	
0,26	0	
0,265	0	
0,27	0	
0,275	0	
0,28	0,01	
0,285	0,01	
0,29	0	
0,295	0,01	
0,3	0	
0,305	0	
0,31	0	
0,315	0	
0,32	0	
0,325	0	
0,33	0	
0,335	0	
0,34	0	
0,345	-0,01	
0,35	0	
0,355	0	
0,36	-0,01	
0,365	0	
0,37	0	
0,375	0	
0,38	0	
0,385	0	
0,39	0	
0,395	0	
0,4	0	
0,405	0	
0,41	0	
0,415	0	
0,42	0	
0,425	0	
0,43	0	
0,435	0	
0,44	0	
0,445	0	
0,45	0	
0,455	0	
0,46	-0,01	
0,465	-0,01	
0,47	0	
0,475	0	
0,48	0	
0,485	0	
0,49	0	
0,495	0	
0,5	0	
0,505	0	
0,51	0	
0,515	0	
0,52	0	
0,525	0	
0,53	0	
0,535	0	
0,54	0	
0,545	0	
0,55	0	
0,555	0	
0,56	0	
0,565	0	
0,57	0	
0,575	0	
0,58	0	
0,585	0	
0,59	0	
0,595	0	
0,6	0	
0,605	0	
0,61	0	
0,615	0	
0,62	0	
0,625	0	
0,63	0	
0,635	0	
0,64	0	
0,645	0	
0,65	0	
0,655	0	
0,66	0	
0,665	0	
0,67	0	
0,675	0	
0,68	0	
0,685	0	
0,69	0	
0,695	0	
0,7	0	
0,705	0	
0,71	0	
0,715	0	
0,72	0	
0,725	0	
0,73	0	
0,735	0	
0,74	0	
0,745	0	
0,75	0	
0,755	0	
0,76	0	
0,765	0	
0,77	0	
0,775	0,01	
0,78	0	
0,785	0	
0,79	0	
0,795	0	
0,8	0	
0,805	0	
0,81	0	
0,815	0	
0,82	0	
0,825	0	
0,83	0	
0,835	-0,01	
0,84	0	
0,845	0	
0,85	0	
0,855	0	
0,86	0	
0,865	0	
0,87	0	
0,875	0	
0,88	0	
0,885	0	
0,89	0	
0,895	0	
0,9	0	
0,905	0	
0,91	-0,01	
0,915	0	
0,92	0	
0,925	0	
0,93	0	
0,935	0	
0,94	0	
0,945	0	
0,95	0	
0,955	0	
0,96	0	
0,965	0	
0,97	0	
0,975	0	
0,98	0	
0,985	0	
0,99	0	
0,995	0	
1,0	-0,01	
1,005	-0,01	
1,01	0	
1,015	0	
1,02	0	
1,025	0	
1,03	0	
1,035	-0,01	
1,04	0	
1,045	0	
1,05	0	
1,055	0	
1,06	0	
1,065	0	
1,07	0	
1,075	0	
1,08	0	
1,085	0	
1,09	-0,01	
1,095	0	
1,1	-0,01	
1,105	-0,01	
1,11	-0,01	
1,115	0	
1,12	-0,01	
1,125	0	
1,13	0	
1,135	0	
1,14	0	
1,145	0	
1,15	0	
1,155	0,01	
1,16	0,01	
1,165	0,01	
1,17	0	
1,175	0	
1,18	0	
1,185	0	
1,19	0	
1,195	0	
1,2	0	
1,205	0	
1,21	-0,01	
1,215	0	
1,22	0	
1,225	0	
1,23	0	
1,235	0	
1,24	0	
1,245	0	
1,25	0	
1,255	0	
1,26	0	
1,265	0	
1,27	0	
1,275	0	
1,28	0	
1,285	0	
1,29	0	
1,295	0	
1,3	0	
1,305	0	
1,31	0	
1,315	0	
1,32	0	
1,325	0	
1,33	0	
1,335	0	
1,34	0	
1,345	0	
1,35	0	
1,355	0	
1,36	0	
1,365	0	
1,37	0	
1,375	0	
1,38	-0,01	
1,385	0	
1,39	0	
1,395	0	
1,4	0	
1,405	0	
1,41	0	
1,415	0	
1,42	0	
1,425	0	
1,43	0	
1,435	0	
1,44	0	
1,445	0	
1,45	0	
1,455	0	
1,46	0	
1,465	0	
1,47	0	
1,475	0	
1,48	0	
1,485	0	
1,49	0	
1,495	0	
1,5	0	
1,505	0	
1,51	0	
1,515	0	
1,52	0	
1,525	0	
1,53	0	
1,535	0	
1,54	0	
1,545	0	
1,55	0	
1,555	0	
1,56	0	
1,565	0	
1,57	0	
1,575	0	
1,58	0	
1,585	0	
1,59	0	
1,595	0	
1,6	0	
1,605	0	
1,61	0	
1,615	0	
1,62	0	
1,625	0	
1,63	0	
1,635	0	
1,64	0	
1,645	0	
1,65	0	
1,655	0	
1,66	0	
1,665	0	
1,67	-0,01	
1,675	0	
1,68	0	
1,685	0	
1,69	0	
1,695	0	
1,7	0	
1,705	0	
1,71	0	
1,715	0	
1,72	0	
1,725	0	
1,73	0	
1,735	0,01	
1,74	0	
1,745	0	
1,75	0	
1,755	0	
1,76	0	
1,765	0	
1,77	0	
1,775	0	
1,78	0	
1,785	-0,01	
1,79	-0,01	
1,795	0	
1,8	0	
1,805	0	
1,81	0	
1,815	0	
1,82	0	
1,825	0,01	
1,83	0	
1,835	0	
1,84	0	
1,845	0	
1,85	0	
1,855	0	
1,86	0	
1,865	0	
1,87	0	
1,875	0	
1,88	0	
1,885	0	
1,89	0	
1,895	0	
1,9	0	
1,905	0	
1,91	0	
1,915	0	
1,92	0	
1,925	0	
1,93	0	
1,935	0	
1,94	0	
1,945	0	
1,95	0	
1,955	0	
1,96	0	
1,965	0	
1,97	0	
1,975	0	
1,98	0	
1,985	0	
1,99	0	
1,995	0	
2,0	0	
2,005	0	
2,01	0	
2,015	0	
2,02	0	
2,025	0	
2,03	0	
2,035	0	
2,04	0	
2,045	0	
2,05	0	
2,055	0	
2,06	0	
2,065	0	
2,07	0	
2,075	0	
2,08	0	
2,085	0	
2,09	0	
2,095	0	
2,1	0	
2,105	0	
2,11	0	
2,115	0	
2,12	0	
2,125	0	
2,13	0,01	
2,135	0,01	
2,14	0,01	
2,145	0,01	
2,15	0,01	
2,155	0,01	
2,16	0	
2,165	0	
2,17	0	
2,175	0	
2,18	0	
2,185	0	
2,19	0,01	
2,195	0,01	
2,2	0	
2,205	0	
2,21	0	
2,215	0	
2,22	0	
2,225	0	
2,23	0	
2,235	0	
2,24	0	
2,245	0	
2,25	0	
2,255	0	
2,26	0	
2,265	0	
2,27	0	
2,275	0	
2,28	0	
2,285	0	
2,29	0	
2,295	0	
2,3	0	
2,305	0	
2,31	0	
2,315	0	
2,32	0	
2,325	0	
2,33	0	
2,335	0	
2,34	0	
2,345	0	
2,35	0	
2,355	0,01	
2,36	0,01	
2,365	0	
2,37	0	
2,375	0,01	
2,38	0	
2,385	-0,01	
2,39	-0,01	
2,395	-0,02	
2,4	-0,01	
2,405	0	
2,41	0,01	
2,415	0,02	
2,42	0,03	
2,425	0,02	
2,43	0	
2,435	-0,01	
2,44	-0,02	
2,445	-0,03	
2,45	-0,02	
2,455	0	
2,46	0,02	
2,465	0,03	
2,47	0,04	
2,475	0,02	
2,48	-0,01	
2,485	-0,02	
2,49	-0,03	
2,495	-0,02	
2,5	-0,01	
2,505	0,01	
2,51	0,02	
2,515	0,02	
2,52	0,02	
2,525	0,01	
2,53	0	
2,535	-0,01	
2,54	-0,01	
2,545	-0,01	
2,55	0	
2,555	0,01	
2,56	0,01	
2,565	0,01	
2,57	0	
2,575	-0,02	
2,58	-0,02	
2,585	-0,02	
2,59	-0,01	
2,595	0	
2,6	0,01	
2,605	0,01	
2,61	0,01	
2,615	0	
2,62	-0,01	
2,625	-0,01	
2,63	-0,01	
2,635	0	
2,64	0,01	
2,645	0,01	
2,65	0,01	
2,655	0,01	
2,66	0	
2,665	0	
2,67	-0,01	
2,675	-0,01	
2,68	-0,01	
2,685	0	
2,69	0,01	
2,695	0,01	
2,7	0,01	
2,705	0	
2,71	0	
2,715	-0,01	
2,72	-0,01	
2,725	-0,01	
2,73	0	
2,735	0,01	
2,74	0,01	
2,745	0,01	
2,75	0,01	
2,755	0	
2,76	-0,01	
2,765	-0,01	
2,77	-0,01	
2,775	0	
2,78	0,01	
2,785	0,01	
2,79	0,01	
2,795	0,01	
2,8	0	
2,805	-0,01	
2,81	-0,01	
2,815	-0,01	
2,82	-0,01	
2,825	0	
2,83	0,01	
2,835	0,01	
2,84	0,01	
2,845	0,01	
2,85	0	
2,855	-0,01	
2,86	-0,01	
2,865	-0,01	
2,87	0	
2,875	0	
2,88	0,01	
2,885	0,01	
2,89	0	
2,895	0	
2,9	-0,01	
2,905	-0,01	
2,91	-0,01	
2,915	0	
2,92	0	
2,925	0,01	
2,93	0,01	
2,935	0,01	
2,94	0,01	
2,945	0	
2,95	-0,01	
2,955	-0,01	
2,96	-0,01	
2,965	0	
2,97	0,01	
2,975	0,01	
2,98	0,01	
2,985	0,01	
2,99	0,01	
2,995	0	
3,0	0	
3,005	0	
3,01	0,01	
3,015	0	
3,02	0	
3,025	0,01	
3,03	0	
3,035	0	
3,04	0	
3,045	0	
3,05	0	
3,055	0	
3,06	0	
3,065	0	
3,07	0	
3,075	0	
3,08	0	
3,085	0	
3,09	0	
3,095	0	
3,1	0	
3,105	0,01	
3,11	0	
3,115	0	
3,12	0	
3,125	-0,01	
3,13	0	
3,135	0	
3,14	0	
3,145	0	
3,15	0	
3,155	0,01	
3,16	0	
3,165	0	
3,17	0	
3,175	0	
3,18	0	
3,185	0	
3,19	0	
3,195	0	
3,2	0,01	
3,205	0	
3,21	-0,01	
3,215	-0,01	
3,22	-0,01	
3,225	0	
3,23	0	
3,235	0,02	
3,24	0,03	
3,245	0,02	
3,25	0,01	
3,255	-0,01	
3,26	-0,02	
3,265	-0,04	
3,27	-0,03	
3,275	-0,01	
3,28	0,02	
3,285	0,05	
3,29	0,06	
3,295	0,05	
3,3	0,03	
3,305	0	
3,31	-0,04	
3,315	-0,05	
3,32	-0,03	
3,325	0	
3,33	0,04	
3,335	0,08	
3,34	0,1	
3,345	0,08	
3,35	0,04	
3,355	-0,01	
3,36	-0,05	
3,365	-0,05	
3,37	-0,02	
3,375	0,04	
3,38	0,1	
3,385	0,13	
3,39	0,12	
3,395	0,09	
3,4	0,03	
3,405	-0,02	
3,41	-0,05	
3,415	-0,05	
3,42	0	
3,425	0,06	
3,43	0,12	
3,435	0,16	
3,44	0,16	
3,445	0,12	
3,45	0,02	
3,455	-0,03	
3,46	-0,04	
3,465	-0,01	
3,47	0,05	
3,475	0,11	
3,48	0,16	
3,485	0,17	
3,49	0,15	
3,495	0,1	
3,5	0,04	
3,505	0,01	
3,51	0	
3,515	0,03	
3,52	0,09	
3,525	0,14	
3,53	0,19	
3,535	0,18	
3,54	0,14	
3,545	0,09	
3,55	0,05	
3,555	0,04	
3,56	0,05	
3,565	0,1	
3,57	0,15	
3,575	0,19	
3,58	0,19	
3,585	0,17	
3,59	0,14	
3,595	0,1	
3,6	0,08	
3,605	0,08	
3,61	0,13	
3,615	0,17	
3,62	0,2	
3,625	0,2	
3,63	0,18	
3,635	0,16	
3,64	0,12	
3,645	0,1	
3,65	0,1	
3,655	0,13	
3,66	0,17	
3,665	0,2	
3,67	0,22	
3,675	0,22	
3,68	0,19	
3,685	0,15	
3,69	0,11	
3,695	0,11	
3,7	0,13	
3,705	0,17	
3,71	0,21	
3,715	0,24	
3,72	0,23	
3,725	0,21	
3,73	0,17	
3,735	0,13	
3,74	0,11	
3,745	0,11	
3,75	0,14	
3,755	0,18	
3,76	0,22	
3,765	0,24	
3,77	0,22	
3,775	0,18	
3,78	0,14	
3,785	0,11	
3,79	0,1	
3,795	0,12	
3,8	0,15	
3,805	0,19	
3,81	0,21	
3,815	0,22	
3,82	0,2	
3,825	0,17	
3,83	0,13	
3,835	0,1	
3,84	0,09	
3,845	0,1	
3,85	0,15	
3,855	0,17	
3,86	0,19	
3,865	0,18	
3,87	0,17	
3,875	0,13	
3,88	0,1	
3,885	0,08	
3,89	0,07	
3,895	0,08	
3,9	0,1	
3,905	0,12	
3,91	0,13	
3,915	0,13	
3,92	0,11	
3,925	0,09	
3,93	0,08	
3,935	0,06	
3,94	0,05	
3,945	0,05	
3,95	0,05	
3,955	0,06	
3,96	0,06	
3,965	0,06	
3,97	0,06	
3,975	0,04	
3,98	0,02	
3,985	0,01	
3,99	0	
3,995	-0,01	
4,0	-0,01	
4,005	-0,01	
4,01	0	
4,015	-0,01	
4,02	-0,01	
4,025	-0,02	
4,03	-0,03	
4,035	-0,04	
4,04	-0,05	
4,045	-0,06	
4,05	-0,07	
4,055	-0,07	
4,06	-0,07	
4,065	-0,08	
4,07	-0,08	
4,075	-0,09	
4,08	-0,1	
4,085	-0,11	
4,09	-0,12	
4,095	-0,14	
4,1	-0,14	
4,105	-0,14	
4,11	-0,14	
4,115	-0,15	
4,12	-0,16	
4,125	-0,17	
4,13	-0,18	
4,135	-0,2	
4,14	-0,2	
4,145	-0,2	
4,15	-0,2	
4,155	-0,2	
4,16	-0,2	
4,165	-0,2	
4,17	-0,22	
4,175	-0,25	
4,18	-0,27	
4,185	-0,27	
4,19	-0,27	
4,195	-0,26	
4,2	-0,25	
4,205	-0,24	
4,21	-0,24	
4,215	-0,26	
4,22	-0,29	
4,225	-0,32	
4,23	-0,34	
4,235	-0,35	
4,24	-0,33	
4,245	-0,3	
4,25	-0,28	
4,255	-0,27	
4,26	-0,28	
4,265	-0,31	
4,27	-0,35	
4,275	-0,38	
4,28	-0,4	
4,285	-0,39	
4,29	-0,36	
4,295	-0,32	
4,3	-0,29	
4,305	-0,28	
4,31	-0,3	
4,315	-0,34	
4,32	-0,38	
4,325	-0,42	
4,33	-0,43	
4,335	-0,4	
4,34	-0,36	
4,345	-0,32	
4,35	-0,3	
4,355	-0,3	
4,36	-0,32	
4,365	-0,37	
4,37	-0,41	
4,375	-0,43	
4,38	-0,43	
4,385	-0,4	
4,39	-0,36	
4,395	-0,32	
4,4	-0,3	
4,405	-0,29	
4,41	-0,32	
4,415	-0,36	
4,42	-0,4	
4,425	-0,41	
4,43	-0,39	
4,435	-0,36	
4,44	-0,31	
4,445	-0,29	
4,45	-0,28	
4,455	-0,29	
4,46	-0,31	
4,465	-0,33	
4,47	-0,35	
4,475	-0,35	
4,48	-0,33	
4,485	-0,3	
4,49	-0,27	
4,495	-0,25	
4,5	-0,25	
4,505	-0,26	
4,51	-0,28	
4,515	-0,29	
4,52	-0,28	
4,525	-0,26	
4,53	-0,23	
4,535	-0,2	
4,54	-0,18	
4,545	-0,18	
4,55	-0,19	
4,555	-0,21	
4,56	-0,21	
4,565	-0,2	
4,57	-0,18	
4,575	-0,15	
4,58	-0,11	
4,585	-0,1	
4,59	-0,1	
4,595	-0,1	
4,6	-0,12	
4,605	-0,13	
4,61	-0,12	
4,615	-0,1	
4,62	-0,07	
4,625	-0,04	
4,63	-0,01	
4,635	0,01	
4,64	0	
4,645	-0,01	
4,65	-0,02	
4,655	-0,03	
4,66	-0,01	
4,665	0,02	
4,67	0,06	
4,675	0,09	
4,68	0,11	
4,685	0,12	
4,69	0,11	
4,695	0,1	
4,7	0,09	
4,705	0,09	
4,71	0,1	
4,715	0,13	
4,72	0,16	
4,725	0,18	
4,73	0,21	
4,735	0,22	
4,74	0,21	
4,745	0,2	
4,75	0,2	
4,755	0,2	
4,76	0,21	
4,765	0,24	
4,77	0,26	
4,775	0,29	
4,78	0,31	
4,785	0,32	
4,79	0,32	
4,795	0,32	
4,8	0,31	
4,805	0,31	
4,81	0,32	
4,815	0,33	
4,82	0,35	
4,825	0,38	
4,83	0,4	
4,835	0,41	
4,84	0,42	
4,845	0,42	
4,85	0,41	
4,855	0,4	
4,86	0,4	
4,865	0,4	
4,87	0,42	
4,875	0,44	
4,88	0,46	
4,885	0,48	
4,89	0,49	
4,895	0,5	
4,9	0,49	
4,905	0,47	
4,91	0,46	
4,915	0,46	
4,92	0,47	
4,925	0,49	
4,93	0,51	
4,935	0,53	
4,94	0,54	
4,945	0,53	
4,95	0,52	
4,955	0,5	
4,96	0,48	
4,965	0,48	
4,97	0,49	
4,975	0,5	
4,98	0,53	
4,985	0,55	
4,99	0,55	
4,995	0,53	
5,0	0,52	
5,005	0,49	
5,01	0,48	
5,015	0,48	
5,02	0,49	
5,025	0,5	
5,03	0,52	
5,035	0,52	
5,04	0,51	
5,045	0,49	
5,05	0,47	
5,055	0,46	
5,06	0,45	
5,065	0,46	
5,07	0,47	
5,075	0,47	
5,08	0,47	
5,085	0,45	
5,09	0,44	
5,095	0,41	
5,1	0,4	
5,105	0,39	
5,11	0,39	
5,115	0,4	
5,12	0,41	
5,125	0,41	
5,13	0,39	
5,135	0,36	
5,14	0,33	
5,145	0,3	
5,15	0,29	
5,155	0,29	
5,16	0,31	
5,165	0,32	
5,17	0,32	
5,175	0,31	
5,18	0,28	
5,185	0,24	
5,19	0,2	
5,195	0,18	
5,2	0,17	
5,205	0,18	
5,21	0,19	
5,215	0,2	
5,22	0,2	
5,225	0,17	
5,23	0,13	
5,235	0,09	
5,24	0,05	
5,245	0,03	
5,25	0,03	
5,255	0,05	
5,26	0,06	
5,265	0,07	
5,27	0,06	
5,275	0,03	
5,28	-0,01	
5,285	-0,06	
5,29	-0,1	
5,295	-0,12	
5,3	-0,12	
5,305	-0,09	
5,31	-0,08	
5,315	-0,08	
5,32	-0,1	
5,325	-0,14	
5,33	-0,18	
5,335	-0,22	
5,34	-0,24	
5,345	-0,25	
5,35	-0,25	
5,355	-0,24	
5,36	-0,23	
5,365	-0,23	
5,37	-0,25	
5,375	-0,28	
5,38	-0,32	
5,385	-0,35	
5,39	-0,37	
5,395	-0,37	
5,4	-0,37	
5,405	-0,36	
5,41	-0,37	
5,415	-0,38	
5,42	-0,4	
5,425	-0,43	
5,43	-0,45	
5,435	-0,47	
5,44	-0,47	
5,445	-0,47	
5,45	-0,47	
5,455	-0,48	
5,46	-0,48	
5,465	-0,5	
5,47	-0,53	
5,475	-0,55	
5,48	-0,55	
5,485	-0,56	
5,49	-0,56	
5,495	-0,55	
5,5	-0,56	
5,505	-0,57	
5,51	-0,59	
5,515	-0,62	
5,52	-0,64	
5,525	-0,66	
5,53	-0,66	
5,535	-0,64	
5,54	-0,62	
5,545	-0,59	
5,55	-0,58	
5,555	-0,59	
5,56	-0,62	
5,565	-0,66	
5,57	-0,69	
5,575	-0,71	
5,58	-0,7	
5,585	-0,68	
5,59	-0,64	
5,595	-0,61	
5,6	-0,6	
5,605	-0,61	
5,61	-0,63	
5,615	-0,66	
5,62	-0,69	
5,625	-0,71	
5,63	-0,69	
5,635	-0,66	
5,64	-0,62	
5,645	-0,6	
5,65	-0,58	
5,655	-0,58	
5,66	-0,6	
5,665	-0,62	
5,67	-0,64	
5,675	-0,65	
5,68	-0,64	
5,685	-0,62	
5,69	-0,58	
5,695	-0,55	
5,7	-0,52	
5,705	-0,51	
5,71	-0,53	
5,715	-0,55	
5,72	-0,56	
5,725	-0,56	
5,73	-0,54	
5,735	-0,51	
5,74	-0,48	
5,745	-0,45	
5,75	-0,42	
5,755	-0,41	
5,76	-0,42	
5,765	-0,43	
5,77	-0,44	
5,775	-0,44	
5,78	-0,43	
5,785	-0,4	
5,79	-0,34	
5,795	-0,31	
5,8	-0,29	
5,805	-0,28	
5,81	-0,29	
5,815	-0,3	
5,82	-0,3	
5,825	-0,29	
5,83	-0,27	
5,835	-0,24	
5,84	-0,2	
5,845	-0,16	
5,85	-0,14	
5,855	-0,12	
5,86	-0,12	
5,865	-0,14	
5,87	-0,14	
5,875	-0,12	
5,88	-0,1	
5,885	-0,06	
5,89	-0,01	
5,895	0,02	
5,9	0,04	
5,905	0,04	
5,91	0,04	
5,915	0,03	
5,92	0,03	
5,925	0,06	
5,93	0,09	
5,935	0,13	
5,94	0,17	
5,945	0,19	
5,95	0,2	
5,955	0,2	
5,96	0,19	
5,965	0,19	
5,97	0,21	
5,975	0,25	
5,98	0,29	
5,985	0,33	
5,99	0,36	
5,995	0,37	
6,0	0,36	
6,005	0,35	
6,01	0,34	
6,015	0,35	
6,02	0,37	
6,025	0,4	
6,03	0,45	
6,035	0,51	
6,04	0,52	
6,045	0,52	
6,05	0,5	
6,055	0,48	
6,06	0,48	
6,065	0,49	
6,07	0,52	
6,075	0,57	
6,08	0,61	
6,085	0,64	
6,09	0,65	
6,095	0,64	
6,1	0,61	
6,105	0,59	
6,11	0,57	
6,115	0,6	
6,12	0,64	
6,125	0,68	
6,13	0,72	
6,135	0,74	
6,14	0,74	
6,145	0,71	
6,15	0,68	
6,155	0,66	
6,16	0,65	
6,165	0,67	
6,17	0,71	
6,175	0,75	
6,18	0,78	
6,185	0,79	
6,19	0,78	
6,195	0,74	
6,2	0,71	
6,205	0,69	
6,21	0,69	
6,215	0,71	
6,22	0,74	
6,225	0,78	
6,23	0,8	
6,235	0,8	
6,24	0,77	
6,245	0,74	
6,25	0,71	
6,255	0,68	
6,26	0,68	
6,265	0,69	
6,27	0,71	
6,275	0,74	
6,28	0,75	
6,285	0,73	
6,29	0,7	
6,295	0,67	
6,3	0,64	
6,305	0,63	
6,31	0,63	
6,315	0,64	
6,32	0,65	
6,325	0,66	
6,33	0,65	
6,335	0,63	
6,34	0,61	
6,345	0,58	
6,35	0,56	
6,355	0,55	
6,36	0,55	
6,365	0,55	
6,37	0,55	
6,375	0,54	
6,38	0,52	
6,385	0,49	
6,39	0,46	
6,395	0,44	
6,4	0,42	
6,405	0,41	
6,41	0,41	
6,415	0,4	
6,42	0,39	
6,425	0,38	
6,43	0,35	
6,435	0,32	
6,44	0,28	
6,445	0,26	
6,45	0,25	
6,455	0,25	
6,46	0,24	
6,465	0,23	
6,47	0,21	
6,475	0,19	
6,48	0,16	
6,485	0,13	
6,49	0,1	
6,495	0,08	
6,5	0,07	
6,505	0,06	
6,51	0,05	
6,515	0,04	
6,52	0,02	
6,525	-0,01	
6,53	-0,04	
6,535	-0,07	
6,54	-0,1	
6,545	-0,12	
6,55	-0,13	
6,555	-0,14	
6,56	-0,14	
6,565	-0,15	
6,57	-0,17	
6,575	-0,19	
6,58	-0,23	
6,585	-0,26	
6,59	-0,29	
6,595	-0,32	
6,6	-0,33	
6,605	-0,33	
6,61	-0,33	
6,615	-0,33	
6,62	-0,35	
6,625	-0,37	
6,63	-0,41	
6,635	-0,45	
6,64	-0,48	
6,645	-0,5	
6,65	-0,51	
6,655	-0,51	
6,66	-0,5	
6,665	-0,5	
6,67	-0,51	
6,675	-0,53	
6,68	-0,57	
6,685	-0,61	
6,69	-0,63	
6,695	-0,65	
6,7	-0,65	
6,705	-0,64	
6,71	-0,63	
6,715	-0,63	
6,72	-0,63	
6,725	-0,65	
6,73	-0,68	
6,735	-0,72	
6,74	-0,74	
6,745	-0,76	
6,75	-0,76	
6,755	-0,75	
6,76	-0,73	
6,765	-0,72	
6,77	-0,73	
6,775	-0,75	
6,78	-0,78	
6,785	-0,8	
6,79	-0,82	
6,795	-0,82	
6,8	-0,81	
6,805	-0,79	
6,81	-0,77	
6,815	-0,76	
6,82	-0,77	
6,825	-0,79	
6,83	-0,81	
6,835	-0,83	
6,84	-0,84	
6,845	-0,83	
6,85	-0,8	
6,855	-0,78	
6,86	-0,77	
6,865	-0,77	
6,87	-0,78	
6,875	-0,79	
6,88	-0,81	
6,885	-0,81	
6,89	-0,8	
6,895	-0,78	
6,9	-0,75	
6,905	-0,73	
6,91	-0,71	
6,915	-0,71	
6,92	-0,72	
6,925	-0,73	
6,93	-0,73	
6,935	-0,72	
6,94	-0,7	
6,945	-0,67	
6,95	-0,65	
6,955	-0,63	
6,96	-0,62	
6,965	-0,62	
6,97	-0,63	
6,975	-0,63	
6,98	-0,63	
6,985	-0,61	
6,99	-0,58	
6,995	-0,54	
7,0	-0,51	
7,005	-0,48	
7,01	-0,48	
7,015	-0,49	
7,02	-0,49	
7,025	-0,49	
7,03	-0,47	
7,035	-0,44	
7,04	-0,4	
7,045	-0,36	
7,05	-0,33	
7,055	-0,32	
7,06	-0,31	
7,065	-0,32	
7,07	-0,33	
7,075	-0,32	
7,08	-0,3	
7,085	-0,24	
7,09	-0,2	
7,095	-0,16	
7,1	-0,14	
7,105	-0,13	
7,11	-0,13	
7,115	-0,13	
7,12	-0,13	
7,125	-0,11	
7,13	-0,08	
7,135	-0,04	
7,14	0	
7,145	0,03	
7,15	0,06	
7,155	0,07	
7,16	0,07	
7,165	0,07	
7,17	0,08	
7,175	0,1	
7,18	0,14	
7,185	0,17	
7,19	0,21	
7,195	0,23	
7,2	0,25	
7,205	0,26	
7,21	0,27	
7,215	0,27	
7,22	0,29	
7,225	0,31	
7,23	0,33	
7,235	0,36	
7,24	0,39	
7,245	0,41	
7,25	0,43	
7,255	0,44	
7,26	0,45	
7,265	0,46	
7,27	0,47	
7,275	0,49	
7,28	0,51	
7,285	0,53	
7,29	0,55	
7,295	0,57	
7,3	0,59	
7,305	0,6	
7,31	0,61	
7,315	0,62	
7,32	0,63	
7,325	0,64	
7,33	0,67	
7,335	0,68	
7,34	0,69	
7,345	0,7	
7,35	0,71	
7,355	0,71	
7,36	0,72	
7,365	0,72	
7,37	0,73	
7,375	0,75	
7,38	0,76	
7,385	0,77	
7,39	0,78	
7,395	0,78	
7,4	0,79	
7,405	0,79	
7,41	0,79	
7,415	0,78	
7,42	0,79	
7,425	0,8	
7,43	0,81	
7,435	0,82	
7,44	0,82	
7,445	0,82	
7,45	0,81	
7,455	0,8	
7,46	0,79	
7,465	0,79	
7,47	0,79	
7,475	0,8	
7,48	0,81	
7,485	0,82	
7,49	0,81	
7,495	0,8	
7,5	0,79	
7,505	0,77	
7,51	0,76	
7,515	0,75	
7,52	0,75	
7,525	0,76	
7,53	0,76	
7,535	0,77	
7,54	0,76	
7,545	0,75	
7,55	0,72	
7,555	0,7	
7,56	0,67	
7,565	0,66	
7,57	0,65	
7,575	0,66	
7,58	0,66	
7,585	0,66	
7,59	0,64	
7,595	0,62	
7,6	0,59	
7,605	0,56	
7,61	0,54	
7,615	0,53	
7,62	0,52	
7,625	0,52	
7,63	0,53	
7,635	0,52	
7,64	0,51	
7,645	0,48	
7,65	0,43	
7,655	0,4	
7,66	0,38	
7,665	0,36	
7,67	0,36	
7,675	0,36	
7,68	0,36	
7,685	0,34	
7,69	0,32	
7,695	0,28	
7,7	0,25	
7,705	0,22	
7,71	0,2	
7,715	0,18	
7,72	0,18	
7,725	0,18	
7,73	0,17	
7,735	0,14	
7,74	0,11	
7,745	0,07	
7,75	0,04	
7,755	0,02	
7,76	0	
7,765	-0,01	
7,77	-0,02	
7,775	-0,03	
7,78	-0,05	
7,785	-0,07	
7,79	-0,1	
7,795	-0,13	
7,8	-0,15	
7,805	-0,17	
7,81	-0,18	
7,815	-0,2	
7,82	-0,21	
7,825	-0,23	
7,83	-0,26	
7,835	-0,28	
7,84	-0,31	
7,845	-0,33	
7,85	-0,35	
7,855	-0,36	
7,86	-0,37	
7,865	-0,37	
7,87	-0,38	
7,875	-0,4	
7,88	-0,43	
7,885	-0,46	
7,89	-0,49	
7,895	-0,51	
7,9	-0,52	
7,905	-0,52	
7,91	-0,52	
7,915	-0,53	
7,92	-0,54	
7,925	-0,56	
7,93	-0,59	
7,935	-0,62	
7,94	-0,63	
7,945	-0,65	
7,95	-0,65	
7,955	-0,64	
7,96	-0,64	
7,965	-0,64	
7,97	-0,65	
7,975	-0,68	
7,98	-0,71	
7,985	-0,73	
7,99	-0,74	
7,995	-0,74	
8,0	-0,74	
8,005	-0,73	
8,01	-0,73	
8,015	-0,72	
8,02	-0,73	
8,025	-0,75	
8,03	-0,77	
8,035	-0,79	
8,04	-0,8	
8,045	-0,8	
8,05	-0,8	
8,055	-0,77	
8,06	-0,76	
8,065	-0,76	
8,07	-0,76	
8,075	-0,78	
8,08	-0,79	
8,085	-0,8	
8,09	-0,8	
8,095	-0,79	
8,1	-0,78	
8,105	-0,77	
8,11	-0,75	
8,115	-0,75	
8,12	-0,74	
8,125	-0,75	
8,13	-0,75	
8,135	-0,75	
8,14	-0,75	
8,145	-0,74	
8,15	-0,73	
8,155	-0,71	
8,16	-0,69	
8,165	-0,69	
8,17	-0,68	
8,175	-0,67	
8,18	-0,67	
8,185	-0,66	
8,19	-0,66	
8,195	-0,64	
8,2	-0,63	
8,205	-0,61	
8,21	-0,6	
8,215	-0,58	
8,22	-0,56	
8,225	-0,55	
8,23	-0,54	
8,235	-0,54	
8,24	-0,52	
8,245	-0,51	
8,25	-0,49	
8,255	-0,47	
8,26	-0,45	
8,265	-0,44	
8,27	-0,42	
8,275	-0,41	
8,28	-0,39	
8,285	-0,38	
8,29	-0,36	
8,295	-0,35	
8,3	-0,32	
8,305	-0,3	
8,31	-0,28	
8,315	-0,26	
8,32	-0,24	
8,325	-0,23	
8,33	-0,22	
8,335	-0,2	
8,34	-0,18	
8,345	-0,16	
8,35	-0,13	
8,355	-0,11	
8,36	-0,09	
8,365	-0,08	
8,37	-0,07	
8,375	-0,06	
8,38	-0,03	
8,385	-0,01	
8,39	0,01	
8,395	0,04	
8,4	0,06	
8,405	0,08	
8,41	0,1	
8,415	0,11	
8,42	0,12	
8,425	0,13	
8,43	0,14	
8,435	0,16	
8,44	0,19	
8,445	0,22	
8,45	0,24	
8,455	0,27	
8,46	0,28	
8,465	0,29	
8,47	0,29	
8,475	0,3	
8,48	0,31	
8,485	0,34	
8,49	0,37	
8,495	0,4	
8,5	0,42	
8,505	0,43	
8,51	0,44	
8,515	0,44	
8,52	0,44	
8,525	0,45	
8,53	0,46	
8,535	0,48	
8,54	0,52	
8,545	0,54	
8,55	0,56	
8,555	0,57	
8,56	0,57	
8,565	0,57	
8,57	0,56	
8,575	0,57	
8,58	0,58	
8,585	0,6	
8,59	0,62	
8,595	0,64	
8,6	0,66	
8,605	0,66	
8,61	0,66	
8,615	0,65	
8,62	0,65	
8,625	0,65	
8,63	0,66	
8,635	0,67	
8,64	0,69	
8,645	0,7	
8,65	0,71	
8,655	0,71	
8,66	0,7	
8,665	0,7	
8,67	0,69	
8,675	0,69	
8,68	0,7	
8,685	0,7	
8,69	0,71	
8,695	0,72	
8,7	0,71	
8,705	0,7	
8,71	0,69	
8,715	0,69	
8,72	0,69	
8,725	0,69	
8,73	0,69	
8,735	0,7	
8,74	0,69	
8,745	0,69	
8,75	0,67	
8,755	0,66	
8,76	0,65	
8,765	0,65	
8,77	0,64	
8,775	0,64	
8,78	0,64	
8,785	0,64	
8,79	0,63	
8,795	0,61	
8,8	0,6	
8,805	0,58	
8,81	0,57	
8,815	0,56	
8,82	0,56	
8,825	0,55	
8,83	0,55	
8,835	0,54	
8,84	0,52	
8,845	0,51	
8,85	0,49	
8,855	0,47	
8,86	0,45	
8,865	0,44	
8,87	0,43	
8,875	0,43	
8,88	0,42	
8,885	0,4	
8,89	0,39	
8,895	0,37	
8,9	0,35	
8,905	0,33	
8,91	0,31	
8,915	0,3	
8,92	0,29	
8,925	0,28	
8,93	0,27	
8,935	0,26	
8,94	0,24	
8,945	0,21	
8,95	0,18	
8,955	0,16	
8,96	0,15	
8,965	0,13	
8,97	0,12	
8,975	0,11	
8,98	0,1	
8,985	0,09	
8,99	0,07	
8,995	0,05	
9,0	0,03	
9,005	0,01	
9,01	-0,01	
9,015	-0,03	
9,02	-0,04	
9,025	-0,06	
9,03	-0,07	
9,035	-0,08	
9,04	-0,09	
9,045	-0,11	
9,05	-0,13	
9,055	-0,15	
9,06	-0,17	
9,065	-0,19	
9,07	-0,21	
9,075	-0,21	
9,08	-0,22	
9,085	-0,23	
9,09	-0,25	
9,095	-0,26	
9,1	-0,28	
9,105	-0,31	
9,11	-0,33	
9,115	-0,34	
9,12	-0,35	
9,125	-0,36	
9,13	-0,36	
9,135	-0,37	
9,14	-0,38	
9,145	-0,39	
9,15	-0,41	
9,155	-0,43	
9,16	-0,44	
9,165	-0,45	
9,17	-0,46	
9,175	-0,46	
9,18	-0,47	
9,185	-0,47	
9,19	-0,49	
9,195	-0,5	
9,2	-0,51	
9,205	-0,52	
9,21	-0,53	
9,215	-0,54	
9,22	-0,54	
9,225	-0,54	
9,23	-0,55	
9,235	-0,56	
9,24	-0,56	
9,245	-0,57	
9,25	-0,58	
9,255	-0,59	
9,26	-0,58	
9,265	-0,57	
9,27	-0,58	
9,275	-0,58	
9,28	-0,58	
9,285	-0,59	
9,29	-0,61	
9,295	-0,61	
9,3	-0,61	
9,305	-0,61	
9,31	-0,6	
9,315	-0,59	
9,32	-0,58	
9,325	-0,58	
9,33	-0,58	
9,335	-0,59	
9,34	-0,59	
9,345	-0,6	
9,35	-0,59	
9,355	-0,58	
9,36	-0,57	
9,365	-0,56	
9,37	-0,55	
9,375	-0,55	
9,38	-0,55	
9,385	-0,56	
9,39	-0,56	
9,395	-0,56	
9,4	-0,55	
9,405	-0,54	
9,41	-0,52	
9,415	-0,5	
9,42	-0,48	
9,425	-0,47	
9,43	-0,48	
9,435	-0,48	
9,44	-0,48	
9,445	-0,48	
9,45	-0,47	
9,455	-0,45	
9,46	-0,42	
9,465	-0,4	
9,47	-0,39	
9,475	-0,38	
9,48	-0,39	
9,485	-0,39	
9,49	-0,39	
9,495	-0,38	
9,5	-0,37	
9,505	-0,35	
9,51	-0,31	
9,515	-0,3	
9,52	-0,29	
9,525	-0,27	
9,53	-0,27	
9,535	-0,27	
9,54	-0,26	
9,545	-0,24	
9,55	-0,23	
9,555	-0,21	
9,56	-0,19	
9,565	-0,17	
9,57	-0,16	
9,575	-0,15	
9,58	-0,14	
9,585	-0,14	
9,59	-0,12	
9,595	-0,11	
9,6	-0,09	
9,605	-0,07	
9,61	-0,06	
9,615	-0,04	
9,62	-0,03	
9,625	-0,02	
9,63	-0,01	
9,635	0	
9,64	0,01	
9,645	0,03	
9,65	0,04	
9,655	0,05	
9,66	0,07	
9,665	0,08	
9,67	0,09	
9,675	0,11	
9,68	0,12	
9,685	0,13	
9,69	0,14	
9,695	0,16	
9,7	0,17	
9,705	0,18	
9,71	0,19	
9,715	0,2	
9,72	0,21	
9,725	0,22	
9,73	0,23	
9,735	0,24	
9,74	0,26	
9,745	0,27	
9,75	0,28	
9,755	0,29	
9,76	0,3	
9,765	0,3	
9,77	0,31	
9,775	0,32	
9,78	0,33	
9,785	0,34	
9,79	0,35	
9,795	0,36	
9,8	0,36	
9,805	0,37	
9,81	0,37	
9,815	0,37	
9,82	0,38	
9,825	0,39	
9,83	0,39	
9,835	0,4	
9,84	0,42	
9,845	0,42	
9,85	0,43	
9,855	0,43	
9,86	0,44	
9,865	0,43	
9,87	0,43	
9,875	0,43	
9,88	0,43	
9,885	0,44	
9,89	0,44	
9,895	0,45	
9,9	0,46	
9,905	0,46	
9,91	0,46	
9,915	0,45	
9,92	0,45	
9,925	0,44	
9,93	0,44	
9,935	0,44	
9,94	0,45	
9,945	0,45	
9,95	0,46	
9,955	0,46	
9,96	0,46	
9,965	0,45	
9,97	0,44	
9,975	0,43	
9,98	0,42	
9,985	0,42	
9,99	0,42	
9,995	0,43	
10,0	0,43	
10,005	0,43	
10,01	0,42	
10,015	0,41	
10,02	0,4	
10,025	0,39	
10,03	0,38	
10,035	0,38	
10,04	0,38	
10,045	0,38	
10,05	0,37	
10,055	0,38	
10,06	0,37	
10,065	0,36	
10,07	0,35	
10,075	0,33	
10,08	0,32	
10,085	0,32	
10,09	0,31	
10,095	0,31	
10,1	0,31	
10,105	0,3	
10,11	0,28	
10,115	0,27	
10,12	0,26	
10,125	0,25	
10,13	0,24	
10,135	0,23	
10,14	0,23	
10,145	0,22	
10,15	0,22	
10,155	0,21	
10,16	0,19	
10,165	0,18	
10,17	0,17	
10,175	0,16	
10,18	0,15	
10,185	0,14	
10,19	0,14	
10,195	0,13	
10,2	0,12	
10,205	0,11	
10,21	0,1	
10,215	0,09	
10,22	0,08	
10,225	0,07	
10,23	0,06	
10,235	0,06	
10,24	0,05	
10,245	0,04	
10,25	0,02	
10,255	0,01	
10,26	0	
10,265	-0,01	
10,27	-0,01	
10,275	-0,02	
10,28	-0,02	
10,285	-0,03	
10,29	-0,04	
10,295	-0,05	
10,3	-0,06	
10,305	-0,07	
10,31	-0,09	
10,315	-0,1	
10,32	-0,11	
10,325	-0,11	
10,33	-0,12	
10,335	-0,12	
10,34	-0,13	
10,345	-0,14	
10,35	-0,15	
10,355	-0,16	
10,36	-0,17	
10,365	-0,17	
10,37	-0,17	
10,375	-0,18	
10,38	-0,18	
10,385	-0,18	
10,39	-0,19	
10,395	-0,2	
10,4	-0,21	
10,405	-0,22	
10,41	-0,23	
10,415	-0,23	
10,42	-0,23	
10,425	-0,24	
10,43	-0,24	
10,435	-0,24	
10,44	-0,25	
10,445	-0,25	
10,45	-0,26	
10,455	-0,26	
10,46	-0,27	
10,465	-0,27	
10,47	-0,27	
10,475	-0,27	
10,48	-0,27	
10,485	-0,28	
10,49	-0,28	
10,495	-0,28	
10,5	-0,28	
10,505	-0,28	
10,51	-0,29	
10,515	-0,29	
10,52	-0,29	
10,525	-0,29	
10,53	-0,29	
10,535	-0,29	
10,54	-0,29	
10,545	-0,29	
10,55	-0,29	
10,555	-0,29	
10,56	-0,29	
10,565	-0,29	
10,57	-0,29	
10,575	-0,29	
10,58	-0,28	
10,585	-0,28	
10,59	-0,28	
10,595	-0,28	
10,6	-0,27	
10,605	-0,27	
10,61	-0,27	
10,615	-0,27	
10,62	-0,26	
10,625	-0,26	
10,63	-0,26	
10,635	-0,26	
10,64	-0,26	
10,645	-0,25	
10,65	-0,25	
10,655	-0,24	
10,66	-0,24	
10,665	-0,24	
10,67	-0,24	
10,675	-0,23	
10,68	-0,23	
10,685	-0,23	
10,69	-0,22	
10,695	-0,22	
10,7	-0,21	
10,705	-0,21	
10,71	-0,21	
10,715	-0,2	
10,72	-0,19	
10,725	-0,19	
10,73	-0,18	
10,735	-0,18	
10,74	-0,18	
10,745	-0,18	
10,75	-0,17	
10,755	-0,16	
10,76	-0,16	
10,765	-0,15	
10,77	-0,14	
10,775	-0,13	
10,78	-0,13	
10,785	-0,13	
10,79	-0,13	
10,795	-0,12	
10,8	-0,12	
10,805	-0,11	
10,81	-0,1	
10,815	-0,09	
10,82	-0,09	
10,825	-0,08	
10,83	-0,08	
10,835	-0,08	
10,84	-0,08	
10,845	-0,08	
10,85	-0,07	
10,855	-0,07	
10,86	-0,06	
10,865	-0,05	
10,87	-0,04	
10,875	-0,03	
10,88	-0,02	
10,885	-0,02	
10,89	-0,02	
10,895	-0,02	
10,9	-0,02	
10,905	-0,02	
10,91	-0,01	
10,915	0	
10,92	0,01	
10,925	0,01	
10,93	0,02	
10,935	0,02	
10,94	0,02	
10,945	0,01	
10,95	0,02	
10,955	0,02	
10,96	0,03	
10,965	0,04	
10,97	0,04	
10,975	0,05	
10,98	0,05	
10,985	0,05	
10,99	0,05	
10,995	0,05	
11,0	0,06	
11,005	0,06	
11,01	0,07	
11,015	0,07	
11,02	0,07	
11,025	0,07	
11,03	0,07	
11,035	0,08	
11,04	0,08	
11,045	0,08	
11,05	0,08	
11,055	0,08	
11,06	0,09	
11,065	0,09	
11,07	0,09	
11,075	0,09	
11,08	0,09	
11,085	0,1	
11,09	0,09	
11,095	0,1	
11,1	0,1	
11,105	0,1	
11,11	0,1	
11,115	0,1	
11,12	0,1	
11,125	0,1	
11,13	0,1	
11,135	0,1	
11,14	0,11	
11,145	0,11	
11,15	0,1	
11,155	0,11	
11,16	0,11	
11,165	0,1	
11,17	0,1	
11,175	0,1	
11,18	0,1	
11,185	0,1	
11,19	0,1	
11,195	0,1	
11,2	0,11	
11,205	0,1	
11,21	0,1	
11,215	0,1	
11,22	0,1	
11,225	0,09	
11,23	0,09	
11,235	0,09	
11,24	0,1	
11,245	0,1	
11,25	0,1	
11,255	0,1	
11,26	0,1	
11,265	0,09	
11,27	0,09	
11,275	0,08	
11,28	0,08	
11,285	0,08	
11,29	0,09	
11,295	0,09	
11,3	0,1	
11,305	0,09	
11,31	0,09	
11,315	0,09	
11,32	0,08	
11,325	0,08	
11,33	0,08	
11,335	0,08	
11,34	0,08	
11,345	0,08	
11,35	0,08	
11,355	0,08	
11,36	0,08	
11,365	0,07	
11,37	0,07	
11,375	0,07	
11,38	0,07	
11,385	0,07	
11,39	0,07	
11,395	0,07	
11,4	0,07	
11,405	0,07	
11,41	0,07	
11,415	0,07	
11,42	0,07	
11,425	0,06	
11,43	0,06	
11,435	0,06	
11,44	0,06	
11,445	0,06	
11,45	0,06	
11,455	0,07	
11,46	0,07	
11,465	0,07	
11,47	0,07	
11,475	0,07	
11,48	0,06	
11,485	0,06	
11,49	0,06	
11,495	0,06	
11,5	0,06	
11,505	0,06	
11,51	0,06	
11,515	0,06	
11,52	0,06	
11,525	0,06	
11,53	0,06	
11,535	0,06	
11,54	0,06	
11,545	0,06	
11,55	0,06	
11,555	0,06	
11,56	0,06	
11,565	0,07	
11,57	0,07	
11,575	0,07	
11,58	0,07	
11,585	0,06	
11,59	0,06	
11,595	0,06	
11,6	0,06	
11,605	0,06	
11,61	0,06	
11,615	0,06	
11,62	0,07	
11,625	0,07	
11,63	0,07	
11,635	0,07	
11,64	0,07	
11,645	0,07	
11,65	0,07	
11,655	0,07	
11,66	0,07	
11,665	0,07	
11,67	0,07	
11,675	0,07	
11,68	0,08	
11,685	0,08	
11,69	0,08	
11,695	0,08	
11,7	0,08	
11,705	0,07	
11,71	0,07	
11,715	0,07	
11,72	0,08	
11,725	0,08	
11,73	0,08	
11,735	0,08	
11,74	0,08	
11,745	0,07	
11,75	0,07	
11,755	0,07	
11,76	0,07	
11,765	0,08	
11,77	0,08	
11,775	0,09	
11,78	0,09	
11,785	0,09	
11,79	0,08	
11,795	0,08	
11,8	0,08	
11,805	0,07	
11,81	0,07	
11,815	0,07	
11,82	0,08	
11,825	0,08	
11,83	0,08	
11,835	0,08	
11,84	0,08	
11,845	0,08	
11,85	0,08	
11,855	0,07	
11,86	0,07	
11,865	0,06	
11,87	0,07	
11,875	0,07	
11,88	0,07	
11,885	0,07	
11,89	0,07	
11,895	0,07	
11,9	0,06	
11,905	0,06	
11,91	0,06	
11,915	0,06	
11,92	0,05	
11,925	0,05	
11,93	0,05	
11,935	0,05	
11,94	0,04	
11,945	0,04	
11,95	0,04	
11,955	0,03	
11,96	0,03	
11,965	0,03	
11,97	0,03	
11,975	0,02	
11,98	0,02	
11,985	0,02	
11,99	0,02	
11,995	0,01	
12,0	0,01	
12,005	0,01	
12,01	0	
12,015	-0,01	
12,02	-0,01	
12,025	-0,02	
12,03	-0,02	
12,035	-0,02	
12,04	-0,02	
12,045	-0,02	
12,05	-0,03	
12,055	-0,03	
12,06	-0,03	
12,065	-0,04	
12,07	-0,04	
12,075	-0,05	
12,08	-0,05	
12,085	-0,06	
12,09	-0,06	
12,095	-0,07	
12,1	-0,07	
12,105	-0,08	
12,11	-0,08	
12,115	-0,09	
12,12	-0,09	
12,125	-0,09	
12,13	-0,1	
12,135	-0,11	
12,14	-0,12	
12,145	-0,12	
12,15	-0,13	
12,155	-0,13	
12,16	-0,13	
12,165	-0,13	
12,17	-0,13	
12,175	-0,14	
12,18	-0,15	
12,185	-0,15	
12,19	-0,16	
12,195	-0,16	
12,2	-0,16	
12,205	-0,17	
12,21	-0,17	
12,215	-0,17	
12,22	-0,18	
12,225	-0,18	
12,23	-0,19	
12,235	-0,2	
12,24	-0,2	
12,245	-0,21	
12,25	-0,21	
12,255	-0,21	
12,26	-0,21	
12,265	-0,22	
12,27	-0,22	
12,275	-0,22	
12,28	-0,22	
12,285	-0,23	
12,29	-0,23	
12,295	-0,23	
12,3	-0,24	
12,305	-0,24	
12,31	-0,24	
12,315	-0,24	
12,32	-0,24	
12,325	-0,24	
12,33	-0,25	
12,335	-0,25	
12,34	-0,26	
12,345	-0,26	
12,35	-0,26	
12,355	-0,26	
12,36	-0,26	
12,365	-0,26	
12,37	-0,26	
12,375	-0,26	
12,38	-0,26	
12,385	-0,26	
12,39	-0,26	
12,395	-0,26	
12,4	-0,26	
12,405	-0,26	
12,41	-0,27	
12,415	-0,27	
12,42	-0,26	
12,425	-0,26	
12,43	-0,26	
12,435	-0,26	
12,44	-0,25	
12,445	-0,25	
12,45	-0,25	
12,455	-0,25	
12,46	-0,25	
12,465	-0,25	
12,47	-0,24	
12,475	-0,24	
12,48	-0,24	
12,485	-0,23	
12,49	-0,23	
12,495	-0,23	
12,5	-0,22	
12,505	-0,22	
12,51	-0,22	
12,515	-0,21	
12,52	-0,21	
12,525	-0,2	
12,53	-0,2	
12,535	-0,19	
12,54	-0,19	
12,545	-0,18	
12,55	-0,18	
12,555	-0,17	
12,56	-0,17	
12,565	-0,16	
12,57	-0,15	
12,575	-0,15	
12,58	-0,14	
12,585	-0,13	
12,59	-0,12	
12,595	-0,11	
12,6	-0,11	
12,605	-0,1	
12,61	-0,09	
12,615	-0,09	
12,62	-0,08	
12,625	-0,08	
12,63	-0,07	
12,635	-0,07	
12,64	-0,06	
12,645	-0,05	
12,65	-0,04	
12,655	-0,03	
12,66	-0,02	
12,665	-0,01	
12,67	-0,01	
12,675	0	
12,68	0,01	
12,685	0,02	
12,69	0,03	
12,695	0,04	
12,7	0,05	
12,705	0,06	
12,71	0,07	
12,715	0,08	
12,72	0,08	
12,725	0,09	
12,73	0,09	
12,735	0,1	
12,74	0,11	
12,745	0,13	
12,75	0,14	
12,755	0,15	
12,76	0,16	
12,765	0,17	
12,77	0,17	
12,775	0,18	
12,78	0,18	
12,785	0,19	
12,79	0,2	
12,795	0,21	
12,8	0,22	
12,805	0,24	
12,81	0,25	
12,815	0,25	
12,82	0,26	
12,825	0,27	
12,83	0,27	
12,835	0,28	
12,84	0,29	
12,845	0,29	
12,85	0,31	
12,855	0,32	
12,86	0,32	
12,865	0,33	
12,87	0,33	
12,875	0,33	
12,88	0,34	
12,885	0,34	
12,89	0,35	
12,895	0,35	
12,9	0,36	
12,905	0,37	
12,91	0,38	
12,915	0,39	
12,92	0,39	
12,925	0,4	
12,93	0,39	
12,935	0,4	
12,94	0,4	
12,945	0,4	
12,95	0,41	
12,955	0,41	
12,96	0,42	
12,965	0,42	
12,97	0,42	
12,975	0,42	
12,98	0,43	
12,985	0,43	
12,99	0,43	
12,995	0,43	
13,0	0,43	
13,005	0,43	
13,01	0,43	
13,015	0,43	
13,02	0,43	
13,025	0,43	
13,03	0,43	
13,035	0,42	
13,04	0,42	
13,045	0,42	
13,05	0,42	
13,055	0,42	
13,06	0,41	
13,065	0,41	
13,07	0,41	
13,075	0,4	
13,08	0,4	
13,085	0,4	
13,09	0,4	
13,095	0,39	
13,1	0,38	
13,105	0,38	
13,11	0,37	
13,115	0,36	
13,12	0,36	
13,125	0,36	
13,13	0,35	
13,135	0,35	
13,14	0,34	
13,145	0,33	
13,15	0,32	
13,155	0,31	
13,16	0,3	
13,165	0,29	
13,17	0,29	
13,175	0,29	
13,18	0,28	
13,185	0,27	
13,19	0,26	
13,195	0,25	
13,2	0,24	
13,205	0,22	
13,21	0,21	
13,215	0,2	
13,22	0,19	
13,225	0,18	
13,23	0,16	
13,235	0,16	
13,24	0,15	
13,245	0,14	
13,25	0,13	
13,255	0,12	
13,26	0,1	
13,265	0,09	
13,27	0,08	
13,275	0,06	
13,28	0,06	
13,285	0,05	
13,29	0,03	
13,295	0,02	
13,3	0,01	
13,305	0	
13,31	-0,03	
13,315	-0,04	
13,32	-0,05	
13,325	-0,06	
13,33	-0,08	
13,335	-0,09	
13,34	-0,1	
13,345	-0,11	
13,35	-0,12	
13,355	-0,13	
13,36	-0,15	
13,365	-0,16	
13,37	-0,17	
13,375	-0,19	
13,38	-0,2	
13,385	-0,21	
13,39	-0,22	
13,395	-0,24	
13,4	-0,24	
13,405	-0,26	
13,41	-0,27	
13,415	-0,28	
13,42	-0,3	
13,425	-0,31	
13,43	-0,32	
13,435	-0,33	
13,44	-0,34	
13,445	-0,35	
13,45	-0,35	
13,455	-0,36	
13,46	-0,38	
13,465	-0,39	
13,47	-0,41	
13,475	-0,42	
13,48	-0,43	
13,485	-0,43	
13,49	-0,44	
13,495	-0,45	
13,5	-0,46	
13,505	-0,46	
13,51	-0,47	
13,515	-0,48	
13,52	-0,49	
13,525	-0,5	
13,53	-0,5	
13,535	-0,5	
13,54	-0,51	
13,545	-0,52	
13,55	-0,52	
13,555	-0,53	
13,56	-0,53	
13,565	-0,54	
13,57	-0,54	
13,575	-0,55	
13,58	-0,55	
13,585	-0,56	
13,59	-0,56	
13,595	-0,56	
13,6	-0,56	
13,605	-0,57	
13,61	-0,57	
13,615	-0,57	
13,62	-0,57	
13,625	-0,57	
13,63	-0,57	
13,635	-0,57	
13,64	-0,57	
13,645	-0,57	
13,65	-0,57	
13,655	-0,56	
13,66	-0,56	
13,665	-0,55	
13,67	-0,55	
13,675	-0,54	
13,68	-0,54	
13,685	-0,54	
13,69	-0,54	
13,695	-0,54	
13,7	-0,54	
13,705	-0,53	
13,71	-0,53	
13,715	-0,52	
13,72	-0,51	
13,725	-0,5	
13,73	-0,49	
13,735	-0,48	
13,74	-0,47	
13,745	-0,47	
13,75	-0,46	
13,755	-0,46	
13,76	-0,45	
13,765	-0,44	
13,77	-0,43	
13,775	-0,42	
13,78	-0,4	
13,785	-0,39	
13,79	-0,39	
13,795	-0,37	
13,8	-0,36	
13,805	-0,35	
13,81	-0,34	
13,815	-0,32	
13,82	-0,3	
13,825	-0,29	
13,83	-0,28	
13,835	-0,27	
13,84	-0,26	
13,845	-0,25	
13,85	-0,23	
13,855	-0,22	
13,86	-0,2	
13,865	-0,19	
13,87	-0,17	
13,875	-0,19	
13,88	-0,14	
13,885	-0,13	
13,89	-0,11	
13,895	-0,1	
13,9	-0,08	
13,905	-0,06	
13,91	-0,05	
13,915	-0,04	
13,92	-0,02	
13,925	-0,01	
13,93	0	
13,935	0,02	
13,94	0,03	
13,945	0,05	
13,95	0,07	
13,955	0,09	
13,96	0,11	
13,965	0,13	
13,97	0,14	
13,975	0,15	
13,98	0,17	
13,985	0,18	
13,99	0,2	
13,995	0,21	
14,0	0,23	
14,005	0,25	
14,01	0,26	
14,015	0,28	
14,02	0,29	
14,025	0,3	
14,03	0,32	
14,035	0,33	
14,04	0,35	
14,045	0,37	
14,05	0,38	
14,055	0,4	
14,06	0,41	
14,065	0,43	
14,07	0,44	
14,075	0,45	
14,08	0,46	
14,085	0,47	
14,09	0,48	
14,095	0,49	
14,1	0,51	
14,105	0,52	
14,11	0,53	
14,115	0,54	
14,12	0,55	
14,125	0,56	
14,13	0,57	
14,135	0,57	
14,14	0,58	
14,145	0,59	
14,15	0,6	
14,155	0,61	
14,16	0,62	
14,165	0,63	
14,17	0,63	
14,175	0,64	
14,18	0,64	
14,185	0,64	
14,19	0,65	
14,195	0,65	
14,2	0,66	
14,205	0,67	
14,21	0,67	
14,215	0,68	
14,22	0,68	
14,225	0,68	
14,23	0,68	
14,235	0,68	
14,24	0,67	
14,245	0,68	
14,25	0,68	
14,255	0,68	
14,26	0,68	
14,265	0,68	
14,27	0,68	
14,275	0,68	
14,28	0,67	
14,285	0,66	
14,29	0,66	
14,295	0,65	
14,3	0,65	
14,305	0,64	
14,31	0,64	
14,315	0,64	
14,32	0,64	
14,325	0,63	
14,33	0,62	
14,335	0,61	
14,34	0,6	
14,345	0,59	
14,35	0,58	
14,355	0,58	
14,36	0,57	
14,365	0,56	
14,37	0,55	
14,375	0,54	
14,38	0,52	
14,385	0,51	
14,39	0,5	
14,395	0,49	
14,4	0,48	
14,405	0,47	
14,41	0,46	
14,415	0,44	
14,42	0,43	
14,425	0,42	
14,43	0,4	
14,435	0,38	
14,44	0,37	
14,445	0,35	
14,45	0,34	
14,455	0,32	
14,46	0,31	
14,465	0,29	
14,47	0,28	
14,475	0,26	
14,48	0,25	
14,485	0,23	
14,49	0,21	
14,495	0,19	
14,5	0,18	
14,505	0,16	
14,51	0,15	
14,515	0,13	
14,52	0,11	
14,525	0,08	
14,53	0,07	
14,535	0,05	
14,54	0,04	
14,545	0,02	
14,55	0	
14,555	-0,02	
14,56	-0,04	
14,565	-0,06	
14,57	-0,08	
14,575	-0,1	
14,58	-0,12	
14,585	-0,13	
14,59	-0,14	
14,595	-0,16	
14,6	-0,18	
14,605	-0,21	
14,61	-0,23	
14,615	-0,25	
14,62	-0,26	
14,625	-0,28	
14,63	-0,3	
14,635	-0,31	
14,64	-0,32	
14,645	-0,34	
14,65	-0,35	
14,655	-0,37	
14,66	-0,39	
14,665	-0,41	
14,67	-0,43	
14,675	-0,44	
14,68	-0,45	
14,685	-0,47	
14,69	-0,48	
14,695	-0,49	
14,7	-0,5	
14,705	-0,51	
14,71	-0,53	
14,715	-0,55	
14,72	-0,57	
14,725	-0,58	
14,73	-0,59	
14,735	-0,6	
14,74	-0,61	
14,745	-0,62	
14,75	-0,63	
14,755	-0,64	
14,76	-0,65	
14,765	-0,66	
14,77	-0,67	
14,775	-0,68	
14,78	-0,69	
14,785	-0,69	
14,79	-0,7	
14,795	-0,7	
14,8	-0,71	
14,805	-0,72	
14,81	-0,72	
14,815	-0,73	
14,82	-0,73	
14,825	-0,74	
14,83	-0,74	
14,835	-0,75	
14,84	-0,75	
14,845	-0,75	
14,85	-0,75	
14,855	-0,75	
14,86	-0,75	
14,865	-0,75	
14,87	-0,75	
14,875	-0,75	
14,88	-0,76	
14,885	-0,75	
14,89	-0,75	
14,895	-0,75	
14,9	-0,75	
14,905	-0,74	
14,91	-0,73	
14,915	-0,73	
14,92	-0,72	
14,925	-0,71	
14,93	-0,71	
14,935	-0,7	
14,94	-0,7	
14,945	-0,69	
14,95	-0,68	
14,955	-0,67	
14,96	-0,66	
14,965	-0,65	
14,97	-0,64	
14,975	-0,63	
14,98	-0,63	
14,985	-0,62	
14,99	-0,61	
14,995	-0,6	
15,0	-0,59	
15,005	-0,58	
15,01	-0,56	
15,015	-0,54	
15,02	-0,53	
15,025	-0,51	
15,03	-0,5	
15,035	-0,48	
15,04	-0,47	
15,045	-0,45	
15,05	-0,44	
15,055	-0,42	
15,06	-0,4	
15,065	-0,39	
15,07	-0,38	
15,075	-0,36	
15,08	-0,34	
15,085	-0,33	
15,09	-0,3	
15,095	-0,29	
15,1	-0,27	
15,105	-0,25	
15,11	-0,23	
15,115	-0,22	
15,12	-0,19	
15,125	-0,17	
15,13	-0,15	
15,135	-0,14	
15,14	-0,12	
15,145	-0,1	
15,15	-0,08	
15,155	-0,07	
15,16	-0,05	
15,165	-0,03	
15,17	0	
15,175	0,03	
15,18	0,05	
15,185	0,06	
15,19	0,08	
15,195	0,1	
15,2	0,11	
15,205	0,13	
15,21	0,15	
15,215	0,17	
15,22	0,19	
15,225	0,21	
15,23	0,23	
15,235	0,25	
15,24	0,26	
15,245	0,28	
15,25	0,3	
15,255	0,32	
15,26	0,34	
15,265	0,36	
15,27	0,38	
15,275	0,4	
15,28	0,41	
15,285	0,43	
15,29	0,44	
15,295	0,45	
15,3	0,47	
15,305	0,49	
15,31	0,5	
15,315	0,52	
15,32	0,53	
15,325	0,54	
15,33	0,57	
15,335	0,58	
15,34	0,59	
15,345	0,61	
15,35	0,62	
15,355	0,63	
15,36	0,64	
15,365	0,65	
15,37	0,66	
15,375	0,67	
15,38	0,68	
15,385	0,69	
15,39	0,7	
15,395	0,7	
15,4	0,71	
15,405	0,72	
15,41	0,73	
15,415	0,75	
15,42	0,75	
15,425	0,76	
15,43	0,76	
15,435	0,76	
15,44	0,76	
15,445	0,77	
15,45	0,77	
15,455	0,78	
15,46	0,78	
15,465	0,78	
15,47	0,78	
15,475	0,79	
15,48	0,79	
15,485	0,79	
15,49	0,79	
15,495	0,79	
15,5	0,78	
15,505	0,79	
15,51	0,79	
15,515	0,78	
15,52	0,78	
15,525	0,77	
15,53	0,76	
15,535	0,76	
15,54	0,76	
15,545	0,75	
15,55	0,74	
15,555	0,74	
15,56	0,73	
15,565	0,72	
15,57	0,71	
15,575	0,7	
15,58	0,69	
15,585	0,68	
15,59	0,67	
15,595	0,66	
15,6	0,65	
15,605	0,64	
15,61	0,63	
15,615	0,62	
15,62	0,6	
15,625	0,59	
15,63	0,58	
15,635	0,56	
15,64	0,55	
15,645	0,54	
15,65	0,52	
15,655	0,51	
15,66	0,49	
15,665	0,47	
15,67	0,45	
15,675	0,44	
15,68	0,42	
15,685	0,4	
15,69	0,39	
15,695	0,37	
15,7	0,35	
15,705	0,34	
15,71	0,32	
15,715	0,3	
15,72	0,29	
15,725	0,27	
15,73	0,25	
15,735	0,22	
15,74	0,2	
15,745	0,18	
15,75	0,16	
15,755	0,14	
15,76	0,12	
15,765	0,1	
15,77	0,08	
15,775	0,07	
15,78	0,05	
15,785	0,03	
15,79	0,01	
15,795	-0,01	
15,8	-0,03	
15,805	-0,05	
15,81	-0,07	
15,815	-0,09	
15,82	-0,11	
15,825	-0,13	
15,83	-0,15	
15,835	-0,17	
15,84	-0,19	
15,845	-0,21	
15,85	-0,23	
15,855	-0,25	
15,86	-0,26	
15,865	-0,28	
15,87	-0,3	
15,875	-0,32	
15,88	-0,33	
15,885	-0,35	
15,89	-0,37	
15,895	-0,39	
15,9	-0,41	
15,905	-0,43	
15,91	-0,44	
15,915	-0,46	
15,92	-0,47	
15,925	-0,49	
15,93	-0,5	
15,935	-0,52	
15,94	-0,53	
15,945	-0,55	
15,95	-0,56	
15,955	-0,57	
15,96	-0,59	
15,965	-0,6	
15,97	-0,61	
15,975	-0,63	
15,98	-0,64	
15,985	-0,65	
15,99	-0,66	
15,995	-0,67	
16,0	-0,68	
16,005	-0,69	
16,01	-0,69	
16,015	-0,71	
16,02	-0,71	
16,025	-0,72	
16,03	-0,73	
16,035	-0,74	
16,04	-0,74	
16,045	-0,74	
16,05	-0,75	
16,055	-0,75	
16,06	-0,76	
16,065	-0,77	
16,07	-0,77	
16,075	-0,78	
16,08	-0,78	
16,085	-0,78	
16,09	-0,78	
16,095	-0,78	
16,1	-0,77	
16,105	-0,77	
16,11	-0,77	
16,115	-0,78	
16,12	-0,78	
16,125	-0,78	
16,13	-0,78	
16,135	-0,77	
16,14	-0,76	
16,145	-0,75	
16,15	-0,75	
16,155	-0,74	
16,16	-0,74	
16,165	-0,74	
16,17	-0,73	
16,175	-0,73	
16,18	-0,72	
16,185	-0,71	
16,19	-0,7	
16,195	-0,69	
16,2	-0,68	
16,205	-0,67	
16,21	-0,66	
16,215	-0,65	
16,22	-0,63	
16,225	-0,62	
16,23	-0,61	
16,235	-0,6	
16,24	-0,59	
16,245	-0,58	
16,25	-0,56	
16,255	-0,55	
16,26	-0,54	
16,265	-0,53	
16,27	-0,51	
16,275	-0,49	
16,28	-0,48	
16,285	-0,46	
16,29	-0,45	
16,295	-0,44	
16,3	-0,41	
16,305	-0,4	
16,31	-0,38	
16,315	-0,36	
16,32	-0,34	
16,325	-0,33	
16,33	-0,31	
16,335	-0,3	
16,34	-0,28	
16,345	-0,26	
16,35	-0,25	
16,355	-0,23	
16,36	-0,21	
16,365	-0,19	
16,37	-0,17	
16,375	-0,15	
16,38	-0,13	
16,385	-0,11	
16,39	-0,09	
16,395	-0,07	
16,4	-0,05	
16,405	-0,03	
16,41	-0,02	
16,415	0,01	
16,42	0,03	
16,425	0,04	
16,43	0,06	
16,435	0,08	
16,44	0,09	
16,445	0,11	
16,45	0,13	
16,455	0,15	
16,46	0,17	
16,465	0,2	
16,47	0,22	
16,475	0,23	
16,48	0,25	
16,485	0,27	
16,49	0,28	
16,495	0,29	
16,5	0,31	
16,505	0,33	
16,51	0,35	
16,515	0,37	
16,52	0,38	
16,525	0,4	
16,53	0,41	
16,535	0,43	
16,54	0,44	
16,545	0,46	
16,55	0,48	
16,555	0,49	
16,56	0,5	
16,565	0,51	
16,57	0,52	
16,575	0,54	
16,58	0,55	
16,585	0,56	
16,59	0,57	
16,595	0,58	
16,6	0,6	
16,605	0,61	
16,61	0,62	
16,615	0,62	
16,62	0,64	
16,625	0,65	
16,63	0,66	
16,635	0,67	
16,64	0,67	
16,645	0,68	
16,65	0,69	
16,655	0,69	
16,66	0,7	
16,665	0,7	
16,67	0,7	
16,675	0,71	
16,68	0,71	
16,685	0,71	
16,69	0,72	
16,695	0,72	
16,7	0,72	
16,705	0,72	
16,71	0,72	
16,715	0,72	
16,72	0,72	
16,725	0,72	
16,73	0,73	
16,735	0,72	
16,74	0,72	
16,745	0,72	
16,75	0,72	
16,755	0,71	
16,76	0,71	
16,765	0,71	
16,77	0,7	
16,775	0,7	
16,78	0,69	
16,785	0,69	
16,79	0,68	
16,795	0,67	
16,8	0,66	
16,805	0,65	
16,81	0,65	
16,815	0,64	
16,82	0,63	
16,825	0,62	
16,83	0,62	
16,835	0,61	
16,84	0,6	
16,845	0,58	
16,85	0,57	
16,855	0,56	
16,86	0,55	
16,865	0,54	
16,87	0,53	
16,875	0,52	
16,88	0,5	
16,885	0,49	
16,89	0,47	
16,895	0,46	
16,9	0,44	
16,905	0,43	
16,91	0,42	
16,915	0,41	
16,92	0,39	
16,925	0,38	
16,93	0,36	
16,935	0,34	
16,94	0,32	
16,945	0,31	
16,95	0,29	
16,955	0,28	
16,96	0,26	
16,965	0,24	
16,97	0,23	
16,975	0,21	
16,98	0,2	
16,985	0,18	
16,99	0,16	
16,995	0,14	
17,0	0,13	
17,005	0,11	
17,01	0,09	
17,015	0,08	
17,02	0,06	
17,025	0,04	
17,03	0,02	
17,035	0	
17,04	-0,01	
17,045	-0,03	
17,05	-0,05	
17,055	-0,07	
17,06	-0,08	
17,065	-0,1	
17,07	-0,12	
17,075	-0,13	
17,08	-0,15	
17,085	-0,17	
17,09	-0,18	
17,095	-0,2	
17,1	-0,21	
17,105	-0,23	
17,11	-0,25	
17,115	-0,26	
17,12	-0,28	
17,125	-0,3	
17,13	-0,31	
17,135	-0,32	
17,14	-0,34	
17,145	-0,35	
17,15	-0,37	
17,155	-0,38	
17,16	-0,39	
17,165	-0,41	
17,17	-0,42	
17,175	-0,43	
17,18	-0,44	
17,185	-0,45	
17,19	-0,47	
17,195	-0,48	
17,2	-0,49	
17,205	-0,5	
17,21	-0,51	
17,215	-0,52	
17,22	-0,53	
17,225	-0,53	
17,23	-0,54	
17,235	-0,55	
17,24	-0,56	
17,245	-0,56	
17,25	-0,57	
17,255	-0,58	
17,26	-0,58	
17,265	-0,59	
17,27	-0,6	
17,275	-0,61	
17,28	-0,61	
17,285	-0,61	
17,29	-0,62	
17,295	-0,62	
17,3	-0,63	
17,305	-0,63	
17,31	-0,63	
17,315	-0,63	
17,32	-0,63	
17,325	-0,63	
17,33	-0,63	
17,335	-0,63	
17,34	-0,63	
17,345	-0,63	
17,35	-0,63	
17,355	-0,63	
17,36	-0,63	
17,365	-0,63	
17,37	-0,63	
17,375	-0,62	
17,38	-0,62	
17,385	-0,62	
17,39	-0,61	
17,395	-0,61	
17,4	-0,6	
17,405	-0,6	
17,41	-0,59	
17,415	-0,59	
17,42	-0,58	
17,425	-0,58	
17,43	-0,57	
17,435	-0,56	
17,44	-0,55	
17,445	-0,54	
17,45	-0,53	
17,455	-0,52	
17,46	-0,52	
17,465	-0,51	
17,47	-0,5	
17,475	-0,49	
17,48	-0,48	
17,485	-0,47	
17,49	-0,46	
17,495	-0,45	
17,5	-0,44	
17,505	-0,42	
17,51	-0,41	
17,515	-0,4	
17,52	-0,38	
17,525	-0,37	
17,53	-0,36	
17,535	-0,35	
17,54	-0,34	
17,545	-0,32	
17,55	-0,31	
17,555	-0,29	
17,56	-0,28	
17,565	-0,27	
17,57	-0,25	
17,575	-0,24	
17,58	-0,24	
17,585	-0,22	
17,59	-0,21	
17,595	-0,19	
17,6	-0,17	
17,605	-0,15	
17,61	-0,14	
17,615	-0,13	
17,62	-0,11	
17,625	-0,1	
17,63	-0,09	
17,635	-0,07	
17,64	-0,06	
17,645	-0,04	
17,65	-0,03	
17,655	-0,01	
17,66	0	
17,665	0,02	
17,67	0,03	
17,675	0,05	
17,68	0,06	
17,685	0,08	
17,69	0,09	
17,695	0,1	
17,7	0,11	
17,705	0,13	
17,71	0,14	
17,715	0,16	
17,72	0,17	
17,725	0,18	
17,73	0,2	
17,735	0,21	
17,74	0,22	
17,745	0,23	
17,75	0,24	
17,755	0,26	
17,76	0,27	
17,765	0,29	
17,77	0,3	
17,775	0,31	
17,78	0,32	
17,785	0,33	
17,79	0,34	
17,795	0,35	
17,8	0,35	
17,805	0,36	
17,81	0,37	
17,815	0,38	
17,82	0,39	
17,825	0,4	
17,83	0,41	
17,835	0,42	
17,84	0,43	
17,845	0,44	
17,85	0,44	
17,855	0,45	
17,86	0,45	
17,865	0,46	
17,87	0,47	
17,875	0,48	
17,88	0,48	
17,885	0,48	
17,89	0,48	
17,895	0,49	
17,9	0,49	
17,905	0,49	
17,91	0,5	
17,915	0,5	
17,92	0,5	
17,925	0,51	
17,93	0,51	
17,935	0,51	
17,94	0,51	
17,945	0,52	
17,95	0,52	
17,955	0,52	
17,96	0,52	
17,965	0,51	
17,97	0,51	
17,975	0,51	
17,98	0,51	
17,985	0,51	
17,99	0,51	
17,995	0,51	
18,0	0,5	
18,005	0,5	
18,01	0,49	
18,015	0,49	
18,02	0,48	
18,025	0,48	
18,03	0,48	
18,035	0,47	
18,04	0,47	
18,045	0,46	
18,05	0,45	
18,055	0,45	
18,06	0,44	
18,065	0,44	
18,07	0,43	
18,075	0,42	
18,08	0,41	
18,085	0,41	
18,09	0,4	
18,095	0,39	
18,1	0,39	
18,105	0,38	
18,11	0,37	
18,115	0,36	
18,12	0,35	
18,125	0,34	
18,13	0,33	
18,135	0,32	
18,14	0,32	
18,145	0,31	
18,15	0,3	
18,155	0,29	
18,16	0,27	
18,165	0,26	
18,17	0,25	
18,175	0,24	
18,18	0,23	
18,185	0,22	
18,19	0,21	
18,195	0,2	
18,2	0,19	
18,205	0,18	
18,21	0,17	
18,215	0,15	
18,22	0,14	
18,225	0,13	
18,23	0,12	
18,235	0,11	
18,24	0,1	
18,245	0,09	
18,25	0,08	
18,255	0,07	
18,26	0,06	
18,265	0,04	
18,27	0,03	
18,275	0,02	
18,28	0,01	
18,285	0	
18,29	-0,01	
18,295	-0,02	
18,3	-0,03	
18,305	-0,04	
18,31	-0,05	
18,315	-0,06	
18,32	-0,07	
18,325	-0,09	
18,33	-0,1	
18,335	-0,11	
18,34	-0,12	
18,345	-0,13	
18,35	-0,14	
18,355	-0,15	
18,36	-0,16	
18,365	-0,16	
18,37	-0,17	
18,375	-0,18	
18,38	-0,19	
18,385	-0,2	
18,39	-0,21	
18,395	-0,22	
18,4	-0,22	
18,405	-0,23	
18,41	-0,24	
18,415	-0,24	
18,42	-0,25	
18,425	-0,26	
18,43	-0,27	
18,435	-0,28	
18,44	-0,29	
18,445	-0,29	
18,45	-0,3	
18,455	-0,3	
18,46	-0,3	
18,465	-0,31	
18,47	-0,31	
18,475	-0,32	
18,48	-0,32	
18,485	-0,33	
18,49	-0,33	
18,495	-0,34	
18,5	-0,34	
18,505	-0,34	
18,51	-0,34	
18,515	-0,34	
18,52	-0,35	
18,525	-0,35	
18,53	-0,35	
18,535	-0,36	
18,54	-0,36	
18,545	-0,36	
18,55	-0,36	
18,555	-0,36	
18,56	-0,36	
18,565	-0,36	
18,57	-0,36	
18,575	-0,36	
18,58	-0,36	
18,585	-0,36	
18,59	-0,36	
18,595	-0,36	
18,6	-0,36	
18,605	-0,36	
18,61	-0,36	
18,615	-0,35	
18,62	-0,35	
18,625	-0,35	
18,63	-0,35	
18,635	-0,34	
18,64	-0,34	
18,645	-0,33	
18,65	-0,33	
18,655	-0,33	
18,66	-0,33	
18,665	-0,32	
18,67	-0,32	
18,675	-0,31	
18,68	-0,31	
18,685	-0,31	
18,69	-0,31	
18,695	-0,3	
18,7	-0,3	
18,705	-0,29	
18,71	-0,28	
18,715	-0,28	
18,72	-0,28	
18,725	-0,27	
18,73	-0,26	
18,735	-0,25	
18,74	-0,25	
18,745	-0,24	
18,75	-0,24	
18,755	-0,23	
18,76	-0,22	
18,765	-0,22	
18,77	-0,21	
18,775	-0,21	
18,78	-0,2	
18,785	-0,19	
18,79	-0,18	
18,795	-0,17	
18,8	-0,16	
18,805	-0,16	
18,81	-0,15	
18,815	-0,14	
18,82	-0,14	
18,825	-0,13	
18,83	-0,13	
18,835	-0,12	
18,84	-0,11	
18,845	-0,1	
18,85	-0,1	
18,855	-0,09	
18,86	-0,09	
18,865	-0,08	
18,87	-0,07	
18,875	-0,06	
18,88	-0,06	
18,885	-0,05	
18,89	-0,03	
18,895	-0,03	
18,9	-0,02	
18,905	-0,01	
18,91	-0,01	
18,915	0	
18,92	0	
18,925	0,01	
18,93	0,01	
18,935	0,02	
18,94	0,03	
18,945	0,03	
18,95	0,04	
18,955	0,05	
18,96	0,05	
18,965	0,06	
18,97	0,07	
18,975	0,07	
18,98	0,07	
18,985	0,08	
18,99	0,08	
18,995	0,08	
19,0	0,09	
19,005	0,1	
19,01	0,11	
19,015	0,11	
19,02	0,12	
19,025	0,13	
19,03	0,13	
19,035	0,13	
19,04	0,14	
19,045	0,14	
19,05	0,14	
19,055	0,14	
19,06	0,15	
19,065	0,15	
19,07	0,16	
19,075	0,16	
19,08	0,16	
19,085	0,17	
19,09	0,16	
19,095	0,17	
19,1	0,17	
19,105	0,17	
19,11	0,17	
19,115	0,18	
19,12	0,18	
19,125	0,18	
19,13	0,18	
19,135	0,18	
19,14	0,18	
19,145	0,19	
19,15	0,19	
19,155	0,19	
19,16	0,19	
19,165	0,2	
19,17	0,2	
19,175	0,2	
19,18	0,2	
19,185	0,2	
19,19	0,19	
19,195	0,19	
19,2	0,19	
19,205	0,19	
19,21	0,19	
19,215	0,19	
19,22	0,19	
19,225	0,19	
19,23	0,19	
19,235	0,19	
19,24	0,19	
19,245	0,18	
19,25	0,18	
19,255	0,18	
19,26	0,18	
19,265	0,18	
19,27	0,17	
19,275	0,18	
19,28	0,17	
19,285	0,18	
19,29	0,17	
19,295	0,17	
19,3	0,16	
19,305	0,16	
19,31	0,16	
19,315	0,16	
19,32	0,16	
19,325	0,16	
19,33	0,16	
19,335	0,16	
19,34	0,15	
19,345	0,15	
19,35	0,14	
19,355	0,14	
19,36	0,13	
19,365	0,13	
19,37	0,13	
19,375	0,13	
19,38	0,12	
19,385	0,12	
19,39	0,12	
19,395	0,12	
19,4	0,11	
19,405	0,11	
19,41	0,1	
19,415	0,1	
19,42	0,1	
19,425	0,1	
19,43	0,1	
19,435	0,09	
19,44	0,09	
19,445	0,09	
19,45	0,08	
19,455	0,08	
19,46	0,07	
19,465	0,07	
19,47	0,07	
19,475	0,06	
19,48	0,06	
19,485	0,06	
19,49	0,06	
19,495	0,06	
19,5	0,06	
19,505	0,05	
19,51	0,05	
19,515	0,05	
19,52	0,04	
19,525	0,05	
19,53	0,04	
19,535	0,04	
19,54	0,04	
19,545	0,04	
19,55	0,04	
19,555	0,03	
19,56	0,03	
19,565	0,03	
19,57	0,02	
19,575	0,02	
19,58	0,02	
19,585	0,02	
19,59	0,01	
19,595	0,01	
19,6	0,02	
19,605	0,02	
19,61	0,01	
19,615	0,01	
19,62	0,01	
19,625	0	
19,63	0	
19,635	0	
19,64	0	
19,645	0	
19,65	0	
19,655	0	
19,66	0	
19,665	0	
19,67	-0,01	
19,675	-0,01	
19,68	-0,01	
19,685	-0,01	
19,69	-0,01	
19,695	-0,01	
19,7	-0,01	
19,705	-0,01	
19,71	-0,01	
19,715	-0,01	
19,72	-0,01	
19,725	-0,01	
19,73	-0,01	
19,735	-0,01	
19,74	-0,01	
19,745	-0,02	
19,75	-0,02	
19,755	-0,01	
19,76	-0,01	
19,765	-0,01	
19,77	-0,02	
19,775	-0,02	
19,78	-0,02	
19,785	-0,02	
19,79	-0,01	
19,795	-0,01	
19,8	-0,01	
19,805	-0,02	
19,81	-0,01	
19,815	-0,02	
19,82	-0,02	
19,825	-0,02	
19,83	-0,01	
19,835	-0,01	
19,84	-0,01	
19,845	-0,01	
19,85	-0,01	
19,855	-0,01	
19,86	-0,01	
19,865	-0,01	
19,87	-0,01	
19,875	-0,01	
19,88	-0,01	
19,885	-0,02	
19,89	-0,01	
19,895	-0,01	
19,9	-0,01	
19,905	-0,01	
19,91	-0,01	
19,915	-0,01	
19,92	-0,01	
19,925	-0,01	
19,93	-0,01	
19,935	-0,02	
19,94	-0,02	
19,945	-0,02	
19,95	-0,02	
19,955	-0,02	
19,96	-0,02	
19,965	-0,02	
19,97	-0,02	
19,975	-0,02	
19,98	-0,01	
19,985	-0,02	
19,99	-0,02	
19,995	-0,02	
20,0	-0,02	
20,005	-0,02	
20,01	-0,03	
20,015	-0,03	
20,02	-0,03	
20,025	-0,03	
20,03	-0,03	
20,035	-0,03	
20,04	-0,03	
20,045	-0,03	
20,05	-0,04	
20,055	-0,04	
20,06	-0,04	
20,065	-0,04	
20,07	-0,04	
20,075	-0,04	
20,08	-0,04	
20,085	-0,04	
20,09	-0,05	
20,095	-0,05	
20,1	-0,06	
20,105	-0,06	
20,11	-0,06	
20,115	-0,06	
20,12	-0,06	
20,125	-0,06	
20,13	-0,06	
20,135	-0,06	
20,14	-0,06	
20,145	-0,07	
20,15	-0,07	
20,155	-0,07	
20,16	-0,08	
20,165	-0,08	
20,17	-0,08	
20,175	-0,08	
20,18	-0,08	
20,185	-0,08	
20,19	-0,09	
20,195	-0,09	
20,2	-0,09	
20,205	-0,1	
20,21	-0,1	
20,215	-0,1	
20,22	-0,1	
20,225	-0,1	
20,23	-0,1	
20,235	-0,11	
20,24	-0,11	
20,245	-0,11	
20,25	-0,12	
20,255	-0,12	
20,26	-0,12	
20,265	-0,13	
20,27	-0,13	
20,275	-0,13	
20,28	-0,13	
20,285	-0,14	
20,29	-0,14	
20,295	-0,14	
20,3	-0,14	
20,305	-0,15	
20,31	-0,14	
20,315	-0,15	
20,32	-0,15	
20,325	-0,15	
20,33	-0,15	
20,335	-0,15	
20,34	-0,15	
20,345	-0,15	
20,35	-0,15	
20,355	-0,16	
20,36	-0,16	
20,365	-0,16	
20,37	-0,16	
20,375	-0,16	
20,38	-0,16	
20,385	-0,16	
20,39	-0,16	
20,395	-0,17	
20,4	-0,17	
20,405	-0,17	
20,41	-0,17	
20,415	-0,16	
20,42	-0,16	
20,425	-0,16	
20,43	-0,16	
20,435	-0,17	
20,44	-0,17	
20,445	-0,17	
20,45	-0,17	
20,455	-0,17	
20,46	-0,17	
20,465	-0,16	
20,47	-0,16	
20,475	-0,16	
20,48	-0,16	
20,485	-0,16	
20,49	-0,16	
20,495	-0,16	
20,5	-0,16	
20,505	-0,15	
20,51	-0,15	
20,515	-0,15	
20,52	-0,14	
20,525	-0,14	
20,53	-0,14	
20,535	-0,14	
20,54	-0,14	
20,545	-0,13	
20,55	-0,13	
20,555	-0,13	
20,56	-0,13	
20,565	-0,12	
20,57	-0,11	
20,575	-0,11	
20,58	-0,11	
20,585	-0,1	
20,59	-0,1	
20,595	-0,1	
20,6	-0,1	
20,605	-0,09	
20,61	-0,08	
20,615	-0,08	
20,62	-0,07	
20,625	-0,06	
20,63	-0,06	
20,635	-0,06	
20,64	-0,06	
20,645	-0,05	
20,65	-0,05	
20,655	-0,04	
20,66	-0,04	
20,665	-0,03	
20,67	-0,02	
20,675	-0,01	
20,68	-0,01	
20,685	0	
20,69	0	
20,695	0,01	
20,7	0,01	
20,705	0,02	
20,71	0,03	
20,715	0,03	
20,72	0,04	
20,725	0,05	
20,73	0,05	
20,735	0,06	
20,74	0,06	
20,745	0,07	
20,75	0,08	
20,755	0,09	
20,76	0,09	
20,765	0,1	
20,77	0,11	
20,775	0,11	
20,78	0,12	
20,785	0,12	
20,79	0,13	
20,795	0,13	
20,8	0,14	
20,805	0,15	
20,81	0,15	
20,815	0,16	
20,82	0,16	
20,825	0,17	
20,83	0,18	
20,835	0,19	
20,84	0,19	
20,845	0,2	
20,85	0,21	
20,855	0,21	
20,86	0,22	
20,865	0,22	
20,87	0,22	
20,875	0,23	
20,88	0,24	
20,885	0,24	
20,89	0,25	
20,895	0,25	
20,9	0,26	
20,905	0,26	
20,91	0,27	
20,915	0,27	
20,92	0,28	
20,925	0,28	
20,93	0,29	
20,935	0,29	
20,94	0,29	
20,945	0,3	
20,95	0,3	
20,955	0,31	
20,96	0,31	
20,965	0,31	
20,97	0,31	
20,975	0,31	
20,98	0,31	
20,985	0,32	
20,99	0,32	
20,995	0,33	
21,0	0,33	
21,005	0,33	
21,01	0,33	
21,015	0,33	
21,02	0,33	
21,025	0,33	
21,03	0,33	
21,035	0,33	
21,04	0,33	
21,045	0,33	
21,05	0,33	
21,055	0,33	
21,06	0,33	
21,065	0,33	
21,07	0,33	
21,075	0,33	
21,08	0,32	
21,085	0,32	
21,09	0,32	
21,095	0,32	
21,1	0,32	
21,105	0,32	
21,11	0,32	
21,115	0,31	
21,12	0,31	
21,125	0,3	
21,13	0,3	
21,135	0,29	
21,14	0,29	
21,145	0,28	
21,15	0,27	
21,155	0,27	
21,16	0,27	
21,165	0,26	
21,17	0,26	
21,175	0,25	
21,18	0,25	
21,185	0,24	
21,19	0,23	
21,195	0,23	
21,2	0,22	
21,205	0,22	
21,21	0,21	
21,215	0,2	
21,22	0,2	
21,225	0,19	
21,23	0,18	
21,235	0,17	
21,24	0,16	
21,245	0,15	
21,25	0,14	
21,255	0,13	
21,26	0,13	
21,265	0,12	
21,27	0,11	
21,275	0,1	
21,28	0,1	
21,285	0,09	
21,29	0,08	
21,295	0,07	
21,3	0,06	
21,305	0,04	
21,31	0,03	
21,315	0,02	
21,32	0,01	
21,325	0	
21,33	-0,01	
21,335	-0,03	
21,34	-0,04	
21,345	-0,05	
21,35	-0,05	
21,355	-0,06	
21,36	-0,07	
21,365	-0,08	
21,37	-0,09	
21,375	-0,1	
21,38	-0,11	
21,385	-0,12	
21,39	-0,13	
21,395	-0,15	
21,4	-0,16	
21,405	-0,17	
21,41	-0,18	
21,415	-0,19	
21,42	-0,2	
21,425	-0,2	
21,43	-0,21	
21,435	-0,22	
21,44	-0,23	
21,445	-0,24	
21,45	-0,25	
21,455	-0,27	
21,46	-0,28	
21,465	-0,28	
21,47	-0,29	
21,475	-0,31	
21,48	-0,31	
21,485	-0,32	
21,49	-0,33	
21,495	-0,34	
21,5	-0,34	
21,505	-0,35	
21,51	-0,36	
21,515	-0,37	
21,52	-0,37	
21,525	-0,38	
21,53	-0,39	
21,535	-0,39	
21,54	-0,4	
21,545	-0,4	
21,55	-0,41	
21,555	-0,42	
21,56	-0,43	
21,565	-0,43	
21,57	-0,44	
21,575	-0,44	
21,58	-0,45	
21,585	-0,45	
21,59	-0,45	
21,595	-0,46	
21,6	-0,46	
21,605	-0,47	
21,61	-0,47	
21,615	-0,48	
21,62	-0,48	
21,625	-0,48	
21,63	-0,48	
21,635	-0,49	
21,64	-0,49	
21,645	-0,49	
21,65	-0,49	
21,655	-0,48	
21,66	-0,48	
21,665	-0,48	
21,67	-0,48	
21,675	-0,48	
21,68	-0,48	
21,685	-0,48	
21,69	-0,48	
21,695	-0,47	
21,7	-0,47	
21,705	-0,47	
21,71	-0,47	
21,715	-0,47	
21,72	-0,46	
21,725	-0,45	
21,73	-0,45	
21,735	-0,44	
21,74	-0,44	
21,745	-0,43	
21,75	-0,43	
21,755	-0,43	
21,76	-0,42	
21,765	-0,42	
21,77	-0,41	
21,775	-0,4	
21,78	-0,39	
21,785	-0,38	
21,79	-0,37	
21,795	-0,37	
21,8	-0,35	
21,805	-0,35	
21,81	-0,34	
21,815	-0,33	
21,82	-0,32	
21,825	-0,32	
21,83	-0,31	
21,835	-0,3	
21,84	-0,29	
21,845	-0,28	
21,85	-0,26	
21,855	-0,25	
21,86	-0,24	
21,865	-0,23	
21,87	-0,22	
21,875	-0,21	
21,88	-0,18	
21,885	-0,18	
21,89	-0,16	
21,895	-0,15	
21,9	-0,14	
21,905	-0,13	
21,91	-0,11	
21,915	-0,1	
21,92	-0,09	
21,925	-0,07	
21,93	-0,06	
21,935	-0,05	
21,94	-0,04	
21,945	-0,02	
21,95	-0,01	
21,955	0,01	
21,96	0,02	
21,965	0,03	
21,97	0,05	
21,975	0,06	
21,98	0,07	
21,985	0,09	
21,99	0,1	
21,995	0,11	
22,0	0,13	
22,005	0,14	
22,01	0,16	
22,015	0,17	
22,02	0,19	
22,025	0,2	
22,03	0,21	
22,035	0,23	
22,04	0,24	
22,045	0,26	
22,05	0,27	
22,055	0,28	
22,06	0,3	
22,065	0,31	
22,07	0,32	
22,075	0,33	
22,08	0,35	
22,085	0,35	
22,09	0,37	
22,095	0,38	
22,1	0,39	
22,105	0,4	
22,11	0,42	
22,115	0,42	
22,12	0,43	
22,125	0,44	
22,13	0,45	
22,135	0,46	
22,14	0,48	
22,145	0,49	
22,15	0,5	
22,155	0,51	
22,16	0,51	
22,165	0,52	
22,17	0,52	
22,175	0,53	
22,18	0,54	
22,185	0,54	
22,19	0,55	
22,195	0,56	
22,2	0,56	
22,205	0,57	
22,21	0,57	
22,215	0,58	
22,22	0,58	
22,225	0,59	
22,23	0,59	
22,235	0,59	
22,24	0,6	
22,245	0,6	
22,25	0,61	
22,255	0,61	
22,26	0,61	
22,265	0,61	
22,27	0,61	
22,275	0,61	
22,28	0,6	
22,285	0,61	
22,29	0,6	
22,295	0,6	
22,3	0,61	
22,305	0,61	
22,31	0,6	
22,315	0,6	
22,32	0,6	
22,325	0,59	
22,33	0,59	
22,335	0,58	
22,34	0,58	
22,345	0,57	
22,35	0,57	
22,355	0,56	
22,36	0,55	
22,365	0,54	
22,37	0,53	
22,375	0,53	
22,38	0,52	
22,385	0,51	
22,39	0,5	
22,395	0,5	
22,4	0,49	
22,405	0,48	
22,41	0,47	
22,415	0,46	
22,42	0,45	
22,425	0,44	
22,43	0,43	
22,435	0,42	
22,44	0,4	
22,445	0,39	
22,45	0,37	
22,455	0,36	
22,46	0,35	
22,465	0,34	
22,47	0,33	
22,475	0,31	
22,48	0,3	
22,485	0,28	
22,49	0,27	
22,495	0,25	
22,5	0,24	
22,505	0,23	
22,51	0,22	
22,515	0,2	
22,52	0,19	
22,525	0,17	
22,53	0,15	
22,535	0,13	
22,54	0,11	
22,545	0,1	
22,55	0,08	
22,555	0,07	
22,56	0,05	
22,565	0,04	
22,57	0,02	
22,575	0,01	
22,58	-0,01	
22,585	-0,03	
22,59	-0,04	
22,595	-0,06	
22,6	-0,08	
22,605	-0,09	
22,61	-0,11	
22,615	-0,13	
22,62	-0,15	
22,625	-0,17	
22,63	-0,18	
22,635	-0,2	
22,64	-0,22	
22,645	-0,23	
22,65	-0,24	
22,655	-0,26	
22,66	-0,27	
22,665	-0,29	
22,67	-0,3	
22,675	-0,32	
22,68	-0,33	
22,685	-0,35	
22,69	-0,37	
22,695	-0,38	
22,7	-0,4	
22,705	-0,41	
22,71	-0,42	
22,715	-0,44	
22,72	-0,45	
22,725	-0,46	
22,73	-0,48	
22,735	-0,49	
22,74	-0,5	
22,745	-0,51	
22,75	-0,52	
22,755	-0,53	
22,76	-0,54	
22,765	-0,56	
22,77	-0,57	
22,775	-0,58	
22,78	-0,59	
22,785	-0,59	
22,79	-0,61	
22,795	-0,61	
22,8	-0,63	
22,805	-0,63	
22,81	-0,64	
22,815	-0,65	
22,82	-0,65	
22,825	-0,66	
22,83	-0,66	
22,835	-0,67	
22,84	-0,67	
22,845	-0,67	
22,85	-0,68	
22,855	-0,69	
22,86	-0,69	
22,865	-0,69	
22,87	-0,69	
22,875	-0,69	
22,88	-0,69	
22,885	-0,7	
22,89	-0,7	
22,895	-0,7	
22,9	-0,7	
22,905	-0,7	
22,91	-0,7	
22,915	-0,7	
22,92	-0,69	
22,925	-0,69	
22,93	-0,69	
22,935	-0,68	
22,94	-0,68	
22,945	-0,67	
22,95	-0,67	
22,955	-0,66	
22,96	-0,66	
22,965	-0,65	
22,97	-0,65	
22,975	-0,64	
22,98	-0,63	
22,985	-0,62	
22,99	-0,61	
22,995	-0,6	
23,0	-0,6	
23,005	-0,59	
23,01	-0,58	
23,015	-0,57	
23,02	-0,56	
23,025	-0,55	
23,03	-0,54	
23,035	-0,52	
23,04	-0,51	
23,045	-0,5	
23,05	-0,49	
23,055	-0,47	
23,06	-0,46	
23,065	-0,44	
23,07	-0,43	
23,075	-0,42	
23,08	-0,4	
23,085	-0,39	
23,09	-0,38	
23,095	-0,36	
23,1	-0,34	
23,105	-0,32	
23,11	-0,31	
23,115	-0,29	
23,12	-0,27	
23,125	-0,26	
23,13	-0,24	
23,135	-0,22	
23,14	-0,21	
23,145	-0,19	
23,15	-0,17	
23,155	-0,16	
23,16	-0,15	
23,165	-0,13	
23,17	-0,11	
23,175	-0,08	
23,18	-0,06	
23,185	-0,04	
23,19	-0,02	
23,195	0	
23,2	0,01	
23,205	0,03	
23,21	0,05	
23,215	0,07	
23,22	0,08	
23,225	0,1	
23,23	0,12	
23,235	0,14	
23,24	0,16	
23,245	0,17	
23,25	0,19	
23,255	0,21	
23,26	0,23	
23,265	0,25	
23,27	0,26	
23,275	0,28	
23,28	0,3	
23,285	0,31	
23,29	0,33	
23,295	0,35	
23,3	0,37	
23,305	0,38	
23,31	0,39	
23,315	0,41	
23,32	0,42	
23,325	0,44	
23,33	0,46	
23,335	0,48	
23,34	0,49	
23,345	0,5	
23,35	0,51	
23,355	0,53	
23,36	0,54	
23,365	0,55	
23,37	0,57	
23,375	0,58	
23,38	0,59	
23,385	0,6	
23,39	0,61	
23,395	0,62	
23,4	0,63	
23,405	0,64	
23,41	0,65	
23,415	0,67	
23,42	0,68	
23,425	0,69	
23,43	0,69	
23,435	0,7	
23,44	0,7	
23,445	0,71	
23,45	0,71	
23,455	0,72	
23,46	0,72	
23,465	0,73	
23,47	0,73	
23,475	0,74	
23,48	0,75	
23,485	0,75	
23,49	0,75	
23,495	0,75	
23,5	0,75	
23,505	0,74	
23,51	0,75	
23,515	0,75	
23,52	0,75	
23,525	0,75	
23,53	0,75	
23,535	0,75	
23,54	0,74	
23,545	0,74	
23,55	0,73	
23,555	0,73	
23,56	0,72	
23,565	0,72	
23,57	0,72	
23,575	0,71	
23,58	0,7	
23,585	0,69	
23,59	0,69	
23,595	0,68	
23,6	0,67	
23,605	0,66	
23,61	0,66	
23,615	0,65	
23,62	0,64	
23,625	0,63	
23,63	0,62	
23,635	0,61	
23,64	0,6	
23,645	0,59	
23,65	0,58	
23,655	0,57	
23,66	0,55	
23,665	0,53	
23,67	0,52	
23,675	0,5	
23,68	0,49	
23,685	0,47	
23,69	0,46	
23,695	0,45	
23,7	0,43	
23,705	0,42	
23,71	0,4	
23,715	0,38	
23,72	0,37	
23,725	0,35	
23,73	0,33	
23,735	0,31	
23,74	0,29	
23,745	0,27	
23,75	0,26	
23,755	0,24	
23,76	0,22	
23,765	0,21	
23,77	0,19	
23,775	0,17	
23,78	0,15	
23,785	0,13	
23,79	0,11	
23,795	0,09	
23,8	0,08	
23,805	0,06	
23,81	0,04	
23,815	0,02	
23,82	-0,01	
23,825	-0,02	
23,83	-0,04	
23,835	-0,06	
23,84	-0,08	
23,845	-0,1	
23,85	-0,12	
23,855	-0,14	
23,86	-0,16	
23,865	-0,17	
23,87	-0,19	
23,875	-0,21	
23,88	-0,23	
23,885	-0,25	
23,89	-0,27	
23,895	-0,29	
23,9	-0,31	
23,905	-0,33	
23,91	-0,35	
23,915	-0,36	
23,92	-0,37	
23,925	-0,39	
23,93	-0,4	
23,935	-0,42	
23,94	-0,44	
23,945	-0,45	
23,95	-0,47	
23,955	-0,49	
23,96	-0,5	
23,965	-0,51	
23,97	-0,52	
23,975	-0,54	
23,98	-0,56	
23,985	-0,58	
23,99	-0,59	
23,995	-0,6	
24,0	-0,61	
24,005	-0,62	
24,01	-0,63	
24,015	-0,63	
24,02	-0,64	
24,025	-0,65	
24,03	-0,66	
24,035	-0,67	
24,04	-0,68	
24,045	-0,69	
24,05	-0,7	
24,055	-0,71	
24,06	-0,71	
24,065	-0,72	
24,07	-0,73	
24,075	-0,73	
24,08	-0,74	
24,085	-0,74	
24,09	-0,75	
24,095	-0,75	
24,1	-0,75	
24,105	-0,76	
24,11	-0,76	
24,115	-0,76	
24,12	-0,76	
24,125	-0,76	
24,13	-0,76	
24,135	-0,76	
24,14	-0,76	
24,145	-0,76	
24,15	-0,76	
24,155	-0,75	
24,16	-0,75	
24,165	-0,75	
24,17	-0,75	
24,175	-0,74	
24,18	-0,74	
24,185	-0,74	
24,19	-0,73	
24,195	-0,72	
24,2	-0,72	
24,205	-0,71	
24,21	-0,7	
24,215	-0,69	
24,22	-0,69	
24,225	-0,67	
24,23	-0,66	
24,235	-0,65	
24,24	-0,64	
24,245	-0,63	
24,25	-0,62	
24,255	-0,61	
24,26	-0,6	
24,265	-0,59	
24,27	-0,58	
24,275	-0,57	
24,28	-0,55	
24,285	-0,54	
24,29	-0,52	
24,295	-0,51	
24,3	-0,49	
24,305	-0,47	
24,31	-0,46	
24,315	-0,45	
24,32	-0,43	
24,325	-0,42	
24,33	-0,4	
24,335	-0,38	
24,34	-0,36	
24,345	-0,34	
24,35	-0,33	
24,355	-0,31	
24,36	-0,3	
24,365	-0,29	
24,37	-0,27	
24,375	-0,25	
24,38	-0,23	
24,385	-0,2	
24,39	-0,19	
24,395	-0,17	
24,4	-0,15	
24,405	-0,13	
24,41	-0,12	
24,415	-0,1	
24,42	-0,08	
24,425	-0,06	
24,43	-0,04	
24,435	-0,02	
24,44	0	
24,445	0,02	
24,45	0,03	
24,455	0,05	
24,46	0,07	
24,465	0,09	
24,47	0,11	
24,475	0,13	
24,48	0,15	
24,485	0,16	
24,49	0,19	
24,495	0,2	
24,5	0,22	
24,505	0,24	
24,51	0,25	
24,515	0,27	
24,52	0,29	
24,525	0,31	
24,53	0,33	
24,535	0,35	
24,54	0,36	
24,545	0,38	
24,55	0,4	
24,555	0,41	
24,56	0,43	
24,565	0,44	
24,57	0,46	
24,575	0,47	
24,58	0,48	
24,585	0,5	
24,59	0,51	
24,595	0,52	
24,6	0,53	
24,605	0,54	
24,61	0,56	
24,615	0,57	
24,62	0,58	
24,625	0,59	
24,63	0,61	
24,635	0,62	
24,64	0,63	
24,645	0,64	
24,65	0,64	
24,655	0,65	
24,66	0,66	
24,665	0,67	
24,67	0,68	
24,675	0,68	
24,68	0,69	
24,685	0,7	
24,69	0,7	
24,695	0,71	
24,7	0,71	
24,705	0,72	
24,71	0,72	
24,715	0,72	
24,72	0,73	
24,725	0,73	
24,73	0,73	
24,735	0,73	
24,74	0,73	
24,745	0,73	
24,75	0,73	
24,755	0,73	
24,76	0,73	
24,765	0,73	
24,77	0,73	
24,775	0,72	
24,78	0,72	
24,785	0,72	
24,79	0,72	
24,795	0,71	
24,8	0,71	
24,805	0,7	
24,81	0,7	
24,815	0,69	
24,82	0,69	
24,825	0,68	
24,83	0,67	
24,835	0,66	
24,84	0,65	
24,845	0,65	
24,85	0,64	
24,855	0,63	
24,86	0,62	
24,865	0,61	
24,87	0,59	
24,875	0,58	
24,88	0,58	
24,885	0,56	
24,89	0,55	
24,895	0,54	
24,9	0,52	
24,905	0,51	
24,91	0,5	
24,915	0,49	
24,92	0,47	
24,925	0,46	
24,93	0,45	
24,935	0,44	
24,94	0,42	
24,945	0,41	
24,95	0,38	
24,955	0,36	
24,96	0,35	
24,965	0,33	
24,97	0,32	
24,975	0,3	
24,98	0,28	
24,985	0,27	
24,99	0,25	
24,995	0,23	
25,0	0,21	
25,005	0,2	
25,01	0,18	
25,015	0,17	
25,02	0,16	
25,025	0,14	
25,03	0,12	
25,035	0,09	
25,04	0,07	
25,045	0,05	
25,05	0,03	
25,055	0,02	
25,06	0	
25,065	-0,01	
25,07	-0,03	
25,075	-0,04	
25,08	-0,06	
25,085	-0,08	
25,09	-0,1	
25,095	-0,12	
25,1	-0,14	
25,105	-0,15	
25,11	-0,17	
25,115	-0,19	
25,12	-0,21	
25,125	-0,22	
25,13	-0,24	
25,135	-0,25	
25,14	-0,27	
25,145	-0,29	
25,15	-0,3	
25,155	-0,32	
25,16	-0,33	
25,165	-0,34	
25,17	-0,35	
25,175	-0,37	
25,18	-0,38	
25,185	-0,4	
25,19	-0,41	
25,195	-0,44	
25,2	-0,45	
25,205	-0,46	
25,21	-0,47	
25,215	-0,48	
25,22	-0,49	
25,225	-0,5	
25,23	-0,52	
25,235	-0,53	
25,24	-0,54	
25,245	-0,55	
25,25	-0,56	
25,255	-0,57	
25,26	-0,57	
25,265	-0,58	
25,27	-0,59	
25,275	-0,6	
25,28	-0,61	
25,285	-0,61	
25,29	-0,62	
25,295	-0,63	
25,3	-0,63	
25,305	-0,63	
25,31	-0,64	
25,315	-0,64	
25,32	-0,65	
25,325	-0,65	
25,33	-0,65	
25,335	-0,66	
25,34	-0,66	
25,345	-0,66	
25,35	-0,66	
25,355	-0,66	
25,36	-0,66	
25,365	-0,66	
25,37	-0,67	
25,375	-0,67	
25,38	-0,67	
25,385	-0,66	
25,39	-0,66	
25,395	-0,66	
25,4	-0,65	
25,405	-0,64	
25,41	-0,64	
25,415	-0,63	
25,42	-0,63	
25,425	-0,63	
25,43	-0,63	
25,435	-0,62	
25,44	-0,62	
25,445	-0,61	
25,45	-0,6	
25,455	-0,59	
25,46	-0,59	
25,465	-0,58	
25,47	-0,57	
25,475	-0,57	
25,48	-0,56	
25,485	-0,55	
25,49	-0,54	
25,495	-0,53	
25,5	-0,52	
25,505	-0,51	
25,51	-0,5	
25,515	-0,49	
25,52	-0,47	
25,525	-0,46	
25,53	-0,45	
25,535	-0,44	
25,54	-0,42	
25,545	-0,41	
25,55	-0,4	
25,555	-0,38	
25,56	-0,37	
25,565	-0,36	
25,57	-0,35	
25,575	-0,33	
25,58	-0,32	
25,585	-0,31	
25,59	-0,3	
25,595	-0,28	
25,6	-0,26	
25,605	-0,24	
25,61	-0,23	
25,615	-0,21	
25,62	-0,2	
25,625	-0,18	
25,63	-0,17	
25,635	-0,16	
25,64	-0,14	
25,645	-0,13	
25,65	-0,11	
25,655	-0,09	
25,66	-0,07	
25,665	-0,06	
25,67	-0,04	
25,675	-0,03	
25,68	-0,01	
25,685	0,01	
25,69	0,02	
25,695	0,04	
25,7	0,05	
25,705	0,07	
25,71	0,08	
25,715	0,1	
25,72	0,11	
25,725	0,13	
25,73	0,14	
25,735	0,15	
25,74	0,17	
25,745	0,18	
25,75	0,19	
25,755	0,21	
25,76	0,22	
25,765	0,24	
25,77	0,25	
25,775	0,26	
25,78	0,28	
25,785	0,29	
25,79	0,31	
25,795	0,32	
25,8	0,33	
25,805	0,34	
25,81	0,35	
25,815	0,36	
25,82	0,37	
25,825	0,38	
25,83	0,39	
25,835	0,4	
25,84	0,42	
25,845	0,43	
25,85	0,45	
25,855	0,45	
25,86	0,46	
25,865	0,46	
25,87	0,47	
25,875	0,47	
25,88	0,48	
25,885	0,49	
25,89	0,5	
25,895	0,5	
25,9	0,51	
25,905	0,52	
25,91	0,52	
25,915	0,53	
25,92	0,53	
25,925	0,54	
25,93	0,54	
25,935	0,55	
25,94	0,55	
25,945	0,55	
25,95	0,56	
25,955	0,56	
25,96	0,56	
25,965	0,56	
25,97	0,56	
25,975	0,55	
25,98	0,56	
25,985	0,56	
25,99	0,56	
25,995	0,56	
26,0	0,56	
26,005	0,56	
26,01	0,56	
26,015	0,55	
26,02	0,55	
26,025	0,55	
26,03	0,55	
26,035	0,55	
26,04	0,54	
26,045	0,53	
26,05	0,53	
26,055	0,52	
26,06	0,51	
26,065	0,51	
26,07	0,5	
26,075	0,5	
26,08	0,49	
26,085	0,49	
26,09	0,48	
26,095	0,48	
26,1	0,47	
26,105	0,46	
26,11	0,45	
26,115	0,44	
26,12	0,44	
26,125	0,43	
26,13	0,42	
26,135	0,41	
26,14	0,4	
26,145	0,39	
26,15	0,38	
26,155	0,37	
26,16	0,36	
26,165	0,35	
26,17	0,34	
26,175	0,33	
26,18	0,32	
26,185	0,3	
26,19	0,29	
26,195	0,28	
26,2	0,26	
26,205	0,25	
26,21	0,24	
26,215	0,23	
26,22	0,22	
26,225	0,21	
26,23	0,2	
26,235	0,19	
26,24	0,18	
26,245	0,16	
26,25	0,15	
26,255	0,13	
26,26	0,12	
26,265	0,11	
26,27	0,1	
26,275	0,08	
26,28	0,07	
26,285	0,06	
26,29	0,04	
26,295	0,03	
26,3	0,02	
26,305	0,01	
26,31	0	
26,315	-0,02	
26,32	-0,03	
26,325	-0,04	
26,33	-0,06	
26,335	-0,06	
26,34	-0,08	
26,345	-0,09	
26,35	-0,1	
26,355	-0,11	
26,36	-0,13	
26,365	-0,14	
26,37	-0,15	
26,375	-0,16	
26,38	-0,17	
26,385	-0,18	
26,39	-0,19	
26,395	-0,2	
26,4	-0,21	
26,405	-0,23	
26,41	-0,23	
26,415	-0,24	
26,42	-0,25	
26,425	-0,26	
26,43	-0,27	
26,435	-0,28	
26,44	-0,29	
26,445	-0,3	
26,45	-0,31	
26,455	-0,32	
26,46	-0,32	
26,465	-0,33	
26,47	-0,33	
26,475	-0,34	
26,48	-0,35	
26,485	-0,35	
26,49	-0,36	
26,495	-0,37	
26,5	-0,38	
26,505	-0,38	
26,51	-0,38	
26,515	-0,39	
26,52	-0,4	
26,525	-0,4	
26,53	-0,4	
26,535	-0,4	
26,54	-0,41	
26,545	-0,41	
26,55	-0,41	
26,555	-0,42	
26,56	-0,42	
26,565	-0,42	
26,57	-0,42	
26,575	-0,43	
26,58	-0,43	
26,585	-0,43	
26,59	-0,43	
26,595	-0,43	
26,6	-0,43	
26,605	-0,43	
26,61	-0,43	
26,615	-0,43	
26,62	-0,43	
26,625	-0,43	
26,63	-0,42	
26,635	-0,42	
26,64	-0,42	
26,645	-0,42	
26,65	-0,42	
26,655	-0,41	
26,66	-0,41	
26,665	-0,4	
26,67	-0,4	
26,675	-0,39	
26,68	-0,39	
26,685	-0,39	
26,69	-0,39	
26,695	-0,38	
26,7	-0,38	
26,705	-0,37	
26,71	-0,37	
26,715	-0,36	
26,72	-0,35	
26,725	-0,35	
26,73	-0,34	
26,735	-0,34	
26,74	-0,33	
26,745	-0,33	
26,75	-0,32	
26,755	-0,31	
26,76	-0,3	
26,765	-0,29	
26,77	-0,29	
26,775	-0,28	
26,78	-0,27	
26,785	-0,27	
26,79	-0,26	
26,795	-0,25	
26,8	-0,24	
26,805	-0,24	
26,81	-0,23	
26,815	-0,22	
26,82	-0,21	
26,825	-0,2	
26,83	-0,19	
26,835	-0,18	
26,84	-0,17	
26,845	-0,16	
26,85	-0,15	
26,855	-0,14	
26,86	-0,13	
26,865	-0,13	
26,87	-0,12	
26,875	-0,11	
26,88	-0,1	
26,885	-0,09	
26,89	-0,09	
26,895	-0,07	
26,9	-0,06	
26,905	-0,05	
26,91	-0,04	
26,915	-0,03	
26,92	-0,02	
26,925	-0,02	
26,93	-0,01	
26,935	0	
26,94	0,01	
26,945	0,02	
26,95	0,03	
26,955	0,03	
26,96	0,04	
26,965	0,05	
26,97	0,05	
26,975	0,06	
26,98	0,07	
26,985	0,08	
26,99	0,09	
26,995	0,1	
27,0	0,11	
27,005	0,11	
27,01	0,12	
27,015	0,13	
27,02	0,13	
27,025	0,14	
27,03	0,15	
27,035	0,15	
27,04	0,16	
27,045	0,17	
27,05	0,17	
27,055	0,18	
27,06	0,18	
27,065	0,19	
27,07	0,19	
27,075	0,2	
27,08	0,2	
27,085	0,21	
27,09	0,21	
27,095	0,22	
27,1	0,22	
27,105	0,23	
27,11	0,23	
27,115	0,23	
27,12	0,23	
27,125	0,23	
27,13	0,24	
27,135	0,25	
27,14	0,25	
27,145	0,26	
27,15	0,26	
27,155	0,27	
27,16	0,27	
27,165	0,27	
27,17	0,27	
27,175	0,27	
27,18	0,27	
27,185	0,27	
27,19	0,27	
27,195	0,27	
27,2	0,27	
27,205	0,27	
27,21	0,27	
27,215	0,27	
27,22	0,27	
27,225	0,27	
27,23	0,27	
27,235	0,27	
27,24	0,27	
27,245	0,27	
27,25	0,27	
27,255	0,27	
27,26	0,27	
27,265	0,26	
27,27	0,26	
27,275	0,26	
27,28	0,26	
27,285	0,26	
27,29	0,26	
27,295	0,25	
27,3	0,25	
27,305	0,25	
27,31	0,24	
27,315	0,24	
27,32	0,24	
27,325	0,23	
27,33	0,23	
27,335	0,23	
27,34	0,22	
27,345	0,22	
27,35	0,22	
27,355	0,21	
27,36	0,21	
27,365	0,21	
27,37	0,2	
27,375	0,2	
27,38	0,19	
27,385	0,18	
27,39	0,18	
27,395	0,18	
27,4	0,18	
27,405	0,17	
27,41	0,17	
27,415	0,17	
27,42	0,16	
27,425	0,16	
27,43	0,15	
27,435	0,14	
27,44	0,13	
27,445	0,13	
27,45	0,12	
27,455	0,12	
27,46	0,11	
27,465	0,11	
27,47	0,1	
27,475	0,1	
27,48	0,09	
27,485	0,09	
27,49	0,09	
27,495	0,08	
27,5	0,08	
27,505	0,08	
27,51	0,07	
27,515	0,07	
27,52	0,06	
27,525	0,05	
27,53	0,05	
27,535	0,05	
27,54	0,04	
27,545	0,04	
27,55	0,03	
27,555	0,03	
27,56	0,02	
27,565	0,01	
27,57	0,01	
27,575	0	
27,58	0	
27,585	0	
27,59	-0,01	
27,595	-0,01	
27,6	-0,01	
27,605	-0,02	
27,61	-0,02	
27,615	-0,02	
27,62	-0,03	
27,625	-0,03	
27,63	-0,04	
27,635	-0,04	
27,64	-0,05	
27,645	-0,05	
27,65	-0,05	
27,655	-0,05	
27,66	-0,06	
27,665	-0,06	
27,67	-0,06	
27,675	-0,07	
27,68	-0,07	
27,685	-0,06	
27,69	-0,07	
27,695	-0,07	
27,7	-0,07	
27,705	-0,08	
27,71	-0,08	
27,715	-0,08	
27,72	-0,08	
27,725	-0,08	
27,73	-0,08	
27,735	-0,08	
27,74	-0,09	
27,745	-0,09	
27,75	-0,09	
27,755	-0,09	
27,76	-0,09	
27,765	-0,09	
27,77	-0,1	
27,775	-0,1	
27,78	-0,1	
27,785	-0,1	
27,79	-0,1	
27,795	-0,1	
27,8	-0,1	
27,805	-0,1	
27,81	-0,1	
27,815	-0,1	
27,82	-0,1	
27,825	-0,1	
27,83	-0,1	
27,835	-0,1	
27,84	-0,1	
27,845	-0,1	
27,85	-0,1	
27,855	-0,1	
27,86	-0,1	
27,865	-0,1	
27,87	-0,1	
27,875	-0,1	
27,88	-0,1	
27,885	-0,1	
27,89	-0,1	
27,895	-0,09	
27,9	-0,1	
27,905	-0,09	
27,91	-0,1	
27,915	-0,1	
27,92	-0,09	
27,925	-0,09	
27,93	-0,09	
27,935	-0,09	
27,94	-0,08	
27,945	-0,08	
27,95	-0,09	
27,955	-0,09	
27,96	-0,08	
27,965	-0,09	
27,97	-0,08	
27,975	-0,08	
27,98	-0,08	
27,985	-0,08	
27,99	-0,07	
27,995	-0,08	
28,0	-0,08	
28,005	-0,08	
28,01	-0,08	
28,015	-0,08	
28,02	-0,08	
28,025	-0,07	
28,03	-0,07	
28,035	-0,07	
28,04	-0,07	
28,045	-0,07	
28,05	-0,07	
28,055	-0,07	
28,06	-0,07	
28,065	-0,07	
28,07	-0,06	
28,075	-0,06	
28,08	-0,06	
28,085	-0,06	
28,09	-0,06	
28,095	-0,06	
28,1	-0,06	
28,105	-0,05	
28,11	-0,06	
28,115	-0,05	
28,12	-0,05	
28,125	-0,06	
28,13	-0,05	
28,135	-0,06	
28,14	-0,05	
28,145	-0,05	
28,15	-0,05	
28,155	-0,06	
28,16	-0,05	
28,165	-0,06	
28,17	-0,05	
28,175	-0,05	
28,18	-0,05	
28,185	-0,05	
28,19	-0,05	
28,195	-0,05	
28,2	-0,06	
28,205	-0,05	
28,21	-0,05	
28,215	-0,05	
28,22	-0,06	
28,225	-0,06	
28,23	-0,05	
28,235	-0,05	
28,24	-0,05	
28,245	-0,05	
28,25	-0,05	
28,255	-0,05	
28,26	-0,05	
28,265	-0,05	
28,27	-0,05	
28,275	-0,06	
28,28	-0,05	
28,285	-0,05	
28,29	-0,05	
28,295	-0,06	
28,3	-0,06	
28,305	-0,06	
28,31	-0,07	
28,315	-0,07	
28,32	-0,07	
28,325	-0,07	
28,33	-0,06	
28,335	-0,06	
28,34	-0,07	
28,345	-0,07	
28,35	-0,07	
28,355	-0,07	
28,36	-0,07	
28,365	-0,07	
28,37	-0,07	
28,375	-0,07	
28,38	-0,07	
28,385	-0,07	
28,39	-0,07	
28,395	-0,07	
28,4	-0,07	
28,405	-0,07	
28,41	-0,07	
28,415	-0,07	
28,42	-0,07	
28,425	-0,07	
28,43	-0,07	
28,435	-0,07	
28,44	-0,08	
28,445	-0,08	
28,45	-0,08	
28,455	-0,08	
28,46	-0,08	
28,465	-0,07	
28,47	-0,07	
28,475	-0,07	
28,48	-0,08	
28,485	-0,08	
28,49	-0,08	
28,495	-0,08	
28,5	-0,08	
28,505	-0,07	
28,51	-0,07	
28,515	-0,07	
28,52	-0,07	
28,525	-0,07	
28,53	-0,07	
28,535	-0,07	
28,54	-0,07	
28,545	-0,07	
28,55	-0,06	
28,555	-0,06	
28,56	-0,06	
28,565	-0,06	
28,57	-0,06	
28,575	-0,06	
28,58	-0,06	
28,585	-0,06	
28,59	-0,06	
28,595	-0,06	
28,6	-0,05	
28,605	-0,04	
28,61	-0,04	
28,615	-0,04	
28,62	-0,04	
28,625	-0,04	
28,63	-0,04	
28,635	-0,04	
28,64	-0,03	
28,645	-0,03	
28,65	-0,02	
28,655	-0,02	
28,66	-0,01	
28,665	-0,01	
28,67	-0,01	
28,675	-0,01	
28,68	-0,01	
28,685	-0,01	
28,69	0	
28,695	0	
28,7	0,01	
28,705	0,02	
28,71	0,02	
28,715	0,02	
28,72	0,02	
28,725	0,03	
28,73	0,03	
28,735	0,03	
28,74	0,04	
28,745	0,04	
28,75	0,06	
28,755	0,06	
28,76	0,06	
28,765	0,06	
28,77	0,06	
28,775	0,06	
28,78	0,06	
28,785	0,07	
28,79	0,07	
28,795	0,08	
28,8	0,08	
28,805	0,09	
28,81	0,09	
28,815	0,1	
28,82	0,1	
28,825	0,1	
28,83	0,11	
28,835	0,11	
28,84	0,12	
28,845	0,12	
28,85	0,13	
28,855	0,14	
28,86	0,14	
28,865	0,15	
28,87	0,15	
28,875	0,15	
28,88	0,15	
28,885	0,15	
28,89	0,16	
28,895	0,16	
28,9	0,17	
28,905	0,17	
28,91	0,18	
28,915	0,18	
28,92	0,18	
28,925	0,18	
28,93	0,19	
28,935	0,19	
28,94	0,19	
28,945	0,2	
28,95	0,21	
28,955	0,21	
28,96	0,22	
28,965	0,22	
28,97	0,22	
28,975	0,22	
28,98	0,22	
28,985	0,22	
28,99	0,23	
28,995	0,23	
29,0	0,23	
29,005	0,23	
29,01	0,23	
29,015	0,23	
29,02	0,23	
29,025	0,23	
29,03	0,24	
29,035	0,24	
29,04	0,24	
29,045	0,24	
29,05	0,24	
29,055	0,24	
29,06	0,24	
29,065	0,24	
29,07	0,24	
29,075	0,24	
29,08	0,24	
29,085	0,24	
29,09	0,24	
29,095	0,24	
29,1	0,24	
29,105	0,24	
29,11	0,24	
29,115	0,23	
29,12	0,23	
29,125	0,23	
29,13	0,23	
29,135	0,23	
29,14	0,23	
29,145	0,23	
29,15	0,23	
29,155	0,22	
29,16	0,22	
29,165	0,21	
29,17	0,21	
29,175	0,21	
29,18	0,21	
29,185	0,2	
29,19	0,2	
29,195	0,2	
29,2	0,19	
29,205	0,18	
29,21	0,18	
29,215	0,17	
29,22	0,16	
29,225	0,16	
29,23	0,16	
29,235	0,15	
29,24	0,15	
29,245	0,14	
29,25	0,14	
29,255	0,13	
29,26	0,12	
29,265	0,11	
29,27	0,11	
29,275	0,1	
29,28	0,1	
29,285	0,09	
29,29	0,09	
29,295	0,08	
29,3	0,07	
29,305	0,06	
29,31	0,06	
29,315	0,05	
29,32	0,04	
29,325	0,03	
29,33	0,03	
29,335	0,02	
29,34	0,02	
29,345	0,01	
29,35	0	
29,355	-0,01	
29,36	-0,02	
29,365	-0,03	
29,37	-0,04	
29,375	-0,04	
29,38	-0,05	
29,385	-0,05	
29,39	-0,06	
29,395	-0,07	
29,4	-0,08	
29,405	-0,1	
29,41	-0,11	
29,415	-0,11	
29,42	-0,12	
29,425	-0,13	
29,43	-0,14	
29,435	-0,14	
29,44	-0,15	
29,445	-0,16	
29,45	-0,17	
29,455	-0,18	
29,46	-0,19	
29,465	-0,19	
29,47	-0,2	
29,475	-0,21	
29,48	-0,22	
29,485	-0,22	
29,49	-0,23	
29,495	-0,24	
29,5	-0,25	
29,505	-0,26	
29,51	-0,26	
29,515	-0,27	
29,52	-0,27	
29,525	-0,28	
29,53	-0,28	
29,535	-0,29	
29,54	-0,29	
29,545	-0,3	
29,55	-0,31	
29,555	-0,32	
29,56	-0,33	
29,565	-0,33	
29,57	-0,33	
29,575	-0,34	
29,58	-0,34	
29,585	-0,35	
29,59	-0,35	
29,595	-0,36	
29,6	-0,36	
29,605	-0,37	
29,61	-0,37	
29,615	-0,37	
29,62	-0,37	
29,625	-0,38	
29,63	-0,38	
29,635	-0,38	
29,64	-0,39	
29,645	-0,39	
29,65	-0,39	
29,655	-0,4	
29,66	-0,4	
29,665	-0,4	
29,67	-0,4	
29,675	-0,4	
29,68	-0,39	
29,685	-0,39	
29,69	-0,39	
29,695	-0,4	
29,7	-0,4	
29,705	-0,39	
29,71	-0,39	
29,715	-0,39	
29,72	-0,39	
29,725	-0,39	
29,73	-0,38	
29,735	-0,39	
29,74	-0,38	
29,745	-0,38	
29,75	-0,38	
29,755	-0,38	
29,76	-0,37	
29,765	-0,37	
29,77	-0,36	
29,775	-0,36	
29,78	-0,35	
29,785	-0,35	
29,79	-0,34	
29,795	-0,34	
29,8	-0,33	
29,805	-0,33	
29,81	-0,32	
29,815	-0,32	
29,82	-0,31	
29,825	-0,3	
29,83	-0,29	
29,835	-0,28	
29,84	-0,27	
29,845	-0,26	
29,85	-0,26	
29,855	-0,25	
29,86	-0,24	
29,865	-0,24	
29,87	-0,23	
29,875	-0,22	
29,88	-0,21	
29,885	-0,2	
29,89	-0,19	
29,895	-0,18	
29,9	-0,17	
29,905	-0,16	
29,91	-0,15	
29,915	-0,14	
29,92	-0,13	
29,925	-0,12	
29,93	-0,11	
29,935	-0,1	
29,94	-0,09	
29,945	-0,08	
29,95	-0,06	
29,955	-0,05	
29,96	-0,04	
29,965	-0,02	
29,97	-0,02	
29,975	-0,01	
29,98	0	
29,985	0,01	
29,99	0,02	
29,995	0,04	
30,0	0,05	
30,005	0,06	
30,01	0,07	
30,015	0,09	
30,02	0,1	
30,025	0,11	
30,03	0,12	
30,035	0,14	
30,04	0,14	
30,045	0,16	
30,05	0,17	
30,055	0,18	
30,06	0,2	
30,065	0,21	
30,07	0,22	
30,075	0,23	
30,08	0,24	
30,085	0,25	
30,09	0,26	
30,095	0,27	
30,1	0,28	
30,105	0,3	
30,11	0,31	
30,115	0,32	
30,12	0,32	
30,125	0,34	
30,13	0,34	
30,135	0,35	
30,14	0,36	
30,145	0,37	
30,15	0,38	
30,155	0,39	
30,16	0,4	
30,165	0,41	
30,17	0,41	
30,175	0,42	
30,18	0,43	
30,185	0,44	
30,19	0,45	
30,195	0,46	
30,2	0,46	
30,205	0,47	
30,21	0,47	
30,215	0,47	
30,22	0,48	
30,225	0,49	
30,23	0,49	
30,235	0,5	
30,24	0,5	
30,245	0,51	
30,25	0,51	
30,255	0,51	
30,26	0,52	
30,265	0,52	
30,27	0,52	
30,275	0,52	
30,28	0,53	
30,285	0,53	
30,29	0,53	
30,295	0,53	
30,3	0,53	
30,305	0,53	
30,31	0,54	
30,315	0,53	
30,32	0,53	
30,325	0,53	
30,33	0,53	
30,335	0,53	
30,34	0,52	
30,345	0,52	
30,35	0,52	
30,355	0,52	
30,36	0,51	
30,365	0,51	
30,37	0,5	
30,375	0,49	
30,38	0,49	
30,385	0,48	
30,39	0,48	
30,395	0,47	
30,4	0,47	
30,405	0,46	
30,41	0,46	
30,415	0,45	
30,42	0,44	
30,425	0,43	
30,43	0,43	
30,435	0,42	
30,44	0,41	
30,445	0,4	
30,45	0,39	
30,455	0,38	
30,46	0,37	
30,465	0,36	
30,47	0,35	
30,475	0,34	
30,48	0,33	
30,485	0,32	
30,49	0,31	
30,495	0,3	
30,5	0,29	
30,505	0,28	
30,51	0,26	
30,515	0,25	
30,52	0,23	
30,525	0,22	
30,53	0,2	
30,535	0,19	
30,54	0,18	
30,545	0,17	
30,55	0,15	
30,555	0,13	
30,56	0,12	
30,565	0,1	
30,57	0,09	
30,575	0,08	
30,58	0,07	
30,585	0,05	
30,59	0,04	
30,595	0,03	
30,6	0,01	
30,605	-0,01	
30,61	-0,03	
30,615	-0,05	
30,62	-0,06	
30,625	-0,08	
30,63	-0,09	
30,635	-0,1	
30,64	-0,12	
30,645	-0,13	
30,65	-0,14	
30,655	-0,16	
30,66	-0,17	
30,665	-0,18	
30,67	-0,2	
30,675	-0,21	
30,68	-0,22	
30,685	-0,24	
30,69	-0,25	
30,695	-0,27	
30,7	-0,28	
30,705	-0,3	
30,71	-0,31	
30,715	-0,33	
30,72	-0,34	
30,725	-0,36	
30,73	-0,37	
30,735	-0,38	
30,74	-0,39	
30,745	-0,4	
30,75	-0,41	
30,755	-0,43	
30,76	-0,44	
30,765	-0,45	
30,77	-0,47	
30,775	-0,48	
30,78	-0,49	
30,785	-0,49	
30,79	-0,5	
30,795	-0,51	
30,8	-0,52	
30,805	-0,53	
30,81	-0,54	
30,815	-0,55	
30,82	-0,56	
30,825	-0,56	
30,83	-0,58	
30,835	-0,58	
30,84	-0,58	
30,845	-0,59	
30,85	-0,59	
30,855	-0,59	
30,86	-0,6	
30,865	-0,61	
30,87	-0,62	
30,875	-0,62	
30,88	-0,62	
30,885	-0,63	
30,89	-0,63	
30,895	-0,63	
30,9	-0,63	
30,905	-0,63	
30,91	-0,64	
30,915	-0,64	
30,92	-0,63	
30,925	-0,63	
30,93	-0,63	
30,935	-0,63	
30,94	-0,63	
30,945	-0,63	
30,95	-0,63	
30,955	-0,63	
30,96	-0,62	
30,965	-0,62	
30,97	-0,62	
30,975	-0,61	
30,98	-0,61	
30,985	-0,6	
30,99	-0,6	
30,995	-0,59	
31,0	-0,59	
31,005	-0,58	
31,01	-0,57	
31,015	-0,56	
31,02	-0,55	
31,025	-0,55	
31,03	-0,54	
31,035	-0,53	
31,04	-0,52	
31,045	-0,51	
31,05	-0,51	
31,055	-0,5	
31,06	-0,49	
31,065	-0,48	
31,07	-0,47	
31,075	-0,45	
31,08	-0,44	
31,085	-0,43	
31,09	-0,41	
31,095	-0,4	
31,1	-0,39	
31,105	-0,37	
31,11	-0,36	
31,115	-0,35	
31,12	-0,33	
31,125	-0,32	
31,13	-0,3	
31,135	-0,29	
31,14	-0,28	
31,145	-0,26	
31,15	-0,25	
31,155	-0,23	
31,16	-0,22	
31,165	-0,2	
31,17	-0,18	
31,175	-0,15	
31,18	-0,14	
31,185	-0,13	
31,19	-0,11	
31,195	-0,1	
31,2	-0,08	
31,205	-0,07	
31,21	-0,04	
31,215	-0,03	
31,22	-0,01	
31,225	0,01	
31,23	0,02	
31,235	0,04	
31,24	0,05	
31,245	0,06	
31,25	0,08	
31,255	0,1	
31,26	0,13	
31,265	0,15	
31,27	0,16	
31,275	0,18	
31,28	0,2	
31,285	0,21	
31,29	0,22	
31,295	0,24	
31,3	0,26	
31,305	0,27	
31,31	0,29	
31,315	0,3	
31,32	0,32	
31,325	0,33	
31,33	0,35	
31,335	0,36	
31,34	0,39	
31,345	0,4	
31,35	0,41	
31,355	0,43	
31,36	0,44	
31,365	0,45	
31,37	0,47	
31,375	0,48	
31,38	0,49	
31,385	0,5	
31,39	0,51	
31,395	0,52	
31,4	0,54	
31,405	0,55	
31,41	0,56	
31,415	0,57	
31,42	0,58	
31,425	0,6	
31,43	0,6	
31,435	0,61	
31,44	0,62	
31,445	0,63	
31,45	0,63	
31,455	0,64	
31,46	0,65	
31,465	0,65	
31,47	0,66	
31,475	0,66	
31,48	0,67	
31,485	0,67	
31,49	0,68	
31,495	0,68	
31,5	0,69	
31,505	0,69	
31,51	0,7	
31,515	0,7	
31,52	0,7	
31,525	0,7	
31,53	0,7	
31,535	0,7	
31,54	0,7	
31,545	0,7	
31,55	0,7	
31,555	0,7	
31,56	0,7	
31,565	0,7	
31,57	0,7	
31,575	0,7	
31,58	0,69	
31,585	0,69	
31,59	0,68	
31,595	0,68	
31,6	0,67	
31,605	0,66	
31,61	0,66	
31,615	0,65	
31,62	0,65	
31,625	0,64	
31,63	0,63	
31,635	0,62	
31,64	0,61	
31,645	0,61	
31,65	0,6	
31,655	0,59	
31,66	0,58	
31,665	0,57	
31,67	0,56	
31,675	0,54	
31,68	0,53	
31,685	0,52	
31,69	0,5	
31,695	0,49	
31,7	0,48	
31,705	0,47	
31,71	0,46	
31,715	0,45	
31,72	0,43	
31,725	0,42	
31,73	0,4	
31,735	0,38	
31,74	0,37	
31,745	0,35	
31,75	0,33	
31,755	0,32	
31,76	0,31	
31,765	0,29	
31,77	0,27	
31,775	0,25	
31,78	0,23	
31,785	0,22	
31,79	0,2	
31,795	0,19	
31,8	0,17	
31,805	0,15	
31,81	0,13	
31,815	0,12	
31,82	0,1	
31,825	0,07	
31,83	0,05	
31,835	0,03	
31,84	0,02	
31,845	0	
31,85	-0,02	
31,855	-0,04	
31,86	-0,06	
31,865	-0,08	
31,87	-0,09	
31,875	-0,11	
31,88	-0,13	
31,885	-0,15	
31,89	-0,16	
31,895	-0,18	
31,9	-0,19	
31,905	-0,22	
31,91	-0,24	
31,915	-0,26	
31,92	-0,28	
31,925	-0,29	
31,93	-0,31	
31,935	-0,32	
31,94	-0,34	
31,945	-0,35	
31,95	-0,37	
31,955	-0,38	
31,96	-0,4	
31,965	-0,41	
31,97	-0,43	
31,975	-0,45	
31,98	-0,46	
31,985	-0,48	
31,99	-0,49	
31,995	-0,5	
32,0	-0,52	
32,005	-0,53	
32,01	-0,54	
32,015	-0,56	
32,02	-0,57	
32,025	-0,59	
32,03	-0,6	
32,035	-0,6	
32,04	-0,61	
32,045	-0,62	
32,05	-0,63	
32,055	-0,64	
32,06	-0,65	
32,065	-0,66	
32,07	-0,67	
32,075	-0,68	
32,08	-0,69	
32,085	-0,69	
32,09	-0,7	
32,095	-0,7	
32,1	-0,71	
32,105	-0,71	
32,11	-0,72	
32,115	-0,72	
32,12	-0,73	
32,125	-0,73	
32,13	-0,73	
32,135	-0,73	
32,14	-0,73	
32,145	-0,73	
32,15	-0,73	
32,155	-0,74	
32,16	-0,74	
32,165	-0,74	
32,17	-0,73	
32,175	-0,74	
32,18	-0,73	
32,185	-0,73	
32,19	-0,73	
32,195	-0,72	
32,2	-0,72	
32,205	-0,72	
32,21	-0,71	
32,215	-0,71	
32,22	-0,7	
32,225	-0,7	
32,23	-0,68	
32,235	-0,68	
32,24	-0,67	
32,245	-0,67	
32,25	-0,66	
32,255	-0,65	
32,26	-0,64	
32,265	-0,63	
32,27	-0,62	
32,275	-0,61	
32,28	-0,6	
32,285	-0,59	
32,29	-0,58	
32,295	-0,56	
32,3	-0,55	
32,305	-0,54	
32,31	-0,52	
32,315	-0,52	
32,32	-0,5	
32,325	-0,49	
32,33	-0,47	
32,335	-0,46	
32,34	-0,44	
32,345	-0,42	
32,35	-0,41	
32,355	-0,39	
32,36	-0,38	
32,365	-0,36	
32,37	-0,35	
32,375	-0,33	
32,38	-0,32	
32,385	-0,3	
32,39	-0,28	
32,395	-0,26	
32,4	-0,25	
32,405	-0,23	
32,41	-0,21	
32,415	-0,19	
32,42	-0,17	
32,425	-0,15	
32,43	-0,14	
32,435	-0,12	
32,44	-0,1	
32,445	-0,09	
32,45	-0,07	
32,455	-0,05	
32,46	-0,03	
32,465	-0,01	
32,47	0,02	
32,475	0,04	
32,48	0,05	
32,485	0,07	
32,49	0,09	
32,495	0,1	
32,5	0,12	
32,505	0,14	
32,51	0,16	
32,515	0,18	
32,52	0,2	
32,525	0,21	
32,53	0,23	
32,535	0,25	
32,54	0,27	
32,545	0,28	
32,55	0,31	
32,555	0,33	
32,56	0,34	
32,565	0,36	
32,57	0,37	
32,575	0,39	
32,58	0,41	
32,585	0,42	
32,59	0,43	
32,595	0,45	
32,6	0,46	
32,605	0,47	
32,61	0,49	
32,615	0,5	
32,62	0,51	
32,625	0,53	
32,63	0,55	
32,635	0,55	
32,64	0,57	
32,645	0,57	
32,65	0,59	
32,655	0,6	
32,66	0,61	
32,665	0,62	
32,67	0,63	
32,675	0,63	
32,68	0,65	
32,685	0,66	
32,69	0,66	
32,695	0,67	
32,7	0,68	
32,705	0,68	
32,71	0,69	
32,715	0,7	
32,72	0,7	
32,725	0,71	
32,73	0,71	
32,735	0,71	
32,74	0,72	
32,745	0,72	
32,75	0,72	
32,755	0,73	
32,76	0,73	
32,765	0,73	
32,77	0,73	
32,775	0,73	
32,78	0,73	
32,785	0,73	
32,79	0,73	
32,795	0,72	
32,8	0,72	
32,805	0,71	
32,81	0,71	
32,815	0,7	
32,82	0,7	
32,825	0,7	
32,83	0,7	
32,835	0,69	
32,84	0,69	
32,845	0,68	
32,85	0,68	
32,855	0,67	
32,86	0,66	
32,865	0,65	
32,87	0,65	
32,875	0,63	
32,88	0,62	
32,885	0,61	
32,89	0,6	
32,895	0,6	
32,9	0,58	
32,905	0,58	
32,91	0,56	
32,915	0,55	
32,92	0,54	
32,925	0,53	
32,93	0,52	
32,935	0,51	
32,94	0,49	
32,945	0,48	
32,95	0,47	
32,955	0,44	
32,96	0,43	
32,965	0,41	
32,97	0,4	
32,975	0,38	
32,98	0,37	
32,985	0,35	
32,99	0,34	
32,995	0,32	
33,0	0,31	
33,005	0,29	
33,01	0,28	
33,015	0,26	
33,02	0,24	
33,025	0,22	
33,03	0,21	
33,035	0,18	
33,04	0,17	
33,045	0,15	
33,05	0,13	
33,055	0,12	
33,06	0,1	
33,065	0,08	
33,07	0,07	
33,075	0,05	
33,08	0,03	
33,085	0,01	
33,09	-0,01	
33,095	-0,02	
33,1	-0,04	
33,105	-0,06	
33,11	-0,08	
33,115	-0,11	
33,12	-0,12	
33,125	-0,14	
33,13	-0,16	
33,135	-0,17	
33,14	-0,19	
33,145	-0,21	
33,15	-0,22	
33,155	-0,24	
33,16	-0,26	
33,165	-0,27	
33,17	-0,28	
33,175	-0,3	
33,18	-0,31	
33,185	-0,33	
33,19	-0,35	
33,195	-0,36	
33,2	-0,38	
33,205	-0,39	
33,21	-0,41	
33,215	-0,42	
33,22	-0,44	
33,225	-0,45	
33,23	-0,46	
33,235	-0,47	
33,24	-0,48	
33,245	-0,5	
33,25	-0,51	
33,255	-0,52	
33,26	-0,53	
33,265	-0,54	
33,27	-0,55	
33,275	-0,56	
33,28	-0,57	
33,285	-0,58	
33,29	-0,59	
33,295	-0,59	
33,3	-0,6	
33,305	-0,61	
33,31	-0,62	
33,315	-0,63	
33,32	-0,64	
33,325	-0,65	
33,33	-0,65	
33,335	-0,66	
33,34	-0,66	
33,345	-0,66	
33,35	-0,66	
33,355	-0,66	
33,36	-0,67	
33,365	-0,68	
33,37	-0,68	
33,375	-0,69	
33,38	-0,69	
33,385	-0,68	
33,39	-0,68	
33,395	-0,68	
33,4	-0,67	
33,405	-0,67	
33,41	-0,68	
33,415	-0,68	
33,42	-0,68	
33,425	-0,68	
33,43	-0,67	
33,435	-0,67	
33,44	-0,66	
33,445	-0,65	
33,45	-0,65	
33,455	-0,65	
33,46	-0,65	
33,465	-0,64	
33,47	-0,63	
33,475	-0,63	
33,48	-0,62	
33,485	-0,61	
33,49	-0,6	
33,495	-0,59	
33,5	-0,58	
33,505	-0,57	
33,51	-0,56	
33,515	-0,55	
33,52	-0,54	
33,525	-0,53	
33,53	-0,52	
33,535	-0,51	
33,54	-0,5	
33,545	-0,48	
33,55	-0,47	
33,555	-0,46	
33,56	-0,45	
33,565	-0,44	
33,57	-0,43	
33,575	-0,42	
33,58	-0,41	
33,585	-0,39	
33,59	-0,38	
33,595	-0,36	
33,6	-0,35	
33,605	-0,32	
33,61	-0,31	
33,615	-0,3	
33,62	-0,28	
33,625	-0,27	
33,63	-0,25	
33,635	-0,24	
33,64	-0,22	
33,645	-0,21	
33,65	-0,19	
33,655	-0,18	
33,66	-0,16	
33,665	-0,15	
33,67	-0,13	
33,675	-0,12	
33,68	-0,1	
33,685	-0,08	
33,69	-0,06	
33,695	-0,04	
33,7	-0,03	
33,705	-0,01	
33,71	0	
33,715	0,02	
33,72	0,04	
33,725	0,05	
33,73	0,07	
33,735	0,08	
33,74	0,1	
33,745	0,11	
33,75	0,13	
33,755	0,15	
33,76	0,17	
33,765	0,19	
33,77	0,2	
33,775	0,21	
33,78	0,23	
33,785	0,24	
33,79	0,25	
33,795	0,27	
33,8	0,28	
33,805	0,3	
33,81	0,31	
33,815	0,32	
33,82	0,34	
33,825	0,35	
33,83	0,36	
33,835	0,37	
33,84	0,38	
33,845	0,4	
33,85	0,41	
33,855	0,42	
33,86	0,43	
33,865	0,44	
33,87	0,45	
33,875	0,46	
33,88	0,47	
33,885	0,48	
33,89	0,48	
33,895	0,49	
33,9	0,5	
33,905	0,51	
33,91	0,52	
33,915	0,53	
33,92	0,54	
33,925	0,55	
33,93	0,55	
33,935	0,56	
33,94	0,56	
33,945	0,56	
33,95	0,57	
33,955	0,57	
33,96	0,58	
33,965	0,58	
33,97	0,59	
33,975	0,59	
33,98	0,59	
33,985	0,59	
33,99	0,59	
33,995	0,59	
34,0	0,6	
34,005	0,6	
34,01	0,6	
34,015	0,6	
34,02	0,6	
34,025	0,6	
34,03	0,6	
34,035	0,59	
34,04	0,59	
34,045	0,59	
34,05	0,59	
34,055	0,58	
34,06	0,58	
34,065	0,58	
34,07	0,57	
34,075	0,57	
34,08	0,56	
34,085	0,56	
34,09	0,55	
34,095	0,54	
34,1	0,54	
34,105	0,53	
34,11	0,53	
34,115	0,52	
34,12	0,51	
34,125	0,51	
34,13	0,5	
34,135	0,49	
34,14	0,48	
34,145	0,47	
34,15	0,46	
34,155	0,45	
34,16	0,44	
34,165	0,43	
34,17	0,41	
34,175	0,4	
34,18	0,39	
34,185	0,38	
34,19	0,37	
34,195	0,36	
34,2	0,35	
34,205	0,34	
34,21	0,33	
34,215	0,32	
34,22	0,3	
34,225	0,29	
34,23	0,28	
34,235	0,27	
34,24	0,26	
34,245	0,25	
34,25	0,23	
34,255	0,21	
34,26	0,2	
34,265	0,18	
34,27	0,17	
34,275	0,16	
34,28	0,15	
34,285	0,13	
34,29	0,12	
34,295	0,1	
34,3	0,09	
34,305	0,07	
34,31	0,06	
34,315	0,04	
34,32	0,03	
34,325	0,02	
34,33	0	
34,335	-0,02	
34,34	-0,03	
34,345	-0,04	
34,35	-0,06	
34,355	-0,07	
34,36	-0,08	
34,365	-0,09	
34,37	-0,1	
34,375	-0,12	
34,38	-0,13	
34,385	-0,14	
34,39	-0,15	
34,395	-0,17	
34,4	-0,18	
34,405	-0,19	
34,41	-0,21	
34,415	-0,21	
34,42	-0,22	
34,425	-0,24	
34,43	-0,25	
34,435	-0,26	
34,44	-0,28	
34,445	-0,29	
34,45	-0,29	
34,455	-0,3	
34,46	-0,31	
34,465	-0,32	
34,47	-0,33	
34,475	-0,34	
34,48	-0,35	
34,485	-0,36	
34,49	-0,37	
34,495	-0,38	
34,5	-0,38	
34,505	-0,39	
34,51	-0,39	
34,515	-0,4	
34,52	-0,41	
34,525	-0,42	
34,53	-0,43	
34,535	-0,44	
34,54	-0,44	
34,545	-0,45	
34,55	-0,45	
34,555	-0,45	
34,56	-0,45	
34,565	-0,45	
34,57	-0,46	
34,575	-0,47	
34,58	-0,47	
34,585	-0,47	
34,59	-0,48	
34,595	-0,47	
34,6	-0,48	
34,605	-0,48	
34,61	-0,48	
34,615	-0,48	
34,62	-0,49	
34,625	-0,49	
34,63	-0,49	
34,635	-0,48	
34,64	-0,48	
34,645	-0,48	
34,65	-0,48	
34,655	-0,47	
34,66	-0,47	
34,665	-0,47	
34,67	-0,47	
34,675	-0,46	
34,68	-0,46	
34,685	-0,46	
34,69	-0,46	
34,695	-0,45	
34,7	-0,45	
34,705	-0,45	
34,71	-0,44	
34,715	-0,44	
34,72	-0,43	
34,725	-0,43	
34,73	-0,43	
34,735	-0,42	
34,74	-0,41	
34,745	-0,4	
34,75	-0,39	
34,755	-0,39	
34,76	-0,38	
34,765	-0,38	
34,77	-0,37	
34,775	-0,36	
34,78	-0,35	
34,785	-0,34	
34,79	-0,33	
34,795	-0,33	
34,8	-0,32	
34,805	-0,31	
34,81	-0,3	
34,815	-0,29	
34,82	-0,28	
34,825	-0,27	
34,83	-0,26	
34,835	-0,25	
34,84	-0,24	
34,845	-0,23	
34,85	-0,22	
34,855	-0,21	
34,86	-0,21	
34,865	-0,2	
34,87	-0,19	
34,875	-0,18	
34,88	-0,17	
34,885	-0,16	
34,89	-0,15	
34,895	-0,13	
34,9	-0,12	
34,905	-0,11	
34,91	-0,1	
34,915	-0,09	
34,92	-0,08	
34,925	-0,07	
34,93	-0,05	
34,935	-0,04	
34,94	-0,04	
34,945	-0,03	
34,95	-0,02	
34,955	-0,01	
34,96	0,01	
34,965	0,02	
34,97	0,03	
34,975	0,04	
34,98	0,05	
34,985	0,06	
34,99	0,07	
34,995	0,08	
35,0	0,09	
35,005	0,1	
35,01	0,11	
35,015	0,12	
35,02	0,12	
35,025	0,14	
35,03	0,14	
35,035	0,15	
35,04	0,16	
35,045	0,17	
35,05	0,17	
35,055	0,18	
35,06	0,2	
35,065	0,21	
35,07	0,21	
35,075	0,22	
35,08	0,22	
35,085	0,23	
35,09	0,23	
35,095	0,24	
35,1	0,25	
35,105	0,25	
35,11	0,26	
35,115	0,27	
35,12	0,28	
35,125	0,28	
35,13	0,29	
35,135	0,29	
35,14	0,29	
35,145	0,29	
35,15	0,3	
35,155	0,3	
35,16	0,31	
35,165	0,32	
35,17	0,32	
35,175	0,32	
35,18	0,32	
35,185	0,32	
35,19	0,32	
35,195	0,33	
35,2	0,33	
35,205	0,33	
35,21	0,34	
35,215	0,34	
35,22	0,34	
35,225	0,34	
35,23	0,34	
35,235	0,34	
35,24	0,34	
35,245	0,34	
35,25	0,34	
35,255	0,34	
35,26	0,34	
35,265	0,34	
35,27	0,34	
35,275	0,33	
35,28	0,33	
35,285	0,33	
35,29	0,33	
35,295	0,33	
35,3	0,33	
35,305	0,33	
35,31	0,32	
35,315	0,32	
35,32	0,32	
35,325	0,32	
35,33	0,31	
35,335	0,31	
35,34	0,3	
35,345	0,3	
35,35	0,29	
35,355	0,29	
35,36	0,28	
35,365	0,28	
35,37	0,28	
35,375	0,28	
35,38	0,27	
35,385	0,26	
35,39	0,26	
35,395	0,25	
35,4	0,25	
35,405	0,25	
35,41	0,24	
35,415	0,23	
35,42	0,23	
35,425	0,22	
35,43	0,21	
35,435	0,21	
35,44	0,2	
35,445	0,19	
35,45	0,19	
35,455	0,18	
35,46	0,17	
35,465	0,16	
35,47	0,16	
35,475	0,15	
35,48	0,14	
35,485	0,14	
35,49	0,13	
35,495	0,12	
35,5	0,12	
35,505	0,11	
35,51	0,11	
35,515	0,1	
35,52	0,09	
35,525	0,09	
35,53	0,08	
35,535	0,07	
35,54	0,07	
35,545	0,06	
35,55	0,06	
35,555	0,05	
35,56	0,04	
35,565	0,03	
35,57	0,03	
35,575	0,02	
35,58	0,01	
35,585	0,01	
35,59	0	
35,595	0	
35,6	-0,01	
35,605	-0,02	
35,61	-0,02	
35,615	-0,03	
35,62	-0,04	
35,625	-0,05	
35,63	-0,05	
35,635	-0,06	
35,64	-0,06	
35,645	-0,07	
35,65	-0,07	
35,655	-0,07	
35,66	-0,08	
35,665	-0,08	
35,67	-0,09	
35,675	-0,09	
35,68	-0,1	
35,685	-0,11	
35,69	-0,11	
35,695	-0,12	
35,7	-0,12	
35,705	-0,12	
35,71	-0,12	
35,715	-0,13	
35,72	-0,13	
35,725	-0,14	
35,73	-0,14	
35,735	-0,14	
35,74	-0,15	
35,745	-0,15	
35,75	-0,16	
35,755	-0,15	
35,76	-0,15	
35,765	-0,16	
35,77	-0,16	
35,775	-0,17	
35,78	-0,17	
35,785	-0,18	
35,79	-0,18	
35,795	-0,17	
35,8	-0,17	
35,805	-0,17	
35,81	-0,18	
35,815	-0,18	
35,82	-0,18	
35,825	-0,18	
35,83	-0,18	
35,835	-0,18	
35,84	-0,18	
35,845	-0,18	
35,85	-0,18	
35,855	-0,18	
35,86	-0,18	
35,865	-0,18	
35,87	-0,19	
35,875	-0,19	
35,88	-0,19	
35,885	-0,19	
35,89	-0,18	
35,895	-0,18	
35,9	-0,18	
35,905	-0,18	
35,91	-0,18	
35,915	-0,18	
35,92	-0,18	
35,925	-0,18	
35,93	-0,18	
35,935	-0,18	
35,94	-0,17	
35,945	-0,17	
35,95	-0,17	
35,955	-0,16	
35,96	-0,16	
35,965	-0,16	
35,97	-0,16	
35,975	-0,16	
35,98	-0,16	
35,985	-0,15	
35,99	-0,15	
35,995	-0,15	
36,0	-0,15	
36,005	-0,14	
36,01	-0,14	
36,015	-0,13	
36,02	-0,14	
36,025	-0,13	
36,03	-0,13	
36,035	-0,13	
36,04	-0,13	
36,045	-0,12	
36,05	-0,12	
36,055	-0,11	
36,06	-0,11	
36,065	-0,11	
36,07	-0,1	
36,075	-0,1	
36,08	-0,1	
36,085	-0,09	
36,09	-0,09	
36,095	-0,09	
36,1	-0,09	
36,105	-0,09	
36,11	-0,09	
36,115	-0,08	
36,12	-0,08	
36,125	-0,08	
36,13	-0,07	
36,135	-0,07	
36,14	-0,06	
36,145	-0,06	
36,15	-0,06	
36,155	-0,06	
36,16	-0,06	
36,165	-0,06	
36,17	-0,06	
36,175	-0,05	
36,18	-0,05	
36,185	-0,04	
36,19	-0,04	
36,195	-0,04	
36,2	-0,04	
36,205	-0,04	
36,21	-0,03	
36,215	-0,03	
36,22	-0,03	
36,225	-0,02	
36,23	-0,02	
36,235	-0,02	
36,24	-0,01	
36,245	-0,01	
36,25	-0,01	
36,255	-0,01	
36,26	-0,02	
36,265	-0,02	
36,27	-0,01	
36,275	-0,01	
36,28	0	
36,285	0	
36,29	0	
36,295	0	
36,3	0	
36,305	0	
36,31	0	
36,315	0,01	
36,32	0,01	
36,325	0,01	
36,33	0,01	
36,335	0,01	
36,34	0,01	
36,345	0,01	
36,35	0,01	
36,355	0,01	
36,36	0,01	
36,365	0,01	
36,37	0,01	
36,375	0,01	
36,38	0,02	
36,385	0,01	
36,39	0,01	
36,395	0,01	
36,4	0,02	
36,405	0,01	
36,41	0,02	
36,415	0,02	
36,42	0,02	
36,425	0,02	
36,43	0,02	
36,435	0,02	
36,44	0,02	
36,445	0,02	
36,45	0,02	
36,455	0,02	
36,46	0,02	
36,465	0,02	
36,47	0,02	
36,475	0,02	
36,48	0,02	
36,485	0,02	
36,49	0,02	
36,495	0,01	
36,5	0,02	
36,505	0,02	
36,51	0,02	
36,515	0,02	
36,52	0,02	
36,525	0,02	
36,53	0,02	
36,535	0,02	
36,54	0,01	
36,545	0,01	
36,55	0,01	
36,555	0,01	
36,56	0,01	
36,565	0,01	
36,57	0,01	
36,575	0,01	
36,58	0,01	
36,585	0,02	
36,59	0,01	
36,595	0,01	
36,6	0,01	
36,605	0,01	
36,61	0,01	
36,615	0,02	
36,62	0,02	
36,625	0,02	
36,63	0,02	
36,635	0,02	
36,64	0,02	
36,645	0,02	
36,65	0,02	
36,655	0,02	
36,66	0,02	
36,665	0,02	
36,67	0,02	
36,675	0,02	
36,68	0,03	
36,685	0,03	
36,69	0,03	
36,695	0,03	
36,7	0,03	
36,705	0,03	
36,71	0,03	
36,715	0,03	
36,72	0,04	
36,725	0,04	
36,73	0,04	
36,735	0,04	
36,74	0,04	
36,745	0,03	
36,75	0,03	
36,755	0,03	
36,76	0,03	
36,765	0,04	
36,77	0,04	
36,775	0,05	
36,78	0,05	
36,785	0,05	
36,79	0,05	
36,795	0,04	
36,8	0,05	
36,805	0,05	
36,81	0,05	
36,815	0,05	
36,82	0,06	
36,825	0,07	
36,83	0,07	
36,835	0,07	
36,84	0,08	
36,845	0,08	
36,85	0,08	
36,855	0,08	
36,86	0,08	
36,865	0,08	
36,87	0,09	
36,875	0,09	
36,88	0,09	
36,885	0,09	
36,89	0,09	
36,895	0,09	
36,9	0,1	
36,905	0,1	
36,91	0,1	
36,915	0,1	
36,92	0,1	
36,925	0,1	
36,93	0,1	
36,935	0,11	
36,94	0,11	
36,945	0,12	
36,95	0,12	
36,955	0,12	
36,96	0,12	
36,965	0,12	
36,97	0,12	
36,975	0,12	
36,98	0,12	
36,985	0,13	
36,99	0,13	
36,995	0,13	
37,0	0,14	
37,005	0,14	
37,01	0,14	
37,015	0,14	
37,02	0,14	
37,025	0,14	
37,03	0,14	
37,035	0,14	
37,04	0,14	
37,045	0,15	
37,05	0,15	
37,055	0,15	
37,06	0,16	
37,065	0,15	
37,07	0,15	
37,075	0,15	
37,08	0,14	
37,085	0,14	
37,09	0,15	
37,095	0,15	
37,1	0,15	
37,105	0,16	
37,11	0,16	
37,115	0,16	
37,12	0,15	
37,125	0,15	
37,13	0,15	
37,135	0,15	
37,14	0,15	
37,145	0,15	
37,15	0,15	
37,155	0,16	
37,16	0,15	
37,165	0,15	
37,17	0,14	
37,175	0,14	
37,18	0,13	
37,185	0,13	
37,19	0,13	
37,195	0,13	
37,2	0,13	
37,205	0,13	
37,21	0,13	
37,215	0,13	
37,22	0,12	
37,225	0,12	
37,23	0,12	
37,235	0,12	
37,24	0,11	
37,245	0,11	
37,25	0,11	
37,255	0,1	
37,26	0,1	
37,265	0,1	
37,27	0,1	
37,275	0,09	
37,28	0,09	
37,285	0,08	
37,29	0,08	
37,295	0,07	
37,3	0,07	
37,305	0,06	
37,31	0,06	
37,315	0,06	
37,32	0,05	
37,325	0,04	
37,33	0,04	
37,335	0,04	
37,34	0,03	
37,345	0,02	
37,35	0,01	
37,355	0,01	
37,36	0	
37,365	0	
37,37	-0,01	
37,375	-0,01	
37,38	-0,02	
37,385	-0,02	
37,39	-0,03	
37,395	-0,04	
37,4	-0,05	
37,405	-0,05	
37,41	-0,06	
37,415	-0,06	
37,42	-0,06	
37,425	-0,07	
37,43	-0,08	
37,435	-0,08	
37,44	-0,09	
37,445	-0,09	
37,45	-0,1	
37,455	-0,11	
37,46	-0,11	
37,465	-0,12	
37,47	-0,13	
37,475	-0,13	
37,48	-0,13	
37,485	-0,14	
37,49	-0,15	
37,495	-0,15	
37,5	-0,16	
37,505	-0,16	
37,51	-0,17	
37,515	-0,17	
37,52	-0,18	
37,525	-0,19	
37,53	-0,19	
37,535	-0,2	
37,54	-0,2	
37,545	-0,21	
37,55	-0,22	
37,555	-0,22	
37,56	-0,23	
37,565	-0,23	
37,57	-0,24	
37,575	-0,24	
37,58	-0,24	
37,585	-0,25	
37,59	-0,25	
37,595	-0,25	
37,6	-0,26	
37,605	-0,27	
37,61	-0,27	
37,615	-0,28	
37,62	-0,28	
37,625	-0,28	
37,63	-0,28	
37,635	-0,29	
37,64	-0,29	
37,645	-0,29	
37,65	-0,3	
37,655	-0,3	
37,66	-0,31	
37,665	-0,31	
37,67	-0,31	
37,675	-0,31	
37,68	-0,31	
37,685	-0,31	
37,69	-0,31	
37,695	-0,31	
37,7	-0,31	
37,705	-0,31	
37,71	-0,31	
37,715	-0,32	
37,72	-0,31	
37,725	-0,31	
37,73	-0,31	
37,735	-0,3	
37,74	-0,3	
37,745	-0,31	
37,75	-0,31	
37,755	-0,31	
37,76	-0,31	
37,765	-0,31	
37,77	-0,3	
37,775	-0,3	
37,78	-0,29	
37,785	-0,29	
37,79	-0,29	
37,795	-0,29	
37,8	-0,28	
37,805	-0,28	
37,81	-0,27	
37,815	-0,27	
37,82	-0,26	
37,825	-0,26	
37,83	-0,26	
37,835	-0,25	
37,84	-0,25	
37,845	-0,25	
37,85	-0,24	
37,855	-0,23	
37,86	-0,23	
37,865	-0,22	
37,87	-0,21	
37,875	-0,21	
37,88	-0,21	
37,885	-0,2	
37,89	-0,19	
37,895	-0,19	
37,9	-0,18	
37,905	-0,17	
37,91	-0,16	
37,915	-0,15	
37,92	-0,14	
37,925	-0,13	
37,93	-0,13	
37,935	-0,12	
37,94	-0,11	
37,945	-0,1	
37,95	-0,09	
37,955	-0,08	
37,96	-0,07	
37,965	-0,06	
37,97	-0,05	
37,975	-0,04	
37,98	-0,04	
37,985	-0,03	
37,99	-0,02	
37,995	-0,02	
38,0	-0,01	
38,005	0,01	
38,01	0,02	
38,015	0,02	
38,02	0,03	
38,025	0,04	
38,03	0,05	
38,035	0,05	
38,04	0,07	
38,045	0,08	
38,05	0,09	
38,055	0,11	
38,06	0,12	
38,065	0,13	
38,07	0,14	
38,075	0,14	
38,08	0,15	
38,085	0,16	
38,09	0,17	
38,095	0,18	
38,1	0,19	
38,105	0,2	
38,11	0,21	
38,115	0,22	
38,12	0,23	
38,125	0,23	
38,13	0,25	
38,135	0,26	
38,14	0,27	
38,145	0,28	
38,15	0,28	
38,155	0,29	
38,16	0,3	
38,165	0,31	
38,17	0,32	
38,175	0,32	
38,18	0,33	
38,185	0,34	
38,19	0,34	
38,195	0,35	
38,2	0,36	
38,205	0,36	
38,21	0,37	
38,215	0,37	
38,22	0,38	
38,225	0,39	
38,23	0,39	
38,235	0,4	
38,24	0,41	
38,245	0,41	
38,25	0,42	
38,255	0,42	
38,26	0,42	
38,265	0,42	
38,27	0,43	
38,275	0,43	
38,28	0,43	
38,285	0,44	
38,29	0,45	
38,295	0,45	
38,3	0,46	
38,305	0,45	
38,31	0,45	
38,315	0,45	
38,32	0,45	
38,325	0,45	
38,33	0,46	
38,335	0,46	
38,34	0,46	
38,345	0,46	
38,35	0,45	
38,355	0,45	
38,36	0,44	
38,365	0,44	
38,37	0,44	
38,375	0,44	
38,38	0,44	
38,385	0,44	
38,39	0,44	
38,395	0,43	
38,4	0,43	
38,405	0,42	
38,41	0,42	
38,415	0,41	
38,42	0,41	
38,425	0,4	
38,43	0,4	
38,435	0,39	
38,44	0,39	
38,445	0,38	
38,45	0,38	
38,455	0,37	
38,46	0,36	
38,465	0,35	
38,47	0,34	
38,475	0,33	
38,48	0,32	
38,485	0,32	
38,49	0,31	
38,495	0,3	
38,5	0,29	
38,505	0,28	
38,51	0,27	
38,515	0,26	
38,52	0,25	
38,525	0,24	
38,53	0,23	
38,535	0,22	
38,54	0,21	
38,545	0,2	
38,55	0,19	
38,555	0,18	
38,56	0,17	
38,565	0,15	
38,57	0,14	
38,575	0,13	
38,58	0,11	
38,585	0,1	
38,59	0,09	
38,595	0,08	
38,6	0,07	
38,605	0,06	
38,61	0,05	
38,615	0,03	
38,62	0,02	
38,625	0	
38,63	-0,01	
38,635	-0,02	
38,64	-0,03	
38,645	-0,05	
38,65	-0,06	
38,655	-0,07	
38,66	-0,09	
38,665	-0,1	
38,67	-0,11	
38,675	-0,12	
38,68	-0,14	
38,685	-0,15	
38,69	-0,16	
38,695	-0,18	
38,7	-0,19	
38,705	-0,2	
38,71	-0,22	
38,715	-0,23	
38,72	-0,24	
38,725	-0,25	
38,73	-0,26	
38,735	-0,27	
38,74	-0,29	
38,745	-0,3	
38,75	-0,31	
38,755	-0,32	
38,76	-0,33	
38,765	-0,34	
38,77	-0,35	
38,775	-0,37	
38,78	-0,38	
38,785	-0,39	
38,79	-0,4	
38,795	-0,41	
38,8	-0,42	
38,805	-0,43	
38,81	-0,44	
38,815	-0,44	
38,82	-0,45	
38,825	-0,45	
38,83	-0,46	
38,835	-0,47	
38,84	-0,48	
38,845	-0,49	
38,85	-0,5	
38,855	-0,51	
38,86	-0,51	
38,865	-0,52	
38,87	-0,52	
38,875	-0,52	
38,88	-0,53	
38,885	-0,53	
38,89	-0,54	
38,895	-0,54	
38,9	-0,55	
38,905	-0,56	
38,91	-0,56	
38,915	-0,56	
38,92	-0,56	
38,925	-0,56	
38,93	-0,56	
38,935	-0,57	
38,94	-0,57	
38,945	-0,57	
38,95	-0,57	
38,955	-0,57	
38,96	-0,57	
38,965	-0,57	
38,97	-0,56	
38,975	-0,56	
38,98	-0,56	
38,985	-0,55	
38,99	-0,55	
38,995	-0,55	
39,0	-0,55	
39,005	-0,55	
39,01	-0,54	
39,015	-0,54	
39,02	-0,53	
39,025	-0,52	
39,03	-0,52	
39,035	-0,51	
39,04	-0,5	
39,045	-0,5	
39,05	-0,5	
39,055	-0,49	
39,06	-0,48	
39,065	-0,47	
39,07	-0,46	
39,075	-0,45	
39,08	-0,44	
39,085	-0,43	
39,09	-0,43	
39,095	-0,42	
39,1	-0,4	
39,105	-0,39	
39,11	-0,38	
39,115	-0,37	
39,12	-0,37	
39,125	-0,35	
39,13	-0,34	
39,135	-0,33	
39,14	-0,32	
39,145	-0,3	
39,15	-0,29	
39,155	-0,27	
39,16	-0,26	
39,165	-0,25	
39,17	-0,23	
39,175	-0,22	
39,18	-0,22	
39,185	-0,19	
39,19	-0,18	
39,195	-0,16	
39,2	-0,15	
39,205	-0,13	
39,21	-0,12	
39,215	-0,11	
39,22	-0,1	
39,225	-0,08	
39,23	-0,06	
39,235	-0,05	
39,24	-0,03	
39,245	-0,01	
39,25	0	
39,255	0,02	
39,26	0,04	
39,265	0,05	
39,27	0,07	
39,275	0,08	
39,28	0,1	
39,285	0,11	
39,29	0,13	
39,295	0,14	
39,3	0,16	
39,305	0,17	
39,31	0,19	
39,315	0,2	
39,32	0,21	
39,325	0,23	
39,33	0,24	
39,335	0,25	
39,34	0,28	
39,345	0,29	
39,35	0,31	
39,355	0,32	
39,36	0,34	
39,365	0,35	
39,37	0,37	
39,375	0,38	
39,38	0,39	
39,385	0,4	
39,39	0,41	
39,395	0,42	
39,4	0,43	
39,405	0,45	
39,41	0,46	
39,415	0,47	
39,42	0,48	
39,425	0,5	
39,43	0,51	
39,435	0,51	
39,44	0,52	
39,445	0,53	
39,45	0,54	
39,455	0,55	
39,46	0,56	
39,465	0,57	
39,47	0,58	
39,475	0,59	
39,48	0,59	
39,485	0,6	
39,49	0,6	
39,495	0,61	
39,5	0,61	
39,505	0,62	
39,51	0,63	
39,515	0,63	
39,52	0,64	
39,525	0,64	
39,53	0,64	
39,535	0,64	
39,54	0,64	
39,545	0,65	
39,55	0,65	
39,555	0,65	
39,56	0,65	
39,565	0,66	
39,57	0,65	
39,575	0,65	
39,58	0,65	
39,585	0,65	
39,59	0,65	
39,595	0,64	
39,6	0,64	
39,605	0,64	
39,61	0,64	
39,615	0,63	
39,62	0,63	
39,625	0,63	
39,63	0,62	
39,635	0,61	
39,64	0,61	
39,645	0,6	
39,65	0,59	
39,655	0,59	
39,66	0,58	
39,665	0,57	
39,67	0,56	
39,675	0,55	
39,68	0,55	
39,685	0,54	
39,69	0,53	
39,695	0,52	
39,7	0,51	
39,705	0,5	
39,71	0,49	
39,715	0,48	
39,72	0,46	
39,725	0,45	
39,73	0,44	
39,735	0,43	
39,74	0,41	
39,745	0,4	
39,75	0,39	
39,755	0,37	
39,76	0,36	
39,765	0,34	
39,77	0,33	
39,775	0,31	
39,78	0,3	
39,785	0,28	
39,79	0,27	
39,795	0,26	
39,8	0,24	
39,805	0,23	
39,81	0,21	
39,815	0,19	
39,82	0,17	
39,825	0,15	
39,83	0,13	
39,835	0,12	
39,84	0,1	
39,845	0,09	
39,85	0,07	
39,855	0,06	
39,86	0,04	
39,865	0,02	
39,87	0,01	
39,875	-0,01	
39,88	-0,03	
39,885	-0,04	
39,89	-0,06	
39,895	-0,08	
39,9	-0,1	
39,905	-0,11	
39,91	-0,14	
39,915	-0,16	
39,92	-0,18	
39,925	-0,19	
39,93	-0,21	
39,935	-0,23	
39,94	-0,24	
39,945	-0,25	
39,95	-0,27	
39,955	-0,28	
39,96	-0,3	
39,965	-0,31	
39,97	-0,33	
39,975	-0,34	
39,98	-0,35	
39,985	-0,37	
39,99	-0,39	
39,995	-0,41	
40,0	-0,42	
40,005	-0,44	
40,01	-0,45	
40,015	-0,47	
40,02	-0,48	
40,025	-0,49	
40,03	-0,51	
40,035	-0,52	
40,04	-0,53	
40,045	-0,54	
40,05	-0,55	
40,055	-0,56	
40,06	-0,57	
40,065	-0,58	
40,07	-0,59	
40,075	-0,6	
40,08	-0,6	
40,085	-0,61	
40,09	-0,62	
40,095	-0,63	
40,1	-0,64	
40,105	-0,65	
40,11	-0,65	
40,115	-0,66	
40,12	-0,67	
40,125	-0,67	
40,13	-0,68	
40,135	-0,69	
40,14	-0,69	
40,145	-0,69	
40,15	-0,7	
40,155	-0,7	
40,16	-0,7	
40,165	-0,7	
40,17	-0,7	
40,175	-0,7	
40,18	-0,7	
40,185	-0,7	
40,19	-0,7	
40,195	-0,7	
40,2	-0,7	
40,205	-0,7	
40,21	-0,7	
40,215	-0,7	
40,22	-0,69	
40,225	-0,68	
40,23	-0,67	
40,235	-0,67	
40,24	-0,67	
40,245	-0,67	
40,25	-0,66	
40,255	-0,66	
40,26	-0,65	
40,265	-0,64	
40,27	-0,64	
40,275	-0,63	
40,28	-0,62	
40,285	-0,61	
40,29	-0,6	
40,295	-0,59	
40,3	-0,58	
40,305	-0,58	
40,31	-0,57	
40,315	-0,55	
40,32	-0,54	
40,325	-0,52	
40,33	-0,51	
40,335	-0,5	
40,34	-0,49	
40,345	-0,48	
40,35	-0,47	
40,355	-0,46	
40,36	-0,44	
40,365	-0,43	
40,37	-0,41	
40,375	-0,4	
40,38	-0,38	
40,385	-0,36	
40,39	-0,35	
40,395	-0,33	
40,4	-0,31	
40,405	-0,3	
40,41	-0,28	
40,415	-0,27	
40,42	-0,26	
40,425	-0,24	
40,43	-0,22	
40,435	-0,2	
40,44	-0,19	
40,445	-0,17	
40,45	-0,15	
40,455	-0,13	
40,46	-0,12	
40,465	-0,1	
40,47	-0,08	
40,475	-0,06	
40,48	-0,04	
40,485	-0,02	
40,49	-0,01	
40,495	0,01	
40,5	0,03	
40,505	0,05	
40,51	0,07	
40,515	0,08	
40,52	0,1	
40,525	0,11	
40,53	0,13	
40,535	0,14	
40,54	0,16	
40,545	0,19	
40,55	0,21	
40,555	0,23	
40,56	0,25	
40,565	0,26	
40,57	0,27	
40,575	0,28	
40,58	0,3	
40,585	0,31	
40,59	0,33	
40,595	0,35	
40,6	0,37	
40,605	0,39	
40,61	0,41	
40,615	0,42	
40,62	0,43	
40,625	0,44	
40,63	0,45	
40,635	0,47	
40,64	0,49	
40,645	0,5	
40,65	0,52	
40,655	0,53	
40,66	0,54	
40,665	0,55	
40,67	0,55	
40,675	0,56	
40,68	0,57	
40,685	0,58	
40,69	0,6	
40,695	0,61	
40,7	0,62	
40,705	0,63	
40,71	0,64	
40,715	0,65	
40,72	0,65	
40,725	0,66	
40,73	0,67	
40,735	0,68	
40,74	0,68	
40,745	0,69	
40,75	0,69	
40,755	0,7	
40,76	0,7	
40,765	0,7	
40,77	0,7	
40,775	0,71	
40,78	0,71	
40,785	0,71	
40,79	0,71	
40,795	0,71	
40,8	0,71	
40,805	0,72	
40,81	0,71	
40,815	0,71	
40,82	0,71	
40,825	0,71	
40,83	0,71	
40,835	0,71	
40,84	0,7	
40,845	0,7	
40,85	0,69	
40,855	0,69	
40,86	0,68	
40,865	0,67	
40,87	0,67	
40,875	0,67	
40,88	0,66	
40,885	0,65	
40,89	0,65	
40,895	0,64	
40,9	0,63	
40,905	0,62	
40,91	0,61	
40,915	0,6	
40,92	0,59	
40,925	0,58	
40,93	0,57	
40,935	0,56	
40,94	0,55	
40,945	0,54	
40,95	0,53	
40,955	0,51	
40,96	0,49	
40,965	0,47	
40,97	0,46	
40,975	0,45	
40,98	0,44	
40,985	0,43	
40,99	0,42	
40,995	0,4	
41,0	0,38	
41,005	0,37	
41,01	0,35	
41,015	0,33	
41,02	0,32	
41,025	0,31	
41,03	0,29	
41,035	0,28	
41,04	0,26	
41,045	0,24	
41,05	0,22	
41,055	0,2	
41,06	0,18	
41,065	0,16	
41,07	0,14	
41,075	0,13	
41,08	0,12	
41,085	0,1	
41,09	0,08	
41,095	0,06	
41,1	0,04	
41,105	0,02	
41,11	0,01	
41,115	-0,01	
41,12	-0,03	
41,125	-0,04	
41,13	-0,06	
41,135	-0,08	
41,14	-0,1	
41,145	-0,12	
41,15	-0,14	
41,155	-0,16	
41,16	-0,17	
41,165	-0,19	
41,17	-0,2	
41,175	-0,21	
41,18	-0,23	
41,185	-0,24	
41,19	-0,26	
41,195	-0,28	
41,2	-0,3	
41,205	-0,32	
41,21	-0,34	
41,215	-0,35	
41,22	-0,36	
41,225	-0,38	
41,23	-0,39	
41,235	-0,4	
41,24	-0,42	
41,245	-0,43	
41,25	-0,45	
41,255	-0,46	
41,26	-0,47	
41,265	-0,48	
41,27	-0,49	
41,275	-0,5	
41,28	-0,51	
41,285	-0,54	
41,29	-0,55	
41,295	-0,56	
41,3	-0,58	
41,305	-0,58	
41,31	-0,59	
41,315	-0,6	
41,32	-0,6	
41,325	-0,6	
41,33	-0,61	
41,335	-0,62	
41,34	-0,63	
41,345	-0,64	
41,35	-0,65	
41,355	-0,65	
41,36	-0,66	
41,365	-0,66	
41,37	-0,66	
41,375	-0,67	
41,38	-0,67	
41,385	-0,68	
41,39	-0,69	
41,395	-0,69	
41,4	-0,69	
41,405	-0,69	
41,41	-0,69	
41,415	-0,68	
41,42	-0,68	
41,425	-0,68	
41,43	-0,68	
41,435	-0,68	
41,44	-0,68	
41,445	-0,68	
41,45	-0,68	
41,455	-0,68	
41,46	-0,68	
41,465	-0,67	
41,47	-0,66	
41,475	-0,66	
41,48	-0,65	
41,485	-0,65	
41,49	-0,64	
41,495	-0,64	
41,5	-0,64	
41,505	-0,63	
41,51	-0,62	
41,515	-0,61	
41,52	-0,6	
41,525	-0,58	
41,53	-0,57	
41,535	-0,57	
41,54	-0,56	
41,545	-0,55	
41,55	-0,54	
41,555	-0,53	
41,56	-0,52	
41,565	-0,51	
41,57	-0,5	
41,575	-0,49	
41,58	-0,47	
41,585	-0,46	
41,59	-0,45	
41,595	-0,43	
41,6	-0,42	
41,605	-0,4	
41,61	-0,39	
41,615	-0,38	
41,62	-0,36	
41,625	-0,35	
41,63	-0,33	
41,635	-0,32	
41,64	-0,31	
41,645	-0,29	
41,65	-0,28	
41,655	-0,26	
41,66	-0,25	
41,665	-0,23	
41,67	-0,22	
41,675	-0,2	
41,68	-0,18	
41,685	-0,16	
41,69	-0,14	
41,695	-0,12	
41,7	-0,11	
41,705	-0,1	
41,71	-0,08	
41,715	-0,06	
41,72	-0,04	
41,725	-0,03	
41,73	-0,01	
41,735	0	
41,74	0,02	
41,745	0,03	
41,75	0,05	
41,755	0,07	
41,76	0,09	
41,765	0,1	
41,77	0,12	
41,775	0,13	
41,78	0,15	
41,785	0,16	
41,79	0,18	
41,795	0,2	
41,8	0,22	
41,805	0,23	
41,81	0,25	
41,815	0,26	
41,82	0,27	
41,825	0,29	
41,83	0,3	
41,835	0,31	
41,84	0,33	
41,845	0,34	
41,85	0,37	
41,855	0,38	
41,86	0,39	
41,865	0,4	
41,87	0,41	
41,875	0,42	
41,88	0,43	
41,885	0,44	
41,89	0,45	
41,895	0,47	
41,9	0,48	
41,905	0,49	
41,91	0,5	
41,915	0,51	
41,92	0,52	
41,925	0,53	
41,93	0,54	
41,935	0,55	
41,94	0,55	
41,945	0,56	
41,95	0,57	
41,955	0,58	
41,96	0,58	
41,965	0,58	
41,97	0,59	
41,975	0,59	
41,98	0,59	
41,985	0,6	
41,99	0,6	
41,995	0,61	
42,0	0,61	
42,005	0,62	
42,01	0,62	
42,015	0,62	
42,02	0,62	
42,025	0,62	
42,03	0,62	
42,035	0,62	
42,04	0,62	
42,045	0,62	
42,05	0,63	
42,055	0,63	
42,06	0,62	
42,065	0,62	
42,07	0,61	
42,075	0,61	
42,08	0,6	
42,085	0,6	
42,09	0,6	
42,095	0,6	
42,1	0,6	
42,105	0,59	
42,11	0,58	
42,115	0,57	
42,12	0,57	
42,125	0,56	
42,13	0,55	
42,135	0,55	
42,14	0,54	
42,145	0,53	
42,15	0,52	
42,155	0,51	
42,16	0,5	
42,165	0,5	
42,17	0,48	
42,175	0,47	
42,18	0,47	
42,185	0,45	
42,19	0,44	
42,195	0,44	
42,2	0,42	
42,205	0,41	
42,21	0,4	
42,215	0,39	
42,22	0,38	
42,225	0,37	
42,23	0,36	
42,235	0,34	
42,24	0,33	
42,245	0,32	
42,25	0,3	
42,255	0,28	
42,26	0,26	
42,265	0,25	
42,27	0,24	
42,275	0,23	
42,28	0,22	
42,285	0,21	
42,29	0,2	
42,295	0,18	
42,3	0,16	
42,305	0,15	
42,31	0,14	
42,315	0,12	
42,32	0,11	
42,325	0,1	
42,33	0,08	
42,335	0,06	
42,34	0,04	
42,345	0,03	
42,35	0,01	
42,355	-0,01	
42,36	-0,02	
42,365	-0,04	
42,37	-0,05	
42,375	-0,06	
42,38	-0,07	
42,385	-0,09	
42,39	-0,1	
42,395	-0,11	
42,4	-0,13	
42,405	-0,14	
42,41	-0,15	
42,415	-0,18	
42,42	-0,19	
42,425	-0,2	
42,43	-0,21	
42,435	-0,22	
42,44	-0,23	
42,445	-0,24	
42,45	-0,26	
42,455	-0,27	
42,46	-0,29	
42,465	-0,3	
42,47	-0,31	
42,475	-0,32	
42,48	-0,33	
42,485	-0,34	
42,49	-0,35	
42,495	-0,36	
42,5	-0,37	
42,505	-0,38	
42,51	-0,39	
42,515	-0,4	
42,52	-0,41	
42,525	-0,42	
42,53	-0,43	
42,535	-0,44	
42,54	-0,44	
42,545	-0,45	
42,55	-0,45	
42,555	-0,46	
42,56	-0,47	
42,565	-0,48	
42,57	-0,48	
42,575	-0,49	
42,58	-0,49	
42,585	-0,5	
42,59	-0,5	
42,595	-0,5	
42,6	-0,5	
42,605	-0,51	
42,61	-0,52	
42,615	-0,52	
42,62	-0,52	
42,625	-0,52	
42,63	-0,52	
42,635	-0,52	
42,64	-0,52	
42,645	-0,53	
42,65	-0,53	
42,655	-0,53	
42,66	-0,53	
42,665	-0,53	
42,67	-0,53	
42,675	-0,52	
42,68	-0,52	
42,685	-0,52	
42,69	-0,52	
42,695	-0,52	
42,7	-0,52	
42,705	-0,51	
42,71	-0,51	
42,715	-0,5	
42,72	-0,5	
42,725	-0,49	
42,73	-0,49	
42,735	-0,48	
42,74	-0,48	
42,745	-0,47	
42,75	-0,47	
42,755	-0,46	
42,76	-0,45	
42,765	-0,45	
42,77	-0,44	
42,775	-0,43	
42,78	-0,43	
42,785	-0,42	
42,79	-0,41	
42,795	-0,41	
42,8	-0,4	
42,805	-0,39	
42,81	-0,38	
42,815	-0,37	
42,82	-0,35	
42,825	-0,34	
42,83	-0,33	
42,835	-0,33	
42,84	-0,32	
42,845	-0,31	
42,85	-0,3	
42,855	-0,29	
42,86	-0,27	
42,865	-0,26	
42,87	-0,25	
42,875	-0,24	
42,88	-0,23	
42,885	-0,22	
42,89	-0,21	
42,895	-0,2	
42,9	-0,19	
42,905	-0,17	
42,91	-0,16	
42,915	-0,15	
42,92	-0,14	
42,925	-0,12	
42,93	-0,11	
42,935	-0,1	
42,94	-0,09	
42,945	-0,09	
42,95	-0,07	
42,955	-0,06	
42,96	-0,04	
42,965	-0,03	
42,97	-0,02	
42,975	-0,01	
42,98	0,01	
42,985	0,02	
42,99	0,03	
42,995	0,04	
43,0	0,05	
43,005	0,06	
43,01	0,07	
43,015	0,08	
43,02	0,1	
43,025	0,11	
43,03	0,12	
43,035	0,13	
43,04	0,14	
43,045	0,16	
43,05	0,17	
43,055	0,18	
43,06	0,19	
43,065	0,19	
43,07	0,2	
43,075	0,21	
43,08	0,22	
43,085	0,23	
43,09	0,24	
43,095	0,25	
43,1	0,26	
43,105	0,26	
43,11	0,27	
43,115	0,28	
43,12	0,28	
43,125	0,29	
43,13	0,3	
43,135	0,31	
43,14	0,32	
43,145	0,32	
43,15	0,33	
43,155	0,34	
43,16	0,34	
43,165	0,35	
43,17	0,35	
43,175	0,35	
43,18	0,36	
43,185	0,36	
43,19	0,37	
43,195	0,37	
43,2	0,38	
43,205	0,38	
43,21	0,38	
43,215	0,38	
43,22	0,38	
43,225	0,39	
43,23	0,39	
43,235	0,39	
43,24	0,4	
43,245	0,4	
43,25	0,4	
43,255	0,4	
43,26	0,4	
43,265	0,4	
43,27	0,4	
43,275	0,4	
43,28	0,4	
43,285	0,4	
43,29	0,4	
43,295	0,4	
43,3	0,4	
43,305	0,4	
43,31	0,4	
43,315	0,39	
43,32	0,39	
43,325	0,39	
43,33	0,38	
43,335	0,38	
43,34	0,38	
43,345	0,37	
43,35	0,37	
43,355	0,37	
43,36	0,36	
43,365	0,36	
43,37	0,35	
43,375	0,34	
43,38	0,34	
43,385	0,33	
43,39	0,33	
43,395	0,32	
43,4	0,32	
43,405	0,32	
43,41	0,32	
43,415	0,31	
43,42	0,3	
43,425	0,29	
43,43	0,28	
43,435	0,27	
43,44	0,27	
43,445	0,26	
43,45	0,26	
43,455	0,25	
43,46	0,24	
43,465	0,23	
43,47	0,23	
43,475	0,22	
43,48	0,21	
43,485	0,2	
43,49	0,19	
43,495	0,18	
43,5	0,18	
43,505	0,17	
43,51	0,16	
43,515	0,16	
43,52	0,15	
43,525	0,14	
43,53	0,13	
43,535	0,12	
43,54	0,11	
43,545	0,1	
43,55	0,09	
43,555	0,08	
43,56	0,08	
43,565	0,06	
43,57	0,06	
43,575	0,05	
43,58	0,04	
43,585	0,03	
43,59	0,03	
43,595	0,02	
43,6	0,01	
43,605	0,01	
43,61	0	
43,615	-0,01	
43,62	-0,02	
43,625	-0,03	
43,63	-0,03	
43,635	-0,04	
43,64	-0,05	
43,645	-0,06	
43,65	-0,07	
43,655	-0,08	
43,66	-0,09	
43,665	-0,1	
43,67	-0,1	
43,675	-0,11	
43,68	-0,11	
43,685	-0,11	
43,69	-0,12	
43,695	-0,13	
43,7	-0,14	
43,705	-0,14	
43,71	-0,16	
43,715	-0,16	
43,72	-0,16	
43,725	-0,17	
43,73	-0,17	
43,735	-0,17	
43,74	-0,18	
43,745	-0,19	
43,75	-0,2	
43,755	-0,2	
43,76	-0,21	
43,765	-0,21	
43,77	-0,22	
43,775	-0,21	
43,78	-0,22	
43,785	-0,21	
43,79	-0,22	
43,795	-0,22	
43,8	-0,23	
43,805	-0,24	
43,81	-0,24	
43,815	-0,25	
43,82	-0,25	
43,825	-0,25	
43,83	-0,25	
43,835	-0,25	
43,84	-0,25	
43,845	-0,25	
43,85	-0,25	
43,855	-0,25	
43,86	-0,25	
43,865	-0,26	
43,87	-0,26	
43,875	-0,26	
43,88	-0,26	
43,885	-0,25	
43,89	-0,25	
43,895	-0,25	
43,9	-0,25	
43,905	-0,25	
43,91	-0,26	
43,915	-0,26	
43,92	-0,25	
43,925	-0,25	
43,93	-0,25	
43,935	-0,25	
43,94	-0,24	
43,945	-0,24	
43,95	-0,24	
43,955	-0,24	
43,96	-0,24	
43,965	-0,24	
43,97	-0,24	
43,975	-0,23	
43,98	-0,23	
43,985	-0,23	
43,99	-0,23	
43,995	-0,22	
44,0	-0,22	
44,005	-0,21	
44,01	-0,21	
44,015	-0,2	
44,02	-0,2	
44,025	-0,2	
44,03	-0,2	
44,035	-0,2	
44,04	-0,19	
44,045	-0,19	
44,05	-0,18	
44,055	-0,18	
44,06	-0,17	
44,065	-0,17	
44,07	-0,16	
44,075	-0,16	
44,08	-0,16	
44,085	-0,16	
44,09	-0,15	
44,095	-0,15	
44,1	-0,14	
44,105	-0,13	
44,11	-0,12	
44,115	-0,11	
44,12	-0,11	
44,125	-0,11	
44,13	-0,1	
44,135	-0,1	
44,14	-0,1	
44,145	-0,1	
44,15	-0,1	
44,155	-0,09	
44,16	-0,08	
44,165	-0,07	
44,17	-0,07	
44,175	-0,06	
44,18	-0,06	
44,185	-0,06	
44,19	-0,06	
44,195	-0,05	
44,2	-0,05	
44,205	-0,04	
44,21	-0,03	
44,215	-0,02	
44,22	-0,02	
44,225	-0,02	
44,23	-0,02	
44,235	-0,02	
44,24	-0,01	
44,245	-0,01	
44,25	0	
44,255	0	
44,26	0,01	
44,265	0,01	
44,27	0,02	
44,275	0,02	
44,28	0,02	
44,285	0,02	
44,29	0,02	
44,295	0,02	
44,3	0,03	
44,305	0,03	
44,31	0,04	
44,315	0,04	
44,32	0,05	
44,325	0,05	
44,33	0,06	
44,335	0,06	
44,34	0,06	
44,345	0,06	
44,35	0,06	
44,355	0,06	
44,36	0,07	
44,365	0,07	
44,37	0,07	
44,375	0,08	
44,38	0,08	
44,385	0,09	
44,39	0,09	
44,395	0,09	
44,4	0,08	
44,405	0,09	
44,41	0,09	
44,415	0,09	
44,42	0,09	
44,425	0,09	
44,43	0,09	
44,435	0,1	
44,44	0,1	
44,445	0,1	
44,45	0,1	
44,455	0,09	
44,46	0,09	
44,465	0,09	
44,47	0,09	
44,475	0,09	
44,48	0,1	
44,485	0,1	
44,49	0,1	
44,495	0,1	
44,5	0,1	
44,505	0,1	
44,51	0,1	
44,515	0,09	
44,52	0,09	
44,525	0,1	
44,53	0,1	
44,535	0,1	
44,54	0,1	
44,545	0,1	
44,55	0,09	
44,555	0,09	
44,56	0,09	
44,565	0,09	
44,57	0,09	
44,575	0,09	
44,58	0,09	
44,585	0,09	
44,59	0,09	
44,595	0,09	
44,6	0,09	
44,605	0,09	
44,61	0,09	
44,615	0,08	
44,62	0,08	
44,625	0,08	
44,63	0,08	
44,635	0,08	
44,64	0,08	
44,645	0,08	
44,65	0,08	
44,655	0,08	
44,66	0,08	
44,665	0,08	
44,67	0,07	
44,675	0,07	
44,68	0,06	
44,685	0,07	
44,69	0,07	
44,695	0,07	
44,7	0,07	
44,705	0,07	
44,71	0,07	
44,715	0,06	
44,72	0,06	
44,725	0,06	
44,73	0,05	
44,735	0,05	
44,74	0,06	
44,745	0,06	
44,75	0,06	
44,755	0,06	
44,76	0,06	
44,765	0,06	
44,77	0,05	
44,775	0,05	
44,78	0,05	
44,785	0,05	
44,79	0,05	
44,795	0,05	
44,8	0,05	
44,805	0,05	
44,81	0,05	
44,815	0,05	
44,82	0,04	
44,825	0,04	
44,83	0,04	
44,835	0,04	
44,84	0,04	
44,845	0,05	
44,85	0,05	
44,855	0,05	
44,86	0,05	
44,865	0,05	
44,87	0,05	
44,875	0,05	
44,88	0,05	
44,885	0,05	
44,89	0,05	
44,895	0,05	
44,9	0,04	
44,905	0,04	
44,91	0,05	
44,915	0,05	
44,92	0,05	
44,925	0,05	
44,93	0,05	
44,935	0,05	
44,94	0,05	
44,945	0,05	
44,95	0,05	
44,955	0,05	
44,96	0,05	
44,965	0,05	
44,97	0,06	
44,975	0,06	
44,98	0,06	
44,985	0,06	
44,99	0,05	
44,995	0,05	
45,0	0,05	
45,005	0,06	
45,01	0,06	
45,015	0,06	
45,02	0,06	
45,025	0,06	
45,03	0,06	
45,035	0,06	
45,04	0,06	
45,045	0,06	
45,05	0,06	
45,055	0,06	
45,06	0,06	
45,065	0,07	
45,07	0,07	
45,075	0,07	
45,08	0,07	
45,085	0,07	
45,09	0,07	
45,095	0,07	
45,1	0,06	
45,105	0,06	
45,11	0,06	
45,115	0,06	
45,12	0,06	
45,125	0,07	
45,13	0,07	
45,135	0,07	
45,14	0,07	
45,145	0,07	
45,15	0,07	
45,155	0,06	
45,16	0,07	
45,165	0,06	
45,17	0,06	
45,175	0,07	
45,18	0,07	
45,185	0,07	
45,19	0,07	
45,195	0,06	
45,2	0,06	
45,205	0,06	
45,21	0,06	
45,215	0,05	
45,22	0,05	
45,225	0,06	
45,23	0,06	
45,235	0,06	
45,24	0,05	
45,245	0,05	
45,25	0,05	
45,255	0,05	
45,26	0,05	
45,265	0,05	
45,27	0,04	
45,275	0,04	
45,28	0,04	
45,285	0,04	
45,29	0,04	
45,295	0,03	
45,3	0,03	
45,305	0,03	
45,31	0,03	
45,315	0,03	
45,32	0,02	
45,325	0,02	
45,33	0,02	
45,335	0,02	
45,34	0,02	
45,345	0,02	
45,35	0,01	
45,355	0,01	
45,36	0,01	
45,365	0	
45,37	0	
45,375	-0,01	
45,38	-0,01	
45,385	-0,01	
45,39	-0,02	
45,395	-0,02	
45,4	-0,02	
45,405	-0,02	
45,41	-0,03	
45,415	-0,03	
45,42	-0,04	
45,425	-0,05	
45,43	-0,05	
45,435	-0,05	
45,44	-0,05	
45,445	-0,05	
45,45	-0,05	
45,455	-0,06	
45,46	-0,06	
45,465	-0,07	
45,47	-0,08	
45,475	-0,08	
45,48	-0,09	
45,485	-0,09	
45,49	-0,09	
45,495	-0,1	
45,5	-0,1	
45,505	-0,1	
45,51	-0,11	
45,515	-0,11	
45,52	-0,11	
45,525	-0,12	
45,53	-0,12	
45,535	-0,13	
45,54	-0,13	
45,545	-0,14	
45,55	-0,14	
45,555	-0,14	
45,56	-0,15	
45,565	-0,15	
45,57	-0,15	
45,575	-0,16	
45,58	-0,16	
45,585	-0,16	
45,59	-0,17	
45,595	-0,17	
45,6	-0,18	
45,605	-0,18	
45,61	-0,17	
45,615	-0,17	
45,62	-0,18	
45,625	-0,18	
45,63	-0,18	
45,635	-0,19	
45,64	-0,2	
45,645	-0,2	
45,65	-0,21	
45,655	-0,21	
45,66	-0,21	
45,665	-0,21	
45,67	-0,21	
45,675	-0,21	
45,68	-0,21	
45,685	-0,22	
45,69	-0,22	
45,695	-0,22	
45,7	-0,22	
45,705	-0,22	
45,71	-0,22	
45,715	-0,22	
45,72	-0,22	
45,725	-0,22	
45,73	-0,23	
45,735	-0,23	
45,74	-0,23	
45,745	-0,23	
45,75	-0,23	
45,755	-0,23	
45,76	-0,23	
45,765	-0,22	
45,77	-0,22	
45,775	-0,22	
45,78	-0,22	
45,785	-0,22	
45,79	-0,22	
45,795	-0,22	
45,8	-0,22	
45,805	-0,22	
45,81	-0,22	
45,815	-0,21	
45,82	-0,21	
45,825	-0,21	
45,83	-0,2	
45,835	-0,2	
45,84	-0,2	
45,845	-0,19	
45,85	-0,19	
45,855	-0,19	
45,86	-0,19	
45,865	-0,19	
45,87	-0,18	
45,875	-0,18	
45,88	-0,17	
45,885	-0,17	
45,89	-0,15	
45,895	-0,15	
45,9	-0,15	
45,905	-0,14	
45,91	-0,14	
45,915	-0,14	
45,92	-0,13	
45,925	-0,13	
45,93	-0,12	
45,935	-0,11	
45,94	-0,1	
45,945	-0,1	
45,95	-0,09	
45,955	-0,09	
45,96	-0,09	
45,965	-0,09	
45,97	-0,07	
45,975	-0,07	
45,98	-0,06	
45,985	-0,05	
45,99	-0,04	
45,995	-0,03	
46,0	-0,03	
46,005	-0,02	
46,01	-0,02	
46,015	-0,01	
46,02	0	
46,025	0	
46,03	0,01	
46,035	0,02	
46,04	0,03	
46,045	0,04	
46,05	0,05	
46,055	0,06	
46,06	0,06	
46,065	0,07	
46,07	0,08	
46,075	0,08	
46,08	0,09	
46,085	0,1	
46,09	0,1	
46,095	0,11	
46,1	0,12	
46,105	0,12	
46,11	0,13	
46,115	0,14	
46,12	0,15	
46,125	0,15	
46,13	0,16	
46,135	0,17	
46,14	0,18	
46,145	0,19	
46,15	0,2	
46,155	0,21	
46,16	0,21	
46,165	0,22	
46,17	0,22	
46,175	0,23	
46,18	0,23	
46,185	0,24	
46,19	0,25	
46,195	0,25	
46,2	0,26	
46,205	0,27	
46,21	0,28	
46,215	0,28	
46,22	0,29	
46,225	0,29	
46,23	0,3	
46,235	0,3	
46,24	0,3	
46,245	0,31	
46,25	0,32	
46,255	0,32	
46,26	0,32	
46,265	0,33	
46,27	0,34	
46,275	0,34	
46,28	0,34	
46,285	0,34	
46,29	0,34	
46,295	0,35	
46,3	0,35	
46,305	0,36	
46,31	0,36	
46,315	0,37	
46,32	0,37	
46,325	0,37	
46,33	0,36	
46,335	0,37	
46,34	0,37	
46,345	0,37	
46,35	0,37	
46,355	0,37	
46,36	0,37	
46,365	0,37	
46,37	0,37	
46,375	0,37	
46,38	0,37	
46,385	0,36	
46,39	0,36	
46,395	0,36	
46,4	0,36	
46,405	0,36	
46,41	0,36	
46,415	0,36	
46,42	0,36	
46,425	0,35	
46,43	0,35	
46,435	0,34	
46,44	0,34	
46,445	0,34	
46,45	0,33	
46,455	0,33	
46,46	0,33	
46,465	0,32	
46,47	0,32	
46,475	0,31	
46,48	0,31	
46,485	0,3	
46,49	0,29	
46,495	0,28	
46,5	0,27	
46,505	0,26	
46,51	0,25	
46,515	0,25	
46,52	0,25	
46,525	0,24	
46,53	0,23	
46,535	0,22	
46,54	0,21	
46,545	0,21	
46,55	0,2	
46,555	0,19	
46,56	0,18	
46,565	0,17	
46,57	0,16	
46,575	0,15	
46,58	0,15	
46,585	0,14	
46,59	0,13	
46,595	0,11	
46,6	0,1	
46,605	0,09	
46,61	0,08	
46,615	0,07	
46,62	0,06	
46,625	0,05	
46,63	0,04	
46,635	0,03	
46,64	0,02	
46,645	0,01	
46,65	-0,01	
46,655	-0,02	
46,66	-0,03	
46,665	-0,04	
46,67	-0,05	
46,675	-0,06	
46,68	-0,07	
46,685	-0,08	
46,69	-0,09	
46,695	-0,1	
46,7	-0,11	
46,705	-0,12	
46,71	-0,13	
46,715	-0,14	
46,72	-0,16	
46,725	-0,17	
46,73	-0,17	
46,735	-0,18	
46,74	-0,2	
46,745	-0,21	
46,75	-0,22	
46,755	-0,23	
46,76	-0,24	
46,765	-0,25	
46,77	-0,26	
46,775	-0,27	
46,78	-0,28	
46,785	-0,29	
46,79	-0,3	
46,795	-0,31	
46,8	-0,32	
46,805	-0,32	
46,81	-0,33	
46,815	-0,34	
46,82	-0,35	
46,825	-0,36	
46,83	-0,37	
46,835	-0,39	
46,84	-0,39	
46,845	-0,4	
46,85	-0,4	
46,855	-0,41	
46,86	-0,41	
46,865	-0,42	
46,87	-0,42	
46,875	-0,43	
46,88	-0,44	
46,885	-0,45	
46,89	-0,45	
46,895	-0,46	
46,9	-0,46	
46,905	-0,46	
46,91	-0,46	
46,915	-0,47	
46,92	-0,47	
46,925	-0,48	
46,93	-0,48	
46,935	-0,49	
46,94	-0,49	
46,945	-0,49	
46,95	-0,49	
46,955	-0,49	
46,96	-0,49	
46,965	-0,49	
46,97	-0,5	
46,975	-0,49	
46,98	-0,49	
46,985	-0,5	
46,99	-0,5	
46,995	-0,5	
47,0	-0,5	
47,005	-0,49	
47,01	-0,49	
47,015	-0,48	
47,02	-0,48	
47,025	-0,48	
47,03	-0,48	
47,035	-0,48	
47,04	-0,47	
47,045	-0,47	
47,05	-0,47	
47,055	-0,46	
47,06	-0,45	
47,065	-0,45	
47,07	-0,44	
47,075	-0,44	
47,08	-0,43	
47,085	-0,43	
47,09	-0,42	
47,095	-0,41	
47,1	-0,4	
47,105	-0,39	
47,11	-0,38	
47,115	-0,37	
47,12	-0,36	
47,125	-0,36	
47,13	-0,34	
47,135	-0,34	
47,14	-0,33	
47,145	-0,32	
47,15	-0,31	
47,155	-0,3	
47,16	-0,29	
47,165	-0,28	
47,17	-0,27	
47,175	-0,25	
47,18	-0,24	
47,185	-0,23	
47,19	-0,22	
47,195	-0,2	
47,2	-0,2	
47,205	-0,18	
47,21	-0,17	
47,215	-0,16	
47,22	-0,15	
47,225	-0,13	
47,23	-0,12	
47,235	-0,1	
47,24	-0,09	
47,245	-0,08	
47,25	-0,07	
47,255	-0,06	
47,26	-0,05	
47,265	-0,03	
47,27	-0,01	
47,275	0,01	
47,28	0,02	
47,285	0,04	
47,29	0,05	
47,295	0,06	
47,3	0,07	
47,305	0,08	
47,31	0,1	
47,315	0,11	
47,32	0,13	
47,325	0,14	
47,33	0,16	
47,335	0,17	
47,34	0,18	
47,345	0,2	
47,35	0,21	
47,355	0,23	
47,36	0,24	
47,365	0,25	
47,37	0,26	
47,375	0,28	
47,38	0,29	
47,385	0,3	
47,39	0,31	
47,395	0,32	
47,4	0,34	
47,405	0,35	
47,41	0,36	
47,415	0,37	
47,42	0,38	
47,425	0,4	
47,43	0,41	
47,435	0,42	
47,44	0,43	
47,445	0,44	
47,45	0,44	
47,455	0,46	
47,46	0,46	
47,465	0,47	
47,47	0,48	
47,475	0,49	
47,48	0,49	
47,485	0,5	
47,49	0,52	
47,495	0,52	
47,5	0,53	
47,505	0,54	
47,51	0,54	
47,515	0,55	
47,52	0,55	
47,525	0,56	
47,53	0,57	
47,535	0,57	
47,54	0,58	
47,545	0,58	
47,55	0,59	
47,555	0,59	
47,56	0,58	
47,565	0,58	
47,57	0,58	
47,575	0,58	
47,58	0,59	
47,585	0,59	
47,59	0,59	
47,595	0,6	
47,6	0,6	
47,605	0,6	
47,61	0,59	
47,615	0,59	
47,62	0,59	
47,625	0,58	
47,63	0,58	
47,635	0,58	
47,64	0,58	
47,645	0,57	
47,65	0,57	
47,655	0,56	
47,66	0,56	
47,665	0,56	
47,67	0,55	
47,675	0,54	
47,68	0,54	
47,685	0,53	
47,69	0,52	
47,695	0,52	
47,7	0,51	
47,705	0,5	
47,71	0,5	
47,715	0,49	
47,72	0,48	
47,725	0,47	
47,73	0,46	
47,735	0,44	
47,74	0,43	
47,745	0,42	
47,75	0,41	
47,755	0,4	
47,76	0,39	
47,765	0,38	
47,77	0,37	
47,775	0,35	
47,78	0,34	
47,785	0,33	
47,79	0,31	
47,795	0,3	
47,8	0,29	
47,805	0,28	
47,81	0,26	
47,815	0,25	
47,82	0,24	
47,825	0,22	
47,83	0,2	
47,835	0,18	
47,84	0,17	
47,845	0,15	
47,85	0,14	
47,855	0,12	
47,86	0,11	
47,865	0,1	
47,87	0,08	
47,875	0,06	
47,88	0,05	
47,885	0,03	
47,89	0,01	
47,895	0	
47,9	-0,02	
47,905	-0,03	
47,91	-0,05	
47,915	-0,06	
47,92	-0,08	
47,925	-0,09	
47,93	-0,11	
47,935	-0,13	
47,94	-0,14	
47,945	-0,16	
47,95	-0,18	
47,955	-0,19	
47,96	-0,2	
47,965	-0,22	
47,97	-0,23	
47,975	-0,25	
47,98	-0,27	
47,985	-0,28	
47,99	-0,3	
47,995	-0,31	
48,0	-0,33	
48,005	-0,34	
48,01	-0,35	
48,015	-0,36	
48,02	-0,38	
48,025	-0,39	
48,03	-0,4	
48,035	-0,42	
48,04	-0,43	
48,045	-0,45	
48,05	-0,46	
48,055	-0,46	
48,06	-0,48	
48,065	-0,49	
48,07	-0,5	
48,075	-0,51	
48,08	-0,52	
48,085	-0,53	
48,09	-0,54	
48,095	-0,55	
48,1	-0,56	
48,105	-0,57	
48,11	-0,58	
48,115	-0,58	
48,12	-0,59	
48,125	-0,6	
48,13	-0,61	
48,135	-0,61	
48,14	-0,62	
48,145	-0,63	
48,15	-0,63	
48,155	-0,64	
48,16	-0,64	
48,165	-0,64	
48,17	-0,64	
48,175	-0,65	
48,18	-0,65	
48,185	-0,65	
48,19	-0,66	
48,195	-0,66	
48,2	-0,66	
48,205	-0,66	
48,21	-0,66	
48,215	-0,66	
48,22	-0,66	
48,225	-0,66	
48,23	-0,66	
48,235	-0,66	
48,24	-0,65	
48,245	-0,65	
48,25	-0,65	
48,255	-0,64	
48,26	-0,64	
48,265	-0,64	
48,27	-0,63	
48,275	-0,63	
48,28	-0,62	
48,285	-0,62	
48,29	-0,61	
48,295	-0,6	
48,3	-0,6	
48,305	-0,59	
48,31	-0,58	
48,315	-0,56	
48,32	-0,56	
48,325	-0,55	
48,33	-0,54	
48,335	-0,53	
48,34	-0,53	
48,345	-0,51	
48,35	-0,5	
48,355	-0,49	
48,36	-0,48	
48,365	-0,46	
48,37	-0,45	
48,375	-0,44	
48,38	-0,43	
48,385	-0,42	
48,39	-0,41	
48,395	-0,39	
48,4	-0,37	
48,405	-0,36	
48,41	-0,34	
48,415	-0,33	
48,42	-0,32	
48,425	-0,3	
48,43	-0,28	
48,435	-0,27	
48,44	-0,25	
48,445	-0,24	
48,45	-0,22	
48,455	-0,21	
48,46	-0,19	
48,465	-0,18	
48,47	-0,16	
48,475	-0,14	
48,48	-0,12	
48,485	-0,1	
48,49	-0,09	
48,495	-0,07	
48,5	-0,06	
48,505	-0,04	
48,51	-0,02	
48,515	-0,01	
48,52	0,01	
48,525	0,03	
48,53	0,04	
48,535	0,06	
48,54	0,07	
48,545	0,09	
48,55	0,11	
48,555	0,12	
48,56	0,15	
48,565	0,16	
48,57	0,18	
48,575	0,2	
48,58	0,22	
48,585	0,23	
48,59	0,25	
48,595	0,27	
48,6	0,28	
48,605	0,29	
48,61	0,31	
48,615	0,32	
48,62	0,34	
48,625	0,36	
48,63	0,37	
48,635	0,38	
48,64	0,4	
48,645	0,42	
48,65	0,43	
48,655	0,44	
48,66	0,45	
48,665	0,47	
48,67	0,48	
48,675	0,49	
48,68	0,5	
48,685	0,52	
48,69	0,53	
48,695	0,54	
48,7	0,55	
48,705	0,56	
48,71	0,57	
48,715	0,58	
48,72	0,59	
48,725	0,6	
48,73	0,61	
48,735	0,62	
48,74	0,63	
48,745	0,63	
48,75	0,64	
48,755	0,64	
48,76	0,64	
48,765	0,65	
48,77	0,65	
48,775	0,66	
48,78	0,66	
48,785	0,67	
48,79	0,68	
48,795	0,68	
48,8	0,69	
48,805	0,68	
48,81	0,68	
48,815	0,69	
48,82	0,69	
48,825	0,69	
48,83	0,69	
48,835	0,69	
48,84	0,69	
48,845	0,69	
48,85	0,69	
48,855	0,69	
48,86	0,68	
48,865	0,67	
48,87	0,67	
48,875	0,67	
48,88	0,66	
48,885	0,66	
48,89	0,66	
48,895	0,66	
48,9	0,65	
48,905	0,64	
48,91	0,63	
48,915	0,62	
48,92	0,62	
48,925	0,61	
48,93	0,6	
48,935	0,59	
48,94	0,59	
48,945	0,58	
48,95	0,56	
48,955	0,55	
48,96	0,54	
48,965	0,52	
48,97	0,52	
48,975	0,51	
48,98	0,49	
48,985	0,48	
48,99	0,47	
48,995	0,45	
49,0	0,44	
49,005	0,43	
49,01	0,41	
49,015	0,4	
49,02	0,38	
49,025	0,37	
49,03	0,35	
49,035	0,34	
49,04	0,33	
49,045	0,31	
49,05	0,29	
49,055	0,28	
49,06	0,27	
49,065	0,25	
49,07	0,23	
49,075	0,21	
49,08	0,2	
49,085	0,18	
49,09	0,16	
49,095	0,15	
49,1	0,13	
49,105	0,11	
49,11	0,1	
49,115	0,08	
49,12	0,06	
49,125	0,04	
49,13	0,02	
49,135	0	
49,14	-0,01	
49,145	-0,03	
49,15	-0,05	
49,155	-0,07	
49,16	-0,08	
49,165	-0,1	
49,17	-0,11	
49,175	-0,13	
49,18	-0,15	
49,185	-0,16	
49,19	-0,18	
49,195	-0,2	
49,2	-0,22	
49,205	-0,24	
49,21	-0,25	
49,215	-0,26	
49,22	-0,28	
49,225	-0,29	
49,23	-0,31	
49,235	-0,33	
49,24	-0,35	
49,245	-0,36	
49,25	-0,37	
49,255	-0,39	
49,26	-0,4	
49,265	-0,41	
49,27	-0,42	
49,275	-0,43	
49,28	-0,45	
49,285	-0,47	
49,29	-0,49	
49,295	-0,5	
49,3	-0,51	
49,305	-0,52	
49,31	-0,53	
49,315	-0,54	
49,32	-0,54	
49,325	-0,55	
49,33	-0,56	
49,335	-0,57	
49,34	-0,58	
49,345	-0,59	
49,35	-0,61	
49,355	-0,61	
49,36	-0,62	
49,365	-0,63	
49,37	-0,63	
49,375	-0,64	
49,38	-0,65	
49,385	-0,65	
49,39	-0,66	
49,395	-0,66	
49,4	-0,67	
49,405	-0,67	
49,41	-0,67	
49,415	-0,68	
49,42	-0,68	
49,425	-0,67	
49,43	-0,68	
49,435	-0,68	
49,44	-0,68	
49,445	-0,68	
49,45	-0,68	
49,455	-0,68	
49,46	-0,68	
49,465	-0,68	
49,47	-0,68	
49,475	-0,67	
49,48	-0,67	
49,485	-0,67	
49,49	-0,66	
49,495	-0,66	
49,5	-0,66	
49,505	-0,65	
49,51	-0,65	
49,515	-0,64	
49,52	-0,63	
49,525	-0,63	
49,53	-0,62	
49,535	-0,61	
49,54	-0,6	
49,545	-0,59	
49,55	-0,58	
49,555	-0,58	
49,56	-0,57	
49,565	-0,56	
49,57	-0,55	
49,575	-0,54	
49,58	-0,53	
49,585	-0,52	
49,59	-0,51	
49,595	-0,5	
49,6	-0,48	
49,605	-0,47	
49,61	-0,45	
49,615	-0,44	
49,62	-0,43	
49,625	-0,42	
49,63	-0,4	
49,635	-0,39	
49,64	-0,38	
49,645	-0,36	
49,65	-0,35	
49,655	-0,33	
49,66	-0,32	
49,665	-0,3	
49,67	-0,29	
49,675	-0,27	
49,68	-0,26	
49,685	-0,25	
49,69	-0,23	
49,695	-0,21	
49,7	-0,19	
49,705	-0,17	
49,71	-0,16	
49,715	-0,14	
49,72	-0,12	
49,725	-0,11	
49,73	-0,09	
49,735	-0,08	
49,74	-0,06	
49,745	-0,05	
49,75	-0,03	
49,755	-0,01	
49,76	0,01	
49,765	0,03	
49,77	0,05	
49,775	0,06	
49,78	0,08	
49,785	0,09	
49,79	0,11	
49,795	0,13	
49,8	0,14	
49,805	0,16	
49,81	0,17	
49,815	0,19	
49,82	0,2	
49,825	0,22	
49,83	0,23	
49,835	0,24	
49,84	0,26	
49,845	0,28	
49,85	0,3	
49,855	0,32	
49,86	0,33	
49,865	0,34	
49,87	0,35	
49,875	0,37	
49,88	0,38	
49,885	0,39	
49,89	0,41	
49,895	0,42	
49,9	0,43	
49,905	0,44	
49,91	0,46	
49,915	0,47	
49,92	0,48	
49,925	0,49	
49,93	0,5	
49,935	0,51	
49,94	0,52	
49,945	0,53	
49,95	0,54	
49,955	0,55	
49,96	0,55	
49,965	0,56	
49,97	0,57	
49,975	0,58	
49,98	0,58	
49,985	0,59	
49,99	0,6	
49,995	0,6	
50,0	0,6	
50,005	0,61	
50,01	0,61	
50,015	0,62	
50,02	0,62	
50,025	0,62	
50,03	0,62	
50,035	0,63	
50,04	0,63	
50,045	0,63	
50,05	0,64	
50,055	0,64	
50,06	0,64	
50,065	0,63	
50,07	0,63	
50,075	0,63	
50,08	0,64	
50,085	0,64	
50,09	0,64	
50,095	0,63	
50,1	0,63	
50,105	0,62	
50,11	0,62	
50,115	0,61	
50,12	0,61	
50,125	0,61	
50,13	0,6	
50,135	0,6	
50,14	0,6	
50,145	0,59	
50,15	0,58	
50,155	0,57	
50,16	0,56	
50,165	0,55	
50,17	0,55	
50,175	0,54	
50,18	0,53	
50,185	0,52	
50,19	0,51	
50,195	0,5	
50,2	0,49	
50,205	0,48	
50,21	0,47	
50,215	0,46	
50,22	0,45	
50,225	0,44	
50,23	0,43	
50,235	0,42	
50,24	0,4	
50,245	0,39	
50,25	0,38	
50,255	0,36	
50,26	0,35	
50,265	0,33	
50,27	0,32	
50,275	0,31	
50,28	0,29	
50,285	0,28	
50,29	0,27	
50,295	0,26	
50,3	0,24	
50,305	0,23	
50,31	0,21	
50,315	0,2	
50,32	0,18	
50,325	0,17	
50,33	0,15	
50,335	0,13	
50,34	0,12	
50,345	0,1	
50,35	0,09	
50,355	0,07	
50,36	0,06	
50,365	0,04	
50,37	0,03	
50,375	0,01	
50,38	0	
50,385	-0,02	
50,39	-0,03	
50,395	-0,05	
50,4	-0,06	
50,405	-0,08	
50,41	-0,09	
50,415	-0,11	
50,42	-0,13	
50,425	-0,14	
50,43	-0,15	
50,435	-0,17	
50,44	-0,18	
50,445	-0,2	
50,45	-0,21	
50,455	-0,22	
50,46	-0,23	
50,465	-0,24	
50,47	-0,26	
50,475	-0,27	
50,48	-0,28	
50,485	-0,29	
50,49	-0,31	
50,495	-0,32	
50,5	-0,34	
50,505	-0,36	
50,51	-0,36	
50,515	-0,37	
50,52	-0,38	
50,525	-0,39	
50,53	-0,4	
50,535	-0,41	
50,54	-0,42	
50,545	-0,44	
50,55	-0,45	
50,555	-0,45	
50,56	-0,46	
50,565	-0,47	
50,57	-0,47	
50,575	-0,48	
50,58	-0,49	
50,585	-0,5	
50,59	-0,5	
50,595	-0,51	
50,6	-0,52	
50,605	-0,52	
50,61	-0,53	
50,615	-0,53	
50,62	-0,54	
50,625	-0,54	
50,63	-0,54	
50,635	-0,54	
50,64	-0,55	
50,645	-0,55	
50,65	-0,55	
50,655	-0,56	
50,66	-0,56	
50,665	-0,56	
50,67	-0,56	
50,675	-0,55	
50,68	-0,56	
50,685	-0,56	
50,69	-0,56	
50,695	-0,56	
50,7	-0,56	
50,705	-0,56	
50,71	-0,56	
50,715	-0,55	
50,72	-0,55	
50,725	-0,54	
50,73	-0,54	
50,735	-0,54	
50,74	-0,54	
50,745	-0,53	
50,75	-0,52	
50,755	-0,52	
50,76	-0,52	
50,765	-0,51	
50,77	-0,5	
50,775	-0,5	
50,78	-0,49	
50,785	-0,48	
50,79	-0,48	
50,795	-0,47	
50,8	-0,46	
50,805	-0,45	
50,81	-0,45	
50,815	-0,44	
50,82	-0,46	
50,825	-0,41	
50,83	-0,4	
50,835	-0,39	
50,84	-0,38	
50,845	-0,38	
50,85	-0,37	
50,855	-0,36	
50,86	-0,35	
50,865	-0,33	
50,87	-0,32	
50,875	-0,31	
50,88	-0,3	
50,885	-0,29	
50,89	-0,28	
50,895	-0,27	
50,9	-0,26	
50,905	-0,24	
50,91	-0,22	
50,915	-0,21	
50,92	-0,2	
50,925	-0,19	
50,93	-0,18	
50,935	-0,17	
50,94	-0,16	
50,945	-0,14	
50,95	-0,13	
50,955	-0,12	
50,96	-0,1	
50,965	-0,09	
50,97	-0,08	
50,975	-0,07	
50,98	-0,06	
50,985	-0,04	
50,99	-0,02	
50,995	-0,01	
51,0	0	
51,005	0,02	
51,01	0,03	
51,015	0,04	
51,02	0,05	
51,025	0,06	
51,03	0,07	
51,035	0,08	
51,04	0,1	
51,045	0,11	
51,05	0,12	
51,055	0,14	
51,06	0,15	
51,065	0,17	
51,07	0,17	
51,075	0,18	
51,08	0,19	
51,085	0,2	
51,09	0,22	
51,095	0,23	
51,1	0,24	
51,105	0,25	
51,11	0,26	
51,115	0,27	
51,12	0,28	
51,125	0,29	
51,13	0,3	
51,135	0,31	
51,14	0,31	
51,145	0,33	
51,15	0,33	
51,155	0,34	
51,16	0,35	
51,165	0,35	
51,17	0,36	
51,175	0,36	
51,18	0,37	
51,185	0,38	
51,19	0,39	
51,195	0,39	
51,2	0,4	
51,205	0,4	
51,21	0,4	
51,215	0,41	
51,22	0,42	
51,225	0,42	
51,23	0,43	
51,235	0,44	
51,24	0,44	
51,245	0,44	
51,25	0,45	
51,255	0,45	
51,26	0,45	
51,265	0,45	
51,27	0,45	
51,275	0,45	
51,28	0,45	
51,285	0,45	
51,29	0,45	
51,295	0,45	
51,3	0,45	
51,305	0,45	
51,31	0,45	
51,315	0,45	
51,32	0,45	
51,325	0,44	
51,33	0,44	
51,335	0,44	
51,34	0,44	
51,345	0,44	
51,35	0,43	
51,355	0,43	
51,36	0,42	
51,365	0,42	
51,37	0,42	
51,375	0,42	
51,38	0,41	
51,385	0,41	
51,39	0,4	
51,395	0,4	
51,4	0,39	
51,405	0,38	
51,41	0,38	
51,415	0,37	
51,42	0,37	
51,425	0,37	
51,43	0,36	
51,435	0,35	
51,44	0,34	
51,445	0,34	
51,45	0,33	
51,455	0,32	
51,46	0,31	
51,465	0,31	
51,47	0,3	
51,475	0,29	
51,48	0,28	
51,485	0,27	
51,49	0,26	
51,495	0,25	
51,5	0,24	
51,505	0,23	
51,51	0,22	
51,515	0,21	
51,52	0,21	
51,525	0,2	
51,53	0,19	
51,535	0,19	
51,54	0,18	
51,545	0,17	
51,55	0,15	
51,555	0,14	
51,56	0,12	
51,565	0,11	
51,57	0,1	
51,575	0,1	
51,58	0,09	
51,585	0,08	
51,59	0,07	
51,595	0,06	
51,6	0,05	
51,605	0,04	
51,61	0,03	
51,615	0,02	
51,62	0,01	
51,625	0	
51,63	-0,01	
51,635	-0,02	
51,64	-0,03	
51,645	-0,04	
51,65	-0,05	
51,655	-0,06	
51,66	-0,07	
51,665	-0,08	
51,67	-0,09	
51,675	-0,1	
51,68	-0,1	
51,685	-0,11	
51,69	-0,12	
51,695	-0,13	
51,7	-0,14	
51,705	-0,14	
51,71	-0,15	
51,715	-0,16	
51,72	-0,17	
51,725	-0,18	
51,73	-0,18	
51,735	-0,19	
51,74	-0,2	
51,745	-0,2	
51,75	-0,21	
51,755	-0,22	
51,76	-0,22	
51,765	-0,23	
51,77	-0,24	
51,775	-0,24	
51,78	-0,25	
51,785	-0,25	
51,79	-0,26	
51,795	-0,27	
51,8	-0,27	
51,805	-0,28	
51,81	-0,28	
51,815	-0,28	
51,82	-0,28	
51,825	-0,29	
51,83	-0,29	
51,835	-0,3	
51,84	-0,3	
51,845	-0,3	
51,85	-0,31	
51,855	-0,31	
51,86	-0,31	
51,865	-0,31	
51,87	-0,31	
51,875	-0,32	
51,88	-0,32	
51,885	-0,32	
51,89	-0,32	
51,895	-0,32	
51,9	-0,32	
51,905	-0,32	
51,91	-0,32	
51,915	-0,32	
51,92	-0,32	
51,925	-0,32	
51,93	-0,32	
51,935	-0,32	
51,94	-0,32	
51,945	-0,32	
51,95	-0,32	
51,955	-0,31	
51,96	-0,3	
51,965	-0,3	
51,97	-0,3	
51,975	-0,3	
51,98	-0,3	
51,985	-0,3	
51,99	-0,3	
51,995	-0,3	
52,0	-0,29	
52,005	-0,29	
52,01	-0,29	
52,015	-0,28	
52,02	-0,27	
52,025	-0,27	
52,03	-0,27	
52,035	-0,26	
52,04	-0,26	
52,045	-0,26	
52,05	-0,25	
52,055	-0,24	
52,06	-0,24	
52,065	-0,23	
52,07	-0,23	
52,075	-0,22	
52,08	-0,22	
52,085	-0,22	
52,09	-0,21	
52,095	-0,21	
52,1	-0,2	
52,105	-0,19	
52,11	-0,19	
52,115	-0,18	
52,12	-0,17	
52,125	-0,17	
52,13	-0,16	
52,135	-0,15	
52,14	-0,15	
52,145	-0,14	
52,15	-0,14	
52,155	-0,13	
52,16	-0,12	
52,165	-0,12	
52,17	-0,11	
52,175	-0,1	
52,18	-0,09	
52,185	-0,08	
52,19	-0,08	
52,195	-0,07	
52,2	-0,06	
52,205	-0,06	
52,21	-0,06	
52,215	-0,05	
52,22	-0,05	
52,225	-0,04	
52,23	-0,04	
52,235	-0,03	
52,24	-0,02	
52,245	-0,01	
52,25	-0,01	
52,255	0	
52,26	0,01	
52,265	0,01	
52,27	0,01	
52,275	0,02	
52,28	0,02	
52,285	0,03	
52,29	0,04	
52,295	0,04	
52,3	0,05	
52,305	0,06	
52,31	0,06	
52,315	0,07	
52,32	0,07	
52,325	0,07	
52,33	0,08	
52,335	0,09	
52,34	0,09	
52,345	0,09	
52,35	0,1	
52,355	0,1	
52,36	0,11	
52,365	0,11	
52,37	0,12	
52,375	0,12	
52,38	0,12	
52,385	0,12	
52,39	0,13	
52,395	0,13	
52,4	0,14	
52,405	0,14	
52,41	0,14	
52,415	0,14	
52,42	0,14	
52,425	0,14	
52,43	0,15	
52,435	0,15	
52,44	0,16	
52,445	0,16	
52,45	0,16	
52,455	0,16	
52,46	0,16	
52,465	0,16	
52,47	0,16	
52,475	0,16	
52,48	0,16	
52,485	0,16	
52,49	0,17	
52,495	0,17	
52,5	0,17	
52,505	0,17	
52,51	0,17	
52,515	0,17	
52,52	0,17	
52,525	0,17	
52,53	0,17	
52,535	0,17	
52,54	0,17	
52,545	0,17	
52,55	0,17	
52,555	0,17	
52,56	0,17	
52,565	0,17	
52,57	0,17	
52,575	0,17	
52,58	0,17	
52,585	0,16	
52,59	0,17	
52,595	0,17	
52,6	0,16	
52,605	0,16	
52,61	0,16	
52,615	0,15	
52,62	0,15	
52,625	0,15	
52,63	0,15	
52,635	0,15	
52,64	0,15	
52,645	0,15	
52,65	0,15	
52,655	0,14	
52,66	0,14	
52,665	0,14	
52,67	0,13	
52,675	0,13	
52,68	0,13	
52,685	0,13	
52,69	0,13	
52,695	0,12	
52,7	0,12	
52,705	0,12	
52,71	0,11	
52,715	0,11	
52,72	0,1	
52,725	0,1	
52,73	0,1	
52,735	0,1	
52,74	0,1	
52,745	0,1	
52,75	0,09	
52,755	0,09	
52,76	0,08	
52,765	0,08	
52,77	0,08	
52,775	0,07	
52,78	0,07	
52,785	0,07	
52,79	0,07	
52,795	0,07	
52,8	0,07	
52,805	0,06	
52,81	0,06	
52,815	0,06	
52,82	0,05	
52,825	0,05	
52,83	0,05	
52,835	0,04	
52,84	0,04	
52,845	0,04	
52,85	0,04	
52,855	0,04	
52,86	0,03	
52,865	0,03	
52,87	0,03	
52,875	0,03	
52,88	0,02	
52,885	0,02	
52,89	0,02	
52,895	0,02	
52,9	0,02	
52,905	0,02	
52,91	0,01	
52,915	0,02	
52,92	0,01	
52,925	0,01	
52,93	0,01	
52,935	0,01	
52,94	0	
52,945	0	
52,95	0	
52,955	0	
52,96	0	
52,965	0	
52,97	-0,01	
52,975	0	
52,98	-0,01	
52,985	-0,01	
52,99	-0,01	
52,995	-0,01	
53,0	-0,01	
53,005	-0,01	
53,01	-0,01	
53,015	-0,01	
53,02	-0,01	
53,025	-0,01	
53,03	-0,01	
53,035	-0,01	
53,04	-0,01	
53,045	-0,02	
53,05	-0,02	
53,055	-0,02	
53,06	-0,01	
53,065	-0,01	
53,07	-0,01	
53,075	-0,02	
53,08	-0,02	
53,085	-0,02	
53,09	-0,02	
53,095	-0,02	
53,1	-0,02	
53,105	-0,02	
53,11	-0,02	
53,115	-0,02	
53,12	-0,02	
53,125	-0,02	
53,13	-0,02	
53,135	-0,02	
53,14	-0,02	
53,145	-0,02	
53,15	-0,02	
53,155	-0,02	
53,16	-0,01	
53,165	-0,01	
53,17	-0,01	
53,175	-0,01	
53,18	-0,01	
53,185	-0,02	
53,19	-0,02	
53,195	-0,02	
53,2	-0,02	
53,205	-0,02	
53,21	-0,02	
53,215	-0,01	
53,22	-0,01	
53,225	-0,01	
53,23	-0,02	
53,235	-0,01	
53,24	-0,02	
53,245	-0,02	
53,25	-0,02	
53,255	-0,02	
53,26	-0,01	
53,265	-0,01	
53,27	-0,01	
53,275	-0,01	
53,28	-0,01	
53,285	-0,01	
53,29	-0,02	
53,295	-0,02	
53,3	-0,02	
53,305	-0,02	
53,31	-0,02	
53,315	-0,02	
53,32	-0,01	
53,325	-0,01	
53,33	-0,01	
53,335	-0,02	
53,34	-0,02	
53,345	-0,02	
53,35	-0,02	
53,355	-0,02	
53,36	-0,02	
53,365	-0,02	
53,37	-0,02	
53,375	-0,02	
53,38	-0,02	
53,385	-0,02	
53,39	-0,03	
53,395	-0,03	
53,4	-0,03	
53,405	-0,03	
53,41	-0,03	
53,415	-0,03	
53,42	-0,03	
53,425	-0,04	
53,43	-0,04	
53,435	-0,04	
53,44	-0,04	
53,445	-0,04	
53,45	-0,04	
53,455	-0,04	
53,46	-0,05	
53,465	-0,05	
53,47	-0,05	
53,475	-0,05	
53,48	-0,05	
53,485	-0,05	
53,49	-0,06	
53,495	-0,06	
53,5	-0,06	
53,505	-0,06	
53,51	-0,07	
53,515	-0,07	
53,52	-0,07	
53,525	-0,07	
53,53	-0,07	
53,535	-0,07	
53,54	-0,07	
53,545	-0,08	
53,55	-0,08	
53,555	-0,08	
53,56	-0,08	
53,565	-0,09	
53,57	-0,09	
53,575	-0,09	
53,58	-0,08	
53,585	-0,09	
53,59	-0,09	
53,595	-0,09	
53,6	-0,09	
53,605	-0,1	
53,61	-0,1	
53,615	-0,11	
53,62	-0,11	
53,625	-0,11	
53,63	-0,11	
53,635	-0,11	
53,64	-0,11	
53,645	-0,11	
53,65	-0,12	
53,655	-0,12	
53,66	-0,12	
53,665	-0,13	
53,67	-0,13	
53,675	-0,13	
53,68	-0,13	
53,685	-0,13	
53,69	-0,12	
53,695	-0,13	
53,7	-0,13	
53,705	-0,13	
53,71	-0,13	
53,715	-0,14	
53,72	-0,14	
53,725	-0,14	
53,73	-0,14	
53,735	-0,14	
53,74	-0,14	
53,745	-0,14	
53,75	-0,14	
53,755	-0,14	
53,76	-0,14	
53,765	-0,14	
53,77	-0,14	
53,775	-0,14	
53,78	-0,14	
53,785	-0,14	
53,79	-0,14	
53,795	-0,14	
53,8	-0,14	
53,805	-0,14	
53,81	-0,14	
53,815	-0,14	
53,82	-0,14	
53,825	-0,14	
53,83	-0,14	
53,835	-0,13	
53,84	-0,13	
53,845	-0,13	
53,85	-0,13	
53,855	-0,12	
53,86	-0,12	
53,865	-0,12	
53,87	-0,12	
53,875	-0,12	
53,88	-0,12	
53,885	-0,12	
53,89	-0,12	
53,895	-0,11	
53,9	-0,11	
53,905	-0,11	
53,91	-0,1	
53,915	-0,1	
53,92	-0,1	
53,925	-0,1	
53,93	-0,1	
53,935	-0,09	
53,94	-0,09	
53,945	-0,08	
53,95	-0,08	
53,955	-0,07	
53,96	-0,07	
53,965	-0,06	
53,97	-0,06	
53,975	-0,06	
53,98	-0,05	
53,985	-0,05	
53,99	-0,05	
53,995	-0,04	
54,0	-0,04	
54,005	-0,03	
54,01	-0,03	
54,015	-0,02	
54,02	-0,02	
54,025	-0,01	
54,03	-0,01	
54,035	0	
54,04	0,01	
54,045	0,01	
54,05	0,02	
54,055	0,03	
54,06	0,03	
54,065	0,03	
54,07	0,03	
54,075	0,04	
54,08	0,05	
54,085	0,06	
54,09	0,06	
54,095	0,07	
54,1	0,07	
54,105	0,07	
54,11	0,07	
54,115	0,08	
54,12	0,09	
54,125	0,1	
54,13	0,1	
54,135	0,11	
54,14	0,12	
54,145	0,12	
54,15	0,13	
54,155	0,13	
54,16	0,13	
54,165	0,14	
54,17	0,15	
54,175	0,15	
54,18	0,16	
54,185	0,17	
54,19	0,17	
54,195	0,17	
54,2	0,18	
54,205	0,18	
54,21	0,18	
54,215	0,19	
54,22	0,2	
54,225	0,21	
54,23	0,21	
54,235	0,21	
54,24	0,22	
54,245	0,22	
54,25	0,22	
54,255	0,23	
54,26	0,23	
54,265	0,24	
54,27	0,24	
54,275	0,24	
54,28	0,25	
54,285	0,25	
54,29	0,25	
54,295	0,25	
54,3	0,26	
54,305	0,26	
54,31	0,27	
54,315	0,27	
54,32	0,27	
54,325	0,28	
54,33	0,28	
54,335	0,28	
54,34	0,29	
54,345	0,29	
54,35	0,29	
54,355	0,29	
54,36	0,29	
54,365	0,29	
54,37	0,29	
54,375	0,29	
54,38	0,29	
54,385	0,29	
54,39	0,29	
54,395	0,29	
54,4	0,29	
54,405	0,28	
54,41	0,28	
54,415	0,28	
54,42	0,28	
54,425	0,28	
54,43	0,29	
54,435	0,29	
54,44	0,28	
54,445	0,28	
54,45	0,27	
54,455	0,27	
54,46	0,26	
54,465	0,26	
54,47	0,26	
54,475	0,26	
54,48	0,26	
54,485	0,25	
54,49	0,25	
54,495	0,25	
54,5	0,24	
54,505	0,24	
54,51	0,24	
54,515	0,23	
54,52	0,23	
54,525	0,22	
54,53	0,21	
54,535	0,21	
54,54	0,2	
54,545	0,19	
54,55	0,19	
54,555	0,18	
54,56	0,17	
54,565	0,17	
54,57	0,16	
54,575	0,16	
54,58	0,15	
54,585	0,14	
54,59	0,13	
54,595	0,12	
54,6	0,12	
54,605	0,11	
54,61	0,11	
54,615	0,1	
54,62	0,09	
54,625	0,08	
54,63	0,07	
54,635	0,06	
54,64	0,05	
54,645	0,04	
54,65	0,03	
54,655	0,03	
54,66	0,02	
54,665	0,01	
54,67	0,01	
54,675	0	
54,68	-0,01	
54,685	-0,02	
54,69	-0,03	
54,695	-0,04	
54,7	-0,05	
54,705	-0,07	
54,71	-0,07	
54,715	-0,08	
54,72	-0,09	
54,725	-0,1	
54,73	-0,1	
54,735	-0,11	
54,74	-0,13	
54,745	-0,14	
54,75	-0,15	
54,755	-0,16	
54,76	-0,16	
54,765	-0,17	
54,77	-0,17	
54,775	-0,18	
54,78	-0,19	
54,785	-0,21	
54,79	-0,22	
54,795	-0,23	
54,8	-0,23	
54,805	-0,24	
54,81	-0,24	
54,815	-0,25	
54,82	-0,25	
54,825	-0,26	
54,83	-0,27	
54,835	-0,28	
54,84	-0,29	
54,845	-0,3	
54,85	-0,31	
54,855	-0,31	
54,86	-0,32	
54,865	-0,32	
54,87	-0,33	
54,875	-0,34	
54,88	-0,34	
54,885	-0,35	
54,89	-0,36	
54,895	-0,36	
54,9	-0,37	
54,905	-0,37	
54,91	-0,37	
54,915	-0,38	
54,92	-0,38	
54,925	-0,39	
54,93	-0,39	
54,935	-0,4	
54,94	-0,4	
54,945	-0,41	
54,95	-0,41	
54,955	-0,41	
54,96	-0,42	
54,965	-0,41	
54,97	-0,42	
54,975	-0,42	
54,98	-0,42	
54,985	-0,42	
54,99	-0,42	
54,995	-0,42	
55,0	-0,42	
55,005	-0,42	
55,01	-0,42	
55,015	-0,42	
55,02	-0,42	
55,025	-0,42	
55,03	-0,42	
55,035	-0,41	
55,04	-0,41	
55,045	-0,41	
55,05	-0,41	
55,055	-0,41	
55,06	-0,41	
55,065	-0,4	
55,07	-0,4	
55,075	-0,39	
55,08	-0,39	
55,085	-0,39	
55,09	-0,38	
55,095	-0,38	
55,1	-0,37	
55,105	-0,36	
55,11	-0,35	
55,115	-0,35	
55,12	-0,34	
55,125	-0,34	
55,13	-0,33	
55,135	-0,33	
55,14	-0,32	
55,145	-0,31	
55,15	-0,31	
55,155	-0,3	
55,16	-0,29	
55,165	-0,28	
55,17	-0,27	
55,175	-0,27	
55,18	-0,26	
55,185	-0,25	
55,19	-0,23	
55,195	-0,22	
55,2	-0,21	
55,205	-0,2	
55,21	-0,19	
55,215	-0,18	
55,22	-0,18	
55,225	-0,17	
55,23	-0,15	
55,235	-0,15	
55,24	-0,13	
55,245	-0,12	
55,25	-0,11	
55,255	-0,1	
55,26	-0,09	
55,265	-0,08	
55,27	-0,07	
55,275	-0,06	
55,28	-0,05	
55,285	-0,03	
55,29	-0,02	
55,295	0	
55,3	0,01	
55,305	0,02	
55,31	0,03	
55,315	0,04	
55,32	0,05	
55,325	0,06	
55,33	0,08	
55,335	0,09	
55,34	0,1	
55,345	0,11	
55,35	0,13	
55,355	0,15	
55,36	0,16	
55,365	0,17	
55,37	0,18	
55,375	0,19	
55,38	0,2	
55,385	0,21	
55,39	0,22	
55,395	0,23	
55,4	0,25	
55,405	0,26	
55,41	0,27	
55,415	0,28	
55,42	0,29	
55,425	0,3	
55,43	0,31	
55,435	0,32	
55,44	0,33	
55,445	0,35	
55,45	0,35	
55,455	0,36	
55,46	0,37	
55,465	0,37	
55,47	0,38	
55,475	0,39	
55,48	0,4	
55,485	0,41	
55,49	0,42	
55,495	0,43	
55,5	0,44	
55,505	0,44	
55,51	0,45	
55,515	0,45	
55,52	0,46	
55,525	0,46	
55,53	0,47	
55,535	0,48	
55,54	0,49	
55,545	0,49	
55,55	0,5	
55,555	0,5	
55,56	0,51	
55,565	0,51	
55,57	0,51	
55,575	0,51	
55,58	0,52	
55,585	0,52	
55,59	0,52	
55,595	0,53	
55,6	0,53	
55,605	0,53	
55,61	0,53	
55,615	0,53	
55,62	0,53	
55,625	0,53	
55,63	0,53	
55,635	0,53	
55,64	0,53	
55,645	0,53	
55,65	0,52	
55,655	0,52	
55,66	0,52	
55,665	0,52	
55,67	0,51	
55,675	0,51	
55,68	0,5	
55,685	0,5	
55,69	0,5	
55,695	0,49	
55,7	0,49	
55,705	0,48	
55,71	0,47	
55,715	0,47	
55,72	0,46	
55,725	0,46	
55,73	0,45	
55,735	0,44	
55,74	0,44	
55,745	0,43	
55,75	0,42	
55,755	0,4	
55,76	0,39	
55,765	0,38	
55,77	0,37	
55,775	0,36	
55,78	0,35	
55,785	0,35	
55,79	0,34	
55,795	0,33	
55,8	0,31	
55,805	0,3	
55,81	0,29	
55,815	0,28	
55,82	0,27	
55,825	0,26	
55,83	0,25	
55,835	0,23	
55,84	0,22	
55,845	0,21	
55,85	0,19	
55,855	0,18	
55,86	0,17	
55,865	0,15	
55,87	0,14	
55,875	0,13	
55,88	0,11	
55,885	0,1	
55,89	0,08	
55,895	0,07	
55,9	0,06	
55,905	0,05	
55,91	0,04	
55,915	0,01	
55,92	0	
55,925	-0,02	
55,93	-0,03	
55,935	-0,05	
55,94	-0,06	
55,945	-0,07	
55,95	-0,09	
55,955	-0,11	
55,96	-0,12	
55,965	-0,13	
55,97	-0,15	
55,975	-0,16	
55,98	-0,17	
55,985	-0,19	
55,99	-0,2	
55,995	-0,22	
56,0	-0,24	
56,005	-0,25	
56,01	-0,26	
56,015	-0,28	
56,02	-0,29	
56,025	-0,3	
56,03	-0,31	
56,035	-0,32	
56,04	-0,34	
56,045	-0,35	
56,05	-0,36	
56,055	-0,37	
56,06	-0,38	
56,065	-0,4	
56,07	-0,41	
56,075	-0,43	
56,08	-0,44	
56,085	-0,44	
56,09	-0,46	
56,095	-0,47	
56,1	-0,47	
56,105	-0,48	
56,11	-0,49	
56,115	-0,5	
56,12	-0,51	
56,125	-0,52	
56,13	-0,53	
56,135	-0,53	
56,14	-0,54	
56,145	-0,54	
56,15	-0,55	
56,155	-0,56	
56,16	-0,57	
56,165	-0,57	
56,17	-0,58	
56,175	-0,58	
56,18	-0,58	
56,185	-0,59	
56,19	-0,59	
56,195	-0,59	
56,2	-0,6	
56,205	-0,6	
56,21	-0,6	
56,215	-0,6	
56,22	-0,61	
56,225	-0,61	
56,23	-0,61	
56,235	-0,61	
56,24	-0,61	
56,245	-0,61	
56,25	-0,61	
56,255	-0,61	
56,26	-0,61	
56,265	-0,6	
56,27	-0,6	
56,275	-0,6	
56,28	-0,59	
56,285	-0,59	
56,29	-0,59	
56,295	-0,58	
56,3	-0,58	
56,305	-0,58	
56,31	-0,57	
56,315	-0,56	
56,32	-0,55	
56,325	-0,55	
56,33	-0,54	
56,335	-0,54	
56,34	-0,53	
56,345	-0,52	
56,35	-0,51	
56,355	-0,5	
56,36	-0,49	
56,365	-0,48	
56,37	-0,47	
56,375	-0,46	
56,38	-0,45	
56,385	-0,44	
56,39	-0,43	
56,395	-0,42	
56,4	-0,4	
56,405	-0,39	
56,41	-0,38	
56,415	-0,37	
56,42	-0,35	
56,425	-0,34	
56,43	-0,33	
56,435	-0,32	
56,44	-0,31	
56,445	-0,3	
56,45	-0,28	
56,455	-0,26	
56,46	-0,25	
56,465	-0,23	
56,47	-0,22	
56,475	-0,21	
56,48	-0,19	
56,485	-0,17	
56,49	-0,16	
56,495	-0,15	
56,5	-0,12	
56,505	-0,11	
56,51	-0,09	
56,515	-0,08	
56,52	-0,06	
56,525	-0,05	
56,53	-0,04	
56,535	-0,02	
56,54	-0,01	
56,545	0,01	
56,55	0,03	
56,555	0,04	
56,56	0,06	
56,565	0,08	
56,57	0,09	
56,575	0,11	
56,58	0,13	
56,585	0,14	
56,59	0,16	
56,595	0,18	
56,6	0,19	
56,605	0,21	
56,61	0,23	
56,615	0,24	
56,62	0,25	
56,625	0,26	
56,63	0,28	
56,635	0,29	
56,64	0,31	
56,645	0,33	
56,65	0,34	
56,655	0,35	
56,66	0,37	
56,665	0,38	
56,67	0,39	
56,675	0,41	
56,68	0,42	
56,685	0,44	
56,69	0,45	
56,695	0,46	
56,7	0,47	
56,705	0,48	
56,71	0,49	
56,715	0,5	
56,72	0,51	
56,725	0,53	
56,73	0,54	
56,735	0,55	
56,74	0,56	
56,745	0,57	
56,75	0,58	
56,755	0,58	
56,76	0,59	
56,765	0,59	
56,77	0,6	
56,775	0,6	
56,78	0,61	
56,785	0,62	
56,79	0,62	
56,795	0,63	
56,8	0,63	
56,805	0,64	
56,81	0,64	
56,815	0,64	
56,82	0,64	
56,825	0,64	
56,83	0,65	
56,835	0,65	
56,84	0,65	
56,845	0,65	
56,85	0,65	
56,855	0,65	
56,86	0,65	
56,865	0,65	
56,87	0,65	
56,875	0,65	
56,88	0,65	
56,885	0,65	
56,89	0,64	
56,895	0,64	
56,9	0,64	
56,905	0,63	
56,91	0,62	
56,915	0,62	
56,92	0,62	
56,925	0,61	
56,93	0,61	
56,935	0,6	
56,94	0,6	
56,945	0,59	
56,95	0,58	
56,955	0,57	
56,96	0,56	
56,965	0,55	
56,97	0,54	
56,975	0,53	
56,98	0,52	
56,985	0,51	
56,99	0,5	
56,995	0,49	
57,0	0,48	
57,005	0,47	
57,01	0,46	
57,015	0,45	
57,02	0,44	
57,025	0,43	
57,03	0,41	
57,035	0,4	
57,04	0,39	
57,045	0,37	
57,05	0,35	
57,055	0,34	
57,06	0,32	
57,065	0,31	
57,07	0,29	
57,075	0,28	
57,08	0,26	
57,085	0,25	
57,09	0,23	
57,095	0,22	
57,1	0,2	
57,105	0,19	
57,11	0,18	
57,115	0,16	
57,12	0,14	
57,125	0,12	
57,13	0,1	
57,135	0,08	
57,14	0,06	
57,145	0,05	
57,15	0,03	
57,155	0,02	
57,16	0,01	
57,165	-0,01	
57,17	-0,03	
57,175	-0,05	
57,18	-0,06	
57,185	-0,08	
57,19	-0,1	
57,195	-0,11	
57,2	-0,12	
57,205	-0,14	
57,21	-0,17	
57,215	-0,18	
57,22	-0,2	
57,225	-0,21	
57,23	-0,23	
57,235	-0,25	
57,24	-0,26	
57,245	-0,27	
57,25	-0,29	
57,255	-0,3	
57,26	-0,32	
57,265	-0,33	
57,27	-0,35	
57,275	-0,36	
57,28	-0,37	
57,285	-0,39	
57,29	-0,41	
57,295	-0,42	
57,3	-0,43	
57,305	-0,45	
57,31	-0,46	
57,315	-0,47	
57,32	-0,48	
57,325	-0,49	
57,33	-0,51	
57,335	-0,52	
57,34	-0,53	
57,345	-0,54	
57,35	-0,55	
57,355	-0,56	
57,36	-0,56	
57,365	-0,57	
57,37	-0,59	
57,375	-0,59	
57,38	-0,6	
57,385	-0,61	
57,39	-0,61	
57,395	-0,62	
57,4	-0,63	
57,405	-0,63	
57,41	-0,63	
57,415	-0,64	
57,42	-0,64	
57,425	-0,65	
57,43	-0,65	
57,435	-0,66	
57,44	-0,67	
57,445	-0,67	
57,45	-0,67	
57,455	-0,66	
57,46	-0,66	
57,465	-0,67	
57,47	-0,67	
57,475	-0,67	
57,48	-0,67	
57,485	-0,67	
57,49	-0,67	
57,495	-0,66	
57,5	-0,65	
57,505	-0,65	
57,51	-0,65	
57,515	-0,65	
57,52	-0,64	
57,525	-0,64	
57,53	-0,63	
57,535	-0,63	
57,54	-0,62	
57,545	-0,62	
57,55	-0,61	
57,555	-0,61	
57,56	-0,6	
57,565	-0,59	
57,57	-0,58	
57,575	-0,58	
57,58	-0,57	
57,585	-0,56	
57,59	-0,55	
57,595	-0,54	
57,6	-0,53	
57,605	-0,52	
57,61	-0,51	
57,615	-0,5	
57,62	-0,49	
57,625	-0,48	
57,63	-0,46	
57,635	-0,45	
57,64	-0,43	
57,645	-0,42	
57,65	-0,4	
57,655	-0,4	
57,66	-0,38	
57,665	-0,37	
57,67	-0,36	
57,675	-0,34	
57,68	-0,33	
57,685	-0,31	
57,69	-0,3	
57,695	-0,28	
57,7	-0,26	
57,705	-0,25	
57,71	-0,23	
57,715	-0,22	
57,72	-0,2	
57,725	-0,18	
57,73	-0,17	
57,735	-0,15	
57,74	-0,14	
57,745	-0,12	
57,75	-0,1	
57,755	-0,09	
57,76	-0,07	
57,765	-0,06	
57,77	-0,04	
57,775	-0,02	
57,78	0	
57,785	0,02	
57,79	0,03	
57,795	0,04	
57,8	0,06	
57,805	0,08	
57,81	0,09	
57,815	0,11	
57,82	0,13	
57,825	0,14	
57,83	0,16	
57,835	0,18	
57,84	0,2	
57,845	0,21	
57,85	0,22	
57,855	0,24	
57,86	0,25	
57,865	0,27	
57,87	0,28	
57,875	0,3	
57,88	0,31	
57,885	0,33	
57,89	0,34	
57,895	0,36	
57,9	0,37	
57,905	0,38	
57,91	0,4	
57,915	0,41	
57,92	0,42	
57,925	0,43	
57,93	0,44	
57,935	0,46	
57,94	0,47	
57,945	0,48	
57,95	0,49	
57,955	0,51	
57,96	0,51	
57,965	0,52	
57,97	0,53	
57,975	0,54	
57,98	0,55	
57,985	0,56	
57,99	0,57	
57,995	0,58	
58,0	0,59	
58,005	0,59	
58,01	0,59	
58,015	0,6	
58,02	0,61	
58,025	0,61	
58,03	0,62	
58,035	0,63	
58,04	0,63	
58,045	0,63	
58,05	0,64	
58,055	0,63	
58,06	0,64	
58,065	0,64	
58,07	0,64	
58,075	0,63	
58,08	0,64	
58,085	0,64	
58,09	0,64	
58,095	0,64	
58,1	0,64	
58,105	0,64	
58,11	0,64	
58,115	0,63	
58,12	0,63	
58,125	0,63	
58,13	0,63	
58,135	0,63	
58,14	0,62	
58,145	0,62	
58,15	0,61	
58,155	0,61	
58,16	0,6	
58,165	0,59	
58,17	0,59	
58,175	0,58	
58,18	0,57	
58,185	0,57	
58,19	0,56	
58,195	0,55	
58,2	0,54	
58,205	0,53	
58,21	0,52	
58,215	0,51	
58,22	0,5	
58,225	0,49	
58,23	0,48	
58,235	0,47	
58,24	0,46	
58,245	0,46	
58,25	0,44	
58,255	0,43	
58,26	0,41	
58,265	0,4	
58,27	0,39	
58,275	0,38	
58,28	0,36	
58,285	0,35	
58,29	0,34	
58,295	0,32	
58,3	0,3	
58,305	0,29	
58,31	0,28	
58,315	0,26	
58,32	0,25	
58,325	0,24	
58,33	0,23	
58,335	0,22	
58,34	0,19	
58,345	0,17	
58,35	0,15	
58,355	0,14	
58,36	0,12	
58,365	0,11	
58,37	0,09	
58,375	0,08	
58,38	0,07	
58,385	0,05	
58,39	0,04	
58,395	0,02	
58,4	0,01	
58,405	-0,01	
58,41	-0,02	
58,415	-0,04	
58,42	-0,06	
58,425	-0,07	
58,43	-0,09	
58,435	-0,1	
58,44	-0,12	
58,445	-0,14	
58,45	-0,15	
58,455	-0,16	
58,46	-0,18	
58,465	-0,19	
58,47	-0,2	
58,475	-0,22	
58,48	-0,23	
58,485	-0,25	
58,49	-0,26	
58,495	-0,28	
58,5	-0,3	
58,505	-0,3	
58,51	-0,32	
58,515	-0,33	
58,52	-0,34	
58,525	-0,36	
58,53	-0,37	
58,535	-0,38	
58,54	-0,39	
58,545	-0,4	
58,55	-0,41	
58,555	-0,42	
58,56	-0,43	
58,565	-0,44	
58,57	-0,45	
58,575	-0,45	
58,58	-0,46	
58,585	-0,48	
58,59	-0,49	
58,595	-0,5	
58,6	-0,51	
58,605	-0,51	
58,61	-0,52	
58,615	-0,52	
58,62	-0,53	
58,625	-0,54	
58,63	-0,54	
58,635	-0,55	
58,64	-0,55	
58,645	-0,56	
58,65	-0,56	
58,655	-0,57	
58,66	-0,57	
58,665	-0,57	
58,67	-0,58	
58,675	-0,58	
58,68	-0,58	
58,685	-0,58	
58,69	-0,59	
58,695	-0,59	
58,7	-0,58	
58,705	-0,58	
58,71	-0,58	
58,715	-0,58	
58,72	-0,58	
58,725	-0,58	
58,73	-0,58	
58,735	-0,58	
58,74	-0,58	
58,745	-0,57	
58,75	-0,56	
58,755	-0,56	
58,76	-0,55	
58,765	-0,55	
58,77	-0,54	
58,775	-0,54	
58,78	-0,54	
58,785	-0,53	
58,79	-0,53	
58,795	-0,52	
58,8	-0,52	
58,805	-0,51	
58,81	-0,5	
58,815	-0,5	
58,82	-0,49	
58,825	-0,48	
58,83	-0,47	
58,835	-0,46	
58,84	-0,45	
58,845	-0,45	
58,85	-0,44	
58,855	-0,43	
58,86	-0,42	
58,865	-0,4	
58,87	-0,39	
58,875	-0,38	
58,88	-0,37	
58,885	-0,36	
58,89	-0,35	
58,895	-0,34	
58,9	-0,33	
58,905	-0,31	
58,91	-0,3	
58,915	-0,28	
58,92	-0,28	
58,925	-0,26	
58,93	-0,25	
58,935	-0,24	
58,94	-0,23	
58,945	-0,21	
58,95	-0,2	
58,955	-0,18	
58,96	-0,17	
58,965	-0,16	
58,97	-0,15	
58,975	-0,14	
58,98	-0,12	
58,985	-0,11	
58,99	-0,09	
58,995	-0,08	
59,0	-0,06	
59,005	-0,05	
59,01	-0,03	
59,015	-0,02	
59,02	-0,01	
59,025	0	
59,03	0,02	
59,035	0,03	
59,04	0,05	
59,045	0,06	
59,05	0,07	
59,055	0,09	
59,06	0,1	
59,065	0,11	
59,07	0,12	
59,075	0,13	
59,08	0,15	
59,085	0,16	
59,09	0,17	
59,095	0,19	
59,1	0,2	
59,105	0,21	
59,11	0,23	
59,115	0,24	
59,12	0,25	
59,125	0,26	
59,13	0,27	
59,135	0,28	
59,14	0,29	
59,145	0,31	
59,15	0,32	
59,155	0,34	
59,16	0,34	
59,165	0,35	
59,17	0,35	
59,175	0,36	
59,18	0,37	
59,185	0,38	
59,19	0,38	
59,195	0,39	
59,2	0,4	
59,205	0,41	
59,21	0,41	
59,215	0,42	
59,22	0,42	
59,225	0,43	
59,23	0,44	
59,235	0,45	
59,24	0,45	
59,245	0,46	
59,25	0,46	
59,255	0,47	
59,26	0,47	
59,265	0,47	
59,27	0,48	
59,275	0,48	
59,28	0,48	
59,285	0,48	
59,29	0,49	
59,295	0,49	
59,3	0,49	
59,305	0,49	
59,31	0,49	
59,315	0,49	
59,32	0,49	
59,325	0,49	
59,33	0,49	
59,335	0,49	
59,34	0,49	
59,345	0,49	
59,35	0,49	
59,355	0,49	
59,36	0,49	
59,365	0,48	
59,37	0,48	
59,375	0,48	
59,38	0,47	
59,385	0,47	
59,39	0,46	
59,395	0,46	
59,4	0,46	
59,405	0,45	
59,41	0,44	
59,415	0,44	
59,42	0,43	
59,425	0,43	
59,43	0,42	
59,435	0,41	
59,44	0,41	
59,445	0,4	
59,45	0,39	
59,455	0,39	
59,46	0,38	
59,465	0,37	
59,47	0,36	
59,475	0,36	
59,48	0,35	
59,485	0,34	
59,49	0,33	
59,495	0,32	
59,5	0,31	
59,505	0,3	
59,51	0,29	
59,515	0,28	
59,52	0,27	
59,525	0,26	
59,53	0,25	
59,535	0,24	
59,54	0,23	
59,545	0,22	
59,55	0,21	
59,555	0,2	
59,56	0,18	
59,565	0,18	
59,57	0,17	
59,575	0,16	
59,58	0,15	
59,585	0,14	
59,59	0,13	
59,595	0,12	
59,6	0,11	
59,605	0,09	
59,61	0,08	
59,615	0,07	
59,62	0,06	
59,625	0,05	
59,63	0,03	
59,635	0,02	
59,64	0,01	
59,645	0	
59,65	-0,01	
59,655	-0,02	
59,66	-0,03	
59,665	-0,04	
59,67	-0,05	
59,675	-0,06	
59,68	-0,07	
59,685	-0,08	
59,69	-0,1	
59,695	-0,11	
59,7	-0,12	
59,705	-0,13	
59,71	-0,14	
59,715	-0,15	
59,72	-0,16	
59,725	-0,16	
59,73	-0,17	
59,735	-0,18	
59,74	-0,19	
59,745	-0,2	
59,75	-0,21	
59,755	-0,22	
59,76	-0,22	
59,765	-0,23	
59,77	-0,24	
59,775	-0,25	
59,78	-0,25	
59,785	-0,26	
59,79	-0,27	
59,795	-0,28	
59,8	-0,29	
59,805	-0,29	
59,81	-0,3	
59,815	-0,31	
59,82	-0,31	
59,825	-0,31	
59,83	-0,32	
59,835	-0,33	
59,84	-0,33	
59,845	-0,34	
59,85	-0,34	
59,855	-0,34	
59,86	-0,34	
59,865	-0,34	
59,87	-0,35	
59,875	-0,35	
59,88	-0,35	
59,885	-0,36	
59,89	-0,37	
59,895	-0,37	
59,9	-0,37	
59,905	-0,38	
59,91	-0,38	
59,915	-0,38	
59,92	-0,38	
59,925	-0,38	
59,93	-0,38	
59,935	-0,38	
59,94	-0,38	
59,945	-0,38	
59,95	-0,38	
59,955	-0,38	
59,96	-0,37	
59,965	-0,37	
59,97	-0,37	
59,975	-0,37	
59,98	-0,37	
59,985	-0,36	
59,99	-0,36	
59,995	-0,35	
60,0	-0,35	
60,005	-0,35	
60,01	-0,35	
60,015	-0,35	
60,02	-0,34	
60,025	-0,34	
60,03	-0,34	
60,035	-0,33	
60,04	-0,32	
60,045	-0,32	
60,05	-0,31	
60,055	-0,31	
60,06	-0,3	
60,065	-0,3	
60,07	-0,29	
60,075	-0,29	
60,08	-0,28	
60,085	-0,28	
60,09	-0,28	
60,095	-0,27	
60,1	-0,26	
60,105	-0,26	
60,11	-0,25	
60,115	-0,24	
60,12	-0,23	
60,125	-0,22	
60,13	-0,22	
60,135	-0,21	
60,14	-0,21	
60,145	-0,2	
60,15	-0,19	
60,155	-0,18	
60,16	-0,17	
60,165	-0,17	
60,17	-0,16	
60,175	-0,15	
60,18	-0,15	
60,185	-0,14	
60,19	-0,13	
60,195	-0,13	
60,2	-0,12	
60,205	-0,11	
60,21	-0,09	
60,215	-0,08	
60,22	-0,08	
60,225	-0,07	
60,23	-0,06	
60,235	-0,06	
60,24	-0,05	
60,245	-0,05	
60,25	-0,04	
60,255	-0,03	
60,26	-0,02	
60,265	-0,01	
60,27	0	
60,275	0,01	
60,28	0,02	
60,285	0,02	
60,29	0,03	
60,295	0,04	
60,3	0,05	
60,305	0,05	
60,31	0,06	
60,315	0,07	
60,32	0,07	
60,325	0,08	
60,33	0,08	
60,335	0,09	
60,34	0,09	
60,345	0,1	
60,35	0,1	
60,355	0,11	
60,36	0,12	
60,365	0,13	
60,37	0,13	
60,375	0,14	
60,38	0,14	
60,385	0,15	
60,39	0,15	
60,395	0,16	
60,4	0,16	
60,405	0,17	
60,41	0,17	
60,415	0,17	
60,42	0,18	
60,425	0,18	
60,43	0,19	
60,435	0,19	
60,44	0,2	
60,445	0,2	
60,45	0,21	
60,455	0,21	
60,46	0,22	
60,465	0,22	
60,47	0,22	
60,475	0,22	
60,48	0,22	
60,485	0,23	
60,49	0,23	
60,495	0,23	
60,5	0,23	
60,505	0,23	
60,51	0,23	
60,515	0,23	
60,52	0,24	
60,525	0,23	
60,53	0,23	
60,535	0,23	
60,54	0,23	
60,545	0,23	
60,55	0,23	
60,555	0,24	
60,56	0,24	
60,565	0,24	
60,57	0,24	
60,575	0,24	
60,58	0,24	
60,585	0,24	
60,59	0,24	
60,595	0,24	
60,6	0,23	
60,605	0,23	
60,61	0,23	
60,615	0,23	
60,62	0,22	
60,625	0,22	
60,63	0,22	
60,635	0,22	
60,64	0,21	
60,645	0,21	
60,65	0,21	
60,655	0,21	
60,66	0,2	
60,665	0,2	
60,67	0,2	
60,675	0,2	
60,68	0,19	
60,685	0,19	
60,69	0,19	
60,695	0,18	
60,7	0,18	
60,705	0,18	
60,71	0,18	
60,715	0,17	
60,72	0,16	
60,725	0,16	
60,73	0,15	
60,735	0,15	
60,74	0,15	
60,745	0,14	
60,75	0,14	
60,755	0,14	
60,76	0,14	
60,765	0,13	
60,77	0,12	
60,775	0,12	
60,78	0,11	
60,785	0,11	
60,79	0,1	
60,795	0,1	
60,8	0,1	
60,805	0,09	
60,81	0,09	
60,815	0,09	
60,82	0,08	
60,825	0,07	
60,83	0,07	
60,835	0,07	
60,84	0,06	
60,845	0,06	
60,85	0,05	
60,855	0,05	
60,86	0,04	
60,865	0,04	
60,87	0,03	
60,875	0,03	
60,88	0,03	
60,885	0,02	
60,89	0,02	
60,895	0,02	
60,9	0,01	
60,905	0,01	
60,91	0,01	
60,915	0	
60,92	-0,01	
60,925	-0,01	
60,93	-0,02	
60,935	-0,02	
60,94	-0,02	
60,945	-0,02	
60,95	-0,02	
60,955	-0,03	
60,96	-0,03	
60,965	-0,03	
60,97	-0,04	
60,975	-0,04	
60,98	-0,04	
60,985	-0,05	
60,99	-0,05	
60,995	-0,05	
61,0	-0,05	
61,005	-0,05	
61,01	-0,06	
61,015	-0,06	
61,02	-0,07	
61,025	-0,07	
61,03	-0,07	
61,035	-0,07	
61,04	-0,07	
61,045	-0,07	
61,05	-0,08	
61,055	-0,08	
61,06	-0,08	
61,065	-0,08	
61,07	-0,08	
61,075	-0,08	
61,08	-0,08	
61,085	-0,08	
61,09	-0,09	
61,095	-0,09	
61,1	-0,08	
61,105	-0,09	
61,11	-0,09	
61,115	-0,09	
61,12	-0,09	
61,125	-0,09	
61,13	-0,09	
61,135	-0,09	
61,14	-0,09	
61,145	-0,09	
61,15	-0,1	
61,155	-0,1	
61,16	-0,1	
61,165	-0,09	
61,17	-0,09	
61,175	-0,09	
61,18	-0,09	
61,185	-0,09	
61,19	-0,09	
61,195	-0,09	
61,2	-0,09	
61,205	-0,09	
61,21	-0,09	
61,215	-0,09	
61,22	-0,09	
61,225	-0,09	
61,23	-0,09	
61,235	-0,08	
61,24	-0,09	
61,245	-0,09	
61,25	-0,09	
61,255	-0,08	
61,26	-0,08	
61,265	-0,08	
61,27	-0,08	
61,275	-0,08	
61,28	-0,08	
61,285	-0,08	
61,29	-0,07	
61,295	-0,07	
61,3	-0,07	
61,305	-0,07	
61,31	-0,07	
61,315	-0,07	
61,32	-0,07	
61,325	-0,07	
61,33	-0,07	
61,335	-0,07	
61,34	-0,07	
61,345	-0,07	
61,35	-0,06	
61,355	-0,06	
61,36	-0,06	
61,365	-0,06	
61,37	-0,06	
61,375	-0,06	
61,38	-0,06	
61,385	-0,06	
61,39	-0,06	
61,395	-0,05	
61,4	-0,05	
61,405	-0,05	
61,41	-0,05	
61,415	-0,05	
61,42	-0,05	
61,425	-0,05	
61,43	-0,05	
61,435	-0,05	
61,44	-0,05	
61,445	-0,05	
61,45	-0,05	
61,455	-0,05	
61,46	-0,04	
61,465	-0,04	
61,47	-0,04	
61,475	-0,04	
61,48	-0,04	
61,485	-0,04	
61,49	-0,04	
61,495	-0,04	
61,5	-0,04	
61,505	-0,04	
61,51	-0,04	
61,515	-0,04	
61,52	-0,04	
61,525	-0,04	
61,53	-0,04	
61,535	-0,04	
61,54	-0,04	
61,545	-0,04	
61,55	-0,04	
61,555	-0,04	
61,56	-0,03	
61,565	-0,04	
61,57	-0,04	
61,575	-0,04	
61,58	-0,04	
61,585	-0,04	
61,59	-0,05	
61,595	-0,05	
61,6	-0,04	
61,605	-0,04	
61,61	-0,04	
61,615	-0,04	
61,62	-0,04	
61,625	-0,04	
61,63	-0,04	
61,635	-0,04	
61,64	-0,04	
61,645	-0,05	
61,65	-0,05	
61,655	-0,05	
61,66	-0,05	
61,665	-0,05	
61,67	-0,05	
61,675	-0,05	
61,68	-0,05	
61,685	-0,05	
61,69	-0,05	
61,695	-0,05	
61,7	-0,05	
61,705	-0,06	
61,71	-0,06	
61,715	-0,05	
61,72	-0,05	
61,725	-0,05	
61,73	-0,05	
61,735	-0,06	
61,74	-0,06	
61,745	-0,06	
61,75	-0,07	
61,755	-0,06	
61,76	-0,06	
61,765	-0,06	
61,77	-0,06	
61,775	-0,06	
61,78	-0,06	
61,785	-0,06	
61,79	-0,06	
61,795	-0,06	
61,8	-0,06	
61,805	-0,06	
61,81	-0,07	
61,815	-0,06	
61,82	-0,06	
61,825	-0,06	
61,83	-0,06	
61,835	-0,06	
61,84	-0,06	
61,845	-0,06	
61,85	-0,06	
61,855	-0,06	
61,86	-0,06	
61,865	-0,06	
61,87	-0,06	
61,875	-0,05	
61,88	-0,05	
61,885	-0,05	
61,89	-0,06	
61,895	-0,06	
61,9	-0,06	
61,905	-0,06	
61,91	-0,06	
61,915	-0,05	
61,92	-0,05	
61,925	-0,05	
61,93	-0,05	
61,935	-0,05	
61,94	-0,04	
61,945	-0,04	
61,95	-0,04	
61,955	-0,04	
61,96	-0,03	
61,965	-0,04	
61,97	-0,03	
61,975	-0,03	
61,98	-0,03	
61,985	-0,02	
61,99	-0,02	
61,995	-0,02	
62,0	-0,02	
62,005	-0,01	
62,01	-0,02	
62,015	-0,02	
62,02	-0,02	
62,025	-0,01	
62,03	-0,01	
62,035	0	
62,04	0	
62,045	0,01	
62,05	0,01	
62,055	0,01	
62,06	0,01	
62,065	0,01	
62,07	0,02	
62,075	0,02	
62,08	0,03	
62,085	0,03	
62,09	0,04	
62,095	0,04	
62,1	0,04	
62,105	0,04	
62,11	0,04	
62,115	0,04	
62,12	0,05	
62,125	0,05	
62,13	0,06	
62,135	0,06	
62,14	0,07	
62,145	0,08	
62,15	0,08	
62,155	0,08	
62,16	0,08	
62,165	0,09	
62,17	0,09	
62,175	0,09	
62,18	0,1	
62,185	0,1	
62,19	0,1	
62,195	0,11	
62,2	0,11	
62,205	0,11	
62,21	0,11	
62,215	0,12	
62,22	0,13	
62,225	0,13	
62,23	0,13	
62,235	0,14	
62,24	0,14	
62,245	0,14	
62,25	0,15	
62,255	0,15	
62,26	0,16	
62,265	0,16	
62,27	0,16	
62,275	0,17	
62,28	0,17	
62,285	0,17	
62,29	0,17	
62,295	0,17	
62,3	0,18	
62,305	0,18	
62,31	0,18	
62,315	0,19	
62,32	0,19	
62,325	0,19	
62,33	0,19	
62,335	0,2	
62,34	0,2	
62,345	0,2	
62,35	0,2	
62,355	0,21	
62,36	0,21	
62,365	0,21	
62,37	0,2	
62,375	0,21	
62,38	0,21	
62,385	0,2	
62,39	0,21	
62,395	0,21	
62,4	0,21	
62,405	0,21	
62,41	0,21	
62,415	0,21	
62,42	0,21	
62,425	0,21	
62,43	0,21	
62,435	0,21	
62,44	0,21	
62,445	0,21	
62,45	0,21	
62,455	0,21	
62,46	0,21	
62,465	0,21	
62,47	0,21	
62,475	0,2	
62,48	0,2	
62,485	0,2	
62,49	0,2	
62,495	0,19	
62,5	0,19	
62,505	0,19	
62,51	0,19	
62,515	0,18	
62,52	0,18	
62,525	0,18	
62,53	0,18	
62,535	0,17	
62,54	0,16	
62,545	0,15	
62,55	0,15	
62,555	0,15	
62,56	0,15	
62,565	0,15	
62,57	0,14	
62,575	0,14	
62,58	0,14	
62,585	0,13	
62,59	0,13	
62,595	0,12	
62,6	0,11	
62,605	0,11	
62,61	0,1	
62,615	0,1	
62,62	0,09	
62,625	0,09	
62,63	0,08	
62,635	0,08	
62,64	0,07	
62,645	0,07	
62,65	0,06	
62,655	0,05	
62,66	0,04	
62,665	0,03	
62,67	0,02	
62,675	0,02	
62,68	0,01	
62,685	0,01	
62,69	0	
62,695	-0,01	
62,7	-0,01	
62,705	-0,02	
62,71	-0,03	
62,715	-0,03	
62,72	-0,04	
62,725	-0,04	
62,73	-0,05	
62,735	-0,06	
62,74	-0,07	
62,745	-0,07	
62,75	-0,08	
62,755	-0,09	
62,76	-0,1	
62,765	-0,1	
62,77	-0,11	
62,775	-0,11	
62,78	-0,12	
62,785	-0,13	
62,79	-0,14	
62,795	-0,15	
62,8	-0,15	
62,805	-0,16	
62,81	-0,17	
62,815	-0,18	
62,82	-0,18	
62,825	-0,19	
62,83	-0,19	
62,835	-0,2	
62,84	-0,21	
62,845	-0,21	
62,85	-0,22	
62,855	-0,23	
62,86	-0,23	
62,865	-0,24	
62,87	-0,24	
62,875	-0,25	
62,88	-0,25	
62,885	-0,26	
62,89	-0,27	
62,895	-0,27	
62,9	-0,28	
62,905	-0,28	
62,91	-0,29	
62,915	-0,29	
62,92	-0,29	
62,925	-0,3	
62,93	-0,3	
62,935	-0,31	
62,94	-0,31	
62,945	-0,31	
62,95	-0,32	
62,955	-0,32	
62,96	-0,32	
62,965	-0,33	
62,97	-0,33	
62,975	-0,34	
62,98	-0,34	
62,985	-0,34	
62,99	-0,34	
62,995	-0,34	
63,0	-0,34	
63,005	-0,34	
63,01	-0,34	
63,015	-0,34	
63,02	-0,34	
63,025	-0,34	
63,03	-0,35	
63,035	-0,35	
63,04	-0,35	
63,045	-0,35	
63,05	-0,34	
63,055	-0,34	
63,06	-0,34	
63,065	-0,34	
63,07	-0,34	
63,075	-0,34	
63,08	-0,34	
63,085	-0,33	
63,09	-0,33	
63,095	-0,33	
63,1	-0,32	
63,105	-0,32	
63,11	-0,31	
63,115	-0,31	
63,12	-0,31	
63,125	-0,31	
63,13	-0,3	
63,135	-0,29	
63,14	-0,29	
63,145	-0,28	
63,15	-0,28	
63,155	-0,27	
63,16	-0,27	
63,165	-0,27	
63,17	-0,26	
63,175	-0,25	
63,18	-0,25	
63,185	-0,24	
63,19	-0,23	
63,195	-0,22	
63,2	-0,22	
63,205	-0,21	
63,21	-0,2	
63,215	-0,19	
63,22	-0,19	
63,225	-0,18	
63,23	-0,17	
63,235	-0,16	
63,24	-0,15	
63,245	-0,14	
63,25	-0,13	
63,255	-0,13	
63,26	-0,12	
63,265	-0,11	
63,27	-0,09	
63,275	-0,09	
63,28	-0,07	
63,285	-0,06	
63,29	-0,05	
63,295	-0,04	
63,3	-0,04	
63,305	-0,03	
63,31	-0,02	
63,315	-0,01	
63,32	0	
63,325	0,01	
63,33	0,03	
63,335	0,04	
63,34	0,05	
63,345	0,05	
63,35	0,06	
63,355	0,08	
63,36	0,08	
63,365	0,09	
63,37	0,11	
63,375	0,12	
63,38	0,13	
63,385	0,14	
63,39	0,15	
63,395	0,16	
63,4	0,17	
63,405	0,18	
63,41	0,18	
63,415	0,2	
63,42	0,21	
63,425	0,22	
63,43	0,22	
63,435	0,24	
63,44	0,24	
63,445	0,25	
63,45	0,26	
63,455	0,27	
63,46	0,28	
63,465	0,29	
63,47	0,29	
63,475	0,3	
63,48	0,31	
63,485	0,32	
63,49	0,33	
63,495	0,34	
63,5	0,35	
63,505	0,35	
63,51	0,36	
63,515	0,37	
63,52	0,37	
63,525	0,38	
63,53	0,39	
63,535	0,4	
63,54	0,4	
63,545	0,41	
63,55	0,41	
63,555	0,41	
63,56	0,42	
63,565	0,42	
63,57	0,43	
63,575	0,43	
63,58	0,44	
63,585	0,44	
63,59	0,45	
63,595	0,45	
63,6	0,45	
63,605	0,45	
63,61	0,45	
63,615	0,46	
63,62	0,46	
63,625	0,46	
63,63	0,46	
63,635	0,46	
63,64	0,46	
63,645	0,46	
63,65	0,46	
63,655	0,46	
63,66	0,47	
63,665	0,46	
63,67	0,46	
63,675	0,46	
63,68	0,45	
63,685	0,45	
63,69	0,45	
63,695	0,45	
63,7	0,44	
63,705	0,44	
63,71	0,44	
63,715	0,43	
63,72	0,43	
63,725	0,42	
63,73	0,42	
63,735	0,42	
63,74	0,41	
63,745	0,41	
63,75	0,4	
63,755	0,39	
63,76	0,38	
63,765	0,37	
63,77	0,36	
63,775	0,36	
63,78	0,35	
63,785	0,35	
63,79	0,34	
63,795	0,33	
63,8	0,32	
63,805	0,32	
63,81	0,31	
63,815	0,3	
63,82	0,29	
63,825	0,28	
63,83	0,27	
63,835	0,26	
63,84	0,24	
63,845	0,23	
63,85	0,22	
63,855	0,21	
63,86	0,2	
63,865	0,19	
63,87	0,18	
63,875	0,17	
63,88	0,15	
63,885	0,14	
63,89	0,13	
63,895	0,12	
63,9	0,1	
63,905	0,09	
63,91	0,08	
63,915	0,07	
63,92	0,06	
63,925	0,05	
63,93	0,03	
63,935	0,02	
63,94	0	
63,945	-0,01	
63,95	-0,03	
63,955	-0,04	
63,96	-0,04	
63,965	-0,05	
63,97	-0,06	
63,975	-0,08	
63,98	-0,09	
63,985	-0,11	
63,99	-0,12	
63,995	-0,14	
64,0	-0,16	
64,005	-0,17	
64,01	-0,18	
64,015	-0,19	
64,02	-0,2	
64,025	-0,21	
64,03	-0,22	
64,035	-0,24	
64,04	-0,25	
64,045	-0,26	
64,05	-0,28	
64,055	-0,29	
64,06	-0,3	
64,065	-0,31	
64,07	-0,32	
64,075	-0,33	
64,08	-0,35	
64,085	-0,36	
64,09	-0,37	
64,095	-0,38	
64,1	-0,38	
64,105	-0,39	
64,11	-0,4	
64,115	-0,41	
64,12	-0,42	
64,125	-0,43	
64,13	-0,44	
64,135	-0,45	
64,14	-0,45	
64,145	-0,46	
64,15	-0,47	
64,155	-0,47	
64,16	-0,48	
64,165	-0,49	
64,17	-0,5	
64,175	-0,5	
64,18	-0,51	
64,185	-0,51	
64,19	-0,52	
64,195	-0,52	
64,2	-0,52	
64,205	-0,53	
64,21	-0,54	
64,215	-0,54	
64,22	-0,55	
64,225	-0,55	
64,23	-0,55	
64,235	-0,55	
64,24	-0,55	
64,245	-0,55	
64,25	-0,55	
64,255	-0,55	
64,26	-0,55	
64,265	-0,55	
64,27	-0,55	
64,275	-0,55	
64,28	-0,55	
64,285	-0,55	
64,29	-0,55	
64,295	-0,55	
64,3	-0,55	
64,305	-0,54	
64,31	-0,54	
64,315	-0,54	
64,32	-0,53	
64,325	-0,52	
64,33	-0,52	
64,335	-0,52	
64,34	-0,51	
64,345	-0,5	
64,35	-0,5	
64,355	-0,49	
64,36	-0,48	
64,365	-0,48	
64,37	-0,47	
64,375	-0,47	
64,38	-0,46	
64,385	-0,45	
64,39	-0,44	
64,395	-0,43	
64,4	-0,42	
64,405	-0,41	
64,41	-0,4	
64,415	-0,39	
64,42	-0,38	
64,425	-0,37	
64,43	-0,36	
64,435	-0,35	
64,44	-0,34	
64,445	-0,32	
64,45	-0,31	
64,455	-0,3	
64,46	-0,29	
64,465	-0,28	
64,47	-0,27	
64,475	-0,25	
64,48	-0,24	
64,485	-0,23	
64,49	-0,21	
64,495	-0,2	
64,5	-0,18	
64,505	-0,17	
64,51	-0,15	
64,515	-0,14	
64,52	-0,12	
64,525	-0,11	
64,53	-0,1	
64,535	-0,08	
64,54	-0,07	
64,545	-0,06	
64,55	-0,04	
64,555	-0,03	
64,56	-0,01	
64,565	0,01	
64,57	0,02	
64,575	0,04	
64,58	0,05	
64,585	0,06	
64,59	0,07	
64,595	0,09	
64,6	0,11	
64,605	0,13	
64,61	0,14	
64,615	0,16	
64,62	0,17	
64,625	0,18	
64,63	0,2	
64,635	0,21	
64,64	0,22	
64,645	0,24	
64,65	0,25	
64,655	0,27	
64,66	0,28	
64,665	0,29	
64,67	0,31	
64,675	0,32	
64,68	0,33	
64,685	0,35	
64,69	0,36	
64,695	0,37	
64,7	0,38	
64,705	0,39	
64,71	0,41	
64,715	0,42	
64,72	0,43	
64,725	0,44	
64,73	0,45	
64,735	0,46	
64,74	0,47	
64,745	0,48	
64,75	0,5	
64,755	0,5	
64,76	0,51	
64,765	0,52	
64,77	0,53	
64,775	0,54	
64,78	0,54	
64,785	0,55	
64,79	0,56	
64,795	0,56	
64,8	0,56	
64,805	0,57	
64,81	0,58	
64,815	0,58	
64,82	0,59	
64,825	0,6	
64,83	0,6	
64,835	0,6	
64,84	0,61	
64,845	0,61	
64,85	0,61	
64,855	0,61	
64,86	0,61	
64,865	0,61	
64,87	0,61	
64,875	0,61	
64,88	0,61	
64,885	0,61	
64,89	0,61	
64,895	0,61	
64,9	0,61	
64,905	0,61	
64,91	0,61	
64,915	0,6	
64,92	0,6	
64,925	0,6	
64,93	0,6	
64,935	0,59	
64,94	0,59	
64,945	0,58	
64,95	0,58	
64,955	0,57	
64,96	0,57	
64,965	0,56	
64,97	0,55	
64,975	0,54	
64,98	0,53	
64,985	0,52	
64,99	0,51	
64,995	0,5	
65,0	0,5	
65,005	0,49	
65,01	0,48	
65,015	0,47	
65,02	0,46	
65,025	0,46	
65,03	0,44	
65,035	0,43	
65,04	0,42	
65,045	0,41	
65,05	0,39	
65,055	0,38	
65,06	0,37	
65,065	0,36	
65,07	0,35	
65,075	0,33	
65,08	0,32	
65,085	0,3	
65,09	0,28	
65,095	0,27	
65,1	0,26	
65,105	0,24	
65,11	0,23	
65,115	0,22	
65,12	0,21	
65,125	0,19	
65,13	0,17	
65,135	0,15	
65,14	0,14	
65,145	0,12	
65,15	0,11	
65,155	0,1	
65,16	0,08	
65,165	0,06	
65,17	0,05	
65,175	0,03	
65,18	0,01	
65,185	-0,01	
65,19	-0,02	
65,195	-0,04	
65,2	-0,05	
65,205	-0,06	
65,21	-0,08	
65,215	-0,1	
65,22	-0,12	
65,225	-0,14	
65,23	-0,15	
65,235	-0,17	
65,24	-0,18	
65,245	-0,2	
65,25	-0,21	
65,255	-0,23	
65,26	-0,24	
65,265	-0,26	
65,27	-0,27	
65,275	-0,28	
65,28	-0,3	
65,285	-0,31	
65,29	-0,32	
65,295	-0,34	
65,3	-0,36	
65,305	-0,37	
65,31	-0,38	
65,315	-0,39	
65,32	-0,41	
65,325	-0,41	
65,33	-0,43	
65,335	-0,44	
65,34	-0,45	
65,345	-0,46	
65,35	-0,48	
65,355	-0,49	
65,36	-0,5	
65,365	-0,51	
65,37	-0,52	
65,375	-0,53	
65,38	-0,54	
65,385	-0,55	
65,39	-0,56	
65,395	-0,56	
65,4	-0,58	
65,405	-0,59	
65,41	-0,59	
65,415	-0,6	
65,42	-0,6	
65,425	-0,6	
65,43	-0,61	
65,435	-0,61	
65,44	-0,61	
65,445	-0,62	
65,45	-0,63	
65,455	-0,63	
65,46	-0,64	
65,465	-0,64	
65,47	-0,64	
65,475	-0,64	
65,48	-0,64	
65,485	-0,64	
65,49	-0,64	
65,495	-0,64	
65,5	-0,64	
65,505	-0,64	
65,51	-0,64	
65,515	-0,64	
65,52	-0,64	
65,525	-0,63	
65,53	-0,63	
65,535	-0,62	
65,54	-0,63	
65,545	-0,63	
65,55	-0,62	
65,555	-0,61	
65,56	-0,61	
65,565	-0,6	
65,57	-0,6	
65,575	-0,59	
65,58	-0,59	
65,585	-0,58	
65,59	-0,57	
65,595	-0,56	
65,6	-0,55	
65,605	-0,54	
65,61	-0,53	
65,615	-0,52	
65,62	-0,51	
65,625	-0,51	
65,63	-0,5	
65,635	-0,49	
65,64	-0,48	
65,645	-0,47	
65,65	-0,45	
65,655	-0,44	
65,66	-0,43	
65,665	-0,42	
65,67	-0,41	
65,675	-0,4	
65,68	-0,39	
65,685	-0,37	
65,69	-0,36	
65,695	-0,34	
65,7	-0,32	
65,705	-0,31	
65,71	-0,3	
65,715	-0,28	
65,72	-0,27	
65,725	-0,25	
65,73	-0,24	
65,735	-0,22	
65,74	-0,21	
65,745	-0,19	
65,75	-0,17	
65,755	-0,16	
65,76	-0,14	
65,765	-0,13	
65,77	-0,12	
65,775	-0,1	
65,78	-0,08	
65,785	-0,07	
65,79	-0,05	
65,795	-0,03	
65,8	-0,01	
65,805	0,01	
65,81	0,02	
65,815	0,04	
65,82	0,05	
65,825	0,07	
65,83	0,08	
65,835	0,1	
65,84	0,11	
65,845	0,13	
65,85	0,15	
65,855	0,16	
65,86	0,19	
65,865	0,2	
65,87	0,22	
65,875	0,23	
65,88	0,24	
65,885	0,26	
65,89	0,27	
65,895	0,29	
65,9	0,3	
65,905	0,32	
65,91	0,33	
65,915	0,34	
65,92	0,36	
65,925	0,37	
65,93	0,38	
65,935	0,39	
65,94	0,41	
65,945	0,42	
65,95	0,44	
65,955	0,45	
65,96	0,46	
65,965	0,47	
65,97	0,48	
65,975	0,49	
65,98	0,5	
65,985	0,51	
65,99	0,52	
65,995	0,53	
66,0	0,54	
66,005	0,54	
66,01	0,55	
66,015	0,56	
66,02	0,57	
66,025	0,58	
66,03	0,58	
66,035	0,59	
66,04	0,6	
66,045	0,6	
66,05	0,61	
66,055	0,61	
66,06	0,62	
66,065	0,62	
66,07	0,62	
66,075	0,63	
66,08	0,63	
66,085	0,63	
66,09	0,63	
66,095	0,63	
66,1	0,63	
66,105	0,64	
66,11	0,63	
66,115	0,63	
66,12	0,63	
66,125	0,64	
66,13	0,63	
66,135	0,63	
66,14	0,63	
66,145	0,62	
66,15	0,62	
66,155	0,62	
66,16	0,62	
66,165	0,61	
66,17	0,61	
66,175	0,61	
66,18	0,59	
66,185	0,59	
66,19	0,59	
66,195	0,58	
66,2	0,57	
66,205	0,57	
66,21	0,56	
66,215	0,55	
66,22	0,54	
66,225	0,53	
66,23	0,52	
66,235	0,51	
66,24	0,51	
66,245	0,5	
66,25	0,49	
66,255	0,48	
66,26	0,47	
66,265	0,45	
66,27	0,44	
66,275	0,43	
66,28	0,42	
66,285	0,41	
66,29	0,4	
66,295	0,38	
66,3	0,38	
66,305	0,36	
66,31	0,34	
66,315	0,33	
66,32	0,31	
66,325	0,3	
66,33	0,29	
66,335	0,28	
66,34	0,27	
66,345	0,25	
66,35	0,23	
66,355	0,22	
66,36	0,2	
66,365	0,18	
66,37	0,16	
66,375	0,15	
66,38	0,13	
66,385	0,12	
66,39	0,1	
66,395	0,09	
66,4	0,08	
66,405	0,06	
66,41	0,05	
66,415	0,03	
66,42	0,02	
66,425	-0,01	
66,43	-0,02	
66,435	-0,04	
66,44	-0,05	
66,445	-0,06	
66,45	-0,08	
66,455	-0,09	
66,46	-0,11	
66,465	-0,12	
66,47	-0,14	
66,475	-0,15	
66,48	-0,17	
66,485	-0,18	
66,49	-0,2	
66,495	-0,21	
66,5	-0,23	
66,505	-0,25	
66,51	-0,26	
66,515	-0,28	
66,52	-0,29	
66,525	-0,3	
66,53	-0,32	
66,535	-0,33	
66,54	-0,34	
66,545	-0,35	
66,55	-0,37	
66,555	-0,38	
66,56	-0,39	
66,565	-0,4	
66,57	-0,41	
66,575	-0,42	
66,58	-0,42	
66,585	-0,44	
66,59	-0,45	
66,595	-0,46	
66,6	-0,47	
66,605	-0,48	
66,61	-0,49	
66,615	-0,5	
66,62	-0,51	
66,625	-0,51	
66,63	-0,52	
66,635	-0,53	
66,64	-0,53	
66,645	-0,54	
66,65	-0,55	
66,655	-0,56	
66,66	-0,56	
66,665	-0,56	
66,67	-0,57	
66,675	-0,58	
66,68	-0,58	
66,685	-0,58	
66,69	-0,59	
66,695	-0,59	
66,7	-0,59	
66,705	-0,59	
66,71	-0,59	
66,715	-0,59	
66,72	-0,59	
66,725	-0,6	
66,73	-0,6	
66,735	-0,6	
66,74	-0,6	
66,745	-0,6	
66,75	-0,59	
66,755	-0,59	
66,76	-0,59	
66,765	-0,59	
66,77	-0,58	
66,775	-0,58	
66,78	-0,57	
66,785	-0,57	
66,79	-0,57	
66,795	-0,56	
66,8	-0,56	
66,805	-0,55	
66,81	-0,55	
66,815	-0,54	
66,82	-0,53	
66,825	-0,53	
66,83	-0,52	
66,835	-0,51	
66,84	-0,5	
66,845	-0,49	
66,85	-0,49	
66,855	-0,48	
66,86	-0,47	
66,865	-0,46	
66,87	-0,45	
66,875	-0,44	
66,88	-0,43	
66,885	-0,42	
66,89	-0,42	
66,895	-0,4	
66,9	-0,39	
66,905	-0,38	
66,91	-0,37	
66,915	-0,36	
66,92	-0,34	
66,925	-0,33	
66,93	-0,32	
66,935	-0,3	
66,94	-0,29	
66,945	-0,28	
66,95	-0,27	
66,955	-0,25	
66,96	-0,24	
66,965	-0,23	
66,97	-0,21	
66,975	-0,2	
66,98	-0,18	
66,985	-0,17	
66,99	-0,15	
66,995	-0,14	
67,0	-0,13	
67,005	-0,12	
67,01	-0,1	
67,015	-0,09	
67,02	-0,07	
67,025	-0,06	
67,03	-0,04	
67,035	-0,03	
67,04	-0,02	
67,045	0	
67,05	0,01	
67,055	0,02	
67,06	0,04	
67,065	0,05	
67,07	0,07	
67,075	0,09	
67,08	0,1	
67,085	0,12	
67,09	0,13	
67,095	0,14	
67,1	0,16	
67,105	0,17	
67,11	0,18	
67,115	0,19	
67,12	0,2	
67,125	0,21	
67,13	0,23	
67,135	0,24	
67,14	0,25	
67,145	0,26	
67,15	0,27	
67,155	0,29	
67,16	0,3	
67,165	0,32	
67,17	0,33	
67,175	0,34	
67,18	0,35	
67,185	0,35	
67,19	0,36	
67,195	0,37	
67,2	0,38	
67,205	0,39	
67,21	0,4	
67,215	0,4	
67,22	0,41	
67,225	0,42	
67,23	0,43	
67,235	0,44	
67,24	0,45	
67,245	0,45	
67,25	0,46	
67,255	0,47	
67,26	0,47	
67,265	0,48	
67,27	0,48	
67,275	0,49	
67,28	0,49	
67,285	0,49	
67,29	0,5	
67,295	0,5	
67,3	0,51	
67,305	0,51	
67,31	0,51	
67,315	0,51	
67,32	0,52	
67,325	0,52	
67,33	0,52	
67,335	0,52	
67,34	0,52	
67,345	0,52	
67,35	0,52	
67,355	0,52	
67,36	0,52	
67,365	0,52	
67,37	0,53	
67,375	0,52	
67,38	0,52	
67,385	0,51	
67,39	0,51	
67,395	0,5	
67,4	0,5	
67,405	0,5	
67,41	0,49	
67,415	0,49	
67,42	0,48	
67,425	0,48	
67,43	0,47	
67,435	0,47	
67,44	0,46	
67,445	0,46	
67,45	0,45	
67,455	0,44	
67,46	0,44	
67,465	0,43	
67,47	0,42	
67,475	0,41	
67,48	0,41	
67,485	0,4	
67,49	0,39	
67,495	0,38	
67,5	0,38	
67,505	0,37	
67,51	0,36	
67,515	0,35	
67,52	0,34	
67,525	0,33	
67,53	0,32	
67,535	0,3	
67,54	0,29	
67,545	0,28	
67,55	0,27	
67,555	0,26	
67,56	0,25	
67,565	0,24	
67,57	0,23	
67,575	0,22	
67,58	0,2	
67,585	0,19	
67,59	0,18	
67,595	0,17	
67,6	0,16	
67,605	0,15	
67,61	0,14	
67,615	0,13	
67,62	0,11	
67,625	0,1	
67,63	0,09	
67,635	0,08	
67,64	0,06	
67,645	0,05	
67,65	0,04	
67,655	0,02	
67,66	0,01	
67,665	0	
67,67	-0,01	
67,675	-0,02	
67,68	-0,03	
67,685	-0,04	
67,69	-0,06	
67,695	-0,07	
67,7	-0,08	
67,705	-0,09	
67,71	-0,1	
67,715	-0,11	
67,72	-0,13	
67,725	-0,14	
67,73	-0,15	
67,735	-0,16	
67,74	-0,17	
67,745	-0,18	
67,75	-0,19	
67,755	-0,2	
67,76	-0,21	
67,765	-0,22	
67,77	-0,23	
67,775	-0,24	
67,78	-0,25	
67,785	-0,25	
67,79	-0,26	
67,795	-0,27	
67,8	-0,29	
67,805	-0,29	
67,81	-0,3	
67,815	-0,31	
67,82	-0,32	
67,825	-0,33	
67,83	-0,33	
67,835	-0,34	
67,84	-0,34	
67,845	-0,35	
67,85	-0,35	
67,855	-0,36	
67,86	-0,37	
67,865	-0,37	
67,87	-0,38	
67,875	-0,39	
67,88	-0,39	
67,885	-0,4	
67,89	-0,4	
67,895	-0,4	
67,9	-0,4	
67,905	-0,41	
67,91	-0,41	
67,915	-0,41	
67,92	-0,41	
67,925	-0,42	
67,93	-0,42	
67,935	-0,42	
67,94	-0,42	
67,945	-0,42	
67,95	-0,42	
67,955	-0,42	
67,96	-0,43	
67,965	-0,43	
67,97	-0,43	
67,975	-0,42	
67,98	-0,42	
67,985	-0,42	
67,99	-0,42	
67,995	-0,42	
68,0	-0,42	
68,005	-0,41	
68,01	-0,41	
68,015	-0,41	
68,02	-0,41	
68,025	-0,41	
68,03	-0,4	
68,035	-0,4	
68,04	-0,39	
68,045	-0,39	
68,05	-0,38	
68,055	-0,37	
68,06	-0,37	
68,065	-0,37	
68,07	-0,36	
68,075	-0,36	
68,08	-0,35	
68,085	-0,34	
68,09	-0,34	
68,095	-0,33	
68,1	-0,33	
68,105	-0,33	
68,11	-0,32	
68,115	-0,31	
68,12	-0,3	
68,125	-0,29	
68,13	-0,28	
68,135	-0,27	
68,14	-0,27	
68,145	-0,26	
68,15	-0,25	
68,155	-0,25	
68,16	-0,24	
68,165	-0,23	
68,17	-0,22	
68,175	-0,21	
68,18	-0,2	
68,185	-0,19	
68,19	-0,18	
68,195	-0,18	
68,2	-0,17	
68,205	-0,16	
68,21	-0,15	
68,215	-0,14	
68,22	-0,13	
68,225	-0,12	
68,23	-0,11	
68,235	-0,1	
68,24	-0,1	
68,245	-0,09	
68,25	-0,08	
68,255	-0,07	
68,26	-0,06	
68,265	-0,05	
68,27	-0,04	
68,275	-0,03	
68,28	-0,02	
68,285	-0,01	
68,29	0	
68,295	0,01	
68,3	0,02	
68,305	0,03	
68,31	0,04	
68,315	0,05	
68,32	0,05	
68,325	0,06	
68,33	0,07	
68,335	0,08	
68,34	0,09	
68,345	0,1	
68,35	0,1	
68,355	0,11	
68,36	0,12	
68,365	0,13	
68,37	0,14	
68,375	0,15	
68,38	0,15	
68,385	0,16	
68,39	0,17	
68,395	0,17	
68,4	0,18	
68,405	0,19	
68,41	0,19	
68,415	0,19	
68,42	0,2	
68,425	0,21	
68,43	0,21	
68,435	0,22	
68,44	0,22	
68,445	0,23	
68,45	0,23	
68,455	0,24	
68,46	0,24	
68,465	0,25	
68,47	0,25	
68,475	0,26	
68,48	0,26	
68,485	0,27	
68,49	0,27	
68,495	0,28	
68,5	0,28	
68,505	0,28	
68,51	0,28	
68,515	0,28	
68,52	0,28	
68,525	0,29	
68,53	0,29	
68,535	0,29	
68,54	0,29	
68,545	0,3	
68,55	0,3	
68,555	0,3	
68,56	0,3	
68,565	0,3	
68,57	0,3	
68,575	0,3	
68,58	0,3	
68,585	0,3	
68,59	0,3	
68,595	0,3	
68,6	0,3	
68,605	0,3	
68,61	0,29	
68,615	0,29	
68,62	0,29	
68,625	0,29	
68,63	0,29	
68,635	0,29	
68,64	0,28	
68,645	0,28	
68,65	0,28	
68,655	0,27	
68,66	0,27	
68,665	0,27	
68,67	0,26	
68,675	0,26	
68,68	0,26	
68,685	0,25	
68,69	0,25	
68,695	0,25	
68,7	0,24	
68,705	0,24	
68,71	0,23	
68,715	0,23	
68,72	0,23	
68,725	0,22	
68,73	0,22	
68,735	0,21	
68,74	0,21	
68,745	0,2	
68,75	0,2	
68,755	0,19	
68,76	0,19	
68,765	0,19	
68,77	0,18	
68,775	0,18	
68,78	0,17	
68,785	0,16	
68,79	0,16	
68,795	0,15	
68,8	0,14	
68,805	0,14	
68,81	0,13	
68,815	0,13	
68,82	0,12	
68,825	0,11	
68,83	0,11	
68,835	0,1	
68,84	0,09	
68,845	0,08	
68,85	0,07	
68,855	0,07	
68,86	0,07	
68,865	0,06	
68,87	0,06	
68,875	0,06	
68,88	0,05	
68,885	0,04	
68,89	0,03	
68,895	0,03	
68,9	0,02	
68,905	0,01	
68,91	0,01	
68,915	0,01	
68,92	0,01	
68,925	0	
68,93	0	
68,935	-0,01	
68,94	-0,01	
68,945	-0,02	
68,95	-0,03	
68,955	-0,03	
68,96	-0,04	
68,965	-0,05	
68,97	-0,05	
68,975	-0,06	
68,98	-0,06	
68,985	-0,07	
68,99	-0,07	
68,995	-0,07	
69,0	-0,08	
69,005	-0,08	
69,01	-0,09	
69,015	-0,09	
69,02	-0,1	
69,025	-0,1	
69,03	-0,11	
69,035	-0,11	
69,04	-0,11	
69,045	-0,11	
69,05	-0,12	
69,055	-0,12	
69,06	-0,12	
69,065	-0,13	
69,07	-0,13	
69,075	-0,13	
69,08	-0,14	
69,085	-0,14	
69,09	-0,14	
69,095	-0,14	
69,1	-0,14	
69,105	-0,14	
69,11	-0,14	
69,115	-0,15	
69,12	-0,15	
69,125	-0,15	
69,13	-0,15	
69,135	-0,15	
69,14	-0,15	
69,145	-0,15	
69,15	-0,15	
69,155	-0,16	
69,16	-0,16	
69,165	-0,16	
69,17	-0,16	
69,175	-0,16	
69,18	-0,17	
69,185	-0,16	
69,19	-0,16	
69,195	-0,16	
69,2	-0,16	
69,205	-0,15	
69,21	-0,16	
69,215	-0,16	
69,22	-0,16	
69,225	-0,16	
69,23	-0,16	
69,235	-0,16	
69,24	-0,16	
69,245	-0,16	
69,25	-0,16	
69,255	-0,15	
69,26	-0,15	
69,265	-0,15	
69,27	-0,15	
69,275	-0,15	
69,28	-0,15	
69,285	-0,14	
69,29	-0,15	
69,295	-0,14	
69,3	-0,14	
69,305	-0,13	
69,31	-0,13	
69,315	-0,13	
69,32	-0,13	
69,325	-0,13	
69,33	-0,13	
69,335	-0,13	
69,34	-0,13	
69,345	-0,12	
69,35	-0,12	
69,355	-0,11	
69,36	-0,11	
69,365	-0,11	
69,37	-0,1	
69,375	-0,1	
69,38	-0,11	
69,385	-0,1	
69,39	-0,1	
69,395	-0,1	
69,4	-0,1	
69,405	-0,09	
69,41	-0,08	
69,415	-0,08	
69,42	-0,08	
69,425	-0,08	
69,43	-0,07	
69,435	-0,07	
69,44	-0,07	
69,445	-0,07	
69,45	-0,07	
69,455	-0,06	
69,46	-0,06	
69,465	-0,06	
69,47	-0,06	
69,475	-0,05	
69,48	-0,05	
69,485	-0,05	
69,49	-0,05	
69,495	-0,04	
69,5	-0,04	
69,505	-0,04	
69,51	-0,03	
69,515	-0,03	
69,52	-0,03	
69,525	-0,03	
69,53	-0,03	
69,535	-0,03	
69,54	-0,03	
69,545	-0,02	
69,55	-0,02	
69,555	-0,02	
69,56	-0,02	
69,565	-0,02	
69,57	-0,02	
69,575	-0,01	
69,58	-0,01	
69,585	-0,01	
69,59	0	
69,595	0	
69,6	0	
69,605	0	
69,61	0	
69,615	0	
69,62	0	
69,625	0	
69,63	0	
69,635	0	
69,64	0,01	
69,645	0,01	
69,65	0,01	
69,655	0,01	
69,66	0,01	
69,665	0,01	
69,67	0,01	
69,675	0,01	
69,68	0,01	
69,685	0,02	
69,69	0,02	
69,695	0,02	
69,7	0,02	
69,705	0,02	
69,71	0,02	
69,715	0,01	
69,72	0,02	
69,725	0,02	
69,73	0,02	
69,735	0,02	
69,74	0,02	
69,745	0,02	
69,75	0,02	
69,755	0,02	
69,76	0,01	
69,765	0,01	
69,77	0,01	
69,775	0,01	
69,78	0,02	
69,785	0,02	
69,79	0,02	
69,795	0,02	
69,8	0,02	
69,805	0,02	
69,81	0,02	
69,815	0,01	
69,82	0,01	
69,825	0,02	
69,83	0,02	
69,835	0,02	
69,84	0,02	
69,845	0,02	
69,85	0,02	
69,855	0,01	
69,86	0,01	
69,865	0,01	
69,87	0	
69,875	0	
69,88	0,01	
69,885	0,01	
69,89	0,01	
69,895	0,02	
69,9	0,01	
69,905	0,01	
69,91	0,01	
69,915	0,01	
69,92	0,01	
69,925	0,01	
69,93	0,01	
69,935	0,01	
69,94	0,01	
69,945	0,01	
69,95	0,01	
69,955	0,01	
69,96	0,01	
69,965	0,01	
69,97	0,01	
69,975	0,01	
69,98	0,01	
69,985	0,01	
69,99	0,01	
69,995	0,02	
70,0	0,01	
70,005	0,02	
70,01	0,02	
70,015	0,02	
70,02	0,02	
70,025	0,02	
70,03	0,02	
70,035	0,02	
70,04	0,02	
70,045	0,02	
70,05	0,02	
70,055	0,02	
70,06	0,02	
70,065	0,02	
70,07	0,02	
70,075	0,02	
70,08	0,02	
70,085	0,03	
70,09	0,03	
70,095	0,03	
70,1	0,03	
70,105	0,03	
70,11	0,03	
70,115	0,03	
70,12	0,04	
70,125	0,04	
70,13	0,04	
70,135	0,04	
70,14	0,04	
70,145	0,04	
70,15	0,04	
70,155	0,04	
70,16	0,04	
70,165	0,05	
70,17	0,05	
70,175	0,05	
70,18	0,05	
70,185	0,06	
70,19	0,06	
70,195	0,06	
70,2	0,06	
70,205	0,06	
70,21	0,06	
70,215	0,07	
70,22	0,07	
70,225	0,08	
70,23	0,09	
70,235	0,08	
70,24	0,09	
70,245	0,08	
70,25	0,08	
70,255	0,08	
70,26	0,08	
70,265	0,09	
70,27	0,09	
70,275	0,09	
70,28	0,1	
70,285	0,1	
70,29	0,1	
70,295	0,1	
70,3	0,1	
70,305	0,1	
70,31	0,1	
70,315	0,11	
70,32	0,11	
70,325	0,12	
70,33	0,12	
70,335	0,12	
70,34	0,12	
70,345	0,12	
70,35	0,12	
70,355	0,12	
70,36	0,12	
70,365	0,13	
70,37	0,13	
70,375	0,13	
70,38	0,13	
70,385	0,13	
70,39	0,13	
70,395	0,13	
70,4	0,13	
70,405	0,13	
70,41	0,13	
70,415	0,14	
70,42	0,14	
70,425	0,13	
70,43	0,13	
70,435	0,14	
70,44	0,13	
70,445	0,13	
70,45	0,13	
70,455	0,13	
70,46	0,13	
70,465	0,13	
70,47	0,13	
70,475	0,13	
70,48	0,13	
70,485	0,13	
70,49	0,13	
70,495	0,13	
70,5	0,13	
70,505	0,13	
70,51	0,13	
70,515	0,13	
70,52	0,12	
70,525	0,12	
70,53	0,12	
70,535	0,12	
70,54	0,12	
70,545	0,11	
70,55	0,11	
70,555	0,11	
70,56	0,1	
70,565	0,1	
70,57	0,1	
70,575	0,09	
70,58	0,09	
70,585	0,09	
70,59	0,09	
70,595	0,09	
70,6	0,09	
70,605	0,09	
70,61	0,09	
70,615	0,09	
70,62	0,08	
70,625	0,07	
70,63	0,07	
70,635	0,06	
70,64	0,06	
70,645	0,06	
70,65	0,05	
70,655	0,05	
70,66	0,05	
70,665	0,04	
70,67	0,04	
70,675	0,03	
70,68	0,03	
70,685	0,02	
70,69	0,01	
70,695	0,01	
70,7	0,01	
70,705	0	
70,71	0	
70,715	-0,01	
70,72	-0,02	
70,725	-0,02	
70,73	-0,03	
70,735	-0,03	
70,74	-0,04	
70,745	-0,04	
70,75	-0,04	
70,755	-0,05	
70,76	-0,05	
70,765	-0,06	
70,77	-0,07	
70,775	-0,07	
70,78	-0,08	
70,785	-0,08	
70,79	-0,09	
70,795	-0,1	
70,8	-0,1	
70,805	-0,1	
70,81	-0,11	
70,815	-0,11	
70,82	-0,11	
70,825	-0,12	
70,83	-0,13	
70,835	-0,13	
70,84	-0,14	
70,845	-0,15	
70,85	-0,15	
70,855	-0,15	
70,86	-0,16	
70,865	-0,16	
70,87	-0,17	
70,875	-0,17	
70,88	-0,18	
70,885	-0,19	
70,89	-0,19	
70,895	-0,19	
70,9	-0,2	
70,905	-0,2	
70,91	-0,2	
70,915	-0,2	
70,92	-0,21	
70,925	-0,21	
70,93	-0,22	
70,935	-0,23	
70,94	-0,23	
70,945	-0,23	
70,95	-0,23	
70,955	-0,24	
70,96	-0,24	
70,965	-0,24	
70,97	-0,24	
70,975	-0,25	
70,98	-0,25	
70,985	-0,25	
70,99	-0,26	
70,995	-0,26	
71,0	-0,26	
71,005	-0,27	
71,01	-0,27	
71,015	-0,27	
71,02	-0,27	
71,025	-0,27	
71,03	-0,27	
71,035	-0,27	
71,04	-0,27	
71,045	-0,27	
71,05	-0,27	
71,055	-0,27	
71,06	-0,27	
71,065	-0,27	
71,07	-0,27	
71,075	-0,27	
71,08	-0,27	
71,085	-0,27	
71,09	-0,26	
71,095	-0,26	
71,1	-0,26	
71,105	-0,26	
71,11	-0,26	
71,115	-0,26	
71,12	-0,26	
71,125	-0,26	
71,13	-0,25	
71,135	-0,25	
71,14	-0,24	
71,145	-0,24	
71,15	-0,24	
71,155	-0,24	
71,16	-0,23	
71,165	-0,23	
71,17	-0,23	
71,175	-0,22	
71,18	-0,21	
71,185	-0,21	
71,19	-0,2	
71,195	-0,2	
71,2	-0,19	
71,205	-0,19	
71,21	-0,18	
71,215	-0,18	
71,22	-0,17	
71,225	-0,16	
71,23	-0,16	
71,235	-0,15	
71,24	-0,15	
71,245	-0,14	
71,25	-0,14	
71,255	-0,13	
71,26	-0,13	
71,265	-0,12	
71,27	-0,11	
71,275	-0,1	
71,28	-0,09	
71,285	-0,08	
71,29	-0,07	
71,295	-0,07	
71,3	-0,06	
71,305	-0,06	
71,31	-0,05	
71,315	-0,04	
71,32	-0,03	
71,325	-0,03	
71,33	-0,02	
71,335	-0,01	
71,34	0	
71,345	0,01	
71,35	0,01	
71,355	0,03	
71,36	0,03	
71,365	0,04	
71,37	0,05	
71,375	0,05	
71,38	0,07	
71,385	0,08	
71,39	0,09	
71,395	0,1	
71,4	0,11	
71,405	0,12	
71,41	0,12	
71,415	0,13	
71,42	0,13	
71,425	0,14	
71,43	0,15	
71,435	0,17	
71,44	0,18	
71,445	0,18	
71,45	0,19	
71,455	0,2	
71,46	0,2	
71,465	0,21	
71,47	0,21	
71,475	0,22	
71,48	0,23	
71,485	0,24	
71,49	0,24	
71,495	0,26	
71,5	0,26	
71,505	0,27	
71,51	0,28	
71,515	0,28	
71,52	0,28	
71,525	0,29	
71,53	0,29	
71,535	0,3	
71,54	0,31	
71,545	0,32	
71,55	0,32	
71,555	0,33	
71,56	0,34	
71,565	0,34	
71,57	0,35	
71,575	0,35	
71,58	0,35	
71,585	0,35	
71,59	0,36	
71,595	0,36	
71,6	0,37	
71,605	0,37	
71,61	0,37	
71,615	0,38	
71,62	0,38	
71,625	0,38	
71,63	0,38	
71,635	0,38	
71,64	0,38	
71,645	0,39	
71,65	0,39	
71,655	0,39	
71,66	0,4	
71,665	0,4	
71,67	0,39	
71,675	0,39	
71,68	0,39	
71,685	0,39	
71,69	0,39	
71,695	0,39	
71,7	0,39	
71,705	0,39	
71,71	0,39	
71,715	0,39	
71,72	0,39	
71,725	0,38	
71,73	0,38	
71,735	0,37	
71,74	0,36	
71,745	0,36	
71,75	0,35	
71,755	0,35	
71,76	0,34	
71,765	0,34	
71,77	0,34	
71,775	0,33	
71,78	0,33	
71,785	0,32	
71,79	0,32	
71,795	0,31	
71,8	0,31	
71,805	0,3	
71,81	0,29	
71,815	0,29	
71,82	0,28	
71,825	0,27	
71,83	0,26	
71,835	0,26	
71,84	0,25	
71,845	0,24	
71,85	0,23	
71,855	0,22	
71,86	0,21	
71,865	0,21	
71,87	0,2	
71,875	0,19	
71,88	0,18	
71,885	0,17	
71,89	0,16	
71,895	0,15	
71,9	0,14	
71,905	0,13	
71,91	0,12	
71,915	0,11	
71,92	0,09	
71,925	0,08	
71,93	0,07	
71,935	0,06	
71,94	0,06	
71,945	0,05	
71,95	0,04	
71,955	0,02	
71,96	0,01	
71,965	0	
71,97	-0,01	
71,975	-0,02	
71,98	-0,03	
71,985	-0,04	
71,99	-0,05	
71,995	-0,06	
72,0	-0,07	
72,005	-0,1	
72,01	-0,11	
72,015	-0,12	
72,02	-0,13	
72,025	-0,14	
72,03	-0,15	
72,035	-0,16	
72,04	-0,17	
72,045	-0,18	
72,05	-0,19	
72,055	-0,21	
72,06	-0,22	
72,065	-0,23	
72,07	-0,24	
72,075	-0,25	
72,08	-0,25	
72,085	-0,27	
72,09	-0,28	
72,095	-0,29	
72,1	-0,3	
72,105	-0,32	
72,11	-0,33	
72,115	-0,33	
72,12	-0,34	
72,125	-0,35	
72,13	-0,35	
72,135	-0,35	
72,14	-0,36	
72,145	-0,37	
72,15	-0,38	
72,155	-0,39	
72,16	-0,4	
72,165	-0,41	
72,17	-0,41	
72,175	-0,42	
72,18	-0,42	
72,185	-0,43	
72,19	-0,43	
72,195	-0,44	
72,2	-0,45	
72,205	-0,45	
72,21	-0,46	
72,215	-0,46	
72,22	-0,47	
72,225	-0,47	
72,23	-0,47	
72,235	-0,48	
72,24	-0,48	
72,245	-0,48	
72,25	-0,49	
72,255	-0,49	
72,26	-0,49	
72,265	-0,49	
72,27	-0,49	
72,275	-0,49	
72,28	-0,49	
72,285	-0,49	
72,29	-0,49	
72,295	-0,5	
72,3	-0,5	
72,305	-0,5	
72,31	-0,5	
72,315	-0,49	
72,32	-0,49	
72,325	-0,48	
72,33	-0,48	
72,335	-0,48	
72,34	-0,47	
72,345	-0,47	
72,35	-0,47	
72,355	-0,47	
72,36	-0,46	
72,365	-0,46	
72,37	-0,45	
72,375	-0,44	
72,38	-0,44	
72,385	-0,43	
72,39	-0,43	
72,395	-0,42	
72,4	-0,42	
72,405	-0,41	
72,41	-0,4	
72,415	-0,39	
72,42	-0,38	
72,425	-0,37	
72,43	-0,36	
72,435	-0,35	
72,44	-0,35	
72,445	-0,34	
72,45	-0,33	
72,455	-0,32	
72,46	-0,31	
72,465	-0,3	
72,47	-0,29	
72,475	-0,27	
72,48	-0,26	
72,485	-0,25	
72,49	-0,24	
72,495	-0,23	
72,5	-0,22	
72,505	-0,21	
72,51	-0,2	
72,515	-0,18	
72,52	-0,17	
72,525	-0,16	
72,53	-0,15	
72,535	-0,13	
72,54	-0,13	
72,545	-0,12	
72,55	-0,1	
72,555	-0,09	
72,56	-0,08	
72,565	-0,06	
72,57	-0,04	
72,575	-0,02	
72,58	-0,01	
72,585	0	
72,59	0,02	
72,595	0,03	
72,6	0,03	
72,605	0,04	
72,61	0,06	
72,615	0,07	
72,62	0,09	
72,625	0,1	
72,63	0,12	
72,635	0,14	
72,64	0,15	
72,645	0,16	
72,65	0,17	
72,655	0,19	
72,66	0,2	
72,665	0,21	
72,67	0,23	
72,675	0,24	
72,68	0,25	
72,685	0,26	
72,69	0,28	
72,695	0,29	
72,7	0,3	
72,705	0,31	
72,71	0,32	
72,715	0,33	
72,72	0,34	
72,725	0,35	
72,73	0,37	
72,735	0,38	
72,74	0,39	
72,745	0,4	
72,75	0,41	
72,755	0,42	
72,76	0,43	
72,765	0,44	
72,77	0,45	
72,775	0,46	
72,78	0,46	
72,785	0,47	
72,79	0,48	
72,795	0,48	
72,8	0,49	
72,805	0,5	
72,81	0,51	
72,815	0,52	
72,82	0,52	
72,825	0,53	
72,83	0,53	
72,835	0,53	
72,84	0,53	
72,845	0,54	
72,85	0,54	
72,855	0,55	
72,86	0,56	
72,865	0,56	
72,87	0,57	
72,875	0,57	
72,88	0,57	
72,885	0,56	
72,89	0,56	
72,895	0,56	
72,9	0,57	
72,905	0,57	
72,91	0,57	
72,915	0,57	
72,92	0,57	
72,925	0,56	
72,93	0,56	
72,935	0,55	
72,94	0,55	
72,945	0,55	
72,95	0,55	
72,955	0,55	
72,96	0,55	
72,965	0,55	
72,97	0,54	
72,975	0,53	
72,98	0,52	
72,985	0,51	
72,99	0,51	
72,995	0,51	
73,0	0,5	
73,005	0,5	
73,01	0,49	
73,015	0,48	
73,02	0,47	
73,025	0,46	
73,03	0,45	
73,035	0,44	
73,04	0,43	
73,045	0,42	
73,05	0,42	
73,055	0,4	
73,06	0,39	
73,065	0,39	
73,07	0,37	
73,075	0,36	
73,08	0,35	
73,085	0,34	
73,09	0,32	
73,095	0,31	
73,1	0,3	
73,105	0,29	
73,11	0,28	
73,115	0,26	
73,12	0,25	
73,125	0,23	
73,13	0,22	
73,135	0,2	
73,14	0,19	
73,145	0,18	
73,15	0,16	
73,155	0,15	
73,16	0,14	
73,165	0,12	
73,17	0,1	
73,175	0,09	
73,18	0,08	
73,185	0,06	
73,19	0,05	
73,195	0,04	
73,2	0,03	
73,205	0,01	
73,21	-0,01	
73,215	-0,03	
73,22	-0,05	
73,225	-0,06	
73,23	-0,07	
73,235	-0,09	
73,24	-0,1	
73,245	-0,12	
73,25	-0,13	
73,255	-0,15	
73,26	-0,17	
73,265	-0,18	
73,27	-0,19	
73,275	-0,21	
73,28	-0,22	
73,285	-0,23	
73,29	-0,24	
73,295	-0,26	
73,3	-0,27	
73,305	-0,29	
73,31	-0,31	
73,315	-0,32	
73,32	-0,33	
73,325	-0,34	
73,33	-0,35	
73,335	-0,36	
73,34	-0,37	
73,345	-0,38	
73,35	-0,4	
73,355	-0,41	
73,36	-0,43	
73,365	-0,44	
73,37	-0,45	
73,375	-0,46	
73,38	-0,47	
73,385	-0,47	
73,39	-0,48	
73,395	-0,49	
73,4	-0,5	
73,405	-0,51	
73,41	-0,52	
73,415	-0,53	
73,42	-0,54	
73,425	-0,55	
73,43	-0,55	
73,435	-0,56	
73,44	-0,56	
73,445	-0,56	
73,45	-0,56	
73,455	-0,57	
73,46	-0,58	
73,465	-0,59	
73,47	-0,6	
73,475	-0,6	
73,48	-0,6	
73,485	-0,6	
73,49	-0,6	
73,495	-0,6	
73,5	-0,6	
73,505	-0,6	
73,51	-0,61	
73,515	-0,61	
73,52	-0,62	
73,525	-0,62	
73,53	-0,61	
73,535	-0,61	
73,54	-0,6	
73,545	-0,6	
73,55	-0,6	
73,555	-0,6	
73,56	-0,6	
73,565	-0,6	
73,57	-0,59	
73,575	-0,59	
73,58	-0,58	
73,585	-0,58	
73,59	-0,57	
73,595	-0,57	
73,6	-0,56	
73,605	-0,55	
73,61	-0,55	
73,615	-0,55	
73,62	-0,53	
73,625	-0,53	
73,63	-0,52	
73,635	-0,5	
73,64	-0,5	
73,645	-0,49	
73,65	-0,48	
73,655	-0,47	
73,66	-0,46	
73,665	-0,45	
73,67	-0,44	
73,675	-0,43	
73,68	-0,42	
73,685	-0,41	
73,69	-0,4	
73,695	-0,38	
73,7	-0,37	
73,705	-0,36	
73,71	-0,34	
73,715	-0,33	
73,72	-0,31	
73,725	-0,3	
73,73	-0,29	
73,735	-0,27	
73,74	-0,26	
73,745	-0,25	
73,75	-0,24	
73,755	-0,22	
73,76	-0,21	
73,765	-0,19	
73,77	-0,18	
73,775	-0,16	
73,78	-0,14	
73,785	-0,12	
73,79	-0,1	
73,795	-0,09	
73,8	-0,08	
73,805	-0,06	
73,81	-0,05	
73,815	-0,03	
73,82	-0,02	
73,825	0	
73,83	0,02	
73,835	0,03	
73,84	0,04	
73,845	0,05	
73,85	0,07	
73,855	0,08	
73,86	0,1	
73,865	0,12	
73,87	0,14	
73,875	0,16	
73,88	0,17	
73,885	0,18	
73,89	0,2	
73,895	0,21	
73,9	0,22	
73,905	0,24	
73,91	0,25	
73,915	0,27	
73,92	0,29	
73,925	0,3	
73,93	0,32	
73,935	0,33	
73,94	0,34	
73,945	0,36	
73,95	0,37	
73,955	0,38	
73,96	0,39	
73,965	0,4	
73,97	0,42	
73,975	0,43	
73,98	0,44	
73,985	0,46	
73,99	0,47	
73,995	0,47	
74,0	0,48	
74,005	0,49	
74,01	0,5	
74,015	0,5	
74,02	0,52	
74,025	0,53	
74,03	0,54	
74,035	0,55	
74,04	0,56	
74,045	0,56	
74,05	0,56	
74,055	0,57	
74,06	0,57	
74,065	0,58	
74,07	0,59	
74,075	0,6	
74,08	0,6	
74,085	0,6	
74,09	0,6	
74,095	0,61	
74,1	0,6	
74,105	0,61	
74,11	0,61	
74,115	0,61	
74,12	0,62	
74,125	0,62	
74,13	0,62	
74,135	0,62	
74,14	0,62	
74,145	0,62	
74,15	0,62	
74,155	0,62	
74,16	0,62	
74,165	0,61	
74,17	0,61	
74,175	0,61	
74,18	0,61	
74,185	0,6	
74,19	0,6	
74,195	0,59	
74,2	0,58	
74,205	0,58	
74,21	0,58	
74,215	0,57	
74,22	0,57	
74,225	0,56	
74,23	0,56	
74,235	0,55	
74,24	0,54	
74,245	0,53	
74,25	0,52	
74,255	0,51	
74,26	0,5	
74,265	0,49	
74,27	0,49	
74,275	0,47	
74,28	0,46	
74,285	0,45	
74,29	0,44	
74,295	0,42	
74,3	0,41	
74,305	0,4	
74,31	0,4	
74,315	0,39	
74,32	0,38	
74,325	0,37	
74,33	0,35	
74,335	0,33	
74,34	0,32	
74,345	0,3	
74,35	0,28	
74,355	0,27	
74,36	0,26	
74,365	0,25	
74,37	0,24	
74,375	0,22	
74,38	0,21	
74,385	0,19	
74,39	0,17	
74,395	0,15	
74,4	0,14	
74,405	0,13	
74,41	0,11	
74,415	0,1	
74,42	0,09	
74,425	0,07	
74,43	0,04	
74,435	0,03	
74,44	0,01	
74,445	-0,01	
74,45	-0,02	
74,455	-0,03	
74,46	-0,04	
74,465	-0,05	
74,47	-0,07	
74,475	-0,08	
74,48	-0,1	
74,485	-0,12	
74,49	-0,14	
74,495	-0,15	
74,5	-0,16	
74,505	-0,18	
74,51	-0,19	
74,515	-0,21	
74,52	-0,22	
74,525	-0,24	
74,53	-0,26	
74,535	-0,27	
74,54	-0,29	
74,545	-0,3	
74,55	-0,31	
74,555	-0,31	
74,56	-0,32	
74,565	-0,34	
74,57	-0,35	
74,575	-0,36	
74,58	-0,38	
74,585	-0,39	
74,59	-0,41	
74,595	-0,42	
74,6	-0,43	
74,605	-0,44	
74,61	-0,45	
74,615	-0,46	
74,62	-0,47	
74,625	-0,48	
74,63	-0,49	
74,635	-0,49	
74,64	-0,49	
74,645	-0,5	
74,65	-0,51	
74,655	-0,52	
74,66	-0,53	
74,665	-0,54	
74,67	-0,55	
74,675	-0,56	
74,68	-0,56	
74,685	-0,56	
74,69	-0,57	
74,695	-0,57	
74,7	-0,57	
74,705	-0,58	
74,71	-0,58	
74,715	-0,58	
74,72	-0,59	
74,725	-0,6	
74,73	-0,6	
74,735	-0,6	
74,74	-0,6	
74,745	-0,6	
74,75	-0,6	
74,755	-0,59	
74,76	-0,6	
74,765	-0,6	
74,77	-0,6	
74,775	-0,6	
74,78	-0,59	
74,785	-0,59	
74,79	-0,58	
74,795	-0,58	
74,8	-0,57	
74,805	-0,57	
74,81	-0,57	
74,815	-0,57	
74,82	-0,57	
74,825	-0,56	
74,83	-0,56	
74,835	-0,55	
74,84	-0,54	
74,845	-0,53	
74,85	-0,52	
74,855	-0,52	
74,86	-0,51	
74,865	-0,51	
74,87	-0,5	
74,875	-0,49	
74,88	-0,48	
74,885	-0,47	
74,89	-0,45	
74,895	-0,44	
74,9	-0,44	
74,905	-0,43	
74,91	-0,42	
74,915	-0,4	
74,92	-0,4	
74,925	-0,39	
74,93	-0,38	
74,935	-0,36	
74,94	-0,35	
74,945	-0,34	
74,95	-0,33	
74,955	-0,31	
74,96	-0,3	
74,965	-0,29	
74,97	-0,28	
74,975	-0,26	
74,98	-0,25	
74,985	-0,24	
74,99	-0,22	
74,995	-0,2	
75,0	-0,19	
75,005	-0,17	
75,01	-0,16	
75,015	-0,15	
75,02	-0,13	
75,025	-0,12	
75,03	-0,11	
75,035	-0,09	
75,04	-0,08	
75,045	-0,07	
75,05	-0,05	
75,055	-0,04	
75,06	-0,02	
75,065	-0,01	
75,07	0	
75,075	0,03	
75,08	0,04	
75,085	0,06	
75,09	0,07	
75,095	0,08	
75,1	0,1	
75,105	0,11	
75,11	0,12	
75,115	0,14	
75,12	0,15	
75,125	0,17	
75,13	0,18	
75,135	0,19	
75,14	0,2	
75,145	0,21	
75,15	0,22	
75,155	0,25	
75,16	0,26	
75,165	0,27	
75,17	0,29	
75,175	0,29	
75,18	0,31	
75,185	0,32	
75,19	0,33	
75,195	0,34	
75,2	0,35	
75,205	0,36	
75,21	0,37	
75,215	0,38	
75,22	0,39	
75,225	0,4	
75,23	0,41	
75,235	0,42	
75,24	0,42	
75,245	0,43	
75,25	0,44	
75,255	0,46	
75,26	0,47	
75,265	0,47	
75,27	0,48	
75,275	0,49	
75,28	0,49	
75,285	0,49	
75,29	0,49	
75,295	0,5	
75,3	0,5	
75,305	0,51	
75,31	0,51	
75,315	0,53	
75,32	0,54	
75,325	0,54	
75,33	0,54	
75,335	0,54	
75,34	0,53	
75,345	0,53	
75,35	0,53	
75,355	0,54	
75,36	0,54	
75,365	0,55	
75,37	0,55	
75,375	0,55	
75,38	0,55	
75,385	0,54	
75,39	0,54	
75,395	0,53	
75,4	0,52	
75,405	0,53	
75,41	0,53	
75,415	0,53	
75,42	0,53	
75,425	0,53	
75,43	0,52	
75,435	0,51	
75,44	0,5	
75,445	0,5	
75,45	0,49	
75,455	0,49	
75,46	0,49	
75,465	0,49	
75,47	0,48	
75,475	0,47	
75,48	0,46	
75,485	0,45	
75,49	0,44	
75,495	0,43	
75,5	0,42	
75,505	0,42	
75,51	0,41	
75,515	0,41	
75,52	0,4	
75,525	0,39	
75,53	0,38	
75,535	0,37	
75,54	0,35	
75,545	0,34	
75,55	0,33	
75,555	0,33	
75,56	0,31	
75,565	0,3	
75,57	0,29	
75,575	0,28	
75,58	0,26	
75,585	0,24	
75,59	0,23	
75,595	0,22	
75,6	0,21	
75,605	0,21	
75,61	0,2	
75,615	0,19	
75,62	0,18	
75,625	0,16	
75,63	0,15	
75,635	0,13	
75,64	0,11	
75,645	0,1	
75,65	0,09	
75,655	0,09	
75,66	0,07	
75,665	0,06	
75,67	0,04	
75,675	0,03	
75,68	0,01	
75,685	0	
75,69	-0,01	
75,695	-0,02	
75,7	-0,02	
75,705	-0,03	
75,71	-0,05	
75,715	-0,06	
75,72	-0,05	
75,725	-0,1	
75,73	-0,12	
75,735	-0,13	
75,74	-0,14	
75,745	-0,14	
75,75	-0,15	
75,755	-0,15	
75,76	-0,16	
75,765	-0,18	
75,77	-0,19	
75,775	-0,21	
75,78	-0,22	
75,785	-0,23	
75,79	-0,25	
75,795	-0,25	
75,8	-0,25	
75,805	-0,27	
75,81	-0,28	
75,815	-0,29	
75,82	-0,3	
75,825	-0,32	
75,83	-0,33	
75,835	-0,34	
75,84	-0,34	
75,845	-0,35	
75,85	-0,35	
75,855	-0,35	
75,86	-0,36	
75,865	-0,37	
75,87	-0,38	
75,875	-0,39	
75,88	-0,4	
75,885	-0,41	
75,89	-0,41	
75,895	-0,41	
75,9	-0,41	
75,905	-0,41	
75,91	-0,42	
75,915	-0,43	
75,92	-0,44	
75,925	-0,45	
75,93	-0,45	
75,935	-0,45	
75,94	-0,45	
75,945	-0,45	
75,95	-0,44	
75,955	-0,44	
75,96	-0,45	
75,965	-0,45	
75,97	-0,46	
75,975	-0,46	
75,98	-0,46	
75,985	-0,46	
75,99	-0,46	
75,995	-0,46	
76,0	-0,45	
76,005	-0,45	
76,01	-0,45	
76,015	-0,46	
76,02	-0,45	
76,025	-0,45	
76,03	-0,45	
76,035	-0,44	
76,04	-0,44	
76,045	-0,43	
76,05	-0,43	
76,055	-0,43	
76,06	-0,43	
76,065	-0,43	
76,07	-0,42	
76,075	-0,42	
76,08	-0,41	
76,085	-0,4	
76,09	-0,39	
76,095	-0,38	
76,1	-0,37	
76,105	-0,37	
76,11	-0,37	
76,115	-0,37	
76,12	-0,36	
76,125	-0,36	
76,13	-0,35	
76,135	-0,33	
76,14	-0,32	
76,145	-0,31	
76,15	-0,31	
76,155	-0,3	
76,16	-0,3	
76,165	-0,29	
76,17	-0,29	
76,175	-0,28	
76,18	-0,27	
76,185	-0,25	
76,19	-0,24	
76,195	-0,22	
76,2	-0,21	
76,205	-0,21	
76,21	-0,2	
76,215	-0,2	
76,22	-0,19	
76,225	-0,18	
76,23	-0,17	
76,235	-0,15	
76,24	-0,14	
76,245	-0,13	
76,25	-0,12	
76,255	-0,11	
76,26	-0,11	
76,265	-0,1	
76,27	-0,09	
76,275	-0,08	
76,28	-0,06	
76,285	-0,05	
76,29	-0,03	
76,295	-0,02	
76,3	-0,01	
76,305	0	
76,31	0	
76,315	0,01	
76,32	0,02	
76,325	0,03	
76,33	0,04	
76,335	0,06	
76,34	0,07	
76,345	0,08	
76,35	0,08	
76,355	0,09	
76,36	0,09	
76,365	0,1	
76,37	0,12	
76,375	0,13	
76,38	0,14	
76,385	0,15	
76,39	0,16	
76,395	0,17	
76,4	0,18	
76,405	0,18	
76,41	0,18	
76,415	0,19	
76,42	0,2	
76,425	0,21	
76,43	0,22	
76,435	0,23	
76,44	0,24	
76,445	0,24	
76,45	0,25	
76,455	0,25	
76,46	0,26	
76,465	0,26	
76,47	0,27	
76,475	0,28	
76,48	0,29	
76,485	0,29	
76,49	0,3	
76,495	0,3	
76,5	0,3	
76,505	0,3	
76,51	0,31	
76,515	0,31	
76,52	0,32	
76,525	0,32	
76,53	0,33	
76,535	0,33	
76,54	0,34	
76,545	0,34	
76,55	0,33	
76,555	0,33	
76,56	0,34	
76,565	0,34	
76,57	0,35	
76,575	0,35	
76,58	0,35	
76,585	0,35	
76,59	0,35	
76,595	0,35	
76,6	0,34	
76,605	0,34	
76,61	0,35	
76,615	0,35	
76,62	0,35	
76,625	0,36	
76,63	0,35	
76,635	0,35	
76,64	0,34	
76,645	0,34	
76,65	0,33	
76,655	0,33	
76,66	0,33	
76,665	0,33	
76,67	0,33	
76,675	0,34	
76,68	0,33	
76,685	0,33	
76,69	0,32	
76,695	0,31	
76,7	0,3	
76,705	0,3	
76,71	0,3	
76,715	0,3	
76,72	0,3	
76,725	0,29	
76,73	0,29	
76,735	0,28	
76,74	0,27	
76,745	0,26	
76,75	0,25	
76,755	0,24	
76,76	0,24	
76,765	0,24	
76,77	0,24	
76,775	0,23	
76,78	0,22	
76,785	0,21	
76,79	0,2	
76,795	0,2	
76,8	0,19	
76,805	0,19	
76,81	0,18	
76,815	0,18	
76,82	0,17	
76,825	0,17	
76,83	0,16	
76,835	0,15	
76,84	0,14	
76,845	0,13	
76,85	0,12	
76,855	0,11	
76,86	0,11	
76,865	0,1	
76,87	0,1	
76,875	0,09	
76,88	0,09	
76,885	0,08	
76,89	0,07	
76,895	0,06	
76,9	0,05	
76,905	0,04	
76,91	0,04	
76,915	0,04	
76,92	0,03	
76,925	0,02	
76,93	0,01	
76,935	-0,01	
76,94	-0,02	
76,945	-0,02	
76,95	-0,03	
76,955	-0,03	
76,96	-0,03	
76,965	-0,04	
76,97	-0,05	
76,975	-0,06	
76,98	-0,06	
76,985	-0,07	
76,99	-0,08	
76,995	-0,08	
77,0	-0,09	
77,005	-0,09	
77,01	-0,1	
77,015	-0,1	
77,02	-0,11	
77,025	-0,11	
77,03	-0,12	
77,035	-0,13	
77,04	-0,13	
77,045	-0,14	
77,05	-0,14	
77,055	-0,14	
77,06	-0,15	
77,065	-0,15	
77,07	-0,16	
77,075	-0,17	
77,08	-0,17	
77,085	-0,18	
77,09	-0,18	
77,095	-0,18	
77,1	-0,18	
77,105	-0,18	
77,11	-0,18	
77,115	-0,19	
77,12	-0,19	
77,125	-0,2	
77,13	-0,21	
77,135	-0,22	
77,14	-0,22	
77,145	-0,21	
77,15	-0,21	
77,155	-0,2	
77,16	-0,2	
77,165	-0,2	
77,17	-0,21	
77,175	-0,22	
77,18	-0,22	
77,185	-0,22	
77,19	-0,23	
77,195	-0,23	
77,2	-0,22	
77,205	-0,22	
77,21	-0,22	
77,215	-0,22	
77,22	-0,22	
77,225	-0,22	
77,23	-0,23	
77,235	-0,23	
77,24	-0,23	
77,245	-0,22	
77,25	-0,22	
77,255	-0,21	
77,26	-0,21	
77,265	-0,21	
77,27	-0,21	
77,275	-0,21	
77,28	-0,22	
77,285	-0,22	
77,29	-0,21	
77,295	-0,21	
77,3	-0,21	
77,305	-0,2	
77,31	-0,19	
77,315	-0,19	
77,32	-0,19	
77,325	-0,19	
77,33	-0,19	
77,335	-0,19	
77,34	-0,19	
77,345	-0,18	
77,35	-0,18	
77,355	-0,17	
77,36	-0,17	
77,365	-0,17	
77,37	-0,16	
77,375	-0,16	
77,38	-0,16	
77,385	-0,15	
77,39	-0,15	
77,395	-0,14	
77,4	-0,14	
77,405	-0,14	
77,41	-0,13	
77,415	-0,13	
77,42	-0,13	
77,425	-0,12	
77,43	-0,12	
77,435	-0,11	
77,44	-0,1	
77,445	-0,09	
77,45	-0,09	
77,455	-0,09	
77,46	-0,09	
77,465	-0,09	
77,47	-0,09	
77,475	-0,09	
77,48	-0,08	
77,485	-0,07	
77,49	-0,07	
77,495	-0,06	
77,5	-0,05	
77,505	-0,05	
77,51	-0,05	
77,515	-0,04	
77,52	-0,04	
77,525	-0,04	
77,53	-0,03	
77,535	-0,03	
77,54	-0,02	
77,545	-0,02	
77,55	-0,01	
77,555	-0,01	
77,56	-0,01	
77,565	-0,02	
77,57	-0,01	
77,575	-0,01	
77,58	0	
77,585	0,01	
77,59	0,02	
77,595	0,02	
77,6	0,02	
77,605	0,02	
77,61	0,02	
77,615	0,02	
77,62	0,02	
77,625	0,03	
77,63	0,04	
77,635	0,04	
77,64	0,05	
77,645	0,05	
77,65	0,06	
77,655	0,05	
77,66	0,05	
77,665	0,05	
77,67	0,05	
77,675	0,05	
77,68	0,06	
77,685	0,06	
77,69	0,07	
77,695	0,07	
77,7	0,07	
77,705	0,07	
77,71	0,07	
77,715	0,07	
77,72	0,07	
77,725	0,07	
77,73	0,08	
77,735	0,08	
77,74	0,08	
77,745	0,08	
77,75	0,08	
77,755	0,08	
77,76	0,08	
77,765	0,08	
77,77	0,08	
77,775	0,08	
77,78	0,08	
77,785	0,08	
77,79	0,09	
77,795	0,09	
77,8	0,09	
77,805	0,09	
77,81	0,08	
77,815	0,08	
77,82	0,08	
77,825	0,09	
77,83	0,09	
77,835	0,09	
77,84	0,08	
77,845	0,08	
77,85	0,08	
77,855	0,08	
77,86	0,08	
77,865	0,08	
77,87	0,08	
77,875	0,08	
77,88	0,08	
77,885	0,08	
77,89	0,08	
77,895	0,08	
77,9	0,07	
77,905	0,07	
77,91	0,07	
77,915	0,07	
77,92	0,08	
77,925	0,08	
77,93	0,08	
77,935	0,07	
77,94	0,07	
77,945	0,07	
77,95	0,07	
77,955	0,07	
77,96	0,06	
77,965	0,07	
77,97	0,07	
77,975	0,07	
77,98	0,06	
77,985	0,06	
77,99	0,05	
77,995	0,05	
78,0	0,05	
78,005	0,05	
78,01	0,05	
78,015	0,05	
78,02	0,06	
78,025	0,06	
78,03	0,06	
78,035	0,06	
78,04	0,05	
78,045	0,05	
78,05	0,04	
78,055	0,04	
78,06	0,04	
78,065	0,05	
78,07	0,05	
78,075	0,05	
78,08	0,05	
78,085	0,05	
78,09	0,04	
78,095	0,04	
78,1	0,03	
78,105	0,03	
78,11	0,03	
78,115	0,03	
78,12	0,04	
78,125	0,05	
78,13	0,04	
78,135	0,04	
78,14	0,04	
78,145	0,04	
78,15	0,03	
78,155	0,03	
78,16	0,03	
78,165	0,03	
78,17	0,03	
78,175	0,03	
78,18	0,04	
78,185	0,03	
78,19	0,03	
78,195	0,03	
78,2	0,02	
78,205	0,02	
78,21	0,03	
78,215	0,03	
78,22	0,04	
78,225	0,04	
78,23	0,04	
78,235	0,04	
78,24	0,04	
78,245	0,04	
78,25	0,03	
78,255	0,03	
78,26	0,03	
78,265	0,03	
78,27	0,04	
78,275	0,04	
78,28	0,04	
78,285	0,04	
78,29	0,03	
78,295	0,03	
78,3	0,03	
78,305	0,03	
78,31	0,04	
78,315	0,04	
78,32	0,05	
78,325	0,05	
78,33	0,05	
78,335	0,04	
78,34	0,04	
78,345	0,04	
78,35	0,04	
78,355	0,04	
78,36	0,05	
78,365	0,06	
78,37	0,05	
78,375	0,05	
78,38	0,05	
78,385	0,05	
78,39	0,04	
78,395	0,04	
78,4	0,05	
78,405	0,05	
78,41	0,05	
78,415	0,06	
78,42	0,06	
78,425	0,05	
78,43	0,05	
78,435	0,05	
78,44	0,06	
78,445	0,05	
78,45	0,06	
78,455	0,07	
78,46	0,07	
78,465	0,06	
78,47	0,06	
78,475	0,06	
78,48	0,05	
78,485	0,05	
78,49	0,05	
78,495	0,05	
78,5	0,06	
78,505	0,06	
78,51	0,06	
78,515	0,06	
78,52	0,06	
78,525	0,05	
78,53	0,05	
78,535	0,05	
78,54	0,05	
78,545	0,05	
78,55	0,06	
78,555	0,06	
78,56	0,06	
78,565	0,06	
78,57	0,06	
78,575	0,05	
78,58	0,05	
78,585	0,05	
78,59	0,04	
78,595	0,04	
78,6	0,05	
78,605	0,04	
78,61	0,04	
78,615	0,05	
78,62	0,04	
78,625	0,04	
78,63	0,07	
78,635	0,03	
78,64	0,03	
78,645	0,03	
78,65	0,03	
78,655	0,03	
78,66	0,03	
78,665	0,02	
78,67	0,02	
78,675	0,01	
78,68	0,01	
78,685	0,01	
78,69	0,01	
78,695	0,01	
78,7	0,01	
78,705	0	
78,71	0	
78,715	0	
78,72	-0,01	
78,725	-0,01	
78,73	-0,02	
78,735	-0,02	
78,74	-0,02	
78,745	-0,02	
78,75	-0,02	
78,755	-0,02	
78,76	-0,03	
78,765	-0,03	
78,77	-0,04	
78,775	-0,04	
78,78	-0,05	
78,785	-0,05	
78,79	-0,05	
78,795	-0,05	
78,8	-0,06	
78,805	-0,06	
78,81	-0,06	
78,815	-0,07	
78,82	-0,07	
78,825	-0,07	
78,83	-0,08	
78,835	-0,08	
78,84	-0,08	
78,845	-0,09	
78,85	-0,09	
78,855	-0,09	
78,86	-0,1	
78,865	-0,1	
78,87	-0,11	
78,875	-0,11	
78,88	-0,12	
78,885	-0,12	
78,89	-0,12	
78,895	-0,12	
78,9	-0,13	
78,905	-0,13	
78,91	-0,13	
78,915	-0,14	
78,92	-0,14	
78,925	-0,14	
78,93	-0,14	
78,935	-0,15	
78,94	-0,15	
78,945	-0,15	
78,95	-0,16	
78,955	-0,16	
78,96	-0,16	
78,965	-0,17	
78,97	-0,17	
78,975	-0,17	
78,98	-0,17	
78,985	-0,17	
78,99	-0,17	
78,995	-0,17	
79,0	-0,17	
79,005	-0,18	
79,01	-0,19	
79,015	-0,19	
79,02	-0,2	
79,025	-0,19	
79,03	-0,19	
79,035	-0,19	
79,04	-0,19	
79,045	-0,19	
79,05	-0,19	
79,055	-0,19	
79,06	-0,2	
79,065	-0,2	
79,07	-0,21	
79,075	-0,2	
79,08	-0,2	
79,085	-0,2	
79,09	-0,2	
79,095	-0,19	
79,1	-0,19	
79,105	-0,19	
79,11	-0,19	
79,115	-0,19	
79,12	-0,19	
79,125	-0,19	
79,13	-0,19	
79,135	-0,19	
79,14	-0,18	
79,145	-0,18	
79,15	-0,18	
79,155	-0,18	
79,16	-0,18	
79,165	-0,18	
79,17	-0,18	
79,175	-0,17	
79,18	-0,17	
79,185	-0,16	
79,19	-0,16	
79,195	-0,15	
79,2	-0,15	
79,205	-0,16	
79,21	-0,15	
79,215	-0,15	
79,22	-0,15	
79,225	-0,14	
79,23	-0,14	
79,235	-0,13	
79,24	-0,13	
79,245	-0,12	
79,25	-0,12	
79,255	-0,11	
79,26	-0,11	
79,265	-0,11	
79,27	-0,1	
79,275	-0,09	
79,28	-0,09	
79,285	-0,08	
79,29	-0,08	
79,295	-0,08	
79,3	-0,07	
79,305	-0,06	
79,31	-0,06	
79,315	-0,06	
79,32	-0,05	
79,325	-0,04	
79,33	-0,03	
79,335	-0,03	
79,34	-0,02	
79,345	-0,02	
79,35	-0,01	
79,355	-0,01	
79,36	0	
79,365	0,01	
79,37	0,02	
79,375	0,03	
79,38	0,03	
79,385	0,04	
79,39	0,04	
79,395	0,05	
79,4	0,05	
79,405	0,06	
79,41	0,06	
79,415	0,07	
79,42	0,08	
79,425	0,09	
79,43	0,1	
79,435	0,1	
79,44	0,11	
79,445	0,11	
79,45	0,12	
79,455	0,13	
79,46	0,14	
79,465	0,15	
79,47	0,16	
79,475	0,16	
79,48	0,17	
79,485	0,17	
79,49	0,17	
79,495	0,18	
79,5	0,18	
79,505	0,18	
79,51	0,19	
79,515	0,2	
79,52	0,22	
79,525	0,23	
79,53	0,23	
79,535	0,24	
79,54	0,24	
79,545	0,24	
79,55	0,24	
79,555	0,24	
79,56	0,25	
79,565	0,25	
79,57	0,26	
79,575	0,27	
79,58	0,27	
79,585	0,28	
79,59	0,28	
79,595	0,28	
79,6	0,28	
79,605	0,29	
79,61	0,29	
79,615	0,3	
79,62	0,3	
79,625	0,31	
79,63	0,31	
79,635	0,31	
79,64	0,31	
79,645	0,32	
79,65	0,32	
79,655	0,31	
79,66	0,32	
79,665	0,32	
79,67	0,32	
79,675	0,32	
79,68	0,32	
79,685	0,32	
79,69	0,32	
79,695	0,32	
79,7	0,32	
79,705	0,32	
79,71	0,32	
79,715	0,32	
79,72	0,32	
79,725	0,32	
79,73	0,32	
79,735	0,31	
79,74	0,31	
79,745	0,31	
79,75	0,3	
79,755	0,3	
79,76	0,3	
79,765	0,3	
79,77	0,3	
79,775	0,3	
79,78	0,29	
79,785	0,28	
79,79	0,28	
79,795	0,28	
79,8	0,27	
79,805	0,27	
79,81	0,27	
79,815	0,27	
79,82	0,26	
79,825	0,25	
79,83	0,24	
79,835	0,24	
79,84	0,23	
79,845	0,23	
79,85	0,22	
79,855	0,22	
79,86	0,21	
79,865	0,2	
79,87	0,2	
79,875	0,19	
79,88	0,18	
79,885	0,17	
79,89	0,17	
79,895	0,16	
79,9	0,15	
79,905	0,14	
79,91	0,14	
79,915	0,13	
79,92	0,12	
79,925	0,11	
79,93	0,1	
79,935	0,08	
79,94	0,08	
79,945	0,07	
79,95	0,06	
79,955	0,06	
79,96	0,05	
79,965	0,04	
79,97	0,03	
79,975	0,02	
79,98	0,01	
79,985	-0,01	
79,99	-0,02	
79,995	-0,02	
80,0	-0,03	
80,005	-0,04	
80,01	-0,05	
80,015	-0,05	
80,02	-0,07	
80,025	-0,08	
80,03	-0,1	
80,035	-0,11	
80,04	-0,12	
80,045	-0,12	
80,05	-0,13	
80,055	-0,13	
80,06	-0,14	
80,065	-0,14	
80,07	-0,16	
80,075	-0,17	
80,08	-0,18	
80,085	-0,19	
80,09	-0,21	
80,095	-0,21	
80,1	-0,22	
80,105	-0,23	
80,11	-0,24	
80,115	-0,25	
80,12	-0,26	
80,125	-0,27	
80,13	-0,28	
80,135	-0,28	
80,14	-0,29	
80,145	-0,3	
80,15	-0,3	
80,155	-0,3	
80,16	-0,31	
80,165	-0,32	
80,17	-0,33	
80,175	-0,34	
80,18	-0,35	
80,185	-0,35	
80,19	-0,36	
80,195	-0,36	
80,2	-0,37	
80,205	-0,37	
80,21	-0,38	
80,215	-0,39	
80,22	-0,39	
80,225	-0,4	
80,23	-0,4	
80,235	-0,4	
80,24	-0,41	
80,245	-0,41	
80,25	-0,42	
80,255	-0,42	
80,26	-0,42	
80,265	-0,42	
80,27	-0,42	
80,275	-0,42	
80,28	-0,42	
80,285	-0,43	
80,29	-0,43	
80,295	-0,43	
80,3	-0,43	
80,305	-0,43	
80,31	-0,43	
80,315	-0,43	
80,32	-0,43	
80,325	-0,43	
80,33	-0,42	
80,335	-0,42	
80,34	-0,42	
80,345	-0,42	
80,35	-0,42	
80,355	-0,42	
80,36	-0,42	
80,365	-0,42	
80,37	-0,41	
80,375	-0,4	
80,38	-0,4	
80,385	-0,4	
80,39	-0,39	
80,395	-0,39	
80,4	-0,39	
80,405	-0,38	
80,41	-0,38	
80,415	-0,37	
80,42	-0,36	
80,425	-0,35	
80,43	-0,35	
80,435	-0,34	
80,44	-0,33	
80,445	-0,33	
80,45	-0,32	
80,455	-0,31	
80,46	-0,3	
80,465	-0,3	
80,47	-0,29	
80,475	-0,28	
80,48	-0,27	
80,485	-0,27	
80,49	-0,25	
80,495	-0,25	
80,5	-0,24	
80,505	-0,23	
80,51	-0,22	
80,515	-0,21	
80,52	-0,2	
80,525	-0,19	
80,53	-0,18	
80,535	-0,17	
80,54	-0,15	
80,545	-0,14	
80,55	-0,14	
80,555	-0,13	
80,56	-0,12	
80,565	-0,1	
80,57	-0,09	
80,575	-0,07	
80,58	-0,06	
80,585	-0,04	
80,59	-0,03	
80,595	-0,02	
80,6	-0,01	
80,605	0	
80,61	0,01	
80,615	0,02	
80,62	0,03	
80,625	0,04	
80,63	0,05	
80,635	0,06	
80,64	0,07	
80,645	0,08	
80,65	0,1	
80,655	0,12	
80,66	0,13	
80,665	0,14	
80,67	0,15	
80,675	0,16	
80,68	0,17	
80,685	0,19	
80,69	0,2	
80,695	0,22	
80,7	0,23	
80,705	0,23	
80,71	0,24	
80,715	0,25	
80,72	0,26	
80,725	0,27	
80,73	0,28	
80,735	0,3	
80,74	0,31	
80,745	0,32	
80,75	0,33	
80,755	0,34	
80,76	0,35	
80,765	0,36	
80,77	0,36	
80,775	0,37	
80,78	0,38	
80,785	0,39	
80,79	0,39	
80,795	0,4	
80,8	0,41	
80,805	0,42	
80,81	0,43	
80,815	0,44	
80,82	0,44	
80,825	0,45	
80,83	0,45	
80,835	0,46	
80,84	0,47	
80,845	0,48	
80,85	0,48	
80,855	0,49	
80,86	0,49	
80,865	0,49	
80,87	0,49	
80,875	0,5	
80,88	0,5	
80,885	0,51	
80,89	0,51	
80,895	0,51	
80,9	0,51	
80,905	0,51	
80,91	0,51	
80,915	0,52	
80,92	0,52	
80,925	0,52	
80,93	0,52	
80,935	0,51	
80,94	0,51	
80,945	0,51	
80,95	0,51	
80,955	0,51	
80,96	0,51	
80,965	0,5	
80,97	0,5	
80,975	0,5	
80,98	0,49	
80,985	0,49	
80,99	0,49	
80,995	0,48	
81,0	0,48	
81,005	0,47	
81,01	0,47	
81,015	0,46	
81,02	0,46	
81,025	0,45	
81,03	0,45	
81,035	0,44	
81,04	0,43	
81,045	0,42	
81,05	0,42	
81,055	0,41	
81,06	0,4	
81,065	0,39	
81,07	0,38	
81,075	0,37	
81,08	0,36	
81,085	0,35	
81,09	0,34	
81,095	0,33	
81,1	0,32	
81,105	0,31	
81,11	0,3	
81,115	0,29	
81,12	0,28	
81,125	0,27	
81,13	0,26	
81,135	0,25	
81,14	0,23	
81,145	0,22	
81,15	0,21	
81,155	0,2	
81,16	0,19	
81,165	0,17	
81,17	0,16	
81,175	0,14	
81,18	0,13	
81,185	0,11	
81,19	0,1	
81,195	0,09	
81,2	0,08	
81,205	0,07	
81,21	0,06	
81,215	0,04	
81,22	0,02	
81,225	0	
81,23	-0,02	
81,235	-0,03	
81,24	-0,04	
81,245	-0,05	
81,25	-0,06	
81,255	-0,07	
81,26	-0,09	
81,265	-0,1	
81,27	-0,12	
81,275	-0,13	
81,28	-0,14	
81,285	-0,16	
81,29	-0,17	
81,295	-0,18	
81,3	-0,2	
81,305	-0,21	
81,31	-0,22	
81,315	-0,24	
81,32	-0,25	
81,325	-0,26	
81,33	-0,28	
81,335	-0,29	
81,34	-0,3	
81,345	-0,31	
81,35	-0,32	
81,355	-0,33	
81,36	-0,35	
81,365	-0,35	
81,37	-0,37	
81,375	-0,38	
81,38	-0,39	
81,385	-0,4	
81,39	-0,41	
81,395	-0,42	
81,4	-0,43	
81,405	-0,44	
81,41	-0,45	
81,415	-0,45	
81,42	-0,46	
81,425	-0,47	
81,43	-0,48	
81,435	-0,49	
81,44	-0,5	
81,445	-0,51	
81,45	-0,52	
81,455	-0,52	
81,46	-0,53	
81,465	-0,53	
81,47	-0,54	
81,475	-0,54	
81,48	-0,55	
81,485	-0,55	
81,49	-0,56	
81,495	-0,56	
81,5	-0,56	
81,505	-0,56	
81,51	-0,56	
81,515	-0,56	
81,52	-0,57	
81,525	-0,57	
81,53	-0,57	
81,535	-0,58	
81,54	-0,58	
81,545	-0,58	
81,55	-0,58	
81,555	-0,57	
81,56	-0,57	
81,565	-0,57	
81,57	-0,57	
81,575	-0,56	
81,58	-0,56	
81,585	-0,56	
81,59	-0,56	
81,595	-0,55	
81,6	-0,55	
81,605	-0,54	
81,61	-0,54	
81,615	-0,53	
81,62	-0,53	
81,625	-0,52	
81,63	-0,52	
81,635	-0,51	
81,64	-0,5	
81,645	-0,49	
81,65	-0,49	
81,655	-0,48	
81,66	-0,47	
81,665	-0,46	
81,67	-0,45	
81,675	-0,45	
81,68	-0,44	
81,685	-0,43	
81,69	-0,42	
81,695	-0,41	
81,7	-0,39	
81,705	-0,38	
81,71	-0,37	
81,715	-0,36	
81,72	-0,35	
81,725	-0,34	
81,73	-0,33	
81,735	-0,31	
81,74	-0,3	
81,745	-0,29	
81,75	-0,27	
81,755	-0,26	
81,76	-0,25	
81,765	-0,24	
81,77	-0,23	
81,775	-0,22	
81,78	-0,21	
81,785	-0,18	
81,79	-0,17	
81,795	-0,15	
81,8	-0,14	
81,805	-0,13	
81,81	-0,11	
81,815	-0,1	
81,82	-0,09	
81,825	-0,07	
81,83	-0,06	
81,835	-0,04	
81,84	-0,02	
81,845	-0,01	
81,85	0	
81,855	0,02	
81,86	0,03	
81,865	0,05	
81,87	0,07	
81,875	0,08	
81,88	0,1	
81,885	0,11	
81,89	0,13	
81,895	0,15	
81,9	0,16	
81,905	0,17	
81,91	0,19	
81,915	0,19	
81,92	0,21	
81,925	0,22	
81,93	0,24	
81,935	0,25	
81,94	0,27	
81,945	0,29	
81,95	0,3	
81,955	0,31	
81,96	0,32	
81,965	0,33	
81,97	0,34	
81,975	0,35	
81,98	0,37	
81,985	0,38	
81,99	0,39	
81,995	0,4	
82,0	0,41	
82,005	0,42	
82,01	0,43	
82,015	0,44	
82,02	0,45	
82,025	0,46	
82,03	0,48	
82,035	0,49	
82,04	0,49	
82,045	0,5	
82,05	0,51	
82,055	0,51	
82,06	0,52	
82,065	0,53	
82,07	0,54	
82,075	0,55	
82,08	0,55	
82,085	0,56	
82,09	0,56	
82,095	0,56	
82,1	0,57	
82,105	0,57	
82,11	0,58	
82,115	0,58	
82,12	0,59	
82,125	0,59	
82,13	0,59	
82,135	0,59	
82,14	0,6	
82,145	0,6	
82,15	0,6	
82,155	0,6	
82,16	0,6	
82,165	0,6	
82,17	0,6	
82,175	0,6	
82,18	0,6	
82,185	0,6	
82,19	0,59	
82,195	0,59	
82,2	0,58	
82,205	0,58	
82,21	0,58	
82,215	0,58	
82,22	0,57	
82,225	0,56	
82,23	0,56	
82,235	0,55	
82,24	0,54	
82,245	0,54	
82,25	0,53	
82,255	0,53	
82,26	0,52	
82,265	0,52	
82,27	0,51	
82,275	0,49	
82,28	0,49	
82,285	0,48	
82,29	0,47	
82,295	0,46	
82,3	0,45	
82,305	0,44	
82,31	0,43	
82,315	0,42	
82,32	0,41	
82,325	0,4	
82,33	0,39	
82,335	0,37	
82,34	0,36	
82,345	0,35	
82,35	0,33	
82,355	0,32	
82,36	0,31	
82,365	0,3	
82,37	0,28	
82,375	0,27	
82,38	0,26	
82,385	0,25	
82,39	0,23	
82,395	0,22	
82,4	0,2	
82,405	0,19	
82,41	0,17	
82,415	0,16	
82,42	0,15	
82,425	0,13	
82,43	0,12	
82,435	0,1	
82,44	0,08	
82,445	0,07	
82,45	0,05	
82,455	0,03	
82,46	0,02	
82,465	0,01	
82,47	-0,01	
82,475	-0,02	
82,48	-0,03	
82,485	-0,05	
82,49	-0,06	
82,495	-0,08	
82,5	-0,09	
82,505	-0,11	
82,51	-0,13	
82,515	-0,15	
82,52	-0,16	
82,525	-0,17	
82,53	-0,19	
82,535	-0,2	
82,54	-0,22	
82,545	-0,23	
82,55	-0,25	
82,555	-0,26	
82,56	-0,27	
82,565	-0,28	
82,57	-0,3	
82,575	-0,31	
82,58	-0,32	
82,585	-0,34	
82,59	-0,35	
82,595	-0,37	
82,6	-0,38	
82,605	-0,39	
82,61	-0,39	
82,615	-0,4	
82,62	-0,41	
82,625	-0,42	
82,63	-0,44	
82,635	-0,45	
82,64	-0,46	
82,645	-0,48	
82,65	-0,48	
82,655	-0,49	
82,66	-0,49	
82,665	-0,5	
82,67	-0,5	
82,675	-0,52	
82,68	-0,53	
82,685	-0,54	
82,69	-0,55	
82,695	-0,55	
82,7	-0,55	
82,705	-0,56	
82,71	-0,56	
82,715	-0,56	
82,72	-0,56	
82,725	-0,57	
82,73	-0,57	
82,735	-0,58	
82,74	-0,59	
82,745	-0,59	
82,75	-0,59	
82,755	-0,59	
82,76	-0,59	
82,765	-0,59	
82,77	-0,59	
82,775	-0,59	
82,78	-0,6	
82,785	-0,6	
82,79	-0,6	
82,795	-0,59	
82,8	-0,59	
82,805	-0,58	
82,81	-0,58	
82,815	-0,57	
82,82	-0,58	
82,825	-0,57	
82,83	-0,57	
82,835	-0,57	
82,84	-0,56	
82,845	-0,56	
82,85	-0,55	
82,855	-0,54	
82,86	-0,54	
82,865	-0,53	
82,87	-0,53	
82,875	-0,52	
82,88	-0,51	
82,885	-0,51	
82,89	-0,5	
82,895	-0,49	
82,9	-0,48	
82,905	-0,47	
82,91	-0,46	
82,915	-0,45	
82,92	-0,44	
82,925	-0,43	
82,93	-0,42	
82,935	-0,41	
82,94	-0,4	
82,945	-0,39	
82,95	-0,37	
82,955	-0,37	
82,96	-0,35	
82,965	-0,34	
82,97	-0,32	
82,975	-0,32	
82,98	-0,3	
82,985	-0,29	
82,99	-0,28	
82,995	-0,27	
83,0	-0,24	
83,005	-0,23	
83,01	-0,22	
83,015	-0,21	
83,02	-0,19	
83,025	-0,18	
83,03	-0,16	
83,035	-0,15	
83,04	-0,13	
83,045	-0,12	
83,05	-0,1	
83,055	-0,09	
83,06	-0,08	
83,065	-0,06	
83,07	-0,05	
83,075	-0,04	
83,08	-0,02	
83,085	0	
83,09	0,01	
83,095	0,03	
83,1	0,04	
83,105	0,05	
83,11	0,06	
83,115	0,08	
83,12	0,09	
83,125	0,11	
83,13	0,12	
83,135	0,14	
83,14	0,15	
83,145	0,17	
83,15	0,18	
83,155	0,19	
83,16	0,21	
83,165	0,22	
83,17	0,23	
83,175	0,25	
83,18	0,26	
83,185	0,27	
83,19	0,28	
83,195	0,3	
83,2	0,31	
83,205	0,32	
83,21	0,33	
83,215	0,34	
83,22	0,35	
83,225	0,36	
83,23	0,37	
83,235	0,38	
83,24	0,4	
83,245	0,41	
83,25	0,42	
83,255	0,43	
83,26	0,44	
83,265	0,44	
83,27	0,45	
83,275	0,46	
83,28	0,46	
83,285	0,47	
83,29	0,49	
83,295	0,49	
83,3	0,5	
83,305	0,5	
83,31	0,51	
83,315	0,51	
83,32	0,51	
83,325	0,52	
83,33	0,53	
83,335	0,53	
83,34	0,54	
83,345	0,54	
83,35	0,54	
83,355	0,55	
83,36	0,55	
83,365	0,55	
83,37	0,55	
83,375	0,55	
83,38	0,55	
83,385	0,55	
83,39	0,55	
83,395	0,56	
83,4	0,56	
83,405	0,55	
83,41	0,55	
83,415	0,55	
83,42	0,55	
83,425	0,54	
83,43	0,54	
83,435	0,54	
83,44	0,54	
83,445	0,53	
83,45	0,53	
83,455	0,53	
83,46	0,52	
83,465	0,51	
83,47	0,51	
83,475	0,5	
83,48	0,5	
83,485	0,49	
83,49	0,49	
83,495	0,49	
83,5	0,47	
83,505	0,47	
83,51	0,46	
83,515	0,45	
83,52	0,44	
83,525	0,43	
83,53	0,43	
83,535	0,42	
83,54	0,41	
83,545	0,4	
83,55	0,39	
83,555	0,38	
83,56	0,37	
83,565	0,35	
83,57	0,34	
83,575	0,33	
83,58	0,32	
83,585	0,31	
83,59	0,3	
83,595	0,29	
83,6	0,28	
83,605	0,27	
83,61	0,25	
83,615	0,24	
83,62	0,23	
83,625	0,22	
83,63	0,21	
83,635	0,2	
83,64	0,18	
83,645	0,16	
83,65	0,15	
83,655	0,13	
83,66	0,12	
83,665	0,11	
83,67	0,1	
83,675	0,09	
83,68	0,07	
83,685	0,06	
83,69	0,05	
83,695	0,03	
83,7	0,02	
83,705	0,01	
83,71	-0,01	
83,715	-0,02	
83,72	-0,03	
83,725	-0,05	
83,73	-0,06	
83,735	-0,07	
83,74	-0,09	
83,745	-0,1	
83,75	-0,12	
83,755	-0,13	
83,76	-0,14	
83,765	-0,15	
83,77	-0,16	
83,775	-0,17	
83,78	-0,18	
83,785	-0,19	
83,79	-0,21	
83,795	-0,22	
83,8	-0,23	
83,805	-0,25	
83,81	-0,25	
83,815	-0,27	
83,82	-0,28	
83,825	-0,29	
83,83	-0,29	
83,835	-0,3	
83,84	-0,31	
83,845	-0,32	
83,85	-0,33	
83,855	-0,34	
83,86	-0,35	
83,865	-0,36	
83,87	-0,37	
83,875	-0,38	
83,88	-0,39	
83,885	-0,4	
83,89	-0,4	
83,895	-0,41	
83,9	-0,42	
83,905	-0,43	
83,91	-0,43	
83,915	-0,44	
83,92	-0,44	
83,925	-0,45	
83,93	-0,45	
83,935	-0,45	
83,94	-0,46	
83,945	-0,46	
83,95	-0,46	
83,955	-0,47	
83,96	-0,47	
83,965	-0,48	
83,97	-0,48	
83,975	-0,48	
83,98	-0,48	
83,985	-0,48	
83,99	-0,49	
83,995	-0,49	
84,0	-0,49	
84,005	-0,49	
84,01	-0,49	
84,015	-0,49	
84,02	-0,49	
84,025	-0,49	
84,03	-0,48	
84,035	-0,48	
84,04	-0,48	
84,045	-0,48	
84,05	-0,47	
84,055	-0,47	
84,06	-0,47	
84,065	-0,46	
84,07	-0,46	
84,075	-0,46	
84,08	-0,45	
84,085	-0,45	
84,09	-0,45	
84,095	-0,44	
84,1	-0,44	
84,105	-0,43	
84,11	-0,42	
84,115	-0,41	
84,12	-0,41	
84,125	-0,4	
84,13	-0,39	
84,135	-0,39	
84,14	-0,39	
84,145	-0,38	
84,15	-0,37	
84,155	-0,36	
84,16	-0,35	
84,165	-0,34	
84,17	-0,33	
84,175	-0,32	
84,18	-0,32	
84,185	-0,31	
84,19	-0,31	
84,195	-0,3	
84,2	-0,29	
84,205	-0,28	
84,21	-0,26	
84,215	-0,24	
84,22	-0,23	
84,225	-0,22	
84,23	-0,22	
84,235	-0,21	
84,24	-0,21	
84,245	-0,2	
84,25	-0,19	
84,255	-0,17	
84,26	-0,16	
84,265	-0,14	
84,27	-0,13	
84,275	-0,12	
84,28	-0,11	
84,285	-0,1	
84,29	-0,09	
84,295	-0,08	
84,3	-0,06	
84,305	-0,05	
84,31	-0,04	
84,315	-0,03	
84,32	-0,01	
84,325	-0,01	
84,33	0	
84,335	0,02	
84,34	0,03	
84,345	0,04	
84,35	0,05	
84,355	0,06	
84,36	0,07	
84,365	0,08	
84,37	0,09	
84,375	0,1	
84,38	0,11	
84,385	0,12	
84,39	0,13	
84,395	0,14	
84,4	0,15	
84,405	0,16	
84,41	0,17	
84,415	0,18	
84,42	0,19	
84,425	0,2	
84,43	0,21	
84,435	0,21	
84,44	0,22	
84,445	0,23	
84,45	0,24	
84,455	0,25	
84,46	0,25	
84,465	0,26	
84,47	0,27	
84,475	0,28	
84,48	0,29	
84,485	0,3	
84,49	0,3	
84,495	0,31	
84,5	0,31	
84,505	0,32	
84,51	0,33	
84,515	0,34	
84,52	0,34	
84,525	0,35	
84,53	0,35	
84,535	0,36	
84,54	0,36	
84,545	0,36	
84,55	0,37	
84,555	0,37	
84,56	0,37	
84,565	0,37	
84,57	0,37	
84,575	0,37	
84,58	0,38	
84,585	0,38	
84,59	0,38	
84,595	0,39	
84,6	0,39	
84,605	0,39	
84,61	0,39	
84,615	0,39	
84,62	0,39	
84,625	0,39	
84,63	0,39	
84,635	0,39	
84,64	0,39	
84,645	0,39	
84,65	0,39	
84,655	0,39	
84,66	0,39	
84,665	0,39	
84,67	0,38	
84,675	0,38	
84,68	0,37	
84,685	0,37	
84,69	0,37	
84,695	0,37	
84,7	0,36	
84,705	0,36	
84,71	0,35	
84,715	0,35	
84,72	0,34	
84,725	0,34	
84,73	0,33	
84,735	0,33	
84,74	0,33	
84,745	0,33	
84,75	0,32	
84,755	0,31	
84,76	0,3	
84,765	0,3	
84,77	0,29	
84,775	0,28	
84,78	0,27	
84,785	0,27	
84,79	0,26	
84,795	0,25	
84,8	0,25	
84,805	0,24	
84,81	0,23	
84,815	0,23	
84,82	0,22	
84,825	0,22	
84,83	0,21	
84,835	0,2	
84,84	0,19	
84,845	0,18	
84,85	0,17	
84,855	0,16	
84,86	0,15	
84,865	0,15	
84,87	0,14	
84,875	0,13	
84,88	0,12	
84,885	0,11	
84,89	0,1	
84,895	0,1	
84,9	0,09	
84,905	0,08	
84,91	0,07	
84,915	0,07	
84,92	0,06	
84,925	0,05	
84,93	0,04	
84,935	0,03	
84,94	0,02	
84,945	0,01	
84,95	0	
84,955	0	
84,96	-0,02	
84,965	-0,03	
84,97	-0,03	
84,975	-0,04	
84,98	-0,05	
84,985	-0,05	
84,99	-0,06	
84,995	-0,07	
85,0	-0,07	
85,005	-0,08	
85,01	-0,09	
85,015	-0,1	
85,02	-0,11	
85,025	-0,12	
85,03	-0,12	
85,035	-0,13	
85,04	-0,14	
85,045	-0,14	
85,05	-0,15	
85,055	-0,16	
85,06	-0,16	
85,065	-0,17	
85,07	-0,18	
85,075	-0,18	
85,08	-0,19	
85,085	-0,19	
85,09	-0,2	
85,095	-0,2	
85,1	-0,21	
85,105	-0,22	
85,11	-0,22	
85,115	-0,23	
85,12	-0,23	
85,125	-0,23	
85,13	-0,23	
85,135	-0,23	
85,14	-0,24	
85,145	-0,24	
85,15	-0,25	
85,155	-0,25	
85,16	-0,26	
85,165	-0,26	
85,17	-0,26	
85,175	-0,26	
85,18	-0,27	
85,185	-0,27	
85,19	-0,27	
85,195	-0,28	
85,2	-0,28	
85,205	-0,28	
85,21	-0,28	
85,215	-0,28	
85,22	-0,28	
85,225	-0,28	
85,23	-0,28	
85,235	-0,28	
85,24	-0,28	
85,245	-0,28	
85,25	-0,28	
85,255	-0,28	
85,26	-0,28	
85,265	-0,28	
85,27	-0,28	
85,275	-0,27	
85,28	-0,27	
85,285	-0,27	
85,29	-0,27	
85,295	-0,27	
85,3	-0,27	
85,305	-0,27	
85,31	-0,26	
85,315	-0,26	
85,32	-0,26	
85,325	-0,26	
85,33	-0,25	
85,335	-0,25	
85,34	-0,24	
85,345	-0,23	
85,35	-0,23	
85,355	-0,23	
85,36	-0,22	
85,365	-0,22	
85,37	-0,22	
85,375	-0,22	
85,38	-0,21	
85,385	-0,21	
85,39	-0,2	
85,395	-0,2	
85,4	-0,19	
85,405	-0,19	
85,41	-0,19	
85,415	-0,18	
85,42	-0,18	
85,425	-0,17	
85,43	-0,17	
85,435	-0,16	
85,44	-0,16	
85,445	-0,15	
85,45	-0,15	
85,455	-0,14	
85,46	-0,13	
85,465	-0,13	
85,47	-0,12	
85,475	-0,12	
85,48	-0,11	
85,485	-0,11	
85,49	-0,11	
85,495	-0,1	
85,5	-0,09	
85,505	-0,08	
85,51	-0,08	
85,515	-0,07	
85,52	-0,06	
85,525	-0,06	
85,53	-0,06	
85,535	-0,05	
85,54	-0,04	
85,545	-0,04	
85,55	-0,03	
85,555	-0,03	
85,56	-0,02	
85,565	-0,02	
85,57	-0,01	
85,575	-0,01	
85,58	-0,01	
85,585	0	
85,59	0,01	
85,595	0,01	
85,6	0,02	
85,605	0,03	
85,61	0,04	
85,615	0,04	
85,62	0,04	
85,625	0,05	
85,63	0,05	
85,635	0,05	
85,64	0,06	
85,645	0,06	
85,65	0,06	
85,655	0,07	
85,66	0,07	
85,665	0,08	
85,67	0,08	
85,675	0,08	
85,68	0,09	
85,685	0,09	
85,69	0,1	
85,695	0,1	
85,7	0,1	
85,705	0,11	
85,71	0,11	
85,715	0,11	
85,72	0,12	
85,725	0,12	
85,73	0,12	
85,735	0,13	
85,74	0,13	
85,745	0,13	
85,75	0,13	
85,755	0,13	
85,76	0,14	
85,765	0,14	
85,77	0,14	
85,775	0,14	
85,78	0,14	
85,785	0,14	
85,79	0,14	
85,795	0,14	
85,8	0,14	
85,805	0,14	
85,81	0,14	
85,815	0,14	
85,82	0,14	
85,825	0,15	
85,83	0,15	
85,835	0,15	
85,84	0,15	
85,845	0,15	
85,85	0,15	
85,855	0,15	
85,86	0,15	
85,865	0,15	
85,87	0,15	
85,875	0,15	
85,88	0,15	
85,885	0,15	
85,89	0,15	
85,895	0,15	
85,9	0,15	
85,905	0,15	
85,91	0,15	
85,915	0,14	
85,92	0,14	
85,925	0,14	
85,93	0,14	
85,935	0,14	
85,94	0,14	
85,945	0,13	
85,95	0,13	
85,955	0,13	
85,96	0,13	
85,965	0,12	
85,97	0,12	
85,975	0,12	
85,98	0,12	
85,985	0,12	
85,99	0,12	
85,995	0,11	
86,0	0,11	
86,005	0,11	
86,01	0,1	
86,015	0,1	
86,02	0,1	
86,025	0,1	
86,03	0,09	
86,035	0,1	
86,04	0,09	
86,045	0,09	
86,05	0,09	
86,055	0,09	
86,06	0,09	
86,065	0,09	
86,07	0,08	
86,075	0,08	
86,08	0,07	
86,085	0,07	
86,09	0,07	
86,095	0,07	
86,1	0,07	
86,105	0,06	
86,11	0,06	
86,115	0,06	
86,12	0,05	
86,125	0,05	
86,13	0,05	
86,135	0,05	
86,14	0,04	
86,145	0,04	
86,15	0,04	
86,155	0,04	
86,16	0,04	
86,165	0,03	
86,17	0,03	
86,175	0,03	
86,18	0,02	
86,185	0,03	
86,19	0,02	
86,195	0,02	
86,2	0,02	
86,205	0,02	
86,21	0,01	
86,215	0,01	
86,22	0,01	
86,225	0,01	
86,23	0,01	
86,235	0,01	
86,24	0,01	
86,245	0,01	
86,25	0	
86,255	0,01	
86,26	0	
86,265	0	
86,27	0	
86,275	0	
86,28	0	
86,285	-0,01	
86,29	-0,01	
86,295	-0,01	
86,3	-0,01	
86,305	-0,01	
86,31	-0,01	
86,315	-0,01	
86,32	-0,01	
86,325	-0,01	
86,33	-0,01	
86,335	-0,01	
86,34	-0,01	
86,345	-0,01	
86,35	-0,02	
86,355	-0,01	
86,36	-0,01	
86,365	-0,01	
86,37	-0,01	
86,375	-0,01	
86,38	-0,01	
86,385	-0,01	
86,39	-0,02	
86,395	-0,02	
86,4	-0,02	
86,405	-0,02	
86,41	-0,02	
86,415	-0,02	
86,42	-0,01	
86,425	-0,02	
86,43	-0,02	
86,435	-0,02	
86,44	-0,02	
86,445	-0,02	
86,45	-0,02	
86,455	-0,01	
86,46	-0,01	
86,465	-0,01	
86,47	-0,01	
86,475	-0,01	
86,48	-0,02	
86,485	-0,02	
86,49	-0,02	
86,495	-0,02	
86,5	-0,01	
86,505	-0,01	
86,51	-0,01	
86,515	-0,01	
86,52	-0,01	
86,525	-0,01	
86,53	-0,01	
86,535	-0,01	
86,54	-0,01	
86,545	-0,01	
86,55	-0,01	
86,555	-0,01	
86,56	-0,01	
86,565	-0,01	
86,57	-0,01	
86,575	-0,01	
86,58	-0,01	
86,585	-0,01	
86,59	-0,01	
86,595	-0,01	
86,6	0	
86,605	-0,01	
86,61	-0,01	
86,615	-0,01	
86,62	-0,01	
86,625	-0,01	
86,63	-0,01	
86,635	-0,01	
86,64	-0,01	
86,645	-0,01	
86,65	-0,01	
86,655	-0,01	
86,66	-0,01	
86,665	-0,01	
86,67	-0,01	
86,675	-0,01	
86,68	-0,01	
86,685	-0,01	
86,69	-0,01	
86,695	-0,02	
86,7	-0,01	
86,705	-0,02	
86,71	-0,02	
86,715	-0,02	
86,72	-0,01	
86,725	-0,02	
86,73	-0,02	
86,735	-0,02	
86,74	-0,02	
86,745	-0,02	
86,75	-0,02	
86,755	-0,03	
86,76	-0,03	
86,765	-0,03	
86,77	-0,03	
86,775	-0,03	
86,78	-0,03	
86,785	-0,03	
86,79	-0,03	
86,795	-0,03	
86,8	-0,04	
86,805	-0,04	
86,81	-0,04	
86,815	-0,04	
86,82	-0,04	
86,825	-0,04	
86,83	-0,04	
86,835	-0,04	
86,84	-0,05	
86,845	-0,05	
86,85	-0,05	
86,855	-0,05	
86,86	-0,06	
86,865	-0,06	
86,87	-0,06	
86,875	-0,06	
86,88	-0,06	
86,885	-0,07	
86,89	-0,07	
86,895	-0,07	
86,9	-0,07	
86,905	-0,07	
86,91	-0,07	
86,915	-0,07	
86,92	-0,07	
86,925	-0,07	
86,93	-0,08	
86,935	-0,08	
86,94	-0,08	
86,945	-0,09	
86,95	-0,09	
86,955	-0,09	
86,96	-0,09	
86,965	-0,09	
86,97	-0,1	
86,975	-0,1	
86,98	-0,1	
86,985	-0,1	
86,99	-0,1	
86,995	-0,1	
87,0	-0,1	
87,005	-0,11	
87,01	-0,11	
87,015	-0,11	
87,02	-0,11	
87,025	-0,11	
87,03	-0,11	
87,035	-0,12	
87,04	-0,11	
87,045	-0,12	
87,05	-0,12	
87,055	-0,12	
87,06	-0,12	
87,065	-0,12	
87,07	-0,12	
87,075	-0,12	
87,08	-0,12	
87,085	-0,12	
87,09	-0,12	
87,095	-0,12	
87,1	-0,13	
87,105	-0,13	
87,11	-0,13	
87,115	-0,13	
87,12	-0,12	
87,125	-0,12	
87,13	-0,12	
87,135	-0,12	
87,14	-0,12	
87,145	-0,12	
87,15	-0,13	
87,155	-0,12	
87,16	-0,13	
87,165	-0,12	
87,17	-0,12	
87,175	-0,12	
87,18	-0,12	
87,185	-0,11	
87,19	-0,11	
87,195	-0,11	
87,2	-0,11	
87,205	-0,11	
87,21	-0,1	
87,215	-0,1	
87,22	-0,1	
87,225	-0,1	
87,23	-0,1	
87,235	-0,1	
87,24	-0,09	
87,245	-0,09	
87,25	-0,08	
87,255	-0,08	
87,26	-0,08	
87,265	-0,08	
87,27	-0,08	
87,275	-0,08	
87,28	-0,07	
87,285	-0,07	
87,29	-0,07	
87,295	-0,06	
87,3	-0,06	
87,305	-0,05	
87,31	-0,05	
87,315	-0,05	
87,32	-0,05	
87,325	-0,05	
87,33	-0,04	
87,335	-0,04	
87,34	-0,03	
87,345	-0,03	
87,35	-0,02	
87,355	-0,01	
87,36	-0,01	
87,365	-0,01	
87,37	0	
87,375	0	
87,38	0,01	
87,385	0,02	
87,39	0,02	
87,395	0,03	
87,4	0,03	
87,405	0,03	
87,41	0,03	
87,415	0,04	
87,42	0,04	
87,425	0,05	
87,43	0,05	
87,435	0,06	
87,44	0,06	
87,445	0,07	
87,45	0,08	
87,455	0,09	
87,46	0,09	
87,465	0,1	
87,47	0,1	
87,475	0,1	
87,48	0,11	
87,485	0,11	
87,49	0,11	
87,495	0,12	
87,5	0,12	
87,505	0,13	
87,51	0,14	
87,515	0,14	
87,52	0,15	
87,525	0,15	
87,53	0,15	
87,535	0,15	
87,54	0,16	
87,545	0,16	
87,55	0,17	
87,555	0,17	
87,56	0,18	
87,565	0,19	
87,57	0,19	
87,575	0,2	
87,58	0,2	
87,585	0,2	
87,59	0,2	
87,595	0,2	
87,6	0,21	
87,605	0,22	
87,61	0,22	
87,615	0,22	
87,62	0,22	
87,625	0,22	
87,63	0,22	
87,635	0,22	
87,64	0,22	
87,645	0,23	
87,65	0,23	
87,655	0,24	
87,66	0,24	
87,665	0,24	
87,67	0,25	
87,675	0,25	
87,68	0,25	
87,685	0,24	
87,69	0,25	
87,695	0,24	
87,7	0,25	
87,705	0,25	
87,71	0,25	
87,715	0,25	
87,72	0,25	
87,725	0,25	
87,73	0,25	
87,735	0,25	
87,74	0,25	
87,745	0,25	
87,75	0,25	
87,755	0,25	
87,76	0,25	
87,765	0,24	
87,77	0,24	
87,775	0,24	
87,78	0,24	
87,785	0,24	
87,79	0,24	
87,795	0,23	
87,8	0,23	
87,805	0,23	
87,81	0,23	
87,815	0,22	
87,82	0,22	
87,825	0,22	
87,83	0,22	
87,835	0,21	
87,84	0,2	
87,845	0,2	
87,85	0,19	
87,855	0,19	
87,86	0,18	
87,865	0,18	
87,87	0,18	
87,875	0,17	
87,88	0,17	
87,885	0,16	
87,89	0,16	
87,895	0,15	
87,9	0,15	
87,905	0,14	
87,91	0,13	
87,915	0,13	
87,92	0,12	
87,925	0,12	
87,93	0,11	
87,935	0,1	
87,94	0,1	
87,945	0,09	
87,95	0,08	
87,955	0,08	
87,96	0,07	
87,965	0,06	
87,97	0,05	
87,975	0,05	
87,98	0,04	
87,985	0,03	
87,99	0,02	
87,995	0,01	
88,0	0,01	
88,005	0	
88,01	-0,01	
88,015	-0,02	
88,02	-0,03	
88,025	-0,03	
88,03	-0,04	
88,035	-0,05	
88,04	-0,06	
88,045	-0,07	
88,05	-0,07	
88,055	-0,08	
88,06	-0,09	
88,065	-0,09	
88,07	-0,1	
88,075	-0,11	
88,08	-0,12	
88,085	-0,13	
88,09	-0,14	
88,095	-0,15	
88,1	-0,15	
88,105	-0,16	
88,11	-0,17	
88,115	-0,17	
88,12	-0,18	
88,125	-0,19	
88,13	-0,2	
88,135	-0,2	
88,14	-0,21	
88,145	-0,22	
88,15	-0,22	
88,155	-0,23	
88,16	-0,24	
88,165	-0,25	
88,17	-0,26	
88,175	-0,27	
88,18	-0,27	
88,185	-0,27	
88,19	-0,28	
88,195	-0,28	
88,2	-0,29	
88,205	-0,29	
88,21	-0,3	
88,215	-0,3	
88,22	-0,31	
88,225	-0,31	
88,23	-0,32	
88,235	-0,32	
88,24	-0,33	
88,245	-0,33	
88,25	-0,34	
88,255	-0,35	
88,26	-0,35	
88,265	-0,35	
88,27	-0,35	
88,275	-0,35	
88,28	-0,35	
88,285	-0,35	
88,29	-0,36	
88,295	-0,36	
88,3	-0,36	
88,305	-0,36	
88,31	-0,37	
88,315	-0,37	
88,32	-0,37	
88,325	-0,37	
88,33	-0,37	
88,335	-0,37	
88,34	-0,37	
88,345	-0,36	
88,35	-0,37	
88,355	-0,37	
88,36	-0,37	
88,365	-0,37	
88,37	-0,36	
88,375	-0,36	
88,38	-0,36	
88,385	-0,35	
88,39	-0,35	
88,395	-0,35	
88,4	-0,35	
88,405	-0,35	
88,41	-0,34	
88,415	-0,33	
88,42	-0,33	
88,425	-0,32	
88,43	-0,32	
88,435	-0,31	
88,44	-0,31	
88,445	-0,3	
88,45	-0,3	
88,455	-0,3	
88,46	-0,29	
88,465	-0,29	
88,47	-0,28	
88,475	-0,27	
88,48	-0,26	
88,485	-0,26	
88,49	-0,25	
88,495	-0,25	
88,5	-0,24	
88,505	-0,23	
88,51	-0,22	
88,515	-0,21	
88,52	-0,2	
88,525	-0,19	
88,53	-0,19	
88,535	-0,18	
88,54	-0,17	
88,545	-0,16	
88,55	-0,16	
88,555	-0,15	
88,56	-0,14	
88,565	-0,13	
88,57	-0,12	
88,575	-0,1	
88,58	-0,09	
88,585	-0,08	
88,59	-0,08	
88,595	-0,07	
88,6	-0,06	
88,605	-0,05	
88,61	-0,04	
88,615	-0,03	
88,62	-0,02	
88,625	0	
88,63	0,01	
88,635	0,02	
88,64	0,02	
88,645	0,03	
88,65	0,04	
88,655	0,05	
88,66	0,07	
88,665	0,08	
88,67	0,09	
88,675	0,1	
88,68	0,11	
88,685	0,12	
88,69	0,13	
88,695	0,14	
88,7	0,15	
88,705	0,16	
88,71	0,17	
88,715	0,18	
88,72	0,2	
88,725	0,21	
88,73	0,21	
88,735	0,22	
88,74	0,23	
88,745	0,24	
88,75	0,25	
88,755	0,26	
88,76	0,27	
88,765	0,28	
88,77	0,29	
88,775	0,3	
88,78	0,31	
88,785	0,31	
88,79	0,32	
88,795	0,33	
88,8	0,34	
88,805	0,35	
88,81	0,35	
88,815	0,36	
88,82	0,37	
88,825	0,38	
88,83	0,38	
88,835	0,38	
88,84	0,39	
88,845	0,39	
88,85	0,4	
88,855	0,4	
88,86	0,41	
88,865	0,42	
88,87	0,43	
88,875	0,43	
88,88	0,43	
88,885	0,43	
88,89	0,44	
88,895	0,44	
88,9	0,45	
88,905	0,45	
88,91	0,45	
88,915	0,46	
88,92	0,46	
88,925	0,46	
88,93	0,46	
88,935	0,46	
88,94	0,46	
88,945	0,45	
88,95	0,45	
88,955	0,45	
88,96	0,46	
88,965	0,46	
88,97	0,46	
88,975	0,46	
88,98	0,45	
88,985	0,45	
88,99	0,45	
88,995	0,44	
89,0	0,44	
89,005	0,44	
89,01	0,44	
89,015	0,44	
89,02	0,43	
89,025	0,43	
89,03	0,42	
89,035	0,41	
89,04	0,4	
89,045	0,4	
89,05	0,39	
89,055	0,39	
89,06	0,39	
89,065	0,38	
89,07	0,38	
89,075	0,37	
89,08	0,36	
89,085	0,35	
89,09	0,34	
89,095	0,33	
89,1	0,33	
89,105	0,33	
89,11	0,32	
89,115	0,31	
89,12	0,3	
89,125	0,29	
89,13	0,28	
89,135	0,27	
89,14	0,25	
89,145	0,24	
89,15	0,23	
89,155	0,22	
89,16	0,21	
89,165	0,21	
89,17	0,19	
89,175	0,18	
89,18	0,16	
89,185	0,15	
89,19	0,14	
89,195	0,13	
89,2	0,12	
89,205	0,11	
89,21	0,1	
89,215	0,09	
89,22	0,08	
89,225	0,05	
89,23	0,04	
89,235	0,03	
89,24	0,02	
89,245	0,01	
89,25	0	
89,255	-0,01	
89,26	-0,03	
89,265	-0,04	
89,27	-0,06	
89,275	-0,07	
89,28	-0,08	
89,285	-0,09	
89,29	-0,1	
89,295	-0,11	
89,3	-0,12	
89,305	-0,14	
89,31	-0,15	
89,315	-0,17	
89,32	-0,18	
89,325	-0,19	
89,33	-0,2	
89,335	-0,21	
89,34	-0,22	
89,345	-0,24	
89,35	-0,25	
89,355	-0,26	
89,36	-0,27	
89,365	-0,28	
89,37	-0,29	
89,375	-0,31	
89,38	-0,32	
89,385	-0,33	
89,39	-0,34	
89,395	-0,35	
89,4	-0,36	
89,405	-0,36	
89,41	-0,37	
89,415	-0,38	
89,42	-0,39	
89,425	-0,4	
89,43	-0,41	
89,435	-0,42	
89,44	-0,43	
89,445	-0,44	
89,45	-0,44	
89,455	-0,45	
89,46	-0,45	
89,465	-0,46	
89,47	-0,47	
89,475	-0,48	
89,48	-0,48	
89,485	-0,49	
89,49	-0,49	
89,495	-0,49	
89,5	-0,5	
89,505	-0,5	
89,51	-0,51	
89,515	-0,51	
89,52	-0,52	
89,525	-0,52	
89,53	-0,53	
89,535	-0,53	
89,54	-0,53	
89,545	-0,52	
89,55	-0,52	
89,555	-0,52	
89,56	-0,53	
89,565	-0,52	
89,57	-0,53	
89,575	-0,53	
89,58	-0,53	
89,585	-0,53	
89,59	-0,52	
89,595	-0,52	
89,6	-0,52	
89,605	-0,52	
89,61	-0,51	
89,615	-0,52	
89,62	-0,51	
89,625	-0,51	
89,63	-0,5	
89,635	-0,49	
89,64	-0,49	
89,645	-0,48	
89,65	-0,48	
89,655	-0,47	
89,66	-0,47	
89,665	-0,46	
89,67	-0,46	
89,675	-0,45	
89,68	-0,44	
89,685	-0,43	
89,69	-0,42	
89,695	-0,42	
89,7	-0,41	
89,705	-0,4	
89,71	-0,39	
89,715	-0,38	
89,72	-0,37	
89,725	-0,36	
89,73	-0,35	
89,735	-0,34	
89,74	-0,33	
89,745	-0,32	
89,75	-0,31	
89,755	-0,3	
89,76	-0,29	
89,765	-0,27	
89,77	-0,26	
89,775	-0,25	
89,78	-0,24	
89,785	-0,22	
89,79	-0,21	
89,795	-0,2	
89,8	-0,19	
89,805	-0,18	
89,81	-0,17	
89,815	-0,15	
89,82	-0,13	
89,825	-0,12	
89,83	-0,1	
89,835	-0,09	
89,84	-0,08	
89,845	-0,07	
89,85	-0,06	
89,855	-0,05	
89,86	-0,03	
89,865	-0,02	
89,87	0,01	
89,875	0,02	
89,88	0,04	
89,885	0,05	
89,89	0,06	
89,895	0,07	
89,9	0,08	
89,905	0,1	
89,91	0,11	
89,915	0,13	
89,92	0,14	
89,925	0,16	
89,93	0,17	
89,935	0,18	
89,94	0,19	
89,945	0,2	
89,95	0,22	
89,955	0,23	
89,96	0,25	
89,965	0,27	
89,97	0,28	
89,975	0,29	
89,98	0,3	
89,985	0,31	
89,99	0,32	
89,995	0,33	
90,0	0,34	
90,005	0,35	
90,01	0,36	
90,015	0,37	
90,02	0,39	
90,025	0,4	
90,03	0,42	
90,035	0,42	
90,04	0,43	
90,045	0,44	
90,05	0,45	
90,055	0,46	
90,06	0,46	
90,065	0,48	
90,07	0,49	
90,075	0,49	
90,08	0,5	
90,085	0,51	
90,09	0,51	
90,095	0,51	
90,1	0,52	
90,105	0,52	
90,11	0,53	
90,115	0,54	
90,12	0,54	
90,125	0,55	
90,13	0,55	
90,135	0,56	
90,14	0,56	
90,145	0,56	
90,15	0,56	
90,155	0,56	
90,16	0,56	
90,165	0,57	
90,17	0,57	
90,175	0,57	
90,18	0,57	
90,185	0,57	
90,19	0,57	
90,195	0,56	
90,2	0,56	
90,205	0,56	
90,21	0,56	
90,215	0,56	
90,22	0,56	
90,225	0,56	
90,23	0,55	
90,235	0,55	
90,24	0,54	
90,245	0,53	
90,25	0,53	
90,255	0,53	
90,26	0,52	
90,265	0,52	
90,27	0,52	
90,275	0,51	
90,28	0,5	
90,285	0,49	
90,29	0,48	
90,295	0,47	
90,3	0,46	
90,305	0,45	
90,31	0,45	
90,315	0,44	
90,32	0,43	
90,325	0,43	
90,33	0,41	
90,335	0,4	
90,34	0,39	
90,345	0,38	
90,35	0,37	
90,355	0,36	
90,36	0,35	
90,365	0,34	
90,37	0,33	
90,375	0,31	
90,38	0,3	
90,385	0,28	
90,39	0,27	
90,395	0,26	
90,4	0,25	
90,405	0,24	
90,41	0,23	
90,415	0,21	
90,42	0,2	
90,425	0,19	
90,43	0,17	
90,435	0,15	
90,44	0,13	
90,445	0,12	
90,45	0,11	
90,455	0,1	
90,46	0,09	
90,465	0,07	
90,47	0,06	
90,475	0,04	
90,48	0,03	
90,485	0,01	
90,49	-0,01	
90,495	-0,02	
90,5	-0,03	
90,505	-0,05	
90,51	-0,06	
90,515	-0,08	
90,52	-0,09	
90,525	-0,11	
90,53	-0,12	
90,535	-0,14	
90,54	-0,15	
90,545	-0,16	
90,55	-0,18	
90,555	-0,19	
90,56	-0,2	
90,565	-0,21	
90,57	-0,23	
90,575	-0,24	
90,58	-0,26	
90,585	-0,27	
90,59	-0,28	
90,595	-0,3	
90,6	-0,31	
90,605	-0,32	
90,61	-0,33	
90,615	-0,34	
90,62	-0,36	
90,625	-0,37	
90,63	-0,38	
90,635	-0,39	
90,64	-0,4	
90,645	-0,41	
90,65	-0,42	
90,655	-0,43	
90,66	-0,44	
90,665	-0,45	
90,67	-0,46	
90,675	-0,47	
90,68	-0,48	
90,685	-0,49	
90,69	-0,49	
90,695	-0,5	
90,7	-0,5	
90,705	-0,51	
90,71	-0,52	
90,715	-0,52	
90,72	-0,53	
90,725	-0,54	
90,73	-0,55	
90,735	-0,55	
90,74	-0,55	
90,745	-0,56	
90,75	-0,56	
90,755	-0,56	
90,76	-0,57	
90,765	-0,57	
90,77	-0,57	
90,775	-0,57	
90,78	-0,58	
90,785	-0,58	
90,79	-0,58	
90,795	-0,58	
90,8	-0,58	
90,805	-0,58	
90,81	-0,58	
90,815	-0,58	
90,82	-0,58	
90,825	-0,58	
90,83	-0,58	
90,835	-0,58	
90,84	-0,57	
90,845	-0,56	
90,85	-0,55	
90,855	-0,55	
90,86	-0,55	
90,865	-0,55	
90,87	-0,54	
90,875	-0,54	
90,88	-0,53	
90,885	-0,52	
90,89	-0,51	
90,895	-0,51	
90,9	-0,5	
90,905	-0,49	
90,91	-0,49	
90,915	-0,48	
90,92	-0,47	
90,925	-0,46	
90,93	-0,45	
90,935	-0,45	
90,94	-0,44	
90,945	-0,43	
90,95	-0,41	
90,955	-0,4	
90,96	-0,39	
90,965	-0,38	
90,97	-0,37	
90,975	-0,36	
90,98	-0,35	
90,985	-0,34	
90,99	-0,33	
90,995	-0,32	
91,0	-0,3	
91,005	-0,29	
91,01	-0,27	
91,015	-0,26	
91,02	-0,25	
91,025	-0,24	
91,03	-0,23	
91,035	-0,21	
91,04	-0,2	
91,045	-0,18	
91,05	-0,17	
91,055	-0,15	
91,06	-0,14	
91,065	-0,13	
91,07	-0,12	
91,075	-0,1	
91,08	-0,09	
91,085	-0,07	
91,09	-0,05	
91,095	-0,04	
91,1	-0,02	
91,105	-0,01	
91,11	0,01	
91,115	0,02	
91,12	0,03	
91,125	0,04	
91,13	0,06	
91,135	0,07	
91,14	0,09	
91,145	0,1	
91,15	0,12	
91,155	0,14	
91,16	0,15	
91,165	0,17	
91,17	0,18	
91,175	0,19	
91,18	0,2	
91,185	0,21	
91,19	0,23	
91,195	0,24	
91,2	0,25	
91,205	0,27	
91,21	0,28	
91,215	0,29	
91,22	0,3	
91,225	0,31	
91,23	0,32	
91,235	0,33	
91,24	0,34	
91,245	0,36	
91,25	0,37	
91,255	0,38	
91,26	0,39	
91,265	0,4	
91,27	0,41	
91,275	0,42	
91,28	0,43	
91,285	0,44	
91,29	0,45	
91,295	0,46	
91,3	0,46	
91,305	0,47	
91,31	0,47	
91,315	0,48	
91,32	0,49	
91,325	0,5	
91,33	0,51	
91,335	0,52	
91,34	0,52	
91,345	0,52	
91,35	0,53	
91,355	0,53	
91,36	0,53	
91,365	0,54	
91,37	0,54	
91,375	0,55	
91,38	0,55	
91,385	0,55	
91,39	0,55	
91,395	0,55	
91,4	0,55	
91,405	0,55	
91,41	0,55	
91,415	0,56	
91,42	0,56	
91,425	0,56	
91,43	0,56	
91,435	0,56	
91,44	0,55	
91,445	0,55	
91,45	0,55	
91,455	0,54	
91,46	0,54	
91,465	0,54	
91,47	0,53	
91,475	0,53	
91,48	0,52	
91,485	0,52	
91,49	0,51	
91,495	0,51	
91,5	0,5	
91,505	0,5	
91,51	0,49	
91,515	0,48	
91,52	0,48	
91,525	0,47	
91,53	0,46	
91,535	0,46	
91,54	0,45	
91,545	0,44	
91,55	0,43	
91,555	0,42	
91,56	0,41	
91,565	0,4	
91,57	0,39	
91,575	0,38	
91,58	0,37	
91,585	0,36	
91,59	0,35	
91,595	0,34	
91,6	0,32	
91,605	0,31	
91,61	0,3	
91,615	0,29	
91,62	0,28	
91,625	0,27	
91,63	0,26	
91,635	0,25	
91,64	0,24	
91,645	0,22	
91,65	0,21	
91,655	0,19	
91,66	0,18	
91,665	0,17	
91,67	0,16	
91,675	0,14	
91,68	0,13	
91,685	0,12	
91,69	0,1	
91,695	0,09	
91,7	0,08	
91,705	0,07	
91,71	0,06	
91,715	0,04	
91,72	0,03	
91,725	0,01	
91,73	-0,01	
91,735	-0,02	
91,74	-0,03	
91,745	-0,04	
91,75	-0,06	
91,755	-0,07	
91,76	-0,08	
91,765	-0,1	
91,77	-0,11	
91,775	-0,12	
91,78	-0,14	
91,785	-0,15	
91,79	-0,16	
91,795	-0,18	
91,8	-0,19	
91,805	-0,2	
91,81	-0,22	
91,815	-0,23	
91,82	-0,24	
91,825	-0,25	
91,83	-0,26	
91,835	-0,27	
91,84	-0,28	
91,845	-0,29	
91,85	-0,3	
91,855	-0,31	
91,86	-0,32	
91,865	-0,33	
91,87	-0,34	
91,875	-0,35	
91,88	-0,36	
91,885	-0,37	
91,89	-0,38	
91,895	-0,39	
91,9	-0,4	
91,905	-0,4	
91,91	-0,41	
91,915	-0,42	
91,92	-0,43	
91,925	-0,43	
91,93	-0,44	
91,935	-0,45	
91,94	-0,45	
91,945	-0,45	
91,95	-0,46	
91,955	-0,46	
91,96	-0,47	
91,965	-0,47	
91,97	-0,48	
91,975	-0,48	
91,98	-0,49	
91,985	-0,49	
91,99	-0,49	
91,995	-0,5	
92,0	-0,5	
92,005	-0,5	
92,01	-0,5	
92,015	-0,5	
92,02	-0,5	
92,025	-0,5	
92,03	-0,51	
92,035	-0,51	
92,04	-0,5	
92,045	-0,5	
92,05	-0,5	
92,055	-0,5	
92,06	-0,5	
92,065	-0,49	
92,07	-0,49	
92,075	-0,49	
92,08	-0,49	
92,085	-0,49	
92,09	-0,49	
92,095	-0,48	
92,1	-0,48	
92,105	-0,47	
92,11	-0,47	
92,115	-0,46	
92,12	-0,46	
92,125	-0,45	
92,13	-0,45	
92,135	-0,43	
92,14	-0,43	
92,145	-0,42	
92,15	-0,41	
92,155	-0,41	
92,16	-0,4	
92,165	-0,39	
92,17	-0,39	
92,175	-0,38	
92,18	-0,37	
92,185	-0,36	
92,19	-0,35	
92,195	-0,34	
92,2	-0,33	
92,205	-0,32	
92,21	-0,32	
92,215	-0,31	
92,22	-0,3	
92,225	-0,29	
92,23	-0,27	
92,235	-0,26	
92,24	-0,25	
92,245	-0,23	
92,25	-0,22	
92,255	-0,21	
92,26	-0,2	
92,265	-0,2	
92,27	-0,19	
92,275	-0,18	
92,28	-0,17	
92,285	-0,15	
92,29	-0,14	
92,295	-0,12	
92,3	-0,11	
92,305	-0,1	
92,31	-0,09	
92,315	-0,08	
92,32	-0,07	
92,325	-0,06	
92,33	-0,05	
92,335	-0,03	
92,34	-0,02	
92,345	-0,01	
92,35	0,01	
92,355	0,02	
92,36	0,02	
92,365	0,03	
92,37	0,04	
92,375	0,06	
92,38	0,07	
92,385	0,09	
92,39	0,1	
92,395	0,11	
92,4	0,12	
92,405	0,13	
92,41	0,14	
92,415	0,15	
92,42	0,16	
92,425	0,17	
92,43	0,18	
92,435	0,2	
92,44	0,21	
92,445	0,22	
92,45	0,23	
92,455	0,24	
92,46	0,24	
92,465	0,25	
92,47	0,26	
92,475	0,27	
92,48	0,28	
92,485	0,29	
92,49	0,29	
92,495	0,3	
92,5	0,31	
92,505	0,32	
92,51	0,33	
92,515	0,33	
92,52	0,34	
92,525	0,34	
92,53	0,35	
92,535	0,36	
92,54	0,36	
92,545	0,37	
92,55	0,37	
92,555	0,38	
92,56	0,38	
92,565	0,39	
92,57	0,4	
92,575	0,4	
92,58	0,4	
92,585	0,4	
92,59	0,41	
92,595	0,41	
92,6	0,42	
92,605	0,42	
92,61	0,42	
92,615	0,42	
92,62	0,42	
92,625	0,42	
92,63	0,42	
92,635	0,42	
92,64	0,43	
92,645	0,43	
92,65	0,43	
92,655	0,42	
92,66	0,42	
92,665	0,42	
