t, ñ	wz	
0,0	-0,67	
0,005	-0,72	
0,01	-0,76	
0,015	-0,78	
0,02	-0,76	
0,025	-0,73	
0,03	-0,69	
0,035	-0,66	
0,04	-0,67	
0,045	-0,7	
0,05	-0,76	
0,055	-0,82	
0,06	-0,85	
0,065	-0,85	
0,07	-0,83	
0,075	-0,79	
0,08	-0,73	
0,085	-0,71	
0,09	-0,73	
0,095	-0,77	
0,1	-0,83	
0,105	-0,86	
0,11	-0,88	
0,115	-0,87	
0,12	-0,83	
0,125	-0,76	
0,13	-0,73	
0,135	-0,73	
0,14	-0,75	
0,145	-0,79	
0,15	-0,84	
0,155	-0,88	
0,16	-0,88	
0,165	-0,86	
0,17	-0,79	
0,175	-0,75	
0,18	-0,72	
0,185	-0,72	
0,19	-0,74	
0,195	-0,78	
0,2	-0,82	
0,205	-0,83	
0,21	-0,82	
0,215	-0,76	
0,22	-0,7	
0,225	-0,66	
0,23	-0,65	
0,235	-0,66	
0,24	-0,69	
0,245	-0,72	
0,25	-0,75	
0,255	-0,75	
0,26	-0,71	
0,265	-0,66	
0,27	-0,61	
0,275	-0,58	
0,28	-0,57	
0,285	-0,58	
0,29	-0,6	
0,295	-0,63	
0,3	-0,64	
0,305	-0,61	
0,31	-0,57	
0,315	-0,52	
0,32	-0,48	
0,325	-0,45	
0,33	-0,44	
0,335	-0,45	
0,34	-0,47	
0,345	-0,49	
0,35	-0,49	
0,355	-0,45	
0,36	-0,41	
0,365	-0,37	
0,37	-0,33	
0,375	-0,31	
0,38	-0,31	
0,385	-0,32	
0,39	-0,33	
0,395	-0,34	
0,4	-0,32	
0,405	-0,28	
0,41	-0,23	
0,415	-0,18	
0,42	-0,15	
0,425	-0,13	
0,43	-0,14	
0,435	-0,15	
0,44	-0,16	
0,445	-0,15	
0,45	-0,13	
0,455	-0,09	
0,46	-0,05	
0,465	-0,01	
0,47	0,02	
0,475	0,04	
0,48	0,04	
0,485	0,03	
0,49	0,02	
0,495	0,03	
0,5	0,06	
0,505	0,1	
0,51	0,15	
0,515	0,19	
0,52	0,21	
0,525	0,22	
0,53	0,21	
0,535	0,2	
0,54	0,2	
0,545	0,21	
0,55	0,24	
0,555	0,28	
0,56	0,32	
0,565	0,36	
0,57	0,38	
0,575	0,38	
0,58	0,37	
0,585	0,36	
0,59	0,36	
0,595	0,38	
0,6	0,41	
0,605	0,45	
0,61	0,49	
0,615	0,52	
0,62	0,53	
0,625	0,52	
0,63	0,51	
0,635	0,5	
0,64	0,5	
0,645	0,52	
0,65	0,54	
0,655	0,58	
0,66	0,62	
0,665	0,64	
0,67	0,65	
0,675	0,64	
0,68	0,62	
0,685	0,61	
0,69	0,61	
0,695	0,62	
0,7	0,65	
0,705	0,69	
0,71	0,72	
0,715	0,74	
0,72	0,74	
0,725	0,72	
0,73	0,69	
0,735	0,68	
0,74	0,68	
0,745	0,7	
0,75	0,73	
0,755	0,76	
0,76	0,8	
0,765	0,8	
0,77	0,78	
0,775	0,75	
0,78	0,73	
0,785	0,71	
0,79	0,71	
0,795	0,74	
0,8	0,77	
0,805	0,8	
0,81	0,82	
0,815	0,81	
0,82	0,78	
0,825	0,75	
0,83	0,72	
0,835	0,7	
0,84	0,71	
0,845	0,73	
0,85	0,76	
0,855	0,79	
0,86	0,79	
0,865	0,76	
0,87	0,73	
0,875	0,69	
0,88	0,66	
0,885	0,65	
0,89	0,66	
0,895	0,68	
0,9	0,72	
0,905	0,73	
0,91	0,72	
0,915	0,69	
0,92	0,65	
0,925	0,61	
0,93	0,58	
0,935	0,57	
0,94	0,57	
0,945	0,61	
0,95	0,62	
0,955	0,62	
0,96	0,6	
0,965	0,56	
0,97	0,52	
0,975	0,48	
0,98	0,45	
0,985	0,44	
0,99	0,46	
0,995	0,48	
1,0	0,49	
1,005	0,48	
1,01	0,45	
1,015	0,41	
1,02	0,37	
1,025	0,33	
1,03	0,31	
1,035	0,31	
1,04	0,32	
1,045	0,33	
1,05	0,33	
1,055	0,31	
1,06	0,27	
1,065	0,23	
1,07	0,18	
1,075	0,15	
1,08	0,13	
1,085	0,14	
1,09	0,15	
1,095	0,15	
1,1	0,14	
1,105	0,12	
1,11	0,08	
1,115	0,03	
1,12	0	
1,125	-0,04	
1,13	-0,04	
1,135	-0,04	
1,14	-0,03	
1,145	-0,04	
1,15	-0,05	
1,155	-0,09	
1,16	-0,13	
1,165	-0,17	
1,17	-0,21	
1,175	-0,22	
1,18	-0,22	
1,185	-0,22	
1,19	-0,22	
1,195	-0,22	
1,2	-0,25	
1,205	-0,28	
1,21	-0,31	
1,215	-0,36	
1,22	-0,38	
1,225	-0,38	
1,23	-0,38	
1,235	-0,38	
1,24	-0,38	
1,245	-0,4	
1,25	-0,43	
1,255	-0,47	
1,26	-0,5	
1,265	-0,54	
1,27	-0,55	
1,275	-0,55	
1,28	-0,55	
1,285	-0,54	
1,29	-0,55	
1,295	-0,56	
1,3	-0,59	
1,305	-0,61	
1,31	-0,66	
1,315	-0,68	
1,32	-0,68	
1,325	-0,68	
1,33	-0,67	
1,335	-0,66	
1,34	-0,66	
1,345	-0,68	
1,35	-0,71	
1,355	-0,75	
1,36	-0,78	
1,365	-0,8	
1,37	-0,8	
1,375	-0,78	
1,38	-0,77	
1,385	-0,76	
1,39	-0,76	
1,395	-0,77	
1,4	-0,81	
1,405	-0,84	
1,41	-0,85	
1,415	-0,86	
1,42	-0,85	
1,425	-0,84	
1,43	-0,82	
1,435	-0,81	
1,44	-0,8	
1,445	-0,82	
1,45	-0,85	
1,455	-0,87	
1,46	-0,89	
1,465	-0,89	
1,47	-0,89	
1,475	-0,86	
1,48	-0,84	
1,485	-0,82	
1,49	-0,82	
1,495	-0,83	
1,5	-0,85	
1,505	-0,87	
1,51	-0,87	
1,515	-0,87	
1,52	-0,85	
1,525	-0,82	
1,53	-0,8	
1,535	-0,77	
1,54	-0,77	
1,545	-0,78	
1,55	-0,8	
1,555	-0,81	
1,56	-0,81	
1,565	-0,81	
1,57	-0,78	
1,575	-0,75	
1,58	-0,72	
1,585	-0,71	
1,59	-0,7	
1,595	-0,71	
1,6	-0,72	
1,605	-0,72	
1,61	-0,71	
1,615	-0,69	
1,62	-0,66	
1,625	-0,61	
1,63	-0,59	
1,635	-0,58	
1,64	-0,58	
1,645	-0,58	
1,65	-0,58	
1,655	-0,58	
1,66	-0,56	
1,665	-0,54	
1,67	-0,5	
1,675	-0,47	
1,68	-0,45	
1,685	-0,44	
1,69	-0,44	
1,695	-0,44	
1,7	-0,43	
1,705	-0,42	
1,71	-0,39	
1,715	-0,36	
1,72	-0,3	
1,725	-0,28	
1,73	-0,26	
1,735	-0,26	
1,74	-0,26	
1,745	-0,25	
1,75	-0,25	
1,755	-0,23	
1,76	-0,2	
1,765	-0,14	
1,77	-0,11	
1,775	-0,09	
1,78	-0,08	
1,785	-0,08	
1,79	-0,08	
1,795	-0,07	
1,8	-0,06	
1,805	-0,03	
1,81	0,03	
1,815	0,06	
1,82	0,1	
1,825	0,12	
1,83	0,13	
1,835	0,13	
1,84	0,13	
1,845	0,13	
1,85	0,15	
1,855	0,2	
1,86	0,23	
1,865	0,27	
1,87	0,29	
1,875	0,31	
1,88	0,31	
1,885	0,3	
1,89	0,3	
1,895	0,31	
1,9	0,35	
1,905	0,38	
1,91	0,42	
1,915	0,46	
1,92	0,48	
1,925	0,49	
1,93	0,49	
1,935	0,48	
1,94	0,48	
1,945	0,51	
1,95	0,53	
1,955	0,56	
1,96	0,59	
1,965	0,61	
1,97	0,62	
1,975	0,63	
1,98	0,62	
1,985	0,62	
1,99	0,62	
1,995	0,63	
2,0	0,66	
2,005	0,68	
2,01	0,71	
2,015	0,73	
2,02	0,74	
2,025	0,75	
2,03	0,74	
2,035	0,74	
2,04	0,74	
2,045	0,75	
2,05	0,77	
2,055	0,79	
2,06	0,8	
2,065	0,82	
2,07	0,82	
2,075	0,82	
2,08	0,8	
2,085	0,8	
2,09	0,8	
2,095	0,81	
2,1	0,82	
2,105	0,83	
2,11	0,85	
2,115	0,85	
2,12	0,85	
2,125	0,84	
2,13	0,83	
2,135	0,82	
2,14	0,82	
2,145	0,82	
2,15	0,84	
2,155	0,85	
2,16	0,86	
2,165	0,85	
2,17	0,85	
2,175	0,82	
2,18	0,81	
2,185	0,79	
2,19	0,79	
2,195	0,79	
2,2	0,79	
2,205	0,8	
2,21	0,8	
2,215	0,79	
2,22	0,77	
2,225	0,75	
2,23	0,73	
2,235	0,72	
2,24	0,72	
2,245	0,71	
2,25	0,72	
2,255	0,72	
2,26	0,71	
2,265	0,69	
2,27	0,66	
2,275	0,64	
2,28	0,61	
2,285	0,6	
2,29	0,59	
2,295	0,59	
2,3	0,59	
2,305	0,59	
2,31	0,57	
2,315	0,54	
2,32	0,52	
2,325	0,48	
2,33	0,46	
2,335	0,44	
2,34	0,44	
2,345	0,43	
2,35	0,43	
2,355	0,43	
2,36	0,4	
2,365	0,38	
2,37	0,34	
2,375	0,31	
2,38	0,28	
2,385	0,26	
2,39	0,25	
2,395	0,25	
2,4	0,24	
2,405	0,23	
2,41	0,21	
2,415	0,18	
2,42	0,15	
2,425	0,11	
2,43	0,09	
2,435	0,07	
2,44	0,06	
2,445	0,06	
2,45	0,05	
2,455	0,03	
2,46	0,01	
2,465	-0,03	
2,47	-0,06	
2,475	-0,09	
2,48	-0,12	
2,485	-0,13	
2,49	-0,15	
2,495	-0,15	
2,5	-0,16	
2,505	-0,18	
2,51	-0,21	
2,515	-0,24	
2,52	-0,27	
2,525	-0,3	
2,53	-0,31	
2,535	-0,33	
2,54	-0,33	
2,545	-0,34	
2,55	-0,35	
2,555	-0,38	
2,56	-0,4	
2,565	-0,43	
2,57	-0,46	
2,575	-0,48	
2,58	-0,5	
2,585	-0,5	
2,59	-0,51	
2,595	-0,52	
2,6	-0,53	
2,605	-0,56	
2,61	-0,59	
2,615	-0,61	
2,62	-0,63	
2,625	-0,65	
2,63	-0,65	
2,635	-0,65	
2,64	-0,65	
2,645	-0,66	
2,65	-0,68	
2,655	-0,71	
2,66	-0,73	
2,665	-0,75	
2,67	-0,76	
2,675	-0,77	
2,68	-0,77	
2,685	-0,76	
2,69	-0,77	
2,695	-0,78	
2,7	-0,8	
2,705	-0,82	
2,71	-0,84	
2,715	-0,85	
2,72	-0,86	
2,725	-0,85	
2,73	-0,84	
2,735	-0,84	
2,74	-0,84	
2,745	-0,85	
2,75	-0,86	
2,755	-0,88	
2,76	-0,9	
2,765	-0,9	
2,77	-0,9	
2,775	-0,89	
2,78	-0,87	
2,785	-0,87	
2,79	-0,86	
2,795	-0,87	
2,8	-0,88	
2,805	-0,89	
2,81	-0,91	
2,815	-0,91	
2,82	-0,9	
2,825	-0,88	
2,83	-0,86	
2,835	-0,85	
2,84	-0,85	
2,845	-0,85	
2,85	-0,85	
2,855	-0,86	
2,86	-0,86	
2,865	-0,85	
2,87	-0,84	
2,875	-0,82	
2,88	-0,8	
2,885	-0,78	
2,89	-0,77	
2,895	-0,77	
2,9	-0,77	
2,905	-0,77	
2,91	-0,77	
2,915	-0,76	
2,92	-0,74	
2,925	-0,72	
2,93	-0,7	
2,935	-0,68	
2,94	-0,67	
2,945	-0,65	
2,95	-0,64	
2,955	-0,64	
2,96	-0,63	
2,965	-0,62	
2,97	-0,6	
2,975	-0,58	
2,98	-0,56	
2,985	-0,53	
2,99	-0,51	
2,995	-0,5	
3,0	-0,49	
3,005	-0,48	
3,01	-0,47	
3,015	-0,45	
3,02	-0,42	
3,025	-0,4	
3,03	-0,37	
3,035	-0,34	
3,04	-0,33	
3,045	-0,31	
3,05	-0,3	
3,055	-0,29	
3,06	-0,27	
3,065	-0,25	
3,07	-0,22	
3,075	-0,2	
3,08	-0,18	
3,085	-0,15	
3,09	-0,13	
3,095	-0,12	
3,1	-0,1	
3,105	-0,08	
3,11	-0,06	
3,115	-0,04	
3,12	-0,01	
3,125	0,01	
3,13	0,04	
3,135	0,05	
3,14	0,07	
3,145	0,08	
3,15	0,1	
3,155	0,12	
3,16	0,14	
3,165	0,17	
3,17	0,2	
3,175	0,23	
3,18	0,25	
3,185	0,25	
3,19	0,26	
3,195	0,28	
3,2	0,29	
3,205	0,31	
3,21	0,34	
3,215	0,37	
3,22	0,41	
3,225	0,43	
3,23	0,44	
3,235	0,45	
3,24	0,45	
3,245	0,46	
3,25	0,48	
3,255	0,5	
3,26	0,52	
3,265	0,57	
3,27	0,59	
3,275	0,6	
3,28	0,61	
3,285	0,61	
3,29	0,61	
3,295	0,62	
3,3	0,63	
3,305	0,65	
3,31	0,69	
3,315	0,71	
3,32	0,73	
3,325	0,74	
3,33	0,74	
3,335	0,73	
3,34	0,73	
3,345	0,73	
3,35	0,74	
3,355	0,77	
3,36	0,79	
3,365	0,82	
3,37	0,83	
3,375	0,83	
3,38	0,83	
3,385	0,82	
3,39	0,81	
3,395	0,81	
3,4	0,83	
3,405	0,84	
3,41	0,86	
3,415	0,87	
3,42	0,88	
3,425	0,88	
3,43	0,87	
3,435	0,86	
3,44	0,85	
3,445	0,85	
3,45	0,86	
3,455	0,87	
3,46	0,88	
3,465	0,88	
3,47	0,88	
3,475	0,87	
3,48	0,86	
3,485	0,85	
3,49	0,84	
3,495	0,83	
3,5	0,83	
3,505	0,84	
3,51	0,84	
3,515	0,84	
3,52	0,83	
3,525	0,82	
3,53	0,8	
3,535	0,79	
3,54	0,78	
3,545	0,77	
3,55	0,77	
3,555	0,77	
3,56	0,76	
3,565	0,75	
3,57	0,74	
3,575	0,72	
3,58	0,7	
3,585	0,68	
3,59	0,67	
3,595	0,66	
3,6	0,65	
3,605	0,64	
3,61	0,63	
3,615	0,61	
3,62	0,59	
3,625	0,57	
3,63	0,55	
3,635	0,53	
3,64	0,52	
3,645	0,51	
3,65	0,5	
3,655	0,49	
3,66	0,47	
3,665	0,45	
3,67	0,43	
3,675	0,4	
3,68	0,38	
3,685	0,36	
3,69	0,34	
3,695	0,33	
3,7	0,32	
3,705	0,3	
3,71	0,29	
3,715	0,26	
3,72	0,23	
3,725	0,2	
3,73	0,18	
3,735	0,16	
3,74	0,15	
3,745	0,13	
3,75	0,12	
3,755	0,11	
3,76	0,09	
3,765	0,05	
3,77	0,03	
3,775	0	
3,78	-0,02	
3,785	-0,04	
3,79	-0,06	
3,795	-0,07	
3,8	-0,09	
3,805	-0,11	
3,81	-0,13	
3,815	-0,16	
3,82	-0,19	
3,825	-0,21	
3,83	-0,23	
3,835	-0,25	
3,84	-0,26	
3,845	-0,27	
3,85	-0,28	
3,855	-0,31	
3,86	-0,33	
3,865	-0,35	
3,87	-0,37	
3,875	-0,4	
3,88	-0,42	
3,885	-0,44	
3,89	-0,45	
3,895	-0,46	
3,9	-0,48	
3,905	-0,49	
3,91	-0,51	
3,915	-0,53	
3,92	-0,55	
3,925	-0,58	
3,93	-0,59	
3,935	-0,6	
3,94	-0,61	
3,945	-0,62	
3,95	-0,63	
3,955	-0,64	
3,96	-0,65	
3,965	-0,67	
3,97	-0,69	
3,975	-0,71	
3,98	-0,72	
3,985	-0,73	
3,99	-0,74	
3,995	-0,75	
4,0	-0,75	
4,005	-0,76	
4,01	-0,78	
4,015	-0,79	
4,02	-0,8	
4,025	-0,81	
4,03	-0,82	
4,035	-0,82	
4,04	-0,82	
4,045	-0,82	
4,05	-0,83	
4,055	-0,84	
4,06	-0,85	
4,065	-0,86	
4,07	-0,87	
4,075	-0,87	
4,08	-0,87	
4,085	-0,86	
4,09	-0,85	
4,095	-0,85	
4,1	-0,86	
4,105	-0,86	
4,11	-0,88	
4,115	-0,89	
4,12	-0,89	
4,125	-0,88	
4,13	-0,87	
4,135	-0,86	
4,14	-0,85	
4,145	-0,84	
4,15	-0,84	
4,155	-0,85	
4,16	-0,85	
4,165	-0,85	
4,17	-0,85	
4,175	-0,83	
4,18	-0,81	
4,185	-0,8	
4,19	-0,79	
4,195	-0,78	
4,2	-0,78	
4,205	-0,79	
4,21	-0,79	
4,215	-0,78	
4,22	-0,76	
4,225	-0,75	
4,23	-0,73	
4,235	-0,71	
4,24	-0,69	
4,245	-0,68	
4,25	-0,68	
4,255	-0,67	
4,26	-0,67	
4,265	-0,65	
4,27	-0,63	
4,275	-0,61	
4,28	-0,59	
4,285	-0,57	
4,29	-0,56	
4,295	-0,54	
4,3	-0,53	
4,305	-0,52	
4,31	-0,51	
4,315	-0,49	
4,32	-0,48	
4,325	-0,45	
4,33	-0,43	
4,335	-0,41	
4,34	-0,4	
4,345	-0,38	
4,35	-0,36	
4,355	-0,34	
4,36	-0,32	
4,365	-0,3	
4,37	-0,28	
4,375	-0,26	
4,38	-0,24	
4,385	-0,22	
4,39	-0,2	
4,395	-0,19	
4,4	-0,17	
4,405	-0,15	
4,41	-0,13	
4,415	-0,11	
4,42	-0,09	
4,425	-0,07	
4,43	-0,05	
4,435	-0,03	
4,44	-0,01	
4,445	0,01	
4,45	0,04	
4,455	0,06	
4,46	0,07	
4,465	0,1	
4,47	0,12	
4,475	0,14	
4,48	0,16	
4,485	0,18	
4,49	0,19	
4,495	0,21	
4,5	0,23	
4,505	0,25	
4,51	0,26	
4,515	0,28	
4,52	0,3	
4,525	0,33	
4,53	0,34	
4,535	0,36	
4,54	0,38	
4,545	0,39	
4,55	0,41	
4,555	0,43	
4,56	0,45	
4,565	0,47	
4,57	0,49	
4,575	0,51	
4,58	0,52	
4,585	0,54	
4,59	0,55	
4,595	0,56	
4,6	0,57	
4,605	0,58	
4,61	0,6	
4,615	0,61	
4,62	0,63	
4,625	0,64	
4,63	0,66	
4,635	0,67	
4,64	0,67	
4,645	0,68	
4,65	0,69	
4,655	0,7	
4,66	0,71	
4,665	0,73	
4,67	0,74	
4,675	0,76	
4,68	0,77	
4,685	0,78	
4,69	0,77	
4,695	0,77	
4,7	0,78	
4,705	0,78	
4,71	0,79	
4,715	0,8	
4,72	0,82	
4,725	0,82	
4,73	0,83	
4,735	0,82	
4,74	0,82	
4,745	0,82	
4,75	0,82	
4,755	0,82	
4,76	0,83	
4,765	0,83	
4,77	0,84	
4,775	0,84	
4,78	0,84	
4,785	0,83	
4,79	0,82	
4,795	0,81	
4,8	0,81	
4,805	0,8	
4,81	0,81	
4,815	0,81	
4,82	0,81	
4,825	0,81	
4,83	0,8	
4,835	0,79	
4,84	0,77	
4,845	0,76	
4,85	0,75	
4,855	0,75	
4,86	0,75	
4,865	0,75	
4,87	0,75	
4,875	0,74	
4,88	0,72	
4,885	0,71	
4,89	0,69	
4,895	0,68	
4,9	0,67	
4,905	0,66	
4,91	0,65	
4,915	0,64	
4,92	0,63	
4,925	0,62	
4,93	0,6	
4,935	0,58	
4,94	0,57	
4,945	0,55	
4,95	0,53	
4,955	0,52	
4,96	0,52	
4,965	0,51	
4,97	0,49	
4,975	0,47	
4,98	0,45	
4,985	0,43	
4,99	0,41	
4,995	0,39	
5,0	0,38	
5,005	0,37	
5,01	0,35	
5,015	0,33	
5,02	0,31	
5,025	0,29	
5,03	0,27	
5,035	0,25	
5,04	0,22	
5,045	0,21	
5,05	0,2	
5,055	0,19	
5,06	0,17	
5,065	0,15	
5,07	0,12	
5,075	0,11	
5,08	0,08	
5,085	0,05	
5,09	0,04	
5,095	0,02	
5,1	0,01	
5,105	-0,01	
5,11	-0,03	
5,115	-0,05	
5,12	-0,07	
5,125	-0,09	
5,13	-0,12	
5,135	-0,14	
5,14	-0,15	
5,145	-0,17	
5,15	-0,18	
5,155	-0,2	
5,16	-0,22	
5,165	-0,24	
5,17	-0,26	
5,175	-0,29	
5,18	-0,3	
5,185	-0,32	
5,19	-0,33	
5,195	-0,35	
5,2	-0,36	
5,205	-0,38	
5,21	-0,4	
5,215	-0,41	
5,22	-0,44	
5,225	-0,45	
5,23	-0,47	
5,235	-0,49	
5,24	-0,5	
5,245	-0,51	
5,25	-0,52	
5,255	-0,53	
5,26	-0,54	
5,265	-0,56	
5,27	-0,58	
5,275	-0,6	
5,28	-0,61	
5,285	-0,62	
5,29	-0,63	
5,295	-0,64	
5,3	-0,65	
5,305	-0,65	
5,31	-0,67	
5,315	-0,68	
5,32	-0,69	
5,325	-0,7	
5,33	-0,71	
5,335	-0,72	
5,34	-0,73	
5,345	-0,74	
5,35	-0,74	
5,355	-0,75	
5,36	-0,75	
5,365	-0,76	
5,37	-0,76	
5,375	-0,77	
5,38	-0,78	
5,385	-0,79	
5,39	-0,79	
5,395	-0,79	
5,4	-0,79	
5,405	-0,79	
5,41	-0,79	
5,415	-0,8	
5,42	-0,8	
5,425	-0,81	
5,43	-0,81	
5,435	-0,81	
5,44	-0,81	
5,445	-0,81	
5,45	-0,8	
5,455	-0,79	
5,46	-0,79	
5,465	-0,79	
5,47	-0,79	
5,475	-0,79	
5,48	-0,79	
5,485	-0,78	
5,49	-0,78	
5,495	-0,76	
5,5	-0,76	
5,505	-0,75	
5,51	-0,75	
5,515	-0,75	
5,52	-0,75	
5,525	-0,74	
5,53	-0,73	
5,535	-0,72	
5,54	-0,7	
5,545	-0,69	
5,55	-0,68	
5,555	-0,67	
5,56	-0,67	
5,565	-0,66	
5,57	-0,65	
5,575	-0,64	
5,58	-0,63	
5,585	-0,6	
5,59	-0,59	
5,595	-0,57	
5,6	-0,56	
5,605	-0,55	
5,61	-0,55	
5,615	-0,54	
5,62	-0,53	
5,625	-0,51	
5,63	-0,49	
5,635	-0,47	
5,64	-0,45	
5,645	-0,44	
5,65	-0,42	
5,655	-0,41	
5,66	-0,4	
5,665	-0,38	
5,67	-0,37	
5,675	-0,34	
5,68	-0,32	
5,685	-0,3	
5,69	-0,29	
5,695	-0,27	
5,7	-0,25	
5,705	-0,24	
5,71	-0,23	
5,715	-0,21	
5,72	-0,19	
5,725	-0,17	
5,73	-0,15	
5,735	-0,13	
5,74	-0,11	
5,745	-0,09	
5,75	-0,08	
5,755	-0,06	
5,76	-0,05	
5,765	-0,03	
5,77	-0,01	
5,775	0,01	
5,78	0,04	
5,785	0,06	
5,79	0,07	
5,795	0,09	
5,8	0,1	
5,805	0,11	
5,81	0,13	
5,815	0,15	
5,82	0,17	
5,825	0,19	
5,83	0,22	
5,835	0,23	
5,84	0,25	
5,845	0,27	
5,85	0,28	
5,855	0,29	
5,86	0,31	
5,865	0,33	
5,87	0,34	
5,875	0,36	
5,88	0,38	
5,885	0,4	
5,89	0,41	
5,895	0,43	
5,9	0,44	
5,905	0,46	
5,91	0,47	
5,915	0,48	
5,92	0,5	
5,925	0,51	
5,93	0,52	
5,935	0,54	
5,94	0,55	
5,945	0,56	
5,95	0,57	
5,955	0,58	
5,96	0,59	
5,965	0,6	
5,97	0,62	
5,975	0,63	
5,98	0,64	
5,985	0,65	
5,99	0,65	
5,995	0,66	
6,0	0,67	
6,005	0,68	
6,01	0,69	
6,015	0,7	
6,02	0,7	
6,025	0,71	
6,03	0,71	
6,035	0,72	
6,04	0,72	
6,045	0,73	
6,05	0,73	
6,055	0,74	
6,06	0,74	
6,065	0,75	
6,07	0,75	
6,075	0,75	
6,08	0,76	
6,085	0,76	
6,09	0,76	
6,095	0,76	
6,1	0,76	
6,105	0,76	
6,11	0,76	
6,115	0,76	
6,12	0,76	
6,125	0,76	
6,13	0,75	
6,135	0,75	
6,14	0,74	
6,145	0,74	
6,15	0,74	
6,155	0,73	
6,16	0,73	
6,165	0,73	
6,17	0,72	
6,175	0,72	
6,18	0,71	
6,185	0,71	
6,19	0,7	
6,195	0,69	
6,2	0,68	
6,205	0,67	
6,21	0,66	
6,215	0,66	
6,22	0,65	
6,225	0,64	
6,23	0,63	
6,235	0,62	
6,24	0,61	
6,245	0,59	
6,25	0,58	
6,255	0,57	
6,26	0,56	
6,265	0,55	
6,27	0,54	
6,275	0,53	
6,28	0,52	
6,285	0,51	
6,29	0,49	
6,295	0,48	
6,3	0,46	
6,305	0,44	
6,31	0,43	
6,315	0,41	
6,32	0,4	
6,325	0,39	
6,33	0,37	
6,335	0,36	
6,34	0,34	
6,345	0,32	
6,35	0,3	
6,355	0,29	
6,36	0,27	
6,365	0,26	
6,37	0,24	
6,375	0,23	
6,38	0,22	
6,385	0,2	
6,39	0,18	
6,395	0,16	
6,4	0,14	
6,405	0,12	
6,41	0,1	
6,415	0,09	
6,42	0,07	
6,425	0,06	
6,43	0,04	
6,435	0,02	
6,44	0	
6,445	-0,02	
6,45	-0,04	
6,455	-0,05	
6,46	-0,07	
6,465	-0,08	
6,47	-0,1	
6,475	-0,11	
6,48	-0,13	
6,485	-0,15	
6,49	-0,16	
6,495	-0,19	
6,5	-0,2	
6,505	-0,22	
6,51	-0,23	
6,515	-0,25	
6,52	-0,27	
6,525	-0,28	
6,53	-0,3	
6,535	-0,32	
6,54	-0,34	
6,545	-0,35	
6,55	-0,36	
6,555	-0,37	
6,56	-0,38	
6,565	-0,4	
6,57	-0,42	
6,575	-0,43	
6,58	-0,45	
6,585	-0,47	
6,59	-0,48	
6,595	-0,48	
6,6	-0,49	
6,605	-0,5	
6,61	-0,51	
6,615	-0,53	
6,62	-0,54	
6,625	-0,56	
6,63	-0,58	
6,635	-0,59	
6,64	-0,6	
6,645	-0,6	
6,65	-0,61	
6,655	-0,61	
6,66	-0,62	
6,665	-0,63	
6,67	-0,64	
6,675	-0,66	
6,68	-0,67	
6,685	-0,67	
6,69	-0,68	
6,695	-0,68	
6,7	-0,68	
6,705	-0,68	
6,71	-0,69	
6,715	-0,69	
6,72	-0,7	
6,725	-0,72	
6,73	-0,72	
6,735	-0,73	
6,74	-0,73	
6,745	-0,73	
6,75	-0,73	
6,755	-0,73	
6,76	-0,73	
6,765	-0,74	
6,77	-0,75	
6,775	-0,75	
6,78	-0,74	
6,785	-0,74	
6,79	-0,73	
6,795	-0,72	
6,8	-0,72	
6,805	-0,72	
6,81	-0,73	
6,815	-0,73	
6,82	-0,73	
6,825	-0,72	
6,83	-0,72	
6,835	-0,72	
6,84	-0,71	
6,845	-0,7	
6,85	-0,7	
6,855	-0,69	
6,86	-0,69	
6,865	-0,68	
6,87	-0,68	
6,875	-0,67	
6,88	-0,66	
6,885	-0,64	
6,89	-0,63	
6,895	-0,62	
6,9	-0,62	
6,905	-0,61	
6,91	-0,6	
6,915	-0,6	
6,92	-0,59	
6,925	-0,58	
6,93	-0,56	
6,935	-0,55	
6,94	-0,54	
6,945	-0,53	
6,95	-0,52	
6,955	-0,51	
6,96	-0,5	
6,965	-0,48	
6,97	-0,47	
6,975	-0,46	
6,98	-0,44	
6,985	-0,43	
6,99	-0,41	
6,995	-0,39	
7,0	-0,38	
7,005	-0,36	
7,01	-0,35	
7,015	-0,33	
7,02	-0,32	
7,025	-0,3	
7,03	-0,29	
7,035	-0,28	
7,04	-0,26	
7,045	-0,25	
7,05	-0,23	
7,055	-0,22	
7,06	-0,2	
7,065	-0,18	
7,07	-0,17	
7,075	-0,15	
7,08	-0,14	
7,085	-0,11	
7,09	-0,09	
7,095	-0,08	
7,1	-0,06	
7,105	-0,04	
7,11	-0,03	
7,115	-0,01	
7,12	0,01	
7,125	0,02	
7,13	0,04	
7,135	0,06	
7,14	0,07	
7,145	0,09	
7,15	0,1	
7,155	0,12	
7,16	0,13	
7,165	0,15	
7,17	0,16	
7,175	0,18	
7,18	0,2	
7,185	0,22	
7,19	0,23	
7,195	0,25	
7,2	0,27	
7,205	0,28	
7,21	0,3	
7,215	0,31	
7,22	0,33	
7,225	0,34	
7,23	0,36	
7,235	0,37	
7,24	0,38	
7,245	0,4	
7,25	0,41	
7,255	0,42	
7,26	0,44	
7,265	0,45	
7,27	0,46	
7,275	0,47	
7,28	0,49	
7,285	0,5	
7,29	0,51	
7,295	0,52	
7,3	0,54	
7,305	0,55	
7,31	0,56	
7,315	0,57	
7,32	0,58	
7,325	0,59	
7,33	0,59	
7,335	0,6	
7,34	0,62	
7,345	0,63	
7,35	0,64	
7,355	0,64	
7,36	0,65	
7,365	0,66	
7,37	0,66	
7,375	0,67	
7,38	0,67	
7,385	0,68	
7,39	0,68	
7,395	0,69	
7,4	0,69	
7,405	0,7	
7,41	0,7	
7,415	0,71	
7,42	0,71	
7,425	0,71	
7,43	0,71	
7,435	0,71	
7,44	0,72	
7,445	0,72	
7,45	0,72	
7,455	0,72	
7,46	0,72	
7,465	0,72	
7,47	0,72	
7,475	0,72	
7,48	0,71	
7,485	0,71	
7,49	0,71	
7,495	0,7	
7,5	0,7	
7,505	0,7	
7,51	0,7	
7,515	0,69	
7,52	0,69	
7,525	0,68	
7,53	0,68	
7,535	0,67	
7,54	0,67	
7,545	0,66	
7,55	0,65	
7,555	0,65	
7,56	0,64	
7,565	0,63	
7,57	0,63	
7,575	0,62	
7,58	0,61	
7,585	0,59	
7,59	0,58	
7,595	0,57	
7,6	0,56	
7,605	0,56	
7,61	0,55	
7,615	0,54	
7,62	0,53	
7,625	0,52	
7,63	0,51	
7,635	0,49	
7,64	0,48	
7,645	0,46	
7,65	0,45	
7,655	0,44	
7,66	0,43	
7,665	0,41	
7,67	0,4	
7,675	0,38	
7,68	0,36	
7,685	0,35	
7,69	0,34	
7,695	0,33	
7,7	0,31	
7,705	0,3	
7,71	0,28	
7,715	0,27	
7,72	0,25	
7,725	0,23	
7,73	0,22	
7,735	0,2	
7,74	0,18	
7,745	0,17	
7,75	0,15	
7,755	0,14	
7,76	0,12	
7,765	0,1	
7,77	0,08	
7,775	0,07	
7,78	0,05	
7,785	0,04	
7,79	0,02	
7,795	0	
7,8	-0,01	
7,805	-0,03	
7,81	-0,05	
7,815	-0,07	
7,82	-0,09	
7,825	-0,1	
7,83	-0,11	
7,835	-0,12	
7,84	-0,14	
7,845	-0,15	
7,85	-0,17	
7,855	-0,19	
7,86	-0,22	
7,865	-0,23	
7,87	-0,25	
7,875	-0,26	
7,88	-0,27	
7,885	-0,29	
7,89	-0,3	
7,895	-0,32	
7,9	-0,33	
7,905	-0,36	
7,91	-0,37	
7,915	-0,38	
7,92	-0,4	
7,925	-0,41	
7,93	-0,42	
7,935	-0,43	
7,94	-0,45	
7,945	-0,46	
7,95	-0,48	
7,955	-0,49	
7,96	-0,5	
7,965	-0,51	
7,97	-0,52	
7,975	-0,53	
7,98	-0,54	
7,985	-0,55	
7,99	-0,57	
7,995	-0,58	
8,0	-0,59	
8,005	-0,6	
8,01	-0,61	
8,015	-0,62	
8,02	-0,63	
8,025	-0,63	
8,03	-0,64	
8,035	-0,65	
8,04	-0,66	
8,045	-0,67	
8,05	-0,68	
8,055	-0,68	
8,06	-0,69	
8,065	-0,69	
8,07	-0,69	
8,075	-0,7	
8,08	-0,7	
8,085	-0,71	
8,09	-0,72	
8,095	-0,72	
8,1	-0,72	
8,105	-0,72	
8,11	-0,73	
8,115	-0,72	
8,12	-0,73	
8,125	-0,73	
8,13	-0,73	
8,135	-0,73	
8,14	-0,73	
8,145	-0,73	
8,15	-0,73	
8,155	-0,73	
8,16	-0,73	
8,165	-0,72	
8,17	-0,72	
8,175	-0,72	
8,18	-0,71	
8,185	-0,71	
8,19	-0,71	
8,195	-0,7	
8,2	-0,7	
8,205	-0,69	
8,21	-0,69	
8,215	-0,68	
8,22	-0,68	
8,225	-0,67	
8,23	-0,66	
8,235	-0,66	
8,24	-0,65	
8,245	-0,64	
8,25	-0,64	
8,255	-0,63	
8,26	-0,62	
8,265	-0,6	
8,27	-0,59	
8,275	-0,58	
8,28	-0,57	
8,285	-0,56	
8,29	-0,56	
8,295	-0,54	
8,3	-0,53	
8,305	-0,52	
8,31	-0,51	
8,315	-0,49	
8,32	-0,48	
8,325	-0,47	
8,33	-0,45	
8,335	-0,44	
8,34	-0,43	
8,345	-0,42	
8,35	-0,4	
8,355	-0,39	
8,36	-0,37	
8,365	-0,35	
8,37	-0,34	
8,375	-0,32	
8,38	-0,31	
8,385	-0,29	
8,39	-0,28	
8,395	-0,26	
8,4	-0,25	
8,405	-0,23	
8,41	-0,21	
8,415	-0,2	
8,42	-0,18	
8,425	-0,16	
8,43	-0,15	
8,435	-0,13	
8,44	-0,12	
8,445	-0,11	
8,45	-0,09	
8,455	-0,07	
8,46	-0,05	
8,465	-0,03	
8,47	-0,01	
8,475	0	
8,48	0,02	
8,485	0,04	
8,49	0,05	
8,495	0,07	
8,5	0,09	
8,505	0,11	
8,51	0,13	
8,515	0,14	
8,52	0,16	
8,525	0,17	
8,53	0,19	
8,535	0,2	
8,54	0,22	
8,545	0,24	
8,55	0,26	
8,555	0,28	
8,56	0,3	
8,565	0,31	
8,57	0,32	
8,575	0,33	
8,58	0,35	
8,585	0,36	
8,59	0,38	
8,595	0,4	
8,6	0,41	
8,605	0,43	
8,61	0,45	
8,615	0,46	
8,62	0,47	
8,625	0,48	
8,63	0,49	
8,635	0,51	
8,64	0,52	
8,645	0,54	
8,65	0,55	
8,655	0,57	
8,66	0,58	
8,665	0,59	
8,67	0,59	
8,675	0,6	
8,68	0,61	
8,685	0,62	
8,69	0,63	
8,695	0,64	
8,7	0,65	
8,705	0,66	
8,71	0,67	
8,715	0,68	
8,72	0,68	
8,725	0,68	
8,73	0,69	
8,735	0,69	
8,74	0,71	
8,745	0,72	
8,75	0,73	
8,755	0,73	
8,76	0,74	
8,765	0,74	
8,77	0,73	
8,775	0,73	
8,78	0,73	
8,785	0,73	
8,79	0,74	
8,795	0,75	
8,8	0,75	
8,805	0,75	
8,81	0,75	
8,815	0,75	
8,82	0,75	
8,825	0,75	
8,83	0,74	
8,835	0,74	
8,84	0,74	
8,845	0,74	
8,85	0,74	
8,855	0,74	
8,86	0,74	
8,865	0,73	
8,87	0,72	
8,875	0,72	
8,88	0,71	
8,885	0,71	
8,89	0,71	
8,895	0,7	
8,9	0,69	
8,905	0,68	
8,91	0,67	
8,915	0,67	
8,92	0,66	
8,925	0,65	
8,93	0,64	
8,935	0,63	
8,94	0,62	
8,945	0,61	
8,95	0,6	
8,955	0,59	
8,96	0,58	
8,965	0,57	
8,97	0,55	
8,975	0,54	
8,98	0,53	
8,985	0,52	
8,99	0,51	
8,995	0,5	
9,0	0,48	
9,005	0,46	
9,01	0,45	
9,015	0,43	
9,02	0,42	
9,025	0,41	
9,03	0,4	
9,035	0,38	
9,04	0,37	
9,045	0,34	
9,05	0,33	
9,055	0,31	
9,06	0,3	
9,065	0,28	
9,07	0,26	
9,075	0,25	
9,08	0,23	
9,085	0,21	
9,09	0,19	
9,095	0,18	
9,1	0,16	
9,105	0,14	
9,11	0,13	
9,115	0,11	
9,12	0,09	
9,125	0,07	
9,13	0,06	
9,135	0,03	
9,14	0,02	
9,145	0	
9,15	-0,01	
9,155	-0,03	
9,16	-0,05	
9,165	-0,07	
9,17	-0,09	
9,175	-0,11	
9,18	-0,13	
9,185	-0,15	
9,19	-0,16	
9,195	-0,18	
9,2	-0,19	
9,205	-0,21	
9,21	-0,23	
9,215	-0,25	
9,22	-0,26	
9,225	-0,29	
9,23	-0,3	
9,235	-0,32	
9,24	-0,33	
9,245	-0,34	
9,25	-0,35	
9,255	-0,37	
9,26	-0,39	
9,265	-0,41	
9,27	-0,44	
9,275	-0,45	
9,28	-0,46	
9,285	-0,47	
9,29	-0,48	
9,295	-0,49	
9,3	-0,51	
9,305	-0,52	
9,31	-0,54	
9,315	-0,56	
9,32	-0,57	
9,325	-0,58	
9,33	-0,59	
9,335	-0,6	
9,34	-0,6	
9,345	-0,62	
9,35	-0,63	
9,355	-0,64	
9,36	-0,66	
9,365	-0,67	
9,37	-0,68	
9,375	-0,69	
9,38	-0,69	
9,385	-0,7	
9,39	-0,7	
9,395	-0,71	
9,4	-0,72	
9,405	-0,74	
9,41	-0,75	
9,415	-0,75	
9,42	-0,75	
9,425	-0,76	
9,43	-0,76	
9,435	-0,76	
9,44	-0,76	
9,445	-0,77	
9,45	-0,77	
9,455	-0,78	
9,46	-0,79	
9,465	-0,79	
9,47	-0,79	
9,475	-0,79	
9,48	-0,78	
9,485	-0,78	
9,49	-0,78	
9,495	-0,79	
9,5	-0,79	
9,505	-0,79	
9,51	-0,78	
9,515	-0,78	
9,52	-0,77	
9,525	-0,77	
9,53	-0,76	
9,535	-0,76	
9,54	-0,76	
9,545	-0,75	
9,55	-0,75	
9,555	-0,74	
9,56	-0,74	
9,565	-0,73	
9,57	-0,72	
9,575	-0,7	
9,58	-0,7	
9,585	-0,69	
9,59	-0,69	
9,595	-0,68	
9,6	-0,68	
9,605	-0,66	
9,61	-0,65	
9,615	-0,64	
9,62	-0,62	
9,625	-0,61	
9,63	-0,6	
9,635	-0,58	
9,64	-0,58	
9,645	-0,57	
9,65	-0,56	
9,655	-0,54	
9,66	-0,53	
9,665	-0,51	
9,67	-0,5	
9,675	-0,48	
9,68	-0,47	
9,685	-0,45	
9,69	-0,44	
9,695	-0,43	
9,7	-0,41	
9,705	-0,4	
9,71	-0,38	
9,715	-0,36	
9,72	-0,34	
9,725	-0,32	
9,73	-0,3	
9,735	-0,28	
9,74	-0,27	
9,745	-0,25	
9,75	-0,24	
9,755	-0,22	
9,76	-0,2	
9,765	-0,18	
9,77	-0,16	
9,775	-0,14	
9,78	-0,12	
9,785	-0,11	
9,79	-0,09	
9,795	-0,08	
9,8	-0,06	
9,805	-0,04	
9,81	-0,02	
9,815	0,01	
9,82	0,03	
9,825	0,04	
9,83	0,06	
9,835	0,08	
9,84	0,1	
9,845	0,12	
9,85	0,13	
9,855	0,15	
9,86	0,18	
9,865	0,2	
9,87	0,21	
9,875	0,23	
9,88	0,25	
9,885	0,27	
9,89	0,29	
9,895	0,3	
9,9	0,32	
9,905	0,33	
9,91	0,36	
9,915	0,37	
9,92	0,39	
9,925	0,4	
9,93	0,42	
9,935	0,44	
9,94	0,45	
9,945	0,47	
9,95	0,48	
9,955	0,51	
9,96	0,52	
9,965	0,53	
9,97	0,55	
9,975	0,56	
9,98	0,57	
9,985	0,59	
9,99	0,6	
9,995	0,61	
10,0	0,63	
10,005	0,64	
10,01	0,65	
10,015	0,67	
10,02	0,68	
10,025	0,69	
10,03	0,7	
10,035	0,71	
10,04	0,71	
10,045	0,73	
10,05	0,73	
10,055	0,74	
10,06	0,75	
10,065	0,76	
10,07	0,76	
10,075	0,77	
10,08	0,77	
10,085	0,78	
10,09	0,78	
10,095	0,79	
10,1	0,79	
10,105	0,8	
10,11	0,8	
10,115	0,81	
10,12	0,81	
10,125	0,81	
10,13	0,81	
10,135	0,81	
10,14	0,81	
10,145	0,82	
10,15	0,82	
10,155	0,82	
10,16	0,82	
10,165	0,82	
10,17	0,81	
10,175	0,81	
10,18	0,8	
10,185	0,8	
10,19	0,8	
10,195	0,79	
10,2	0,79	
10,205	0,79	
10,21	0,79	
10,215	0,78	
10,22	0,77	
10,225	0,76	
10,23	0,74	
10,235	0,73	
10,24	0,73	
10,245	0,73	
10,25	0,72	
10,255	0,72	
10,26	0,72	
10,265	0,7	
10,27	0,68	
10,275	0,67	
10,28	0,65	
10,285	0,64	
10,29	0,63	
10,295	0,62	
10,3	0,61	
10,305	0,6	
10,31	0,59	
10,315	0,57	
10,32	0,55	
10,325	0,54	
10,33	0,52	
10,335	0,51	
10,34	0,49	
10,345	0,48	
10,35	0,47	
10,355	0,46	
10,36	0,44	
10,365	0,42	
10,37	0,4	
10,375	0,38	
10,38	0,37	
10,385	0,35	
10,39	0,33	
10,395	0,32	
10,4	0,3	
10,405	0,28	
10,41	0,25	
10,415	0,23	
10,42	0,21	
10,425	0,2	
10,43	0,18	
10,435	0,16	
10,44	0,15	
10,445	0,13	
10,45	0,11	
10,455	0,08	
10,46	0,06	
10,465	0,04	
10,47	0,02	
10,475	0	
10,48	-0,01	
10,485	-0,03	
10,49	-0,05	
10,495	-0,07	
10,5	-0,1	
10,505	-0,12	
10,51	-0,14	
10,515	-0,16	
10,52	-0,17	
10,525	-0,19	
10,53	-0,2	
10,535	-0,22	
10,54	-0,24	
10,545	-0,27	
10,55	-0,29	
10,555	-0,31	
10,56	-0,33	
10,565	-0,35	
10,57	-0,36	
10,575	-0,38	
10,58	-0,39	
10,585	-0,4	
10,59	-0,43	
10,595	-0,44	
10,6	-0,46	
10,605	-0,48	
10,61	-0,5	
10,615	-0,51	
10,62	-0,53	
10,625	-0,54	
10,63	-0,56	
10,635	-0,58	
10,64	-0,59	
10,645	-0,6	
10,65	-0,62	
10,655	-0,63	
10,66	-0,64	
10,665	-0,66	
10,67	-0,67	
10,675	-0,68	
10,68	-0,69	
10,685	-0,7	
10,69	-0,71	
10,695	-0,72	
10,7	-0,73	
10,705	-0,74	
10,71	-0,75	
10,715	-0,75	
10,72	-0,76	
10,725	-0,78	
10,73	-0,78	
10,735	-0,79	
10,74	-0,79	
10,745	-0,8	
10,75	-0,8	
10,755	-0,81	
10,76	-0,82	
10,765	-0,82	
10,77	-0,83	
10,775	-0,83	
10,78	-0,83	
10,785	-0,83	
10,79	-0,84	
10,795	-0,84	
10,8	-0,84	
10,805	-0,84	
10,81	-0,84	
10,815	-0,84	
10,82	-0,84	
10,825	-0,84	
10,83	-0,83	
10,835	-0,84	
10,84	-0,83	
10,845	-0,83	
10,85	-0,83	
10,855	-0,82	
10,86	-0,82	
10,865	-0,81	
10,87	-0,8	
10,875	-0,8	
10,88	-0,79	
10,885	-0,78	
10,89	-0,78	
10,895	-0,77	
10,9	-0,76	
10,905	-0,75	
10,91	-0,74	
10,915	-0,73	
10,92	-0,72	
10,925	-0,71	
10,93	-0,7	
10,935	-0,7	
10,94	-0,68	
10,945	-0,67	
10,95	-0,66	
10,955	-0,64	
10,96	-0,63	
10,965	-0,62	
10,97	-0,6	
10,975	-0,59	
10,98	-0,58	
10,985	-0,56	
10,99	-0,55	
10,995	-0,54	
11,0	-0,51	
11,005	-0,5	
11,01	-0,48	
11,015	-0,46	
11,02	-0,45	
11,025	-0,43	
11,03	-0,41	
11,035	-0,4	
11,04	-0,39	
11,045	-0,36	
11,05	-0,34	
11,055	-0,33	
11,06	-0,3	
11,065	-0,29	
11,07	-0,27	
11,075	-0,25	
11,08	-0,23	
11,085	-0,21	
11,09	-0,19	
11,095	-0,17	
11,1	-0,15	
11,105	-0,13	
11,11	-0,11	
11,115	-0,09	
11,12	-0,07	
11,125	-0,05	
11,13	-0,03	
11,135	0	
11,14	0,02	
11,145	0,04	
11,15	0,05	
11,155	0,07	
11,16	0,09	
11,165	0,11	
11,17	0,13	
11,175	0,15	
11,18	0,18	
11,185	0,2	
11,19	0,21	
11,195	0,23	
11,2	0,24	
11,205	0,26	
11,21	0,28	
11,215	0,3	
11,22	0,32	
11,225	0,35	
11,23	0,37	
11,235	0,39	
11,24	0,41	
11,245	0,42	
11,25	0,44	
11,255	0,45	
11,26	0,47	
11,265	0,48	
11,27	0,5	
11,275	0,52	
11,28	0,53	
11,285	0,55	
11,29	0,57	
11,295	0,58	
11,3	0,59	
11,305	0,61	
11,31	0,62	
11,315	0,63	
11,32	0,66	
11,325	0,67	
11,33	0,69	
11,335	0,7	
11,34	0,7	
11,345	0,71	
11,35	0,72	
11,355	0,73	
11,36	0,74	
11,365	0,75	
11,37	0,76	
11,375	0,77	
11,38	0,78	
11,385	0,79	
11,39	0,79	
11,395	0,8	
11,4	0,8	
11,405	0,81	
11,41	0,82	
11,415	0,83	
11,42	0,84	
11,425	0,84	
11,43	0,84	
11,435	0,84	
11,44	0,85	
11,445	0,85	
11,45	0,85	
11,455	0,85	
11,46	0,85	
11,465	0,86	
11,47	0,86	
11,475	0,86	
11,48	0,85	
11,485	0,85	
11,49	0,84	
11,495	0,84	
11,5	0,84	
11,505	0,84	
11,51	0,83	
11,515	0,83	
11,52	0,83	
11,525	0,82	
11,53	0,81	
11,535	0,8	
11,54	0,8	
11,545	0,79	
11,55	0,79	
11,555	0,78	
11,56	0,78	
11,565	0,77	
11,57	0,76	
11,575	0,74	
11,58	0,73	
11,585	0,72	
11,59	0,7	
11,595	0,69	
11,6	0,68	
11,605	0,67	
11,61	0,66	
11,615	0,65	
11,62	0,64	
11,625	0,62	
11,63	0,6	
11,635	0,59	
11,64	0,57	
11,645	0,56	
11,65	0,55	
11,655	0,53	
11,66	0,52	
11,665	0,5	
11,67	0,48	
11,675	0,47	
11,68	0,45	
11,685	0,43	
11,69	0,41	
11,695	0,39	
11,7	0,38	
11,705	0,36	
11,71	0,35	
11,715	0,33	
11,72	0,31	
11,725	0,29	
11,73	0,26	
11,735	0,24	
11,74	0,22	
11,745	0,2	
11,75	0,18	
11,755	0,17	
11,76	0,15	
11,765	0,14	
11,77	0,12	
11,775	0,08	
11,78	0,06	
11,785	0,04	
11,79	0,02	
11,795	0	
11,8	-0,02	
11,805	-0,04	
11,81	-0,05	
11,815	-0,07	
11,82	-0,1	
11,825	-0,12	
11,83	-0,14	
11,835	-0,16	
11,84	-0,18	
11,845	-0,19	
11,85	-0,21	
11,855	-0,23	
11,86	-0,24	
11,865	-0,27	
11,87	-0,29	
11,875	-0,31	
11,88	-0,33	
11,885	-0,35	
11,89	-0,37	
11,895	-0,39	
11,9	-0,4	
11,905	-0,42	
11,91	-0,44	
11,915	-0,46	
11,92	-0,47	
11,925	-0,49	
11,93	-0,5	
11,935	-0,52	
11,94	-0,54	
11,945	-0,55	
11,95	-0,56	
11,955	-0,59	
11,96	-0,6	
11,965	-0,61	
11,97	-0,62	
11,975	-0,64	
11,98	-0,65	
11,985	-0,67	
11,99	-0,68	
11,995	-0,69	
12,0	-0,7	
12,005	-0,71	
12,01	-0,73	
12,015	-0,73	
12,02	-0,74	
12,025	-0,75	
12,03	-0,76	
12,035	-0,77	
12,04	-0,78	
12,045	-0,79	
12,05	-0,79	
12,055	-0,8	
12,06	-0,81	
12,065	-0,81	
12,07	-0,82	
12,075	-0,83	
12,08	-0,83	
12,085	-0,84	
12,09	-0,84	
12,095	-0,84	
12,1	-0,84	
12,105	-0,84	
12,11	-0,84	
12,115	-0,85	
12,12	-0,85	
12,125	-0,85	
12,13	-0,85	
12,135	-0,85	
12,14	-0,85	
12,145	-0,84	
12,15	-0,84	
12,155	-0,84	
12,16	-0,84	
12,165	-0,84	
12,17	-0,83	
12,175	-0,83	
12,18	-0,83	
12,185	-0,82	
12,19	-0,81	
12,195	-0,8	
12,2	-0,79	
12,205	-0,79	
12,21	-0,78	
12,215	-0,77	
12,22	-0,77	
12,225	-0,76	
12,23	-0,75	
12,235	-0,74	
12,24	-0,73	
12,245	-0,72	
12,25	-0,7	
12,255	-0,69	
12,26	-0,68	
12,265	-0,67	
12,27	-0,66	
12,275	-0,64	
12,28	-0,63	
12,285	-0,61	
12,29	-0,6	
12,295	-0,58	
12,3	-0,57	
12,305	-0,56	
12,31	-0,54	
12,315	-0,53	
12,32	-0,51	
12,325	-0,49	
12,33	-0,48	
12,335	-0,46	
12,34	-0,44	
12,345	-0,42	
12,35	-0,41	
12,355	-0,39	
12,36	-0,38	
12,365	-0,35	
12,37	-0,33	
12,375	-0,31	
12,38	-0,29	
12,385	-0,27	
12,39	-0,26	
12,395	-0,24	
12,4	-0,22	
12,405	-0,21	
12,41	-0,18	
12,415	-0,16	
12,42	-0,14	
12,425	-0,12	
12,43	-0,1	
12,435	-0,08	
12,44	-0,06	
12,445	-0,04	
12,45	-0,02	
12,455	0	
12,46	0,02	
12,465	0,04	
12,47	0,05	
12,475	0,07	
12,48	0,1	
12,485	0,12	
12,49	0,14	
12,495	0,16	
12,5	0,18	
12,505	0,2	
12,51	0,22	
12,515	0,23	
12,52	0,25	
12,525	0,27	
12,53	0,29	
12,535	0,3	
12,54	0,32	
12,545	0,35	
12,55	0,37	
12,555	0,38	
12,56	0,4	
12,565	0,41	
12,57	0,43	
12,575	0,44	
12,58	0,46	
12,585	0,48	
12,59	0,5	
12,595	0,52	
12,6	0,53	
12,605	0,55	
12,61	0,56	
12,615	0,57	
12,62	0,58	
12,625	0,6	
12,63	0,61	
12,635	0,63	
12,64	0,65	
12,645	0,66	
12,65	0,67	
12,655	0,68	
12,66	0,69	
12,665	0,7	
12,67	0,71	
12,675	0,72	
12,68	0,73	
12,685	0,74	
12,69	0,75	
12,695	0,76	
12,7	0,76	
12,705	0,77	
12,71	0,77	
12,715	0,78	
12,72	0,79	
12,725	0,8	
12,73	0,8	
12,735	0,81	
12,74	0,81	
12,745	0,81	
12,75	0,81	
12,755	0,82	
12,76	0,82	
12,765	0,83	
12,77	0,83	
12,775	0,84	
12,78	0,83	
12,785	0,83	
12,79	0,83	
12,795	0,83	
12,8	0,83	
12,805	0,82	
12,81	0,82	
12,815	0,82	
12,82	0,82	
12,825	0,81	
12,83	0,81	
12,835	0,81	
12,84	0,8	
12,845	0,79	
12,85	0,78	
12,855	0,78	
12,86	0,77	
12,865	0,77	
12,87	0,76	
12,875	0,75	
12,88	0,74	
12,885	0,73	
12,89	0,72	
12,895	0,71	
12,9	0,7	
12,905	0,7	
12,91	0,68	
12,915	0,68	
12,92	0,67	
12,925	0,65	
12,93	0,64	
12,935	0,63	
12,94	0,61	
12,945	0,59	
12,95	0,58	
12,955	0,56	
12,96	0,55	
12,965	0,54	
12,97	0,53	
12,975	0,51	
12,98	0,49	
12,985	0,48	
12,99	0,46	
12,995	0,45	
13,0	0,43	
13,005	0,41	
13,01	0,4	
13,015	0,38	
13,02	0,36	
13,025	0,34	
13,03	0,33	
13,035	0,31	
13,04	0,29	
13,045	0,27	
13,05	0,25	
13,055	0,23	
13,06	0,22	
13,065	0,2	
13,07	0,18	
13,075	0,16	
13,08	0,14	
13,085	0,13	
13,09	0,11	
13,095	0,08	
13,1	0,06	
13,105	0,05	
13,11	0,03	
13,115	0,01	
13,12	-0,01	
13,125	-0,03	
13,13	-0,05	
13,135	-0,07	
13,14	-0,09	
13,145	-0,11	
13,15	-0,13	
13,155	-0,14	
13,16	-0,16	
13,165	-0,18	
13,17	-0,2	
13,175	-0,22	
13,18	-0,24	
13,185	-0,26	
13,19	-0,28	
13,195	-0,3	
13,2	-0,31	
13,205	-0,33	
13,21	-0,35	
13,215	-0,36	
13,22	-0,38	
13,225	-0,39	
13,23	-0,42	
13,235	-0,43	
13,24	-0,44	
13,245	-0,46	
13,25	-0,47	
13,255	-0,49	
13,26	-0,51	
13,265	-0,52	
13,27	-0,53	
13,275	-0,55	
13,28	-0,56	
13,285	-0,58	
13,29	-0,59	
13,295	-0,6	
13,3	-0,62	
13,305	-0,63	
13,31	-0,64	
13,315	-0,66	
13,32	-0,67	
13,325	-0,68	
13,33	-0,68	
13,335	-0,69	
13,34	-0,7	
13,345	-0,71	
13,35	-0,71	
13,355	-0,72	
13,36	-0,73	
13,365	-0,74	
13,37	-0,75	
13,375	-0,75	
13,38	-0,76	
13,385	-0,76	
13,39	-0,77	
13,395	-0,77	
13,4	-0,78	
13,405	-0,78	
13,41	-0,79	
13,415	-0,79	
13,42	-0,79	
13,425	-0,79	
13,43	-0,8	
13,435	-0,79	
13,44	-0,8	
13,445	-0,8	
13,45	-0,8	
13,455	-0,8	
13,46	-0,8	
13,465	-0,8	
13,47	-0,79	
13,475	-0,79	
13,48	-0,79	
13,485	-0,78	
13,49	-0,78	
13,495	-0,78	
13,5	-0,78	
13,505	-0,77	
13,51	-0,77	
13,515	-0,76	
13,52	-0,75	
13,525	-0,75	
13,53	-0,74	
13,535	-0,73	
13,54	-0,72	
13,545	-0,71	
13,55	-0,7	
13,555	-0,69	
13,56	-0,69	
13,565	-0,68	
13,57	-0,67	
13,575	-0,66	
13,58	-0,65	
13,585	-0,63	
13,59	-0,62	
13,595	-0,6	
13,6	-0,59	
13,605	-0,58	
13,61	-0,57	
13,615	-0,56	
13,62	-0,55	
13,625	-0,53	
13,63	-0,52	
13,635	-0,51	
13,64	-0,48	
13,645	-0,47	
13,65	-0,45	
13,655	-0,44	
13,66	-0,43	
13,665	-0,41	
13,67	-0,4	
13,675	-0,38	
13,68	-0,36	
13,685	-0,34	
13,69	-0,32	
13,695	-0,3	
13,7	-0,29	
13,705	-0,27	
13,71	-0,26	
13,715	-0,25	
13,72	-0,23	
13,725	-0,21	
13,73	-0,19	
13,735	-0,16	
13,74	-0,15	
13,745	-0,13	
13,75	-0,11	
13,755	-0,1	
13,76	-0,08	
13,765	-0,07	
13,77	-0,05	
13,775	-0,02	
13,78	0	
13,785	0,02	
13,79	0,04	
13,795	0,05	
13,8	0,07	
13,805	0,08	
13,81	0,1	
13,815	0,12	
13,82	0,14	
13,825	0,16	
13,83	0,18	
13,835	0,2	
13,84	0,22	
13,845	0,23	
13,85	0,25	
13,855	0,26	
13,86	0,28	
13,865	0,3	
13,87	0,32	
13,875	0,33	
13,88	0,35	
13,885	0,37	
13,89	0,38	
13,895	0,4	
13,9	0,41	
13,905	0,42	
13,91	0,44	
13,915	0,46	
13,92	0,48	
13,925	0,49	
13,93	0,5	
13,935	0,51	
13,94	0,52	
13,945	0,53	
13,95	0,55	
13,955	0,56	
13,96	0,58	
13,965	0,59	
13,97	0,6	
13,975	0,61	
13,98	0,62	
13,985	0,63	
13,99	0,63	
13,995	0,64	
14,0	0,65	
14,005	0,67	
14,01	0,68	
14,015	0,69	
14,02	0,7	
14,025	0,7	
14,03	0,71	
14,035	0,71	
14,04	0,71	
14,045	0,72	
14,05	0,73	
14,055	0,74	
14,06	0,74	
14,065	0,75	
14,07	0,75	
14,075	0,76	
14,08	0,76	
14,085	0,76	
14,09	0,76	
14,095	0,76	
14,1	0,76	
14,105	0,76	
14,11	0,76	
14,115	0,76	
14,12	0,76	
14,125	0,76	
14,13	0,76	
14,135	0,75	
14,14	0,75	
14,145	0,75	
14,15	0,75	
14,155	0,74	
14,16	0,74	
14,165	0,74	
14,17	0,74	
14,175	0,73	
14,18	0,72	
14,185	0,72	
14,19	0,71	
14,195	0,7	
14,2	0,7	
14,205	0,7	
14,21	0,69	
14,215	0,68	
14,22	0,67	
14,225	0,66	
14,23	0,64	
14,235	0,63	
14,24	0,62	
14,245	0,61	
14,25	0,6	
14,255	0,59	
14,26	0,59	
14,265	0,57	
14,27	0,56	
14,275	0,54	
14,28	0,53	
14,285	0,52	
14,29	0,51	
14,295	0,5	
14,3	0,49	
14,305	0,48	
14,31	0,46	
14,315	0,45	
14,32	0,43	
14,325	0,42	
14,33	0,4	
14,335	0,38	
14,34	0,37	
14,345	0,35	
14,35	0,34	
14,355	0,32	
14,36	0,31	
14,365	0,29	
14,37	0,27	
14,375	0,26	
14,38	0,24	
14,385	0,23	
14,39	0,21	
14,395	0,19	
14,4	0,18	
14,405	0,16	
14,41	0,14	
14,415	0,12	
14,42	0,1	
14,425	0,08	
14,43	0,07	
14,435	0,05	
14,44	0,03	
14,445	0,01	
14,45	0	
14,455	-0,02	
14,46	-0,04	
14,465	-0,05	
14,47	-0,07	
14,475	-0,08	
14,48	-0,1	
14,485	-0,11	
14,49	-0,13	
14,495	-0,15	
14,5	-0,17	
14,505	-0,2	
14,51	-0,21	
14,515	-0,22	
14,52	-0,24	
14,525	-0,25	
14,53	-0,27	
14,535	-0,29	
14,54	-0,3	
14,545	-0,32	
14,55	-0,34	
14,555	-0,36	
14,56	-0,37	
14,565	-0,38	
14,57	-0,4	
14,575	-0,41	
14,58	-0,42	
14,585	-0,43	
14,59	-0,45	
14,595	-0,47	
14,6	-0,48	
14,605	-0,49	
14,61	-0,49	
14,615	-0,51	
14,62	-0,52	
14,625	-0,53	
14,63	-0,55	
14,635	-0,56	
14,64	-0,58	
14,645	-0,59	
14,65	-0,6	
14,655	-0,6	
14,66	-0,61	
14,665	-0,62	
14,67	-0,63	
14,675	-0,63	
14,68	-0,64	
14,685	-0,65	
14,69	-0,66	
14,695	-0,66	
14,7	-0,67	
14,705	-0,68	
14,71	-0,68	
14,715	-0,69	
14,72	-0,69	
14,725	-0,7	
14,73	-0,71	
14,735	-0,71	
14,74	-0,72	
14,745	-0,72	
14,75	-0,72	
14,755	-0,72	
14,76	-0,73	
14,765	-0,73	
14,77	-0,73	
14,775	-0,73	
14,78	-0,73	
14,785	-0,73	
14,79	-0,73	
14,795	-0,73	
14,8	-0,72	
14,805	-0,72	
14,81	-0,72	
14,815	-0,72	
14,82	-0,72	
14,825	-0,72	
14,83	-0,71	
14,835	-0,71	
14,84	-0,71	
14,845	-0,7	
14,85	-0,7	
14,855	-0,69	
14,86	-0,69	
14,865	-0,68	
14,87	-0,67	
14,875	-0,67	
14,88	-0,66	
14,885	-0,65	
14,89	-0,64	
14,895	-0,64	
14,9	-0,63	
14,905	-0,62	
14,91	-0,61	
14,915	-0,59	
14,92	-0,59	
14,925	-0,58	
14,93	-0,56	
14,935	-0,56	
14,94	-0,55	
14,945	-0,53	
14,95	-0,52	
14,955	-0,51	
14,96	-0,49	
14,965	-0,48	
14,97	-0,47	
14,975	-0,46	
14,98	-0,45	
14,985	-0,44	
14,99	-0,42	
14,995	-0,41	
15,0	-0,39	
15,005	-0,37	
15,01	-0,36	
15,015	-0,35	
15,02	-0,33	
15,025	-0,32	
15,03	-0,3	
15,035	-0,29	
15,04	-0,27	
15,045	-0,26	
15,05	-0,24	
15,055	-0,23	
15,06	-0,21	
15,065	-0,19	
15,07	-0,18	
15,075	-0,16	
15,08	-0,15	
15,085	-0,13	
15,09	-0,12	
15,095	-0,09	
15,1	-0,08	
15,105	-0,06	
15,11	-0,05	
15,115	-0,03	
15,12	-0,01	
15,125	0	
15,13	0,02	
15,135	0,03	
15,14	0,06	
15,145	0,07	
15,15	0,08	
15,155	0,1	
15,16	0,12	
15,165	0,13	
15,17	0,15	
15,175	0,17	
15,18	0,18	
15,185	0,21	
15,19	0,22	
15,195	0,23	
15,2	0,25	
15,205	0,26	
15,21	0,28	
15,215	0,29	
15,22	0,31	
15,225	0,32	
15,23	0,34	
15,235	0,36	
15,24	0,37	
15,245	0,38	
15,25	0,4	
15,255	0,41	
15,26	0,42	
15,265	0,43	
15,27	0,45	
15,275	0,46	
15,28	0,47	
15,285	0,48	
15,29	0,49	
15,295	0,51	
15,3	0,52	
15,305	0,53	
15,31	0,54	
15,315	0,55	
15,32	0,56	
15,325	0,57	
15,33	0,58	
15,335	0,59	
15,34	0,6	
15,345	0,61	
15,35	0,62	
15,355	0,63	
15,36	0,63	
15,365	0,64	
15,37	0,64	
15,375	0,65	
15,38	0,65	
15,385	0,66	
15,39	0,67	
15,395	0,68	
15,4	0,68	
15,405	0,69	
15,41	0,69	
15,415	0,69	
15,42	0,69	
15,425	0,7	
15,43	0,7	
15,435	0,7	
15,44	0,7	
15,445	0,71	
15,45	0,71	
15,455	0,71	
15,46	0,7	
15,465	0,7	
15,47	0,7	
15,475	0,7	
15,48	0,7	
15,485	0,69	
15,49	0,69	
15,495	0,69	
15,5	0,69	
15,505	0,69	
15,51	0,69	
15,515	0,68	
15,52	0,68	
15,525	0,68	
15,53	0,67	
15,535	0,67	
15,54	0,66	
15,545	0,65	
15,55	0,64	
15,555	0,64	
15,56	0,63	
15,565	0,63	
15,57	0,62	
15,575	0,61	
15,58	0,6	
15,585	0,59	
15,59	0,58	
15,595	0,57	
15,6	0,56	
15,605	0,55	
15,61	0,54	
15,615	0,53	
15,62	0,52	
15,625	0,51	
15,63	0,5	
15,635	0,49	
15,64	0,47	
15,645	0,46	
15,65	0,45	
15,655	0,44	
15,66	0,43	
15,665	0,42	
15,67	0,4	
15,675	0,39	
15,68	0,38	
15,685	0,36	
15,69	0,34	
15,695	0,33	
15,7	0,31	
15,705	0,3	
15,71	0,29	
15,715	0,28	
15,72	0,26	
15,725	0,25	
15,73	0,22	
15,735	0,21	
15,74	0,2	
15,745	0,18	
15,75	0,16	
15,755	0,15	
15,76	0,14	
15,765	0,12	
15,77	0,1	
15,775	0,09	
15,78	0,06	
15,785	0,05	
15,79	0,03	
15,795	0,02	
15,8	0,01	
15,805	-0,01	
15,81	-0,02	
15,815	-0,04	
15,82	-0,06	
15,825	-0,08	
15,83	-0,1	
15,835	-0,11	
15,84	-0,12	
15,845	-0,14	
15,85	-0,15	
15,855	-0,17	
15,86	-0,18	
15,865	-0,2	
15,87	-0,22	
15,875	-0,24	
15,88	-0,25	
15,885	-0,27	
15,89	-0,28	
15,895	-0,29	
15,9	-0,31	
15,905	-0,32	
15,91	-0,34	
15,915	-0,36	
15,92	-0,37	
15,925	-0,39	
15,93	-0,4	
15,935	-0,4	
15,94	-0,42	
15,945	-0,43	
15,95	-0,44	
15,955	-0,45	
15,96	-0,47	
15,965	-0,48	
15,97	-0,5	
15,975	-0,51	
15,98	-0,52	
15,985	-0,52	
15,99	-0,53	
15,995	-0,54	
16,0	-0,55	
16,005	-0,57	
16,01	-0,58	
16,015	-0,59	
16,02	-0,59	
16,025	-0,6	
16,03	-0,61	
16,035	-0,61	
16,04	-0,62	
16,045	-0,63	
16,05	-0,64	
16,055	-0,65	
16,06	-0,65	
16,065	-0,66	
16,07	-0,66	
16,075	-0,67	
16,08	-0,67	
16,085	-0,68	
16,09	-0,68	
16,095	-0,68	
16,1	-0,68	
16,105	-0,69	
16,11	-0,69	
16,115	-0,69	
16,12	-0,7	
16,125	-0,7	
16,13	-0,7	
16,135	-0,7	
16,14	-0,7	
16,145	-0,7	
16,15	-0,7	
16,155	-0,7	
16,16	-0,7	
16,165	-0,7	
16,17	-0,7	
16,175	-0,7	
16,18	-0,69	
16,185	-0,69	
16,19	-0,68	
16,195	-0,68	
16,2	-0,67	
16,205	-0,67	
16,21	-0,66	
16,215	-0,66	
16,22	-0,66	
16,225	-0,65	
16,23	-0,64	
16,235	-0,63	
16,24	-0,62	
16,245	-0,61	
16,25	-0,61	
16,255	-0,6	
16,26	-0,59	
16,265	-0,59	
16,27	-0,58	
16,275	-0,57	
16,28	-0,56	
16,285	-0,55	
16,29	-0,54	
16,295	-0,53	
16,3	-0,52	
16,305	-0,51	
16,31	-0,5	
16,315	-0,49	
16,32	-0,47	
16,325	-0,46	
16,33	-0,45	
16,335	-0,44	
16,34	-0,43	
16,345	-0,42	
16,35	-0,41	
16,355	-0,39	
16,36	-0,38	
16,365	-0,36	
16,37	-0,34	
16,375	-0,32	
16,38	-0,31	
16,385	-0,3	
16,39	-0,29	
16,395	-0,27	
16,4	-0,26	
16,405	-0,24	
16,41	-0,23	
16,415	-0,2	
16,42	-0,19	
16,425	-0,17	
16,43	-0,15	
16,435	-0,14	
16,44	-0,13	
16,445	-0,12	
16,45	-0,1	
16,455	-0,08	
16,46	-0,06	
16,465	-0,04	
16,47	-0,03	
16,475	-0,01	
16,48	0	
16,485	0,02	
16,49	0,03	
16,495	0,05	
16,5	0,07	
16,505	0,09	
16,51	0,1	
16,515	0,12	
16,52	0,14	
16,525	0,15	
16,53	0,17	
16,535	0,18	
16,54	0,2	
16,545	0,21	
16,55	0,23	
16,555	0,25	
16,56	0,27	
16,565	0,28	
16,57	0,3	
16,575	0,31	
16,58	0,32	
16,585	0,34	
16,59	0,35	
16,595	0,36	
16,6	0,38	
16,605	0,39	
16,61	0,41	
16,615	0,42	
16,62	0,44	
16,625	0,45	
16,63	0,46	
16,635	0,47	
16,64	0,48	
16,645	0,49	
16,65	0,51	
16,655	0,52	
16,66	0,53	
16,665	0,54	
16,67	0,55	
16,675	0,56	
16,68	0,57	
16,685	0,58	
16,69	0,59	
16,695	0,6	
16,7	0,61	
16,705	0,62	
16,71	0,63	
16,715	0,64	
16,72	0,65	
16,725	0,65	
16,73	0,65	
16,735	0,66	
16,74	0,66	
16,745	0,67	
16,75	0,68	
16,755	0,69	
16,76	0,69	
16,765	0,7	
16,77	0,7	
16,775	0,7	
16,78	0,7	
16,785	0,7	
16,79	0,7	
16,795	0,71	
16,8	0,71	
16,805	0,72	
16,81	0,72	
16,815	0,72	
16,82	0,72	
16,825	0,71	
16,83	0,71	
16,835	0,71	
16,84	0,71	
16,845	0,71	
16,85	0,71	
16,855	0,71	
16,86	0,71	
16,865	0,7	
16,87	0,69	
16,875	0,68	
16,88	0,68	
16,885	0,67	
16,89	0,67	
16,895	0,67	
16,9	0,67	
16,905	0,66	
16,91	0,65	
16,915	0,64	
16,92	0,63	
16,925	0,62	
16,93	0,62	
16,935	0,61	
16,94	0,6	
16,945	0,6	
16,95	0,59	
16,955	0,58	
16,96	0,57	
16,965	0,55	
16,97	0,54	
16,975	0,53	
16,98	0,52	
16,985	0,51	
16,99	0,5	
16,995	0,49	
17,0	0,48	
17,005	0,46	
17,01	0,45	
17,015	0,43	
17,02	0,42	
17,025	0,41	
17,03	0,39	
17,035	0,38	
17,04	0,37	
17,045	0,35	
17,05	0,33	
17,055	0,32	
17,06	0,3	
17,065	0,28	
17,07	0,27	
17,075	0,26	
17,08	0,24	
17,085	0,23	
17,09	0,22	
17,095	0,19	
17,1	0,18	
17,105	0,16	
17,11	0,15	
17,115	0,13	
17,12	0,11	
17,125	0,09	
17,13	0,08	
17,135	0,06	
17,14	0,05	
17,145	0,03	
17,15	0,01	
17,155	0	
17,16	-0,02	
17,165	-0,03	
17,17	-0,05	
17,175	-0,07	
17,18	-0,08	
17,185	-0,1	
17,19	-0,12	
17,195	-0,14	
17,2	-0,16	
17,205	-0,17	
17,21	-0,19	
17,215	-0,21	
17,22	-0,22	
17,225	-0,23	
17,23	-0,25	
17,235	-0,27	
17,24	-0,28	
17,245	-0,3	
17,25	-0,31	
17,255	-0,33	
17,26	-0,35	
17,265	-0,36	
17,27	-0,38	
17,275	-0,39	
17,28	-0,41	
17,285	-0,42	
17,29	-0,44	
17,295	-0,45	
17,3	-0,46	
17,305	-0,48	
17,31	-0,49	
17,315	-0,5	
17,32	-0,51	
17,325	-0,53	
17,33	-0,54	
17,335	-0,55	
17,34	-0,56	
17,345	-0,57	
17,35	-0,58	
17,355	-0,59	
17,36	-0,6	
17,365	-0,61	
17,37	-0,63	
17,375	-0,64	
17,38	-0,64	
17,385	-0,65	
17,39	-0,65	
17,395	-0,66	
17,4	-0,67	
17,405	-0,68	
17,41	-0,69	
17,415	-0,7	
17,42	-0,71	
17,425	-0,71	
17,43	-0,71	
17,435	-0,71	
17,44	-0,71	
17,445	-0,71	
17,45	-0,72	
17,455	-0,73	
17,46	-0,74	
17,465	-0,74	
17,47	-0,74	
17,475	-0,74	
17,48	-0,74	
17,485	-0,74	
17,49	-0,73	
17,495	-0,73	
17,5	-0,74	
17,505	-0,74	
17,51	-0,74	
17,515	-0,74	
17,52	-0,74	
17,525	-0,73	
17,53	-0,73	
17,535	-0,72	
17,54	-0,72	
17,545	-0,72	
17,55	-0,72	
17,555	-0,71	
17,56	-0,71	
17,565	-0,7	
17,57	-0,7	
17,575	-0,69	
17,58	-0,68	
17,585	-0,67	
17,59	-0,67	
17,595	-0,66	
17,6	-0,65	
17,605	-0,64	
17,61	-0,63	
17,615	-0,62	
17,62	-0,61	
17,625	-0,6	
17,63	-0,59	
17,635	-0,58	
17,64	-0,57	
17,645	-0,56	
17,65	-0,55	
17,655	-0,54	
17,66	-0,53	
17,665	-0,51	
17,67	-0,5	
17,675	-0,48	
17,68	-0,47	
17,685	-0,46	
17,69	-0,44	
17,695	-0,43	
17,7	-0,42	
17,705	-0,4	
17,71	-0,39	
17,715	-0,37	
17,72	-0,36	
17,725	-0,34	
17,73	-0,33	
17,735	-0,3	
17,74	-0,29	
17,745	-0,27	
17,75	-0,26	
17,755	-0,24	
17,76	-0,22	
17,765	-0,21	
17,77	-0,19	
17,775	-0,18	
17,78	-0,16	
17,785	-0,14	
17,79	-0,12	
17,795	-0,1	
17,8	-0,08	
17,805	-0,07	
17,81	-0,05	
17,815	-0,04	
17,82	-0,02	
17,825	0	
17,83	0,02	
17,835	0,04	
17,84	0,05	
17,845	0,07	
17,85	0,09	
17,855	0,1	
17,86	0,12	
17,865	0,14	
17,87	0,16	
17,875	0,18	
17,88	0,19	
17,885	0,21	
17,89	0,23	
17,895	0,25	
17,9	0,26	
17,905	0,28	
17,91	0,3	
17,915	0,32	
17,92	0,33	
17,925	0,35	
17,93	0,36	
17,935	0,37	
17,94	0,39	
17,945	0,4	
17,95	0,42	
17,955	0,44	
17,96	0,46	
17,965	0,47	
17,97	0,49	
17,975	0,5	
17,98	0,51	
17,985	0,52	
17,99	0,53	
17,995	0,55	
18,0	0,56	
18,005	0,58	
18,01	0,59	
18,015	0,6	
18,02	0,61	
18,025	0,62	
18,03	0,63	
18,035	0,64	
18,04	0,65	
18,045	0,66	
18,05	0,67	
18,055	0,69	
18,06	0,7	
18,065	0,7	
18,07	0,71	
18,075	0,71	
18,08	0,72	
18,085	0,72	
18,09	0,73	
18,095	0,73	
18,1	0,74	
18,105	0,75	
18,11	0,75	
18,115	0,76	
18,12	0,76	
18,125	0,76	
18,13	0,76	
18,135	0,76	
18,14	0,76	
18,145	0,76	
18,15	0,77	
18,155	0,77	
18,16	0,77	
18,165	0,78	
18,17	0,78	
18,175	0,78	
18,18	0,77	
18,185	0,77	
18,19	0,77	
18,195	0,76	
18,2	0,76	
18,205	0,75	
18,21	0,75	
18,215	0,75	
18,22	0,74	
18,225	0,74	
18,23	0,73	
18,235	0,72	
18,24	0,72	
18,245	0,71	
18,25	0,7	
18,255	0,69	
18,26	0,68	
18,265	0,68	
18,27	0,67	
18,275	0,66	
18,28	0,65	
18,285	0,64	
18,29	0,63	
18,295	0,62	
18,3	0,61	
18,305	0,6	
18,31	0,59	
18,315	0,58	
18,32	0,56	
18,325	0,54	
18,33	0,53	
18,335	0,52	
18,34	0,51	
18,345	0,5	
18,35	0,49	
18,355	0,47	
18,36	0,46	
18,365	0,44	
18,37	0,42	
18,375	0,4	
18,38	0,38	
18,385	0,37	
18,39	0,35	
18,395	0,34	
18,4	0,33	
18,405	0,32	
18,41	0,3	
18,415	0,27	
18,42	0,26	
18,425	0,24	
18,43	0,22	
18,435	0,2	
18,44	0,19	
18,445	0,17	
18,45	0,15	
18,455	0,13	
18,46	0,11	
18,465	0,09	
18,47	0,08	
18,475	0,06	
18,48	0,04	
18,485	0,02	
18,49	0	
18,495	-0,03	
18,5	-0,04	
18,505	-0,06	
18,51	-0,08	
18,515	-0,09	
18,52	-0,1	
18,525	-0,12	
18,53	-0,14	
18,535	-0,16	
18,54	-0,19	
18,545	-0,21	
18,55	-0,23	
18,555	-0,24	
18,56	-0,25	
18,565	-0,26	
18,57	-0,28	
18,575	-0,29	
18,58	-0,31	
18,585	-0,34	
18,59	-0,36	
18,595	-0,38	
18,6	-0,41	
18,605	-0,42	
18,61	-0,43	
18,615	-0,44	
18,62	-0,45	
18,625	-0,46	
18,63	-0,48	
18,635	-0,49	
18,64	-0,52	
18,645	-0,54	
18,65	-0,55	
18,655	-0,57	
18,66	-0,57	
18,665	-0,58	
18,67	-0,59	
18,675	-0,6	
18,68	-0,61	
18,685	-0,63	
18,69	-0,65	
18,695	-0,66	
18,7	-0,67	
18,705	-0,68	
18,71	-0,68	
18,715	-0,69	
18,72	-0,7	
18,725	-0,71	
18,73	-0,72	
18,735	-0,74	
18,74	-0,75	
18,745	-0,75	
18,75	-0,75	
18,755	-0,76	
18,76	-0,76	
18,765	-0,76	
18,77	-0,77	
18,775	-0,78	
18,78	-0,79	
18,785	-0,8	
18,79	-0,8	
18,795	-0,8	
18,8	-0,8	
18,805	-0,79	
18,81	-0,79	
18,815	-0,79	
18,82	-0,79	
18,825	-0,8	
18,83	-0,81	
18,835	-0,81	
18,84	-0,81	
18,845	-0,81	
18,85	-0,8	
18,855	-0,78	
18,86	-0,78	
18,865	-0,77	
18,87	-0,78	
18,875	-0,78	
18,88	-0,79	
18,885	-0,79	
18,89	-0,78	
18,895	-0,77	
18,9	-0,75	
18,905	-0,74	
18,91	-0,72	
18,915	-0,71	
18,92	-0,71	
18,925	-0,72	
18,93	-0,71	
18,935	-0,71	
18,94	-0,7	
18,945	-0,68	
18,95	-0,67	
18,955	-0,65	
18,96	-0,63	
18,965	-0,62	
18,97	-0,61	
18,975	-0,61	
18,98	-0,6	
18,985	-0,59	
18,99	-0,58	
18,995	-0,56	
19,0	-0,54	
19,005	-0,52	
19,01	-0,5	
19,015	-0,49	
19,02	-0,48	
19,025	-0,47	
19,03	-0,46	
19,035	-0,44	
19,04	-0,42	
19,045	-0,4	
19,05	-0,38	
19,055	-0,34	
19,06	-0,33	
19,065	-0,32	
19,07	-0,31	
19,075	-0,3	
19,08	-0,29	
19,085	-0,27	
19,09	-0,25	
19,095	-0,23	
19,1	-0,19	
19,105	-0,17	
19,11	-0,16	
19,115	-0,14	
19,12	-0,13	
19,125	-0,12	
19,13	-0,1	
19,135	-0,08	
19,14	-0,06	
19,145	-0,02	
19,15	0,01	
19,155	0,02	
19,16	0,04	
19,165	0,05	
19,17	0,06	
19,175	0,07	
19,18	0,09	
19,185	0,11	
19,19	0,15	
19,195	0,18	
19,2	0,2	
19,205	0,22	
19,21	0,23	
19,215	0,24	
19,22	0,25	
19,225	0,26	
19,23	0,28	
19,235	0,31	
19,24	0,33	
19,245	0,36	
19,25	0,38	
19,255	0,39	
19,26	0,4	
19,265	0,41	
19,27	0,42	
19,275	0,43	
19,28	0,46	
19,285	0,48	
19,29	0,5	
19,295	0,52	
19,3	0,54	
19,305	0,55	
19,31	0,56	
19,315	0,57	
19,32	0,57	
19,325	0,59	
19,33	0,6	
19,335	0,62	
19,34	0,64	
19,345	0,66	
19,35	0,67	
19,355	0,67	
19,36	0,68	
19,365	0,68	
19,37	0,7	
19,375	0,71	
19,38	0,72	
19,385	0,74	
19,39	0,75	
19,395	0,76	
19,4	0,76	
19,405	0,77	
19,41	0,77	
19,415	0,77	
19,42	0,77	
19,425	0,78	
19,43	0,79	
19,435	0,8	
19,44	0,81	
19,445	0,82	
19,45	0,82	
19,455	0,82	
19,46	0,81	
19,465	0,81	
19,47	0,81	
19,475	0,81	
19,48	0,82	
19,485	0,83	
19,49	0,84	
19,495	0,84	
19,5	0,83	
19,505	0,82	
19,51	0,81	
19,515	0,8	
19,52	0,8	
19,525	0,8	
19,53	0,8	
19,535	0,8	
19,54	0,8	
19,545	0,8	
19,55	0,79	
19,555	0,77	
19,56	0,76	
19,565	0,75	
19,57	0,74	
19,575	0,74	
19,58	0,74	
19,585	0,74	
19,59	0,73	
19,595	0,72	
19,6	0,7	
19,605	0,68	
19,61	0,67	
19,615	0,66	
19,62	0,65	
19,625	0,64	
19,63	0,64	
19,635	0,63	
19,64	0,61	
19,645	0,59	
19,65	0,57	
19,655	0,55	
19,66	0,53	
19,665	0,52	
19,67	0,51	
19,675	0,5	
19,68	0,49	
19,685	0,48	
19,69	0,46	
19,695	0,44	
19,7	0,41	
19,705	0,39	
19,71	0,38	
19,715	0,36	
19,72	0,35	
19,725	0,34	
19,73	0,33	
19,735	0,31	
19,74	0,28	
19,745	0,26	
19,75	0,23	
19,755	0,21	
19,76	0,19	
19,765	0,18	
19,77	0,17	
19,775	0,16	
19,78	0,14	
19,785	0,12	
19,79	0,1	
19,795	0,07	
19,8	0,04	
19,805	0,02	
19,81	0	
19,815	-0,02	
19,82	-0,03	
19,825	-0,05	
19,83	-0,06	
19,835	-0,08	
19,84	-0,11	
19,845	-0,13	
19,85	-0,15	
19,855	-0,18	
19,86	-0,2	
19,865	-0,21	
19,87	-0,22	
19,875	-0,24	
19,88	-0,25	
19,885	-0,27	
19,89	-0,29	
19,895	-0,32	
19,9	-0,34	
19,905	-0,36	
19,91	-0,37	
19,915	-0,39	
19,92	-0,41	
19,925	-0,42	
19,93	-0,43	
19,935	-0,45	
19,94	-0,47	
19,945	-0,49	
19,95	-0,51	
19,955	-0,53	
19,96	-0,54	
19,965	-0,55	
19,97	-0,56	
19,975	-0,57	
19,98	-0,58	
19,985	-0,6	
19,99	-0,62	
19,995	-0,64	
20,0	-0,65	
20,005	-0,66	
20,01	-0,67	
20,015	-0,68	
20,02	-0,68	
20,025	-0,69	
20,03	-0,71	
20,035	-0,72	
20,04	-0,74	
20,045	-0,75	
20,05	-0,76	
20,055	-0,76	
20,06	-0,76	
20,065	-0,77	
20,07	-0,77	
20,075	-0,77	
20,08	-0,78	
20,085	-0,79	
20,09	-0,81	
20,095	-0,81	
20,1	-0,82	
20,105	-0,82	
20,11	-0,82	
20,115	-0,81	
20,12	-0,81	
20,125	-0,81	
20,13	-0,82	
20,135	-0,82	
20,14	-0,83	
20,145	-0,84	
20,15	-0,83	
20,155	-0,83	
20,16	-0,82	
20,165	-0,81	
20,17	-0,81	
20,175	-0,81	
20,18	-0,81	
20,185	-0,82	
20,19	-0,81	
20,195	-0,81	
20,2	-0,8	
20,205	-0,79	
20,21	-0,78	
20,215	-0,77	
20,22	-0,76	
20,225	-0,76	
20,23	-0,75	
20,235	-0,75	
20,24	-0,74	
20,245	-0,74	
20,25	-0,72	
20,255	-0,71	
20,26	-0,69	
20,265	-0,68	
20,27	-0,67	
20,275	-0,66	
20,28	-0,65	
20,285	-0,64	
20,29	-0,63	
20,295	-0,62	
20,3	-0,6	
20,305	-0,59	
20,31	-0,57	
20,315	-0,55	
20,32	-0,54	
20,325	-0,53	
20,33	-0,52	
20,335	-0,51	
20,34	-0,49	
20,345	-0,47	
20,35	-0,45	
20,355	-0,43	
20,36	-0,41	
20,365	-0,39	
20,37	-0,38	
20,375	-0,36	
20,38	-0,35	
20,385	-0,34	
20,39	-0,32	
20,395	-0,3	
20,4	-0,28	
20,405	-0,25	
20,41	-0,23	
20,415	-0,21	
20,42	-0,19	
20,425	-0,18	
20,43	-0,16	
20,435	-0,15	
20,44	-0,13	
20,445	-0,11	
20,45	-0,09	
20,455	-0,06	
20,46	-0,04	
20,465	-0,01	
20,47	0	
20,475	0,01	
20,48	0,02	
20,485	0,04	
20,49	0,06	
20,495	0,09	
20,5	0,11	
20,505	0,13	
20,51	0,16	
20,515	0,18	
20,52	0,19	
20,525	0,21	
20,53	0,22	
20,535	0,24	
20,54	0,26	
20,545	0,28	
20,55	0,3	
20,555	0,33	
20,56	0,35	
20,565	0,36	
20,57	0,37	
20,575	0,38	
20,58	0,39	
20,585	0,41	
20,59	0,43	
20,595	0,45	
20,6	0,48	
20,605	0,5	
20,61	0,52	
20,615	0,53	
20,62	0,54	
20,625	0,54	
20,63	0,55	
20,635	0,56	
20,64	0,58	
20,645	0,61	
20,65	0,63	
20,655	0,64	
20,66	0,65	
20,665	0,66	
20,67	0,67	
20,675	0,67	
20,68	0,68	
20,685	0,69	
20,69	0,71	
20,695	0,72	
20,7	0,73	
20,705	0,74	
20,71	0,75	
20,715	0,75	
20,72	0,76	
20,725	0,76	
20,73	0,76	
20,735	0,78	
20,74	0,79	
20,745	0,8	
20,75	0,8	
20,755	0,81	
20,76	0,81	
20,765	0,8	
20,77	0,8	
20,775	0,8	
20,78	0,81	
20,785	0,82	
20,79	0,82	
20,795	0,83	
20,8	0,83	
20,805	0,82	
20,81	0,82	
20,815	0,81	
20,82	0,81	
20,825	0,8	
20,83	0,8	
20,835	0,8	
20,84	0,81	
20,845	0,81	
20,85	0,8	
20,855	0,79	
20,86	0,78	
20,865	0,77	
20,87	0,77	
20,875	0,76	
20,88	0,76	
20,885	0,75	
20,89	0,75	
20,895	0,74	
20,9	0,73	
20,905	0,72	
20,91	0,71	
20,915	0,69	
20,92	0,68	
20,925	0,67	
20,93	0,67	
20,935	0,66	
20,94	0,65	
20,945	0,64	
20,95	0,62	
20,955	0,6	
20,96	0,59	
20,965	0,56	
20,97	0,55	
20,975	0,54	
20,98	0,53	
20,985	0,52	
20,99	0,51	
20,995	0,5	
21,0	0,48	
21,005	0,46	
21,01	0,43	
21,015	0,42	
21,02	0,4	
21,025	0,39	
21,03	0,38	
21,035	0,37	
21,04	0,35	
21,045	0,33	
21,05	0,31	
21,055	0,28	
21,06	0,26	
21,065	0,24	
21,07	0,22	
21,075	0,21	
21,08	0,2	
21,085	0,18	
21,09	0,17	
21,095	0,15	
21,1	0,14	
21,105	0,09	
21,11	0,07	
21,115	0,05	
21,12	0,04	
21,125	0,02	
21,13	0,01	
21,135	-0,01	
21,14	-0,03	
21,145	-0,06	
21,15	-0,08	
21,155	-0,1	
21,16	-0,11	
21,165	-0,13	
21,17	-0,15	
21,175	-0,17	
21,18	-0,18	
21,185	-0,2	
21,19	-0,22	
21,195	-0,24	
21,2	-0,26	
21,205	-0,28	
21,21	-0,3	
21,215	-0,32	
21,22	-0,33	
21,225	-0,34	
21,23	-0,36	
21,235	-0,37	
21,24	-0,39	
21,245	-0,41	
21,25	-0,43	
21,255	-0,45	
21,26	-0,47	
21,265	-0,48	
21,27	-0,49	
21,275	-0,5	
21,28	-0,51	
21,285	-0,53	
21,29	-0,55	
21,295	-0,56	
21,3	-0,58	
21,305	-0,59	
21,31	-0,6	
21,315	-0,61	
21,32	-0,62	
21,325	-0,63	
21,33	-0,65	
21,335	-0,66	
21,34	-0,67	
21,345	-0,68	
21,35	-0,69	
21,355	-0,7	
21,36	-0,71	
21,365	-0,72	
21,37	-0,72	
21,375	-0,73	
21,38	-0,74	
21,385	-0,74	
21,39	-0,75	
21,395	-0,76	
21,4	-0,77	
21,405	-0,78	
21,41	-0,78	
21,415	-0,78	
21,42	-0,78	
21,425	-0,78	
21,43	-0,78	
21,435	-0,78	
21,44	-0,79	
21,445	-0,79	
21,45	-0,8	
21,455	-0,8	
21,46	-0,8	
21,465	-0,79	
21,47	-0,79	
21,475	-0,79	
21,48	-0,79	
21,485	-0,79	
21,49	-0,79	
21,495	-0,79	
21,5	-0,79	
21,505	-0,78	
21,51	-0,77	
21,515	-0,76	
21,52	-0,75	
21,525	-0,75	
21,53	-0,74	
21,535	-0,74	
21,54	-0,74	
21,545	-0,74	
21,55	-0,74	
21,555	-0,72	
21,56	-0,71	
21,565	-0,69	
21,57	-0,68	
21,575	-0,67	
21,58	-0,66	
21,585	-0,66	
21,59	-0,65	
21,595	-0,64	
21,6	-0,63	
21,605	-0,62	
21,61	-0,6	
21,615	-0,59	
21,62	-0,57	
21,625	-0,56	
21,63	-0,55	
21,635	-0,54	
21,64	-0,53	
21,645	-0,51	
21,65	-0,5	
21,655	-0,48	
21,66	-0,46	
21,665	-0,44	
21,67	-0,43	
21,675	-0,42	
21,68	-0,41	
21,685	-0,39	
21,69	-0,38	
21,695	-0,35	
21,7	-0,33	
21,705	-0,31	
21,71	-0,29	
21,715	-0,28	
21,72	-0,26	
21,725	-0,25	
21,73	-0,24	
21,735	-0,22	
21,74	-0,2	
21,745	-0,18	
21,75	-0,16	
21,755	-0,14	
21,76	-0,12	
21,765	-0,1	
21,77	-0,08	
21,775	-0,07	
21,78	-0,06	
21,785	-0,04	
21,79	-0,02	
21,795	0	
21,8	0,03	
21,805	0,05	
21,81	0,07	
21,815	0,09	
21,82	0,1	
21,825	0,11	
21,83	0,13	
21,835	0,15	
21,84	0,17	
21,845	0,19	
21,85	0,21	
21,855	0,23	
21,86	0,24	
21,865	0,26	
21,87	0,27	
21,875	0,29	
21,88	0,31	
21,885	0,32	
21,89	0,34	
21,895	0,36	
21,9	0,38	
21,905	0,4	
21,91	0,41	
21,915	0,43	
21,92	0,44	
21,925	0,45	
21,93	0,47	
21,935	0,48	
21,94	0,49	
21,945	0,51	
21,95	0,52	
21,955	0,53	
21,96	0,55	
21,965	0,56	
21,97	0,57	
21,975	0,58	
21,98	0,59	
21,985	0,61	
21,99	0,62	
21,995	0,63	
22,0	0,64	
22,005	0,65	
22,01	0,66	
22,015	0,67	
22,02	0,67	
22,025	0,68	
22,03	0,69	
22,035	0,7	
22,04	0,71	
22,045	0,71	
22,05	0,72	
22,055	0,72	
22,06	0,73	
22,065	0,73	
22,07	0,73	
22,075	0,74	
22,08	0,75	
22,085	0,75	
22,09	0,76	
22,095	0,76	
22,1	0,76	
22,105	0,76	
22,11	0,76	
22,115	0,76	
22,12	0,76	
22,125	0,76	
22,13	0,76	
22,135	0,76	
22,14	0,76	
22,145	0,76	
22,15	0,75	
22,155	0,75	
22,16	0,74	
22,165	0,74	
22,17	0,74	
22,175	0,74	
22,18	0,73	
22,185	0,73	
22,19	0,73	
22,195	0,72	
22,2	0,71	
22,205	0,7	
22,21	0,7	
22,215	0,69	
22,22	0,68	
22,225	0,68	
22,23	0,67	
22,235	0,66	
22,24	0,65	
22,245	0,64	
22,25	0,63	
22,255	0,62	
22,26	0,6	
22,265	0,59	
22,27	0,58	
22,275	0,57	
22,28	0,56	
22,285	0,55	
22,29	0,53	
22,295	0,53	
22,3	0,51	
22,305	0,5	
22,31	0,48	
22,315	0,47	
22,32	0,45	
22,325	0,44	
22,33	0,43	
22,335	0,41	
22,34	0,4	
22,345	0,39	
22,35	0,37	
22,355	0,35	
22,36	0,33	
22,365	0,32	
22,37	0,3	
22,375	0,28	
22,38	0,27	
22,385	0,26	
22,39	0,24	
22,395	0,23	
22,4	0,21	
22,405	0,19	
22,41	0,17	
22,415	0,15	
22,42	0,13	
22,425	0,11	
22,43	0,1	
22,435	0,09	
22,44	0,07	
22,445	0,05	
22,45	0,03	
22,455	0,01	
22,46	-0,01	
22,465	-0,03	
22,47	-0,05	
22,475	-0,06	
22,48	-0,07	
22,485	-0,08	
22,49	-0,1	
22,495	-0,12	
22,5	-0,14	
22,505	-0,16	
22,51	-0,19	
22,515	-0,21	
22,52	-0,22	
22,525	-0,23	
22,53	-0,24	
22,535	-0,25	
22,54	-0,27	
22,545	-0,29	
22,55	-0,3	
22,555	-0,32	
22,56	-0,35	
22,565	-0,36	
22,57	-0,38	
22,575	-0,38	
22,58	-0,39	
22,585	-0,4	
22,59	-0,42	
22,595	-0,43	
22,6	-0,45	
22,605	-0,47	
22,61	-0,49	
22,615	-0,5	
22,62	-0,51	
22,625	-0,51	
22,63	-0,52	
22,635	-0,53	
22,64	-0,54	
22,645	-0,56	
22,65	-0,58	
22,655	-0,59	
22,66	-0,6	
22,665	-0,61	
22,67	-0,61	
22,675	-0,62	
22,68	-0,62	
22,685	-0,64	
22,69	-0,64	
22,695	-0,66	
22,7	-0,67	
22,705	-0,68	
22,71	-0,68	
22,715	-0,68	
22,72	-0,68	
22,725	-0,68	
22,73	-0,69	
22,735	-0,69	
22,74	-0,71	
22,745	-0,71	
22,75	-0,72	
22,755	-0,72	
22,76	-0,72	
22,765	-0,72	
22,77	-0,72	
22,775	-0,72	
22,78	-0,73	
22,785	-0,73	
22,79	-0,73	
22,795	-0,73	
22,8	-0,73	
22,805	-0,73	
22,81	-0,72	
22,815	-0,72	
22,82	-0,71	
22,825	-0,71	
22,83	-0,71	
22,835	-0,71	
22,84	-0,71	
22,845	-0,71	
22,85	-0,7	
22,855	-0,69	
22,86	-0,69	
22,865	-0,68	
22,87	-0,67	
22,875	-0,67	
22,88	-0,66	
22,885	-0,66	
22,89	-0,65	
22,895	-0,65	
22,9	-0,64	
22,905	-0,63	
22,91	-0,61	
22,915	-0,6	
22,92	-0,59	
22,925	-0,58	
22,93	-0,57	
22,935	-0,57	
22,94	-0,56	
22,945	-0,55	
22,95	-0,54	
22,955	-0,53	
22,96	-0,52	
22,965	-0,49	
22,97	-0,48	
22,975	-0,47	
22,98	-0,46	
22,985	-0,44	
22,99	-0,44	
22,995	-0,42	
23,0	-0,41	
23,005	-0,4	
23,01	-0,38	
23,015	-0,36	
23,02	-0,35	
23,025	-0,33	
23,03	-0,32	
23,035	-0,3	
23,04	-0,29	
23,045	-0,27	
23,05	-0,26	
23,055	-0,25	
23,06	-0,22	
23,065	-0,21	
23,07	-0,19	
23,075	-0,18	
23,08	-0,16	
23,085	-0,15	
23,09	-0,13	
23,095	-0,12	
23,1	-0,1	
23,105	-0,08	
23,11	-0,06	
23,115	-0,05	
23,12	-0,03	
23,125	-0,02	
23,13	0	
23,135	0,01	
23,14	0,03	
23,145	0,04	
23,15	0,07	
23,155	0,09	
23,16	0,1	
23,165	0,12	
23,17	0,14	
23,175	0,15	
23,18	0,17	
23,185	0,18	
23,19	0,19	
23,195	0,22	
23,2	0,23	
23,205	0,25	
23,21	0,26	
23,215	0,28	
23,22	0,29	
23,225	0,3	
23,23	0,32	
23,235	0,33	
23,24	0,35	
23,245	0,37	
23,25	0,38	
23,255	0,39	
23,26	0,41	
23,265	0,42	
23,27	0,43	
23,275	0,44	
23,28	0,45	
23,285	0,46	
23,29	0,48	
23,295	0,49	
23,3	0,5	
23,305	0,52	
23,31	0,53	
23,315	0,54	
23,32	0,55	
23,325	0,55	
23,33	0,56	
23,335	0,57	
23,34	0,58	
23,345	0,59	
23,35	0,6	
23,355	0,61	
23,36	0,62	
23,365	0,63	
23,37	0,63	
23,375	0,64	
23,38	0,65	
23,385	0,65	
23,39	0,65	
23,395	0,66	
23,4	0,66	
23,405	0,67	
23,41	0,67	
23,415	0,68	
23,42	0,68	
23,425	0,68	
23,43	0,68	
23,435	0,69	
23,44	0,69	
23,445	0,69	
23,45	0,7	
23,455	0,7	
23,46	0,7	
23,465	0,7	
23,47	0,69	
23,475	0,69	
23,48	0,69	
23,485	0,69	
23,49	0,69	
23,495	0,69	
23,5	0,68	
23,505	0,68	
23,51	0,68	
23,515	0,68	
23,52	0,67	
23,525	0,67	
23,53	0,67	
23,535	0,66	
23,54	0,65	
23,545	0,65	
23,55	0,64	
23,555	0,63	
23,56	0,62	
23,565	0,62	
23,57	0,61	
23,575	0,6	
23,58	0,6	
23,585	0,59	
23,59	0,58	
23,595	0,58	
23,6	0,56	
23,605	0,55	
23,61	0,54	
23,615	0,53	
23,62	0,52	
23,625	0,51	
23,63	0,51	
23,635	0,49	
23,64	0,48	
23,645	0,47	
23,65	0,45	
23,655	0,44	
23,66	0,42	
23,665	0,41	
23,67	0,4	
23,675	0,39	
23,68	0,38	
23,685	0,36	
23,69	0,35	
23,695	0,33	
23,7	0,32	
23,705	0,3	
23,71	0,29	
23,715	0,27	
23,72	0,26	
23,725	0,25	
23,73	0,24	
23,735	0,23	
23,74	0,21	
23,745	0,19	
23,75	0,18	
23,755	0,16	
23,76	0,14	
23,765	0,12	
23,77	0,11	
23,775	0,09	
23,78	0,08	
23,785	0,06	
23,79	0,04	
23,795	0,03	
23,8	0,01	
23,805	0	
23,81	-0,02	
23,815	-0,03	
23,82	-0,05	
23,825	-0,06	
23,83	-0,08	
23,835	-0,1	
23,84	-0,11	
23,845	-0,13	
23,85	-0,14	
23,855	-0,16	
23,86	-0,17	
23,865	-0,19	
23,87	-0,2	
23,875	-0,22	
23,88	-0,23	
23,885	-0,25	
23,89	-0,26	
23,895	-0,28	
23,9	-0,29	
23,905	-0,31	
23,91	-0,32	
23,915	-0,34	
23,92	-0,35	
23,925	-0,37	
23,93	-0,38	
23,935	-0,39	
23,94	-0,4	
23,945	-0,41	
23,95	-0,42	
23,955	-0,43	
23,96	-0,45	
23,965	-0,46	
23,97	-0,48	
23,975	-0,49	
23,98	-0,5	
23,985	-0,51	
23,99	-0,51	
23,995	-0,52	
24,0	-0,53	
24,005	-0,54	
24,01	-0,55	
24,015	-0,56	
24,02	-0,57	
24,025	-0,58	
24,03	-0,59	
24,035	-0,6	
24,04	-0,61	
24,045	-0,61	
24,05	-0,61	
24,055	-0,62	
24,06	-0,63	
24,065	-0,63	
24,07	-0,64	
24,075	-0,65	
24,08	-0,65	
24,085	-0,66	
24,09	-0,66	
24,095	-0,66	
24,1	-0,66	
24,105	-0,67	
24,11	-0,67	
24,115	-0,67	
24,12	-0,67	
24,125	-0,67	
24,13	-0,67	
24,135	-0,68	
24,14	-0,68	
24,145	-0,69	
24,15	-0,69	
24,155	-0,69	
24,16	-0,67	
24,165	-0,66	
24,17	-0,65	
24,175	-0,64	
24,18	-0,65	
24,185	-0,66	
24,19	-0,67	
24,195	-0,69	
24,2	-0,68	
24,205	-0,67	
24,21	-0,65	
24,215	-0,63	
24,22	-0,61	
24,225	-0,6	
24,23	-0,6	
24,235	-0,61	
24,24	-0,63	
24,245	-0,63	
24,25	-0,62	
24,255	-0,61	
24,26	-0,58	
24,265	-0,56	
24,27	-0,54	
24,275	-0,53	
24,28	-0,52	
24,285	-0,53	
24,29	-0,54	
24,295	-0,54	
24,3	-0,53	
24,305	-0,51	
24,31	-0,49	
24,315	-0,46	
24,32	-0,44	
24,325	-0,43	
24,33	-0,43	
24,335	-0,43	
24,34	-0,43	
24,345	-0,42	
24,35	-0,41	
24,355	-0,39	
24,36	-0,37	
24,365	-0,34	
24,37	-0,33	
24,375	-0,31	
24,38	-0,3	
24,385	-0,3	
24,39	-0,3	
24,395	-0,29	
24,4	-0,27	
24,405	-0,25	
24,41	-0,22	
24,415	-0,2	
24,42	-0,18	
24,425	-0,17	
24,43	-0,16	
24,435	-0,16	
24,44	-0,15	
24,445	-0,14	
24,45	-0,11	
24,455	-0,09	
24,46	-0,06	
24,465	-0,04	
24,47	-0,02	
24,475	-0,01	
24,48	-0,01	
24,485	0	
24,49	0,01	
24,495	0,02	
24,5	0,04	
24,505	0,07	
24,51	0,09	
24,515	0,12	
24,52	0,13	
24,525	0,13	
24,53	0,14	
24,535	0,15	
24,54	0,16	
24,545	0,17	
24,55	0,2	
24,555	0,22	
24,56	0,26	
24,565	0,27	
24,57	0,28	
24,575	0,28	
24,58	0,29	
24,585	0,29	
24,59	0,31	
24,595	0,32	
24,6	0,35	
24,605	0,38	
24,61	0,39	
24,615	0,4	
24,62	0,41	
24,625	0,41	
24,63	0,42	
24,635	0,42	
24,64	0,44	
24,645	0,45	
24,65	0,48	
24,655	0,5	
24,66	0,51	
24,665	0,52	
24,67	0,52	
24,675	0,52	
24,68	0,52	
24,685	0,53	
24,69	0,54	
24,695	0,57	
24,7	0,58	
24,705	0,6	
24,71	0,61	
24,715	0,62	
24,72	0,61	
24,725	0,61	
24,73	0,6	
24,735	0,61	
24,74	0,63	
24,745	0,64	
24,75	0,66	
24,755	0,67	
24,76	0,67	
24,765	0,67	
24,77	0,66	
24,775	0,66	
24,78	0,65	
24,785	0,66	
24,79	0,67	
24,795	0,68	
24,8	0,69	
24,805	0,69	
24,81	0,69	
24,815	0,69	
24,82	0,67	
24,825	0,67	
24,83	0,66	
24,835	0,66	
24,84	0,67	
24,845	0,68	
24,85	0,68	
24,855	0,68	
24,86	0,68	
24,865	0,67	
24,87	0,66	
24,875	0,65	
24,88	0,64	
24,885	0,65	
24,89	0,65	
24,895	0,66	
24,9	0,65	
24,905	0,65	
24,91	0,63	
24,915	0,62	
24,92	0,61	
24,925	0,59	
24,93	0,59	
24,935	0,59	
24,94	0,59	
24,945	0,59	
24,95	0,58	
24,955	0,57	
24,96	0,56	
24,965	0,54	
24,97	0,51	
24,975	0,5	
24,98	0,49	
24,985	0,49	
24,99	0,49	
24,995	0,49	
25,0	0,48	
25,005	0,47	
25,01	0,44	
25,015	0,41	
25,02	0,4	
25,025	0,38	
25,03	0,38	
25,035	0,37	
25,04	0,37	
25,045	0,37	
25,05	0,35	
25,055	0,34	
25,06	0,3	
25,065	0,27	
25,07	0,26	
25,075	0,24	
25,08	0,24	
25,085	0,24	
25,09	0,23	
25,095	0,23	
25,1	0,21	
25,105	0,17	
25,11	0,15	
25,115	0,12	
25,12	0,1	
25,125	0,09	
25,13	0,09	
25,135	0,09	
25,14	0,08	
25,145	0,07	
25,15	0,04	
25,155	0,01	
25,16	-0,01	
25,165	-0,04	
25,17	-0,05	
25,175	-0,06	
25,18	-0,07	
25,185	-0,07	
25,19	-0,07	
25,195	-0,1	
25,2	-0,12	
25,205	-0,14	
25,21	-0,17	
25,215	-0,19	
25,22	-0,21	
25,225	-0,22	
25,23	-0,22	
25,235	-0,22	
25,24	-0,24	
25,245	-0,25	
25,25	-0,27	
25,255	-0,3	
25,26	-0,32	
25,265	-0,34	
25,27	-0,35	
25,275	-0,36	
25,28	-0,36	
25,285	-0,37	
25,29	-0,38	
25,295	-0,4	
25,3	-0,42	
25,305	-0,44	
25,31	-0,46	
25,315	-0,47	
25,32	-0,48	
25,325	-0,48	
25,33	-0,48	
25,335	-0,49	
25,34	-0,5	
25,345	-0,52	
25,35	-0,54	
25,355	-0,55	
25,36	-0,57	
25,365	-0,58	
25,37	-0,58	
25,375	-0,58	
25,38	-0,59	
25,385	-0,59	
25,39	-0,6	
25,395	-0,62	
25,4	-0,63	
25,405	-0,64	
25,41	-0,65	
25,415	-0,66	
25,42	-0,65	
25,425	-0,65	
25,43	-0,65	
25,435	-0,65	
25,44	-0,66	
25,445	-0,67	
25,45	-0,69	
25,455	-0,7	
25,46	-0,7	
25,465	-0,7	
25,47	-0,69	
25,475	-0,68	
25,48	-0,68	
25,485	-0,68	
25,49	-0,69	
25,495	-0,7	
25,5	-0,71	
25,505	-0,71	
25,51	-0,71	
25,515	-0,7	
25,52	-0,69	
25,525	-0,68	
25,53	-0,68	
25,535	-0,68	
25,54	-0,69	
25,545	-0,69	
25,55	-0,7	
25,555	-0,69	
25,56	-0,68	
25,565	-0,67	
25,57	-0,65	
25,575	-0,64	
25,58	-0,64	
25,585	-0,64	
25,59	-0,64	
25,595	-0,64	
25,6	-0,64	
25,605	-0,63	
25,61	-0,61	
25,615	-0,6	
25,62	-0,58	
25,625	-0,57	
25,63	-0,56	
25,635	-0,56	
25,64	-0,56	
25,645	-0,55	
25,65	-0,55	
25,655	-0,54	
25,66	-0,52	
25,665	-0,5	
25,67	-0,48	
25,675	-0,47	
25,68	-0,46	
25,685	-0,45	
25,69	-0,45	
25,695	-0,44	
25,7	-0,43	
25,705	-0,41	
25,71	-0,39	
25,715	-0,37	
25,72	-0,35	
25,725	-0,33	
25,73	-0,32	
25,735	-0,31	
25,74	-0,31	
25,745	-0,3	
25,75	-0,28	
25,755	-0,26	
25,76	-0,24	
25,765	-0,22	
25,77	-0,2	
25,775	-0,19	
25,78	-0,18	
25,785	-0,17	
25,79	-0,15	
25,795	-0,14	
25,8	-0,12	
25,805	-0,1	
25,81	-0,08	
25,815	-0,05	
25,82	-0,03	
25,825	-0,02	
25,83	-0,01	
25,835	0,01	
25,84	0,02	
25,845	0,03	
25,85	0,05	
25,855	0,07	
25,86	0,09	
25,865	0,11	
25,87	0,13	
25,875	0,14	
25,88	0,16	
25,885	0,17	
25,89	0,18	
25,895	0,2	
25,9	0,21	
25,905	0,23	
25,91	0,25	
25,915	0,27	
25,92	0,29	
25,925	0,31	
25,93	0,32	
25,935	0,32	
25,94	0,34	
25,945	0,35	
25,95	0,37	
25,955	0,39	
25,96	0,41	
25,965	0,42	
25,97	0,44	
25,975	0,45	
25,98	0,45	
25,985	0,46	
25,99	0,47	
25,995	0,48	
26,0	0,5	
26,005	0,52	
26,01	0,54	
26,015	0,56	
26,02	0,57	
26,025	0,57	
26,03	0,57	
26,035	0,58	
26,04	0,59	
26,045	0,6	
26,05	0,62	
26,055	0,63	
26,06	0,65	
26,065	0,65	
26,07	0,66	
26,075	0,66	
26,08	0,66	
26,085	0,66	
26,09	0,67	
26,095	0,68	
26,1	0,69	
26,105	0,71	
26,11	0,72	
26,115	0,72	
26,12	0,71	
26,125	0,71	
26,13	0,7	
26,135	0,71	
26,14	0,71	
26,145	0,72	
26,15	0,73	
26,155	0,74	
26,16	0,74	
26,165	0,74	
26,17	0,73	
26,175	0,72	
26,18	0,72	
26,185	0,71	
26,19	0,72	
26,195	0,72	
26,2	0,73	
26,205	0,73	
26,21	0,73	
26,215	0,72	
26,22	0,71	
26,225	0,7	
26,23	0,69	
26,235	0,69	
26,24	0,69	
26,245	0,69	
26,25	0,69	
26,255	0,68	
26,26	0,68	
26,265	0,66	
26,27	0,65	
26,275	0,64	
26,28	0,63	
26,285	0,62	
26,29	0,62	
26,295	0,61	
26,3	0,61	
26,305	0,6	
26,31	0,59	
26,315	0,57	
26,32	0,55	
26,325	0,54	
26,33	0,53	
26,335	0,52	
26,34	0,51	
26,345	0,51	
26,35	0,5	
26,355	0,48	
26,36	0,47	
26,365	0,45	
26,37	0,43	
26,375	0,41	
26,38	0,39	
26,385	0,38	
26,39	0,37	
26,395	0,37	
26,4	0,35	
26,405	0,33	
26,41	0,31	
26,415	0,29	
26,42	0,27	
26,425	0,25	
26,43	0,24	
26,435	0,23	
26,44	0,22	
26,445	0,21	
26,45	0,19	
26,455	0,17	
26,46	0,15	
26,465	0,13	
26,47	0,1	
26,475	0,08	
26,48	0,07	
26,485	0,06	
26,49	0,05	
26,495	0,04	
26,5	0,02	
26,505	-0,01	
26,51	-0,03	
26,515	-0,06	
26,52	-0,08	
26,525	-0,09	
26,53	-0,1	
26,535	-0,11	
26,54	-0,12	
26,545	-0,14	
26,55	-0,15	
26,555	-0,18	
26,56	-0,21	
26,565	-0,23	
26,57	-0,25	
26,575	-0,26	
26,58	-0,27	
26,585	-0,28	
26,59	-0,29	
26,595	-0,31	
26,6	-0,32	
26,605	-0,36	
26,61	-0,38	
26,615	-0,4	
26,62	-0,41	
26,625	-0,42	
26,63	-0,43	
26,635	-0,43	
26,64	-0,44	
26,645	-0,45	
26,65	-0,47	
26,655	-0,5	
26,66	-0,52	
26,665	-0,53	
26,67	-0,54	
26,675	-0,55	
26,68	-0,56	
26,685	-0,56	
26,69	-0,58	
26,695	-0,59	
26,7	-0,61	
26,705	-0,62	
26,71	-0,64	
26,715	-0,65	
26,72	-0,66	
26,725	-0,66	
26,73	-0,67	
26,735	-0,67	
26,74	-0,67	
26,745	-0,68	
26,75	-0,7	
26,755	-0,7	
26,76	-0,72	
26,765	-0,72	
26,77	-0,73	
26,775	-0,73	
26,78	-0,73	
26,785	-0,73	
26,79	-0,74	
26,795	-0,75	
26,8	-0,76	
26,805	-0,76	
26,81	-0,77	
26,815	-0,77	
26,82	-0,77	
26,825	-0,76	
26,83	-0,75	
26,835	-0,75	
26,84	-0,75	
26,845	-0,76	
26,85	-0,76	
26,855	-0,77	
26,86	-0,77	
26,865	-0,77	
26,87	-0,76	
26,875	-0,75	
26,88	-0,73	
26,885	-0,73	
26,89	-0,73	
26,895	-0,74	
26,9	-0,74	
26,905	-0,74	
26,91	-0,73	
26,915	-0,72	
26,92	-0,71	
26,925	-0,69	
26,93	-0,68	
26,935	-0,68	
26,94	-0,67	
26,945	-0,67	
26,95	-0,67	
26,955	-0,66	
26,96	-0,65	
26,965	-0,63	
26,97	-0,61	
26,975	-0,59	
26,98	-0,58	
26,985	-0,58	
26,99	-0,57	
26,995	-0,56	
27,0	-0,56	
27,005	-0,54	
27,01	-0,53	
27,015	-0,5	
27,02	-0,48	
27,025	-0,47	
27,03	-0,46	
27,035	-0,45	
27,04	-0,44	
27,045	-0,43	
27,05	-0,42	
27,055	-0,4	
27,06	-0,37	
27,065	-0,35	
27,07	-0,33	
27,075	-0,31	
27,08	-0,3	
27,085	-0,29	
27,09	-0,28	
27,095	-0,27	
27,1	-0,25	
27,105	-0,23	
27,11	-0,2	
27,115	-0,18	
27,12	-0,16	
27,125	-0,15	
27,13	-0,13	
27,135	-0,12	
27,14	-0,1	
27,145	-0,09	
27,15	-0,07	
27,155	-0,04	
27,16	-0,02	
27,165	0	
27,17	0,02	
27,175	0,04	
27,18	0,05	
27,185	0,06	
27,19	0,08	
27,195	0,09	
27,2	0,12	
27,205	0,14	
27,21	0,16	
27,215	0,19	
27,22	0,2	
27,225	0,22	
27,23	0,23	
27,235	0,24	
27,24	0,26	
27,245	0,28	
27,25	0,3	
27,255	0,32	
27,26	0,34	
27,265	0,36	
27,27	0,38	
27,275	0,39	
27,28	0,4	
27,285	0,41	
27,29	0,43	
27,295	0,44	
27,3	0,46	
27,305	0,48	
27,31	0,49	
27,315	0,51	
27,32	0,52	
27,325	0,53	
27,33	0,54	
27,335	0,56	
27,34	0,57	
27,345	0,58	
27,35	0,6	
27,355	0,61	
27,36	0,63	
27,365	0,64	
27,37	0,65	
27,375	0,66	
27,38	0,66	
27,385	0,67	
27,39	0,68	
27,395	0,69	
27,4	0,7	
27,405	0,71	
27,41	0,72	
27,415	0,73	
27,42	0,74	
27,425	0,74	
27,43	0,75	
27,435	0,75	
27,44	0,75	
27,445	0,76	
27,45	0,76	
27,455	0,77	
27,46	0,78	
27,465	0,78	
27,47	0,78	
27,475	0,78	
27,48	0,78	
27,485	0,78	
27,49	0,78	
27,495	0,79	
27,5	0,79	
27,505	0,79	
27,51	0,8	
27,515	0,79	
27,52	0,79	
27,525	0,78	
27,53	0,77	
27,535	0,77	
27,54	0,76	
27,545	0,77	
27,55	0,77	
27,555	0,77	
27,56	0,76	
27,565	0,76	
27,57	0,75	
27,575	0,74	
27,58	0,72	
27,585	0,72	
27,59	0,71	
27,595	0,7	
27,6	0,7	
27,605	0,69	
27,61	0,68	
27,615	0,67	
27,62	0,66	
27,625	0,65	
27,63	0,63	
27,635	0,62	
27,64	0,61	
27,645	0,6	
27,65	0,59	
27,655	0,58	
27,66	0,57	
27,665	0,55	
27,67	0,53	
27,675	0,52	
27,68	0,51	
27,685	0,49	
27,69	0,48	
27,695	0,47	
27,7	0,45	
27,705	0,44	
27,71	0,42	
27,715	0,41	
27,72	0,39	
27,725	0,37	
27,73	0,35	
27,735	0,33	
27,74	0,32	
27,745	0,3	
27,75	0,29	
27,755	0,27	
27,76	0,25	
27,765	0,23	
27,77	0,21	
27,775	0,19	
27,78	0,17	
27,785	0,16	
27,79	0,14	
27,795	0,12	
27,8	0,1	
27,805	0,09	
27,81	0,07	
27,815	0,04	
27,82	0,03	
27,825	0,01	
27,83	-0,01	
27,835	-0,03	
27,84	-0,05	
27,845	-0,06	
27,85	-0,08	
27,855	-0,1	
27,86	-0,12	
27,865	-0,14	
27,87	-0,16	
27,875	-0,18	
27,88	-0,21	
27,885	-0,22	
27,89	-0,23	
27,895	-0,25	
27,9	-0,27	
27,905	-0,29	
27,91	-0,31	
27,915	-0,33	
27,92	-0,35	
27,925	-0,37	
27,93	-0,38	
27,935	-0,39	
27,94	-0,4	
27,945	-0,42	
27,95	-0,43	
27,955	-0,45	
27,96	-0,47	
27,965	-0,49	
27,97	-0,51	
27,975	-0,52	
27,98	-0,53	
27,985	-0,54	
27,99	-0,55	
27,995	-0,57	
28,0	-0,58	
28,005	-0,59	
28,01	-0,61	
28,015	-0,63	
28,02	-0,64	
28,025	-0,65	
28,03	-0,66	
28,035	-0,66	
28,04	-0,67	
28,045	-0,68	
28,05	-0,69	
28,055	-0,71	
28,06	-0,72	
28,065	-0,73	
28,07	-0,74	
28,075	-0,74	
28,08	-0,74	
28,085	-0,74	
28,09	-0,75	
28,095	-0,76	
28,1	-0,77	
28,105	-0,78	
28,11	-0,79	
28,115	-0,79	
28,12	-0,79	
28,125	-0,79	
28,13	-0,79	
28,135	-0,79	
28,14	-0,79	
28,145	-0,79	
28,15	-0,8	
28,155	-0,81	
28,16	-0,81	
28,165	-0,81	
28,17	-0,81	
28,175	-0,8	
28,18	-0,8	
28,185	-0,79	
28,19	-0,79	
28,195	-0,78	
28,2	-0,78	
28,205	-0,78	
28,21	-0,78	
28,215	-0,78	
28,22	-0,77	
28,225	-0,76	
28,23	-0,76	
28,235	-0,75	
28,24	-0,74	
28,245	-0,73	
28,25	-0,73	
28,255	-0,72	
28,26	-0,71	
28,265	-0,7	
28,27	-0,69	
28,275	-0,68	
28,28	-0,67	
28,285	-0,66	
28,29	-0,64	
28,295	-0,63	
28,3	-0,62	
28,305	-0,61	
28,31	-0,6	
28,315	-0,59	
28,32	-0,57	
28,325	-0,56	
28,33	-0,55	
28,335	-0,53	
28,34	-0,51	
28,345	-0,5	
28,35	-0,49	
28,355	-0,47	
28,36	-0,46	
28,365	-0,44	
28,37	-0,43	
28,375	-0,41	
28,38	-0,38	
28,385	-0,37	
28,39	-0,35	
28,395	-0,34	
28,4	-0,33	
28,405	-0,31	
28,41	-0,29	
28,415	-0,27	
28,42	-0,25	
28,425	-0,22	
28,43	-0,2	
28,435	-0,19	
28,44	-0,17	
28,445	-0,16	
28,45	-0,14	
28,455	-0,13	
28,46	-0,11	
28,465	-0,09	
28,47	-0,07	
28,475	-0,03	
28,48	-0,02	
28,485	0	
28,49	0,02	
28,495	0,03	
28,5	0,04	
28,505	0,06	
28,51	0,08	
28,515	0,1	
28,52	0,14	
28,525	0,16	
28,53	0,18	
28,535	0,19	
28,54	0,2	
28,545	0,22	
28,55	0,23	
28,555	0,25	
28,56	0,27	
28,565	0,3	
28,57	0,32	
28,575	0,34	
28,58	0,35	
28,585	0,37	
28,59	0,38	
28,595	0,39	
28,6	0,41	
28,605	0,42	
28,61	0,45	
28,615	0,47	
28,62	0,48	
28,625	0,5	
28,63	0,51	
28,635	0,52	
28,64	0,53	
28,645	0,55	
28,65	0,56	
28,655	0,58	
28,66	0,59	
28,665	0,61	
28,67	0,62	
28,675	0,64	
28,68	0,65	
28,685	0,65	
28,69	0,66	
28,695	0,67	
28,7	0,68	
28,705	0,69	
28,71	0,7	
28,715	0,71	
28,72	0,72	
28,725	0,73	
28,73	0,73	
28,735	0,74	
28,74	0,74	
28,745	0,75	
28,75	0,76	
28,755	0,77	
28,76	0,78	
28,765	0,78	
28,77	0,79	
28,775	0,79	
28,78	0,79	
28,785	0,79	
28,79	0,79	
28,795	0,8	
28,8	0,8	
28,805	0,81	
28,81	0,81	
28,815	0,81	
28,82	0,81	
28,825	0,8	
28,83	0,8	
28,835	0,79	
28,84	0,79	
28,845	0,79	
28,85	0,79	
28,855	0,79	
28,86	0,79	
28,865	0,79	
28,87	0,78	
28,875	0,77	
28,88	0,76	
28,885	0,75	
28,89	0,74	
28,895	0,74	
28,9	0,74	
28,905	0,73	
28,91	0,73	
28,915	0,72	
28,92	0,71	
28,925	0,7	
28,93	0,68	
28,935	0,67	
28,94	0,66	
28,945	0,65	
28,95	0,64	
28,955	0,63	
28,96	0,62	
28,965	0,61	
28,97	0,59	
28,975	0,57	
28,98	0,56	
28,985	0,55	
28,99	0,53	
28,995	0,52	
29,0	0,51	
29,005	0,5	
29,01	0,48	
29,015	0,47	
29,02	0,45	
29,025	0,43	
29,03	0,41	
29,035	0,4	
29,04	0,38	
29,045	0,37	
29,05	0,35	
29,055	0,34	
29,06	0,32	
29,065	0,29	
29,07	0,28	
29,075	0,26	
29,08	0,24	
29,085	0,23	
29,09	0,21	
29,095	0,19	
29,1	0,17	
29,105	0,16	
29,11	0,13	
29,115	0,11	
29,12	0,09	
29,125	0,07	
29,13	0,05	
29,135	0,04	
29,14	0,02	
29,145	0	
29,15	-0,01	
29,155	-0,04	
29,16	-0,06	
29,165	-0,08	
29,17	-0,1	
29,175	-0,12	
29,18	-0,13	
29,185	-0,15	
29,19	-0,17	
29,195	-0,19	
29,2	-0,21	
29,205	-0,23	
29,21	-0,24	
29,215	-0,26	
29,22	-0,28	
29,225	-0,3	
29,23	-0,31	
29,235	-0,33	
29,24	-0,34	
29,245	-0,37	
29,25	-0,38	
29,255	-0,4	
29,26	-0,41	
29,265	-0,43	
29,27	-0,45	
29,275	-0,46	
29,28	-0,48	
29,285	-0,49	
29,29	-0,51	
29,295	-0,52	
29,3	-0,53	
29,305	-0,55	
29,31	-0,56	
29,315	-0,57	
29,32	-0,59	
29,325	-0,6	
29,33	-0,61	
29,335	-0,63	
29,34	-0,64	
29,345	-0,64	
29,35	-0,65	
29,355	-0,66	
29,36	-0,67	
29,365	-0,68	
29,37	-0,69	
29,375	-0,7	
29,38	-0,71	
29,385	-0,72	
29,39	-0,72	
29,395	-0,73	
29,4	-0,73	
29,405	-0,74	
29,41	-0,74	
29,415	-0,75	
29,42	-0,76	
29,425	-0,77	
29,43	-0,77	
29,435	-0,77	
29,44	-0,78	
29,445	-0,78	
29,45	-0,78	
29,455	-0,78	
29,46	-0,78	
29,465	-0,79	
29,47	-0,79	
29,475	-0,79	
29,48	-0,79	
29,485	-0,78	
29,49	-0,78	
29,495	-0,77	
29,5	-0,78	
29,505	-0,78	
29,51	-0,78	
29,515	-0,78	
29,52	-0,77	
29,525	-0,77	
29,53	-0,76	
29,535	-0,75	
29,54	-0,74	
29,545	-0,74	
29,55	-0,73	
29,555	-0,73	
29,56	-0,72	
29,565	-0,71	
29,57	-0,7	
29,575	-0,69	
29,58	-0,68	
29,585	-0,67	
29,59	-0,66	
29,595	-0,66	
29,6	-0,65	
29,605	-0,64	
29,61	-0,63	
29,615	-0,62	
29,62	-0,6	
29,625	-0,59	
29,63	-0,58	
29,635	-0,56	
29,64	-0,55	
29,645	-0,54	
29,65	-0,53	
29,655	-0,51	
29,66	-0,5	
29,665	-0,48	
29,67	-0,47	
29,675	-0,45	
29,68	-0,43	
29,685	-0,42	
29,69	-0,4	
29,695	-0,39	
29,7	-0,37	
29,705	-0,35	
29,71	-0,33	
29,715	-0,32	
29,72	-0,3	
29,725	-0,29	
29,73	-0,27	
29,735	-0,26	
29,74	-0,24	
29,745	-0,22	
29,75	-0,2	
29,755	-0,19	
29,76	-0,17	
29,765	-0,15	
29,77	-0,13	
29,775	-0,11	
29,78	-0,1	
29,785	-0,08	
29,79	-0,06	
29,795	-0,04	
29,8	-0,02	
29,805	0	
29,81	0,02	
29,815	0,04	
29,82	0,05	
29,825	0,07	
29,83	0,08	
29,835	0,1	
29,84	0,12	
29,845	0,14	
29,85	0,16	
29,855	0,18	
29,86	0,2	
29,865	0,21	
29,87	0,23	
29,875	0,24	
29,88	0,26	
29,885	0,28	
29,89	0,3	
29,895	0,32	
29,9	0,34	
29,905	0,36	
29,91	0,37	
29,915	0,38	
29,92	0,4	
29,925	0,41	
29,93	0,43	
29,935	0,44	
29,94	0,45	
29,945	0,47	
29,95	0,48	
29,955	0,5	
29,96	0,51	
29,965	0,52	
29,97	0,54	
29,975	0,55	
29,98	0,57	
29,985	0,58	
29,99	0,59	
29,995	0,6	
30,0	0,61	
30,005	0,62	
30,01	0,63	
30,015	0,64	
30,02	0,65	
30,025	0,66	
30,03	0,67	
30,035	0,68	
30,04	0,69	
30,045	0,69	
30,05	0,7	
30,055	0,71	
30,06	0,71	
30,065	0,72	
30,07	0,72	
30,075	0,73	
30,08	0,73	
30,085	0,74	
30,09	0,75	
30,095	0,75	
30,1	0,75	
30,105	0,75	
30,11	0,75	
30,115	0,76	
30,12	0,76	
30,125	0,76	
30,13	0,76	
30,135	0,76	
30,14	0,76	
30,145	0,75	
30,15	0,75	
30,155	0,75	
30,16	0,75	
30,165	0,75	
30,17	0,75	
30,175	0,75	
30,18	0,74	
30,185	0,74	
30,19	0,74	
30,195	0,73	
30,2	0,72	
30,205	0,71	
30,21	0,71	
30,215	0,7	
30,22	0,7	
30,225	0,69	
30,23	0,68	
30,235	0,67	
30,24	0,67	
30,245	0,66	
30,25	0,64	
30,255	0,64	
30,26	0,63	
30,265	0,62	
30,27	0,61	
30,275	0,6	
30,28	0,58	
30,285	0,58	
30,29	0,57	
30,295	0,55	
30,3	0,54	
30,305	0,53	
30,31	0,51	
30,315	0,5	
30,32	0,49	
30,325	0,47	
30,33	0,46	
30,335	0,44	
30,34	0,42	
30,345	0,41	
30,35	0,4	
30,355	0,39	
30,36	0,37	
30,365	0,35	
30,37	0,34	
30,375	0,32	
30,38	0,3	
30,385	0,28	
30,39	0,26	
30,395	0,25	
30,4	0,24	
30,405	0,22	
30,41	0,21	
30,415	0,19	
30,42	0,18	
30,425	0,16	
30,43	0,13	
30,435	0,11	
30,44	0,1	
30,445	0,08	
30,45	0,07	
30,455	0,05	
30,46	0,04	
30,465	0,02	
30,47	0	
30,475	-0,03	
30,48	-0,05	
30,485	-0,06	
30,49	-0,08	
30,495	-0,09	
30,5	-0,11	
30,505	-0,12	
30,51	-0,14	
30,515	-0,16	
30,52	-0,19	
30,525	-0,2	
30,53	-0,22	
30,535	-0,23	
30,54	-0,24	
30,545	-0,26	
30,55	-0,27	
30,555	-0,28	
30,56	-0,3	
30,565	-0,33	
30,57	-0,35	
30,575	-0,36	
30,58	-0,37	
30,585	-0,39	
30,59	-0,4	
30,595	-0,41	
30,6	-0,42	
30,605	-0,44	
30,61	-0,46	
30,615	-0,47	
30,62	-0,49	
30,625	-0,5	
30,63	-0,51	
30,635	-0,51	
30,64	-0,52	
30,645	-0,54	
30,65	-0,55	
30,655	-0,57	
30,66	-0,59	
30,665	-0,59	
30,67	-0,6	
30,675	-0,61	
30,68	-0,62	
30,685	-0,62	
30,69	-0,63	
30,695	-0,64	
30,7	-0,65	
30,705	-0,66	
30,71	-0,66	
30,715	-0,67	
30,72	-0,67	
30,725	-0,67	
30,73	-0,68	
30,735	-0,68	
30,74	-0,69	
30,745	-0,7	
30,75	-0,71	
30,755	-0,72	
30,76	-0,72	
30,765	-0,72	
30,77	-0,72	
30,775	-0,72	
30,78	-0,72	
30,785	-0,72	
30,79	-0,72	
30,795	-0,73	
30,8	-0,73	
30,805	-0,73	
30,81	-0,73	
30,815	-0,72	
30,82	-0,72	
30,825	-0,72	
30,83	-0,71	
30,835	-0,71	
30,84	-0,71	
30,845	-0,71	
30,85	-0,7	
30,855	-0,7	
30,86	-0,7	
30,865	-0,69	
30,87	-0,68	
30,875	-0,68	
30,88	-0,67	
30,885	-0,66	
30,89	-0,66	
30,895	-0,65	
30,9	-0,65	
30,905	-0,64	
30,91	-0,63	
30,915	-0,62	
30,92	-0,61	
30,925	-0,6	
30,93	-0,59	
30,935	-0,58	
30,94	-0,57	
30,945	-0,56	
30,95	-0,55	
30,955	-0,54	
30,96	-0,53	
30,965	-0,52	
30,97	-0,51	
30,975	-0,49	
30,98	-0,48	
30,985	-0,46	
30,99	-0,45	
30,995	-0,44	
31,0	-0,43	
31,005	-0,41	
31,01	-0,4	
31,015	-0,39	
31,02	-0,37	
31,025	-0,36	
31,03	-0,34	
31,035	-0,33	
31,04	-0,31	
31,045	-0,29	
31,05	-0,28	
31,055	-0,26	
31,06	-0,25	
31,065	-0,23	
31,07	-0,22	
31,075	-0,21	
31,08	-0,19	
31,085	-0,17	
31,09	-0,15	
31,095	-0,13	
31,1	-0,12	
31,105	-0,1	
31,11	-0,08	
31,115	-0,07	
31,12	-0,06	
31,125	-0,04	
31,13	-0,02	
31,135	-0,01	
31,14	0,02	
31,145	0,04	
31,15	0,05	
31,155	0,07	
31,16	0,08	
31,165	0,09	
31,17	0,11	
31,175	0,13	
31,18	0,14	
31,185	0,16	
31,19	0,18	
31,195	0,2	
31,2	0,21	
31,205	0,23	
31,21	0,24	
31,215	0,26	
31,22	0,27	
31,225	0,29	
31,23	0,3	
31,235	0,31	
31,24	0,33	
31,245	0,34	
31,25	0,36	
31,255	0,37	
31,26	0,39	
31,265	0,4	
31,27	0,42	
31,275	0,43	
31,28	0,44	
31,285	0,45	
31,29	0,46	
31,295	0,47	
31,3	0,49	
31,305	0,5	
31,31	0,51	
31,315	0,52	
31,32	0,53	
31,325	0,54	
31,33	0,55	
31,335	0,55	
31,34	0,57	
31,345	0,57	
31,35	0,58	
31,355	0,59	
31,36	0,61	
31,365	0,62	
31,37	0,63	
31,375	0,63	
31,38	0,63	
31,385	0,64	
31,39	0,64	
31,395	0,64	
31,4	0,65	
31,405	0,66	
31,41	0,66	
31,415	0,67	
31,42	0,68	
31,425	0,68	
31,43	0,68	
31,435	0,68	
31,44	0,68	
31,445	0,68	
31,45	0,68	
31,455	0,69	
31,46	0,69	
31,465	0,69	
31,47	0,69	
31,475	0,69	
31,48	0,69	
31,485	0,69	
31,49	0,69	
31,495	0,68	
31,5	0,68	
31,505	0,68	
31,51	0,68	
31,515	0,68	
31,52	0,67	
31,525	0,67	
31,53	0,67	
31,535	0,66	
31,54	0,66	
31,545	0,65	
31,55	0,64	
31,555	0,64	
31,56	0,63	
31,565	0,62	
31,57	0,61	
31,575	0,61	
31,58	0,6	
31,585	0,59	
31,59	0,58	
31,595	0,58	
31,6	0,57	
31,605	0,56	
31,61	0,54	
31,615	0,54	
31,62	0,52	
31,625	0,51	
31,63	0,5	
31,635	0,49	
31,64	0,48	
31,645	0,47	
31,65	0,46	
31,655	0,45	
31,66	0,43	
31,665	0,42	
31,67	0,41	
31,675	0,4	
31,68	0,38	
31,685	0,37	
31,69	0,36	
31,695	0,34	
31,7	0,33	
31,705	0,31	
31,71	0,3	
31,715	0,28	
31,72	0,27	
31,725	0,25	
31,73	0,24	
31,735	0,23	
31,74	0,22	
31,745	0,2	
31,75	0,19	
31,755	0,17	
31,76	0,15	
31,765	0,14	
31,77	0,12	
31,775	0,1	
31,78	0,09	
31,785	0,07	
31,79	0,06	
31,795	0,04	
31,8	0,03	
31,805	0,01	
31,81	0	
31,815	-0,02	
31,82	-0,04	
31,825	-0,05	
31,83	-0,07	
31,835	-0,08	
31,84	-0,1	
31,845	-0,11	
31,85	-0,12	
31,855	-0,14	
31,86	-0,16	
31,865	-0,18	
31,87	-0,19	
31,875	-0,21	
31,88	-0,22	
31,885	-0,24	
31,89	-0,25	
31,895	-0,26	
31,9	-0,28	
31,905	-0,29	
31,91	-0,3	
31,915	-0,31	
31,92	-0,33	
31,925	-0,34	
31,93	-0,36	
31,935	-0,38	
31,94	-0,39	
31,945	-0,4	
31,95	-0,41	
31,955	-0,42	
31,96	-0,43	
31,965	-0,44	
31,97	-0,45	
31,975	-0,47	
31,98	-0,48	
31,985	-0,49	
31,99	-0,51	
31,995	-0,51	
32,0	-0,52	
32,005	-0,53	
32,01	-0,54	
32,015	-0,54	
32,02	-0,56	
32,025	-0,57	
32,03	-0,58	
32,035	-0,59	
32,04	-0,59	
32,045	-0,6	
32,05	-0,6	
32,055	-0,61	
32,06	-0,61	
32,065	-0,62	
32,07	-0,63	
32,075	-0,63	
32,08	-0,64	
32,085	-0,64	
32,09	-0,65	
32,095	-0,65	
32,1	-0,65	
32,105	-0,65	
32,11	-0,66	
32,115	-0,66	
32,12	-0,66	
32,125	-0,66	
32,13	-0,66	
32,135	-0,66	
32,14	-0,66	
32,145	-0,66	
32,15	-0,66	
32,155	-0,66	
32,16	-0,66	
32,165	-0,66	
32,17	-0,66	
32,175	-0,66	
32,18	-0,65	
32,185	-0,65	
32,19	-0,65	
32,195	-0,65	
32,2	-0,64	
32,205	-0,64	
32,21	-0,64	
32,215	-0,63	
32,22	-0,63	
32,225	-0,62	
32,23	-0,61	
32,235	-0,61	
32,24	-0,6	
32,245	-0,59	
32,25	-0,59	
32,255	-0,58	
32,26	-0,58	
32,265	-0,57	
32,27	-0,56	
32,275	-0,55	
32,28	-0,54	
32,285	-0,53	
32,29	-0,52	
32,295	-0,52	
32,3	-0,51	
32,305	-0,5	
32,31	-0,49	
32,315	-0,47	
32,32	-0,46	
32,325	-0,45	
32,33	-0,43	
32,335	-0,42	
32,34	-0,41	
32,345	-0,4	
32,35	-0,39	
32,355	-0,38	
32,36	-0,37	
32,365	-0,36	
32,37	-0,34	
32,375	-0,33	
32,38	-0,31	
32,385	-0,29	
32,39	-0,28	
32,395	-0,27	
32,4	-0,26	
32,405	-0,25	
32,41	-0,23	
32,415	-0,22	
32,42	-0,2	
32,425	-0,19	
32,43	-0,16	
32,435	-0,15	
32,44	-0,13	
32,445	-0,12	
32,45	-0,1	
32,455	-0,09	
32,46	-0,08	
32,465	-0,07	
32,47	-0,05	
32,475	-0,03	
32,48	-0,02	
32,485	0	
32,49	0,02	
32,495	0,03	
32,5	0,05	
32,505	0,06	
32,51	0,07	
32,515	0,08	
32,52	0,1	
32,525	0,12	
32,53	0,13	
32,535	0,15	
32,54	0,17	
32,545	0,18	
32,55	0,2	
32,555	0,21	
32,56	0,22	
32,565	0,24	
32,57	0,26	
32,575	0,27	
32,58	0,28	
32,585	0,29	
32,59	0,31	
32,595	0,32	
32,6	0,34	
32,605	0,35	
32,61	0,36	
32,615	0,38	
32,62	0,39	
32,625	0,4	
32,63	0,41	
32,635	0,42	
32,64	0,43	
32,645	0,44	
32,65	0,46	
32,655	0,47	
32,66	0,48	
32,665	0,49	
32,67	0,5	
32,675	0,51	
32,68	0,52	
32,685	0,52	
32,69	0,53	
32,695	0,54	
32,7	0,55	
32,705	0,56	
32,71	0,57	
32,715	0,58	
32,72	0,58	
32,725	0,59	
32,73	0,59	
32,735	0,59	
32,74	0,6	
32,745	0,61	
32,75	0,62	
32,755	0,62	
32,76	0,63	
32,765	0,63	
32,77	0,64	
32,775	0,64	
32,78	0,64	
32,785	0,64	
32,79	0,64	
32,795	0,65	
32,8	0,65	
32,805	0,65	
32,81	0,65	
32,815	0,65	
32,82	0,66	
32,825	0,66	
32,83	0,66	
32,835	0,66	
32,84	0,65	
32,845	0,65	
32,85	0,65	
32,855	0,65	
32,86	0,65	
32,865	0,65	
32,87	0,65	
32,875	0,64	
32,88	0,64	
32,885	0,63	
32,89	0,63	
32,895	0,62	
32,9	0,62	
32,905	0,61	
32,91	0,61	
32,915	0,6	
32,92	0,59	
32,925	0,59	
32,93	0,58	
32,935	0,57	
32,94	0,57	
32,945	0,56	
32,95	0,55	
32,955	0,54	
32,96	0,53	
32,965	0,52	
32,97	0,51	
32,975	0,5	
32,98	0,49	
32,985	0,48	
32,99	0,47	
32,995	0,46	
33,0	0,45	
33,005	0,44	
33,01	0,43	
33,015	0,42	
33,02	0,41	
33,025	0,39	
33,03	0,38	
33,035	0,37	
33,04	0,36	
33,045	0,35	
33,05	0,33	
33,055	0,32	
33,06	0,31	
33,065	0,29	
33,07	0,27	
33,075	0,25	
33,08	0,24	
33,085	0,23	
33,09	0,22	
33,095	0,21	
33,1	0,2	
33,105	0,18	
33,11	0,16	
33,115	0,14	
33,12	0,12	
33,125	0,11	
33,13	0,1	
33,135	0,08	
33,14	0,07	
33,145	0,06	
33,15	0,05	
33,155	0,03	
33,16	0,01	
33,165	-0,01	
33,17	-0,02	
33,175	-0,04	
33,18	-0,06	
33,185	-0,07	
33,19	-0,08	
33,195	-0,09	
33,2	-0,1	
33,205	-0,13	
33,21	-0,14	
33,215	-0,16	
33,22	-0,17	
33,225	-0,19	
33,23	-0,2	
33,235	-0,22	
33,24	-0,23	
33,245	-0,24	
33,25	-0,26	
33,255	-0,27	
33,26	-0,29	
33,265	-0,3	
33,27	-0,32	
33,275	-0,33	
33,28	-0,34	
33,285	-0,35	
33,29	-0,37	
33,295	-0,38	
33,3	-0,39	
33,305	-0,4	
33,31	-0,41	
33,315	-0,43	
33,32	-0,44	
33,325	-0,45	
33,33	-0,47	
33,335	-0,48	
33,34	-0,49	
33,345	-0,5	
33,35	-0,51	
33,355	-0,51	
33,36	-0,52	
33,365	-0,53	
33,37	-0,54	
33,375	-0,55	
33,38	-0,56	
33,385	-0,57	
33,39	-0,58	
33,395	-0,58	
33,4	-0,59	
33,405	-0,59	
33,41	-0,6	
33,415	-0,61	
33,42	-0,61	
33,425	-0,62	
33,43	-0,62	
33,435	-0,63	
33,44	-0,64	
33,445	-0,64	
33,45	-0,65	
33,455	-0,65	
33,46	-0,65	
33,465	-0,66	
33,47	-0,66	
33,475	-0,66	
33,48	-0,66	
33,485	-0,66	
33,49	-0,66	
33,495	-0,67	
33,5	-0,67	
33,505	-0,67	
33,51	-0,67	
33,515	-0,67	
33,52	-0,66	
33,525	-0,66	
33,53	-0,66	
33,535	-0,66	
33,54	-0,66	
33,545	-0,66	
33,55	-0,66	
33,555	-0,65	
33,56	-0,65	
33,565	-0,65	
33,57	-0,64	
33,575	-0,63	
33,58	-0,62	
33,585	-0,62	
33,59	-0,61	
33,595	-0,61	
33,6	-0,6	
33,605	-0,6	
33,61	-0,59	
33,615	-0,58	
33,62	-0,57	
33,625	-0,56	
33,63	-0,56	
33,635	-0,55	
33,64	-0,54	
33,645	-0,53	
33,65	-0,52	
33,655	-0,51	
33,66	-0,49	
33,665	-0,48	
33,67	-0,48	
33,675	-0,46	
33,68	-0,46	
33,685	-0,45	
33,69	-0,44	
33,695	-0,42	
33,7	-0,42	
33,705	-0,4	
33,71	-0,39	
33,715	-0,37	
33,72	-0,36	
33,725	-0,34	
33,73	-0,33	
33,735	-0,31	
33,74	-0,3	
33,745	-0,29	
33,75	-0,27	
33,755	-0,26	
33,76	-0,24	
33,765	-0,23	
33,77	-0,21	
33,775	-0,2	
33,78	-0,19	
33,785	-0,18	
33,79	-0,16	
33,795	-0,13	
33,8	-0,12	
33,805	-0,11	
33,81	-0,09	
33,815	-0,08	
33,82	-0,07	
33,825	-0,05	
33,83	-0,03	
33,835	-0,02	
33,84	0,01	
33,845	0,02	
33,85	0,04	
33,855	0,05	
33,86	0,06	
33,865	0,08	
33,87	0,09	
33,875	0,11	
33,88	0,12	
33,885	0,14	
33,89	0,16	
33,895	0,18	
33,9	0,2	
33,905	0,21	
33,91	0,22	
33,915	0,23	
33,92	0,25	
33,925	0,26	
33,93	0,28	
33,935	0,3	
33,94	0,31	
33,945	0,32	
33,95	0,34	
33,955	0,35	
33,96	0,36	
33,965	0,37	
33,97	0,38	
33,975	0,4	
33,98	0,42	
33,985	0,43	
33,99	0,45	
33,995	0,46	
34,0	0,47	
34,005	0,48	
34,01	0,49	
34,015	0,5	
34,02	0,51	
34,025	0,53	
34,03	0,53	
34,035	0,54	
34,04	0,55	
34,045	0,56	
34,05	0,57	
34,055	0,58	
34,06	0,59	
34,065	0,6	
34,07	0,61	
34,075	0,61	
34,08	0,62	
34,085	0,62	
34,09	0,63	
34,095	0,64	
34,1	0,64	
34,105	0,65	
34,11	0,65	
34,115	0,66	
34,12	0,67	
34,125	0,67	
34,13	0,67	
34,135	0,68	
34,14	0,68	
34,145	0,68	
34,15	0,68	
34,155	0,68	
34,16	0,69	
34,165	0,69	
34,17	0,69	
34,175	0,69	
34,18	0,69	
34,185	0,69	
34,19	0,68	
34,195	0,68	
34,2	0,69	
34,205	0,68	
34,21	0,68	
34,215	0,68	
34,22	0,68	
34,225	0,67	
34,23	0,67	
34,235	0,66	
34,24	0,66	
34,245	0,66	
34,25	0,65	
34,255	0,65	
34,26	0,64	
34,265	0,64	
34,27	0,63	
34,275	0,62	
34,28	0,61	
34,285	0,61	
34,29	0,6	
34,295	0,59	
34,3	0,58	
34,305	0,57	
34,31	0,56	
34,315	0,55	
34,32	0,54	
34,325	0,53	
34,33	0,52	
34,335	0,52	
34,34	0,51	
34,345	0,49	
34,35	0,48	
34,355	0,47	
34,36	0,45	
34,365	0,44	
34,37	0,43	
34,375	0,42	
34,38	0,41	
34,385	0,4	
34,39	0,38	
34,395	0,36	
34,4	0,35	
34,405	0,33	
34,41	0,31	
34,415	0,3	
34,42	0,29	
34,425	0,27	
34,43	0,26	
34,435	0,24	
34,44	0,23	
34,445	0,21	
34,45	0,2	
34,455	0,18	
34,46	0,16	
34,465	0,15	
34,47	0,14	
34,475	0,12	
34,48	0,1	
34,485	0,09	
34,49	0,07	
34,495	0,05	
34,5	0,04	
34,505	0,02	
34,51	0	
34,515	-0,02	
34,52	-0,03	
34,525	-0,05	
34,53	-0,06	
34,535	-0,08	
34,54	-0,1	
34,545	-0,11	
34,55	-0,13	
34,555	-0,14	
34,56	-0,16	
34,565	-0,17	
34,57	-0,2	
34,575	-0,21	
34,58	-0,23	
34,585	-0,24	
34,59	-0,26	
34,595	-0,27	
34,6	-0,29	
34,605	-0,3	
34,61	-0,32	
34,615	-0,34	
34,62	-0,35	
34,625	-0,37	
34,63	-0,38	
34,635	-0,39	
34,64	-0,41	
34,645	-0,42	
34,65	-0,43	
34,655	-0,44	
34,66	-0,46	
34,665	-0,47	
34,67	-0,48	
34,675	-0,49	
34,68	-0,51	
34,685	-0,52	
34,69	-0,53	
34,695	-0,54	
34,7	-0,55	
34,705	-0,57	
34,71	-0,58	
34,715	-0,59	
34,72	-0,6	
34,725	-0,61	
34,73	-0,62	
34,735	-0,62	
34,74	-0,63	
34,745	-0,64	
34,75	-0,65	
34,755	-0,66	
34,76	-0,66	
34,765	-0,67	
34,77	-0,67	
34,775	-0,67	
34,78	-0,68	
34,785	-0,69	
34,79	-0,69	
34,795	-0,7	
34,8	-0,7	
34,805	-0,71	
34,81	-0,71	
34,815	-0,71	
34,82	-0,71	
34,825	-0,71	
34,83	-0,72	
34,835	-0,72	
34,84	-0,72	
34,845	-0,72	
34,85	-0,72	
34,855	-0,72	
34,86	-0,71	
34,865	-0,71	
34,87	-0,71	
34,875	-0,71	
34,88	-0,71	
34,885	-0,71	
34,89	-0,71	
34,895	-0,71	
34,9	-0,71	
34,905	-0,7	
34,91	-0,69	
34,915	-0,68	
34,92	-0,68	
34,925	-0,67	
34,93	-0,66	
34,935	-0,66	
34,94	-0,66	
34,945	-0,65	
34,95	-0,64	
34,955	-0,64	
34,96	-0,62	
34,965	-0,61	
34,97	-0,6	
34,975	-0,59	
34,98	-0,58	
34,985	-0,57	
34,99	-0,56	
34,995	-0,56	
35,0	-0,55	
35,005	-0,54	
35,01	-0,52	
35,015	-0,51	
35,02	-0,5	
35,025	-0,48	
35,03	-0,47	
35,035	-0,46	
35,04	-0,45	
35,045	-0,44	
35,05	-0,42	
35,055	-0,41	
35,06	-0,39	
35,065	-0,37	
35,07	-0,35	
35,075	-0,33	
35,08	-0,32	
35,085	-0,31	
35,09	-0,3	
35,095	-0,29	
35,1	-0,27	
35,105	-0,26	
35,11	-0,24	
35,115	-0,21	
35,12	-0,19	
35,125	-0,18	
35,13	-0,16	
35,135	-0,15	
35,14	-0,14	
35,145	-0,12	
35,15	-0,1	
35,155	-0,08	
35,16	-0,05	
35,165	-0,04	
35,17	-0,02	
35,175	-0,01	
35,18	0,01	
35,185	0,02	
35,19	0,04	
35,195	0,06	
35,2	0,07	
35,205	0,1	
35,21	0,12	
35,215	0,13	
35,22	0,15	
35,225	0,17	
35,23	0,18	
35,235	0,2	
35,24	0,21	
35,245	0,23	
35,25	0,25	
35,255	0,27	
35,26	0,29	
35,265	0,3	
35,27	0,31	
35,275	0,33	
35,28	0,34	
35,285	0,36	
35,29	0,37	
35,295	0,39	
35,3	0,41	
35,305	0,43	
35,31	0,44	
35,315	0,45	
35,32	0,46	
35,325	0,47	
35,33	0,48	
35,335	0,5	
35,34	0,51	
35,345	0,54	
35,35	0,55	
35,355	0,56	
35,36	0,57	
35,365	0,58	
35,37	0,59	
35,375	0,59	
35,38	0,6	
35,385	0,62	
35,39	0,63	
35,395	0,64	
35,4	0,66	
35,405	0,67	
35,41	0,67	
35,415	0,67	
35,42	0,68	
35,425	0,68	
35,43	0,69	
35,435	0,7	
35,44	0,71	
35,445	0,72	
35,45	0,72	
35,455	0,73	
35,46	0,73	
35,465	0,73	
35,47	0,73	
35,475	0,73	
35,48	0,74	
35,485	0,75	
35,49	0,75	
35,495	0,75	
35,5	0,76	
35,505	0,76	
35,51	0,75	
35,515	0,75	
35,52	0,75	
35,525	0,74	
35,53	0,74	
35,535	0,74	
35,54	0,74	
35,545	0,74	
35,55	0,74	
35,555	0,74	
35,56	0,73	
35,565	0,72	
35,57	0,72	
35,575	0,71	
35,58	0,71	
35,585	0,7	
35,59	0,7	
35,595	0,69	
35,6	0,69	
35,605	0,68	
35,61	0,67	
35,615	0,65	
35,62	0,65	
35,625	0,64	
35,63	0,63	
35,635	0,62	
35,64	0,61	
35,645	0,6	
35,65	0,59	
35,655	0,58	
35,66	0,57	
35,665	0,55	
35,67	0,54	
35,675	0,53	
35,68	0,52	
35,685	0,51	
35,69	0,5	
35,695	0,48	
35,7	0,47	
35,705	0,46	
35,71	0,44	
35,715	0,42	
35,72	0,41	
35,725	0,39	
35,73	0,38	
35,735	0,36	
35,74	0,35	
35,745	0,33	
35,75	0,32	
35,755	0,29	
35,76	0,28	
35,765	0,26	
35,77	0,25	
35,775	0,23	
35,78	0,21	
35,785	0,2	
35,79	0,18	
35,795	0,16	
35,8	0,14	
35,805	0,12	
35,81	0,1	
35,815	0,08	
35,82	0,07	
35,825	0,06	
35,83	0,04	
35,835	0,03	
35,84	0,01	
35,845	-0,02	
35,85	-0,04	
35,855	-0,06	
35,86	-0,08	
35,865	-0,09	
35,87	-0,11	
35,875	-0,12	
35,88	-0,14	
35,885	-0,15	
35,89	-0,18	
35,895	-0,2	
35,9	-0,21	
35,905	-0,23	
35,91	-0,25	
35,915	-0,27	
35,92	-0,29	
35,925	-0,3	
35,93	-0,31	
35,935	-0,33	
35,94	-0,35	
35,945	-0,37	
35,95	-0,38	
35,955	-0,4	
35,96	-0,42	
35,965	-0,43	
35,97	-0,45	
35,975	-0,46	
35,98	-0,48	
35,985	-0,49	
35,99	-0,5	
35,995	-0,51	
36,0	-0,53	
36,005	-0,54	
36,01	-0,56	
36,015	-0,57	
36,02	-0,58	
36,025	-0,59	
36,03	-0,6	
36,035	-0,61	
36,04	-0,62	
36,045	-0,63	
36,05	-0,64	
36,055	-0,65	
36,06	-0,66	
36,065	-0,67	
36,07	-0,69	
36,075	-0,69	
36,08	-0,7	
36,085	-0,71	
36,09	-0,71	
36,095	-0,72	
36,1	-0,73	
36,105	-0,74	
36,11	-0,74	
36,115	-0,75	
36,12	-0,75	
36,125	-0,75	
36,13	-0,75	
36,135	-0,76	
36,14	-0,76	
36,145	-0,76	
36,15	-0,77	
36,155	-0,77	
36,16	-0,77	
36,165	-0,77	
36,17	-0,77	
36,175	-0,76	
36,18	-0,76	
36,185	-0,76	
36,19	-0,77	
36,195	-0,77	
36,2	-0,77	
36,205	-0,77	
36,21	-0,76	
36,215	-0,75	
36,22	-0,74	
36,225	-0,74	
36,23	-0,74	
36,235	-0,74	
36,24	-0,73	
36,245	-0,73	
36,25	-0,72	
36,255	-0,71	
36,26	-0,7	
36,265	-0,69	
36,27	-0,68	
36,275	-0,68	
36,28	-0,67	
36,285	-0,66	
36,29	-0,66	
36,295	-0,65	
36,3	-0,63	
36,305	-0,62	
36,31	-0,61	
36,315	-0,59	
36,32	-0,58	
36,325	-0,57	
36,33	-0,56	
36,335	-0,55	
36,34	-0,54	
36,345	-0,52	
36,35	-0,51	
36,355	-0,5	
36,36	-0,48	
36,365	-0,46	
36,37	-0,45	
36,375	-0,43	
36,38	-0,42	
36,385	-0,41	
36,39	-0,39	
36,395	-0,38	
36,4	-0,36	
36,405	-0,34	
36,41	-0,32	
36,415	-0,31	
36,42	-0,29	
36,425	-0,27	
36,43	-0,26	
36,435	-0,24	
36,44	-0,22	
36,445	-0,2	
36,45	-0,19	
36,455	-0,17	
36,46	-0,15	
36,465	-0,13	
36,47	-0,11	
36,475	-0,09	
36,48	-0,07	
36,485	-0,05	
36,49	-0,03	
36,495	-0,01	
36,5	0	
36,505	0,02	
36,51	0,04	
36,515	0,05	
36,52	0,07	
36,525	0,1	
36,53	0,12	
36,535	0,14	
36,54	0,15	
36,545	0,17	
36,55	0,19	
36,555	0,2	
36,56	0,22	
36,565	0,23	
36,57	0,26	
36,575	0,28	
36,58	0,29	
36,585	0,31	
36,59	0,32	
36,595	0,34	
36,6	0,35	
36,605	0,37	
36,61	0,39	
36,615	0,4	
36,62	0,43	
36,625	0,44	
36,63	0,45	
36,635	0,47	
36,64	0,48	
36,645	0,5	
36,65	0,51	
36,655	0,53	
36,66	0,54	
36,665	0,55	
36,67	0,56	
36,675	0,58	
36,68	0,59	
36,685	0,6	
36,69	0,61	
36,695	0,63	
36,7	0,64	
36,705	0,65	
36,71	0,66	
36,715	0,67	
36,72	0,67	
36,725	0,68	
36,73	0,69	
36,735	0,7	
36,74	0,71	
36,745	0,72	
36,75	0,72	
36,755	0,73	
36,76	0,74	
36,765	0,74	
36,77	0,75	
36,775	0,75	
36,78	0,76	
36,785	0,76	
36,79	0,77	
36,795	0,77	
36,8	0,78	
36,805	0,78	
36,81	0,77	
36,815	0,78	
36,82	0,77	
36,825	0,77	
36,83	0,78	
36,835	0,78	
36,84	0,78	
36,845	0,78	
36,85	0,78	
36,855	0,77	
36,86	0,77	
36,865	0,76	
36,87	0,76	
36,875	0,75	
36,88	0,75	
36,885	0,75	
36,89	0,74	
36,895	0,74	
36,9	0,74	
36,905	0,73	
36,91	0,73	
36,915	0,72	
36,92	0,71	
36,925	0,7	
36,93	0,69	
36,935	0,68	
36,94	0,67	
36,945	0,66	
36,95	0,65	
36,955	0,64	
36,96	0,63	
36,965	0,63	
36,97	0,62	
36,975	0,6	
36,98	0,59	
36,985	0,57	
36,99	0,56	
36,995	0,54	
37,0	0,53	
37,005	0,52	
37,01	0,51	
37,015	0,49	
37,02	0,48	
37,025	0,46	
37,03	0,44	
37,035	0,43	
37,04	0,41	
37,045	0,4	
37,05	0,38	
37,055	0,37	
37,06	0,36	
37,065	0,35	
37,07	0,33	
37,075	0,3	
37,08	0,28	
37,085	0,27	
37,09	0,25	
37,095	0,23	
37,1	0,21	
37,105	0,2	
37,11	0,18	
37,115	0,17	
37,12	0,14	
37,125	0,12	
37,13	0,1	
37,135	0,09	
37,14	0,07	
37,145	0,05	
37,15	0,03	
37,155	0,02	
37,16	0	
37,165	-0,03	
37,17	-0,04	
37,175	-0,06	
37,18	-0,08	
37,185	-0,1	
37,19	-0,12	
37,195	-0,13	
37,2	-0,15	
37,205	-0,17	
37,21	-0,19	
37,215	-0,21	
37,22	-0,22	
37,225	-0,24	
37,23	-0,26	
37,235	-0,27	
37,24	-0,29	
37,245	-0,31	
37,25	-0,32	
37,255	-0,35	
37,26	-0,36	
37,265	-0,38	
37,27	-0,39	
37,275	-0,41	
37,28	-0,42	
37,285	-0,43	
37,29	-0,45	
37,295	-0,47	
37,3	-0,49	
37,305	-0,5	
37,31	-0,51	
37,315	-0,53	
37,32	-0,54	
37,325	-0,55	
37,33	-0,56	
37,335	-0,58	
37,34	-0,59	
37,345	-0,6	
37,35	-0,62	
37,355	-0,63	
37,36	-0,64	
37,365	-0,65	
37,37	-0,66	
37,375	-0,66	
37,38	-0,67	
37,385	-0,68	
37,39	-0,69	
37,395	-0,7	
37,4	-0,71	
37,405	-0,72	
37,41	-0,72	
37,415	-0,73	
37,42	-0,74	
37,425	-0,74	
37,43	-0,75	
37,435	-0,75	
37,44	-0,75	
37,445	-0,76	
37,45	-0,76	
37,455	-0,76	
37,46	-0,77	
37,465	-0,77	
37,47	-0,77	
37,475	-0,78	
37,48	-0,77	
37,485	-0,77	
37,49	-0,77	
37,495	-0,77	
37,5	-0,77	
37,505	-0,77	
37,51	-0,77	
37,515	-0,77	
37,52	-0,76	
37,525	-0,76	
37,53	-0,75	
37,535	-0,75	
37,54	-0,75	
37,545	-0,74	
37,55	-0,74	
37,555	-0,74	
37,56	-0,73	
37,565	-0,73	
37,57	-0,72	
37,575	-0,7	
37,58	-0,7	
37,585	-0,69	
37,59	-0,68	
37,595	-0,67	
37,6	-0,66	
37,605	-0,66	
37,61	-0,65	
37,615	-0,64	
37,62	-0,62	
37,625	-0,61	
37,63	-0,6	
37,635	-0,59	
37,64	-0,58	
37,645	-0,56	
37,65	-0,55	
37,655	-0,54	
37,66	-0,52	
37,665	-0,51	
37,67	-0,5	
37,675	-0,48	
37,68	-0,47	
37,685	-0,46	
37,69	-0,44	
37,695	-0,43	
37,7	-0,42	
37,705	-0,4	
37,71	-0,37	
37,715	-0,36	
37,72	-0,34	
37,725	-0,33	
37,73	-0,31	
37,735	-0,3	
37,74	-0,28	
37,745	-0,27	
37,75	-0,25	
37,755	-0,22	
37,76	-0,21	
37,765	-0,19	
37,77	-0,17	
37,775	-0,15	
37,78	-0,13	
37,785	-0,12	
37,79	-0,1	
37,795	-0,08	
37,8	-0,06	
37,805	-0,05	
37,81	-0,03	
37,815	-0,01	
37,82	0,01	
37,825	0,03	
37,83	0,04	
37,835	0,06	
37,84	0,08	
37,845	0,1	
37,85	0,12	
37,855	0,13	
37,86	0,16	
37,865	0,17	
37,87	0,19	
37,875	0,21	
37,88	0,23	
37,885	0,24	
37,89	0,26	
37,895	0,28	
37,9	0,29	
37,905	0,31	
37,91	0,33	
37,915	0,34	
37,92	0,36	
37,925	0,37	
37,93	0,39	
37,935	0,41	
37,94	0,42	
37,945	0,43	
37,95	0,44	
37,955	0,46	
37,96	0,47	
37,965	0,48	
37,97	0,5	
37,975	0,51	
37,98	0,52	
37,985	0,54	
37,99	0,55	
37,995	0,57	
38,0	0,58	
38,005	0,59	
38,01	0,6	
38,015	0,61	
38,02	0,62	
38,025	0,63	
38,03	0,64	
38,035	0,65	
38,04	0,67	
38,045	0,68	
38,05	0,68	
38,055	0,69	
38,06	0,69	
38,065	0,7	
38,07	0,7	
38,075	0,71	
38,08	0,71	
38,085	0,72	
38,09	0,73	
38,095	0,73	
38,1	0,74	
38,105	0,74	
38,11	0,74	
38,115	0,75	
38,12	0,75	
38,125	0,75	
38,13	0,75	
38,135	0,76	
38,14	0,76	
38,145	0,76	
38,15	0,76	
38,155	0,76	
38,16	0,75	
38,165	0,75	
38,17	0,74	
38,175	0,73	
38,18	0,73	
38,185	0,73	
38,19	0,73	
38,195	0,73	
38,2	0,73	
38,205	0,73	
38,21	0,72	
38,215	0,71	
38,22	0,71	
38,225	0,7	
38,23	0,69	
38,235	0,69	
38,24	0,68	
38,245	0,68	
38,25	0,67	
38,255	0,66	
38,26	0,65	
38,265	0,63	
38,27	0,62	
38,275	0,61	
38,28	0,6	
38,285	0,59	
38,29	0,59	
38,295	0,58	
38,3	0,56	
38,305	0,55	
38,31	0,54	
38,315	0,53	
38,32	0,51	
38,325	0,5	
38,33	0,48	
38,335	0,47	
38,34	0,46	
38,345	0,44	
38,35	0,43	
38,355	0,41	
38,36	0,39	
38,365	0,38	
38,37	0,36	
38,375	0,35	
38,38	0,33	
38,385	0,32	
38,39	0,29	
38,395	0,28	
38,4	0,27	
38,405	0,26	
38,41	0,24	
38,415	0,23	
38,42	0,21	
38,425	0,19	
38,43	0,17	
38,435	0,16	
38,44	0,13	
38,445	0,11	
38,45	0,1	
38,455	0,08	
38,46	0,07	
38,465	0,05	
38,47	0,03	
38,475	0,02	
38,48	0	
38,485	-0,03	
38,49	-0,04	
38,495	-0,06	
38,5	-0,07	
38,505	-0,09	
38,51	-0,11	
38,515	-0,12	
38,52	-0,14	
38,525	-0,16	
38,53	-0,18	
38,535	-0,2	
38,54	-0,21	
38,545	-0,23	
38,55	-0,25	
38,555	-0,26	
38,56	-0,28	
38,565	-0,29	
38,57	-0,3	
38,575	-0,32	
38,58	-0,34	
38,585	-0,35	
38,59	-0,37	
38,595	-0,38	
38,6	-0,4	
38,605	-0,41	
38,61	-0,42	
38,615	-0,44	
38,62	-0,46	
38,625	-0,47	
38,63	-0,48	
38,635	-0,49	
38,64	-0,51	
38,645	-0,52	
38,65	-0,53	
38,655	-0,54	
38,66	-0,55	
38,665	-0,57	
38,67	-0,58	
38,675	-0,58	
38,68	-0,59	
38,685	-0,6	
38,69	-0,61	
38,695	-0,62	
38,7	-0,63	
38,705	-0,64	
38,71	-0,65	
38,715	-0,66	
38,72	-0,67	
38,725	-0,67	
38,73	-0,67	
38,735	-0,68	
38,74	-0,68	
38,745	-0,69	
38,75	-0,69	
38,755	-0,7	
38,76	-0,71	
38,765	-0,71	
38,77	-0,72	
38,775	-0,71	
38,78	-0,71	
38,785	-0,71	
38,79	-0,71	
38,795	-0,72	
38,8	-0,73	
38,805	-0,73	
38,81	-0,73	
38,815	-0,73	
38,82	-0,73	
38,825	-0,73	
38,83	-0,72	
38,835	-0,72	
38,84	-0,71	
38,845	-0,71	
38,85	-0,71	
38,855	-0,71	
38,86	-0,71	
38,865	-0,7	
38,87	-0,69	
38,875	-0,69	
38,88	-0,68	
38,885	-0,67	
38,89	-0,67	
38,895	-0,66	
38,9	-0,66	
38,905	-0,65	
38,91	-0,64	
38,915	-0,63	
38,92	-0,62	
38,925	-0,61	
38,93	-0,6	
38,935	-0,6	
38,94	-0,59	
38,945	-0,58	
38,95	-0,57	
38,955	-0,56	
38,96	-0,55	
38,965	-0,54	
38,97	-0,52	
38,975	-0,51	
38,98	-0,5	
38,985	-0,48	
38,99	-0,47	
38,995	-0,46	
39,0	-0,45	
39,005	-0,44	
39,01	-0,42	
39,015	-0,41	
39,02	-0,39	
39,025	-0,37	
39,03	-0,36	
39,035	-0,35	
39,04	-0,34	
39,045	-0,32	
39,05	-0,31	
39,055	-0,29	
39,06	-0,27	
39,065	-0,26	
39,07	-0,24	
39,075	-0,22	
39,08	-0,21	
39,085	-0,19	
39,09	-0,18	
39,095	-0,17	
39,1	-0,15	
39,105	-0,13	
39,11	-0,11	
39,115	-0,1	
39,12	-0,07	
39,125	-0,05	
39,13	-0,04	
39,135	-0,03	
39,14	-0,01	
39,145	0	
39,15	0,02	
39,155	0,04	
39,16	0,05	
39,165	0,08	
39,17	0,09	
39,175	0,1	
39,18	0,12	
39,185	0,13	
39,19	0,15	
39,195	0,17	
39,2	0,18	
39,205	0,2	
39,21	0,22	
39,215	0,24	
39,22	0,25	
39,225	0,27	
39,23	0,28	
39,235	0,29	
39,24	0,3	
39,245	0,32	
39,25	0,33	
39,255	0,35	
39,26	0,37	
39,265	0,38	
39,27	0,4	
39,275	0,41	
39,28	0,42	
39,285	0,43	
39,29	0,44	
39,295	0,46	
39,3	0,47	
39,305	0,48	
39,31	0,49	
39,315	0,5	
39,32	0,51	
39,325	0,53	
39,33	0,54	
39,335	0,55	
39,34	0,56	
39,345	0,57	
39,35	0,57	
39,355	0,58	
39,36	0,59	
39,365	0,6	
39,37	0,61	
39,375	0,62	
39,38	0,63	
39,385	0,63	
39,39	0,64	
39,395	0,65	
39,4	0,65	
39,405	0,65	
39,41	0,66	
39,415	0,66	
39,42	0,67	
39,425	0,68	
39,43	0,68	
39,435	0,68	
39,44	0,68	
39,445	0,68	
39,45	0,68	
39,455	0,68	
39,46	0,68	
39,465	0,68	
39,47	0,68	
39,475	0,69	
39,48	0,69	
39,485	0,69	
39,49	0,68	
39,495	0,68	
39,5	0,68	
39,505	0,68	
39,51	0,68	
39,515	0,68	
39,52	0,68	
39,525	0,67	
39,53	0,67	
39,535	0,66	
39,54	0,66	
39,545	0,65	
39,55	0,64	
39,555	0,64	
39,56	0,63	
39,565	0,63	
39,57	0,63	
39,575	0,62	
39,58	0,61	
39,585	0,6	
39,59	0,59	
39,595	0,58	
39,6	0,57	
39,605	0,57	
39,61	0,56	
39,615	0,55	
39,62	0,54	
39,625	0,53	
39,63	0,51	
39,635	0,5	
39,64	0,5	
39,645	0,48	
39,65	0,47	
39,655	0,46	
39,66	0,45	
39,665	0,43	
39,67	0,42	
39,675	0,41	
39,68	0,39	
39,685	0,38	
39,69	0,37	
39,695	0,36	
39,7	0,35	
39,705	0,34	
39,71	0,32	
39,715	0,3	
39,72	0,28	
39,725	0,27	
39,73	0,25	
39,735	0,24	
39,74	0,22	
39,745	0,21	
39,75	0,2	
39,755	0,18	
39,76	0,16	
39,765	0,15	
39,77	0,14	
39,775	0,12	
39,78	0,1	
39,785	0,09	
39,79	0,07	
39,795	0,06	
39,8	0,04	
39,805	0,02	
39,81	0	
39,815	-0,01	
39,82	-0,03	
39,825	-0,04	
39,83	-0,06	
39,835	-0,07	
39,84	-0,08	
39,845	-0,1	
39,85	-0,12	
39,855	-0,13	
39,86	-0,15	
39,865	-0,16	
39,87	-0,18	
39,875	-0,19	
39,88	-0,21	
39,885	-0,22	
39,89	-0,24	
39,895	-0,26	
39,9	-0,27	
39,905	-0,28	
39,91	-0,3	
39,915	-0,31	
39,92	-0,32	
39,925	-0,33	
39,93	-0,34	
39,935	-0,35	
39,94	-0,37	
39,945	-0,39	
39,95	-0,4	
39,955	-0,41	
39,96	-0,42	
39,965	-0,43	
39,97	-0,44	
39,975	-0,45	
39,98	-0,46	
39,985	-0,48	
39,99	-0,49	
39,995	-0,5	
40,0	-0,51	
40,005	-0,52	
40,01	-0,53	
40,015	-0,54	
40,02	-0,54	
40,025	-0,55	
40,03	-0,56	
40,035	-0,57	
40,04	-0,58	
40,045	-0,59	
40,05	-0,59	
40,055	-0,6	
40,06	-0,61	
40,065	-0,61	
40,07	-0,61	
40,075	-0,62	
40,08	-0,62	
40,085	-0,63	
40,09	-0,64	
40,095	-0,64	
40,1	-0,64	
40,105	-0,65	
40,11	-0,65	
40,115	-0,65	
40,12	-0,66	
40,125	-0,66	
40,13	-0,66	
40,135	-0,66	
40,14	-0,66	
40,145	-0,66	
40,15	-0,66	
40,155	-0,66	
40,16	-0,65	
40,165	-0,65	
40,17	-0,65	
40,175	-0,65	
40,18	-0,65	
40,185	-0,65	
40,19	-0,65	
40,195	-0,64	
40,2	-0,64	
40,205	-0,64	
40,21	-0,63	
40,215	-0,63	
40,22	-0,63	
40,225	-0,62	
40,23	-0,62	
40,235	-0,61	
40,24	-0,6	
40,245	-0,59	
40,25	-0,58	
40,255	-0,58	
40,26	-0,57	
40,265	-0,56	
40,27	-0,56	
40,275	-0,55	
40,28	-0,54	
40,285	-0,53	
40,29	-0,51	
40,295	-0,5	
40,3	-0,5	
40,305	-0,49	
40,31	-0,48	
40,315	-0,47	
40,32	-0,46	
40,325	-0,45	
40,33	-0,44	
40,335	-0,42	
40,34	-0,41	
40,345	-0,4	
40,35	-0,38	
40,355	-0,37	
40,36	-0,36	
40,365	-0,35	
40,37	-0,34	
40,375	-0,33	
40,38	-0,31	
40,385	-0,3	
40,39	-0,29	
40,395	-0,26	
40,4	-0,25	
40,405	-0,24	
40,41	-0,23	
40,415	-0,21	
40,42	-0,2	
40,425	-0,19	
40,43	-0,17	
40,435	-0,16	
40,44	-0,14	
40,445	-0,13	
40,45	-0,12	
40,455	-0,1	
40,46	-0,08	
40,465	-0,07	
40,47	-0,06	
40,475	-0,04	
40,48	-0,03	
40,485	-0,01	
40,49	0,01	
40,495	0,02	
40,5	0,04	
40,505	0,05	
40,51	0,07	
40,515	0,09	
40,52	0,1	
40,525	0,11	
40,53	0,13	
40,535	0,15	
40,54	0,16	
40,545	0,17	
40,55	0,18	
40,555	0,2	
40,56	0,21	
40,565	0,23	
40,57	0,25	
40,575	0,27	
40,58	0,28	
40,585	0,29	
40,59	0,3	
40,595	0,31	
40,6	0,32	
40,605	0,34	
40,61	0,35	
40,615	0,36	
40,62	0,38	
40,625	0,39	
40,63	0,4	
40,635	0,41	
40,64	0,42	
40,645	0,43	
40,65	0,44	
40,655	0,45	
40,66	0,46	
40,665	0,48	
40,67	0,49	
40,675	0,5	
40,68	0,5	
40,685	0,51	
40,69	0,52	
40,695	0,52	
40,7	0,53	
40,705	0,54	
40,71	0,55	
40,715	0,57	
40,72	0,57	
40,725	0,58	
40,73	0,58	
40,735	0,58	
40,74	0,59	
40,745	0,59	
40,75	0,6	
40,755	0,61	
40,76	0,62	
40,765	0,62	
40,77	0,63	
40,775	0,63	
40,78	0,63	
40,785	0,63	
40,79	0,63	
40,795	0,63	
40,8	0,63	
40,805	0,64	
40,81	0,64	
40,815	0,64	
40,82	0,64	
40,825	0,64	
40,83	0,64	
40,835	0,64	
40,84	0,64	
40,845	0,64	
40,85	0,64	
40,855	0,64	
40,86	0,63	
40,865	0,63	
40,87	0,62	
40,875	0,62	
40,88	0,62	
40,885	0,62	
40,89	0,61	
40,895	0,61	
40,9	0,61	
40,905	0,6	
40,91	0,59	
40,915	0,58	
40,92	0,57	
40,925	0,57	
40,93	0,56	
40,935	0,56	
40,94	0,55	
40,945	0,54	
40,95	0,54	
40,955	0,53	
40,96	0,52	
40,965	0,51	
40,97	0,5	
40,975	0,49	
40,98	0,48	
40,985	0,47	
40,99	0,46	
40,995	0,46	
41,0	0,44	
41,005	0,43	
41,01	0,42	
41,015	0,41	
41,02	0,39	
41,025	0,38	
41,03	0,37	
41,035	0,35	
41,04	0,35	
41,045	0,34	
41,05	0,32	
41,055	0,31	
41,06	0,3	
41,065	0,28	
41,07	0,27	
41,075	0,25	
41,08	0,24	
41,085	0,23	
41,09	0,22	
41,095	0,21	
41,1	0,19	
41,105	0,18	
41,11	0,16	
41,115	0,15	
41,12	0,13	
41,125	0,11	
41,13	0,1	
41,135	0,09	
41,14	0,07	
41,145	0,06	
41,15	0,04	
41,155	0,03	
41,16	0,02	
41,165	0	
41,17	-0,02	
41,175	-0,03	
41,18	-0,05	
41,185	-0,06	
41,19	-0,08	
41,195	-0,09	
41,2	-0,1	
41,205	-0,12	
41,21	-0,13	
41,215	-0,15	
41,22	-0,16	
41,225	-0,18	
41,23	-0,19	
41,235	-0,21	
41,24	-0,22	
41,245	-0,23	
41,25	-0,25	
41,255	-0,26	
41,26	-0,28	
41,265	-0,29	
41,27	-0,3	
41,275	-0,31	
41,28	-0,32	
41,285	-0,34	
41,29	-0,35	
41,295	-0,36	
41,3	-0,37	
41,305	-0,39	
41,31	-0,4	
41,315	-0,41	
41,32	-0,42	
41,325	-0,43	
41,33	-0,44	
41,335	-0,45	
41,34	-0,46	
41,345	-0,47	
41,35	-0,49	
41,355	-0,5	
41,36	-0,51	
41,365	-0,51	
41,37	-0,52	
41,375	-0,53	
41,38	-0,53	
41,385	-0,54	
41,39	-0,55	
41,395	-0,56	
41,4	-0,57	
41,405	-0,57	
41,41	-0,58	
41,415	-0,59	
41,42	-0,59	
41,425	-0,59	
41,43	-0,6	
41,435	-0,6	
41,44	-0,61	
41,445	-0,61	
41,45	-0,62	
41,455	-0,63	
41,46	-0,63	
41,465	-0,63	
41,47	-0,63	
41,475	-0,63	
41,48	-0,63	
41,485	-0,63	
41,49	-0,63	
41,495	-0,63	
41,5	-0,64	
41,505	-0,64	
41,51	-0,64	
41,515	-0,64	
41,52	-0,64	
41,525	-0,63	
41,53	-0,63	
41,535	-0,63	
41,54	-0,63	
41,545	-0,62	
41,55	-0,62	
41,555	-0,62	
41,56	-0,62	
41,565	-0,61	
41,57	-0,61	
41,575	-0,6	
41,58	-0,59	
41,585	-0,59	
41,59	-0,58	
41,595	-0,58	
41,6	-0,58	
41,605	-0,58	
41,61	-0,57	
41,615	-0,56	
41,62	-0,55	
41,625	-0,54	
41,63	-0,53	
41,635	-0,52	
41,64	-0,51	
41,645	-0,51	
41,65	-0,5	
41,655	-0,5	
41,66	-0,49	
41,665	-0,47	
41,67	-0,46	
41,675	-0,45	
41,68	-0,43	
41,685	-0,42	
41,69	-0,41	
41,695	-0,41	
41,7	-0,39	
41,705	-0,38	
41,71	-0,37	
41,715	-0,36	
41,72	-0,35	
41,725	-0,34	
41,73	-0,32	
41,735	-0,31	
41,74	-0,29	
41,745	-0,28	
41,75	-0,26	
41,755	-0,25	
41,76	-0,23	
41,765	-0,22	
41,77	-0,21	
41,775	-0,2	
41,78	-0,19	
41,785	-0,17	
41,79	-0,16	
41,795	-0,14	
41,8	-0,13	
41,805	-0,11	
41,81	-0,09	
41,815	-0,08	
41,82	-0,07	
41,825	-0,05	
41,83	-0,04	
41,835	-0,03	
41,84	-0,01	
41,845	0,01	
41,85	0,03	
41,855	0,04	
41,86	0,06	
41,865	0,07	
41,87	0,08	
41,875	0,1	
41,88	0,11	
41,885	0,13	
41,89	0,14	
41,895	0,16	
41,9	0,17	
41,905	0,19	
41,91	0,2	
41,915	0,21	
41,92	0,23	
41,925	0,24	
41,93	0,25	
41,935	0,27	
41,94	0,29	
41,945	0,3	
41,95	0,31	
41,955	0,32	
41,96	0,34	
41,965	0,35	
41,97	0,36	
41,975	0,37	
41,98	0,39	
41,985	0,4	
41,99	0,41	
41,995	0,42	
42,0	0,43	
42,005	0,44	
42,01	0,46	
42,015	0,47	
42,02	0,48	
42,025	0,49	
42,03	0,5	
42,035	0,51	
42,04	0,51	
42,045	0,52	
42,05	0,53	
42,055	0,54	
42,06	0,55	
42,065	0,56	
42,07	0,57	
42,075	0,58	
42,08	0,59	
42,085	0,59	
42,09	0,59	
42,095	0,6	
42,1	0,61	
42,105	0,61	
42,11	0,62	
42,115	0,63	
42,12	0,63	
42,125	0,64	
42,13	0,64	
42,135	0,64	
42,14	0,64	
42,145	0,64	
42,15	0,64	
42,155	0,65	
42,16	0,65	
42,165	0,66	
42,17	0,66	
42,175	0,66	
42,18	0,66	
42,185	0,66	
42,19	0,65	
42,195	0,65	
42,2	0,65	
42,205	0,65	
42,21	0,65	
42,215	0,65	
42,22	0,64	
42,225	0,64	
42,23	0,63	
42,235	0,63	
42,24	0,62	
42,245	0,62	
42,25	0,62	
42,255	0,62	
42,26	0,61	
42,265	0,61	
42,27	0,6	
42,275	0,6	
42,28	0,59	
42,285	0,58	
42,29	0,57	
42,295	0,57	
42,3	0,56	
42,305	0,55	
42,31	0,54	
42,315	0,54	
42,32	0,52	
42,325	0,51	
42,33	0,5	
42,335	0,5	
42,34	0,49	
42,345	0,48	
42,35	0,46	
42,355	0,45	
42,36	0,44	
42,365	0,42	
42,37	0,42	
42,375	0,4	
42,38	0,39	
42,385	0,39	
42,39	0,37	
42,395	0,36	
42,4	0,35	
42,405	0,33	
42,41	0,32	
42,415	0,3	
42,42	0,29	
42,425	0,27	
42,43	0,26	
42,435	0,25	
42,44	0,23	
42,445	0,22	
42,45	0,2	
42,455	0,19	
42,46	0,17	
42,465	0,15	
42,47	0,14	
42,475	0,13	
42,48	0,11	
42,485	0,09	
42,49	0,08	
42,495	0,07	
42,5	0,05	
42,505	0,04	
42,51	0,02	
42,515	0	
42,52	-0,01	
42,525	-0,03	
42,53	-0,04	
42,535	-0,07	
42,54	-0,08	
42,545	-0,09	
42,55	-0,1	
42,555	-0,12	
42,56	-0,13	
42,565	-0,15	
42,57	-0,16	
42,575	-0,18	
42,58	-0,2	
42,585	-0,21	
42,59	-0,23	
42,595	-0,24	
42,6	-0,26	
42,605	-0,27	
42,61	-0,28	
42,615	-0,29	
42,62	-0,31	
42,625	-0,33	
42,63	-0,34	
42,635	-0,36	
42,64	-0,37	
42,645	-0,38	
42,65	-0,39	
42,655	-0,41	
42,66	-0,42	
42,665	-0,43	
42,67	-0,44	
42,675	-0,45	
42,68	-0,46	
42,685	-0,47	
42,69	-0,49	
42,695	-0,5	
42,7	-0,51	
42,705	-0,52	
42,71	-0,53	
42,715	-0,54	
42,72	-0,55	
42,725	-0,56	
42,73	-0,57	
42,735	-0,58	
42,74	-0,59	
42,745	-0,59	
42,75	-0,6	
42,755	-0,6	
42,76	-0,62	
42,765	-0,62	
42,77	-0,63	
42,775	-0,63	
42,78	-0,64	
42,785	-0,64	
42,79	-0,64	
42,795	-0,65	
42,8	-0,65	
42,805	-0,66	
42,81	-0,66	
42,815	-0,67	
42,82	-0,67	
42,825	-0,67	
42,83	-0,67	
42,835	-0,68	
42,84	-0,68	
42,845	-0,68	
42,85	-0,68	
42,855	-0,68	
42,86	-0,68	
42,865	-0,68	
42,87	-0,68	
42,875	-0,68	
42,88	-0,67	
42,885	-0,67	
42,89	-0,67	
42,895	-0,67	
42,9	-0,66	
42,905	-0,66	
42,91	-0,66	
42,915	-0,65	
42,92	-0,65	
42,925	-0,64	
42,93	-0,64	
42,935	-0,63	
42,94	-0,62	
42,945	-0,61	
42,95	-0,61	
42,955	-0,61	
42,96	-0,6	
42,965	-0,6	
42,97	-0,59	
42,975	-0,58	
42,98	-0,57	
42,985	-0,55	
42,99	-0,54	
42,995	-0,53	
43,0	-0,53	
43,005	-0,52	
43,01	-0,51	
43,015	-0,5	
43,02	-0,49	
43,025	-0,47	
43,03	-0,46	
43,035	-0,44	
43,04	-0,43	
43,045	-0,42	
43,05	-0,41	
43,055	-0,4	
43,06	-0,39	
43,065	-0,38	
43,07	-0,36	
43,075	-0,35	
43,08	-0,32	
43,085	-0,31	
43,09	-0,3	
43,095	-0,28	
43,1	-0,27	
43,105	-0,26	
43,11	-0,25	
43,115	-0,23	
43,12	-0,22	
43,125	-0,19	
43,13	-0,18	
43,135	-0,16	
43,14	-0,15	
43,145	-0,13	
43,15	-0,12	
43,155	-0,11	
43,16	-0,09	
43,165	-0,08	
43,17	-0,05	
43,175	-0,04	
43,18	-0,02	
43,185	0	
43,19	0,01	
43,195	0,03	
43,2	0,04	
43,205	0,06	
43,21	0,07	
43,215	0,1	
43,22	0,11	
43,225	0,13	
43,23	0,15	
43,235	0,16	
43,24	0,17	
43,245	0,19	
43,25	0,21	
43,255	0,22	
43,26	0,24	
43,265	0,26	
43,27	0,27	
43,275	0,29	
43,28	0,3	
43,285	0,31	
43,29	0,33	
43,295	0,34	
43,3	0,35	
43,305	0,37	
43,31	0,39	
43,315	0,4	
43,32	0,42	
43,325	0,43	
43,33	0,44	
43,335	0,45	
43,34	0,46	
43,345	0,47	
43,35	0,49	
43,355	0,51	
43,36	0,52	
43,365	0,53	
43,37	0,54	
43,375	0,54	
43,38	0,55	
43,385	0,56	
43,39	0,57	
43,395	0,59	
43,4	0,6	
43,405	0,61	
43,41	0,62	
43,415	0,63	
43,42	0,63	
43,425	0,64	
43,43	0,64	
43,435	0,65	
43,44	0,65	
43,445	0,66	
43,45	0,68	
43,455	0,68	
43,46	0,69	
43,465	0,69	
43,47	0,69	
43,475	0,69	
43,48	0,69	
43,485	0,69	
43,49	0,7	
43,495	0,7	
43,5	0,71	
43,505	0,71	
43,51	0,71	
43,515	0,72	
43,52	0,71	
43,525	0,71	
43,53	0,71	
43,535	0,71	
43,54	0,71	
43,545	0,71	
43,55	0,7	
43,555	0,7	
43,56	0,7	
43,565	0,7	
43,57	0,69	
43,575	0,69	
43,58	0,68	
43,585	0,68	
43,59	0,67	
43,595	0,67	
43,6	0,66	
43,605	0,66	
43,61	0,65	
43,615	0,64	
43,62	0,64	
43,625	0,62	
43,63	0,62	
43,635	0,61	
43,64	0,6	
43,645	0,59	
43,65	0,58	
43,655	0,57	
43,66	0,56	
43,665	0,55	
43,67	0,54	
43,675	0,53	
43,68	0,52	
43,685	0,51	
43,69	0,5	
43,695	0,49	
43,7	0,47	
43,705	0,46	
43,71	0,44	
43,715	0,42	
43,72	0,41	
43,725	0,4	
43,73	0,39	
43,735	0,38	
43,74	0,36	
43,745	0,35	
43,75	0,33	
43,755	0,31	
43,76	0,29	
43,765	0,28	
43,77	0,26	
43,775	0,25	
43,78	0,24	
43,785	0,22	
43,79	0,21	
43,795	0,19	
43,8	0,18	
43,805	0,15	
43,81	0,13	
43,815	0,12	
43,82	0,1	
43,825	0,09	
43,83	0,07	
43,835	0,06	
43,84	0,04	
43,845	0,03	
43,85	0,01	
43,855	-0,02	
43,86	-0,03	
43,865	-0,05	
43,87	-0,07	
43,875	-0,09	
43,88	-0,1	
43,885	-0,12	
43,89	-0,14	
43,895	-0,15	
43,9	-0,17	
43,905	-0,19	
43,91	-0,2	
43,915	-0,22	
43,92	-0,24	
43,925	-0,25	
43,93	-0,27	
43,935	-0,28	
43,94	-0,29	
43,945	-0,32	
43,95	-0,33	
43,955	-0,35	
43,96	-0,36	
43,965	-0,38	
43,97	-0,39	
43,975	-0,4	
43,98	-0,42	
43,985	-0,43	
43,99	-0,45	
43,995	-0,46	
44,0	-0,47	
44,005	-0,48	
44,01	-0,5	
44,015	-0,51	
44,02	-0,53	
44,025	-0,54	
44,03	-0,55	
44,035	-0,56	
44,04	-0,57	
44,045	-0,58	
44,05	-0,59	
44,055	-0,6	
44,06	-0,61	
44,065	-0,62	
44,07	-0,63	
44,075	-0,64	
44,08	-0,65	
44,085	-0,66	
44,09	-0,67	
44,095	-0,67	
44,1	-0,68	
44,105	-0,69	
44,11	-0,69	
44,115	-0,69	
44,12	-0,7	
44,125	-0,7	
44,13	-0,71	
44,135	-0,72	
44,14	-0,72	
44,145	-0,73	
44,15	-0,73	
44,155	-0,73	
44,16	-0,74	
44,165	-0,74	
44,17	-0,74	
44,175	-0,74	
44,18	-0,73	
44,185	-0,73	
44,19	-0,74	
44,195	-0,74	
44,2	-0,74	
44,205	-0,74	
44,21	-0,74	
44,215	-0,73	
44,22	-0,72	
44,225	-0,72	
44,23	-0,71	
44,235	-0,71	
44,24	-0,71	
44,245	-0,71	
44,25	-0,71	
44,255	-0,7	
44,26	-0,69	
44,265	-0,68	
44,27	-0,67	
44,275	-0,66	
44,28	-0,65	
44,285	-0,65	
44,29	-0,65	
44,295	-0,64	
44,3	-0,63	
44,305	-0,62	
44,31	-0,6	
44,315	-0,59	
44,32	-0,58	
44,325	-0,57	
44,33	-0,56	
44,335	-0,55	
44,34	-0,55	
44,345	-0,54	
44,35	-0,53	
44,355	-0,51	
44,36	-0,49	
44,365	-0,47	
44,37	-0,46	
44,375	-0,45	
44,38	-0,44	
44,385	-0,43	
44,39	-0,42	
44,395	-0,4	
44,4	-0,38	
44,405	-0,36	
44,41	-0,34	
44,415	-0,33	
44,42	-0,31	
44,425	-0,3	
44,43	-0,28	
44,435	-0,27	
44,44	-0,26	
44,445	-0,23	
44,45	-0,21	
44,455	-0,2	
44,46	-0,18	
44,465	-0,16	
44,47	-0,15	
44,475	-0,13	
44,48	-0,12	
44,485	-0,1	
44,49	-0,08	
44,495	-0,06	
44,5	-0,04	
44,505	-0,02	
44,51	-0,01	
44,515	0,01	
44,52	0,03	
44,525	0,04	
44,53	0,06	
44,535	0,08	
44,54	0,1	
44,545	0,11	
44,55	0,13	
44,555	0,15	
44,56	0,17	
44,565	0,19	
44,57	0,2	
44,575	0,22	
44,58	0,24	
44,585	0,25	
44,59	0,27	
44,595	0,29	
44,6	0,3	
44,605	0,32	
44,61	0,33	
44,615	0,35	
44,62	0,36	
44,625	0,38	
44,63	0,4	
44,635	0,41	
44,64	0,43	
44,645	0,45	
44,65	0,46	
44,655	0,48	
44,66	0,49	
44,665	0,5	
44,67	0,51	
44,675	0,52	
44,68	0,53	
44,685	0,55	
44,69	0,56	
44,695	0,57	
44,7	0,59	
44,705	0,6	
44,71	0,6	
44,715	0,62	
44,72	0,63	
44,725	0,63	
44,73	0,64	
44,735	0,65	
44,74	0,66	
44,745	0,67	
44,75	0,68	
44,755	0,69	
44,76	0,69	
44,765	0,7	
44,77	0,7	
44,775	0,71	
44,78	0,71	
44,785	0,72	
44,79	0,73	
44,795	0,74	
44,8	0,74	
44,805	0,75	
44,81	0,75	
44,815	0,75	
44,82	0,75	
44,825	0,75	
44,83	0,75	
44,835	0,75	
44,84	0,75	
44,845	0,75	
44,85	0,75	
44,855	0,76	
44,86	0,75	
44,865	0,75	
44,87	0,74	
44,875	0,74	
44,88	0,74	
44,885	0,73	
44,89	0,73	
44,895	0,73	
44,9	0,73	
44,905	0,72	
44,91	0,72	
44,915	0,71	
44,92	0,7	
44,925	0,69	
44,93	0,69	
44,935	0,68	
44,94	0,67	
44,945	0,66	
44,95	0,66	
44,955	0,65	
44,96	0,64	
44,965	0,63	
44,97	0,62	
44,975	0,61	
44,98	0,6	
44,985	0,59	
44,99	0,57	
44,995	0,56	
45,0	0,54	
45,005	0,53	
45,01	0,52	
45,015	0,51	
45,02	0,5	
45,025	0,49	
45,03	0,48	
45,035	0,46	
45,04	0,44	
45,045	0,43	
45,05	0,41	
45,055	0,39	
45,06	0,38	
45,065	0,37	
45,07	0,35	
45,075	0,34	
45,08	0,32	
45,085	0,3	
45,09	0,29	
45,095	0,27	
45,1	0,25	
45,105	0,23	
45,11	0,21	
45,115	0,2	
45,12	0,18	
45,125	0,17	
45,13	0,15	
45,135	0,13	
45,14	0,11	
45,145	0,09	
45,15	0,07	
45,155	0,05	
45,16	0,04	
45,165	0,02	
45,17	0	
45,175	-0,02	
45,18	-0,03	
45,185	-0,05	
45,19	-0,07	
45,195	-0,09	
45,2	-0,1	
45,205	-0,12	
45,21	-0,14	
45,215	-0,16	
45,22	-0,18	
45,225	-0,19	
45,23	-0,21	
45,235	-0,22	
45,24	-0,24	
45,245	-0,26	
45,25	-0,28	
45,255	-0,29	
45,26	-0,31	
45,265	-0,33	
45,27	-0,35	
45,275	-0,36	
45,28	-0,37	
45,285	-0,39	
45,29	-0,4	
45,295	-0,42	
45,3	-0,43	
45,305	-0,45	
45,31	-0,47	
45,315	-0,48	
45,32	-0,5	
45,325	-0,51	
45,33	-0,52	
45,335	-0,53	
45,34	-0,54	
45,345	-0,55	
45,35	-0,57	
45,355	-0,59	
45,36	-0,6	
45,365	-0,61	
45,37	-0,62	
45,375	-0,63	
45,38	-0,63	
45,385	-0,64	
45,39	-0,65	
45,395	-0,66	
45,4	-0,68	
45,405	-0,68	
45,41	-0,69	
45,415	-0,69	
45,42	-0,7	
45,425	-0,7	
45,43	-0,71	
45,435	-0,71	
45,44	-0,72	
45,445	-0,73	
45,45	-0,73	
45,455	-0,74	
45,46	-0,74	
45,465	-0,75	
45,47	-0,75	
45,475	-0,75	
45,48	-0,75	
45,485	-0,75	
45,49	-0,76	
45,495	-0,76	
45,5	-0,76	
45,505	-0,76	
45,51	-0,76	
45,515	-0,76	
45,52	-0,76	
45,525	-0,75	
45,53	-0,75	
45,535	-0,75	
45,54	-0,74	
45,545	-0,74	
45,55	-0,74	
45,555	-0,73	
45,56	-0,72	
45,565	-0,72	
45,57	-0,71	
45,575	-0,71	
45,58	-0,7	
45,585	-0,69	
45,59	-0,69	
45,595	-0,68	
45,6	-0,67	
45,605	-0,66	
45,61	-0,65	
45,615	-0,65	
45,62	-0,64	
45,625	-0,63	
45,63	-0,62	
45,635	-0,61	
45,64	-0,6	
45,645	-0,58	
45,65	-0,57	
45,655	-0,56	
45,66	-0,55	
45,665	-0,53	
45,67	-0,52	
45,675	-0,5	
45,68	-0,49	
45,685	-0,48	
45,69	-0,46	
45,695	-0,45	
45,7	-0,44	
45,705	-0,43	
45,71	-0,41	
45,715	-0,4	
45,72	-0,37	
45,725	-0,36	
45,73	-0,35	
45,735	-0,33	
45,74	-0,31	
45,745	-0,3	
45,75	-0,28	
45,755	-0,27	
45,76	0,4	
