t, ñ	wz	
0,0	-0,01	
0,005	-0,01	
0,01	-0,01	
0,015	0	
0,02	0	
0,025	0	
0,03	0	
0,035	0	
0,04	0	
0,045	0	
0,05	0	
0,055	0	
0,06	0	
0,065	0	
0,07	0	
0,075	0	
0,08	0	
0,085	0	
0,09	0	
0,095	0	
0,1	0	
0,105	0	
0,11	0,01	
0,115	0	
0,12	0	
0,125	0	
0,13	0	
0,135	0	
0,14	0	
0,145	0	
0,15	0	
0,155	0	
0,16	0	
0,165	0	
0,17	0	
0,175	0	
0,18	0	
0,185	0	
0,19	0	
0,195	0	
0,2	0	
0,205	0	
0,21	0	
0,215	0	
0,22	0	
0,225	0	
0,23	0	
0,235	0	
0,24	0	
0,245	0	
0,25	0,01	
0,255	0,01	
0,26	0	
0,265	0	
0,27	0	
0,275	0	
0,28	0	
0,285	0	
0,29	0	
0,295	0	
0,3	0	
0,305	0	
0,31	0	
0,315	0	
0,32	0	
0,325	0	
0,33	0	
0,335	0	
0,34	0	
0,345	0	
0,35	-0,01	
0,355	0	
0,36	0	
0,365	0	
0,37	0	
0,375	0	
0,38	0	
0,385	0	
0,39	0	
0,395	0	
0,4	0	
0,405	0	
0,41	0	
0,415	0	
0,42	0	
0,425	0	
0,43	0	
0,435	0	
0,44	0	
0,445	0	
0,45	0	
0,455	0	
0,46	0	
0,465	0	
0,47	0	
0,475	0	
0,48	0	
0,485	0	
0,49	0	
0,495	0	
0,5	0	
0,505	0	
0,51	0	
0,515	0	
0,52	0	
0,525	0	
0,53	0	
0,535	0	
0,54	0	
0,545	0	
0,55	0	
0,555	0	
0,56	0	
0,565	0	
0,57	0	
0,575	0	
0,58	0	
0,585	0	
0,59	0	
0,595	0	
0,6	0	
0,605	0	
0,61	0	
0,615	0	
0,62	0	
0,625	0	
0,63	0	
0,635	0	
0,64	0	
0,645	-0,01	
0,65	0	
0,655	0	
0,66	0	
0,665	0	
0,67	0,01	
0,675	0	
0,68	0,01	
0,685	0	
0,69	0	
0,695	0	
0,7	0	
0,705	0	
0,71	0	
0,715	0	
0,72	0	
0,725	0	
0,73	0	
0,735	0	
0,74	0	
0,745	0	
0,75	0	
0,755	0	
0,76	0	
0,765	0	
0,77	0	
0,775	0	
0,78	0	
0,785	0	
0,79	0	
0,795	0	
0,8	0	
0,805	0	
0,81	0	
0,815	0	
0,82	0	
0,825	0	
0,83	0	
0,835	0	
0,84	0	
0,845	0	
0,85	0	
0,855	0	
0,86	0	
0,865	0	
0,87	0	
0,875	0	
0,88	0	
0,885	0	
0,89	0	
0,895	0	
0,9	0	
0,905	0	
0,91	0	
0,915	0	
0,92	0	
0,925	0,01	
0,93	0,01	
0,935	0	
0,94	0	
0,945	0	
0,95	0	
0,955	0	
0,96	0	
0,965	0	
0,97	0	
0,975	0	
0,98	0	
0,985	0	
0,99	0	
0,995	0	
1,0	0	
1,005	0,01	
1,01	0,01	
1,015	0,01	
1,02	0,01	
1,025	0	
1,03	0	
1,035	0	
1,04	0	
1,045	0	
1,05	0	
1,055	0	
1,06	0	
1,065	0	
1,07	0	
1,075	0	
1,08	0	
1,085	0	
1,09	0	
1,095	-0,01	
1,1	0	
1,105	0	
1,11	0	
1,115	0	
1,12	0	
1,125	0	
1,13	0	
1,135	0	
1,14	0	
1,145	0	
1,15	0	
1,155	0	
1,16	0	
1,165	0	
1,17	0	
1,175	0	
1,18	0	
1,185	0	
1,19	0	
1,195	0	
1,2	0,01	
1,205	0,01	
1,21	0,01	
1,215	0,01	
1,22	0,01	
1,225	0	
1,23	0	
1,235	0	
1,24	0	
1,245	-0,01	
1,25	0	
1,255	0	
1,26	0	
1,265	0	
1,27	0	
1,275	0	
1,28	0	
1,285	0	
1,29	0	
1,295	0	
1,3	0	
1,305	0	
1,31	0	
1,315	0	
1,32	0	
1,325	0	
1,33	0	
1,335	0	
1,34	0	
1,345	0,01	
1,35	0	
1,355	0	
1,36	0	
1,365	0	
1,37	0	
1,375	0	
1,38	0,01	
1,385	0,02	
1,39	0,02	
1,395	0,02	
1,4	0,02	
1,405	0,04	
1,41	0,03	
1,415	-0,03	
1,42	-0,08	
1,425	-0,14	
1,43	-0,2	
1,435	-0,23	
1,44	-0,21	
1,445	-0,17	
1,45	-0,15	
1,455	-0,15	
1,46	-0,17	
1,465	-0,22	
1,47	-0,3	
1,475	-0,37	
1,48	-0,39	
1,485	-0,38	
1,49	-0,35	
1,495	-0,29	
1,5	-0,27	
1,505	-0,29	
1,51	-0,36	
1,515	-0,44	
1,52	-0,5	
1,525	-0,53	
1,53	-0,52	
1,535	-0,48	
1,54	-0,43	
1,545	-0,4	
1,55	-0,41	
1,555	-0,46	
1,56	-0,53	
1,565	-0,59	
1,57	-0,63	
1,575	-0,62	
1,58	-0,57	
1,585	-0,53	
1,59	-0,51	
1,595	-0,53	
1,6	-0,57	
1,605	-0,63	
1,61	-0,68	
1,615	-0,7	
1,62	-0,69	
1,625	-0,65	
1,63	-0,61	
1,635	-0,57	
1,64	-0,57	
1,645	-0,61	
1,65	-0,67	
1,655	-0,74	
1,66	-0,74	
1,665	-0,72	
1,67	-0,66	
1,675	-0,61	
1,68	-0,58	
1,685	-0,6	
1,69	-0,64	
1,695	-0,69	
1,7	-0,74	
1,705	-0,75	
1,71	-0,73	
1,715	-0,68	
1,72	-0,62	
1,725	-0,58	
1,73	-0,58	
1,735	-0,62	
1,74	-0,67	
1,745	-0,7	
1,75	-0,71	
1,755	-0,68	
1,76	-0,62	
1,765	-0,57	
1,77	-0,53	
1,775	-0,52	
1,78	-0,55	
1,785	-0,59	
1,79	-0,63	
1,795	-0,64	
1,8	-0,61	
1,805	-0,57	
1,81	-0,51	
1,815	-0,48	
1,82	-0,44	
1,825	-0,47	
1,83	-0,5	
1,835	-0,53	
1,84	-0,53	
1,845	-0,5	
1,85	-0,45	
1,855	-0,39	
1,86	-0,35	
1,865	-0,33	
1,87	-0,34	
1,875	-0,37	
1,88	-0,39	
1,885	-0,41	
1,89	-0,38	
1,895	-0,33	
1,9	-0,26	
1,905	-0,22	
1,91	-0,19	
1,915	-0,21	
1,92	-0,23	
1,925	-0,25	
1,93	-0,24	
1,935	-0,22	
1,94	-0,18	
1,945	-0,12	
1,95	-0,07	
1,955	-0,05	
1,96	-0,05	
1,965	-0,07	
1,97	-0,08	
1,975	-0,08	
1,98	-0,05	
1,985	0	
1,99	0,06	
1,995	0,09	
2,0	0,1	
2,005	0,11	
2,01	0,1	
2,015	0,08	
2,02	0,08	
2,025	0,11	
2,03	0,15	
2,035	0,19	
2,04	0,23	
2,045	0,26	
2,05	0,27	
2,055	0,26	
2,06	0,24	
2,065	0,24	
2,07	0,27	
2,075	0,3	
2,08	0,35	
2,085	0,39	
2,09	0,41	
2,095	0,41	
2,1	0,4	
2,105	0,39	
2,11	0,39	
2,115	0,4	
2,12	0,43	
2,125	0,47	
2,13	0,5	
2,135	0,53	
2,14	0,53	
2,145	0,52	
2,15	0,51	
2,155	0,5	
2,16	0,52	
2,165	0,54	
2,17	0,58	
2,175	0,61	
2,18	0,63	
2,185	0,64	
2,19	0,63	
2,195	0,61	
2,2	0,6	
2,205	0,61	
2,21	0,62	
2,215	0,65	
2,22	0,69	
2,225	0,7	
2,23	0,71	
2,235	0,7	
2,24	0,68	
2,245	0,67	
2,25	0,66	
2,255	0,68	
2,26	0,7	
2,265	0,72	
2,27	0,74	
2,275	0,74	
2,28	0,73	
2,285	0,71	
2,29	0,69	
2,295	0,68	
2,3	0,69	
2,305	0,7	
2,31	0,72	
2,315	0,74	
2,32	0,74	
2,325	0,73	
2,33	0,71	
2,335	0,69	
2,34	0,68	
2,345	0,67	
2,35	0,68	
2,355	0,69	
2,36	0,7	
2,365	0,7	
2,37	0,7	
2,375	0,68	
2,38	0,66	
2,385	0,63	
2,39	0,62	
2,395	0,62	
2,4	0,63	
2,405	0,64	
2,41	0,64	
2,415	0,63	
2,42	0,61	
2,425	0,58	
2,43	0,55	
2,435	0,54	
2,44	0,53	
2,445	0,53	
2,45	0,54	
2,455	0,54	
2,46	0,53	
2,465	0,5	
2,47	0,47	
2,475	0,45	
2,48	0,42	
2,485	0,41	
2,49	0,42	
2,495	0,42	
2,5	0,42	
2,505	0,41	
2,51	0,39	
2,515	0,35	
2,52	0,32	
2,525	0,29	
2,53	0,27	
2,535	0,27	
2,54	0,28	
2,545	0,28	
2,55	0,27	
2,555	0,25	
2,56	0,21	
2,565	0,17	
2,57	0,15	
2,575	0,14	
2,58	0,14	
2,585	0,14	
2,59	0,15	
2,595	0,14	
2,6	0,11	
2,605	0,07	
2,61	0,03	
2,615	0	
2,62	-0,02	
2,625	-0,02	
2,63	-0,01	
2,635	0	
2,64	-0,01	
2,645	-0,04	
2,65	-0,07	
2,655	-0,11	
2,66	-0,15	
2,665	-0,16	
2,67	-0,16	
2,675	-0,15	
2,68	-0,14	
2,685	-0,14	
2,69	-0,16	
2,695	-0,19	
2,7	-0,24	
2,705	-0,29	
2,71	-0,3	
2,715	-0,3	
2,72	-0,29	
2,725	-0,27	
2,73	-0,27	
2,735	-0,29	
2,74	-0,32	
2,745	-0,36	
2,75	-0,39	
2,755	-0,41	
2,76	-0,41	
2,765	-0,4	
2,77	-0,38	
2,775	-0,38	
2,78	-0,39	
2,785	-0,41	
2,79	-0,47	
2,795	-0,49	
2,8	-0,5	
2,805	-0,49	
2,81	-0,48	
2,815	-0,46	
2,82	-0,46	
2,825	-0,47	
2,83	-0,49	
2,835	-0,52	
2,84	-0,55	
2,845	-0,56	
2,85	-0,55	
2,855	-0,54	
2,86	-0,52	
2,865	-0,5	
2,87	-0,52	
2,875	-0,55	
2,88	-0,58	
2,885	-0,6	
2,89	-0,6	
2,895	-0,58	
2,9	-0,56	
2,905	-0,53	
2,91	-0,51	
2,915	-0,52	
2,92	-0,54	
2,925	-0,57	
2,93	-0,6	
2,935	-0,6	
2,94	-0,59	
2,945	-0,56	
2,95	-0,52	
2,955	-0,5	
2,96	-0,51	
2,965	-0,53	
2,97	-0,56	
2,975	-0,58	
2,98	-0,58	
2,985	-0,56	
2,99	-0,52	
2,995	-0,48	
3,0	-0,45	
3,005	-0,45	
3,01	-0,46	
3,015	-0,49	
3,02	-0,51	
3,025	-0,52	
3,03	-0,49	
3,035	-0,44	
3,04	-0,4	
3,045	-0,38	
3,05	-0,38	
3,055	-0,4	
3,06	-0,44	
3,065	-0,46	
3,07	-0,45	
3,075	-0,42	
3,08	-0,36	
3,085	-0,31	
3,09	-0,28	
3,095	-0,27	
3,1	-0,29	
3,105	-0,32	
3,11	-0,36	
3,115	-0,35	
3,12	-0,31	
3,125	-0,25	
3,13	-0,2	
3,135	-0,16	
3,14	-0,16	
3,145	-0,18	
3,15	-0,22	
3,155	-0,24	
3,16	-0,24	
3,165	-0,21	
3,17	-0,16	
3,175	-0,1	
3,18	-0,06	
3,185	-0,05	
3,19	-0,07	
3,195	-0,1	
3,2	-0,12	
3,205	-0,11	
3,21	-0,07	
3,215	-0,02	
3,22	0,03	
3,225	0,07	
3,23	0,07	
3,235	0,06	
3,24	0,03	
3,245	0,01	
3,25	0,01	
3,255	0,04	
3,26	0,09	
3,265	0,14	
3,27	0,18	
3,275	0,19	
3,28	0,17	
3,285	0,14	
3,29	0,12	
3,295	0,12	
3,3	0,16	
3,305	0,21	
3,31	0,26	
3,315	0,3	
3,32	0,31	
3,325	0,29	
3,33	0,26	
3,335	0,23	
3,34	0,23	
3,345	0,25	
3,35	0,3	
3,355	0,37	
3,36	0,4	
3,365	0,4	
3,37	0,37	
3,375	0,34	
3,38	0,31	
3,385	0,31	
3,39	0,33	
3,395	0,37	
3,4	0,42	
3,405	0,46	
3,41	0,47	
3,415	0,45	
3,42	0,43	
3,425	0,4	
3,43	0,39	
3,435	0,41	
3,44	0,44	
3,445	0,48	
3,45	0,51	
3,455	0,51	
3,46	0,5	
3,465	0,47	
3,47	0,44	
3,475	0,43	
3,48	0,44	
3,485	0,47	
3,49	0,5	
3,495	0,53	
3,5	0,53	
3,505	0,52	
3,51	0,49	
3,515	0,45	
3,52	0,45	
3,525	0,46	
3,53	0,49	
3,535	0,52	
3,54	0,54	
3,545	0,54	
3,55	0,52	
3,555	0,49	
3,56	0,46	
3,565	0,44	
3,57	0,45	
3,575	0,47	
3,58	0,5	
3,585	0,52	
3,59	0,52	
3,595	0,49	
3,6	0,46	
3,605	0,42	
3,61	0,4	
3,615	0,4	
3,62	0,43	
3,625	0,45	
3,63	0,47	
3,635	0,47	
3,64	0,45	
3,645	0,42	
3,65	0,39	
3,655	0,36	
3,66	0,36	
3,665	0,37	
3,67	0,38	
3,675	0,4	
3,68	0,4	
3,685	0,37	
3,69	0,34	
3,695	0,31	
3,7	0,29	
3,705	0,29	
3,71	0,3	
3,715	0,32	
3,72	0,33	
3,725	0,32	
3,73	0,3	
3,735	0,27	
3,74	0,24	
3,745	0,21	
3,75	0,2	
3,755	0,21	
3,76	0,23	
3,765	0,24	
3,77	0,23	
3,775	0,21	
3,78	0,17	
3,785	0,14	
3,79	0,11	
3,795	0,11	
3,8	0,11	
3,805	0,13	
3,81	0,14	
3,815	0,14	
3,82	0,12	
3,825	0,1	
3,83	0,06	
3,835	0,03	
3,84	0,02	
3,845	0,03	
3,85	0,04	
3,855	0,05	
3,86	0,05	
3,865	0,03	
3,87	0	
3,875	-0,03	
3,88	-0,05	
3,885	-0,06	
3,89	-0,06	
3,895	-0,06	
3,9	-0,05	
3,905	-0,04	
3,91	-0,05	
3,915	-0,07	
3,92	-0,11	
3,925	-0,13	
3,93	-0,14	
3,935	-0,14	
3,94	-0,13	
3,945	-0,12	
3,95	-0,12	
3,955	-0,13	
3,96	-0,15	
3,965	-0,17	
3,97	-0,19	
3,975	-0,2	
3,98	-0,21	
3,985	-0,21	
3,99	-0,2	
3,995	-0,2	
4,0	-0,21	
4,005	-0,23	
4,01	-0,25	
4,015	-0,26	
4,02	-0,26	
4,025	-0,26	
4,03	-0,25	
4,035	-0,24	
4,04	-0,24	
4,045	-0,24	
4,05	-0,25	
4,055	-0,27	
4,06	-0,29	
4,065	-0,29	
4,07	-0,29	
4,075	-0,29	
4,08	-0,27	
4,085	-0,27	
4,09	-0,27	
4,095	-0,28	
4,1	-0,3	
4,105	-0,31	
4,11	-0,32	
4,115	-0,32	
4,12	-0,31	
4,125	-0,3	
4,13	-0,28	
4,135	-0,28	
4,14	-0,28	
4,145	-0,3	
4,15	-0,31	
4,155	-0,32	
4,16	-0,32	
4,165	-0,31	
4,17	-0,29	
4,175	-0,28	
4,18	-0,28	
4,185	-0,28	
4,19	-0,29	
4,195	-0,3	
4,2	-0,31	
4,205	-0,31	
4,21	-0,3	
4,215	-0,28	
4,22	-0,27	
4,225	-0,26	
4,23	-0,25	
4,235	-0,26	
4,24	-0,27	
4,245	-0,28	
4,25	-0,28	
4,255	-0,26	
4,26	-0,25	
4,265	-0,23	
4,27	-0,22	
4,275	-0,21	
4,28	-0,22	
4,285	-0,23	
4,29	-0,24	
4,295	-0,24	
4,3	-0,23	
4,305	-0,22	
4,31	-0,2	
4,315	-0,18	
4,32	-0,17	
4,325	-0,17	
4,33	-0,18	
4,335	-0,18	
4,34	-0,18	
4,345	-0,18	
4,35	-0,16	
4,355	-0,14	
4,36	-0,12	
4,365	-0,11	
4,37	-0,11	
4,375	-0,12	
4,38	-0,13	
4,385	-0,14	
4,39	-0,13	
4,395	-0,12	
4,4	-0,1	
4,405	-0,07	
4,41	-0,06	
4,415	-0,06	
4,42	-0,07	
4,425	-0,08	
4,43	-0,08	
4,435	-0,07	
4,44	-0,06	
4,445	-0,03	
4,45	-0,01	
4,455	0	
4,46	0,01	
4,465	0	
4,47	-0,01	
4,475	-0,02	
4,48	-0,02	
4,485	0	
4,49	0,02	
4,495	0,04	
4,5	0,05	
4,505	0,05	
4,51	0,04	
4,515	0,03	
4,52	0,03	
4,525	0,03	
4,53	0,05	
4,535	0,07	
4,54	0,09	
4,545	0,1	
4,55	0,1	
4,555	0,09	
4,56	0,08	
4,565	0,07	
4,57	0,07	
4,575	0,09	
4,58	0,11	
4,585	0,13	
4,59	0,14	
4,595	0,14	
4,6	0,13	
4,605	0,11	
4,61	0,1	
4,615	0,1	
4,62	0,11	
4,625	0,13	
4,63	0,15	
4,635	0,16	
4,64	0,17	
4,645	0,15	
4,65	0,13	
4,655	0,12	
4,66	0,12	
4,665	0,14	
4,67	0,16	
4,675	0,18	
4,68	0,19	
4,685	0,19	
4,69	0,18	
4,695	0,16	
4,7	0,15	
4,705	0,14	
4,71	0,14	
4,715	0,16	
4,72	0,18	
4,725	0,19	
4,73	0,19	
4,735	0,18	
4,74	0,16	
4,745	0,14	
4,75	0,14	
4,755	0,15	
4,76	0,16	
4,765	0,18	
4,77	0,19	
4,775	0,19	
4,78	0,18	
4,785	0,16	
4,79	0,15	
4,795	0,14	
4,8	0,14	
4,805	0,15	
4,81	0,18	
4,815	0,19	
4,82	0,18	
4,825	0,17	
4,83	0,15	
4,835	0,13	
4,84	0,13	
4,845	0,13	
4,85	0,15	
4,855	0,16	
4,86	0,17	
4,865	0,17	
4,87	0,16	
4,875	0,15	
4,88	0,13	
4,885	0,12	
4,89	0,12	
4,895	0,13	
4,9	0,15	
4,905	0,15	
4,91	0,15	
4,915	0,14	
4,92	0,12	
4,925	0,11	
4,93	0,1	
4,935	0,1	
4,94	0,11	
4,945	0,13	
4,95	0,14	
4,955	0,14	
4,96	0,13	
4,965	0,11	
4,97	0,08	
4,975	0,08	
4,98	0,08	
4,985	0,09	
4,99	0,11	
4,995	0,12	
5,0	0,12	
5,005	0,11	
5,01	0,09	
5,015	0,07	
5,02	0,06	
5,025	0,06	
5,03	0,07	
5,035	0,08	
5,04	0,1	
5,045	0,1	
5,05	0,09	
5,055	0,07	
5,06	0,05	
5,065	0,04	
5,07	0,04	
5,075	0,05	
5,08	0,07	
5,085	0,09	
5,09	0,09	
5,095	0,08	
5,1	0,06	
5,105	0,04	
5,11	0,03	
5,115	0,03	
5,12	0,04	
5,125	0,05	
5,13	0,07	
5,135	0,07	
5,14	0,06	
5,145	0,04	
5,15	0,03	
5,155	0,02	
5,16	0,02	
5,165	0,03	
5,17	0,05	
5,175	0,06	
5,18	0,07	
5,185	0,06	
5,19	0,04	
5,195	0,03	
5,2	0,02	
5,205	0,02	
5,21	0,03	
5,215	0,05	
5,22	0,06	
5,225	0,05	
5,23	0,05	
5,235	0,03	
5,24	0,02	
5,245	0,01	
5,25	0,02	
5,255	0,03	
5,26	0,04	
5,265	0,05	
5,27	0,05	
5,275	0,05	
5,28	0,03	
5,285	0,02	
5,29	0,02	
5,295	0,02	
5,3	0,03	
5,305	0,04	
5,31	0,05	
5,315	0,05	
5,32	0,04	
5,325	0,03	
5,33	0,02	
5,335	0,01	
5,34	0,02	
5,345	0,03	
5,35	0,04	
5,355	0,05	
5,36	0,06	
5,365	0,05	
5,37	0,04	
5,375	0,02	
5,38	0,01	
5,385	0,02	
5,39	0,03	
5,395	0,04	
5,4	0,04	
5,405	0,05	
5,41	0,04	
5,415	0,03	
5,42	0,02	
5,425	0,01	
5,43	0,01	
5,435	0,02	
5,44	0,03	
5,445	0,04	
5,45	0,05	
5,455	0,04	
5,46	0,03	
5,465	0,02	
5,47	0,02	
5,475	0,02	
5,48	0,02	
5,485	0,03	
5,49	0,04	
5,495	0,04	
5,5	0,04	
5,505	0,03	
5,51	0,01	
5,515	0,01	
5,52	0	
5,525	0,01	
5,53	0,02	
5,535	0,03	
5,54	0,03	
5,545	0,02	
5,55	0,01	
5,555	0	
5,56	-0,01	
5,565	-0,01	
5,57	0	
5,575	0	
5,58	0,01	
5,585	0,01	
5,59	0,01	
5,595	0	
5,6	-0,01	
5,605	-0,02	
5,61	-0,02	
5,615	-0,02	
5,62	-0,01	
5,625	-0,01	
5,63	-0,01	
5,635	-0,02	
5,64	-0,03	
5,645	-0,04	
5,65	-0,04	
5,655	-0,05	
5,66	-0,04	
5,665	-0,04	
5,67	-0,04	
5,675	-0,04	
5,68	-0,04	
5,685	-0,05	
5,69	-0,06	
5,695	-0,07	
5,7	-0,07	
5,705	-0,07	
5,71	-0,07	
5,715	-0,07	
5,72	-0,07	
5,725	-0,07	
5,73	-0,08	
5,735	-0,09	
5,74	-0,1	
5,745	-0,1	
5,75	-0,1	
5,755	-0,1	
5,76	-0,1	
5,765	-0,09	
5,77	-0,1	
5,775	-0,1	
5,78	-0,11	
5,785	-0,12	
5,79	-0,12	
5,795	-0,13	
5,8	-0,12	
5,805	-0,12	
5,81	-0,12	
5,815	-0,13	
5,82	-0,13	
5,825	-0,14	
5,83	-0,15	
5,835	-0,15	
5,84	-0,15	
5,845	-0,15	
5,85	-0,14	
5,855	-0,14	
5,86	-0,14	
5,865	-0,15	
5,87	-0,16	
5,875	-0,17	
5,88	-0,17	
5,885	-0,17	
5,89	-0,17	
5,895	-0,17	
5,9	-0,17	
5,905	-0,17	
5,91	-0,17	
5,915	-0,17	
5,92	-0,18	
5,925	-0,18	
5,93	-0,19	
5,935	-0,19	
5,94	-0,18	
5,945	-0,18	
5,95	-0,18	
5,955	-0,18	
5,96	-0,18	
5,965	-0,18	
5,97	-0,19	
5,975	-0,19	
5,98	-0,19	
5,985	-0,19	
5,99	-0,18	
5,995	-0,18	
6,0	-0,18	
6,005	-0,18	
6,01	-0,19	
6,015	-0,19	
6,02	-0,19	
6,025	-0,18	
6,03	-0,18	
6,035	-0,18	
6,04	-0,17	
6,045	-0,16	
6,05	-0,16	
6,055	-0,16	
6,06	-0,16	
6,065	-0,16	
6,07	-0,17	
6,075	-0,16	
6,08	-0,16	
6,085	-0,15	
6,09	-0,15	
6,095	-0,15	
6,1	-0,15	
6,105	-0,15	
6,11	-0,15	
6,115	-0,14	
6,12	-0,13	
6,125	-0,13	
6,13	-0,12	
6,135	-0,11	
6,14	-0,11	
6,145	-0,11	
6,15	-0,1	
6,155	-0,1	
6,16	-0,1	
6,165	-0,09	
6,17	-0,08	
6,175	-0,07	
6,18	-0,06	
6,185	-0,06	
6,19	-0,06	
6,195	-0,06	
6,2	-0,06	
6,205	-0,05	
6,21	-0,05	
6,215	-0,03	
6,22	-0,02	
6,225	-0,01	
6,23	-0,01	
6,235	-0,01	
6,24	-0,01	
6,245	-0,01	
6,25	0	
6,255	0,01	
6,26	0,02	
6,265	0,04	
6,27	0,05	
6,275	0,06	
6,28	0,06	
6,285	0,06	
6,29	0,06	
6,295	0,06	
6,3	0,07	
6,305	0,08	
6,31	0,1	
6,315	0,11	
6,32	0,12	
6,325	0,12	
6,33	0,12	
6,335	0,12	
6,34	0,13	
6,345	0,14	
6,35	0,15	
6,355	0,17	
6,36	0,18	
6,365	0,19	
6,37	0,19	
6,375	0,19	
6,38	0,19	
6,385	0,19	
6,39	0,2	
6,395	0,21	
6,4	0,22	
6,405	0,23	
6,41	0,24	
6,415	0,24	
6,42	0,25	
6,425	0,24	
6,43	0,25	
6,435	0,26	
6,44	0,27	
6,445	0,28	
6,45	0,29	
6,455	0,29	
6,46	0,3	
6,465	0,29	
6,47	0,29	
6,475	0,29	
6,48	0,3	
6,485	0,31	
6,49	0,32	
6,495	0,33	
6,5	0,33	
6,505	0,33	
6,51	0,33	
6,515	0,33	
6,52	0,33	
6,525	0,34	
6,53	0,35	
6,535	0,35	
6,54	0,36	
6,545	0,36	
6,55	0,35	
6,555	0,35	
6,56	0,35	
6,565	0,35	
6,57	0,35	
6,575	0,36	
6,58	0,37	
6,585	0,37	
6,59	0,37	
6,595	0,36	
6,6	0,35	
6,605	0,35	
6,61	0,34	
6,615	0,35	
6,62	0,35	
6,625	0,36	
6,63	0,36	
6,635	0,36	
6,64	0,36	
6,645	0,35	
6,65	0,34	
6,655	0,33	
6,66	0,33	
6,665	0,33	
6,67	0,34	
6,675	0,34	
6,68	0,34	
6,685	0,33	
6,69	0,32	
6,695	0,3	
6,7	0,29	
6,705	0,29	
6,71	0,29	
6,715	0,29	
6,72	0,29	
6,725	0,29	
6,73	0,28	
6,735	0,27	
6,74	0,25	
6,745	0,24	
6,75	0,24	
6,755	0,24	
6,76	0,24	
6,765	0,23	
6,77	0,22	
6,775	0,21	
6,78	0,2	
6,785	0,19	
6,79	0,17	
6,795	0,17	
6,8	0,16	
6,805	0,16	
6,81	0,15	
6,815	0,15	
6,82	0,13	
6,825	0,12	
6,83	0,09	
6,835	0,08	
6,84	0,07	
6,845	0,07	
6,85	0,07	
6,855	0,06	
6,86	0,05	
6,865	0,04	
6,87	0,02	
6,875	0,01	
6,88	-0,01	
6,885	-0,02	
6,89	-0,02	
6,895	-0,03	
6,9	-0,03	
6,905	-0,04	
6,91	-0,07	
6,915	-0,08	
6,92	-0,09	
6,925	-0,1	
6,93	-0,11	
6,935	-0,11	
6,94	-0,12	
6,945	-0,13	
6,95	-0,14	
6,955	-0,16	
6,96	-0,18	
6,965	-0,19	
6,97	-0,2	
6,975	-0,21	
6,98	-0,21	
6,985	-0,21	
6,99	-0,22	
6,995	-0,23	
7,0	-0,25	
7,005	-0,27	
7,01	-0,28	
7,015	-0,29	
7,02	-0,3	
7,025	-0,31	
7,03	-0,31	
7,035	-0,32	
7,04	-0,33	
7,045	-0,34	
7,05	-0,35	
7,055	-0,36	
7,06	-0,37	
7,065	-0,38	
7,07	-0,38	
7,075	-0,38	
7,08	-0,39	
7,085	-0,39	
7,09	-0,4	
7,095	-0,41	
7,1	-0,43	
7,105	-0,43	
7,11	-0,44	
7,115	-0,44	
7,12	-0,44	
7,125	-0,44	
7,13	-0,44	
7,135	-0,45	
7,14	-0,46	
7,145	-0,47	
7,15	-0,48	
7,155	-0,48	
7,16	-0,48	
7,165	-0,48	
7,17	-0,47	
7,175	-0,48	
7,18	-0,48	
7,185	-0,49	
7,19	-0,49	
7,195	-0,5	
7,2	-0,49	
7,205	-0,49	
7,21	-0,48	
7,215	-0,48	
7,22	-0,48	
7,225	-0,48	
7,23	-0,48	
7,235	-0,49	
7,24	-0,48	
7,245	-0,48	
7,25	-0,47	
7,255	-0,47	
7,26	-0,46	
7,265	-0,46	
7,27	-0,46	
7,275	-0,45	
7,28	-0,45	
7,285	-0,45	
7,29	-0,44	
7,295	-0,43	
7,3	-0,43	
7,305	-0,42	
7,31	-0,41	
7,315	-0,41	
7,32	-0,4	
7,325	-0,4	
7,33	-0,39	
7,335	-0,38	
7,34	-0,37	
7,345	-0,36	
7,35	-0,35	
7,355	-0,34	
7,36	-0,33	
7,365	-0,33	
7,37	-0,32	
7,375	-0,31	
7,38	-0,3	
7,385	-0,28	
7,39	-0,27	
7,395	-0,25	
7,4	-0,24	
7,405	-0,23	
7,41	-0,23	
7,415	-0,22	
7,42	-0,21	
7,425	-0,19	
7,43	-0,18	
7,435	-0,16	
7,44	-0,15	
7,445	-0,14	
7,45	-0,13	
7,455	-0,12	
7,46	-0,11	
7,465	-0,1	
7,47	-0,08	
7,475	-0,07	
7,48	-0,04	
7,485	-0,03	
7,49	-0,01	
7,495	0	
7,5	0,01	
7,505	0,02	
7,51	0,03	
7,515	0,04	
7,52	0,06	
7,525	0,08	
7,53	0,09	
7,535	0,1	
7,54	0,12	
7,545	0,13	
7,55	0,14	
7,555	0,16	
7,56	0,18	
7,565	0,19	
7,57	0,21	
7,575	0,22	
7,58	0,23	
7,585	0,25	
7,59	0,26	
7,595	0,27	
7,6	0,28	
7,605	0,29	
7,61	0,3	
7,615	0,32	
7,62	0,33	
7,625	0,35	
7,63	0,36	
7,635	0,36	
7,64	0,38	
7,645	0,39	
7,65	0,4	
7,655	0,42	
7,66	0,43	
7,665	0,44	
7,67	0,45	
7,675	0,46	
7,68	0,47	
7,685	0,48	
7,69	0,49	
7,695	0,49	
7,7	0,5	
7,705	0,51	
7,71	0,51	
7,715	0,52	
7,72	0,53	
7,725	0,54	
7,73	0,55	
7,735	0,55	
7,74	0,56	
7,745	0,57	
7,75	0,57	
7,755	0,57	
7,76	0,58	
7,765	0,58	
7,77	0,59	
7,775	0,59	
7,78	0,6	
7,785	0,6	
7,79	0,6	
7,795	0,6	
7,8	0,6	
7,805	0,6	
7,81	0,61	
7,815	0,61	
7,82	0,61	
7,825	0,61	
7,83	0,6	
7,835	0,6	
7,84	0,6	
7,845	0,6	
7,85	0,6	
7,855	0,6	
7,86	0,59	
7,865	0,59	
7,87	0,59	
7,875	0,58	
7,88	0,57	
7,885	0,56	
7,89	0,56	
7,895	0,56	
7,9	0,55	
7,905	0,55	
7,91	0,54	
7,915	0,53	
7,92	0,52	
7,925	0,51	
7,93	0,5	
7,935	0,49	
7,94	0,49	
7,945	0,48	
7,95	0,48	
7,955	0,47	
7,96	0,46	
7,965	0,44	
7,97	0,42	
7,975	0,41	
7,98	0,39	
7,985	0,39	
7,99	0,38	
7,995	0,38	
8,0	0,36	
8,005	0,35	
8,01	0,34	
8,015	0,32	
8,02	0,3	
8,025	0,28	
8,03	0,27	
8,035	0,26	
8,04	0,25	
8,045	0,23	
8,05	0,22	
8,055	0,2	
8,06	0,19	
8,065	0,17	
8,07	0,15	
8,075	0,13	
8,08	0,12	
8,085	0,11	
8,09	0,1	
8,095	0,08	
8,1	0,06	
8,105	0,04	
8,11	0,02	
8,115	0,01	
8,12	-0,01	
8,125	-0,03	
8,13	-0,04	
8,135	-0,06	
8,14	-0,07	
8,145	-0,09	
8,15	-0,11	
8,155	-0,13	
8,16	-0,14	
8,165	-0,15	
8,17	-0,16	
8,175	-0,18	
8,18	-0,19	
8,185	-0,21	
8,19	-0,23	
8,195	-0,24	
8,2	-0,26	
8,205	-0,28	
8,21	-0,3	
8,215	-0,31	
8,22	-0,32	
8,225	-0,33	
8,23	-0,35	
8,235	-0,36	
8,24	-0,38	
8,245	-0,4	
8,25	-0,41	
8,255	-0,42	
8,26	-0,43	
8,265	-0,43	
8,27	-0,44	
8,275	-0,46	
8,28	-0,47	
8,285	-0,5	
8,29	-0,52	
8,295	-0,52	
8,3	-0,53	
8,305	-0,54	
8,31	-0,54	
8,315	-0,54	
8,32	-0,55	
8,325	-0,57	
8,33	-0,58	
8,335	-0,6	
8,34	-0,6	
8,345	-0,61	
8,35	-0,61	
8,355	-0,61	
8,36	-0,61	
8,365	-0,62	
8,37	-0,63	
8,375	-0,64	
8,38	-0,65	
8,385	-0,65	
8,39	-0,65	
8,395	-0,65	
8,4	-0,65	
8,405	-0,66	
8,41	-0,66	
8,415	-0,67	
8,42	-0,68	
8,425	-0,68	
8,43	-0,68	
8,435	-0,67	
8,44	-0,67	
8,445	-0,66	
8,45	-0,66	
8,455	-0,66	
8,46	-0,66	
8,465	-0,66	
8,47	-0,66	
8,475	-0,65	
8,48	-0,65	
8,485	-0,64	
8,49	-0,63	
8,495	-0,62	
8,5	-0,62	
8,505	-0,62	
8,51	-0,62	
8,515	-0,61	
8,52	-0,61	
8,525	-0,6	
8,53	-0,58	
8,535	-0,57	
8,54	-0,56	
8,545	-0,55	
8,55	-0,55	
8,555	-0,54	
8,56	-0,53	
8,565	-0,52	
8,57	-0,5	
8,575	-0,49	
8,58	-0,47	
8,585	-0,46	
8,59	-0,45	
8,595	-0,44	
8,6	-0,43	
8,605	-0,42	
8,61	-0,4	
8,615	-0,39	
8,62	-0,37	
8,625	-0,35	
8,63	-0,34	
8,635	-0,33	
8,64	-0,31	
8,645	-0,31	
8,65	-0,29	
8,655	-0,28	
8,66	-0,26	
8,665	-0,24	
8,67	-0,22	
8,675	-0,2	
8,68	-0,18	
8,685	-0,17	
8,69	-0,15	
8,695	-0,15	
8,7	-0,13	
8,705	-0,11	
8,71	-0,09	
8,715	-0,07	
8,72	-0,04	
8,725	-0,03	
8,73	-0,02	
8,735	0	
8,74	0,01	
8,745	0,03	
8,75	0,05	
8,755	0,07	
8,76	0,09	
8,765	0,11	
8,77	0,13	
8,775	0,14	
8,78	0,16	
8,785	0,17	
8,79	0,19	
8,795	0,21	
8,8	0,23	
8,805	0,25	
8,81	0,27	
8,815	0,28	
8,82	0,29	
8,825	0,31	
8,83	0,32	
8,835	0,33	
8,84	0,35	
8,845	0,37	
8,85	0,4	
8,855	0,41	
8,86	0,43	
8,865	0,44	
8,87	0,44	
8,875	0,45	
8,88	0,46	
8,885	0,48	
8,89	0,49	
8,895	0,51	
8,9	0,53	
8,905	0,54	
8,91	0,55	
8,915	0,56	
8,92	0,56	
8,925	0,57	
8,93	0,58	
8,935	0,6	
8,94	0,61	
8,945	0,62	
8,95	0,63	
8,955	0,63	
8,96	0,64	
8,965	0,64	
8,97	0,65	
8,975	0,65	
8,98	0,66	
8,985	0,67	
8,99	0,68	
8,995	0,68	
9,0	0,69	
9,005	0,69	
9,01	0,69	
9,015	0,69	
9,02	0,69	
9,025	0,7	
9,03	0,7	
9,035	0,7	
9,04	0,7	
9,045	0,7	
9,05	0,7	
9,055	0,7	
9,06	0,7	
9,065	0,7	
9,07	0,7	
9,075	0,7	
9,08	0,7	
9,085	0,7	
9,09	0,69	
9,095	0,68	
9,1	0,67	
9,105	0,66	
9,11	0,66	
9,115	0,66	
9,12	0,65	
9,125	0,65	
9,13	0,64	
9,135	0,63	
9,14	0,62	
9,145	0,61	
9,15	0,6	
9,155	0,59	
9,16	0,58	
9,165	0,57	
9,17	0,57	
9,175	0,55	
9,18	0,54	
9,185	0,53	
9,19	0,52	
9,195	0,5	
9,2	0,49	
9,205	0,48	
9,21	0,46	
9,215	0,45	
9,22	0,44	
9,225	0,43	
9,23	0,42	
9,235	0,4	
9,24	0,39	
9,245	0,37	
9,25	0,35	
9,255	0,33	
9,26	0,32	
9,265	0,31	
9,27	0,29	
9,275	0,28	
9,28	0,26	
9,285	0,24	
9,29	0,22	
9,295	0,2	
9,3	0,18	
9,305	0,17	
9,31	0,15	
9,315	0,14	
9,32	0,12	
9,325	0,11	
9,33	0,09	
9,335	0,06	
9,34	0,04	
9,345	0,02	
9,35	0	
9,355	-0,01	
9,36	-0,03	
9,365	-0,04	
9,37	-0,06	
9,375	-0,08	
9,38	-0,09	
9,385	-0,11	
9,39	-0,13	
9,395	-0,15	
9,4	-0,16	
9,405	-0,18	
9,41	-0,2	
9,415	-0,21	
9,42	-0,24	
9,425	-0,25	
9,43	-0,27	
9,435	-0,29	
9,44	-0,3	
9,445	-0,32	
9,45	-0,33	
9,455	-0,35	
9,46	-0,36	
9,465	-0,38	
9,47	-0,39	
9,475	-0,41	
9,48	-0,42	
9,485	-0,43	
9,49	-0,44	
9,495	-0,45	
9,5	-0,47	
9,505	-0,48	
9,51	-0,5	
9,515	-0,51	
9,52	-0,52	
9,525	-0,53	
9,53	-0,54	
9,535	-0,55	
9,54	-0,56	
9,545	-0,57	
9,55	-0,58	
9,555	-0,59	
9,56	-0,6	
9,565	-0,61	
9,57	-0,62	
9,575	-0,63	
9,58	-0,63	
9,585	-0,64	
9,59	-0,64	
9,595	-0,65	
9,6	-0,65	
9,605	-0,66	
9,61	-0,67	
9,615	-0,67	
9,62	-0,68	
9,625	-0,67	
9,63	-0,67	
9,635	-0,67	
9,64	-0,67	
9,645	-0,68	
9,65	-0,68	
9,655	-0,69	
9,66	-0,69	
9,665	-0,69	
9,67	-0,69	
9,675	-0,68	
9,68	-0,68	
9,685	-0,68	
9,69	-0,67	
9,695	-0,67	
9,7	-0,67	
9,705	-0,67	
9,71	-0,67	
9,715	-0,66	
9,72	-0,65	
9,725	-0,65	
9,73	-0,64	
9,735	-0,63	
9,74	-0,62	
9,745	-0,62	
9,75	-0,61	
9,755	-0,6	
9,76	-0,59	
9,765	-0,59	
9,77	-0,57	
9,775	-0,57	
9,78	-0,56	
9,785	-0,55	
9,79	-0,53	
9,795	-0,52	
9,8	-0,51	
9,805	-0,5	
9,81	-0,49	
9,815	-0,48	
9,82	-0,48	
9,825	-0,46	
9,83	-0,45	
9,835	-0,43	
9,84	-0,41	
9,845	-0,39	
9,85	-0,37	
9,855	-0,36	
9,86	-0,35	
9,865	-0,34	
9,87	-0,33	
9,875	-0,33	
9,88	-0,31	
9,885	-0,29	
9,89	-0,27	
9,895	-0,25	
9,9	-0,23	
9,905	-0,2	
9,91	-0,19	
9,915	-0,19	
9,92	-0,18	
9,925	-0,16	
9,93	-0,14	
9,935	-0,12	
9,94	-0,1	
9,945	-0,07	
9,95	-0,06	
9,955	-0,05	
9,96	-0,04	
9,965	-0,02	
9,97	-0,01	
9,975	0,01	
9,98	0,03	
9,985	0,06	
9,99	0,08	
9,995	0,1	
10,0	0,11	
10,005	0,12	
10,01	0,13	
10,015	0,15	
10,02	0,17	
10,025	0,19	
10,03	0,21	
10,035	0,22	
10,04	0,24	
10,045	0,25	
10,05	0,25	
10,055	0,26	
10,06	0,28	
10,065	0,31	
10,07	0,33	
10,075	0,35	
10,08	0,36	
10,085	0,37	
10,09	0,38	
10,095	0,39	
10,1	0,39	
10,105	0,41	
10,11	0,42	
10,115	0,44	
10,12	0,45	
10,125	0,47	
10,13	0,48	
10,135	0,49	
10,14	0,49	
10,145	0,49	
10,15	0,5	
10,155	0,51	
10,16	0,53	
10,165	0,54	
10,17	0,56	
10,175	0,57	
10,18	0,57	
10,185	0,57	
10,19	0,58	
10,195	0,58	
10,2	0,59	
10,205	0,59	
10,21	0,61	
10,215	0,61	
10,22	0,62	
10,225	0,62	
10,23	0,62	
10,235	0,62	
10,24	0,62	
10,245	0,63	
10,25	0,63	
10,255	0,64	
10,26	0,64	
10,265	0,64	
10,27	0,64	
10,275	0,63	
10,28	0,63	
10,285	0,63	
10,29	0,63	
10,295	0,63	
10,3	0,63	
10,305	0,63	
10,31	0,63	
10,315	0,62	
10,32	0,61	
10,325	0,61	
10,33	0,6	
10,335	0,6	
10,34	0,6	
10,345	0,6	
10,35	0,59	
10,355	0,59	
10,36	0,58	
10,365	0,56	
10,37	0,55	
10,375	0,54	
10,38	0,54	
10,385	0,53	
10,39	0,53	
10,395	0,52	
10,4	0,51	
10,405	0,5	
10,41	0,48	
10,415	0,47	
10,42	0,46	
10,425	0,45	
10,43	0,44	
10,435	0,44	
10,44	0,43	
10,445	0,42	
10,45	0,41	
10,455	0,39	
10,46	0,37	
10,465	0,35	
10,47	0,34	
10,475	0,33	
10,48	0,32	
10,485	0,31	
10,49	0,3	
10,495	0,28	
10,5	0,26	
10,505	0,24	
10,51	0,23	
10,515	0,22	
10,52	0,2	
10,525	0,19	
10,53	0,18	
10,535	0,17	
10,54	0,16	
10,545	0,14	
10,55	0,11	
10,555	0,1	
10,56	0,08	
10,565	0,07	
10,57	0,06	
10,575	0,04	
10,58	0,03	
10,585	0,01	
10,59	-0,01	
10,595	-0,02	
10,6	-0,04	
10,605	-0,05	
10,61	-0,06	
10,615	-0,07	
10,62	-0,09	
10,625	-0,1	
10,63	-0,13	
10,635	-0,15	
10,64	-0,16	
10,645	-0,18	
10,65	-0,19	
10,655	-0,19	
10,66	-0,21	
10,665	-0,22	
10,67	-0,23	
10,675	-0,24	
10,68	-0,27	
10,685	-0,28	
10,69	-0,29	
10,695	-0,3	
10,7	-0,31	
10,705	-0,31	
10,71	-0,28	
10,715	-0,34	
10,72	-0,35	
10,725	-0,37	
10,73	-0,38	
10,735	-0,39	
10,74	-0,4	
10,745	-0,4	
10,75	-0,41	
10,755	-0,41	
10,76	-0,42	
10,765	-0,43	
10,77	-0,44	
10,775	-0,46	
10,78	-0,47	
10,785	-0,47	
10,79	-0,48	
10,795	-0,48	
10,8	-0,48	
10,805	-0,49	
10,81	-0,5	
10,815	-0,5	
10,82	-0,51	
10,825	-0,52	
10,83	-0,52	
10,835	-0,52	
10,84	-0,52	
10,845	-0,52	
10,85	-0,53	
10,855	-0,53	
10,86	-0,53	
10,865	-0,54	
10,87	-0,54	
10,875	-0,54	
10,88	-0,54	
10,885	-0,53	
10,89	-0,53	
10,895	-0,53	
10,9	-0,53	
10,905	-0,54	
10,91	-0,54	
10,915	-0,54	
10,92	-0,53	
10,925	-0,53	
10,93	-0,52	
10,935	-0,52	
10,94	-0,52	
10,945	-0,52	
10,95	-0,52	
10,955	-0,51	
10,96	-0,5	
10,965	-0,5	
10,97	-0,49	
10,975	-0,48	
10,98	-0,47	
10,985	-0,47	
10,99	-0,46	
10,995	-0,45	
11,0	-0,45	
11,005	-0,44	
11,01	-0,44	
11,015	-0,43	
11,02	-0,42	
11,025	-0,41	
11,03	-0,4	
11,035	-0,39	
11,04	-0,39	
11,045	-0,38	
11,05	-0,37	
11,055	-0,36	
11,06	-0,35	
11,065	-0,33	
11,07	-0,32	
11,075	-0,31	
11,08	-0,31	
11,085	-0,29	
11,09	-0,28	
11,095	-0,27	
11,1	-0,26	
11,105	-0,25	
11,11	-0,24	
11,115	-0,22	
11,12	-0,21	
11,125	-0,2	
11,13	-0,19	
11,135	-0,17	
11,14	-0,16	
11,145	-0,15	
11,15	-0,14	
11,155	-0,12	
11,16	-0,11	
11,165	-0,1	
11,17	-0,1	
11,175	-0,08	
11,18	-0,07	
11,185	-0,06	
11,19	-0,05	
11,195	-0,03	
11,2	-0,02	
11,205	0	
11,21	0,01	
11,215	0,02	
11,22	0,03	
11,225	0,04	
11,23	0,05	
11,235	0,06	
11,24	0,08	
11,245	0,09	
11,25	0,1	
11,255	0,11	
11,26	0,13	
11,265	0,14	
11,27	0,14	
11,275	0,15	
11,28	0,16	
11,285	0,17	
11,29	0,19	
11,295	0,2	
11,3	0,21	
11,305	0,22	
11,31	0,23	
11,315	0,24	
11,32	0,24	
11,325	0,25	
11,33	0,26	
11,335	0,27	
11,34	0,28	
11,345	0,29	
11,35	0,3	
11,355	0,3	
11,36	0,31	
11,365	0,31	
11,37	0,32	
11,375	0,33	
11,38	0,34	
11,385	0,35	
11,39	0,35	
11,395	0,36	
11,4	0,36	
11,405	0,37	
11,41	0,37	
11,415	0,37	
11,42	0,38	
11,425	0,39	
11,43	0,39	
11,435	0,4	
11,44	0,4	
11,445	0,4	
11,45	0,4	
11,455	0,4	
11,46	0,41	
11,465	0,41	
11,47	0,41	
11,475	0,41	
11,48	0,42	
11,485	0,42	
11,49	0,41	
11,495	0,41	
11,5	0,41	
11,505	0,41	
11,51	0,41	
11,515	0,41	
11,52	0,42	
11,525	0,42	
11,53	0,41	
11,535	0,41	
11,54	0,41	
11,545	0,4	
11,55	0,4	
11,555	0,4	
11,56	0,4	
11,565	0,4	
11,57	0,39	
11,575	0,39	
11,58	0,38	
11,585	0,37	
11,59	0,36	
11,595	0,36	
11,6	0,35	
11,605	0,36	
11,61	0,35	
11,615	0,35	
11,62	0,34	
11,625	0,34	
11,63	0,33	
11,635	0,32	
11,64	0,31	
11,645	0,31	
11,65	0,3	
11,655	0,3	
11,66	0,29	
11,665	0,29	
11,67	0,28	
11,675	0,27	
11,68	0,25	
11,685	0,24	
11,69	0,24	
11,695	0,23	
11,7	0,23	
11,705	0,22	
11,71	0,22	
11,715	0,21	
11,72	0,2	
11,725	0,19	
11,73	0,17	
11,735	0,17	
11,74	0,16	
11,745	0,15	
11,75	0,15	
11,755	0,15	
11,76	0,14	
11,765	0,12	
11,77	0,11	
11,775	0,1	
11,78	0,09	
11,785	0,08	
11,79	0,07	
11,795	0,06	
11,8	0,06	
11,805	0,05	
11,81	0,04	
11,815	0,03	
11,82	0,02	
11,825	0,01	
11,83	0,01	
11,835	0	
11,84	-0,01	
11,845	-0,02	
11,85	-0,02	
11,855	-0,04	
11,86	-0,05	
11,865	-0,06	
11,87	-0,06	
11,875	-0,07	
11,88	-0,08	
11,885	-0,08	
11,89	-0,09	
11,895	-0,1	
11,9	-0,11	
11,905	-0,12	
11,91	-0,12	
11,915	-0,13	
11,92	-0,14	
11,925	-0,14	
11,93	-0,14	
11,935	-0,15	
11,94	-0,16	
11,945	-0,17	
11,95	-0,18	
11,955	-0,19	
11,96	-0,2	
11,965	-0,2	
11,97	-0,2	
11,975	-0,2	
11,98	-0,19	
11,985	-0,2	
11,99	-0,21	
11,995	-0,21	
12,0	-0,22	
12,005	-0,23	
12,01	-0,23	
12,015	-0,23	
12,02	-0,23	
12,025	-0,23	
12,03	-0,24	
12,035	-0,24	
12,04	-0,25	
12,045	-0,25	
12,05	-0,25	
12,055	-0,26	
12,06	-0,25	
12,065	-0,25	
12,07	-0,25	
12,075	-0,26	
12,08	-0,26	
12,085	-0,26	
12,09	-0,27	
12,095	-0,27	
12,1	-0,26	
12,105	-0,26	
12,11	-0,26	
12,115	-0,26	
12,12	-0,26	
12,125	-0,26	
12,13	-0,26	
12,135	-0,26	
12,14	-0,26	
12,145	-0,26	
12,15	-0,26	
12,155	-0,26	
12,16	-0,25	
12,165	-0,26	
12,17	-0,26	
12,175	-0,26	
12,18	-0,26	
12,185	-0,26	
12,19	-0,25	
12,195	-0,24	
12,2	-0,24	
12,205	-0,23	
12,21	-0,23	
12,215	-0,23	
12,22	-0,23	
12,225	-0,23	
12,23	-0,23	
12,235	-0,23	
12,24	-0,22	
12,245	-0,21	
12,25	-0,21	
12,255	-0,2	
12,26	-0,2	
12,265	-0,2	
12,27	-0,2	
12,275	-0,19	
12,28	-0,19	
12,285	-0,18	
12,29	-0,17	
12,295	-0,17	
12,3	-0,16	
12,305	-0,16	
12,31	-0,16	
12,315	-0,16	
12,32	-0,16	
12,325	-0,15	
12,33	-0,14	
12,335	-0,13	
12,34	-0,12	
12,345	-0,12	
12,35	-0,11	
12,355	-0,11	
12,36	-0,11	
12,365	-0,1	
12,37	-0,1	
12,375	-0,1	
12,38	-0,09	
12,385	-0,08	
12,39	-0,07	
12,395	-0,07	
12,4	-0,07	
12,405	-0,07	
12,41	-0,06	
12,415	-0,05	
12,42	-0,05	
12,425	-0,04	
12,43	-0,04	
12,435	-0,03	
12,44	-0,03	
12,445	-0,03	
12,45	-0,02	
12,455	-0,02	
12,46	-0,01	
12,465	-0,01	
12,47	0	
12,475	0,01	
12,48	0,01	
12,485	0,01	
12,49	0,01	
12,495	0,02	
12,5	0,02	
12,505	0,02	
12,51	0,04	
12,515	0,04	
12,52	0,04	
12,525	0,04	
12,53	0,04	
12,535	0,04	
12,54	0,04	
12,545	0,04	
12,55	0,05	
12,555	0,06	
12,56	0,06	
12,565	0,07	
12,57	0,07	
12,575	0,07	
12,58	0,07	
12,585	0,07	
12,59	0,07	
12,595	0,07	
12,6	0,08	
12,605	0,08	
12,61	0,09	
12,615	0,08	
12,62	0,08	
12,625	0,08	
12,63	0,08	
12,635	0,08	
12,64	0,09	
12,645	0,09	
12,65	0,09	
12,655	0,09	
12,66	0,09	
12,665	0,09	
12,67	0,09	
12,675	0,09	
12,68	0,09	
12,685	0,1	
12,69	0,1	
12,695	0,1	
12,7	0,1	
12,705	0,1	
12,71	0,1	
12,715	0,1	
12,72	0,1	
12,725	0,1	
12,73	0,1	
12,735	0,1	
12,74	0,1	
12,745	0,1	
12,75	0,1	
12,755	0,09	
12,76	0,09	
12,765	0,09	
12,77	0,09	
12,775	0,09	
12,78	0,1	
12,785	0,1	
12,79	0,1	
12,795	0,1	
12,8	0,1	
12,805	0,09	
12,81	0,09	
12,815	0,09	
12,82	0,09	
12,825	0,09	
12,83	0,09	
12,835	0,09	
12,84	0,09	
12,845	0,09	
12,85	0,09	
12,855	0,08	
12,86	0,08	
12,865	0,08	
12,87	0,08	
12,875	0,08	
12,88	0,08	
12,885	0,08	
12,89	0,07	
12,895	0,07	
12,9	0,07	
12,905	0,07	
12,91	0,08	
12,915	0,08	
12,92	0,08	
12,925	0,07	
12,93	0,07	
12,935	0,07	
12,94	0,06	
12,945	0,06	
12,95	0,06	
12,955	0,06	
12,96	0,06	
12,965	0,06	
12,97	0,06	
12,975	0,06	
12,98	0,06	
12,985	0,06	
12,99	0,06	
12,995	0,06	
13,0	0,06	
13,005	0,06	
13,01	0,06	
13,015	0,06	
13,02	0,06	
13,025	0,05	
13,03	0,05	
13,035	0,05	
13,04	0,05	
13,045	0,05	
13,05	0,05	
13,055	0,06	
13,06	0,06	
13,065	0,05	
13,07	0,05	
13,075	0,05	
13,08	0,05	
13,085	0,05	
13,09	0,05	
13,095	0,06	
13,1	0,06	
13,105	0,06	
13,11	0,06	
13,115	0,06	
13,12	0,06	
13,125	0,06	
13,13	0,05	
13,135	0,06	
13,14	0,06	
13,145	0,06	
13,15	0,06	
13,155	0,06	
13,16	0,06	
13,165	0,05	
13,17	0,05	
13,175	0,05	
13,18	0,05	
13,185	0,05	
13,19	0,06	
13,195	0,06	
13,2	0,06	
13,205	0,06	
13,21	0,06	
13,215	0,06	
13,22	0,06	
13,225	0,06	
13,23	0,07	
13,235	0,07	
13,24	0,07	
13,245	0,07	
13,25	0,07	
13,255	0,06	
13,26	0,07	
13,265	0,07	
13,27	0,07	
13,275	0,07	
13,28	0,07	
13,285	0,07	
13,29	0,07	
13,295	0,07	
13,3	0,07	
13,305	0,07	
13,31	0,07	
13,315	0,07	
13,32	0,07	
13,325	0,07	
13,33	0,07	
13,335	0,07	
13,34	0,07	
13,345	0,07	
13,35	0,07	
13,355	0,07	
13,36	0,07	
13,365	0,07	
13,37	0,07	
13,375	0,07	
13,38	0,07	
13,385	0,07	
13,39	0,07	
13,395	0,07	
13,4	0,07	
13,405	0,07	
13,41	0,07	
13,415	0,07	
13,42	0,07	
13,425	0,07	
13,43	0,07	
13,435	0,06	
13,44	0,06	
13,445	0,06	
13,45	0,06	
13,455	0,06	
13,46	0,06	
13,465	0,05	
13,47	0,05	
13,475	0,05	
13,48	0,05	
13,485	0,05	
13,49	0,05	
13,495	0,04	
13,5	0,04	
13,505	0,04	
13,51	0,03	
13,515	0,03	
13,52	0,03	
13,525	0,03	
13,53	0,02	
13,535	0,02	
13,54	0,02	
13,545	0,01	
13,55	0,01	
13,555	0,01	
13,56	0,01	
13,565	0,01	
13,57	0	
13,575	0	
13,58	-0,01	
13,585	-0,01	
13,59	-0,01	
13,595	-0,01	
13,6	-0,02	
13,605	-0,02	
13,61	-0,02	
13,615	-0,03	
13,62	-0,03	
13,625	-0,04	
13,63	-0,04	
13,635	-0,05	
13,64	-0,05	
13,645	-0,05	
13,65	-0,05	
13,655	-0,06	
13,66	-0,06	
13,665	-0,07	
13,67	-0,07	
13,675	-0,07	
13,68	-0,08	
13,685	-0,08	
13,69	-0,09	
13,695	-0,09	
13,7	-0,1	
13,705	-0,1	
13,71	-0,11	
13,715	-0,11	
13,72	-0,12	
13,725	-0,12	
13,73	-0,12	
13,735	-0,13	
13,74	-0,13	
13,745	-0,13	
13,75	-0,14	
13,755	-0,14	
13,76	-0,15	
13,765	-0,15	
13,77	-0,16	
13,775	-0,16	
13,78	-0,16	
13,785	-0,17	
13,79	-0,17	
13,795	-0,18	
13,8	-0,19	
13,805	-0,19	
13,81	-0,19	
13,815	-0,19	
13,82	-0,19	
13,825	-0,19	
13,83	-0,19	
13,835	-0,2	
13,84	-0,2	
13,845	-0,2	
13,85	-0,2	
13,855	-0,21	
13,86	-0,21	
13,865	-0,21	
13,87	-0,21	
13,875	-0,22	
13,88	-0,22	
13,885	-0,22	
13,89	-0,23	
13,895	-0,23	
13,9	-0,23	
13,905	-0,23	
13,91	-0,23	
13,915	-0,23	
13,92	-0,23	
13,925	-0,23	
13,93	-0,23	
13,935	-0,23	
13,94	-0,23	
13,945	-0,23	
13,95	-0,23	
13,955	-0,23	
13,96	-0,23	
13,965	-0,23	
13,97	-0,23	
13,975	-0,23	
13,98	-0,23	
13,985	-0,23	
13,99	-0,23	
13,995	-0,23	
14,0	-0,23	
14,005	-0,22	
14,01	-0,22	
14,015	-0,22	
14,02	-0,22	
14,025	-0,22	
14,03	-0,22	
14,035	-0,21	
14,04	-0,21	
14,045	-0,21	
14,05	-0,21	
14,055	-0,2	
14,06	-0,2	
14,065	-0,2	
14,07	-0,19	
14,075	-0,19	
14,08	-0,18	
14,085	-0,18	
14,09	-0,17	
14,095	-0,17	
14,1	-0,17	
14,105	-0,16	
14,11	-0,15	
14,115	-0,15	
14,12	-0,14	
14,125	-0,14	
14,13	-0,13	
14,135	-0,13	
14,14	-0,12	
14,145	-0,12	
14,15	-0,11	
14,155	-0,1	
14,16	-0,09	
14,165	-0,09	
14,17	-0,09	
14,175	-0,08	
14,18	-0,08	
14,185	-0,07	
14,19	-0,06	
14,195	-0,05	
14,2	-0,04	
14,205	-0,03	
14,21	-0,03	
14,215	-0,02	
14,22	-0,01	
14,225	-0,01	
14,23	0	
14,235	0,01	
14,24	0,02	
14,245	0,03	
14,25	0,04	
14,255	0,04	
14,26	0,05	
14,265	0,05	
14,27	0,06	
14,275	0,07	
14,28	0,08	
14,285	0,09	
14,29	0,1	
14,295	0,11	
14,3	0,11	
14,305	0,12	
14,31	0,13	
14,315	0,14	
14,32	0,15	
14,325	0,15	
14,33	0,16	
14,335	0,17	
14,34	0,18	
14,345	0,18	
14,35	0,19	
14,355	0,2	
14,36	0,21	
14,365	0,22	
14,37	0,23	
14,375	0,23	
14,38	0,24	
14,385	0,25	
14,39	0,25	
14,395	0,26	
14,4	0,26	
14,405	0,27	
14,41	0,27	
14,415	0,28	
14,42	0,29	
14,425	0,3	
14,43	0,31	
14,435	0,31	
14,44	0,31	
14,445	0,32	
14,45	0,32	
14,455	0,33	
14,46	0,34	
14,465	0,34	
14,47	0,35	
14,475	0,35	
14,48	0,35	
14,485	0,36	
14,49	0,36	
14,495	0,36	
14,5	0,36	
14,505	0,37	
14,51	0,37	
14,515	0,37	
14,52	0,38	
14,525	0,38	
14,53	0,38	
14,535	0,38	
14,54	0,38	
14,545	0,39	
14,55	0,39	
14,555	0,39	
14,56	0,39	
14,565	0,39	
14,57	0,38	
14,575	0,38	
14,58	0,38	
14,585	0,38	
14,59	0,38	
14,595	0,37	
14,6	0,38	
14,605	0,38	
14,61	0,38	
14,615	0,37	
14,62	0,38	
14,625	0,37	
14,63	0,36	
14,635	0,36	
14,64	0,36	
14,645	0,35	
14,65	0,35	
14,655	0,35	
14,66	0,34	
14,665	0,33	
14,67	0,32	
14,675	0,31	
14,68	0,31	
14,685	0,3	
14,69	0,3	
14,695	0,3	
14,7	0,3	
14,705	0,29	
14,71	0,28	
14,715	0,27	
14,72	0,26	
14,725	0,25	
14,73	0,25	
14,735	0,24	
14,74	0,24	
14,745	0,23	
14,75	0,22	
14,755	0,21	
14,76	0,19	
14,765	0,19	
14,77	0,18	
14,775	0,17	
14,78	0,16	
14,785	0,15	
14,79	0,14	
14,795	0,13	
14,8	0,12	
14,805	0,11	
14,81	0,1	
14,815	0,09	
14,82	0,08	
14,825	0,06	
14,83	0,06	
14,835	0,05	
14,84	0,03	
14,845	0,02	
14,85	0,01	
14,855	-0,01	
14,86	-0,02	
14,865	-0,03	
14,87	-0,04	
14,875	-0,05	
14,88	-0,06	
14,885	-0,07	
14,89	-0,08	
14,895	-0,1	
14,9	-0,11	
14,905	-0,12	
14,91	-0,13	
14,915	-0,14	
14,92	-0,15	
14,925	-0,16	
14,93	-0,18	
14,935	-0,19	
14,94	-0,2	
14,945	-0,21	
14,95	-0,22	
14,955	-0,23	
14,96	-0,24	
14,965	-0,25	
14,97	-0,26	
14,975	-0,27	
14,98	-0,28	
14,985	-0,29	
14,99	-0,3	
14,995	-0,31	
15,0	-0,32	
15,005	-0,33	
15,01	-0,34	
15,015	-0,35	
15,02	-0,37	
15,025	-0,38	
15,03	-0,39	
15,035	-0,39	
15,04	-0,4	
15,045	-0,4	
15,05	-0,41	
15,055	-0,41	
15,06	-0,42	
15,065	-0,43	
15,07	-0,44	
15,075	-0,44	
15,08	-0,45	
15,085	-0,46	
15,09	-0,46	
15,095	-0,47	
15,1	-0,47	
15,105	-0,48	
15,11	-0,48	
15,115	-0,49	
15,12	-0,49	
15,125	-0,5	
15,13	-0,5	
15,135	-0,5	
15,14	-0,5	
15,145	-0,5	
15,15	-0,5	
15,155	-0,5	
15,16	-0,51	
15,165	-0,51	
15,17	-0,51	
15,175	-0,51	
15,18	-0,51	
15,185	-0,51	
15,19	-0,51	
15,195	-0,51	
15,2	-0,51	
15,205	-0,5	
15,21	-0,5	
15,215	-0,5	
15,22	-0,5	
15,225	-0,49	
15,23	-0,49	
15,235	-0,49	
15,24	-0,48	
15,245	-0,48	
15,25	-0,48	
15,255	-0,47	
15,26	-0,46	
15,265	-0,45	
15,27	-0,45	
15,275	-0,44	
15,28	-0,44	
15,285	-0,43	
15,29	-0,43	
15,295	-0,42	
15,3	-0,41	
15,305	-0,41	
15,31	-0,4	
15,315	-0,39	
15,32	-0,38	
15,325	-0,36	
15,33	-0,36	
15,335	-0,35	
15,34	-0,34	
15,345	-0,33	
15,35	-0,32	
15,355	-0,31	
15,36	-0,29	
15,365	-0,28	
15,37	-0,27	
15,375	-0,26	
15,38	-0,25	
15,385	-0,24	
15,39	-0,23	
15,395	-0,22	
15,4	-0,2	
15,405	-0,18	
15,41	-0,17	
15,415	-0,16	
15,42	-0,15	
15,425	-0,14	
15,43	-0,13	
15,435	-0,11	
15,44	-0,09	
15,445	-0,08	
15,45	-0,06	
15,455	-0,05	
15,46	-0,04	
15,465	-0,03	
15,47	-0,02	
15,475	-0,01	
15,48	0,01	
15,485	0,04	
15,49	0,05	
15,495	0,06	
15,5	0,08	
15,505	0,09	
15,51	0,1	
15,515	0,12	
15,52	0,13	
15,525	0,14	
15,53	0,16	
15,535	0,17	
15,54	0,19	
15,545	0,2	
15,55	0,21	
15,555	0,22	
15,56	0,23	
15,565	0,26	
15,57	0,27	
15,575	0,29	
15,58	0,3	
15,585	0,31	
15,59	0,32	
15,595	0,33	
15,6	0,35	
15,605	0,36	
15,61	0,37	
15,615	0,38	
15,62	0,39	
15,625	0,4	
15,63	0,41	
15,635	0,42	
15,64	0,43	
15,645	0,45	
15,65	0,46	
15,655	0,47	
15,66	0,48	
15,665	0,49	
15,67	0,5	
15,675	0,5	
15,68	0,51	
15,685	0,51	
15,69	0,52	
15,695	0,53	
15,7	0,53	
15,705	0,55	
15,71	0,56	
15,715	0,56	
15,72	0,57	
15,725	0,57	
15,73	0,57	
15,735	0,58	
15,74	0,58	
15,745	0,59	
15,75	0,59	
15,755	0,6	
15,76	0,6	
15,765	0,61	
15,77	0,6	
15,775	0,6	
15,78	0,6	
15,785	0,6	
15,79	0,6	
15,795	0,6	
15,8	0,6	
15,805	0,61	
15,81	0,6	
15,815	0,6	
15,82	0,6	
15,825	0,59	
15,83	0,59	
15,835	0,59	
15,84	0,59	
15,845	0,59	
15,85	0,58	
15,855	0,58	
15,86	0,57	
15,865	0,56	
15,87	0,55	
15,875	0,55	
15,88	0,54	
15,885	0,53	
15,89	0,52	
15,895	0,52	
15,9	0,51	
15,905	0,5	
15,91	0,49	
15,915	0,48	
15,92	0,48	
15,925	0,46	
15,93	0,46	
15,935	0,44	
15,94	0,43	
15,945	0,42	
15,95	0,41	
15,955	0,4	
15,96	0,39	
15,965	0,38	
15,97	0,36	
15,975	0,35	
15,98	0,34	
15,985	0,32	
15,99	0,31	
15,995	0,29	
16,0	0,28	
16,005	0,27	
16,01	0,26	
16,015	0,24	
16,02	0,23	
16,025	0,22	
16,03	0,2	
16,035	0,18	
16,04	0,17	
16,045	0,15	
16,05	0,13	
16,055	0,11	
16,06	0,1	
16,065	0,08	
16,07	0,07	
16,075	0,05	
16,08	0,03	
16,085	0,02	
16,09	0	
16,095	-0,01	
16,1	-0,03	
16,105	-0,04	
16,11	-0,05	
16,115	-0,07	
16,12	-0,09	
16,125	-0,11	
16,13	-0,13	
16,135	-0,15	
16,14	-0,16	
16,145	-0,17	
16,15	-0,19	
16,155	-0,2	
16,16	-0,22	
16,165	-0,24	
16,17	-0,25	
16,175	-0,27	
16,18	-0,28	
16,185	-0,3	
16,19	-0,31	
16,195	-0,32	
16,2	-0,33	
16,205	-0,35	
16,21	-0,37	
16,215	-0,38	
16,22	-0,4	
16,225	-0,41	
16,23	-0,43	
16,235	-0,43	
16,24	-0,44	
16,245	-0,45	
16,25	-0,47	
16,255	-0,48	
16,26	-0,5	
16,265	-0,51	
16,27	-0,52	
16,275	-0,53	
16,28	-0,53	
16,285	-0,54	
16,29	-0,55	
16,295	-0,56	
16,3	-0,57	
16,305	-0,58	
16,31	-0,59	
16,315	-0,6	
16,32	-0,6	
16,325	-0,61	
16,33	-0,61	
16,335	-0,62	
16,34	-0,62	
16,345	-0,63	
16,35	-0,64	
16,355	-0,64	
16,36	-0,64	
16,365	-0,65	
16,37	-0,65	
16,375	-0,66	
16,38	-0,66	
16,385	-0,66	
16,39	-0,66	
16,395	-0,66	
16,4	-0,66	
16,405	-0,66	
16,41	-0,66	
16,415	-0,66	
16,42	-0,66	
16,425	-0,66	
16,43	-0,65	
16,435	-0,66	
16,44	-0,65	
16,445	-0,64	
16,45	-0,64	
16,455	-0,63	
16,46	-0,63	
16,465	-0,62	
16,47	-0,62	
16,475	-0,62	
16,48	-0,61	
16,485	-0,61	
16,49	-0,6	
16,495	-0,59	
16,5	-0,58	
16,505	-0,57	
16,51	-0,57	
16,515	-0,56	
16,52	-0,56	
16,525	-0,55	
16,53	-0,54	
16,535	-0,52	
16,54	-0,5	
16,545	-0,49	
16,55	-0,48	
16,555	-0,46	
16,56	-0,45	
16,565	-0,45	
16,57	-0,44	
16,575	-0,42	
16,58	-0,41	
16,585	-0,39	
16,59	-0,38	
16,595	-0,37	
16,6	-0,35	
16,605	-0,34	
16,61	-0,33	
16,615	-0,3	
16,62	-0,29	
16,625	-0,28	
16,63	-0,26	
16,635	-0,24	
16,64	-0,23	
16,645	-0,21	
16,65	-0,2	
16,655	-0,18	
16,66	-0,17	
16,665	-0,15	
16,67	-0,14	
16,675	-0,12	
16,68	-0,1	
16,685	-0,08	
16,69	-0,07	
16,695	-0,04	
16,7	-0,03	
16,705	-0,01	
16,71	0,01	
16,715	0,02	
16,72	0,04	
16,725	0,06	
16,73	0,07	
16,735	0,09	
16,74	0,1	
16,745	0,12	
16,75	0,13	
16,755	0,15	
16,76	0,17	
16,765	0,18	
16,77	0,21	
16,775	0,23	
16,78	0,24	
16,785	0,26	
16,79	0,28	
16,795	0,29	
16,8	0,3	
16,805	0,32	
16,81	0,34	
16,815	0,35	
16,82	0,37	
16,825	0,38	
16,83	0,39	
16,835	0,4	
16,84	0,41	
16,845	0,42	
16,85	0,44	
16,855	0,46	
16,86	0,47	
16,865	0,49	
16,87	0,5	
16,875	0,5	
16,88	0,51	
16,885	0,52	
16,89	0,53	
16,895	0,54	
16,9	0,56	
16,905	0,57	
16,91	0,58	
16,915	0,58	
16,92	0,58	
16,925	0,59	
16,93	0,6	
16,935	0,61	
16,94	0,63	
16,945	0,64	
16,95	0,65	
16,955	0,65	
16,96	0,65	
16,965	0,65	
16,97	0,65	
16,975	0,66	
16,98	0,66	
16,985	0,67	
16,99	0,67	
16,995	0,68	
17,0	0,68	
17,005	0,68	
17,01	0,68	
17,015	0,68	
17,02	0,67	
17,025	0,67	
17,03	0,67	
17,035	0,67	
17,04	0,68	
17,045	0,68	
17,05	0,67	
17,055	0,67	
17,06	0,66	
17,065	0,65	
17,07	0,65	
17,075	0,65	
17,08	0,64	
17,085	0,64	
17,09	0,64	
17,095	0,63	
17,1	0,61	
17,105	0,61	
17,11	0,6	
17,115	0,59	
17,12	0,58	
17,125	0,58	
17,13	0,57	
17,135	0,56	
17,14	0,56	
17,145	0,55	
17,15	0,53	
17,155	0,52	
17,16	0,5	
17,165	0,49	
17,17	0,48	
17,175	0,47	
17,18	0,46	
17,185	0,44	
17,19	0,43	
17,195	0,41	
17,2	0,4	
17,205	0,38	
17,21	0,37	
17,215	0,36	
17,22	0,35	
17,225	0,33	
17,23	0,32	
17,235	0,3	
17,24	0,29	
17,245	0,27	
17,25	0,25	
17,255	0,24	
17,26	0,22	
17,265	0,2	
17,27	0,19	
17,275	0,17	
17,28	0,15	
17,285	0,13	
17,29	0,12	
17,295	0,1	
17,3	0,09	
17,305	0,08	
17,31	0,06	
17,315	0,04	
17,32	0,02	
17,325	0,01	
17,33	-0,01	
17,335	-0,03	
17,34	-0,05	
17,345	-0,07	
17,35	-0,08	
17,355	-0,1	
17,36	-0,11	
17,365	-0,13	
17,37	-0,15	
17,375	-0,17	
17,38	-0,19	
17,385	-0,2	
17,39	-0,22	
17,395	-0,23	
17,4	-0,24	
17,405	-0,25	
17,41	-0,27	
17,415	-0,28	
17,42	-0,3	
17,425	-0,33	
17,43	-0,34	
17,435	-0,35	
17,44	-0,37	
17,445	-0,37	
17,45	-0,39	
17,455	-0,4	
17,46	-0,41	
17,465	-0,43	
17,47	-0,45	
17,475	-0,46	
17,48	-0,47	
17,485	-0,48	
17,49	-0,49	
17,495	-0,5	
17,5	-0,51	
17,505	-0,52	
17,51	-0,53	
17,515	-0,54	
17,52	-0,55	
17,525	-0,56	
17,53	-0,57	
17,535	-0,57	
17,54	-0,58	
17,545	-0,59	
17,55	-0,6	
17,555	-0,6	
17,56	-0,61	
17,565	-0,62	
17,57	-0,62	
17,575	-0,63	
17,58	-0,63	
17,585	-0,63	
17,59	-0,63	
17,595	-0,64	
17,6	-0,64	
17,605	-0,65	
17,61	-0,65	
17,615	-0,65	
17,62	-0,65	
17,625	-0,65	
17,63	-0,65	
17,635	-0,65	
17,64	-0,65	
17,645	-0,65	
17,65	-0,65	
17,655	-0,65	
17,66	-0,65	
17,665	-0,64	
17,67	-0,64	
17,675	-0,63	
17,68	-0,63	
17,685	-0,63	
17,69	-0,62	
17,695	-0,62	
17,7	-0,61	
17,705	-0,61	
17,71	-0,6	
17,715	-0,6	
17,72	-0,59	
17,725	-0,58	
17,73	-0,57	
17,735	-0,57	
17,74	-0,56	
17,745	-0,55	
17,75	-0,54	
17,755	-0,53	
17,76	-0,52	
17,765	-0,51	
17,77	-0,49	
17,775	-0,48	
17,78	-0,47	
17,785	-0,46	
17,79	-0,45	
17,795	-0,44	
17,8	-0,43	
17,805	-0,42	
17,81	-0,4	
17,815	-0,39	
17,82	-0,38	
17,825	-0,36	
17,83	-0,35	
17,835	-0,34	
17,84	-0,32	
17,845	-0,31	
17,85	-0,3	
17,855	-0,28	
17,86	-0,26	
17,865	-0,25	
17,87	-0,23	
17,875	-0,21	
17,88	-0,2	
17,885	-0,18	
17,89	-0,17	
17,895	-0,16	
17,9	-0,14	
17,905	-0,12	
17,91	-0,1	
17,915	-0,09	
17,92	-0,07	
17,925	-0,06	
17,93	-0,04	
17,935	-0,03	
17,94	-0,01	
17,945	0,01	
17,95	0,02	
17,955	0,04	
17,96	0,05	
17,965	0,07	
17,97	0,08	
17,975	0,1	
17,98	0,11	
17,985	0,13	
17,99	0,15	
17,995	0,17	
18,0	0,18	
18,005	0,19	
18,01	0,2	
18,015	0,22	
18,02	0,23	
18,025	0,24	
18,03	0,26	
18,035	0,27	
18,04	0,29	
18,045	0,3	
18,05	0,32	
18,055	0,32	
18,06	0,33	
18,065	0,34	
18,07	0,36	
18,075	0,37	
18,08	0,38	
18,085	0,4	
18,09	0,41	
18,095	0,42	
18,1	0,43	
18,105	0,44	
18,11	0,45	
18,115	0,46	
18,12	0,47	
18,125	0,48	
18,13	0,49	
18,135	0,5	
18,14	0,5	
18,145	0,51	
18,15	0,52	
18,155	0,52	
18,16	0,53	
18,165	0,54	
18,17	0,54	
18,175	0,55	
18,18	0,56	
18,185	0,56	
18,19	0,57	
18,195	0,57	
18,2	0,57	
18,205	0,57	
18,21	0,58	
18,215	0,58	
18,22	0,59	
18,225	0,59	
18,23	0,58	
18,235	0,58	
18,24	0,58	
18,245	0,58	
18,25	0,59	
18,255	0,59	
18,26	0,59	
18,265	0,59	
18,27	0,59	
18,275	0,58	
18,28	0,57	
18,285	0,57	
18,29	0,57	
18,295	0,56	
18,3	0,56	
18,305	0,56	
18,31	0,56	
18,315	0,55	
18,32	0,55	
18,325	0,54	
18,33	0,53	
18,335	0,52	
18,34	0,52	
18,345	0,51	
18,35	0,5	
18,355	0,5	
18,36	0,49	
18,365	0,48	
18,37	0,48	
18,375	0,46	
18,38	0,46	
18,385	0,45	
18,39	0,44	
18,395	0,42	
18,4	0,42	
18,405	0,41	
18,41	0,4	
18,415	0,38	
18,42	0,37	
18,425	0,36	
18,43	0,35	
18,435	0,33	
18,44	0,33	
18,445	0,31	
18,45	0,3	
18,455	0,29	
18,46	0,28	
18,465	0,27	
18,47	0,25	
18,475	0,24	
18,48	0,23	
18,485	0,21	
18,49	0,2	
18,495	0,19	
18,5	0,17	
18,505	0,16	
18,51	0,14	
18,515	0,13	
18,52	0,12	
18,525	0,1	
18,53	0,09	
18,535	0,08	
18,54	0,07	
18,545	0,05	
18,55	0,04	
18,555	0,01	
18,56	0	
18,565	-0,02	
18,57	-0,03	
18,575	-0,04	
18,58	-0,05	
18,585	-0,06	
18,59	-0,07	
18,595	-0,09	
18,6	-0,1	
18,605	-0,11	
18,61	-0,13	
18,615	-0,14	
18,62	-0,15	
18,625	-0,16	
18,63	-0,17	
18,635	-0,19	
18,64	-0,21	
18,645	-0,22	
18,65	-0,24	
18,655	-0,25	
18,66	-0,26	
18,665	-0,27	
18,67	-0,27	
18,675	-0,28	
18,68	-0,29	
18,685	-0,3	
18,69	-0,31	
18,695	-0,32	
18,7	-0,34	
18,705	-0,35	
18,71	-0,36	
18,715	-0,36	
18,72	-0,37	
18,725	-0,37	
18,73	-0,38	
18,735	-0,39	
18,74	-0,4	
18,745	-0,41	
18,75	-0,42	
18,755	-0,42	
18,76	-0,43	
18,765	-0,43	
18,77	-0,43	
18,775	-0,44	
18,78	-0,44	
18,785	-0,45	
18,79	-0,46	
18,795	-0,46	
18,8	-0,47	
18,805	-0,48	
18,81	-0,48	
18,815	-0,48	
18,82	-0,48	
18,825	-0,48	
18,83	-0,48	
18,835	-0,48	
18,84	-0,48	
18,845	-0,49	
18,85	-0,49	
18,855	-0,48	
18,86	-0,48	
18,865	-0,48	
18,87	-0,48	
18,875	-0,48	
18,88	-0,48	
18,885	-0,48	
18,89	-0,48	
18,895	-0,48	
18,9	-0,47	
18,905	-0,47	
18,91	-0,46	
18,915	-0,46	
18,92	-0,46	
18,925	-0,46	
18,93	-0,45	
18,935	-0,45	
18,94	-0,44	
18,945	-0,44	
18,95	-0,43	
18,955	-0,43	
18,96	-0,43	
18,965	-0,42	
18,97	-0,42	
18,975	-0,41	
18,98	-0,4	
18,985	-0,39	
18,99	-0,38	
18,995	-0,37	
19,0	-0,36	
19,005	-0,36	
19,01	-0,35	
19,015	-0,35	
19,02	-0,34	
19,025	-0,33	
19,03	-0,32	
19,035	-0,31	
19,04	-0,29	
19,045	-0,28	
19,05	-0,27	
19,055	-0,27	
19,06	-0,26	
19,065	-0,25	
19,07	-0,24	
19,075	-0,23	
19,08	-0,22	
19,085	-0,21	
19,09	-0,2	
19,095	-0,19	
19,1	-0,18	
19,105	-0,17	
19,11	-0,16	
19,115	-0,15	
19,12	-0,14	
19,125	-0,12	
19,13	-0,11	
19,135	-0,1	
19,14	-0,09	
19,145	-0,08	
19,15	-0,07	
19,155	-0,06	
19,16	-0,05	
19,165	-0,04	
19,17	-0,03	
19,175	-0,02	
19,18	-0,01	
19,185	0	
19,19	0,01	
19,195	0,02	
19,2	0,04	
19,205	0,05	
19,21	0,06	
19,215	0,07	
19,22	0,08	
19,225	0,09	
19,23	0,1	
19,235	0,11	
19,24	0,12	
19,245	0,13	
19,25	0,14	
19,255	0,15	
19,26	0,15	
19,265	0,16	
19,27	0,17	
19,275	0,18	
19,28	0,19	
19,285	0,21	
19,29	0,21	
19,295	0,22	
19,3	0,22	
19,305	0,23	
19,31	0,24	
19,315	0,25	
19,32	0,26	
19,325	0,26	
19,33	0,27	
19,335	0,27	
19,34	0,28	
19,345	0,28	
19,35	0,29	
19,355	0,29	
19,36	0,3	
19,365	0,31	
19,37	0,31	
19,375	0,32	
19,38	0,32	
19,385	0,33	
19,39	0,33	
19,395	0,33	
19,4	0,33	
19,405	0,34	
19,41	0,34	
19,415	0,34	
19,42	0,35	
19,425	0,35	
19,43	0,35	
19,435	0,35	
19,44	0,35	
19,445	0,35	
19,45	0,36	
19,455	0,36	
19,46	0,36	
19,465	0,36	
19,47	0,36	
19,475	0,36	
19,48	0,36	
19,485	0,35	
19,49	0,35	
19,495	0,35	
19,5	0,35	
19,505	0,35	
19,51	0,35	
19,515	0,35	
19,52	0,35	
19,525	0,34	
19,53	0,34	
19,535	0,33	
19,54	0,33	
19,545	0,33	
19,55	0,33	
19,555	0,33	
19,56	0,32	
19,565	0,32	
19,57	0,31	
19,575	0,31	
19,58	0,3	
19,585	0,3	
19,59	0,3	
19,595	0,3	
19,6	0,29	
19,605	0,28	
19,61	0,28	
19,615	0,27	
19,62	0,27	
19,625	0,26	
19,63	0,26	
19,635	0,25	
19,64	0,25	
19,645	0,24	
19,65	0,23	
19,655	0,23	
19,66	0,22	
19,665	0,21	
19,67	0,2	
19,675	0,19	
19,68	0,19	
19,685	0,18	
19,69	0,17	
19,695	0,17	
19,7	0,16	
19,705	0,15	
19,71	0,15	
19,715	0,13	
19,72	0,13	
19,725	0,12	
19,73	0,11	
19,735	0,11	
19,74	0,11	
19,745	0,1	
19,75	0,09	
19,755	0,08	
19,76	0,07	
19,765	0,06	
19,77	0,05	
19,775	0,05	
19,78	0,04	
19,785	0,04	
19,79	0,03	
19,795	0,02	
19,8	0,01	
19,805	0	
19,81	0	
19,815	-0,01	
19,82	-0,01	
19,825	-0,02	
19,83	-0,02	
19,835	-0,03	
19,84	-0,04	
19,845	-0,04	
19,85	-0,06	
19,855	-0,06	
19,86	-0,07	
19,865	-0,07	
19,87	-0,08	
19,875	-0,08	
19,88	-0,09	
19,885	-0,09	
19,89	-0,1	
19,895	-0,1	
19,9	-0,11	
19,905	-0,12	
19,91	-0,12	
19,915	-0,13	
19,92	-0,13	
19,925	-0,14	
19,93	-0,14	
19,935	-0,15	
19,94	-0,16	
19,945	-0,16	
19,95	-0,17	
19,955	-0,17	
19,96	-0,17	
19,965	-0,17	
19,97	-0,18	
19,975	-0,18	
19,98	-0,18	
19,985	-0,19	
19,99	-0,19	
19,995	-0,19	
20,0	-0,19	
20,005	-0,19	
20,01	-0,19	
20,015	-0,19	
20,02	-0,2	
20,025	-0,2	
20,03	-0,2	
20,035	-0,2	
20,04	-0,2	
20,045	-0,21	
20,05	-0,21	
20,055	-0,2	
20,06	-0,2	
20,065	-0,2	
20,07	-0,2	
20,075	-0,21	
20,08	-0,21	
20,085	-0,21	
20,09	-0,21	
20,095	-0,21	
20,1	-0,21	
20,105	-0,2	
20,11	-0,2	
20,115	-0,2	
20,12	-0,2	
20,125	-0,21	
20,13	-0,21	
20,135	-0,21	
20,14	-0,2	
20,145	-0,2	
20,15	-0,19	
20,155	-0,19	
20,16	-0,19	
20,165	-0,19	
20,17	-0,19	
20,175	-0,19	
20,18	-0,19	
20,185	-0,18	
20,19	-0,18	
20,195	-0,18	
20,2	-0,17	
20,205	-0,17	
20,21	-0,17	
20,215	-0,17	
20,22	-0,17	
20,225	-0,16	
20,23	-0,16	
20,235	-0,15	
20,24	-0,15	
20,245	-0,14	
20,25	-0,14	
20,255	-0,14	
20,26	-0,13	
20,265	-0,13	
20,27	-0,13	
20,275	-0,13	
20,28	-0,12	
20,285	-0,12	
20,29	-0,12	
20,295	-0,12	
20,3	-0,11	
20,305	-0,11	
20,31	-0,11	
20,315	-0,11	
20,32	-0,1	
20,325	-0,1	
20,33	-0,09	
20,335	-0,09	
20,34	-0,09	
20,345	-0,08	
20,35	-0,08	
20,355	-0,08	
20,36	-0,07	
20,365	-0,06	
20,37	-0,06	
20,375	-0,06	
20,38	-0,05	
20,385	-0,05	
20,39	-0,05	
20,395	-0,05	
20,4	-0,05	
20,405	-0,04	
20,41	-0,04	
20,415	-0,03	
20,42	-0,02	
20,425	-0,02	
20,43	-0,02	
20,435	-0,02	
20,44	-0,02	
20,445	-0,02	
20,45	-0,02	
20,455	-0,02	
20,46	-0,01	
20,465	-0,01	
20,47	0	
20,475	0	
20,48	0	
20,485	0	
20,49	0,01	
20,495	0,01	
20,5	0,02	
20,505	0,02	
20,51	0,02	
20,515	0,02	
20,52	0,02	
20,525	0,02	
20,53	0,02	
20,535	0,03	
20,54	0,04	
20,545	0,04	
20,55	0,04	
20,555	0,04	
20,56	0,04	
20,565	0,03	
20,57	0,03	
20,575	0,03	
20,58	0,04	
20,585	0,04	
20,59	0,05	
20,595	0,05	
20,6	0,05	
20,605	0,04	
20,61	0,04	
20,615	0,04	
20,62	0,04	
20,625	0,04	
20,63	0,04	
20,635	0,05	
20,64	0,05	
20,645	0,05	
20,65	0,05	
20,655	0,05	
20,66	0,04	
20,665	0,04	
20,67	0,04	
20,675	0,05	
20,68	0,05	
20,685	0,05	
20,69	0,05	
20,695	0,05	
20,7	0,04	
20,705	0,04	
20,71	0,04	
20,715	0,04	
20,72	0,05	
20,725	0,05	
20,73	0,05	
20,735	0,05	
20,74	0,05	
20,745	0,04	
20,75	0,04	
20,755	0,04	
20,76	0,04	
20,765	0,04	
20,77	0,05	
20,775	0,05	
20,78	0,05	
20,785	0,05	
20,79	0,04	
20,795	0,04	
20,8	0,04	
20,805	0,03	
20,81	0,04	
20,815	0,04	
20,82	0,05	
20,825	0,05	
20,83	0,05	
20,835	0,04	
20,84	0,04	
20,845	0,03	
20,85	0,03	
20,855	0,04	
20,86	0,04	
20,865	0,04	
20,87	0,04	
20,875	0,04	
20,88	0,04	
20,885	0,04	
20,89	0,03	
20,895	0,03	
20,9	0,03	
20,905	0,04	
20,91	0,04	
20,915	0,05	
20,92	0,05	
20,925	0,05	
20,93	0,04	
20,935	0,04	
20,94	0,04	
20,945	0,05	
20,95	0,05	
20,955	0,05	
20,96	0,05	
20,965	0,05	
20,97	0,05	
20,975	0,04	
20,98	0,04	
20,985	0,04	
20,99	0,04	
20,995	0,05	
21,0	0,06	
21,005	0,06	
21,01	0,06	
21,015	0,06	
21,02	0,05	
21,025	0,05	
21,03	0,05	
21,035	0,05	
21,04	0,06	
21,045	0,06	
21,05	0,07	
21,055	0,07	
21,06	0,07	
21,065	0,06	
21,07	0,07	
21,075	0,07	
21,08	0,07	
21,085	0,07	
21,09	0,08	
21,095	0,08	
21,1	0,08	
21,105	0,08	
21,11	0,07	
21,115	0,07	
21,12	0,07	
21,125	0,07	
21,13	0,08	
21,135	0,08	
21,14	0,09	
21,145	0,09	
21,15	0,09	
21,155	0,09	
21,16	0,09	
21,165	0,09	
21,17	0,09	
21,175	0,1	
21,18	0,1	
21,185	0,1	
21,19	0,1	
21,195	0,1	
21,2	0,1	
21,205	0,1	
21,21	0,09	
21,215	0,1	
21,22	0,1	
21,225	0,11	
21,23	0,11	
21,235	0,11	
21,24	0,11	
21,245	0,11	
21,25	0,11	
21,255	0,11	
21,26	0,11	
21,265	0,11	
21,27	0,12	
21,275	0,13	
21,28	0,13	
21,285	0,12	
21,29	0,12	
21,295	0,11	
21,3	0,11	
21,305	0,11	
21,31	0,12	
21,315	0,12	
21,32	0,12	
21,325	0,12	
21,33	0,12	
21,335	0,12	
21,34	0,11	
21,345	0,11	
21,35	0,11	
21,355	0,11	
21,36	0,12	
21,365	0,12	
21,37	0,12	
21,375	0,12	
21,38	0,11	
21,385	0,11	
21,39	0,11	
21,395	0,1	
21,4	0,11	
21,405	0,11	
21,41	0,11	
21,415	0,11	
21,42	0,1	
21,425	0,1	
21,43	0,1	
21,435	0,09	
21,44	0,09	
21,445	0,09	
21,45	0,09	
21,455	0,09	
21,46	0,09	
21,465	0,08	
21,47	0,07	
21,475	0,07	
21,48	0,06	
21,485	0,06	
21,49	0,06	
21,495	0,06	
21,5	0,06	
21,505	0,06	
21,51	0,05	
21,515	0,05	
21,52	0,04	
21,525	0,04	
21,53	0,03	
21,535	0,03	
21,54	0,03	
21,545	0,03	
21,55	0,02	
21,555	0,01	
21,56	0	
21,565	0	
21,57	-0,01	
21,575	-0,02	
21,58	-0,02	
21,585	-0,02	
21,59	-0,02	
21,595	-0,02	
21,6	-0,03	
21,605	-0,03	
21,61	-0,04	
21,615	-0,05	
21,62	-0,05	
21,625	-0,06	
21,63	-0,06	
21,635	-0,06	
21,64	-0,07	
21,645	-0,08	
21,65	-0,08	
21,655	-0,09	
21,66	-0,1	
21,665	-0,1	
21,67	-0,1	
21,675	-0,11	
21,68	-0,11	
21,685	-0,12	
21,69	-0,12	
21,695	-0,13	
21,7	-0,13	
21,705	-0,14	
21,71	-0,15	
21,715	-0,15	
21,72	-0,15	
21,725	-0,15	
21,73	-0,16	
21,735	-0,17	
21,74	-0,17	
21,745	-0,18	
21,75	-0,19	
21,755	-0,19	
21,76	-0,19	
21,765	-0,2	
21,77	-0,2	
21,775	-0,2	
21,78	-0,21	
21,785	-0,21	
21,79	-0,22	
21,795	-0,23	
21,8	-0,23	
21,805	-0,24	
21,81	-0,23	
21,815	-0,23	
21,82	-0,24	
21,825	-0,24	
21,83	-0,24	
21,835	-0,24	
21,84	-0,25	
21,845	-0,25	
21,85	-0,26	
21,855	-0,26	
21,86	-0,25	
21,865	-0,26	
21,87	-0,26	
21,875	-0,26	
21,88	-0,27	
21,885	-0,27	
21,89	-0,28	
21,895	-0,28	
21,9	-0,27	
21,905	-0,27	
21,91	-0,27	
21,915	-0,27	
21,92	-0,27	
21,925	-0,28	
21,93	-0,28	
21,935	-0,28	
21,94	-0,28	
21,945	-0,28	
21,95	-0,27	
21,955	-0,27	
21,96	-0,27	
21,965	-0,27	
21,97	-0,27	
21,975	-0,27	
21,98	-0,27	
21,985	-0,26	
21,99	-0,26	
21,995	-0,26	
22,0	-0,25	
22,005	-0,25	
22,01	-0,24	
22,015	-0,25	
22,02	-0,24	
22,025	-0,24	
22,03	-0,24	
22,035	-0,23	
22,04	-0,23	
22,045	-0,22	
22,05	-0,21	
22,055	-0,21	
22,06	-0,2	
22,065	-0,2	
22,07	-0,19	
22,075	-0,19	
22,08	-0,18	
22,085	-0,18	
22,09	-0,17	
22,095	-0,17	
22,1	-0,16	
22,105	-0,15	
22,11	-0,15	
22,115	-0,13	
22,12	-0,13	
22,125	-0,12	
22,13	-0,12	
22,135	-0,11	
22,14	-0,1	
22,145	-0,09	
22,15	-0,09	
22,155	-0,08	
22,16	-0,08	
22,165	-0,07	
22,17	-0,07	
22,175	-0,06	
22,18	-0,05	
22,185	-0,04	
22,19	-0,03	
22,195	-0,02	
22,2	-0,01	
22,205	0	
22,21	0,01	
22,215	0,01	
22,22	0,02	
22,225	0,03	
22,23	0,04	
22,235	0,06	
22,24	0,07	
22,245	0,08	
22,25	0,09	
22,255	0,1	
22,26	0,1	
22,265	0,11	
22,27	0,12	
22,275	0,13	
22,28	0,14	
22,285	0,14	
22,29	0,15	
22,295	0,16	
22,3	0,17	
22,305	0,17	
22,31	0,19	
22,315	0,19	
22,32	0,2	
22,325	0,21	
22,33	0,22	
22,335	0,23	
22,34	0,23	
22,345	0,24	
22,35	0,25	
22,355	0,26	
22,36	0,26	
22,365	0,27	
22,37	0,28	
22,375	0,29	
22,38	0,3	
22,385	0,31	
22,39	0,31	
22,395	0,32	
22,4	0,33	
22,405	0,33	
22,41	0,33	
22,415	0,34	
22,42	0,34	
22,425	0,35	
22,43	0,35	
22,435	0,36	
22,44	0,37	
22,445	0,37	
22,45	0,38	
22,455	0,38	
22,46	0,39	
22,465	0,39	
22,47	0,39	
22,475	0,39	
22,48	0,4	
22,485	0,4	
22,49	0,4	
22,495	0,4	
22,5	0,41	
22,505	0,41	
22,51	0,41	
22,515	0,42	
22,52	0,42	
22,525	0,42	
22,53	0,41	
22,535	0,41	
22,54	0,41	
22,545	0,41	
22,55	0,41	
22,555	0,41	
22,56	0,41	
22,565	0,41	
22,57	0,41	
22,575	0,41	
22,58	0,4	
22,585	0,4	
22,59	0,39	
22,595	0,39	
22,6	0,39	
22,605	0,38	
22,61	0,38	
22,615	0,38	
22,62	0,37	
22,625	0,37	
22,63	0,37	
22,635	0,36	
22,64	0,36	
22,645	0,35	
22,65	0,35	
22,655	0,34	
22,66	0,33	
22,665	0,32	
22,67	0,31	
22,675	0,31	
22,68	0,3	
22,685	0,29	
22,69	0,28	
22,695	0,28	
22,7	0,27	
22,705	0,26	
22,71	0,25	
22,715	0,25	
22,72	0,24	
22,725	0,23	
22,73	0,22	
22,735	0,21	
22,74	0,2	
22,745	0,19	
22,75	0,18	
22,755	0,17	
22,76	0,15	
22,765	0,14	
22,77	0,13	
22,775	0,12	
22,78	0,11	
22,785	0,1	
22,79	0,09	
22,795	0,08	
22,8	0,07	
22,805	0,06	
22,81	0,05	
22,815	0,04	
22,82	0,03	
22,825	0,01	
22,83	0	
22,835	-0,01	
22,84	-0,04	
22,845	-0,05	
22,85	-0,06	
22,855	-0,07	
22,86	-0,08	
22,865	-0,09	
22,87	-0,1	
22,875	-0,12	
22,88	-0,13	
22,885	-0,14	
22,89	-0,15	
22,895	-0,16	
22,9	-0,17	
22,905	-0,18	
22,91	-0,19	
22,915	-0,2	
22,92	-0,22	
22,925	-0,24	
22,93	-0,25	
22,935	-0,26	
22,94	-0,27	
22,945	-0,28	
22,95	-0,29	
22,955	-0,3	
22,96	-0,31	
22,965	-0,32	
22,97	-0,33	
22,975	-0,34	
22,98	-0,35	
22,985	-0,36	
22,99	-0,36	
22,995	-0,37	
23,0	-0,38	
23,005	-0,4	
23,01	-0,41	
23,015	-0,41	
23,02	-0,42	
23,025	-0,43	
23,03	-0,43	
23,035	-0,44	
23,04	-0,45	
23,045	-0,45	
23,05	-0,46	
23,055	-0,47	
23,06	-0,47	
23,065	-0,48	
23,07	-0,49	
23,075	-0,49	
23,08	-0,5	
23,085	-0,5	
23,09	-0,5	
23,095	-0,5	
23,1	-0,5	
23,105	-0,51	
23,11	-0,52	
23,115	-0,52	
23,12	-0,52	
23,125	-0,53	
23,13	-0,52	
23,135	-0,52	
23,14	-0,51	
23,145	-0,52	
23,15	-0,52	
23,155	-0,52	
23,16	-0,53	
23,165	-0,53	
23,17	-0,53	
23,175	-0,52	
23,18	-0,51	
23,185	-0,51	
23,19	-0,51	
23,195	-0,51	
23,2	-0,51	
23,205	-0,51	
23,21	-0,51	
23,215	-0,5	
23,22	-0,49	
23,225	-0,48	
23,23	-0,47	
23,235	-0,46	
23,24	-0,46	
23,245	-0,46	
23,25	-0,46	
23,255	-0,46	
23,26	-0,45	
23,265	-0,43	
23,27	-0,42	
23,275	-0,41	
23,28	-0,4	
23,285	-0,4	
23,29	-0,39	
23,295	-0,39	
23,3	-0,38	
23,305	-0,37	
23,31	-0,36	
23,315	-0,34	
23,32	-0,33	
23,325	-0,31	
23,33	-0,3	
23,335	-0,3	
23,34	-0,29	
23,345	-0,28	
23,35	-0,27	
23,355	-0,26	
23,36	-0,24	
23,365	-0,22	
23,37	-0,21	
23,375	-0,2	
23,38	-0,19	
23,385	-0,18	
23,39	-0,17	
23,395	-0,16	
23,4	-0,14	
23,405	-0,12	
23,41	-0,1	
23,415	-0,09	
23,42	-0,08	
23,425	-0,07	
23,43	-0,06	
23,435	-0,05	
23,44	-0,03	
23,445	-0,01	
23,45	0,01	
23,455	0,02	
23,46	0,04	
23,465	0,06	
23,47	0,07	
23,475	0,08	
23,48	0,09	
23,485	0,1	
23,49	0,12	
23,495	0,14	
23,5	0,16	
23,505	0,17	
23,51	0,18	
23,515	0,2	
23,52	0,21	
23,525	0,22	
23,53	0,23	
23,535	0,25	
23,54	0,27	
23,545	0,28	
23,55	0,3	
23,555	0,31	
23,56	0,32	
23,565	0,32	
23,57	0,34	
23,575	0,35	
23,58	0,37	
23,585	0,38	
23,59	0,39	
23,595	0,41	
23,6	0,42	
23,605	0,42	
23,61	0,43	
23,615	0,44	
23,62	0,45	
23,625	0,46	
23,63	0,47	
23,635	0,48	
23,64	0,49	
23,645	0,5	
23,65	0,51	
23,655	0,51	
23,66	0,52	
23,665	0,53	
23,67	0,54	
23,675	0,55	
23,68	0,56	
23,685	0,57	
23,69	0,57	
23,695	0,57	
23,7	0,57	
23,705	0,57	
23,71	0,58	
23,715	0,58	
23,72	0,59	
23,725	0,59	
23,73	0,6	
23,735	0,6	
23,74	0,6	
23,745	0,6	
23,75	0,6	
23,755	0,6	
23,76	0,6	
23,765	0,6	
23,77	0,6	
23,775	0,61	
23,78	0,61	
23,785	0,61	
23,79	0,6	
23,795	0,6	
23,8	0,59	
23,805	0,59	
23,81	0,58	
23,815	0,58	
23,82	0,58	
23,825	0,58	
23,83	0,57	
23,835	0,57	
23,84	0,56	
23,845	0,55	
23,85	0,54	
23,855	0,54	
23,86	0,53	
23,865	0,52	
23,87	0,52	
23,875	0,51	
23,88	0,5	
23,885	0,49	
23,89	0,48	
23,895	0,47	
23,9	0,46	
23,905	0,45	
23,91	0,44	
23,915	0,43	
23,92	0,42	
23,925	0,4	
23,93	0,39	
23,935	0,38	
23,94	0,37	
23,945	0,36	
23,95	0,35	
23,955	0,34	
23,96	0,33	
23,965	0,31	
23,97	0,3	
23,975	0,27	
23,98	0,26	
23,985	0,25	
23,99	0,23	
23,995	0,22	
24,0	0,21	
24,005	0,19	
24,01	0,18	
24,015	0,16	
24,02	0,14	
24,025	0,12	
24,03	0,11	
24,035	0,1	
24,04	0,09	
24,045	0,07	
24,05	0,06	
24,055	0,03	
24,06	0,01	
24,065	-0,01	
24,07	-0,03	
24,075	-0,04	
24,08	-0,05	
24,085	-0,06	
24,09	-0,08	
24,095	-0,09	
24,1	-0,11	
24,105	-0,13	
24,11	-0,15	
24,115	-0,17	
24,12	-0,18	
24,125	-0,19	
24,13	-0,2	
24,135	-0,22	
24,14	-0,23	
24,145	-0,25	
24,15	-0,27	
24,155	-0,29	
24,16	-0,3	
24,165	-0,32	
24,17	-0,33	
24,175	-0,34	
24,18	-0,35	
24,185	-0,36	
24,19	-0,38	
24,195	-0,39	
24,2	-0,41	
24,205	-0,42	
24,21	-0,44	
24,215	-0,45	
24,22	-0,46	
24,225	-0,46	
24,23	-0,47	
24,235	-0,48	
24,24	-0,5	
24,245	-0,51	
24,25	-0,53	
24,255	-0,53	
24,26	-0,54	
24,265	-0,55	
24,27	-0,55	
24,275	-0,56	
24,28	-0,57	
24,285	-0,58	
24,29	-0,59	
24,295	-0,6	
24,3	-0,6	
24,305	-0,61	
24,31	-0,61	
24,315	-0,61	
24,32	-0,61	
24,325	-0,62	
24,33	-0,63	
24,335	-0,64	
24,34	-0,64	
24,345	-0,65	
24,35	-0,65	
24,355	-0,64	
24,36	-0,64	
24,365	-0,64	
24,37	-0,64	
24,375	-0,64	
24,38	-0,65	
24,385	-0,65	
24,39	-0,65	
24,395	-0,65	
24,4	-0,64	
24,405	-0,64	
24,41	-0,63	
24,415	-0,63	
24,42	-0,63	
24,425	-0,63	
24,43	-0,63	
24,435	-0,62	
24,44	-0,62	
24,445	-0,61	
24,45	-0,6	
24,455	-0,59	
24,46	-0,59	
24,465	-0,58	
24,47	-0,58	
24,475	-0,57	
24,48	-0,57	
24,485	-0,55	
24,49	-0,54	
24,495	-0,53	
24,5	-0,52	
24,505	-0,51	
24,51	-0,5	
24,515	-0,5	
24,52	-0,49	
24,525	-0,48	
24,53	-0,46	
24,535	-0,45	
24,54	-0,43	
24,545	-0,41	
24,55	-0,4	
24,555	-0,39	
24,56	-0,38	
24,565	-0,37	
24,57	-0,36	
24,575	-0,34	
24,58	-0,32	
24,585	-0,3	
24,59	-0,28	
24,595	-0,27	
24,6	-0,26	
24,605	-0,25	
24,61	-0,24	
24,615	-0,23	
24,62	-0,2	
24,625	-0,18	
24,63	-0,16	
24,635	-0,15	
24,64	-0,13	
24,645	-0,12	
24,65	-0,11	
24,655	-0,1	
24,66	-0,08	
24,665	-0,06	
24,67	-0,04	
24,675	-0,02	
24,68	0	
24,685	0,02	
24,69	0,03	
24,695	0,04	
24,7	0,06	
24,705	0,08	
24,71	0,09	
24,715	0,11	
24,72	0,13	
24,725	0,15	
24,73	0,16	
24,735	0,18	
24,74	0,19	
24,745	0,2	
24,75	0,22	
24,755	0,23	
24,76	0,25	
24,765	0,27	
24,77	0,29	
24,775	0,3	
24,78	0,32	
24,785	0,33	
24,79	0,34	
24,795	0,35	
24,8	0,37	
24,805	0,39	
24,81	0,4	
24,815	0,42	
24,82	0,43	
24,825	0,44	
24,83	0,45	
24,835	0,46	
24,84	0,46	
24,845	0,48	
24,85	0,49	
24,855	0,51	
24,86	0,52	
24,865	0,53	
24,87	0,54	
24,875	0,54	
24,88	0,55	
24,885	0,55	
24,89	0,56	
24,895	0,58	
24,9	0,59	
24,905	0,6	
24,91	0,6	
24,915	0,61	
24,92	0,61	
24,925	0,61	
24,93	0,62	
24,935	0,62	
24,94	0,63	
24,945	0,64	
24,95	0,65	
24,955	0,65	
24,96	0,65	
24,965	0,64	
24,97	0,64	
24,975	0,65	
24,98	0,65	
24,985	0,65	
24,99	0,65	
24,995	0,66	
25,0	0,66	
25,005	0,65	
25,01	0,65	
25,015	0,64	
25,02	0,64	
25,025	0,63	
25,03	0,63	
25,035	0,63	
25,04	0,63	
25,045	0,63	
25,05	0,62	
25,055	0,61	
25,06	0,6	
25,065	0,59	
25,07	0,59	
25,075	0,59	
25,08	0,58	
25,085	0,58	
25,09	0,58	
25,095	0,57	
25,1	0,56	
25,105	0,54	
25,11	0,53	
25,115	0,52	
25,12	0,52	
25,125	0,51	
25,13	0,5	
25,135	0,48	
25,14	0,47	
25,145	0,45	
25,15	0,43	
25,155	0,42	
25,16	0,41	
25,165	0,4	
25,17	0,4	
25,175	0,39	
25,18	0,37	
25,185	0,35	
25,19	0,33	
25,195	0,32	
25,2	0,3	
25,205	0,29	
25,21	0,28	
25,215	0,27	
25,22	0,26	
25,225	0,24	
25,23	0,23	
25,235	0,21	
25,24	0,18	
25,245	0,17	
25,25	0,15	
25,255	0,14	
25,26	0,13	
25,265	0,11	
25,27	0,1	
25,275	0,08	
25,28	0,06	
25,285	0,04	
25,29	0,02	
25,295	0,01	
25,3	-0,01	
25,305	-0,02	
25,31	-0,03	
25,315	-0,04	
25,32	-0,06	
25,325	-0,08	
25,33	-0,1	
25,335	-0,12	
25,34	-0,13	
25,345	-0,15	
25,35	-0,17	
25,355	-0,19	
25,36	-0,2	
25,365	-0,21	
25,37	-0,23	
25,375	-0,24	
25,38	-0,25	
25,385	-0,26	
25,39	-0,28	
25,395	-0,29	
25,4	-0,3	
25,405	-0,32	
25,41	-0,33	
25,415	-0,34	
25,42	-0,36	
25,425	-0,38	
25,43	-0,4	
25,435	-0,41	
25,44	-0,42	
25,445	-0,43	
25,45	-0,44	
25,455	-0,45	
25,46	-0,46	
25,465	-0,47	
25,47	-0,48	
25,475	-0,49	
25,48	-0,5	
25,485	-0,5	
25,49	-0,51	
25,495	-0,52	
25,5	-0,53	
25,505	-0,54	
25,51	-0,56	
25,515	-0,56	
25,52	-0,56	
25,525	-0,57	
25,53	-0,57	
25,535	-0,57	
25,54	-0,58	
25,545	-0,59	
25,55	-0,59	
25,555	-0,6	
25,56	-0,61	
25,565	-0,61	
25,57	-0,61	
25,575	-0,61	
25,58	-0,61	
25,585	-0,61	
25,59	-0,61	
25,595	-0,61	
25,6	-0,62	
25,605	-0,62	
25,61	-0,62	
25,615	-0,62	
25,62	-0,61	
25,625	-0,61	
25,63	-0,61	
25,635	-0,61	
25,64	-0,6	
25,645	-0,6	
25,65	-0,6	
25,655	-0,6	
25,66	-0,59	
25,665	-0,59	
25,67	-0,58	
25,675	-0,57	
25,68	-0,56	
25,685	-0,56	
25,69	-0,55	
25,695	-0,55	
25,7	-0,54	
25,705	-0,53	
25,71	-0,52	
25,715	-0,52	
25,72	-0,51	
25,725	-0,5	
25,73	-0,49	
25,735	-0,49	
25,74	-0,48	
25,745	-0,47	
25,75	-0,46	
25,755	-0,44	
25,76	-0,43	
25,765	-0,41	
25,77	-0,4	
25,775	-0,39	
25,78	-0,38	
25,785	-0,37	
25,79	-0,36	
25,795	-0,35	
25,8	-0,33	
25,805	-0,32	
25,81	-0,31	
25,815	-0,3	
25,82	-0,28	
25,825	-0,27	
25,83	-0,26	
25,835	-0,24	
25,84	-0,22	
25,845	-0,21	
25,85	-0,2	
25,855	-0,18	
25,86	-0,17	
25,865	-0,15	
25,87	-0,14	
25,875	-0,12	
25,88	-0,11	
25,885	-0,1	
25,89	-0,08	
25,895	-0,07	
25,9	-0,05	
25,905	-0,04	
25,91	-0,02	
25,915	0	
25,92	0,01	
25,925	0,02	
25,93	0,04	
25,935	0,06	
25,94	0,07	
25,945	0,08	
25,95	0,1	
25,955	0,12	
25,96	0,13	
25,965	0,15	
25,97	0,16	
25,975	0,17	
25,98	0,18	
25,985	0,2	
25,99	0,21	
25,995	0,23	
26,0	0,24	
26,005	0,25	
26,01	0,27	
26,015	0,28	
26,02	0,29	
26,025	0,3	
26,03	0,31	
26,035	0,32	
26,04	0,33	
26,045	0,35	
26,05	0,36	
26,055	0,37	
26,06	0,38	
26,065	0,38	
26,07	0,39	
26,075	0,4	
26,08	0,41	
26,085	0,43	
26,09	0,44	
26,095	0,45	
26,1	0,46	
26,105	0,46	
26,11	0,46	
26,115	0,47	
26,12	0,47	
26,125	0,48	
26,13	0,49	
26,135	0,5	
26,14	0,51	
26,145	0,51	
26,15	0,52	
26,155	0,52	
26,16	0,52	
26,165	0,52	
26,17	0,52	
26,175	0,53	
26,18	0,53	
26,185	0,54	
26,19	0,54	
26,195	0,55	
26,2	0,54	
26,205	0,54	
26,21	0,54	
26,215	0,54	
26,22	0,54	
26,225	0,55	
26,23	0,55	
26,235	0,55	
26,24	0,54	
26,245	0,54	
26,25	0,53	
26,255	0,53	
26,26	0,53	
26,265	0,53	
26,27	0,53	
26,275	0,52	
26,28	0,52	
26,285	0,51	
26,29	0,5	
26,295	0,5	
26,3	0,49	
26,305	0,49	
26,31	0,48	
26,315	0,48	
26,32	0,47	
26,325	0,46	
26,33	0,45	
26,335	0,44	
26,34	0,43	
26,345	0,43	
26,35	0,42	
26,355	0,42	
26,36	0,41	
26,365	0,4	
26,37	0,39	
26,375	0,38	
26,38	0,36	
26,385	0,36	
26,39	0,34	
26,395	0,33	
26,4	0,33	
26,405	0,32	
26,41	0,3	
26,415	0,29	
26,42	0,28	
26,425	0,27	
26,43	0,25	
26,435	0,24	
26,44	0,23	
26,445	0,22	
26,45	0,22	
26,455	0,21	
26,46	0,19	
26,465	0,18	
26,47	0,16	
26,475	0,15	
26,48	0,14	
26,485	0,13	
26,49	0,12	
26,495	0,1	
26,5	0,09	
26,505	0,07	
26,51	0,06	
26,515	0,04	
26,52	0,04	
26,525	0,02	
26,53	0,01	
26,535	0	
26,54	-0,01	
26,545	-0,02	
26,55	-0,03	
26,555	-0,04	
26,56	-0,06	
26,565	-0,08	
26,57	-0,09	
26,575	-0,1	
26,58	-0,11	
26,585	-0,12	
26,59	-0,13	
26,595	-0,14	
26,6	-0,16	
26,605	-0,17	
26,61	-0,18	
26,615	-0,19	
26,62	-0,2	
26,625	-0,21	
26,63	-0,22	
26,635	-0,23	
26,64	-0,25	
26,645	-0,26	
26,65	-0,27	
26,655	-0,27	
26,66	-0,28	
26,665	-0,28	
26,67	-0,29	
26,675	-0,3	
26,68	-0,31	
26,685	-0,32	
26,69	-0,33	
26,695	-0,34	
26,7	-0,35	
26,705	-0,35	
26,71	-0,36	
26,715	-0,36	
26,72	-0,37	
26,725	-0,37	
26,73	-0,38	
26,735	-0,38	
26,74	-0,39	
26,745	-0,4	
26,75	-0,4	
26,755	-0,41	
26,76	-0,41	
26,765	-0,41	
26,77	-0,41	
26,775	-0,42	
26,78	-0,42	
26,785	-0,43	
26,79	-0,43	
26,795	-0,43	
26,8	-0,43	
26,805	-0,43	
26,81	-0,43	
26,815	-0,43	
26,82	-0,43	
26,825	-0,44	
26,83	-0,44	
26,835	-0,44	
26,84	-0,44	
26,845	-0,44	
26,85	-0,43	
26,855	-0,43	
26,86	-0,43	
26,865	-0,43	
26,87	-0,43	
26,875	-0,43	
26,88	-0,43	
26,885	-0,42	
26,89	-0,42	
26,895	-0,41	
26,9	-0,41	
26,905	-0,4	
26,91	-0,4	
26,915	-0,39	
26,92	-0,39	
26,925	-0,39	
26,93	-0,38	
26,935	-0,37	
26,94	-0,37	
26,945	-0,36	
26,95	-0,36	
26,955	-0,35	
26,96	-0,35	
26,965	-0,34	
26,97	-0,34	
26,975	-0,33	
26,98	-0,31	
26,985	-0,3	
26,99	-0,3	
26,995	-0,29	
27,0	-0,28	
27,005	-0,28	
27,01	-0,27	
27,015	-0,27	
27,02	-0,26	
27,025	-0,25	
27,03	-0,24	
27,035	-0,23	
27,04	-0,22	
27,045	-0,21	
27,05	-0,2	
27,055	-0,2	
27,06	-0,19	
27,065	-0,18	
27,07	-0,16	
27,075	-0,16	
27,08	-0,14	
27,085	-0,13	
27,09	-0,12	
27,095	-0,12	
27,1	-0,11	
27,105	-0,1	
27,11	-0,09	
27,115	-0,08	
27,12	-0,07	
27,125	-0,05	
27,13	-0,04	
27,135	-0,04	
27,14	-0,03	
27,145	-0,02	
27,15	-0,02	
27,155	0	
27,16	0,01	
27,165	0,02	
27,17	0,03	
27,175	0,04	
27,18	0,04	
27,185	0,05	
27,19	0,05	
27,195	0,06	
27,2	0,07	
27,205	0,09	
27,21	0,1	
27,215	0,11	
27,22	0,12	
27,225	0,12	
27,23	0,13	
27,235	0,14	
27,24	0,14	
27,245	0,15	
27,25	0,16	
27,255	0,18	
27,26	0,18	
27,265	0,18	
27,27	0,19	
27,275	0,19	
27,28	0,19	
27,285	0,2	
27,29	0,21	
27,295	0,22	
27,3	0,23	
27,305	0,23	
27,31	0,24	
27,315	0,24	
27,32	0,25	
27,325	0,25	
27,33	0,25	
27,335	0,26	
27,34	0,26	
27,345	0,27	
27,35	0,27	
27,355	0,28	
27,36	0,28	
27,365	0,28	
27,37	0,28	
27,375	0,28	
27,38	0,29	
27,385	0,29	
27,39	0,3	
27,395	0,3	
27,4	0,3	
27,405	0,3	
27,41	0,3	
27,415	0,3	
27,42	0,3	
27,425	0,3	
27,43	0,3	
27,435	0,31	
27,44	0,31	
27,445	0,31	
27,45	0,31	
27,455	0,3	
27,46	0,3	
27,465	0,3	
27,47	0,29	
27,475	0,3	
27,48	0,3	
27,485	0,3	
27,49	0,3	
27,495	0,3	
27,5	0,29	
27,505	0,29	
27,51	0,28	
27,515	0,28	
27,52	0,28	
27,525	0,28	
27,53	0,28	
27,535	0,27	
27,54	0,27	
27,545	0,26	
27,55	0,26	
27,555	0,25	
27,56	0,25	
27,565	0,25	
27,57	0,25	
27,575	0,24	
27,58	0,24	
27,585	0,23	
27,59	0,22	
27,595	0,22	
27,6	0,21	
27,605	0,21	
27,61	0,2	
27,615	0,2	
27,62	0,2	
27,625	0,19	
27,63	0,19	
27,635	0,18	
27,64	0,17	
27,645	0,16	
27,65	0,16	
27,655	0,15	
27,66	0,15	
27,665	0,15	
27,67	0,14	
27,675	0,13	
27,68	0,13	
27,685	0,12	
27,69	0,11	
27,695	0,11	
27,7	0,1	
27,705	0,1	
27,71	0,1	
27,715	0,09	
27,72	0,09	
27,725	0,08	
27,73	0,07	
27,735	0,06	
27,74	0,05	
27,745	0,05	
27,75	0,04	
27,755	0,04	
27,76	0,03	
27,765	0,03	
27,77	0,02	
27,775	0,01	
27,78	0	
27,785	0	
27,79	0	
27,795	-0,01	
27,8	-0,01	
27,805	-0,02	
27,81	-0,02	
27,815	-0,03	
27,82	-0,04	
27,825	-0,04	
27,83	-0,04	
27,835	-0,05	
27,84	-0,05	
27,845	-0,06	
27,85	-0,06	
27,855	-0,07	
27,86	-0,08	
27,865	-0,08	
27,87	-0,08	
27,875	-0,09	
27,88	-0,09	
27,885	-0,09	
27,89	-0,09	
27,895	-0,1	
27,9	-0,1	
27,905	-0,1	
27,91	-0,11	
27,915	-0,11	
27,92	-0,12	
27,925	-0,12	
27,93	-0,12	
27,935	-0,12	
27,94	-0,13	
27,945	-0,13	
27,95	-0,13	
27,955	-0,13	
27,96	-0,14	
27,965	-0,14	
27,97	-0,14	
27,975	-0,14	
27,98	-0,14	
27,985	-0,14	
27,99	-0,14	
27,995	-0,14	
28,0	-0,14	
28,005	-0,15	
28,01	-0,15	
28,015	-0,15	
28,02	-0,15	
28,025	-0,15	
28,03	-0,15	
28,035	-0,15	
28,04	-0,15	
28,045	-0,15	
28,05	-0,15	
28,055	-0,15	
28,06	-0,15	
28,065	-0,15	
28,07	-0,15	
28,075	-0,15	
28,08	-0,15	
28,085	-0,15	
28,09	-0,15	
28,095	-0,15	
28,1	-0,15	
28,105	-0,15	
28,11	-0,15	
28,115	-0,15	
28,12	-0,15	
28,125	-0,14	
28,13	-0,14	
28,135	-0,14	
28,14	-0,14	
28,145	-0,14	
28,15	-0,14	
28,155	-0,14	
28,16	-0,14	
28,165	-0,13	
28,17	-0,12	
28,175	-0,12	
28,18	-0,12	
28,185	-0,12	
28,19	-0,12	
28,195	-0,12	
28,2	-0,12	
28,205	-0,12	
28,21	-0,11	
28,215	-0,11	
28,22	-0,1	
28,225	-0,1	
28,23	-0,11	
28,235	-0,11	
28,24	-0,11	
28,245	-0,11	
28,25	-0,1	
28,255	-0,09	
28,26	-0,09	
28,265	-0,08	
28,27	-0,08	
28,275	-0,09	
28,28	-0,09	
28,285	-0,08	
28,29	-0,08	
28,295	-0,08	
28,3	-0,07	
28,305	-0,07	
28,31	-0,07	
28,315	-0,07	
28,32	-0,07	
28,325	-0,07	
28,33	-0,07	
28,335	-0,07	
28,34	-0,06	
28,345	-0,06	
28,35	-0,05	
28,355	-0,04	
28,36	-0,04	
28,365	-0,04	
28,37	-0,04	
28,375	-0,04	
28,38	-0,04	
28,385	-0,04	
28,39	-0,04	
28,395	-0,03	
28,4	-0,03	
28,405	-0,03	
28,41	-0,03	
28,415	-0,03	
28,42	-0,03	
28,425	-0,03	
28,43	-0,02	
28,435	-0,02	
28,44	-0,02	
28,445	-0,02	
28,45	-0,02	
28,455	-0,02	
28,46	-0,02	
28,465	-0,02	
28,47	-0,02	
28,475	-0,02	
28,48	-0,01	
28,485	-0,01	
28,49	-0,01	
28,495	-0,01	
28,5	-0,01	
28,505	-0,01	
28,51	-0,01	
28,515	-0,01	
28,52	-0,01	
28,525	0	
28,53	0	
28,535	0	
28,54	0	
28,545	-0,01	
28,55	-0,01	
28,555	-0,01	
28,56	-0,01	
28,565	-0,01	
28,57	0	
28,575	0	
28,58	0,01	
28,585	0	
28,59	0	
28,595	-0,01	
28,6	-0,01	
28,605	-0,01	
28,61	-0,01	
28,615	0	
28,62	0	
28,625	0	
28,63	0	
28,635	-0,01	
28,64	-0,01	
28,645	-0,01	
28,65	-0,01	
28,655	-0,01	
28,66	0	
28,665	0	
28,67	0	
28,675	-0,01	
28,68	-0,01	
28,685	-0,01	
28,69	-0,01	
28,695	-0,01	
28,7	-0,01	
28,705	-0,01	
28,71	0	
28,715	0	
28,72	0	
28,725	0	
28,73	0	
28,735	-0,01	
28,74	-0,01	
28,745	0	
28,75	-0,01	
28,755	0	
28,76	0	
28,765	0	
28,77	-0,01	
28,775	-0,01	
28,78	-0,01	
28,785	-0,01	
28,79	-0,01	
28,795	0	
28,8	0	
28,805	0	
28,81	0	
28,815	0	
28,82	0	
28,825	0	
28,83	0	
28,835	0	
28,84	0,01	
28,845	0,01	
28,85	0,01	
28,855	0,01	
28,86	0,01	
28,865	0,01	
28,87	0,01	
28,875	0,01	
28,88	0,01	
28,885	0,02	
28,89	0,02	
28,895	0,03	
28,9	0,03	
28,905	0,02	
28,91	0,02	
28,915	0,02	
28,92	0,03	
28,925	0,03	
28,93	0,03	
28,935	0,03	
28,94	0,03	
28,945	0,04	
28,95	0,04	
28,955	0,04	
28,96	0,04	
28,965	0,04	
28,97	0,04	
28,975	0,05	
28,98	0,05	
28,985	0,05	
28,99	0,06	
28,995	0,06	
29,0	0,05	
29,005	0,05	
29,01	0,06	
29,015	0,06	
29,02	0,06	
29,025	0,07	
29,03	0,07	
29,035	0,08	
29,04	0,08	
29,045	0,08	
29,05	0,08	
29,055	0,08	
29,06	0,08	
29,065	0,09	
29,07	0,09	
29,075	0,09	
29,08	0,1	
29,085	0,1	
29,09	0,1	
29,095	0,1	
29,1	0,11	
29,105	0,11	
29,11	0,11	
29,115	0,12	
29,12	0,12	
29,125	0,12	
29,13	0,12	
29,135	0,12	
29,14	0,12	
29,145	0,12	
29,15	0,13	
29,155	0,13	
29,16	0,14	
29,165	0,14	
29,17	0,14	
29,175	0,14	
29,18	0,14	
29,185	0,14	
29,19	0,14	
29,195	0,14	
29,2	0,14	
29,205	0,15	
29,21	0,15	
29,215	0,15	
29,22	0,15	
29,225	0,16	
29,23	0,16	
29,235	0,16	
29,24	0,16	
29,245	0,16	
29,25	0,16	
29,255	0,16	
29,26	0,16	
29,265	0,16	
29,27	0,16	
29,275	0,16	
29,28	0,16	
29,285	0,16	
29,29	0,16	
29,295	0,16	
29,3	0,16	
29,305	0,16	
29,31	0,16	
29,315	0,16	
29,32	0,16	
29,325	0,16	
29,33	0,16	
29,335	0,16	
29,34	0,15	
29,345	0,15	
29,35	0,15	
29,355	0,15	
29,36	0,15	
29,365	0,15	
29,37	0,15	
29,375	0,15	
29,38	0,14	
29,385	0,14	
29,39	0,14	
29,395	0,14	
29,4	0,13	
29,405	0,13	
29,41	0,13	
29,415	0,12	
29,42	0,12	
29,425	0,12	
29,43	0,12	
29,435	0,11	
29,44	0,11	
29,445	0,11	
29,45	0,1	
29,455	0,1	
29,46	0,09	
29,465	0,09	
29,47	0,08	
29,475	0,08	
29,48	0,08	
29,485	0,07	
29,49	0,06	
29,495	0,06	
29,5	0,05	
29,505	0,05	
29,51	0,04	
29,515	0,04	
29,52	0,03	
29,525	0,03	
29,53	0,03	
29,535	0,02	
29,54	0,02	
29,545	0,01	
29,55	0	
29,555	-0,01	
29,56	-0,02	
29,565	-0,02	
29,57	-0,03	
29,575	-0,03	
29,58	-0,04	
29,585	-0,04	
29,59	-0,04	
29,595	-0,05	
29,6	-0,06	
29,605	-0,06	
29,61	-0,07	
29,615	-0,08	
29,62	-0,08	
29,625	-0,09	
29,63	-0,1	
29,635	-0,11	
29,64	-0,12	
29,645	-0,12	
29,65	-0,13	
29,655	-0,13	
29,66	-0,14	
29,665	-0,14	
29,67	-0,15	
29,675	-0,15	
29,68	-0,16	
29,685	-0,17	
29,69	-0,17	
29,695	-0,18	
29,7	-0,18	
29,705	-0,18	
29,71	-0,18	
29,715	-0,19	
29,72	-0,2	
29,725	-0,21	
29,73	-0,22	
29,735	-0,22	
29,74	-0,23	
29,745	-0,23	
29,75	-0,23	
29,755	-0,23	
29,76	-0,24	
29,765	-0,25	
29,77	-0,25	
29,775	-0,26	
29,78	-0,26	
29,785	-0,27	
29,79	-0,27	
29,795	-0,27	
29,8	-0,27	
29,805	-0,28	
29,81	-0,28	
29,815	-0,29	
29,82	-0,29	
29,825	-0,3	
29,83	-0,3	
29,835	-0,3	
29,84	-0,3	
29,845	-0,3	
29,85	-0,3	
29,855	-0,29	
29,86	-0,3	
29,865	-0,3	
29,87	-0,31	
29,875	-0,31	
29,88	-0,31	
29,885	-0,31	
29,89	-0,31	
29,895	-0,31	
29,9	-0,31	
29,905	-0,31	
29,91	-0,31	
29,915	-0,31	
29,92	-0,31	
29,925	-0,31	
29,93	-0,31	
29,935	-0,3	
29,94	-0,3	
29,945	-0,3	
29,95	-0,29	
29,955	-0,3	
29,96	-0,3	
29,965	-0,3	
29,97	-0,29	
29,975	-0,29	
29,98	-0,28	
29,985	-0,27	
29,99	-0,27	
29,995	-0,27	
30,0	-0,27	
30,005	-0,26	
30,01	-0,26	
30,015	-0,25	
30,02	-0,25	
30,025	-0,24	
30,03	-0,23	
30,035	-0,23	
30,04	-0,22	
30,045	-0,22	
30,05	-0,21	
30,055	-0,21	
30,06	-0,2	
30,065	-0,2	
30,07	-0,19	
30,075	-0,18	
30,08	-0,17	
30,085	-0,16	
30,09	-0,16	
30,095	-0,16	
30,1	-0,15	
30,105	-0,14	
30,11	-0,13	
30,115	-0,12	
30,12	-0,1	
30,125	-0,09	
30,13	-0,09	
30,135	-0,08	
30,14	-0,08	
30,145	-0,07	
30,15	-0,06	
30,155	-0,05	
30,16	-0,04	
30,165	-0,02	
30,17	-0,02	
30,175	-0,01	
30,18	0	
30,185	0	
30,19	0,01	
30,195	0,02	
30,2	0,04	
30,205	0,05	
30,21	0,06	
30,215	0,08	
30,22	0,08	
30,225	0,09	
30,23	0,1	
30,235	0,1	
30,24	0,11	
30,245	0,12	
30,25	0,13	
30,255	0,15	
30,26	0,16	
30,265	0,16	
30,27	0,17	
30,275	0,17	
30,28	0,19	
30,285	0,2	
30,29	0,21	
30,295	0,22	
30,3	0,23	
30,305	0,24	
30,31	0,24	
30,315	0,25	
30,32	0,26	
30,325	0,26	
30,33	0,27	
30,335	0,28	
30,34	0,29	
30,345	0,3	
30,35	0,31	
30,355	0,32	
30,36	0,33	
30,365	0,33	
30,37	0,34	
30,375	0,34	
30,38	0,35	
30,385	0,36	
30,39	0,37	
30,395	0,37	
30,4	0,37	
30,405	0,37	
30,41	0,38	
30,415	0,38	
30,42	0,39	
30,425	0,4	
30,43	0,41	
30,435	0,41	
30,44	0,42	
30,445	0,42	
30,45	0,41	
30,455	0,42	
30,46	0,42	
30,465	0,42	
30,47	0,42	
30,475	0,43	
30,48	0,43	
30,485	0,43	
30,49	0,44	
30,495	0,44	
30,5	0,43	
30,505	0,43	
30,51	0,43	
30,515	0,43	
30,52	0,44	
30,525	0,44	
30,53	0,44	
30,535	0,44	
30,54	0,43	
30,545	0,43	
30,55	0,42	
30,555	0,42	
30,56	0,42	
30,565	0,42	
30,57	0,41	
30,575	0,41	
30,58	0,41	
30,585	0,4	
30,59	0,4	
30,595	0,39	
30,6	0,39	
30,605	0,38	
30,61	0,37	
30,615	0,37	
30,62	0,36	
30,625	0,35	
30,63	0,35	
30,635	0,33	
30,64	0,33	
30,645	0,32	
30,65	0,32	
30,655	0,31	
30,66	0,31	
30,665	0,3	
30,67	0,29	
30,675	0,28	
30,68	0,27	
30,685	0,26	
30,69	0,25	
30,695	0,24	
30,7	0,23	
30,705	0,22	
30,71	0,21	
30,715	0,2	
30,72	0,18	
30,725	0,17	
30,73	0,16	
30,735	0,16	
30,74	0,15	
30,745	0,14	
30,75	0,13	
30,755	0,12	
30,76	0,11	
30,765	0,09	
30,77	0,07	
30,775	0,06	
30,78	0,05	
30,785	0,04	
30,79	0,03	
30,795	0,02	
30,8	0	
30,805	-0,01	
30,81	-0,03	
30,815	-0,04	
30,82	-0,05	
30,825	-0,06	
30,83	-0,07	
30,835	-0,08	
30,84	-0,09	
30,845	-0,11	
30,85	-0,12	
30,855	-0,13	
30,86	-0,15	
30,865	-0,16	
30,87	-0,17	
30,875	-0,18	
30,88	-0,2	
30,885	-0,21	
30,89	-0,22	
30,895	-0,23	
30,9	-0,24	
30,905	-0,25	
30,91	-0,26	
30,915	-0,28	
30,92	-0,29	
30,925	-0,3	
30,93	-0,31	
30,935	-0,32	
30,94	-0,33	
30,945	-0,34	
30,95	-0,36	
30,955	-0,37	
30,96	-0,38	
30,965	-0,38	
30,97	-0,39	
30,975	-0,4	
30,98	-0,4	
30,985	-0,41	
30,99	-0,42	
30,995	-0,43	
31,0	-0,44	
31,005	-0,45	
31,01	-0,45	
31,015	-0,46	
31,02	-0,47	
31,025	-0,47	
31,03	-0,48	
31,035	-0,49	
31,04	-0,49	
31,045	-0,5	
31,05	-0,5	
31,055	-0,51	
31,06	-0,51	
31,065	-0,51	
31,07	-0,51	
31,075	-0,51	
31,08	-0,52	
31,085	-0,52	
31,09	-0,53	
31,095	-0,53	
31,1	-0,53	
31,105	-0,53	
31,11	-0,53	
31,115	-0,53	
31,12	-0,54	
31,125	-0,54	
31,13	-0,54	
31,135	-0,54	
31,14	-0,53	
31,145	-0,53	
31,15	-0,53	
31,155	-0,53	
31,16	-0,52	
31,165	-0,52	
31,17	-0,52	
31,175	-0,52	
31,18	-0,51	
31,185	-0,51	
31,19	-0,5	
31,195	-0,49	
31,2	-0,48	
31,205	-0,48	
31,21	-0,47	
31,215	-0,47	
31,22	-0,47	
31,225	-0,46	
31,23	-0,46	
31,235	-0,45	
31,24	-0,44	
31,245	-0,43	
31,25	-0,42	
31,255	-0,41	
31,26	-0,4	
31,265	-0,4	
31,27	-0,39	
31,275	-0,37	
31,28	-0,36	
31,285	-0,35	
31,29	-0,34	
31,295	-0,33	
31,3	-0,32	
31,305	-0,31	
31,31	-0,3	
31,315	-0,29	
31,32	-0,28	
31,325	-0,27	
31,33	-0,25	
31,335	-0,23	
31,34	-0,22	
31,345	-0,21	
31,35	-0,2	
31,355	-0,18	
31,36	-0,17	
31,365	-0,16	
31,37	-0,14	
31,375	-0,13	
31,38	-0,11	
31,385	-0,1	
31,39	-0,08	
31,395	-0,07	
31,4	-0,06	
31,405	-0,05	
31,41	-0,03	
31,415	-0,01	
31,42	0	
31,425	0,02	
31,43	0,03	
31,435	0,05	
31,44	0,06	
31,445	0,07	
31,45	0,09	
31,455	0,1	
31,46	0,12	
31,465	0,13	
31,47	0,15	
31,475	0,16	
31,48	0,18	
31,485	0,19	
31,49	0,2	
31,495	0,22	
31,5	0,23	
31,505	0,25	
31,51	0,26	
31,515	0,27	
31,52	0,29	
31,525	0,3	
31,53	0,31	
31,535	0,32	
31,54	0,33	
31,545	0,34	
31,55	0,36	
31,555	0,37	
31,56	0,38	
31,565	0,4	
31,57	0,41	
31,575	0,42	
31,58	0,43	
31,585	0,43	
31,59	0,44	
31,595	0,45	
31,6	0,47	
31,605	0,48	
31,61	0,49	
31,615	0,5	
31,62	0,5	
31,625	0,51	
31,63	0,51	
31,635	0,52	
31,64	0,53	
31,645	0,54	
31,65	0,55	
31,655	0,56	
31,66	0,57	
31,665	0,57	
31,67	0,57	
31,675	0,57	
31,68	0,58	
31,685	0,58	
31,69	0,59	
31,695	0,59	
31,7	0,6	
31,705	0,6	
31,71	0,6	
31,715	0,6	
31,72	0,6	
31,725	0,6	
31,73	0,6	
31,735	0,6	
31,74	0,6	
31,745	0,6	
31,75	0,6	
31,755	0,6	
31,76	0,6	
31,765	0,59	
31,77	0,59	
31,775	0,59	
31,78	0,58	
31,785	0,58	
31,79	0,58	
31,795	0,58	
31,8	0,57	
31,805	0,57	
31,81	0,56	
31,815	0,55	
31,82	0,54	
31,825	0,53	
31,83	0,53	
31,835	0,52	
31,84	0,51	
31,845	0,5	
31,85	0,5	
31,855	0,48	
31,86	0,47	
31,865	0,47	
31,87	0,46	
31,875	0,45	
31,88	0,44	
31,885	0,43	
31,89	0,42	
31,895	0,4	
31,9	0,39	
31,905	0,38	
31,91	0,37	
31,915	0,36	
31,92	0,35	
31,925	0,34	
31,93	0,32	
31,935	0,31	
31,94	0,29	
31,945	0,28	
31,95	0,26	
31,955	0,25	
31,96	0,24	
31,965	0,23	
31,97	0,21	
31,975	0,2	
31,98	0,17	
31,985	0,16	
31,99	0,14	
31,995	0,12	
32,0	0,11	
32,005	0,1	
32,01	0,08	
32,015	0,07	
32,02	0,05	
32,025	0,04	
32,03	0,02	
32,035	0,01	
32,04	-0,01	
32,045	-0,03	
32,05	-0,04	
32,055	-0,05	
32,06	-0,07	
32,065	-0,09	
32,07	-0,11	
32,075	-0,13	
32,08	-0,14	
32,085	-0,16	
32,09	-0,17	
32,095	-0,19	
32,1	-0,2	
32,105	-0,21	
32,11	-0,23	
32,115	-0,24	
32,12	-0,25	
32,125	-0,27	
32,13	-0,28	
32,135	-0,3	
32,14	-0,32	
32,145	-0,33	
32,15	-0,34	
32,155	-0,36	
32,16	-0,37	
32,165	-0,38	
32,17	-0,4	
32,175	-0,41	
32,18	-0,42	
32,185	-0,43	
32,19	-0,44	
32,195	-0,45	
32,2	-0,46	
32,205	-0,47	
32,21	-0,48	
32,215	-0,5	
32,22	-0,51	
32,225	-0,52	
32,23	-0,53	
32,235	-0,53	
32,24	-0,54	
32,245	-0,55	
32,25	-0,56	
32,255	-0,56	
32,26	-0,57	
32,265	-0,58	
32,27	-0,59	
32,275	-0,59	
32,28	-0,6	
32,285	-0,6	
32,29	-0,6	
32,295	-0,61	
32,3	-0,62	
32,305	-0,62	
32,31	-0,62	
32,315	-0,63	
32,32	-0,63	
32,325	-0,63	
32,33	-0,63	
32,335	-0,62	
32,34	-0,63	
32,345	-0,63	
32,35	-0,63	
32,355	-0,63	
32,36	-0,63	
32,365	-0,63	
32,37	-0,63	
32,375	-0,62	
32,38	-0,62	
32,385	-0,61	
32,39	-0,62	
32,395	-0,61	
32,4	-0,61	
32,405	-0,61	
32,41	-0,6	
32,415	-0,59	
32,42	-0,59	
32,425	-0,58	
32,43	-0,57	
32,435	-0,57	
32,44	-0,56	
32,445	-0,55	
32,45	-0,55	
32,455	-0,54	
32,46	-0,53	
32,465	-0,52	
32,47	-0,51	
32,475	-0,5	
32,48	-0,49	
32,485	-0,48	
32,49	-0,47	
32,495	-0,46	
32,5	-0,44	
32,505	-0,43	
32,51	-0,42	
32,515	-0,41	
32,52	-0,4	
32,525	-0,39	
32,53	-0,38	
32,535	-0,37	
32,54	-0,35	
32,545	-0,33	
32,55	-0,31	
32,555	-0,3	
32,56	-0,29	
32,565	-0,28	
32,57	-0,26	
32,575	-0,25	
32,58	-0,23	
32,585	-0,22	
32,59	-0,2	
32,595	-0,19	
32,6	-0,17	
32,605	-0,16	
32,61	-0,14	
32,615	-0,13	
32,62	-0,11	
32,625	-0,09	
32,63	-0,07	
32,635	-0,06	
32,64	-0,04	
32,645	-0,02	
32,65	0	
32,655	0,01	
32,66	0,03	
32,665	0,04	
32,67	0,05	
32,675	0,07	
32,68	0,08	
32,685	0,1	
32,69	0,11	
32,695	0,13	
32,7	0,15	
32,705	0,17	
32,71	0,19	
32,715	0,2	
32,72	0,21	
32,725	0,23	
32,73	0,24	
32,735	0,26	
32,74	0,27	
32,745	0,29	
32,75	0,3	
32,755	0,31	
32,76	0,33	
32,765	0,34	
32,77	0,35	
32,775	0,36	
32,78	0,38	
32,785	0,4	
32,79	0,41	
32,795	0,42	
32,8	0,43	
32,805	0,44	
32,81	0,45	
32,815	0,46	
32,82	0,47	
32,825	0,48	
32,83	0,49	
32,835	0,5	
32,84	0,51	
32,845	0,52	
32,85	0,53	
32,855	0,54	
32,86	0,55	
32,865	0,55	
32,87	0,56	
32,875	0,57	
32,88	0,57	
32,885	0,58	
32,89	0,59	
32,895	0,59	
32,9	0,59	
32,905	0,59	
32,91	0,6	
32,915	0,61	
32,92	0,61	
32,925	0,62	
32,93	0,62	
32,935	0,62	
32,94	0,62	
32,945	0,62	
32,95	0,62	
32,955	0,62	
32,96	0,62	
32,965	0,63	
32,97	0,63	
32,975	0,63	
32,98	0,63	
32,985	0,62	
32,99	0,61	
32,995	0,61	
33,0	0,6	
33,005	0,6	
33,01	0,59	
33,015	0,59	
33,02	0,59	
33,025	0,59	
33,03	0,58	
33,035	0,57	
33,04	0,57	
33,045	0,56	
33,05	0,56	
33,055	0,55	
33,06	0,55	
33,065	0,54	
33,07	0,53	
33,075	0,52	
33,08	0,51	
33,085	0,5	
33,09	0,49	
33,095	0,48	
33,1	0,47	
33,105	0,46	
33,11	0,44	
33,115	0,44	
33,12	0,42	
33,125	0,41	
33,13	0,4	
33,135	0,39	
33,14	0,38	
33,145	0,37	
33,15	0,35	
33,155	0,34	
33,16	0,33	
33,165	0,32	
33,17	0,3	
33,175	0,29	
33,18	0,28	
33,185	0,26	
33,19	0,24	
33,195	0,23	
33,2	0,22	
33,205	0,2	
33,21	0,19	
33,215	0,17	
33,22	0,16	
33,225	0,14	
33,23	0,13	
33,235	0,11	
33,24	0,1	
33,245	0,08	
33,25	0,07	
33,255	0,05	
33,26	0,03	
33,265	0,02	
33,27	0	
33,275	-0,02	
33,28	-0,03	
33,285	-0,04	
33,29	-0,05	
33,295	-0,07	
33,3	-0,08	
33,305	-0,1	
33,31	-0,12	
33,315	-0,14	
33,32	-0,15	
33,325	-0,17	
33,33	-0,18	
33,335	-0,19	
33,34	-0,21	
33,345	-0,22	
33,35	-0,23	
33,355	-0,25	
33,36	-0,27	
33,365	-0,28	
33,37	-0,29	
33,375	-0,3	
33,38	-0,31	
33,385	-0,33	
33,39	-0,34	
33,395	-0,35	
33,4	-0,37	
33,405	-0,38	
33,41	-0,39	
33,415	-0,4	
33,42	-0,41	
33,425	-0,42	
33,43	-0,43	
33,435	-0,44	
33,44	-0,45	
33,445	-0,46	
33,45	-0,47	
33,455	-0,48	
33,46	-0,49	
33,465	-0,49	
33,47	-0,5	
33,475	-0,51	
33,48	-0,52	
33,485	-0,52	
33,49	-0,53	
33,495	-0,53	
33,5	-0,54	
33,505	-0,54	
33,51	-0,54	
33,515	-0,55	
33,52	-0,56	
33,525	-0,56	
33,53	-0,57	
33,535	-0,57	
33,54	-0,57	
33,545	-0,57	
33,55	-0,58	
33,555	-0,57	
33,56	-0,57	
33,565	-0,57	
33,57	-0,58	
33,575	-0,58	
33,58	-0,58	
33,585	-0,58	
33,59	-0,58	
33,595	-0,57	
33,6	-0,57	
33,605	-0,57	
33,61	-0,56	
33,615	-0,56	
33,62	-0,56	
33,625	-0,56	
33,63	-0,55	
33,635	-0,55	
33,64	-0,54	
33,645	-0,53	
33,65	-0,53	
33,655	-0,52	
33,66	-0,52	
33,665	-0,52	
33,67	-0,51	
33,675	-0,5	
33,68	-0,49	
33,685	-0,49	
33,69	-0,48	
33,695	-0,47	
33,7	-0,46	
33,705	-0,45	
33,71	-0,45	
33,715	-0,43	
33,72	-0,43	
33,725	-0,42	
33,73	-0,41	
33,735	-0,39	
33,74	-0,38	
33,745	-0,37	
33,75	-0,36	
33,755	-0,35	
33,76	-0,34	
33,765	-0,33	
33,77	-0,31	
33,775	-0,3	
33,78	-0,28	
33,785	-0,27	
33,79	-0,26	
33,795	-0,25	
33,8	-0,24	
33,805	-0,23	
33,81	-0,22	
33,815	-0,2	
33,82	-0,19	
33,825	-0,17	
33,83	-0,16	
33,835	-0,15	
33,84	-0,13	
33,845	-0,12	
33,85	-0,1	
33,855	-0,09	
33,86	-0,08	
33,865	-0,06	
33,87	-0,05	
33,875	-0,04	
33,88	-0,03	
33,885	-0,02	
33,89	0	
33,895	0,01	
33,9	0,02	
33,905	0,04	
33,91	0,06	
33,915	0,07	
33,92	0,09	
33,925	0,1	
33,93	0,11	
33,935	0,12	
33,94	0,13	
33,945	0,15	
33,95	0,16	
33,955	0,18	
33,96	0,19	
33,965	0,2	
33,97	0,22	
33,975	0,23	
33,98	0,24	
33,985	0,25	
33,99	0,26	
33,995	0,27	
34,0	0,28	
34,005	0,29	
34,01	0,31	
34,015	0,32	
34,02	0,33	
34,025	0,33	
34,03	0,35	
34,035	0,35	
34,04	0,36	
34,045	0,37	
34,05	0,38	
34,055	0,39	
34,06	0,39	
34,065	0,4	
34,07	0,41	
34,075	0,42	
34,08	0,43	
34,085	0,43	
34,09	0,44	
34,095	0,45	
34,1	0,45	
34,105	0,45	
34,11	0,46	
34,115	0,46	
34,12	0,47	
34,125	0,47	
34,13	0,48	
34,135	0,48	
34,14	0,48	
34,145	0,49	
34,15	0,49	
34,155	0,49	
34,16	0,49	
34,165	0,49	
34,17	0,49	
34,175	0,49	
34,18	0,49	
34,185	0,49	
34,19	0,5	
34,195	0,5	
34,2	0,5	
34,205	0,5	
34,21	0,49	
34,215	0,49	
34,22	0,49	
34,225	0,49	
34,23	0,48	
34,235	0,48	
34,24	0,48	
34,245	0,48	
34,25	0,47	
34,255	0,47	
34,26	0,46	
34,265	0,45	
34,27	0,44	
34,275	0,44	
34,28	0,44	
34,285	0,43	
34,29	0,43	
34,295	0,42	
34,3	0,41	
34,305	0,41	
34,31	0,4	
34,315	0,39	
34,32	0,39	
34,325	0,38	
34,33	0,37	
34,335	0,37	
34,34	0,36	
34,345	0,35	
34,35	0,34	
34,355	0,33	
34,36	0,31	
34,365	0,3	
34,37	0,3	
34,375	0,29	
34,38	0,28	
34,385	0,28	
34,39	0,26	
34,395	0,25	
34,4	0,24	
34,405	0,22	
34,41	0,21	
34,415	0,21	
34,42	0,2	
34,425	0,19	
34,43	0,18	
34,435	0,17	
34,44	0,15	
34,445	0,14	
34,45	0,13	
34,455	0,12	
34,46	0,11	
34,465	0,09	
34,47	0,08	
34,475	0,07	
34,48	0,06	
34,485	0,05	
34,49	0,04	
34,495	0,02	
34,5	0,02	
34,505	0,01	
34,51	-0,01	
34,515	-0,02	
34,52	-0,03	
34,525	-0,04	
34,53	-0,05	
34,535	-0,07	
34,54	-0,08	
34,545	-0,08	
34,55	-0,09	
34,555	-0,1	
34,56	-0,11	
34,565	-0,12	
34,57	-0,13	
34,575	-0,15	
34,58	-0,16	
34,585	-0,17	
34,59	-0,18	
34,595	-0,19	
34,6	-0,19	
34,605	-0,2	
34,61	-0,21	
34,615	-0,22	
34,62	-0,23	
34,625	-0,24	
34,63	-0,24	
34,635	-0,25	
34,64	-0,26	
34,645	-0,28	
34,65	-0,28	
34,655	-0,29	
34,66	-0,29	
34,665	-0,3	
34,67	-0,3	
34,675	-0,31	
34,68	-0,32	
34,685	-0,32	
34,69	-0,32	
34,695	-0,33	
34,7	-0,33	
34,705	-0,33	
34,71	-0,34	
34,715	-0,35	
34,72	-0,35	
34,725	-0,36	
34,73	-0,36	
34,735	-0,36	
34,74	-0,37	
34,745	-0,37	
34,75	-0,37	
34,755	-0,38	
34,76	-0,38	
34,765	-0,38	
34,77	-0,38	
34,775	-0,38	
34,78	-0,38	
34,785	-0,38	
34,79	-0,39	
34,795	-0,39	
34,8	-0,38	
34,805	-0,39	
34,81	-0,39	
34,815	-0,39	
34,82	-0,38	
34,825	-0,38	
34,83	-0,38	
34,835	-0,38	
34,84	-0,38	
34,845	-0,38	
34,85	-0,37	
34,855	-0,37	
34,86	-0,37	
34,865	-0,36	
34,87	-0,36	
34,875	-0,35	
34,88	-0,35	
34,885	-0,35	
34,89	-0,34	
34,895	-0,34	
34,9	-0,34	
34,905	-0,34	
34,91	-0,33	
34,915	-0,32	
34,92	-0,31	
34,925	-0,31	
34,93	-0,3	
34,935	-0,3	
34,94	-0,3	
34,945	-0,29	
34,95	-0,29	
34,955	-0,28	
34,96	-0,27	
34,965	-0,26	
34,97	-0,25	
34,975	-0,24	
34,98	-0,24	
34,985	-0,23	
34,99	-0,22	
34,995	-0,22	
35,0	-0,21	
35,005	-0,2	
35,01	-0,19	
35,015	-0,18	
35,02	-0,17	
35,025	-0,17	
35,03	-0,17	
35,035	-0,16	
35,04	-0,16	
35,045	-0,15	
35,05	-0,13	
35,055	-0,12	
35,06	-0,11	
35,065	-0,11	
35,07	-0,1	
35,075	-0,1	
35,08	-0,09	
35,085	-0,08	
35,09	-0,07	
35,095	-0,06	
35,1	-0,05	
35,105	-0,04	
35,11	-0,03	
35,115	-0,03	
35,12	-0,02	
35,125	-0,01	
35,13	0	
35,135	0,01	
35,14	0,02	
35,145	0,03	
35,15	0,04	
35,155	0,04	
35,16	0,05	
35,165	0,05	
35,17	0,06	
35,175	0,06	
35,18	0,07	
35,185	0,08	
35,19	0,09	
35,195	0,1	
35,2	0,1	
35,205	0,11	
35,21	0,11	
35,215	0,12	
35,22	0,12	
35,225	0,13	
35,23	0,14	
35,235	0,15	
35,24	0,15	
35,245	0,16	
35,25	0,16	
35,255	0,16	
35,26	0,16	
35,265	0,17	
35,27	0,18	
35,275	0,19	
35,28	0,2	
35,285	0,2	
35,29	0,21	
35,295	0,21	
35,3	0,21	
35,305	0,21	
35,31	0,22	
35,315	0,22	
35,32	0,22	
35,325	0,23	
35,33	0,23	
35,335	0,23	
35,34	0,23	
35,345	0,23	
35,35	0,23	
35,355	0,24	
35,36	0,24	
35,365	0,24	
35,37	0,25	
35,375	0,25	
35,38	0,25	
35,385	0,25	
35,39	0,25	
35,395	0,25	
35,4	0,25	
35,405	0,25	
35,41	0,25	
35,415	0,25	
35,42	0,25	
35,425	0,25	
35,43	0,25	
35,435	0,25	
35,44	0,25	
35,445	0,25	
35,45	0,25	
35,455	0,25	
35,46	0,25	
35,465	0,24	
35,47	0,24	
35,475	0,24	
35,48	0,23	
35,485	0,23	
35,49	0,23	
35,495	0,22	
35,5	0,22	
35,505	0,22	
35,51	0,22	
35,515	0,22	
35,52	0,22	
35,525	0,21	
35,53	0,21	
35,535	0,21	
35,54	0,2	
35,545	0,2	
35,55	0,2	
35,555	0,2	
35,56	0,19	
35,565	0,18	
35,57	0,17	
35,575	0,17	
35,58	0,17	
35,585	0,16	
35,59	0,16	
35,595	0,16	
35,6	0,16	
35,605	0,15	
35,61	0,14	
35,615	0,13	
35,62	0,13	
35,625	0,12	
35,63	0,12	
35,635	0,12	
35,64	0,12	
35,645	0,12	
35,65	0,11	
35,655	0,1	
35,66	0,1	
35,665	0,09	
35,67	0,09	
35,675	0,08	
35,68	0,08	
35,685	0,08	
35,69	0,07	
35,695	0,07	
35,7	0,06	
35,705	0,05	
35,71	0,05	
35,715	0,05	
35,72	0,04	
35,725	0,04	
35,73	0,04	
35,735	0,03	
35,74	0,02	
35,745	0,02	
35,75	0,02	
35,755	0,01	
35,76	0	
35,765	0	
35,77	0	
35,775	-0,01	
35,78	-0,01	
35,785	-0,01	
35,79	-0,02	
35,795	-0,02	
35,8	-0,02	
35,805	-0,03	
35,81	-0,03	
35,815	-0,03	
35,82	-0,04	
35,825	-0,04	
35,83	-0,04	
35,835	-0,05	
35,84	-0,05	
35,845	-0,05	
35,85	-0,06	
35,855	-0,06	
35,86	-0,06	
35,865	-0,06	
35,87	-0,06	
35,875	-0,07	
35,88	-0,07	
35,885	-0,07	
35,89	-0,08	
35,895	-0,08	
35,9	-0,09	
35,905	-0,09	
35,91	-0,09	
35,915	-0,09	
35,92	-0,09	
35,925	-0,09	
35,93	-0,09	
35,935	-0,09	
35,94	-0,09	
35,945	-0,09	
35,95	-0,09	
35,955	-0,1	
35,96	-0,1	
35,965	-0,1	
35,97	-0,1	
35,975	-0,1	
35,98	-0,1	
35,985	-0,1	
35,99	-0,1	
35,995	-0,1	
36,0	-0,1	
36,005	-0,1	
36,01	-0,1	
36,015	-0,1	
36,02	-0,1	
36,025	-0,11	
36,03	-0,1	
36,035	-0,1	
36,04	-0,11	
36,045	-0,1	
36,05	-0,1	
36,055	-0,1	
36,06	-0,1	
36,065	-0,1	
36,07	-0,1	
36,075	-0,1	
36,08	-0,1	
36,085	-0,09	
36,09	-0,09	
36,095	-0,09	
36,1	-0,09	
36,105	-0,09	
36,11	-0,09	
36,115	-0,1	
36,12	-0,09	
36,125	-0,09	
36,13	-0,09	
36,135	-0,08	
36,14	-0,08	
36,145	-0,08	
36,15	-0,08	
36,155	-0,08	
36,16	-0,08	
36,165	-0,08	
36,17	-0,08	
36,175	-0,08	
36,18	-0,08	
36,185	-0,07	
36,19	-0,07	
36,195	-0,07	
36,2	-0,07	
36,205	-0,07	
36,21	-0,07	
36,215	-0,07	
36,22	-0,07	
36,225	-0,07	
36,23	-0,07	
36,235	-0,07	
36,24	-0,07	
36,245	-0,07	
36,25	-0,06	
36,255	-0,06	
36,26	-0,06	
36,265	-0,05	
36,27	-0,05	
36,275	-0,05	
36,28	-0,05	
36,285	-0,05	
36,29	-0,05	
36,295	-0,05	
36,3	-0,05	
36,305	-0,05	
36,31	-0,05	
36,315	-0,05	
36,32	-0,05	
36,325	-0,04	
36,33	-0,05	
36,335	-0,05	
36,34	-0,05	
36,345	-0,04	
36,35	-0,05	
36,355	-0,05	
36,36	-0,04	
36,365	-0,04	
36,37	-0,04	
36,375	-0,04	
36,38	-0,04	
36,385	-0,04	
36,39	-0,04	
36,395	-0,04	
36,4	-0,04	
36,405	-0,04	
36,41	-0,04	
36,415	-0,04	
36,42	-0,04	
36,425	-0,04	
36,43	-0,04	
36,435	-0,04	
36,44	-0,04	
36,445	-0,04	
36,45	-0,04	
36,455	-0,04	
36,46	-0,04	
36,465	-0,04	
36,47	-0,04	
36,475	-0,04	
36,48	-0,04	
36,485	-0,04	
36,49	-0,04	
36,495	-0,04	
36,5	-0,04	
36,505	-0,04	
36,51	-0,04	
36,515	-0,04	
36,52	-0,04	
36,525	-0,04	
36,53	-0,05	
36,535	-0,05	
36,54	-0,05	
36,545	-0,05	
36,55	-0,05	
36,555	-0,04	
36,56	-0,05	
36,565	-0,05	
36,57	-0,05	
36,575	-0,05	
36,58	-0,05	
36,585	-0,06	
36,59	-0,06	
36,595	-0,05	
36,6	-0,05	
36,605	-0,05	
36,61	-0,05	
36,615	-0,05	
36,62	-0,05	
36,625	-0,05	
36,63	-0,05	
36,635	-0,05	
36,64	-0,05	
36,645	-0,05	
36,65	-0,05	
36,655	-0,05	
36,66	-0,05	
36,665	-0,05	
36,67	-0,05	
36,675	-0,05	
36,68	-0,05	
36,685	-0,05	
36,69	-0,05	
36,695	-0,05	
36,7	-0,05	
36,705	-0,05	
36,71	-0,05	
36,715	-0,05	
36,72	-0,05	
36,725	-0,05	
36,73	-0,05	
36,735	-0,05	
36,74	-0,04	
36,745	-0,04	
36,75	-0,05	
36,755	-0,05	
36,76	-0,04	
36,765	-0,04	
36,77	-0,04	
36,775	-0,04	
36,78	-0,04	
36,785	-0,03	
36,79	-0,03	
36,795	-0,03	
36,8	-0,03	
36,805	-0,03	
36,81	-0,03	
36,815	-0,03	
36,82	-0,03	
36,825	-0,02	
36,83	-0,02	
36,835	-0,02	
36,84	-0,02	
36,845	-0,01	
36,85	-0,02	
36,855	-0,01	
36,86	-0,01	
36,865	0	
36,87	0	
36,875	0	
36,88	0,01	
36,885	0,01	
36,89	0,01	
36,895	0,01	
36,9	0,01	
36,905	0,01	
36,91	0,02	
36,915	0,03	
36,92	0,03	
36,925	0,04	
36,93	0,04	
36,935	0,04	
36,94	0,04	
36,945	0,05	
36,95	0,05	
36,955	0,05	
36,96	0,05	
36,965	0,06	
36,97	0,06	
36,975	0,06	
36,98	0,07	
36,985	0,07	
36,99	0,07	
36,995	0,08	
37,0	0,08	
37,005	0,09	
37,01	0,09	
37,015	0,1	
37,02	0,1	
37,025	0,1	
37,03	0,1	
37,035	0,11	
37,04	0,11	
37,045	0,11	
37,05	0,12	
37,055	0,12	
37,06	0,13	
37,065	0,13	
37,07	0,13	
37,075	0,13	
37,08	0,13	
37,085	0,13	
37,09	0,14	
37,095	0,14	
37,1	0,15	
37,105	0,15	
37,11	0,16	
37,115	0,16	
37,12	0,16	
37,125	0,16	
37,13	0,17	
37,135	0,17	
37,14	0,17	
37,145	0,18	
37,15	0,18	
37,155	0,18	
37,16	0,19	
37,165	0,19	
37,17	0,18	
37,175	0,19	
37,18	0,19	
37,185	0,19	
37,19	0,19	
37,195	0,19	
37,2	0,2	
37,205	0,2	
37,21	0,2	
37,215	0,2	
37,22	0,2	
37,225	0,2	
37,23	0,2	
37,235	0,2	
37,24	0,2	
37,245	0,2	
37,25	0,2	
37,255	0,2	
37,26	0,2	
37,265	0,2	
37,27	0,2	
37,275	0,2	
37,28	0,2	
37,285	0,2	
37,29	0,2	
37,295	0,2	
37,3	0,2	
37,305	0,19	
37,31	0,19	
37,315	0,19	
37,32	0,19	
37,325	0,19	
37,33	0,19	
37,335	0,18	
37,34	0,18	
37,345	0,18	
37,35	0,18	
37,355	0,17	
37,36	0,17	
37,365	0,17	
37,37	0,16	
37,375	0,16	
37,38	0,16	
37,385	0,15	
37,39	0,15	
37,395	0,14	
37,4	0,14	
37,405	0,14	
37,41	0,13	
37,415	0,13	
37,42	0,13	
37,425	0,12	
37,43	0,12	
37,435	0,11	
37,44	0,1	
37,445	0,1	
37,45	0,09	
37,455	0,09	
37,46	0,08	
37,465	0,08	
37,47	0,07	
37,475	0,06	
37,48	0,06	
37,485	0,05	
37,49	0,05	
37,495	0,05	
37,5	0,04	
37,505	0,03	
37,51	0,03	
37,515	0,02	
37,52	0,01	
37,525	0	
37,53	-0,01	
37,535	-0,01	
37,54	-0,02	
37,545	-0,03	
37,55	-0,03	
37,555	-0,04	
37,56	-0,04	
37,565	-0,05	
37,57	-0,06	
37,575	-0,06	
37,58	-0,07	
37,585	-0,08	
37,59	-0,08	
37,595	-0,09	
37,6	-0,1	
37,605	-0,11	
37,61	-0,12	
37,615	-0,12	
37,62	-0,13	
37,625	-0,14	
37,63	-0,14	
37,635	-0,15	
37,64	-0,16	
37,645	-0,16	
37,65	-0,17	
37,655	-0,18	
37,66	-0,18	
37,665	-0,19	
37,67	-0,19	
37,675	-0,2	
37,68	-0,2	
37,685	-0,21	
37,69	-0,22	
37,695	-0,22	
37,7	-0,23	
37,705	-0,24	
37,71	-0,24	
37,715	-0,25	
37,72	-0,25	
37,725	-0,26	
37,73	-0,26	
37,735	-0,27	
37,74	-0,27	
37,745	-0,28	
37,75	-0,29	
37,755	-0,29	
37,76	-0,29	
37,765	-0,3	
37,77	-0,3	
37,775	-0,3	
37,78	-0,31	
37,785	-0,31	
37,79	-0,31	
37,795	-0,32	
37,8	-0,32	
37,805	-0,32	
37,81	-0,32	
37,815	-0,33	
37,82	-0,33	
37,825	-0,33	
37,83	-0,33	
37,835	-0,33	
37,84	-0,34	
37,845	-0,34	
37,85	-0,34	
37,855	-0,34	
37,86	-0,34	
37,865	-0,34	
37,87	-0,34	
37,875	-0,34	
37,88	-0,34	
37,885	-0,34	
37,89	-0,34	
37,895	-0,34	
37,9	-0,34	
37,905	-0,33	
37,91	-0,33	
37,915	-0,32	
37,92	-0,33	
37,925	-0,32	
37,93	-0,32	
37,935	-0,32	
37,94	-0,32	
37,945	-0,31	
37,95	-0,31	
37,955	-0,3	
37,96	-0,3	
37,965	-0,29	
37,97	-0,29	
37,975	-0,28	
37,98	-0,28	
37,985	-0,27	
37,99	-0,27	
37,995	-0,26	
38,0	-0,26	
38,005	-0,25	
38,01	-0,24	
38,015	-0,24	
38,02	-0,24	
38,025	-0,23	
38,03	-0,22	
38,035	-0,21	
38,04	-0,2	
38,045	-0,19	
38,05	-0,18	
38,055	-0,18	
38,06	-0,17	
38,065	-0,16	
38,07	-0,16	
38,075	-0,15	
38,08	-0,14	
38,085	-0,13	
38,09	-0,12	
38,095	-0,11	
38,1	-0,1	
38,105	-0,09	
38,11	-0,09	
38,115	-0,08	
38,12	-0,07	
38,125	-0,05	
38,13	-0,04	
38,135	-0,03	
38,14	-0,02	
38,145	-0,01	
38,15	-0,01	
38,155	0,01	
38,16	0,01	
38,165	0,02	
38,17	0,03	
38,175	0,04	
38,18	0,05	
38,185	0,06	
38,19	0,08	
38,195	0,09	
38,2	0,1	
38,205	0,11	
38,21	0,12	
38,215	0,13	
38,22	0,14	
38,225	0,15	
38,23	0,15	
38,235	0,16	
38,24	0,17	
38,245	0,18	
38,25	0,19	
38,255	0,21	
38,26	0,22	
38,265	0,23	
38,27	0,23	
38,275	0,24	
38,28	0,25	
38,285	0,26	
38,29	0,27	
38,295	0,28	
38,3	0,29	
38,305	0,3	
38,31	0,31	
38,315	0,31	
38,32	0,32	
38,325	0,33	
38,33	0,33	
38,335	0,34	
38,34	0,35	
38,345	0,35	
38,35	0,36	
38,355	0,37	
38,36	0,37	
38,365	0,39	
38,37	0,39	
38,375	0,39	
38,38	0,4	
38,385	0,4	
38,39	0,41	
38,395	0,41	
38,4	0,42	
38,405	0,42	
38,41	0,43	
38,415	0,43	
38,42	0,43	
38,425	0,44	
38,43	0,44	
38,435	0,44	
38,44	0,45	
38,445	0,45	
38,45	0,45	
38,455	0,45	
38,46	0,45	
38,465	0,45	
38,47	0,45	
38,475	0,45	
38,48	0,45	
38,485	0,45	
38,49	0,45	
38,495	0,45	
38,5	0,45	
38,505	0,45	
38,51	0,45	
38,515	0,45	
38,52	0,45	
38,525	0,44	
38,53	0,43	
38,535	0,43	
38,54	0,43	
38,545	0,42	
38,55	0,42	
38,555	0,42	
38,56	0,41	
38,565	0,41	
38,57	0,41	
38,575	0,4	
38,58	0,4	
38,585	0,39	
38,59	0,38	
38,595	0,38	
38,6	0,37	
38,605	0,37	
38,61	0,35	
38,615	0,34	
38,62	0,33	
38,625	0,32	
38,63	0,32	
38,635	0,31	
38,64	0,3	
38,645	0,29	
38,65	0,28	
38,655	0,27	
38,66	0,26	
38,665	0,25	
38,67	0,24	
38,675	0,23	
38,68	0,23	
38,685	0,22	
38,69	0,21	
38,695	0,2	
38,7	0,18	
38,705	0,17	
38,71	0,16	
38,715	0,14	
38,72	0,13	
38,725	0,12	
38,73	0,11	
38,735	0,1	
38,74	0,08	
38,745	0,07	
38,75	0,06	
38,755	0,05	
38,76	0,03	
38,765	0,02	
38,77	0,01	
38,775	0	
38,78	-0,02	
38,785	-0,03	
38,79	-0,04	
38,795	-0,06	
38,8	-0,07	
38,805	-0,09	
38,81	-0,1	
38,815	-0,11	
38,82	-0,12	
38,825	-0,13	
38,83	-0,14	
38,835	-0,15	
38,84	-0,17	
38,845	-0,18	
38,85	-0,2	
38,855	-0,22	
38,86	-0,23	
38,865	-0,24	
38,87	-0,25	
38,875	-0,26	
38,88	-0,27	
38,885	-0,28	
38,89	-0,29	
38,895	-0,3	
38,9	-0,31	
38,905	-0,32	
38,91	-0,33	
38,915	-0,34	
38,92	-0,35	
38,925	-0,36	
38,93	-0,38	
38,935	-0,39	
38,94	-0,4	
38,945	-0,4	
38,95	-0,41	
38,955	-0,42	
38,96	-0,43	
38,965	-0,44	
38,97	-0,45	
38,975	-0,45	
38,98	-0,46	
38,985	-0,47	
38,99	-0,47	
38,995	-0,48	
39,0	-0,48	
39,005	-0,49	
39,01	-0,49	
39,015	-0,5	
39,02	-0,51	
39,025	-0,51	
39,03	-0,52	
39,035	-0,52	
39,04	-0,52	
39,045	-0,53	
39,05	-0,53	
39,055	-0,53	
39,06	-0,53	
39,065	-0,54	
39,07	-0,54	
39,075	-0,54	
39,08	-0,54	
39,085	-0,54	
39,09	-0,54	
39,095	-0,54	
39,1	-0,54	
39,105	-0,54	
39,11	-0,54	
39,115	-0,54	
39,12	-0,54	
39,125	-0,53	
39,13	-0,53	
39,135	-0,53	
39,14	-0,52	
39,145	-0,52	
39,15	-0,52	
39,155	-0,52	
39,16	-0,51	
39,165	-0,51	
39,17	-0,5	
39,175	-0,49	
39,18	-0,48	
39,185	-0,48	
39,19	-0,47	
39,195	-0,46	
39,2	-0,46	
39,205	-0,45	
39,21	-0,44	
39,215	-0,44	
39,22	-0,43	
39,225	-0,42	
39,23	-0,41	
39,235	-0,4	
39,24	-0,39	
39,245	-0,37	
39,25	-0,36	
39,255	-0,35	
39,26	-0,34	
39,265	-0,33	
39,27	-0,32	
39,275	-0,31	
39,28	-0,3	
39,285	-0,28	
39,29	-0,27	
39,295	-0,26	
39,3	-0,25	
39,305	-0,23	
39,31	-0,22	
39,315	-0,21	
39,32	-0,2	
39,325	-0,19	
39,33	-0,18	
39,335	-0,15	
39,34	-0,14	
39,345	-0,13	
39,35	-0,11	
39,355	-0,1	
39,36	-0,09	
39,365	-0,07	
39,37	-0,06	
39,375	-0,05	
39,38	-0,03	
39,385	-0,02	
39,39	0	
39,395	0,01	
39,4	0,03	
39,405	0,04	
39,41	0,05	
39,415	0,08	
39,42	0,09	
39,425	0,11	
39,43	0,12	
39,435	0,13	
39,44	0,15	
39,445	0,16	
39,45	0,17	
39,455	0,19	
39,46	0,2	
39,465	0,21	
39,47	0,22	
39,475	0,24	
39,48	0,25	
39,485	0,27	
39,49	0,28	
39,495	0,29	
39,5	0,31	
39,505	0,32	
39,51	0,33	
39,515	0,34	
39,52	0,36	
39,525	0,37	
39,53	0,38	
39,535	0,39	
39,54	0,4	
39,545	0,41	
39,55	0,43	
39,555	0,43	
39,56	0,44	
39,565	0,45	
39,57	0,46	
39,575	0,47	
39,58	0,48	
39,585	0,49	
39,59	0,5	
39,595	0,5	
39,6	0,51	
39,605	0,52	
39,61	0,53	
39,615	0,54	
39,62	0,54	
39,625	0,55	
39,63	0,55	
39,635	0,56	
39,64	0,56	
39,645	0,57	
39,65	0,57	
39,655	0,57	
39,66	0,58	
39,665	0,59	
39,67	0,59	
39,675	0,59	
39,68	0,59	
39,685	0,59	
39,69	0,59	
39,695	0,6	
39,7	0,6	
39,705	0,6	
39,71	0,6	
39,715	0,6	
39,72	0,59	
39,725	0,59	
39,73	0,59	
39,735	0,59	
39,74	0,58	
39,745	0,58	
39,75	0,58	
39,755	0,57	
39,76	0,57	
39,765	0,56	
39,77	0,56	
39,775	0,55	
39,78	0,55	
39,785	0,55	
39,79	0,54	
39,795	0,53	
39,8	0,53	
39,805	0,52	
39,81	0,51	
39,815	0,5	
39,82	0,49	
39,825	0,47	
39,83	0,47	
39,835	0,46	
39,84	0,45	
39,845	0,44	
39,85	0,43	
39,855	0,42	
39,86	0,41	
39,865	0,4	
39,87	0,39	
39,875	0,38	
39,88	0,37	
39,885	0,36	
39,89	0,34	
39,895	0,33	
39,9	0,31	
39,905	0,3	
39,91	0,29	
39,915	0,28	
39,92	0,26	
39,925	0,25	
39,93	0,24	
39,935	0,22	
39,94	0,21	
39,945	0,2	
39,95	0,18	
39,955	0,16	
39,96	0,15	
39,965	0,13	
39,97	0,12	
39,975	0,1	
39,98	0,09	
39,985	0,07	
39,99	0,05	
39,995	0,04	
40,0	0,02	
40,005	0,01	
40,01	-0,01	
40,015	-0,03	
40,02	-0,04	
40,025	-0,05	
40,03	-0,06	
40,035	-0,08	
40,04	-0,09	
40,045	-0,11	
40,05	-0,13	
40,055	-0,15	
40,06	-0,16	
40,065	-0,18	
40,07	-0,2	
40,075	-0,21	
40,08	-0,22	
40,085	-0,23	
40,09	-0,25	
40,095	-0,26	
40,1	-0,28	
40,105	-0,29	
40,11	-0,31	
40,115	-0,32	
40,12	-0,33	
40,125	-0,34	
40,13	-0,36	
40,135	-0,37	
40,14	-0,38	
40,145	-0,39	
40,15	-0,41	
40,155	-0,42	
40,16	-0,43	
40,165	-0,44	
40,17	-0,45	
40,175	-0,46	
40,18	-0,47	
40,185	-0,48	
40,19	-0,49	
40,195	-0,5	
40,2	-0,51	
40,205	-0,52	
40,21	-0,52	
40,215	-0,53	
40,22	-0,54	
40,225	-0,55	
40,23	-0,56	
40,235	-0,56	
40,24	-0,57	
40,245	-0,58	
40,25	-0,58	
40,255	-0,58	
40,26	-0,59	
40,265	-0,59	
40,27	-0,59	
40,275	-0,6	
40,28	-0,6	
40,285	-0,6	
40,29	-0,61	
40,295	-0,61	
40,3	-0,61	
40,305	-0,61	
40,31	-0,61	
40,315	-0,61	
40,32	-0,61	
40,325	-0,61	
40,33	-0,61	
40,335	-0,61	
40,34	-0,61	
40,345	-0,6	
40,35	-0,6	
40,355	-0,6	
40,36	-0,6	
40,365	-0,59	
40,37	-0,59	
40,375	-0,59	
40,38	-0,58	
40,385	-0,57	
40,39	-0,57	
40,395	-0,56	
40,4	-0,56	
40,405	-0,55	
40,41	-0,55	
40,415	-0,54	
40,42	-0,53	
40,425	-0,52	
40,43	-0,51	
40,435	-0,5	
40,44	-0,49	
40,445	-0,48	
40,45	-0,47	
40,455	-0,46	
40,46	-0,46	
40,465	-0,45	
40,47	-0,43	
40,475	-0,42	
40,48	-0,41	
40,485	-0,4	
40,49	-0,39	
40,495	-0,38	
40,5	-0,37	
40,505	-0,35	
40,51	-0,34	
40,515	-0,32	
40,52	-0,31	
40,525	-0,3	
40,53	-0,28	
40,535	-0,27	
40,54	-0,26	
40,545	-0,25	
40,55	-0,23	
40,555	-0,21	
40,56	-0,19	
40,565	-0,18	
40,57	-0,16	
40,575	-0,15	
40,58	-0,14	
40,585	-0,13	
40,59	-0,11	
40,595	-0,1	
40,6	-0,08	
40,605	-0,07	
40,61	-0,05	
40,615	-0,03	
40,62	-0,02	
40,625	0	
40,63	0,02	
40,635	0,03	
40,64	0,05	
40,645	0,06	
40,65	0,08	
40,655	0,09	
40,66	0,11	
40,665	0,12	
40,67	0,14	
40,675	0,15	
40,68	0,16	
40,685	0,18	
40,69	0,19	
40,695	0,21	
40,7	0,22	
40,705	0,24	
40,71	0,26	
40,715	0,28	
40,72	0,29	
40,725	0,3	
40,73	0,31	
40,735	0,33	
40,74	0,34	
40,745	0,35	
40,75	0,37	
40,755	0,37	
40,76	0,38	
40,765	0,4	
40,77	0,41	
40,775	0,42	
40,78	0,43	
40,785	0,44	
40,79	0,45	
40,795	0,46	
40,8	0,47	
40,805	0,48	
40,81	0,48	
40,815	0,49	
40,82	0,5	
40,825	0,51	
40,83	0,52	
40,835	0,53	
40,84	0,53	
40,845	0,54	
40,85	0,54	
40,855	0,55	
40,86	0,55	
40,865	0,55	
40,87	0,56	
40,875	0,57	
40,88	0,57	
40,885	0,58	
40,89	0,58	
40,895	0,58	
40,9	0,58	
40,905	0,58	
40,91	0,59	
40,915	0,59	
40,92	0,59	
40,925	0,59	
40,93	0,59	
40,935	0,59	
40,94	0,59	
40,945	0,59	
40,95	0,59	
40,955	0,59	
40,96	0,59	
40,965	0,58	
40,97	0,58	
40,975	0,58	
40,98	0,57	
40,985	0,57	
40,99	0,56	
40,995	0,55	
41,0	0,55	
41,005	0,55	
41,01	0,54	
41,015	0,53	
41,02	0,53	
41,025	0,52	
41,03	0,51	
41,035	0,5	
41,04	0,5	
41,045	0,49	
41,05	0,48	
41,055	0,47	
41,06	0,46	
41,065	0,46	
41,07	0,45	
41,075	0,44	
41,08	0,43	
41,085	0,42	
41,09	0,41	
41,095	0,39	
41,1	0,38	
41,105	0,37	
41,11	0,37	
41,115	0,35	
41,12	0,34	
41,125	0,32	
41,13	0,31	
41,135	0,29	
41,14	0,28	
41,145	0,27	
41,15	0,26	
41,155	0,25	
41,16	0,24	
41,165	0,22	
41,17	0,21	
41,175	0,19	
41,18	0,18	
41,185	0,17	
41,19	0,16	
41,195	0,14	
41,2	0,12	
41,205	0,11	
41,21	0,09	
41,215	0,07	
41,22	0,06	
41,225	0,05	
41,23	0,03	
41,235	0,02	
41,24	0,01	
41,245	-0,01	
41,25	-0,02	
41,255	-0,03	
41,26	-0,05	
41,265	-0,06	
41,27	-0,08	
41,275	-0,1	
41,28	-0,11	
41,285	-0,13	
41,29	-0,14	
41,295	-0,15	
41,3	-0,16	
41,305	-0,18	
41,31	-0,19	
41,315	-0,2	
41,32	-0,21	
41,325	-0,23	
41,33	-0,25	
41,335	-0,26	
41,34	-0,27	
41,345	-0,28	
41,35	-0,29	
41,355	-0,3	
41,36	-0,32	
41,365	-0,33	
41,37	-0,34	
41,375	-0,35	
41,38	-0,36	
41,385	-0,37	
41,39	-0,38	
41,395	-0,39	
41,4	-0,4	
41,405	-0,41	
41,41	-0,42	
41,415	-0,43	
41,42	-0,44	
41,425	-0,45	
41,43	-0,45	
41,435	-0,46	
41,44	-0,47	
41,445	-0,48	
41,45	-0,48	
41,455	-0,49	
41,46	-0,5	
41,465	-0,5	
41,47	-0,5	
41,475	-0,51	
41,48	-0,51	
41,485	-0,51	
41,49	-0,51	
41,495	-0,52	
41,5	-0,52	
41,505	-0,53	
41,51	-0,53	
41,515	-0,53	
41,52	-0,54	
41,525	-0,54	
41,53	-0,54	
41,535	-0,54	
41,54	-0,54	
41,545	-0,54	
41,55	-0,54	
41,555	-0,54	
41,56	-0,54	
41,565	-0,54	
41,57	-0,54	
41,575	-0,53	
41,58	-0,53	
41,585	-0,53	
41,59	-0,53	
41,595	-0,52	
41,6	-0,52	
41,605	-0,51	
41,61	-0,5	
41,615	-0,5	
41,62	-0,49	
41,625	-0,49	
41,63	-0,48	
41,635	-0,48	
41,64	-0,47	
41,645	-0,46	
41,65	-0,46	
41,655	-0,45	
41,66	-0,44	
41,665	-0,44	
41,67	-0,43	
41,675	-0,42	
41,68	-0,41	
41,685	-0,4	
41,69	-0,39	
41,695	-0,38	
41,7	-0,38	
41,705	-0,36	
41,71	-0,35	
41,715	-0,34	
41,72	-0,33	
41,725	-0,32	
41,73	-0,31	
41,735	-0,3	
41,74	-0,29	
41,745	-0,28	
41,75	-0,27	
41,755	-0,26	
41,76	-0,24	
41,765	-0,23	
41,77	-0,22	
41,775	-0,21	
41,78	-0,2	
41,785	-0,18	
41,79	-0,17	
41,795	-0,16	
41,8	-0,14	
41,805	-0,13	
41,81	-0,12	
41,815	-0,11	
41,82	-0,1	
41,825	-0,09	
41,83	-0,08	
41,835	-0,07	
41,84	-0,05	
41,845	-0,03	
41,85	-0,02	
41,855	-0,01	
41,86	0	
41,865	0,01	
41,87	0,02	
41,875	0,03	
41,88	0,05	
41,885	0,06	
41,89	0,07	
41,895	0,09	
41,9	0,1	
41,905	0,11	
41,91	0,12	
41,915	0,14	
41,92	0,14	
41,925	0,16	
41,93	0,18	
41,935	0,19	
41,94	0,2	
41,945	0,21	
41,95	0,21	
41,955	0,22	
41,96	0,23	
41,965	0,24	
41,97	0,25	
41,975	0,26	
41,98	0,27	
41,985	0,28	
41,99	0,29	
41,995	0,3	
42,0	0,31	
42,005	0,32	
42,01	0,32	
42,015	0,33	
42,02	0,34	
42,025	0,35	
42,03	0,36	
42,035	0,37	
42,04	0,37	
42,045	0,38	
42,05	0,38	
42,055	0,39	
42,06	0,39	
42,065	0,4	
42,07	0,41	
42,075	0,42	
42,08	0,42	
42,085	0,42	
42,09	0,43	
42,095	0,43	
42,1	0,43	
42,105	0,44	
42,11	0,44	
42,115	0,45	
42,12	0,45	
42,125	0,45	
42,13	0,45	
42,135	0,44	
42,14	0,44	
42,145	0,45	
42,15	0,45	
42,155	0,45	
42,16	0,45	
42,165	0,45	
42,17	0,45	
42,175	0,45	
42,18	0,45	
42,185	0,44	
42,19	0,44	
42,195	0,44	
42,2	0,43	
42,205	0,43	
42,21	0,43	
42,215	0,43	
42,22	0,43	
42,225	0,42	
42,23	0,42	
42,235	0,41	
42,24	0,41	
42,245	0,4	
42,25	0,4	
42,255	0,39	
42,26	0,39	
42,265	0,38	
42,27	0,37	
42,275	0,36	
42,28	0,36	
42,285	0,35	
42,29	0,35	
42,295	0,34	
42,3	0,34	
42,305	0,33	
42,31	0,32	
42,315	0,31	
42,32	0,31	
42,325	0,3	
42,33	0,29	
42,335	0,28	
42,34	0,27	
42,345	0,26	
42,35	0,25	
42,355	0,24	
42,36	0,23	
42,365	0,22	
42,37	0,21	
42,375	0,21	
42,38	0,2	
42,385	0,19	
42,39	0,18	
42,395	0,17	
42,4	0,17	
42,405	0,16	
42,41	0,14	
42,415	0,14	
42,42	0,12	
42,425	0,12	
42,43	0,1	
42,435	0,1	
42,44	0,08	
42,445	0,07	
42,45	0,06	
42,455	0,05	
42,46	0,04	
42,465	0,03	
42,47	0,02	
42,475	0,01	
42,48	0	
42,485	-0,01	
42,49	-0,02	
42,495	-0,03	
42,5	-0,04	
42,505	-0,05	
42,51	-0,06	
42,515	-0,07	
42,52	-0,08	
42,525	-0,08	
42,53	-0,1	
42,535	-0,11	
42,54	-0,12	
42,545	-0,13	
42,55	-0,14	
42,555	-0,14	
42,56	-0,15	
42,565	-0,16	
42,57	-0,17	
42,575	-0,18	
42,58	-0,19	
42,585	-0,2	
42,59	-0,2	
42,595	-0,21	
42,6	-0,21	
42,605	-0,22	
42,61	-0,23	
42,615	-0,23	
42,62	-0,24	
42,625	-0,25	
42,63	-0,26	
42,635	-0,26	
42,64	-0,27	
42,645	-0,27	
42,65	-0,27	
42,655	-0,28	
42,66	-0,28	
42,665	-0,29	
42,67	-0,29	
42,675	-0,3	
42,68	-0,3	
42,685	-0,3	
42,69	-0,31	
42,695	-0,31	
42,7	-0,31	
42,705	-0,32	
42,71	-0,32	
42,715	-0,32	
42,72	-0,33	
42,725	-0,33	
42,73	-0,33	
42,735	-0,33	
42,74	-0,33	
42,745	-0,33	
42,75	-0,33	
42,755	-0,33	
42,76	-0,34	
42,765	-0,34	
42,77	-0,34	
42,775	-0,34	
42,78	-0,34	
42,785	-0,33	
42,79	-0,33	
42,795	-0,33	
42,8	-0,33	
42,805	-0,33	
42,81	-0,33	
42,815	-0,32	
42,82	-0,32	
42,825	-0,32	
42,83	-0,32	
42,835	-0,31	
42,84	-0,31	
42,845	-0,31	
42,85	-0,31	
42,855	-0,3	
42,86	-0,3	
42,865	-0,3	
42,87	-0,29	
42,875	-0,28	
42,88	-0,28	
42,885	-0,28	
42,89	-0,27	
42,895	-0,27	
42,9	-0,26	
42,905	-0,26	
42,91	-0,25	
42,915	-0,25	
42,92	-0,24	
42,925	-0,24	
42,93	-0,23	
42,935	-0,23	
42,94	-0,22	
42,945	-0,22	
42,95	-0,21	
42,955	-0,2	
42,96	-0,19	
42,965	-0,19	
42,97	-0,18	
42,975	-0,17	
42,98	-0,17	
42,985	-0,16	
42,99	-0,16	
42,995	-0,15	
43,0	-0,15	
43,005	-0,14	
43,01	-0,13	
43,015	-0,12	
43,02	-0,12	
43,025	-0,11	
43,03	-0,1	
43,035	-0,1	
43,04	-0,09	
43,045	-0,08	
43,05	-0,08	
43,055	-0,06	
43,06	-0,06	
43,065	-0,05	
43,07	-0,04	
43,075	-0,04	
43,08	-0,03	
43,085	-0,03	
43,09	-0,02	
43,095	-0,01	
43,1	-0,01	
43,105	0	
43,11	0,01	
43,115	0,01	
43,12	0,02	
43,125	0,02	
43,13	0,03	
43,135	0,04	
43,14	0,04	
43,145	0,05	
43,15	0,06	
43,155	0,06	
43,16	0,07	
43,165	0,07	
43,17	0,08	
43,175	0,09	
43,18	0,09	
43,185	0,1	
43,19	0,1	
43,195	0,11	
43,2	0,12	
43,205	0,12	
43,21	0,12	
43,215	0,12	
43,22	0,13	
43,225	0,13	
43,23	0,14	
43,235	0,15	
43,24	0,15	
43,245	0,15	
43,25	0,16	
43,255	0,16	
43,26	0,16	
43,265	0,17	
43,27	0,17	
43,275	0,17	
43,28	0,17	
43,285	0,18	
43,29	0,18	
43,295	0,18	
43,3	0,18	
43,305	0,18	
43,31	0,18	
43,315	0,18	
43,32	0,19	
43,325	0,19	
43,33	0,19	
43,335	0,2	
43,34	0,2	
43,345	0,19	
43,35	0,19	
43,355	0,19	
43,36	0,19	
43,365	0,19	
43,37	0,2	
43,375	0,2	
43,38	0,2	
43,385	0,2	
43,39	0,2	
43,395	0,2	
43,4	0,2	
43,405	0,19	
43,41	0,19	
43,415	0,2	
43,42	0,2	
43,425	0,19	
43,43	0,19	
43,435	0,19	
43,44	0,19	
43,445	0,19	
43,45	0,19	
43,455	0,18	
43,46	0,18	
43,465	0,18	
43,47	0,18	
43,475	0,18	
43,48	0,17	
43,485	0,17	
43,49	0,16	
43,495	0,16	
43,5	0,16	
43,505	0,16	
43,51	0,16	
43,515	0,16	
43,52	0,16	
43,525	0,15	
43,53	0,15	
43,535	0,14	
43,54	0,14	
43,545	0,14	
43,55	0,14	
43,555	0,14	
43,56	0,13	
43,565	0,13	
43,57	0,12	
43,575	0,12	
43,58	0,11	
43,585	0,11	
43,59	0,11	
43,595	0,1	
43,6	0,1	
43,605	0,1	
43,61	0,1	
43,615	0,09	
43,62	0,09	
43,625	0,08	
43,63	0,08	
43,635	0,07	
43,64	0,07	
43,645	0,07	
43,65	0,07	
43,655	0,07	
43,66	0,07	
43,665	0,06	
43,67	0,05	
43,675	0,05	
43,68	0,05	
43,685	0,04	
43,69	0,04	
43,695	0,04	
43,7	0,04	
43,705	0,03	
43,71	0,03	
43,715	0,02	
43,72	0,02	
43,725	0,02	
43,73	0,02	
43,735	0,02	
43,74	0,01	
43,745	0,01	
43,75	0,01	
43,755	0	
43,76	0	
43,765	0	
43,77	-0,01	
43,775	0	
43,78	-0,01	
43,785	-0,01	
43,79	-0,01	
43,795	-0,02	
43,8	-0,02	
43,805	-0,03	
43,81	-0,03	
43,815	-0,03	
43,82	-0,03	
43,825	-0,03	
43,83	-0,03	
43,835	-0,03	
43,84	-0,03	
43,845	-0,04	
43,85	-0,04	
43,855	-0,04	
43,86	-0,04	
43,865	-0,04	
43,87	-0,04	
43,875	-0,04	
43,88	-0,04	
43,885	-0,04	
43,89	-0,04	
43,895	-0,05	
43,9	-0,05	
43,905	-0,05	
43,91	-0,05	
43,915	-0,05	
43,92	-0,05	
43,925	-0,04	
43,93	-0,05	
43,935	-0,05	
43,94	-0,05	
43,945	-0,06	
43,95	-0,05	
43,955	-0,05	
43,96	-0,05	
43,965	-0,05	
43,97	-0,05	
43,975	-0,05	
43,98	-0,05	
43,985	-0,05	
43,99	-0,06	
43,995	-0,06	
44,0	-0,05	
44,005	-0,05	
44,01	-0,05	
44,015	-0,05	
44,02	-0,05	
44,025	-0,06	
44,03	-0,05	
44,035	-0,05	
44,04	-0,05	
44,045	-0,05	
44,05	-0,05	
44,055	-0,04	
44,06	-0,04	
44,065	-0,04	
44,07	-0,04	
44,075	-0,05	
44,08	-0,05	
44,085	-0,05	
44,09	-0,05	
44,095	-0,05	
44,1	-0,04	
44,105	-0,04	
44,11	-0,04	
44,115	-0,04	
44,12	-0,05	
44,125	-0,05	
44,13	-0,04	
44,135	-0,04	
44,14	-0,04	
44,145	-0,04	
44,15	-0,04	
44,155	-0,04	
44,16	-0,04	
44,165	-0,04	
44,17	-0,04	
44,175	-0,04	
44,18	-0,04	
44,185	-0,04	
44,19	-0,04	
44,195	-0,04	
44,2	-0,04	
44,205	-0,04	
44,21	-0,04	
44,215	-0,04	
44,22	-0,04	
44,225	-0,04	
44,23	-0,04	
44,235	-0,03	
44,24	-0,03	
44,245	-0,03	
44,25	-0,03	
44,255	-0,04	
44,26	-0,04	
44,265	-0,04	
44,27	-0,04	
44,275	-0,04	
44,28	-0,04	
44,285	-0,04	
44,29	-0,03	
44,295	-0,04	
44,3	-0,04	
44,305	-0,05	
44,31	-0,05	
44,315	-0,05	
44,32	-0,05	
44,325	-0,04	
44,33	-0,04	
44,335	-0,04	
44,34	-0,05	
44,345	-0,05	
44,35	-0,05	
44,355	-0,06	
44,36	-0,05	
44,365	-0,06	
44,37	-0,06	
44,375	-0,05	
44,38	-0,06	
44,385	-0,06	
44,39	-0,06	
44,395	-0,06	
44,4	-0,07	
44,405	-0,07	
44,41	-0,07	
44,415	-0,06	
44,42	-0,06	
44,425	-0,06	
44,43	-0,07	
44,435	-0,07	
44,44	-0,07	
44,445	-0,07	
44,45	-0,08	
44,455	-0,08	
44,46	-0,07	
44,465	-0,07	
44,47	-0,07	
44,475	-0,08	
44,48	-0,08	
44,485	-0,08	
44,49	-0,08	
44,495	-0,08	
44,5	-0,08	
44,505	-0,08	
44,51	-0,08	
44,515	-0,09	
44,52	-0,09	
44,525	-0,09	
44,53	-0,09	
44,535	-0,09	
44,54	-0,09	
44,545	-0,09	
44,55	-0,09	
44,555	-0,09	
44,56	-0,09	
44,565	-0,09	
44,57	-0,09	
44,575	-0,09	
44,58	-0,1	
44,585	-0,1	
44,59	-0,1	
44,595	-0,09	
44,6	-0,09	
44,605	-0,09	
44,61	-0,09	
44,615	-0,1	
44,62	-0,1	
44,625	-0,1	
44,63	-0,1	
44,635	-0,1	
44,64	-0,09	
44,645	-0,09	
44,65	-0,09	
44,655	-0,09	
44,66	-0,09	
44,665	-0,1	
44,67	-0,1	
44,675	-0,09	
44,68	-0,09	
44,685	-0,09	
44,69	-0,09	
44,695	-0,08	
44,7	-0,08	
44,705	-0,08	
44,71	-0,08	
44,715	-0,08	
44,72	-0,08	
44,725	-0,08	
44,73	-0,08	
44,735	-0,08	
44,74	-0,07	
44,745	-0,07	
44,75	-0,07	
44,755	-0,07	
44,76	-0,07	
44,765	-0,07	
44,77	-0,06	
44,775	-0,06	
44,78	-0,05	
44,785	-0,05	
44,79	-0,04	
44,795	-0,05	
44,8	-0,04	
44,805	-0,04	
44,81	-0,04	
44,815	-0,04	
44,82	-0,03	
44,825	-0,03	
44,83	-0,02	
44,835	-0,02	
44,84	-0,02	
44,845	-0,02	
44,85	-0,01	
44,855	-0,01	
44,86	0	
44,865	0	
44,87	0,01	
44,875	0,01	
44,88	0,02	
44,885	0,02	
44,89	0,02	
44,895	0,02	
44,9	0,03	
44,905	0,03	
44,91	0,04	
44,915	0,04	
44,92	0,05	
44,925	0,05	
44,93	0,05	
44,935	0,06	
44,94	0,06	
44,945	0,06	
44,95	0,07	
44,955	0,07	
44,96	0,08	
44,965	0,09	
44,97	0,09	
44,975	0,09	
44,98	0,1	
44,985	0,1	
44,99	0,1	
44,995	0,11	
45,0	0,11	
45,005	0,12	
45,01	0,12	
45,015	0,13	
45,02	0,13	
45,025	0,14	
45,03	0,14	
45,035	0,15	
45,04	0,15	
45,045	0,16	
45,05	0,16	
45,055	0,16	
45,06	0,17	
45,065	0,17	
45,07	0,17	
45,075	0,17	
45,08	0,18	
45,085	0,18	
45,09	0,19	
45,095	0,19	
45,1	0,2	
45,105	0,2	
45,11	0,21	
45,115	0,21	
45,12	0,21	
45,125	0,21	
45,13	0,21	
45,135	0,21	
45,14	0,22	
45,145	0,22	
45,15	0,22	
45,155	0,23	
45,16	0,23	
45,165	0,23	
45,17	0,23	
45,175	0,23	
45,18	0,23	
45,185	0,23	
45,19	0,24	
45,195	0,24	
45,2	0,24	
45,205	0,24	
45,21	0,24	
45,215	0,24	
45,22	0,24	
45,225	0,24	
45,23	0,24	
45,235	0,24	
45,24	0,24	
45,245	0,24	
45,25	0,24	
45,255	0,24	
45,26	0,23	
45,265	0,23	
45,27	0,23	
45,275	0,23	
45,28	0,23	
45,285	0,23	
45,29	0,23	
45,295	0,22	
45,3	0,22	
45,305	0,21	
45,31	0,21	
45,315	0,21	
45,32	0,21	
45,325	0,21	
45,33	0,2	
45,335	0,2	
45,34	0,2	
45,345	0,19	
45,35	0,19	
45,355	0,18	
45,36	0,18	
45,365	0,18	
45,37	0,17	
45,375	0,17	
45,38	0,16	
45,385	0,16	
45,39	0,15	
45,395	0,15	
45,4	0,14	
45,405	0,13	
45,41	0,13	
45,415	0,12	
45,42	0,12	
45,425	0,11	
45,43	0,11	
45,435	0,1	
45,44	0,09	
45,445	0,08	
45,45	0,08	
45,455	0,07	
45,46	0,06	
45,465	0,06	
45,47	0,06	
45,475	0,05	
45,48	0,03	
45,485	0,02	
45,49	0,01	
45,495	0,01	
45,5	0	
45,505	-0,01	
45,51	-0,01	
45,515	-0,02	
45,52	-0,03	
45,525	-0,04	
45,53	-0,04	
45,535	-0,05	
45,54	-0,06	
45,545	-0,06	
45,55	-0,07	
45,555	-0,07	
45,56	-0,08	
45,565	-0,09	
45,57	-0,1	
45,575	-0,11	
45,58	-0,12	
45,585	-0,13	
45,59	-0,13	
45,595	-0,14	
45,6	-0,15	
45,605	-0,15	
45,61	-0,16	
45,615	-0,17	
45,62	-0,18	
45,625	-0,19	
45,63	-0,2	
45,635	-0,2	
45,64	-0,21	
45,645	-0,22	
45,65	-0,23	
45,655	-0,24	
45,66	-0,24	
45,665	-0,25	
45,67	-0,25	
45,675	-0,26	
45,68	-0,26	
45,685	-0,26	
45,69	-0,27	
45,695	-0,27	
45,7	-0,28	
45,705	-0,29	
45,71	-0,3	
45,715	-0,3	
45,72	-0,31	
45,725	-0,32	
45,73	-0,32	
45,735	-0,32	
45,74	-0,33	
45,745	-0,33	
45,75	-0,33	
45,755	-0,34	
45,76	-0,34	
45,765	-0,35	
45,77	-0,35	
45,775	-0,35	
45,78	-0,35	
45,785	-0,35	
45,79	-0,35	
45,795	-0,35	
45,8	-0,35	
45,805	-0,36	
45,81	-0,36	
45,815	-0,36	
45,82	-0,36	
45,825	-0,36	
45,83	-0,36	
45,835	-0,36	
45,84	-0,37	
45,845	-0,37	
45,85	-0,37	
45,855	-0,37	
45,86	-0,36	
45,865	-0,36	
45,87	-0,36	
45,875	-0,36	
45,88	-0,36	
45,885	-0,36	
45,89	-0,35	
45,895	-0,35	
45,9	-0,35	
45,905	-0,34	
45,91	-0,34	
45,915	-0,33	
45,92	-0,33	
45,925	-0,32	
45,93	-0,32	
45,935	-0,31	
45,94	-0,31	
45,945	-0,31	
45,95	-0,3	
45,955	-0,29	
45,96	-0,29	
45,965	-0,28	
45,97	-0,27	
45,975	-0,27	
45,98	-0,26	
45,985	-0,25	
45,99	-0,25	
45,995	-0,24	
46,0	-0,23	
46,005	-0,23	
46,01	-0,22	
46,015	-0,21	
46,02	-0,2	
46,025	-0,2	
46,03	-0,19	
46,035	-0,18	
46,04	-0,17	
46,045	-0,17	
46,05	-0,15	
46,055	-0,13	
46,06	-0,13	
46,065	-0,12	
46,07	-0,11	
46,075	-0,1	
46,08	-0,09	
46,085	-0,08	
46,09	-0,08	
46,095	-0,06	
46,1	-0,05	
46,105	-0,04	
46,11	-0,03	
46,115	-0,02	
46,12	-0,01	
46,125	0	
46,13	0,01	
46,135	0,02	
46,14	0,03	
46,145	0,04	
46,15	0,05	
46,155	0,07	
46,16	0,07	
46,165	0,08	
46,17	0,09	
46,175	0,1	
46,18	0,12	
46,185	0,13	
46,19	0,13	
46,195	0,14	
46,2	0,15	
46,205	0,17	
46,21	0,18	
46,215	0,19	
46,22	0,21	
46,225	0,21	
46,23	0,22	
46,235	0,23	
46,24	0,24	
46,245	0,25	
46,25	0,26	
46,255	0,27	
46,26	0,27	
46,265	0,29	
46,27	0,29	
46,275	0,3	
46,28	0,31	
46,285	0,32	
46,29	0,33	
46,295	0,34	
46,3	0,35	
46,305	0,36	
46,31	0,36	
46,315	0,37	
46,32	0,38	
46,325	0,38	
46,33	0,39	
46,335	0,39	
46,34	0,4	
46,345	0,41	
46,35	0,41	
46,355	0,42	
46,36	0,42	
46,365	0,43	
46,37	0,43	
46,375	0,44	
46,38	0,44	
46,385	0,45	
46,39	0,45	
46,395	0,46	
46,4	0,46	
46,405	0,46	
46,41	0,46	
46,415	0,46	
46,42	0,46	
46,425	0,47	
46,43	0,47	
46,435	0,47	
46,44	0,47	
46,445	0,47	
46,45	0,47	
46,455	0,47	
46,46	0,47	
46,465	0,47	
46,47	0,47	
46,475	0,47	
46,48	0,46	
46,485	0,46	
46,49	0,46	
46,495	0,45	
46,5	0,45	
46,505	0,44	
46,51	0,44	
46,515	0,44	
46,52	0,44	
46,525	0,44	
46,53	0,43	
46,535	0,43	
46,54	0,42	
46,545	0,41	
46,55	0,41	
46,555	0,4	
46,56	0,39	
46,565	0,39	
46,57	0,38	
46,575	0,37	
46,58	0,36	
46,585	0,36	
46,59	0,35	
46,595	0,34	
46,6	0,33	
46,605	0,32	
46,61	0,31	
46,615	0,3	
46,62	0,29	
46,625	0,28	
46,63	0,27	
46,635	0,26	
46,64	0,25	
46,645	0,24	
46,65	0,23	
46,655	0,22	
46,66	0,21	
46,665	0,2	
46,67	0,19	
46,675	0,18	
46,68	0,17	
46,685	0,16	
46,69	0,14	
46,695	0,13	
46,7	0,11	
46,705	0,1	
46,71	0,09	
46,715	0,07	
46,72	0,06	
46,725	0,05	
46,73	0,04	
46,735	0,02	
46,74	0,01	
46,745	0	
46,75	-0,01	
46,755	-0,02	
46,76	-0,04	
46,765	-0,05	
46,77	-0,07	
46,775	-0,09	
46,78	-0,1	
46,785	-0,11	
46,79	-0,12	
46,795	-0,13	
46,8	-0,15	
46,805	-0,16	
46,81	-0,17	
46,815	-0,18	
46,82	-0,2	
46,825	-0,21	
46,83	-0,21	
46,835	-0,23	
46,84	-0,24	
46,845	-0,25	
46,85	-0,26	
46,855	-0,28	
46,86	-0,29	
46,865	-0,31	
46,87	-0,32	
46,875	-0,33	
46,88	-0,34	
46,885	-0,35	
46,89	-0,36	
46,895	-0,37	
46,9	-0,38	
46,905	-0,39	
46,91	-0,39	
46,915	-0,4	
46,92	-0,41	
46,925	-0,42	
46,93	-0,42	
46,935	-0,44	
46,94	-0,45	
46,945	-0,45	
46,95	-0,46	
46,955	-0,47	
46,96	-0,48	
46,965	-0,48	
46,97	-0,49	
46,975	-0,49	
46,98	-0,5	
46,985	-0,5	
46,99	-0,51	
46,995	-0,51	
47,0	-0,52	
47,005	-0,52	
47,01	-0,52	
47,015	-0,53	
47,02	-0,53	
47,025	-0,53	
47,03	-0,54	
47,035	-0,54	
47,04	-0,54	
47,045	-0,54	
47,05	-0,54	
47,055	-0,54	
47,06	-0,54	
47,065	-0,54	
47,07	-0,54	
47,075	-0,54	
47,08	-0,54	
47,085	-0,54	
47,09	-0,54	
47,095	-0,53	
47,1	-0,53	
47,105	-0,52	
47,11	-0,52	
47,115	-0,52	
47,12	-0,52	
47,125	-0,51	
47,13	-0,51	
47,135	-0,51	
47,14	-0,5	
47,145	-0,49	
47,15	-0,48	
47,155	-0,48	
47,16	-0,47	
47,165	-0,46	
47,17	-0,46	
47,175	-0,45	
47,18	-0,44	
47,185	-0,44	
47,19	-0,43	
47,195	-0,42	
47,2	-0,41	
47,205	-0,4	
47,21	-0,39	
47,215	-0,38	
47,22	-0,37	
47,225	-0,36	
47,23	-0,35	
47,235	-0,33	
47,24	-0,32	
47,245	-0,31	
47,25	-0,3	
47,255	-0,29	
47,26	-0,27	
47,265	-0,26	
47,27	-0,25	
47,275	-0,23	
47,28	-0,22	
47,285	-0,21	
47,29	-0,2	
47,295	-0,19	
47,3	-0,17	
47,305	-0,16	
47,31	-0,15	
47,315	-0,14	
47,32	-0,12	
47,325	-0,11	
47,33	-0,1	
47,335	-0,08	
47,34	-0,06	
47,345	-0,05	
47,35	-0,03	
47,355	-0,02	
47,36	0	
47,365	0,01	
47,37	0,03	
47,375	0,04	
47,38	0,05	
47,385	0,06	
47,39	0,08	
47,395	0,09	
47,4	0,1	
47,405	0,12	
47,41	0,14	
47,415	0,15	
47,42	0,17	
47,425	0,19	
47,43	0,2	
47,435	0,21	
47,44	0,23	
47,445	0,24	
47,45	0,25	
47,455	0,27	
47,46	0,28	
47,465	0,29	
47,47	0,3	
47,475	0,31	
47,48	0,32	
47,485	0,33	
47,49	0,35	
47,495	0,36	
47,5	0,37	
47,505	0,38	
47,51	0,39	
47,515	0,4	
47,52	0,41	
47,525	0,42	
47,53	0,44	
47,535	0,44	
47,54	0,45	
47,545	0,47	
47,55	0,48	
47,555	0,48	
47,56	0,49	
47,565	0,5	
47,57	0,5	
47,575	0,51	
47,58	0,52	
47,585	0,53	
47,59	0,54	
47,595	0,55	
47,6	0,55	
47,605	0,55	
47,61	0,55	
47,615	0,55	
47,62	0,56	
47,625	0,57	
47,63	0,58	
47,635	0,58	
47,64	0,59	
47,645	0,59	
47,65	0,59	
47,655	0,58	
47,66	0,58	
47,665	0,58	
47,67	0,58	
47,675	0,59	
47,68	0,59	
47,685	0,59	
47,69	0,58	
47,695	0,58	
47,7	0,58	
47,705	0,57	
47,71	0,57	
47,715	0,57	
47,72	0,56	
47,725	0,56	
47,73	0,55	
47,735	0,55	
47,74	0,55	
47,745	0,54	
47,75	0,54	
47,755	0,53	
47,76	0,53	
47,765	0,52	
47,77	0,51	
47,775	0,5	
47,78	0,5	
47,785	0,49	
47,79	0,48	
47,795	0,48	
47,8	0,47	
47,805	0,46	
47,81	0,45	
47,815	0,44	
47,82	0,43	
47,825	0,41	
47,83	0,4	
47,835	0,39	
47,84	0,38	
47,845	0,37	
47,85	0,36	
47,855	0,35	
47,86	0,34	
47,865	0,32	
47,87	0,32	
47,875	0,3	
47,88	0,29	
47,885	0,28	
47,89	0,26	
47,895	0,25	
47,9	0,24	
47,905	0,22	
47,91	0,2	
47,915	0,19	
47,92	0,17	
47,925	0,16	
47,93	0,14	
47,935	0,13	
47,94	0,11	
47,945	0,1	
47,95	0,08	
47,955	0,07	
47,96	0,06	
47,965	0,04	
47,97	0,03	
47,975	0,02	
47,98	0	
47,985	-0,02	
47,99	-0,04	
47,995	-0,05	
48,0	-0,07	
48,005	-0,08	
48,01	-0,1	
48,015	-0,11	
48,02	-0,13	
48,025	-0,14	
48,03	-0,16	
48,035	-0,17	
48,04	-0,18	
48,045	-0,19	
48,05	-0,21	
48,055	-0,22	
48,06	-0,23	
48,065	-0,25	
48,07	-0,27	
48,075	-0,28	
48,08	-0,3	
48,085	-0,31	
48,09	-0,32	
48,095	-0,33	
48,1	-0,34	
48,105	-0,35	
48,11	-0,36	
48,115	-0,38	
48,12	-0,39	
48,125	-0,4	
48,13	-0,41	
48,135	-0,42	
48,14	-0,43	
48,145	-0,44	
48,15	-0,45	
48,155	-0,47	
48,16	-0,47	
48,165	-0,48	
48,17	-0,49	
48,175	-0,5	
48,18	-0,5	
48,185	-0,51	
48,19	-0,52	
48,195	-0,53	
48,2	-0,54	
48,205	-0,54	
48,21	-0,55	
48,215	-0,55	
48,22	-0,56	
48,225	-0,56	
48,23	-0,56	
48,235	-0,57	
48,24	-0,57	
48,245	-0,58	
48,25	-0,58	
48,255	-0,59	
48,26	-0,59	
48,265	-0,59	
48,27	-0,58	
48,275	-0,59	
48,28	-0,59	
48,285	-0,59	
48,29	-0,59	
48,295	-0,59	
48,3	-0,59	
48,305	-0,59	
48,31	-0,59	
48,315	-0,58	
48,32	-0,58	
48,325	-0,58	
48,33	-0,57	
48,335	-0,57	
48,34	-0,57	
48,345	-0,56	
48,35	-0,56	
48,355	-0,55	
48,36	-0,55	
48,365	-0,54	
48,37	-0,54	
48,375	-0,53	
48,38	-0,52	
48,385	-0,52	
48,39	-0,51	
48,395	-0,5	
48,4	-0,49	
48,405	-0,49	
48,41	-0,48	
48,415	-0,47	
48,42	-0,46	
48,425	-0,45	
48,43	-0,44	
48,435	-0,43	
48,44	-0,42	
48,445	-0,41	
48,45	-0,39	
48,455	-0,38	
48,46	-0,37	
48,465	-0,36	
48,47	-0,35	
48,475	-0,33	
48,48	-0,32	
48,485	-0,31	
48,49	-0,3	
48,495	-0,28	
48,5	-0,27	
48,505	-0,26	
48,51	-0,24	
48,515	-0,23	
48,52	-0,22	
48,525	-0,2	
48,53	-0,19	
48,535	-0,18	
48,54	-0,16	
48,545	-0,15	
48,55	-0,14	
48,555	-0,12	
48,56	-0,1	
48,565	-0,09	
48,57	-0,07	
48,575	-0,06	
48,58	-0,04	
48,585	-0,03	
48,59	-0,01	
48,595	0	
48,6	0,01	
48,605	0,03	
48,61	0,04	
48,615	0,05	
48,62	0,07	
48,625	0,09	
48,63	0,1	
48,635	0,12	
48,64	0,14	
48,645	0,15	
48,65	0,16	
48,655	0,17	
48,66	0,18	
48,665	0,2	
48,67	0,21	
48,675	0,23	
48,68	0,24	
48,685	0,25	
48,69	0,26	
48,695	0,28	
48,7	0,29	
48,705	0,3	
48,71	0,31	
48,715	0,33	
48,72	0,34	
48,725	0,35	
48,73	0,37	
48,735	0,38	
48,74	0,39	
48,745	0,4	
48,75	0,41	
48,755	0,41	
48,76	0,42	
48,765	0,43	
48,77	0,44	
48,775	0,45	
48,78	0,46	
48,785	0,46	
48,79	0,47	
48,795	0,48	
48,8	0,49	
48,805	0,5	
48,81	0,51	
48,815	0,51	
48,82	0,52	
48,825	0,52	
48,83	0,53	
48,835	0,53	
48,84	0,54	
48,845	0,54	
48,85	0,54	
48,855	0,55	
48,86	0,55	
48,865	0,55	
48,87	0,55	
48,875	0,55	
48,88	0,56	
48,885	0,56	
48,89	0,56	
48,895	0,56	
48,9	0,56	
48,905	0,56	
48,91	0,56	
48,915	0,56	
48,92	0,56	
48,925	0,56	
48,93	0,55	
48,935	0,55	
48,94	0,55	
48,945	0,54	
48,95	0,54	
48,955	0,54	
48,96	0,53	
48,965	0,53	
48,97	0,52	
48,975	0,52	
48,98	0,51	
48,985	0,5	
48,99	0,5	
48,995	0,49	
49,0	0,49	
49,005	0,48	
49,01	0,47	
49,015	0,46	
49,02	0,45	
49,025	0,44	
49,03	0,44	
49,035	0,43	
49,04	0,41	
49,045	0,41	
49,05	0,4	
49,055	0,39	
49,06	0,38	
49,065	0,37	
49,07	0,36	
49,075	0,35	
49,08	0,34	
49,085	0,33	
49,09	0,32	
49,095	0,3	
49,1	0,29	
49,105	0,28	
49,11	0,27	
49,115	0,26	
49,12	0,24	
49,125	0,23	
49,13	0,22	
49,135	0,2	
49,14	0,19	
49,145	0,17	
49,15	0,16	
49,155	0,15	
49,16	0,14	
49,165	0,13	
49,17	0,12	
49,175	0,1	
49,18	0,09	
49,185	0,07	
49,19	0,06	
49,195	0,04	
49,2	0,02	
49,205	0,01	
49,21	0	
49,215	-0,01	
49,22	-0,02	
49,225	-0,04	
49,23	-0,05	
49,235	-0,06	
49,24	-0,07	
49,245	-0,09	
49,25	-0,1	
49,255	-0,11	
49,26	-0,13	
49,265	-0,14	
49,27	-0,15	
49,275	-0,16	
49,28	-0,18	
49,285	-0,19	
49,29	-0,2	
49,295	-0,22	
49,3	-0,23	
49,305	-0,24	
49,31	-0,25	
49,315	-0,26	
49,32	-0,27	
49,325	-0,28	
49,33	-0,29	
49,335	-0,3	
49,34	-0,31	
49,345	-0,32	
49,35	-0,33	
49,355	-0,34	
49,36	-0,35	
49,365	-0,36	
49,37	-0,37	
49,375	-0,38	
49,38	-0,38	
49,385	-0,39	
49,39	-0,4	
49,395	-0,4	
49,4	-0,41	
49,405	-0,42	
49,41	-0,43	
49,415	-0,44	
49,42	-0,44	
49,425	-0,45	
49,43	-0,45	
49,435	-0,45	
49,44	-0,46	
49,445	-0,47	
49,45	-0,47	
49,455	-0,48	
49,46	-0,48	
49,465	-0,48	
49,47	-0,48	
49,475	-0,49	
49,48	-0,49	
49,485	-0,49	
49,49	-0,49	
49,495	-0,49	
49,5	-0,5	
49,505	-0,5	
49,51	-0,5	
49,515	-0,5	
49,52	-0,5	
49,525	-0,5	
49,53	-0,49	
49,535	-0,49	
49,54	-0,49	
49,545	-0,49	
49,55	-0,49	
49,555	-0,48	
49,56	-0,48	
49,565	-0,47	
49,57	-0,47	
49,575	-0,47	
49,58	-0,46	
49,585	-0,46	
49,59	-0,46	
49,595	-0,45	
49,6	-0,45	
49,605	-0,44	
49,61	-0,44	
49,615	-0,43	
49,62	-0,43	
49,625	-0,42	
49,63	-0,41	
49,635	-0,4	
49,64	-0,39	
49,645	-0,38	
49,65	-0,37	
49,655	-0,37	
49,66	-0,36	
49,665	-0,35	
49,67	-0,34	
49,675	-0,34	
49,68	-0,33	
49,685	-0,32	
49,69	-0,31	
49,695	-0,3	
49,7	-0,29	
49,705	-0,27	
49,71	-0,26	
49,715	-0,25	
49,72	-0,25	
49,725	-0,24	
49,73	-0,23	
49,735	-0,22	
49,74	-0,21	
49,745	-0,2	
49,75	-0,19	
49,755	-0,17	
49,76	-0,16	
49,765	-0,15	
49,77	-0,14	
49,775	-0,12	
49,78	-0,11	
49,785	-0,1	
49,79	-0,09	
49,795	-0,08	
49,8	-0,07	
49,805	-0,06	
49,81	-0,05	
49,815	-0,04	
49,82	-0,03	
49,825	-0,02	
49,83	0	
49,835	0,01	
49,84	0,02	
49,845	0,03	
49,85	0,05	
49,855	0,06	
49,86	0,07	
49,865	0,08	
49,87	0,09	
49,875	0,1	
49,88	0,12	
49,885	0,12	
49,89	0,13	
49,895	0,14	
49,9	0,15	
49,905	0,16	
49,91	0,17	
49,915	0,18	
49,92	0,2	
49,925	0,2	
49,93	0,21	
49,935	0,22	
49,94	0,23	
49,945	0,24	
49,95	0,25	
49,955	0,26	
49,96	0,27	
49,965	0,28	
49,97	0,28	
49,975	0,29	
49,98	0,3	
49,985	0,3	
49,99	0,31	
49,995	0,31	
50,0	0,32	
50,005	0,33	
50,01	0,34	
50,015	0,35	
50,02	0,35	
50,025	0,35	
50,03	0,35	
50,035	0,36	
50,04	0,36	
50,045	0,37	
50,05	0,37	
50,055	0,38	
50,06	0,38	
50,065	0,39	
50,07	0,39	
50,075	0,39	
50,08	0,39	
50,085	0,4	
50,09	0,4	
50,095	0,4	
50,1	0,4	
50,105	0,4	
50,11	0,4	
50,115	0,4	
50,12	0,4	
50,125	0,4	
50,13	0,4	
50,135	0,4	
50,14	0,39	
50,145	0,4	
50,15	0,4	
50,155	0,4	
50,16	0,4	
50,165	0,39	
50,17	0,39	
50,175	0,38	
50,18	0,38	
50,185	0,38	
50,19	0,38	
50,195	0,37	
50,2	0,37	
50,205	0,36	
50,21	0,35	
50,215	0,35	
50,22	0,35	
50,225	0,35	
50,23	0,34	
50,235	0,34	
50,24	0,34	
50,245	0,33	
50,25	0,32	
50,255	0,31	
50,26	0,31	
50,265	0,3	
50,27	0,3	
50,275	0,29	
50,28	0,28	
50,285	0,28	
50,29	0,27	
50,295	0,26	
50,3	0,25	
50,305	0,25	
50,31	0,24	
50,315	0,23	
50,32	0,23	
50,325	0,22	
50,33	0,21	
50,335	0,2	
50,34	0,19	
50,345	0,18	
50,35	0,18	
50,355	0,17	
50,36	0,16	
50,365	0,15	
50,37	0,14	
50,375	0,13	
50,38	0,12	
50,385	0,11	
50,39	0,1	
50,395	0,1	
50,4	0,09	
50,405	0,08	
50,41	0,07	
50,415	0,06	
50,42	0,05	
50,425	0,04	
50,43	0,03	
50,435	0,03	
50,44	0,02	
50,445	0,01	
50,45	0	
50,455	-0,01	
50,46	-0,02	
50,465	-0,03	
50,47	-0,03	
50,475	-0,04	
50,48	-0,05	
50,485	-0,06	
50,49	-0,07	
50,495	-0,08	
50,5	-0,09	
50,505	-0,1	
50,51	-0,1	
50,515	-0,11	
50,52	-0,11	
50,525	-0,12	
50,53	-0,13	
50,535	-0,14	
50,54	-0,15	
50,545	-0,16	
50,55	-0,16	
50,555	-0,17	
50,56	-0,17	
50,565	-0,17	
50,57	-0,18	
50,575	-0,19	
50,58	-0,2	
50,585	-0,2	
50,59	-0,21	
50,595	-0,21	
50,6	-0,22	
50,605	-0,22	
50,61	-0,23	
50,615	-0,23	
50,62	-0,24	
50,625	-0,24	
50,63	-0,24	
50,635	-0,25	
50,64	-0,25	
50,645	-0,25	
50,65	-0,25	
50,655	-0,26	
50,66	-0,26	
50,665	-0,27	
50,67	-0,27	
50,675	-0,27	
50,68	-0,27	
50,685	-0,27	
50,69	-0,28	
50,695	-0,28	
50,7	-0,28	
50,705	-0,28	
50,71	-0,28	
50,715	-0,28	
50,72	-0,28	
50,725	-0,28	
50,73	-0,28	
50,735	-0,29	
50,74	-0,29	
50,745	-0,28	
50,75	-0,28	
50,755	-0,28	
50,76	-0,28	
50,765	-0,28	
50,77	-0,28	
50,775	-0,28	
50,78	-0,28	
50,785	-0,28	
50,79	-0,28	
50,795	-0,27	
50,8	-0,27	
50,805	-0,27	
50,81	-0,27	
50,815	-0,26	
50,82	-0,26	
50,825	-0,26	
50,83	-0,26	
50,835	-0,25	
50,84	-0,25	
50,845	-0,24	
50,85	-0,24	
50,855	-0,23	
50,86	-0,23	
50,865	-0,23	
50,87	-0,22	
50,875	-0,22	
50,88	-0,21	
50,885	-0,21	
50,89	-0,2	
50,895	-0,2	
50,9	-0,19	
50,905	-0,19	
50,91	-0,19	
50,915	-0,18	
50,92	-0,17	
50,925	-0,17	
50,93	-0,16	
50,935	-0,15	
50,94	-0,15	
50,945	-0,15	
50,95	-0,14	
50,955	-0,14	
50,96	-0,13	
50,965	-0,13	
50,97	-0,12	
50,975	-0,12	
50,98	-0,11	
50,985	-0,1	
50,99	-0,1	
50,995	-0,09	
51,0	-0,09	
51,005	-0,08	
51,01	-0,08	
51,015	-0,07	
51,02	-0,06	
51,025	-0,05	
51,03	-0,05	
51,035	-0,04	
51,04	-0,04	
51,045	-0,04	
51,05	-0,04	
51,055	-0,03	
51,06	-0,02	
51,065	-0,01	
51,07	-0,01	
51,075	0	
51,08	0	
51,085	0,01	
51,09	0,01	
51,095	0,02	
51,1	0,02	
51,105	0,02	
51,11	0,03	
51,115	0,04	
51,12	0,04	
51,125	0,05	
51,13	0,05	
51,135	0,05	
51,14	0,06	
51,145	0,06	
51,15	0,07	
51,155	0,07	
51,16	0,07	
51,165	0,08	
51,17	0,08	
51,175	0,09	
51,18	0,09	
51,185	0,09	
51,19	0,1	
51,195	0,1	
51,2	0,1	
51,205	0,11	
51,21	0,11	
51,215	0,11	
51,22	0,12	
51,225	0,12	
51,23	0,12	
51,235	0,12	
51,24	0,12	
51,245	0,13	
51,25	0,13	
51,255	0,14	
51,26	0,14	
51,265	0,14	
51,27	0,14	
51,275	0,14	
51,28	0,14	
51,285	0,14	
51,29	0,14	
51,295	0,14	
51,3	0,15	
51,305	0,15	
51,31	0,14	
51,315	0,15	
51,32	0,14	
51,325	0,14	
51,33	0,15	
51,335	0,15	
51,34	0,15	
51,345	0,15	
51,35	0,15	
51,355	0,15	
51,36	0,15	
51,365	0,15	
51,37	0,14	
51,375	0,15	
51,38	0,14	
51,385	0,14	
51,39	0,14	
51,395	0,14	
51,4	0,14	
51,405	0,14	
51,41	0,14	
51,415	0,13	
51,42	0,13	
51,425	0,13	
51,43	0,13	
51,435	0,13	
51,44	0,13	
51,445	0,12	
51,45	0,12	
51,455	0,12	
51,46	0,12	
51,465	0,12	
51,47	0,12	
51,475	0,12	
51,48	0,12	
51,485	0,12	
51,49	0,12	
51,495	0,11	
51,5	0,11	
51,505	0,1	
51,51	0,1	
51,515	0,1	
51,52	0,1	
51,525	0,09	
51,53	0,1	
51,535	0,09	
51,54	0,09	
51,545	0,09	
51,55	0,08	
51,555	0,08	
51,56	0,08	
51,565	0,08	
51,57	0,08	
51,575	0,08	
51,58	0,08	
51,585	0,07	
51,59	0,07	
51,595	0,06	
51,6	0,06	
51,605	0,06	
51,61	0,06	
51,615	0,06	
51,62	0,06	
51,625	0,06	
51,63	0,05	
51,635	0,05	
51,64	0,05	
51,645	0,04	
51,65	0,04	
51,655	0,04	
51,66	0,04	
51,665	0,04	
51,67	0,04	
51,675	0,03	
51,68	0,03	
51,685	0,03	
51,69	0,02	
51,695	0,03	
51,7	0,03	
51,705	0,03	
51,71	0,02	
51,715	0,02	
51,72	0,02	
51,725	0,01	
51,73	0,01	
51,735	0,01	
51,74	0,01	
51,745	0,02	
51,75	0,02	
51,755	0,01	
51,76	0,01	
51,765	0,01	
51,77	0	
51,775	0	
51,78	0	
51,785	0	
51,79	0	
51,795	0	
51,8	0	
51,805	0	
51,81	0	
51,815	0	
51,82	0	
51,825	0	
51,83	0	
51,835	0	
51,84	0	
51,845	0	
51,85	0	
51,855	0	
51,86	-0,01	
51,865	-0,01	
51,87	-0,01	
51,875	-0,01	
51,88	0	
51,885	0	
51,89	0	
51,895	0	
51,9	-0,01	
51,905	-0,01	
51,91	-0,01	
51,915	-0,01	
51,92	-0,01	
51,925	0	
51,93	0	
51,935	0	
51,94	0	
51,945	0	
51,95	-0,01	
51,955	0	
51,96	0	
51,965	0	
51,97	0	
51,975	0	
51,98	0	
51,985	-0,01	
51,99	-0,01	
51,995	-0,01	
52,0	-0,01	
52,005	-0,01	
52,01	-0,01	
52,015	0	
52,02	0	
52,025	0	
52,03	0	
52,035	0	
52,04	0	
52,045	0	
52,05	0	
52,055	-0,01	
52,06	0	
52,065	0	
52,07	0	
52,075	0	
52,08	0	
52,085	0	
52,09	-0,01	
52,095	-0,01	
52,1	-0,01	
52,105	-0,01	
52,11	-0,01	
52,115	0	
52,12	0	
52,125	-0,01	
52,13	-0,01	
52,135	-0,01	
52,14	-0,01	
52,145	-0,01	
52,15	-0,01	
52,155	-0,01	
52,16	-0,01	
52,165	-0,01	
52,17	-0,01	
52,175	-0,01	
52,18	-0,01	
52,185	-0,01	
52,19	-0,02	
52,195	-0,02	
52,2	-0,02	
52,205	-0,02	
52,21	-0,02	
52,215	-0,02	
52,22	-0,02	
52,225	-0,02	
52,23	-0,03	
52,235	-0,02	
52,24	-0,03	
52,245	-0,03	
52,25	-0,04	
52,255	-0,04	
52,26	-0,04	
52,265	-0,04	
52,27	-0,04	
52,275	-0,05	
52,28	-0,05	
52,285	-0,05	
52,29	-0,05	
52,295	-0,05	
52,3	-0,05	
52,305	-0,05	
52,31	-0,05	
52,315	-0,05	
52,32	-0,06	
52,325	-0,05	
52,33	-0,05	
52,335	-0,06	
52,34	-0,06	
52,345	-0,07	
52,35	-0,07	
52,355	-0,07	
52,36	-0,08	
52,365	-0,08	
52,37	-0,08	
52,375	-0,08	
52,38	-0,08	
52,385	-0,09	
52,39	-0,09	
52,395	-0,09	
52,4	-0,1	
52,405	-0,1	
52,41	-0,1	
52,415	-0,1	
52,42	-0,1	
52,425	-0,1	
52,43	-0,1	
52,435	-0,11	
52,44	-0,11	
52,445	-0,11	
52,45	-0,11	
52,455	-0,11	
52,46	-0,11	
52,465	-0,11	
52,47	-0,12	
52,475	-0,12	
52,48	-0,12	
52,485	-0,12	
52,49	-0,12	
52,495	-0,12	
52,5	-0,13	
52,505	-0,13	
52,51	-0,13	
52,515	-0,13	
52,52	-0,14	
52,525	-0,13	
52,53	-0,13	
52,535	-0,13	
52,54	-0,14	
52,545	-0,13	
52,55	-0,13	
52,555	-0,14	
52,56	-0,14	
52,565	-0,14	
52,57	-0,14	
52,575	-0,14	
52,58	-0,14	
52,585	-0,14	
52,59	-0,13	
52,595	-0,13	
52,6	-0,14	
52,605	-0,14	
52,61	-0,14	
52,615	-0,14	
52,62	-0,14	
52,625	-0,13	
52,63	-0,13	
52,635	-0,13	
52,64	-0,13	
52,645	-0,13	
52,65	-0,13	
52,655	-0,13	
52,66	-0,13	
52,665	-0,13	
52,67	-0,12	
52,675	-0,12	
52,68	-0,12	
52,685	-0,12	
52,69	-0,12	
52,695	-0,11	
52,7	-0,11	
52,705	-0,11	
52,71	-0,11	
52,715	-0,1	
52,72	-0,1	
52,725	-0,1	
52,73	-0,09	
52,735	-0,09	
52,74	-0,09	
52,745	-0,09	
52,75	-0,09	
52,755	-0,08	
52,76	-0,07	
52,765	-0,07	
52,77	-0,07	
52,775	-0,07	
52,78	-0,06	
52,785	-0,06	
52,79	-0,06	
52,795	-0,05	
52,8	-0,05	
52,805	-0,04	
52,81	-0,04	
52,815	-0,03	
52,82	-0,02	
52,825	-0,02	
52,83	-0,02	
52,835	-0,02	
52,84	-0,01	
52,845	-0,01	
52,85	0	
52,855	0,01	
52,86	0,01	
52,865	0,02	
52,87	0,02	
52,875	0,03	
52,88	0,03	
52,885	0,04	
52,89	0,05	
52,895	0,05	
52,9	0,06	
52,905	0,07	
52,91	0,06	
52,915	0,07	
52,92	0,07	
52,925	0,07	
52,93	0,08	
52,935	0,09	
52,94	0,1	
52,945	0,1	
52,95	0,11	
52,955	0,12	
52,96	0,12	
52,965	0,12	
52,97	0,13	
52,975	0,14	
52,98	0,14	
52,985	0,15	
52,99	0,15	
52,995	0,16	
53,0	0,16	
53,005	0,17	
53,01	0,17	
53,015	0,18	
53,02	0,18	
53,025	0,19	
53,03	0,2	
53,035	0,2	
53,04	0,2	
53,045	0,2	
53,05	0,2	
53,055	0,2	
53,06	0,21	
53,065	0,21	
53,07	0,22	
53,075	0,23	
53,08	0,23	
53,085	0,24	
53,09	0,24	
53,095	0,24	
53,1	0,24	
53,105	0,24	
53,11	0,25	
53,115	0,25	
53,12	0,25	
53,125	0,26	
53,13	0,26	
53,135	0,26	
53,14	0,26	
53,145	0,26	
53,15	0,26	
53,155	0,26	
53,16	0,27	
53,165	0,27	
53,17	0,27	
53,175	0,27	
53,18	0,28	
53,185	0,27	
53,19	0,27	
53,195	0,27	
53,2	0,27	
53,205	0,27	
53,21	0,27	
53,215	0,27	
53,22	0,27	
53,225	0,27	
53,23	0,26	
53,235	0,26	
53,24	0,26	
53,245	0,26	
53,25	0,26	
53,255	0,26	
53,26	0,26	
53,265	0,26	
53,27	0,25	
53,275	0,25	
53,28	0,24	
53,285	0,24	
53,29	0,24	
53,295	0,24	
53,3	0,23	
53,305	0,23	
53,31	0,23	
53,315	0,22	
53,32	0,21	
53,325	0,2	
53,33	0,2	
53,335	0,2	
53,34	0,19	
53,345	0,19	
53,35	0,18	
53,355	0,17	
53,36	0,17	
53,365	0,16	
53,37	0,15	
53,375	0,15	
53,38	0,14	
53,385	0,14	
53,39	0,14	
53,395	0,13	
53,4	0,12	
53,405	0,11	
53,41	0,1	
53,415	0,09	
53,42	0,09	
53,425	0,08	
53,43	0,07	
53,435	0,06	
53,44	0,06	
53,445	0,05	
53,45	0,04	
53,455	0,03	
53,46	0,03	
53,465	0,02	
53,47	0,01	
53,475	0	
53,48	-0,01	
53,485	-0,02	
53,49	-0,02	
53,495	-0,03	
53,5	-0,04	
53,505	-0,05	
53,51	-0,06	
53,515	-0,07	
53,52	-0,08	
53,525	-0,09	
53,53	-0,09	
53,535	-0,1	
53,54	-0,11	
53,545	-0,12	
53,55	-0,12	
53,555	-0,13	
53,56	-0,14	
53,565	-0,15	
53,57	-0,16	
53,575	-0,17	
53,58	-0,18	
53,585	-0,19	
53,59	-0,19	
53,595	-0,2	
53,6	-0,21	
53,605	-0,21	
53,61	-0,22	
53,615	-0,23	
53,62	-0,24	
53,625	-0,24	
53,63	-0,25	
53,635	-0,26	
53,64	-0,27	
53,645	-0,27	
53,65	-0,28	
53,655	-0,29	
53,66	-0,29	
53,665	-0,3	
53,67	-0,3	
53,675	-0,31	
53,68	-0,31	
53,685	-0,32	
53,69	-0,32	
53,695	-0,33	
53,7	-0,33	
53,705	-0,33	
53,71	-0,34	
53,715	-0,35	
53,72	-0,35	
53,725	-0,35	
53,73	-0,36	
53,735	-0,36	
53,74	-0,37	
53,745	-0,37	
53,75	-0,37	
53,755	-0,37	
53,76	-0,38	
53,765	-0,38	
53,77	-0,38	
53,775	-0,38	
53,78	-0,38	
53,785	-0,38	
53,79	-0,38	
53,795	-0,38	
53,8	-0,38	
53,805	-0,39	
53,81	-0,38	
53,815	-0,39	
53,82	-0,39	
53,825	-0,38	
53,83	-0,38	
53,835	-0,38	
53,84	-0,38	
53,845	-0,38	
53,85	-0,38	
53,855	-0,38	
53,86	-0,37	
53,865	-0,37	
53,87	-0,36	
53,875	-0,36	
53,88	-0,36	
53,885	-0,35	
53,89	-0,35	
53,895	-0,34	
53,9	-0,34	
53,905	-0,34	
53,91	-0,33	
53,915	-0,33	
53,92	-0,32	
53,925	-0,31	
53,93	-0,31	
53,935	-0,3	
53,94	-0,29	
53,945	-0,29	
53,95	-0,29	
53,955	-0,28	
53,96	-0,27	
53,965	-0,26	
53,97	-0,25	
53,975	-0,24	
53,98	-0,23	
53,985	-0,23	
53,99	-0,22	
53,995	-0,21	
54,0	-0,2	
54,005	-0,19	
54,01	-0,18	
54,015	-0,17	
54,02	-0,16	
54,025	-0,15	
54,03	-0,15	
54,035	-0,14	
54,04	-0,12	
54,045	-0,12	
54,05	-0,11	
54,055	-0,09	
54,06	-0,08	
54,065	-0,07	
54,07	-0,06	
54,075	-0,05	
54,08	-0,04	
54,085	-0,03	
54,09	-0,02	
54,095	0	
54,1	0,01	
54,105	0,02	
54,11	0,03	
54,115	0,04	
54,12	0,05	
54,125	0,06	
54,13	0,07	
54,135	0,09	
54,14	0,1	
54,145	0,11	
54,15	0,12	
54,155	0,13	
54,16	0,14	
54,165	0,15	
54,17	0,16	
54,175	0,17	
54,18	0,18	
54,185	0,19	
54,19	0,2	
54,195	0,21	
54,2	0,22	
54,205	0,23	
54,21	0,24	
54,215	0,26	
54,22	0,27	
54,225	0,28	
54,23	0,29	
54,235	0,3	
54,24	0,3	
54,245	0,31	
54,25	0,32	
54,255	0,33	
54,26	0,34	
54,265	0,35	
54,27	0,36	
54,275	0,36	
54,28	0,37	
54,285	0,38	
54,29	0,38	
54,295	0,39	
54,3	0,4	
54,305	0,41	
54,31	0,42	
54,315	0,42	
54,32	0,43	
54,325	0,43	
54,33	0,43	
54,335	0,44	
54,34	0,44	
54,345	0,45	
54,35	0,45	
54,355	0,46	
54,36	0,46	
54,365	0,46	
54,37	0,47	
54,375	0,47	
54,38	0,47	
54,385	0,47	
54,39	0,48	
54,395	0,48	
54,4	0,48	
54,405	0,48	
54,41	0,48	
54,415	0,48	
54,42	0,48	
54,425	0,47	
54,43	0,47	
54,435	0,47	
54,44	0,47	
54,445	0,47	
54,45	0,47	
54,455	0,47	
54,46	0,47	
54,465	0,46	
54,47	0,46	
54,475	0,46	
54,48	0,45	
54,485	0,45	
54,49	0,45	
54,495	0,44	
54,5	0,44	
54,505	0,43	
54,51	0,43	
54,515	0,42	
54,52	0,41	
54,525	0,41	
54,53	0,4	
54,535	0,4	
54,54	0,39	
54,545	0,38	
54,55	0,37	
54,555	0,36	
54,56	0,35	
54,565	0,35	
54,57	0,34	
54,575	0,33	
54,58	0,32	
54,585	0,31	
54,59	0,3	
54,595	0,28	
54,6	0,28	
54,605	0,27	
54,61	0,26	
54,615	0,25	
54,62	0,24	
54,625	0,22	
54,63	0,21	
54,635	0,2	
54,64	0,19	
54,645	0,17	
54,65	0,16	
54,655	0,15	
54,66	0,14	
54,665	0,13	
54,67	0,12	
54,675	0,11	
54,68	0,1	
54,685	0,08	
54,69	0,07	
54,695	0,05	
54,7	0,03	
54,705	0,02	
54,71	0,01	
54,715	0	
54,72	-0,02	
54,725	-0,03	
54,73	-0,04	
54,735	-0,05	
54,74	-0,07	
54,745	-0,08	
54,75	-0,09	
54,755	-0,11	
54,76	-0,12	
54,765	-0,13	
54,77	-0,14	
54,775	-0,15	
54,78	-0,17	
54,785	-0,19	
54,79	-0,19	
54,795	-0,21	
54,8	-0,22	
54,805	-0,23	
54,81	-0,24	
54,815	-0,26	
54,82	-0,27	
54,825	-0,28	
54,83	-0,29	
54,835	-0,3	
54,84	-0,31	
54,845	-0,32	
54,85	-0,33	
54,855	-0,34	
54,86	-0,36	
54,865	-0,37	
54,87	-0,37	
54,875	-0,38	
54,88	-0,39	
54,885	-0,4	
54,89	-0,41	
54,895	-0,42	
54,9	-0,43	
54,905	-0,44	
54,91	-0,45	
54,915	-0,46	
54,92	-0,46	
54,925	-0,46	
54,93	-0,47	
54,935	-0,48	
54,94	-0,49	
54,945	-0,5	
54,95	-0,51	
54,955	-0,51	
54,96	-0,51	
54,965	-0,52	
54,97	-0,52	
54,975	-0,52	
54,98	-0,52	
54,985	-0,53	
54,99	-0,53	
54,995	-0,54	
55,0	-0,54	
55,005	-0,54	
55,01	-0,54	
55,015	-0,54	
55,02	-0,54	
55,025	-0,54	
55,03	-0,54	
55,035	-0,54	
55,04	-0,54	
55,045	-0,54	
55,05	-0,54	
55,055	-0,54	
55,06	-0,54	
55,065	-0,53	
55,07	-0,53	
55,075	-0,53	
55,08	-0,52	
55,085	-0,52	
55,09	-0,52	
55,095	-0,51	
55,1	-0,51	
55,105	-0,5	
55,11	-0,5	
55,115	-0,49	
55,12	-0,48	
55,125	-0,48	
55,13	-0,47	
55,135	-0,47	
55,14	-0,46	
55,145	-0,45	
55,15	-0,44	
55,155	-0,44	
55,16	-0,43	
55,165	-0,41	
55,17	-0,41	
55,175	-0,4	
55,18	-0,39	
55,185	-0,38	
55,19	-0,37	
55,195	-0,36	
55,2	-0,35	
55,205	-0,33	
55,21	-0,32	
55,215	-0,31	
55,22	-0,3	
55,225	-0,29	
55,23	-0,27	
55,235	-0,26	
55,24	-0,25	
55,245	-0,24	
55,25	-0,23	
55,255	-0,21	
55,26	-0,2	
55,265	-0,19	
55,27	-0,17	
55,275	-0,16	
55,28	-0,15	
55,285	-0,13	
55,29	-0,11	
55,295	-0,1	
55,3	-0,09	
55,305	-0,08	
55,31	-0,06	
55,315	-0,05	
55,32	-0,04	
55,325	-0,02	
55,33	-0,01	
55,335	0,01	
55,34	0,02	
55,345	0,04	
55,35	0,06	
55,355	0,07	
55,36	0,08	
55,365	0,09	
55,37	0,11	
55,375	0,12	
55,38	0,14	
55,385	0,15	
55,39	0,16	
55,395	0,18	
55,4	0,19	
55,405	0,2	
55,41	0,22	
55,415	0,23	
55,42	0,25	
55,425	0,27	
55,43	0,28	
55,435	0,29	
55,44	0,3	
55,445	0,31	
55,45	0,31	
55,455	0,33	
55,46	0,34	
55,465	0,35	
55,47	0,36	
55,475	0,38	
55,48	0,39	
55,485	0,4	
55,49	0,41	
55,495	0,42	
55,5	0,43	
55,505	0,44	
55,51	0,45	
55,515	0,46	
55,52	0,47	
55,525	0,48	
55,53	0,48	
55,535	0,49	
55,54	0,5	
55,545	0,5	
55,55	0,51	
55,555	0,52	
55,56	0,52	
55,565	0,53	
55,57	0,53	
55,575	0,54	
55,58	0,54	
55,585	0,55	
55,59	0,55	
55,595	0,56	
55,6	0,56	
55,605	0,56	
55,61	0,56	
55,615	0,56	
55,62	0,57	
55,625	0,57	
55,63	0,57	
55,635	0,57	
55,64	0,57	
55,645	0,57	
55,65	0,57	
55,655	0,57	
55,66	0,57	
55,665	0,57	
55,67	0,56	
55,675	0,55	
55,68	0,55	
55,685	0,55	
55,69	0,55	
55,695	0,55	
55,7	0,55	
55,705	0,54	
55,71	0,54	
55,715	0,53	
55,72	0,52	
55,725	0,51	
55,73	0,51	
55,735	0,5	
55,74	0,5	
55,745	0,49	
55,75	0,48	
55,755	0,47	
55,76	0,47	
55,765	0,46	
55,77	0,45	
55,775	0,44	
55,78	0,43	
55,785	0,42	
55,79	0,41	
55,795	0,4	
55,8	0,39	
55,805	0,38	
55,81	0,37	
55,815	0,36	
55,82	0,35	
55,825	0,34	
55,83	0,32	
55,835	0,31	
55,84	0,3	
55,845	0,29	
55,85	0,28	
55,855	0,26	
55,86	0,25	
55,865	0,24	
55,87	0,22	
55,875	0,21	
55,88	0,2	
55,885	0,18	
55,89	0,17	
55,895	0,15	
55,9	0,14	
55,905	0,13	
55,91	0,11	
55,915	0,09	
55,92	0,08	
55,925	0,06	
55,93	0,05	
55,935	0,03	
55,94	0,02	
55,945	0,01	
55,95	-0,01	
55,955	-0,02	
55,96	-0,03	
55,965	-0,05	
55,97	-0,06	
55,975	-0,08	
55,98	-0,09	
55,985	-0,11	
55,99	-0,12	
55,995	-0,15	
56,0	-0,16	
56,005	-0,17	
56,01	-0,18	
56,015	-0,19	
56,02	-0,2	
56,025	-0,22	
56,03	-0,23	
56,035	-0,25	
56,04	-0,26	
56,045	-0,27	
56,05	-0,29	
56,055	-0,3	
56,06	-0,31	
56,065	-0,32	
56,07	-0,33	
56,075	-0,34	
56,08	-0,35	
56,085	-0,36	
56,09	-0,37	
56,095	-0,39	
56,1	-0,4	
56,105	-0,41	
56,11	-0,42	
56,115	-0,43	
56,12	-0,44	
56,125	-0,45	
56,13	-0,46	
56,135	-0,46	
56,14	-0,47	
56,145	-0,48	
56,15	-0,48	
56,155	-0,5	
56,16	-0,5	
56,165	-0,51	
56,17	-0,52	
56,175	-0,52	
56,18	-0,53	
56,185	-0,53	
56,19	-0,54	
56,195	-0,54	
56,2	-0,54	
56,205	-0,54	
56,21	-0,55	
56,215	-0,55	
56,22	-0,55	
56,225	-0,56	
56,23	-0,56	
56,235	-0,56	
56,24	-0,56	
56,245	-0,56	
56,25	-0,56	
56,255	-0,57	
56,26	-0,57	
56,265	-0,57	
56,27	-0,56	
56,275	-0,56	
56,28	-0,56	
56,285	-0,56	
56,29	-0,55	
56,295	-0,55	
56,3	-0,55	
56,305	-0,54	
56,31	-0,54	
56,315	-0,53	
56,32	-0,53	
56,325	-0,53	
56,33	-0,52	
56,335	-0,52	
56,34	-0,51	
56,345	-0,5	
56,35	-0,5	
56,355	-0,49	
56,36	-0,48	
56,365	-0,48	
56,37	-0,47	
56,375	-0,46	
56,38	-0,46	
56,385	-0,45	
56,39	-0,44	
56,395	-0,43	
56,4	-0,41	
56,405	-0,4	
56,41	-0,39	
56,415	-0,38	
56,42	-0,37	
56,425	-0,36	
56,43	-0,35	
56,435	-0,34	
56,44	-0,33	
56,445	-0,32	
56,45	-0,31	
56,455	-0,29	
56,46	-0,28	
56,465	-0,27	
56,47	-0,26	
56,475	-0,24	
56,48	-0,23	
56,485	-0,21	
56,49	-0,2	
56,495	-0,19	
56,5	-0,18	
56,505	-0,17	
56,51	-0,16	
56,515	-0,14	
56,52	-0,13	
56,525	-0,11	
56,53	-0,1	
56,535	-0,08	
56,54	-0,07	
56,545	-0,06	
56,55	-0,05	
56,555	-0,03	
56,56	-0,01	
56,565	0	
56,57	0,02	
56,575	0,03	
56,58	0,04	
56,585	0,06	
56,59	0,07	
56,595	0,08	
56,6	0,1	
56,605	0,11	
56,61	0,13	
56,615	0,14	
56,62	0,15	
56,625	0,17	
56,63	0,18	
56,635	0,19	
56,64	0,21	
56,645	0,22	
56,65	0,23	
56,655	0,24	
56,66	0,25	
56,665	0,27	
56,67	0,28	
56,675	0,29	
56,68	0,3	
56,685	0,31	
56,69	0,32	
56,695	0,33	
56,7	0,34	
56,705	0,36	
56,71	0,37	
56,715	0,38	
56,72	0,39	
56,725	0,39	
56,73	0,4	
56,735	0,41	
56,74	0,42	
56,745	0,43	
56,75	0,44	
56,755	0,44	
56,76	0,45	
56,765	0,46	
56,77	0,47	
56,775	0,47	
56,78	0,47	
56,785	0,48	
56,79	0,48	
56,795	0,49	
56,8	0,5	
56,805	0,5	
56,81	0,5	
56,815	0,51	
56,82	0,51	
56,825	0,51	
56,83	0,51	
56,835	0,51	
56,84	0,52	
56,845	0,53	
56,85	0,53	
56,855	0,53	
56,86	0,53	
56,865	0,53	
56,87	0,52	
56,875	0,52	
56,88	0,52	
56,885	0,51	
56,89	0,52	
56,895	0,52	
56,9	0,52	
56,905	0,51	
56,91	0,51	
56,915	0,5	
56,92	0,5	
56,925	0,5	
56,93	0,5	
56,935	0,5	
56,94	0,49	
56,945	0,49	
56,95	0,48	
56,955	0,47	
56,96	0,46	
56,965	0,46	
56,97	0,45	
56,975	0,45	
56,98	0,44	
56,985	0,44	
56,99	0,43	
56,995	0,42	
57,0	0,4	
57,005	0,39	
57,01	0,38	
57,015	0,38	
57,02	0,37	
57,025	0,37	
57,03	0,36	
57,035	0,35	
57,04	0,34	
57,045	0,32	
57,05	0,31	
57,055	0,3	
57,06	0,29	
57,065	0,28	
57,07	0,28	
57,075	0,27	
57,08	0,25	
57,085	0,24	
57,09	0,22	
57,095	0,21	
57,1	0,2	
57,105	0,19	
57,11	0,18	
57,115	0,17	
57,12	0,16	
57,125	0,14	
57,13	0,13	
57,135	0,12	
57,14	0,1	
57,145	0,09	
57,15	0,08	
57,155	0,06	
57,16	0,05	
57,165	0,04	
57,17	0,03	
57,175	0,02	
57,18	0,01	
57,185	-0,01	
57,19	-0,02	
57,195	-0,03	
57,2	-0,04	
57,205	-0,06	
57,21	-0,07	
57,215	-0,08	
57,22	-0,09	
57,225	-0,1	
57,23	-0,12	
57,235	-0,13	
57,24	-0,14	
57,245	-0,15	
57,25	-0,16	
57,255	-0,17	
57,26	-0,18	
57,265	-0,19	
57,27	-0,21	
57,275	-0,22	
57,28	-0,23	
57,285	-0,25	
57,29	-0,25	
57,295	-0,26	
57,3	-0,27	
57,305	-0,28	
57,31	-0,29	
57,315	-0,3	
57,32	-0,31	
57,325	-0,32	
57,33	-0,33	
57,335	-0,34	
57,34	-0,34	
57,345	-0,35	
57,35	-0,35	
57,355	-0,36	
57,36	-0,37	
57,365	-0,38	
57,37	-0,39	
57,375	-0,39	
57,38	-0,4	
57,385	-0,4	
57,39	-0,4	
57,395	-0,41	
57,4	-0,41	
57,405	-0,42	
57,41	-0,43	
57,415	-0,43	
57,42	-0,44	
57,425	-0,44	
57,43	-0,44	
57,435	-0,44	
57,44	-0,44	
57,445	-0,44	
57,45	-0,45	
57,455	-0,45	
57,46	-0,45	
57,465	-0,45	
57,47	-0,45	
57,475	-0,45	
57,48	-0,45	
57,485	-0,45	
57,49	-0,45	
57,495	-0,45	
57,5	-0,45	
57,505	-0,45	
57,51	-0,45	
57,515	-0,45	
57,52	-0,44	
57,525	-0,44	
57,53	-0,44	
57,535	-0,44	
57,54	-0,43	
57,545	-0,43	
57,55	-0,43	
57,555	-0,42	
57,56	-0,42	
57,565	-0,41	
57,57	-0,4	
57,575	-0,4	
57,58	-0,4	
57,585	-0,39	
57,59	-0,38	
57,595	-0,38	
57,6	-0,37	
57,605	-0,36	
57,61	-0,35	
57,615	-0,34	
57,62	-0,34	
57,625	-0,33	
57,63	-0,32	
57,635	-0,32	
57,64	-0,31	
57,645	-0,31	
57,65	-0,3	
57,655	-0,29	
57,66	-0,28	
57,665	-0,27	
57,67	-0,26	
57,675	-0,25	
57,68	-0,24	
57,685	-0,24	
57,69	-0,22	
57,695	-0,21	
57,7	-0,2	
57,705	-0,2	
57,71	-0,19	
57,715	-0,18	
57,72	-0,17	
57,725	-0,16	
57,73	-0,15	
57,735	-0,13	
57,74	-0,12	
57,745	-0,11	
57,75	-0,11	
57,755	-0,1	
57,76	-0,09	
57,765	-0,08	
57,77	-0,06	
57,775	-0,05	
57,78	-0,04	
57,785	-0,02	
57,79	-0,01	
57,795	-0,01	
57,8	0,01	
57,805	0,01	
57,81	0,02	
57,815	0,03	
57,82	0,04	
57,825	0,05	
57,83	0,06	
57,835	0,07	
57,84	0,08	
57,845	0,09	
57,85	0,1	
57,855	0,11	
57,86	0,12	
57,865	0,13	
57,87	0,13	
57,875	0,14	
57,88	0,16	
57,885	0,16	
57,89	0,18	
57,895	0,18	
57,9	0,19	
57,905	0,2	
57,91	0,2	
57,915	0,21	
57,92	0,22	
57,925	0,22	
57,93	0,23	
57,935	0,24	
57,94	0,25	
57,945	0,26	
57,95	0,26	
57,955	0,27	
57,96	0,27	
57,965	0,28	
57,97	0,29	
57,975	0,29	
57,98	0,3	
57,985	0,3	
57,99	0,31	
57,995	0,31	
58,0	0,31	
58,005	0,31	
58,01	0,32	
58,015	0,32	
58,02	0,33	
58,025	0,33	
58,03	0,34	
58,035	0,34	
58,04	0,34	
58,045	0,34	
58,05	0,35	
58,055	0,35	
58,06	0,35	
58,065	0,35	
58,07	0,35	
58,075	0,35	
58,08	0,35	
58,085	0,35	
58,09	0,35	
58,095	0,35	
58,1	0,35	
58,105	0,35	
58,11	0,35	
58,115	0,35	
58,12	0,35	
58,125	0,35	
58,13	0,35	
58,135	0,34	
58,14	0,34	
58,145	0,34	
58,15	0,34	
58,155	0,34	
58,16	0,34	
58,165	0,34	
58,17	0,33	
58,175	0,33	
58,18	0,32	
58,185	0,31	
58,19	0,31	
58,195	0,31	
58,2	0,3	
58,205	0,3	
58,21	0,29	
58,215	0,29	
58,22	0,28	
58,225	0,28	
58,23	0,27	
58,235	0,27	
58,24	0,27	
58,245	0,26	
58,25	0,25	
58,255	0,25	
58,26	0,24	
58,265	0,23	
58,27	0,23	
58,275	0,22	
58,28	0,21	
58,285	0,2	
58,29	0,2	
58,295	0,19	
58,3	0,18	
58,305	0,18	
58,31	0,17	
58,315	0,16	
58,32	0,15	
58,325	0,14	
58,33	0,14	
58,335	0,13	
58,34	0,12	
58,345	0,12	
58,35	0,11	
58,355	0,1	
58,36	0,1	
58,365	0,09	
58,37	0,08	
58,375	0,07	
58,38	0,06	
58,385	0,05	
58,39	0,05	
58,395	0,04	
58,4	0,03	
58,405	0,02	
58,41	0,01	
58,415	0,01	
58,42	0	
58,425	-0,01	
58,43	-0,01	
58,435	-0,02	
58,44	-0,03	
58,445	-0,03	
58,45	-0,04	
58,455	-0,05	
58,46	-0,06	
58,465	-0,06	
58,47	-0,07	
58,475	-0,08	
58,48	-0,08	
58,485	-0,09	
58,49	-0,1	
58,495	-0,1	
58,5	-0,11	
58,505	-0,12	
58,51	-0,12	
58,515	-0,13	
58,52	-0,14	
58,525	-0,14	
58,53	-0,14	
58,535	-0,15	
58,54	-0,15	
58,545	-0,15	
58,55	-0,16	
58,555	-0,16	
58,56	-0,17	
58,565	-0,17	
58,57	-0,18	
58,575	-0,18	
58,58	-0,18	
58,585	-0,19	
58,59	-0,19	
58,595	-0,2	
58,6	-0,2	
58,605	-0,21	
58,61	-0,21	
58,615	-0,21	
58,62	-0,21	
58,625	-0,21	
58,63	-0,22	
58,635	-0,22	
58,64	-0,23	
58,645	-0,23	
58,65	-0,23	
58,655	-0,23	
58,66	-0,23	
58,665	-0,23	
58,67	-0,23	
58,675	-0,23	
58,68	-0,23	
58,685	-0,23	
58,69	-0,23	
58,695	-0,24	
58,7	-0,23	
58,705	-0,23	
58,71	-0,23	
58,715	-0,23	
58,72	-0,23	
58,725	-0,23	
58,73	-0,24	
58,735	-0,24	
58,74	-0,24	
58,745	-0,24	
58,75	-0,23	
58,755	-0,23	
58,76	-0,23	
58,765	-0,22	
58,77	-0,22	
58,775	-0,22	
58,78	-0,22	
58,785	-0,21	
58,79	-0,21	
58,795	-0,21	
58,8	-0,21	
58,805	-0,2	
58,81	-0,2	
58,815	-0,19	
58,82	-0,19	
58,825	-0,19	
58,83	-0,19	
58,835	-0,18	
58,84	-0,18	
58,845	-0,18	
58,85	-0,18	
58,855	-0,17	
58,86	-0,17	
58,865	-0,16	
58,87	-0,16	
58,875	-0,15	
58,88	-0,15	
58,885	-0,15	
58,89	-0,14	
58,895	-0,14	
58,9	-0,14	
58,905	-0,13	
58,91	-0,13	
58,915	-0,13	
58,92	-0,12	
58,925	-0,12	
58,93	-0,11	
58,935	-0,11	
58,94	-0,1	
58,945	-0,09	
58,95	-0,09	
58,955	-0,09	
58,96	-0,08	
58,965	-0,08	
58,97	-0,08	
58,975	-0,07	
58,98	-0,07	
58,985	-0,06	
58,99	-0,05	
58,995	-0,05	
59,0	-0,05	
59,005	-0,04	
59,01	-0,04	
59,015	-0,04	
59,02	-0,03	
59,025	-0,02	
59,03	-0,02	
59,035	-0,01	
59,04	-0,01	
59,045	-0,01	
59,05	-0,01	
59,055	-0,01	
59,06	0	
59,065	0,01	
59,07	0,02	
59,075	0,02	
59,08	0,02	
59,085	0,02	
59,09	0,03	
59,095	0,03	
59,1	0,03	
59,105	0,03	
59,11	0,04	
59,115	0,04	
59,12	0,05	
59,125	0,05	
59,13	0,06	
59,135	0,06	
59,14	0,06	
59,145	0,06	
59,15	0,06	
59,155	0,07	
59,16	0,07	
59,165	0,07	
59,17	0,07	
59,175	0,07	
59,18	0,08	
59,185	0,08	
59,19	0,08	
59,195	0,08	
59,2	0,08	
59,205	0,09	
59,21	0,09	
59,215	0,09	
59,22	0,09	
59,225	0,09	
59,23	0,09	
59,235	0,09	
59,24	0,09	
59,245	0,09	
59,25	0,1	
59,255	0,1	
59,26	0,1	
59,265	0,1	
59,27	0,1	
59,275	0,1	
59,28	0,1	
59,285	0,1	
59,29	0,1	
59,295	0,1	
59,3	0,1	
59,305	0,1	
59,31	0,1	
59,315	0,1	
59,32	0,1	
59,325	0,1	
59,33	0,1	
59,335	0,1	
59,34	0,1	
59,345	0,1	
59,35	0,1	
59,355	0,1	
59,36	0,1	
59,365	0,1	
59,37	0,1	
59,375	0,1	
59,38	0,1	
59,385	0,09	
59,39	0,09	
59,395	0,09	
59,4	0,09	
59,405	0,08	
59,41	0,08	
59,415	0,08	
59,42	0,09	
59,425	0,09	
59,43	0,09	
59,435	0,09	
59,44	0,09	
59,445	0,09	
59,45	0,08	
59,455	0,08	
59,46	0,08	
59,465	0,08	
59,47	0,07	
59,475	0,07	
59,48	0,07	
59,485	0,07	
59,49	0,07	
59,495	0,06	
59,5	0,07	
59,505	0,07	
59,51	0,07	
59,515	0,06	
59,52	0,06	
59,525	0,06	
59,53	0,06	
59,535	0,06	
59,54	0,06	
59,545	0,06	
59,55	0,05	
59,555	0,05	
59,56	0,05	
59,565	0,05	
59,57	0,05	
59,575	0,05	
59,58	0,05	
59,585	0,05	
59,59	0,05	
59,595	0,05	
59,6	0,04	
59,605	0,05	
59,61	0,04	
59,615	0,04	
59,62	0,04	
59,625	0,04	
59,63	0,03	
59,635	0,03	
59,64	0,04	
59,645	0,03	
59,65	0,03	
59,655	0,03	
59,66	0,03	
59,665	0,03	
59,67	0,03	
59,675	0,03	
59,68	0,03	
59,685	0,03	
59,69	0,03	
59,695	0,03	
59,7	0,03	
59,705	0,03	
59,71	0,03	
59,715	0,03	
59,72	0,03	
59,725	0,03	
59,73	0,03	
59,735	0,03	
59,74	0,03	
59,745	0,03	
59,75	0,03	
59,755	0,03	
59,76	0,03	
59,765	0,03	
59,77	0,03	
59,775	0,03	
59,78	0,03	
59,785	0,03	
59,79	0,03	
59,795	0,03	
59,8	0,03	
59,805	0,03	
59,81	0,03	
59,815	0,03	
59,82	0,03	
59,825	0,04	
59,83	0,04	
59,835	0,04	
59,84	0,04	
59,845	0,03	
59,85	0,03	
59,855	0,03	
59,86	0,03	
59,865	0,03	
59,87	0,03	
59,875	0,03	
59,88	0,03	
59,885	0,03	
59,89	0,03	
59,895	0,04	
59,9	0,04	
59,905	0,04	
59,91	0,04	
59,915	0,04	
59,92	0,04	
59,925	0,04	
59,93	0,04	
59,935	0,04	
59,94	0,04	
59,945	0,04	
59,95	0,04	
59,955	0,04	
59,96	0,04	
59,965	0,04	
59,97	0,04	
59,975	0,04	
59,98	0,04	
59,985	0,04	
59,99	0,04	
59,995	0,04	
60,0	0,04	
60,005	0,04	
60,01	0,04	
60,015	0,04	
60,02	0,04	
60,025	0,04	
60,03	0,03	
60,035	0,03	
60,04	0,03	
60,045	0,03	
60,05	0,03	
60,055	0,03	
60,06	0,03	
60,065	0,03	
60,07	0,03	
60,075	0,02	
60,08	0,03	
60,085	0,02	
60,09	0,02	
60,095	0,02	
60,1	0,03	
60,105	0,02	
60,11	0,02	
60,115	0,02	
60,12	0,02	
60,125	0,02	
60,13	0,02	
60,135	0,01	
60,14	0,01	
60,145	0,01	
60,15	0,01	
60,155	0,01	
60,16	0	
60,165	0	
60,17	0	
60,175	-0,01	
60,18	-0,01	
60,185	-0,01	
60,19	-0,01	
60,195	-0,01	
60,2	-0,02	
60,205	-0,02	
60,21	-0,02	
60,215	-0,03	
60,22	-0,03	
60,225	-0,03	
60,23	-0,03	
60,235	-0,04	
60,24	-0,04	
60,245	-0,04	
60,25	-0,05	
60,255	-0,05	
60,26	-0,05	
60,265	-0,05	
60,27	-0,06	
60,275	-0,06	
60,28	-0,06	
60,285	-0,07	
60,29	-0,07	
60,295	-0,07	
60,3	-0,07	
60,305	-0,08	
60,31	-0,08	
60,315	-0,08	
60,32	-0,08	
60,325	-0,09	
60,33	-0,09	
60,335	-0,1	
60,34	-0,1	
60,345	-0,1	
60,35	-0,1	
60,355	-0,1	
60,36	-0,11	
60,365	-0,11	
60,37	-0,12	
60,375	-0,12	
60,38	-0,12	
60,385	-0,12	
60,39	-0,12	
60,395	-0,13	
60,4	-0,13	
60,405	-0,13	
60,41	-0,13	
60,415	-0,13	
60,42	-0,13	
60,425	-0,14	
60,43	-0,14	
60,435	-0,15	
60,44	-0,15	
60,445	-0,15	
60,45	-0,15	
60,455	-0,16	
60,46	-0,16	
60,465	-0,16	
60,47	-0,16	
60,475	-0,16	
60,48	-0,17	
60,485	-0,17	
60,49	-0,17	
60,495	-0,17	
60,5	-0,17	
60,505	-0,17	
60,51	-0,17	
60,515	-0,17	
60,52	-0,17	
60,525	-0,17	
60,53	-0,17	
60,535	-0,17	
60,54	-0,17	
60,545	-0,18	
60,55	-0,17	
60,555	-0,17	
60,56	-0,18	
60,565	-0,18	
60,57	-0,18	
60,575	-0,18	
60,58	-0,18	
60,585	-0,18	
60,59	-0,18	
60,595	-0,17	
60,6	-0,17	
60,605	-0,17	
60,61	-0,17	
60,615	-0,17	
60,62	-0,16	
60,625	-0,16	
60,63	-0,16	
60,635	-0,16	
60,64	-0,15	
60,645	-0,15	
60,65	-0,15	
60,655	-0,15	
60,66	-0,15	
60,665	-0,14	
60,67	-0,14	
60,675	-0,14	
60,68	-0,13	
60,685	-0,13	
60,69	-0,12	
60,695	-0,12	
60,7	-0,11	
60,705	-0,11	
60,71	-0,11	
60,715	-0,11	
60,72	-0,1	
60,725	-0,1	
60,73	-0,1	
60,735	-0,09	
60,74	-0,08	
60,745	-0,08	
60,75	-0,08	
60,755	-0,08	
60,76	-0,08	
60,765	-0,07	
60,77	-0,06	
60,775	-0,05	
60,78	-0,04	
60,785	-0,04	
60,79	-0,03	
60,795	-0,03	
60,8	-0,02	
60,805	-0,02	
60,81	-0,01	
60,815	-0,01	
60,82	-0,01	
60,825	0	
60,83	0,01	
60,835	0,01	
60,84	0,02	
60,845	0,02	
60,85	0,03	
60,855	0,03	
60,86	0,04	
60,865	0,05	
60,87	0,06	
60,875	0,07	
60,88	0,08	
60,885	0,08	
60,89	0,08	
60,895	0,09	
60,9	0,09	
60,905	0,1	
60,91	0,11	
60,915	0,11	
60,92	0,12	
60,925	0,13	
60,93	0,13	
60,935	0,13	
60,94	0,14	
60,945	0,14	
60,95	0,15	
60,955	0,16	
60,96	0,17	
60,965	0,17	
60,97	0,18	
60,975	0,18	
60,98	0,18	
60,985	0,19	
60,99	0,19	
60,995	0,2	
61,0	0,21	
61,005	0,22	
61,01	0,23	
61,015	0,23	
61,02	0,23	
61,025	0,23	
61,03	0,23	
61,035	0,24	
61,04	0,25	
61,045	0,25	
61,05	0,26	
61,055	0,26	
61,06	0,26	
61,065	0,27	
61,07	0,27	
61,075	0,27	
61,08	0,27	
61,085	0,27	
61,09	0,28	
61,095	0,29	
61,1	0,29	
61,105	0,29	
61,11	0,29	
61,115	0,29	
61,12	0,29	
61,125	0,29	
61,13	0,29	
61,135	0,29	
61,14	0,3	
61,145	0,3	
61,15	0,3	
61,155	0,3	
61,16	0,3	
61,165	0,3	
61,17	0,3	
61,175	0,3	
61,18	0,3	
61,185	0,3	
61,19	0,3	
61,195	0,3	
61,2	0,29	
61,205	0,29	
61,21	0,29	
61,215	0,29	
61,22	0,28	
61,225	0,28	
61,23	0,28	
61,235	0,28	
61,24	0,28	
61,245	0,27	
61,25	0,26	
61,255	0,26	
61,26	0,25	
61,265	0,26	
61,27	0,25	
61,275	0,25	
61,28	0,25	
61,285	0,24	
61,29	0,24	
61,295	0,23	
61,3	0,22	
61,305	0,22	
61,31	0,21	
61,315	0,2	
61,32	0,2	
61,325	0,2	
61,33	0,19	
61,335	0,18	
61,34	0,17	
61,345	0,16	
61,35	0,16	
61,355	0,15	
61,36	0,15	
61,365	0,14	
61,37	0,14	
61,375	0,13	
61,38	0,11	
61,385	0,1	
61,39	0,1	
61,395	0,09	
61,4	0,08	
61,405	0,08	
61,41	0,07	
61,415	0,07	
61,42	0,06	
61,425	0,05	
61,43	0,04	
61,435	0,02	
61,44	0,01	
61,445	0	
61,45	-0,01	
61,455	-0,01	
61,46	-0,02	
61,465	-0,03	
61,47	-0,04	
61,475	-0,05	
61,48	-0,06	
61,485	-0,07	
61,49	-0,08	
61,495	-0,09	
61,5	-0,1	
61,505	-0,1	
61,51	-0,11	
61,515	-0,12	
61,52	-0,13	
61,525	-0,14	
61,53	-0,15	
61,535	-0,16	
61,54	-0,16	
61,545	-0,17	
61,55	-0,18	
61,555	-0,19	
61,56	-0,2	
61,565	-0,2	
61,57	-0,21	
61,575	-0,23	
61,58	-0,23	
61,585	-0,24	
61,59	-0,25	
61,595	-0,26	
61,6	-0,27	
61,605	-0,27	
61,61	-0,28	
61,615	-0,29	
61,62	-0,3	
61,625	-0,3	
61,63	-0,31	
61,635	-0,31	
61,64	-0,32	
61,645	-0,32	
61,65	-0,33	
61,655	-0,34	
61,66	-0,34	
61,665	-0,35	
61,67	-0,35	
61,675	-0,36	
61,68	-0,36	
61,685	-0,36	
61,69	-0,37	
61,695	-0,37	
61,7	-0,37	
61,705	-0,38	
61,71	-0,38	
61,715	-0,39	
61,72	-0,39	
61,725	-0,39	
61,73	-0,39	
61,735	-0,4	
61,74	-0,4	
61,745	-0,4	
61,75	-0,41	
61,755	-0,41	
61,76	-0,4	
61,765	-0,4	
61,77	-0,41	
61,775	-0,41	
61,78	-0,4	
61,785	-0,4	
61,79	-0,4	
61,795	-0,4	
61,8	-0,4	
61,805	-0,4	
61,81	-0,39	
61,815	-0,39	
61,82	-0,39	
61,825	-0,39	
61,83	-0,39	
61,835	-0,38	
61,84	-0,38	
61,845	-0,38	
61,85	-0,37	
61,855	-0,37	
61,86	-0,37	
61,865	-0,36	
61,87	-0,35	
61,875	-0,35	
61,88	-0,35	
61,885	-0,34	
61,89	-0,33	
61,895	-0,32	
61,9	-0,31	
61,905	-0,31	
61,91	-0,3	
61,915	-0,3	
61,92	-0,29	
61,925	-0,28	
61,93	-0,27	
61,935	-0,26	
61,94	-0,26	
61,945	-0,25	
61,95	-0,25	
61,955	-0,24	
61,96	-0,23	
61,965	-0,22	
61,97	-0,21	
61,975	-0,19	
61,98	-0,18	
61,985	-0,18	
61,99	-0,16	
61,995	-0,15	
62,0	-0,15	
62,005	-0,14	
62,01	-0,13	
62,015	-0,12	
62,02	-0,11	
62,025	-0,1	
62,03	-0,08	
62,035	-0,07	
62,04	-0,06	
62,045	-0,05	
62,05	-0,04	
62,055	-0,03	
62,06	-0,01	
62,065	0	
62,07	0,01	
62,075	0,03	
62,08	0,03	
62,085	0,04	
62,09	0,05	
62,095	0,06	
62,1	0,07	
62,105	0,09	
62,11	0,1	
62,115	0,11	
62,12	0,12	
62,125	0,13	
62,13	0,15	
62,135	0,15	
62,14	0,17	
62,145	0,18	
62,15	0,19	
62,155	0,2	
62,16	0,21	
62,165	0,22	
62,17	0,23	
62,175	0,24	
62,18	0,25	
62,185	0,26	
62,19	0,27	
62,195	0,28	
62,2	0,29	
62,205	0,29	
62,21	0,31	
62,215	0,32	
62,22	0,33	
62,225	0,34	
62,23	0,35	
62,235	0,35	
62,24	0,36	
62,245	0,37	
62,25	0,38	
62,255	0,39	
62,26	0,39	
62,265	0,4	
62,27	0,4	
62,275	0,41	
62,28	0,42	
62,285	0,42	
62,29	0,43	
62,295	0,44	
62,3	0,44	
62,305	0,45	
62,31	0,45	
62,315	0,45	
62,32	0,46	
62,325	0,46	
62,33	0,47	
62,335	0,47	
62,34	0,47	
62,345	0,48	
62,35	0,48	
62,355	0,48	
62,36	0,48	
62,365	0,48	
62,37	0,48	
62,375	0,48	
62,38	0,48	
62,385	0,49	
62,39	0,49	
62,395	0,49	
62,4	0,49	
62,405	0,49	
62,41	0,48	
62,415	0,48	
62,42	0,48	
62,425	0,48	
62,43	0,48	
62,435	0,47	
62,44	0,47	
62,445	0,46	
62,45	0,46	
62,455	0,45	
62,46	0,45	
62,465	0,44	
62,47	0,44	
62,475	0,43	
62,48	0,42	
62,485	0,42	
62,49	0,42	
62,495	0,41	
62,5	0,4	
62,505	0,39	
62,51	0,38	
62,515	0,38	
62,52	0,37	
62,525	0,36	
62,53	0,35	
62,535	0,34	
62,54	0,33	
62,545	0,32	
62,55	0,31	
62,555	0,3	
62,56	0,29	
62,565	0,28	
62,57	0,27	
62,575	0,27	
62,58	0,26	
62,585	0,25	
62,59	0,24	
62,595	0,23	
62,6	0,21	
62,605	0,2	
62,61	0,19	
62,615	0,18	
62,62	0,16	
62,625	0,15	
62,63	0,13	
62,635	0,12	
62,64	0,11	
62,645	0,1	
62,65	0,09	
62,655	0,08	
62,66	0,06	
62,665	0,05	
62,67	0,04	
62,675	0,02	
62,68	0,01	
62,685	0	
62,69	-0,02	
62,695	-0,03	
62,7	-0,04	
62,705	-0,06	
62,71	-0,07	
62,715	-0,08	
62,72	-0,1	
62,725	-0,11	
62,73	-0,12	
62,735	-0,13	
62,74	-0,14	
62,745	-0,16	
62,75	-0,17	
62,755	-0,18	
62,76	-0,2	
62,765	-0,21	
62,77	-0,22	
62,775	-0,23	
62,78	-0,24	
62,785	-0,26	
62,79	-0,27	
62,795	-0,28	
62,8	-0,29	
62,805	-0,3	
62,81	-0,31	
62,815	-0,32	
62,82	-0,33	
62,825	-0,34	
62,83	-0,35	
62,835	-0,36	
62,84	-0,37	
62,845	-0,38	
62,85	-0,39	
62,855	-0,4	
62,86	-0,41	
62,865	-0,42	
62,87	-0,43	
62,875	-0,44	
62,88	-0,45	
62,885	-0,45	
62,89	-0,46	
62,895	-0,47	
62,9	-0,47	
62,905	-0,48	
62,91	-0,49	
62,915	-0,49	
62,92	-0,49	
62,925	-0,5	
62,93	-0,51	
62,935	-0,51	
62,94	-0,52	
62,945	-0,52	
62,95	-0,52	
62,955	-0,53	
62,96	-0,53	
62,965	-0,53	
62,97	-0,53	
62,975	-0,53	
62,98	-0,53	
62,985	-0,53	
62,99	-0,53	
62,995	-0,53	
63,0	-0,53	
63,005	-0,53	
63,01	-0,53	
63,015	-0,54	
63,02	-0,54	
63,025	-0,54	
63,03	-0,53	
63,035	-0,53	
63,04	-0,52	
63,045	-0,52	
63,05	-0,52	
63,055	-0,51	
63,06	-0,51	
63,065	-0,51	
63,07	-0,5	
63,075	-0,5	
63,08	-0,49	
63,085	-0,48	
63,09	-0,48	
63,095	-0,47	
63,1	-0,47	
63,105	-0,46	
63,11	-0,45	
63,115	-0,44	
63,12	-0,43	
63,125	-0,42	
63,13	-0,41	
63,135	-0,4	
63,14	-0,39	
63,145	-0,38	
63,15	-0,38	
63,155	-0,37	
63,16	-0,36	
63,165	-0,35	
63,17	-0,34	
63,175	-0,32	
63,18	-0,31	
63,185	-0,3	
63,19	-0,29	
63,195	-0,28	
63,2	-0,27	
63,205	-0,26	
63,21	-0,24	
63,215	-0,23	
63,22	-0,21	
63,225	-0,2	
63,23	-0,19	
63,235	-0,18	
63,24	-0,17	
63,245	-0,16	
63,25	-0,14	
63,255	-0,13	
63,26	-0,12	
63,265	-0,1	
63,27	-0,08	
63,275	-0,07	
63,28	-0,06	
63,285	-0,04	
63,29	-0,03	
63,295	-0,02	
63,3	0	
63,305	0,01	
63,31	0,03	
63,315	0,04	
63,32	0,06	
63,325	0,07	
63,33	0,08	
63,335	0,1	
63,34	0,11	
63,345	0,13	
63,35	0,14	
63,355	0,15	
63,36	0,17	
63,365	0,18	
63,37	0,18	
63,375	0,2	
63,38	0,22	
63,385	0,23	
63,39	0,24	
63,395	0,26	
63,4	0,27	
63,405	0,28	
63,41	0,3	
63,415	0,3	
63,42	0,32	
63,425	0,33	
63,43	0,33	
63,435	0,35	
63,44	0,36	
63,445	0,37	
63,45	0,38	
63,455	0,39	
63,46	0,4	
63,465	0,41	
63,47	0,42	
63,475	0,42	
63,48	0,43	
63,485	0,44	
63,49	0,45	
63,495	0,46	
63,5	0,47	
63,505	0,48	
63,51	0,49	
63,515	0,49	
63,52	0,49	
63,525	0,5	
63,53	0,5	
63,535	0,51	
63,54	0,52	
63,545	0,53	
63,55	0,53	
63,555	0,54	
63,56	0,54	
63,565	0,54	
63,57	0,54	
63,575	0,54	
63,58	0,55	
63,585	0,55	
63,59	0,56	
63,595	0,56	
63,6	0,56	
63,605	0,56	
63,61	0,55	
63,615	0,55	
63,62	0,54	
63,625	0,54	
63,63	0,55	
63,635	0,55	
63,64	0,56	
63,645	0,55	
63,65	0,55	
63,655	0,54	
63,66	0,53	
63,665	0,52	
63,67	0,52	
63,675	0,52	
63,68	0,52	
63,685	0,51	
63,69	0,51	
63,695	0,5	
63,7	0,49	
63,705	0,49	
63,71	0,48	
63,715	0,47	
63,72	0,47	
63,725	0,46	
63,73	0,46	
63,735	0,45	
63,74	0,44	
63,745	0,43	
63,75	0,41	
63,755	0,4	
63,76	0,39	
63,765	0,38	
63,77	0,38	
63,775	0,37	
63,78	0,36	
63,785	0,35	
63,79	0,33	
63,795	0,32	
63,8	0,31	
63,805	0,3	
63,81	0,29	
63,815	0,28	
63,82	0,27	
63,825	0,26	
63,83	0,24	
63,835	0,21	
63,84	0,2	
63,845	0,19	
63,85	0,19	
63,855	0,18	
63,86	0,18	
63,865	0,16	
63,87	0,14	
63,875	0,12	
63,88	0,09	
63,885	0,08	
63,89	0,06	
63,895	0,06	
63,9	0,05	
63,905	0,05	
63,91	0,04	
63,915	0,03	
63,92	0	
63,925	-0,03	
63,93	-0,05	
63,935	-0,06	
63,94	-0,08	
63,945	-0,08	
63,95	-0,09	
63,955	-0,1	
63,96	-0,11	
63,965	-0,12	
63,97	-0,14	
63,975	-0,16	
63,98	-0,18	
63,985	-0,19	
63,99	-0,2	
63,995	-0,21	
64,0	-0,22	
64,005	-0,23	
64,01	-0,25	
64,015	-0,27	
64,02	-0,28	
64,025	-0,3	
64,03	-0,31	
64,035	-0,31	
64,04	-0,32	
64,045	-0,32	
64,05	-0,33	
64,055	-0,35	
64,06	-0,37	
64,065	-0,38	
64,07	-0,39	
64,075	-0,39	
64,08	-0,4	
64,085	-0,4	
64,09	-0,41	
64,095	-0,42	
64,1	-0,43	
64,105	-0,44	
64,11	-0,46	
64,115	-0,47	
64,12	-0,48	
64,125	-0,47	
64,13	-0,47	
64,135	-0,47	
64,14	-0,48	
64,145	-0,49	
64,15	-0,5	
64,155	-0,51	
64,16	-0,52	
64,165	-0,52	
64,17	-0,52	
64,175	-0,52	
64,18	-0,52	
64,185	-0,52	
64,19	-0,53	
64,195	-0,53	
64,2	-0,54	
64,205	-0,55	
64,21	-0,55	
64,215	-0,55	
64,22	-0,54	
64,225	-0,53	
64,23	-0,53	
64,235	-0,53	
64,24	-0,53	
64,245	-0,54	
64,25	-0,54	
64,255	-0,54	
64,26	-0,53	
64,265	-0,52	
64,27	-0,52	
64,275	-0,51	
64,28	-0,51	
64,285	-0,51	
64,29	-0,51	
64,295	-0,51	
64,3	-0,5	
64,305	-0,5	
64,31	-0,48	
64,315	-0,47	
64,32	-0,46	
64,325	-0,45	
64,33	-0,45	
64,335	-0,45	
64,34	-0,45	
64,345	-0,44	
64,35	-0,43	
64,355	-0,42	
64,36	-0,4	
64,365	-0,39	
64,37	-0,39	
64,375	-0,38	
64,38	-0,38	
64,385	-0,37	
64,39	-0,36	
64,395	-0,34	
64,4	-0,33	
64,405	-0,31	
64,41	-0,3	
64,415	-0,29	
64,42	-0,28	
64,425	-0,28	
64,43	-0,27	
64,435	-0,26	
64,44	-0,24	
64,445	-0,22	
64,45	-0,21	
64,455	-0,19	
64,46	-0,18	
64,465	-0,18	
64,47	-0,17	
64,475	-0,16	
64,48	-0,15	
64,485	-0,13	
64,49	-0,11	
64,495	-0,1	
64,5	-0,08	
64,505	-0,06	
64,51	-0,06	
64,515	-0,05	
64,52	-0,04	
64,525	-0,03	
64,53	-0,01	
64,535	0,01	
64,54	0,02	
64,545	0,04	
64,55	0,05	
64,555	0,06	
64,56	0,06	
64,565	0,08	
64,57	0,09	
64,575	0,11	
64,58	0,13	
64,585	0,14	
64,59	0,15	
64,595	0,16	
64,6	0,17	
64,605	0,18	
64,61	0,19	
64,615	0,2	
64,62	0,21	
64,625	0,23	
64,63	0,25	
64,635	0,26	
64,64	0,27	
64,645	0,28	
64,65	0,28	
64,655	0,29	
64,66	0,3	
64,665	0,31	
64,67	0,33	
64,675	0,34	
64,68	0,35	
64,685	0,36	
64,69	0,36	
64,695	0,37	
64,7	0,37	
64,705	0,37	
64,71	0,38	
64,715	0,4	
64,72	0,41	
64,725	0,43	
64,73	0,43	
64,735	0,43	
64,74	0,43	
64,745	0,43	
64,75	0,43	
64,755	0,44	
64,76	0,45	
64,765	0,46	
64,77	0,47	
64,775	0,48	
64,78	0,48	
64,785	0,47	
64,79	0,47	
64,795	0,47	
64,8	0,48	
64,805	0,49	
64,81	0,49	
64,815	0,5	
64,82	0,49	
64,825	0,49	
64,83	0,49	
64,835	0,48	
64,84	0,48	
64,845	0,48	
64,85	0,48	
64,855	0,49	
64,86	0,49	
64,865	0,49	
64,87	0,48	
64,875	0,48	
64,88	0,47	
64,885	0,47	
64,89	0,47	
64,895	0,47	
64,9	0,47	
64,905	0,46	
64,91	0,46	
64,915	0,45	
64,92	0,44	
64,925	0,43	
64,93	0,42	
64,935	0,42	
64,94	0,42	
64,945	0,42	
64,95	0,41	
64,955	0,41	
64,96	0,4	
64,965	0,39	
64,97	0,37	
64,975	0,36	
64,98	0,35	
64,985	0,35	
64,99	0,34	
64,995	0,34	
65,0	0,33	
65,005	0,32	
65,01	0,31	
65,015	0,3	
65,02	0,28	
65,025	0,28	
65,03	0,27	
65,035	0,26	
65,04	0,26	
65,045	0,25	
65,05	0,23	
65,055	0,21	
65,06	0,2	
65,065	0,19	
65,07	0,18	
65,075	0,17	
65,08	0,16	
65,085	0,15	
65,09	0,14	
65,095	0,13	
65,1	0,12	
65,105	0,11	
65,11	0,09	
65,115	0,08	
65,12	0,07	
65,125	0,06	
65,13	0,05	
65,135	0,04	
65,14	0,03	
65,145	0,02	
65,15	0	
65,155	-0,01	
65,16	-0,02	
65,165	-0,03	
65,17	-0,04	
65,175	-0,05	
65,18	-0,07	
65,185	-0,08	
65,19	-0,09	
65,195	-0,1	
65,2	-0,11	
65,205	-0,12	
65,21	-0,13	
65,215	-0,14	
65,22	-0,15	
65,225	-0,16	
65,23	-0,17	
65,235	-0,19	
65,24	-0,19	
65,245	-0,2	
65,25	-0,21	
65,255	-0,22	
65,26	-0,22	
65,265	-0,23	
65,27	-0,24	
65,275	-0,25	
65,28	-0,26	
65,285	-0,27	
65,29	-0,29	
65,295	-0,29	
65,3	-0,3	
65,305	-0,31	
65,31	-0,31	
65,315	-0,32	
65,32	-0,33	
65,325	-0,33	
65,33	-0,34	
65,335	-0,35	
65,34	-0,35	
65,345	-0,35	
65,35	-0,35	
65,355	-0,36	
65,36	-0,36	
65,365	-0,37	
65,37	-0,38	
65,375	-0,39	
65,38	-0,39	
65,385	-0,4	
65,39	-0,4	
65,395	-0,4	
65,4	-0,4	
65,405	-0,4	
65,41	-0,4	
65,415	-0,4	
65,42	-0,41	
65,425	-0,41	
65,43	-0,41	
65,435	-0,42	
65,44	-0,42	
65,445	-0,41	
65,45	-0,41	
65,455	-0,41	
65,46	-0,4	
65,465	-0,41	
65,47	-0,4	
65,475	-0,4	
65,48	-0,4	
65,485	-0,4	
65,49	-0,4	
65,495	-0,4	
65,5	-0,39	
65,505	-0,39	
65,51	-0,39	
65,515	-0,38	
65,52	-0,38	
65,525	-0,38	
65,53	-0,37	
65,535	-0,37	
65,54	-0,37	
65,545	-0,36	
65,55	-0,36	
65,555	-0,35	
65,56	-0,35	
65,565	-0,34	
65,57	-0,33	
65,575	-0,33	
65,58	-0,32	
65,585	-0,32	
65,59	-0,31	
65,595	-0,3	
65,6	-0,29	
65,605	-0,29	
65,61	-0,28	
65,615	-0,27	
65,62	-0,27	
65,625	-0,26	
65,63	-0,25	
65,635	-0,24	
65,64	-0,23	
65,645	-0,22	
65,65	-0,22	
65,655	-0,21	
65,66	-0,2	
65,665	-0,2	
65,67	-0,19	
65,675	-0,18	
65,68	-0,17	
65,685	-0,16	
65,69	-0,15	
65,695	-0,13	
65,7	-0,13	
65,705	-0,12	
65,71	-0,11	
65,715	-0,11	
65,72	-0,09	
65,725	-0,08	
65,73	-0,07	
65,735	-0,06	
65,74	-0,05	
65,745	-0,04	
65,75	-0,04	
65,755	-0,03	
65,76	-0,02	
65,765	-0,01	
65,77	0	
65,775	0,01	
65,78	0,02	
65,785	0,03	
65,79	0,04	
65,795	0,05	
65,8	0,05	
65,805	0,06	
65,81	0,07	
65,815	0,08	
65,82	0,09	
65,825	0,1	
65,83	0,11	
65,835	0,12	
65,84	0,13	
65,845	0,13	
65,85	0,14	
65,855	0,14	
65,86	0,15	
65,865	0,16	
65,87	0,17	
65,875	0,18	
65,88	0,19	
65,885	0,19	
65,89	0,19	
65,895	0,2	
65,9	0,21	
65,905	0,21	
65,91	0,22	
65,915	0,23	
65,92	0,23	
65,925	0,24	
65,93	0,24	
65,935	0,24	
65,94	0,25	
65,945	0,25	
65,95	0,26	
65,955	0,27	
65,96	0,27	
65,965	0,28	
65,97	0,28	
65,975	0,28	
65,98	0,28	
65,985	0,28	
65,99	0,29	
65,995	0,29	
66,0	0,3	
66,005	0,3	
66,01	0,3	
66,015	0,3	
66,02	0,3	
66,025	0,3	
66,03	0,3	
66,035	0,3	
66,04	0,3	
66,045	0,3	
66,05	0,31	
66,055	0,31	
66,06	0,31	
66,065	0,3	
66,07	0,31	
66,075	0,3	
66,08	0,3	
66,085	0,31	
66,09	0,31	
66,095	0,31	
66,1	0,31	
66,105	0,3	
66,11	0,3	
66,115	0,29	
66,12	0,29	
66,125	0,29	
66,13	0,29	
66,135	0,28	
66,14	0,28	
66,145	0,28	
66,15	0,28	
66,155	0,27	
66,16	0,27	
66,165	0,26	
66,17	0,26	
66,175	0,26	
66,18	0,25	
66,185	0,25	
66,19	0,25	
66,195	0,24	
66,2	0,23	
66,205	0,23	
66,21	0,22	
66,215	0,22	
66,22	0,22	
66,225	0,21	
66,23	0,21	
66,235	0,2	
66,24	0,2	
66,245	0,19	
66,25	0,18	
66,255	0,18	
66,26	0,17	
66,265	0,16	
66,27	0,16	
66,275	0,16	
66,28	0,15	
66,285	0,14	
66,29	0,13	
66,295	0,12	
66,3	0,12	
66,305	0,11	
66,31	0,1	
66,315	0,1	
66,32	0,09	
66,325	0,09	
66,33	0,08	
66,335	0,07	
66,34	0,06	
66,345	0,06	
66,35	0,05	
66,355	0,05	
66,36	0,05	
66,365	0,04	
66,37	0,03	
66,375	0,03	
66,38	0,02	
66,385	0,01	
66,39	0	
66,395	-0,01	
66,4	-0,01	
66,405	-0,02	
66,41	-0,02	
66,415	-0,03	
66,42	-0,03	
66,425	-0,04	
66,43	-0,05	
66,435	-0,05	
66,44	-0,06	
66,445	-0,06	
66,45	-0,06	
66,455	-0,07	
66,46	-0,07	
66,465	-0,08	
66,47	-0,08	
66,475	-0,09	
66,48	-0,1	
66,485	-0,1	
66,49	-0,1	
66,495	-0,11	
66,5	-0,11	
66,505	-0,12	
66,51	-0,12	
66,515	-0,13	
66,52	-0,13	
66,525	-0,14	
66,53	-0,14	
66,535	-0,14	
66,54	-0,15	
66,545	-0,15	
66,55	-0,15	
66,555	-0,16	
66,56	-0,16	
66,565	-0,16	
66,57	-0,17	
66,575	-0,17	
66,58	-0,17	
66,585	-0,17	
66,59	-0,17	
66,595	-0,17	
66,6	-0,17	
66,605	-0,17	
66,61	-0,18	
66,615	-0,18	
66,62	-0,18	
66,625	-0,18	
66,63	-0,18	
66,635	-0,18	
66,64	-0,18	
66,645	-0,18	
66,65	-0,19	
66,655	-0,19	
66,66	-0,19	
66,665	-0,19	
66,67	-0,19	
66,675	-0,19	
66,68	-0,19	
66,685	-0,19	
66,69	-0,19	
66,695	-0,19	
66,7	-0,19	
66,705	-0,19	
66,71	-0,19	
66,715	-0,18	
66,72	-0,18	
66,725	-0,18	
66,73	-0,18	
66,735	-0,17	
66,74	-0,17	
66,745	-0,17	
66,75	-0,17	
66,755	-0,17	
66,76	-0,17	
66,765	-0,17	
66,77	-0,16	
66,775	-0,16	
66,78	-0,16	
66,785	-0,15	
66,79	-0,15	
66,795	-0,15	
66,8	-0,15	
66,805	-0,15	
66,81	-0,15	
66,815	-0,14	
66,82	-0,14	
66,825	-0,14	
66,83	-0,13	
66,835	-0,13	
66,84	-0,13	
66,845	-0,12	
66,85	-0,12	
66,855	-0,12	
66,86	-0,12	
66,865	-0,11	
66,87	-0,11	
66,875	-0,11	
66,88	-0,1	
66,885	-0,1	
66,89	-0,09	
66,895	-0,09	
66,9	-0,09	
66,905	-0,08	
66,91	-0,08	
66,915	-0,08	
66,92	-0,07	
66,925	-0,07	
66,93	-0,07	
66,935	-0,06	
66,94	-0,06	
66,945	-0,06	
66,95	-0,05	
66,955	-0,05	
66,96	-0,05	
66,965	-0,04	
66,97	-0,04	
66,975	-0,04	
66,98	-0,04	
66,985	-0,04	
66,99	-0,03	
66,995	-0,03	
67,0	-0,03	
67,005	-0,02	
67,01	-0,02	
67,015	-0,02	
67,02	-0,02	
67,025	-0,01	
67,03	-0,01	
67,035	-0,01	
67,04	-0,01	
67,045	0	
67,05	0	
67,055	0	
67,06	0,01	
67,065	0,01	
67,07	0,01	
67,075	0,01	
67,08	0,02	
67,085	0,02	
67,09	0,02	
67,095	0,02	
67,1	0,03	
67,105	0,03	
67,11	0,03	
67,115	0,03	
67,12	0,03	
67,125	0,03	
67,13	0,03	
67,135	0,03	
67,14	0,04	
67,145	0,04	
67,15	0,04	
67,155	0,04	
67,16	0,04	
67,165	0,04	
67,17	0,04	
67,175	0,04	
67,18	0,05	
67,185	0,05	
67,19	0,05	
67,195	0,05	
67,2	0,05	
67,205	0,05	
67,21	0,05	
67,215	0,05	
67,22	0,05	
67,225	0,05	
67,23	0,05	
67,235	0,06	
67,24	0,06	
67,245	0,06	
67,25	0,05	
67,255	0,05	
67,26	0,05	
67,265	0,05	
67,27	0,05	
67,275	0,06	
67,28	0,06	
67,285	0,05	
67,29	0,05	
67,295	0,05	
67,3	0,05	
67,305	0,05	
67,31	0,05	
67,315	0,06	
67,32	0,06	
67,325	0,05	
