t, ñ	wz	
0,0	0	
0,005	0	
0,01	0	
0,015	0	
0,02	0	
0,025	0	
0,03	0	
0,035	0	
0,04	0	
0,045	0	
0,05	0	
0,055	0	
0,06	0	
0,065	0	
0,07	0	
0,075	0	
0,08	0	
0,085	0	
0,09	0	
0,095	0	
0,1	0	
0,105	0	
0,11	0	
0,115	0	
0,12	0	
0,125	0	
0,13	0	
0,135	0	
0,14	0	
0,145	0	
0,15	0	
0,155	0	
0,16	0	
0,165	0	
0,17	0	
0,175	0	
0,18	0	
0,185	0	
0,19	0	
0,195	0,01	
0,2	0,01	
0,205	0,01	
0,21	0,01	
0,215	0,01	
0,22	0,01	
0,225	0,01	
0,23	0,01	
0,235	0,01	
0,24	0	
0,245	0	
0,25	0	
0,255	0	
0,26	0	
0,265	0	
0,27	0	
0,275	0,01	
0,28	0	
0,285	0	
0,29	0	
0,295	0	
0,3	0	
0,305	0	
0,31	0	
0,315	0	
0,32	0	
0,325	0,01	
0,33	0,01	
0,335	0,01	
0,34	0,01	
0,345	0	
0,35	0	
0,355	0	
0,36	0	
0,365	0	
0,37	0	
0,375	0	
0,38	0,01	
0,385	0	
0,39	0,01	
0,395	0	
0,4	0,01	
0,405	0	
0,41	0	
0,415	0	
0,42	0	
0,425	0	
0,43	0	
0,435	0	
0,44	0	
0,445	0	
0,45	0	
0,455	0	
0,46	0	
0,465	0	
0,47	0	
0,475	0	
0,48	-0,01	
0,485	-0,01	
0,49	-0,01	
0,495	0	
0,5	0	
0,505	0	
0,51	0	
0,515	0	
0,52	-0,01	
0,525	0	
0,53	0	
0,535	0	
0,54	0	
0,545	0	
0,55	0	
0,555	-0,01	
0,56	-0,01	
0,565	0	
0,57	0	
0,575	-0,01	
0,58	-0,01	
0,585	0	
0,59	0	
0,595	0	
0,6	0	
0,605	0	
0,61	0	
0,615	0	
0,62	0	
0,625	0	
0,63	0	
0,635	0	
0,64	0	
0,645	0	
0,65	0	
0,655	0	
0,66	-0,01	
0,665	-0,01	
0,67	-0,01	
0,675	-0,01	
0,68	-0,01	
0,685	-0,01	
0,69	0	
0,695	0	
0,7	0	
0,705	0	
0,71	0	
0,715	0	
0,72	0	
0,725	0	
0,73	0	
0,735	-0,01	
0,74	-0,01	
0,745	-0,01	
0,75	-0,01	
0,755	-0,01	
0,76	-0,01	
0,765	-0,01	
0,77	-0,01	
0,775	-0,01	
0,78	-0,01	
0,785	-0,01	
0,79	-0,01	
0,795	-0,01	
0,8	-0,01	
0,805	-0,01	
0,81	-0,01	
0,815	-0,01	
0,82	-0,01	
0,825	-0,01	
0,83	-0,01	
0,835	-0,01	
0,84	-0,01	
0,845	-0,01	
0,85	-0,01	
0,855	-0,01	
0,86	0	
0,865	-0,01	
0,87	-0,01	
0,875	-0,01	
0,88	-0,01	
0,885	-0,01	
0,89	-0,01	
0,895	-0,01	
0,9	-0,01	
0,905	-0,01	
0,91	-0,01	
0,915	-0,01	
0,92	-0,01	
0,925	-0,01	
0,93	-0,01	
0,935	-0,01	
0,94	-0,01	
0,945	-0,01	
0,95	-0,01	
0,955	-0,01	
0,96	-0,01	
0,965	-0,01	
0,97	-0,01	
0,975	-0,01	
0,98	0	
0,985	0	
0,99	0	
0,995	0	
1,0	-0,01	
1,005	-0,01	
1,01	-0,01	
1,015	-0,01	
1,02	-0,01	
1,025	0	
1,03	0	
1,035	-0,01	
1,04	-0,01	
1,045	-0,01	
1,05	-0,01	
1,055	-0,01	
1,06	-0,01	
1,065	-0,01	
1,07	-0,01	
1,075	-0,01	
1,08	0	
1,085	0	
1,09	0	
1,095	0	
1,1	0	
1,105	0	
1,11	0	
1,115	0	
1,12	0	
1,125	0	
1,13	0	
1,135	0	
1,14	0	
1,145	0	
1,15	0	
1,155	0	
1,16	-0,01	
1,165	-0,01	
1,17	-0,01	
1,175	-0,01	
1,18	-0,01	
1,185	0	
1,19	0	
1,195	0	
1,2	0	
1,205	0	
1,21	0	
1,215	0	
1,22	0	
1,225	0	
1,23	0	
1,235	0	
1,24	0	
1,245	0	
1,25	0	
1,255	0	
1,26	0	
1,265	0	
1,27	0	
1,275	0	
1,28	0,01	
1,285	0,01	
1,29	0,01	
1,295	0	
1,3	0	
1,305	0	
1,31	0	
1,315	0	
1,32	0	
1,325	0	
1,33	0	
1,335	0	
1,34	0	
1,345	0	
1,35	0	
1,355	0	
1,36	0	
1,365	0	
1,37	0	
1,375	0	
1,38	0	
1,385	0	
1,39	0	
1,395	0	
1,4	0	
1,405	0	
1,41	0	
1,415	0	
1,42	0	
1,425	0	
1,43	0	
1,435	0	
1,44	0	
1,445	0,01	
1,45	0,01	
1,455	0,01	
1,46	0,01	
1,465	0	
1,47	-0,02	
1,475	-0,03	
1,48	-0,03	
1,485	-0,03	
1,49	-0,01	
1,495	0,02	
1,5	0,03	
1,505	0,04	
1,51	0,03	
1,515	-0,01	
1,52	-0,03	
1,525	-0,05	
1,53	-0,04	
1,535	-0,02	
1,54	0,01	
1,545	0,04	
1,55	0,05	
1,555	0,04	
1,56	0,01	
1,565	-0,04	
1,57	-0,06	
1,575	-0,06	
1,58	-0,05	
1,585	-0,02	
1,59	0,01	
1,595	0,03	
1,6	0,03	
1,605	0,01	
1,61	-0,04	
1,615	-0,06	
1,62	-0,08	
1,625	-0,07	
1,63	-0,03	
1,635	0	
1,64	0,02	
1,645	0,02	
1,65	0,01	
1,655	-0,05	
1,66	-0,08	
1,665	-0,09	
1,67	-0,08	
1,675	-0,06	
1,68	-0,03	
1,685	0	
1,69	0	
1,695	-0,02	
1,7	-0,07	
1,705	-0,1	
1,71	-0,11	
1,715	-0,11	
1,72	-0,09	
1,725	-0,05	
1,73	-0,02	
1,735	-0,02	
1,74	-0,03	
1,745	-0,08	
1,75	-0,11	
1,755	-0,13	
1,76	-0,13	
1,765	-0,1	
1,77	-0,07	
1,775	-0,05	
1,78	-0,04	
1,785	-0,05	
1,79	-0,11	
1,795	-0,14	
1,8	-0,15	
1,805	-0,15	
1,81	-0,12	
1,815	-0,09	
1,82	-0,06	
1,825	-0,05	
1,83	-0,07	
1,835	-0,12	
1,84	-0,15	
1,845	-0,17	
1,85	-0,17	
1,855	-0,14	
1,86	-0,11	
1,865	-0,08	
1,87	-0,08	
1,875	-0,09	
1,88	-0,15	
1,885	-0,19	
1,89	-0,21	
1,895	-0,2	
1,9	-0,17	
1,905	-0,13	
1,91	-0,1	
1,915	-0,09	
1,92	-0,1	
1,925	-0,17	
1,93	-0,2	
1,935	-0,22	
1,94	-0,21	
1,945	-0,18	
1,95	-0,14	
1,955	-0,1	
1,96	-0,09	
1,965	-0,11	
1,97	-0,17	
1,975	-0,21	
1,98	-0,23	
1,985	-0,23	
1,99	-0,19	
1,995	-0,15	
2,0	-0,11	
2,005	-0,09	
2,01	-0,11	
2,015	-0,15	
2,02	-0,21	
2,025	-0,23	
2,03	-0,22	
2,035	-0,19	
2,04	-0,14	
2,045	-0,1	
2,05	-0,08	
2,055	-0,1	
2,06	-0,14	
2,065	-0,2	
2,07	-0,22	
2,075	-0,22	
2,08	-0,18	
2,085	-0,13	
2,09	-0,09	
2,095	-0,07	
2,1	-0,08	
2,105	-0,11	
2,11	-0,18	
2,115	-0,2	
2,12	-0,19	
2,125	-0,15	
2,13	-0,1	
2,135	-0,06	
2,14	-0,03	
2,145	-0,04	
2,15	-0,08	
2,155	-0,14	
2,16	-0,16	
2,165	-0,15	
2,17	-0,12	
2,175	-0,07	
2,18	-0,02	
2,185	-0,01	
2,19	-0,02	
2,195	-0,05	
2,2	-0,1	
2,205	-0,12	
2,21	-0,11	
2,215	-0,07	
2,22	-0,02	
2,225	0,02	
2,23	0,04	
2,235	0,04	
2,24	0	
2,245	-0,05	
2,25	-0,07	
2,255	-0,05	
2,26	-0,02	
2,265	0,04	
2,27	0,08	
2,275	0,1	
2,28	0,08	
2,285	0,05	
2,29	0	
2,295	-0,02	
2,3	0	
2,305	0,04	
2,31	0,09	
2,315	0,13	
2,32	0,15	
2,325	0,14	
2,33	0,11	
2,335	0,06	
2,34	0,04	
2,345	0,06	
2,35	0,1	
2,355	0,15	
2,36	0,19	
2,365	0,21	
2,37	0,2	
2,375	0,17	
2,38	0,11	
2,385	0,1	
2,39	0,12	
2,395	0,15	
2,4	0,21	
2,405	0,25	
2,41	0,27	
2,415	0,25	
2,42	0,22	
2,425	0,18	
2,43	0,16	
2,435	0,17	
2,44	0,21	
2,445	0,26	
2,45	0,3	
2,455	0,32	
2,46	0,31	
2,465	0,28	
2,47	0,24	
2,475	0,21	
2,48	0,22	
2,485	0,26	
2,49	0,3	
2,495	0,34	
2,5	0,36	
2,505	0,35	
2,51	0,32	
2,515	0,28	
2,52	0,25	
2,525	0,26	
2,53	0,29	
2,535	0,33	
2,54	0,37	
2,545	0,38	
2,55	0,37	
2,555	0,35	
2,56	0,31	
2,565	0,28	
2,57	0,29	
2,575	0,31	
2,58	0,35	
2,585	0,38	
2,59	0,39	
2,595	0,38	
2,6	0,35	
2,605	0,32	
2,61	0,29	
2,615	0,3	
2,62	0,32	
2,625	0,35	
2,63	0,38	
2,635	0,39	
2,64	0,37	
2,645	0,34	
2,65	0,31	
2,655	0,28	
2,66	0,29	
2,665	0,31	
2,67	0,33	
2,675	0,36	
2,68	0,36	
2,685	0,34	
2,69	0,31	
2,695	0,28	
2,7	0,25	
2,705	0,26	
2,71	0,28	
2,715	0,3	
2,72	0,32	
2,725	0,32	
2,73	0,3	
2,735	0,27	
2,74	0,24	
2,745	0,21	
2,75	0,21	
2,755	0,23	
2,76	0,25	
2,765	0,26	
2,77	0,26	
2,775	0,24	
2,78	0,21	
2,785	0,17	
2,79	0,14	
2,795	0,14	
2,8	0,15	
2,805	0,18	
2,81	0,19	
2,815	0,19	
2,82	0,17	
2,825	0,14	
2,83	0,11	
2,835	0,07	
2,84	0,07	
2,845	0,08	
2,85	0,09	
2,855	0,11	
2,86	0,11	
2,865	0,09	
2,87	0,06	
2,875	0,03	
2,88	-0,01	
2,885	-0,03	
2,89	-0,02	
2,895	-0,01	
2,9	0	
2,905	0	
2,91	-0,01	
2,915	-0,03	
2,92	-0,06	
2,925	-0,09	
2,93	-0,1	
2,935	-0,1	
2,94	-0,1	
2,945	-0,09	
2,95	-0,1	
2,955	-0,11	
2,96	-0,13	
2,965	-0,16	
2,97	-0,18	
2,975	-0,2	
2,98	-0,2	
2,985	-0,19	
2,99	-0,19	
2,995	-0,19	
3,0	-0,2	
3,005	-0,22	
3,01	-0,24	
3,015	-0,26	
3,02	-0,28	
3,025	-0,28	
3,03	-0,27	
3,035	-0,27	
3,04	-0,27	
3,045	-0,29	
3,05	-0,31	
3,055	-0,34	
3,06	-0,36	
3,065	-0,37	
3,07	-0,37	
3,075	-0,35	
3,08	-0,33	
3,085	-0,33	
3,09	-0,34	
3,095	-0,36	
3,1	-0,4	
3,105	-0,43	
3,11	-0,45	
3,115	-0,44	
3,12	-0,42	
3,125	-0,4	
3,13	-0,39	
3,135	-0,39	
3,14	-0,4	
3,145	-0,43	
3,15	-0,46	
3,155	-0,49	
3,16	-0,49	
3,165	-0,47	
3,17	-0,45	
3,175	-0,43	
3,18	-0,43	
3,185	-0,44	
3,19	-0,46	
3,195	-0,48	
3,2	-0,51	
3,205	-0,5	
3,21	-0,49	
3,215	-0,47	
3,22	-0,45	
3,225	-0,44	
3,23	-0,45	
3,235	-0,46	
3,24	-0,48	
3,245	-0,5	
3,25	-0,49	
3,255	-0,48	
3,26	-0,46	
3,265	-0,44	
3,27	-0,43	
3,275	-0,43	
3,28	-0,44	
3,285	-0,46	
3,29	-0,47	
3,295	-0,47	
3,3	-0,45	
3,305	-0,43	
3,31	-0,4	
3,315	-0,38	
3,32	-0,37	
3,325	-0,38	
3,33	-0,39	
3,335	-0,4	
3,34	-0,41	
3,345	-0,39	
3,35	-0,37	
3,355	-0,34	
3,36	-0,32	
3,365	-0,3	
3,37	-0,31	
3,375	-0,31	
3,38	-0,33	
3,385	-0,33	
3,39	-0,32	
3,395	-0,3	
3,4	-0,27	
3,405	-0,25	
3,41	-0,22	
3,415	-0,21	
3,42	-0,21	
3,425	-0,21	
3,43	-0,22	
3,435	-0,21	
3,44	-0,19	
3,445	-0,17	
3,45	-0,14	
3,455	-0,12	
3,46	-0,11	
3,465	-0,1	
3,47	-0,11	
3,475	-0,11	
3,48	-0,1	
3,485	-0,09	
3,49	-0,06	
3,495	-0,03	
3,5	-0,01	
3,505	0,01	
3,51	0,01	
3,515	0	
3,52	0,01	
3,525	0,02	
3,53	0,04	
3,535	0,07	
3,54	0,1	
3,545	0,13	
3,55	0,14	
3,555	0,14	
3,56	0,14	
3,565	0,13	
3,57	0,14	
3,575	0,16	
3,58	0,19	
3,585	0,22	
3,59	0,25	
3,595	0,26	
3,6	0,26	
3,605	0,25	
3,61	0,24	
3,615	0,25	
3,62	0,27	
3,625	0,3	
3,63	0,33	
3,635	0,36	
3,64	0,38	
3,645	0,38	
3,65	0,37	
3,655	0,35	
3,66	0,35	
3,665	0,37	
3,67	0,4	
3,675	0,43	
3,68	0,46	
3,685	0,48	
3,69	0,48	
3,695	0,46	
3,7	0,44	
3,705	0,44	
3,71	0,45	
3,715	0,47	
3,72	0,51	
3,725	0,54	
3,73	0,56	
3,735	0,56	
3,74	0,54	
3,745	0,52	
3,75	0,51	
3,755	0,51	
3,76	0,54	
3,765	0,57	
3,77	0,59	
3,775	0,6	
3,78	0,6	
3,785	0,58	
3,79	0,56	
3,795	0,54	
3,8	0,55	
3,805	0,57	
3,81	0,59	
3,815	0,62	
3,82	0,62	
3,825	0,62	
3,83	0,6	
3,835	0,58	
3,84	0,55	
3,845	0,56	
3,85	0,57	
3,855	0,6	
3,86	0,62	
3,865	0,63	
3,87	0,62	
3,875	0,59	
3,88	0,56	
3,885	0,53	
3,89	0,53	
3,895	0,54	
3,9	0,56	
3,905	0,58	
3,91	0,58	
3,915	0,57	
3,92	0,54	
3,925	0,51	
3,93	0,48	
3,935	0,48	
3,94	0,49	
3,945	0,5	
3,95	0,52	
3,955	0,52	
3,96	0,5	
3,965	0,47	
3,97	0,44	
3,975	0,4	
3,98	0,39	
3,985	0,4	
3,99	0,41	
3,995	0,43	
4,0	0,42	
4,005	0,4	
4,01	0,37	
4,015	0,33	
4,02	0,28	
4,025	0,27	
4,03	0,28	
4,035	0,3	
4,04	0,31	
4,045	0,31	
4,05	0,29	
4,055	0,25	
4,06	0,21	
4,065	0,16	
4,07	0,15	
4,075	0,16	
4,08	0,17	
4,085	0,18	
4,09	0,18	
4,095	0,15	
4,1	0,12	
4,105	0,08	
4,11	0,02	
4,115	0	
4,12	0,01	
4,125	0,02	
4,13	0,03	
4,135	0,03	
4,14	0,01	
4,145	-0,03	
4,15	-0,07	
4,155	-0,12	
4,16	-0,14	
4,165	-0,13	
4,17	-0,13	
4,175	-0,12	
4,18	-0,12	
4,185	-0,14	
4,19	-0,17	
4,195	-0,21	
4,2	-0,25	
4,205	-0,27	
4,21	-0,27	
4,215	-0,26	
4,22	-0,25	
4,225	-0,26	
4,23	-0,28	
4,235	-0,31	
4,24	-0,34	
4,245	-0,38	
4,25	-0,4	
4,255	-0,4	
4,26	-0,39	
4,265	-0,38	
4,27	-0,38	
4,275	-0,4	
4,28	-0,43	
4,285	-0,47	
4,29	-0,5	
4,295	-0,52	
4,3	-0,51	
4,305	-0,5	
4,31	-0,49	
4,315	-0,49	
4,32	-0,51	
4,325	-0,53	
4,33	-0,57	
4,335	-0,59	
4,34	-0,6	
4,345	-0,6	
4,35	-0,58	
4,355	-0,57	
4,36	-0,56	
4,365	-0,57	
4,37	-0,6	
4,375	-0,63	
4,38	-0,65	
4,385	-0,67	
4,39	-0,66	
4,395	-0,64	
4,4	-0,62	
4,405	-0,62	
4,41	-0,62	
4,415	-0,64	
4,42	-0,67	
4,425	-0,69	
4,43	-0,7	
4,435	-0,68	
4,44	-0,66	
4,445	-0,64	
4,45	-0,63	
4,455	-0,63	
4,46	-0,65	
4,465	-0,67	
4,47	-0,68	
4,475	-0,69	
4,48	-0,68	
4,485	-0,65	
4,49	-0,63	
4,495	-0,61	
4,5	-0,61	
4,505	-0,62	
4,51	-0,63	
4,515	-0,65	
4,52	-0,64	
4,525	-0,63	
4,53	-0,6	
4,535	-0,58	
4,54	-0,56	
4,545	-0,55	
4,55	-0,56	
4,555	-0,57	
4,56	-0,58	
4,565	-0,57	
4,57	-0,55	
4,575	-0,53	
4,58	-0,5	
4,585	-0,48	
4,59	-0,47	
4,595	-0,46	
4,6	-0,47	
4,605	-0,47	
4,61	-0,46	
4,615	-0,44	
4,62	-0,41	
4,625	-0,38	
4,63	-0,35	
4,635	-0,34	
4,64	-0,34	
4,645	-0,35	
4,65	-0,35	
4,655	-0,33	
4,66	-0,31	
4,665	-0,28	
4,67	-0,25	
4,675	-0,23	
4,68	-0,21	
4,685	-0,21	
4,69	-0,21	
4,695	-0,2	
4,7	-0,19	
4,705	-0,16	
4,71	-0,13	
4,715	-0,1	
4,72	-0,08	
4,725	-0,06	
4,73	-0,05	
4,735	-0,05	
4,74	-0,05	
4,745	-0,04	
4,75	-0,01	
4,755	0,03	
4,76	0,06	
4,765	0,08	
4,77	0,1	
4,775	0,11	
4,78	0,11	
4,785	0,11	
4,79	0,12	
4,795	0,16	
4,8	0,19	
4,805	0,21	
4,81	0,24	
4,815	0,25	
4,82	0,27	
4,825	0,27	
4,83	0,27	
4,835	0,28	
4,84	0,3	
4,845	0,32	
4,85	0,35	
4,855	0,38	
4,86	0,39	
4,865	0,4	
4,87	0,41	
4,875	0,41	
4,88	0,42	
4,885	0,44	
4,89	0,46	
4,895	0,48	
4,9	0,51	
4,905	0,52	
4,91	0,53	
4,915	0,53	
4,92	0,53	
4,925	0,53	
4,93	0,55	
4,935	0,56	
4,94	0,58	
4,945	0,6	
4,95	0,62	
4,955	0,62	
4,96	0,63	
4,965	0,63	
4,97	0,63	
4,975	0,63	
4,98	0,65	
4,985	0,66	
4,99	0,67	
4,995	0,68	
5,0	0,68	
5,005	0,68	
5,01	0,68	
5,015	0,68	
5,02	0,68	
5,025	0,69	
5,03	0,7	
5,035	0,71	
5,04	0,71	
5,045	0,71	
5,05	0,71	
5,055	0,71	
5,06	0,7	
5,065	0,7	
5,07	0,7	
5,075	0,71	
5,08	0,71	
5,085	0,71	
5,09	0,7	
5,095	0,7	
5,1	0,69	
5,105	0,68	
5,11	0,67	
5,115	0,67	
5,12	0,67	
5,125	0,67	
5,13	0,67	
5,135	0,66	
5,14	0,65	
5,145	0,64	
5,15	0,62	
5,155	0,61	
5,16	0,6	
5,165	0,6	
5,17	0,6	
5,175	0,59	
5,18	0,58	
5,185	0,57	
5,19	0,55	
5,195	0,53	
5,2	0,52	
5,205	0,5	
5,21	0,49	
5,215	0,49	
5,22	0,49	
5,225	0,48	
5,23	0,46	
5,235	0,45	
5,24	0,42	
5,245	0,4	
5,25	0,38	
5,255	0,37	
5,26	0,37	
5,265	0,36	
5,27	0,35	
5,275	0,33	
5,28	0,31	
5,285	0,29	
5,29	0,26	
5,295	0,23	
5,3	0,22	
5,305	0,21	
5,31	0,2	
5,315	0,19	
5,32	0,18	
5,325	0,16	
5,33	0,13	
5,335	0,11	
5,34	0,08	
5,345	0,06	
5,35	0,05	
5,355	0,04	
5,36	0,03	
5,365	0,02	
5,37	0	
5,375	-0,03	
5,38	-0,05	
5,385	-0,09	
5,39	-0,1	
5,395	-0,11	
5,4	-0,12	
5,405	-0,14	
5,41	-0,15	
5,415	-0,17	
5,42	-0,19	
5,425	-0,22	
5,43	-0,24	
5,435	-0,25	
5,44	-0,26	
5,445	-0,27	
5,45	-0,28	
5,455	-0,29	
5,46	-0,31	
5,465	-0,33	
5,47	-0,35	
5,475	-0,38	
5,48	-0,39	
5,485	-0,4	
5,49	-0,41	
5,495	-0,42	
5,5	-0,43	
5,505	-0,45	
5,51	-0,46	
5,515	-0,48	
5,52	-0,51	
5,525	-0,52	
5,53	-0,52	
5,535	-0,52	
5,54	-0,53	
5,545	-0,54	
5,55	-0,55	
5,555	-0,57	
5,56	-0,59	
5,565	-0,61	
5,57	-0,61	
5,575	-0,62	
5,58	-0,61	
5,585	-0,61	
5,59	-0,62	
5,595	-0,63	
5,6	-0,64	
5,605	-0,66	
5,61	-0,67	
5,615	-0,68	
5,62	-0,68	
5,625	-0,67	
5,63	-0,67	
5,635	-0,67	
5,64	-0,67	
5,645	-0,68	
5,65	-0,7	
5,655	-0,71	
5,66	-0,71	
5,665	-0,7	
5,67	-0,69	
5,675	-0,68	
5,68	-0,68	
5,685	-0,68	
5,69	-0,69	
5,695	-0,69	
5,7	-0,7	
5,705	-0,7	
5,71	-0,69	
5,715	-0,67	
5,72	-0,66	
5,725	-0,66	
5,73	-0,65	
5,735	-0,66	
5,74	-0,66	
5,745	-0,66	
5,75	-0,66	
5,755	-0,64	
5,76	-0,62	
5,765	-0,61	
5,77	-0,6	
5,775	-0,59	
5,78	-0,59	
5,785	-0,59	
5,79	-0,59	
5,795	-0,57	
5,8	-0,56	
5,805	-0,54	
5,81	-0,52	
5,815	-0,51	
5,82	-0,5	
5,825	-0,49	
5,83	-0,49	
5,835	-0,49	
5,84	-0,47	
5,845	-0,45	
5,85	-0,42	
5,855	-0,4	
5,86	-0,38	
5,865	-0,38	
5,87	-0,37	
5,875	-0,36	
5,88	-0,35	
5,885	-0,34	
5,89	-0,31	
5,895	-0,29	
5,9	-0,27	
5,905	-0,25	
5,91	-0,24	
5,915	-0,23	
5,92	-0,22	
5,925	-0,21	
5,93	-0,18	
5,935	-0,16	
5,94	-0,14	
5,945	-0,12	
5,95	-0,1	
5,955	-0,08	
5,96	-0,08	
5,965	-0,06	
5,97	-0,05	
5,975	-0,03	
5,98	-0,01	
5,985	0,02	
5,99	0,04	
5,995	0,05	
6,0	0,06	
6,005	0,07	
6,01	0,08	
6,015	0,09	
6,02	0,12	
6,025	0,14	
6,03	0,17	
6,035	0,19	
6,04	0,21	
6,045	0,22	
6,05	0,23	
6,055	0,24	
6,06	0,24	
6,065	0,26	
6,07	0,29	
6,075	0,31	
6,08	0,33	
6,085	0,35	
6,09	0,36	
6,095	0,36	
6,1	0,37	
6,105	0,37	
6,11	0,39	
6,115	0,41	
6,12	0,43	
6,125	0,45	
6,13	0,47	
6,135	0,48	
6,14	0,48	
6,145	0,48	
6,15	0,49	
6,155	0,5	
6,16	0,52	
6,165	0,53	
6,17	0,55	
6,175	0,56	
6,18	0,57	
6,185	0,57	
6,19	0,57	
6,195	0,58	
6,2	0,58	
6,205	0,59	
6,21	0,6	
6,215	0,61	
6,22	0,62	
6,225	0,62	
6,23	0,62	
6,235	0,62	
6,24	0,62	
6,245	0,62	
6,25	0,64	
6,255	0,64	
6,26	0,65	
6,265	0,66	
6,27	0,65	
6,275	0,65	
6,28	0,64	
6,285	0,64	
6,29	0,64	
6,295	0,64	
6,3	0,65	
6,305	0,65	
6,31	0,65	
6,315	0,65	
6,32	0,64	
6,325	0,63	
6,33	0,63	
6,335	0,62	
6,34	0,62	
6,345	0,62	
6,35	0,62	
6,355	0,61	
6,36	0,61	
6,365	0,6	
6,37	0,59	
6,375	0,58	
6,38	0,57	
6,385	0,56	
6,39	0,56	
6,395	0,56	
6,4	0,55	
6,405	0,54	
6,41	0,52	
6,415	0,51	
6,42	0,49	
6,425	0,48	
6,43	0,47	
6,435	0,47	
6,44	0,47	
6,445	0,46	
6,45	0,44	
6,455	0,43	
6,46	0,41	
6,465	0,39	
6,47	0,38	
6,475	0,37	
6,48	0,36	
6,485	0,35	
6,49	0,34	
6,495	0,33	
6,5	0,31	
6,505	0,29	
6,51	0,27	
6,515	0,26	
6,52	0,24	
6,525	0,22	
6,53	0,22	
6,535	0,2	
6,54	0,19	
6,545	0,17	
6,55	0,16	
6,555	0,14	
6,56	0,13	
6,565	0,11	
6,57	0,09	
6,575	0,08	
6,58	0,07	
6,585	0,05	
6,59	0,04	
6,595	0,02	
6,6	0	
6,605	-0,01	
6,61	-0,03	
6,615	-0,05	
6,62	-0,06	
6,625	-0,08	
6,63	-0,09	
6,635	-0,11	
6,64	-0,12	
6,645	-0,14	
6,65	-0,15	
6,655	-0,16	
6,66	-0,18	
6,665	-0,19	
6,67	-0,2	
6,675	-0,22	
6,68	-0,23	
6,685	-0,25	
6,69	-0,26	
6,695	-0,27	
6,7	-0,28	
6,705	-0,3	
6,71	-0,31	
6,715	-0,32	
6,72	-0,33	
6,725	-0,34	
6,73	-0,35	
6,735	-0,37	
6,74	-0,38	
6,745	-0,39	
6,75	-0,4	
6,755	-0,41	
6,76	-0,42	
6,765	-0,43	
6,77	-0,44	
6,775	-0,44	
6,78	-0,45	
6,785	-0,46	
6,79	-0,47	
6,795	-0,48	
6,8	-0,49	
6,805	-0,49	
6,81	-0,5	
6,815	-0,51	
6,82	-0,51	
6,825	-0,52	
6,83	-0,53	
6,835	-0,53	
6,84	-0,54	
6,845	-0,54	
6,85	-0,54	
6,855	-0,54	
6,86	-0,54	
6,865	-0,54	
6,87	-0,55	
6,875	-0,55	
6,88	-0,56	
6,885	-0,56	
6,89	-0,56	
6,895	-0,56	
6,9	-0,55	
6,905	-0,55	
6,91	-0,55	
6,915	-0,55	
6,92	-0,55	
6,925	-0,56	
6,93	-0,56	
6,935	-0,55	
6,94	-0,55	
6,945	-0,55	
6,95	-0,54	
6,955	-0,53	
6,96	-0,53	
6,965	-0,53	
6,97	-0,52	
6,975	-0,52	
6,98	-0,51	
6,985	-0,51	
6,99	-0,5	
6,995	-0,49	
7,0	-0,49	
7,005	-0,48	
7,01	-0,47	
7,015	-0,47	
7,02	-0,46	
7,025	-0,45	
7,03	-0,44	
7,035	-0,43	
7,04	-0,42	
7,045	-0,41	
7,05	-0,4	
7,055	-0,4	
7,06	-0,39	
7,065	-0,38	
7,07	-0,37	
7,075	-0,35	
7,08	-0,34	
7,085	-0,33	
7,09	-0,31	
7,095	-0,3	
7,1	-0,3	
7,105	-0,29	
7,11	-0,28	
7,115	-0,27	
7,12	-0,26	
7,125	-0,24	
7,13	-0,22	
7,135	-0,21	
7,14	-0,2	
7,145	-0,19	
7,15	-0,18	
7,155	-0,17	
7,16	-0,15	
7,165	-0,14	
7,17	-0,12	
7,175	-0,1	
7,18	-0,09	
7,185	-0,08	
7,19	-0,08	
7,195	-0,07	
7,2	-0,06	
7,205	-0,04	
7,21	-0,02	
7,215	-0,01	
7,22	0,01	
7,225	0,02	
7,23	0,03	
7,235	0,04	
7,24	0,04	
7,245	0,05	
7,25	0,07	
7,255	0,09	
7,26	0,1	
7,265	0,12	
7,27	0,14	
7,275	0,14	
7,28	0,15	
7,285	0,16	
7,29	0,17	
7,295	0,18	
7,3	0,19	
7,305	0,21	
7,31	0,22	
7,315	0,23	
7,32	0,24	
7,325	0,25	
7,33	0,25	
7,335	0,25	
7,34	0,27	
7,345	0,28	
7,35	0,29	
7,355	0,31	
7,36	0,32	
7,365	0,33	
7,37	0,33	
7,375	0,33	
7,38	0,34	
7,385	0,34	
7,39	0,35	
7,395	0,36	
7,4	0,37	
7,405	0,38	
7,41	0,38	
7,415	0,39	
7,42	0,39	
7,425	0,39	
7,43	0,39	
7,435	0,4	
7,44	0,41	
7,445	0,42	
7,45	0,43	
7,455	0,43	
7,46	0,43	
7,465	0,43	
7,47	0,42	
7,475	0,43	
7,48	0,43	
7,485	0,44	
7,49	0,44	
7,495	0,44	
7,5	0,44	
7,505	0,44	
7,51	0,44	
7,515	0,43	
7,52	0,43	
7,525	0,43	
7,53	0,44	
7,535	0,44	
7,54	0,44	
7,545	0,44	
7,55	0,43	
7,555	0,42	
7,56	0,42	
7,565	0,42	
7,57	0,42	
7,575	0,42	
7,58	0,42	
7,585	0,41	
7,59	0,41	
7,595	0,4	
7,6	0,39	
7,605	0,38	
7,61	0,38	
7,615	0,38	
7,62	0,38	
7,625	0,38	
7,63	0,37	
7,635	0,36	
7,64	0,35	
7,645	0,34	
7,65	0,33	
7,655	0,32	
7,66	0,32	
7,665	0,32	
7,67	0,32	
7,675	0,31	
7,68	0,3	
7,685	0,29	
7,69	0,28	
7,695	0,26	
7,7	0,25	
7,705	0,25	
7,71	0,25	
7,715	0,24	
7,72	0,24	
7,725	0,23	
7,73	0,21	
7,735	0,19	
7,74	0,18	
7,745	0,17	
7,75	0,17	
7,755	0,16	
7,76	0,16	
7,765	0,16	
7,77	0,15	
7,775	0,13	
7,78	0,12	
7,785	0,11	
7,79	0,09	
7,795	0,08	
7,8	0,08	
7,805	0,08	
7,81	0,07	
7,815	0,06	
7,82	0,05	
7,825	0,03	
7,83	0,02	
7,835	0,01	
7,84	0	
7,845	-0,01	
7,85	-0,01	
7,855	-0,02	
7,86	-0,03	
7,865	-0,04	
7,87	-0,05	
7,875	-0,06	
7,88	-0,07	
7,885	-0,08	
7,89	-0,08	
7,895	-0,09	
7,9	-0,09	
7,905	-0,11	
7,91	-0,12	
7,915	-0,13	
7,92	-0,14	
7,925	-0,15	
7,93	-0,15	
7,935	-0,15	
7,94	-0,15	
7,945	-0,16	
7,95	-0,17	
7,955	-0,18	
7,96	-0,19	
7,965	-0,19	
7,97	-0,2	
7,975	-0,2	
7,98	-0,2	
7,985	-0,2	
7,99	-0,21	
7,995	-0,22	
8,0	-0,23	
8,005	-0,23	
8,01	-0,25	
8,015	-0,25	
8,02	-0,25	
8,025	-0,25	
8,03	-0,25	
8,035	-0,26	
8,04	-0,26	
8,045	-0,27	
8,05	-0,28	
8,055	-0,28	
8,06	-0,28	
8,065	-0,28	
8,07	-0,28	
8,075	-0,28	
8,08	-0,28	
8,085	-0,28	
8,09	-0,28	
8,095	-0,29	
8,1	-0,29	
8,105	-0,29	
8,11	-0,3	
8,115	-0,29	
8,12	-0,29	
8,125	-0,29	
8,13	-0,29	
8,135	-0,29	
8,14	-0,29	
8,145	-0,29	
8,15	-0,29	
8,155	-0,29	
8,16	-0,28	
8,165	-0,28	
8,17	-0,28	
8,175	-0,28	
8,18	-0,28	
8,185	-0,28	
8,19	-0,28	
8,195	-0,27	
8,2	-0,27	
8,205	-0,26	
8,21	-0,26	
8,215	-0,26	
8,22	-0,26	
8,225	-0,26	
8,23	-0,25	
8,235	-0,25	
8,24	-0,25	
8,245	-0,24	
8,25	-0,23	
8,255	-0,23	
8,26	-0,22	
8,265	-0,22	
8,27	-0,22	
8,275	-0,22	
8,28	-0,21	
8,285	-0,2	
8,29	-0,2	
8,295	-0,19	
8,3	-0,19	
8,305	-0,18	
8,31	-0,18	
8,315	-0,18	
8,32	-0,18	
8,325	-0,17	
8,33	-0,16	
8,335	-0,16	
8,34	-0,15	
8,345	-0,13	
8,35	-0,13	
8,355	-0,13	
8,36	-0,13	
8,365	-0,12	
8,37	-0,12	
8,375	-0,11	
8,38	-0,11	
8,385	-0,09	
8,39	-0,08	
8,395	-0,08	
8,4	-0,07	
8,405	-0,07	
8,41	-0,07	
8,415	-0,07	
8,42	-0,06	
8,425	-0,06	
8,43	-0,05	
8,435	-0,04	
8,44	-0,04	
8,445	-0,03	
8,45	-0,03	
8,455	-0,02	
8,46	-0,02	
8,465	-0,02	
8,47	-0,01	
8,475	0	
8,48	0	
8,485	0	
8,49	0,01	
8,495	0,01	
8,5	0,02	
8,505	0,02	
8,51	0,03	
8,515	0,03	
8,52	0,03	
8,525	0,04	
8,53	0,04	
8,535	0,04	
8,54	0,05	
8,545	0,05	
8,55	0,06	
8,555	0,06	
8,56	0,07	
8,565	0,08	
8,57	0,08	
8,575	0,08	
8,58	0,08	
8,585	0,09	
8,59	0,09	
8,595	0,09	
8,6	0,09	
8,605	0,09	
8,61	0,1	
8,615	0,1	
8,62	0,1	
8,625	0,1	
8,63	0,11	
8,635	0,11	
8,64	0,11	
8,645	0,11	
8,65	0,11	
8,655	0,11	
8,66	0,12	
8,665	0,12	
8,67	0,13	
8,675	0,13	
8,68	0,13	
8,685	0,13	
8,69	0,13	
8,695	0,12	
8,7	0,12	
8,705	0,12	
8,71	0,13	
8,715	0,13	
8,72	0,14	
8,725	0,14	
8,73	0,13	
8,735	0,13	
8,74	0,13	
8,745	0,12	
8,75	0,12	
8,755	0,12	
8,76	0,12	
8,765	0,13	
8,77	0,13	
8,775	0,13	
8,78	0,13	
8,785	0,12	
8,79	0,12	
8,795	0,12	
8,8	0,11	
8,805	0,12	
8,81	0,12	
8,815	0,12	
8,82	0,12	
8,825	0,12	
8,83	0,11	
8,835	0,11	
8,84	0,11	
8,845	0,1	
8,85	0,1	
8,855	0,11	
8,86	0,11	
8,865	0,11	
8,87	0,11	
8,875	0,1	
8,88	0,1	
8,885	0,09	
8,89	0,09	
8,895	0,09	
8,9	0,09	
8,905	0,1	
8,91	0,09	
8,915	0,09	
8,92	0,09	
8,925	0,08	
8,93	0,08	
8,935	0,08	
8,94	0,08	
8,945	0,08	
8,95	0,08	
8,955	0,08	
8,96	0,08	
8,965	0,07	
8,97	0,07	
8,975	0,06	
8,98	0,06	
8,985	0,06	
8,99	0,07	
8,995	0,07	
9,0	0,07	
9,005	0,07	
9,01	0,06	
9,015	0,06	
9,02	0,05	
9,025	0,05	
9,03	0,05	
9,035	0,06	
9,04	0,06	
9,045	0,06	
9,05	0,06	
9,055	0,05	
9,06	0,04	
9,065	0,04	
9,07	0,04	
9,075	0,04	
9,08	0,04	
9,085	0,05	
9,09	0,05	
9,095	0,05	
9,1	0,04	
9,105	0,04	
9,11	0,04	
9,115	0,03	
9,12	0,04	
9,125	0,04	
9,13	0,05	
9,135	0,05	
9,14	0,04	
9,145	0,04	
9,15	0,04	
9,155	0,03	
9,16	0,03	
9,165	0,04	
9,17	0,04	
9,175	0,04	
9,18	0,04	
9,185	0,04	
9,19	0,04	
9,195	0,04	
9,2	0,03	
9,205	0,04	
9,21	0,04	
9,215	0,04	
9,22	0,04	
9,225	0,04	
9,23	0,04	
9,235	0,04	
9,24	0,03	
9,245	0,03	
9,25	0,03	
9,255	0,04	
9,26	0,04	
9,265	0,04	
9,27	0,04	
9,275	0,04	
9,28	0,04	
9,285	0,04	
9,29	0,04	
9,295	0,04	
9,3	0,04	
9,305	0,05	
9,31	0,05	
9,315	0,05	
9,32	0,04	
9,325	0,04	
9,33	0,04	
9,335	0,03	
9,34	0,04	
9,345	0,04	
9,35	0,05	
9,355	0,05	
9,36	0,06	
9,365	0,05	
9,37	0,05	
9,375	0,05	
9,38	0,04	
9,385	0,04	
9,39	0,04	
9,395	0,04	
9,4	0,05	
9,405	0,05	
9,41	0,05	
9,415	0,05	
9,42	0,04	
9,425	0,04	
9,43	0,04	
9,435	0,04	
9,44	0,04	
9,445	0,04	
9,45	0,04	
9,455	0,04	
9,46	0,04	
9,465	0,04	
9,47	0,03	
9,475	0,03	
9,48	0,03	
9,485	0,03	
9,49	0,03	
9,495	0,03	
9,5	0,03	
9,505	0,03	
9,51	0,02	
9,515	0,02	
9,52	0,02	
9,525	0,02	
9,53	0,02	
9,535	0,02	
9,54	0,02	
9,545	0,01	
9,55	0,01	
9,555	0	
9,56	0	
9,565	0	
9,57	0	
9,575	0	
9,58	0	
9,585	-0,01	
9,59	-0,01	
9,595	-0,02	
9,6	-0,02	
9,605	-0,02	
9,61	-0,02	
9,615	-0,02	
9,62	-0,02	
9,625	-0,02	
9,63	-0,03	
9,635	-0,03	
9,64	-0,04	
9,645	-0,04	
9,65	-0,04	
9,655	-0,05	
9,66	-0,05	
9,665	-0,05	
9,67	-0,05	
9,675	-0,06	
9,68	-0,06	
9,685	-0,07	
9,69	-0,07	
9,695	-0,08	
9,7	-0,08	
9,705	-0,08	
9,71	-0,08	
9,715	-0,09	
9,72	-0,09	
9,725	-0,1	
9,73	-0,1	
9,735	-0,11	
9,74	-0,11	
9,745	-0,11	
9,75	-0,12	
9,755	-0,12	
9,76	-0,12	
9,765	-0,13	
9,77	-0,13	
9,775	-0,13	
9,78	-0,14	
9,785	-0,14	
9,79	-0,14	
9,795	-0,14	
9,8	-0,14	
9,805	-0,15	
9,81	-0,15	
9,815	-0,16	
9,82	-0,17	
9,825	-0,17	
9,83	-0,17	
9,835	-0,17	
9,84	-0,17	
9,845	-0,17	
9,85	-0,17	
9,855	-0,18	
9,86	-0,18	
9,865	-0,19	
9,87	-0,2	
9,875	-0,2	
9,88	-0,2	
9,885	-0,19	
9,89	-0,19	
9,895	-0,19	
9,9	-0,19	
9,905	-0,2	
9,91	-0,2	
9,915	-0,21	
9,92	-0,21	
9,925	-0,21	
9,93	-0,21	
9,935	-0,2	
9,94	-0,2	
9,945	-0,2	
9,95	-0,2	
9,955	-0,21	
9,96	-0,21	
9,965	-0,21	
9,97	-0,22	
9,975	-0,22	
9,98	-0,21	
9,985	-0,21	
9,99	-0,2	
9,995	-0,21	
10,0	-0,21	
10,005	-0,21	
10,01	-0,21	
10,015	-0,21	
10,02	-0,21	
10,025	-0,2	
10,03	-0,2	
10,035	-0,19	
10,04	-0,2	
10,045	-0,2	
10,05	-0,2	
10,055	-0,2	
10,06	-0,19	
10,065	-0,19	
10,07	-0,18	
10,075	-0,17	
10,08	-0,17	
10,085	-0,16	
10,09	-0,16	
10,095	-0,16	
10,1	-0,16	
10,105	-0,16	
10,11	-0,16	
10,115	-0,15	
10,12	-0,14	
10,125	-0,13	
10,13	-0,13	
10,135	-0,13	
10,14	-0,13	
10,145	-0,13	
10,15	-0,12	
10,155	-0,11	
10,16	-0,11	
10,165	-0,1	
10,17	-0,09	
10,175	-0,08	
10,18	-0,08	
10,185	-0,08	
10,19	-0,07	
10,195	-0,07	
10,2	-0,06	
10,205	-0,05	
10,21	-0,04	
10,215	-0,03	
10,22	-0,03	
10,225	-0,02	
10,23	-0,02	
10,235	-0,01	
10,24	0	
10,245	0	
10,25	0,01	
10,255	0,03	
10,26	0,04	
10,265	0,04	
10,27	0,05	
10,275	0,05	
10,28	0,06	
10,285	0,06	
10,29	0,07	
10,295	0,08	
10,3	0,1	
10,305	0,1	
10,31	0,11	
10,315	0,12	
10,32	0,12	
10,325	0,13	
10,33	0,13	
10,335	0,14	
10,34	0,15	
10,345	0,16	
10,35	0,17	
10,355	0,18	
10,36	0,18	
10,365	0,19	
10,37	0,19	
10,375	0,2	
10,38	0,2	
10,385	0,21	
10,39	0,22	
10,395	0,23	
10,4	0,24	
10,405	0,24	
10,41	0,25	
10,415	0,25	
10,42	0,26	
10,425	0,26	
10,43	0,27	
10,435	0,28	
10,44	0,28	
10,445	0,29	
10,45	0,3	
10,455	0,3	
10,46	0,3	
10,465	0,3	
10,47	0,31	
10,475	0,31	
10,48	0,32	
10,485	0,33	
10,49	0,34	
10,495	0,34	
10,5	0,34	
10,505	0,34	
10,51	0,34	
10,515	0,34	
10,52	0,35	
10,525	0,35	
10,53	0,36	
10,535	0,36	
10,54	0,36	
10,545	0,36	
10,55	0,36	
10,555	0,36	
10,56	0,36	
10,565	0,36	
10,57	0,36	
10,575	0,37	
10,58	0,37	
10,585	0,37	
10,59	0,37	
10,595	0,37	
10,6	0,36	
10,605	0,36	
10,61	0,36	
10,615	0,36	
10,62	0,36	
10,625	0,36	
10,63	0,36	
10,635	0,35	
10,64	0,35	
10,645	0,34	
10,65	0,33	
10,655	0,33	
10,66	0,33	
10,665	0,33	
10,67	0,33	
10,675	0,32	
10,68	0,32	
10,685	0,31	
10,69	0,3	
10,695	0,3	
10,7	0,29	
10,705	0,29	
10,71	0,28	
10,715	0,28	
10,72	0,27	
10,725	0,26	
10,73	0,26	
10,735	0,25	
10,74	0,24	
10,745	0,23	
10,75	0,23	
10,755	0,22	
10,76	0,21	
10,765	0,2	
10,77	0,19	
10,775	0,18	
10,78	0,17	
10,785	0,16	
10,79	0,16	
10,795	0,15	
10,8	0,14	
10,805	0,13	
10,81	0,12	
10,815	0,11	
10,82	0,1	
10,825	0,09	
10,83	0,07	
10,835	0,07	
10,84	0,06	
10,845	0,05	
10,85	0,04	
10,855	0,03	
10,86	0,01	
10,865	0	
10,87	-0,01	
10,875	-0,03	
10,88	-0,04	
10,885	-0,04	
10,89	-0,05	
10,895	-0,06	
10,9	-0,07	
10,905	-0,08	
10,91	-0,09	
10,915	-0,11	
10,92	-0,12	
10,925	-0,13	
10,93	-0,14	
10,935	-0,15	
10,94	-0,15	
10,945	-0,16	
10,95	-0,18	
10,955	-0,19	
10,96	-0,21	
10,965	-0,23	
10,97	-0,24	
10,975	-0,24	
10,98	-0,25	
10,985	-0,26	
10,99	-0,27	
10,995	-0,28	
11,0	-0,29	
11,005	-0,3	
11,01	-0,31	
11,015	-0,32	
11,02	-0,33	
11,025	-0,33	
11,03	-0,34	
11,035	-0,34	
11,04	-0,36	
11,045	-0,37	
11,05	-0,38	
11,055	-0,39	
11,06	-0,4	
11,065	-0,4	
11,07	-0,41	
11,075	-0,41	
11,08	-0,42	
11,085	-0,43	
11,09	-0,43	
11,095	-0,44	
11,1	-0,45	
11,105	-0,45	
11,11	-0,46	
11,115	-0,46	
11,12	-0,46	
11,125	-0,46	
11,13	-0,47	
11,135	-0,48	
11,14	-0,49	
11,145	-0,49	
11,15	-0,49	
11,155	-0,49	
11,16	-0,49	
11,165	-0,49	
11,17	-0,49	
11,175	-0,49	
11,18	-0,5	
11,185	-0,5	
11,19	-0,5	
11,195	-0,5	
11,2	-0,5	
11,205	-0,49	
11,21	-0,49	
11,215	-0,49	
11,22	-0,49	
11,225	-0,49	
11,23	-0,49	
11,235	-0,49	
11,24	-0,49	
11,245	-0,48	
11,25	-0,47	
11,255	-0,46	
11,26	-0,46	
11,265	-0,46	
11,27	-0,46	
11,275	-0,46	
11,28	-0,45	
11,285	-0,44	
11,29	-0,43	
11,295	-0,42	
11,3	-0,41	
11,305	-0,4	
11,31	-0,4	
11,315	-0,4	
11,32	-0,39	
11,325	-0,39	
11,33	-0,38	
11,335	-0,37	
11,34	-0,35	
11,345	-0,34	
11,35	-0,33	
11,355	-0,33	
11,36	-0,32	
11,365	-0,31	
11,37	-0,3	
11,375	-0,29	
11,38	-0,27	
11,385	-0,26	
11,39	-0,24	
11,395	-0,23	
11,4	-0,23	
11,405	-0,22	
11,41	-0,21	
11,415	-0,2	
11,42	-0,18	
11,425	-0,17	
11,43	-0,15	
11,435	-0,13	
11,44	-0,12	
11,445	-0,12	
11,45	-0,1	
11,455	-0,1	
11,46	-0,08	
11,465	-0,07	
11,47	-0,05	
11,475	-0,03	
11,48	-0,02	
11,485	0	
11,49	0,01	
11,495	0,02	
11,5	0,03	
11,505	0,04	
11,51	0,06	
11,515	0,07	
11,52	0,09	
11,525	0,11	
11,53	0,13	
11,535	0,14	
11,54	0,15	
11,545	0,16	
11,55	0,17	
11,555	0,19	
11,56	0,2	
11,565	0,22	
11,57	0,23	
11,575	0,25	
11,58	0,26	
11,585	0,27	
11,59	0,28	
11,595	0,29	
11,6	0,3	
11,605	0,32	
11,61	0,33	
11,615	0,35	
11,62	0,36	
11,625	0,37	
11,63	0,38	
11,635	0,39	
11,64	0,4	
11,645	0,41	
11,65	0,43	
11,655	0,44	
11,66	0,45	
11,665	0,46	
11,67	0,47	
11,675	0,47	
11,68	0,48	
11,685	0,49	
11,69	0,49	
11,695	0,51	
11,7	0,52	
11,705	0,53	
11,71	0,53	
11,715	0,54	
11,72	0,54	
11,725	0,54	
11,73	0,54	
11,735	0,55	
11,74	0,56	
11,745	0,57	
11,75	0,58	
11,755	0,58	
11,76	0,58	
11,765	0,58	
11,77	0,58	
11,775	0,58	
11,78	0,59	
11,785	0,59	
11,79	0,6	
11,795	0,6	
11,8	0,6	
11,805	0,6	
11,81	0,59	
11,815	0,59	
11,82	0,59	
11,825	0,59	
11,83	0,59	
11,835	0,59	
11,84	0,59	
11,845	0,59	
11,85	0,58	
11,855	0,57	
11,86	0,57	
11,865	0,56	
11,87	0,56	
11,875	0,56	
11,88	0,55	
11,885	0,55	
11,89	0,54	
11,895	0,53	
11,9	0,52	
11,905	0,51	
11,91	0,51	
11,915	0,5	
11,92	0,5	
11,925	0,49	
11,93	0,48	
11,935	0,47	
11,94	0,46	
11,945	0,44	
11,95	0,43	
11,955	0,42	
11,96	0,41	
11,965	0,4	
11,97	0,39	
11,975	0,38	
11,98	0,37	
11,985	0,35	
11,99	0,33	
11,995	0,32	
12,0	0,31	
12,005	0,3	
12,01	0,29	
12,015	0,28	
12,02	0,27	
12,025	0,26	
12,03	0,23	
12,035	0,22	
12,04	0,2	
12,045	0,18	
12,05	0,17	
12,055	0,16	
12,06	0,15	
12,065	0,14	
12,07	0,12	
12,075	0,09	
12,08	0,08	
12,085	0,06	
12,09	0,04	
12,095	0,03	
12,1	0,02	
12,105	0	
12,11	-0,01	
12,115	-0,03	
12,12	-0,06	
12,125	-0,07	
12,13	-0,09	
12,135	-0,1	
12,14	-0,12	
12,145	-0,13	
12,15	-0,14	
12,155	-0,16	
12,16	-0,17	
12,165	-0,2	
12,17	-0,21	
12,175	-0,23	
12,18	-0,24	
12,185	-0,26	
12,19	-0,27	
12,195	-0,28	
12,2	-0,3	
12,205	-0,31	
12,21	-0,33	
12,215	-0,35	
12,22	-0,36	
12,225	-0,37	
12,23	-0,38	
12,235	-0,4	
12,24	-0,41	
12,245	-0,42	
12,25	-0,43	
12,255	-0,45	
12,26	-0,46	
12,265	-0,47	
12,27	-0,48	
12,275	-0,49	
12,28	-0,5	
12,285	-0,51	
12,29	-0,52	
12,295	-0,53	
12,3	-0,55	
12,305	-0,56	
12,31	-0,57	
12,315	-0,57	
12,32	-0,58	
12,325	-0,59	
12,33	-0,59	
12,335	-0,6	
12,34	-0,61	
12,345	-0,61	
12,35	-0,62	
12,355	-0,63	
12,36	-0,63	
12,365	-0,64	
12,37	-0,64	
12,375	-0,64	
12,38	-0,64	
12,385	-0,64	
12,39	-0,65	
12,395	-0,65	
12,4	-0,65	
12,405	-0,66	
12,41	-0,66	
12,415	-0,66	
12,42	-0,66	
12,425	-0,66	
12,43	-0,65	
12,435	-0,65	
12,44	-0,65	
12,445	-0,65	
12,45	-0,65	
12,455	-0,64	
12,46	-0,65	
12,465	-0,64	
12,47	-0,64	
12,475	-0,63	
12,48	-0,63	
12,485	-0,62	
12,49	-0,61	
12,495	-0,61	
12,5	-0,6	
12,505	-0,6	
12,51	-0,59	
12,515	-0,58	
12,52	-0,57	
12,525	-0,57	
12,53	-0,55	
12,535	-0,54	
12,54	-0,53	
12,545	-0,52	
12,55	-0,51	
12,555	-0,5	
12,56	-0,49	
12,565	-0,48	
12,57	-0,47	
12,575	-0,46	
12,58	-0,45	
12,585	-0,43	
12,59	-0,42	
12,595	-0,41	
12,6	-0,39	
12,605	-0,38	
12,61	-0,37	
12,615	-0,35	
12,62	-0,33	
12,625	-0,32	
12,63	-0,3	
12,635	-0,29	
12,64	-0,27	
12,645	-0,26	
12,65	-0,24	
12,655	-0,23	
12,66	-0,21	
12,665	-0,19	
12,67	-0,17	
12,675	-0,16	
12,68	-0,14	
12,685	-0,13	
12,69	-0,11	
12,695	-0,1	
12,7	-0,08	
12,705	-0,06	
12,71	-0,03	
12,715	-0,02	
12,72	0	
12,725	0,01	
12,73	0,03	
12,735	0,05	
12,74	0,06	
12,745	0,08	
12,75	0,09	
12,755	0,12	
12,76	0,13	
12,765	0,15	
12,77	0,16	
12,775	0,18	
12,78	0,2	
12,785	0,21	
12,79	0,22	
12,795	0,24	
12,8	0,26	
12,805	0,28	
12,81	0,3	
12,815	0,31	
12,82	0,32	
12,825	0,34	
12,83	0,35	
12,835	0,36	
12,84	0,38	
12,845	0,39	
12,85	0,41	
12,855	0,43	
12,86	0,44	
12,865	0,45	
12,87	0,46	
12,875	0,47	
12,88	0,49	
12,885	0,5	
12,89	0,51	
12,895	0,53	
12,9	0,54	
12,905	0,55	
12,91	0,56	
12,915	0,57	
12,92	0,58	
12,925	0,59	
12,93	0,6	
12,935	0,61	
12,94	0,62	
12,945	0,63	
12,95	0,63	
12,955	0,64	
12,96	0,64	
12,965	0,64	
12,97	0,65	
12,975	0,66	
12,98	0,66	
12,985	0,67	
12,99	0,67	
12,995	0,67	
13,0	0,67	
13,005	0,67	
13,01	0,68	
13,015	0,68	
13,02	0,68	
13,025	0,68	
13,03	0,69	
13,035	0,69	
13,04	0,68	
13,045	0,68	
13,05	0,68	
13,055	0,68	
13,06	0,67	
13,065	0,67	
13,07	0,67	
13,075	0,66	
13,08	0,66	
13,085	0,65	
13,09	0,65	
13,095	0,64	
13,1	0,64	
13,105	0,63	
13,11	0,63	
13,115	0,62	
13,12	0,61	
13,125	0,6	
13,13	0,59	
13,135	0,59	
13,14	0,58	
13,145	0,57	
13,15	0,56	
13,155	0,55	
13,16	0,54	
13,165	0,52	
13,17	0,51	
13,175	0,5	
13,18	0,49	
13,185	0,48	
13,19	0,47	
13,195	0,46	
13,2	0,45	
13,205	0,44	
13,21	0,42	
13,215	0,4	
13,22	0,39	
13,225	0,37	
13,23	0,36	
13,235	0,35	
13,24	0,34	
13,245	0,32	
13,25	0,31	
13,255	0,29	
13,26	0,26	
13,265	0,24	
13,27	0,23	
13,275	0,22	
13,28	0,2	
13,285	0,19	
13,29	0,17	
13,295	0,16	
13,3	0,14	
13,305	0,11	
13,31	0,09	
13,315	0,07	
13,32	0,06	
13,325	0,05	
13,33	0,03	
13,335	0,02	
13,34	0,01	
13,345	-0,01	
13,35	-0,04	
13,355	-0,06	
13,36	-0,07	
13,365	-0,09	
13,37	-0,11	
13,375	-0,12	
13,38	-0,13	
13,385	-0,15	
13,39	-0,16	
13,395	-0,19	
13,4	-0,21	
13,405	-0,22	
13,41	-0,24	
13,415	-0,25	
13,42	-0,27	
13,425	-0,28	
13,43	-0,3	
13,435	-0,31	
13,44	-0,33	
13,445	-0,35	
13,45	-0,36	
13,455	-0,37	
13,46	-0,39	
13,465	-0,4	
13,47	-0,41	
13,475	-0,42	
13,48	-0,44	
13,485	-0,46	
13,49	-0,47	
13,495	-0,48	
13,5	-0,49	
13,505	-0,5	
13,51	-0,51	
13,515	-0,52	
13,52	-0,53	
13,525	-0,54	
13,53	-0,55	
13,535	-0,56	
13,54	-0,57	
13,545	-0,58	
13,55	-0,59	
13,555	-0,59	
13,56	-0,6	
13,565	-0,61	
13,57	-0,62	
13,575	-0,63	
13,58	-0,63	
13,585	-0,64	
13,59	-0,64	
13,595	-0,64	
13,6	-0,64	
13,605	-0,65	
13,61	-0,65	
13,615	-0,65	
13,62	-0,66	
13,625	-0,66	
13,63	-0,66	
13,635	-0,66	
13,64	-0,66	
13,645	-0,66	
13,65	-0,66	
13,655	-0,66	
13,66	-0,66	
13,665	-0,66	
13,67	-0,66	
13,675	-0,66	
13,68	-0,66	
13,685	-0,65	
13,69	-0,65	
13,695	-0,64	
13,7	-0,64	
13,705	-0,63	
13,71	-0,63	
13,715	-0,62	
13,72	-0,62	
13,725	-0,61	
13,73	-0,6	
13,735	-0,6	
13,74	-0,58	
13,745	-0,58	
13,75	-0,57	
13,755	-0,57	
13,76	-0,55	
13,765	-0,54	
13,77	-0,53	
13,775	-0,52	
13,78	-0,51	
13,785	-0,5	
13,79	-0,49	
13,795	-0,48	
13,8	-0,47	
13,805	-0,45	
13,81	-0,44	
13,815	-0,43	
13,82	-0,41	
13,825	-0,4	
13,83	-0,39	
13,835	-0,37	
13,84	-0,36	
13,845	-0,35	
13,85	-0,33	
13,855	-0,32	
13,86	-0,31	
13,865	-0,3	
13,87	-0,28	
13,875	-0,26	
13,88	-0,25	
13,885	-0,23	
13,89	-0,22	
13,895	-0,2	
13,9	-0,18	
13,905	-0,17	
13,91	-0,15	
13,915	-0,13	
13,92	-0,12	
13,925	-0,1	
13,93	-0,09	
13,935	-0,07	
13,94	-0,05	
13,945	-0,04	
13,95	-0,02	
13,955	0	
13,96	0,01	
13,965	0,03	
13,97	0,04	
13,975	0,06	
13,98	0,07	
13,985	0,09	
13,99	0,11	
13,995	0,12	
14,0	0,14	
14,005	0,15	
14,01	0,17	
14,015	0,18	
14,02	0,2	
14,025	0,21	
14,03	0,23	
14,035	0,24	
14,04	0,26	
14,045	0,27	
14,05	0,29	
14,055	0,3	
14,06	0,32	
14,065	0,33	
14,07	0,34	
14,075	0,35	
14,08	0,37	
14,085	0,38	
14,09	0,39	
14,095	0,41	
14,1	0,42	
14,105	0,43	
14,11	0,44	
14,115	0,45	
14,12	0,46	
14,125	0,47	
14,13	0,47	
14,135	0,49	
14,14	0,5	
14,145	0,51	
14,15	0,52	
14,155	0,53	
14,16	0,53	
14,165	0,53	
14,17	0,54	
14,175	0,55	
14,18	0,55	
14,185	0,56	
14,19	0,57	
14,195	0,58	
14,2	0,58	
14,205	0,58	
14,21	0,59	
14,215	0,59	
14,22	0,59	
14,225	0,6	
14,23	0,6	
14,235	0,61	
14,24	0,61	
14,245	0,61	
14,25	0,61	
14,255	0,61	
14,26	0,6	
14,265	0,6	
14,27	0,6	
14,275	0,6	
14,28	0,6	
14,285	0,6	
14,29	0,6	
14,295	0,6	
14,3	0,6	
14,305	0,59	
14,31	0,58	
14,315	0,58	
14,32	0,58	
14,325	0,57	
14,33	0,57	
14,335	0,56	
14,34	0,55	
14,345	0,55	
14,35	0,53	
14,355	0,53	
14,36	0,53	
14,365	0,52	
14,37	0,51	
14,375	0,5	
14,38	0,49	
14,385	0,48	
14,39	0,47	
14,395	0,46	
14,4	0,45	
14,405	0,45	
14,41	0,44	
14,415	0,43	
14,42	0,42	
14,425	0,41	
14,43	0,39	
14,435	0,38	
14,44	0,36	
14,445	0,35	
14,45	0,34	
14,455	0,33	
14,46	0,32	
14,465	0,31	
14,47	0,3	
14,475	0,28	
14,48	0,27	
14,485	0,25	
14,49	0,23	
14,495	0,22	
14,5	0,21	
14,505	0,2	
14,51	0,19	
14,515	0,17	
14,52	0,16	
14,525	0,14	
14,53	0,12	
14,535	0,11	
14,54	0,09	
14,545	0,08	
14,55	0,07	
14,555	0,06	
14,56	0,04	
14,565	0,03	
14,57	0,02	
14,575	-0,01	
14,58	-0,02	
14,585	-0,03	
14,59	-0,05	
14,595	-0,06	
14,6	-0,07	
14,605	-0,09	
14,61	-0,1	
14,615	-0,11	
14,62	-0,13	
14,625	-0,14	
14,63	-0,16	
14,635	-0,17	
14,64	-0,18	
14,645	-0,19	
14,65	-0,21	
14,655	-0,22	
14,66	-0,23	
14,665	-0,24	
14,67	-0,25	
14,675	-0,27	
14,68	-0,28	
14,685	-0,29	
14,69	-0,3	
14,695	-0,31	
14,7	-0,32	
14,705	-0,33	
14,71	-0,34	
14,715	-0,35	
14,72	-0,36	
14,725	-0,37	
14,73	-0,38	
14,735	-0,39	
14,74	-0,4	
14,745	-0,41	
14,75	-0,42	
14,755	-0,42	
14,76	-0,43	
14,765	-0,43	
14,77	-0,44	
14,775	-0,44	
14,78	-0,45	
14,785	-0,46	
14,79	-0,47	
14,795	-0,47	
14,8	-0,48	
14,805	-0,48	
14,81	-0,48	
14,815	-0,49	
14,82	-0,49	
14,825	-0,5	
14,83	-0,5	
14,835	-0,5	
14,84	-0,5	
14,845	-0,51	
14,85	-0,51	
14,855	-0,51	
14,86	-0,51	
14,865	-0,51	
14,87	-0,51	
14,875	-0,51	
14,88	-0,51	
14,885	-0,5	
14,89	-0,5	
14,895	-0,5	
14,9	-0,5	
14,905	-0,5	
14,91	-0,5	
14,915	-0,5	
14,92	-0,5	
14,925	-0,49	
14,93	-0,49	
14,935	-0,48	
14,94	-0,47	
14,945	-0,47	
14,95	-0,46	
14,955	-0,46	
14,96	-0,46	
14,965	-0,45	
14,97	-0,45	
14,975	-0,44	
14,98	-0,44	
14,985	-0,42	
14,99	-0,42	
14,995	-0,41	
15,0	-0,4	
15,005	-0,4	
15,01	-0,39	
15,015	-0,38	
15,02	-0,37	
15,025	-0,37	
15,03	-0,36	
15,035	-0,35	
15,04	-0,34	
15,045	-0,33	
15,05	-0,33	
15,055	-0,32	
15,06	-0,3	
15,065	-0,3	
15,07	-0,28	
15,075	-0,27	
15,08	-0,25	
15,085	-0,24	
15,09	-0,24	
15,095	-0,22	
15,1	-0,22	
15,105	-0,21	
15,11	-0,2	
15,115	-0,18	
15,12	-0,17	
15,125	-0,16	
15,13	-0,15	
15,135	-0,14	
15,14	-0,12	
15,145	-0,11	
15,15	-0,1	
15,155	-0,09	
15,16	-0,08	
15,165	-0,07	
15,17	-0,06	
15,175	-0,05	
15,18	-0,03	
15,185	-0,02	
15,19	-0,01	
15,195	0	
15,2	0,01	
15,205	0,02	
15,21	0,03	
15,215	0,05	
15,22	0,06	
15,225	0,07	
15,23	0,08	
15,235	0,09	
15,24	0,1	
15,245	0,11	
15,25	0,12	
15,255	0,13	
15,26	0,15	
15,265	0,15	
15,27	0,16	
15,275	0,16	
15,28	0,17	
15,285	0,18	
15,29	0,2	
15,295	0,21	
15,3	0,22	
15,305	0,23	
15,31	0,24	
15,315	0,24	
15,32	0,25	
15,325	0,26	
15,33	0,26	
15,335	0,27	
15,34	0,28	
15,345	0,29	
15,35	0,3	
15,355	0,3	
15,36	0,31	
15,365	0,31	
15,37	0,32	
15,375	0,33	
15,38	0,33	
15,385	0,34	
15,39	0,34	
15,395	0,35	
15,4	0,35	
15,405	0,35	
15,41	0,36	
15,415	0,36	
15,42	0,36	
15,425	0,37	
15,43	0,37	
15,435	0,37	
15,44	0,38	
15,445	0,38	
15,45	0,38	
15,455	0,38	
15,46	0,38	
15,465	0,38	
15,47	0,39	
15,475	0,39	
15,48	0,38	
15,485	0,39	
15,49	0,38	
15,495	0,38	
15,5	0,38	
15,505	0,38	
15,51	0,38	
15,515	0,38	
15,52	0,38	
15,525	0,38	
15,53	0,38	
15,535	0,37	
15,54	0,37	
15,545	0,36	
15,55	0,36	
15,555	0,36	
15,56	0,36	
15,565	0,35	
15,57	0,35	
15,575	0,35	
15,58	0,34	
15,585	0,33	
15,59	0,32	
15,595	0,32	
15,6	0,32	
15,605	0,31	
15,61	0,31	
15,615	0,3	
15,62	0,3	
15,625	0,29	
15,63	0,28	
15,635	0,28	
15,64	0,27	
15,645	0,26	
15,65	0,26	
15,655	0,25	
15,66	0,25	
15,665	0,24	
15,67	0,23	
15,675	0,23	
15,68	0,22	
15,685	0,21	
15,69	0,2	
15,695	0,19	
15,7	0,19	
15,705	0,18	
15,71	0,17	
15,715	0,16	
15,72	0,16	
15,725	0,15	
15,73	0,14	
15,735	0,13	
15,74	0,13	
15,745	0,12	
15,75	0,11	
15,755	0,1	
15,76	0,08	
15,765	0,08	
15,77	0,07	
15,775	0,07	
15,78	0,06	
15,785	0,05	
15,79	0,05	
15,795	0,04	
15,8	0,03	
15,805	0,02	
15,81	0,01	
15,815	0	
15,82	0	
15,825	-0,01	
15,83	-0,02	
15,835	-0,02	
15,84	-0,03	
15,845	-0,03	
15,85	-0,05	
15,855	-0,05	
15,86	-0,06	
15,865	-0,07	
15,87	-0,08	
15,875	-0,08	
15,88	-0,09	
15,885	-0,1	
15,89	-0,1	
15,895	-0,11	
15,9	-0,11	
15,905	-0,12	
15,91	-0,12	
15,915	-0,13	
15,92	-0,13	
15,925	-0,14	
15,93	-0,15	
15,935	-0,15	
15,94	-0,16	
15,945	-0,16	
15,95	-0,16	
15,955	-0,17	
15,96	-0,17	
15,965	-0,18	
15,97	-0,18	
15,975	-0,19	
15,98	-0,2	
15,985	-0,2	
15,99	-0,21	
15,995	-0,21	
16,0	-0,21	
16,005	-0,21	
16,01	-0,21	
16,015	-0,21	
16,02	-0,22	
16,025	-0,22	
16,03	-0,22	
16,035	-0,22	
16,04	-0,22	
16,045	-0,22	
16,05	-0,22	
16,055	-0,22	
16,06	-0,23	
16,065	-0,23	
16,07	-0,23	
16,075	-0,24	
16,08	-0,24	
16,085	-0,24	
16,09	-0,23	
16,095	-0,23	
16,1	-0,23	
16,105	-0,23	
16,11	-0,23	
16,115	-0,23	
16,12	-0,23	
16,125	-0,23	
16,13	-0,23	
16,135	-0,23	
16,14	-0,23	
16,145	-0,22	
16,15	-0,22	
16,155	-0,22	
16,16	-0,22	
16,165	-0,22	
16,17	-0,22	
16,175	-0,22	
16,18	-0,21	
16,185	-0,21	
16,19	-0,21	
16,195	-0,21	
16,2	-0,2	
16,205	-0,2	
16,21	-0,2	
16,215	-0,19	
16,22	-0,19	
16,225	-0,19	
16,23	-0,19	
16,235	-0,19	
16,24	-0,18	
16,245	-0,18	
16,25	-0,18	
16,255	-0,17	
16,26	-0,16	
16,265	-0,16	
16,27	-0,15	
16,275	-0,15	
16,28	-0,15	
16,285	-0,14	
16,29	-0,14	
16,295	-0,14	
16,3	-0,14	
16,305	-0,13	
16,31	-0,12	
16,315	-0,12	
16,32	-0,12	
16,325	-0,11	
16,33	-0,11	
16,335	-0,11	
16,34	-0,11	
16,345	-0,1	
16,35	-0,09	
16,355	-0,09	
16,36	-0,08	
16,365	-0,08	
16,37	-0,07	
16,375	-0,07	
16,38	-0,06	
16,385	-0,06	
16,39	-0,06	
16,395	-0,05	
16,4	-0,05	
16,405	-0,04	
16,41	-0,04	
16,415	-0,04	
16,42	-0,04	
16,425	-0,04	
16,43	-0,03	
16,435	-0,03	
16,44	-0,02	
16,445	-0,01	
16,45	0	
16,455	0	
16,46	0	
16,465	0	
16,47	0	
16,475	0	
16,48	0	
16,485	0,01	
16,49	0,01	
16,495	0,02	
16,5	0,02	
16,505	0,02	
16,51	0,02	
16,515	0,02	
16,52	0,02	
16,525	0,03	
16,53	0,03	
16,535	0,04	
16,54	0,04	
16,545	0,04	
16,55	0,04	
16,555	0,04	
16,56	0,04	
16,565	0,05	
16,57	0,05	
16,575	0,05	
16,58	0,06	
16,585	0,06	
16,59	0,06	
16,595	0,06	
16,6	0,06	
16,605	0,06	
16,61	0,06	
16,615	0,06	
16,62	0,07	
16,625	0,07	
16,63	0,07	
16,635	0,07	
16,64	0,07	
16,645	0,07	
16,65	0,07	
16,655	0,07	
16,66	0,07	
16,665	0,07	
16,67	0,07	
16,675	0,07	
16,68	0,08	
16,685	0,07	
16,69	0,07	
16,695	0,07	
16,7	0,07	
16,705	0,07	
16,71	0,07	
16,715	0,07	
16,72	0,07	
16,725	0,07	
16,73	0,08	
16,735	0,08	
16,74	0,07	
16,745	0,07	
16,75	0,07	
16,755	0,07	
16,76	0,07	
16,765	0,07	
16,77	0,07	
16,775	0,07	
16,78	0,07	
16,785	0,07	
16,79	0,06	
16,795	0,06	
16,8	0,06	
16,805	0,07	
16,81	0,06	
16,815	0,06	
16,82	0,06	
16,825	0,06	
16,83	0,06	
16,835	0,06	
16,84	0,06	
16,845	0,06	
16,85	0,06	
16,855	0,06	
16,86	0,06	
16,865	0,06	
16,87	0,06	
16,875	0,05	
16,88	0,05	
16,885	0,05	
16,89	0,05	
16,895	0,05	
16,9	0,06	
16,905	0,06	
16,91	0,05	
16,915	0,05	
16,92	0,05	
16,925	0,05	
16,93	0,05	
16,935	0,05	
16,94	0,05	
16,945	0,05	
16,95	0,05	
16,955	0,06	
16,96	0,05	
16,965	0,05	
16,97	0,05	
16,975	0,04	
16,98	0,04	
16,985	0,04	
16,99	0,04	
16,995	0,05	
17,0	0,05	
17,005	0,05	
17,01	0,05	
17,015	0,05	
17,02	0,05	
17,025	0,05	
17,03	0,04	
17,035	0,05	
17,04	0,05	
17,045	0,05	
17,05	0,05	
17,055	0,05	
17,06	0,05	
17,065	0,05	
17,07	0,05	
17,075	0,05	
17,08	0,05	
17,085	0,06	
17,09	0,06	
17,095	0,06	
17,1	0,06	
17,105	0,06	
17,11	0,06	
17,115	0,06	
17,12	0,06	
17,125	0,06	
17,13	0,06	
17,135	0,06	
17,14	0,07	
17,145	0,07	
17,15	0,06	
17,155	0,06	
17,16	0,06	
17,165	0,07	
17,17	0,07	
17,175	0,08	
17,18	0,08	
17,185	0,08	
17,19	0,08	
17,195	0,08	
17,2	0,07	
17,205	0,07	
17,21	0,08	
17,215	0,08	
17,22	0,09	
17,225	0,09	
17,23	0,09	
17,235	0,08	
17,24	0,08	
17,245	0,08	
17,25	0,08	
17,255	0,08	
17,26	0,09	
17,265	0,09	
17,27	0,09	
17,275	0,1	
17,28	0,1	
17,285	0,1	
17,29	0,09	
17,295	0,09	
17,3	0,09	
17,305	0,09	
17,31	0,09	
17,315	0,1	
17,32	0,1	
17,325	0,1	
17,33	0,1	
17,335	0,09	
17,34	0,09	
17,345	0,09	
17,35	0,09	
17,355	0,1	
17,36	0,1	
17,365	0,1	
17,37	0,1	
17,375	0,1	
17,38	0,09	
17,385	0,09	
17,39	0,09	
17,395	0,08	
17,4	0,09	
17,405	0,09	
17,41	0,09	
17,415	0,09	
17,42	0,08	
17,425	0,08	
17,43	0,07	
17,435	0,07	
17,44	0,07	
17,445	0,08	
17,45	0,08	
17,455	0,08	
17,46	0,07	
17,465	0,07	
17,47	0,06	
17,475	0,06	
17,48	0,06	
17,485	0,05	
17,49	0,06	
17,495	0,05	
17,5	0,05	
17,505	0,05	
17,51	0,05	
17,515	0,04	
17,52	0,04	
17,525	0,03	
17,53	0,03	
17,535	0,03	
17,54	0,03	
17,545	0,03	
17,55	0,03	
17,555	0,02	
17,56	0,01	
17,565	0	
17,57	0	
17,575	-0,01	
17,58	-0,01	
17,585	-0,01	
17,59	-0,01	
17,595	-0,01	
17,6	-0,02	
17,605	-0,03	
17,61	-0,03	
17,615	-0,04	
17,62	-0,04	
17,625	-0,04	
17,63	-0,04	
17,635	-0,05	
17,64	-0,05	
17,645	-0,06	
17,65	-0,06	
17,655	-0,07	
17,66	-0,07	
17,665	-0,08	
17,67	-0,08	
17,675	-0,09	
17,68	-0,1	
17,685	-0,1	
17,69	-0,1	
17,695	-0,11	
17,7	-0,11	
17,705	-0,11	
17,71	-0,12	
17,715	-0,12	
17,72	-0,13	
17,725	-0,13	
17,73	-0,13	
17,735	-0,14	
17,74	-0,14	
17,745	-0,15	
17,75	-0,15	
17,755	-0,16	
17,76	-0,16	
17,765	-0,17	
17,77	-0,17	
17,775	-0,18	
17,78	-0,18	
17,785	-0,18	
17,79	-0,19	
17,795	-0,19	
17,8	-0,19	
17,805	-0,2	
17,81	-0,2	
17,815	-0,21	
17,82	-0,21	
17,825	-0,21	
17,83	-0,22	
17,835	-0,22	
17,84	-0,22	
17,845	-0,22	
17,85	-0,23	
17,855	-0,23	
17,86	-0,23	
17,865	-0,24	
17,87	-0,24	
17,875	-0,24	
17,88	-0,24	
17,885	-0,24	
17,89	-0,24	
17,895	-0,25	
17,9	-0,25	
17,905	-0,25	
17,91	-0,25	
17,915	-0,25	
17,92	-0,25	
17,925	-0,25	
17,93	-0,26	
17,935	-0,25	
17,94	-0,25	
17,945	-0,25	
17,95	-0,25	
17,955	-0,25	
17,96	-0,25	
17,965	-0,25	
17,97	-0,25	
17,975	-0,25	
17,98	-0,25	
17,985	-0,25	
17,99	-0,24	
17,995	-0,24	
18,0	-0,24	
18,005	-0,24	
18,01	-0,24	
18,015	-0,24	
18,02	-0,24	
18,025	-0,24	
18,03	-0,23	
18,035	-0,22	
18,04	-0,22	
18,045	-0,22	
18,05	-0,21	
18,055	-0,21	
18,06	-0,21	
18,065	-0,2	
18,07	-0,2	
18,075	-0,2	
18,08	-0,19	
18,085	-0,18	
18,09	-0,17	
18,095	-0,17	
18,1	-0,16	
18,105	-0,16	
18,11	-0,15	
18,115	-0,15	
18,12	-0,14	
18,125	-0,13	
18,13	-0,13	
18,135	-0,12	
18,14	-0,11	
18,145	-0,11	
18,15	-0,1	
18,155	-0,1	
18,16	-0,09	
18,165	-0,09	
18,17	-0,09	
18,175	-0,07	
18,18	-0,06	
18,185	-0,05	
18,19	-0,04	
18,195	-0,04	
18,2	-0,03	
18,205	-0,02	
18,21	-0,01	
18,215	-0,01	
18,22	0,01	
18,225	0,02	
18,23	0,02	
18,235	0,03	
18,24	0,03	
18,245	0,04	
18,25	0,05	
18,255	0,06	
18,26	0,07	
18,265	0,08	
18,27	0,09	
18,275	0,1	
18,28	0,1	
18,285	0,11	
18,29	0,12	
18,295	0,12	
18,3	0,13	
18,305	0,14	
18,31	0,15	
18,315	0,16	
18,32	0,17	
18,325	0,18	
18,33	0,19	
18,335	0,2	
18,34	0,2	
18,345	0,21	
18,35	0,22	
18,355	0,23	
18,36	0,23	
18,365	0,24	
18,37	0,25	
18,375	0,25	
18,38	0,26	
18,385	0,27	
18,39	0,28	
18,395	0,28	
18,4	0,29	
18,405	0,3	
18,41	0,3	
18,415	0,3	
18,42	0,31	
18,425	0,31	
18,43	0,32	
18,435	0,33	
18,44	0,33	
18,445	0,34	
18,45	0,35	
18,455	0,35	
18,46	0,36	
18,465	0,36	
18,47	0,36	
18,475	0,36	
18,48	0,37	
18,485	0,37	
18,49	0,38	
18,495	0,38	
18,5	0,39	
18,505	0,39	
18,51	0,39	
18,515	0,38	
18,52	0,38	
18,525	0,38	
18,53	0,38	
18,535	0,39	
18,54	0,39	
18,545	0,4	
18,55	0,4	
18,555	0,39	
18,56	0,39	
18,565	0,39	
18,57	0,39	
18,575	0,39	
18,58	0,39	
18,585	0,39	
18,59	0,39	
18,595	0,38	
18,6	0,38	
18,605	0,38	
18,61	0,37	
18,615	0,37	
18,62	0,37	
18,625	0,37	
18,63	0,36	
18,635	0,36	
18,64	0,36	
18,645	0,35	
18,65	0,34	
18,655	0,34	
18,66	0,33	
18,665	0,33	
18,67	0,32	
18,675	0,32	
18,68	0,31	
18,685	0,31	
18,69	0,3	
18,695	0,29	
18,7	0,28	
18,705	0,27	
18,71	0,27	
18,715	0,26	
18,72	0,25	
18,725	0,24	
18,73	0,23	
18,735	0,22	
18,74	0,21	
18,745	0,2	
18,75	0,19	
18,755	0,19	
18,76	0,18	
18,765	0,17	
18,77	0,16	
18,775	0,15	
18,78	0,13	
18,785	0,12	
18,79	0,11	
18,795	0,1	
18,8	0,09	
18,805	0,09	
18,81	0,07	
18,815	0,06	
18,82	0,05	
18,825	0,04	
18,83	0,03	
18,835	0,02	
18,84	0,01	
18,845	-0,01	
18,85	-0,02	
18,855	-0,03	
18,86	-0,04	
18,865	-0,05	
18,87	-0,06	
18,875	-0,08	
18,88	-0,09	
18,885	-0,1	
18,89	-0,12	
18,895	-0,13	
18,9	-0,14	
18,905	-0,15	
18,91	-0,16	
18,915	-0,17	
18,92	-0,18	
18,925	-0,19	
18,93	-0,21	
18,935	-0,22	
18,94	-0,23	
18,945	-0,24	
18,95	-0,24	
18,955	-0,25	
18,96	-0,27	
18,965	-0,27	
18,97	-0,29	
18,975	-0,3	
18,98	-0,31	
18,985	-0,32	
18,99	-0,33	
18,995	-0,34	
19,0	-0,35	
19,005	-0,36	
19,01	-0,37	
19,015	-0,37	
19,02	-0,39	
19,025	-0,4	
19,03	-0,41	
19,035	-0,41	
19,04	-0,41	
19,045	-0,42	
19,05	-0,43	
19,055	-0,44	
19,06	-0,44	
19,065	-0,45	
19,07	-0,46	
19,075	-0,46	
19,08	-0,46	
19,085	-0,47	
19,09	-0,48	
19,095	-0,48	
19,1	-0,49	
19,105	-0,5	
19,11	-0,5	
19,115	-0,5	
19,12	-0,5	
19,125	-0,5	
19,13	-0,5	
19,135	-0,5	
19,14	-0,5	
19,145	-0,51	
19,15	-0,51	
19,155	-0,52	
19,16	-0,52	
19,165	-0,51	
19,17	-0,51	
19,175	-0,51	
19,18	-0,51	
19,185	-0,51	
19,19	-0,5	
19,195	-0,51	
19,2	-0,51	
19,205	-0,51	
19,21	-0,5	
19,215	-0,5	
19,22	-0,49	
19,225	-0,48	
19,23	-0,48	
19,235	-0,47	
19,24	-0,47	
19,245	-0,47	
19,25	-0,47	
19,255	-0,46	
19,26	-0,46	
19,265	-0,45	
19,27	-0,44	
19,275	-0,43	
19,28	-0,42	
19,285	-0,41	
19,29	-0,4	
19,295	-0,4	
19,3	-0,39	
19,305	-0,39	
19,31	-0,38	
19,315	-0,37	
19,32	-0,35	
19,325	-0,34	
19,33	-0,33	
19,335	-0,32	
19,34	-0,31	
19,345	-0,3	
19,35	-0,29	
19,355	-0,28	
19,36	-0,27	
19,365	-0,26	
19,37	-0,25	
19,375	-0,23	
19,38	-0,22	
19,385	-0,21	
19,39	-0,19	
19,395	-0,18	
19,4	-0,16	
19,405	-0,15	
19,41	-0,14	
19,415	-0,13	
19,42	-0,12	
19,425	-0,1	
19,43	-0,09	
19,435	-0,08	
19,44	-0,07	
19,445	-0,04	
19,45	-0,03	
19,455	-0,02	
19,46	0	
19,465	0,01	
19,47	0,03	
19,475	0,04	
19,48	0,05	
19,485	0,06	
19,49	0,08	
19,495	0,1	
19,5	0,11	
19,505	0,13	
19,51	0,14	
19,515	0,16	
19,52	0,17	
19,525	0,18	
19,53	0,2	
19,535	0,21	
19,54	0,23	
19,545	0,24	
19,55	0,26	
19,555	0,27	
19,56	0,28	
19,565	0,29	
19,57	0,3	
19,575	0,31	
19,58	0,32	
19,585	0,34	
19,59	0,35	
19,595	0,36	
19,6	0,38	
19,605	0,39	
19,61	0,4	
19,615	0,41	
19,62	0,42	
19,625	0,43	
19,63	0,44	
19,635	0,45	
19,64	0,46	
19,645	0,47	
19,65	0,48	
19,655	0,49	
19,66	0,5	
19,665	0,5	
19,67	0,51	
19,675	0,52	
19,68	0,53	
19,685	0,54	
19,69	0,54	
19,695	0,55	
19,7	0,56	
19,705	0,56	
19,71	0,56	
19,715	0,57	
19,72	0,57	
19,725	0,58	
19,73	0,58	
19,735	0,59	
19,74	0,59	
19,745	0,6	
19,75	0,6	
19,755	0,6	
19,76	0,6	
19,765	0,59	
19,77	0,59	
19,775	0,6	
19,78	0,6	
19,785	0,6	
19,79	0,6	
19,795	0,6	
19,8	0,59	
19,805	0,59	
19,81	0,58	
19,815	0,58	
19,82	0,58	
19,825	0,59	
19,83	0,58	
19,835	0,58	
19,84	0,58	
19,845	0,57	
19,85	0,56	
19,855	0,55	
19,86	0,54	
19,865	0,54	
19,87	0,53	
19,875	0,53	
19,88	0,52	
19,885	0,51	
19,89	0,5	
19,895	0,49	
19,9	0,48	
19,905	0,47	
19,91	0,47	
19,915	0,46	
19,92	0,45	
19,925	0,44	
19,93	0,43	
19,935	0,42	
19,94	0,4	
19,945	0,38	
19,95	0,37	
19,955	0,36	
19,96	0,35	
19,965	0,34	
19,97	0,33	
19,975	0,31	
19,98	0,3	
19,985	0,29	
19,99	0,27	
19,995	0,25	
20,0	0,24	
20,005	0,23	
20,01	0,21	
20,015	0,2	
20,02	0,19	
20,025	0,17	
20,03	0,16	
20,035	0,14	
20,04	0,12	
20,045	0,1	
20,05	0,09	
20,055	0,08	
20,06	0,06	
20,065	0,05	
20,07	0,03	
20,075	0,02	
20,08	0	
20,085	-0,02	
20,09	-0,04	
20,095	-0,05	
20,1	-0,07	
20,105	-0,08	
20,11	-0,1	
20,115	-0,12	
20,12	-0,13	
20,125	-0,15	
20,13	-0,17	
20,135	-0,18	
20,14	-0,2	
20,145	-0,21	
20,15	-0,22	
20,155	-0,24	
20,16	-0,25	
20,165	-0,27	
20,17	-0,28	
20,175	-0,31	
20,18	-0,32	
20,185	-0,33	
20,19	-0,34	
20,195	-0,35	
20,2	-0,36	
20,205	-0,38	
20,21	-0,39	
20,215	-0,41	
20,22	-0,43	
20,225	-0,44	
20,23	-0,45	
20,235	-0,46	
20,24	-0,47	
20,245	-0,48	
20,25	-0,48	
20,255	-0,5	
20,26	-0,51	
20,265	-0,52	
20,27	-0,53	
20,275	-0,54	
20,28	-0,55	
20,285	-0,56	
20,29	-0,57	
20,295	-0,58	
20,3	-0,58	
20,305	-0,59	
20,31	-0,6	
20,315	-0,6	
20,32	-0,61	
20,325	-0,61	
20,33	-0,61	
20,335	-0,62	
20,34	-0,62	
20,345	-0,63	
20,35	-0,63	
20,355	-0,64	
20,36	-0,64	
20,365	-0,64	
20,37	-0,64	
20,375	-0,64	
20,38	-0,65	
20,385	-0,65	
20,39	-0,65	
20,395	-0,65	
20,4	-0,64	
20,405	-0,64	
20,41	-0,64	
20,415	-0,64	
20,42	-0,63	
20,425	-0,63	
20,43	-0,63	
20,435	-0,63	
20,44	-0,63	
20,445	-0,62	
20,45	-0,62	
20,455	-0,61	
20,46	-0,61	
20,465	-0,6	
20,47	-0,6	
20,475	-0,59	
20,48	-0,58	
20,485	-0,58	
20,49	-0,57	
20,495	-0,55	
20,5	-0,54	
20,505	-0,53	
20,51	-0,52	
20,515	-0,52	
20,52	-0,52	
20,525	-0,51	
20,53	-0,5	
20,535	-0,49	
20,54	-0,46	
20,545	-0,44	
20,55	-0,43	
20,555	-0,42	
20,56	-0,42	
20,565	-0,41	
20,57	-0,4	
20,575	-0,39	
20,58	-0,37	
20,585	-0,35	
20,59	-0,33	
20,595	-0,31	
20,6	-0,3	
20,605	-0,29	
20,61	-0,28	
20,615	-0,27	
20,62	-0,26	
20,625	-0,24	
20,63	-0,22	
20,635	-0,2	
20,64	-0,18	
20,645	-0,17	
20,65	-0,15	
20,655	-0,14	
20,66	-0,13	
20,665	-0,11	
20,67	-0,09	
20,675	-0,06	
20,68	-0,05	
20,685	-0,03	
20,69	-0,02	
20,695	-0,01	
20,7	0,01	
20,705	0,02	
20,71	0,04	
20,715	0,05	
20,72	0,09	
20,725	0,1	
20,73	0,12	
20,735	0,13	
20,74	0,15	
20,745	0,16	
20,75	0,17	
20,755	0,19	
20,76	0,21	
20,765	0,24	
20,77	0,25	
20,775	0,27	
20,78	0,28	
20,785	0,29	
20,79	0,3	
20,795	0,31	
20,8	0,33	
20,805	0,34	
20,81	0,36	
20,815	0,38	
20,82	0,39	
20,825	0,4	
20,83	0,42	
20,835	0,43	
20,84	0,44	
20,845	0,45	
20,85	0,46	
20,855	0,48	
20,86	0,49	
20,865	0,51	
20,87	0,52	
20,875	0,52	
20,88	0,53	
20,885	0,54	
20,89	0,55	
20,895	0,56	
20,9	0,57	
20,905	0,58	
20,91	0,59	
20,915	0,6	
20,92	0,6	
20,925	0,61	
20,93	0,61	
20,935	0,61	
20,94	0,62	
20,945	0,63	
20,95	0,64	
20,955	0,65	
20,96	0,65	
20,965	0,65	
20,97	0,65	
20,975	0,65	
20,98	0,65	
20,985	0,65	
20,99	0,65	
20,995	0,66	
21,0	0,66	
21,005	0,66	
21,01	0,66	
21,015	0,66	
21,02	0,65	
21,025	0,65	
21,03	0,65	
21,035	0,65	
21,04	0,65	
21,045	0,65	
21,05	0,64	
21,055	0,64	
21,06	0,63	
21,065	0,62	
21,07	0,62	
21,075	0,61	
21,08	0,61	
21,085	0,6	
21,09	0,6	
21,095	0,59	
21,1	0,58	
21,105	0,57	
21,11	0,56	
21,115	0,55	
21,12	0,54	
21,125	0,54	
21,13	0,52	
21,135	0,52	
21,14	0,51	
21,145	0,5	
21,15	0,48	
21,155	0,47	
21,16	0,46	
21,165	0,45	
21,17	0,43	
21,175	0,42	
21,18	0,41	
21,185	0,4	
21,19	0,38	
21,195	0,37	
21,2	0,35	
21,205	0,34	
21,21	0,32	
21,215	0,31	
21,22	0,29	
21,225	0,28	
21,23	0,26	
21,235	0,25	
21,24	0,24	
21,245	0,22	
21,25	0,21	
21,255	0,19	
21,26	0,18	
21,265	0,15	
21,27	0,14	
21,275	0,12	
21,28	0,11	
21,285	0,09	
21,29	0,07	
21,295	0,06	
21,3	0,04	
21,305	0,02	
21,31	0	
21,315	-0,01	
21,32	-0,03	
21,325	-0,04	
21,33	-0,06	
21,335	-0,08	
21,34	-0,09	
21,345	-0,11	
21,35	-0,13	
21,355	-0,14	
21,36	-0,16	
21,365	-0,17	
21,37	-0,19	
21,375	-0,2	
21,38	-0,22	
21,385	-0,23	
21,39	-0,25	
21,395	-0,26	
21,4	-0,28	
21,405	-0,3	
21,41	-0,31	
21,415	-0,32	
21,42	-0,33	
21,425	-0,34	
21,43	-0,36	
21,435	-0,37	
21,44	-0,38	
21,445	-0,4	
21,45	-0,41	
21,455	-0,42	
21,46	-0,43	
21,465	-0,44	
21,47	-0,45	
21,475	-0,47	
21,48	-0,48	
21,485	-0,49	
21,49	-0,5	
21,495	-0,51	
21,5	-0,52	
21,505	-0,53	
21,51	-0,54	
21,515	-0,54	
21,52	-0,55	
21,525	-0,56	
21,53	-0,57	
21,535	-0,57	
21,54	-0,58	
21,545	-0,58	
21,55	-0,59	
21,555	-0,59	
21,56	-0,6	
21,565	-0,6	
21,57	-0,61	
21,575	-0,62	
21,58	-0,62	
21,585	-0,63	
21,59	-0,63	
21,595	-0,63	
21,6	-0,63	
21,605	-0,63	
21,61	-0,63	
21,615	-0,63	
21,62	-0,63	
21,625	-0,63	
21,63	-0,62	
21,635	-0,62	
21,64	-0,62	
21,645	-0,62	
21,65	-0,62	
21,655	-0,62	
21,66	-0,61	
21,665	-0,61	
21,67	-0,61	
21,675	-0,6	
21,68	-0,59	
21,685	-0,58	
21,69	-0,57	
21,695	-0,57	
21,7	-0,57	
21,705	-0,56	
21,71	-0,56	
21,715	-0,55	
21,72	-0,54	
21,725	-0,53	
21,73	-0,52	
21,735	-0,51	
21,74	-0,5	
21,745	-0,49	
21,75	-0,49	
21,755	-0,49	
21,76	-0,48	
21,765	-0,46	
21,77	-0,45	
21,775	-0,43	
21,78	-0,42	
21,785	-0,41	
21,79	-0,4	
21,795	-0,39	
21,8	-0,38	
21,805	-0,37	
21,81	-0,35	
21,815	-0,33	
21,82	-0,32	
21,825	-0,3	
21,83	-0,29	
21,835	-0,28	
21,84	-0,27	
21,845	-0,26	
21,85	-0,25	
21,855	-0,23	
21,86	-0,21	
21,865	-0,19	
21,87	-0,17	
21,875	-0,16	
21,88	-0,15	
21,885	-0,13	
21,89	-0,13	
21,895	-0,12	
21,9	-0,1	
21,905	-0,08	
21,91	-0,06	
21,915	-0,04	
21,92	-0,03	
21,925	-0,02	
21,93	0	
21,935	0,01	
21,94	0,02	
21,945	0,04	
21,95	0,07	
21,955	0,09	
21,96	0,1	
21,965	0,11	
21,97	0,12	
21,975	0,14	
21,98	0,15	
21,985	0,16	
21,99	0,17	
21,995	0,19	
22,0	0,21	
22,005	0,22	
22,01	0,24	
22,015	0,25	
22,02	0,26	
22,025	0,27	
22,03	0,28	
22,035	0,29	
22,04	0,32	
22,045	0,33	
22,05	0,34	
22,055	0,35	
22,06	0,36	
22,065	0,37	
22,07	0,38	
22,075	0,38	
22,08	0,39	
22,085	0,41	
22,09	0,42	
22,095	0,43	
22,1	0,44	
22,105	0,45	
22,11	0,45	
22,115	0,46	
22,12	0,47	
22,125	0,48	
22,13	0,49	
22,135	0,5	
22,14	0,51	
22,145	0,51	
22,15	0,52	
22,155	0,52	
22,16	0,52	
22,165	0,53	
22,17	0,53	
22,175	0,54	
22,18	0,55	
22,185	0,55	
22,19	0,55	
22,195	0,55	
22,2	0,55	
22,205	0,56	
22,21	0,55	
22,215	0,55	
22,22	0,56	
22,225	0,56	
22,23	0,56	
22,235	0,56	
22,24	0,56	
22,245	0,56	
22,25	0,55	
22,255	0,55	
22,26	0,55	
22,265	0,55	
22,27	0,55	
22,275	0,54	
22,28	0,54	
22,285	0,54	
22,29	0,53	
22,295	0,53	
22,3	0,52	
22,305	0,52	
22,31	0,52	
22,315	0,51	
22,32	0,5	
22,325	0,5	
22,33	0,49	
22,335	0,48	
22,34	0,47	
22,345	0,46	
22,35	0,45	
22,355	0,45	
22,36	0,44	
22,365	0,43	
22,37	0,42	
22,375	0,41	
22,38	0,41	
22,385	0,4	
22,39	0,39	
22,395	0,38	
22,4	0,37	
22,405	0,36	
22,41	0,35	
22,415	0,34	
22,42	0,33	
22,425	0,31	
22,43	0,3	
22,435	0,28	
22,44	0,27	
22,445	0,26	
22,45	0,25	
22,455	0,24	
22,46	0,23	
22,465	0,21	
22,47	0,2	
22,475	0,19	
22,48	0,17	
22,485	0,16	
22,49	0,15	
22,495	0,14	
22,5	0,13	
22,505	0,11	
22,51	0,1	
22,515	0,08	
22,52	0,07	
22,525	0,05	
22,53	0,04	
22,535	0,03	
22,54	0,02	
22,545	0	
22,55	-0,01	
22,555	-0,03	
22,56	-0,04	
22,565	-0,05	
22,57	-0,06	
22,575	-0,07	
22,58	-0,08	
22,585	-0,09	
22,59	-0,1	
22,595	-0,12	
22,6	-0,13	
22,605	-0,15	
22,61	-0,16	
22,615	-0,17	
22,62	-0,18	
22,625	-0,19	
22,63	-0,21	
22,635	-0,21	
22,64	-0,22	
22,645	-0,24	
22,65	-0,25	
22,655	-0,26	
22,66	-0,27	
22,665	-0,28	
22,67	-0,28	
22,675	-0,3	
22,68	-0,3	
22,685	-0,31	
22,69	-0,32	
22,695	-0,33	
22,7	-0,34	
22,705	-0,35	
22,71	-0,35	
22,715	-0,36	
22,72	-0,37	
22,725	-0,38	
22,73	-0,38	
22,735	-0,39	
22,74	-0,4	
22,745	-0,41	
22,75	-0,41	
22,755	-0,42	
22,76	-0,42	
22,765	-0,42	
22,77	-0,43	
22,775	-0,43	
22,78	-0,44	
22,785	-0,43	
22,79	-0,44	
22,795	-0,44	
22,8	-0,45	
22,805	-0,45	
22,81	-0,45	
22,815	-0,46	
22,82	-0,46	
22,825	-0,46	
22,83	-0,46	
22,835	-0,46	
22,84	-0,46	
22,845	-0,46	
22,85	-0,46	
22,855	-0,46	
22,86	-0,46	
22,865	-0,45	
22,87	-0,45	
22,875	-0,45	
22,88	-0,45	
22,885	-0,45	
22,89	-0,45	
22,895	-0,44	
22,9	-0,44	
22,905	-0,43	
22,91	-0,43	
22,915	-0,42	
22,92	-0,42	
22,925	-0,42	
22,93	-0,41	
22,935	-0,41	
22,94	-0,4	
22,945	-0,4	
22,95	-0,39	
22,955	-0,38	
22,96	-0,38	
22,965	-0,37	
22,97	-0,36	
22,975	-0,36	
22,98	-0,35	
22,985	-0,35	
22,99	-0,34	
22,995	-0,32	
23,0	-0,32	
23,005	-0,31	
23,01	-0,3	
23,015	-0,3	
23,02	-0,29	
23,025	-0,28	
23,03	-0,28	
23,035	-0,27	
23,04	-0,26	
23,045	-0,24	
23,05	-0,23	
23,055	-0,22	
23,06	-0,21	
23,065	-0,2	
23,07	-0,2	
23,075	-0,19	
23,08	-0,18	
23,085	-0,17	
23,09	-0,15	
23,095	-0,14	
23,1	-0,13	
23,105	-0,13	
23,11	-0,12	
23,115	-0,11	
23,12	-0,11	
23,125	-0,1	
23,13	-0,09	
23,135	-0,06	
23,14	-0,05	
23,145	-0,04	
23,15	-0,03	
23,155	-0,02	
23,16	-0,02	
23,165	-0,01	
23,17	-0,01	
23,175	0,01	
23,18	0,02	
23,185	0,03	
23,19	0,05	
23,195	0,06	
23,2	0,06	
23,205	0,07	
23,21	0,07	
23,215	0,08	
23,22	0,09	
23,225	0,11	
23,23	0,12	
23,235	0,13	
23,24	0,14	
23,245	0,15	
23,25	0,15	
23,255	0,16	
23,26	0,17	
23,265	0,17	
23,27	0,19	
23,275	0,2	
23,28	0,21	
23,285	0,21	
23,29	0,22	
23,295	0,22	
23,3	0,22	
23,305	0,23	
23,31	0,24	
23,315	0,25	
23,32	0,26	
23,325	0,26	
23,33	0,27	
23,335	0,27	
23,34	0,27	
23,345	0,27	
23,35	0,27	
23,355	0,28	
23,36	0,29	
23,365	0,3	
23,37	0,3	
23,375	0,31	
23,38	0,31	
23,385	0,31	
23,39	0,31	
23,395	0,31	
23,4	0,31	
23,405	0,32	
23,41	0,33	
23,415	0,33	
23,42	0,33	
23,425	0,33	
23,43	0,33	
23,435	0,32	
23,44	0,32	
23,445	0,32	
23,45	0,33	
23,455	0,33	
23,46	0,34	
23,465	0,34	
23,47	0,33	
23,475	0,33	
23,48	0,32	
23,485	0,32	
23,49	0,32	
23,495	0,32	
23,5	0,32	
23,505	0,32	
23,51	0,32	
23,515	0,31	
23,52	0,31	
23,525	0,3	
23,53	0,3	
23,535	0,29	
23,54	0,3	
23,545	0,3	
23,55	0,3	
23,555	0,3	
23,56	0,29	
23,565	0,28	
23,57	0,27	
23,575	0,26	
23,58	0,26	
23,585	0,26	
23,59	0,26	
23,595	0,25	
23,6	0,25	
23,605	0,24	
23,61	0,23	
23,615	0,23	
23,62	0,22	
23,625	0,22	
23,63	0,21	
23,635	0,21	
23,64	0,2	
23,645	0,2	
23,65	0,19	
23,655	0,18	
23,66	0,18	
23,665	0,17	
23,67	0,16	
23,675	0,16	
23,68	0,15	
23,685	0,15	
23,69	0,15	
23,695	0,14	
23,7	0,13	
23,705	0,12	
23,71	0,11	
23,715	0,1	
23,72	0,1	
23,725	0,09	
23,73	0,09	
23,735	0,08	
23,74	0,08	
23,745	0,06	
23,75	0,05	
23,755	0,05	
23,76	0,04	
23,765	0,04	
23,77	0,03	
23,775	0,03	
23,78	0,02	
23,785	0,01	
23,79	0	
23,795	0	
23,8	-0,01	
23,805	-0,01	
23,81	-0,02	
23,815	-0,02	
23,82	-0,03	
23,825	-0,03	
23,83	-0,04	
23,835	-0,04	
23,84	-0,05	
23,845	-0,06	
23,85	-0,07	
23,855	-0,07	
23,86	-0,07	
23,865	-0,07	
23,87	-0,08	
23,875	-0,09	
23,88	-0,09	
23,885	-0,11	
23,89	-0,11	
23,895	-0,11	
23,9	-0,11	
23,905	-0,11	
23,91	-0,12	
23,915	-0,12	
23,92	-0,13	
23,925	-0,13	
23,93	-0,14	
23,935	-0,14	
23,94	-0,14	
23,945	-0,14	
23,95	-0,14	
23,955	-0,14	
23,96	-0,14	
23,965	-0,15	
23,97	-0,16	
23,975	-0,16	
23,98	-0,16	
23,985	-0,17	
23,99	-0,17	
23,995	-0,16	
24,0	-0,17	
24,005	-0,16	
24,01	-0,17	
24,015	-0,17	
24,02	-0,18	
24,025	-0,18	
24,03	-0,18	
24,035	-0,18	
24,04	-0,18	
24,045	-0,17	
24,05	-0,17	
24,055	-0,18	
24,06	-0,18	
24,065	-0,19	
24,07	-0,19	
24,075	-0,19	
24,08	-0,18	
24,085	-0,18	
24,09	-0,17	
24,095	-0,17	
24,1	-0,17	
24,105	-0,18	
24,11	-0,18	
24,115	-0,18	
24,12	-0,18	
24,125	-0,17	
24,13	-0,17	
24,135	-0,16	
24,14	-0,16	
24,145	-0,16	
24,15	-0,16	
24,155	-0,16	
24,16	-0,16	
24,165	-0,16	
24,17	-0,16	
24,175	-0,15	
24,18	-0,14	
24,185	-0,14	
24,19	-0,14	
24,195	-0,14	
24,2	-0,14	
24,205	-0,14	
24,21	-0,14	
24,215	-0,14	
24,22	-0,13	
24,225	-0,12	
24,23	-0,12	
24,235	-0,12	
24,24	-0,12	
24,245	-0,12	
24,25	-0,12	
24,255	-0,12	
24,26	-0,12	
24,265	-0,11	
24,27	-0,1	
24,275	-0,09	
24,28	-0,09	
24,285	-0,09	
24,29	-0,1	
24,295	-0,1	
24,3	-0,1	
24,305	-0,09	
24,31	-0,09	
24,315	-0,07	
24,32	-0,07	
24,325	-0,07	
24,33	-0,07	
24,335	-0,07	
24,34	-0,07	
24,345	-0,07	
24,35	-0,06	
24,355	-0,06	
24,36	-0,05	
24,365	-0,05	
24,37	-0,04	
24,375	-0,04	
24,38	-0,05	
24,385	-0,05	
24,39	-0,04	
24,395	-0,04	
24,4	-0,03	
24,405	-0,03	
24,41	-0,02	
24,415	-0,02	
24,42	-0,02	
24,425	-0,03	
24,43	-0,03	
24,435	-0,03	
24,44	-0,02	
24,445	-0,01	
24,45	-0,01	
24,455	0	
24,46	-0,01	
24,465	-0,01	
24,47	-0,01	
24,475	-0,01	
24,48	-0,01	
24,485	0	
24,49	0	
24,495	0,01	
24,5	0,01	
24,505	0,01	
24,51	0,01	
24,515	0	
24,52	0	
24,525	0,01	
24,53	0,01	
24,535	0,01	
24,54	0,02	
24,545	0,02	
24,55	0,02	
24,555	0,02	
24,56	0,01	
24,565	0,01	
24,57	0,01	
24,575	0,01	
24,58	0,02	
24,585	0,02	
24,59	0,02	
24,595	0,02	
24,6	0,02	
24,605	0,02	
24,61	0,02	
24,615	0,02	
24,62	0,02	
24,625	0,02	
24,63	0,02	
24,635	0,02	
24,64	0,02	
24,645	0,02	
24,65	0,02	
24,655	0,02	
24,66	0,02	
24,665	0,02	
24,67	0,02	
24,675	0,02	
24,68	0,03	
24,685	0,03	
24,69	0,02	
24,695	0,02	
24,7	0,02	
24,705	0,01	
24,71	0,02	
24,715	0,02	
24,72	0,02	
24,725	0,02	
24,73	0,02	
24,735	0,02	
24,74	0,02	
24,745	0,01	
24,75	0,01	
24,755	0,02	
24,76	0,02	
24,765	0,02	
24,77	0,03	
24,775	0,03	
24,78	0,02	
24,785	0,02	
24,79	0,02	
24,795	0,01	
24,8	0,01	
24,805	0,02	
24,81	0,02	
24,815	0,02	
24,82	0,02	
24,825	0,02	
24,83	0,02	
24,835	0,01	
24,84	0,01	
24,845	0,01	
24,85	0,02	
24,855	0,02	
24,86	0,02	
24,865	0,02	
24,87	0,02	
24,875	0,02	
24,88	0,02	
24,885	0,02	
24,89	0,02	
24,895	0,02	
24,9	0,02	
24,905	0,02	
24,91	0,02	
24,915	0,03	
24,92	0,02	
24,925	0,02	
24,93	0,03	
24,935	0,03	
24,94	0,03	
24,945	0,03	
24,95	0,03	
24,955	0,03	
24,96	0,03	
24,965	0,03	
24,97	0,03	
24,975	0,04	
24,98	0,04	
24,985	0,04	
24,99	0,05	
24,995	0,05	
25,0	0,05	
25,005	0,05	
25,01	0,05	
25,015	0,05	
25,02	0,05	
25,025	0,05	
25,03	0,06	
25,035	0,06	
25,04	0,06	
25,045	0,07	
25,05	0,07	
25,055	0,07	
25,06	0,07	
25,065	0,07	
25,07	0,07	
25,075	0,07	
25,08	0,08	
25,085	0,08	
25,09	0,09	
25,095	0,09	
25,1	0,09	
25,105	0,09	
25,11	0,09	
25,115	0,09	
25,12	0,09	
25,125	0,1	
25,13	0,1	
25,135	0,1	
25,14	0,1	
25,145	0,1	
25,15	0,1	
25,155	0,1	
25,16	0,1	
25,165	0,1	
25,17	0,11	
25,175	0,11	
25,18	0,12	
25,185	0,12	
25,19	0,12	
25,195	0,12	
25,2	0,12	
25,205	0,13	
25,21	0,13	
25,215	0,13	
25,22	0,13	
25,225	0,13	
25,23	0,13	
25,235	0,13	
25,24	0,13	
25,245	0,13	
25,25	0,13	
25,255	0,13	
25,26	0,13	
25,265	0,14	
25,27	0,14	
25,275	0,14	
25,28	0,14	
25,285	0,14	
25,29	0,14	
25,295	0,14	
25,3	0,14	
25,305	0,14	
25,31	0,14	
25,315	0,14	
25,32	0,14	
25,325	0,14	
25,33	0,14	
25,335	0,14	
25,34	0,13	
25,345	0,13	
25,35	0,13	
25,355	0,13	
25,36	0,13	
25,365	0,14	
25,37	0,13	
25,375	0,13	
25,38	0,12	
25,385	0,12	
25,39	0,12	
25,395	0,12	
25,4	0,12	
25,405	0,12	
25,41	0,12	
25,415	0,11	
25,42	0,11	
25,425	0,11	
25,43	0,1	
25,435	0,1	
25,44	0,1	
25,445	0,1	
25,45	0,1	
25,455	0,1	
25,46	0,09	
25,465	0,09	
25,47	0,08	
25,475	0,08	
25,48	0,07	
25,485	0,07	
25,49	0,07	
25,495	0,07	
25,5	0,07	
25,505	0,06	
25,51	0,05	
25,515	0,05	
25,52	0,04	
25,525	0,03	
25,53	0,03	
25,535	0,03	
25,54	0,03	
25,545	0,02	
25,55	0,02	
25,555	0,01	
25,56	0	
25,565	-0,01	
25,57	-0,01	
25,575	-0,02	
25,58	-0,02	
25,585	-0,02	
25,59	-0,03	
25,595	-0,03	
25,6	-0,04	
25,605	-0,05	
25,61	-0,05	
25,615	-0,06	
25,62	-0,07	
25,625	-0,07	
25,63	-0,07	
25,635	-0,08	
25,64	-0,08	
25,645	-0,09	
25,65	-0,1	
25,655	-0,11	
25,66	-0,11	
25,665	-0,12	
25,67	-0,12	
25,675	-0,13	
25,68	-0,13	
25,685	-0,14	
25,69	-0,14	
25,695	-0,15	
25,7	-0,16	
25,705	-0,16	
25,71	-0,16	
25,715	-0,17	
25,72	-0,17	
25,725	-0,17	
25,73	-0,18	
25,735	-0,19	
25,74	-0,19	
25,745	-0,2	
25,75	-0,21	
25,755	-0,21	
25,76	-0,22	
25,765	-0,22	
25,77	-0,22	
25,775	-0,22	
25,78	-0,23	
25,785	-0,24	
25,79	-0,24	
25,795	-0,25	
25,8	-0,25	
25,805	-0,25	
25,81	-0,25	
25,815	-0,25	
25,82	-0,25	
25,825	-0,26	
25,83	-0,27	
25,835	-0,27	
25,84	-0,27	
25,845	-0,28	
25,85	-0,27	
25,855	-0,27	
25,86	-0,27	
25,865	-0,28	
25,87	-0,28	
25,875	-0,29	
25,88	-0,29	
25,885	-0,29	
25,89	-0,29	
25,895	-0,29	
25,9	-0,28	
25,905	-0,28	
25,91	-0,28	
25,915	-0,29	
25,92	-0,29	
25,925	-0,29	
25,93	-0,29	
25,935	-0,29	
25,94	-0,28	
25,945	-0,28	
25,95	-0,28	
25,955	-0,28	
25,96	-0,28	
25,965	-0,28	
25,97	-0,28	
25,975	-0,28	
25,98	-0,28	
25,985	-0,27	
25,99	-0,27	
25,995	-0,26	
26,0	-0,26	
26,005	-0,25	
26,01	-0,25	
26,015	-0,25	
26,02	-0,25	
26,025	-0,24	
26,03	-0,23	
26,035	-0,23	
26,04	-0,22	
26,045	-0,21	
26,05	-0,21	
26,055	-0,21	
26,06	-0,21	
26,065	-0,2	
26,07	-0,2	
26,075	-0,19	
26,08	-0,18	
26,085	-0,17	
26,09	-0,16	
26,095	-0,16	
26,1	-0,15	
26,105	-0,15	
26,11	-0,14	
26,115	-0,13	
26,12	-0,12	
26,125	-0,11	
26,13	-0,11	
26,135	-0,1	
26,14	-0,09	
26,145	-0,09	
26,15	-0,08	
26,155	-0,07	
26,16	-0,06	
26,165	-0,05	
26,17	-0,04	
26,175	-0,03	
26,18	-0,03	
26,185	-0,02	
26,19	-0,01	
26,195	0	
26,2	0,01	
26,205	0,02	
26,21	0,03	
26,215	0,04	
26,22	0,05	
26,225	0,05	
26,23	0,06	
26,235	0,07	
26,24	0,08	
26,245	0,09	
26,25	0,1	
26,255	0,12	
26,26	0,13	
26,265	0,14	
26,27	0,15	
26,275	0,15	
26,28	0,15	
26,285	0,16	
26,29	0,17	
26,295	0,18	
26,3	0,19	
26,305	0,2	
26,31	0,21	
26,315	0,22	
26,32	0,23	
26,325	0,24	
26,33	0,24	
26,335	0,25	
26,34	0,26	
26,345	0,27	
26,35	0,28	
26,355	0,28	
26,36	0,29	
26,365	0,3	
26,37	0,3	
26,375	0,31	
26,38	0,32	
26,385	0,32	
26,39	0,33	
26,395	0,34	
26,4	0,35	
26,405	0,35	
26,41	0,36	
26,415	0,36	
26,42	0,36	
26,425	0,37	
26,43	0,38	
26,435	0,38	
26,44	0,39	
26,445	0,39	
26,45	0,39	
26,455	0,4	
26,46	0,4	
26,465	0,4	
26,47	0,4	
26,475	0,41	
26,48	0,41	
26,485	0,41	
26,49	0,41	
26,495	0,42	
26,5	0,42	
26,505	0,41	
26,51	0,42	
26,515	0,42	
26,52	0,42	
26,525	0,42	
26,53	0,42	
26,535	0,42	
26,54	0,42	
26,545	0,42	
26,55	0,41	
26,555	0,41	
26,56	0,41	
26,565	0,41	
26,57	0,41	
26,575	0,41	
26,58	0,41	
26,585	0,4	
26,59	0,39	
26,595	0,39	
26,6	0,38	
26,605	0,38	
26,61	0,38	
26,615	0,37	
26,62	0,37	
26,625	0,37	
26,63	0,36	
26,635	0,35	
26,64	0,34	
26,645	0,33	
26,65	0,33	
26,655	0,33	
26,66	0,32	
26,665	0,31	
26,67	0,31	
26,675	0,3	
26,68	0,28	
26,685	0,27	
26,69	0,26	
26,695	0,25	
26,7	0,25	
26,705	0,24	
26,71	0,23	
26,715	0,22	
26,72	0,22	
26,725	0,2	
26,73	0,19	
26,735	0,18	
26,74	0,17	
26,745	0,16	
26,75	0,15	
26,755	0,14	
26,76	0,14	
26,765	0,12	
26,77	0,11	
26,775	0,09	
26,78	0,08	
26,785	0,06	
26,79	0,05	
26,795	0,05	
26,8	0,04	
26,805	0,03	
26,81	0,02	
26,815	0,01	
26,82	-0,01	
26,825	-0,02	
26,83	-0,03	
26,835	-0,04	
26,84	-0,05	
26,845	-0,07	
26,85	-0,08	
26,855	-0,09	
26,86	-0,1	
26,865	-0,13	
26,87	-0,14	
26,875	-0,15	
26,88	-0,16	
26,885	-0,17	
26,89	-0,17	
26,895	-0,19	
26,9	-0,2	
26,905	-0,21	
26,91	-0,23	
26,915	-0,24	
26,92	-0,25	
26,925	-0,26	
26,93	-0,27	
26,935	-0,28	
26,94	-0,29	
26,945	-0,3	
26,95	-0,31	
26,955	-0,33	
26,96	-0,34	
26,965	-0,35	
26,97	-0,36	
26,975	-0,36	
26,98	-0,37	
26,985	-0,38	
26,99	-0,39	
26,995	-0,4	
27,0	-0,41	
27,005	-0,42	
27,01	-0,42	
27,015	-0,43	
27,02	-0,44	
27,025	-0,44	
27,03	-0,45	
27,035	-0,46	
27,04	-0,47	
27,045	-0,48	
27,05	-0,48	
27,055	-0,48	
27,06	-0,49	
27,065	-0,49	
27,07	-0,49	
27,075	-0,5	
27,08	-0,5	
27,085	-0,5	
27,09	-0,51	
27,095	-0,51	
27,1	-0,52	
27,105	-0,52	
27,11	-0,52	
27,115	-0,52	
27,12	-0,52	
27,125	-0,52	
27,13	-0,52	
27,135	-0,53	
27,14	-0,52	
27,145	-0,53	
27,15	-0,53	
27,155	-0,52	
27,16	-0,52	
27,165	-0,52	
27,17	-0,52	
27,175	-0,51	
27,18	-0,51	
27,185	-0,51	
27,19	-0,51	
27,195	-0,5	
27,2	-0,5	
27,205	-0,49	
27,21	-0,49	
27,215	-0,48	
27,22	-0,48	
27,225	-0,47	
27,23	-0,46	
27,235	-0,46	
27,24	-0,45	
27,245	-0,44	
27,25	-0,44	
27,255	-0,43	
27,26	-0,42	
27,265	-0,41	
27,27	-0,4	
27,275	-0,39	
27,28	-0,38	
27,285	-0,37	
27,29	-0,37	
27,295	-0,36	
27,3	-0,35	
27,305	-0,34	
27,31	-0,33	
27,315	-0,32	
27,32	-0,3	
27,325	-0,29	
27,33	-0,28	
27,335	-0,27	
27,34	-0,26	
27,345	-0,25	
27,35	-0,23	
27,355	-0,22	
27,36	-0,21	
27,365	-0,19	
27,37	-0,18	
27,375	-0,17	
27,38	-0,15	
27,385	-0,14	
27,39	-0,13	
27,395	-0,11	
27,4	-0,1	
27,405	-0,08	
27,41	-0,06	
27,415	-0,05	
27,42	-0,04	
27,425	-0,03	
27,43	-0,01	
27,435	0	
27,44	0,02	
27,445	0,03	
27,45	0,05	
27,455	0,07	
27,46	0,08	
27,465	0,09	
27,47	0,1	
27,475	0,12	
27,48	0,13	
27,485	0,14	
27,49	0,16	
27,495	0,17	
27,5	0,19	
27,505	0,2	
27,51	0,22	
27,515	0,23	
27,52	0,25	
27,525	0,26	
27,53	0,27	
27,535	0,29	
27,54	0,3	
27,545	0,32	
27,55	0,33	
27,555	0,34	
27,56	0,35	
27,565	0,36	
27,57	0,37	
27,575	0,38	
27,58	0,39	
27,585	0,41	
27,59	0,42	
27,595	0,43	
27,6	0,44	
27,605	0,45	
27,61	0,46	
27,615	0,47	
27,62	0,48	
27,625	0,49	
27,63	0,5	
27,635	0,5	
27,64	0,51	
27,645	0,52	
27,65	0,52	
27,655	0,53	
27,66	0,54	
27,665	0,55	
27,67	0,55	
27,675	0,56	
27,68	0,56	
27,685	0,56	
27,69	0,57	
27,695	0,57	
27,7	0,58	
27,705	0,59	
27,71	0,59	
27,715	0,59	
27,72	0,59	
27,725	0,6	
27,73	0,59	
27,735	0,59	
27,74	0,6	
27,745	0,6	
27,75	0,6	
27,755	0,6	
27,76	0,6	
27,765	0,6	
27,77	0,6	
27,775	0,59	
27,78	0,59	
27,785	0,58	
27,79	0,58	
27,795	0,58	
27,8	0,58	
27,805	0,57	
27,81	0,57	
27,815	0,57	
27,82	0,56	
27,825	0,55	
27,83	0,54	
27,835	0,54	
27,84	0,53	
27,845	0,53	
27,85	0,52	
27,855	0,51	
27,86	0,5	
27,865	0,49	
27,87	0,48	
27,875	0,47	
27,88	0,46	
27,885	0,46	
27,89	0,45	
27,895	0,44	
27,9	0,43	
27,905	0,42	
27,91	0,4	
27,915	0,39	
27,92	0,38	
27,925	0,37	
27,93	0,35	
27,935	0,34	
27,94	0,33	
27,945	0,32	
27,95	0,31	
27,955	0,28	
27,96	0,27	
27,965	0,26	
27,97	0,25	
27,975	0,24	
27,98	0,23	
27,985	0,21	
27,99	0,2	
27,995	0,18	
28,0	0,16	
28,005	0,14	
28,01	0,12	
28,015	0,11	
28,02	0,1	
28,025	0,08	
28,03	0,07	
28,035	0,06	
28,04	0,04	
28,045	0,01	
28,05	0	
28,055	-0,02	
28,06	-0,03	
28,065	-0,04	
28,07	-0,06	
28,075	-0,07	
28,08	-0,08	
28,085	-0,1	
28,09	-0,12	
28,095	-0,14	
28,1	-0,16	
28,105	-0,17	
28,11	-0,18	
28,115	-0,2	
28,12	-0,21	
28,125	-0,22	
28,13	-0,24	
28,135	-0,25	
28,14	-0,28	
28,145	-0,3	
28,15	-0,31	
28,155	-0,32	
28,16	-0,33	
28,165	-0,34	
28,17	-0,35	
28,175	-0,37	
28,18	-0,38	
28,185	-0,4	
28,19	-0,41	
28,195	-0,42	
28,2	-0,43	
28,205	-0,44	
28,21	-0,45	
28,215	-0,46	
28,22	-0,47	
28,225	-0,48	
28,23	-0,5	
28,235	-0,51	
28,24	-0,52	
28,245	-0,53	
28,25	-0,53	
28,255	-0,54	
28,26	-0,55	
28,265	-0,56	
28,27	-0,56	
28,275	-0,58	
28,28	-0,58	
28,285	-0,59	
28,29	-0,59	
28,295	-0,59	
28,3	-0,6	
28,305	-0,6	
28,31	-0,61	
28,315	-0,62	
28,32	-0,62	
28,325	-0,63	
28,33	-0,63	
28,335	-0,63	
28,34	-0,63	
28,345	-0,64	
28,35	-0,64	
28,355	-0,64	
28,36	-0,64	
28,365	-0,64	
28,37	-0,64	
28,375	-0,63	
28,38	-0,63	
28,385	-0,63	
28,39	-0,63	
28,395	-0,63	
28,4	-0,63	
28,405	-0,62	
28,41	-0,62	
28,415	-0,61	
28,42	-0,61	
28,425	-0,6	
28,43	-0,59	
28,435	-0,59	
28,44	-0,58	
28,445	-0,57	
28,45	-0,57	
28,455	-0,56	
28,46	-0,55	
28,465	-0,55	
28,47	-0,54	
28,475	-0,53	
28,48	-0,52	
28,485	-0,51	
28,49	-0,5	
28,495	-0,49	
28,5	-0,47	
28,505	-0,47	
28,51	-0,45	
28,515	-0,44	
28,52	-0,43	
28,525	-0,42	
28,53	-0,41	
28,535	-0,4	
28,54	-0,39	
28,545	-0,37	
28,55	-0,36	
28,555	-0,35	
28,56	-0,34	
28,565	-0,32	
28,57	-0,31	
28,575	-0,29	
28,58	-0,28	
28,585	-0,26	
28,59	-0,25	
28,595	-0,23	
28,6	-0,21	
28,605	-0,2	
28,61	-0,19	
28,615	-0,17	
28,62	-0,16	
28,625	-0,14	
28,63	-0,13	
28,635	-0,11	
28,64	-0,09	
28,645	-0,08	
28,65	-0,06	
28,655	-0,05	
28,66	-0,03	
28,665	-0,01	
28,67	0,01	
28,675	0,02	
28,68	0,04	
28,685	0,06	
28,69	0,07	
28,695	0,08	
28,7	0,09	
28,705	0,11	
28,71	0,13	
28,715	0,15	
28,72	0,17	
28,725	0,19	
28,73	0,2	
28,735	0,22	
28,74	0,23	
28,745	0,24	
28,75	0,26	
28,755	0,28	
28,76	0,29	
28,765	0,31	
28,77	0,32	
28,775	0,34	
28,78	0,35	
28,785	0,36	
28,79	0,37	
28,795	0,38	
28,8	0,39	
28,805	0,41	
28,81	0,42	
28,815	0,43	
28,82	0,45	
28,825	0,45	
28,83	0,46	
28,835	0,47	
28,84	0,48	
28,845	0,49	
28,85	0,51	
28,855	0,52	
28,86	0,53	
28,865	0,54	
28,87	0,55	
28,875	0,55	
28,88	0,56	
28,885	0,57	
28,89	0,58	
28,895	0,59	
28,9	0,59	
28,905	0,6	
28,91	0,6	
28,915	0,6	
28,92	0,6	
28,925	0,61	
28,93	0,61	
28,935	0,62	
28,94	0,62	
28,945	0,63	
28,95	0,63	
28,955	0,63	
28,96	0,63	
28,965	0,62	
28,97	0,62	
28,975	0,63	
28,98	0,63	
28,985	0,63	
28,99	0,63	
28,995	0,63	
29,0	0,63	
29,005	0,62	
29,01	0,62	
29,015	0,61	
29,02	0,61	
29,025	0,61	
29,03	0,61	
29,035	0,6	
29,04	0,6	
29,045	0,59	
29,05	0,58	
29,055	0,57	
29,06	0,57	
29,065	0,56	
29,07	0,55	
29,075	0,55	
29,08	0,55	
29,085	0,54	
29,09	0,53	
29,095	0,51	
29,1	0,5	
29,105	0,49	
29,11	0,48	
29,115	0,48	
29,12	0,47	
29,125	0,46	
29,13	0,45	
29,135	0,43	
29,14	0,41	
29,145	0,4	
29,15	0,39	
29,155	0,38	
29,16	0,37	
29,165	0,36	
29,17	0,35	
29,175	0,34	
29,18	0,32	
29,185	0,3	
29,19	0,28	
29,195	0,27	
29,2	0,26	
29,205	0,25	
29,21	0,23	
29,215	0,22	
29,22	0,21	
29,225	0,19	
29,23	0,16	
29,235	0,15	
29,24	0,14	
29,245	0,12	
29,25	0,11	
29,255	0,1	
29,26	0,08	
29,265	0,06	
29,27	0,04	
29,275	0,02	
29,28	0	
29,285	-0,01	
29,29	-0,02	
29,295	-0,03	
29,3	-0,04	
29,305	-0,06	
29,31	-0,07	
29,315	-0,09	
29,32	-0,12	
29,325	-0,13	
29,33	-0,14	
29,335	-0,16	
29,34	-0,17	
29,345	-0,18	
29,35	-0,19	
29,355	-0,21	
29,36	-0,22	
29,365	-0,25	
29,37	-0,26	
29,375	-0,27	
29,38	-0,29	
29,385	-0,3	
29,39	-0,31	
29,395	-0,32	
29,4	-0,33	
29,405	-0,35	
29,41	-0,37	
29,415	-0,38	
29,42	-0,39	
29,425	-0,4	
29,43	-0,41	
29,435	-0,42	
29,44	-0,43	
29,445	-0,43	
29,45	-0,44	
29,455	-0,46	
29,46	-0,47	
29,465	-0,48	
29,47	-0,49	
29,475	-0,5	
29,48	-0,5	
29,485	-0,51	
29,49	-0,52	
29,495	-0,53	
29,5	-0,53	
29,505	-0,55	
29,51	-0,55	
29,515	-0,56	
29,52	-0,56	
29,525	-0,56	
29,53	-0,56	
29,535	-0,57	
29,54	-0,57	
29,545	-0,58	
29,55	-0,58	
29,555	-0,58	
29,56	-0,59	
29,565	-0,59	
29,57	-0,58	
29,575	-0,58	
29,58	-0,59	
29,585	-0,59	
29,59	-0,59	
29,595	-0,6	
29,6	-0,6	
29,605	-0,59	
29,61	-0,59	
29,615	-0,59	
29,62	-0,58	
29,625	-0,58	
29,63	-0,58	
29,635	-0,57	
29,64	-0,57	
29,645	-0,57	
29,65	-0,56	
29,655	-0,56	
29,66	-0,55	
29,665	-0,54	
29,67	-0,54	
29,675	-0,53	
29,68	-0,53	
29,685	-0,52	
29,69	-0,51	
29,695	-0,51	
29,7	-0,49	
29,705	-0,48	
29,71	-0,47	
29,715	-0,46	
29,72	-0,46	
29,725	-0,45	
29,73	-0,44	
29,735	-0,44	
29,74	-0,43	
29,745	-0,41	
29,75	-0,4	
29,755	-0,39	
29,76	-0,38	
29,765	-0,37	
29,77	-0,36	
29,775	-0,34	
29,78	-0,33	
29,785	-0,32	
29,79	-0,3	
29,795	-0,29	
29,8	-0,28	
29,805	-0,27	
29,81	-0,25	
29,815	-0,25	
29,82	-0,23	
29,825	-0,22	
29,83	-0,2	
29,835	-0,19	
29,84	-0,17	
29,845	-0,16	
29,85	-0,14	
29,855	-0,13	
29,86	-0,13	
29,865	-0,11	
29,87	-0,1	
29,875	-0,08	
29,88	-0,06	
29,885	-0,05	
29,89	-0,03	
29,895	-0,02	
29,9	-0,01	
29,905	0	
29,91	0,01	
29,915	0,03	
29,92	0,05	
29,925	0,07	
29,93	0,08	
29,935	0,09	
29,94	0,11	
29,945	0,12	
29,95	0,13	
29,955	0,14	
29,96	0,16	
29,965	0,17	
29,97	0,19	
29,975	0,2	
29,98	0,21	
29,985	0,23	
29,99	0,24	
29,995	0,25	
30,0	0,26	
30,005	0,27	
30,01	0,28	
30,015	0,29	
30,02	0,31	
30,025	0,32	
30,03	0,33	
30,035	0,34	
30,04	0,35	
30,045	0,35	
30,05	0,36	
30,055	0,38	
30,06	0,39	
30,065	0,39	
30,07	0,4	
30,075	0,41	
30,08	0,42	
30,085	0,43	
30,09	0,43	
30,095	0,44	
30,1	0,45	
30,105	0,45	
30,11	0,46	
30,115	0,47	
30,12	0,47	
30,125	0,48	
30,13	0,48	
30,135	0,48	
30,14	0,49	
30,145	0,5	
30,15	0,5	
30,155	0,5	
30,16	0,51	
30,165	0,51	
30,17	0,51	
30,175	0,51	
30,18	0,51	
30,185	0,51	
30,19	0,51	
30,195	0,51	
30,2	0,52	
30,205	0,52	
30,21	0,52	
30,215	0,52	
30,22	0,51	
30,225	0,51	
30,23	0,5	
30,235	0,5	
30,24	0,5	
30,245	0,5	
30,25	0,5	
30,255	0,5	
30,26	0,49	
30,265	0,49	
30,27	0,48	
30,275	0,47	
30,28	0,47	
30,285	0,47	
30,29	0,46	
30,295	0,46	
30,3	0,45	
30,305	0,45	
30,31	0,44	
30,315	0,43	
30,32	0,42	
30,325	0,41	
30,33	0,4	
30,335	0,4	
30,34	0,39	
30,345	0,38	
30,35	0,38	
30,355	0,37	
30,36	0,36	
30,365	0,35	
30,37	0,34	
30,375	0,33	
30,38	0,32	
30,385	0,31	
30,39	0,3	
30,395	0,29	
30,4	0,28	
30,405	0,27	
30,41	0,26	
30,415	0,24	
30,42	0,23	
30,425	0,22	
30,43	0,21	
30,435	0,2	
30,44	0,19	
30,445	0,18	
30,45	0,17	
30,455	0,16	
30,46	0,14	
30,465	0,13	
30,47	0,12	
30,475	0,11	
30,48	0,1	
30,485	0,08	
30,49	0,07	
30,495	0,06	
30,5	0,05	
30,505	0,03	
30,51	0,02	
30,515	0,01	
30,52	0	
30,525	-0,01	
30,53	-0,02	
30,535	-0,04	
30,54	-0,05	
30,545	-0,06	
30,55	-0,08	
30,555	-0,09	
30,56	-0,1	
30,565	-0,11	
30,57	-0,11	
30,575	-0,12	
30,58	-0,13	
30,585	-0,14	
30,59	-0,16	
30,595	-0,17	
30,6	-0,18	
30,605	-0,19	
30,61	-0,2	
30,615	-0,2	
30,62	-0,21	
30,625	-0,22	
30,63	-0,23	
30,635	-0,24	
30,64	-0,26	
30,645	-0,26	
30,65	-0,27	
30,655	-0,28	
30,66	-0,28	
30,665	-0,29	
30,67	-0,29	
30,675	-0,3	
30,68	-0,31	
30,685	-0,32	
30,69	-0,33	
30,695	-0,34	
30,7	-0,34	
30,705	-0,35	
30,71	-0,35	
30,715	-0,35	
30,72	-0,36	
30,725	-0,36	
30,73	-0,37	
30,735	-0,38	
30,74	-0,38	
30,745	-0,38	
30,75	-0,39	
30,755	-0,39	
30,76	-0,39	
30,765	-0,39	
30,77	-0,39	
30,775	-0,4	
30,78	-0,4	
30,785	-0,41	
30,79	-0,41	
30,795	-0,41	
30,8	-0,41	
30,805	-0,4	
30,81	-0,4	
30,815	-0,4	
30,82	-0,4	
30,825	-0,4	
30,83	-0,4	
30,835	-0,4	
30,84	-0,4	
30,845	-0,4	
30,85	-0,4	
30,855	-0,4	
30,86	-0,4	
30,865	-0,4	
30,87	-0,4	
30,875	-0,39	
30,88	-0,39	
30,885	-0,38	
30,89	-0,38	
30,895	-0,37	
30,9	-0,37	
30,905	-0,36	
30,91	-0,36	
30,915	-0,35	
30,92	-0,35	
30,925	-0,34	
30,93	-0,34	
30,935	-0,33	
30,94	-0,33	
30,945	-0,32	
30,95	-0,32	
30,955	-0,31	
30,96	-0,3	
30,965	-0,3	
30,97	-0,29	
30,975	-0,28	
30,98	-0,27	
30,985	-0,26	
30,99	-0,26	
30,995	-0,25	
31,0	-0,25	
31,005	-0,24	
31,01	-0,23	
31,015	-0,22	
31,02	-0,21	
31,025	-0,2	
31,03	-0,19	
31,035	-0,18	
31,04	-0,18	
31,045	-0,17	
31,05	-0,16	
31,055	-0,15	
31,06	-0,14	
31,065	-0,14	
31,07	-0,12	
31,075	-0,12	
31,08	-0,11	
31,085	-0,1	
31,09	-0,09	
31,095	-0,08	
31,1	-0,08	
31,105	-0,07	
31,11	-0,06	
31,115	-0,05	
31,12	-0,04	
31,125	-0,03	
31,13	-0,02	
31,135	-0,02	
31,14	-0,01	
31,145	0	
31,15	0,01	
31,155	0,02	
31,16	0,03	
31,165	0,04	
31,17	0,05	
31,175	0,05	
31,18	0,06	
31,185	0,07	
31,19	0,08	
31,195	0,09	
31,2	0,1	
31,205	0,11	
31,21	0,11	
31,215	0,11	
31,22	0,12	
31,225	0,13	
31,23	0,13	
31,235	0,15	
31,24	0,15	
31,245	0,16	
31,25	0,17	
31,255	0,17	
31,26	0,18	
31,265	0,18	
31,27	0,18	
31,275	0,19	
31,28	0,2	
31,285	0,2	
31,29	0,21	
31,295	0,22	
31,3	0,22	
31,305	0,23	
31,31	0,23	
31,315	0,23	
31,32	0,23	
31,325	0,24	
31,33	0,24	
31,335	0,25	
31,34	0,25	
31,345	0,26	
31,35	0,26	
31,355	0,26	
31,36	0,26	
31,365	0,26	
31,37	0,26	
31,375	0,27	
31,38	0,27	
31,385	0,27	
31,39	0,27	
31,395	0,27	
31,4	0,27	
31,405	0,27	
31,41	0,27	
31,415	0,27	
31,42	0,28	
31,425	0,28	
31,43	0,28	
31,435	0,27	
31,44	0,27	
31,445	0,27	
31,45	0,27	
31,455	0,27	
31,46	0,27	
31,465	0,27	
31,47	0,27	
31,475	0,27	
31,48	0,27	
31,485	0,26	
31,49	0,26	
31,495	0,25	
31,5	0,25	
31,505	0,25	
31,51	0,25	
31,515	0,25	
31,52	0,25	
31,525	0,24	
31,53	0,24	
31,535	0,23	
31,54	0,23	
31,545	0,22	
31,55	0,22	
31,555	0,22	
31,56	0,22	
31,565	0,21	
31,57	0,21	
31,575	0,21	
31,58	0,2	
31,585	0,19	
31,59	0,19	
31,595	0,18	
31,6	0,18	
31,605	0,17	
31,61	0,17	
31,615	0,16	
31,62	0,16	
31,625	0,15	
31,63	0,15	
31,635	0,14	
31,64	0,13	
31,645	0,13	
31,65	0,13	
31,655	0,12	
31,66	0,12	
31,665	0,11	
31,67	0,11	
31,675	0,1	
31,68	0,1	
31,685	0,09	
31,69	0,08	
31,695	0,08	
31,7	0,07	
31,705	0,07	
31,71	0,07	
31,715	0,06	
31,72	0,05	
31,725	0,05	
31,73	0,04	
31,735	0,04	
31,74	0,04	
31,745	0,03	
31,75	0,02	
31,755	0,02	
31,76	0,01	
31,765	0	
31,77	0	
31,775	0	
31,78	-0,01	
31,785	-0,01	
31,79	-0,01	
31,795	-0,02	
31,8	-0,02	
31,805	-0,03	
31,81	-0,04	
31,815	-0,04	
31,82	-0,04	
31,825	-0,05	
31,83	-0,05	
31,835	-0,05	
31,84	-0,05	
31,845	-0,06	
31,85	-0,06	
31,855	-0,07	
31,86	-0,07	
31,865	-0,08	
31,87	-0,08	
31,875	-0,08	
31,88	-0,09	
31,885	-0,09	
31,89	-0,09	
31,895	-0,09	
31,9	-0,1	
31,905	-0,1	
31,91	-0,1	
31,915	-0,1	
31,92	-0,1	
31,925	-0,1	
31,93	-0,1	
31,935	-0,1	
31,94	-0,11	
31,945	-0,11	
31,95	-0,12	
31,955	-0,12	
31,96	-0,12	
31,965	-0,13	
31,97	-0,12	
31,975	-0,12	
31,98	-0,12	
31,985	-0,12	
31,99	-0,12	
31,995	-0,13	
32,0	-0,13	
32,005	-0,13	
32,01	-0,13	
32,015	-0,12	
32,02	-0,13	
32,025	-0,12	
32,03	-0,12	
32,035	-0,12	
32,04	-0,13	
32,045	-0,13	
32,05	-0,13	
32,055	-0,13	
32,06	-0,13	
32,065	-0,12	
32,07	-0,12	
32,075	-0,12	
32,08	-0,12	
32,085	-0,12	
32,09	-0,12	
32,095	-0,12	
32,1	-0,12	
32,105	-0,12	
32,11	-0,11	
32,115	-0,11	
32,12	-0,11	
32,125	-0,11	
32,13	-0,12	
32,135	-0,11	
32,14	-0,11	
32,145	-0,11	
32,15	-0,1	
32,155	-0,1	
32,16	-0,1	
32,165	-0,1	
32,17	-0,1	
32,175	-0,1	
32,18	-0,1	
32,185	-0,1	
32,19	-0,1	
32,195	-0,09	
32,2	-0,09	
32,205	-0,08	
32,21	-0,08	
32,215	-0,08	
32,22	-0,08	
32,225	-0,08	
32,23	-0,09	
32,235	-0,08	
32,24	-0,07	
32,245	-0,07	
32,25	-0,07	
32,255	-0,07	
32,26	-0,07	
32,265	-0,07	
32,27	-0,07	
32,275	-0,07	
32,28	-0,06	
32,285	-0,06	
32,29	-0,06	
32,295	-0,05	
32,3	-0,05	
32,305	-0,05	
32,31	-0,05	
32,315	-0,05	
32,32	-0,05	
32,325	-0,05	
32,33	-0,04	
32,335	-0,04	
32,34	-0,04	
32,345	-0,04	
32,35	-0,04	
32,355	-0,04	
32,36	-0,04	
32,365	-0,04	
32,37	-0,04	
32,375	-0,04	
32,38	-0,03	
32,385	-0,03	
32,39	-0,03	
32,395	-0,03	
32,4	-0,03	
32,405	-0,03	
32,41	-0,03	
32,415	-0,03	
32,42	-0,03	
32,425	-0,02	
32,43	-0,02	
32,435	-0,02	
32,44	-0,02	
32,445	-0,02	
32,45	-0,03	
32,455	-0,03	
32,46	-0,03	
32,465	-0,02	
32,47	-0,02	
32,475	-0,02	
32,48	-0,02	
32,485	-0,02	
32,49	-0,03	
32,495	-0,03	
32,5	-0,03	
32,505	-0,03	
32,51	-0,02	
32,515	-0,02	
32,52	-0,02	
32,525	-0,02	
32,53	-0,02	
32,535	-0,03	
32,54	-0,03	
32,545	-0,03	
32,55	-0,03	
32,555	-0,02	
32,56	-0,02	
32,565	-0,02	
32,57	-0,02	
32,575	-0,02	
32,58	-0,03	
32,585	-0,03	
32,59	-0,03	
32,595	-0,03	
32,6	-0,03	
32,605	-0,03	
32,61	-0,02	
32,615	-0,02	
32,62	-0,02	
32,625	-0,02	
32,63	-0,03	
32,635	-0,03	
32,64	-0,03	
32,645	-0,03	
32,65	-0,03	
32,655	-0,03	
32,66	-0,03	
32,665	-0,03	
32,67	-0,03	
32,675	-0,03	
32,68	-0,03	
32,685	-0,03	
32,69	-0,03	
32,695	-0,03	
32,7	-0,03	
32,705	-0,03	
32,71	-0,03	
32,715	-0,03	
32,72	-0,03	
32,725	-0,03	
32,73	-0,03	
32,735	-0,03	
32,74	-0,03	
32,745	-0,02	
32,75	-0,02	
32,755	-0,03	
32,76	-0,03	
32,765	-0,03	
32,77	-0,03	
32,775	-0,03	
32,78	-0,02	
32,785	-0,02	
32,79	-0,01	
32,795	-0,01	
32,8	-0,02	
32,805	-0,02	
32,81	-0,02	
32,815	-0,02	
32,82	-0,02	
32,825	-0,01	
32,83	-0,01	
32,835	-0,01	
32,84	-0,01	
32,845	-0,01	
32,85	-0,01	
32,855	-0,01	
32,86	-0,01	
32,865	-0,01	
32,87	0	
32,875	0	
32,88	0,01	
32,885	0,01	
32,89	0,01	
32,895	0,01	
32,9	0,01	
32,905	0,01	
32,91	0,01	
32,915	0,02	
32,92	0,02	
32,925	0,03	
32,93	0,03	
32,935	0,03	
32,94	0,04	
32,945	0,03	
32,95	0,03	
32,955	0,04	
32,96	0,04	
32,965	0,04	
32,97	0,05	
32,975	0,05	
32,98	0,06	
32,985	0,06	
32,99	0,06	
32,995	0,06	
33,0	0,06	
33,005	0,07	
33,01	0,07	
33,015	0,07	
33,02	0,08	
33,025	0,08	
33,03	0,08	
33,035	0,08	
33,04	0,09	
33,045	0,09	
33,05	0,1	
33,055	0,1	
33,06	0,1	
33,065	0,1	
33,07	0,11	
33,075	0,11	
33,08	0,11	
33,085	0,12	
33,09	0,12	
33,095	0,12	
33,1	0,13	
33,105	0,13	
33,11	0,13	
33,115	0,14	
33,12	0,13	
33,125	0,14	
33,13	0,14	
33,135	0,14	
33,14	0,15	
33,145	0,15	
33,15	0,15	
33,155	0,15	
33,16	0,16	
33,165	0,16	
33,17	0,15	
33,175	0,16	
33,18	0,16	
33,185	0,16	
33,19	0,17	
33,195	0,17	
33,2	0,17	
33,205	0,17	
33,21	0,17	
33,215	0,17	
33,22	0,17	
33,225	0,17	
33,23	0,17	
33,235	0,17	
33,24	0,17	
33,245	0,17	
33,25	0,17	
33,255	0,17	
33,26	0,18	
33,265	0,18	
33,27	0,18	
33,275	0,18	
33,28	0,19	
33,285	0,18	
33,29	0,18	
33,295	0,18	
33,3	0,17	
33,305	0,17	
33,31	0,17	
33,315	0,17	
33,32	0,17	
33,325	0,17	
33,33	0,17	
33,335	0,17	
33,34	0,17	
33,345	0,16	
33,35	0,16	
33,355	0,16	
33,36	0,16	
33,365	0,16	
33,37	0,16	
33,375	0,15	
33,38	0,15	
33,385	0,15	
33,39	0,14	
33,395	0,14	
33,4	0,14	
33,405	0,13	
33,41	0,13	
33,415	0,13	
33,42	0,12	
33,425	0,12	
33,43	0,11	
33,435	0,11	
33,44	0,11	
33,445	0,1	
33,45	0,1	
33,455	0,1	
33,46	0,09	
33,465	0,09	
33,47	0,08	
33,475	0,08	
33,48	0,07	
33,485	0,07	
33,49	0,07	
33,495	0,06	
33,5	0,06	
33,505	0,05	
33,51	0,04	
33,515	0,03	
33,52	0,02	
33,525	0,02	
33,53	0,01	
33,535	0,01	
33,54	0	
33,545	-0,01	
33,55	-0,01	
33,555	-0,02	
33,56	-0,02	
33,565	-0,03	
33,57	-0,03	
33,575	-0,04	
33,58	-0,04	
33,585	-0,05	
33,59	-0,06	
33,595	-0,06	
33,6	-0,08	
33,605	-0,08	
33,61	-0,09	
33,615	-0,09	
33,62	-0,1	
33,625	-0,11	
33,63	-0,11	
33,635	-0,12	
33,64	-0,12	
33,645	-0,13	
33,65	-0,14	
33,655	-0,15	
33,66	-0,15	
33,665	-0,16	
33,67	-0,16	
33,675	-0,17	
33,68	-0,18	
33,685	-0,18	
33,69	-0,19	
33,695	-0,2	
33,7	-0,2	
33,705	-0,21	
33,71	-0,21	
33,715	-0,22	
33,72	-0,22	
33,725	-0,23	
33,73	-0,23	
33,735	-0,24	
33,74	-0,24	
33,745	-0,25	
33,75	-0,25	
33,755	-0,26	
33,76	-0,26	
33,765	-0,27	
33,77	-0,27	
33,775	-0,27	
33,78	-0,28	
33,785	-0,28	
33,79	-0,28	
33,795	-0,29	
33,8	-0,29	
33,805	-0,29	
33,81	-0,3	
33,815	-0,3	
33,82	-0,31	
33,825	-0,31	
33,83	-0,31	
33,835	-0,31	
33,84	-0,31	
33,845	-0,31	
33,85	-0,32	
33,855	-0,32	
33,86	-0,32	
33,865	-0,32	
33,87	-0,32	
33,875	-0,32	
33,88	-0,32	
33,885	-0,31	
33,89	-0,32	
33,895	-0,32	
33,9	-0,32	
33,905	-0,32	
33,91	-0,32	
33,915	-0,32	
33,92	-0,31	
33,925	-0,31	
33,93	-0,31	
33,935	-0,31	
33,94	-0,31	
33,945	-0,31	
33,95	-0,31	
33,955	-0,3	
33,96	-0,3	
33,965	-0,29	
33,97	-0,28	
33,975	-0,28	
33,98	-0,27	
33,985	-0,27	
33,99	-0,27	
33,995	-0,27	
34,0	-0,27	
34,005	-0,26	
34,01	-0,25	
34,015	-0,24	
34,02	-0,24	
34,025	-0,23	
34,03	-0,23	
34,035	-0,23	
34,04	-0,22	
34,045	-0,21	
34,05	-0,21	
34,055	-0,19	
34,06	-0,19	
34,065	-0,18	
34,07	-0,17	
34,075	-0,17	
34,08	-0,16	
34,085	-0,15	
34,09	-0,15	
34,095	-0,14	
34,1	-0,12	
34,105	-0,11	
34,11	-0,11	
34,115	-0,1	
34,12	-0,1	
34,125	-0,09	
34,13	-0,08	
34,135	-0,07	
34,14	-0,06	
34,145	-0,04	
34,15	-0,03	
34,155	-0,02	
34,16	-0,02	
34,165	-0,01	
34,17	0	
34,175	0,01	
34,18	0,02	
34,185	0,03	
34,19	0,05	
34,195	0,06	
34,2	0,07	
34,205	0,07	
34,21	0,08	
34,215	0,09	
34,22	0,1	
34,225	0,11	
34,23	0,12	
34,235	0,14	
34,24	0,14	
34,245	0,15	
34,25	0,16	
34,255	0,17	
34,26	0,17	
34,265	0,18	
34,27	0,19	
34,275	0,21	
34,28	0,22	
34,285	0,23	
34,29	0,24	
34,295	0,25	
34,3	0,25	
34,305	0,26	
34,31	0,27	
34,315	0,28	
34,32	0,28	
34,325	0,3	
34,33	0,31	
34,335	0,31	
34,34	0,32	
34,345	0,32	
34,35	0,33	
34,355	0,33	
34,36	0,34	
34,365	0,35	
34,37	0,36	
34,375	0,37	
34,38	0,37	
34,385	0,38	
34,39	0,38	
34,395	0,38	
34,4	0,38	
34,405	0,39	
34,41	0,4	
34,415	0,41	
34,42	0,41	
34,425	0,42	
34,43	0,42	
34,435	0,42	
34,44	0,42	
34,445	0,42	
34,45	0,42	
34,455	0,43	
34,46	0,43	
34,465	0,44	
34,47	0,44	
34,475	0,44	
34,48	0,44	
34,485	0,44	
34,49	0,44	
34,495	0,44	
34,5	0,44	
34,505	0,44	
34,51	0,44	
34,515	0,44	
34,52	0,44	
34,525	0,43	
34,53	0,43	
34,535	0,43	
34,54	0,43	
34,545	0,42	
34,55	0,42	
34,555	0,42	
34,56	0,42	
34,565	0,41	
34,57	0,41	
34,575	0,4	
34,58	0,4	
34,585	0,39	
34,59	0,39	
34,595	0,38	
34,6	0,38	
34,605	0,37	
34,61	0,36	
34,615	0,35	
34,62	0,34	
34,625	0,34	
34,63	0,33	
34,635	0,33	
34,64	0,32	
34,645	0,31	
34,65	0,3	
34,655	0,29	
34,66	0,28	
34,665	0,27	
34,67	0,26	
34,675	0,25	
34,68	0,25	
34,685	0,24	
34,69	0,23	
34,695	0,22	
34,7	0,21	
34,705	0,2	
34,71	0,19	
34,715	0,18	
34,72	0,16	
34,725	0,16	
34,73	0,15	
34,735	0,13	
34,74	0,12	
34,745	0,1	
34,75	0,09	
34,755	0,08	
34,76	0,07	
34,765	0,06	
34,77	0,05	
34,775	0,04	
34,78	0,02	
34,785	0,01	
34,79	0	
34,795	-0,02	
34,8	-0,03	
34,805	-0,04	
34,81	-0,05	
34,815	-0,06	
34,82	-0,07	
34,825	-0,09	
34,83	-0,11	
34,835	-0,12	
34,84	-0,13	
34,845	-0,14	
34,85	-0,15	
34,855	-0,16	
34,86	-0,17	
34,865	-0,18	
34,87	-0,2	
34,875	-0,21	
34,88	-0,23	
34,885	-0,24	
34,89	-0,25	
34,895	-0,26	
34,9	-0,27	
34,905	-0,28	
34,91	-0,29	
34,915	-0,3	
34,92	-0,32	
34,925	-0,33	
34,93	-0,34	
34,935	-0,35	
34,94	-0,36	
34,945	-0,37	
34,95	-0,37	
34,955	-0,38	
34,96	-0,39	
34,965	-0,4	
34,97	-0,41	
34,975	-0,42	
34,98	-0,43	
34,985	-0,44	
34,99	-0,44	
34,995	-0,45	
35,0	-0,45	
35,005	-0,46	
35,01	-0,47	
35,015	-0,48	
35,02	-0,49	
35,025	-0,49	
35,03	-0,5	
35,035	-0,5	
35,04	-0,51	
35,045	-0,51	
35,05	-0,51	
35,055	-0,52	
35,06	-0,52	
35,065	-0,52	
35,07	-0,52	
35,075	-0,53	
35,08	-0,53	
35,085	-0,53	
35,09	-0,53	
35,095	-0,53	
35,1	-0,53	
35,105	-0,53	
35,11	-0,53	
35,115	-0,53	
35,12	-0,53	
35,125	-0,53	
35,13	-0,53	
35,135	-0,53	
35,14	-0,53	
35,145	-0,53	
35,15	-0,52	
35,155	-0,52	
35,16	-0,52	
35,165	-0,51	
35,17	-0,5	
35,175	-0,5	
35,18	-0,49	
35,185	-0,49	
35,19	-0,49	
35,195	-0,48	
35,2	-0,47	
35,205	-0,47	
35,21	-0,46	
35,215	-0,45	
35,22	-0,44	
35,225	-0,44	
35,23	-0,43	
35,235	-0,42	
35,24	-0,41	
35,245	-0,4	
35,25	-0,39	
35,255	-0,38	
35,26	-0,37	
35,265	-0,36	
35,27	-0,35	
35,275	-0,34	
35,28	-0,33	
35,285	-0,32	
35,29	-0,31	
35,295	-0,3	
35,3	-0,29	
35,305	-0,27	
35,31	-0,26	
35,315	-0,25	
35,32	-0,24	
35,325	-0,23	
35,33	-0,21	
35,335	-0,2	
35,34	-0,19	
35,345	-0,17	
35,35	-0,16	
35,355	-0,14	
35,36	-0,13	
35,365	-0,12	
35,37	-0,11	
35,375	-0,09	
35,38	-0,07	
35,385	-0,06	
35,39	-0,04	
35,395	-0,03	
35,4	-0,02	
35,405	0	
35,41	0,01	
35,415	0,02	
35,42	0,04	
35,425	0,06	
35,43	0,07	
35,435	0,09	
35,44	0,1	
35,445	0,11	
35,45	0,12	
35,455	0,14	
35,46	0,15	
35,465	0,17	
35,47	0,18	
35,475	0,2	
35,48	0,21	
35,485	0,22	
35,49	0,24	
35,495	0,25	
35,5	0,26	
35,505	0,27	
35,51	0,29	
35,515	0,31	
35,52	0,32	
35,525	0,33	
35,53	0,35	
35,535	0,35	
35,54	0,37	
35,545	0,38	
35,55	0,39	
35,555	0,4	
35,56	0,41	
35,565	0,42	
35,57	0,43	
35,575	0,44	
35,58	0,45	
35,585	0,46	
35,59	0,47	
35,595	0,48	
35,6	0,49	
35,605	0,5	
35,61	0,51	
35,615	0,51	
35,62	0,52	
35,625	0,53	
35,63	0,54	
35,635	0,54	
35,64	0,54	
35,645	0,55	
35,65	0,56	
35,655	0,56	
35,66	0,56	
35,665	0,57	
35,67	0,57	
35,675	0,57	
35,68	0,58	
35,685	0,59	
35,69	0,59	
35,695	0,59	
35,7	0,59	
35,705	0,59	
35,71	0,59	
35,715	0,59	
35,72	0,59	
35,725	0,59	
35,73	0,6	
35,735	0,6	
35,74	0,6	
35,745	0,59	
35,75	0,59	
35,755	0,58	
35,76	0,58	
35,765	0,58	
35,77	0,57	
35,775	0,57	
35,78	0,57	
35,785	0,56	
35,79	0,56	
35,795	0,55	
35,8	0,55	
35,805	0,54	
35,81	0,53	
35,815	0,52	
35,82	0,52	
35,825	0,51	
35,83	0,5	
35,835	0,49	
35,84	0,48	
35,845	0,47	
35,85	0,46	
35,855	0,45	
35,86	0,44	
35,865	0,43	
35,87	0,42	
35,875	0,41	
35,88	0,4	
35,885	0,39	
35,89	0,37	
35,895	0,36	
35,9	0,35	
35,905	0,34	
35,91	0,33	
35,915	0,32	
35,92	0,3	
35,925	0,29	
35,93	0,28	
35,935	0,26	
35,94	0,25	
35,945	0,23	
35,95	0,22	
35,955	0,21	
35,96	0,2	
35,965	0,18	
35,97	0,16	
35,975	0,15	
35,98	0,13	
35,985	0,11	
35,99	0,1	
35,995	0,08	
36,0	0,07	
36,005	0,06	
36,01	0,04	
36,015	0,02	
36,02	0,01	
36,025	-0,01	
36,03	-0,02	
36,035	-0,04	
36,04	-0,05	
36,045	-0,07	
36,05	-0,08	
36,055	-0,1	
36,06	-0,12	
36,065	-0,13	
36,07	-0,15	
36,075	-0,16	
36,08	-0,18	
36,085	-0,19	
36,09	-0,21	
36,095	-0,22	
36,1	-0,24	
36,105	-0,25	
36,11	-0,26	
36,115	-0,28	
36,12	-0,29	
36,125	-0,31	
36,13	-0,32	
36,135	-0,34	
36,14	-0,35	
36,145	-0,36	
36,15	-0,37	
36,155	-0,38	
36,16	-0,39	
36,165	-0,41	
36,17	-0,42	
36,175	-0,43	
36,18	-0,44	
36,185	-0,45	
36,19	-0,45	
36,195	-0,47	
36,2	-0,48	
36,205	-0,5	
36,21	-0,51	
36,215	-0,51	
36,22	-0,52	
36,225	-0,53	
36,23	-0,53	
36,235	-0,54	
36,24	-0,55	
36,245	-0,56	
36,25	-0,57	
36,255	-0,57	
36,26	-0,58	
36,265	-0,58	
36,27	-0,59	
36,275	-0,59	
36,28	-0,59	
36,285	-0,6	
36,29	-0,6	
36,295	-0,61	
36,3	-0,61	
36,305	-0,61	
36,31	-0,61	
36,315	-0,61	
36,32	-0,61	
36,325	-0,61	
36,33	-0,61	
36,335	-0,62	
36,34	-0,62	
36,345	-0,62	
36,35	-0,62	
36,355	-0,62	
36,36	-0,61	
36,365	-0,61	
36,37	-0,6	
36,375	-0,6	
36,38	-0,6	
36,385	-0,6	
36,39	-0,59	
36,395	-0,59	
36,4	-0,58	
36,405	-0,58	
36,41	-0,57	
36,415	-0,56	
36,42	-0,55	
36,425	-0,55	
36,43	-0,54	
36,435	-0,54	
36,44	-0,53	
36,445	-0,52	
36,45	-0,51	
36,455	-0,5	
36,46	-0,49	
36,465	-0,47	
36,47	-0,46	
36,475	-0,46	
36,48	-0,45	
36,485	-0,43	
36,49	-0,43	
36,495	-0,41	
36,5	-0,4	
36,505	-0,39	
36,51	-0,37	
36,515	-0,36	
36,52	-0,35	
36,525	-0,34	
36,53	-0,33	
36,535	-0,32	
36,54	-0,3	
36,545	-0,28	
36,55	-0,27	
36,555	-0,25	
36,56	-0,24	
36,565	-0,23	
36,57	-0,22	
36,575	-0,2	
36,58	-0,18	
36,585	-0,17	
36,59	-0,15	
36,595	-0,14	
36,6	-0,12	
36,605	-0,1	
36,61	-0,09	
36,615	-0,08	
36,62	-0,06	
36,625	-0,05	
36,63	-0,03	
36,635	-0,02	
36,64	0	
36,645	0,01	
36,65	0,04	
36,655	0,05	
36,66	0,06	
36,665	0,08	
36,67	0,1	
36,675	0,11	
36,68	0,12	
36,685	0,14	
36,69	0,16	
36,695	0,18	
36,7	0,19	
36,705	0,2	
36,71	0,21	
36,715	0,23	
36,72	0,24	
36,725	0,26	
36,73	0,27	
36,735	0,29	
36,74	0,3	
36,745	0,32	
36,75	0,33	
36,755	0,34	
36,76	0,35	
36,765	0,37	
36,77	0,38	
36,775	0,39	
36,78	0,4	
36,785	0,41	
36,79	0,42	
36,795	0,43	
36,8	0,44	
36,805	0,45	
36,81	0,46	
36,815	0,47	
36,82	0,48	
36,825	0,49	
36,83	0,5	
36,835	0,51	
36,84	0,51	
36,845	0,52	
36,85	0,53	
36,855	0,54	
36,86	0,55	
36,865	0,56	
36,87	0,56	
36,875	0,57	
36,88	0,57	
36,885	0,57	
36,89	0,58	
36,895	0,59	
36,9	0,59	
36,905	0,59	
36,91	0,59	
36,915	0,6	
36,92	0,6	
36,925	0,6	
36,93	0,6	
36,935	0,6	
36,94	0,61	
36,945	0,6	
36,95	0,61	
36,955	0,6	
36,96	0,6	
36,965	0,6	
36,97	0,6	
36,975	0,6	
36,98	0,59	
36,985	0,59	
36,99	0,59	
36,995	0,58	
37,0	0,58	
37,005	0,58	
37,01	0,57	
37,015	0,56	
37,02	0,56	
37,025	0,55	
37,03	0,54	
37,035	0,54	
37,04	0,53	
37,045	0,52	
37,05	0,51	
37,055	0,5	
37,06	0,49	
37,065	0,49	
37,07	0,48	
37,075	0,47	
37,08	0,47	
37,085	0,46	
37,09	0,45	
37,095	0,44	
37,1	0,43	
37,105	0,41	
37,11	0,4	
37,115	0,38	
37,12	0,38	
37,125	0,37	
37,13	0,35	
37,135	0,34	
37,14	0,33	
37,145	0,32	
37,15	0,3	
37,155	0,29	
37,16	0,28	
37,165	0,27	
37,17	0,25	
37,175	0,24	
37,18	0,22	
37,185	0,21	
37,19	0,2	
37,195	0,18	
37,2	0,17	
37,205	0,15	
37,21	0,14	
37,215	0,12	
37,22	0,11	
37,225	0,09	
37,23	0,08	
37,235	0,06	
37,24	0,05	
37,245	0,03	
37,25	0,02	
37,255	0,01	
37,26	-0,01	
37,265	-0,03	
37,27	-0,04	
37,275	-0,06	
37,28	-0,07	
37,285	-0,09	
37,29	-0,1	
37,295	-0,11	
37,3	-0,13	
37,305	-0,14	
37,31	-0,16	
37,315	-0,17	
37,32	-0,18	
37,325	-0,19	
37,33	-0,21	
37,335	-0,22	
37,34	-0,24	
37,345	-0,25	
37,35	-0,26	
37,355	-0,28	
37,36	-0,29	
37,365	-0,3	
37,37	-0,31	
37,375	-0,33	
37,38	-0,33	
37,385	-0,35	
37,39	-0,36	
37,395	-0,37	
37,4	-0,38	
37,405	-0,39	
37,41	-0,4	
37,415	-0,41	
37,42	-0,42	
37,425	-0,43	
37,43	-0,44	
37,435	-0,45	
37,44	-0,46	
37,445	-0,47	
37,45	-0,47	
37,455	-0,48	
37,46	-0,48	
37,465	-0,49	
37,47	-0,5	
37,475	-0,5	
37,48	-0,51	
37,485	-0,51	
37,49	-0,52	
37,495	-0,52	
37,5	-0,52	
37,505	-0,53	
37,51	-0,53	
37,515	-0,54	
37,52	-0,54	
37,525	-0,54	
37,53	-0,55	
37,535	-0,55	
37,54	-0,55	
37,545	-0,55	
37,55	-0,55	
37,555	-0,55	
37,56	-0,55	
37,565	-0,55	
37,57	-0,55	
37,575	-0,55	
37,58	-0,55	
37,585	-0,55	
37,59	-0,55	
37,595	-0,54	
37,6	-0,54	
37,605	-0,53	
37,61	-0,53	
37,615	-0,52	
37,62	-0,52	
37,625	-0,52	
37,63	-0,52	
37,635	-0,51	
37,64	-0,51	
37,645	-0,5	
37,65	-0,48	
37,655	-0,48	
37,66	-0,47	
37,665	-0,47	
37,67	-0,47	
37,675	-0,46	
37,68	-0,45	
37,685	-0,44	
37,69	-0,43	
37,695	-0,41	
37,7	-0,4	
37,705	-0,4	
37,71	-0,39	
37,715	-0,38	
37,72	-0,37	
37,725	-0,36	
37,73	-0,36	
37,735	-0,35	
37,74	-0,33	
37,745	-0,32	
37,75	-0,31	
37,755	-0,3	
37,76	-0,29	
37,765	-0,28	
37,77	-0,27	
37,775	-0,25	
37,78	-0,24	
37,785	-0,22	
37,79	-0,21	
37,795	-0,2	
37,8	-0,19	
37,805	-0,18	
37,81	-0,17	
37,815	-0,15	
37,82	-0,14	
37,825	-0,13	
37,83	-0,11	
37,835	-0,1	
37,84	-0,09	
37,845	-0,07	
37,85	-0,06	
37,855	-0,05	
37,86	-0,04	
37,865	-0,02	
37,87	-0,01	
37,875	0,01	
37,88	0,02	
37,885	0,03	
37,89	0,04	
37,895	0,06	
37,9	0,07	
37,905	0,08	
37,91	0,09	
37,915	0,11	
37,92	0,12	
37,925	0,13	
37,93	0,15	
37,935	0,15	
37,94	0,16	
37,945	0,18	
37,95	0,19	
37,955	0,2	
37,96	0,21	
37,965	0,23	
37,97	0,24	
37,975	0,25	
37,98	0,26	
37,985	0,27	
37,99	0,28	
37,995	0,29	
38,0	0,3	
38,005	0,31	
38,01	0,31	
38,015	0,33	
38,02	0,34	
38,025	0,35	
38,03	0,35	
38,035	0,36	
38,04	0,36	
38,045	0,37	
38,05	0,38	
38,055	0,39	
38,06	0,4	
38,065	0,41	
38,07	0,41	
38,075	0,41	
38,08	0,42	
38,085	0,42	
38,09	0,43	
38,095	0,44	
38,1	0,44	
38,105	0,44	
38,11	0,45	
38,115	0,45	
38,12	0,45	
38,125	0,45	
38,13	0,46	
38,135	0,46	
38,14	0,46	
38,145	0,46	
38,15	0,46	
38,155	0,46	
38,16	0,46	
38,165	0,46	
38,17	0,46	
38,175	0,46	
38,18	0,46	
38,185	0,47	
38,19	0,47	
38,195	0,46	
38,2	0,46	
38,205	0,46	
38,21	0,46	
38,215	0,46	
38,22	0,45	
38,225	0,45	
38,23	0,45	
38,235	0,44	
38,24	0,44	
38,245	0,43	
38,25	0,42	
38,255	0,42	
38,26	0,41	
38,265	0,41	
38,27	0,41	
38,275	0,4	
38,28	0,4	
38,285	0,39	
38,29	0,39	
38,295	0,37	
38,3	0,37	
38,305	0,36	
38,31	0,36	
38,315	0,35	
38,32	0,34	
38,325	0,34	
38,33	0,32	
38,335	0,31	
38,34	0,3	
38,345	0,29	
38,35	0,28	
38,355	0,28	
38,36	0,27	
38,365	0,27	
38,37	0,26	
38,375	0,24	
38,38	0,23	
38,385	0,22	
38,39	0,21	
38,395	0,2	
38,4	0,19	
38,405	0,18	
38,41	0,17	
38,415	0,17	
38,42	0,19	
38,425	0,14	
38,43	0,13	
38,435	0,12	
38,44	0,11	
38,445	0,1	
38,45	0,09	
38,455	0,08	
38,46	0,07	
38,465	0,06	
38,47	0,05	
38,475	0,04	
38,48	0,02	
38,485	0,02	
38,49	0,01	
38,495	-0,01	
38,5	-0,02	
38,505	-0,03	
38,51	-0,04	
38,515	-0,05	
38,52	-0,06	
38,525	-0,07	
38,53	-0,08	
38,535	-0,08	
38,54	-0,09	
38,545	-0,1	
38,55	-0,11	
38,555	-0,12	
38,56	-0,14	
38,565	-0,15	
38,57	-0,16	
38,575	-0,17	
38,58	-0,18	
38,585	-0,18	
38,59	-0,19	
38,595	-0,2	
38,6	-0,2	
38,605	-0,21	
38,61	-0,22	
38,615	-0,22	
38,62	-0,23	
38,625	-0,24	
38,63	-0,25	
38,635	-0,25	
38,64	-0,26	
38,645	-0,27	
38,65	-0,28	
38,655	-0,28	
38,66	-0,29	
38,665	-0,29	
38,67	-0,3	
38,675	-0,3	
38,68	-0,31	
38,685	-0,31	
38,69	-0,31	
38,695	-0,32	
38,7	-0,32	
38,705	-0,33	
38,71	-0,33	
38,715	-0,33	
38,72	-0,34	
38,725	-0,34	
38,73	-0,34	
38,735	-0,34	
38,74	-0,35	
38,745	-0,35	
38,75	-0,35	
38,755	-0,35	
38,76	-0,35	
38,765	-0,35	
38,77	-0,35	
38,775	-0,36	
38,78	-0,36	
38,785	-0,36	
38,79	-0,36	
38,795	-0,36	
38,8	-0,36	
38,805	-0,35	
38,81	-0,35	
38,815	-0,35	
38,82	-0,35	
38,825	-0,35	
38,83	-0,34	
38,835	-0,34	
38,84	-0,34	
38,845	-0,33	
38,85	-0,33	
38,855	-0,33	
38,86	-0,33	
38,865	-0,32	
38,87	-0,32	
38,875	-0,31	
38,88	-0,31	
38,885	-0,31	
38,89	-0,3	
38,895	-0,3	
38,9	-0,3	
38,905	-0,29	
38,91	-0,28	
38,915	-0,28	
38,92	-0,27	
38,925	-0,27	
38,93	-0,26	
38,935	-0,25	
38,94	-0,25	
38,945	-0,24	
38,95	-0,24	
38,955	-0,23	
38,96	-0,23	
38,965	-0,22	
38,97	-0,21	
38,975	-0,2	
38,98	-0,2	
38,985	-0,19	
38,99	-0,19	
38,995	-0,18	
39,0	-0,17	
39,005	-0,17	
39,01	-0,16	
39,015	-0,14	
39,02	-0,14	
39,025	-0,13	
39,03	-0,13	
39,035	-0,12	
39,04	-0,12	
39,045	-0,11	
39,05	-0,1	
39,055	-0,09	
39,06	-0,08	
39,065	-0,07	
39,07	-0,06	
39,075	-0,06	
39,08	-0,05	
39,085	-0,05	
39,09	-0,04	
39,095	-0,03	
39,1	-0,02	
39,105	-0,01	
39,11	-0,01	
39,115	0	
39,12	0,01	
39,125	0,02	
39,13	0,02	
39,135	0,03	
39,14	0,04	
39,145	0,04	
39,15	0,05	
39,155	0,06	
39,16	0,06	
39,165	0,07	
39,17	0,07	
39,175	0,08	
39,18	0,09	
39,185	0,1	
39,19	0,1	
39,195	0,11	
39,2	0,11	
39,205	0,12	
39,21	0,12	
39,215	0,13	
39,22	0,14	
39,225	0,14	
39,23	0,15	
39,235	0,15	
39,24	0,16	
39,245	0,16	
39,25	0,16	
39,255	0,17	
39,26	0,17	
39,265	0,18	
39,27	0,18	
39,275	0,18	
39,28	0,19	
39,285	0,19	
39,29	0,19	
39,295	0,19	
39,3	0,19	
39,305	0,2	
39,31	0,2	
39,315	0,21	
39,32	0,21	
39,325	0,21	
39,33	0,21	
39,335	0,21	
39,34	0,21	
39,345	0,22	
39,35	0,22	
39,355	0,21	
39,36	0,22	
39,365	0,22	
39,37	0,22	
39,375	0,22	
39,38	0,22	
39,385	0,22	
39,39	0,22	
39,395	0,22	
39,4	0,22	
39,405	0,22	
39,41	0,22	
39,415	0,22	
39,42	0,22	
39,425	0,22	
39,43	0,22	
39,435	0,22	
39,44	0,22	
39,445	0,22	
39,45	0,21	
39,455	0,21	
39,46	0,21	
39,465	0,2	
39,47	0,2	
39,475	0,2	
39,48	0,2	
39,485	0,2	
39,49	0,2	
39,495	0,19	
39,5	0,19	
39,505	0,19	
39,51	0,19	
39,515	0,19	
39,52	0,18	
39,525	0,18	
39,53	0,17	
39,535	0,17	
39,54	0,16	
39,545	0,16	
39,55	0,16	
39,555	0,16	
39,56	0,15	
39,565	0,15	
39,57	0,14	
39,575	0,14	
39,58	0,14	
39,585	0,14	
39,59	0,13	
39,595	0,13	
39,6	0,12	
39,605	0,12	
39,61	0,12	
39,615	0,11	
39,62	0,11	
39,625	0,1	
39,63	0,1	
39,635	0,1	
39,64	0,09	
39,645	0,09	
39,65	0,08	
39,655	0,08	
39,66	0,08	
39,665	0,07	
39,67	0,07	
39,675	0,06	
39,68	0,06	
39,685	0,05	
39,69	0,05	
39,695	0,04	
39,7	0,04	
39,705	0,04	
39,71	0,04	
39,715	0,03	
39,72	0,03	
39,725	0,02	
39,73	0,02	
39,735	0,01	
39,74	0,01	
39,745	0,01	
39,75	0,01	
39,755	0	
39,76	0	
39,765	0	
39,77	-0,01	
39,775	-0,01	
39,78	-0,01	
39,785	-0,02	
39,79	-0,02	
39,795	-0,02	
39,8	-0,03	
39,805	-0,03	
39,81	-0,03	
39,815	-0,03	
39,82	-0,04	
39,825	-0,04	
39,83	-0,04	
39,835	-0,04	
39,84	-0,05	
39,845	-0,05	
39,85	-0,05	
39,855	-0,05	
39,86	-0,05	
39,865	-0,06	
39,87	-0,06	
39,875	-0,06	
39,88	-0,06	
39,885	-0,06	
39,89	-0,06	
39,895	-0,06	
39,9	-0,06	
39,905	-0,07	
39,91	-0,06	
39,915	-0,06	
39,92	-0,07	
39,925	-0,07	
39,93	-0,07	
39,935	-0,07	
39,94	-0,07	
39,945	-0,08	
39,95	-0,08	
39,955	-0,08	
39,96	-0,08	
39,965	-0,08	
39,97	-0,08	
39,975	-0,08	
39,98	-0,08	
39,985	-0,08	
39,99	-0,08	
39,995	-0,08	
40,0	-0,08	
40,005	-0,08	
40,01	-0,08	
40,015	-0,08	
40,02	-0,08	
40,025	-0,07	
40,03	-0,08	
40,035	-0,08	
40,04	-0,08	
40,045	-0,08	
40,05	-0,08	
40,055	-0,08	
40,06	-0,07	
40,065	-0,07	
40,07	-0,07	
40,075	-0,07	
40,08	-0,07	
40,085	-0,07	
40,09	-0,07	
40,095	-0,07	
40,1	-0,07	
40,105	-0,07	
40,11	-0,07	
40,115	-0,06	
40,12	-0,07	
40,125	-0,06	
40,13	-0,06	
40,135	-0,06	
40,14	-0,06	
40,145	-0,06	
40,15	-0,06	
40,155	-0,06	
40,16	-0,06	
40,165	-0,06	
40,17	-0,06	
40,175	-0,05	
40,18	-0,05	
40,185	-0,05	
40,19	-0,05	
40,195	-0,05	
40,2	-0,05	
40,205	-0,05	
40,21	-0,04	
40,215	-0,04	
40,22	-0,04	
40,225	-0,04	
40,23	-0,04	
40,235	-0,04	
40,24	-0,04	
40,245	-0,04	
40,25	-0,04	
40,255	-0,04	
40,26	-0,04	
40,265	-0,04	
40,27	-0,04	
40,275	-0,04	
40,28	-0,05	
40,285	-0,04	
40,29	-0,04	
40,295	-0,04	
40,3	-0,04	
40,305	-0,04	
40,31	-0,04	
40,315	-0,04	
40,32	-0,04	
40,325	-0,04	
40,33	-0,04	
40,335	-0,04	
40,34	-0,04	
40,345	-0,04	
40,35	-0,04	
40,355	-0,04	
40,36	-0,05	
40,365	-0,05	
40,37	-0,04	
40,375	-0,04	
40,38	-0,04	
40,385	-0,04	
40,39	-0,04	
40,395	-0,04	
40,4	-0,04	
40,405	-0,04	
40,41	-0,05	
40,415	-0,05	
40,42	-0,05	
40,425	-0,05	
40,43	-0,05	
40,435	-0,05	
40,44	-0,05	
40,445	-0,05	
40,45	-0,05	
40,455	-0,05	
40,46	-0,06	
40,465	-0,06	
40,47	-0,06	
40,475	-0,06	
40,48	-0,06	
40,485	-0,05	
40,49	-0,05	
40,495	-0,05	
40,5	-0,06	
40,505	-0,06	
40,51	-0,06	
40,515	-0,06	
40,52	-0,06	
40,525	-0,06	
40,53	-0,06	
40,535	-0,06	
40,54	-0,07	
40,545	-0,06	
40,55	-0,07	
40,555	-0,07	
40,56	-0,07	
40,565	-0,07	
40,57	-0,07	
40,575	-0,07	
40,58	-0,07	
40,585	-0,07	
40,59	-0,07	
40,595	-0,07	
40,6	-0,07	
40,605	-0,08	
40,61	-0,08	
40,615	-0,08	
40,62	-0,08	
40,625	-0,08	
40,63	-0,08	
40,635	-0,08	
40,64	-0,08	
40,645	-0,08	
40,65	-0,07	
40,655	-0,07	
40,66	-0,07	
40,665	-0,07	
40,67	-0,07	
40,675	-0,07	
40,68	-0,07	
40,685	-0,07	
40,69	-0,08	
40,695	-0,07	
40,7	-0,07	
40,705	-0,07	
40,71	-0,06	
40,715	-0,06	
40,72	-0,07	
40,725	-0,06	
40,73	-0,07	
40,735	-0,07	
40,74	-0,06	
40,745	-0,06	
40,75	-0,06	
40,755	-0,06	
40,76	-0,05	
40,765	-0,06	
40,77	-0,05	
40,775	-0,05	
40,78	-0,05	
40,785	-0,05	
40,79	-0,05	
40,795	-0,05	
40,8	-0,04	
40,805	-0,04	
40,81	-0,04	
40,815	-0,03	
40,82	-0,03	
40,825	-0,03	
40,83	-0,03	
40,835	-0,02	
40,84	-0,02	
40,845	-0,02	
40,85	-0,01	
40,855	-0,01	
40,86	-0,01	
40,865	-0,01	
40,87	-0,01	
40,875	-0,01	
40,88	0	
40,885	0	
40,89	0,01	
40,895	0,01	
40,9	0,02	
40,905	0,02	
40,91	0,02	
40,915	0,03	
40,92	0,03	
40,925	0,03	
40,93	0,04	
40,935	0,04	
40,94	0,05	
40,945	0,05	
40,95	0,05	
40,955	0,06	
40,96	0,06	
40,965	0,06	
40,97	0,07	
40,975	0,07	
40,98	0,08	
40,985	0,08	
40,99	0,09	
40,995	0,09	
41,0	0,09	
41,005	0,1	
41,01	0,1	
41,015	0,11	
41,02	0,11	
41,025	0,12	
41,03	0,12	
41,035	0,12	
41,04	0,13	
41,045	0,13	
41,05	0,13	
41,055	0,14	
41,06	0,14	
41,065	0,15	
41,07	0,15	
41,075	0,15	
41,08	0,16	
41,085	0,16	
41,09	0,16	
41,095	0,16	
41,1	0,16	
41,105	0,17	
41,11	0,18	
41,115	0,18	
41,12	0,18	
41,125	0,19	
41,13	0,19	
41,135	0,19	
41,14	0,19	
41,145	0,19	
41,15	0,19	
41,155	0,2	
41,16	0,2	
41,165	0,21	
41,17	0,21	
41,175	0,21	
41,18	0,21	
41,185	0,21	
41,19	0,21	
41,195	0,21	
41,2	0,21	
41,205	0,21	
41,21	0,22	
41,215	0,22	
41,22	0,22	
41,225	0,22	
41,23	0,22	
41,235	0,22	
41,24	0,22	
41,245	0,21	
41,25	0,22	
41,255	0,22	
41,26	0,22	
41,265	0,22	
41,27	0,22	
41,275	0,22	
41,28	0,21	
41,285	0,21	
41,29	0,21	
41,295	0,21	
41,3	0,21	
41,305	0,21	
41,31	0,21	
41,315	0,2	
41,32	0,2	
41,325	0,2	
41,33	0,19	
41,335	0,19	
41,34	0,19	
41,345	0,19	
41,35	0,18	
41,355	0,18	
41,36	0,18	
41,365	0,17	
41,37	0,16	
41,375	0,16	
41,38	0,16	
41,385	0,15	
41,39	0,15	
41,395	0,15	
41,4	0,14	
41,405	0,14	
41,41	0,13	
41,415	0,13	
41,42	0,12	
41,425	0,12	
41,43	0,11	
41,435	0,11	
41,44	0,1	
41,445	0,1	
41,45	0,09	
41,455	0,08	
41,46	0,08	
41,465	0,07	
41,47	0,06	
41,475	0,06	
41,48	0,05	
41,485	0,05	
41,49	0,04	
41,495	0,03	
41,5	0,02	
41,505	0,02	
41,51	0,01	
41,515	0	
41,52	-0,01	
41,525	-0,01	
41,53	-0,01	
41,535	-0,02	
41,54	-0,03	
41,545	-0,04	
41,55	-0,05	
41,555	-0,06	
41,56	-0,07	
41,565	-0,08	
41,57	-0,08	
41,575	-0,09	
41,58	-0,09	
41,585	-0,1	
41,59	-0,11	
41,595	-0,12	
41,6	-0,13	
41,605	-0,13	
41,61	-0,14	
41,615	-0,14	
41,62	-0,15	
41,625	-0,15	
41,63	-0,16	
41,635	-0,17	
41,64	-0,18	
41,645	-0,19	
41,65	-0,19	
41,655	-0,2	
41,66	-0,21	
41,665	-0,21	
41,67	-0,21	
41,675	-0,22	
41,68	-0,23	
41,685	-0,23	
41,69	-0,24	
41,695	-0,25	
41,7	-0,25	
41,705	-0,26	
41,71	-0,26	
41,715	-0,27	
41,72	-0,28	
41,725	-0,28	
41,73	-0,29	
41,735	-0,29	
41,74	-0,3	
41,745	-0,3	
41,75	-0,3	
41,755	-0,31	
41,76	-0,31	
41,765	-0,31	
41,77	-0,32	
41,775	-0,33	
41,78	-0,33	
41,785	-0,33	
41,79	-0,33	
41,795	-0,33	
41,8	-0,33	
41,805	-0,34	
41,81	-0,34	
41,815	-0,34	
41,82	-0,35	
41,825	-0,35	
41,83	-0,35	
41,835	-0,35	
41,84	-0,34	
41,845	-0,34	
41,85	-0,34	
41,855	-0,35	
41,86	-0,35	
41,865	-0,35	
41,87	-0,35	
41,875	-0,35	
41,88	-0,35	
41,885	-0,34	
41,89	-0,34	
41,895	-0,33	
41,9	-0,33	
41,905	-0,33	
41,91	-0,33	
41,915	-0,33	
41,92	-0,33	
41,925	-0,32	
41,93	-0,32	
41,935	-0,31	
41,94	-0,31	
41,945	-0,31	
41,95	-0,31	
41,955	-0,3	
41,96	-0,3	
41,965	-0,29	
41,97	-0,28	
41,975	-0,28	
41,98	-0,27	
41,985	-0,27	
41,99	-0,26	
41,995	-0,25	
42,0	-0,24	
42,005	-0,24	
42,01	-0,23	
42,015	-0,22	
42,02	-0,21	
42,025	-0,21	
42,03	-0,2	
42,035	-0,2	
42,04	-0,19	
42,045	-0,19	
42,05	-0,18	
42,055	-0,17	
42,06	-0,16	
42,065	-0,14	
42,07	-0,13	
42,075	-0,13	
42,08	-0,12	
42,085	-0,11	
42,09	-0,1	
42,095	-0,09	
42,1	-0,08	
42,105	-0,07	
42,11	-0,05	
42,115	-0,04	
42,12	-0,04	
42,125	-0,03	
42,13	-0,02	
42,135	-0,01	
42,14	-0,01	
42,145	0,01	
42,15	0,01	
42,155	0,03	
42,16	0,04	
42,165	0,05	
42,17	0,06	
42,175	0,07	
42,18	0,08	
42,185	0,09	
42,19	0,1	
42,195	0,11	
42,2	0,12	
42,205	0,13	
42,21	0,14	
42,215	0,16	
42,22	0,16	
42,225	0,17	
42,23	0,18	
42,235	0,19	
42,24	0,2	
42,245	0,21	
42,25	0,23	
42,255	0,24	
42,26	0,24	
42,265	0,25	
42,27	0,26	
42,275	0,27	
42,28	0,28	
42,285	0,29	
42,29	0,3	
42,295	0,31	
42,3	0,32	
42,305	0,32	
42,31	0,33	
42,315	0,34	
42,32	0,35	
42,325	0,35	
42,33	0,36	
42,335	0,37	
42,34	0,37	
42,345	0,38	
42,35	0,38	
42,355	0,39	
42,36	0,39	
42,365	0,4	
42,37	0,4	
42,375	0,41	
42,38	0,42	
42,385	0,42	
42,39	0,43	
42,395	0,43	
42,4	0,44	
42,405	0,44	
42,41	0,44	
42,415	0,44	
42,42	0,45	
42,425	0,44	
42,43	0,45	
42,435	0,45	
42,44	0,45	
42,445	0,45	
42,45	0,45	
42,455	0,45	
42,46	0,45	
42,465	0,45	
42,47	0,45	
42,475	0,45	
42,48	0,45	
42,485	0,45	
42,49	0,45	
42,495	0,45	
42,5	0,45	
42,505	0,45	
42,51	0,44	
42,515	0,44	
42,52	0,44	
42,525	0,43	
42,53	0,43	
42,535	0,43	
42,54	0,42	
42,545	0,42	
42,55	0,41	
42,555	0,41	
42,56	0,4	
42,565	0,39	
42,57	0,38	
42,575	0,38	
42,58	0,37	
42,585	0,37	
42,59	0,36	
42,595	0,36	
42,6	0,35	
42,605	0,35	
42,61	0,33	
42,615	0,32	
42,62	0,32	
42,625	0,31	
42,63	0,3	
42,635	0,29	
42,64	0,28	
42,645	0,27	
42,65	0,26	
42,655	0,24	
42,66	0,23	
42,665	0,22	
42,67	0,21	
42,675	0,2	
42,68	0,19	
42,685	0,18	
42,69	0,17	
42,695	0,16	
42,7	0,15	
42,705	0,14	
42,71	0,13	
42,715	0,11	
42,72	0,1	
42,725	0,09	
42,73	0,07	
42,735	0,06	
42,74	0,05	
42,745	0,03	
42,75	0,02	
42,755	0,01	
42,76	0	
42,765	-0,01	
42,77	-0,02	
42,775	-0,03	
42,78	-0,05	
42,785	-0,06	
42,79	-0,08	
42,795	-0,09	
42,8	-0,1	
42,805	-0,11	
42,81	-0,13	
42,815	-0,14	
42,82	-0,15	
42,825	-0,16	
42,83	-0,18	
42,835	-0,19	
42,84	-0,21	
42,845	-0,22	
42,85	-0,23	
42,855	-0,24	
42,86	-0,25	
42,865	-0,26	
42,87	-0,27	
42,875	-0,28	
42,88	-0,3	
42,885	-0,31	
42,89	-0,32	
42,895	-0,33	
42,9	-0,34	
42,905	-0,35	
42,91	-0,36	
42,915	-0,37	
42,92	-0,38	
42,925	-0,39	
42,93	-0,4	
42,935	-0,41	
42,94	-0,42	
42,945	-0,43	
42,95	-0,43	
42,955	-0,44	
42,96	-0,44	
42,965	-0,45	
42,97	-0,46	
42,975	-0,47	
42,98	-0,48	
42,985	-0,48	
42,99	-0,49	
42,995	-0,5	
43,0	-0,5	
43,005	-0,5	
43,01	-0,51	
43,015	-0,51	
43,02	-0,52	
43,025	-0,52	
43,03	-0,53	
43,035	-0,53	
43,04	-0,53	
43,045	-0,53	
43,05	-0,53	
43,055	-0,53	
43,06	-0,53	
43,065	-0,53	
43,07	-0,53	
43,075	-0,54	
43,08	-0,54	
43,085	-0,54	
43,09	-0,54	
43,095	-0,54	
43,1	-0,53	
43,105	-0,53	
43,11	-0,52	
43,115	-0,52	
43,12	-0,52	
43,125	-0,52	
43,13	-0,52	
43,135	-0,51	
43,14	-0,51	
43,145	-0,51	
43,15	-0,5	
43,155	-0,49	
43,16	-0,49	
43,165	-0,48	
43,17	-0,48	
43,175	-0,47	
43,18	-0,47	
43,185	-0,46	
43,19	-0,45	
43,195	-0,45	
43,2	-0,43	
43,205	-0,42	
43,21	-0,41	
43,215	-0,4	
43,22	-0,4	
43,225	-0,39	
43,23	-0,38	
43,235	-0,37	
43,24	-0,36	
43,245	-0,34	
43,25	-0,33	
43,255	-0,32	
43,26	-0,31	
43,265	-0,3	
43,27	-0,29	
43,275	-0,28	
43,28	-0,26	
43,285	-0,25	
43,29	-0,23	
43,295	-0,22	
43,3	-0,21	
43,305	-0,2	
43,31	-0,19	
43,315	-0,17	
43,32	-0,16	
43,325	-0,15	
43,33	-0,13	
43,335	-0,12	
43,34	-0,1	
43,345	-0,09	
43,35	-0,08	
43,355	-0,06	
43,36	-0,05	
43,365	-0,03	
43,37	-0,02	
43,375	0	
43,38	0,02	
43,385	0,03	
43,39	0,04	
43,395	0,05	
43,4	0,07	
43,405	0,08	
43,41	0,09	
43,415	0,11	
43,42	0,12	
43,425	0,14	
43,43	0,16	
43,435	0,17	
43,44	0,18	
43,445	0,19	
43,45	0,2	
43,455	0,21	
43,46	0,23	
43,465	0,24	
43,47	0,26	
43,475	0,28	
43,48	0,29	
43,485	0,3	
43,49	0,31	
43,495	0,32	
43,5	0,33	
43,505	0,35	
43,51	0,36	
43,515	0,37	
43,52	0,39	
43,525	0,4	
43,53	0,41	
43,535	0,42	
43,54	0,43	
43,545	0,43	
43,55	0,44	
43,555	0,45	
43,56	0,46	
43,565	0,48	
43,57	0,48	
43,575	0,49	
43,58	0,5	
43,585	0,5	
43,59	0,51	
43,595	0,52	
43,6	0,52	
43,605	0,53	
43,61	0,54	
43,615	0,55	
43,62	0,55	
43,625	0,56	
43,63	0,56	
43,635	0,56	
43,64	0,57	
43,645	0,57	
43,65	0,57	
43,655	0,57	
43,66	0,58	
43,665	0,58	
43,67	0,58	
43,675	0,58	
43,68	0,58	
43,685	0,58	
43,69	0,59	
43,695	0,59	
43,7	0,59	
43,705	0,59	
43,71	0,58	
43,715	0,58	
43,72	0,57	
43,725	0,57	
43,73	0,57	
43,735	0,57	
43,74	0,57	
43,745	0,56	
43,75	0,56	
43,755	0,55	
43,76	0,55	
43,765	0,54	
43,77	0,53	
43,775	0,53	
43,78	0,53	
43,785	0,52	
43,79	0,51	
43,795	0,5	
43,8	0,49	
43,805	0,48	
43,81	0,47	
43,815	0,46	
43,82	0,45	
43,825	0,45	
43,83	0,44	
43,835	0,43	
43,84	0,42	
43,845	0,4	
43,85	0,39	
43,855	0,38	
43,86	0,37	
43,865	0,35	
43,87	0,35	
43,875	0,34	
43,88	0,33	
43,885	0,31	
43,89	0,3	
43,895	0,29	
43,9	0,27	
43,905	0,26	
43,91	0,25	
43,915	0,23	
43,92	0,22	
43,925	0,21	
43,93	0,19	
43,935	0,17	
43,94	0,16	
43,945	0,14	
43,95	0,13	
43,955	0,11	
43,96	0,1	
43,965	0,09	
43,97	0,08	
43,975	0,06	
43,98	0,04	
43,985	0,02	
43,99	0,01	
43,995	0	
44,0	-0,02	
44,005	-0,03	
44,01	-0,04	
44,015	-0,06	
44,02	-0,08	
44,025	-0,09	
44,03	-0,11	
44,035	-0,13	
44,04	-0,14	
44,045	-0,15	
44,05	-0,17	
44,055	-0,18	
44,06	-0,19	
44,065	-0,22	
44,07	-0,23	
44,075	-0,25	
44,08	-0,26	
44,085	-0,27	
44,09	-0,28	
44,095	-0,29	
44,1	-0,3	
44,105	-0,31	
44,11	-0,33	
44,115	-0,35	
44,12	-0,36	
44,125	-0,37	
44,13	-0,38	
44,135	-0,39	
44,14	-0,4	
44,145	-0,41	
44,15	-0,42	
44,155	-0,43	
44,16	-0,45	
44,165	-0,46	
44,17	-0,47	
44,175	-0,48	
44,18	-0,49	
44,185	-0,49	
44,19	-0,49	
44,195	-0,5	
44,2	-0,51	
44,205	-0,52	
44,21	-0,53	
44,215	-0,54	
44,22	-0,55	
44,225	-0,55	
44,23	-0,55	
44,235	-0,55	
44,24	-0,56	
44,245	-0,57	
44,25	-0,58	
44,255	-0,58	
44,26	-0,59	
44,265	-0,59	
44,27	-0,59	
44,275	-0,59	
44,28	-0,59	
44,285	-0,59	
44,29	-0,59	
44,295	-0,59	
44,3	-0,6	
44,305	-0,6	
44,31	-0,6	
44,315	-0,6	
44,32	-0,59	
44,325	-0,59	
44,33	-0,59	
44,335	-0,58	
44,34	-0,58	
44,345	-0,58	
44,35	-0,58	
44,355	-0,58	
44,36	-0,57	
44,365	-0,56	
44,37	-0,56	
44,375	-0,55	
44,38	-0,55	
44,385	-0,54	
44,39	-0,53	
44,395	-0,53	
44,4	-0,52	
44,405	-0,52	
44,41	-0,51	
44,415	-0,5	
44,42	-0,49	
44,425	-0,48	
44,43	-0,47	
44,435	-0,46	
44,44	-0,45	
44,445	-0,45	
44,45	-0,44	
44,455	-0,42	
44,46	-0,41	
44,465	-0,4	
44,47	-0,39	
44,475	-0,37	
44,48	-0,36	
44,485	-0,35	
44,49	-0,34	
44,495	-0,33	
44,5	-0,31	
44,505	-0,3	
44,51	-0,28	
44,515	-0,27	
44,52	-0,26	
44,525	-0,25	
44,53	-0,24	
44,535	-0,23	
44,54	-0,21	
44,545	-0,2	
44,55	-0,18	
44,555	-0,16	
44,56	-0,15	
44,565	-0,13	
44,57	-0,12	
44,575	-0,11	
44,58	-0,09	
44,585	-0,08	
44,59	-0,06	
44,595	-0,05	
44,6	-0,03	
44,605	-0,02	
44,61	0,01	
44,615	0,02	
44,62	0,03	
44,625	0,04	
44,63	0,05	
44,635	0,07	
44,64	0,09	
44,645	0,1	
44,65	0,12	
44,655	0,14	
44,66	0,15	
44,665	0,16	
44,67	0,17	
44,675	0,18	
44,68	0,2	
44,685	0,21	
44,69	0,23	
44,695	0,25	
44,7	0,26	
44,705	0,28	
44,71	0,28	
44,715	0,29	
44,72	0,3	
44,725	0,32	
44,73	0,33	
44,735	0,35	
44,74	0,36	
44,745	0,37	
44,75	0,38	
44,755	0,39	
44,76	0,4	
44,765	0,41	
44,77	0,42	
44,775	0,43	
44,78	0,44	
44,785	0,45	
44,79	0,46	
44,795	0,47	
44,8	0,48	
44,805	0,48	
44,81	0,49	
44,815	0,5	
44,82	0,51	
44,825	0,51	
44,83	0,52	
44,835	0,52	
44,84	0,53	
44,845	0,54	
44,85	0,54	
44,855	0,55	
44,86	0,55	
44,865	0,56	
44,87	0,56	
44,875	0,56	
44,88	0,56	
44,885	0,56	
44,89	0,57	
44,895	0,57	
44,9	0,57	
44,905	0,57	
44,91	0,57	
44,915	0,58	
44,92	0,58	
44,925	0,57	
44,93	0,57	
44,935	0,57	
44,94	0,57	
44,945	0,57	
44,95	0,56	
44,955	0,56	
44,96	0,56	
44,965	0,55	
44,97	0,55	
44,975	0,54	
44,98	0,54	
44,985	0,53	
44,99	0,53	
44,995	0,52	
45,0	0,52	
45,005	0,52	
45,01	0,51	
45,015	0,5	
45,02	0,49	
45,025	0,48	
45,03	0,47	
45,035	0,46	
45,04	0,46	
45,045	0,45	
45,05	0,44	
45,055	0,43	
45,06	0,43	
45,065	0,41	
45,07	0,4	
45,075	0,38	
45,08	0,37	
45,085	0,36	
45,09	0,35	
45,095	0,35	
45,1	0,34	
45,105	0,32	
45,11	0,31	
45,115	0,3	
45,12	0,28	
45,125	0,27	
45,13	0,26	
45,135	0,25	
45,14	0,23	
45,145	0,22	
45,15	0,21	
45,155	0,19	
45,16	0,18	
45,165	0,17	
45,17	0,16	
45,175	0,14	
45,18	0,13	
45,185	0,12	
45,19	0,1	
45,195	0,09	
45,2	0,08	
45,205	0,05	
45,21	0,04	
45,215	0,03	
45,22	0,01	
45,225	0	
45,23	-0,01	
45,235	-0,02	
45,24	-0,04	
45,245	-0,05	
45,25	-0,07	
45,255	-0,08	
45,26	-0,1	
45,265	-0,11	
45,27	-0,12	
45,275	-0,13	
45,28	-0,15	
45,285	-0,16	
45,29	-0,17	
45,295	-0,19	
45,3	-0,2	
45,305	-0,21	
45,31	-0,22	
45,315	-0,23	
45,32	-0,24	
45,325	-0,25	
45,33	-0,26	
45,335	-0,27	
45,34	-0,29	
45,345	-0,31	
45,35	-0,32	
45,355	-0,33	
45,36	-0,34	
45,365	-0,35	
45,37	-0,35	
45,375	-0,36	
45,38	-0,37	
45,385	-0,38	
45,39	-0,39	
45,395	-0,4	
45,4	-0,41	
45,405	-0,41	
45,41	-0,42	
45,415	-0,42	
45,42	-0,43	
45,425	-0,44	
45,43	-0,45	
45,435	-0,46	
45,44	-0,46	
45,445	-0,47	
45,45	-0,47	
45,455	-0,47	
45,46	-0,48	
45,465	-0,48	
45,47	-0,48	
45,475	-0,49	
45,48	-0,5	
45,485	-0,5	
45,49	-0,51	
45,495	-0,51	
45,5	-0,51	
45,505	-0,51	
45,51	-0,51	
45,515	-0,51	
45,52	-0,51	
45,525	-0,51	
45,53	-0,51	
45,535	-0,51	
45,54	-0,51	
45,545	-0,51	
45,55	-0,51	
45,555	-0,51	
45,56	-0,5	
45,565	-0,5	
45,57	-0,5	
45,575	-0,5	
45,58	-0,49	
45,585	-0,49	
45,59	-0,49	
45,595	-0,48	
45,6	-0,48	
45,605	-0,47	
45,61	-0,46	
45,615	-0,46	
45,62	-0,45	
45,625	-0,45	
45,63	-0,44	
45,635	-0,44	
45,64	-0,43	
45,645	-0,42	
45,65	-0,42	
45,655	-0,41	
45,66	-0,4	
45,665	-0,39	
45,67	-0,38	
45,675	-0,38	
45,68	-0,37	
45,685	-0,36	
45,69	-0,35	
45,695	-0,34	
45,7	-0,33	
45,705	-0,31	
45,71	-0,3	
45,715	-0,29	
45,72	-0,28	
45,725	-0,27	
45,73	-0,26	
45,735	-0,25	
45,74	-0,24	
45,745	-0,24	
45,75	-0,22	
45,755	-0,21	
45,76	-0,2	
45,765	-0,19	
45,77	-0,18	
45,775	-0,16	
45,78	-0,15	
45,785	-0,14	
45,79	-0,13	
45,795	-0,12	
45,8	-0,1	
45,805	-0,1	
45,81	-0,08	
45,815	-0,07	
45,82	-0,06	
45,825	-0,05	
45,83	-0,03	
45,835	-0,02	
45,84	-0,01	
45,845	0	
45,85	0,01	
45,855	0,02	
45,86	0,03	
45,865	0,05	
45,87	0,06	
45,875	0,07	
45,88	0,08	
45,885	0,1	
45,89	0,11	
45,895	0,12	
45,9	0,13	
45,905	0,14	
45,91	0,15	
45,915	0,16	
45,92	0,17	
45,925	0,18	
45,93	0,2	
45,935	0,21	
45,94	0,21	
45,945	0,22	
45,95	0,23	
45,955	0,24	
45,96	0,25	
45,965	0,26	
45,97	0,27	
45,975	0,28	
45,98	0,29	
45,985	0,29	
45,99	0,3	
45,995	0,31	
46,0	0,31	
46,005	0,32	
46,01	0,33	
46,015	0,34	
46,02	0,35	
46,025	0,36	
46,03	0,36	
46,035	0,36	
46,04	0,37	
46,045	0,37	
46,05	0,38	
46,055	0,38	
46,06	0,39	
46,065	0,39	
46,07	0,39	
46,075	0,4	
46,08	0,4	
46,085	0,4	
46,09	0,41	
46,095	0,41	
46,1	0,41	
46,105	0,42	
46,11	0,42	
46,115	0,42	
46,12	0,42	
46,125	0,42	
46,13	0,42	
46,135	0,42	
46,14	0,42	
46,145	0,42	
46,15	0,42	
46,155	0,42	
46,16	0,42	
46,165	0,42	
46,17	0,41	
46,175	0,41	
46,18	0,41	
46,185	0,4	
46,19	0,4	
46,195	0,4	
46,2	0,41	
46,205	0,4	
46,21	0,4	
46,215	0,39	
46,22	0,38	
46,225	0,38	
46,23	0,37	
46,235	0,37	
46,24	0,37	
46,245	0,36	
46,25	0,35	
46,255	0,35	
46,26	0,34	
46,265	0,34	
46,27	0,33	
46,275	0,32	
46,28	0,32	
46,285	0,32	
46,29	0,31	
46,295	0,3	
46,3	0,29	
46,305	0,28	
46,31	0,27	
46,315	0,27	
46,32	0,26	
46,325	0,25	
46,33	0,24	
46,335	0,24	
46,34	0,23	
46,345	0,21	
46,35	0,21	
46,355	0,2	
46,36	0,19	
46,365	0,18	
46,37	0,17	
46,375	0,17	
46,38	0,16	
46,385	0,15	
46,39	0,14	
46,395	0,13	
46,4	0,12	
46,405	0,11	
46,41	0,11	
46,415	0,1	
46,42	0,09	
46,425	0,08	
46,43	0,06	
46,435	0,05	
46,44	0,04	
46,445	0,03	
46,45	0,03	
46,455	0,02	
46,46	0,01	
46,465	0	
46,47	-0,01	
46,475	-0,03	
46,48	-0,04	
46,485	-0,04	
46,49	-0,05	
46,495	-0,06	
46,5	-0,07	
46,505	-0,08	
46,51	-0,08	
46,515	-0,09	
46,52	-0,1	
46,525	-0,11	
46,53	-0,12	
46,535	-0,13	
46,54	-0,13	
46,545	-0,14	
46,55	-0,14	
46,555	-0,15	
46,56	-0,16	
46,565	-0,17	
46,57	-0,17	
46,575	-0,18	
46,58	-0,19	
46,585	-0,19	
46,59	-0,2	
46,595	-0,21	
46,6	-0,21	
46,605	-0,22	
46,61	-0,22	
46,615	-0,23	
46,62	-0,24	
46,625	-0,24	
46,63	-0,25	
46,635	-0,25	
46,64	-0,26	
46,645	-0,26	
46,65	-0,26	
46,655	-0,27	
46,66	-0,27	
46,665	-0,28	
46,67	-0,28	
46,675	-0,28	
46,68	-0,29	
46,685	-0,29	
46,69	-0,29	
46,695	-0,29	
46,7	-0,29	
46,705	-0,3	
46,71	-0,3	
46,715	-0,3	
46,72	-0,3	
46,725	-0,31	
46,73	-0,31	
46,735	-0,3	
46,74	-0,3	
46,745	-0,3	
46,75	-0,3	
46,755	-0,3	
46,76	-0,3	
46,765	-0,31	
46,77	-0,31	
46,775	-0,31	
46,78	-0,3	
46,785	-0,3	
46,79	-0,3	
46,795	-0,3	
46,8	-0,3	
46,805	-0,29	
46,81	-0,29	
46,815	-0,29	
46,82	-0,29	
46,825	-0,29	
46,83	-0,28	
46,835	-0,28	
46,84	-0,28	
46,845	-0,27	
46,85	-0,27	
46,855	-0,27	
46,86	-0,27	
46,865	-0,26	
46,87	-0,26	
46,875	-0,25	
46,88	-0,24	
46,885	-0,24	
46,89	-0,23	
46,895	-0,23	
46,9	-0,23	
46,905	-0,22	
46,91	-0,22	
46,915	-0,22	
46,92	-0,21	
46,925	-0,2	
46,93	-0,19	
46,935	-0,18	
46,94	-0,18	
46,945	-0,17	
46,95	-0,17	
46,955	-0,17	
46,96	-0,16	
46,965	-0,15	
46,97	-0,15	
46,975	-0,14	
46,98	-0,13	
46,985	-0,13	
46,99	-0,12	
46,995	-0,12	
47,0	-0,11	
47,005	-0,11	
47,01	-0,1	
47,015	-0,1	
47,02	-0,09	
47,025	-0,08	
47,03	-0,07	
47,035	-0,07	
47,04	-0,06	
47,045	-0,06	
47,05	-0,05	
47,055	-0,05	
47,06	-0,04	
47,065	-0,03	
47,07	-0,03	
47,075	-0,02	
47,08	-0,01	
47,085	-0,01	
47,09	0	
47,095	0	
47,1	0,01	
47,105	0,02	
47,11	0,02	
47,115	0,03	
47,12	0,04	
47,125	0,04	
47,13	0,05	
47,135	0,05	
47,14	0,06	
47,145	0,06	
47,15	0,07	
47,155	0,07	
47,16	0,08	
47,165	0,08	
47,17	0,08	
47,175	0,09	
47,18	0,09	
47,185	0,1	
47,19	0,1	
47,195	0,11	
47,2	0,11	
47,205	0,11	
47,21	0,12	
47,215	0,12	
47,22	0,12	
47,225	0,13	
47,23	0,13	
47,235	0,14	
47,24	0,14	
47,245	0,14	
47,25	0,14	
47,255	0,14	
47,26	0,15	
47,265	0,15	
47,27	0,15	
47,275	0,15	
47,28	0,16	
47,285	0,16	
47,29	0,17	
47,295	0,17	
47,3	0,17	
47,305	0,17	
47,31	0,17	
47,315	0,17	
47,32	0,17	
47,325	0,17	
47,33	0,17	
47,335	0,17	
47,34	0,17	
47,345	0,17	
47,35	0,17	
47,355	0,17	
47,36	0,17	
47,365	0,17	
47,37	0,18	
47,375	0,17	
47,38	0,17	
47,385	0,17	
47,39	0,17	
47,395	0,17	
47,4	0,17	
47,405	0,16	
47,41	0,17	
47,415	0,17	
47,42	0,16	
47,425	0,17	
47,43	0,16	
47,435	0,16	
47,44	0,16	
47,445	0,15	
47,45	0,15	
47,455	0,15	
47,46	0,15	
47,465	0,15	
47,47	0,15	
47,475	0,15	
47,48	0,14	
47,485	0,14	
47,49	0,14	
47,495	0,14	
47,5	0,13	
47,505	0,13	
47,51	0,13	
47,515	0,13	
47,52	0,12	
47,525	0,12	
47,53	0,11	
47,535	0,11	
47,54	0,11	
47,545	0,11	
47,55	0,11	
47,555	0,11	
47,56	0,1	
47,565	0,1	
47,57	0,09	
47,575	0,09	
47,58	0,09	
47,585	0,09	
47,59	0,09	
47,595	0,08	
47,6	0,08	
47,605	0,08	
47,61	0,08	
47,615	0,07	
47,62	0,06	
47,625	0,06	
47,63	0,06	
47,635	0,06	
47,64	0,06	
47,645	0,06	
47,65	0,05	
47,655	0,05	
47,66	0,05	
47,665	0,04	
47,67	0,04	
47,675	0,04	
47,68	0,03	
47,685	0,03	
47,69	0,03	
47,695	0,03	
47,7	0,03	
47,705	0,02	
47,71	0,02	
47,715	0,02	
47,72	0,01	
47,725	0,01	
47,73	0,01	
47,735	0,01	
47,74	0,01	
47,745	0	
47,75	0	
47,755	0	
47,76	0	
47,765	0	
47,77	0	
47,775	0	
47,78	-0,01	
47,785	-0,01	
47,79	-0,01	
47,795	-0,01	
47,8	-0,02	
47,805	-0,02	
47,81	-0,02	
47,815	-0,02	
47,82	-0,02	
47,825	-0,02	
47,83	-0,02	
47,835	-0,02	
47,84	-0,02	
47,845	-0,02	
47,85	-0,03	
47,855	-0,03	
47,86	-0,03	
47,865	-0,03	
47,87	-0,03	
47,875	-0,03	
47,88	-0,03	
47,885	-0,03	
47,89	-0,03	
47,895	-0,03	
47,9	-0,03	
47,905	-0,03	
47,91	-0,03	
47,915	-0,03	
47,92	-0,03	
47,925	-0,03	
47,93	-0,03	
47,935	-0,03	
47,94	-0,03	
47,945	-0,03	
47,95	-0,03	
47,955	-0,03	
47,96	-0,03	
47,965	-0,03	
47,97	-0,03	
47,975	-0,03	
47,98	-0,03	
47,985	-0,03	
47,99	-0,03	
47,995	-0,03	
48,0	-0,03	
48,005	-0,03	
48,01	-0,03	
48,015	-0,03	
48,02	-0,02	
48,025	-0,02	
48,03	-0,02	
48,035	-0,02	
48,04	-0,02	
48,045	-0,02	
48,05	-0,02	
48,055	-0,02	
48,06	-0,02	
48,065	-0,02	
48,07	-0,02	
48,075	-0,02	
48,08	-0,02	
48,085	-0,02	
48,09	-0,02	
48,095	-0,02	
48,1	-0,02	
48,105	-0,02	
48,11	-0,02	
48,115	-0,03	
48,12	-0,02	
48,125	-0,02	
48,13	-0,02	
48,135	-0,02	
48,14	-0,02	
48,145	-0,02	
48,15	-0,02	
48,155	-0,02	
48,16	-0,02	
48,165	-0,02	
48,17	-0,02	
48,175	-0,02	
48,18	-0,02	
48,185	-0,02	
48,19	-0,02	
48,195	-0,02	
48,2	-0,02	
48,205	-0,03	
48,21	-0,03	
48,215	-0,03	
48,22	-0,03	
48,225	-0,03	
48,23	-0,03	
48,235	-0,03	
48,24	-0,03	
48,245	-0,03	
48,25	-0,03	
48,255	-0,03	
48,26	-0,03	
48,265	-0,03	
48,27	-0,03	
48,275	-0,04	
48,28	-0,04	
48,285	-0,04	
48,29	-0,04	
48,295	-0,04	
48,3	-0,04	
48,305	-0,04	
48,31	-0,05	
48,315	-0,04	
48,32	-0,05	
48,325	-0,05	
48,33	-0,05	
48,335	-0,05	
48,34	-0,05	
48,345	-0,05	
48,35	-0,05	
48,355	-0,06	
48,36	-0,06	
48,365	-0,06	
48,37	-0,06	
48,375	-0,06	
48,38	-0,06	
48,385	-0,06	
48,39	-0,07	
48,395	-0,07	
48,4	-0,07	
48,405	-0,07	
48,41	-0,07	
48,415	-0,08	
48,42	-0,08	
48,425	-0,08	
48,43	-0,08	
48,435	-0,08	
48,44	-0,09	
48,445	-0,09	
48,45	-0,09	
48,455	-0,09	
48,46	-0,09	
48,465	-0,09	
48,47	-0,09	
48,475	-0,09	
48,48	-0,09	
48,485	-0,1	
48,49	-0,1	
48,495	-0,1	
48,5	-0,1	
48,505	-0,1	
48,51	-0,11	
48,515	-0,11	
48,52	-0,11	
48,525	-0,11	
48,53	-0,11	
48,535	-0,11	
48,54	-0,11	
48,545	-0,11	
48,55	-0,11	
48,555	-0,11	
48,56	-0,11	
48,565	-0,11	
48,57	-0,11	
48,575	-0,11	
48,58	-0,11	
48,585	-0,12	
48,59	-0,12	
48,595	-0,12	
48,6	-0,12	
48,605	-0,11	
48,61	-0,12	
48,615	-0,11	
48,62	-0,11	
48,625	-0,12	
48,63	-0,12	
48,635	-0,12	
48,64	-0,12	
48,645	-0,12	
48,65	-0,11	
48,655	-0,11	
48,66	-0,11	
48,665	-0,11	
48,67	-0,11	
48,675	-0,11	
48,68	-0,11	
48,685	-0,11	
48,69	-0,11	
48,695	-0,11	
48,7	-0,1	
48,705	-0,1	
48,71	-0,1	
48,715	-0,1	
48,72	-0,09	
48,725	-0,09	
48,73	-0,09	
48,735	-0,09	
48,74	-0,09	
48,745	-0,08	
48,75	-0,08	
48,755	-0,08	
48,76	-0,07	
48,765	-0,07	
48,77	-0,07	
48,775	-0,07	
48,78	-0,06	
48,785	-0,06	
48,79	-0,06	
48,795	-0,05	
48,8	-0,05	
48,805	-0,05	
48,81	-0,04	
48,815	-0,04	
48,82	-0,03	
48,825	-0,03	
48,83	-0,03	
48,835	-0,02	
48,84	-0,02	
48,845	-0,01	
48,85	-0,01	
48,855	-0,01	
48,86	-0,01	
48,865	0	
48,87	0,01	
48,875	0,01	
48,88	0,02	
48,885	0,02	
48,89	0,03	
48,895	0,03	
48,9	0,04	
48,905	0,04	
48,91	0,05	
48,915	0,05	
48,92	0,06	
48,925	0,06	
48,93	0,06	
48,935	0,07	
48,94	0,07	
48,945	0,08	
48,95	0,08	
48,955	0,09	
48,96	0,09	
48,965	0,1	
48,97	0,1	
48,975	0,11	
48,98	0,11	
48,985	0,12	
48,99	0,12	
48,995	0,12	
49,0	0,13	
49,005	0,14	
49,01	0,14	
49,015	0,15	
49,02	0,16	
49,025	0,16	
49,03	0,16	
49,035	0,17	
49,04	0,17	
49,045	0,17	
49,05	0,18	
49,055	0,18	
49,06	0,18	
49,065	0,19	
49,07	0,19	
49,075	0,2	
49,08	0,2	
49,085	0,21	
49,09	0,21	
49,095	0,21	
49,1	0,22	
49,105	0,22	
49,11	0,22	
49,115	0,22	
49,12	0,23	
49,125	0,23	
49,13	0,23	
49,135	0,23	
49,14	0,24	
49,145	0,24	
49,15	0,24	
49,155	0,24	
49,16	0,24	
49,165	0,24	
49,17	0,24	
49,175	0,24	
49,18	0,25	
49,185	0,25	
49,19	0,25	
49,195	0,25	
49,2	0,25	
49,205	0,25	
49,21	0,25	
49,215	0,25	
49,22	0,25	
49,225	0,25	
49,23	0,25	
49,235	0,25	
49,24	0,25	
49,245	0,25	
49,25	0,25	
49,255	0,25	
49,26	0,25	
49,265	0,24	
49,27	0,24	
49,275	0,24	
49,28	0,24	
49,285	0,23	
49,29	0,23	
49,295	0,23	
49,3	0,22	
49,305	0,22	
49,31	0,22	
49,315	0,22	
49,32	0,21	
49,325	0,21	
49,33	0,21	
49,335	0,2	
49,34	0,2	
49,345	0,19	
49,35	0,19	
49,355	0,18	
49,36	0,18	
49,365	0,18	
49,37	0,17	
49,375	0,17	
49,38	0,16	
49,385	0,15	
49,39	0,14	
49,395	0,14	
49,4	0,13	
49,405	0,12	
49,41	0,12	
49,415	0,11	
49,42	0,11	
49,425	0,1	
49,43	0,09	
49,435	0,08	
49,44	0,07	
49,445	0,07	
49,45	0,06	
49,455	0,06	
49,46	0,05	
49,465	0,04	
49,47	0,04	
49,475	0,03	
49,48	0,02	
49,485	0,01	
49,49	0	
49,495	-0,01	
49,5	-0,01	
49,505	-0,02	
49,51	-0,03	
49,515	-0,03	
49,52	-0,04	
49,525	-0,05	
49,53	-0,06	
49,535	-0,07	
49,54	-0,08	
49,545	-0,09	
49,55	-0,09	
49,555	-0,1	
49,56	-0,11	
49,565	-0,12	
49,57	-0,13	
49,575	-0,13	
49,58	-0,14	
49,585	-0,15	
49,59	-0,16	
49,595	-0,17	
49,6	-0,17	
49,605	-0,18	
49,61	-0,19	
49,615	-0,2	
49,62	-0,2	
49,625	-0,21	
49,63	-0,22	
49,635	-0,22	
49,64	-0,23	
49,645	-0,24	
49,65	-0,25	
49,655	-0,25	
49,66	-0,26	
49,665	-0,27	
49,67	-0,27	
49,675	-0,27	
49,68	-0,28	
49,685	-0,29	
49,69	-0,29	
49,695	-0,3	
49,7	-0,31	
49,705	-0,31	
49,71	-0,32	
49,715	-0,32	
49,72	-0,33	
49,725	-0,33	
49,73	-0,33	
49,735	-0,34	
49,74	-0,34	
49,745	-0,34	
49,75	-0,35	
49,755	-0,35	
49,76	-0,36	
49,765	-0,36	
49,77	-0,36	
49,775	-0,36	
49,78	-0,36	
49,785	-0,36	
49,79	-0,37	
49,795	-0,37	
49,8	-0,37	
49,805	-0,37	
49,81	-0,37	
49,815	-0,37	
49,82	-0,37	
49,825	-0,37	
49,83	-0,37	
49,835	-0,37	
49,84	-0,37	
49,845	-0,37	
49,85	-0,37	
49,855	-0,37	
49,86	-0,37	
49,865	-0,37	
49,87	-0,36	
49,875	-0,36	
49,88	-0,35	
49,885	-0,35	
49,89	-0,35	
49,895	-0,34	
49,9	-0,34	
49,905	-0,34	
49,91	-0,33	
49,915	-0,33	
49,92	-0,33	
49,925	-0,32	
49,93	-0,32	
49,935	-0,31	
49,94	-0,3	
49,945	-0,29	
49,95	-0,29	
49,955	-0,28	
49,96	-0,28	
49,965	-0,27	
49,97	-0,27	
49,975	-0,26	
49,98	-0,25	
49,985	-0,24	
49,99	-0,24	
49,995	-0,23	
50,0	-0,22	
50,005	-0,21	
50,01	-0,21	
50,015	-0,2	
50,02	-0,19	
50,025	-0,17	
50,03	-0,17	
50,035	-0,16	
50,04	-0,14	
50,045	-0,14	
50,05	-0,13	
50,055	-0,12	
50,06	-0,11	
50,065	-0,1	
50,07	-0,08	
50,075	-0,07	
50,08	-0,06	
50,085	-0,06	
50,09	-0,05	
50,095	-0,04	
50,1	-0,03	
50,105	-0,02	
50,11	-0,01	
50,115	0,01	
50,12	0,02	
50,125	0,03	
50,13	0,04	
50,135	0,05	
50,14	0,06	
50,145	0,07	
50,15	0,08	
50,155	0,09	
50,16	0,1	
50,165	0,12	
50,17	0,13	
50,175	0,13	
50,18	0,14	
50,185	0,15	
50,19	0,16	
50,195	0,18	
50,2	0,19	
50,205	0,2	
50,21	0,21	
50,215	0,22	
50,22	0,23	
50,225	0,24	
50,23	0,24	
50,235	0,26	
50,24	0,27	
50,245	0,28	
50,25	0,29	
50,255	0,3	
50,26	0,31	
50,265	0,32	
50,27	0,32	
50,275	0,33	
50,28	0,34	
50,285	0,34	
50,29	0,35	
50,295	0,36	
50,3	0,37	
50,305	0,38	
50,31	0,38	
50,315	0,39	
50,32	0,39	
50,325	0,4	
50,33	0,41	
50,335	0,42	
50,34	0,42	
50,345	0,43	
50,35	0,43	
50,355	0,43	
50,36	0,43	
50,365	0,44	
50,37	0,44	
50,375	0,45	
50,38	0,45	
50,385	0,46	
50,39	0,46	
50,395	0,46	
50,4	0,46	
50,405	0,46	
50,41	0,47	
50,415	0,47	
50,42	0,47	
50,425	0,47	
50,43	0,47	
50,435	0,47	
50,44	0,47	
50,445	0,47	
50,45	0,47	
50,455	0,46	
50,46	0,47	
50,465	0,46	
50,47	0,46	
50,475	0,46	
50,48	0,46	
50,485	0,45	
50,49	0,45	
50,495	0,45	
50,5	0,44	
50,505	0,43	
50,51	0,43	
50,515	0,43	
50,52	0,42	
50,525	0,42	
50,53	0,41	
50,535	0,4	
50,54	0,39	
50,545	0,39	
50,55	0,38	
50,555	0,38	
50,56	0,37	
50,565	0,37	
50,57	0,36	
50,575	0,35	
50,58	0,34	
50,585	0,33	
50,59	0,32	
50,595	0,31	
50,6	0,31	
50,605	0,3	
50,61	0,29	
50,615	0,28	
50,62	0,27	
50,625	0,26	
50,63	0,24	
50,635	0,23	
50,64	0,22	
50,645	0,21	
50,65	0,2	
50,655	0,19	
50,66	0,18	
50,665	0,16	
50,67	0,15	
50,675	0,14	
50,68	0,13	
50,685	0,11	
50,69	0,1	
50,695	0,09	
50,7	0,08	
50,705	0,07	
50,71	0,05	
50,715	0,04	
50,72	0,03	
50,725	0,01	
50,73	0	
50,735	-0,01	
50,74	-0,02	
50,745	-0,04	
50,75	-0,05	
50,755	-0,07	
50,76	-0,08	
50,765	-0,09	
50,77	-0,1	
50,775	-0,11	
50,78	-0,13	
50,785	-0,14	
50,79	-0,15	
50,795	-0,16	
50,8	-0,17	
50,805	-0,19	
50,81	-0,2	
50,815	-0,22	
50,82	-0,23	
50,825	-0,24	
50,83	-0,25	
50,835	-0,26	
50,84	-0,27	
50,845	-0,28	
50,85	-0,3	
50,855	-0,31	
50,86	-0,32	
50,865	-0,33	
50,87	-0,34	
50,875	-0,35	
50,88	-0,36	
50,885	-0,37	
50,89	-0,38	
50,895	-0,38	
50,9	-0,39	
50,905	-0,4	
50,91	-0,41	
50,915	-0,42	
50,92	-0,43	
50,925	-0,44	
50,93	-0,45	
50,935	-0,46	
50,94	-0,46	
50,945	-0,47	
50,95	-0,48	
50,955	-0,49	
50,96	-0,49	
50,965	-0,5	
50,97	-0,5	
50,975	-0,51	
50,98	-0,51	
50,985	-0,52	
50,99	-0,52	
50,995	-0,53	
51,0	-0,53	
51,005	-0,53	
51,01	-0,53	
51,015	-0,53	
51,02	-0,53	
51,025	-0,53	
51,03	-0,53	
51,035	-0,54	
51,04	-0,54	
51,045	-0,54	
51,05	-0,54	
51,055	-0,54	
51,06	-0,54	
51,065	-0,54	
51,07	-0,53	
51,075	-0,53	
51,08	-0,53	
51,085	-0,53	
51,09	-0,52	
51,095	-0,52	
51,1	-0,52	
51,105	-0,51	
51,11	-0,51	
51,115	-0,5	
51,12	-0,49	
51,125	-0,49	
51,13	-0,49	
51,135	-0,48	
51,14	-0,48	
51,145	-0,47	
51,15	-0,46	
51,155	-0,45	
51,16	-0,44	
51,165	-0,44	
51,17	-0,43	
51,175	-0,42	
51,18	-0,42	
51,185	-0,41	
51,19	-0,4	
51,195	-0,39	
51,2	-0,38	
51,205	-0,37	
51,21	-0,35	
51,215	-0,34	
51,22	-0,33	
51,225	-0,33	
51,23	-0,31	
51,235	-0,3	
51,24	-0,29	
51,245	-0,28	
51,25	-0,27	
51,255	-0,25	
51,26	-0,24	
51,265	-0,23	
51,27	-0,21	
51,275	-0,2	
51,28	-0,19	
51,285	-0,17	
51,29	-0,16	
51,295	-0,15	
51,3	-0,13	
51,305	-0,12	
51,31	-0,11	
51,315	-0,1	
51,32	-0,08	
51,325	-0,07	
51,33	-0,05	
51,335	-0,04	
51,34	-0,02	
51,345	0	
51,35	0,01	
51,355	0,02	
51,36	0,04	
51,365	0,05	
51,37	0,06	
51,375	0,08	
51,38	0,09	
51,385	0,1	
51,39	0,12	
51,395	0,14	
51,4	0,15	
51,405	0,16	
51,41	0,17	
51,415	0,19	
51,42	0,2	
51,425	0,21	
51,43	0,23	
51,435	0,25	
51,44	0,26	
51,445	0,28	
51,45	0,29	
51,455	0,3	
51,46	0,31	
51,465	0,32	
51,47	0,33	
51,475	0,34	
51,48	0,36	
51,485	0,37	
51,49	0,38	
51,495	0,39	
51,5	0,4	
51,505	0,41	
51,51	0,41	
51,515	0,43	
51,52	0,44	
51,525	0,45	
51,53	0,46	
51,535	0,46	
51,54	0,47	
51,545	0,48	
51,55	0,48	
51,555	0,49	
51,56	0,5	
51,565	0,51	
51,57	0,51	
51,575	0,52	
51,58	0,53	
51,585	0,53	
51,59	0,54	
51,595	0,54	
51,6	0,55	
51,605	0,55	
51,61	0,56	
51,615	0,56	
51,62	0,56	
51,625	0,57	
51,63	0,57	
51,635	0,57	
51,64	0,57	
51,645	0,57	
51,65	0,58	
51,655	0,57	
51,66	0,58	
51,665	0,57	
51,67	0,57	
51,675	0,57	
51,68	0,57	
51,685	0,57	
51,69	0,56	
51,695	0,56	
51,7	0,56	
51,705	0,56	
51,71	0,55	
51,715	0,55	
51,72	0,54	
51,725	0,54	
51,73	0,53	
51,735	0,52	
51,74	0,52	
51,745	0,52	
51,75	0,51	
51,755	0,5	
51,76	0,49	
51,765	0,49	
51,77	0,48	
51,775	0,47	
51,78	0,47	
51,785	0,46	
51,79	0,45	
51,795	0,44	
51,8	0,43	
51,805	0,42	
51,81	0,41	
51,815	0,4	
51,82	0,39	
51,825	0,38	
51,83	0,37	
51,835	0,36	
51,84	0,35	
51,845	0,33	
51,85	0,31	
51,855	0,3	
51,86	0,29	
51,865	0,28	
51,87	0,26	
51,875	0,25	
51,88	0,24	
51,885	0,23	
51,89	0,21	
51,895	0,2	
51,9	0,19	
51,905	0,17	
51,91	0,16	
51,915	0,14	
51,92	0,13	
51,925	0,12	
51,93	0,11	
51,935	0,09	
51,94	0,07	
51,945	0,06	
51,95	0,04	
51,955	0,03	
51,96	0,01	
51,965	0	
51,97	-0,02	
51,975	-0,03	
51,98	-0,04	
51,985	-0,06	
51,99	-0,07	
51,995	-0,09	
52,0	-0,11	
52,005	-0,12	
52,01	-0,14	
52,015	-0,15	
52,02	-0,16	
52,025	-0,18	
52,03	-0,19	
52,035	-0,21	
52,04	-0,22	
52,045	-0,24	
52,05	-0,25	
52,055	-0,26	
52,06	-0,27	
52,065	-0,29	
52,07	-0,3	
52,075	-0,31	
52,08	-0,32	
52,085	-0,33	
52,09	-0,35	
52,095	-0,36	
52,1	-0,37	
52,105	-0,38	
52,11	-0,39	
52,115	-0,4	
52,12	-0,41	
52,125	-0,43	
52,13	-0,43	
52,135	-0,44	
52,14	-0,45	
52,145	-0,46	
52,15	-0,47	
52,155	-0,47	
52,16	-0,48	
52,165	-0,49	
52,17	-0,5	
52,175	-0,5	
52,18	-0,51	
52,185	-0,52	
52,19	-0,53	
52,195	-0,53	
52,2	-0,53	
52,205	-0,54	
52,21	-0,54	
52,215	-0,55	
52,22	-0,55	
52,225	-0,56	
52,23	-0,56	
52,235	-0,57	
52,24	-0,57	
52,245	-0,57	
52,25	-0,57	
52,255	-0,57	
52,26	-0,57	
52,265	-0,57	
52,27	-0,58	
52,275	-0,58	
52,28	-0,58	
52,285	-0,57	
52,29	-0,57	
52,295	-0,57	
52,3	-0,56	
52,305	-0,56	
52,31	-0,56	
52,315	-0,56	
52,32	-0,56	
52,325	-0,55	
52,33	-0,55	
52,335	-0,55	
52,34	-0,54	
52,345	-0,53	
52,35	-0,52	
52,355	-0,51	
52,36	-0,5	
52,365	-0,5	
52,37	-0,5	
52,375	-0,49	
52,38	-0,49	
52,385	-0,48	
52,39	-0,47	
52,395	-0,46	
52,4	-0,45	
52,405	-0,44	
52,41	-0,43	
52,415	-0,42	
52,42	-0,41	
52,425	-0,41	
52,43	-0,4	
52,435	-0,39	
52,44	-0,37	
52,445	-0,36	
52,45	-0,35	
52,455	-0,34	
52,46	-0,33	
52,465	-0,31	
52,47	-0,3	
52,475	-0,29	
52,48	-0,27	
52,485	-0,26	
52,49	-0,25	
52,495	-0,24	
52,5	-0,23	
52,505	-0,22	
52,51	-0,2	
52,515	-0,19	
52,52	-0,17	
52,525	-0,16	
52,53	-0,14	
52,535	-0,13	
52,54	-0,11	
52,545	-0,1	
52,55	-0,09	
52,555	-0,07	
52,56	-0,06	
52,565	-0,05	
52,57	-0,03	
52,575	-0,01	
52,58	0,01	
52,585	0,02	
52,59	0,03	
52,595	0,04	
52,6	0,05	
52,605	0,07	
52,61	0,08	
52,615	0,1	
52,62	0,11	
52,625	0,13	
52,63	0,14	
52,635	0,16	
52,64	0,17	
52,645	0,18	
52,65	0,19	
52,655	0,21	
52,66	0,22	
52,665	0,24	
52,67	0,25	
52,675	0,26	
52,68	0,27	
52,685	0,28	
52,69	0,29	
52,695	0,3	
52,7	0,32	
52,705	0,33	
52,71	0,34	
52,715	0,35	
52,72	0,36	
52,725	0,37	
52,73	0,38	
52,735	0,39	
52,74	0,39	
52,745	0,4	
52,75	0,41	
52,755	0,43	
52,76	0,44	
52,765	0,45	
52,77	0,45	
52,775	0,46	
52,78	0,46	
52,785	0,47	
52,79	0,47	
52,795	0,48	
52,8	0,49	
52,805	0,5	
52,81	0,5	
52,815	0,5	
52,82	0,51	
52,825	0,51	
52,83	0,52	
52,835	0,52	
52,84	0,52	
52,845	0,53	
52,85	0,53	
52,855	0,53	
52,86	0,53	
52,865	0,54	
52,87	0,54	
52,875	0,53	
52,88	0,54	
52,885	0,54	
52,89	0,54	
52,895	0,54	
52,9	0,54	
52,905	0,54	
52,91	0,53	
52,915	0,53	
52,92	0,52	
52,925	0,52	
52,93	0,52	
52,935	0,52	
52,94	0,52	
52,945	0,51	
52,95	0,51	
52,955	0,5	
52,96	0,5	
52,965	0,49	
52,97	0,49	
52,975	0,48	
52,98	0,47	
52,985	0,46	
52,99	0,46	
52,995	0,45	
53,0	0,45	
53,005	0,44	
53,01	0,43	
53,015	0,42	
53,02	0,41	
53,025	0,4	
53,03	0,39	
53,035	0,38	
53,04	0,37	
53,045	0,37	
53,05	0,36	
53,055	0,35	
53,06	0,34	
53,065	0,32	
53,07	0,31	
53,075	0,3	
53,08	0,28	
53,085	0,27	
53,09	0,26	
53,095	0,26	
53,1	0,24	
53,105	0,23	
53,11	0,22	
53,115	0,21	
53,12	0,19	
53,125	0,18	
53,13	0,17	
53,135	0,16	
53,14	0,15	
53,145	0,14	
53,15	0,12	
53,155	0,11	
53,16	0,1	
53,165	0,08	
53,17	0,07	
53,175	0,05	
53,18	0,04	
53,185	0,02	
53,19	0,01	
53,195	0	
53,2	-0,01	
53,205	-0,03	
53,21	-0,04	
53,215	-0,05	
53,22	-0,06	
53,225	-0,07	
53,23	-0,08	
53,235	-0,1	
53,24	-0,11	
53,245	-0,12	
53,25	-0,14	
53,255	-0,15	
53,26	-0,16	
53,265	-0,17	
53,27	-0,18	
53,275	-0,19	
53,28	-0,2	
53,285	-0,22	
53,29	-0,23	
53,295	-0,24	
53,3	-0,25	
53,305	-0,26	
53,31	-0,27	
53,315	-0,28	
53,32	-0,29	
53,325	-0,3	
53,33	-0,31	
53,335	-0,32	
53,34	-0,32	
53,345	-0,33	
53,35	-0,34	
53,355	-0,35	
53,36	-0,36	
53,365	-0,36	
53,37	-0,37	
53,375	-0,38	
53,38	-0,39	
53,385	-0,39	
53,39	-0,4	
53,395	-0,41	
53,4	-0,42	
53,405	-0,42	
53,41	-0,42	
53,415	-0,43	
53,42	-0,43	
53,425	-0,44	
53,43	-0,44	
53,435	-0,45	
53,44	-0,45	
53,445	-0,45	
53,45	-0,45	
53,455	-0,46	
53,46	-0,46	
53,465	-0,47	
53,47	-0,47	
53,475	-0,47	
53,48	-0,47	
53,485	-0,47	
53,49	-0,47	
53,495	-0,47	
53,5	-0,47	
53,505	-0,47	
53,51	-0,47	
53,515	-0,47	
53,52	-0,47	
53,525	-0,46	
53,53	-0,46	
53,535	-0,46	
53,54	-0,45	
53,545	-0,45	
53,55	-0,45	
53,555	-0,45	
53,56	-0,45	
53,565	-0,44	
53,57	-0,44	
53,575	-0,43	
53,58	-0,42	
53,585	-0,42	
53,59	-0,41	
53,595	-0,41	
53,6	-0,4	
53,605	-0,4	
53,61	-0,4	
53,615	-0,39	
53,62	-0,38	
53,625	-0,37	
53,63	-0,36	
53,635	-0,35	
53,64	-0,35	
53,645	-0,34	
53,65	-0,34	
53,655	-0,33	
53,66	-0,32	
53,665	-0,31	
53,67	-0,3	
53,675	-0,29	
53,68	-0,28	
53,685	-0,27	
53,69	-0,26	
53,695	-0,25	
53,7	-0,25	
53,705	-0,24	
53,71	-0,22	
53,715	-0,21	
53,72	-0,2	
53,725	-0,19	
53,73	-0,18	
53,735	-0,17	
53,74	-0,16	
53,745	-0,15	
53,75	-0,15	
53,755	-0,14	
53,76	-0,12	
53,765	-0,11	
53,77	-0,1	
53,775	-0,09	
53,78	-0,08	
53,785	-0,07	
53,79	-0,06	
53,795	-0,05	
53,8	-0,03	
53,805	-0,02	
53,81	-0,01	
53,815	0	
53,82	0,01	
53,825	0,02	
53,83	0,03	
53,835	0,04	
53,84	0,05	
53,845	0,06	
53,85	0,08	
53,855	0,09	
53,86	0,1	
53,865	0,11	
53,87	0,12	
53,875	0,12	
53,88	0,14	
53,885	0,14	
53,89	0,15	
53,895	0,17	
53,9	0,18	
53,905	0,18	
53,91	0,19	
53,915	0,2	
53,92	0,21	
53,925	0,21	
53,93	0,22	
53,935	0,23	
53,94	0,24	
53,945	0,25	
53,95	0,26	
53,955	0,26	
53,96	0,27	
53,965	0,27	
53,97	0,28	
53,975	0,29	
53,98	0,3	
53,985	0,31	
53,99	0,31	
53,995	0,32	
54,0	0,32	
54,005	0,32	
54,01	0,33	
54,015	0,33	
54,02	0,33	
54,025	0,34	
54,03	0,35	
54,035	0,35	
54,04	0,35	
54,045	0,36	
54,05	0,36	
54,055	0,36	
54,06	0,36	
54,065	0,36	
54,07	0,37	
54,075	0,37	
54,08	0,37	
54,085	0,37	
54,09	0,37	
54,095	0,37	
54,1	0,37	
54,105	0,37	
54,11	0,37	
54,115	0,38	
54,12	0,38	
54,125	0,37	
54,13	0,38	
54,135	0,37	
54,14	0,37	
54,145	0,36	
54,15	0,36	
54,155	0,36	
54,16	0,35	
54,165	0,36	
54,17	0,35	
54,175	0,35	
54,18	0,35	
54,185	0,34	
54,19	0,34	
54,195	0,33	
54,2	0,33	
54,205	0,33	
54,21	0,33	
54,215	0,32	
54,22	0,32	
54,225	0,31	
54,23	0,3	
54,235	0,3	
54,24	0,29	
54,245	0,28	
54,25	0,28	
54,255	0,27	
54,26	0,27	
54,265	0,26	
54,27	0,25	
54,275	0,25	
54,28	0,24	
54,285	0,23	
54,29	0,23	
54,295	0,22	
54,3	0,21	
54,305	0,2	
54,31	0,2	
54,315	0,19	
54,32	0,18	
54,325	0,18	
54,33	0,17	
54,335	0,16	
54,34	0,16	
54,345	0,15	
54,35	0,14	
54,355	0,13	
54,36	0,12	
54,365	0,11	
54,37	0,1	
54,375	0,1	
54,38	0,09	
54,385	0,08	
54,39	0,07	
54,395	0,06	
54,4	0,06	
54,405	0,04	
54,41	0,04	
54,415	0,03	
54,42	0,02	
54,425	0,02	
54,43	0,01	
54,435	0	
54,44	-0,01	
54,445	-0,02	
54,45	-0,03	
54,455	-0,03	
54,46	-0,04	
54,465	-0,05	
54,47	-0,05	
54,475	-0,06	
54,48	-0,07	
54,485	-0,08	
54,49	-0,08	
54,495	-0,09	
54,5	-0,1	
54,505	-0,11	
54,51	-0,11	
54,515	-0,12	
54,52	-0,13	
54,525	-0,13	
54,53	-0,14	
54,535	-0,14	
54,54	-0,15	
54,545	-0,15	
54,55	-0,16	
54,555	-0,16	
54,56	-0,17	
54,565	-0,17	
54,57	-0,18	
54,575	-0,19	
54,58	-0,19	
54,585	-0,2	
54,59	-0,2	
54,595	-0,21	
54,6	-0,21	
54,605	-0,21	
54,61	-0,21	
54,615	-0,22	
54,62	-0,22	
54,625	-0,23	
54,63	-0,23	
54,635	-0,23	
54,64	-0,23	
54,645	-0,24	
54,65	-0,24	
54,655	-0,24	
54,66	-0,25	
54,665	-0,25	
54,67	-0,25	
54,675	-0,25	
54,68	-0,25	
54,685	-0,26	
54,69	-0,26	
54,695	-0,26	
54,7	-0,26	
54,705	-0,26	
54,71	-0,26	
54,715	-0,26	
54,72	-0,26	
54,725	-0,26	
54,73	-0,26	
54,735	-0,26	
54,74	-0,25	
54,745	-0,25	
54,75	-0,25	
54,755	-0,25	
54,76	-0,25	
54,765	-0,25	
54,77	-0,25	
54,775	-0,25	
54,78	-0,24	
54,785	-0,24	
54,79	-0,24	
54,795	-0,24	
54,8	-0,23	
54,805	-0,23	
54,81	-0,23	
54,815	-0,22	
54,82	-0,22	
54,825	-0,22	
54,83	-0,22	
54,835	-0,21	
54,84	-0,21	
54,845	-0,21	
54,85	-0,2	
54,855	-0,2	
54,86	-0,19	
54,865	-0,19	
54,87	-0,19	
54,875	-0,18	
54,88	-0,18	
54,885	-0,17	
54,89	-0,17	
54,895	-0,16	
54,9	-0,16	
54,905	-0,15	
54,91	-0,15	
54,915	-0,14	
54,92	-0,14	
54,925	-0,13	
54,93	-0,13	
54,935	-0,13	
54,94	-0,12	
54,945	-0,12	
54,95	-0,11	
54,955	-0,11	
54,96	-0,1	
54,965	-0,09	
54,97	-0,09	
54,975	-0,09	
54,98	-0,08	
54,985	-0,08	
54,99	-0,07	
54,995	-0,06	
55,0	-0,06	
55,005	-0,05	
55,01	-0,05	
55,015	-0,04	
55,02	-0,04	
55,025	-0,04	
55,03	-0,03	
55,035	-0,03	
55,04	-0,02	
55,045	-0,02	
55,05	-0,02	
55,055	-0,01	
55,06	-0,01	
55,065	0	
55,07	0	
55,075	0,01	
55,08	0,01	
55,085	0,02	
55,09	0,02	
55,095	0,03	
55,1	0,03	
55,105	0,03	
55,11	0,04	
55,115	0,04	
55,12	0,05	
55,125	0,05	
55,13	0,05	
55,135	0,06	
55,14	0,06	
55,145	0,06	
55,15	0,07	
55,155	0,07	
55,16	0,07	
55,165	0,07	
55,17	0,08	
55,175	0,08	
55,18	0,09	
55,185	0,09	
55,19	0,09	
55,195	0,09	
55,2	0,1	
55,205	0,1	
55,21	0,1	
55,215	0,1	
55,22	0,1	
55,225	0,1	
55,23	0,11	
55,235	0,11	
55,24	0,11	
55,245	0,11	
55,25	0,12	
55,255	0,12	
55,26	0,12	
55,265	0,12	
55,27	0,12	
55,275	0,12	
55,28	0,12	
55,285	0,12	
55,29	0,12	
55,295	0,12	
55,3	0,12	
55,305	0,13	
55,31	0,13	
55,315	0,13	
55,32	0,13	
55,325	0,13	
55,33	0,13	
55,335	0,12	
55,34	0,12	
55,345	0,12	
55,35	0,12	
55,355	0,12	
55,36	0,12	
55,365	0,12	
55,37	0,12	
55,375	0,12	
55,38	0,12	
55,385	0,12	
55,39	0,12	
55,395	0,12	
55,4	0,11	
55,405	0,11	
55,41	0,11	
55,415	0,11	
55,42	0,11	
55,425	0,11	
55,43	0,11	
55,435	0,11	
55,44	0,11	
55,445	0,1	
55,45	0,1	
55,455	0,1	
55,46	0,09	
55,465	0,09	
55,47	0,09	
55,475	0,09	
55,48	0,09	
55,485	0,08	
55,49	0,08	
55,495	0,08	
55,5	0,08	
55,505	0,08	
55,51	0,08	
55,515	0,08	
55,52	0,08	
55,525	0,08	
55,53	0,07	
55,535	0,07	
55,54	0,07	
55,545	0,06	
55,55	0,06	
55,555	0,06	
55,56	0,06	
55,565	0,06	
55,57	0,06	
55,575	0,06	
55,58	0,05	
55,585	0,05	
55,59	0,05	
55,595	0,05	
55,6	0,04	
55,605	0,04	
55,61	0,04	
55,615	0,04	
55,62	0,04	
55,625	0,04	
55,63	0,04	
55,635	0,04	
55,64	0,04	
55,645	0,03	
55,65	0,03	
55,655	0,03	
55,66	0,03	
55,665	0,03	
55,67	0,03	
55,675	0,03	
55,68	0,03	
55,685	0,03	
55,69	0,02	
55,695	0,02	
55,7	0,02	
55,705	0,01	
55,71	0,01	
55,715	0,02	
55,72	0,02	
55,725	0,02	
55,73	0,02	
55,735	0,02	
55,74	0,01	
55,745	0,01	
55,75	0,02	
55,755	0,02	
55,76	0,01	
55,765	0,01	
55,77	0,01	
55,775	0,01	
55,78	0,01	
55,785	0,01	
55,79	0,01	
55,795	0,01	
55,8	0,01	
55,805	0,01	
55,81	0,01	
55,815	0,01	
55,82	0,01	
55,825	0,01	
55,83	0,01	
55,835	0,02	
55,84	0,01	
55,845	0,02	
55,85	0,02	
55,855	0,01	
55,86	0,02	
55,865	0,02	
55,87	0,01	
55,875	0,01	
55,88	0,01	
55,885	0,01	
55,89	0,01	
55,895	0,02	
55,9	0,02	
55,905	0,01	
55,91	0,01	
55,915	0,01	
55,92	0,01	
55,925	0,01	
55,93	0,01	
55,935	0,01	
55,94	0,02	
55,945	0,01	
55,95	0,01	
55,955	0,01	
55,96	0,01	
55,965	0,01	
55,97	0,01	
55,975	0,01	
55,98	0,01	
55,985	0,02	
55,99	0,02	
55,995	0,02	
56,0	0,02	
56,005	0,02	
56,01	0,02	
56,015	0,02	
56,02	0,02	
56,025	0,02	
56,03	0,02	
56,035	0,02	
56,04	0,02	
56,045	0,02	
56,05	0,01	
56,055	0,02	
56,06	0,01	
56,065	0,01	
56,07	0,02	
56,075	0,02	
56,08	0,02	
56,085	0,02	
56,09	0,01	
56,095	0,01	
56,1	0,01	
56,105	0,01	
56,11	0,01	
56,115	0,01	
56,12	0,01	
56,125	0,01	
56,13	0,01	
56,135	0,01	
56,14	0,01	
56,145	0	
56,15	0	
56,155	0	
56,16	0	
56,165	0	
56,17	0	
56,175	0	
56,18	-0,01	
56,185	-0,01	
56,19	-0,01	
56,195	-0,02	
56,2	-0,01	
56,205	-0,02	
56,21	-0,02	
56,215	-0,02	
56,22	-0,02	
56,225	-0,03	
56,23	-0,03	
56,235	-0,03	
56,24	-0,03	
56,245	-0,03	
56,25	-0,03	
56,255	-0,03	
56,26	-0,04	
56,265	-0,04	
56,27	-0,04	
56,275	-0,04	
56,28	-0,04	
56,285	-0,05	
56,29	-0,05	
56,295	-0,05	
56,3	-0,05	
56,305	-0,06	
56,31	-0,06	
56,315	-0,06	
56,32	-0,07	
56,325	-0,07	
56,33	-0,07	
56,335	-0,07	
56,34	-0,07	
56,345	-0,07	
56,35	-0,08	
56,355	-0,08	
56,36	-0,09	
56,365	-0,09	
56,37	-0,1	
56,375	-0,1	
56,38	-0,1	
56,385	-0,1	
56,39	-0,1	
56,395	-0,1	
56,4	-0,11	
56,405	-0,11	
56,41	-0,11	
56,415	-0,12	
56,42	-0,12	
56,425	-0,12	
56,43	-0,12	
56,435	-0,12	
56,44	-0,12	
56,445	-0,12	
56,45	-0,13	
56,455	-0,13	
56,46	-0,14	
56,465	-0,14	
56,47	-0,14	
56,475	-0,14	
56,48	-0,14	
56,485	-0,14	
56,49	-0,14	
56,495	-0,14	
56,5	-0,15	
56,505	-0,15	
56,51	-0,15	
56,515	-0,15	
56,52	-0,15	
56,525	-0,15	
56,53	-0,15	
56,535	-0,15	
56,54	-0,16	
56,545	-0,16	
56,55	-0,16	
56,555	-0,16	
56,56	-0,15	
56,565	-0,15	
56,57	-0,15	
56,575	-0,15	
56,58	-0,15	
56,585	-0,15	
56,59	-0,15	
56,595	-0,15	
56,6	-0,16	
56,605	-0,15	
56,61	-0,15	
56,615	-0,15	
56,62	-0,15	
56,625	-0,15	
56,63	-0,15	
56,635	-0,14	
56,64	-0,14	
56,645	-0,14	
56,65	-0,14	
56,655	-0,14	
56,66	-0,14	
56,665	-0,14	
56,67	-0,13	
56,675	-0,13	
56,68	-0,13	
56,685	-0,13	
56,69	-0,13	
56,695	-0,12	
56,7	-0,12	
56,705	-0,12	
56,71	-0,12	
56,715	-0,11	
56,72	-0,11	
56,725	-0,11	
56,73	-0,1	
56,735	-0,1	
56,74	-0,09	
56,745	-0,09	
56,75	-0,08	
56,755	-0,08	
56,76	-0,07	
56,765	-0,07	
56,77	-0,07	
56,775	-0,06	
56,78	-0,06	
56,785	-0,06	
56,79	-0,05	
56,795	-0,05	
56,8	-0,04	
56,805	-0,04	
56,81	-0,03	
56,815	-0,03	
56,82	-0,02	
56,825	-0,02	
56,83	-0,01	
56,835	0	
56,84	0	
56,845	0,01	
56,85	0,02	
56,855	0,03	
56,86	0,03	
56,865	0,03	
56,87	0,03	
56,875	0,04	
56,88	0,04	
56,885	0,05	
56,89	0,06	
56,895	0,07	
56,9	0,07	
56,905	0,08	
56,91	0,08	
56,915	0,09	
56,92	0,09	
56,925	0,1	
56,93	0,1	
56,935	0,11	
56,94	0,11	
56,945	0,12	
56,95	0,13	
56,955	0,13	
56,96	0,14	
56,965	0,14	
56,97	0,15	
56,975	0,15	
56,98	0,16	
56,985	0,17	
56,99	0,17	
56,995	0,18	
57,0	0,18	
57,005	0,18	
57,01	0,19	
57,015	0,2	
57,02	0,2	
57,025	0,21	
57,03	0,21	
57,035	0,21	
57,04	0,22	
57,045	0,22	
57,05	0,23	
57,055	0,23	
57,06	0,24	
57,065	0,24	
57,07	0,24	
57,075	0,24	
57,08	0,25	
57,085	0,25	
57,09	0,25	
57,095	0,26	
57,1	0,26	
57,105	0,26	
57,11	0,26	
57,115	0,27	
57,12	0,27	
57,125	0,28	
57,13	0,27	
57,135	0,28	
57,14	0,28	
57,145	0,28	
57,15	0,28	
57,155	0,28	
57,16	0,28	
57,165	0,28	
57,17	0,29	
57,175	0,28	
57,18	0,28	
57,185	0,28	
57,19	0,28	
57,195	0,28	
57,2	0,28	
57,205	0,28	
57,21	0,28	
57,215	0,28	
57,22	0,28	
57,225	0,28	
57,23	0,27	
57,235	0,27	
57,24	0,27	
57,245	0,27	
57,25	0,27	
57,255	0,27	
57,26	0,26	
57,265	0,26	
57,27	0,25	
57,275	0,25	
57,28	0,24	
57,285	0,24	
57,29	0,23	
57,295	0,23	
57,3	0,23	
57,305	0,22	
57,31	0,22	
57,315	0,21	
57,32	0,21	
57,325	0,2	
57,33	0,2	
57,335	0,19	
57,34	0,19	
57,345	0,18	
57,35	0,17	
57,355	0,16	
57,36	0,16	
57,365	0,15	
57,37	0,15	
57,375	0,14	
57,38	0,13	
57,385	0,12	
57,39	0,12	
57,395	0,11	
57,4	0,1	
57,405	0,1	
57,41	0,09	
57,415	0,08	
57,42	0,07	
57,425	0,06	
57,43	0,06	
57,435	0,05	
57,44	0,04	
57,445	0,03	
57,45	0,03	
57,455	0,02	
57,46	0,01	
57,465	0	
57,47	-0,01	
57,475	-0,02	
57,48	-0,03	
57,485	-0,03	
57,49	-0,04	
57,495	-0,05	
57,5	-0,06	
57,505	-0,07	
57,51	-0,08	
57,515	-0,09	
57,52	-0,1	
57,525	-0,11	
57,53	-0,11	
57,535	-0,12	
57,54	-0,13	
57,545	-0,14	
57,55	-0,15	
57,555	-0,16	
57,56	-0,17	
57,565	-0,17	
57,57	-0,18	
57,575	-0,19	
57,58	-0,2	
57,585	-0,21	
57,59	-0,22	
57,595	-0,22	
57,6	-0,23	
57,605	-0,24	
57,61	-0,25	
57,615	-0,25	
57,62	-0,26	
57,625	-0,27	
57,63	-0,27	
57,635	-0,28	
57,64	-0,29	
57,645	-0,29	
57,65	-0,3	
57,655	-0,3	
57,66	-0,31	
57,665	-0,31	
57,67	-0,32	
57,675	-0,33	
57,68	-0,34	
57,685	-0,34	
57,69	-0,35	
57,695	-0,35	
57,7	-0,36	
57,705	-0,35	
57,71	-0,36	
57,715	-0,36	
57,72	-0,36	
57,725	-0,37	
57,73	-0,37	
57,735	-0,38	
57,74	-0,38	
57,745	-0,38	
57,75	-0,38	
57,755	-0,39	
57,76	-0,39	
57,765	-0,39	
57,77	-0,39	
57,775	-0,39	
57,78	-0,39	
57,785	-0,39	
57,79	-0,39	
57,795	-0,39	
57,8	-0,39	
57,805	-0,39	
57,81	-0,39	
57,815	-0,39	
57,82	-0,38	
57,825	-0,38	
57,83	-0,38	
57,835	-0,38	
57,84	-0,38	
57,845	-0,38	
57,85	-0,37	
57,855	-0,37	
57,86	-0,36	
57,865	-0,36	
57,87	-0,36	
57,875	-0,36	
57,88	-0,35	
57,885	-0,35	
57,89	-0,34	
57,895	-0,33	
57,9	-0,33	
57,905	-0,32	
57,91	-0,32	
57,915	-0,31	
57,92	-0,31	
57,925	-0,3	
57,93	-0,29	
57,935	-0,29	
57,94	-0,28	
57,945	-0,27	
57,95	-0,26	
57,955	-0,26	
57,96	-0,25	
57,965	-0,24	
57,97	-0,23	
57,975	-0,22	
57,98	-0,21	
57,985	-0,2	
57,99	-0,19	
57,995	-0,18	
58,0	-0,17	
58,005	-0,17	
58,01	-0,16	
58,015	-0,15	
58,02	-0,14	
58,025	-0,12	
58,03	-0,11	
58,035	-0,1	
58,04	-0,09	
58,045	-0,08	
58,05	-0,07	
58,055	-0,06	
58,06	-0,05	
58,065	-0,04	
58,07	-0,03	
58,075	-0,01	
58,08	0	
58,085	0,01	
58,09	0,02	
58,095	0,03	
58,1	0,04	
58,105	0,04	
58,11	0,05	
58,115	0,07	
58,12	0,08	
58,125	0,09	
58,13	0,11	
58,135	0,12	
58,14	0,13	
58,145	0,14	
58,15	0,15	
58,155	0,16	
58,16	0,17	
58,165	0,18	
58,17	0,19	
58,175	0,2	
58,18	0,21	
58,185	0,22	
58,19	0,23	
58,195	0,24	
58,2	0,25	
58,205	0,26	
58,21	0,27	
58,215	0,29	
58,22	0,3	
58,225	0,3	
58,23	0,31	
58,235	0,32	
58,24	0,32	
58,245	0,33	
58,25	0,34	
58,255	0,35	
58,26	0,36	
58,265	0,37	
58,27	0,37	
58,275	0,38	
58,28	0,39	
58,285	0,39	
58,29	0,4	
58,295	0,41	
58,3	0,42	
58,305	0,42	
58,31	0,43	
58,315	0,43	
58,32	0,43	
58,325	0,44	
58,33	0,45	
58,335	0,45	
58,34	0,46	
58,345	0,46	
58,35	0,47	
58,355	0,47	
58,36	0,47	
58,365	0,47	
58,37	0,47	
58,375	0,47	
58,38	0,48	
58,385	0,48	
58,39	0,48	
58,395	0,48	
58,4	0,48	
58,405	0,48	
58,41	0,47	
58,415	0,47	
58,42	0,47	
58,425	0,47	
58,43	0,47	
58,435	0,48	
58,44	0,48	
58,445	0,47	
58,45	0,47	
58,455	0,46	
58,46	0,46	
58,465	0,45	
58,47	0,44	
58,475	0,44	
58,48	0,44	
58,485	0,43	
58,49	0,42	
58,495	0,42	
58,5	0,41	
58,505	0,4	
58,51	0,4	
58,515	0,4	
58,52	0,39	
58,525	0,39	
58,53	0,38	
58,535	0,37	
58,54	0,36	
58,545	0,35	
58,55	0,34	
58,555	0,33	
58,56	0,32	
58,565	0,32	
58,57	0,31	
58,575	0,3	
58,58	0,29	
58,585	0,27	
58,59	0,26	
58,595	0,25	
58,6	0,24	
58,605	0,23	
58,61	0,22	
58,615	0,21	
58,62	0,2	
58,625	0,19	
58,63	0,18	
58,635	0,16	
58,64	0,15	
58,645	0,14	
58,65	0,13	
58,655	0,12	
58,66	0,11	
58,665	0,1	
58,67	0,07	
58,675	0,06	
58,68	0,04	
58,685	0,03	
58,69	0,02	
58,695	0,02	
58,7	0,01	
58,705	-0,01	
58,71	-0,02	
58,715	-0,03	
58,72	-0,06	
58,725	-0,07	
58,73	-0,08	
58,735	-0,09	
58,74	-0,1	
58,745	-0,11	
58,75	-0,12	
58,755	-0,14	
58,76	-0,15	
58,765	-0,17	
58,77	-0,18	
58,775	-0,19	
58,78	-0,2	
58,785	-0,21	
58,79	-0,22	
58,795	-0,23	
58,8	-0,25	
58,805	-0,26	
58,81	-0,28	
58,815	-0,29	
58,82	-0,3	
58,825	-0,31	
58,83	-0,32	
58,835	-0,33	
58,84	-0,34	
58,845	-0,35	
58,85	-0,36	
58,855	-0,37	
58,86	-0,38	
58,865	-0,39	
58,87	-0,4	
58,875	-0,4	
58,88	-0,41	
58,885	-0,42	
58,89	-0,43	
58,895	-0,44	
58,9	-0,45	
58,905	-0,45	
58,91	-0,46	
58,915	-0,47	
58,92	-0,48	
58,925	-0,48	
58,93	-0,49	
58,935	-0,49	
58,94	-0,49	
58,945	-0,5	
58,95	-0,51	
58,955	-0,51	
58,96	-0,52	
58,965	-0,52	
58,97	-0,52	
58,975	-0,52	
58,98	-0,52	
58,985	-0,52	
58,99	-0,53	
58,995	-0,53	
59,0	-0,53	
59,005	-0,53	
59,01	-0,53	
59,015	-0,53	
59,02	-0,53	
59,025	-0,53	
59,03	-0,53	
59,035	-0,53	
59,04	-0,53	
59,045	-0,53	
59,05	-0,52	
59,055	-0,52	
59,06	-0,52	
59,065	-0,52	
59,07	-0,51	
59,075	-0,51	
59,08	-0,5	
59,085	-0,5	
59,09	-0,49	
59,095	-0,49	
59,1	-0,48	
59,105	-0,47	
59,11	-0,47	
59,115	-0,46	
59,12	-0,46	
59,125	-0,45	
59,13	-0,44	
59,135	-0,43	
59,14	-0,42	
59,145	-0,42	
59,15	-0,41	
59,155	-0,4	
59,16	-0,39	
59,165	-0,38	
59,17	-0,37	
59,175	-0,35	
59,18	-0,34	
59,185	-0,34	
59,19	-0,33	
59,195	-0,32	
59,2	-0,31	
59,205	-0,3	
59,21	-0,29	
59,215	-0,27	
59,22	-0,25	
59,225	-0,24	
59,23	-0,23	
59,235	-0,22	
59,24	-0,21	
59,245	-0,2	
59,25	-0,18	
59,255	-0,17	
59,26	-0,16	
59,265	-0,14	
59,27	-0,13	
59,275	-0,11	
59,28	-0,1	
59,285	-0,09	
59,29	-0,07	
59,295	-0,06	
59,3	-0,04	
59,305	-0,03	
59,31	-0,01	
59,315	0	
59,32	0,01	
59,325	0,03	
59,33	0,04	
59,335	0,05	
59,34	0,06	
59,345	0,08	
59,35	0,09	
59,355	0,11	
59,36	0,12	
59,365	0,14	
59,37	0,15	
59,375	0,16	
59,38	0,17	
59,385	0,19	
59,39	0,2	
59,395	0,21	
59,4	0,23	
59,405	0,24	
59,41	0,25	
59,415	0,27	
59,42	0,28	
59,425	0,29	
59,43	0,3	
59,435	0,31	
59,44	0,33	
59,445	0,34	
59,45	0,35	
59,455	0,36	
59,46	0,37	
59,465	0,38	
59,47	0,39	
59,475	0,4	
59,48	0,41	
59,485	0,42	
59,49	0,43	
59,495	0,44	
59,5	0,45	
59,505	0,45	
59,51	0,46	
59,515	0,47	
59,52	0,47	
59,525	0,48	
59,53	0,49	
59,535	0,5	
59,54	0,51	
59,545	0,51	
59,55	0,51	
59,555	0,52	
59,56	0,52	
59,565	0,53	
59,57	0,53	
59,575	0,54	
59,58	0,54	
59,585	0,54	
59,59	0,55	
59,595	0,55	
59,6	0,55	
59,605	0,55	
59,61	0,56	
59,615	0,55	
59,62	0,56	
59,625	0,56	
59,63	0,56	
59,635	0,56	
59,64	0,56	
59,645	0,56	
59,65	0,55	
59,655	0,55	
59,66	0,55	
59,665	0,55	
59,67	0,54	
59,675	0,54	
59,68	0,54	
59,685	0,53	
59,69	0,53	
59,695	0,52	
59,7	0,52	
59,705	0,51	
59,71	0,51	
59,715	0,5	
59,72	0,49	
59,725	0,49	
59,73	0,48	
59,735	0,47	
59,74	0,46	
59,745	0,45	
59,75	0,45	
59,755	0,44	
59,76	0,44	
59,765	0,42	
59,77	0,41	
59,775	0,4	
59,78	0,39	
59,785	0,38	
59,79	0,37	
59,795	0,36	
59,8	0,35	
59,805	0,34	
59,81	0,32	
59,815	0,31	
59,82	0,3	
59,825	0,29	
59,83	0,27	
59,835	0,26	
59,84	0,25	
59,845	0,24	
59,85	0,23	
59,855	0,22	
59,86	0,2	
59,865	0,19	
59,87	0,18	
59,875	0,16	
59,88	0,15	
59,885	0,13	
59,89	0,12	
59,895	0,11	
59,9	0,09	
59,905	0,08	
59,91	0,06	
59,915	0,05	
59,92	0,03	
59,925	0,02	
59,93	0,01	
59,935	0	
59,94	-0,02	
59,945	-0,03	
59,95	-0,05	
59,955	-0,06	
59,96	-0,07	
59,965	-0,09	
59,97	-0,1	
59,975	-0,12	
59,98	-0,13	
59,985	-0,14	
59,99	-0,16	
59,995	-0,17	
60,0	-0,19	
60,005	-0,2	
60,01	-0,21	
60,015	-0,23	
60,02	-0,24	
60,025	-0,25	
60,03	-0,26	
60,035	-0,28	
60,04	-0,29	
60,045	-0,3	
60,05	-0,31	
60,055	-0,32	
60,06	-0,33	
60,065	-0,34	
60,07	-0,35	
60,075	-0,36	
60,08	-0,37	
60,085	-0,39	
60,09	-0,4	
60,095	-0,4	
60,1	-0,41	
60,105	-0,42	
60,11	-0,43	
60,115	-0,44	
60,12	-0,45	
60,125	-0,46	
60,13	-0,47	
60,135	-0,48	
60,14	-0,48	
60,145	-0,49	
60,15	-0,49	
60,155	-0,49	
60,16	-0,5	
60,165	-0,5	
60,17	-0,51	
60,175	-0,52	
60,18	-0,52	
60,185	-0,52	
60,19	-0,53	
60,195	-0,53	
60,2	-0,53	
60,205	-0,53	
60,21	-0,53	
60,215	-0,54	
60,22	-0,54	
60,225	-0,54	
60,23	-0,54	
60,235	-0,54	
60,24	-0,55	
60,245	-0,54	
60,25	-0,54	
60,255	-0,54	
60,26	-0,54	
60,265	-0,54	
60,27	-0,54	
60,275	-0,53	
60,28	-0,53	
60,285	-0,53	
60,29	-0,53	
60,295	-0,53	
60,3	-0,52	
60,305	-0,52	
60,31	-0,51	
60,315	-0,51	
60,32	-0,5	
60,325	-0,5	
60,33	-0,49	
60,335	-0,48	
60,34	-0,47	
60,345	-0,47	
60,35	-0,46	
60,355	-0,45	
60,36	-0,44	
60,365	-0,43	
60,37	-0,42	
60,375	-0,42	
60,38	-0,4	
60,385	-0,4	
60,39	-0,39	
60,395	-0,38	
60,4	-0,37	
60,405	-0,36	
60,41	-0,34	
60,415	-0,34	
60,42	-0,33	
60,425	-0,32	
60,43	-0,31	
60,435	-0,3	
60,44	-0,28	
60,445	-0,27	
60,45	-0,26	
60,455	-0,24	
60,46	-0,23	
60,465	-0,22	
60,47	-0,21	
60,475	-0,2	
60,48	-0,19	
60,485	-0,17	
60,49	-0,15	
60,495	-0,14	
60,5	-0,13	
60,505	-0,11	
60,51	-0,1	
60,515	-0,09	
60,52	-0,08	
60,525	-0,07	
60,53	-0,06	
60,535	-0,05	
60,54	-0,03	
60,545	-0,01	
60,55	0,01	
60,555	0,02	
60,56	0,03	
60,565	0,04	
60,57	0,05	
60,575	0,06	
60,58	0,08	
60,585	0,1	
60,59	0,11	
60,595	0,13	
60,6	0,14	
60,605	0,15	
60,61	0,16	
60,615	0,17	
60,62	0,18	
60,625	0,19	
60,63	0,21	
60,635	0,23	
60,64	0,24	
60,645	0,25	
60,65	0,26	
60,655	0,27	
60,66	0,27	
60,665	0,28	
60,67	0,3	
60,675	0,31	
60,68	0,32	
60,685	0,33	
60,69	0,34	
60,695	0,35	
60,7	0,36	
60,705	0,37	
60,71	0,37	
60,715	0,38	
60,72	0,39	
60,725	0,4	
60,73	0,41	
60,735	0,42	
60,74	0,43	
60,745	0,43	
60,75	0,43	
60,755	0,44	
60,76	0,45	
60,765	0,46	
60,77	0,47	
60,775	0,47	
60,78	0,48	
60,785	0,48	
60,79	0,48	
60,795	0,48	
60,8	0,49	
60,805	0,49	
60,81	0,49	
60,815	0,5	
60,82	0,5	
60,825	0,5	
60,83	0,5	
60,835	0,5	
60,84	0,5	
60,845	0,5	
60,85	0,5	
60,855	0,5	
60,86	0,5	
60,865	0,5	
60,87	0,5	
60,875	0,5	
60,88	0,5	
60,885	0,49	
60,89	0,49	
60,895	0,49	
60,9	0,48	
60,905	0,48	
60,91	0,48	
60,915	0,48	
60,92	0,47	
60,925	0,47	
60,93	0,46	
60,935	0,45	
60,94	0,45	
60,945	0,44	
60,95	0,43	
60,955	0,43	
60,96	0,43	
60,965	0,42	
60,97	0,42	
60,975	0,41	
60,98	0,4	
60,985	0,39	
60,99	0,38	
60,995	0,37	
61,0	0,36	
61,005	0,35	
61,01	0,35	
61,015	0,33	
61,02	0,33	
61,025	0,32	
61,03	0,31	
61,035	0,3	
61,04	0,29	
61,045	0,28	
61,05	0,27	
61,055	0,26	
61,06	0,25	
61,065	0,24	
61,07	0,23	
61,075	0,22	
61,08	0,21	
61,085	0,19	
61,09	0,18	
61,095	0,17	
61,1	0,16	
61,105	0,14	
61,11	0,13	
61,115	0,12	
61,12	0,11	
61,125	0,1	
61,13	0,09	
61,135	0,08	
61,14	0,07	
61,145	0,05	
61,15	0,04	
61,155	0,03	
61,16	0,01	
61,165	0	
61,17	-0,02	
61,175	-0,03	
61,18	-0,04	
61,185	-0,05	
61,19	-0,06	
61,195	-0,07	
61,2	-0,08	
61,205	-0,09	
61,21	-0,11	
61,215	-0,12	
61,22	-0,13	
61,225	-0,14	
61,23	-0,15	
61,235	-0,16	
61,24	-0,17	
61,245	-0,18	
61,25	-0,19	
61,255	-0,2	
61,26	-0,21	
61,265	-0,22	
61,27	-0,23	
61,275	-0,24	
61,28	-0,24	
61,285	-0,25	
61,29	-0,26	
61,295	-0,27	
61,3	-0,28	
61,305	-0,29	
61,31	-0,31	
61,315	-0,31	
61,32	-0,32	
61,325	-0,33	
61,33	-0,33	
61,335	-0,34	
61,34	-0,34	
61,345	-0,35	
61,35	-0,36	
61,355	-0,36	
61,36	-0,37	
61,365	-0,38	
61,37	-0,38	
61,375	-0,39	
61,38	-0,39	
61,385	-0,39	
61,39	-0,39	
61,395	-0,4	
61,4	-0,4	
61,405	-0,41	
61,41	-0,41	
61,415	-0,41	
61,42	-0,42	
61,425	-0,42	
61,43	-0,42	
61,435	-0,42	
61,44	-0,42	
61,445	-0,43	
61,45	-0,43	
61,455	-0,43	
61,46	-0,43	
61,465	-0,43	
61,47	-0,43	
61,475	-0,42	
61,48	-0,42	
61,485	-0,42	
61,49	-0,42	
61,495	-0,42	
61,5	-0,42	
61,505	-0,41	
61,51	-0,41	
61,515	-0,41	
61,52	-0,41	
61,525	-0,41	
61,53	-0,4	
61,535	-0,4	
61,54	-0,4	
61,545	-0,39	
61,55	-0,39	
61,555	-0,38	
61,56	-0,38	
61,565	-0,37	
61,57	-0,36	
61,575	-0,36	
61,58	-0,36	
61,585	-0,35	
61,59	-0,34	
61,595	-0,34	
61,6	-0,33	
61,605	-0,32	
61,61	-0,31	
61,615	-0,3	
61,62	-0,3	
61,625	-0,29	
61,63	-0,28	
61,635	-0,28	
61,64	-0,27	
61,645	-0,26	
61,65	-0,25	
61,655	-0,24	
61,66	-0,23	
61,665	-0,23	
61,67	-0,22	
61,675	-0,21	
61,68	-0,2	
61,685	-0,19	
61,69	-0,18	
61,695	-0,17	
61,7	-0,16	
61,705	-0,15	
61,71	-0,15	
61,715	-0,14	
61,72	-0,13	
61,725	-0,12	
61,73	-0,1	
61,735	-0,1	
61,74	-0,08	
61,745	-0,07	
61,75	-0,06	
61,755	-0,06	
61,76	-0,05	
61,765	-0,04	
61,77	-0,03	
61,775	-0,02	
61,78	-0,01	
61,785	0	
61,79	0,01	
61,795	0,02	
61,8	0,03	
61,805	0,03	
61,81	0,04	
61,815	0,05	
61,82	0,06	
61,825	0,08	
61,83	0,09	
61,835	0,1	
61,84	0,1	
61,845	0,11	
61,85	0,12	
61,855	0,12	
61,86	0,14	
61,865	0,14	
61,87	0,16	
61,875	0,16	
61,88	0,17	
61,885	0,18	
61,89	0,18	
61,895	0,19	
61,9	0,2	
61,905	0,21	
61,91	0,21	
61,915	0,22	
61,92	0,23	
61,925	0,23	
61,93	0,24	
61,935	0,24	
61,94	0,25	
61,945	0,25	
61,95	0,26	
61,955	0,27	
61,96	0,27	
61,965	0,28	
61,97	0,28	
61,975	0,29	
61,98	0,29	
61,985	0,3	
61,99	0,3	
61,995	0,3	
62,0	0,3	
62,005	0,31	
62,01	0,31	
62,015	0,31	
62,02	0,32	
62,025	0,32	
62,03	0,32	
62,035	0,32	
62,04	0,33	
62,045	0,33	
62,05	0,33	
62,055	0,33	
62,06	0,33	
62,065	0,33	
62,07	0,32	
62,075	0,32	
62,08	0,32	
62,085	0,33	
62,09	0,33	
62,095	0,33	
62,1	0,33	
62,105	0,32	
62,11	0,32	
62,115	0,32	
62,12	0,31	
62,125	0,31	
62,13	0,31	
62,135	0,31	
62,14	0,31	
62,145	0,31	
62,15	0,3	
62,155	0,3	
62,16	0,29	
62,165	0,29	
62,17	0,29	
62,175	0,28	
62,18	0,28	
62,185	0,28	
62,19	0,28	
62,195	0,27	
62,2	0,27	
62,205	0,26	
62,21	0,26	
62,215	0,25	
62,22	0,25	
62,225	0,24	
62,23	0,24	
62,235	0,23	
62,24	0,22	
62,245	0,21	
62,25	0,21	
62,255	0,2	
62,26	0,2	
62,265	0,19	
62,27	0,19	
62,275	0,18	
62,28	0,18	
62,285	0,17	
62,29	0,16	
62,295	0,15	
62,3	0,15	
62,305	0,14	
62,31	0,13	
62,315	0,13	
62,32	0,12	
62,325	0,11	
62,33	0,11	
62,335	0,1	
62,34	0,09	
62,345	0,09	
62,35	0,08	
62,355	0,07	
62,36	0,06	
62,365	0,06	
62,37	0,05	
62,375	0,04	
62,38	0,03	
62,385	0,02	
62,39	0,02	
62,395	0,01	
62,4	0,01	
62,405	0	
62,41	-0,01	
62,415	-0,02	
62,42	-0,03	
62,425	-0,03	
62,43	-0,04	
62,435	-0,04	
62,44	-0,05	
62,445	-0,05	
62,45	-0,06	
62,455	-0,06	
62,46	-0,07	
62,465	-0,08	
62,47	-0,08	
62,475	-0,09	
62,48	-0,09	
62,485	-0,1	
62,49	-0,1	
62,495	-0,11	
62,5	-0,11	
62,505	-0,11	
62,51	-0,12	
62,515	-0,12	
62,52	-0,13	
62,525	-0,13	
62,53	-0,14	
62,535	-0,14	
62,54	-0,15	
62,545	-0,16	
62,55	-0,16	
62,555	-0,17	
62,56	-0,17	
62,565	-0,17	
62,57	-0,17	
62,575	-0,18	
62,58	-0,18	
62,585	-0,18	
62,59	-0,18	
62,595	-0,19	
62,6	-0,19	
62,605	-0,2	
62,61	-0,2	
62,615	-0,2	
62,62	-0,2	
62,625	-0,2	
62,63	-0,2	
62,635	-0,2	
62,64	-0,2	
62,645	-0,21	
62,65	-0,21	
62,655	-0,21	
62,66	-0,21	
62,665	-0,21	
62,67	-0,21	
62,675	-0,21	
62,68	-0,21	
62,685	-0,21	
62,69	-0,21	
62,695	-0,21	
62,7	-0,21	
62,705	-0,21	
62,71	-0,21	
62,715	-0,2	
62,72	-0,2	
62,725	-0,2	
62,73	-0,2	
62,735	-0,2	
62,74	-0,2	
62,745	-0,2	
62,75	-0,2	
62,755	-0,19	
62,76	-0,19	
62,765	-0,19	
62,77	-0,19	
62,775	-0,19	
62,78	-0,18	
62,785	-0,18	
62,79	-0,18	
62,795	-0,18	
62,8	-0,17	
62,805	-0,17	
62,81	-0,17	
62,815	-0,16	
62,82	-0,16	
62,825	-0,16	
62,83	-0,16	
62,835	-0,16	
62,84	-0,15	
62,845	-0,14	
62,85	-0,14	
62,855	-0,14	
62,86	-0,13	
62,865	-0,13	
62,87	-0,13	
62,875	-0,13	
62,88	-0,13	
62,885	-0,12	
62,89	-0,11	
62,895	-0,11	
62,9	-0,1	
62,905	-0,09	
62,91	-0,1	
62,915	-0,09	
62,92	-0,09	
62,925	-0,09	
62,93	-0,08	
62,935	-0,08	
62,94	-0,08	
62,945	-0,07	
62,95	-0,07	
62,955	-0,07	
62,96	-0,06	
62,965	-0,06	
62,97	-0,05	
62,975	-0,05	
62,98	-0,04	
62,985	-0,04	
62,99	-0,04	
62,995	-0,03	
63,0	-0,03	
63,005	-0,02	
63,01	-0,02	
63,015	-0,02	
63,02	-0,01	
63,025	-0,01	
63,03	-0,01	
63,035	-0,01	
63,04	0	
63,045	0	
63,05	0	
63,055	0,01	
63,06	0,01	
63,065	0,02	
63,07	0,02	
63,075	0,02	
63,08	0,02	
63,085	0,02	
63,09	0,03	
63,095	0,03	
63,1	0,03	
63,105	0,04	
63,11	0,04	
63,115	0,04	
63,12	0,04	
63,125	0,04	
63,13	0,04	
63,135	0,05	
63,14	0,05	
63,145	0,05	
63,15	0,06	
63,155	0,06	
63,16	0,06	
63,165	0,06	
63,17	0,06	
63,175	0,06	
63,18	0,06	
63,185	0,06	
63,19	0,07	
63,195	0,07	
63,2	0,07	
63,205	0,07	
63,21	0,07	
63,215	0,07	
63,22	0,07	
63,225	0,07	
63,23	0,07	
63,235	0,08	
63,24	0,08	
63,245	0,08	
63,25	0,08	
63,255	0,08	
63,26	0,07	
63,265	0,07	
63,27	0,07	
63,275	0,08	
63,28	0,08	
63,285	0,08	
63,29	0,08	
63,295	0,08	
63,3	0,07	
63,305	0,07	
63,31	0,07	
63,315	0,07	
63,32	0,07	
63,325	0,07	
63,33	0,07	
63,335	0,07	
63,34	0,07	
63,345	0,07	
63,35	0,07	
63,355	0,07	
63,36	0,07	
63,365	0,07	
63,37	0,07	
63,375	0,07	
63,38	0,07	
63,385	0,07	
63,39	0,07	
63,395	0,07	
63,4	0,06	
63,405	0,07	
63,41	0,07	
63,415	0,06	
63,42	0,06	
63,425	0,06	
63,43	0,06	
63,435	0,05	
63,44	0,05	
63,445	0,05	
63,45	0,06	
63,455	0,06	
63,46	0,06	
63,465	0,05	
63,47	0,05	
63,475	0,05	
63,48	0,04	
63,485	0,04	
63,49	0,04	
63,495	0,05	
63,5	0,05	
63,505	0,05	
63,51	0,06	
63,515	0,05	
63,52	0,04	
63,525	0,04	
63,53	0,04	
63,535	0,03	
63,54	0,04	
63,545	0,05	
63,55	0,05	
63,555	0,05	
63,56	0,04	
63,565	0,03	
63,57	0,02	
63,575	0,02	
63,58	0,02	
63,585	0,03	
63,59	0,04	
63,595	0,04	
63,6	0,05	
63,605	0,04	
63,61	0,03	
63,615	0,02	
63,62	0,02	
63,625	0,02	
63,63	0,03	
63,635	0,04	
63,64	0,04	
63,645	0,04	
63,65	0,04	
63,655	0,03	
63,66	0,02	
63,665	0,02	
63,67	0,02	
63,675	0,02	
63,68	0,04	
63,685	0,04	
63,69	0,05	
63,695	0,04	
63,7	0,04	
63,705	0,03	
63,71	0,03	
63,715	0,03	
63,72	0,03	
63,725	0,04	
63,73	0,05	
63,735	0,05	
63,74	0,04	
63,745	0,04	
63,75	0,03	
63,755	0,03	
63,76	0,03	
63,765	0,04	
63,77	0,05	
63,775	0,06	
63,78	0,06	
63,785	0,05	
63,79	0,05	
63,795	0,04	
63,8	0,04	
63,805	0,04	
63,81	0,05	
63,815	0,06	
63,82	0,06	
63,825	0,05	
63,83	0,05	
63,835	0,04	
63,84	0,03	
63,845	0,04	
63,85	0,05	
63,855	0,06	
63,86	0,07	
63,865	0,08	
63,87	0,07	
63,875	0,06	
63,88	0,04	
63,885	0,04	
63,89	0,04	
63,895	0,04	
63,9	0,06	
63,905	0,08	
63,91	0,08	
63,915	0,08	
63,92	0,07	
63,925	0,05	
63,93	0,05	
63,935	0,04	
63,94	0,05	
63,945	0,06	
63,95	0,07	
63,955	0,08	
63,96	0,08	
63,965	0,07	
63,97	0,06	
63,975	0,05	
63,98	0,05	
63,985	0,05	
63,99	0,05	
63,995	0,06	
64,0	0,06	
64,005	0,06	
64,01	0,06	
64,015	0,05	
64,02	0,04	
64,025	0,05	
64,03	0,05	
64,035	0,05	
64,04	0,06	
64,045	0,06	
64,05	0,06	
64,055	0,05	
64,06	0,04	
64,065	0,03	
64,07	0,03	
64,075	0,03	
64,08	0,04	
64,085	0,05	
64,09	0,05	
64,095	0,05	
64,1	0,04	
64,105	0,03	
64,11	0,02	
64,115	0,01	
64,12	0,01	
64,125	0,02	
64,13	0,02	
64,135	0,03	
64,14	0,02	
64,145	0,02	
64,15	0,01	
64,155	0	
64,16	-0,01	
64,165	0	
64,17	0	
64,175	0,01	
64,18	0,01	
64,185	0	
64,19	-0,01	
64,195	-0,02	
64,2	-0,02	
64,205	-0,03	
64,21	-0,03	
64,215	-0,03	
64,22	-0,03	
64,225	-0,03	
64,23	-0,03	
64,235	-0,04	
64,24	-0,05	
64,245	-0,05	
64,25	-0,06	
64,255	-0,06	
64,26	-0,05	
64,265	-0,05	
64,27	-0,05	
64,275	-0,06	
64,28	-0,07	
64,285	-0,08	
64,29	-0,08	
64,295	-0,09	
64,3	-0,09	
64,305	-0,08	
64,31	-0,08	
64,315	-0,09	
64,32	-0,09	
64,325	-0,1	
64,33	-0,1	
64,335	-0,11	
64,34	-0,11	
64,345	-0,12	
64,35	-0,12	
64,355	-0,12	
64,36	-0,12	
64,365	-0,13	
64,37	-0,13	
64,375	-0,13	
64,38	-0,14	
64,385	-0,14	
64,39	-0,15	
64,395	-0,14	
64,4	-0,14	
64,405	-0,15	
64,41	-0,15	
64,415	-0,15	
64,42	-0,16	
64,425	-0,17	
64,43	-0,17	
64,435	-0,17	
64,44	-0,17	
64,445	-0,17	
64,45	-0,17	
64,455	-0,17	
64,46	-0,17	
64,465	-0,18	
64,47	-0,18	
64,475	-0,19	
64,48	-0,19	
64,485	-0,19	
64,49	-0,18	
64,495	-0,19	
64,5	-0,19	
64,505	-0,19	
64,51	-0,19	
64,515	-0,19	
64,52	-0,2	
64,525	-0,2	
64,53	-0,19	
64,535	-0,19	
64,54	-0,19	
64,545	-0,19	
64,55	-0,19	
64,555	-0,19	
64,56	-0,19	
64,565	-0,19	
64,57	-0,19	
64,575	-0,19	
64,58	-0,19	
64,585	-0,18	
64,59	-0,18	
64,595	-0,18	
64,6	-0,18	
64,605	-0,18	
64,61	-0,18	
64,615	-0,18	
64,62	-0,17	
64,625	-0,17	
64,63	-0,17	
64,635	-0,16	
64,64	-0,16	
64,645	-0,16	
64,65	-0,16	
64,655	-0,15	
64,66	-0,15	
64,665	-0,15	
64,67	-0,15	
64,675	-0,14	
64,68	-0,14	
64,685	-0,13	
64,69	-0,13	
64,695	-0,12	
64,7	-0,12	
64,705	-0,12	
64,71	-0,11	
64,715	-0,11	
64,72	-0,1	
64,725	-0,1	
64,73	-0,09	
64,735	-0,09	
64,74	-0,08	
64,745	-0,08	
64,75	-0,08	
64,755	-0,07	
64,76	-0,06	
64,765	-0,06	
64,77	-0,05	
64,775	-0,04	
64,78	-0,04	
64,785	-0,03	
64,79	-0,03	
64,795	-0,02	
64,8	-0,02	
64,805	-0,01	
64,81	0	
64,815	0,01	
64,82	0,01	
64,825	0,02	
64,83	0,02	
64,835	0,02	
64,84	0,03	
64,845	0,03	
64,85	0,04	
64,855	0,05	
64,86	0,06	
64,865	0,07	
64,87	0,08	
64,875	0,08	
64,88	0,09	
64,885	0,09	
64,89	0,1	
64,895	0,1	
64,9	0,11	
64,905	0,12	
64,91	0,13	
64,915	0,13	
64,92	0,14	
64,925	0,15	
64,93	0,15	
64,935	0,15	
64,94	0,16	
64,945	0,17	
64,95	0,18	
64,955	0,18	
64,96	0,19	
64,965	0,2	
64,97	0,2	
64,975	0,2	
64,98	0,2	
64,985	0,21	
64,99	0,21	
64,995	0,22	
65,0	0,23	
65,005	0,24	
65,01	0,24	
65,015	0,25	
65,02	0,25	
65,025	0,25	
65,03	0,25	
65,035	0,26	
65,04	0,26	
65,045	0,28	
65,05	0,28	
65,055	0,28	
65,06	0,28	
65,065	0,28	
65,07	0,28	
65,075	0,29	
65,08	0,29	
65,085	0,3	
65,09	0,3	
65,095	0,3	
65,1	0,3	
65,105	0,3	
65,11	0,3	
65,115	0,3	
65,12	0,3	
65,125	0,3	
65,13	0,31	
65,135	0,31	
65,14	0,31	
65,145	0,31	
65,15	0,31	
65,155	0,3	
65,16	0,3	
65,165	0,3	
65,17	0,3	
65,175	0,3	
65,18	0,31	
65,185	0,31	
65,19	0,31	
65,195	0,3	
65,2	0,29	
65,205	0,29	
65,21	0,29	
65,215	0,29	
65,22	0,29	
65,225	0,29	
65,23	0,28	
65,235	0,28	
65,24	0,27	
65,245	0,27	
65,25	0,26	
65,255	0,25	
65,26	0,25	
65,265	0,25	
65,27	0,25	
65,275	0,25	
65,28	0,24	
65,285	0,23	
65,29	0,22	
65,295	0,22	
65,3	0,21	
65,305	0,2	
65,31	0,2	
65,315	0,19	
65,32	0,19	
65,325	0,18	
65,33	0,17	
65,335	0,17	
65,34	0,15	
65,345	0,15	
65,35	0,14	
65,355	0,14	
65,36	0,13	
65,365	0,13	
65,37	0,12	
65,375	0,11	
65,38	0,1	
65,385	0,09	
65,39	0,08	
65,395	0,07	
65,4	0,06	
65,405	0,06	
65,41	0,05	
65,415	0,04	
65,42	0,03	
65,425	0,02	
65,43	0	
65,435	-0,01	
65,44	-0,01	
65,445	-0,02	
65,45	-0,03	
65,455	-0,03	
65,46	-0,04	
65,465	-0,05	
65,47	-0,06	
65,475	-0,08	
65,48	-0,09	
65,485	-0,1	
65,49	-0,1	
65,495	-0,11	
65,5	-0,11	
65,505	-0,12	
65,51	-0,13	
65,515	-0,15	
65,52	-0,16	
65,525	-0,17	
65,53	-0,17	
65,535	-0,18	
65,54	-0,19	
65,545	-0,2	
65,55	-0,21	
65,555	-0,22	
65,56	-0,23	
65,565	-0,24	
65,57	-0,24	
65,575	-0,25	
65,58	-0,26	
65,585	-0,26	
65,59	-0,27	
65,595	-0,27	
65,6	-0,28	
65,605	-0,29	
65,61	-0,3	
65,615	-0,31	
65,62	-0,32	
65,625	-0,32	
65,63	-0,32	
65,635	-0,33	
65,64	-0,33	
65,645	-0,34	
65,65	-0,35	
65,655	-0,36	
65,66	-0,37	
65,665	-0,37	
65,67	-0,38	
65,675	-0,38	
65,68	-0,38	
65,685	-0,38	
65,69	-0,39	
65,695	-0,39	
65,7	-0,39	
65,705	-0,39	
65,71	-0,4	
65,715	-0,4	
65,72	-0,4	
65,725	-0,4	
65,73	-0,4	
65,735	-0,4	
65,74	-0,4	
65,745	-0,41	
65,75	-0,41	
65,755	-0,41	
65,76	-0,41	
65,765	-0,41	
65,77	-0,4	
65,775	-0,4	
65,78	-0,4	
65,785	-0,4	
65,79	-0,4	
65,795	-0,4	
65,8	-0,4	
65,805	-0,4	
65,81	-0,39	
65,815	-0,39	
65,82	-0,38	
65,825	-0,38	
65,83	-0,38	
65,835	-0,38	
65,84	-0,38	
65,845	-0,37	
65,85	-0,37	
65,855	-0,36	
65,86	-0,35	
65,865	-0,34	
65,87	-0,34	
65,875	-0,33	
65,88	-0,33	
65,885	-0,32	
65,89	-0,32	
65,895	-0,31	
65,9	-0,31	
65,905	-0,29	
65,91	-0,28	
65,915	-0,28	
65,92	-0,27	
65,925	-0,26	
65,93	-0,26	
65,935	-0,25	
65,94	-0,24	
65,945	-0,23	
65,95	-0,22	
65,955	-0,21	
65,96	-0,2	
65,965	-0,19	
65,97	-0,18	
65,975	-0,17	
65,98	-0,16	
65,985	-0,15	
65,99	-0,14	
65,995	-0,13	
66,0	-0,12	
66,005	-0,11	
66,01	-0,1	
66,015	-0,09	
66,02	-0,08	
66,025	-0,07	
66,03	-0,05	
66,035	-0,04	
66,04	-0,03	
66,045	-0,02	
66,05	-0,01	
66,055	0	
66,06	0,01	
66,065	0,03	
66,07	0,04	
66,075	0,05	
66,08	0,06	
66,085	0,07	
66,09	0,09	
66,095	0,1	
66,1	0,11	
66,105	0,12	
66,11	0,13	
66,115	0,14	
66,12	0,15	
66,125	0,16	
66,13	0,17	
66,135	0,19	
66,14	0,2	
66,145	0,21	
66,15	0,22	
66,155	0,23	
66,16	0,24	
66,165	0,25	
66,17	0,26	
66,175	0,27	
66,18	0,28	
66,185	0,29	
66,19	0,3	
66,195	0,3	
66,2	0,31	
66,205	0,32	
66,21	0,34	
66,215	0,34	
66,22	0,35	
66,225	0,37	
66,23	0,37	
66,235	0,38	
66,24	0,39	
66,245	0,39	
66,25	0,39	
66,255	0,4	
66,26	0,41	
66,265	0,41	
66,27	0,42	
66,275	0,43	
66,28	0,43	
66,285	0,44	
66,29	0,44	
66,295	0,45	
66,3	0,45	
66,305	0,46	
66,31	0,46	
66,315	0,47	
66,32	0,47	
66,325	0,47	
66,33	0,47	
66,335	0,47	
66,34	0,48	
66,345	0,48	
66,35	0,48	
66,355	0,48	
66,36	0,48	
66,365	0,48	
66,37	0,48	
66,375	0,48	
66,38	0,48	
66,385	0,48	
66,39	0,48	
66,395	0,48	
66,4	0,48	
66,405	0,48	
66,41	0,47	
66,415	0,47	
66,42	0,47	
66,425	0,46	
66,43	0,46	
66,435	0,45	
66,44	0,45	
66,445	0,45	
66,45	0,44	
66,455	0,43	
66,46	0,43	
66,465	0,42	
66,47	0,42	
66,475	0,41	
66,48	0,4	
66,485	0,4	
66,49	0,39	
66,495	0,39	
66,5	0,37	
66,505	0,36	
66,51	0,36	
66,515	0,35	
66,52	0,34	
66,525	0,33	
66,53	0,32	
66,535	0,31	
66,54	0,31	
66,545	0,29	
66,55	0,28	
66,555	0,28	
66,56	0,26	
66,565	0,25	
66,57	0,25	
66,575	0,24	
66,58	0,22	
66,585	0,21	
66,59	0,2	
66,595	0,18	
66,6	0,17	
66,605	0,16	
66,61	0,15	
66,615	0,14	
66,62	0,13	
66,625	0,12	
66,63	0,1	
66,635	0,09	
66,64	0,07	
66,645	0,06	
66,65	0,05	
66,655	0,04	
66,66	0,02	
66,665	0,01	
66,67	-0,01	
66,675	-0,02	
66,68	-0,03	
66,685	-0,04	
66,69	-0,05	
66,695	-0,07	
66,7	-0,08	
66,705	-0,09	
66,71	-0,11	
66,715	-0,12	
66,72	-0,13	
66,725	-0,15	
66,73	-0,15	
66,735	-0,17	
66,74	-0,18	
66,745	-0,19	
66,75	-0,2	
66,755	-0,22	
66,76	-0,23	
66,765	-0,24	
66,77	-0,26	
66,775	-0,26	
66,78	-0,27	
66,785	-0,29	
66,79	-0,3	
66,795	-0,31	
66,8	-0,32	
66,805	-0,33	
66,81	-0,34	
66,815	-0,34	
66,82	-0,36	
66,825	-0,36	
66,83	-0,37	
66,835	-0,38	
66,84	-0,4	
66,845	-0,41	
66,85	-0,42	
66,855	-0,43	
66,86	-0,43	
66,865	-0,44	
66,87	-0,45	
66,875	-0,45	
66,88	-0,46	
66,885	-0,46	
66,89	-0,47	
66,895	-0,48	
66,9	-0,48	
66,905	-0,49	
66,91	-0,5	
66,915	-0,5	
66,92	-0,5	
66,925	-0,51	
66,93	-0,51	
66,935	-0,52	
66,94	-0,52	
66,945	-0,52	
66,95	-0,52	
66,955	-0,52	
66,96	-0,52	
66,965	-0,52	
66,97	-0,52	
66,975	-0,53	
66,98	-0,53	
66,985	-0,52	
66,99	-0,53	
66,995	-0,53	
67,0	-0,53	
67,005	-0,53	
67,01	-0,52	
67,015	-0,52	
67,02	-0,51	
67,025	-0,51	
67,03	-0,51	
67,035	-0,51	
67,04	-0,5	
67,045	-0,5	
67,05	-0,5	
67,055	-0,49	
67,06	-0,49	
67,065	-0,48	
67,07	-0,48	
67,075	-0,47	
67,08	-0,46	
67,085	-0,45	
67,09	-0,44	
67,095	-0,44	
67,1	-0,43	
67,105	-0,42	
67,11	-0,41	
67,115	-0,41	
67,12	-0,4	
67,125	-0,39	
67,13	-0,38	
67,135	-0,37	
67,14	-0,36	
67,145	-0,35	
67,15	-0,34	
67,155	-0,33	
67,16	-0,32	
67,165	-0,32	
67,17	-0,31	
67,175	-0,29	
67,18	-0,28	
67,185	-0,26	
67,19	-0,25	
67,195	-0,24	
67,2	-0,22	
67,205	-0,21	
67,21	-0,2	
67,215	-0,19	
67,22	-0,18	
67,225	-0,16	
67,23	-0,15	
67,235	-0,13	
67,24	-0,12	
67,245	-0,11	
67,25	-0,1	
67,255	-0,08	
67,26	-0,07	
67,265	-0,06	
67,27	-0,05	
67,275	-0,03	
67,28	-0,01	
67,285	0	
67,29	0,01	
67,295	0,03	
67,3	0,04	
67,305	0,05	
67,31	0,07	
67,315	0,08	
67,32	0,1	
67,325	0,11	
